plot	other_notes	subplot	flowering	plant	date	rosettes	r1_longest	r1_leaves	r2_longest	r2_leaves	r3_longest	r3_leaves	r4_longest	r4_leaves	r5_longest	r5_leaves	r6_longest	r6_leaves	r7_longest	r7_leaves	r8_longest	r8_leaves	r9_longest	r9_leaves	r10_longest	r10_leaves	plotid	year	notes	n_rosettes	water	water4	sun_time	sun_date	warm_time	warm_date	snow	melt_date	snow_new	melt_time	melt_date_normal_mean	melt_offset
6	NA	C	y	78	2018-06-13T00:00:00Z	one_or_more	36	50	NA	NA	NA	NA	NA	NA	NA	NA	NA	NA	NA	NA	NA	NA	NA	NA	NA	NA	6C	2018	blank	1	Control	Mock rainout	2018-04-30T15:00:00Z	120	2018-04-30T19:00:00Z	120	Normal	120	normal	2018-04-30T18:00:00Z	120	0
6	NA	C	n	79	2018-06-13T00:00:00Z	one_or_more	40	19	36	15	NA	NA	NA	NA	NA	NA	NA	NA	NA	NA	NA	NA	NA	NA	NA	NA	6C	2018	blank	2	Control	Mock rainout	2018-04-30T15:00:00Z	120	2018-04-30T19:00:00Z	120	Normal	120	normal	2018-04-30T18:00:00Z	120	0
6	NA	C	n	80	2018-06-13T00:00:00Z	one_or_more	36	25	NA	NA	NA	NA	NA	NA	NA	NA	NA	NA	NA	NA	NA	NA	NA	NA	NA	NA	6C	2018	blank	1	Control	Mock rainout	2018-04-30T15:00:00Z	120	2018-04-30T19:00:00Z	120	Normal	120	normal	2018-04-30T18:00:00Z	120	0
6	NA	C	n	81	2018-06-13T00:00:00Z	one_or_more	29	19	30	13	41	19	NA	NA	NA	NA	NA	NA	NA	NA	NA	NA	NA	NA	NA	NA	6C	2018	blank	3	Control	Mock rainout	2018-04-30T15:00:00Z	120	2018-04-30T19:00:00Z	120	Normal	120	normal	2018-04-30T18:00:00Z	120	0
6	2 flowering stalks	C	y	82	2018-06-13T00:00:00Z	one_or_more	45	19	30	11	17	10	30	17	35	18	NA	NA	NA	NA	NA	NA	NA	NA	NA	NA	6C	2018	blank	5	Control	Mock rainout	2018-04-30T15:00:00Z	120	2018-04-30T19:00:00Z	120	Normal	120	normal	2018-04-30T18:00:00Z	120	0
6	could have 3 rosettes, plant is DR from tag	C	n	83	2018-06-13T00:00:00Z	one_or_more	53	37	31	14	NA	NA	NA	NA	NA	NA	NA	NA	NA	NA	NA	NA	NA	NA	NA	NA	6C	2018	blank	2	Control	Mock rainout	2018-04-30T15:00:00Z	120	2018-04-30T19:00:00Z	120	Normal	120	normal	2018-04-30T18:00:00Z	120	0
6	plant is UR from tag	C	n	84	2018-06-13T00:00:00Z	one_or_more	41	27	23	33	NA	NA	NA	NA	NA	NA	NA	NA	NA	NA	NA	NA	NA	NA	NA	NA	6C	2018	blank	2	Control	Mock rainout	2018-04-30T15:00:00Z	120	2018-04-30T19:00:00Z	120	Normal	120	normal	2018-04-30T18:00:00Z	120	0
6	plant is DR from tag	C	n	85	2018-06-13T00:00:00Z	one_or_more	30	13	36	12	NA	NA	NA	NA	NA	NA	NA	NA	NA	NA	NA	NA	NA	NA	NA	NA	6C	2018	blank	2	Control	Mock rainout	2018-04-30T15:00:00Z	120	2018-04-30T19:00:00Z	120	Normal	120	normal	2018-04-30T18:00:00Z	120	0
6	NA	C	n	86	2018-06-13T00:00:00Z	one_or_more	36	17	22	9	NA	NA	NA	NA	NA	NA	NA	NA	NA	NA	NA	NA	NA	NA	NA	NA	6C	2018	blank	2	Control	Mock rainout	2018-04-30T15:00:00Z	120	2018-04-30T19:00:00Z	120	Normal	120	normal	2018-04-30T18:00:00Z	120	0
6	3-4 flowering stalks	C	y	87	2018-06-13T00:00:00Z	one_or_more	23	9	26	16	22	20	27	18	24	18	25	17	NA	NA	NA	NA	NA	NA	NA	NA	6C	2018	blank	6	Control	Mock rainout	2018-04-30T15:00:00Z	120	2018-04-30T19:00:00Z	120	Normal	120	normal	2018-04-30T18:00:00Z	120	0
6	eaten-no plant	C	n	88	2018-06-13T00:00:00Z	blank	NA	NA	NA	NA	NA	NA	NA	NA	NA	NA	NA	NA	NA	NA	NA	NA	NA	NA	NA	NA	6C	2018	chewed	NA	Control	Mock rainout	2018-04-30T15:00:00Z	120	2018-04-30T19:00:00Z	120	Normal	120	normal	2018-04-30T18:00:00Z	120	0
6	could be 2 rosettes-check	C	y	89	2018-06-13T00:00:00Z	one_or_more	33	19	NA	NA	NA	NA	NA	NA	NA	NA	NA	NA	NA	NA	NA	NA	NA	NA	NA	NA	6C	2018	blank	1	Control	Mock rainout	2018-04-30T15:00:00Z	120	2018-04-30T19:00:00Z	120	Normal	120	normal	2018-04-30T18:00:00Z	120	0
6	plant is R from tag	C	n	90	2018-06-13T00:00:00Z	one_or_more	59	20	45	17	35	12	NA	NA	NA	NA	NA	NA	NA	NA	NA	NA	NA	NA	NA	NA	6C	2018	blank	3	Control	Mock rainout	2018-04-30T15:00:00Z	120	2018-04-30T19:00:00Z	120	Normal	120	normal	2018-04-30T18:00:00Z	120	0
6	plant is DR from tag	C	n	91	2018-06-13T00:00:00Z	one_or_more	39	20	NA	NA	NA	NA	NA	NA	NA	NA	NA	NA	NA	NA	NA	NA	NA	NA	NA	NA	6C	2018	blank	1	Control	Mock rainout	2018-04-30T15:00:00Z	120	2018-04-30T19:00:00Z	120	Normal	120	normal	2018-04-30T18:00:00Z	120	0
6	NA	C	n	92	2018-06-13T00:00:00Z	one_or_more	45	18	NA	NA	NA	NA	NA	NA	NA	NA	NA	NA	NA	NA	NA	NA	NA	NA	NA	NA	6C	2018	blank	1	Control	Mock rainout	2018-04-30T15:00:00Z	120	2018-04-30T19:00:00Z	120	Normal	120	normal	2018-04-30T18:00:00Z	120	0
6	NA	C	n	93	2018-06-13T00:00:00Z	one_or_more	39	25	NA	NA	NA	NA	NA	NA	NA	NA	NA	NA	NA	NA	NA	NA	NA	NA	NA	NA	6C	2018	blank	1	Control	Mock rainout	2018-04-30T15:00:00Z	120	2018-04-30T19:00:00Z	120	Normal	120	normal	2018-04-30T18:00:00Z	120	0
6	plant measured is closest to tag on L	C	n	94	2018-06-13T00:00:00Z	one_or_more	34	17	NA	NA	NA	NA	NA	NA	NA	NA	NA	NA	NA	NA	NA	NA	NA	NA	NA	NA	6C	2018	blank	1	Control	Mock rainout	2018-04-30T15:00:00Z	120	2018-04-30T19:00:00Z	120	Normal	120	normal	2018-04-30T18:00:00Z	120	0
6	plant L of tag	C	n	95	2018-06-13T00:00:00Z	one_or_more	28	10	41	7	41	10	42	17	NA	NA	NA	NA	NA	NA	NA	NA	NA	NA	NA	NA	6C	2018	blank	4	Control	Mock rainout	2018-04-30T15:00:00Z	120	2018-04-30T19:00:00Z	120	Normal	120	normal	2018-04-30T18:00:00Z	120	0
6	NA	C	n	96	2018-06-13T00:00:00Z	one_or_more	NA	NA	NA	NA	NA	NA	NA	NA	NA	NA	NA	NA	NA	NA	NA	NA	NA	NA	NA	NA	6C	2018	blank	NA	Control	Mock rainout	2018-04-30T15:00:00Z	120	2018-04-30T19:00:00Z	120	Normal	120	normal	2018-04-30T18:00:00Z	120	0
6	NA	C	n	97	2018-06-13T00:00:00Z	one_or_more	NA	NA	NA	NA	NA	NA	NA	NA	NA	NA	NA	NA	NA	NA	NA	NA	NA	NA	NA	NA	6C	2018	blank	NA	Control	Mock rainout	2018-04-30T15:00:00Z	120	2018-04-30T19:00:00Z	120	Normal	120	normal	2018-04-30T18:00:00Z	120	0
6	NA	C	n	98	2018-06-13T00:00:00Z	one_or_more	51	26	NA	NA	NA	NA	NA	NA	NA	NA	NA	NA	NA	NA	NA	NA	NA	NA	NA	NA	6C	2018	blank	1	Control	Mock rainout	2018-04-30T15:00:00Z	120	2018-04-30T19:00:00Z	120	Normal	120	normal	2018-04-30T18:00:00Z	120	0
6	NA	C	n	99	2018-06-13T00:00:00Z	one_or_more	33	21	NA	NA	NA	NA	NA	NA	NA	NA	NA	NA	NA	NA	NA	NA	NA	NA	NA	NA	6C	2018	blank	1	Control	Mock rainout	2018-04-30T15:00:00Z	120	2018-04-30T19:00:00Z	120	Normal	120	normal	2018-04-30T18:00:00Z	120	0
6	NA	C	n	100	2018-06-13T00:00:00Z	one_or_more	36	29	NA	NA	NA	NA	NA	NA	NA	NA	NA	NA	NA	NA	NA	NA	NA	NA	NA	NA	6C	2018	blank	1	Control	Mock rainout	2018-04-30T15:00:00Z	120	2018-04-30T19:00:00Z	120	Normal	120	normal	2018-04-30T18:00:00Z	120	0
6	NA	C	n	101	2018-06-13T00:00:00Z	one_or_more	22	28	NA	NA	NA	NA	NA	NA	NA	NA	NA	NA	NA	NA	NA	NA	NA	NA	NA	NA	6C	2018	blank	1	Control	Mock rainout	2018-04-30T15:00:00Z	120	2018-04-30T19:00:00Z	120	Normal	120	normal	2018-04-30T18:00:00Z	120	0
6	flowering stalk eaten	C	n	102	2018-06-13T00:00:00Z	one_or_more	25	14	NA	NA	NA	NA	NA	NA	NA	NA	NA	NA	NA	NA	NA	NA	NA	NA	NA	NA	6C	2018	chewed	1	Control	Mock rainout	2018-04-30T15:00:00Z	120	2018-04-30T19:00:00Z	120	Normal	120	normal	2018-04-30T18:00:00Z	120	0
6	NA	C	y	103	2018-06-13T00:00:00Z	one_or_more	30	52	NA	NA	NA	NA	NA	NA	NA	NA	NA	NA	NA	NA	NA	NA	NA	NA	NA	NA	6C	2018	blank	1	Control	Mock rainout	2018-04-30T15:00:00Z	120	2018-04-30T19:00:00Z	120	Normal	120	normal	2018-04-30T18:00:00Z	120	0
6	NA	C	n	104	2018-06-13T00:00:00Z	one_or_more	20	18	NA	NA	NA	NA	NA	NA	NA	NA	NA	NA	NA	NA	NA	NA	NA	NA	NA	NA	6C	2018	blank	1	Control	Mock rainout	2018-04-30T15:00:00Z	120	2018-04-30T19:00:00Z	120	Normal	120	normal	2018-04-30T18:00:00Z	120	0
6	NA	C	n	105	2018-06-13T00:00:00Z	one_or_more	36	38	NA	NA	NA	NA	NA	NA	NA	NA	NA	NA	NA	NA	NA	NA	NA	NA	NA	NA	6C	2018	blank	1	Control	Mock rainout	2018-04-30T15:00:00Z	120	2018-04-30T19:00:00Z	120	Normal	120	normal	2018-04-30T18:00:00Z	120	0
6	NA	C	y	106	2018-06-13T00:00:00Z	one_or_more	31	32	NA	NA	NA	NA	NA	NA	NA	NA	NA	NA	NA	NA	NA	NA	NA	NA	NA	NA	6C	2018	blank	1	Control	Mock rainout	2018-04-30T15:00:00Z	120	2018-04-30T19:00:00Z	120	Normal	120	normal	2018-04-30T18:00:00Z	120	0
6	NA	C	n	107	2018-06-13T00:00:00Z	one_or_more	27	25	NA	NA	NA	NA	NA	NA	NA	NA	NA	NA	NA	NA	NA	NA	NA	NA	NA	NA	6C	2018	blank	1	Control	Mock rainout	2018-04-30T15:00:00Z	120	2018-04-30T19:00:00Z	120	Normal	120	normal	2018-04-30T18:00:00Z	120	0
6	NA	C	n	108	2018-06-13T00:00:00Z	one_or_more	36	29	NA	NA	NA	NA	NA	NA	NA	NA	NA	NA	NA	NA	NA	NA	NA	NA	NA	NA	6C	2018	blank	1	Control	Mock rainout	2018-04-30T15:00:00Z	120	2018-04-30T19:00:00Z	120	Normal	120	normal	2018-04-30T18:00:00Z	120	0
6	NA	C	y	109	2018-06-13T00:00:00Z	one_or_more	23	41	NA	NA	NA	NA	NA	NA	NA	NA	NA	NA	NA	NA	NA	NA	NA	NA	NA	NA	6C	2018	blank	1	Control	Mock rainout	2018-04-30T15:00:00Z	120	2018-04-30T19:00:00Z	120	Normal	120	normal	2018-04-30T18:00:00Z	120	0
6	NA	C	n	110	2018-06-13T00:00:00Z	one_or_more	33	16	30	16	NA	NA	NA	NA	NA	NA	NA	NA	NA	NA	NA	NA	NA	NA	NA	NA	6C	2018	blank	2	Control	Mock rainout	2018-04-30T15:00:00Z	120	2018-04-30T19:00:00Z	120	Normal	120	normal	2018-04-30T18:00:00Z	120	0
6	NA	C	n	111	2018-06-13T00:00:00Z	one_or_more	33	27	NA	NA	NA	NA	NA	NA	NA	NA	NA	NA	NA	NA	NA	NA	NA	NA	NA	NA	6C	2018	blank	1	Control	Mock rainout	2018-04-30T15:00:00Z	120	2018-04-30T19:00:00Z	120	Normal	120	normal	2018-04-30T18:00:00Z	120	0
6	could be 2 rosettes-check	C	n	112	2018-06-13T00:00:00Z	one_or_more	43	35	NA	NA	NA	NA	NA	NA	NA	NA	NA	NA	NA	NA	NA	NA	NA	NA	NA	NA	6C	2018	blank	1	Control	Mock rainout	2018-04-30T15:00:00Z	120	2018-04-30T19:00:00Z	120	Normal	120	normal	2018-04-30T18:00:00Z	120	0
6	NA	C	n	113	2018-06-13T00:00:00Z	one_or_more	28	8	NA	NA	NA	NA	NA	NA	NA	NA	NA	NA	NA	NA	NA	NA	NA	NA	NA	NA	6C	2018	blank	1	Control	Mock rainout	2018-04-30T15:00:00Z	120	2018-04-30T19:00:00Z	120	Normal	120	normal	2018-04-30T18:00:00Z	120	0
6	NA	C	n	114	2018-06-13T00:00:00Z	one_or_more	24	12	NA	NA	NA	NA	NA	NA	NA	NA	NA	NA	NA	NA	NA	NA	NA	NA	NA	NA	6C	2018	blank	1	Control	Mock rainout	2018-04-30T15:00:00Z	120	2018-04-30T19:00:00Z	120	Normal	120	normal	2018-04-30T18:00:00Z	120	0
6	NA	C	n	115	2018-06-13T00:00:00Z	one_or_more	NA	NA	NA	NA	NA	NA	NA	NA	NA	NA	NA	NA	NA	NA	NA	NA	NA	NA	NA	NA	6C	2018	blank	NA	Control	Mock rainout	2018-04-30T15:00:00Z	120	2018-04-30T19:00:00Z	120	Normal	120	normal	2018-04-30T18:00:00Z	120	0
6	NA	C	n	116	2018-06-13T00:00:00Z	one_or_more	27	13	NA	NA	NA	NA	NA	NA	NA	NA	NA	NA	NA	NA	NA	NA	NA	NA	NA	NA	6C	2018	blank	1	Control	Mock rainout	2018-04-30T15:00:00Z	120	2018-04-30T19:00:00Z	120	Normal	120	normal	2018-04-30T18:00:00Z	120	0
6	NA	C	n	117	2018-06-13T00:00:00Z	one_or_more	NA	NA	NA	NA	NA	NA	NA	NA	NA	NA	NA	NA	NA	NA	NA	NA	NA	NA	NA	NA	6C	2018	blank	NA	Control	Mock rainout	2018-04-30T15:00:00Z	120	2018-04-30T19:00:00Z	120	Normal	120	normal	2018-04-30T18:00:00Z	120	0
6	NA	C	y	118	2018-06-13T00:00:00Z	one_or_more	31	33	NA	NA	NA	NA	NA	NA	NA	NA	NA	NA	NA	NA	NA	NA	NA	NA	NA	NA	6C	2018	blank	1	Control	Mock rainout	2018-04-30T15:00:00Z	120	2018-04-30T19:00:00Z	120	Normal	120	normal	2018-04-30T18:00:00Z	120	0
6	NA	C	n	119	2018-06-13T00:00:00Z	one_or_more	32	23	NA	NA	NA	NA	NA	NA	NA	NA	NA	NA	NA	NA	NA	NA	NA	NA	NA	NA	6C	2018	blank	1	Control	Mock rainout	2018-04-30T15:00:00Z	120	2018-04-30T19:00:00Z	120	Normal	120	normal	2018-04-30T18:00:00Z	120	0
6	NA	C	n	120	2018-06-13T00:00:00Z	one_or_more	29	19	NA	NA	NA	NA	NA	NA	NA	NA	NA	NA	NA	NA	NA	NA	NA	NA	NA	NA	6C	2018	blank	1	Control	Mock rainout	2018-04-30T15:00:00Z	120	2018-04-30T19:00:00Z	120	Normal	120	normal	2018-04-30T18:00:00Z	120	0
6	NA	C	n	121	2018-06-13T00:00:00Z	one_or_more	40	29	NA	NA	NA	NA	NA	NA	NA	NA	NA	NA	NA	NA	NA	NA	NA	NA	NA	NA	6C	2018	blank	1	Control	Mock rainout	2018-04-30T15:00:00Z	120	2018-04-30T19:00:00Z	120	Normal	120	normal	2018-04-30T18:00:00Z	120	0
6	NA	C	n	122	2018-06-13T00:00:00Z	one_or_more	19	17	NA	NA	NA	NA	NA	NA	NA	NA	NA	NA	NA	NA	NA	NA	NA	NA	NA	NA	6C	2018	blank	1	Control	Mock rainout	2018-04-30T15:00:00Z	120	2018-04-30T19:00:00Z	120	Normal	120	normal	2018-04-30T18:00:00Z	120	0
6	NA	B	y	1	2018-06-13T00:00:00Z	one_or_more	34	46	NA	NA	NA	NA	NA	NA	NA	NA	NA	NA	NA	NA	NA	NA	NA	NA	NA	NA	6B	2018	blank	1	Reduction	Reduction	2018-04-30T15:00:00Z	120	2018-04-30T19:00:00Z	120	Normal	120	normal	2018-04-30T18:00:00Z	120	0
6	NA	B	n	2	2018-06-13T00:00:00Z	one_or_more	50	37	NA	NA	NA	NA	NA	NA	NA	NA	NA	NA	NA	NA	NA	NA	NA	NA	NA	NA	6B	2018	blank	1	Reduction	Reduction	2018-04-30T15:00:00Z	120	2018-04-30T19:00:00Z	120	Normal	120	normal	2018-04-30T18:00:00Z	120	0
6	NA	B	n	3	2018-06-13T00:00:00Z	one_or_more	52	42	NA	NA	NA	NA	NA	NA	NA	NA	NA	NA	NA	NA	NA	NA	NA	NA	NA	NA	6B	2018	blank	1	Reduction	Reduction	2018-04-30T15:00:00Z	120	2018-04-30T19:00:00Z	120	Normal	120	normal	2018-04-30T18:00:00Z	120	0
6	NA	B	n	4	2018-06-13T00:00:00Z	one_or_more	48	16	58	21	NA	NA	NA	NA	NA	NA	NA	NA	NA	NA	NA	NA	NA	NA	NA	NA	6B	2018	blank	2	Reduction	Reduction	2018-04-30T15:00:00Z	120	2018-04-30T19:00:00Z	120	Normal	120	normal	2018-04-30T18:00:00Z	120	0
6	NA	B	n	5	2018-06-13T00:00:00Z	one_or_more	34	17	40	19	NA	NA	NA	NA	NA	NA	NA	NA	NA	NA	NA	NA	NA	NA	NA	NA	6B	2018	blank	2	Reduction	Reduction	2018-04-30T15:00:00Z	120	2018-04-30T19:00:00Z	120	Normal	120	normal	2018-04-30T18:00:00Z	120	0
6	NA	B	y	6	2018-06-13T00:00:00Z	one_or_more	34	46	51	38	NA	NA	NA	NA	NA	NA	NA	NA	NA	NA	NA	NA	NA	NA	NA	NA	6B	2018	blank	2	Reduction	Reduction	2018-04-30T15:00:00Z	120	2018-04-30T19:00:00Z	120	Normal	120	normal	2018-04-30T18:00:00Z	120	0
6	NA	B	n	7	2018-06-13T00:00:00Z	one_or_more	28	50	NA	NA	NA	NA	NA	NA	NA	NA	NA	NA	NA	NA	NA	NA	NA	NA	NA	NA	6B	2018	blank	1	Reduction	Reduction	2018-04-30T15:00:00Z	120	2018-04-30T19:00:00Z	120	Normal	120	normal	2018-04-30T18:00:00Z	120	0
6	NA	B	n	8	2018-06-13T00:00:00Z	one_or_more	32	19	NA	NA	NA	NA	NA	NA	NA	NA	NA	NA	NA	NA	NA	NA	NA	NA	NA	NA	6B	2018	blank	1	Reduction	Reduction	2018-04-30T15:00:00Z	120	2018-04-30T19:00:00Z	120	Normal	120	normal	2018-04-30T18:00:00Z	120	0
6	NA	B	n	9	2018-06-13T00:00:00Z	one_or_more	28	13	12	14	NA	NA	NA	NA	NA	NA	NA	NA	NA	NA	NA	NA	NA	NA	NA	NA	6B	2018	blank	2	Reduction	Reduction	2018-04-30T15:00:00Z	120	2018-04-30T19:00:00Z	120	Normal	120	normal	2018-04-30T18:00:00Z	120	0
6	NA	B	n	10	2018-06-13T00:00:00Z	one_or_more	NA	NA	NA	NA	NA	NA	NA	NA	NA	NA	NA	NA	NA	NA	NA	NA	NA	NA	NA	NA	6B	2018	blank	NA	Reduction	Reduction	2018-04-30T15:00:00Z	120	2018-04-30T19:00:00Z	120	Normal	120	normal	2018-04-30T18:00:00Z	120	0
6	NA	B	n	11	2018-06-13T00:00:00Z	one_or_more	46	37	NA	NA	NA	NA	NA	NA	NA	NA	NA	NA	NA	NA	NA	NA	NA	NA	NA	NA	6B	2018	blank	1	Reduction	Reduction	2018-04-30T15:00:00Z	120	2018-04-30T19:00:00Z	120	Normal	120	normal	2018-04-30T18:00:00Z	120	0
6	NA	B	n	12	2018-06-13T00:00:00Z	one_or_more	44	18	22	11	NA	NA	NA	NA	NA	NA	NA	NA	NA	NA	NA	NA	NA	NA	NA	NA	6B	2018	blank	2	Reduction	Reduction	2018-04-30T15:00:00Z	120	2018-04-30T19:00:00Z	120	Normal	120	normal	2018-04-30T18:00:00Z	120	0
6	NA	B	n	13	2018-06-13T00:00:00Z	one_or_more	42	33	NA	NA	NA	NA	NA	NA	NA	NA	NA	NA	NA	NA	NA	NA	NA	NA	NA	NA	6B	2018	blank	1	Reduction	Reduction	2018-04-30T15:00:00Z	120	2018-04-30T19:00:00Z	120	Normal	120	normal	2018-04-30T18:00:00Z	120	0
6	NA	B	n	14	2018-06-13T00:00:00Z	one_or_more	36	26	NA	NA	NA	NA	NA	NA	NA	NA	NA	NA	NA	NA	NA	NA	NA	NA	NA	NA	6B	2018	blank	1	Reduction	Reduction	2018-04-30T15:00:00Z	120	2018-04-30T19:00:00Z	120	Normal	120	normal	2018-04-30T18:00:00Z	120	0
6	NA	B	n	15	2018-06-13T00:00:00Z	one_or_more	33	22	NA	NA	NA	NA	NA	NA	NA	NA	NA	NA	NA	NA	NA	NA	NA	NA	NA	NA	6B	2018	blank	1	Reduction	Reduction	2018-04-30T15:00:00Z	120	2018-04-30T19:00:00Z	120	Normal	120	normal	2018-04-30T18:00:00Z	120	0
6	NA	B	n	16	2018-06-13T00:00:00Z	one_or_more	31	57	NA	NA	NA	NA	NA	NA	NA	NA	NA	NA	NA	NA	NA	NA	NA	NA	NA	NA	6B	2018	blank	1	Reduction	Reduction	2018-04-30T15:00:00Z	120	2018-04-30T19:00:00Z	120	Normal	120	normal	2018-04-30T18:00:00Z	120	0
6	NA	B	n	17	2018-06-13T00:00:00Z	one_or_more	32	58	NA	NA	NA	NA	NA	NA	NA	NA	NA	NA	NA	NA	NA	NA	NA	NA	NA	NA	6B	2018	blank	1	Reduction	Reduction	2018-04-30T15:00:00Z	120	2018-04-30T19:00:00Z	120	Normal	120	normal	2018-04-30T18:00:00Z	120	0
6	NA	B	n	18	2018-06-13T00:00:00Z	one_or_more	22	13	NA	NA	NA	NA	NA	NA	NA	NA	NA	NA	NA	NA	NA	NA	NA	NA	NA	NA	6B	2018	blank	1	Reduction	Reduction	2018-04-30T15:00:00Z	120	2018-04-30T19:00:00Z	120	Normal	120	normal	2018-04-30T18:00:00Z	120	0
6	NA	B	n	19	2018-06-13T00:00:00Z	one_or_more	48	41	NA	NA	NA	NA	NA	NA	NA	NA	NA	NA	NA	NA	NA	NA	NA	NA	NA	NA	6B	2018	blank	1	Reduction	Reduction	2018-04-30T15:00:00Z	120	2018-04-30T19:00:00Z	120	Normal	120	normal	2018-04-30T18:00:00Z	120	0
6	NA	B	y	20	2018-06-13T00:00:00Z	one_or_more	35	41	NA	NA	NA	NA	NA	NA	NA	NA	NA	NA	NA	NA	NA	NA	NA	NA	NA	NA	6B	2018	blank	1	Reduction	Reduction	2018-04-30T15:00:00Z	120	2018-04-30T19:00:00Z	120	Normal	120	normal	2018-04-30T18:00:00Z	120	0
6	NA	B	n	21	2018-06-13T00:00:00Z	one_or_more	30	35	NA	NA	NA	NA	NA	NA	NA	NA	NA	NA	NA	NA	NA	NA	NA	NA	NA	NA	6B	2018	blank	1	Reduction	Reduction	2018-04-30T15:00:00Z	120	2018-04-30T19:00:00Z	120	Normal	120	normal	2018-04-30T18:00:00Z	120	0
6	NA	B	n	22	2018-06-13T00:00:00Z	one_or_more	36	33	45	47	NA	NA	NA	NA	NA	NA	NA	NA	NA	NA	NA	NA	NA	NA	NA	NA	6B	2018	blank	2	Reduction	Reduction	2018-04-30T15:00:00Z	120	2018-04-30T19:00:00Z	120	Normal	120	normal	2018-04-30T18:00:00Z	120	0
6	NA	B	n	23	2018-06-13T00:00:00Z	one_or_more	33	24	54	68	NA	NA	NA	NA	NA	NA	NA	NA	NA	NA	NA	NA	NA	NA	NA	NA	6B	2018	blank	2	Reduction	Reduction	2018-04-30T15:00:00Z	120	2018-04-30T19:00:00Z	120	Normal	120	normal	2018-04-30T18:00:00Z	120	0
6	NA	B	n	24	2018-06-13T00:00:00Z	one_or_more	21	26	NA	NA	NA	NA	NA	NA	NA	NA	NA	NA	NA	NA	NA	NA	NA	NA	NA	NA	6B	2018	blank	1	Reduction	Reduction	2018-04-30T15:00:00Z	120	2018-04-30T19:00:00Z	120	Normal	120	normal	2018-04-30T18:00:00Z	120	0
6	NA	B	y	25	2018-06-13T00:00:00Z	one_or_more	45	46	NA	NA	NA	NA	NA	NA	NA	NA	NA	NA	NA	NA	NA	NA	NA	NA	NA	NA	6B	2018	blank	1	Reduction	Reduction	2018-04-30T15:00:00Z	120	2018-04-30T19:00:00Z	120	Normal	120	normal	2018-04-30T18:00:00Z	120	0
6	NA	B	y	26	2018-06-13T00:00:00Z	one_or_more	34	51	NA	NA	NA	NA	NA	NA	NA	NA	NA	NA	NA	NA	NA	NA	NA	NA	NA	NA	6B	2018	blank	1	Reduction	Reduction	2018-04-30T15:00:00Z	120	2018-04-30T19:00:00Z	120	Normal	120	normal	2018-04-30T18:00:00Z	120	0
6	NA	B	y	27	2018-06-13T00:00:00Z	one_or_more	31	32	26	14	NA	NA	NA	NA	NA	NA	NA	NA	NA	NA	NA	NA	NA	NA	NA	NA	6B	2018	blank	2	Reduction	Reduction	2018-04-30T15:00:00Z	120	2018-04-30T19:00:00Z	120	Normal	120	normal	2018-04-30T18:00:00Z	120	0
6	NA	B	y	28	2018-06-13T00:00:00Z	one_or_more	36	44	NA	NA	NA	NA	NA	NA	NA	NA	NA	NA	NA	NA	NA	NA	NA	NA	NA	NA	6B	2018	blank	1	Reduction	Reduction	2018-04-30T15:00:00Z	120	2018-04-30T19:00:00Z	120	Normal	120	normal	2018-04-30T18:00:00Z	120	0
6	NA	B	n	29	2018-06-13T00:00:00Z	one_or_more	43	31	40	42	34	30	NA	NA	NA	NA	NA	NA	NA	NA	NA	NA	NA	NA	NA	NA	6B	2018	blank	3	Reduction	Reduction	2018-04-30T15:00:00Z	120	2018-04-30T19:00:00Z	120	Normal	120	normal	2018-04-30T18:00:00Z	120	0
6	check for 2 rosettes	B	n	30	2018-06-13T00:00:00Z	one_or_more	24	21	NA	NA	NA	NA	NA	NA	NA	NA	NA	NA	NA	NA	NA	NA	NA	NA	NA	NA	6B	2018	blank	1	Reduction	Reduction	2018-04-30T15:00:00Z	120	2018-04-30T19:00:00Z	120	Normal	120	normal	2018-04-30T18:00:00Z	120	0
6	check measurements on 2nd rosette	B	n	31	2018-06-13T00:00:00Z	one_or_more	28	42	18	23	NA	NA	NA	NA	NA	NA	NA	NA	NA	NA	NA	NA	NA	NA	NA	NA	6B	2018	blank	2	Reduction	Reduction	2018-04-30T15:00:00Z	120	2018-04-30T19:00:00Z	120	Normal	120	normal	2018-04-30T18:00:00Z	120	0
6	NA	B	y	32	2018-06-13T00:00:00Z	one_or_more	34	46	NA	NA	NA	NA	NA	NA	NA	NA	NA	NA	NA	NA	NA	NA	NA	NA	NA	NA	6B	2018	blank	1	Reduction	Reduction	2018-04-30T15:00:00Z	120	2018-04-30T19:00:00Z	120	Normal	120	normal	2018-04-30T18:00:00Z	120	0
6	NA	B	n	33	2018-06-13T00:00:00Z	one_or_more	31	24	NA	NA	NA	NA	NA	NA	NA	NA	NA	NA	NA	NA	NA	NA	NA	NA	NA	NA	6B	2018	blank	1	Reduction	Reduction	2018-04-30T15:00:00Z	120	2018-04-30T19:00:00Z	120	Normal	120	normal	2018-04-30T18:00:00Z	120	0
6	NA	B	y	34	2018-06-13T00:00:00Z	one_or_more	36	58	NA	NA	NA	NA	NA	NA	NA	NA	NA	NA	NA	NA	NA	NA	NA	NA	NA	NA	6B	2018	blank	1	Reduction	Reduction	2018-04-30T15:00:00Z	120	2018-04-30T19:00:00Z	120	Normal	120	normal	2018-04-30T18:00:00Z	120	0
6	NA	B	n	35	2018-06-13T00:00:00Z	one_or_more	32	28	NA	NA	NA	NA	NA	NA	NA	NA	NA	NA	NA	NA	NA	NA	NA	NA	NA	NA	6B	2018	blank	1	Reduction	Reduction	2018-04-30T15:00:00Z	120	2018-04-30T19:00:00Z	120	Normal	120	normal	2018-04-30T18:00:00Z	120	0
6	NA	A	n	123	2018-06-13T00:00:00Z	one_or_more	27	16	26	18	NA	NA	NA	NA	NA	NA	NA	NA	NA	NA	NA	NA	NA	NA	NA	NA	6A	2018	blank	2	Control	Control	2018-04-30T15:00:00Z	120	2018-04-30T19:00:00Z	120	Normal	120	normal	2018-04-30T18:00:00Z	120	0
6	NA	A	n	124	2018-06-13T00:00:00Z	one_or_more	13	17	NA	NA	NA	NA	NA	NA	NA	NA	NA	NA	NA	NA	NA	NA	NA	NA	NA	NA	6A	2018	blank	1	Control	Control	2018-04-30T15:00:00Z	120	2018-04-30T19:00:00Z	120	Normal	120	normal	2018-04-30T18:00:00Z	120	0
6	NA	A	y	125	2018-06-13T00:00:00Z	one_or_more	33	43	NA	NA	NA	NA	NA	NA	NA	NA	NA	NA	NA	NA	NA	NA	NA	NA	NA	NA	6A	2018	blank	1	Control	Control	2018-04-30T15:00:00Z	120	2018-04-30T19:00:00Z	120	Normal	120	normal	2018-04-30T18:00:00Z	120	0
6	NA	A	n	126	2018-06-13T00:00:00Z	one_or_more	18	12	NA	NA	NA	NA	NA	NA	NA	NA	NA	NA	NA	NA	NA	NA	NA	NA	NA	NA	6A	2018	blank	1	Control	Control	2018-04-30T15:00:00Z	120	2018-04-30T19:00:00Z	120	Normal	120	normal	2018-04-30T18:00:00Z	120	0
6	NA	A	n	127	2018-06-13T00:00:00Z	one_or_more	28	22	NA	NA	NA	NA	NA	NA	NA	NA	NA	NA	NA	NA	NA	NA	NA	NA	NA	NA	6A	2018	blank	1	Control	Control	2018-04-30T15:00:00Z	120	2018-04-30T19:00:00Z	120	Normal	120	normal	2018-04-30T18:00:00Z	120	0
6	NA	A	n	128	2018-06-13T00:00:00Z	blank	NA	NA	NA	NA	NA	NA	NA	NA	NA	NA	NA	NA	NA	NA	NA	NA	NA	NA	NA	NA	6A	2018	blank	NA	Control	Control	2018-04-30T15:00:00Z	120	2018-04-30T19:00:00Z	120	Normal	120	normal	2018-04-30T18:00:00Z	120	0
6	NA	A	n	129	2018-06-13T00:00:00Z	blank	NA	NA	NA	NA	NA	NA	NA	NA	NA	NA	NA	NA	NA	NA	NA	NA	NA	NA	NA	NA	6A	2018	blank	NA	Control	Control	2018-04-30T15:00:00Z	120	2018-04-30T19:00:00Z	120	Normal	120	normal	2018-04-30T18:00:00Z	120	0
6	NA	A	n	130	2018-06-13T00:00:00Z	one_or_more	32	23	NA	NA	NA	NA	NA	NA	NA	NA	NA	NA	NA	NA	NA	NA	NA	NA	NA	NA	6A	2018	blank	1	Control	Control	2018-04-30T15:00:00Z	120	2018-04-30T19:00:00Z	120	Normal	120	normal	2018-04-30T18:00:00Z	120	0
6	check for 2 rosettes	A	n	131	2018-06-13T00:00:00Z	one_or_more	23	11	NA	NA	NA	NA	NA	NA	NA	NA	NA	NA	NA	NA	NA	NA	NA	NA	NA	NA	6A	2018	blank	1	Control	Control	2018-04-30T15:00:00Z	120	2018-04-30T19:00:00Z	120	Normal	120	normal	2018-04-30T18:00:00Z	120	0
6	NA	A	n	132	2018-06-13T00:00:00Z	blank	NA	NA	NA	NA	NA	NA	NA	NA	NA	NA	NA	NA	NA	NA	NA	NA	NA	NA	NA	NA	6A	2018	blank	NA	Control	Control	2018-04-30T15:00:00Z	120	2018-04-30T19:00:00Z	120	Normal	120	normal	2018-04-30T18:00:00Z	120	0
6	NA	A	n	133	2018-06-13T00:00:00Z	blank	NA	NA	NA	NA	NA	NA	NA	NA	NA	NA	NA	NA	NA	NA	NA	NA	NA	NA	NA	NA	6A	2018	blank	NA	Control	Control	2018-04-30T15:00:00Z	120	2018-04-30T19:00:00Z	120	Normal	120	normal	2018-04-30T18:00:00Z	120	0
6	NA	A	n	134	2018-06-13T00:00:00Z	one_or_more	NA	NA	NA	NA	NA	NA	NA	NA	NA	NA	NA	NA	NA	NA	NA	NA	NA	NA	NA	NA	6A	2018	blank	NA	Control	Control	2018-04-30T15:00:00Z	120	2018-04-30T19:00:00Z	120	Normal	120	normal	2018-04-30T18:00:00Z	120	0
6	NA	A	y	135	2018-06-13T00:00:00Z	one_or_more	31	10	36	14	11	12	2	3	24	18	3	4	18	19	21	23	26	31	33	34	6A	2018	blank	10	Control	Control	2018-04-30T15:00:00Z	120	2018-04-30T19:00:00Z	120	Normal	120	normal	2018-04-30T18:00:00Z	120	0
6	NA	A	n	136	2018-06-13T00:00:00Z	one_or_more	46	32	NA	NA	NA	NA	NA	NA	NA	NA	NA	NA	NA	NA	NA	NA	NA	NA	NA	NA	6A	2018	blank	1	Control	Control	2018-04-30T15:00:00Z	120	2018-04-30T19:00:00Z	120	Normal	120	normal	2018-04-30T18:00:00Z	120	0
6	NA	A	n	137	2018-06-13T00:00:00Z	blank	NA	NA	NA	NA	NA	NA	NA	NA	NA	NA	NA	NA	NA	NA	NA	NA	NA	NA	NA	NA	6A	2018	blank	NA	Control	Control	2018-04-30T15:00:00Z	120	2018-04-30T19:00:00Z	120	Normal	120	normal	2018-04-30T18:00:00Z	120	0
6	count leaves	A	n	138	2018-06-13T00:00:00Z	one_or_more	21	NA	NA	NA	NA	NA	NA	NA	NA	NA	NA	NA	NA	NA	NA	NA	NA	NA	NA	NA	6A	2018	blank	1	Control	Control	2018-04-30T15:00:00Z	120	2018-04-30T19:00:00Z	120	Normal	120	normal	2018-04-30T18:00:00Z	120	0
6	NA	A	n	139	2018-06-13T00:00:00Z	blank	NA	NA	NA	NA	NA	NA	NA	NA	NA	NA	NA	NA	NA	NA	NA	NA	NA	NA	NA	NA	6A	2018	blank	NA	Control	Control	2018-04-30T15:00:00Z	120	2018-04-30T19:00:00Z	120	Normal	120	normal	2018-04-30T18:00:00Z	120	0
6	NA	A	n	140	2018-06-13T00:00:00Z	one_or_more	30	21	NA	NA	NA	NA	NA	NA	NA	NA	NA	NA	NA	NA	NA	NA	NA	NA	NA	NA	6A	2018	blank	1	Control	Control	2018-04-30T15:00:00Z	120	2018-04-30T19:00:00Z	120	Normal	120	normal	2018-04-30T18:00:00Z	120	0
6	NA	A	n	141	2018-06-13T00:00:00Z	blank	NA	NA	NA	NA	NA	NA	NA	NA	NA	NA	NA	NA	NA	NA	NA	NA	NA	NA	NA	NA	6A	2018	blank	NA	Control	Control	2018-04-30T15:00:00Z	120	2018-04-30T19:00:00Z	120	Normal	120	normal	2018-04-30T18:00:00Z	120	0
6	NA	A	n	142	2018-06-13T00:00:00Z	one_or_more	18	21	NA	NA	NA	NA	NA	NA	NA	NA	NA	NA	NA	NA	NA	NA	NA	NA	NA	NA	6A	2018	blank	1	Control	Control	2018-04-30T15:00:00Z	120	2018-04-30T19:00:00Z	120	Normal	120	normal	2018-04-30T18:00:00Z	120	0
6	NA	A	y	143	2018-06-13T00:00:00Z	one_or_more	26	44	NA	NA	NA	NA	NA	NA	NA	NA	NA	NA	NA	NA	NA	NA	NA	NA	NA	NA	6A	2018	blank	1	Control	Control	2018-04-30T15:00:00Z	120	2018-04-30T19:00:00Z	120	Normal	120	normal	2018-04-30T18:00:00Z	120	0
6	NA	A	n	144	2018-06-13T00:00:00Z	one_or_more	27	19	NA	NA	NA	NA	NA	NA	NA	NA	NA	NA	NA	NA	NA	NA	NA	NA	NA	NA	6A	2018	blank	1	Control	Control	2018-04-30T15:00:00Z	120	2018-04-30T19:00:00Z	120	Normal	120	normal	2018-04-30T18:00:00Z	120	0
6	NA	A	n	145	2018-06-13T00:00:00Z	blank	NA	NA	NA	NA	NA	NA	NA	NA	NA	NA	NA	NA	NA	NA	NA	NA	NA	NA	NA	NA	6A	2018	blank	NA	Control	Control	2018-04-30T15:00:00Z	120	2018-04-30T19:00:00Z	120	Normal	120	normal	2018-04-30T18:00:00Z	120	0
6	NA	A	n	146	2018-06-13T00:00:00Z	blank	NA	NA	NA	NA	NA	NA	NA	NA	NA	NA	NA	NA	NA	NA	NA	NA	NA	NA	NA	NA	6A	2018	blank	NA	Control	Control	2018-04-30T15:00:00Z	120	2018-04-30T19:00:00Z	120	Normal	120	normal	2018-04-30T18:00:00Z	120	0
6	NA	A	n	147	2018-06-13T00:00:00Z	one_or_more	NA	NA	NA	NA	NA	NA	NA	NA	NA	NA	NA	NA	NA	NA	NA	NA	NA	NA	NA	NA	6A	2018	blank	NA	Control	Control	2018-04-30T15:00:00Z	120	2018-04-30T19:00:00Z	120	Normal	120	normal	2018-04-30T18:00:00Z	120	0
6	NA	A	n	148	2018-06-13T00:00:00Z	one_or_more	32	18	NA	NA	NA	NA	NA	NA	NA	NA	NA	NA	NA	NA	NA	NA	NA	NA	NA	NA	6A	2018	blank	1	Control	Control	2018-04-30T15:00:00Z	120	2018-04-30T19:00:00Z	120	Normal	120	normal	2018-04-30T18:00:00Z	120	0
6	NA	A	n	149	2018-06-13T00:00:00Z	blank	NA	NA	NA	NA	NA	NA	NA	NA	NA	NA	NA	NA	NA	NA	NA	NA	NA	NA	NA	NA	6A	2018	blank	NA	Control	Control	2018-04-30T15:00:00Z	120	2018-04-30T19:00:00Z	120	Normal	120	normal	2018-04-30T18:00:00Z	120	0
6	NA	A	n	150	2018-06-13T00:00:00Z	blank	NA	NA	NA	NA	NA	NA	NA	NA	NA	NA	NA	NA	NA	NA	NA	NA	NA	NA	NA	NA	6A	2018	blank	NA	Control	Control	2018-04-30T15:00:00Z	120	2018-04-30T19:00:00Z	120	Normal	120	normal	2018-04-30T18:00:00Z	120	0
6	check for 2 rosettes	A	y	151	2018-06-13T00:00:00Z	one_or_more	24	56	NA	NA	NA	NA	NA	NA	NA	NA	NA	NA	NA	NA	NA	NA	NA	NA	NA	NA	6A	2018	blank	1	Control	Control	2018-04-30T15:00:00Z	120	2018-04-30T19:00:00Z	120	Normal	120	normal	2018-04-30T18:00:00Z	120	0
6	NA	A	n	152	2018-06-13T00:00:00Z	blank	NA	NA	NA	NA	NA	NA	NA	NA	NA	NA	NA	NA	NA	NA	NA	NA	NA	NA	NA	NA	6A	2018	blank	NA	Control	Control	2018-04-30T15:00:00Z	120	2018-04-30T19:00:00Z	120	Normal	120	normal	2018-04-30T18:00:00Z	120	0
6	NA	A	n	153	2018-06-13T00:00:00Z	one_or_more	35	21	3	6	11	5	3	4	31	14	NA	NA	NA	NA	NA	NA	NA	NA	NA	NA	6A	2018	blank	5	Control	Control	2018-04-30T15:00:00Z	120	2018-04-30T19:00:00Z	120	Normal	120	normal	2018-04-30T18:00:00Z	120	0
6	NA	A	n	154	2018-06-13T00:00:00Z	one_or_more	36	28	NA	NA	NA	NA	NA	NA	NA	NA	NA	NA	NA	NA	NA	NA	NA	NA	NA	NA	6A	2018	blank	1	Control	Control	2018-04-30T15:00:00Z	120	2018-04-30T19:00:00Z	120	Normal	120	normal	2018-04-30T18:00:00Z	120	0
6	NA	A	n	155	2018-06-13T00:00:00Z	blank	NA	NA	NA	NA	NA	NA	NA	NA	NA	NA	NA	NA	NA	NA	NA	NA	NA	NA	NA	NA	6A	2018	blank	NA	Control	Control	2018-04-30T15:00:00Z	120	2018-04-30T19:00:00Z	120	Normal	120	normal	2018-04-30T18:00:00Z	120	0
6	NA	A	n	156	2018-06-13T00:00:00Z	one_or_more	31	33	NA	NA	NA	NA	NA	NA	NA	NA	NA	NA	NA	NA	NA	NA	NA	NA	NA	NA	6A	2018	blank	1	Control	Control	2018-04-30T15:00:00Z	120	2018-04-30T19:00:00Z	120	Normal	120	normal	2018-04-30T18:00:00Z	120	0
6	count leaves	A	n	157	2018-06-13T00:00:00Z	one_or_more	21	20	18	NA	NA	NA	NA	NA	NA	NA	NA	NA	NA	NA	NA	NA	NA	NA	NA	NA	6A	2018	blank	2	Control	Control	2018-04-30T15:00:00Z	120	2018-04-30T19:00:00Z	120	Normal	120	normal	2018-04-30T18:00:00Z	120	0
6	NA	A	n	158	2018-06-13T00:00:00Z	one_or_more	18	15	NA	NA	NA	NA	NA	NA	NA	NA	NA	NA	NA	NA	NA	NA	NA	NA	NA	NA	6A	2018	blank	1	Control	Control	2018-04-30T15:00:00Z	120	2018-04-30T19:00:00Z	120	Normal	120	normal	2018-04-30T18:00:00Z	120	0
6	NA	A	n	159	2018-06-13T00:00:00Z	blank	NA	NA	NA	NA	NA	NA	NA	NA	NA	NA	NA	NA	NA	NA	NA	NA	NA	NA	NA	NA	6A	2018	blank	NA	Control	Control	2018-04-30T15:00:00Z	120	2018-04-30T19:00:00Z	120	Normal	120	normal	2018-04-30T18:00:00Z	120	0
6	NA	A	y	160	2018-06-13T00:00:00Z	one_or_more	18	54	NA	NA	NA	NA	NA	NA	NA	NA	NA	NA	NA	NA	NA	NA	NA	NA	NA	NA	6A	2018	blank	1	Control	Control	2018-04-30T15:00:00Z	120	2018-04-30T19:00:00Z	120	Normal	120	normal	2018-04-30T18:00:00Z	120	0
6	NA	A	n	161	2018-06-13T00:00:00Z	blank	NA	NA	NA	NA	NA	NA	NA	NA	NA	NA	NA	NA	NA	NA	NA	NA	NA	NA	NA	NA	6A	2018	blank	NA	Control	Control	2018-04-30T15:00:00Z	120	2018-04-30T19:00:00Z	120	Normal	120	normal	2018-04-30T18:00:00Z	120	0
6	NA	A	n	162	2018-06-13T00:00:00Z	blank	NA	NA	NA	NA	NA	NA	NA	NA	NA	NA	NA	NA	NA	NA	NA	NA	NA	NA	NA	NA	6A	2018	blank	NA	Control	Control	2018-04-30T15:00:00Z	120	2018-04-30T19:00:00Z	120	Normal	120	normal	2018-04-30T18:00:00Z	120	0
6	NA	A	n	163	2018-06-13T00:00:00Z	one_or_more	18	14	NA	NA	NA	NA	NA	NA	NA	NA	NA	NA	NA	NA	NA	NA	NA	NA	NA	NA	6A	2018	blank	1	Control	Control	2018-04-30T15:00:00Z	120	2018-04-30T19:00:00Z	120	Normal	120	normal	2018-04-30T18:00:00Z	120	0
6	NA	A	n	164	2018-06-13T00:00:00Z	one_or_more	22	8	40	14	45	24	NA	NA	NA	NA	NA	NA	NA	NA	NA	NA	NA	NA	NA	NA	6A	2018	blank	3	Control	Control	2018-04-30T15:00:00Z	120	2018-04-30T19:00:00Z	120	Normal	120	normal	2018-04-30T18:00:00Z	120	0
6	NA	A	n	165	2018-06-13T00:00:00Z	one_or_more	25	18	NA	NA	NA	NA	NA	NA	NA	NA	NA	NA	NA	NA	NA	NA	NA	NA	NA	NA	6A	2018	blank	1	Control	Control	2018-04-30T15:00:00Z	120	2018-04-30T19:00:00Z	120	Normal	120	normal	2018-04-30T18:00:00Z	120	0
6	NA	A	y	166	2018-06-13T00:00:00Z	one_or_more	30	46	NA	NA	NA	NA	NA	NA	NA	NA	NA	NA	NA	NA	NA	NA	NA	NA	NA	NA	6A	2018	blank	1	Control	Control	2018-04-30T15:00:00Z	120	2018-04-30T19:00:00Z	120	Normal	120	normal	2018-04-30T18:00:00Z	120	0
6	NA	A	y	167	2018-06-13T00:00:00Z	one_or_more	26	49	NA	NA	NA	NA	NA	NA	NA	NA	NA	NA	NA	NA	NA	NA	NA	NA	NA	NA	6A	2018	blank	1	Control	Control	2018-04-30T15:00:00Z	120	2018-04-30T19:00:00Z	120	Normal	120	normal	2018-04-30T18:00:00Z	120	0
6	NA	A	n	168	2018-06-13T00:00:00Z	one_or_more	33	27	NA	NA	NA	NA	NA	NA	NA	NA	NA	NA	NA	NA	NA	NA	NA	NA	NA	NA	6A	2018	blank	1	Control	Control	2018-04-30T15:00:00Z	120	2018-04-30T19:00:00Z	120	Normal	120	normal	2018-04-30T18:00:00Z	120	0
6	NA	A	n	169	2018-06-13T00:00:00Z	blank	NA	NA	NA	NA	NA	NA	NA	NA	NA	NA	NA	NA	NA	NA	NA	NA	NA	NA	NA	NA	6A	2018	blank	NA	Control	Control	2018-04-30T15:00:00Z	120	2018-04-30T19:00:00Z	120	Normal	120	normal	2018-04-30T18:00:00Z	120	0
6	NA	A	n	170	2018-06-13T00:00:00Z	one_or_more	28	18	NA	NA	NA	NA	NA	NA	NA	NA	NA	NA	NA	NA	NA	NA	NA	NA	NA	NA	6A	2018	blank	1	Control	Control	2018-04-30T15:00:00Z	120	2018-04-30T19:00:00Z	120	Normal	120	normal	2018-04-30T18:00:00Z	120	0
5	NA	B	n	1	2018-06-13T00:00:00Z	one_or_more	36	30	NA	NA	NA	NA	NA	NA	NA	NA	NA	NA	NA	NA	NA	NA	NA	NA	NA	NA	5B	2018	blank	1	Control	Mock rainout	2018-04-24T19:00:00Z	114	2018-04-25T15:00:00Z	115	Early	115	early	2018-04-25T18:00:00Z	120	-5
5	NA	B	n	2	2018-06-13T00:00:00Z	one_or_more	47	25	NA	NA	NA	NA	NA	NA	NA	NA	NA	NA	NA	NA	NA	NA	NA	NA	NA	NA	5B	2018	blank	1	Control	Mock rainout	2018-04-24T19:00:00Z	114	2018-04-25T15:00:00Z	115	Early	115	early	2018-04-25T18:00:00Z	120	-5
5	NA	B	n	3	2018-06-13T00:00:00Z	one_or_more	39	28	NA	NA	NA	NA	NA	NA	NA	NA	NA	NA	NA	NA	NA	NA	NA	NA	NA	NA	5B	2018	blank	1	Control	Mock rainout	2018-04-24T19:00:00Z	114	2018-04-25T15:00:00Z	115	Early	115	early	2018-04-25T18:00:00Z	120	-5
5	NA	B	n	4	2018-06-13T00:00:00Z	one_or_more	20	15	NA	NA	NA	NA	NA	NA	NA	NA	NA	NA	NA	NA	NA	NA	NA	NA	NA	NA	5B	2018	blank	1	Control	Mock rainout	2018-04-24T19:00:00Z	114	2018-04-25T15:00:00Z	115	Early	115	early	2018-04-25T18:00:00Z	120	-5
5	NA	B	n	5	2018-06-13T00:00:00Z	one_or_more	28	27	NA	NA	NA	NA	NA	NA	NA	NA	NA	NA	NA	NA	NA	NA	NA	NA	NA	NA	5B	2018	blank	1	Control	Mock rainout	2018-04-24T19:00:00Z	114	2018-04-25T15:00:00Z	115	Early	115	early	2018-04-25T18:00:00Z	120	-5
5	NA	B	n	6	2018-06-13T00:00:00Z	one_or_more	37	12	52	25	55	29	NA	NA	NA	NA	NA	NA	NA	NA	NA	NA	NA	NA	NA	NA	5B	2018	blank	3	Control	Mock rainout	2018-04-24T19:00:00Z	114	2018-04-25T15:00:00Z	115	Early	115	early	2018-04-25T18:00:00Z	120	-5
5	NA	B	y	7	2018-06-13T00:00:00Z	one_or_more	34	40	NA	NA	NA	NA	NA	NA	NA	NA	NA	NA	NA	NA	NA	NA	NA	NA	NA	NA	5B	2018	blank	1	Control	Mock rainout	2018-04-24T19:00:00Z	114	2018-04-25T15:00:00Z	115	Early	115	early	2018-04-25T18:00:00Z	120	-5
5	NA	B	y	8	2018-06-13T00:00:00Z	one_or_more	35	43	NA	NA	NA	NA	NA	NA	NA	NA	NA	NA	NA	NA	NA	NA	NA	NA	NA	NA	5B	2018	blank	1	Control	Mock rainout	2018-04-24T19:00:00Z	114	2018-04-25T15:00:00Z	115	Early	115	early	2018-04-25T18:00:00Z	120	-5
5	NA	B	n	9	2018-06-13T00:00:00Z	one_or_more	45	14	50	19	35	13	NA	NA	NA	NA	NA	NA	NA	NA	NA	NA	NA	NA	NA	NA	5B	2018	blank	3	Control	Mock rainout	2018-04-24T19:00:00Z	114	2018-04-25T15:00:00Z	115	Early	115	early	2018-04-25T18:00:00Z	120	-5
5	NA	B	n	10	2018-06-13T00:00:00Z	one_or_more	40	18	39	12	NA	NA	NA	NA	NA	NA	NA	NA	NA	NA	NA	NA	NA	NA	NA	NA	5B	2018	blank	2	Control	Mock rainout	2018-04-24T19:00:00Z	114	2018-04-25T15:00:00Z	115	Early	115	early	2018-04-25T18:00:00Z	120	-5
5	NA	B	n	11	2018-06-13T00:00:00Z	one_or_more	32	27	16	3	NA	NA	NA	NA	NA	NA	NA	NA	NA	NA	NA	NA	NA	NA	NA	NA	5B	2018	blank	2	Control	Mock rainout	2018-04-24T19:00:00Z	114	2018-04-25T15:00:00Z	115	Early	115	early	2018-04-25T18:00:00Z	120	-5
5	NA	B	n	12	2018-06-13T00:00:00Z	one_or_more	NA	NA	NA	NA	NA	NA	NA	NA	NA	NA	NA	NA	NA	NA	NA	NA	NA	NA	NA	NA	5B	2018	blank	NA	Control	Mock rainout	2018-04-24T19:00:00Z	114	2018-04-25T15:00:00Z	115	Early	115	early	2018-04-25T18:00:00Z	120	-5
5	NA	B	n	13	2018-06-13T00:00:00Z	one_or_more	31	25	36	22	NA	NA	NA	NA	NA	NA	NA	NA	NA	NA	NA	NA	NA	NA	NA	NA	5B	2018	blank	2	Control	Mock rainout	2018-04-24T19:00:00Z	114	2018-04-25T15:00:00Z	115	Early	115	early	2018-04-25T18:00:00Z	120	-5
5	NA	B	y	14	2018-06-13T00:00:00Z	one_or_more	44	46	NA	NA	NA	NA	NA	NA	NA	NA	NA	NA	NA	NA	NA	NA	NA	NA	NA	NA	5B	2018	blank	1	Control	Mock rainout	2018-04-24T19:00:00Z	114	2018-04-25T15:00:00Z	115	Early	115	early	2018-04-25T18:00:00Z	120	-5
5	NA	B	n	15	2018-06-13T00:00:00Z	one_or_more	55	44	NA	NA	NA	NA	NA	NA	NA	NA	NA	NA	NA	NA	NA	NA	NA	NA	NA	NA	5B	2018	blank	1	Control	Mock rainout	2018-04-24T19:00:00Z	114	2018-04-25T15:00:00Z	115	Early	115	early	2018-04-25T18:00:00Z	120	-5
5	NA	B	n	16	2018-06-13T00:00:00Z	one_or_more	NA	NA	NA	NA	NA	NA	NA	NA	NA	NA	NA	NA	NA	NA	NA	NA	NA	NA	NA	NA	5B	2018	blank	NA	Control	Mock rainout	2018-04-24T19:00:00Z	114	2018-04-25T15:00:00Z	115	Early	115	early	2018-04-25T18:00:00Z	120	-5
5	NA	B	n	17	2018-06-13T00:00:00Z	one_or_more	31	31	NA	NA	NA	NA	NA	NA	NA	NA	NA	NA	NA	NA	NA	NA	NA	NA	NA	NA	5B	2018	blank	1	Control	Mock rainout	2018-04-24T19:00:00Z	114	2018-04-25T15:00:00Z	115	Early	115	early	2018-04-25T18:00:00Z	120	-5
5	NA	B	n	18	2018-06-13T00:00:00Z	one_or_more	28	37	NA	NA	NA	NA	NA	NA	NA	NA	NA	NA	NA	NA	NA	NA	NA	NA	NA	NA	5B	2018	blank	1	Control	Mock rainout	2018-04-24T19:00:00Z	114	2018-04-25T15:00:00Z	115	Early	115	early	2018-04-25T18:00:00Z	120	-5
5	NA	B	n	19	2018-06-13T00:00:00Z	one_or_more	41	44	NA	NA	NA	NA	NA	NA	NA	NA	NA	NA	NA	NA	NA	NA	NA	NA	NA	NA	5B	2018	blank	1	Control	Mock rainout	2018-04-24T19:00:00Z	114	2018-04-25T15:00:00Z	115	Early	115	early	2018-04-25T18:00:00Z	120	-5
5	NA	B	n	20	2018-06-13T00:00:00Z	one_or_more	31	21	NA	NA	NA	NA	NA	NA	NA	NA	NA	NA	NA	NA	NA	NA	NA	NA	NA	NA	5B	2018	blank	1	Control	Mock rainout	2018-04-24T19:00:00Z	114	2018-04-25T15:00:00Z	115	Early	115	early	2018-04-25T18:00:00Z	120	-5
5	NA	B	n	21	2018-06-13T00:00:00Z	one_or_more	36	24	NA	NA	NA	NA	NA	NA	NA	NA	NA	NA	NA	NA	NA	NA	NA	NA	NA	NA	5B	2018	blank	1	Control	Mock rainout	2018-04-24T19:00:00Z	114	2018-04-25T15:00:00Z	115	Early	115	early	2018-04-25T18:00:00Z	120	-5
5	NA	B	y	22	2018-06-13T00:00:00Z	one_or_more	34	45	NA	NA	NA	NA	NA	NA	NA	NA	NA	NA	NA	NA	NA	NA	NA	NA	NA	NA	5B	2018	blank	1	Control	Mock rainout	2018-04-24T19:00:00Z	114	2018-04-25T15:00:00Z	115	Early	115	early	2018-04-25T18:00:00Z	120	-5
5	NA	B	y	23	2018-06-13T00:00:00Z	one_or_more	22	50	NA	NA	NA	NA	NA	NA	NA	NA	NA	NA	NA	NA	NA	NA	NA	NA	NA	NA	5B	2018	blank	1	Control	Mock rainout	2018-04-24T19:00:00Z	114	2018-04-25T15:00:00Z	115	Early	115	early	2018-04-25T18:00:00Z	120	-5
5	NA	B	n	24	2018-06-13T00:00:00Z	one_or_more	30	15	40	20	NA	NA	NA	NA	NA	NA	NA	NA	NA	NA	NA	NA	NA	NA	NA	NA	5B	2018	blank	2	Control	Mock rainout	2018-04-24T19:00:00Z	114	2018-04-25T15:00:00Z	115	Early	115	early	2018-04-25T18:00:00Z	120	-5
5	NA	B	n	25	2018-06-13T00:00:00Z	one_or_more	NA	NA	NA	NA	NA	NA	NA	NA	NA	NA	NA	NA	NA	NA	NA	NA	NA	NA	NA	NA	5B	2018	blank	NA	Control	Mock rainout	2018-04-24T19:00:00Z	114	2018-04-25T15:00:00Z	115	Early	115	early	2018-04-25T18:00:00Z	120	-5
5	NA	B	y	284	2018-06-13T00:00:00Z	one_or_more	39	55	NA	NA	NA	NA	NA	NA	NA	NA	NA	NA	NA	NA	NA	NA	NA	NA	NA	NA	5B	2018	blank	1	Control	Mock rainout	2018-04-24T19:00:00Z	114	2018-04-25T15:00:00Z	115	Early	115	early	2018-04-25T18:00:00Z	120	-5
5	NA	B	n	285	2018-06-13T00:00:00Z	one_or_more	NA	NA	NA	NA	NA	NA	NA	NA	NA	NA	NA	NA	NA	NA	NA	NA	NA	NA	NA	NA	5B	2018	blank	NA	Control	Mock rainout	2018-04-24T19:00:00Z	114	2018-04-25T15:00:00Z	115	Early	115	early	2018-04-25T18:00:00Z	120	-5
5	NA	B	n	286	2018-06-13T00:00:00Z	one_or_more	NA	NA	NA	NA	NA	NA	NA	NA	NA	NA	NA	NA	NA	NA	NA	NA	NA	NA	NA	NA	5B	2018	blank	NA	Control	Mock rainout	2018-04-24T19:00:00Z	114	2018-04-25T15:00:00Z	115	Early	115	early	2018-04-25T18:00:00Z	120	-5
5	NA	B	n	287	2018-06-13T00:00:00Z	one_or_more	25	11	35	17	38	25	22	7	NA	NA	NA	NA	NA	NA	NA	NA	NA	NA	NA	NA	5B	2018	blank	4	Control	Mock rainout	2018-04-24T19:00:00Z	114	2018-04-25T15:00:00Z	115	Early	115	early	2018-04-25T18:00:00Z	120	-5
5	closer plant to tag on right of tag	B	n	288	2018-06-13T00:00:00Z	one_or_more	30	13	NA	NA	NA	NA	NA	NA	NA	NA	NA	NA	NA	NA	NA	NA	NA	NA	NA	NA	5B	2018	blank	1	Control	Mock rainout	2018-04-24T19:00:00Z	114	2018-04-25T15:00:00Z	115	Early	115	early	2018-04-25T18:00:00Z	120	-5
5	NA	B	n	289	2018-06-13T00:00:00Z	one_or_more	27	24	NA	NA	NA	NA	NA	NA	NA	NA	NA	NA	NA	NA	NA	NA	NA	NA	NA	NA	5B	2018	blank	1	Control	Mock rainout	2018-04-24T19:00:00Z	114	2018-04-25T15:00:00Z	115	Early	115	early	2018-04-25T18:00:00Z	120	-5
5	NA	B	n	290	2018-06-13T00:00:00Z	one_or_more	41	29	NA	NA	NA	NA	NA	NA	NA	NA	NA	NA	NA	NA	NA	NA	NA	NA	NA	NA	5B	2018	blank	1	Control	Mock rainout	2018-04-24T19:00:00Z	114	2018-04-25T15:00:00Z	115	Early	115	early	2018-04-25T18:00:00Z	120	-5
5	NA	B	n	291	2018-06-13T00:00:00Z	one_or_more	60	31	NA	NA	NA	NA	NA	NA	NA	NA	NA	NA	NA	NA	NA	NA	NA	NA	NA	NA	5B	2018	blank	1	Control	Mock rainout	2018-04-24T19:00:00Z	114	2018-04-25T15:00:00Z	115	Early	115	early	2018-04-25T18:00:00Z	120	-5
5	NA	B	n	292	2018-06-13T00:00:00Z	one_or_more	37	26	21	45	NA	NA	NA	NA	NA	NA	NA	NA	NA	NA	NA	NA	NA	NA	NA	NA	5B	2018	blank	2	Control	Mock rainout	2018-04-24T19:00:00Z	114	2018-04-25T15:00:00Z	115	Early	115	early	2018-04-25T18:00:00Z	120	-5
5	NA	B	n	293	2018-06-13T00:00:00Z	one_or_more	35	14	28	11	NA	NA	NA	NA	NA	NA	NA	NA	NA	NA	NA	NA	NA	NA	NA	NA	5B	2018	blank	2	Control	Mock rainout	2018-04-24T19:00:00Z	114	2018-04-25T15:00:00Z	115	Early	115	early	2018-04-25T18:00:00Z	120	-5
5	2 flowering stalks	B	y	294	2018-06-13T00:00:00Z	one_or_more	18	8	40	28	29	33	NA	NA	NA	NA	NA	NA	NA	NA	NA	NA	NA	NA	NA	NA	5B	2018	blank	3	Control	Mock rainout	2018-04-24T19:00:00Z	114	2018-04-25T15:00:00Z	115	Early	115	early	2018-04-25T18:00:00Z	120	-5
5	NA	B	n	295	2018-06-13T00:00:00Z	one_or_more	NA	NA	NA	NA	NA	NA	NA	NA	NA	NA	NA	NA	NA	NA	NA	NA	NA	NA	NA	NA	5B	2018	blank	NA	Control	Mock rainout	2018-04-24T19:00:00Z	114	2018-04-25T15:00:00Z	115	Early	115	early	2018-04-25T18:00:00Z	120	-5
5	NA	B	n	296	2018-06-13T00:00:00Z	one_or_more	NA	NA	NA	NA	NA	NA	NA	NA	NA	NA	NA	NA	NA	NA	NA	NA	NA	NA	NA	NA	5B	2018	blank	NA	Control	Mock rainout	2018-04-24T19:00:00Z	114	2018-04-25T15:00:00Z	115	Early	115	early	2018-04-25T18:00:00Z	120	-5
5	NA	B	n	297	2018-06-13T00:00:00Z	one_or_more	27	18	NA	NA	NA	NA	NA	NA	NA	NA	NA	NA	NA	NA	NA	NA	NA	NA	NA	NA	5B	2018	blank	1	Control	Mock rainout	2018-04-24T19:00:00Z	114	2018-04-25T15:00:00Z	115	Early	115	early	2018-04-25T18:00:00Z	120	-5
5	NA	B	n	298	2018-06-13T00:00:00Z	one_or_more	40	36	NA	NA	NA	NA	NA	NA	NA	NA	NA	NA	NA	NA	NA	NA	NA	NA	NA	NA	5B	2018	blank	1	Control	Mock rainout	2018-04-24T19:00:00Z	114	2018-04-25T15:00:00Z	115	Early	115	early	2018-04-25T18:00:00Z	120	-5
5	NA	B	n	299	2018-06-13T00:00:00Z	one_or_more	NA	NA	NA	NA	NA	NA	NA	NA	NA	NA	NA	NA	NA	NA	NA	NA	NA	NA	NA	NA	5B	2018	blank	NA	Control	Mock rainout	2018-04-24T19:00:00Z	114	2018-04-25T15:00:00Z	115	Early	115	early	2018-04-25T18:00:00Z	120	-5
5	NA	B	n	300	2018-06-13T00:00:00Z	one_or_more	NA	NA	NA	NA	NA	NA	NA	NA	NA	NA	NA	NA	NA	NA	NA	NA	NA	NA	NA	NA	5B	2018	blank	NA	Control	Mock rainout	2018-04-24T19:00:00Z	114	2018-04-25T15:00:00Z	115	Early	115	early	2018-04-25T18:00:00Z	120	-5
4	NA	B	n	160	2018-06-12T00:00:00Z	one_or_more	37	21	NA	NA	NA	NA	NA	NA	NA	NA	NA	NA	NA	NA	NA	NA	NA	NA	NA	NA	4B	2018	blank	1	Control	Mock rainout	NA	NA	NA	NA	Early	115	early	2018-04-25T18:00:00Z	120	-5
4	NA	B	n	161	2018-06-12T00:00:00Z	one_or_more	29	23	NA	NA	NA	NA	NA	NA	NA	NA	NA	NA	NA	NA	NA	NA	NA	NA	NA	NA	4B	2018	blank	1	Control	Mock rainout	NA	NA	NA	NA	Early	115	early	2018-04-25T18:00:00Z	120	-5
4	NA	B	n	162	2018-06-12T00:00:00Z	one_or_more	NA	NA	NA	NA	NA	NA	NA	NA	NA	NA	NA	NA	NA	NA	NA	NA	NA	NA	NA	NA	4B	2018	blank	NA	Control	Mock rainout	NA	NA	NA	NA	Early	115	early	2018-04-25T18:00:00Z	120	-5
4	NA	B	n	163	2018-06-12T00:00:00Z	one_or_more	NA	NA	NA	NA	NA	NA	NA	NA	NA	NA	NA	NA	NA	NA	NA	NA	NA	NA	NA	NA	4B	2018	blank	NA	Control	Mock rainout	NA	NA	NA	NA	Early	115	early	2018-04-25T18:00:00Z	120	-5
4	NA	B	y	164	2018-06-12T00:00:00Z	one_or_more	27	26	NA	NA	NA	NA	NA	NA	NA	NA	NA	NA	NA	NA	NA	NA	NA	NA	NA	NA	4B	2018	blank	1	Control	Mock rainout	NA	NA	NA	NA	Early	115	early	2018-04-25T18:00:00Z	120	-5
4	NA	B	n	165	2018-06-12T00:00:00Z	one_or_more	NA	NA	NA	NA	NA	NA	NA	NA	NA	NA	NA	NA	NA	NA	NA	NA	NA	NA	NA	NA	4B	2018	blank	NA	Control	Mock rainout	NA	NA	NA	NA	Early	115	early	2018-04-25T18:00:00Z	120	-5
4	NA	B	n	166	2018-06-12T00:00:00Z	one_or_more	NA	NA	NA	NA	NA	NA	NA	NA	NA	NA	NA	NA	NA	NA	NA	NA	NA	NA	NA	NA	4B	2018	blank	NA	Control	Mock rainout	NA	NA	NA	NA	Early	115	early	2018-04-25T18:00:00Z	120	-5
4	NA	B	n	167	2018-06-12T00:00:00Z	one_or_more	NA	NA	NA	NA	NA	NA	NA	NA	NA	NA	NA	NA	NA	NA	NA	NA	NA	NA	NA	NA	4B	2018	blank	NA	Control	Mock rainout	NA	NA	NA	NA	Early	115	early	2018-04-25T18:00:00Z	120	-5
4	NA	B	n	168	2018-06-12T00:00:00Z	one_or_more	45	14	NA	NA	NA	NA	NA	NA	NA	NA	NA	NA	NA	NA	NA	NA	NA	NA	NA	NA	4B	2018	blank	1	Control	Mock rainout	NA	NA	NA	NA	Early	115	early	2018-04-25T18:00:00Z	120	-5
4	NA	B	n	169	2018-06-12T00:00:00Z	one_or_more	NA	NA	NA	NA	NA	NA	NA	NA	NA	NA	NA	NA	NA	NA	NA	NA	NA	NA	NA	NA	4B	2018	blank	NA	Control	Mock rainout	NA	NA	NA	NA	Early	115	early	2018-04-25T18:00:00Z	120	-5
4	NA	B	n	170	2018-06-12T00:00:00Z	one_or_more	30	12	NA	NA	NA	NA	NA	NA	NA	NA	NA	NA	NA	NA	NA	NA	NA	NA	NA	NA	4B	2018	blank	1	Control	Mock rainout	NA	NA	NA	NA	Early	115	early	2018-04-25T18:00:00Z	120	-5
4	NA	B	n	171	2018-06-12T00:00:00Z	one_or_more	NA	NA	NA	NA	NA	NA	NA	NA	NA	NA	NA	NA	NA	NA	NA	NA	NA	NA	NA	NA	4B	2018	blank	NA	Control	Mock rainout	NA	NA	NA	NA	Early	115	early	2018-04-25T18:00:00Z	120	-5
4	NA	B	n	172	2018-06-12T00:00:00Z	one_or_more	33	27	NA	NA	NA	NA	NA	NA	NA	NA	NA	NA	NA	NA	NA	NA	NA	NA	NA	NA	4B	2018	blank	1	Control	Mock rainout	NA	NA	NA	NA	Early	115	early	2018-04-25T18:00:00Z	120	-5
4	NA	B	n	173	2018-06-12T00:00:00Z	one_or_more	22	19	NA	NA	NA	NA	NA	NA	NA	NA	NA	NA	NA	NA	NA	NA	NA	NA	NA	NA	4B	2018	blank	1	Control	Mock rainout	NA	NA	NA	NA	Early	115	early	2018-04-25T18:00:00Z	120	-5
4	NA	B	y	174	2018-06-12T00:00:00Z	one_or_more	32	18	NA	NA	NA	NA	NA	NA	NA	NA	NA	NA	NA	NA	NA	NA	NA	NA	NA	NA	4B	2018	blank	1	Control	Mock rainout	NA	NA	NA	NA	Early	115	early	2018-04-25T18:00:00Z	120	-5
4	NA	B	y	175	2018-06-12T00:00:00Z	one_or_more	20	26	NA	NA	NA	NA	NA	NA	NA	NA	NA	NA	NA	NA	NA	NA	NA	NA	NA	NA	4B	2018	blank	1	Control	Mock rainout	NA	NA	NA	NA	Early	115	early	2018-04-25T18:00:00Z	120	-5
4	NA	B	n	176	2018-06-12T00:00:00Z	one_or_more	NA	NA	NA	NA	NA	NA	NA	NA	NA	NA	NA	NA	NA	NA	NA	NA	NA	NA	NA	NA	4B	2018	blank	NA	Control	Mock rainout	NA	NA	NA	NA	Early	115	early	2018-04-25T18:00:00Z	120	-5
4	NA	B	y	177	2018-06-12T00:00:00Z	one_or_more	32	16	32	23	NA	NA	NA	NA	NA	NA	NA	NA	NA	NA	NA	NA	NA	NA	NA	NA	4B	2018	blank	2	Control	Mock rainout	NA	NA	NA	NA	Early	115	early	2018-04-25T18:00:00Z	120	-5
4	NA	B	n	178	2018-06-12T00:00:00Z	one_or_more	NA	NA	NA	NA	NA	NA	NA	NA	NA	NA	NA	NA	NA	NA	NA	NA	NA	NA	NA	NA	4B	2018	blank	NA	Control	Mock rainout	NA	NA	NA	NA	Early	115	early	2018-04-25T18:00:00Z	120	-5
4	NA	B	n	179	2018-06-12T00:00:00Z	one_or_more	NA	NA	NA	NA	NA	NA	NA	NA	NA	NA	NA	NA	NA	NA	NA	NA	NA	NA	NA	NA	4B	2018	blank	NA	Control	Mock rainout	NA	NA	NA	NA	Early	115	early	2018-04-25T18:00:00Z	120	-5
4	NA	B	n	180	2018-06-12T00:00:00Z	one_or_more	36	20	NA	NA	NA	NA	NA	NA	NA	NA	NA	NA	NA	NA	NA	NA	NA	NA	NA	NA	4B	2018	blank	1	Control	Mock rainout	NA	NA	NA	NA	Early	115	early	2018-04-25T18:00:00Z	120	-5
4	NA	B	y	181	2018-06-12T00:00:00Z	one_or_more	52	16	NA	NA	NA	NA	NA	NA	NA	NA	NA	NA	NA	NA	NA	NA	NA	NA	NA	NA	4B	2018	blank	1	Control	Mock rainout	NA	NA	NA	NA	Early	115	early	2018-04-25T18:00:00Z	120	-5
4	NA	B	n	182	2018-06-12T00:00:00Z	one_or_more	42	23	NA	NA	NA	NA	NA	NA	NA	NA	NA	NA	NA	NA	NA	NA	NA	NA	NA	NA	4B	2018	blank	1	Control	Mock rainout	NA	NA	NA	NA	Early	115	early	2018-04-25T18:00:00Z	120	-5
4	NA	B	y	183	2018-06-12T00:00:00Z	one_or_more	22	26	NA	NA	NA	NA	NA	NA	NA	NA	NA	NA	NA	NA	NA	NA	NA	NA	NA	NA	4B	2018	blank	1	Control	Mock rainout	NA	NA	NA	NA	Early	115	early	2018-04-25T18:00:00Z	120	-5
4	NA	B	n	184	2018-06-12T00:00:00Z	one_or_more	NA	NA	NA	NA	NA	NA	NA	NA	NA	NA	NA	NA	NA	NA	NA	NA	NA	NA	NA	NA	4B	2018	blank	NA	Control	Mock rainout	NA	NA	NA	NA	Early	115	early	2018-04-25T18:00:00Z	120	-5
4	NA	B	n	185	2018-06-12T00:00:00Z	one_or_more	NA	NA	NA	NA	NA	NA	NA	NA	NA	NA	NA	NA	NA	NA	NA	NA	NA	NA	NA	NA	4B	2018	blank	NA	Control	Mock rainout	NA	NA	NA	NA	Early	115	early	2018-04-25T18:00:00Z	120	-5
4	NA	B	n	186	2018-06-12T00:00:00Z	one_or_more	27	17	NA	NA	NA	NA	NA	NA	NA	NA	NA	NA	NA	NA	NA	NA	NA	NA	NA	NA	4B	2018	blank	1	Control	Mock rainout	NA	NA	NA	NA	Early	115	early	2018-04-25T18:00:00Z	120	-5
4	NA	B	n	187	2018-06-12T00:00:00Z	one_or_more	30	18	NA	NA	NA	NA	NA	NA	NA	NA	NA	NA	NA	NA	NA	NA	NA	NA	NA	NA	4B	2018	blank	1	Control	Mock rainout	NA	NA	NA	NA	Early	115	early	2018-04-25T18:00:00Z	120	-5
4	NA	B	n	188	2018-06-12T00:00:00Z	one_or_more	NA	NA	NA	NA	NA	NA	NA	NA	NA	NA	NA	NA	NA	NA	NA	NA	NA	NA	NA	NA	4B	2018	blank	NA	Control	Mock rainout	NA	NA	NA	NA	Early	115	early	2018-04-25T18:00:00Z	120	-5
4	NA	B	y	189	2018-06-12T00:00:00Z	one_or_more	41	26	NA	NA	NA	NA	NA	NA	NA	NA	NA	NA	NA	NA	NA	NA	NA	NA	NA	NA	4B	2018	blank	1	Control	Mock rainout	NA	NA	NA	NA	Early	115	early	2018-04-25T18:00:00Z	120	-5
4	NA	B	n	190	2018-06-12T00:00:00Z	one_or_more	35	7	32	4	32	10	NA	NA	NA	NA	NA	NA	NA	NA	NA	NA	NA	NA	NA	NA	4B	2018	blank	3	Control	Mock rainout	NA	NA	NA	NA	Early	115	early	2018-04-25T18:00:00Z	120	-5
4	NA	B	n	191	2018-06-12T00:00:00Z	one_or_more	NA	NA	NA	NA	NA	NA	NA	NA	NA	NA	NA	NA	NA	NA	NA	NA	NA	NA	NA	NA	4B	2018	blank	NA	Control	Mock rainout	NA	NA	NA	NA	Early	115	early	2018-04-25T18:00:00Z	120	-5
4	NA	B	y	192	2018-06-12T00:00:00Z	one_or_more	30	27	NA	NA	NA	NA	NA	NA	NA	NA	NA	NA	NA	NA	NA	NA	NA	NA	NA	NA	4B	2018	blank	1	Control	Mock rainout	NA	NA	NA	NA	Early	115	early	2018-04-25T18:00:00Z	120	-5
4	NA	B	y	193	2018-06-12T00:00:00Z	one_or_more	21	26	NA	NA	NA	NA	NA	NA	NA	NA	NA	NA	NA	NA	NA	NA	NA	NA	NA	NA	4B	2018	blank	1	Control	Mock rainout	NA	NA	NA	NA	Early	115	early	2018-04-25T18:00:00Z	120	-5
4	NA	B	n	194	2018-06-12T00:00:00Z	one_or_more	29	16	NA	NA	NA	NA	NA	NA	NA	NA	NA	NA	NA	NA	NA	NA	NA	NA	NA	NA	4B	2018	blank	1	Control	Mock rainout	NA	NA	NA	NA	Early	115	early	2018-04-25T18:00:00Z	120	-5
4	NA	B	y	195	2018-06-12T00:00:00Z	one_or_more	27	15	NA	NA	NA	NA	NA	NA	NA	NA	NA	NA	NA	NA	NA	NA	NA	NA	NA	NA	4B	2018	blank	1	Control	Mock rainout	NA	NA	NA	NA	Early	115	early	2018-04-25T18:00:00Z	120	-5
4	NA	B	y	196	2018-06-12T00:00:00Z	one_or_more	15	20	NA	NA	NA	NA	NA	NA	NA	NA	NA	NA	NA	NA	NA	NA	NA	NA	NA	NA	4B	2018	blank	1	Control	Mock rainout	NA	NA	NA	NA	Early	115	early	2018-04-25T18:00:00Z	120	-5
4	NA	B	n	197	2018-06-12T00:00:00Z	one_or_more	NA	NA	NA	NA	NA	NA	NA	NA	NA	NA	NA	NA	NA	NA	NA	NA	NA	NA	NA	NA	4B	2018	blank	NA	Control	Mock rainout	NA	NA	NA	NA	Early	115	early	2018-04-25T18:00:00Z	120	-5
4	NA	B	n	198	2018-06-12T00:00:00Z	one_or_more	27	16	NA	NA	NA	NA	NA	NA	NA	NA	NA	NA	NA	NA	NA	NA	NA	NA	NA	NA	4B	2018	blank	1	Control	Mock rainout	NA	NA	NA	NA	Early	115	early	2018-04-25T18:00:00Z	120	-5
4	NA	B	y	199	2018-06-12T00:00:00Z	one_or_more	47	32	NA	NA	NA	NA	NA	NA	NA	NA	NA	NA	NA	NA	NA	NA	NA	NA	NA	NA	4B	2018	blank	1	Control	Mock rainout	NA	NA	NA	NA	Early	115	early	2018-04-25T18:00:00Z	120	-5
4	NA	B	n	200	2018-06-12T00:00:00Z	one_or_more	NA	NA	NA	NA	NA	NA	NA	NA	NA	NA	NA	NA	NA	NA	NA	NA	NA	NA	NA	NA	4B	2018	blank	NA	Control	Mock rainout	NA	NA	NA	NA	Early	115	early	2018-04-25T18:00:00Z	120	-5
4	NA	B	n	201	2018-06-12T00:00:00Z	one_or_more	41	17	NA	NA	NA	NA	NA	NA	NA	NA	NA	NA	NA	NA	NA	NA	NA	NA	NA	NA	4B	2018	blank	1	Control	Mock rainout	NA	NA	NA	NA	Early	115	early	2018-04-25T18:00:00Z	120	-5
4	NA	B	n	202	2018-06-12T00:00:00Z	one_or_more	32	21	31	8	21	9	NA	NA	NA	NA	NA	NA	NA	NA	NA	NA	NA	NA	NA	NA	4B	2018	blank	3	Control	Mock rainout	NA	NA	NA	NA	Early	115	early	2018-04-25T18:00:00Z	120	-5
4	NA	B	n	203	2018-06-12T00:00:00Z	one_or_more	NA	NA	NA	NA	NA	NA	NA	NA	NA	NA	NA	NA	NA	NA	NA	NA	NA	NA	NA	NA	4B	2018	blank	NA	Control	Mock rainout	NA	NA	NA	NA	Early	115	early	2018-04-25T18:00:00Z	120	-5
4	NA	B	n	204	2018-06-12T00:00:00Z	one_or_more	35	15	NA	NA	NA	NA	NA	NA	NA	NA	NA	NA	NA	NA	NA	NA	NA	NA	NA	NA	4B	2018	blank	1	Control	Mock rainout	NA	NA	NA	NA	Early	115	early	2018-04-25T18:00:00Z	120	-5
4	NA	B	n	205	2018-06-12T00:00:00Z	one_or_more	40	21	NA	NA	NA	NA	NA	NA	NA	NA	NA	NA	NA	NA	NA	NA	NA	NA	NA	NA	4B	2018	blank	1	Control	Mock rainout	NA	NA	NA	NA	Early	115	early	2018-04-25T18:00:00Z	120	-5
4	NA	B	n	206	2018-06-12T00:00:00Z	one_or_more	55	27	NA	NA	NA	NA	NA	NA	NA	NA	NA	NA	NA	NA	NA	NA	NA	NA	NA	NA	4B	2018	blank	1	Control	Mock rainout	NA	NA	NA	NA	Early	115	early	2018-04-25T18:00:00Z	120	-5
4	NA	B	n	207	2018-06-12T00:00:00Z	one_or_more	NA	NA	NA	NA	NA	NA	NA	NA	NA	NA	NA	NA	NA	NA	NA	NA	NA	NA	NA	NA	4B	2018	blank	NA	Control	Mock rainout	NA	NA	NA	NA	Early	115	early	2018-04-25T18:00:00Z	120	-5
4	NA	B	n	208	2018-06-12T00:00:00Z	one_or_more	44	19	NA	NA	NA	NA	NA	NA	NA	NA	NA	NA	NA	NA	NA	NA	NA	NA	NA	NA	4B	2018	blank	1	Control	Mock rainout	NA	NA	NA	NA	Early	115	early	2018-04-25T18:00:00Z	120	-5
4	NA	B	n	209	2018-06-12T00:00:00Z	one_or_more	NA	NA	NA	NA	NA	NA	NA	NA	NA	NA	NA	NA	NA	NA	NA	NA	NA	NA	NA	NA	4B	2018	blank	NA	Control	Mock rainout	NA	NA	NA	NA	Early	115	early	2018-04-25T18:00:00Z	120	-5
4	NA	B	n	210	2018-06-12T00:00:00Z	one_or_more	NA	NA	NA	NA	NA	NA	NA	NA	NA	NA	NA	NA	NA	NA	NA	NA	NA	NA	NA	NA	4B	2018	blank	NA	Control	Mock rainout	NA	NA	NA	NA	Early	115	early	2018-04-25T18:00:00Z	120	-5
5	NA	D	y	228	2018-06-12T00:00:00Z	one_or_more	25	12	NA	NA	NA	NA	NA	NA	NA	NA	NA	NA	NA	NA	NA	NA	NA	NA	NA	NA	5D	2018	blank	1	Control	Control	2018-04-24T19:00:00Z	114	2018-04-25T15:00:00Z	115	Early	115	early	2018-04-25T18:00:00Z	120	-5
5	NA	D	n	229	2018-06-12T00:00:00Z	one_or_more	25	9	37	11	NA	NA	NA	NA	NA	NA	NA	NA	NA	NA	NA	NA	NA	NA	NA	NA	5D	2018	blank	2	Control	Control	2018-04-24T19:00:00Z	114	2018-04-25T15:00:00Z	115	Early	115	early	2018-04-25T18:00:00Z	120	-5
5	NA	D	n	230	2018-06-12T00:00:00Z	one_or_more	25	18	NA	NA	NA	NA	NA	NA	NA	NA	NA	NA	NA	NA	NA	NA	NA	NA	NA	NA	5D	2018	blank	1	Control	Control	2018-04-24T19:00:00Z	114	2018-04-25T15:00:00Z	115	Early	115	early	2018-04-25T18:00:00Z	120	-5
5	NA	D	y	231	2018-06-12T00:00:00Z	one_or_more	32	35	NA	NA	NA	NA	NA	NA	NA	NA	NA	NA	NA	NA	NA	NA	NA	NA	NA	NA	5D	2018	blank	1	Control	Control	2018-04-24T19:00:00Z	114	2018-04-25T15:00:00Z	115	Early	115	early	2018-04-25T18:00:00Z	120	-5
5	NA	D	n	232	2018-06-12T00:00:00Z	one_or_more	22	28	NA	NA	NA	NA	NA	NA	NA	NA	NA	NA	NA	NA	NA	NA	NA	NA	NA	NA	5D	2018	blank	1	Control	Control	2018-04-24T19:00:00Z	114	2018-04-25T15:00:00Z	115	Early	115	early	2018-04-25T18:00:00Z	120	-5
5	NA	D	n	233	2018-06-12T00:00:00Z	one_or_more	NA	NA	NA	NA	NA	NA	NA	NA	NA	NA	NA	NA	NA	NA	NA	NA	NA	NA	NA	NA	5D	2018	blank	NA	Control	Control	2018-04-24T19:00:00Z	114	2018-04-25T15:00:00Z	115	Early	115	early	2018-04-25T18:00:00Z	120	-5
5	NA	D	n	234	2018-06-12T00:00:00Z	one_or_more	NA	NA	NA	NA	NA	NA	NA	NA	NA	NA	NA	NA	NA	NA	NA	NA	NA	NA	NA	NA	5D	2018	blank	NA	Control	Control	2018-04-24T19:00:00Z	114	2018-04-25T15:00:00Z	115	Early	115	early	2018-04-25T18:00:00Z	120	-5
5	NA	D	n	235	2018-06-12T00:00:00Z	one_or_more	29	10	NA	NA	NA	NA	NA	NA	NA	NA	NA	NA	NA	NA	NA	NA	NA	NA	NA	NA	5D	2018	blank	1	Control	Control	2018-04-24T19:00:00Z	114	2018-04-25T15:00:00Z	115	Early	115	early	2018-04-25T18:00:00Z	120	-5
5	NA	D	n	236	2018-06-12T00:00:00Z	one_or_more	NA	NA	NA	NA	NA	NA	NA	NA	NA	NA	NA	NA	NA	NA	NA	NA	NA	NA	NA	NA	5D	2018	blank	NA	Control	Control	2018-04-24T19:00:00Z	114	2018-04-25T15:00:00Z	115	Early	115	early	2018-04-25T18:00:00Z	120	-5
5	NA	D	n	237	2018-06-12T00:00:00Z	one_or_more	42	26	NA	NA	NA	NA	NA	NA	NA	NA	NA	NA	NA	NA	NA	NA	NA	NA	NA	NA	5D	2018	blank	1	Control	Control	2018-04-24T19:00:00Z	114	2018-04-25T15:00:00Z	115	Early	115	early	2018-04-25T18:00:00Z	120	-5
5	NA	D	n	238	2018-06-12T00:00:00Z	one_or_more	NA	NA	NA	NA	NA	NA	NA	NA	NA	NA	NA	NA	NA	NA	NA	NA	NA	NA	NA	NA	5D	2018	blank	NA	Control	Control	2018-04-24T19:00:00Z	114	2018-04-25T15:00:00Z	115	Early	115	early	2018-04-25T18:00:00Z	120	-5
5	NA	D	n	239	2018-06-12T00:00:00Z	one_or_more	NA	NA	NA	NA	NA	NA	NA	NA	NA	NA	NA	NA	NA	NA	NA	NA	NA	NA	NA	NA	5D	2018	blank	NA	Control	Control	2018-04-24T19:00:00Z	114	2018-04-25T15:00:00Z	115	Early	115	early	2018-04-25T18:00:00Z	120	-5
5	NA	D	n	240	2018-06-12T00:00:00Z	one_or_more	31	18	NA	NA	NA	NA	NA	NA	NA	NA	NA	NA	NA	NA	NA	NA	NA	NA	NA	NA	5D	2018	blank	1	Control	Control	2018-04-24T19:00:00Z	114	2018-04-25T15:00:00Z	115	Early	115	early	2018-04-25T18:00:00Z	120	-5
5	NA	D	n	241	2018-06-12T00:00:00Z	one_or_more	32	10	NA	NA	NA	NA	NA	NA	NA	NA	NA	NA	NA	NA	NA	NA	NA	NA	NA	NA	5D	2018	blank	1	Control	Control	2018-04-24T19:00:00Z	114	2018-04-25T15:00:00Z	115	Early	115	early	2018-04-25T18:00:00Z	120	-5
5	NA	D	n	242	2018-06-12T00:00:00Z	one_or_more	NA	NA	NA	NA	NA	NA	NA	NA	NA	NA	NA	NA	NA	NA	NA	NA	NA	NA	NA	NA	5D	2018	blank	NA	Control	Control	2018-04-24T19:00:00Z	114	2018-04-25T15:00:00Z	115	Early	115	early	2018-04-25T18:00:00Z	120	-5
5	NA	D	n	243	2018-06-12T00:00:00Z	one_or_more	NA	NA	NA	NA	NA	NA	NA	NA	NA	NA	NA	NA	NA	NA	NA	NA	NA	NA	NA	NA	5D	2018	blank	NA	Control	Control	2018-04-24T19:00:00Z	114	2018-04-25T15:00:00Z	115	Early	115	early	2018-04-25T18:00:00Z	120	-5
5	NA	D	n	244	2018-06-12T00:00:00Z	one_or_more	NA	NA	NA	NA	NA	NA	NA	NA	NA	NA	NA	NA	NA	NA	NA	NA	NA	NA	NA	NA	5D	2018	blank	NA	Control	Control	2018-04-24T19:00:00Z	114	2018-04-25T15:00:00Z	115	Early	115	early	2018-04-25T18:00:00Z	120	-5
5	NA	D	y	245	2018-06-12T00:00:00Z	one_or_more	22	16	NA	NA	NA	NA	NA	NA	NA	NA	NA	NA	NA	NA	NA	NA	NA	NA	NA	NA	5D	2018	blank	1	Control	Control	2018-04-24T19:00:00Z	114	2018-04-25T15:00:00Z	115	Early	115	early	2018-04-25T18:00:00Z	120	-5
5	NA	D	n	246	2018-06-12T00:00:00Z	one_or_more	32	28	NA	NA	NA	NA	NA	NA	NA	NA	NA	NA	NA	NA	NA	NA	NA	NA	NA	NA	5D	2018	blank	1	Control	Control	2018-04-24T19:00:00Z	114	2018-04-25T15:00:00Z	115	Early	115	early	2018-04-25T18:00:00Z	120	-5
5	NA	D	n	247	2018-06-12T00:00:00Z	one_or_more	NA	NA	NA	NA	NA	NA	NA	NA	NA	NA	NA	NA	NA	NA	NA	NA	NA	NA	NA	NA	5D	2018	blank	NA	Control	Control	2018-04-24T19:00:00Z	114	2018-04-25T15:00:00Z	115	Early	115	early	2018-04-25T18:00:00Z	120	-5
5	NA	D	n	248	2018-06-12T00:00:00Z	one_or_more	NA	NA	NA	NA	NA	NA	NA	NA	NA	NA	NA	NA	NA	NA	NA	NA	NA	NA	NA	NA	5D	2018	blank	NA	Control	Control	2018-04-24T19:00:00Z	114	2018-04-25T15:00:00Z	115	Early	115	early	2018-04-25T18:00:00Z	120	-5
5	NA	D	n	249	2018-06-12T00:00:00Z	one_or_more	NA	NA	NA	NA	NA	NA	NA	NA	NA	NA	NA	NA	NA	NA	NA	NA	NA	NA	NA	NA	5D	2018	blank	NA	Control	Control	2018-04-24T19:00:00Z	114	2018-04-25T15:00:00Z	115	Early	115	early	2018-04-25T18:00:00Z	120	-5
5	NA	D	n	250	2018-06-12T00:00:00Z	one_or_more	NA	NA	NA	NA	NA	NA	NA	NA	NA	NA	NA	NA	NA	NA	NA	NA	NA	NA	NA	NA	5D	2018	blank	NA	Control	Control	2018-04-24T19:00:00Z	114	2018-04-25T15:00:00Z	115	Early	115	early	2018-04-25T18:00:00Z	120	-5
5	NA	D	n	251	2018-06-12T00:00:00Z	one_or_more	NA	NA	NA	NA	NA	NA	NA	NA	NA	NA	NA	NA	NA	NA	NA	NA	NA	NA	NA	NA	5D	2018	blank	NA	Control	Control	2018-04-24T19:00:00Z	114	2018-04-25T15:00:00Z	115	Early	115	early	2018-04-25T18:00:00Z	120	-5
5	NA	D	n	252	2018-06-12T00:00:00Z	one_or_more	NA	NA	NA	NA	NA	NA	NA	NA	NA	NA	NA	NA	NA	NA	NA	NA	NA	NA	NA	NA	5D	2018	blank	NA	Control	Control	2018-04-24T19:00:00Z	114	2018-04-25T15:00:00Z	115	Early	115	early	2018-04-25T18:00:00Z	120	-5
5	NA	D	n	253	2018-06-12T00:00:00Z	one_or_more	32	22	NA	NA	NA	NA	NA	NA	NA	NA	NA	NA	NA	NA	NA	NA	NA	NA	NA	NA	5D	2018	blank	1	Control	Control	2018-04-24T19:00:00Z	114	2018-04-25T15:00:00Z	115	Early	115	early	2018-04-25T18:00:00Z	120	-5
5	NA	D	n	254	2018-06-12T00:00:00Z	one_or_more	NA	NA	NA	NA	NA	NA	NA	NA	NA	NA	NA	NA	NA	NA	NA	NA	NA	NA	NA	NA	5D	2018	blank	NA	Control	Control	2018-04-24T19:00:00Z	114	2018-04-25T15:00:00Z	115	Early	115	early	2018-04-25T18:00:00Z	120	-5
5	NA	D	n	255	2018-06-12T00:00:00Z	one_or_more	NA	NA	NA	NA	NA	NA	NA	NA	NA	NA	NA	NA	NA	NA	NA	NA	NA	NA	NA	NA	5D	2018	blank	NA	Control	Control	2018-04-24T19:00:00Z	114	2018-04-25T15:00:00Z	115	Early	115	early	2018-04-25T18:00:00Z	120	-5
5	NA	D	n	256	2018-06-12T00:00:00Z	one_or_more	NA	NA	NA	NA	NA	NA	NA	NA	NA	NA	NA	NA	NA	NA	NA	NA	NA	NA	NA	NA	5D	2018	blank	NA	Control	Control	2018-04-24T19:00:00Z	114	2018-04-25T15:00:00Z	115	Early	115	early	2018-04-25T18:00:00Z	120	-5
5	NA	D	n	257	2018-06-12T00:00:00Z	one_or_more	21	10	NA	NA	NA	NA	NA	NA	NA	NA	NA	NA	NA	NA	NA	NA	NA	NA	NA	NA	5D	2018	blank	1	Control	Control	2018-04-24T19:00:00Z	114	2018-04-25T15:00:00Z	115	Early	115	early	2018-04-25T18:00:00Z	120	-5
5	needs length	D	y	258	2018-06-12T00:00:00Z	one_or_more	NA	32	NA	NA	NA	NA	NA	NA	NA	NA	NA	NA	NA	NA	NA	NA	NA	NA	NA	NA	5D	2018	blank	1	Control	Control	2018-04-24T19:00:00Z	114	2018-04-25T15:00:00Z	115	Early	115	early	2018-04-25T18:00:00Z	120	-5
5	NA	D	n	259	2018-06-12T00:00:00Z	one_or_more	NA	NA	NA	NA	NA	NA	NA	NA	NA	NA	NA	NA	NA	NA	NA	NA	NA	NA	NA	NA	5D	2018	blank	NA	Control	Control	2018-04-24T19:00:00Z	114	2018-04-25T15:00:00Z	115	Early	115	early	2018-04-25T18:00:00Z	120	-5
5	NA	D	n	260	2018-06-12T00:00:00Z	one_or_more	25	14	NA	NA	NA	NA	NA	NA	NA	NA	NA	NA	NA	NA	NA	NA	NA	NA	NA	NA	5D	2018	blank	1	Control	Control	2018-04-24T19:00:00Z	114	2018-04-25T15:00:00Z	115	Early	115	early	2018-04-25T18:00:00Z	120	-5
5	NA	D	n	261	2018-06-12T00:00:00Z	one_or_more	NA	NA	NA	NA	NA	NA	NA	NA	NA	NA	NA	NA	NA	NA	NA	NA	NA	NA	NA	NA	5D	2018	blank	NA	Control	Control	2018-04-24T19:00:00Z	114	2018-04-25T15:00:00Z	115	Early	115	early	2018-04-25T18:00:00Z	120	-5
5	NA	D	n	262	2018-06-12T00:00:00Z	one_or_more	NA	NA	NA	NA	NA	NA	NA	NA	NA	NA	NA	NA	NA	NA	NA	NA	NA	NA	NA	NA	5D	2018	blank	NA	Control	Control	2018-04-24T19:00:00Z	114	2018-04-25T15:00:00Z	115	Early	115	early	2018-04-25T18:00:00Z	120	-5
5	NA	D	n	263	2018-06-12T00:00:00Z	one_or_more	22	16	NA	NA	NA	NA	NA	NA	NA	NA	NA	NA	NA	NA	NA	NA	NA	NA	NA	NA	5D	2018	blank	1	Control	Control	2018-04-24T19:00:00Z	114	2018-04-25T15:00:00Z	115	Early	115	early	2018-04-25T18:00:00Z	120	-5
5	NA	D	n	264	2018-06-12T00:00:00Z	one_or_more	NA	NA	NA	NA	NA	NA	NA	NA	NA	NA	NA	NA	NA	NA	NA	NA	NA	NA	NA	NA	5D	2018	blank	NA	Control	Control	2018-04-24T19:00:00Z	114	2018-04-25T15:00:00Z	115	Early	115	early	2018-04-25T18:00:00Z	120	-5
5	NA	D	n	265	2018-06-12T00:00:00Z	one_or_more	28	13	NA	NA	NA	NA	NA	NA	NA	NA	NA	NA	NA	NA	NA	NA	NA	NA	NA	NA	5D	2018	blank	1	Control	Control	2018-04-24T19:00:00Z	114	2018-04-25T15:00:00Z	115	Early	115	early	2018-04-25T18:00:00Z	120	-5
5	NA	D	n	266	2018-06-12T00:00:00Z	one_or_more	NA	NA	NA	NA	NA	NA	NA	NA	NA	NA	NA	NA	NA	NA	NA	NA	NA	NA	NA	NA	5D	2018	blank	NA	Control	Control	2018-04-24T19:00:00Z	114	2018-04-25T15:00:00Z	115	Early	115	early	2018-04-25T18:00:00Z	120	-5
5	NA	D	n	267	2018-06-12T00:00:00Z	one_or_more	NA	NA	NA	NA	NA	NA	NA	NA	NA	NA	NA	NA	NA	NA	NA	NA	NA	NA	NA	NA	5D	2018	blank	NA	Control	Control	2018-04-24T19:00:00Z	114	2018-04-25T15:00:00Z	115	Early	115	early	2018-04-25T18:00:00Z	120	-5
5	NA	D	n	268	2018-06-12T00:00:00Z	one_or_more	27	20	NA	NA	NA	NA	NA	NA	NA	NA	NA	NA	NA	NA	NA	NA	NA	NA	NA	NA	5D	2018	blank	1	Control	Control	2018-04-24T19:00:00Z	114	2018-04-25T15:00:00Z	115	Early	115	early	2018-04-25T18:00:00Z	120	-5
5	NA	D	n	269	2018-06-12T00:00:00Z	one_or_more	28	13	NA	NA	NA	NA	NA	NA	NA	NA	NA	NA	NA	NA	NA	NA	NA	NA	NA	NA	5D	2018	blank	1	Control	Control	2018-04-24T19:00:00Z	114	2018-04-25T15:00:00Z	115	Early	115	early	2018-04-25T18:00:00Z	120	-5
5	NA	D	n	270	2018-06-12T00:00:00Z	one_or_more	NA	NA	NA	NA	NA	NA	NA	NA	NA	NA	NA	NA	NA	NA	NA	NA	NA	NA	NA	NA	5D	2018	blank	NA	Control	Control	2018-04-24T19:00:00Z	114	2018-04-25T15:00:00Z	115	Early	115	early	2018-04-25T18:00:00Z	120	-5
5	NA	D	n	271	2018-06-12T00:00:00Z	one_or_more	NA	NA	NA	NA	NA	NA	NA	NA	NA	NA	NA	NA	NA	NA	NA	NA	NA	NA	NA	NA	5D	2018	blank	NA	Control	Control	2018-04-24T19:00:00Z	114	2018-04-25T15:00:00Z	115	Early	115	early	2018-04-25T18:00:00Z	120	-5
5	NA	D	n	272	2018-06-12T00:00:00Z	one_or_more	36	20	NA	NA	NA	NA	NA	NA	NA	NA	NA	NA	NA	NA	NA	NA	NA	NA	NA	NA	5D	2018	blank	1	Control	Control	2018-04-24T19:00:00Z	114	2018-04-25T15:00:00Z	115	Early	115	early	2018-04-25T18:00:00Z	120	-5
5	NA	D	n	273	2018-06-12T00:00:00Z	one_or_more	37	20	NA	NA	NA	NA	NA	NA	NA	NA	NA	NA	NA	NA	NA	NA	NA	NA	NA	NA	5D	2018	blank	1	Control	Control	2018-04-24T19:00:00Z	114	2018-04-25T15:00:00Z	115	Early	115	early	2018-04-25T18:00:00Z	120	-5
5	NA	D	n	274	2018-06-12T00:00:00Z	one_or_more	NA	NA	NA	NA	NA	NA	NA	NA	NA	NA	NA	NA	NA	NA	NA	NA	NA	NA	NA	NA	5D	2018	blank	NA	Control	Control	2018-04-24T19:00:00Z	114	2018-04-25T15:00:00Z	115	Early	115	early	2018-04-25T18:00:00Z	120	-5
5	NA	D	n	275	2018-06-12T00:00:00Z	one_or_more	32	22	NA	NA	NA	NA	NA	NA	NA	NA	NA	NA	NA	NA	NA	NA	NA	NA	NA	NA	5D	2018	blank	1	Control	Control	2018-04-24T19:00:00Z	114	2018-04-25T15:00:00Z	115	Early	115	early	2018-04-25T18:00:00Z	120	-5
5	NA	D	n	276	2018-06-12T00:00:00Z	one_or_more	23	18	NA	NA	NA	NA	NA	NA	NA	NA	NA	NA	NA	NA	NA	NA	NA	NA	NA	NA	5D	2018	blank	1	Control	Control	2018-04-24T19:00:00Z	114	2018-04-25T15:00:00Z	115	Early	115	early	2018-04-25T18:00:00Z	120	-5
5	NA	D	n	277	2018-06-12T00:00:00Z	one_or_more	NA	NA	NA	NA	NA	NA	NA	NA	NA	NA	NA	NA	NA	NA	NA	NA	NA	NA	NA	NA	5D	2018	blank	NA	Control	Control	2018-04-24T19:00:00Z	114	2018-04-25T15:00:00Z	115	Early	115	early	2018-04-25T18:00:00Z	120	-5
5	NA	D	n	278	2018-06-12T00:00:00Z	one_or_more	31	22	NA	NA	NA	NA	NA	NA	NA	NA	NA	NA	NA	NA	NA	NA	NA	NA	NA	NA	5D	2018	blank	1	Control	Control	2018-04-24T19:00:00Z	114	2018-04-25T15:00:00Z	115	Early	115	early	2018-04-25T18:00:00Z	120	-5
5	dead	D	n	279	2018-06-12T00:00:00Z	one_or_more	NA	NA	NA	NA	NA	NA	NA	NA	NA	NA	NA	NA	NA	NA	NA	NA	NA	NA	NA	NA	5D	2018	dead	NA	Control	Control	2018-04-24T19:00:00Z	114	2018-04-25T15:00:00Z	115	Early	115	early	2018-04-25T18:00:00Z	120	-5
5	NA	D	n	280	2018-06-12T00:00:00Z	one_or_more	28	15	NA	NA	NA	NA	NA	NA	NA	NA	NA	NA	NA	NA	NA	NA	NA	NA	NA	NA	5D	2018	blank	1	Control	Control	2018-04-24T19:00:00Z	114	2018-04-25T15:00:00Z	115	Early	115	early	2018-04-25T18:00:00Z	120	-5
5	NA	D	n	281	2018-06-12T00:00:00Z	one_or_more	27	25	NA	NA	NA	NA	NA	NA	NA	NA	NA	NA	NA	NA	NA	NA	NA	NA	NA	NA	5D	2018	blank	1	Control	Control	2018-04-24T19:00:00Z	114	2018-04-25T15:00:00Z	115	Early	115	early	2018-04-25T18:00:00Z	120	-5
5	NA	D	n	282	2018-06-12T00:00:00Z	one_or_more	NA	NA	NA	NA	NA	NA	NA	NA	NA	NA	NA	NA	NA	NA	NA	NA	NA	NA	NA	NA	5D	2018	blank	NA	Control	Control	2018-04-24T19:00:00Z	114	2018-04-25T15:00:00Z	115	Early	115	early	2018-04-25T18:00:00Z	120	-5
5	NA	D	y	283	2018-06-12T00:00:00Z	one_or_more	27	29	NA	NA	NA	NA	NA	NA	NA	NA	NA	NA	NA	NA	NA	NA	NA	NA	NA	NA	5D	2018	blank	1	Control	Control	2018-04-24T19:00:00Z	114	2018-04-25T15:00:00Z	115	Early	115	early	2018-04-25T18:00:00Z	120	-5
5	NA	D	n	284	2018-06-12T00:00:00Z	one_or_more	NA	NA	NA	NA	NA	NA	NA	NA	NA	NA	NA	NA	NA	NA	NA	NA	NA	NA	NA	NA	5D	2018	blank	NA	Control	Control	2018-04-24T19:00:00Z	114	2018-04-25T15:00:00Z	115	Early	115	early	2018-04-25T18:00:00Z	120	-5
5	NA	D	n	285	2018-06-12T00:00:00Z	one_or_more	21	9	NA	NA	NA	NA	NA	NA	NA	NA	NA	NA	NA	NA	NA	NA	NA	NA	NA	NA	5D	2018	blank	1	Control	Control	2018-04-24T19:00:00Z	114	2018-04-25T15:00:00Z	115	Early	115	early	2018-04-25T18:00:00Z	120	-5
5	NA	D	n	286	2018-06-12T00:00:00Z	one_or_more	28	16	NA	NA	NA	NA	NA	NA	NA	NA	NA	NA	NA	NA	NA	NA	NA	NA	NA	NA	5D	2018	blank	1	Control	Control	2018-04-24T19:00:00Z	114	2018-04-25T15:00:00Z	115	Early	115	early	2018-04-25T18:00:00Z	120	-5
5	NA	C	n	201	2018-06-12T00:00:00Z	one_or_more	32	14	NA	NA	NA	NA	NA	NA	NA	NA	NA	NA	NA	NA	NA	NA	NA	NA	NA	NA	5C	2018	blank	1	Reduction	Reduction	2018-04-24T19:00:00Z	114	2018-04-25T15:00:00Z	115	Early	115	early	2018-04-25T18:00:00Z	120	-5
5	NA	C	n	202	2018-06-12T00:00:00Z	one_or_more	NA	NA	NA	NA	NA	NA	NA	NA	NA	NA	NA	NA	NA	NA	NA	NA	NA	NA	NA	NA	5C	2018	blank	NA	Reduction	Reduction	2018-04-24T19:00:00Z	114	2018-04-25T15:00:00Z	115	Early	115	early	2018-04-25T18:00:00Z	120	-5
5	NA	C	n	203	2018-06-12T00:00:00Z	one_or_more	NA	NA	NA	NA	NA	NA	NA	NA	NA	NA	NA	NA	NA	NA	NA	NA	NA	NA	NA	NA	5C	2018	blank	NA	Reduction	Reduction	2018-04-24T19:00:00Z	114	2018-04-25T15:00:00Z	115	Early	115	early	2018-04-25T18:00:00Z	120	-5
5	NA	C	n	204	2018-06-12T00:00:00Z	one_or_more	NA	NA	NA	NA	NA	NA	NA	NA	NA	NA	NA	NA	NA	NA	NA	NA	NA	NA	NA	NA	5C	2018	blank	NA	Reduction	Reduction	2018-04-24T19:00:00Z	114	2018-04-25T15:00:00Z	115	Early	115	early	2018-04-25T18:00:00Z	120	-5
5	NA	C	y	205	2018-06-12T00:00:00Z	one_or_more	22	20	NA	NA	NA	NA	NA	NA	NA	NA	NA	NA	NA	NA	NA	NA	NA	NA	NA	NA	5C	2018	blank	1	Reduction	Reduction	2018-04-24T19:00:00Z	114	2018-04-25T15:00:00Z	115	Early	115	early	2018-04-25T18:00:00Z	120	-5
5	needs counting and length	C	y	206	2018-06-12T00:00:00Z	one_or_more	NA	NA	NA	NA	NA	NA	NA	NA	NA	NA	NA	NA	NA	NA	NA	NA	NA	NA	NA	NA	5C	2018	blank	3	Reduction	Reduction	2018-04-24T19:00:00Z	114	2018-04-25T15:00:00Z	115	Early	115	early	2018-04-25T18:00:00Z	120	-5
5	NA	C	n	207	2018-06-12T00:00:00Z	one_or_more	NA	NA	NA	NA	NA	NA	NA	NA	NA	NA	NA	NA	NA	NA	NA	NA	NA	NA	NA	NA	5C	2018	blank	NA	Reduction	Reduction	2018-04-24T19:00:00Z	114	2018-04-25T15:00:00Z	115	Early	115	early	2018-04-25T18:00:00Z	120	-5
5	NA	C	n	208	2018-06-12T00:00:00Z	one_or_more	27	18	NA	NA	NA	NA	NA	NA	NA	NA	NA	NA	NA	NA	NA	NA	NA	NA	NA	NA	5C	2018	blank	1	Reduction	Reduction	2018-04-24T19:00:00Z	114	2018-04-25T15:00:00Z	115	Early	115	early	2018-04-25T18:00:00Z	120	-5
5	NA	C	n	209	2018-06-12T00:00:00Z	one_or_more	42	21	NA	NA	NA	NA	NA	NA	NA	NA	NA	NA	NA	NA	NA	NA	NA	NA	NA	NA	5C	2018	blank	1	Reduction	Reduction	2018-04-24T19:00:00Z	114	2018-04-25T15:00:00Z	115	Early	115	early	2018-04-25T18:00:00Z	120	-5
5	NA	C	n	210	2018-06-12T00:00:00Z	one_or_more	NA	NA	NA	NA	NA	NA	NA	NA	NA	NA	NA	NA	NA	NA	NA	NA	NA	NA	NA	NA	5C	2018	blank	NA	Reduction	Reduction	2018-04-24T19:00:00Z	114	2018-04-25T15:00:00Z	115	Early	115	early	2018-04-25T18:00:00Z	120	-5
5	NA	C	y	211	2018-06-12T00:00:00Z	one_or_more	26	13	NA	NA	NA	NA	NA	NA	NA	NA	NA	NA	NA	NA	NA	NA	NA	NA	NA	NA	5C	2018	blank	1	Reduction	Reduction	2018-04-24T19:00:00Z	114	2018-04-25T15:00:00Z	115	Early	115	early	2018-04-25T18:00:00Z	120	-5
5	NA	C	y	212	2018-06-12T00:00:00Z	one_or_more	5	16	NA	NA	NA	NA	NA	NA	NA	NA	NA	NA	NA	NA	NA	NA	NA	NA	NA	NA	5C	2018	blank	1	Reduction	Reduction	2018-04-24T19:00:00Z	114	2018-04-25T15:00:00Z	115	Early	115	early	2018-04-25T18:00:00Z	120	-5
5	NA	C	n	213	2018-06-12T00:00:00Z	one_or_more	13	9	NA	NA	NA	NA	NA	NA	NA	NA	NA	NA	NA	NA	NA	NA	NA	NA	NA	NA	5C	2018	blank	1	Reduction	Reduction	2018-04-24T19:00:00Z	114	2018-04-25T15:00:00Z	115	Early	115	early	2018-04-25T18:00:00Z	120	-5
5	NA	C	n	214	2018-06-12T00:00:00Z	one_or_more	25	15	NA	NA	NA	NA	NA	NA	NA	NA	NA	NA	NA	NA	NA	NA	NA	NA	NA	NA	5C	2018	blank	1	Reduction	Reduction	2018-04-24T19:00:00Z	114	2018-04-25T15:00:00Z	115	Early	115	early	2018-04-25T18:00:00Z	120	-5
5	NA	C	y	215	2018-06-12T00:00:00Z	one_or_more	25	19	17	5	NA	NA	NA	NA	NA	NA	NA	NA	NA	NA	NA	NA	NA	NA	NA	NA	5C	2018	blank	2	Reduction	Reduction	2018-04-24T19:00:00Z	114	2018-04-25T15:00:00Z	115	Early	115	early	2018-04-25T18:00:00Z	120	-5
5	NA	C	y	216	2018-06-12T00:00:00Z	one_or_more	31	20	NA	NA	NA	NA	NA	NA	NA	NA	NA	NA	NA	NA	NA	NA	NA	NA	NA	NA	5C	2018	blank	1	Reduction	Reduction	2018-04-24T19:00:00Z	114	2018-04-25T15:00:00Z	115	Early	115	early	2018-04-25T18:00:00Z	120	-5
5	NA	C	n	217	2018-06-12T00:00:00Z	one_or_more	26	18	NA	NA	NA	NA	NA	NA	NA	NA	NA	NA	NA	NA	NA	NA	NA	NA	NA	NA	5C	2018	blank	1	Reduction	Reduction	2018-04-24T19:00:00Z	114	2018-04-25T15:00:00Z	115	Early	115	early	2018-04-25T18:00:00Z	120	-5
5	NA	C	n	218	2018-06-12T00:00:00Z	one_or_more	32	18	NA	NA	NA	NA	NA	NA	NA	NA	NA	NA	NA	NA	NA	NA	NA	NA	NA	NA	5C	2018	blank	1	Reduction	Reduction	2018-04-24T19:00:00Z	114	2018-04-25T15:00:00Z	115	Early	115	early	2018-04-25T18:00:00Z	120	-5
5	NA	C	n	219	2018-06-12T00:00:00Z	one_or_more	27	15	NA	NA	NA	NA	NA	NA	NA	NA	NA	NA	NA	NA	NA	NA	NA	NA	NA	NA	5C	2018	blank	1	Reduction	Reduction	2018-04-24T19:00:00Z	114	2018-04-25T15:00:00Z	115	Early	115	early	2018-04-25T18:00:00Z	120	-5
5	NA	C	y	220	2018-06-12T00:00:00Z	one_or_more	32	19	NA	NA	NA	NA	NA	NA	NA	NA	NA	NA	NA	NA	NA	NA	NA	NA	NA	NA	5C	2018	blank	1	Reduction	Reduction	2018-04-24T19:00:00Z	114	2018-04-25T15:00:00Z	115	Early	115	early	2018-04-25T18:00:00Z	120	-5
5	NA	C	y	221	2018-06-12T00:00:00Z	one_or_more	25	15	NA	NA	NA	NA	NA	NA	NA	NA	NA	NA	NA	NA	NA	NA	NA	NA	NA	NA	5C	2018	blank	1	Reduction	Reduction	2018-04-24T19:00:00Z	114	2018-04-25T15:00:00Z	115	Early	115	early	2018-04-25T18:00:00Z	120	-5
5	NA	C	n	222	2018-06-12T00:00:00Z	one_or_more	21	20	NA	NA	NA	NA	NA	NA	NA	NA	NA	NA	NA	NA	NA	NA	NA	NA	NA	NA	5C	2018	blank	1	Reduction	Reduction	2018-04-24T19:00:00Z	114	2018-04-25T15:00:00Z	115	Early	115	early	2018-04-25T18:00:00Z	120	-5
5	NA	C	n	223	2018-06-12T00:00:00Z	one_or_more	29	18	NA	NA	NA	NA	NA	NA	NA	NA	NA	NA	NA	NA	NA	NA	NA	NA	NA	NA	5C	2018	blank	1	Reduction	Reduction	2018-04-24T19:00:00Z	114	2018-04-25T15:00:00Z	115	Early	115	early	2018-04-25T18:00:00Z	120	-5
5	NA	C	n	224	2018-06-12T00:00:00Z	one_or_more	24	9	NA	NA	NA	NA	NA	NA	NA	NA	NA	NA	NA	NA	NA	NA	NA	NA	NA	NA	5C	2018	blank	1	Reduction	Reduction	2018-04-24T19:00:00Z	114	2018-04-25T15:00:00Z	115	Early	115	early	2018-04-25T18:00:00Z	120	-5
5	NA	C	n	225	2018-06-12T00:00:00Z	one_or_more	NA	NA	NA	NA	NA	NA	NA	NA	NA	NA	NA	NA	NA	NA	NA	NA	NA	NA	NA	NA	5C	2018	blank	NA	Reduction	Reduction	2018-04-24T19:00:00Z	114	2018-04-25T15:00:00Z	115	Early	115	early	2018-04-25T18:00:00Z	120	-5
5	NA	C	n	226	2018-06-12T00:00:00Z	one_or_more	NA	NA	NA	NA	NA	NA	NA	NA	NA	NA	NA	NA	NA	NA	NA	NA	NA	NA	NA	NA	5C	2018	blank	NA	Reduction	Reduction	2018-04-24T19:00:00Z	114	2018-04-25T15:00:00Z	115	Early	115	early	2018-04-25T18:00:00Z	120	-5
5	NA	C	n	227	2018-06-12T00:00:00Z	one_or_more	NA	NA	NA	NA	NA	NA	NA	NA	NA	NA	NA	NA	NA	NA	NA	NA	NA	NA	NA	NA	5C	2018	blank	NA	Reduction	Reduction	2018-04-24T19:00:00Z	114	2018-04-25T15:00:00Z	115	Early	115	early	2018-04-25T18:00:00Z	120	-5
6	NA	D	n	36	2018-06-05T00:00:00Z	one_or_more	11	12	NA	NA	NA	NA	NA	NA	NA	NA	NA	NA	NA	NA	NA	NA	NA	NA	NA	NA	6D	2018	blank	1	Addition	Addition	2018-04-30T15:00:00Z	120	2018-04-30T19:00:00Z	120	Normal	120	normal	2018-04-30T18:00:00Z	120	0
6	NA	D	n	37	2018-06-05T00:00:00Z	one_or_more	7	13	NA	NA	NA	NA	NA	NA	NA	NA	NA	NA	NA	NA	NA	NA	NA	NA	NA	NA	6D	2018	blank	1	Addition	Addition	2018-04-30T15:00:00Z	120	2018-04-30T19:00:00Z	120	Normal	120	normal	2018-04-30T18:00:00Z	120	0
6	NA	D	n	38	2018-06-05T00:00:00Z	one_or_more	26	22	NA	NA	NA	NA	NA	NA	NA	NA	NA	NA	NA	NA	NA	NA	NA	NA	NA	NA	6D	2018	blank	1	Addition	Addition	2018-04-30T15:00:00Z	120	2018-04-30T19:00:00Z	120	Normal	120	normal	2018-04-30T18:00:00Z	120	0
6	NA	D	n	39	2018-06-05T00:00:00Z	one_or_more	41	18	NA	NA	NA	NA	NA	NA	NA	NA	NA	NA	NA	NA	NA	NA	NA	NA	NA	NA	6D	2018	blank	1	Addition	Addition	2018-04-30T15:00:00Z	120	2018-04-30T19:00:00Z	120	Normal	120	normal	2018-04-30T18:00:00Z	120	0
6	NA	D	n	40	2018-06-05T00:00:00Z	one_or_more	27	17	NA	NA	NA	NA	NA	NA	NA	NA	NA	NA	NA	NA	NA	NA	NA	NA	NA	NA	6D	2018	blank	1	Addition	Addition	2018-04-30T15:00:00Z	120	2018-04-30T19:00:00Z	120	Normal	120	normal	2018-04-30T18:00:00Z	120	0
6	NA	D	n	41	2018-06-05T00:00:00Z	one_or_more	7	11	NA	NA	NA	NA	NA	NA	NA	NA	NA	NA	NA	NA	NA	NA	NA	NA	NA	NA	6D	2018	blank	1	Addition	Addition	2018-04-30T15:00:00Z	120	2018-04-30T19:00:00Z	120	Normal	120	normal	2018-04-30T18:00:00Z	120	0
6	NA	D	y	42	2018-06-05T00:00:00Z	one_or_more	22	17	NA	NA	NA	NA	NA	NA	NA	NA	NA	NA	NA	NA	NA	NA	NA	NA	NA	NA	6D	2018	blank	1	Addition	Addition	2018-04-30T15:00:00Z	120	2018-04-30T19:00:00Z	120	Normal	120	normal	2018-04-30T18:00:00Z	120	0
6	NA	D	n	43	2018-06-05T00:00:00Z	one_or_more	25	12	NA	NA	NA	NA	NA	NA	NA	NA	NA	NA	NA	NA	NA	NA	NA	NA	NA	NA	6D	2018	blank	1	Addition	Addition	2018-04-30T15:00:00Z	120	2018-04-30T19:00:00Z	120	Normal	120	normal	2018-04-30T18:00:00Z	120	0
6	NA	D	y	44	2018-06-05T00:00:00Z	one_or_more	33	30	NA	NA	NA	NA	NA	NA	NA	NA	NA	NA	NA	NA	NA	NA	NA	NA	NA	NA	6D	2018	blank	1	Addition	Addition	2018-04-30T15:00:00Z	120	2018-04-30T19:00:00Z	120	Normal	120	normal	2018-04-30T18:00:00Z	120	0
6	NA	D	y	45	2018-06-05T00:00:00Z	one_or_more	25	17	NA	NA	NA	NA	NA	NA	NA	NA	NA	NA	NA	NA	NA	NA	NA	NA	NA	NA	6D	2018	blank	1	Addition	Addition	2018-04-30T15:00:00Z	120	2018-04-30T19:00:00Z	120	Normal	120	normal	2018-04-30T18:00:00Z	120	0
6	NA	D	n	46	2018-06-05T00:00:00Z	one_or_more	23	16	NA	NA	NA	NA	NA	NA	NA	NA	NA	NA	NA	NA	NA	NA	NA	NA	NA	NA	6D	2018	blank	1	Addition	Addition	2018-04-30T15:00:00Z	120	2018-04-30T19:00:00Z	120	Normal	120	normal	2018-04-30T18:00:00Z	120	0
6	NA	D	y	47	2018-06-05T00:00:00Z	one_or_more	37	26	NA	NA	NA	NA	NA	NA	NA	NA	NA	NA	NA	NA	NA	NA	NA	NA	NA	NA	6D	2018	blank	1	Addition	Addition	2018-04-30T15:00:00Z	120	2018-04-30T19:00:00Z	120	Normal	120	normal	2018-04-30T18:00:00Z	120	0
6	NA	D	n	48	2018-06-05T00:00:00Z	one_or_more	12	10	20	9	NA	NA	NA	NA	NA	NA	NA	NA	NA	NA	NA	NA	NA	NA	NA	NA	6D	2018	blank	2	Addition	Addition	2018-04-30T15:00:00Z	120	2018-04-30T19:00:00Z	120	Normal	120	normal	2018-04-30T18:00:00Z	120	0
6	NA	D	n	49	2018-06-05T00:00:00Z	one_or_more	22	20	NA	NA	NA	NA	NA	NA	NA	NA	NA	NA	NA	NA	NA	NA	NA	NA	NA	NA	6D	2018	blank	1	Addition	Addition	2018-04-30T15:00:00Z	120	2018-04-30T19:00:00Z	120	Normal	120	normal	2018-04-30T18:00:00Z	120	0
6	NA	D	n	50	2018-06-05T00:00:00Z	one_or_more	30	12	15	10	NA	NA	NA	NA	NA	NA	NA	NA	NA	NA	NA	NA	NA	NA	NA	NA	6D	2018	blank	2	Addition	Addition	2018-04-30T15:00:00Z	120	2018-04-30T19:00:00Z	120	Normal	120	normal	2018-04-30T18:00:00Z	120	0
6	NA	D	n	51	2018-06-05T00:00:00Z	one_or_more	25	17	25	9	NA	NA	NA	NA	NA	NA	NA	NA	NA	NA	NA	NA	NA	NA	NA	NA	6D	2018	blank	2	Addition	Addition	2018-04-30T15:00:00Z	120	2018-04-30T19:00:00Z	120	Normal	120	normal	2018-04-30T18:00:00Z	120	0
6	NA	D	n	52	2018-06-05T00:00:00Z	one_or_more	5	6	NA	NA	NA	NA	NA	NA	NA	NA	NA	NA	NA	NA	NA	NA	NA	NA	NA	NA	6D	2018	blank	1	Addition	Addition	2018-04-30T15:00:00Z	120	2018-04-30T19:00:00Z	120	Normal	120	normal	2018-04-30T18:00:00Z	120	0
6	NA	D	n	53	2018-06-05T00:00:00Z	one_or_more	35	22	NA	NA	NA	NA	NA	NA	NA	NA	NA	NA	NA	NA	NA	NA	NA	NA	NA	NA	6D	2018	blank	1	Addition	Addition	2018-04-30T15:00:00Z	120	2018-04-30T19:00:00Z	120	Normal	120	normal	2018-04-30T18:00:00Z	120	0
6	NA	D	y	54	2018-06-05T00:00:00Z	one_or_more	27	33	NA	NA	NA	NA	NA	NA	NA	NA	NA	NA	NA	NA	NA	NA	NA	NA	NA	NA	6D	2018	blank	1	Addition	Addition	2018-04-30T15:00:00Z	120	2018-04-30T19:00:00Z	120	Normal	120	normal	2018-04-30T18:00:00Z	120	0
6	NA	D	n	55	2018-06-05T00:00:00Z	one_or_more	32	16	NA	NA	NA	NA	NA	NA	NA	NA	NA	NA	NA	NA	NA	NA	NA	NA	NA	NA	6D	2018	blank	1	Addition	Addition	2018-04-30T15:00:00Z	120	2018-04-30T19:00:00Z	120	Normal	120	normal	2018-04-30T18:00:00Z	120	0
6	NA	D	n	56	2018-06-05T00:00:00Z	one_or_more	12	18	NA	NA	NA	NA	NA	NA	NA	NA	NA	NA	NA	NA	NA	NA	NA	NA	NA	NA	6D	2018	blank	1	Addition	Addition	2018-04-30T15:00:00Z	120	2018-04-30T19:00:00Z	120	Normal	120	normal	2018-04-30T18:00:00Z	120	0
6	NA	D	n	57	2018-06-05T00:00:00Z	one_or_more	7	10	NA	NA	NA	NA	NA	NA	NA	NA	NA	NA	NA	NA	NA	NA	NA	NA	NA	NA	6D	2018	blank	1	Addition	Addition	2018-04-30T15:00:00Z	120	2018-04-30T19:00:00Z	120	Normal	120	normal	2018-04-30T18:00:00Z	120	0
6	NA	D	n	58	2018-06-05T00:00:00Z	one_or_more	3	4	NA	NA	NA	NA	NA	NA	NA	NA	NA	NA	NA	NA	NA	NA	NA	NA	NA	NA	6D	2018	blank	1	Addition	Addition	2018-04-30T15:00:00Z	120	2018-04-30T19:00:00Z	120	Normal	120	normal	2018-04-30T18:00:00Z	120	0
6	NA	D	n	59	2018-06-05T00:00:00Z	one_or_more	6	10	NA	NA	NA	NA	NA	NA	NA	NA	NA	NA	NA	NA	NA	NA	NA	NA	NA	NA	6D	2018	blank	1	Addition	Addition	2018-04-30T15:00:00Z	120	2018-04-30T19:00:00Z	120	Normal	120	normal	2018-04-30T18:00:00Z	120	0
6	NA	D	n	60	2018-06-05T00:00:00Z	one_or_more	13	18	NA	NA	NA	NA	NA	NA	NA	NA	NA	NA	NA	NA	NA	NA	NA	NA	NA	NA	6D	2018	blank	1	Addition	Addition	2018-04-30T15:00:00Z	120	2018-04-30T19:00:00Z	120	Normal	120	normal	2018-04-30T18:00:00Z	120	0
6	NA	D	n	61	2018-06-05T00:00:00Z	one_or_more	11	14	NA	NA	NA	NA	NA	NA	NA	NA	NA	NA	NA	NA	NA	NA	NA	NA	NA	NA	6D	2018	blank	1	Addition	Addition	2018-04-30T15:00:00Z	120	2018-04-30T19:00:00Z	120	Normal	120	normal	2018-04-30T18:00:00Z	120	0
6	NA	D	n	62	2018-06-05T00:00:00Z	one_or_more	13	9	NA	NA	NA	NA	NA	NA	NA	NA	NA	NA	NA	NA	NA	NA	NA	NA	NA	NA	6D	2018	blank	1	Addition	Addition	2018-04-30T15:00:00Z	120	2018-04-30T19:00:00Z	120	Normal	120	normal	2018-04-30T18:00:00Z	120	0
6	NA	D	n	63	2018-06-05T00:00:00Z	one_or_more	13	11	NA	NA	NA	NA	NA	NA	NA	NA	NA	NA	NA	NA	NA	NA	NA	NA	NA	NA	6D	2018	blank	1	Addition	Addition	2018-04-30T15:00:00Z	120	2018-04-30T19:00:00Z	120	Normal	120	normal	2018-04-30T18:00:00Z	120	0
6	NA	D	n	64	2018-06-05T00:00:00Z	one_or_more	7	7	NA	NA	NA	NA	NA	NA	NA	NA	NA	NA	NA	NA	NA	NA	NA	NA	NA	NA	6D	2018	blank	1	Addition	Addition	2018-04-30T15:00:00Z	120	2018-04-30T19:00:00Z	120	Normal	120	normal	2018-04-30T18:00:00Z	120	0
6	NA	D	n	65	2018-06-05T00:00:00Z	one_or_more	20	11	15	9	NA	NA	NA	NA	NA	NA	NA	NA	NA	NA	NA	NA	NA	NA	NA	NA	6D	2018	blank	2	Addition	Addition	2018-04-30T15:00:00Z	120	2018-04-30T19:00:00Z	120	Normal	120	normal	2018-04-30T18:00:00Z	120	0
6	NA	D	y	66	2018-06-05T00:00:00Z	one_or_more	25	33	NA	NA	NA	NA	NA	NA	NA	NA	NA	NA	NA	NA	NA	NA	NA	NA	NA	NA	6D	2018	blank	1	Addition	Addition	2018-04-30T15:00:00Z	120	2018-04-30T19:00:00Z	120	Normal	120	normal	2018-04-30T18:00:00Z	120	0
6	NA	D	n	67	2018-06-05T00:00:00Z	one_or_more	15	11	NA	NA	NA	NA	NA	NA	NA	NA	NA	NA	NA	NA	NA	NA	NA	NA	NA	NA	6D	2018	blank	1	Addition	Addition	2018-04-30T15:00:00Z	120	2018-04-30T19:00:00Z	120	Normal	120	normal	2018-04-30T18:00:00Z	120	0
6	NA	D	n	68	2018-06-05T00:00:00Z	one_or_more	20	8	20	12	NA	NA	NA	NA	NA	NA	NA	NA	NA	NA	NA	NA	NA	NA	NA	NA	6D	2018	blank	2	Addition	Addition	2018-04-30T15:00:00Z	120	2018-04-30T19:00:00Z	120	Normal	120	normal	2018-04-30T18:00:00Z	120	0
6	NA	D	n	69	2018-06-05T00:00:00Z	one_or_more	25	20	NA	NA	NA	NA	NA	NA	NA	NA	NA	NA	NA	NA	NA	NA	NA	NA	NA	NA	6D	2018	blank	1	Addition	Addition	2018-04-30T15:00:00Z	120	2018-04-30T19:00:00Z	120	Normal	120	normal	2018-04-30T18:00:00Z	120	0
6	NA	D	n	70	2018-06-05T00:00:00Z	one_or_more	13	8	NA	NA	NA	NA	NA	NA	NA	NA	NA	NA	NA	NA	NA	NA	NA	NA	NA	NA	6D	2018	blank	1	Addition	Addition	2018-04-30T15:00:00Z	120	2018-04-30T19:00:00Z	120	Normal	120	normal	2018-04-30T18:00:00Z	120	0
6	NA	D	n	71	2018-06-05T00:00:00Z	one_or_more	25	12	NA	NA	NA	NA	NA	NA	NA	NA	NA	NA	NA	NA	NA	NA	NA	NA	NA	NA	6D	2018	blank	1	Addition	Addition	2018-04-30T15:00:00Z	120	2018-04-30T19:00:00Z	120	Normal	120	normal	2018-04-30T18:00:00Z	120	0
6	NA	D	n	72	2018-06-05T00:00:00Z	one_or_more	3	4	NA	NA	NA	NA	NA	NA	NA	NA	NA	NA	NA	NA	NA	NA	NA	NA	NA	NA	6D	2018	blank	1	Addition	Addition	2018-04-30T15:00:00Z	120	2018-04-30T19:00:00Z	120	Normal	120	normal	2018-04-30T18:00:00Z	120	0
6	NA	D	n	73	2018-06-05T00:00:00Z	one_or_more	5	8	NA	NA	NA	NA	NA	NA	NA	NA	NA	NA	NA	NA	NA	NA	NA	NA	NA	NA	6D	2018	blank	1	Addition	Addition	2018-04-30T15:00:00Z	120	2018-04-30T19:00:00Z	120	Normal	120	normal	2018-04-30T18:00:00Z	120	0
6	NA	D	n	74	2018-06-05T00:00:00Z	one_or_more	5	6	NA	NA	NA	NA	NA	NA	NA	NA	NA	NA	NA	NA	NA	NA	NA	NA	NA	NA	6D	2018	blank	1	Addition	Addition	2018-04-30T15:00:00Z	120	2018-04-30T19:00:00Z	120	Normal	120	normal	2018-04-30T18:00:00Z	120	0
6	NA	D	n	75	2018-06-05T00:00:00Z	one_or_more	25	12	NA	NA	NA	NA	NA	NA	NA	NA	NA	NA	NA	NA	NA	NA	NA	NA	NA	NA	6D	2018	blank	1	Addition	Addition	2018-04-30T15:00:00Z	120	2018-04-30T19:00:00Z	120	Normal	120	normal	2018-04-30T18:00:00Z	120	0
6	NA	D	n	76	2018-06-05T00:00:00Z	one_or_more	3	5	NA	NA	NA	NA	NA	NA	NA	NA	NA	NA	NA	NA	NA	NA	NA	NA	NA	NA	6D	2018	blank	1	Addition	Addition	2018-04-30T15:00:00Z	120	2018-04-30T19:00:00Z	120	Normal	120	normal	2018-04-30T18:00:00Z	120	0
6	NA	D	n	77	2018-06-05T00:00:00Z	one_or_more	30	16	NA	NA	NA	NA	NA	NA	NA	NA	NA	NA	NA	NA	NA	NA	NA	NA	NA	NA	6D	2018	blank	1	Addition	Addition	2018-04-30T15:00:00Z	120	2018-04-30T19:00:00Z	120	Normal	120	normal	2018-04-30T18:00:00Z	120	0
6	NA	D	n	78	2018-06-05T00:00:00Z	one_or_more	NA	NA	NA	NA	NA	NA	NA	NA	NA	NA	NA	NA	NA	NA	NA	NA	NA	NA	NA	NA	6D	2018	blank	NA	Addition	Addition	2018-04-30T15:00:00Z	120	2018-04-30T19:00:00Z	120	Normal	120	normal	2018-04-30T18:00:00Z	120	0
3	NA	D	n	839	2018-06-11T00:00:00Z	one_or_more	32	15	NA	NA	NA	NA	NA	NA	NA	NA	NA	NA	NA	NA	NA	NA	NA	NA	NA	NA	3D	2018	blank	1	Control	Control	2018-04-29T18:00:00Z	119	2018-04-29T22:00:00Z	119	Normal	120	normal	2018-04-30T18:00:00Z	120	0
3	NA	D	n	840	2018-06-11T00:00:00Z	one_or_more	12	23	NA	NA	NA	NA	NA	NA	NA	NA	NA	NA	NA	NA	NA	NA	NA	NA	NA	NA	3D	2018	blank	1	Control	Control	2018-04-29T18:00:00Z	119	2018-04-29T22:00:00Z	119	Normal	120	normal	2018-04-30T18:00:00Z	120	0
3	NA	D	n	841	2018-06-11T00:00:00Z	one_or_more	21	13	NA	NA	NA	NA	NA	NA	NA	NA	NA	NA	NA	NA	NA	NA	NA	NA	NA	NA	3D	2018	blank	1	Control	Control	2018-04-29T18:00:00Z	119	2018-04-29T22:00:00Z	119	Normal	120	normal	2018-04-30T18:00:00Z	120	0
3	NA	D	n	842	2018-06-11T00:00:00Z	blank	NA	NA	NA	NA	NA	NA	NA	NA	NA	NA	NA	NA	NA	NA	NA	NA	NA	NA	NA	NA	3D	2018	blank	NA	Control	Control	2018-04-29T18:00:00Z	119	2018-04-29T22:00:00Z	119	Normal	120	normal	2018-04-30T18:00:00Z	120	0
3	shriveled	D	n	843	2018-06-11T00:00:00Z	blank	NA	NA	NA	NA	NA	NA	NA	NA	NA	NA	NA	NA	NA	NA	NA	NA	NA	NA	NA	NA	3D	2018	blank	NA	Control	Control	2018-04-29T18:00:00Z	119	2018-04-29T22:00:00Z	119	Normal	120	normal	2018-04-30T18:00:00Z	120	0
3	NA	D	n	844	2018-06-11T00:00:00Z	one_or_more	31	29	NA	NA	NA	NA	NA	NA	NA	NA	NA	NA	NA	NA	NA	NA	NA	NA	NA	NA	3D	2018	blank	1	Control	Control	2018-04-29T18:00:00Z	119	2018-04-29T22:00:00Z	119	Normal	120	normal	2018-04-30T18:00:00Z	120	0
3	NA	D	n	845	2018-06-11T00:00:00Z	blank	NA	NA	NA	NA	NA	NA	NA	NA	NA	NA	NA	NA	NA	NA	NA	NA	NA	NA	NA	NA	3D	2018	blank	NA	Control	Control	2018-04-29T18:00:00Z	119	2018-04-29T22:00:00Z	119	Normal	120	normal	2018-04-30T18:00:00Z	120	0
3	NA	D	n	846	2018-06-11T00:00:00Z	one_or_more	26	16	NA	NA	NA	NA	NA	NA	NA	NA	NA	NA	NA	NA	NA	NA	NA	NA	NA	NA	3D	2018	blank	1	Control	Control	2018-04-29T18:00:00Z	119	2018-04-29T22:00:00Z	119	Normal	120	normal	2018-04-30T18:00:00Z	120	0
3	NA	D	n	847	2018-06-11T00:00:00Z	blank	NA	NA	NA	NA	NA	NA	NA	NA	NA	NA	NA	NA	NA	NA	NA	NA	NA	NA	NA	NA	3D	2018	blank	NA	Control	Control	2018-04-29T18:00:00Z	119	2018-04-29T22:00:00Z	119	Normal	120	normal	2018-04-30T18:00:00Z	120	0
3	NA	D	n	848	2018-06-11T00:00:00Z	one_or_more	27	13	NA	NA	NA	NA	NA	NA	NA	NA	NA	NA	NA	NA	NA	NA	NA	NA	NA	NA	3D	2018	blank	1	Control	Control	2018-04-29T18:00:00Z	119	2018-04-29T22:00:00Z	119	Normal	120	normal	2018-04-30T18:00:00Z	120	0
3	NA	D	n	849	2018-06-11T00:00:00Z	blank	NA	NA	NA	NA	NA	NA	NA	NA	NA	NA	NA	NA	NA	NA	NA	NA	NA	NA	NA	NA	3D	2018	blank	NA	Control	Control	2018-04-29T18:00:00Z	119	2018-04-29T22:00:00Z	119	Normal	120	normal	2018-04-30T18:00:00Z	120	0
3	NA	D	n	850	2018-06-11T00:00:00Z	blank	NA	NA	NA	NA	NA	NA	NA	NA	NA	NA	NA	NA	NA	NA	NA	NA	NA	NA	NA	NA	3D	2018	blank	NA	Control	Control	2018-04-29T18:00:00Z	119	2018-04-29T22:00:00Z	119	Normal	120	normal	2018-04-30T18:00:00Z	120	0
3	NA	D	n	851	2018-06-11T00:00:00Z	blank	NA	NA	NA	NA	NA	NA	NA	NA	NA	NA	NA	NA	NA	NA	NA	NA	NA	NA	NA	NA	3D	2018	blank	NA	Control	Control	2018-04-29T18:00:00Z	119	2018-04-29T22:00:00Z	119	Normal	120	normal	2018-04-30T18:00:00Z	120	0
3	NA	D	n	852	2018-06-11T00:00:00Z	blank	NA	NA	NA	NA	NA	NA	NA	NA	NA	NA	NA	NA	NA	NA	NA	NA	NA	NA	NA	NA	3D	2018	blank	NA	Control	Control	2018-04-29T18:00:00Z	119	2018-04-29T22:00:00Z	119	Normal	120	normal	2018-04-30T18:00:00Z	120	0
3	NA	D	n	853	2018-06-11T00:00:00Z	one_or_more	46	47	NA	NA	NA	NA	NA	NA	NA	NA	NA	NA	NA	NA	NA	NA	NA	NA	NA	NA	3D	2018	blank	1	Control	Control	2018-04-29T18:00:00Z	119	2018-04-29T22:00:00Z	119	Normal	120	normal	2018-04-30T18:00:00Z	120	0
3	NA	D	n	854	2018-06-11T00:00:00Z	blank	NA	NA	NA	NA	NA	NA	NA	NA	NA	NA	NA	NA	NA	NA	NA	NA	NA	NA	NA	NA	3D	2018	blank	NA	Control	Control	2018-04-29T18:00:00Z	119	2018-04-29T22:00:00Z	119	Normal	120	normal	2018-04-30T18:00:00Z	120	0
3	NA	D	n	855	2018-06-11T00:00:00Z	one_or_more	29	16	NA	NA	NA	NA	NA	NA	NA	NA	NA	NA	NA	NA	NA	NA	NA	NA	NA	NA	3D	2018	blank	1	Control	Control	2018-04-29T18:00:00Z	119	2018-04-29T22:00:00Z	119	Normal	120	normal	2018-04-30T18:00:00Z	120	0
3	NA	D	n	856	2018-06-11T00:00:00Z	one_or_more	21	45	NA	NA	NA	NA	NA	NA	NA	NA	NA	NA	NA	NA	NA	NA	NA	NA	NA	NA	3D	2018	blank	1	Control	Control	2018-04-29T18:00:00Z	119	2018-04-29T22:00:00Z	119	Normal	120	normal	2018-04-30T18:00:00Z	120	0
3	NA	D	y	857	2018-06-11T00:00:00Z	one_or_more	21	11	16	7	31	37	NA	NA	NA	NA	NA	NA	NA	NA	NA	NA	NA	NA	NA	NA	3D	2018	blank	3	Control	Control	2018-04-29T18:00:00Z	119	2018-04-29T22:00:00Z	119	Normal	120	normal	2018-04-30T18:00:00Z	120	0
3	NA	D	n	858	2018-06-11T00:00:00Z	one_or_more	27	13	NA	NA	NA	NA	NA	NA	NA	NA	NA	NA	NA	NA	NA	NA	NA	NA	NA	NA	3D	2018	blank	1	Control	Control	2018-04-29T18:00:00Z	119	2018-04-29T22:00:00Z	119	Normal	120	normal	2018-04-30T18:00:00Z	120	0
3	NA	D	n	859	2018-06-11T00:00:00Z	blank	NA	NA	NA	NA	NA	NA	NA	NA	NA	NA	NA	NA	NA	NA	NA	NA	NA	NA	NA	NA	3D	2018	blank	NA	Control	Control	2018-04-29T18:00:00Z	119	2018-04-29T22:00:00Z	119	Normal	120	normal	2018-04-30T18:00:00Z	120	0
3	NA	D	n	860	2018-06-11T00:00:00Z	one_or_more	41	41	NA	NA	NA	NA	NA	NA	NA	NA	NA	NA	NA	NA	NA	NA	NA	NA	NA	NA	3D	2018	blank	1	Control	Control	2018-04-29T18:00:00Z	119	2018-04-29T22:00:00Z	119	Normal	120	normal	2018-04-30T18:00:00Z	120	0
3	NA	D	n	861	2018-06-11T00:00:00Z	one_or_more	23	14	NA	NA	NA	NA	NA	NA	NA	NA	NA	NA	NA	NA	NA	NA	NA	NA	NA	NA	3D	2018	blank	1	Control	Control	2018-04-29T18:00:00Z	119	2018-04-29T22:00:00Z	119	Normal	120	normal	2018-04-30T18:00:00Z	120	0
3	NA	D	n	862	2018-06-11T00:00:00Z	blank	NA	NA	NA	NA	NA	NA	NA	NA	NA	NA	NA	NA	NA	NA	NA	NA	NA	NA	NA	NA	3D	2018	blank	NA	Control	Control	2018-04-29T18:00:00Z	119	2018-04-29T22:00:00Z	119	Normal	120	normal	2018-04-30T18:00:00Z	120	0
3	NA	D	n	863	2018-06-11T00:00:00Z	blank	NA	NA	NA	NA	NA	NA	NA	NA	NA	NA	NA	NA	NA	NA	NA	NA	NA	NA	NA	NA	3D	2018	blank	NA	Control	Control	2018-04-29T18:00:00Z	119	2018-04-29T22:00:00Z	119	Normal	120	normal	2018-04-30T18:00:00Z	120	0
3	NA	D	n	864	2018-06-11T00:00:00Z	one_or_more	28	32	NA	NA	NA	NA	NA	NA	NA	NA	NA	NA	NA	NA	NA	NA	NA	NA	NA	NA	3D	2018	blank	1	Control	Control	2018-04-29T18:00:00Z	119	2018-04-29T22:00:00Z	119	Normal	120	normal	2018-04-30T18:00:00Z	120	0
3	NA	D	n	865	2018-06-11T00:00:00Z	one_or_more	37	22	NA	NA	NA	NA	NA	NA	NA	NA	NA	NA	NA	NA	NA	NA	NA	NA	NA	NA	3D	2018	blank	1	Control	Control	2018-04-29T18:00:00Z	119	2018-04-29T22:00:00Z	119	Normal	120	normal	2018-04-30T18:00:00Z	120	0
3	NA	D	n	866	2018-06-11T00:00:00Z	blank	NA	NA	NA	NA	NA	NA	NA	NA	NA	NA	NA	NA	NA	NA	NA	NA	NA	NA	NA	NA	3D	2018	blank	NA	Control	Control	2018-04-29T18:00:00Z	119	2018-04-29T22:00:00Z	119	Normal	120	normal	2018-04-30T18:00:00Z	120	0
3	NA	D	n	867	2018-06-11T00:00:00Z	one_or_more	22	17	NA	NA	NA	NA	NA	NA	NA	NA	NA	NA	NA	NA	NA	NA	NA	NA	NA	NA	3D	2018	blank	1	Control	Control	2018-04-29T18:00:00Z	119	2018-04-29T22:00:00Z	119	Normal	120	normal	2018-04-30T18:00:00Z	120	0
3	NA	D	n	868	2018-06-11T00:00:00Z	blank	NA	NA	NA	NA	NA	NA	NA	NA	NA	NA	NA	NA	NA	NA	NA	NA	NA	NA	NA	NA	3D	2018	blank	NA	Control	Control	2018-04-29T18:00:00Z	119	2018-04-29T22:00:00Z	119	Normal	120	normal	2018-04-30T18:00:00Z	120	0
3	NA	D	n	869	2018-06-11T00:00:00Z	one_or_more	56	29	NA	NA	NA	NA	NA	NA	NA	NA	NA	NA	NA	NA	NA	NA	NA	NA	NA	NA	3D	2018	blank	1	Control	Control	2018-04-29T18:00:00Z	119	2018-04-29T22:00:00Z	119	Normal	120	normal	2018-04-30T18:00:00Z	120	0
3	NA	D	n	870	2018-06-11T00:00:00Z	one_or_more	10	25	13	11	NA	NA	NA	NA	NA	NA	NA	NA	NA	NA	NA	NA	NA	NA	NA	NA	3D	2018	blank	2	Control	Control	2018-04-29T18:00:00Z	119	2018-04-29T22:00:00Z	119	Normal	120	normal	2018-04-30T18:00:00Z	120	0
3	NA	D	n	871	2018-06-11T00:00:00Z	blank	NA	NA	NA	NA	NA	NA	NA	NA	NA	NA	NA	NA	NA	NA	NA	NA	NA	NA	NA	NA	3D	2018	blank	NA	Control	Control	2018-04-29T18:00:00Z	119	2018-04-29T22:00:00Z	119	Normal	120	normal	2018-04-30T18:00:00Z	120	0
3	NA	D	n	872	2018-06-11T00:00:00Z	blank	NA	NA	NA	NA	NA	NA	NA	NA	NA	NA	NA	NA	NA	NA	NA	NA	NA	NA	NA	NA	3D	2018	blank	NA	Control	Control	2018-04-29T18:00:00Z	119	2018-04-29T22:00:00Z	119	Normal	120	normal	2018-04-30T18:00:00Z	120	0
3	NA	D	n	873	2018-06-11T00:00:00Z	blank	NA	NA	NA	NA	NA	NA	NA	NA	NA	NA	NA	NA	NA	NA	NA	NA	NA	NA	NA	NA	3D	2018	blank	NA	Control	Control	2018-04-29T18:00:00Z	119	2018-04-29T22:00:00Z	119	Normal	120	normal	2018-04-30T18:00:00Z	120	0
3	NA	D	y	874	2018-06-11T00:00:00Z	one_or_more	39	59	NA	NA	NA	NA	NA	NA	NA	NA	NA	NA	NA	NA	NA	NA	NA	NA	NA	NA	3D	2018	blank	1	Control	Control	2018-04-29T18:00:00Z	119	2018-04-29T22:00:00Z	119	Normal	120	normal	2018-04-30T18:00:00Z	120	0
3	NA	D	n	875	2018-06-11T00:00:00Z	blank	NA	NA	NA	NA	NA	NA	NA	NA	NA	NA	NA	NA	NA	NA	NA	NA	NA	NA	NA	NA	3D	2018	blank	NA	Control	Control	2018-04-29T18:00:00Z	119	2018-04-29T22:00:00Z	119	Normal	120	normal	2018-04-30T18:00:00Z	120	0
3	NA	D	n	876	2018-06-11T00:00:00Z	blank	NA	NA	NA	NA	NA	NA	NA	NA	NA	NA	NA	NA	NA	NA	NA	NA	NA	NA	NA	NA	3D	2018	blank	NA	Control	Control	2018-04-29T18:00:00Z	119	2018-04-29T22:00:00Z	119	Normal	120	normal	2018-04-30T18:00:00Z	120	0
3	NA	D	y	877	2018-06-11T00:00:00Z	one_or_more	41	64	NA	NA	NA	NA	NA	NA	NA	NA	NA	NA	NA	NA	NA	NA	NA	NA	NA	NA	3D	2018	blank	1	Control	Control	2018-04-29T18:00:00Z	119	2018-04-29T22:00:00Z	119	Normal	120	normal	2018-04-30T18:00:00Z	120	0
3	NA	D	y	878	2018-06-11T00:00:00Z	one_or_more	47	18	33	18	12	23	43	41	26	NA	NA	NA	NA	NA	NA	NA	NA	NA	NA	NA	3D	2018	blank	4	Control	Control	2018-04-29T18:00:00Z	119	2018-04-29T22:00:00Z	119	Normal	120	normal	2018-04-30T18:00:00Z	120	0
3	NA	D	y	879	2018-06-11T00:00:00Z	one_or_more	31	40	NA	NA	NA	NA	NA	NA	NA	NA	NA	NA	NA	NA	NA	NA	NA	NA	NA	NA	3D	2018	blank	1	Control	Control	2018-04-29T18:00:00Z	119	2018-04-29T22:00:00Z	119	Normal	120	normal	2018-04-30T18:00:00Z	120	0
3	NA	D	n	880	2018-06-11T00:00:00Z	blank	NA	NA	NA	NA	NA	NA	NA	NA	NA	NA	NA	NA	NA	NA	NA	NA	NA	NA	NA	NA	3D	2018	blank	NA	Control	Control	2018-04-29T18:00:00Z	119	2018-04-29T22:00:00Z	119	Normal	120	normal	2018-04-30T18:00:00Z	120	0
3	NA	D	n	881	2018-06-11T00:00:00Z	blank	NA	NA	NA	NA	NA	NA	NA	NA	NA	NA	NA	NA	NA	NA	NA	NA	NA	NA	NA	NA	3D	2018	blank	NA	Control	Control	2018-04-29T18:00:00Z	119	2018-04-29T22:00:00Z	119	Normal	120	normal	2018-04-30T18:00:00Z	120	0
3	NA	D	n	882	2018-06-11T00:00:00Z	one_or_more	23	16	NA	NA	NA	NA	NA	NA	NA	NA	NA	NA	NA	NA	NA	NA	NA	NA	NA	NA	3D	2018	blank	1	Control	Control	2018-04-29T18:00:00Z	119	2018-04-29T22:00:00Z	119	Normal	120	normal	2018-04-30T18:00:00Z	120	0
3	NA	D	n	883	2018-06-11T00:00:00Z	blank	NA	NA	NA	NA	NA	NA	NA	NA	NA	NA	NA	NA	NA	NA	NA	NA	NA	NA	NA	NA	3D	2018	blank	NA	Control	Control	2018-04-29T18:00:00Z	119	2018-04-29T22:00:00Z	119	Normal	120	normal	2018-04-30T18:00:00Z	120	0
3	NA	D	y	884	2018-06-11T00:00:00Z	one_or_more	36	34	NA	NA	NA	NA	NA	NA	NA	NA	NA	NA	NA	NA	NA	NA	NA	NA	NA	NA	3D	2018	blank	1	Control	Control	2018-04-29T18:00:00Z	119	2018-04-29T22:00:00Z	119	Normal	120	normal	2018-04-30T18:00:00Z	120	0
3	NA	D	n	885	2018-06-11T00:00:00Z	blank	NA	NA	NA	NA	NA	NA	NA	NA	NA	NA	NA	NA	NA	NA	NA	NA	NA	NA	NA	NA	3D	2018	blank	NA	Control	Control	2018-04-29T18:00:00Z	119	2018-04-29T22:00:00Z	119	Normal	120	normal	2018-04-30T18:00:00Z	120	0
3	NA	D	n	886	2018-06-11T00:00:00Z	blank	NA	NA	NA	NA	NA	NA	NA	NA	NA	NA	NA	NA	NA	NA	NA	NA	NA	NA	NA	NA	3D	2018	blank	NA	Control	Control	2018-04-29T18:00:00Z	119	2018-04-29T22:00:00Z	119	Normal	120	normal	2018-04-30T18:00:00Z	120	0
3	NA	D	n	887	2018-06-11T00:00:00Z	blank	NA	NA	NA	NA	NA	NA	NA	NA	NA	NA	NA	NA	NA	NA	NA	NA	NA	NA	NA	NA	3D	2018	blank	NA	Control	Control	2018-04-29T18:00:00Z	119	2018-04-29T22:00:00Z	119	Normal	120	normal	2018-04-30T18:00:00Z	120	0
3	could be 2 rosettes-check	D	n	888	2018-06-11T00:00:00Z	one_or_more	30	30	NA	NA	NA	NA	NA	NA	NA	NA	NA	NA	NA	NA	NA	NA	NA	NA	NA	NA	3D	2018	blank	1	Control	Control	2018-04-29T18:00:00Z	119	2018-04-29T22:00:00Z	119	Normal	120	normal	2018-04-30T18:00:00Z	120	0
3	NA	D	n	889	2018-06-11T00:00:00Z	one_or_more	24	17	NA	NA	NA	NA	NA	NA	NA	NA	NA	NA	NA	NA	NA	NA	NA	NA	NA	NA	3D	2018	blank	1	Control	Control	2018-04-29T18:00:00Z	119	2018-04-29T22:00:00Z	119	Normal	120	normal	2018-04-30T18:00:00Z	120	0
3	NA	D	n	890	2018-06-11T00:00:00Z	blank	NA	NA	NA	NA	NA	NA	NA	NA	NA	NA	NA	NA	NA	NA	NA	NA	NA	NA	NA	NA	3D	2018	blank	NA	Control	Control	2018-04-29T18:00:00Z	119	2018-04-29T22:00:00Z	119	Normal	120	normal	2018-04-30T18:00:00Z	120	0
3	NA	D	n	891	2018-06-11T00:00:00Z	one_or_more	12	7	24	34	NA	NA	NA	NA	NA	NA	NA	NA	NA	NA	NA	NA	NA	NA	NA	NA	3D	2018	blank	2	Control	Control	2018-04-29T18:00:00Z	119	2018-04-29T22:00:00Z	119	Normal	120	normal	2018-04-30T18:00:00Z	120	0
3	NA	D	n	892	2018-06-11T00:00:00Z	blank	NA	NA	NA	NA	NA	NA	NA	NA	NA	NA	NA	NA	NA	NA	NA	NA	NA	NA	NA	NA	3D	2018	blank	NA	Control	Control	2018-04-29T18:00:00Z	119	2018-04-29T22:00:00Z	119	Normal	120	normal	2018-04-30T18:00:00Z	120	0
3	NA	D	n	893	2018-06-11T00:00:00Z	one_or_more	32	24	NA	NA	NA	NA	NA	NA	NA	NA	NA	NA	NA	NA	NA	NA	NA	NA	NA	NA	3D	2018	blank	1	Control	Control	2018-04-29T18:00:00Z	119	2018-04-29T22:00:00Z	119	Normal	120	normal	2018-04-30T18:00:00Z	120	0
3	plant is up from tag	D	n	894	2018-06-11T00:00:00Z	one_or_more	35	39	NA	NA	NA	NA	NA	NA	NA	NA	NA	NA	NA	NA	NA	NA	NA	NA	NA	NA	3D	2018	blank	1	Control	Control	2018-04-29T18:00:00Z	119	2018-04-29T22:00:00Z	119	Normal	120	normal	2018-04-30T18:00:00Z	120	0
3	NA	D	n	895	2018-06-11T00:00:00Z	one_or_more	7	8	32	19	NA	NA	NA	NA	NA	NA	NA	NA	NA	NA	NA	NA	NA	NA	NA	NA	3D	2018	blank	2	Control	Control	2018-04-29T18:00:00Z	119	2018-04-29T22:00:00Z	119	Normal	120	normal	2018-04-30T18:00:00Z	120	0
3	NA	D	n	896	2018-06-11T00:00:00Z	one_or_more	30	15	NA	NA	NA	NA	NA	NA	NA	NA	NA	NA	NA	NA	NA	NA	NA	NA	NA	NA	3D	2018	blank	1	Control	Control	2018-04-29T18:00:00Z	119	2018-04-29T22:00:00Z	119	Normal	120	normal	2018-04-30T18:00:00Z	120	0
3	NA	D	n	897	2018-06-11T00:00:00Z	one_or_more	27	29	NA	NA	NA	NA	NA	NA	NA	NA	NA	NA	NA	NA	NA	NA	NA	NA	NA	NA	3D	2018	blank	1	Control	Control	2018-04-29T18:00:00Z	119	2018-04-29T22:00:00Z	119	Normal	120	normal	2018-04-30T18:00:00Z	120	0
3	NA	D	n	898	2018-06-11T00:00:00Z	one_or_more	28	26	NA	NA	NA	NA	NA	NA	NA	NA	NA	NA	NA	NA	NA	NA	NA	NA	NA	NA	3D	2018	blank	1	Control	Control	2018-04-29T18:00:00Z	119	2018-04-29T22:00:00Z	119	Normal	120	normal	2018-04-30T18:00:00Z	120	0
3	NA	D	n	899	2018-06-11T00:00:00Z	one_or_more	25	16	NA	NA	NA	NA	NA	NA	NA	NA	NA	NA	NA	NA	NA	NA	NA	NA	NA	NA	3D	2018	blank	1	Control	Control	2018-04-29T18:00:00Z	119	2018-04-29T22:00:00Z	119	Normal	120	normal	2018-04-30T18:00:00Z	120	0
3	NA	D	n	900	2018-06-11T00:00:00Z	one_or_more	31	9	16	7	3	16	28	11	29	6	21	5	NA	NA	NA	NA	NA	NA	NA	NA	3D	2018	blank	6	Control	Control	2018-04-29T18:00:00Z	119	2018-04-29T22:00:00Z	119	Normal	120	normal	2018-04-30T18:00:00Z	120	0
4	NA	C	n	27	2018-06-11T00:00:00Z	one_or_more	37	32	NA	NA	NA	NA	NA	NA	NA	NA	NA	NA	NA	NA	NA	NA	NA	NA	NA	NA	4C	2018	blank	1	Control	Control	NA	NA	NA	NA	Early	115	early	2018-04-25T18:00:00Z	120	-5
4	NA	C	n	28	2018-06-11T00:00:00Z	one_or_more	50	33	NA	NA	NA	NA	NA	NA	NA	NA	NA	NA	NA	NA	NA	NA	NA	NA	NA	NA	4C	2018	blank	1	Control	Control	NA	NA	NA	NA	Early	115	early	2018-04-25T18:00:00Z	120	-5
4	NA	C	n	29	2018-06-11T00:00:00Z	one_or_more	31	21	NA	NA	NA	NA	NA	NA	NA	NA	NA	NA	NA	NA	NA	NA	NA	NA	NA	NA	4C	2018	blank	1	Control	Control	NA	NA	NA	NA	Early	115	early	2018-04-25T18:00:00Z	120	-5
4	NA	C	n	30	2018-06-11T00:00:00Z	one_or_more	35	34	NA	NA	NA	NA	NA	NA	NA	NA	NA	NA	NA	NA	NA	NA	NA	NA	NA	NA	4C	2018	blank	1	Control	Control	NA	NA	NA	NA	Early	115	early	2018-04-25T18:00:00Z	120	-5
4	NA	C	n	31	2018-06-11T00:00:00Z	one_or_more	26	18	NA	NA	NA	NA	NA	NA	NA	NA	NA	NA	NA	NA	NA	NA	NA	NA	NA	NA	4C	2018	blank	1	Control	Control	NA	NA	NA	NA	Early	115	early	2018-04-25T18:00:00Z	120	-5
4	NA	C	n	32	2018-06-11T00:00:00Z	blank	NA	NA	NA	NA	NA	NA	NA	NA	NA	NA	NA	NA	NA	NA	NA	NA	NA	NA	NA	NA	4C	2018	blank	NA	Control	Control	NA	NA	NA	NA	Early	115	early	2018-04-25T18:00:00Z	120	-5
4	NA	C	n	33	2018-06-11T00:00:00Z	one_or_more	32	29	NA	NA	NA	NA	NA	NA	NA	NA	NA	NA	NA	NA	NA	NA	NA	NA	NA	NA	4C	2018	blank	1	Control	Control	NA	NA	NA	NA	Early	115	early	2018-04-25T18:00:00Z	120	-5
4	DL	C	n	34	2018-06-11T00:00:00Z	one_or_more	72	11	46	7	NA	NA	NA	NA	NA	NA	NA	NA	NA	NA	NA	NA	NA	NA	NA	NA	4C	2018	blank	2	Control	Control	NA	NA	NA	NA	Early	115	early	2018-04-25T18:00:00Z	120	-5
4	NA	C	n	35	2018-06-11T00:00:00Z	blank	NA	NA	NA	NA	NA	NA	NA	NA	NA	NA	NA	NA	NA	NA	NA	NA	NA	NA	NA	NA	4C	2018	blank	NA	Control	Control	NA	NA	NA	NA	Early	115	early	2018-04-25T18:00:00Z	120	-5
4	NA	C	n	36	2018-06-11T00:00:00Z	one_or_more	55	33	NA	NA	NA	NA	NA	NA	NA	NA	NA	NA	NA	NA	NA	NA	NA	NA	NA	NA	4C	2018	blank	1	Control	Control	NA	NA	NA	NA	Early	115	early	2018-04-25T18:00:00Z	120	-5
4	NA	C	n	104	2018-06-11T00:00:00Z	blank	NA	NA	NA	NA	NA	NA	NA	NA	NA	NA	NA	NA	NA	NA	NA	NA	NA	NA	NA	NA	4C	2018	blank	NA	Control	Control	NA	NA	NA	NA	Early	115	early	2018-04-25T18:00:00Z	120	-5
4	NA	C	n	105	2018-06-11T00:00:00Z	one_or_more	22	18	23	22	NA	NA	NA	NA	NA	NA	NA	NA	NA	NA	NA	NA	NA	NA	NA	NA	4C	2018	blank	2	Control	Control	NA	NA	NA	NA	Early	115	early	2018-04-25T18:00:00Z	120	-5
4	NA	C	n	106	2018-06-11T00:00:00Z	one_or_more	33	16	NA	NA	NA	NA	NA	NA	NA	NA	NA	NA	NA	NA	NA	NA	NA	NA	NA	NA	4C	2018	blank	1	Control	Control	NA	NA	NA	NA	Early	115	early	2018-04-25T18:00:00Z	120	-5
4	NA	C	n	107	2018-06-11T00:00:00Z	one_or_more	12	5	4	2	8	13	36	17	36	16	NA	NA	NA	NA	NA	NA	NA	NA	NA	NA	4C	2018	blank	5	Control	Control	NA	NA	NA	NA	Early	115	early	2018-04-25T18:00:00Z	120	-5
4	NA	C	n	108	2018-06-11T00:00:00Z	one_or_more	31	21	NA	NA	NA	NA	NA	NA	NA	NA	NA	NA	NA	NA	NA	NA	NA	NA	NA	NA	4C	2018	blank	1	Control	Control	NA	NA	NA	NA	Early	115	early	2018-04-25T18:00:00Z	120	-5
4	NA	C	n	109	2018-06-11T00:00:00Z	one_or_more	32	30	NA	NA	NA	NA	NA	NA	NA	NA	NA	NA	NA	NA	NA	NA	NA	NA	NA	NA	4C	2018	blank	1	Control	Control	NA	NA	NA	NA	Early	115	early	2018-04-25T18:00:00Z	120	-5
4	NA	C	n	110	2018-06-11T00:00:00Z	one_or_more	25	23	NA	NA	NA	NA	NA	NA	NA	NA	NA	NA	NA	NA	NA	NA	NA	NA	NA	NA	4C	2018	blank	1	Control	Control	NA	NA	NA	NA	Early	115	early	2018-04-25T18:00:00Z	120	-5
4	NA	C	n	111	2018-06-11T00:00:00Z	blank	NA	NA	NA	NA	NA	NA	NA	NA	NA	NA	NA	NA	NA	NA	NA	NA	NA	NA	NA	NA	4C	2018	blank	NA	Control	Control	NA	NA	NA	NA	Early	115	early	2018-04-25T18:00:00Z	120	-5
4	NA	C	n	112	2018-06-11T00:00:00Z	blank	NA	NA	NA	NA	NA	NA	NA	NA	NA	NA	NA	NA	NA	NA	NA	NA	NA	NA	NA	NA	4C	2018	blank	NA	Control	Control	NA	NA	NA	NA	Early	115	early	2018-04-25T18:00:00Z	120	-5
4	NA	C	n	113	2018-06-11T00:00:00Z	blank	NA	NA	NA	NA	NA	NA	NA	NA	NA	NA	NA	NA	NA	NA	NA	NA	NA	NA	NA	NA	4C	2018	blank	NA	Control	Control	NA	NA	NA	NA	Early	115	early	2018-04-25T18:00:00Z	120	-5
4	NA	C	n	114	2018-06-11T00:00:00Z	one_or_more	46	35	NA	NA	NA	NA	NA	NA	NA	NA	NA	NA	NA	NA	NA	NA	NA	NA	NA	NA	4C	2018	blank	1	Control	Control	NA	NA	NA	NA	Early	115	early	2018-04-25T18:00:00Z	120	-5
4	NA	C	n	115	2018-06-11T00:00:00Z	one_or_more	31	28	NA	NA	NA	NA	NA	NA	NA	NA	NA	NA	NA	NA	NA	NA	NA	NA	NA	NA	4C	2018	blank	1	Control	Control	NA	NA	NA	NA	Early	115	early	2018-04-25T18:00:00Z	120	-5
4	NA	C	n	116	2018-06-11T00:00:00Z	one_or_more	33	14	NA	NA	NA	NA	NA	NA	NA	NA	NA	NA	NA	NA	NA	NA	NA	NA	NA	NA	4C	2018	blank	1	Control	Control	NA	NA	NA	NA	Early	115	early	2018-04-25T18:00:00Z	120	-5
4	NA	C	n	117	2018-06-11T00:00:00Z	blank	NA	NA	NA	NA	NA	NA	NA	NA	NA	NA	NA	NA	NA	NA	NA	NA	NA	NA	NA	NA	4C	2018	blank	NA	Control	Control	NA	NA	NA	NA	Early	115	early	2018-04-25T18:00:00Z	120	-5
4	NA	C	y	118	2018-06-11T00:00:00Z	one_or_more	48	71	35	22	NA	NA	NA	NA	NA	NA	NA	NA	NA	NA	NA	NA	NA	NA	NA	NA	4C	2018	blank	2	Control	Control	NA	NA	NA	NA	Early	115	early	2018-04-25T18:00:00Z	120	-5
4	NA	C	y	119	2018-06-11T00:00:00Z	one_or_more	3	3	50	46	NA	NA	NA	NA	NA	NA	NA	NA	NA	NA	NA	NA	NA	NA	NA	NA	4C	2018	blank	2	Control	Control	NA	NA	NA	NA	Early	115	early	2018-04-25T18:00:00Z	120	-5
4	NA	C	n	120	2018-06-11T00:00:00Z	blank	NA	NA	NA	NA	NA	NA	NA	NA	NA	NA	NA	NA	NA	NA	NA	NA	NA	NA	NA	NA	4C	2018	blank	NA	Control	Control	NA	NA	NA	NA	Early	115	early	2018-04-25T18:00:00Z	120	-5
4	NA	C	n	121	2018-06-11T00:00:00Z	one_or_more	38	24	NA	NA	NA	NA	NA	NA	NA	NA	NA	NA	NA	NA	NA	NA	NA	NA	NA	NA	4C	2018	blank	1	Control	Control	NA	NA	NA	NA	Early	115	early	2018-04-25T18:00:00Z	120	-5
4	NA	C	n	122	2018-06-11T00:00:00Z	blank	NA	NA	NA	NA	NA	NA	NA	NA	NA	NA	NA	NA	NA	NA	NA	NA	NA	NA	NA	NA	4C	2018	blank	NA	Control	Control	NA	NA	NA	NA	Early	115	early	2018-04-25T18:00:00Z	120	-5
4	NA	C	n	123	2018-06-11T00:00:00Z	blank	NA	NA	NA	NA	NA	NA	NA	NA	NA	NA	NA	NA	NA	NA	NA	NA	NA	NA	NA	NA	4C	2018	blank	NA	Control	Control	NA	NA	NA	NA	Early	115	early	2018-04-25T18:00:00Z	120	-5
4	NA	C	n	187	2018-06-11T00:00:00Z	one_or_more	42	29	NA	NA	NA	NA	NA	NA	NA	NA	NA	NA	NA	NA	NA	NA	NA	NA	NA	NA	4C	2018	blank	1	Control	Control	NA	NA	NA	NA	Early	115	early	2018-04-25T18:00:00Z	120	-5
4	NA	C	n	188	2018-06-11T00:00:00Z	blank	NA	NA	NA	NA	NA	NA	NA	NA	NA	NA	NA	NA	NA	NA	NA	NA	NA	NA	NA	NA	4C	2018	blank	NA	Control	Control	NA	NA	NA	NA	Early	115	early	2018-04-25T18:00:00Z	120	-5
4	NA	C	n	189	2018-06-11T00:00:00Z	one_or_more	45	25	NA	NA	NA	NA	NA	NA	NA	NA	NA	NA	NA	NA	NA	NA	NA	NA	NA	NA	4C	2018	blank	1	Control	Control	NA	NA	NA	NA	Early	115	early	2018-04-25T18:00:00Z	120	-5
4	NA	C	n	190	2018-06-11T00:00:00Z	one_or_more	45	30	16	36	11	15	NA	NA	NA	NA	NA	NA	NA	NA	NA	NA	NA	NA	NA	NA	4C	2018	blank	3	Control	Control	NA	NA	NA	NA	Early	115	early	2018-04-25T18:00:00Z	120	-5
4	NA	C	n	191	2018-06-11T00:00:00Z	blank	NA	NA	NA	NA	NA	NA	NA	NA	NA	NA	NA	NA	NA	NA	NA	NA	NA	NA	NA	NA	4C	2018	blank	NA	Control	Control	NA	NA	NA	NA	Early	115	early	2018-04-25T18:00:00Z	120	-5
4	NA	C	n	192	2018-06-11T00:00:00Z	one_or_more	38	35	NA	NA	NA	NA	NA	NA	NA	NA	NA	NA	NA	NA	NA	NA	NA	NA	NA	NA	4C	2018	blank	1	Control	Control	NA	NA	NA	NA	Early	115	early	2018-04-25T18:00:00Z	120	-5
4	NA	C	n	193	2018-06-11T00:00:00Z	blank	NA	NA	NA	NA	NA	NA	NA	NA	NA	NA	NA	NA	NA	NA	NA	NA	NA	NA	NA	NA	4C	2018	blank	NA	Control	Control	NA	NA	NA	NA	Early	115	early	2018-04-25T18:00:00Z	120	-5
4	NA	C	n	194	2018-06-11T00:00:00Z	blank	NA	NA	NA	NA	NA	NA	NA	NA	NA	NA	NA	NA	NA	NA	NA	NA	NA	NA	NA	NA	4C	2018	blank	NA	Control	Control	NA	NA	NA	NA	Early	115	early	2018-04-25T18:00:00Z	120	-5
4	NA	C	n	195	2018-06-11T00:00:00Z	one_or_more	53	45	NA	NA	NA	NA	NA	NA	NA	NA	NA	NA	NA	NA	NA	NA	NA	NA	NA	NA	4C	2018	blank	1	Control	Control	NA	NA	NA	NA	Early	115	early	2018-04-25T18:00:00Z	120	-5
4	NA	C	n	196	2018-06-11T00:00:00Z	blank	NA	NA	NA	NA	NA	NA	NA	NA	NA	NA	NA	NA	NA	NA	NA	NA	NA	NA	NA	NA	4C	2018	blank	NA	Control	Control	NA	NA	NA	NA	Early	115	early	2018-04-25T18:00:00Z	120	-5
4	Tag up from plant	C	n	197	2018-06-11T00:00:00Z	one_or_more	21	10	22	13	24	13	NA	NA	NA	NA	NA	NA	NA	NA	NA	NA	NA	NA	NA	NA	4C	2018	blank	3	Control	Control	NA	NA	NA	NA	Early	115	early	2018-04-25T18:00:00Z	120	-5
4	NA	C	n	198	2018-06-11T00:00:00Z	one_or_more	35	19	NA	NA	NA	NA	NA	NA	NA	NA	NA	NA	NA	NA	NA	NA	NA	NA	NA	NA	4C	2018	blank	1	Control	Control	NA	NA	NA	NA	Early	115	early	2018-04-25T18:00:00Z	120	-5
4	NA	C	n	199	2018-06-11T00:00:00Z	one_or_more	37	25	NA	NA	NA	NA	NA	NA	NA	NA	NA	NA	NA	NA	NA	NA	NA	NA	NA	NA	4C	2018	blank	1	Control	Control	NA	NA	NA	NA	Early	115	early	2018-04-25T18:00:00Z	120	-5
4	NA	C	n	200	2018-06-11T00:00:00Z	one_or_more	40	25	NA	NA	NA	NA	NA	NA	NA	NA	NA	NA	NA	NA	NA	NA	NA	NA	NA	NA	4C	2018	blank	1	Control	Control	NA	NA	NA	NA	Early	115	early	2018-04-25T18:00:00Z	120	-5
4	NA	C	n	625	2018-06-11T00:00:00Z	one_or_more	29	14	36	16	NA	NA	NA	NA	NA	NA	NA	NA	NA	NA	NA	NA	NA	NA	NA	NA	4C	2018	blank	2	Control	Control	NA	NA	NA	NA	Early	115	early	2018-04-25T18:00:00Z	120	-5
4	NA	C	n	626	2018-06-11T00:00:00Z	one_or_more	26	23	NA	NA	NA	NA	NA	NA	NA	NA	NA	NA	NA	NA	NA	NA	NA	NA	NA	NA	4C	2018	blank	1	Control	Control	NA	NA	NA	NA	Early	115	early	2018-04-25T18:00:00Z	120	-5
4	NA	C	n	627	2018-06-11T00:00:00Z	one_or_more	32	22	NA	NA	NA	NA	NA	NA	NA	NA	NA	NA	NA	NA	NA	NA	NA	NA	NA	NA	4C	2018	blank	1	Control	Control	NA	NA	NA	NA	Early	115	early	2018-04-25T18:00:00Z	120	-5
4	shriveled	C	n	628	2018-06-11T00:00:00Z	one_or_more	NA	NA	NA	NA	NA	NA	NA	NA	NA	NA	NA	NA	NA	NA	NA	NA	NA	NA	NA	NA	4C	2018	blank	1	Control	Control	NA	NA	NA	NA	Early	115	early	2018-04-25T18:00:00Z	120	-5
4	NA	C	n	629	2018-06-11T00:00:00Z	blank	NA	NA	NA	NA	NA	NA	NA	NA	NA	NA	NA	NA	NA	NA	NA	NA	NA	NA	NA	NA	4C	2018	blank	NA	Control	Control	NA	NA	NA	NA	Early	115	early	2018-04-25T18:00:00Z	120	-5
4	NA	C	n	630	2018-06-11T00:00:00Z	one_or_more	36	32	NA	NA	NA	NA	NA	NA	NA	NA	NA	NA	NA	NA	NA	NA	NA	NA	NA	NA	4C	2018	blank	1	Control	Control	NA	NA	NA	NA	Early	115	early	2018-04-25T18:00:00Z	120	-5
4	NA	C	n	631	2018-06-11T00:00:00Z	one_or_more	45	21	NA	NA	NA	NA	NA	NA	NA	NA	NA	NA	NA	NA	NA	NA	NA	NA	NA	NA	4C	2018	blank	1	Control	Control	NA	NA	NA	NA	Early	115	early	2018-04-25T18:00:00Z	120	-5
4	NA	C	n	632	2018-06-11T00:00:00Z	one_or_more	35	22	NA	NA	NA	NA	NA	NA	NA	NA	NA	NA	NA	NA	NA	NA	NA	NA	NA	NA	4C	2018	blank	1	Control	Control	NA	NA	NA	NA	Early	115	early	2018-04-25T18:00:00Z	120	-5
4	NA	C	n	633	2018-06-11T00:00:00Z	one_or_more	26	20	NA	NA	NA	NA	NA	NA	NA	NA	NA	NA	NA	NA	NA	NA	NA	NA	NA	NA	4C	2018	blank	1	Control	Control	NA	NA	NA	NA	Early	115	early	2018-04-25T18:00:00Z	120	-5
4	NA	C	n	634	2018-06-11T00:00:00Z	blank	NA	NA	NA	NA	NA	NA	NA	NA	NA	NA	NA	NA	NA	NA	NA	NA	NA	NA	NA	NA	4C	2018	blank	NA	Control	Control	NA	NA	NA	NA	Early	115	early	2018-04-25T18:00:00Z	120	-5
4	shriveled	C	n	635	2018-06-11T00:00:00Z	blank	NA	NA	NA	NA	NA	NA	NA	NA	NA	NA	NA	NA	NA	NA	NA	NA	NA	NA	NA	NA	4C	2018	blank	NA	Control	Control	NA	NA	NA	NA	Early	115	early	2018-04-25T18:00:00Z	120	-5
4	NA	C	n	636	2018-06-11T00:00:00Z	one_or_more	42	22	NA	NA	NA	NA	NA	NA	NA	NA	NA	NA	NA	NA	NA	NA	NA	NA	NA	NA	4C	2018	blank	1	Control	Control	NA	NA	NA	NA	Early	115	early	2018-04-25T18:00:00Z	120	-5
4	NA	C	n	637	2018-06-11T00:00:00Z	one_or_more	NA	NA	NA	NA	NA	NA	NA	NA	NA	NA	NA	NA	NA	NA	NA	NA	NA	NA	NA	NA	4C	2018	blank	NA	Control	Control	NA	NA	NA	NA	Early	115	early	2018-04-25T18:00:00Z	120	-5
4	NA	C	n	638	2018-06-11T00:00:00Z	one_or_more	35	17	36	17	NA	NA	NA	NA	NA	NA	NA	NA	NA	NA	NA	NA	NA	NA	NA	NA	4C	2018	blank	2	Control	Control	NA	NA	NA	NA	Early	115	early	2018-04-25T18:00:00Z	120	-5
4	NA	C	n	639	2018-06-11T00:00:00Z	blank	NA	NA	NA	NA	NA	NA	NA	NA	NA	NA	NA	NA	NA	NA	NA	NA	NA	NA	NA	NA	4C	2018	blank	NA	Control	Control	NA	NA	NA	NA	Early	115	early	2018-04-25T18:00:00Z	120	-5
4	NA	C	n	640	2018-06-11T00:00:00Z	blank	NA	NA	NA	NA	NA	NA	NA	NA	NA	NA	NA	NA	NA	NA	NA	NA	NA	NA	NA	NA	4C	2018	blank	NA	Control	Control	NA	NA	NA	NA	Early	115	early	2018-04-25T18:00:00Z	120	-5
2	NA	B	n	81	2018-06-06T00:00:00Z	one_or_more	11	9	NA	NA	NA	NA	NA	NA	NA	NA	NA	NA	NA	NA	NA	NA	NA	NA	NA	NA	2B	2018	blank	1	Control	Mock rainout	2018-04-25T17:00:00Z	115	2018-04-25T21:00:00Z	115	Early	115	early	2018-04-25T18:00:00Z	120	-5
2	NA	B	n	82	2018-06-06T00:00:00Z	one_or_more	26	20	NA	NA	NA	NA	NA	NA	NA	NA	NA	NA	NA	NA	NA	NA	NA	NA	NA	NA	2B	2018	blank	1	Control	Mock rainout	2018-04-25T17:00:00Z	115	2018-04-25T21:00:00Z	115	Early	115	early	2018-04-25T18:00:00Z	120	-5
2	NA	B	n	83	2018-06-06T00:00:00Z	one_or_more	33	14	NA	NA	NA	NA	NA	NA	NA	NA	NA	NA	NA	NA	NA	NA	NA	NA	NA	NA	2B	2018	blank	1	Control	Mock rainout	2018-04-25T17:00:00Z	115	2018-04-25T21:00:00Z	115	Early	115	early	2018-04-25T18:00:00Z	120	-5
2	NA	B	n	84	2018-06-06T00:00:00Z	blank	NA	NA	NA	NA	NA	NA	NA	NA	NA	NA	NA	NA	NA	NA	NA	NA	NA	NA	NA	NA	2B	2018	blank	NA	Control	Mock rainout	2018-04-25T17:00:00Z	115	2018-04-25T21:00:00Z	115	Early	115	early	2018-04-25T18:00:00Z	120	-5
2	NA	B	n	85	2018-06-06T00:00:00Z	blank	NA	NA	NA	NA	NA	NA	NA	NA	NA	NA	NA	NA	NA	NA	NA	NA	NA	NA	NA	NA	2B	2018	blank	NA	Control	Mock rainout	2018-04-25T17:00:00Z	115	2018-04-25T21:00:00Z	115	Early	115	early	2018-04-25T18:00:00Z	120	-5
2	NA	B	n	86	2018-06-06T00:00:00Z	one_or_more	22	16	NA	NA	NA	NA	NA	NA	NA	NA	NA	NA	NA	NA	NA	NA	NA	NA	NA	NA	2B	2018	blank	1	Control	Mock rainout	2018-04-25T17:00:00Z	115	2018-04-25T21:00:00Z	115	Early	115	early	2018-04-25T18:00:00Z	120	-5
2	NA	B	n	87	2018-06-06T00:00:00Z	blank	NA	NA	NA	NA	NA	NA	NA	NA	NA	NA	NA	NA	NA	NA	NA	NA	NA	NA	NA	NA	2B	2018	blank	NA	Control	Mock rainout	2018-04-25T17:00:00Z	115	2018-04-25T21:00:00Z	115	Early	115	early	2018-04-25T18:00:00Z	120	-5
2	NA	B	n	88	2018-06-06T00:00:00Z	blank	NA	NA	NA	NA	NA	NA	NA	NA	NA	NA	NA	NA	NA	NA	NA	NA	NA	NA	NA	NA	2B	2018	blank	NA	Control	Mock rainout	2018-04-25T17:00:00Z	115	2018-04-25T21:00:00Z	115	Early	115	early	2018-04-25T18:00:00Z	120	-5
2	NA	B	n	89	2018-06-06T00:00:00Z	one_or_more	35	16	NA	NA	NA	NA	NA	NA	NA	NA	NA	NA	NA	NA	NA	NA	NA	NA	NA	NA	2B	2018	blank	1	Control	Mock rainout	2018-04-25T17:00:00Z	115	2018-04-25T21:00:00Z	115	Early	115	early	2018-04-25T18:00:00Z	120	-5
2	NA	B	n	90	2018-06-06T00:00:00Z	one_or_more	31	28	NA	NA	NA	NA	NA	NA	NA	NA	NA	NA	NA	NA	NA	NA	NA	NA	NA	NA	2B	2018	blank	1	Control	Mock rainout	2018-04-25T17:00:00Z	115	2018-04-25T21:00:00Z	115	Early	115	early	2018-04-25T18:00:00Z	120	-5
2	NA	B	n	91	2018-06-06T00:00:00Z	blank	NA	NA	NA	NA	NA	NA	NA	NA	NA	NA	NA	NA	NA	NA	NA	NA	NA	NA	NA	NA	2B	2018	blank	NA	Control	Mock rainout	2018-04-25T17:00:00Z	115	2018-04-25T21:00:00Z	115	Early	115	early	2018-04-25T18:00:00Z	120	-5
2	NA	B	n	92	2018-06-06T00:00:00Z	blank	NA	NA	NA	NA	NA	NA	NA	NA	NA	NA	NA	NA	NA	NA	NA	NA	NA	NA	NA	NA	2B	2018	blank	NA	Control	Mock rainout	2018-04-25T17:00:00Z	115	2018-04-25T21:00:00Z	115	Early	115	early	2018-04-25T18:00:00Z	120	-5
2	NA	B	n	93	2018-06-06T00:00:00Z	one_or_more	42	10	36	11	33	13	NA	NA	NA	NA	NA	NA	NA	NA	NA	NA	NA	NA	NA	NA	2B	2018	blank	3	Control	Mock rainout	2018-04-25T17:00:00Z	115	2018-04-25T21:00:00Z	115	Early	115	early	2018-04-25T18:00:00Z	120	-5
2	NA	B	y	94	2018-06-06T00:00:00Z	one_or_more	31	43	28	39	NA	NA	NA	NA	NA	NA	NA	NA	NA	NA	NA	NA	NA	NA	NA	NA	2B	2018	blank	2	Control	Mock rainout	2018-04-25T17:00:00Z	115	2018-04-25T21:00:00Z	115	Early	115	early	2018-04-25T18:00:00Z	120	-5
2	NA	B	n	95	2018-06-06T00:00:00Z	one_or_more	21	15	NA	NA	NA	NA	NA	NA	NA	NA	NA	NA	NA	NA	NA	NA	NA	NA	NA	NA	2B	2018	blank	1	Control	Mock rainout	2018-04-25T17:00:00Z	115	2018-04-25T21:00:00Z	115	Early	115	early	2018-04-25T18:00:00Z	120	-5
2	NA	B	n	96	2018-06-06T00:00:00Z	blank	NA	NA	NA	NA	NA	NA	NA	NA	NA	NA	NA	NA	NA	NA	NA	NA	NA	NA	NA	NA	2B	2018	blank	NA	Control	Mock rainout	2018-04-25T17:00:00Z	115	2018-04-25T21:00:00Z	115	Early	115	early	2018-04-25T18:00:00Z	120	-5
2	NA	B	n	97	2018-06-06T00:00:00Z	blank	NA	NA	NA	NA	NA	NA	NA	NA	NA	NA	NA	NA	NA	NA	NA	NA	NA	NA	NA	NA	2B	2018	blank	NA	Control	Mock rainout	2018-04-25T17:00:00Z	115	2018-04-25T21:00:00Z	115	Early	115	early	2018-04-25T18:00:00Z	120	-5
2	NA	B	y	98	2018-06-06T00:00:00Z	one_or_more	21	28	33	49	NA	NA	NA	NA	NA	NA	NA	NA	NA	NA	NA	NA	NA	NA	NA	NA	2B	2018	blank	2	Control	Mock rainout	2018-04-25T17:00:00Z	115	2018-04-25T21:00:00Z	115	Early	115	early	2018-04-25T18:00:00Z	120	-5
2	NA	B	n	99	2018-06-06T00:00:00Z	one_or_more	22	10	21	28	NA	NA	NA	NA	NA	NA	NA	NA	NA	NA	NA	NA	NA	NA	NA	NA	2B	2018	blank	2	Control	Mock rainout	2018-04-25T17:00:00Z	115	2018-04-25T21:00:00Z	115	Early	115	early	2018-04-25T18:00:00Z	120	-5
2	NA	B	n	100	2018-06-06T00:00:00Z	blank	NA	NA	NA	NA	NA	NA	NA	NA	NA	NA	NA	NA	NA	NA	NA	NA	NA	NA	NA	NA	2B	2018	blank	NA	Control	Mock rainout	2018-04-25T17:00:00Z	115	2018-04-25T21:00:00Z	115	Early	115	early	2018-04-25T18:00:00Z	120	-5
2	NA	B	y	129	2018-06-06T00:00:00Z	one_or_more	27	44	25	35	NA	NA	NA	NA	NA	NA	NA	NA	NA	NA	NA	NA	NA	NA	NA	NA	2B	2018	blank	2	Control	Mock rainout	2018-04-25T17:00:00Z	115	2018-04-25T21:00:00Z	115	Early	115	early	2018-04-25T18:00:00Z	120	-5
2	NA	B	n	130	2018-06-06T00:00:00Z	one_or_more	28	30	NA	NA	NA	NA	NA	NA	NA	NA	NA	NA	NA	NA	NA	NA	NA	NA	NA	NA	2B	2018	blank	1	Control	Mock rainout	2018-04-25T17:00:00Z	115	2018-04-25T21:00:00Z	115	Early	115	early	2018-04-25T18:00:00Z	120	-5
2	NA	B	n	131	2018-06-06T00:00:00Z	one_or_more	23	22	NA	NA	NA	NA	NA	NA	NA	NA	NA	NA	NA	NA	NA	NA	NA	NA	NA	NA	2B	2018	blank	1	Control	Mock rainout	2018-04-25T17:00:00Z	115	2018-04-25T21:00:00Z	115	Early	115	early	2018-04-25T18:00:00Z	120	-5
2	NA	B	n	132	2018-06-06T00:00:00Z	blank	NA	NA	NA	NA	NA	NA	NA	NA	NA	NA	NA	NA	NA	NA	NA	NA	NA	NA	NA	NA	2B	2018	blank	NA	Control	Mock rainout	2018-04-25T17:00:00Z	115	2018-04-25T21:00:00Z	115	Early	115	early	2018-04-25T18:00:00Z	120	-5
2	NA	B	n	133	2018-06-06T00:00:00Z	one_or_more	25	19	NA	NA	NA	NA	NA	NA	NA	NA	NA	NA	NA	NA	NA	NA	NA	NA	NA	NA	2B	2018	blank	1	Control	Mock rainout	2018-04-25T17:00:00Z	115	2018-04-25T21:00:00Z	115	Early	115	early	2018-04-25T18:00:00Z	120	-5
2	NA	B	n	134	2018-06-06T00:00:00Z	blank	NA	NA	NA	NA	NA	NA	NA	NA	NA	NA	NA	NA	NA	NA	NA	NA	NA	NA	NA	NA	2B	2018	blank	NA	Control	Mock rainout	2018-04-25T17:00:00Z	115	2018-04-25T21:00:00Z	115	Early	115	early	2018-04-25T18:00:00Z	120	-5
2	NA	B	n	135	2018-06-06T00:00:00Z	blank	NA	NA	NA	NA	NA	NA	NA	NA	NA	NA	NA	NA	NA	NA	NA	NA	NA	NA	NA	NA	2B	2018	blank	NA	Control	Mock rainout	2018-04-25T17:00:00Z	115	2018-04-25T21:00:00Z	115	Early	115	early	2018-04-25T18:00:00Z	120	-5
2	NA	B	n	136	2018-06-06T00:00:00Z	one_or_more	26	15	NA	NA	NA	NA	NA	NA	NA	NA	NA	NA	NA	NA	NA	NA	NA	NA	NA	NA	2B	2018	blank	1	Control	Mock rainout	2018-04-25T17:00:00Z	115	2018-04-25T21:00:00Z	115	Early	115	early	2018-04-25T18:00:00Z	120	-5
2	NA	B	n	137	2018-06-06T00:00:00Z	one_or_more	21	15	NA	NA	NA	NA	NA	NA	NA	NA	NA	NA	NA	NA	NA	NA	NA	NA	NA	NA	2B	2018	blank	1	Control	Mock rainout	2018-04-25T17:00:00Z	115	2018-04-25T21:00:00Z	115	Early	115	early	2018-04-25T18:00:00Z	120	-5
2	NA	B	n	138	2018-06-06T00:00:00Z	one_or_more	16	32	NA	NA	NA	NA	NA	NA	NA	NA	NA	NA	NA	NA	NA	NA	NA	NA	NA	NA	2B	2018	blank	1	Control	Mock rainout	2018-04-25T17:00:00Z	115	2018-04-25T21:00:00Z	115	Early	115	early	2018-04-25T18:00:00Z	120	-5
2	NA	B	n	177	2018-06-06T00:00:00Z	one_or_more	22	11	13	5	3	5	35	22	NA	NA	NA	NA	NA	NA	NA	NA	NA	NA	NA	NA	2B	2018	blank	4	Control	Mock rainout	2018-04-25T17:00:00Z	115	2018-04-25T21:00:00Z	115	Early	115	early	2018-04-25T18:00:00Z	120	-5
2	NA	B	n	178	2018-06-06T00:00:00Z	one_or_more	29	17	NA	NA	NA	NA	NA	NA	NA	NA	NA	NA	NA	NA	NA	NA	NA	NA	NA	NA	2B	2018	blank	1	Control	Mock rainout	2018-04-25T17:00:00Z	115	2018-04-25T21:00:00Z	115	Early	115	early	2018-04-25T18:00:00Z	120	-5
2	NA	B	n	179	2018-06-06T00:00:00Z	blank	NA	NA	NA	NA	NA	NA	NA	NA	NA	NA	NA	NA	NA	NA	NA	NA	NA	NA	NA	NA	2B	2018	blank	NA	Control	Mock rainout	2018-04-25T17:00:00Z	115	2018-04-25T21:00:00Z	115	Early	115	early	2018-04-25T18:00:00Z	120	-5
2	NA	B	n	180	2018-06-06T00:00:00Z	blank	NA	NA	NA	NA	NA	NA	NA	NA	NA	NA	NA	NA	NA	NA	NA	NA	NA	NA	NA	NA	2B	2018	blank	NA	Control	Mock rainout	2018-04-25T17:00:00Z	115	2018-04-25T21:00:00Z	115	Early	115	early	2018-04-25T18:00:00Z	120	-5
2	NA	B	n	181	2018-06-06T00:00:00Z	blank	NA	NA	NA	NA	NA	NA	NA	NA	NA	NA	NA	NA	NA	NA	NA	NA	NA	NA	NA	NA	2B	2018	blank	NA	Control	Mock rainout	2018-04-25T17:00:00Z	115	2018-04-25T21:00:00Z	115	Early	115	early	2018-04-25T18:00:00Z	120	-5
2	NA	B	n	182	2018-06-06T00:00:00Z	blank	NA	NA	NA	NA	NA	NA	NA	NA	NA	NA	NA	NA	NA	NA	NA	NA	NA	NA	NA	NA	2B	2018	blank	NA	Control	Mock rainout	2018-04-25T17:00:00Z	115	2018-04-25T21:00:00Z	115	Early	115	early	2018-04-25T18:00:00Z	120	-5
2	NA	B	n	183	2018-06-06T00:00:00Z	one_or_more	35	27	NA	NA	NA	NA	NA	NA	NA	NA	NA	NA	NA	NA	NA	NA	NA	NA	NA	NA	2B	2018	blank	1	Control	Mock rainout	2018-04-25T17:00:00Z	115	2018-04-25T21:00:00Z	115	Early	115	early	2018-04-25T18:00:00Z	120	-5
2	NA	B	n	184	2018-06-06T00:00:00Z	one_or_more	34	17	41	23	NA	NA	NA	NA	NA	NA	NA	NA	NA	NA	NA	NA	NA	NA	NA	NA	2B	2018	blank	2	Control	Mock rainout	2018-04-25T17:00:00Z	115	2018-04-25T21:00:00Z	115	Early	115	early	2018-04-25T18:00:00Z	120	-5
2	NA	B	n	185	2018-06-06T00:00:00Z	one_or_more	33	20	NA	NA	NA	NA	NA	NA	NA	NA	NA	NA	NA	NA	NA	NA	NA	NA	NA	NA	2B	2018	blank	1	Control	Mock rainout	2018-04-25T17:00:00Z	115	2018-04-25T21:00:00Z	115	Early	115	early	2018-04-25T18:00:00Z	120	-5
2	NA	B	n	186	2018-06-06T00:00:00Z	one_or_more	27	19	NA	NA	NA	NA	NA	NA	NA	NA	NA	NA	NA	NA	NA	NA	NA	NA	NA	NA	2B	2018	blank	1	Control	Mock rainout	2018-04-25T17:00:00Z	115	2018-04-25T21:00:00Z	115	Early	115	early	2018-04-25T18:00:00Z	120	-5
2	NA	B	n	187	2018-06-06T00:00:00Z	one_or_more	32	12	NA	NA	NA	NA	NA	NA	NA	NA	NA	NA	NA	NA	NA	NA	NA	NA	NA	NA	2B	2018	blank	1	Control	Mock rainout	2018-04-25T17:00:00Z	115	2018-04-25T21:00:00Z	115	Early	115	early	2018-04-25T18:00:00Z	120	-5
2	NA	B	n	188	2018-06-06T00:00:00Z	one_or_more	22	6	33	11	29	27	NA	NA	NA	NA	NA	NA	NA	NA	NA	NA	NA	NA	NA	NA	2B	2018	blank	3	Control	Mock rainout	2018-04-25T17:00:00Z	115	2018-04-25T21:00:00Z	115	Early	115	early	2018-04-25T18:00:00Z	120	-5
2	NA	B	n	189	2018-06-06T00:00:00Z	blank	NA	NA	NA	NA	NA	NA	NA	NA	NA	NA	NA	NA	NA	NA	NA	NA	NA	NA	NA	NA	2B	2018	blank	NA	Control	Mock rainout	2018-04-25T17:00:00Z	115	2018-04-25T21:00:00Z	115	Early	115	early	2018-04-25T18:00:00Z	120	-5
2	NA	B	n	190	2018-06-06T00:00:00Z	one_or_more	38	25	NA	NA	NA	NA	NA	NA	NA	NA	NA	NA	NA	NA	NA	NA	NA	NA	NA	NA	2B	2018	blank	1	Control	Mock rainout	2018-04-25T17:00:00Z	115	2018-04-25T21:00:00Z	115	Early	115	early	2018-04-25T18:00:00Z	120	-5
2	NA	B	y	191	2018-06-06T00:00:00Z	one_or_more	27	21	33	31	NA	NA	NA	NA	NA	NA	NA	NA	NA	NA	NA	NA	NA	NA	NA	NA	2B	2018	blank	2	Control	Mock rainout	2018-04-25T17:00:00Z	115	2018-04-25T21:00:00Z	115	Early	115	early	2018-04-25T18:00:00Z	120	-5
2	NA	B	n	192	2018-06-06T00:00:00Z	blank	NA	NA	NA	NA	NA	NA	NA	NA	NA	NA	NA	NA	NA	NA	NA	NA	NA	NA	NA	NA	2B	2018	blank	NA	Control	Mock rainout	2018-04-25T17:00:00Z	115	2018-04-25T21:00:00Z	115	Early	115	early	2018-04-25T18:00:00Z	120	-5
2	NA	B	n	193	2018-06-06T00:00:00Z	blank	NA	NA	NA	NA	NA	NA	NA	NA	NA	NA	NA	NA	NA	NA	NA	NA	NA	NA	NA	NA	2B	2018	blank	NA	Control	Mock rainout	2018-04-25T17:00:00Z	115	2018-04-25T21:00:00Z	115	Early	115	early	2018-04-25T18:00:00Z	120	-5
2	NA	B	n	194	2018-06-06T00:00:00Z	blank	NA	NA	NA	NA	NA	NA	NA	NA	NA	NA	NA	NA	NA	NA	NA	NA	NA	NA	NA	NA	2B	2018	blank	NA	Control	Mock rainout	2018-04-25T17:00:00Z	115	2018-04-25T21:00:00Z	115	Early	115	early	2018-04-25T18:00:00Z	120	-5
2	NA	B	y	195	2018-06-06T00:00:00Z	one_or_more	37	37	NA	NA	NA	NA	NA	NA	NA	NA	NA	NA	NA	NA	NA	NA	NA	NA	NA	NA	2B	2018	blank	1	Control	Mock rainout	2018-04-25T17:00:00Z	115	2018-04-25T21:00:00Z	115	Early	115	early	2018-04-25T18:00:00Z	120	-5
2	NA	B	n	196	2018-06-06T00:00:00Z	one_or_more	31	31	NA	NA	NA	NA	NA	NA	NA	NA	NA	NA	NA	NA	NA	NA	NA	NA	NA	NA	2B	2018	blank	1	Control	Mock rainout	2018-04-25T17:00:00Z	115	2018-04-25T21:00:00Z	115	Early	115	early	2018-04-25T18:00:00Z	120	-5
2	NA	B	n	197	2018-06-06T00:00:00Z	one_or_more	21	21	NA	NA	NA	NA	NA	NA	NA	NA	NA	NA	NA	NA	NA	NA	NA	NA	NA	NA	2B	2018	blank	1	Control	Mock rainout	2018-04-25T17:00:00Z	115	2018-04-25T21:00:00Z	115	Early	115	early	2018-04-25T18:00:00Z	120	-5
2	NA	B	n	198	2018-06-06T00:00:00Z	blank	NA	NA	NA	NA	NA	NA	NA	NA	NA	NA	NA	NA	NA	NA	NA	NA	NA	NA	NA	NA	2B	2018	blank	NA	Control	Mock rainout	2018-04-25T17:00:00Z	115	2018-04-25T21:00:00Z	115	Early	115	early	2018-04-25T18:00:00Z	120	-5
2	NA	B	y	199	2018-06-06T00:00:00Z	one_or_more	35	35	NA	NA	NA	NA	NA	NA	NA	NA	NA	NA	NA	NA	NA	NA	NA	NA	NA	NA	2B	2018	blank	1	Control	Mock rainout	2018-04-25T17:00:00Z	115	2018-04-25T21:00:00Z	115	Early	115	early	2018-04-25T18:00:00Z	120	-5
4	NA	D	y	26	2018-06-11T00:00:00Z	one_or_more	21	19	NA	NA	NA	NA	NA	NA	NA	NA	NA	NA	NA	NA	NA	NA	NA	NA	NA	NA	4D	2018	blank	1	Reduction	Reduction	NA	NA	NA	NA	Early	115	early	2018-04-25T18:00:00Z	120	-5
4	NA	D	n	27	2018-06-11T00:00:00Z	one_or_more	21	15	NA	NA	NA	NA	NA	NA	NA	NA	NA	NA	NA	NA	NA	NA	NA	NA	NA	NA	4D	2018	blank	1	Reduction	Reduction	NA	NA	NA	NA	Early	115	early	2018-04-25T18:00:00Z	120	-5
4	NA	D	n	28	2018-06-11T00:00:00Z	one_or_more	19	15	NA	NA	NA	NA	NA	NA	NA	NA	NA	NA	NA	NA	NA	NA	NA	NA	NA	NA	4D	2018	blank	1	Reduction	Reduction	NA	NA	NA	NA	Early	115	early	2018-04-25T18:00:00Z	120	-5
4	NA	D	y	29	2018-06-11T00:00:00Z	one_or_more	32	44	NA	NA	NA	NA	NA	NA	NA	NA	NA	NA	NA	NA	NA	NA	NA	NA	NA	NA	4D	2018	blank	1	Reduction	Reduction	NA	NA	NA	NA	Early	115	early	2018-04-25T18:00:00Z	120	-5
4	NA	D	n	30	2018-06-11T00:00:00Z	one_or_more	27	16	NA	NA	NA	NA	NA	NA	NA	NA	NA	NA	NA	NA	NA	NA	NA	NA	NA	NA	4D	2018	blank	1	Reduction	Reduction	NA	NA	NA	NA	Early	115	early	2018-04-25T18:00:00Z	120	-5
4	NA	D	y	31	2018-06-11T00:00:00Z	one_or_more	24	24	NA	NA	NA	NA	NA	NA	NA	NA	NA	NA	NA	NA	NA	NA	NA	NA	NA	NA	4D	2018	blank	1	Reduction	Reduction	NA	NA	NA	NA	Early	115	early	2018-04-25T18:00:00Z	120	-5
4	NA	D	n	32	2018-06-11T00:00:00Z	one_or_more	27	18	NA	NA	NA	NA	NA	NA	NA	NA	NA	NA	NA	NA	NA	NA	NA	NA	NA	NA	4D	2018	blank	1	Reduction	Reduction	NA	NA	NA	NA	Early	115	early	2018-04-25T18:00:00Z	120	-5
4	NA	D	y	33	2018-06-11T00:00:00Z	one_or_more	21	25	NA	NA	NA	NA	NA	NA	NA	NA	NA	NA	NA	NA	NA	NA	NA	NA	NA	NA	4D	2018	blank	1	Reduction	Reduction	NA	NA	NA	NA	Early	115	early	2018-04-25T18:00:00Z	120	-5
4	NA	D	y	34	2018-06-11T00:00:00Z	one_or_more	38	36	NA	NA	NA	NA	NA	NA	NA	NA	NA	NA	NA	NA	NA	NA	NA	NA	NA	NA	4D	2018	blank	1	Reduction	Reduction	NA	NA	NA	NA	Early	115	early	2018-04-25T18:00:00Z	120	-5
4	NA	D	y	35	2018-06-11T00:00:00Z	one_or_more	23	27	NA	NA	NA	NA	NA	NA	NA	NA	NA	NA	NA	NA	NA	NA	NA	NA	NA	NA	4D	2018	blank	1	Reduction	Reduction	NA	NA	NA	NA	Early	115	early	2018-04-25T18:00:00Z	120	-5
4	NA	D	y	36	2018-06-11T00:00:00Z	one_or_more	31	31	NA	NA	NA	NA	NA	NA	NA	NA	NA	NA	NA	NA	NA	NA	NA	NA	NA	NA	4D	2018	blank	1	Reduction	Reduction	NA	NA	NA	NA	Early	115	early	2018-04-25T18:00:00Z	120	-5
4	NA	D	n	37	2018-06-11T00:00:00Z	one_or_more	17	21	NA	NA	NA	NA	NA	NA	NA	NA	NA	NA	NA	NA	NA	NA	NA	NA	NA	NA	4D	2018	blank	1	Reduction	Reduction	NA	NA	NA	NA	Early	115	early	2018-04-25T18:00:00Z	120	-5
4	NA	D	n	38	2018-06-11T00:00:00Z	one_or_more	NA	NA	NA	NA	NA	NA	NA	NA	NA	NA	NA	NA	NA	NA	NA	NA	NA	NA	NA	NA	4D	2018	blank	NA	Reduction	Reduction	NA	NA	NA	NA	Early	115	early	2018-04-25T18:00:00Z	120	-5
4	NA	D	n	39	2018-06-11T00:00:00Z	one_or_more	34	26	NA	NA	NA	NA	NA	NA	NA	NA	NA	NA	NA	NA	NA	NA	NA	NA	NA	NA	4D	2018	blank	1	Reduction	Reduction	NA	NA	NA	NA	Early	115	early	2018-04-25T18:00:00Z	120	-5
4	NA	D	y	40	2018-06-11T00:00:00Z	one_or_more	27	30	NA	NA	NA	NA	NA	NA	NA	NA	NA	NA	NA	NA	NA	NA	NA	NA	NA	NA	4D	2018	blank	1	Reduction	Reduction	NA	NA	NA	NA	Early	115	early	2018-04-25T18:00:00Z	120	-5
4	NA	D	n	41	2018-06-11T00:00:00Z	one_or_more	19	20	NA	NA	NA	NA	NA	NA	NA	NA	NA	NA	NA	NA	NA	NA	NA	NA	NA	NA	4D	2018	blank	1	Reduction	Reduction	NA	NA	NA	NA	Early	115	early	2018-04-25T18:00:00Z	120	-5
4	NA	D	n	42	2018-06-11T00:00:00Z	one_or_more	17	22	NA	NA	NA	NA	NA	NA	NA	NA	NA	NA	NA	NA	NA	NA	NA	NA	NA	NA	4D	2018	blank	1	Reduction	Reduction	NA	NA	NA	NA	Early	115	early	2018-04-25T18:00:00Z	120	-5
4	NA	D	n	43	2018-06-11T00:00:00Z	one_or_more	33	19	NA	NA	NA	NA	NA	NA	NA	NA	NA	NA	NA	NA	NA	NA	NA	NA	NA	NA	4D	2018	blank	1	Reduction	Reduction	NA	NA	NA	NA	Early	115	early	2018-04-25T18:00:00Z	120	-5
4	NA	D	y	44	2018-06-11T00:00:00Z	one_or_more	17	19	NA	NA	NA	NA	NA	NA	NA	NA	NA	NA	NA	NA	NA	NA	NA	NA	NA	NA	4D	2018	blank	1	Reduction	Reduction	NA	NA	NA	NA	Early	115	early	2018-04-25T18:00:00Z	120	-5
4	NA	D	y	45	2018-06-11T00:00:00Z	one_or_more	27	38	NA	NA	NA	NA	NA	NA	NA	NA	NA	NA	NA	NA	NA	NA	NA	NA	NA	NA	4D	2018	blank	1	Reduction	Reduction	NA	NA	NA	NA	Early	115	early	2018-04-25T18:00:00Z	120	-5
4	NA	D	n	46	2018-06-11T00:00:00Z	one_or_more	17	19	NA	NA	NA	NA	NA	NA	NA	NA	NA	NA	NA	NA	NA	NA	NA	NA	NA	NA	4D	2018	blank	1	Reduction	Reduction	NA	NA	NA	NA	Early	115	early	2018-04-25T18:00:00Z	120	-5
4	NA	D	n	47	2018-06-11T00:00:00Z	one_or_more	15	21	NA	NA	NA	NA	NA	NA	NA	NA	NA	NA	NA	NA	NA	NA	NA	NA	NA	NA	4D	2018	blank	1	Reduction	Reduction	NA	NA	NA	NA	Early	115	early	2018-04-25T18:00:00Z	120	-5
4	NA	D	n	48	2018-06-11T00:00:00Z	one_or_more	27	8	19	9	19	8	15	8	NA	NA	NA	NA	NA	NA	NA	NA	NA	NA	NA	NA	4D	2018	blank	4	Reduction	Reduction	NA	NA	NA	NA	Early	115	early	2018-04-25T18:00:00Z	120	-5
4	NA	D	n	49	2018-06-11T00:00:00Z	one_or_more	12	13	NA	NA	NA	NA	NA	NA	NA	NA	NA	NA	NA	NA	NA	NA	NA	NA	NA	NA	4D	2018	blank	1	Reduction	Reduction	NA	NA	NA	NA	Early	115	early	2018-04-25T18:00:00Z	120	-5
4	NA	D	n	50	2018-06-11T00:00:00Z	one_or_more	29	12	NA	NA	NA	NA	NA	NA	NA	NA	NA	NA	NA	NA	NA	NA	NA	NA	NA	NA	4D	2018	blank	1	Reduction	Reduction	NA	NA	NA	NA	Early	115	early	2018-04-25T18:00:00Z	120	-5
4	NA	D	n	51	2018-06-11T00:00:00Z	one_or_more	51	14	28	6	15	10	27	10	30	11	NA	NA	NA	NA	NA	NA	NA	NA	NA	NA	4D	2018	blank	5	Reduction	Reduction	NA	NA	NA	NA	Early	115	early	2018-04-25T18:00:00Z	120	-5
4	NA	D	n	52	2018-06-11T00:00:00Z	one_or_more	11	6	29	10	NA	NA	NA	NA	NA	NA	NA	NA	NA	NA	NA	NA	NA	NA	NA	NA	4D	2018	blank	2	Reduction	Reduction	NA	NA	NA	NA	Early	115	early	2018-04-25T18:00:00Z	120	-5
4	NA	D	n	53	2018-06-11T00:00:00Z	one_or_more	32	18	NA	NA	NA	NA	NA	NA	NA	NA	NA	NA	NA	NA	NA	NA	NA	NA	NA	NA	4D	2018	blank	1	Reduction	Reduction	NA	NA	NA	NA	Early	115	early	2018-04-25T18:00:00Z	120	-5
4	NA	D	n	54	2018-06-11T00:00:00Z	one_or_more	12	24	NA	NA	NA	NA	NA	NA	NA	NA	NA	NA	NA	NA	NA	NA	NA	NA	NA	NA	4D	2018	blank	1	Reduction	Reduction	NA	NA	NA	NA	Early	115	early	2018-04-25T18:00:00Z	120	-5
4	NA	D	n	55	2018-06-11T00:00:00Z	one_or_more	11	14	NA	NA	NA	NA	NA	NA	NA	NA	NA	NA	NA	NA	NA	NA	NA	NA	NA	NA	4D	2018	blank	1	Reduction	Reduction	NA	NA	NA	NA	Early	115	early	2018-04-25T18:00:00Z	120	-5
4	NA	D	n	56	2018-06-11T00:00:00Z	one_or_more	41	32	NA	NA	NA	NA	NA	NA	NA	NA	NA	NA	NA	NA	NA	NA	NA	NA	NA	NA	4D	2018	blank	1	Reduction	Reduction	NA	NA	NA	NA	Early	115	early	2018-04-25T18:00:00Z	120	-5
4	NA	D	n	57	2018-06-11T00:00:00Z	one_or_more	19	20	NA	NA	NA	NA	NA	NA	NA	NA	NA	NA	NA	NA	NA	NA	NA	NA	NA	NA	4D	2018	blank	1	Reduction	Reduction	NA	NA	NA	NA	Early	115	early	2018-04-25T18:00:00Z	120	-5
4	NA	D	n	58	2018-06-11T00:00:00Z	one_or_more	NA	NA	NA	NA	NA	NA	NA	NA	NA	NA	NA	NA	NA	NA	NA	NA	NA	NA	NA	NA	4D	2018	blank	NA	Reduction	Reduction	NA	NA	NA	NA	Early	115	early	2018-04-25T18:00:00Z	120	-5
4	NA	D	n	59	2018-06-11T00:00:00Z	one_or_more	12	10	NA	NA	NA	NA	NA	NA	NA	NA	NA	NA	NA	NA	NA	NA	NA	NA	NA	NA	4D	2018	blank	1	Reduction	Reduction	NA	NA	NA	NA	Early	115	early	2018-04-25T18:00:00Z	120	-5
3	NA	B	n	821	2018-06-07T00:00:00Z	one_or_more	19	10	NA	NA	NA	NA	NA	NA	NA	NA	NA	NA	NA	NA	NA	NA	NA	NA	NA	NA	3B	2018	blank	1	Control	Mock rainout	2018-04-29T18:00:00Z	119	2018-04-29T22:00:00Z	119	Normal	120	normal	2018-04-30T18:00:00Z	120	0
3	NA	B	n	822	2018-06-07T00:00:00Z	one_or_more	17	11	NA	NA	NA	NA	NA	NA	NA	NA	NA	NA	NA	NA	NA	NA	NA	NA	NA	NA	3B	2018	blank	1	Control	Mock rainout	2018-04-29T18:00:00Z	119	2018-04-29T22:00:00Z	119	Normal	120	normal	2018-04-30T18:00:00Z	120	0
3	NA	B	n	823	2018-06-07T00:00:00Z	one_or_more	33	16	NA	NA	NA	NA	NA	NA	NA	NA	NA	NA	NA	NA	NA	NA	NA	NA	NA	NA	3B	2018	blank	1	Control	Mock rainout	2018-04-29T18:00:00Z	119	2018-04-29T22:00:00Z	119	Normal	120	normal	2018-04-30T18:00:00Z	120	0
3	NA	B	y	824	2018-06-07T00:00:00Z	one_or_more	35	30	NA	NA	NA	NA	NA	NA	NA	NA	NA	NA	NA	NA	NA	NA	NA	NA	NA	NA	3B	2018	blank	1	Control	Mock rainout	2018-04-29T18:00:00Z	119	2018-04-29T22:00:00Z	119	Normal	120	normal	2018-04-30T18:00:00Z	120	0
3	NA	B	n	825	2018-06-07T00:00:00Z	one_or_more	5	8	NA	NA	NA	NA	NA	NA	NA	NA	NA	NA	NA	NA	NA	NA	NA	NA	NA	NA	3B	2018	blank	1	Control	Mock rainout	2018-04-29T18:00:00Z	119	2018-04-29T22:00:00Z	119	Normal	120	normal	2018-04-30T18:00:00Z	120	0
3	NA	B	n	826	2018-06-07T00:00:00Z	one_or_more	39	23	NA	NA	NA	NA	NA	NA	NA	NA	NA	NA	NA	NA	NA	NA	NA	NA	NA	NA	3B	2018	blank	1	Control	Mock rainout	2018-04-29T18:00:00Z	119	2018-04-29T22:00:00Z	119	Normal	120	normal	2018-04-30T18:00:00Z	120	0
3	NA	B	n	827	2018-06-07T00:00:00Z	one_or_more	11	5	5	2	NA	NA	NA	NA	NA	NA	NA	NA	NA	NA	NA	NA	NA	NA	NA	NA	3B	2018	blank	2	Control	Mock rainout	2018-04-29T18:00:00Z	119	2018-04-29T22:00:00Z	119	Normal	120	normal	2018-04-30T18:00:00Z	120	0
3	NA	B	n	828	2018-06-07T00:00:00Z	one_or_more	15	14	21	14	NA	NA	NA	NA	NA	NA	NA	NA	NA	NA	NA	NA	NA	NA	NA	NA	3B	2018	blank	2	Control	Mock rainout	2018-04-29T18:00:00Z	119	2018-04-29T22:00:00Z	119	Normal	120	normal	2018-04-30T18:00:00Z	120	0
3	munched	B	n	829	2018-06-07T00:00:00Z	one_or_more	22	12	NA	NA	NA	NA	NA	NA	NA	NA	NA	NA	NA	NA	NA	NA	NA	NA	NA	NA	3B	2018	blank	1	Control	Mock rainout	2018-04-29T18:00:00Z	119	2018-04-29T22:00:00Z	119	Normal	120	normal	2018-04-30T18:00:00Z	120	0
3	munched	B	n	830	2018-06-07T00:00:00Z	one_or_more	27	6	NA	NA	NA	NA	NA	NA	NA	NA	NA	NA	NA	NA	NA	NA	NA	NA	NA	NA	3B	2018	blank	1	Control	Mock rainout	2018-04-29T18:00:00Z	119	2018-04-29T22:00:00Z	119	Normal	120	normal	2018-04-30T18:00:00Z	120	0
3	NA	B	n	831	2018-06-07T00:00:00Z	one_or_more	21	11	NA	NA	NA	NA	NA	NA	NA	NA	NA	NA	NA	NA	NA	NA	NA	NA	NA	NA	3B	2018	blank	1	Control	Mock rainout	2018-04-29T18:00:00Z	119	2018-04-29T22:00:00Z	119	Normal	120	normal	2018-04-30T18:00:00Z	120	0
3	NA	B	n	832	2018-06-07T00:00:00Z	one_or_more	21	8	NA	NA	NA	NA	NA	NA	NA	NA	NA	NA	NA	NA	NA	NA	NA	NA	NA	NA	3B	2018	blank	1	Control	Mock rainout	2018-04-29T18:00:00Z	119	2018-04-29T22:00:00Z	119	Normal	120	normal	2018-04-30T18:00:00Z	120	0
3	NA	B	y	833	2018-06-07T00:00:00Z	one_or_more	29	23	NA	NA	NA	NA	NA	NA	NA	NA	NA	NA	NA	NA	NA	NA	NA	NA	NA	NA	3B	2018	blank	1	Control	Mock rainout	2018-04-29T18:00:00Z	119	2018-04-29T22:00:00Z	119	Normal	120	normal	2018-04-30T18:00:00Z	120	0
3	NA	B	n	834	2018-06-07T00:00:00Z	one_or_more	27	4	30	14	NA	NA	NA	NA	NA	NA	NA	NA	NA	NA	NA	NA	NA	NA	NA	NA	3B	2018	blank	2	Control	Mock rainout	2018-04-29T18:00:00Z	119	2018-04-29T22:00:00Z	119	Normal	120	normal	2018-04-30T18:00:00Z	120	0
3	NA	B	n	835	2018-06-07T00:00:00Z	one_or_more	11	9	NA	NA	NA	NA	NA	NA	NA	NA	NA	NA	NA	NA	NA	NA	NA	NA	NA	NA	3B	2018	blank	1	Control	Mock rainout	2018-04-29T18:00:00Z	119	2018-04-29T22:00:00Z	119	Normal	120	normal	2018-04-30T18:00:00Z	120	0
3	NA	B	n	836	2018-06-07T00:00:00Z	one_or_more	3	7	NA	NA	NA	NA	NA	NA	NA	NA	NA	NA	NA	NA	NA	NA	NA	NA	NA	NA	3B	2018	blank	1	Control	Mock rainout	2018-04-29T18:00:00Z	119	2018-04-29T22:00:00Z	119	Normal	120	normal	2018-04-30T18:00:00Z	120	0
3	NA	B	n	837	2018-06-07T00:00:00Z	one_or_more	37	11	NA	NA	NA	NA	NA	NA	NA	NA	NA	NA	NA	NA	NA	NA	NA	NA	NA	NA	3B	2018	blank	1	Control	Mock rainout	2018-04-29T18:00:00Z	119	2018-04-29T22:00:00Z	119	Normal	120	normal	2018-04-30T18:00:00Z	120	0
3	breaking	B	n	838	2018-06-07T00:00:00Z	one_or_more	5	6	17	5	6	9	NA	NA	NA	NA	NA	NA	NA	NA	NA	NA	NA	NA	NA	NA	3B	2018	blank	3	Control	Mock rainout	2018-04-29T18:00:00Z	119	2018-04-29T22:00:00Z	119	Normal	120	normal	2018-04-30T18:00:00Z	120	0
3	NA	B	y	601	2018-06-07T00:00:00Z	one_or_more	42	20	NA	NA	NA	NA	NA	NA	NA	NA	NA	NA	NA	NA	NA	NA	NA	NA	NA	NA	3B	2018	blank	1	Control	Mock rainout	2018-04-29T18:00:00Z	119	2018-04-29T22:00:00Z	119	Normal	120	normal	2018-04-30T18:00:00Z	120	0
3	NA	B	n	602	2018-06-07T00:00:00Z	one_or_more	31	23	NA	NA	NA	NA	NA	NA	NA	NA	NA	NA	NA	NA	NA	NA	NA	NA	NA	NA	3B	2018	blank	1	Control	Mock rainout	2018-04-29T18:00:00Z	119	2018-04-29T22:00:00Z	119	Normal	120	normal	2018-04-30T18:00:00Z	120	0
3	NA	B	n	603	2018-06-07T00:00:00Z	one_or_more	22	14	NA	NA	NA	NA	NA	NA	NA	NA	NA	NA	NA	NA	NA	NA	NA	NA	NA	NA	3B	2018	blank	1	Control	Mock rainout	2018-04-29T18:00:00Z	119	2018-04-29T22:00:00Z	119	Normal	120	normal	2018-04-30T18:00:00Z	120	0
3	NA	B	n	604	2018-06-07T00:00:00Z	one_or_more	31	8	22	9	11	12	12	3	13	4	9	5	10	7	NA	NA	NA	NA	NA	NA	3B	2018	blank	7	Control	Mock rainout	2018-04-29T18:00:00Z	119	2018-04-29T22:00:00Z	119	Normal	120	normal	2018-04-30T18:00:00Z	120	0
3	NA	B	n	605	2018-06-07T00:00:00Z	one_or_more	19	11	NA	NA	NA	NA	NA	NA	NA	NA	NA	NA	NA	NA	NA	NA	NA	NA	NA	NA	3B	2018	blank	1	Control	Mock rainout	2018-04-29T18:00:00Z	119	2018-04-29T22:00:00Z	119	Normal	120	normal	2018-04-30T18:00:00Z	120	0
3	NA	B	y	606	2018-06-07T00:00:00Z	one_or_more	31	19	NA	NA	NA	NA	NA	NA	NA	NA	NA	NA	NA	NA	NA	NA	NA	NA	NA	NA	3B	2018	blank	1	Control	Mock rainout	2018-04-29T18:00:00Z	119	2018-04-29T22:00:00Z	119	Normal	120	normal	2018-04-30T18:00:00Z	120	0
3	NA	B	n	607	2018-06-07T00:00:00Z	one_or_more	19	12	NA	NA	NA	NA	NA	NA	NA	NA	NA	NA	NA	NA	NA	NA	NA	NA	NA	NA	3B	2018	blank	1	Control	Mock rainout	2018-04-29T18:00:00Z	119	2018-04-29T22:00:00Z	119	Normal	120	normal	2018-04-30T18:00:00Z	120	0
3	NA	B	n	608	2018-06-07T00:00:00Z	one_or_more	42	17	NA	NA	NA	NA	NA	NA	NA	NA	NA	NA	NA	NA	NA	NA	NA	NA	NA	NA	3B	2018	blank	1	Control	Mock rainout	2018-04-29T18:00:00Z	119	2018-04-29T22:00:00Z	119	Normal	120	normal	2018-04-30T18:00:00Z	120	0
3	NA	B	n	609	2018-06-07T00:00:00Z	one_or_more	23	10	32	12	21	3	NA	NA	NA	NA	NA	NA	NA	NA	NA	NA	NA	NA	NA	NA	3B	2018	blank	3	Control	Mock rainout	2018-04-29T18:00:00Z	119	2018-04-29T22:00:00Z	119	Normal	120	normal	2018-04-30T18:00:00Z	120	0
3	NA	B	n	610	2018-06-07T00:00:00Z	one_or_more	22	14	NA	NA	NA	NA	NA	NA	NA	NA	NA	NA	NA	NA	NA	NA	NA	NA	NA	NA	3B	2018	blank	1	Control	Mock rainout	2018-04-29T18:00:00Z	119	2018-04-29T22:00:00Z	119	Normal	120	normal	2018-04-30T18:00:00Z	120	0
3	NA	B	n	611	2018-06-07T00:00:00Z	one_or_more	16	19	NA	NA	NA	NA	NA	NA	NA	NA	NA	NA	NA	NA	NA	NA	NA	NA	NA	NA	3B	2018	blank	1	Control	Mock rainout	2018-04-29T18:00:00Z	119	2018-04-29T22:00:00Z	119	Normal	120	normal	2018-04-30T18:00:00Z	120	0
3	NA	B	n	612	2018-06-07T00:00:00Z	one_or_more	22	14	NA	NA	NA	NA	NA	NA	NA	NA	NA	NA	NA	NA	NA	NA	NA	NA	NA	NA	3B	2018	blank	1	Control	Mock rainout	2018-04-29T18:00:00Z	119	2018-04-29T22:00:00Z	119	Normal	120	normal	2018-04-30T18:00:00Z	120	0
3	NA	B	n	613	2018-06-07T00:00:00Z	one_or_more	25	11	NA	NA	NA	NA	NA	NA	NA	NA	NA	NA	NA	NA	NA	NA	NA	NA	NA	NA	3B	2018	blank	1	Control	Mock rainout	2018-04-29T18:00:00Z	119	2018-04-29T22:00:00Z	119	Normal	120	normal	2018-04-30T18:00:00Z	120	0
3	NA	B	n	614	2018-06-07T00:00:00Z	one_or_more	21	18	NA	NA	NA	NA	NA	NA	NA	NA	NA	NA	NA	NA	NA	NA	NA	NA	NA	NA	3B	2018	blank	1	Control	Mock rainout	2018-04-29T18:00:00Z	119	2018-04-29T22:00:00Z	119	Normal	120	normal	2018-04-30T18:00:00Z	120	0
3	NA	B	n	615	2018-06-07T00:00:00Z	one_or_more	21	5	15	12	13	6	NA	NA	NA	NA	NA	NA	NA	NA	NA	NA	NA	NA	NA	NA	3B	2018	blank	3	Control	Mock rainout	2018-04-29T18:00:00Z	119	2018-04-29T22:00:00Z	119	Normal	120	normal	2018-04-30T18:00:00Z	120	0
3	NA	B	n	616	2018-06-07T00:00:00Z	one_or_more	25	6	21	6	17	7	NA	NA	NA	NA	NA	NA	NA	NA	NA	NA	NA	NA	NA	NA	3B	2018	blank	3	Control	Mock rainout	2018-04-29T18:00:00Z	119	2018-04-29T22:00:00Z	119	Normal	120	normal	2018-04-30T18:00:00Z	120	0
3	NA	B	n	617	2018-06-07T00:00:00Z	one_or_more	33	10	NA	NA	NA	NA	NA	NA	NA	NA	NA	NA	NA	NA	NA	NA	NA	NA	NA	NA	3B	2018	blank	1	Control	Mock rainout	2018-04-29T18:00:00Z	119	2018-04-29T22:00:00Z	119	Normal	120	normal	2018-04-30T18:00:00Z	120	0
3	NA	B	n	618	2018-06-07T00:00:00Z	one_or_more	23	15	NA	NA	NA	NA	NA	NA	NA	NA	NA	NA	NA	NA	NA	NA	NA	NA	NA	NA	3B	2018	blank	1	Control	Mock rainout	2018-04-29T18:00:00Z	119	2018-04-29T22:00:00Z	119	Normal	120	normal	2018-04-30T18:00:00Z	120	0
3	NA	B	n	619	2018-06-07T00:00:00Z	one_or_more	31	22	NA	NA	NA	NA	NA	NA	NA	NA	NA	NA	NA	NA	NA	NA	NA	NA	NA	NA	3B	2018	blank	1	Control	Mock rainout	2018-04-29T18:00:00Z	119	2018-04-29T22:00:00Z	119	Normal	120	normal	2018-04-30T18:00:00Z	120	0
3	very wilted	B	n	620	2018-06-07T00:00:00Z	one_or_more	24	7	21	11	NA	NA	NA	NA	NA	NA	NA	NA	NA	NA	NA	NA	NA	NA	NA	NA	3B	2018	blank	2	Control	Mock rainout	2018-04-29T18:00:00Z	119	2018-04-29T22:00:00Z	119	Normal	120	normal	2018-04-30T18:00:00Z	120	0
3	NA	B	n	621	2018-06-07T00:00:00Z	one_or_more	31	15	NA	NA	NA	NA	NA	NA	NA	NA	NA	NA	NA	NA	NA	NA	NA	NA	NA	NA	3B	2018	blank	1	Control	Mock rainout	2018-04-29T18:00:00Z	119	2018-04-29T22:00:00Z	119	Normal	120	normal	2018-04-30T18:00:00Z	120	0
3	NA	B	n	622	2018-06-07T00:00:00Z	one_or_more	29	15	NA	NA	NA	NA	NA	NA	NA	NA	NA	NA	NA	NA	NA	NA	NA	NA	NA	NA	3B	2018	blank	1	Control	Mock rainout	2018-04-29T18:00:00Z	119	2018-04-29T22:00:00Z	119	Normal	120	normal	2018-04-30T18:00:00Z	120	0
3	NA	B	n	623	2018-06-07T00:00:00Z	one_or_more	21	13	NA	NA	NA	NA	NA	NA	NA	NA	NA	NA	NA	NA	NA	NA	NA	NA	NA	NA	3B	2018	blank	1	Control	Mock rainout	2018-04-29T18:00:00Z	119	2018-04-29T22:00:00Z	119	Normal	120	normal	2018-04-30T18:00:00Z	120	0
3	NA	B	n	624	2018-06-07T00:00:00Z	one_or_more	33	10	52	18	29	9	NA	NA	NA	NA	NA	NA	NA	NA	NA	NA	NA	NA	NA	NA	3B	2018	blank	3	Control	Mock rainout	2018-04-29T18:00:00Z	119	2018-04-29T22:00:00Z	119	Normal	120	normal	2018-04-30T18:00:00Z	120	0
3	NA	A	n	269	2018-06-07T00:00:00Z	one_or_more	13	11	NA	NA	NA	NA	NA	NA	NA	NA	NA	NA	NA	NA	NA	NA	NA	NA	NA	NA	3A	2018	blank	1	Reduction	Reduction	2018-04-29T18:00:00Z	119	2018-04-29T22:00:00Z	119	Normal	120	normal	2018-04-30T18:00:00Z	120	0
3	NA	A	n	270	2018-06-07T00:00:00Z	one_or_more	22	24	NA	NA	NA	NA	NA	NA	NA	NA	NA	NA	NA	NA	NA	NA	NA	NA	NA	NA	3A	2018	blank	1	Reduction	Reduction	2018-04-29T18:00:00Z	119	2018-04-29T22:00:00Z	119	Normal	120	normal	2018-04-30T18:00:00Z	120	0
3	NA	A	n	271	2018-06-07T00:00:00Z	one_or_more	NA	NA	NA	NA	NA	NA	NA	NA	NA	NA	NA	NA	NA	NA	NA	NA	NA	NA	NA	NA	3A	2018	blank	NA	Reduction	Reduction	2018-04-29T18:00:00Z	119	2018-04-29T22:00:00Z	119	Normal	120	normal	2018-04-30T18:00:00Z	120	0
3	NA	A	n	272	2018-06-07T00:00:00Z	one_or_more	9	9	12	11	NA	NA	NA	NA	NA	NA	NA	NA	NA	NA	NA	NA	NA	NA	NA	NA	3A	2018	blank	2	Reduction	Reduction	2018-04-29T18:00:00Z	119	2018-04-29T22:00:00Z	119	Normal	120	normal	2018-04-30T18:00:00Z	120	0
3	NA	A	n	273	2018-06-07T00:00:00Z	one_or_more	9	17	NA	NA	NA	NA	NA	NA	NA	NA	NA	NA	NA	NA	NA	NA	NA	NA	NA	NA	3A	2018	blank	1	Reduction	Reduction	2018-04-29T18:00:00Z	119	2018-04-29T22:00:00Z	119	Normal	120	normal	2018-04-30T18:00:00Z	120	0
3	NA	A	n	274	2018-06-07T00:00:00Z	one_or_more	3	14	NA	NA	NA	NA	NA	NA	NA	NA	NA	NA	NA	NA	NA	NA	NA	NA	NA	NA	3A	2018	blank	1	Reduction	Reduction	2018-04-29T18:00:00Z	119	2018-04-29T22:00:00Z	119	Normal	120	normal	2018-04-30T18:00:00Z	120	0
3	NA	A	n	275	2018-06-07T00:00:00Z	one_or_more	22	6	NA	NA	NA	NA	NA	NA	NA	NA	NA	NA	NA	NA	NA	NA	NA	NA	NA	NA	3A	2018	blank	1	Reduction	Reduction	2018-04-29T18:00:00Z	119	2018-04-29T22:00:00Z	119	Normal	120	normal	2018-04-30T18:00:00Z	120	0
3	NA	A	n	276	2018-06-07T00:00:00Z	one_or_more	45	22	NA	NA	NA	NA	NA	NA	NA	NA	NA	NA	NA	NA	NA	NA	NA	NA	NA	NA	3A	2018	blank	1	Reduction	Reduction	2018-04-29T18:00:00Z	119	2018-04-29T22:00:00Z	119	Normal	120	normal	2018-04-30T18:00:00Z	120	0
3	NA	A	n	277	2018-06-07T00:00:00Z	one_or_more	7	11	NA	NA	NA	NA	NA	NA	NA	NA	NA	NA	NA	NA	NA	NA	NA	NA	NA	NA	3A	2018	blank	1	Reduction	Reduction	2018-04-29T18:00:00Z	119	2018-04-29T22:00:00Z	119	Normal	120	normal	2018-04-30T18:00:00Z	120	0
3	NA	A	n	278	2018-06-07T00:00:00Z	one_or_more	21	14	NA	NA	NA	NA	NA	NA	NA	NA	NA	NA	NA	NA	NA	NA	NA	NA	NA	NA	3A	2018	blank	1	Reduction	Reduction	2018-04-29T18:00:00Z	119	2018-04-29T22:00:00Z	119	Normal	120	normal	2018-04-30T18:00:00Z	120	0
3	NA	A	n	120	2018-06-07T00:00:00Z	one_or_more	40	7	NA	NA	NA	NA	NA	NA	NA	NA	NA	NA	NA	NA	NA	NA	NA	NA	NA	NA	3A	2018	blank	1	Reduction	Reduction	2018-04-29T18:00:00Z	119	2018-04-29T22:00:00Z	119	Normal	120	normal	2018-04-30T18:00:00Z	120	0
3	NA	A	n	121	2018-06-07T00:00:00Z	one_or_more	13	10	NA	NA	NA	NA	NA	NA	NA	NA	NA	NA	NA	NA	NA	NA	NA	NA	NA	NA	3A	2018	blank	1	Reduction	Reduction	2018-04-29T18:00:00Z	119	2018-04-29T22:00:00Z	119	Normal	120	normal	2018-04-30T18:00:00Z	120	0
3	NA	A	n	122	2018-06-07T00:00:00Z	one_or_more	18	10	NA	NA	NA	NA	NA	NA	NA	NA	NA	NA	NA	NA	NA	NA	NA	NA	NA	NA	3A	2018	blank	1	Reduction	Reduction	2018-04-29T18:00:00Z	119	2018-04-29T22:00:00Z	119	Normal	120	normal	2018-04-30T18:00:00Z	120	0
3	NA	A	n	123	2018-06-07T00:00:00Z	one_or_more	16	10	NA	NA	NA	NA	NA	NA	NA	NA	NA	NA	NA	NA	NA	NA	NA	NA	NA	NA	3A	2018	blank	1	Reduction	Reduction	2018-04-29T18:00:00Z	119	2018-04-29T22:00:00Z	119	Normal	120	normal	2018-04-30T18:00:00Z	120	0
3	NA	A	n	124	2018-06-07T00:00:00Z	one_or_more	6	6	NA	NA	NA	NA	NA	NA	NA	NA	NA	NA	NA	NA	NA	NA	NA	NA	NA	NA	3A	2018	blank	1	Reduction	Reduction	2018-04-29T18:00:00Z	119	2018-04-29T22:00:00Z	119	Normal	120	normal	2018-04-30T18:00:00Z	120	0
3	NA	A	n	125	2018-06-07T00:00:00Z	one_or_more	19	17	NA	NA	NA	NA	NA	NA	NA	NA	NA	NA	NA	NA	NA	NA	NA	NA	NA	NA	3A	2018	blank	1	Reduction	Reduction	2018-04-29T18:00:00Z	119	2018-04-29T22:00:00Z	119	Normal	120	normal	2018-04-30T18:00:00Z	120	0
3	NA	A	n	126	2018-06-07T00:00:00Z	one_or_more	18	14	NA	NA	NA	NA	NA	NA	NA	NA	NA	NA	NA	NA	NA	NA	NA	NA	NA	NA	3A	2018	blank	1	Reduction	Reduction	2018-04-29T18:00:00Z	119	2018-04-29T22:00:00Z	119	Normal	120	normal	2018-04-30T18:00:00Z	120	0
3	NA	A	n	127	2018-06-07T00:00:00Z	one_or_more	31	30	NA	NA	NA	NA	NA	NA	NA	NA	NA	NA	NA	NA	NA	NA	NA	NA	NA	NA	3A	2018	blank	1	Reduction	Reduction	2018-04-29T18:00:00Z	119	2018-04-29T22:00:00Z	119	Normal	120	normal	2018-04-30T18:00:00Z	120	0
3	NA	A	y	128	2018-06-07T00:00:00Z	one_or_more	4	41	NA	NA	NA	NA	NA	NA	NA	NA	NA	NA	NA	NA	NA	NA	NA	NA	NA	NA	3A	2018	blank	1	Reduction	Reduction	2018-04-29T18:00:00Z	119	2018-04-29T22:00:00Z	119	Normal	120	normal	2018-04-30T18:00:00Z	120	0
3	NA	A	n	129	2018-06-07T00:00:00Z	one_or_more	7	12	NA	NA	NA	NA	NA	NA	NA	NA	NA	NA	NA	NA	NA	NA	NA	NA	NA	NA	3A	2018	blank	1	Reduction	Reduction	2018-04-29T18:00:00Z	119	2018-04-29T22:00:00Z	119	Normal	120	normal	2018-04-30T18:00:00Z	120	0
3	NA	A	n	632	2018-06-07T00:00:00Z	one_or_more	NA	NA	NA	NA	NA	NA	NA	NA	NA	NA	NA	NA	NA	NA	NA	NA	NA	NA	NA	NA	3A	2018	blank	NA	Reduction	Reduction	2018-04-29T18:00:00Z	119	2018-04-29T22:00:00Z	119	Normal	120	normal	2018-04-30T18:00:00Z	120	0
3	NA	A	n	633	2018-06-07T00:00:00Z	one_or_more	24	27	NA	NA	NA	NA	NA	NA	NA	NA	NA	NA	NA	NA	NA	NA	NA	NA	NA	NA	3A	2018	blank	1	Reduction	Reduction	2018-04-29T18:00:00Z	119	2018-04-29T22:00:00Z	119	Normal	120	normal	2018-04-30T18:00:00Z	120	0
3	NA	A	n	634	2018-06-07T00:00:00Z	one_or_more	23	16	NA	NA	NA	NA	NA	NA	NA	NA	NA	NA	NA	NA	NA	NA	NA	NA	NA	NA	3A	2018	blank	1	Reduction	Reduction	2018-04-29T18:00:00Z	119	2018-04-29T22:00:00Z	119	Normal	120	normal	2018-04-30T18:00:00Z	120	0
3	NA	A	n	635	2018-06-07T00:00:00Z	one_or_more	32	17	NA	NA	NA	NA	NA	NA	NA	NA	NA	NA	NA	NA	NA	NA	NA	NA	NA	NA	3A	2018	blank	1	Reduction	Reduction	2018-04-29T18:00:00Z	119	2018-04-29T22:00:00Z	119	Normal	120	normal	2018-04-30T18:00:00Z	120	0
3	NA	A	n	636	2018-06-07T00:00:00Z	one_or_more	28	14	NA	NA	NA	NA	NA	NA	NA	NA	NA	NA	NA	NA	NA	NA	NA	NA	NA	NA	3A	2018	blank	1	Reduction	Reduction	2018-04-29T18:00:00Z	119	2018-04-29T22:00:00Z	119	Normal	120	normal	2018-04-30T18:00:00Z	120	0
3	NA	A	n	637	2018-06-07T00:00:00Z	one_or_more	35	22	NA	NA	NA	NA	NA	NA	NA	NA	NA	NA	NA	NA	NA	NA	NA	NA	NA	NA	3A	2018	blank	1	Reduction	Reduction	2018-04-29T18:00:00Z	119	2018-04-29T22:00:00Z	119	Normal	120	normal	2018-04-30T18:00:00Z	120	0
3	NA	A	n	638	2018-06-07T00:00:00Z	one_or_more	26	13	NA	NA	NA	NA	NA	NA	NA	NA	NA	NA	NA	NA	NA	NA	NA	NA	NA	NA	3A	2018	blank	1	Reduction	Reduction	2018-04-29T18:00:00Z	119	2018-04-29T22:00:00Z	119	Normal	120	normal	2018-04-30T18:00:00Z	120	0
3	NA	A	n	639	2018-06-07T00:00:00Z	one_or_more	36	16	3	12	38	13	NA	NA	NA	NA	NA	NA	NA	NA	NA	NA	NA	NA	NA	NA	3A	2018	blank	3	Reduction	Reduction	2018-04-29T18:00:00Z	119	2018-04-29T22:00:00Z	119	Normal	120	normal	2018-04-30T18:00:00Z	120	0
3	NA	A	n	640	2018-06-07T00:00:00Z	one_or_more	25	5	22	6	22	4	NA	NA	NA	NA	NA	NA	NA	NA	NA	NA	NA	NA	NA	NA	3A	2018	blank	3	Reduction	Reduction	2018-04-29T18:00:00Z	119	2018-04-29T22:00:00Z	119	Normal	120	normal	2018-04-30T18:00:00Z	120	0
3	NA	A	n	641	2018-06-07T00:00:00Z	one_or_more	7	6	3	7	NA	NA	NA	NA	NA	NA	NA	NA	NA	NA	NA	NA	NA	NA	NA	NA	3A	2018	blank	2	Reduction	Reduction	2018-04-29T18:00:00Z	119	2018-04-29T22:00:00Z	119	Normal	120	normal	2018-04-30T18:00:00Z	120	0
3	NA	A	n	642	2018-06-07T00:00:00Z	one_or_more	33	15	19	15	NA	NA	NA	NA	NA	NA	NA	NA	NA	NA	NA	NA	NA	NA	NA	NA	3A	2018	blank	2	Reduction	Reduction	2018-04-29T18:00:00Z	119	2018-04-29T22:00:00Z	119	Normal	120	normal	2018-04-30T18:00:00Z	120	0
3	NA	A	n	643	2018-06-07T00:00:00Z	one_or_more	34	21	NA	NA	NA	NA	NA	NA	NA	NA	NA	NA	NA	NA	NA	NA	NA	NA	NA	NA	3A	2018	blank	1	Reduction	Reduction	2018-04-29T18:00:00Z	119	2018-04-29T22:00:00Z	119	Normal	120	normal	2018-04-30T18:00:00Z	120	0
3	NA	A	n	644	2018-06-07T00:00:00Z	one_or_more	22	16	NA	NA	NA	NA	NA	NA	NA	NA	NA	NA	NA	NA	NA	NA	NA	NA	NA	NA	3A	2018	blank	1	Reduction	Reduction	2018-04-29T18:00:00Z	119	2018-04-29T22:00:00Z	119	Normal	120	normal	2018-04-30T18:00:00Z	120	0
3	NA	A	n	645B	2018-06-07T00:00:00Z	one_or_more	21	12	NA	NA	NA	NA	NA	NA	NA	NA	NA	NA	NA	NA	NA	NA	NA	NA	NA	NA	3A	2018	blank	1	Reduction	Reduction	2018-04-29T18:00:00Z	119	2018-04-29T22:00:00Z	119	Normal	120	normal	2018-04-30T18:00:00Z	120	0
3	NA	A	n	645	2018-06-07T00:00:00Z	one_or_more	4	12	NA	NA	NA	NA	NA	NA	NA	NA	NA	NA	NA	NA	NA	NA	NA	NA	NA	NA	3A	2018	blank	1	Reduction	Reduction	2018-04-29T18:00:00Z	119	2018-04-29T22:00:00Z	119	Normal	120	normal	2018-04-30T18:00:00Z	120	0
3	NA	A	n	646	2018-06-07T00:00:00Z	one_or_more	5	7	NA	NA	NA	NA	NA	NA	NA	NA	NA	NA	NA	NA	NA	NA	NA	NA	NA	NA	3A	2018	blank	1	Reduction	Reduction	2018-04-29T18:00:00Z	119	2018-04-29T22:00:00Z	119	Normal	120	normal	2018-04-30T18:00:00Z	120	0
3	NA	A	n	647	2018-06-07T00:00:00Z	one_or_more	31	19	NA	NA	NA	NA	NA	NA	NA	NA	NA	NA	NA	NA	NA	NA	NA	NA	NA	NA	3A	2018	blank	1	Reduction	Reduction	2018-04-29T18:00:00Z	119	2018-04-29T22:00:00Z	119	Normal	120	normal	2018-04-30T18:00:00Z	120	0
3	NA	A	n	648	2018-06-07T00:00:00Z	one_or_more	5	7	NA	NA	NA	NA	NA	NA	NA	NA	NA	NA	NA	NA	NA	NA	NA	NA	NA	NA	3A	2018	blank	1	Reduction	Reduction	2018-04-29T18:00:00Z	119	2018-04-29T22:00:00Z	119	Normal	120	normal	2018-04-30T18:00:00Z	120	0
3	NA	A	n	649	2018-06-07T00:00:00Z	one_or_more	5	8	NA	NA	NA	NA	NA	NA	NA	NA	NA	NA	NA	NA	NA	NA	NA	NA	NA	NA	3A	2018	blank	1	Reduction	Reduction	2018-04-29T18:00:00Z	119	2018-04-29T22:00:00Z	119	Normal	120	normal	2018-04-30T18:00:00Z	120	0
3	NA	A	n	650	2018-06-07T00:00:00Z	one_or_more	21	13	22	17	NA	NA	NA	NA	NA	NA	NA	NA	NA	NA	NA	NA	NA	NA	NA	NA	3A	2018	blank	2	Reduction	Reduction	2018-04-29T18:00:00Z	119	2018-04-29T22:00:00Z	119	Normal	120	normal	2018-04-30T18:00:00Z	120	0
3	NA	A	n	651	2018-06-07T00:00:00Z	one_or_more	13	4	NA	NA	NA	NA	NA	NA	NA	NA	NA	NA	NA	NA	NA	NA	NA	NA	NA	NA	3A	2018	blank	1	Reduction	Reduction	2018-04-29T18:00:00Z	119	2018-04-29T22:00:00Z	119	Normal	120	normal	2018-04-30T18:00:00Z	120	0
3	NA	A	n	652	2018-06-07T00:00:00Z	one_or_more	20	8	NA	NA	NA	NA	NA	NA	NA	NA	NA	NA	NA	NA	NA	NA	NA	NA	NA	NA	3A	2018	blank	1	Reduction	Reduction	2018-04-29T18:00:00Z	119	2018-04-29T22:00:00Z	119	Normal	120	normal	2018-04-30T18:00:00Z	120	0
3	NA	A	n	653	2018-06-07T00:00:00Z	one_or_more	16	17	NA	NA	NA	NA	NA	NA	NA	NA	NA	NA	NA	NA	NA	NA	NA	NA	NA	NA	3A	2018	blank	1	Reduction	Reduction	2018-04-29T18:00:00Z	119	2018-04-29T22:00:00Z	119	Normal	120	normal	2018-04-30T18:00:00Z	120	0
3	NA	A	n	654	2018-06-07T00:00:00Z	one_or_more	5	6	NA	NA	NA	NA	NA	NA	NA	NA	NA	NA	NA	NA	NA	NA	NA	NA	NA	NA	3A	2018	blank	1	Reduction	Reduction	2018-04-29T18:00:00Z	119	2018-04-29T22:00:00Z	119	Normal	120	normal	2018-04-30T18:00:00Z	120	0
3	NA	A	n	655	2018-06-07T00:00:00Z	one_or_more	25	12	NA	NA	NA	NA	NA	NA	NA	NA	NA	NA	NA	NA	NA	NA	NA	NA	NA	NA	3A	2018	blank	1	Reduction	Reduction	2018-04-29T18:00:00Z	119	2018-04-29T22:00:00Z	119	Normal	120	normal	2018-04-30T18:00:00Z	120	0
3	NA	A	n	656	2018-06-07T00:00:00Z	one_or_more	NA	16	NA	NA	NA	NA	NA	NA	NA	NA	NA	NA	NA	NA	NA	NA	NA	NA	NA	NA	3A	2018	blank	NA	Reduction	Reduction	2018-04-29T18:00:00Z	119	2018-04-29T22:00:00Z	119	Normal	120	normal	2018-04-30T18:00:00Z	120	0
3	NA	A	n	657	2018-06-07T00:00:00Z	one_or_more	29	13	NA	NA	NA	NA	NA	NA	NA	NA	NA	NA	NA	NA	NA	NA	NA	NA	NA	NA	3A	2018	blank	1	Reduction	Reduction	2018-04-29T18:00:00Z	119	2018-04-29T22:00:00Z	119	Normal	120	normal	2018-04-30T18:00:00Z	120	0
3	NA	A	n	658	2018-06-07T00:00:00Z	one_or_more	17	13	NA	NA	NA	NA	NA	NA	NA	NA	NA	NA	NA	NA	NA	NA	NA	NA	NA	NA	3A	2018	blank	1	Reduction	Reduction	2018-04-29T18:00:00Z	119	2018-04-29T22:00:00Z	119	Normal	120	normal	2018-04-30T18:00:00Z	120	0
2	NA	C	y	258	2018-06-11T00:00:00Z	one_or_more	25	57	NA	NA	NA	NA	NA	NA	NA	NA	NA	NA	NA	NA	NA	NA	NA	NA	NA	NA	2C	2018	blank	1	Reduction	Reduction	2018-04-25T17:00:00Z	115	2018-04-25T21:00:00Z	115	Early	115	early	2018-04-25T18:00:00Z	120	-5
2	NA	C	n	259	2018-06-11T00:00:00Z	one_or_more	3	3	33	20	24	17	NA	NA	NA	NA	NA	NA	NA	NA	NA	NA	NA	NA	NA	NA	2C	2018	blank	3	Reduction	Reduction	2018-04-25T17:00:00Z	115	2018-04-25T21:00:00Z	115	Early	115	early	2018-04-25T18:00:00Z	120	-5
2	NA	C	n	260	2018-06-11T00:00:00Z	one_or_more	NA	NA	NA	NA	NA	NA	NA	NA	NA	NA	NA	NA	NA	NA	NA	NA	NA	NA	NA	NA	2C	2018	blank	NA	Reduction	Reduction	2018-04-25T17:00:00Z	115	2018-04-25T21:00:00Z	115	Early	115	early	2018-04-25T18:00:00Z	120	-5
2	NA	C	n	261	2018-06-11T00:00:00Z	one_or_more	31	26	NA	NA	NA	NA	NA	NA	NA	NA	NA	NA	NA	NA	NA	NA	NA	NA	NA	NA	2C	2018	blank	1	Reduction	Reduction	2018-04-25T17:00:00Z	115	2018-04-25T21:00:00Z	115	Early	115	early	2018-04-25T18:00:00Z	120	-5
2	NA	C	n	262	2018-06-11T00:00:00Z	one_or_more	31	26	NA	NA	NA	NA	NA	NA	NA	NA	NA	NA	NA	NA	NA	NA	NA	NA	NA	NA	2C	2018	blank	1	Reduction	Reduction	2018-04-25T17:00:00Z	115	2018-04-25T21:00:00Z	115	Early	115	early	2018-04-25T18:00:00Z	120	-5
2	NA	C	n	263	2018-06-11T00:00:00Z	one_or_more	36	21	NA	NA	NA	NA	NA	NA	NA	NA	NA	NA	NA	NA	NA	NA	NA	NA	NA	NA	2C	2018	blank	1	Reduction	Reduction	2018-04-25T17:00:00Z	115	2018-04-25T21:00:00Z	115	Early	115	early	2018-04-25T18:00:00Z	120	-5
2	NA	C	n	264	2018-06-11T00:00:00Z	one_or_more	37	28	NA	NA	NA	NA	NA	NA	NA	NA	NA	NA	NA	NA	NA	NA	NA	NA	NA	NA	2C	2018	blank	1	Reduction	Reduction	2018-04-25T17:00:00Z	115	2018-04-25T21:00:00Z	115	Early	115	early	2018-04-25T18:00:00Z	120	-5
2	NA	C	n	265	2018-06-11T00:00:00Z	one_or_more	16	36	13	45	40	17	40	19	NA	NA	NA	NA	NA	NA	NA	NA	NA	NA	NA	NA	2C	2018	blank	4	Reduction	Reduction	2018-04-25T17:00:00Z	115	2018-04-25T21:00:00Z	115	Early	115	early	2018-04-25T18:00:00Z	120	-5
2	probably 13 rosettes ll=13 is all other rosettes combined	C	y	266	2018-06-11T00:00:00Z	one_or_more	39	35	NA	NA	NA	NA	NA	NA	NA	NA	NA	NA	NA	NA	NA	NA	NA	NA	NA	NA	2C	2018	blank	1	Reduction	Reduction	2018-04-25T17:00:00Z	115	2018-04-25T21:00:00Z	115	Early	115	early	2018-04-25T18:00:00Z	120	-5
2	NA	C	n	267	2018-06-11T00:00:00Z	one_or_more	40	27	39	18	41	NA	NA	NA	NA	NA	NA	NA	NA	NA	NA	NA	NA	NA	NA	NA	2C	2018	blank	2	Reduction	Reduction	2018-04-25T17:00:00Z	115	2018-04-25T21:00:00Z	115	Early	115	early	2018-04-25T18:00:00Z	120	-5
2	NA	C	n	268	2018-06-11T00:00:00Z	one_or_more	25	11	50	14	NA	NA	NA	NA	NA	NA	NA	NA	NA	NA	NA	NA	NA	NA	NA	NA	2C	2018	blank	2	Reduction	Reduction	2018-04-25T17:00:00Z	115	2018-04-25T21:00:00Z	115	Early	115	early	2018-04-25T18:00:00Z	120	-5
2	NA	C	n	269	2018-06-11T00:00:00Z	one_or_more	14	9	7	3	21	13	33	17	NA	NA	NA	NA	NA	NA	NA	NA	NA	NA	NA	NA	2C	2018	blank	4	Reduction	Reduction	2018-04-25T17:00:00Z	115	2018-04-25T21:00:00Z	115	Early	115	early	2018-04-25T18:00:00Z	120	-5
2	NA	C	n	270	2018-06-11T00:00:00Z	one_or_more	29	40	NA	NA	NA	NA	NA	NA	NA	NA	NA	NA	NA	NA	NA	NA	NA	NA	NA	NA	2C	2018	blank	1	Reduction	Reduction	2018-04-25T17:00:00Z	115	2018-04-25T21:00:00Z	115	Early	115	early	2018-04-25T18:00:00Z	120	-5
2	NA	C	n	271	2018-06-11T00:00:00Z	one_or_more	34	24	NA	NA	NA	NA	NA	NA	NA	NA	NA	NA	NA	NA	NA	NA	NA	NA	NA	NA	2C	2018	blank	1	Reduction	Reduction	2018-04-25T17:00:00Z	115	2018-04-25T21:00:00Z	115	Early	115	early	2018-04-25T18:00:00Z	120	-5
2	NA	C	n	272	2018-06-11T00:00:00Z	one_or_more	55	43	NA	NA	NA	NA	NA	NA	NA	NA	NA	NA	NA	NA	NA	NA	NA	NA	NA	NA	2C	2018	blank	1	Reduction	Reduction	2018-04-25T17:00:00Z	115	2018-04-25T21:00:00Z	115	Early	115	early	2018-04-25T18:00:00Z	120	-5
2	NA	C	n	273	2018-06-11T00:00:00Z	one_or_more	NA	NA	NA	NA	NA	NA	NA	NA	NA	NA	NA	NA	NA	NA	NA	NA	NA	NA	NA	NA	2C	2018	blank	NA	Reduction	Reduction	2018-04-25T17:00:00Z	115	2018-04-25T21:00:00Z	115	Early	115	early	2018-04-25T18:00:00Z	120	-5
2	NA	C	n	274	2018-06-11T00:00:00Z	one_or_more	33	31	NA	NA	NA	NA	NA	NA	NA	NA	NA	NA	NA	NA	NA	NA	NA	NA	NA	NA	2C	2018	blank	1	Reduction	Reduction	2018-04-25T17:00:00Z	115	2018-04-25T21:00:00Z	115	Early	115	early	2018-04-25T18:00:00Z	120	-5
2	NA	C	y	275	2018-06-11T00:00:00Z	one_or_more	32	41	NA	NA	NA	NA	NA	NA	NA	NA	NA	NA	NA	NA	NA	NA	NA	NA	NA	NA	2C	2018	blank	1	Reduction	Reduction	2018-04-25T17:00:00Z	115	2018-04-25T21:00:00Z	115	Early	115	early	2018-04-25T18:00:00Z	120	-5
2	NA	C	y	276	2018-06-11T00:00:00Z	one_or_more	18	32	23	31	NA	NA	NA	NA	NA	NA	NA	NA	NA	NA	NA	NA	NA	NA	NA	NA	2C	2018	blank	2	Reduction	Reduction	2018-04-25T17:00:00Z	115	2018-04-25T21:00:00Z	115	Early	115	early	2018-04-25T18:00:00Z	120	-5
2	NA	C	n	277	2018-06-11T00:00:00Z	one_or_more	54	39	NA	NA	NA	NA	NA	NA	NA	NA	NA	NA	NA	NA	NA	NA	NA	NA	NA	NA	2C	2018	blank	1	Reduction	Reduction	2018-04-25T17:00:00Z	115	2018-04-25T21:00:00Z	115	Early	115	early	2018-04-25T18:00:00Z	120	-5
2	NA	C	n	278	2018-06-11T00:00:00Z	one_or_more	NA	NA	NA	NA	NA	NA	NA	NA	NA	NA	NA	NA	NA	NA	NA	NA	NA	NA	NA	NA	2C	2018	blank	NA	Reduction	Reduction	2018-04-25T17:00:00Z	115	2018-04-25T21:00:00Z	115	Early	115	early	2018-04-25T18:00:00Z	120	-5
2	NA	C	y	279	2018-06-11T00:00:00Z	one_or_more	52	43	NA	NA	NA	NA	NA	NA	NA	NA	NA	NA	NA	NA	NA	NA	NA	NA	NA	NA	2C	2018	blank	1	Reduction	Reduction	2018-04-25T17:00:00Z	115	2018-04-25T21:00:00Z	115	Early	115	early	2018-04-25T18:00:00Z	120	-5
2	NA	C	n	280	2018-06-11T00:00:00Z	one_or_more	NA	NA	NA	NA	NA	NA	NA	NA	NA	NA	NA	NA	NA	NA	NA	NA	NA	NA	NA	NA	2C	2018	blank	NA	Reduction	Reduction	2018-04-25T17:00:00Z	115	2018-04-25T21:00:00Z	115	Early	115	early	2018-04-25T18:00:00Z	120	-5
2	NA	C	n	281	2018-06-11T00:00:00Z	one_or_more	32	18	NA	NA	NA	NA	NA	NA	NA	NA	NA	NA	NA	NA	NA	NA	NA	NA	NA	NA	2C	2018	blank	1	Reduction	Reduction	2018-04-25T17:00:00Z	115	2018-04-25T21:00:00Z	115	Early	115	early	2018-04-25T18:00:00Z	120	-5
2	NA	C	n	282	2018-06-11T00:00:00Z	one_or_more	33	31	NA	NA	NA	NA	NA	NA	NA	NA	NA	NA	NA	NA	NA	NA	NA	NA	NA	NA	2C	2018	blank	1	Reduction	Reduction	2018-04-25T17:00:00Z	115	2018-04-25T21:00:00Z	115	Early	115	early	2018-04-25T18:00:00Z	120	-5
2	NA	C	n	283	2018-06-11T00:00:00Z	one_or_more	NA	NA	NA	NA	NA	NA	NA	NA	NA	NA	NA	NA	NA	NA	NA	NA	NA	NA	NA	NA	2C	2018	blank	NA	Reduction	Reduction	2018-04-25T17:00:00Z	115	2018-04-25T21:00:00Z	115	Early	115	early	2018-04-25T18:00:00Z	120	-5
2	NA	C	y	284	2018-06-11T00:00:00Z	one_or_more	31	13	37	21	NA	NA	NA	NA	NA	NA	NA	NA	NA	NA	NA	NA	NA	NA	NA	NA	2C	2018	blank	2	Reduction	Reduction	2018-04-25T17:00:00Z	115	2018-04-25T21:00:00Z	115	Early	115	early	2018-04-25T18:00:00Z	120	-5
2	NA	C	n	285	2018-06-11T00:00:00Z	one_or_more	NA	NA	NA	NA	NA	NA	NA	NA	NA	NA	NA	NA	NA	NA	NA	NA	NA	NA	NA	NA	2C	2018	blank	NA	Reduction	Reduction	2018-04-25T17:00:00Z	115	2018-04-25T21:00:00Z	115	Early	115	early	2018-04-25T18:00:00Z	120	-5
2	NA	C	n	286	2018-06-11T00:00:00Z	one_or_more	55	24	NA	NA	NA	NA	NA	NA	NA	NA	NA	NA	NA	NA	NA	NA	NA	NA	NA	NA	2C	2018	blank	1	Reduction	Reduction	2018-04-25T17:00:00Z	115	2018-04-25T21:00:00Z	115	Early	115	early	2018-04-25T18:00:00Z	120	-5
2	NA	C	n	287	2018-06-11T00:00:00Z	one_or_more	26	12	35	21	21	9	NA	NA	NA	NA	NA	NA	NA	NA	NA	NA	NA	NA	NA	NA	2C	2018	blank	3	Reduction	Reduction	2018-04-25T17:00:00Z	115	2018-04-25T21:00:00Z	115	Early	115	early	2018-04-25T18:00:00Z	120	-5
2	NA	C	n	288	2018-06-11T00:00:00Z	one_or_more	46	36	NA	NA	NA	NA	NA	NA	NA	NA	NA	NA	NA	NA	NA	NA	NA	NA	NA	NA	2C	2018	blank	1	Reduction	Reduction	2018-04-25T17:00:00Z	115	2018-04-25T21:00:00Z	115	Early	115	early	2018-04-25T18:00:00Z	120	-5
2	NA	C	n	289	2018-06-11T00:00:00Z	one_or_more	NA	NA	NA	NA	NA	NA	NA	NA	NA	NA	NA	NA	NA	NA	NA	NA	NA	NA	NA	NA	2C	2018	blank	NA	Reduction	Reduction	2018-04-25T17:00:00Z	115	2018-04-25T21:00:00Z	115	Early	115	early	2018-04-25T18:00:00Z	120	-5
2	NA	C	n	290	2018-06-11T00:00:00Z	one_or_more	NA	NA	NA	NA	NA	NA	NA	NA	NA	NA	NA	NA	NA	NA	NA	NA	NA	NA	NA	NA	2C	2018	blank	NA	Reduction	Reduction	2018-04-25T17:00:00Z	115	2018-04-25T21:00:00Z	115	Early	115	early	2018-04-25T18:00:00Z	120	-5
2	NA	C	y	291	2018-06-11T00:00:00Z	one_or_more	56	147	NA	NA	NA	NA	NA	NA	NA	NA	NA	NA	NA	NA	NA	NA	NA	NA	NA	NA	2C	2018	blank	1	Reduction	Reduction	2018-04-25T17:00:00Z	115	2018-04-25T21:00:00Z	115	Early	115	early	2018-04-25T18:00:00Z	120	-5
2	NA	C	n	292	2018-06-11T00:00:00Z	one_or_more	NA	NA	NA	NA	NA	NA	NA	NA	NA	NA	NA	NA	NA	NA	NA	NA	NA	NA	NA	NA	2C	2018	blank	NA	Reduction	Reduction	2018-04-25T17:00:00Z	115	2018-04-25T21:00:00Z	115	Early	115	early	2018-04-25T18:00:00Z	120	-5
2	NA	C	n	293	2018-06-11T00:00:00Z	one_or_more	NA	NA	NA	NA	NA	NA	NA	NA	NA	NA	NA	NA	NA	NA	NA	NA	NA	NA	NA	NA	2C	2018	blank	NA	Reduction	Reduction	2018-04-25T17:00:00Z	115	2018-04-25T21:00:00Z	115	Early	115	early	2018-04-25T18:00:00Z	120	-5
2	NA	C	y	294	2018-06-11T00:00:00Z	one_or_more	27	63	NA	NA	NA	NA	NA	NA	NA	NA	NA	NA	NA	NA	NA	NA	NA	NA	NA	NA	2C	2018	blank	1	Reduction	Reduction	2018-04-25T17:00:00Z	115	2018-04-25T21:00:00Z	115	Early	115	early	2018-04-25T18:00:00Z	120	-5
2	maybe 8-9 rosettes	C	y	295	2018-06-11T00:00:00Z	one_or_more	5	3	16	5	20	15	28	15	22	16	25	20	NA	NA	NA	NA	NA	NA	NA	NA	2C	2018	blank	6	Reduction	Reduction	2018-04-25T17:00:00Z	115	2018-04-25T21:00:00Z	115	Early	115	early	2018-04-25T18:00:00Z	120	-5
2	NA	C	n	296	2018-06-11T00:00:00Z	one_or_more	33	15	32	23	NA	NA	NA	NA	NA	NA	NA	NA	NA	NA	NA	NA	NA	NA	NA	NA	2C	2018	blank	2	Reduction	Reduction	2018-04-25T17:00:00Z	115	2018-04-25T21:00:00Z	115	Early	115	early	2018-04-25T18:00:00Z	120	-5
2	NA	C	n	297	2018-06-11T00:00:00Z	one_or_more	55	32	45	20	52	22	42	25	NA	NA	NA	NA	NA	NA	NA	NA	NA	NA	NA	NA	2C	2018	blank	4	Reduction	Reduction	2018-04-25T17:00:00Z	115	2018-04-25T21:00:00Z	115	Early	115	early	2018-04-25T18:00:00Z	120	-5
2	NA	C	n	298	2018-06-11T00:00:00Z	one_or_more	48	29	NA	NA	NA	NA	NA	NA	NA	NA	NA	NA	NA	NA	NA	NA	NA	NA	NA	NA	2C	2018	blank	1	Reduction	Reduction	2018-04-25T17:00:00Z	115	2018-04-25T21:00:00Z	115	Early	115	early	2018-04-25T18:00:00Z	120	-5
2	NA	C	n	299	2018-06-11T00:00:00Z	one_or_more	NA	NA	NA	NA	NA	NA	NA	NA	NA	NA	NA	NA	NA	NA	NA	NA	NA	NA	NA	NA	2C	2018	blank	NA	Reduction	Reduction	2018-04-25T17:00:00Z	115	2018-04-25T21:00:00Z	115	Early	115	early	2018-04-25T18:00:00Z	120	-5
2	NA	C	n	300	2018-06-11T00:00:00Z	one_or_more	NA	NA	NA	NA	NA	NA	NA	NA	NA	NA	NA	NA	NA	NA	NA	NA	NA	NA	NA	NA	2C	2018	blank	NA	Reduction	Reduction	2018-04-25T17:00:00Z	115	2018-04-25T21:00:00Z	115	Early	115	early	2018-04-25T18:00:00Z	120	-5
2	NA	C	y	89	2018-06-11T00:00:00Z	one_or_more	31	53	NA	NA	NA	NA	NA	NA	NA	NA	NA	NA	NA	NA	NA	NA	NA	NA	NA	NA	2C	2018	blank	1	Reduction	Reduction	2018-04-25T17:00:00Z	115	2018-04-25T21:00:00Z	115	Early	115	early	2018-04-25T18:00:00Z	120	-5
2	NA	C	y	90	2018-06-11T00:00:00Z	one_or_more	42	29	NA	NA	NA	NA	NA	NA	NA	NA	NA	NA	NA	NA	NA	NA	NA	NA	NA	NA	2C	2018	blank	1	Reduction	Reduction	2018-04-25T17:00:00Z	115	2018-04-25T21:00:00Z	115	Early	115	early	2018-04-25T18:00:00Z	120	-5
2	NA	C	n	91	2018-06-11T00:00:00Z	one_or_more	NA	NA	NA	NA	NA	NA	NA	NA	NA	NA	NA	NA	NA	NA	NA	NA	NA	NA	NA	NA	2C	2018	blank	NA	Reduction	Reduction	2018-04-25T17:00:00Z	115	2018-04-25T21:00:00Z	115	Early	115	early	2018-04-25T18:00:00Z	120	-5
2	NA	C	n	92	2018-06-11T00:00:00Z	one_or_more	22	9	31	19	NA	NA	NA	NA	NA	NA	NA	NA	NA	NA	NA	NA	NA	NA	NA	NA	2C	2018	blank	2	Reduction	Reduction	2018-04-25T17:00:00Z	115	2018-04-25T21:00:00Z	115	Early	115	early	2018-04-25T18:00:00Z	120	-5
2	NA	C	n	93	2018-06-11T00:00:00Z	one_or_more	15	5	NA	NA	NA	NA	NA	NA	NA	NA	NA	NA	NA	NA	NA	NA	NA	NA	NA	NA	2C	2018	blank	1	Reduction	Reduction	2018-04-25T17:00:00Z	115	2018-04-25T21:00:00Z	115	Early	115	early	2018-04-25T18:00:00Z	120	-5
2	NA	C	n	94	2018-06-11T00:00:00Z	one_or_more	33	20	NA	NA	NA	NA	NA	NA	NA	NA	NA	NA	NA	NA	NA	NA	NA	NA	NA	NA	2C	2018	blank	1	Reduction	Reduction	2018-04-25T17:00:00Z	115	2018-04-25T21:00:00Z	115	Early	115	early	2018-04-25T18:00:00Z	120	-5
2	NA	C	n	95	2018-06-11T00:00:00Z	one_or_more	26	12	NA	NA	NA	NA	NA	NA	NA	NA	NA	NA	NA	NA	NA	NA	NA	NA	NA	NA	2C	2018	blank	1	Reduction	Reduction	2018-04-25T17:00:00Z	115	2018-04-25T21:00:00Z	115	Early	115	early	2018-04-25T18:00:00Z	120	-5
2	NA	C	n	96	2018-06-11T00:00:00Z	one_or_more	24	14	NA	NA	NA	NA	NA	NA	NA	NA	NA	NA	NA	NA	NA	NA	NA	NA	NA	NA	2C	2018	blank	1	Reduction	Reduction	2018-04-25T17:00:00Z	115	2018-04-25T21:00:00Z	115	Early	115	early	2018-04-25T18:00:00Z	120	-5
2	NA	C	n	97	2018-06-11T00:00:00Z	one_or_more	3	2	25	12	NA	NA	NA	NA	NA	NA	NA	NA	NA	NA	NA	NA	NA	NA	NA	NA	2C	2018	blank	2	Reduction	Reduction	2018-04-25T17:00:00Z	115	2018-04-25T21:00:00Z	115	Early	115	early	2018-04-25T18:00:00Z	120	-5
2	NA	C	n	98	2018-06-11T00:00:00Z	one_or_more	25	10	50	13	NA	NA	NA	NA	NA	NA	NA	NA	NA	NA	NA	NA	NA	NA	NA	NA	2C	2018	blank	2	Reduction	Reduction	2018-04-25T17:00:00Z	115	2018-04-25T21:00:00Z	115	Early	115	early	2018-04-25T18:00:00Z	120	-5
2	NA	C	n	99	2018-06-11T00:00:00Z	one_or_more	40	22	NA	NA	NA	NA	NA	NA	NA	NA	NA	NA	NA	NA	NA	NA	NA	NA	NA	NA	2C	2018	blank	1	Reduction	Reduction	2018-04-25T17:00:00Z	115	2018-04-25T21:00:00Z	115	Early	115	early	2018-04-25T18:00:00Z	120	-5
2	NA	C	n	100	2018-06-11T00:00:00Z	one_or_more	16	10	NA	NA	NA	NA	NA	NA	NA	NA	NA	NA	NA	NA	NA	NA	NA	NA	NA	NA	2C	2018	blank	1	Reduction	Reduction	2018-04-25T17:00:00Z	115	2018-04-25T21:00:00Z	115	Early	115	early	2018-04-25T18:00:00Z	120	-5
2	NA	C	n	158	2018-06-11T00:00:00Z	one_or_more	40	24	NA	NA	NA	NA	NA	NA	NA	NA	NA	NA	NA	NA	NA	NA	NA	NA	NA	NA	2C	2018	blank	1	Reduction	Reduction	2018-04-25T17:00:00Z	115	2018-04-25T21:00:00Z	115	Early	115	early	2018-04-25T18:00:00Z	120	-5
2	NA	C	n	159	2018-06-11T00:00:00Z	one_or_more	29	15	16	3	33	14	24	14	NA	NA	NA	NA	NA	NA	NA	NA	NA	NA	NA	NA	2C	2018	blank	4	Reduction	Reduction	2018-04-25T17:00:00Z	115	2018-04-25T21:00:00Z	115	Early	115	early	2018-04-25T18:00:00Z	120	-5
2	NA	C	n	160	2018-06-11T00:00:00Z	one_or_more	44	25	NA	NA	NA	NA	NA	NA	NA	NA	NA	NA	NA	NA	NA	NA	NA	NA	NA	NA	2C	2018	blank	1	Reduction	Reduction	2018-04-25T17:00:00Z	115	2018-04-25T21:00:00Z	115	Early	115	early	2018-04-25T18:00:00Z	120	-5
2	NA	C	n	161	2018-06-11T00:00:00Z	one_or_more	41	20	NA	NA	NA	NA	NA	NA	NA	NA	NA	NA	NA	NA	NA	NA	NA	NA	NA	NA	2C	2018	blank	1	Reduction	Reduction	2018-04-25T17:00:00Z	115	2018-04-25T21:00:00Z	115	Early	115	early	2018-04-25T18:00:00Z	120	-5
2	NA	C	n	162	2018-06-11T00:00:00Z	one_or_more	30	22	NA	NA	NA	NA	NA	NA	NA	NA	NA	NA	NA	NA	NA	NA	NA	NA	NA	NA	2C	2018	blank	1	Reduction	Reduction	2018-04-25T17:00:00Z	115	2018-04-25T21:00:00Z	115	Early	115	early	2018-04-25T18:00:00Z	120	-5
2	NA	C	n	163	2018-06-11T00:00:00Z	one_or_more	36	20	NA	NA	NA	NA	NA	NA	NA	NA	NA	NA	NA	NA	NA	NA	NA	NA	NA	NA	2C	2018	blank	1	Reduction	Reduction	2018-04-25T17:00:00Z	115	2018-04-25T21:00:00Z	115	Early	115	early	2018-04-25T18:00:00Z	120	-5
2	NA	C	n	164	2018-06-11T00:00:00Z	one_or_more	44	31	NA	NA	NA	NA	NA	NA	NA	NA	NA	NA	NA	NA	NA	NA	NA	NA	NA	NA	2C	2018	blank	1	Reduction	Reduction	2018-04-25T17:00:00Z	115	2018-04-25T21:00:00Z	115	Early	115	early	2018-04-25T18:00:00Z	120	-5
2	could be 5-7 rosettes	C	n	165	2018-06-11T00:00:00Z	one_or_more	40	69	NA	NA	NA	NA	NA	NA	NA	NA	NA	NA	NA	NA	NA	NA	NA	NA	NA	NA	2C	2018	blank	1	Reduction	Reduction	2018-04-25T17:00:00Z	115	2018-04-25T21:00:00Z	115	Early	115	early	2018-04-25T18:00:00Z	120	-5
2	NA	C	n	166	2018-06-11T00:00:00Z	one_or_more	43	22	NA	NA	NA	NA	NA	NA	NA	NA	NA	NA	NA	NA	NA	NA	NA	NA	NA	NA	2C	2018	blank	1	Reduction	Reduction	2018-04-25T17:00:00Z	115	2018-04-25T21:00:00Z	115	Early	115	early	2018-04-25T18:00:00Z	120	-5
2	NA	C	n	167	2018-06-11T00:00:00Z	one_or_more	39	23	3	3	NA	NA	NA	NA	NA	NA	NA	NA	NA	NA	NA	NA	NA	NA	NA	NA	2C	2018	blank	2	Reduction	Reduction	2018-04-25T17:00:00Z	115	2018-04-25T21:00:00Z	115	Early	115	early	2018-04-25T18:00:00Z	120	-5
2	NA	C	y	168	2018-06-11T00:00:00Z	one_or_more	27	37	NA	NA	NA	NA	NA	NA	NA	NA	NA	NA	NA	NA	NA	NA	NA	NA	NA	NA	2C	2018	blank	1	Reduction	Reduction	2018-04-25T17:00:00Z	115	2018-04-25T21:00:00Z	115	Early	115	early	2018-04-25T18:00:00Z	120	-5
2	NA	C	n	169	2018-06-11T00:00:00Z	one_or_more	14	7	39	18	21	6	40	20	9	15	NA	NA	NA	NA	NA	NA	NA	NA	NA	NA	2C	2018	blank	5	Reduction	Reduction	2018-04-25T17:00:00Z	115	2018-04-25T21:00:00Z	115	Early	115	early	2018-04-25T18:00:00Z	120	-5
2	NA	C	n	170	2018-06-11T00:00:00Z	one_or_more	46	33	NA	NA	NA	NA	NA	NA	NA	NA	NA	NA	NA	NA	NA	NA	NA	NA	NA	NA	2C	2018	blank	1	Reduction	Reduction	2018-04-25T17:00:00Z	115	2018-04-25T21:00:00Z	115	Early	115	early	2018-04-25T18:00:00Z	120	-5
2	NA	C	n	171	2018-06-11T00:00:00Z	one_or_more	34	46	NA	NA	NA	NA	NA	NA	NA	NA	NA	NA	NA	NA	NA	NA	NA	NA	NA	NA	2C	2018	blank	1	Reduction	Reduction	2018-04-25T17:00:00Z	115	2018-04-25T21:00:00Z	115	Early	115	early	2018-04-25T18:00:00Z	120	-5
2	NA	C	n	172	2018-06-11T00:00:00Z	one_or_more	41	76	NA	NA	NA	NA	NA	NA	NA	NA	NA	NA	NA	NA	NA	NA	NA	NA	NA	NA	2C	2018	blank	1	Reduction	Reduction	2018-04-25T17:00:00Z	115	2018-04-25T21:00:00Z	115	Early	115	early	2018-04-25T18:00:00Z	120	-5
2	NA	C	n	173	2018-06-11T00:00:00Z	one_or_more	43	23	NA	NA	NA	NA	NA	NA	NA	NA	NA	NA	NA	NA	NA	NA	NA	NA	NA	NA	2C	2018	blank	1	Reduction	Reduction	2018-04-25T17:00:00Z	115	2018-04-25T21:00:00Z	115	Early	115	early	2018-04-25T18:00:00Z	120	-5
2	NA	C	n	174	2018-06-11T00:00:00Z	one_or_more	26	17	NA	NA	NA	NA	NA	NA	NA	NA	NA	NA	NA	NA	NA	NA	NA	NA	NA	NA	2C	2018	blank	1	Reduction	Reduction	2018-04-25T17:00:00Z	115	2018-04-25T21:00:00Z	115	Early	115	early	2018-04-25T18:00:00Z	120	-5
2	NA	C	n	175	2018-06-11T00:00:00Z	one_or_more	25	19	NA	NA	NA	NA	NA	NA	NA	NA	NA	NA	NA	NA	NA	NA	NA	NA	NA	NA	2C	2018	blank	1	Reduction	Reduction	2018-04-25T17:00:00Z	115	2018-04-25T21:00:00Z	115	Early	115	early	2018-04-25T18:00:00Z	120	-5
2	NA	C	n	176	2018-06-11T00:00:00Z	one_or_more	33	19	27	12	32	20	NA	NA	NA	NA	NA	NA	NA	NA	NA	NA	NA	NA	NA	NA	2C	2018	blank	3	Reduction	Reduction	2018-04-25T17:00:00Z	115	2018-04-25T21:00:00Z	115	Early	115	early	2018-04-25T18:00:00Z	120	-5
2	no plant?	C	n	177	2018-06-11T00:00:00Z	blank	NA	NA	NA	NA	NA	NA	NA	NA	NA	NA	NA	NA	NA	NA	NA	NA	NA	NA	NA	NA	2C	2018	blank	NA	Reduction	Reduction	2018-04-25T17:00:00Z	115	2018-04-25T21:00:00Z	115	Early	115	early	2018-04-25T18:00:00Z	120	-5
2	no plant?	C	n	178	2018-06-11T00:00:00Z	blank	NA	NA	NA	NA	NA	NA	NA	NA	NA	NA	NA	NA	NA	NA	NA	NA	NA	NA	NA	NA	2C	2018	blank	NA	Reduction	Reduction	2018-04-25T17:00:00Z	115	2018-04-25T21:00:00Z	115	Early	115	early	2018-04-25T18:00:00Z	120	-5
2	crumbly	C	n	683	2018-06-11T00:00:00Z	blank	NA	NA	NA	NA	NA	NA	NA	NA	NA	NA	NA	NA	NA	NA	NA	NA	NA	NA	NA	NA	2C	2018	blank	NA	Reduction	Reduction	2018-04-25T17:00:00Z	115	2018-04-25T21:00:00Z	115	Early	115	early	2018-04-25T18:00:00Z	120	-5
2	NA	C	n	680	2018-06-11T00:00:00Z	one_or_more	45	32	NA	NA	NA	NA	NA	NA	NA	NA	NA	NA	NA	NA	NA	NA	NA	NA	NA	NA	2C	2018	blank	1	Reduction	Reduction	2018-04-25T17:00:00Z	115	2018-04-25T21:00:00Z	115	Early	115	early	2018-04-25T18:00:00Z	120	-5
2	could have 6-7 roseettes	C	n	676	2018-06-11T00:00:00Z	one_or_more	40	10	36	9	22	5	36	9	23	7	NA	NA	NA	NA	NA	NA	NA	NA	NA	NA	2C	2018	blank	5	Reduction	Reduction	2018-04-25T17:00:00Z	115	2018-04-25T21:00:00Z	115	Early	115	early	2018-04-25T18:00:00Z	120	-5
2	NA	C	n	189	2018-06-11T00:00:00Z	one_or_more	20	17	NA	NA	NA	NA	NA	NA	NA	NA	NA	NA	NA	NA	NA	NA	NA	NA	NA	NA	2C	2018	blank	1	Reduction	Reduction	2018-04-25T17:00:00Z	115	2018-04-25T21:00:00Z	115	Early	115	early	2018-04-25T18:00:00Z	120	-5
2	NA	C	n	679	2018-06-11T00:00:00Z	one_or_more	13	5	37	11	37	13	40	10	31	14	NA	NA	NA	NA	NA	NA	NA	NA	NA	NA	2C	2018	blank	5	Reduction	Reduction	2018-04-25T17:00:00Z	115	2018-04-25T21:00:00Z	115	Early	115	early	2018-04-25T18:00:00Z	120	-5
2	NA	C	n	682	2018-06-11T00:00:00Z	one_or_more	20	14	NA	NA	NA	NA	NA	NA	NA	NA	NA	NA	NA	NA	NA	NA	NA	NA	NA	NA	2C	2018	blank	1	Reduction	Reduction	2018-04-25T17:00:00Z	115	2018-04-25T21:00:00Z	115	Early	115	early	2018-04-25T18:00:00Z	120	-5
2	NA	C	n	685	2018-06-11T00:00:00Z	one_or_more	22	24	NA	NA	NA	NA	NA	NA	NA	NA	NA	NA	NA	NA	NA	NA	NA	NA	NA	NA	2C	2018	blank	1	Reduction	Reduction	2018-04-25T17:00:00Z	115	2018-04-25T21:00:00Z	115	Early	115	early	2018-04-25T18:00:00Z	120	-5
1	NA	B	n	647	2018-06-11T00:00:00Z	one_or_more	15	10	13	14	NA	NA	NA	NA	NA	NA	NA	NA	NA	NA	NA	NA	NA	NA	NA	NA	1B	2018	blank	2	Control	Control	2018-04-29T21:00:00Z	119	2018-04-30T17:00:00Z	120	Normal	120	normal	2018-04-30T18:00:00Z	120	0
1	NA	B	n	648	2018-06-11T00:00:00Z	one_or_more	27	15	NA	NA	NA	NA	NA	NA	NA	NA	NA	NA	NA	NA	NA	NA	NA	NA	NA	NA	1B	2018	blank	1	Control	Control	2018-04-29T21:00:00Z	119	2018-04-30T17:00:00Z	120	Normal	120	normal	2018-04-30T18:00:00Z	120	0
1	NA	B	n	649	2018-06-11T00:00:00Z	one_or_more	11	11	NA	NA	NA	NA	NA	NA	NA	NA	NA	NA	NA	NA	NA	NA	NA	NA	NA	NA	1B	2018	blank	1	Control	Control	2018-04-29T21:00:00Z	119	2018-04-30T17:00:00Z	120	Normal	120	normal	2018-04-30T18:00:00Z	120	0
1	NA	B	n	650	2018-06-11T00:00:00Z	one_or_more	32	19	NA	NA	NA	NA	NA	NA	NA	NA	NA	NA	NA	NA	NA	NA	NA	NA	NA	NA	1B	2018	blank	1	Control	Control	2018-04-29T21:00:00Z	119	2018-04-30T17:00:00Z	120	Normal	120	normal	2018-04-30T18:00:00Z	120	0
1	NA	B	n	651	2018-06-11T00:00:00Z	one_or_more	21	8	16	11	NA	NA	NA	NA	NA	NA	NA	NA	NA	NA	NA	NA	NA	NA	NA	NA	1B	2018	blank	2	Control	Control	2018-04-29T21:00:00Z	119	2018-04-30T17:00:00Z	120	Normal	120	normal	2018-04-30T18:00:00Z	120	0
1	NA	B	n	652	2018-06-11T00:00:00Z	one_or_more	13	11	NA	NA	NA	NA	NA	NA	NA	NA	NA	NA	NA	NA	NA	NA	NA	NA	NA	NA	1B	2018	blank	1	Control	Control	2018-04-29T21:00:00Z	119	2018-04-30T17:00:00Z	120	Normal	120	normal	2018-04-30T18:00:00Z	120	0
1	NA	B	n	653	2018-06-11T00:00:00Z	one_or_more	9	13	NA	NA	NA	NA	NA	NA	NA	NA	NA	NA	NA	NA	NA	NA	NA	NA	NA	NA	1B	2018	blank	1	Control	Control	2018-04-29T21:00:00Z	119	2018-04-30T17:00:00Z	120	Normal	120	normal	2018-04-30T18:00:00Z	120	0
1	NA	B	n	654	2018-06-11T00:00:00Z	one_or_more	31	12	NA	NA	NA	NA	NA	NA	NA	NA	NA	NA	NA	NA	NA	NA	NA	NA	NA	NA	1B	2018	blank	1	Control	Control	2018-04-29T21:00:00Z	119	2018-04-30T17:00:00Z	120	Normal	120	normal	2018-04-30T18:00:00Z	120	0
1	NA	B	y	655	2018-06-11T00:00:00Z	one_or_more	33	31	NA	NA	NA	NA	NA	NA	NA	NA	NA	NA	NA	NA	NA	NA	NA	NA	NA	NA	1B	2018	blank	1	Control	Control	2018-04-29T21:00:00Z	119	2018-04-30T17:00:00Z	120	Normal	120	normal	2018-04-30T18:00:00Z	120	0
1	NA	B	n	656	2018-06-11T00:00:00Z	one_or_more	25	19	NA	NA	NA	NA	NA	NA	NA	NA	NA	NA	NA	NA	NA	NA	NA	NA	NA	NA	1B	2018	blank	1	Control	Control	2018-04-29T21:00:00Z	119	2018-04-30T17:00:00Z	120	Normal	120	normal	2018-04-30T18:00:00Z	120	0
1	NA	B	n	657	2018-06-11T00:00:00Z	blank	NA	NA	NA	NA	NA	NA	NA	NA	NA	NA	NA	NA	NA	NA	NA	NA	NA	NA	NA	NA	1B	2018	blank	NA	Control	Control	2018-04-29T21:00:00Z	119	2018-04-30T17:00:00Z	120	Normal	120	normal	2018-04-30T18:00:00Z	120	0
1	NA	B	n	658	2018-06-11T00:00:00Z	one_or_more	20	11	22	10	NA	NA	NA	NA	NA	NA	NA	NA	NA	NA	NA	NA	NA	NA	NA	NA	1B	2018	blank	2	Control	Control	2018-04-29T21:00:00Z	119	2018-04-30T17:00:00Z	120	Normal	120	normal	2018-04-30T18:00:00Z	120	0
1	NA	B	n	659	2018-06-11T00:00:00Z	one_or_more	9	10	NA	NA	NA	NA	NA	NA	NA	NA	NA	NA	NA	NA	NA	NA	NA	NA	NA	NA	1B	2018	blank	1	Control	Control	2018-04-29T21:00:00Z	119	2018-04-30T17:00:00Z	120	Normal	120	normal	2018-04-30T18:00:00Z	120	0
1	NA	B	n	660	2018-06-11T00:00:00Z	one_or_more	12	7	15	8	9	9	NA	NA	NA	NA	NA	NA	NA	NA	NA	NA	NA	NA	NA	NA	1B	2018	blank	3	Control	Control	2018-04-29T21:00:00Z	119	2018-04-30T17:00:00Z	120	Normal	120	normal	2018-04-30T18:00:00Z	120	0
1	NA	B	n	661	2018-06-11T00:00:00Z	one_or_more	11	10	NA	NA	NA	NA	NA	NA	NA	NA	NA	NA	NA	NA	NA	NA	NA	NA	NA	NA	1B	2018	blank	1	Control	Control	2018-04-29T21:00:00Z	119	2018-04-30T17:00:00Z	120	Normal	120	normal	2018-04-30T18:00:00Z	120	0
1	NA	B	n	662	2018-06-11T00:00:00Z	one_or_more	8	16	NA	NA	NA	NA	NA	NA	NA	NA	NA	NA	NA	NA	NA	NA	NA	NA	NA	NA	1B	2018	blank	1	Control	Control	2018-04-29T21:00:00Z	119	2018-04-30T17:00:00Z	120	Normal	120	normal	2018-04-30T18:00:00Z	120	0
1	NA	B	n	663	2018-06-11T00:00:00Z	one_or_more	11	9	22	13	NA	NA	NA	NA	NA	NA	NA	NA	NA	NA	NA	NA	NA	NA	NA	NA	1B	2018	blank	2	Control	Control	2018-04-29T21:00:00Z	119	2018-04-30T17:00:00Z	120	Normal	120	normal	2018-04-30T18:00:00Z	120	0
1	NA	B	y	664	2018-06-11T00:00:00Z	one_or_more	32	22	NA	NA	NA	NA	NA	NA	NA	NA	NA	NA	NA	NA	NA	NA	NA	NA	NA	NA	1B	2018	blank	1	Control	Control	2018-04-29T21:00:00Z	119	2018-04-30T17:00:00Z	120	Normal	120	normal	2018-04-30T18:00:00Z	120	0
1	NA	B	n	665	2018-06-11T00:00:00Z	one_or_more	29	6	28	5	10	5	11	6	22	4	NA	NA	NA	NA	NA	NA	NA	NA	NA	NA	1B	2018	blank	5	Control	Control	2018-04-29T21:00:00Z	119	2018-04-30T17:00:00Z	120	Normal	120	normal	2018-04-30T18:00:00Z	120	0
1	NA	B	n	666	2018-06-11T00:00:00Z	one_or_more	3	15	NA	NA	NA	NA	NA	NA	NA	NA	NA	NA	NA	NA	NA	NA	NA	NA	NA	NA	1B	2018	blank	1	Control	Control	2018-04-29T21:00:00Z	119	2018-04-30T17:00:00Z	120	Normal	120	normal	2018-04-30T18:00:00Z	120	0
1	NA	B	n	667	2018-06-11T00:00:00Z	one_or_more	24	27	NA	NA	NA	NA	NA	NA	NA	NA	NA	NA	NA	NA	NA	NA	NA	NA	NA	NA	1B	2018	blank	1	Control	Control	2018-04-29T21:00:00Z	119	2018-04-30T17:00:00Z	120	Normal	120	normal	2018-04-30T18:00:00Z	120	0
1	NA	B	y	668	2018-06-11T00:00:00Z	one_or_more	28	30	NA	NA	NA	NA	NA	NA	NA	NA	NA	NA	NA	NA	NA	NA	NA	NA	NA	NA	1B	2018	blank	1	Control	Control	2018-04-29T21:00:00Z	119	2018-04-30T17:00:00Z	120	Normal	120	normal	2018-04-30T18:00:00Z	120	0
1	NA	B	n	669	2018-06-11T00:00:00Z	one_or_more	12	8	NA	NA	NA	NA	NA	NA	NA	NA	NA	NA	NA	NA	NA	NA	NA	NA	NA	NA	1B	2018	blank	1	Control	Control	2018-04-29T21:00:00Z	119	2018-04-30T17:00:00Z	120	Normal	120	normal	2018-04-30T18:00:00Z	120	0
1	NA	B	n	670	2018-06-11T00:00:00Z	one_or_more	32	16	NA	NA	NA	NA	NA	NA	NA	NA	NA	NA	NA	NA	NA	NA	NA	NA	NA	NA	1B	2018	blank	1	Control	Control	2018-04-29T21:00:00Z	119	2018-04-30T17:00:00Z	120	Normal	120	normal	2018-04-30T18:00:00Z	120	0
1	NA	B	n	671	2018-06-11T00:00:00Z	one_or_more	19	15	NA	NA	NA	NA	NA	NA	NA	NA	NA	NA	NA	NA	NA	NA	NA	NA	NA	NA	1B	2018	blank	1	Control	Control	2018-04-29T21:00:00Z	119	2018-04-30T17:00:00Z	120	Normal	120	normal	2018-04-30T18:00:00Z	120	0
1	NA	B	n	672	2018-06-11T00:00:00Z	one_or_more	28	15	NA	NA	NA	NA	NA	NA	NA	NA	NA	NA	NA	NA	NA	NA	NA	NA	NA	NA	1B	2018	blank	1	Control	Control	2018-04-29T21:00:00Z	119	2018-04-30T17:00:00Z	120	Normal	120	normal	2018-04-30T18:00:00Z	120	0
1	NA	B	n	673	2018-06-11T00:00:00Z	one_or_more	17	10	NA	NA	NA	NA	NA	NA	NA	NA	NA	NA	NA	NA	NA	NA	NA	NA	NA	NA	1B	2018	blank	1	Control	Control	2018-04-29T21:00:00Z	119	2018-04-30T17:00:00Z	120	Normal	120	normal	2018-04-30T18:00:00Z	120	0
1	NA	B	n	674	2018-06-11T00:00:00Z	one_or_more	31	14	NA	NA	NA	NA	NA	NA	NA	NA	NA	NA	NA	NA	NA	NA	NA	NA	NA	NA	1B	2018	blank	1	Control	Control	2018-04-29T21:00:00Z	119	2018-04-30T17:00:00Z	120	Normal	120	normal	2018-04-30T18:00:00Z	120	0
1	NA	B	y	675	2018-06-11T00:00:00Z	one_or_more	15	25	NA	NA	NA	NA	NA	NA	NA	NA	NA	NA	NA	NA	NA	NA	NA	NA	NA	NA	1B	2018	blank	1	Control	Control	2018-04-29T21:00:00Z	119	2018-04-30T17:00:00Z	120	Normal	120	normal	2018-04-30T18:00:00Z	120	0
1	NA	B	n	676	2018-06-11T00:00:00Z	blank	NA	NA	NA	NA	NA	NA	NA	NA	NA	NA	NA	NA	NA	NA	NA	NA	NA	NA	NA	NA	1B	2018	blank	NA	Control	Control	2018-04-29T21:00:00Z	119	2018-04-30T17:00:00Z	120	Normal	120	normal	2018-04-30T18:00:00Z	120	0
1	NA	B	n	677	2018-06-11T00:00:00Z	one_or_more	11	15	NA	NA	NA	NA	NA	NA	NA	NA	NA	NA	NA	NA	NA	NA	NA	NA	NA	NA	1B	2018	blank	1	Control	Control	2018-04-29T21:00:00Z	119	2018-04-30T17:00:00Z	120	Normal	120	normal	2018-04-30T18:00:00Z	120	0
1	NA	B	y	678	2018-06-11T00:00:00Z	one_or_more	41	27	NA	NA	NA	NA	NA	NA	NA	NA	NA	NA	NA	NA	NA	NA	NA	NA	NA	NA	1B	2018	blank	1	Control	Control	2018-04-29T21:00:00Z	119	2018-04-30T17:00:00Z	120	Normal	120	normal	2018-04-30T18:00:00Z	120	0
1	NA	B	n	679	2018-06-11T00:00:00Z	blank	NA	NA	NA	NA	NA	NA	NA	NA	NA	NA	NA	NA	NA	NA	NA	NA	NA	NA	NA	NA	1B	2018	blank	NA	Control	Control	2018-04-29T21:00:00Z	119	2018-04-30T17:00:00Z	120	Normal	120	normal	2018-04-30T18:00:00Z	120	0
1	NA	B	n	680	2018-06-11T00:00:00Z	blank	NA	NA	NA	NA	NA	NA	NA	NA	NA	NA	NA	NA	NA	NA	NA	NA	NA	NA	NA	NA	1B	2018	blank	NA	Control	Control	2018-04-29T21:00:00Z	119	2018-04-30T17:00:00Z	120	Normal	120	normal	2018-04-30T18:00:00Z	120	0
1	NA	B	n	681	2018-06-11T00:00:00Z	blank	NA	NA	NA	NA	NA	NA	NA	NA	NA	NA	NA	NA	NA	NA	NA	NA	NA	NA	NA	NA	1B	2018	blank	NA	Control	Control	2018-04-29T21:00:00Z	119	2018-04-30T17:00:00Z	120	Normal	120	normal	2018-04-30T18:00:00Z	120	0
1	NA	B	n	682	2018-06-11T00:00:00Z	blank	NA	NA	NA	NA	NA	NA	NA	NA	NA	NA	NA	NA	NA	NA	NA	NA	NA	NA	NA	NA	1B	2018	blank	NA	Control	Control	2018-04-29T21:00:00Z	119	2018-04-30T17:00:00Z	120	Normal	120	normal	2018-04-30T18:00:00Z	120	0
1	NA	B	n	683	2018-06-11T00:00:00Z	blank	NA	NA	NA	NA	NA	NA	NA	NA	NA	NA	NA	NA	NA	NA	NA	NA	NA	NA	NA	NA	1B	2018	blank	NA	Control	Control	2018-04-29T21:00:00Z	119	2018-04-30T17:00:00Z	120	Normal	120	normal	2018-04-30T18:00:00Z	120	0
1	NA	B	n	684	2018-06-11T00:00:00Z	one_or_more	32	26	NA	NA	NA	NA	NA	NA	NA	NA	NA	NA	NA	NA	NA	NA	NA	NA	NA	NA	1B	2018	blank	1	Control	Control	2018-04-29T21:00:00Z	119	2018-04-30T17:00:00Z	120	Normal	120	normal	2018-04-30T18:00:00Z	120	0
1	NA	B	n	685	2018-06-11T00:00:00Z	blank	NA	NA	NA	NA	NA	NA	NA	NA	NA	NA	NA	NA	NA	NA	NA	NA	NA	NA	NA	NA	1B	2018	blank	NA	Control	Control	2018-04-29T21:00:00Z	119	2018-04-30T17:00:00Z	120	Normal	120	normal	2018-04-30T18:00:00Z	120	0
1	NA	D	n	1	2018-06-11T00:00:00Z	one_or_more	31	17	NA	NA	NA	NA	NA	NA	NA	NA	NA	NA	NA	NA	NA	NA	NA	NA	NA	NA	1D	2018	blank	1	Reduction	Reduction	2018-04-29T21:00:00Z	119	2018-04-30T17:00:00Z	120	Normal	120	normal	2018-04-30T18:00:00Z	120	0
1	NA	D	n	2	2018-06-11T00:00:00Z	one_or_more	13	14	NA	NA	NA	NA	NA	NA	NA	NA	NA	NA	NA	NA	NA	NA	NA	NA	NA	NA	1D	2018	blank	1	Reduction	Reduction	2018-04-29T21:00:00Z	119	2018-04-30T17:00:00Z	120	Normal	120	normal	2018-04-30T18:00:00Z	120	0
1	NA	D	n	3	2018-06-11T00:00:00Z	one_or_more	21	14	NA	NA	NA	NA	NA	NA	NA	NA	NA	NA	NA	NA	NA	NA	NA	NA	NA	NA	1D	2018	blank	1	Reduction	Reduction	2018-04-29T21:00:00Z	119	2018-04-30T17:00:00Z	120	Normal	120	normal	2018-04-30T18:00:00Z	120	0
1	?	D	n	4	2018-06-11T00:00:00Z	blank	NA	NA	NA	NA	NA	NA	NA	NA	NA	NA	NA	NA	NA	NA	NA	NA	NA	NA	NA	NA	1D	2018	blank	NA	Reduction	Reduction	2018-04-29T21:00:00Z	119	2018-04-30T17:00:00Z	120	Normal	120	normal	2018-04-30T18:00:00Z	120	0
1	NA	D	n	5	2018-06-11T00:00:00Z	one_or_more	33	18	NA	NA	NA	NA	NA	NA	NA	NA	NA	NA	NA	NA	NA	NA	NA	NA	NA	NA	1D	2018	blank	1	Reduction	Reduction	2018-04-29T21:00:00Z	119	2018-04-30T17:00:00Z	120	Normal	120	normal	2018-04-30T18:00:00Z	120	0
1	NA	D	n	6	2018-06-11T00:00:00Z	one_or_more	19	13	NA	NA	NA	NA	NA	NA	NA	NA	NA	NA	NA	NA	NA	NA	NA	NA	NA	NA	1D	2018	blank	1	Reduction	Reduction	2018-04-29T21:00:00Z	119	2018-04-30T17:00:00Z	120	Normal	120	normal	2018-04-30T18:00:00Z	120	0
1	NA	D	n	7	2018-06-11T00:00:00Z	one_or_more	33	11	40	8	25	5	25	5	NA	NA	NA	NA	NA	NA	NA	NA	NA	NA	NA	NA	1D	2018	blank	4	Reduction	Reduction	2018-04-29T21:00:00Z	119	2018-04-30T17:00:00Z	120	Normal	120	normal	2018-04-30T18:00:00Z	120	0
1	NA	D	n	8	2018-06-11T00:00:00Z	one_or_more	18	19	NA	NA	NA	NA	NA	NA	NA	NA	NA	NA	NA	NA	NA	NA	NA	NA	NA	NA	1D	2018	blank	1	Reduction	Reduction	2018-04-29T21:00:00Z	119	2018-04-30T17:00:00Z	120	Normal	120	normal	2018-04-30T18:00:00Z	120	0
1	NA	D	n	9	2018-06-11T00:00:00Z	one_or_more	32	16	NA	NA	NA	NA	NA	NA	NA	NA	NA	NA	NA	NA	NA	NA	NA	NA	NA	NA	1D	2018	blank	1	Reduction	Reduction	2018-04-29T21:00:00Z	119	2018-04-30T17:00:00Z	120	Normal	120	normal	2018-04-30T18:00:00Z	120	0
1	NA	D	n	10	2018-06-11T00:00:00Z	one_or_more	29	8	NA	NA	NA	NA	NA	NA	NA	NA	NA	NA	NA	NA	NA	NA	NA	NA	NA	NA	1D	2018	blank	1	Reduction	Reduction	2018-04-29T21:00:00Z	119	2018-04-30T17:00:00Z	120	Normal	120	normal	2018-04-30T18:00:00Z	120	0
1	NA	D	n	11	2018-06-11T00:00:00Z	one_or_more	33	10	NA	NA	NA	NA	NA	NA	NA	NA	NA	NA	NA	NA	NA	NA	NA	NA	NA	NA	1D	2018	blank	1	Reduction	Reduction	2018-04-29T21:00:00Z	119	2018-04-30T17:00:00Z	120	Normal	120	normal	2018-04-30T18:00:00Z	120	0
1	NA	D	n	12	2018-06-11T00:00:00Z	one_or_more	18	32	NA	NA	NA	NA	NA	NA	NA	NA	NA	NA	NA	NA	NA	NA	NA	NA	NA	NA	1D	2018	blank	1	Reduction	Reduction	2018-04-29T21:00:00Z	119	2018-04-30T17:00:00Z	120	Normal	120	normal	2018-04-30T18:00:00Z	120	0
1	NA	D	n	13	2018-06-11T00:00:00Z	one_or_more	22	12	NA	NA	NA	NA	NA	NA	NA	NA	NA	NA	NA	NA	NA	NA	NA	NA	NA	NA	1D	2018	blank	1	Reduction	Reduction	2018-04-29T21:00:00Z	119	2018-04-30T17:00:00Z	120	Normal	120	normal	2018-04-30T18:00:00Z	120	0
1	NA	D	n	14	2018-06-11T00:00:00Z	one_or_more	29	13	NA	NA	NA	NA	NA	NA	NA	NA	NA	NA	NA	NA	NA	NA	NA	NA	NA	NA	1D	2018	blank	1	Reduction	Reduction	2018-04-29T21:00:00Z	119	2018-04-30T17:00:00Z	120	Normal	120	normal	2018-04-30T18:00:00Z	120	0
1	NA	D	n	15	2018-06-11T00:00:00Z	one_or_more	15	8	7	7	NA	NA	NA	NA	NA	NA	NA	NA	NA	NA	NA	NA	NA	NA	NA	NA	1D	2018	blank	2	Reduction	Reduction	2018-04-29T21:00:00Z	119	2018-04-30T17:00:00Z	120	Normal	120	normal	2018-04-30T18:00:00Z	120	0
1	NA	D	n	16	2018-06-11T00:00:00Z	one_or_more	32	13	NA	NA	NA	NA	NA	NA	NA	NA	NA	NA	NA	NA	NA	NA	NA	NA	NA	NA	1D	2018	blank	1	Reduction	Reduction	2018-04-29T21:00:00Z	119	2018-04-30T17:00:00Z	120	Normal	120	normal	2018-04-30T18:00:00Z	120	0
1	NA	D	n	17	2018-06-11T00:00:00Z	one_or_more	29	15	NA	NA	NA	NA	NA	NA	NA	NA	NA	NA	NA	NA	NA	NA	NA	NA	NA	NA	1D	2018	blank	1	Reduction	Reduction	2018-04-29T21:00:00Z	119	2018-04-30T17:00:00Z	120	Normal	120	normal	2018-04-30T18:00:00Z	120	0
1	NA	D	n	18	2018-06-11T00:00:00Z	one_or_more	34	12	NA	NA	NA	NA	NA	NA	NA	NA	NA	NA	NA	NA	NA	NA	NA	NA	NA	NA	1D	2018	blank	1	Reduction	Reduction	2018-04-29T21:00:00Z	119	2018-04-30T17:00:00Z	120	Normal	120	normal	2018-04-30T18:00:00Z	120	0
1	NA	D	n	19	2018-06-11T00:00:00Z	one_or_more	43	11	48	15	NA	NA	NA	NA	NA	NA	NA	NA	NA	NA	NA	NA	NA	NA	NA	NA	1D	2018	blank	2	Reduction	Reduction	2018-04-29T21:00:00Z	119	2018-04-30T17:00:00Z	120	Normal	120	normal	2018-04-30T18:00:00Z	120	0
1	NA	D	n	20	2018-06-11T00:00:00Z	one_or_more	28	18	NA	NA	NA	NA	NA	NA	NA	NA	NA	NA	NA	NA	NA	NA	NA	NA	NA	NA	1D	2018	blank	1	Reduction	Reduction	2018-04-29T21:00:00Z	119	2018-04-30T17:00:00Z	120	Normal	120	normal	2018-04-30T18:00:00Z	120	0
1	NA	D	n	21	2018-06-11T00:00:00Z	one_or_more	15	10	NA	NA	NA	NA	NA	NA	NA	NA	NA	NA	NA	NA	NA	NA	NA	NA	NA	NA	1D	2018	blank	1	Reduction	Reduction	2018-04-29T21:00:00Z	119	2018-04-30T17:00:00Z	120	Normal	120	normal	2018-04-30T18:00:00Z	120	0
1	NA	D	n	22	2018-06-11T00:00:00Z	one_or_more	37	20	NA	NA	NA	NA	NA	NA	NA	NA	NA	NA	NA	NA	NA	NA	NA	NA	NA	NA	1D	2018	blank	1	Reduction	Reduction	2018-04-29T21:00:00Z	119	2018-04-30T17:00:00Z	120	Normal	120	normal	2018-04-30T18:00:00Z	120	0
1	NA	D	n	23	2018-06-11T00:00:00Z	one_or_more	41	9	NA	NA	NA	NA	NA	NA	NA	NA	NA	NA	NA	NA	NA	NA	NA	NA	NA	NA	1D	2018	blank	1	Reduction	Reduction	2018-04-29T21:00:00Z	119	2018-04-30T17:00:00Z	120	Normal	120	normal	2018-04-30T18:00:00Z	120	0
1	NA	D	n	24	2018-06-11T00:00:00Z	one_or_more	29	19	NA	NA	NA	NA	NA	NA	NA	NA	NA	NA	NA	NA	NA	NA	NA	NA	NA	NA	1D	2018	blank	1	Reduction	Reduction	2018-04-29T21:00:00Z	119	2018-04-30T17:00:00Z	120	Normal	120	normal	2018-04-30T18:00:00Z	120	0
1	NA	D	n	25	2018-06-11T00:00:00Z	one_or_more	24	18	NA	NA	NA	NA	NA	NA	NA	NA	NA	NA	NA	NA	NA	NA	NA	NA	NA	NA	1D	2018	blank	1	Reduction	Reduction	2018-04-29T21:00:00Z	119	2018-04-30T17:00:00Z	120	Normal	120	normal	2018-04-30T18:00:00Z	120	0
1	NA	D	n	26	2018-06-11T00:00:00Z	one_or_more	26	19	NA	NA	NA	NA	NA	NA	NA	NA	NA	NA	NA	NA	NA	NA	NA	NA	NA	NA	1D	2018	blank	1	Reduction	Reduction	2018-04-29T21:00:00Z	119	2018-04-30T17:00:00Z	120	Normal	120	normal	2018-04-30T18:00:00Z	120	0
1	NA	D	n	27	2018-06-11T00:00:00Z	one_or_more	33	14	NA	NA	NA	NA	NA	NA	NA	NA	NA	NA	NA	NA	NA	NA	NA	NA	NA	NA	1D	2018	blank	1	Reduction	Reduction	2018-04-29T21:00:00Z	119	2018-04-30T17:00:00Z	120	Normal	120	normal	2018-04-30T18:00:00Z	120	0
1	NA	D	n	28	2018-06-11T00:00:00Z	one_or_more	45	15	NA	NA	NA	NA	NA	NA	NA	NA	NA	NA	NA	NA	NA	NA	NA	NA	NA	NA	1D	2018	blank	1	Reduction	Reduction	2018-04-29T21:00:00Z	119	2018-04-30T17:00:00Z	120	Normal	120	normal	2018-04-30T18:00:00Z	120	0
1	NA	D	y	29	2018-06-11T00:00:00Z	one_or_more	33	22	37	30	NA	NA	NA	NA	NA	NA	NA	NA	NA	NA	NA	NA	NA	NA	NA	NA	1D	2018	blank	2	Reduction	Reduction	2018-04-29T21:00:00Z	119	2018-04-30T17:00:00Z	120	Normal	120	normal	2018-04-30T18:00:00Z	120	0
1	NA	D	n	30	2018-06-11T00:00:00Z	one_or_more	32	11	NA	NA	NA	NA	NA	NA	NA	NA	NA	NA	NA	NA	NA	NA	NA	NA	NA	NA	1D	2018	blank	1	Reduction	Reduction	2018-04-29T21:00:00Z	119	2018-04-30T17:00:00Z	120	Normal	120	normal	2018-04-30T18:00:00Z	120	0
1	NA	D	n	31	2018-06-11T00:00:00Z	one_or_more	27	10	NA	NA	NA	NA	NA	NA	NA	NA	NA	NA	NA	NA	NA	NA	NA	NA	NA	NA	1D	2018	blank	1	Reduction	Reduction	2018-04-29T21:00:00Z	119	2018-04-30T17:00:00Z	120	Normal	120	normal	2018-04-30T18:00:00Z	120	0
1	NA	D	n	32	2018-06-11T00:00:00Z	one_or_more	33	16	NA	NA	NA	NA	NA	NA	NA	NA	NA	NA	NA	NA	NA	NA	NA	NA	NA	NA	1D	2018	blank	1	Reduction	Reduction	2018-04-29T21:00:00Z	119	2018-04-30T17:00:00Z	120	Normal	120	normal	2018-04-30T18:00:00Z	120	0
1	NA	D	n	33	2018-06-11T00:00:00Z	one_or_more	24	18	NA	NA	NA	NA	NA	NA	NA	NA	NA	NA	NA	NA	NA	NA	NA	NA	NA	NA	1D	2018	blank	1	Reduction	Reduction	2018-04-29T21:00:00Z	119	2018-04-30T17:00:00Z	120	Normal	120	normal	2018-04-30T18:00:00Z	120	0
1	NA	D	n	34	2018-06-11T00:00:00Z	one_or_more	29	21	NA	NA	NA	NA	NA	NA	NA	NA	NA	NA	NA	NA	NA	NA	NA	NA	NA	NA	1D	2018	blank	1	Reduction	Reduction	2018-04-29T21:00:00Z	119	2018-04-30T17:00:00Z	120	Normal	120	normal	2018-04-30T18:00:00Z	120	0
1	NA	D	n	35	2018-06-11T00:00:00Z	one_or_more	22	7	NA	NA	NA	NA	NA	NA	NA	NA	NA	NA	NA	NA	NA	NA	NA	NA	NA	NA	1D	2018	blank	1	Reduction	Reduction	2018-04-29T21:00:00Z	119	2018-04-30T17:00:00Z	120	Normal	120	normal	2018-04-30T18:00:00Z	120	0
1	NA	D	n	36	2018-06-11T00:00:00Z	one_or_more	33	10	28	13	NA	NA	NA	NA	NA	NA	NA	NA	NA	NA	NA	NA	NA	NA	NA	NA	1D	2018	blank	2	Reduction	Reduction	2018-04-29T21:00:00Z	119	2018-04-30T17:00:00Z	120	Normal	120	normal	2018-04-30T18:00:00Z	120	0
1	NA	D	n	37	2018-06-11T00:00:00Z	one_or_more	19	10	NA	NA	NA	NA	NA	NA	NA	NA	NA	NA	NA	NA	NA	NA	NA	NA	NA	NA	1D	2018	blank	1	Reduction	Reduction	2018-04-29T21:00:00Z	119	2018-04-30T17:00:00Z	120	Normal	120	normal	2018-04-30T18:00:00Z	120	0
1	NA	D	n	38	2018-06-11T00:00:00Z	one_or_more	9	11	NA	NA	NA	NA	NA	NA	NA	NA	NA	NA	NA	NA	NA	NA	NA	NA	NA	NA	1D	2018	blank	1	Reduction	Reduction	2018-04-29T21:00:00Z	119	2018-04-30T17:00:00Z	120	Normal	120	normal	2018-04-30T18:00:00Z	120	0
1	NA	D	n	39	2018-06-11T00:00:00Z	one_or_more	28	13	NA	NA	NA	NA	NA	NA	NA	NA	NA	NA	NA	NA	NA	NA	NA	NA	NA	NA	1D	2018	blank	1	Reduction	Reduction	2018-04-29T21:00:00Z	119	2018-04-30T17:00:00Z	120	Normal	120	normal	2018-04-30T18:00:00Z	120	0
1	NA	D	n	40	2018-06-11T00:00:00Z	one_or_more	21	6	19	7	NA	NA	NA	NA	NA	NA	NA	NA	NA	NA	NA	NA	NA	NA	NA	NA	1D	2018	blank	2	Reduction	Reduction	2018-04-29T21:00:00Z	119	2018-04-30T17:00:00Z	120	Normal	120	normal	2018-04-30T18:00:00Z	120	0
1	NA	D	n	41	2018-06-11T00:00:00Z	one_or_more	12	8	NA	NA	NA	NA	NA	NA	NA	NA	NA	NA	NA	NA	NA	NA	NA	NA	NA	NA	1D	2018	blank	1	Reduction	Reduction	2018-04-29T21:00:00Z	119	2018-04-30T17:00:00Z	120	Normal	120	normal	2018-04-30T18:00:00Z	120	0
1	NA	C	n	42	2018-06-11T00:00:00Z	one_or_more	37	7	NA	NA	NA	NA	NA	NA	NA	NA	NA	NA	NA	NA	NA	NA	NA	NA	NA	NA	1C	2018	blank	1	Control	Mock rainout	2018-04-29T21:00:00Z	119	2018-04-30T17:00:00Z	120	Normal	120	normal	2018-04-30T18:00:00Z	120	0
1	NA	C	n	43	2018-06-11T00:00:00Z	one_or_more	37	18	NA	NA	NA	NA	NA	NA	NA	NA	NA	NA	NA	NA	NA	NA	NA	NA	NA	NA	1C	2018	blank	1	Control	Mock rainout	2018-04-29T21:00:00Z	119	2018-04-30T17:00:00Z	120	Normal	120	normal	2018-04-30T18:00:00Z	120	0
1	NA	C	n	44	2018-06-11T00:00:00Z	one_or_more	34	18	NA	NA	NA	NA	NA	NA	NA	NA	NA	NA	NA	NA	NA	NA	NA	NA	NA	NA	1C	2018	blank	1	Control	Mock rainout	2018-04-29T21:00:00Z	119	2018-04-30T17:00:00Z	120	Normal	120	normal	2018-04-30T18:00:00Z	120	0
1	NA	C	n	45	2018-06-11T00:00:00Z	one_or_more	12	10	28	19	NA	NA	NA	NA	NA	NA	NA	NA	NA	NA	NA	NA	NA	NA	NA	NA	1C	2018	blank	2	Control	Mock rainout	2018-04-29T21:00:00Z	119	2018-04-30T17:00:00Z	120	Normal	120	normal	2018-04-30T18:00:00Z	120	0
1	NA	C	n	46	2018-06-11T00:00:00Z	one_or_more	24	14	NA	NA	NA	NA	NA	NA	NA	NA	NA	NA	NA	NA	NA	NA	NA	NA	NA	NA	1C	2018	blank	1	Control	Mock rainout	2018-04-29T21:00:00Z	119	2018-04-30T17:00:00Z	120	Normal	120	normal	2018-04-30T18:00:00Z	120	0
1	NA	C	n	47	2018-06-11T00:00:00Z	one_or_more	32	15	13	7	31	11	28	22	NA	NA	NA	NA	NA	NA	NA	NA	NA	NA	NA	NA	1C	2018	blank	4	Control	Mock rainout	2018-04-29T21:00:00Z	119	2018-04-30T17:00:00Z	120	Normal	120	normal	2018-04-30T18:00:00Z	120	0
1	NA	C	n	48	2018-06-11T00:00:00Z	one_or_more	23	7	NA	NA	NA	NA	NA	NA	NA	NA	NA	NA	NA	NA	NA	NA	NA	NA	NA	NA	1C	2018	blank	1	Control	Mock rainout	2018-04-29T21:00:00Z	119	2018-04-30T17:00:00Z	120	Normal	120	normal	2018-04-30T18:00:00Z	120	0
1	NA	C	n	49	2018-06-11T00:00:00Z	one_or_more	26	16	NA	NA	NA	NA	NA	NA	NA	NA	NA	NA	NA	NA	NA	NA	NA	NA	NA	NA	1C	2018	blank	1	Control	Mock rainout	2018-04-29T21:00:00Z	119	2018-04-30T17:00:00Z	120	Normal	120	normal	2018-04-30T18:00:00Z	120	0
1	NA	C	n	50	2018-06-11T00:00:00Z	one_or_more	31	32	NA	NA	NA	NA	NA	NA	NA	NA	NA	NA	NA	NA	NA	NA	NA	NA	NA	NA	1C	2018	blank	1	Control	Mock rainout	2018-04-29T21:00:00Z	119	2018-04-30T17:00:00Z	120	Normal	120	normal	2018-04-30T18:00:00Z	120	0
1	NA	C	n	51	2018-06-11T00:00:00Z	one_or_more	13	11	NA	NA	NA	NA	NA	NA	NA	NA	NA	NA	NA	NA	NA	NA	NA	NA	NA	NA	1C	2018	blank	1	Control	Mock rainout	2018-04-29T21:00:00Z	119	2018-04-30T17:00:00Z	120	Normal	120	normal	2018-04-30T18:00:00Z	120	0
1	NA	C	n	52	2018-06-11T00:00:00Z	one_or_more	33	18	NA	NA	NA	NA	NA	NA	NA	NA	NA	NA	NA	NA	NA	NA	NA	NA	NA	NA	1C	2018	blank	1	Control	Mock rainout	2018-04-29T21:00:00Z	119	2018-04-30T17:00:00Z	120	Normal	120	normal	2018-04-30T18:00:00Z	120	0
1	NA	C	n	53	2018-06-11T00:00:00Z	one_or_more	32	14	NA	NA	NA	NA	NA	NA	NA	NA	NA	NA	NA	NA	NA	NA	NA	NA	NA	NA	1C	2018	blank	1	Control	Mock rainout	2018-04-29T21:00:00Z	119	2018-04-30T17:00:00Z	120	Normal	120	normal	2018-04-30T18:00:00Z	120	0
1	NA	C	n	54	2018-06-11T00:00:00Z	one_or_more	29	15	NA	NA	NA	NA	NA	NA	NA	NA	NA	NA	NA	NA	NA	NA	NA	NA	NA	NA	1C	2018	blank	1	Control	Mock rainout	2018-04-29T21:00:00Z	119	2018-04-30T17:00:00Z	120	Normal	120	normal	2018-04-30T18:00:00Z	120	0
1	NA	C	n	55	2018-06-11T00:00:00Z	one_or_more	19	15	NA	NA	NA	NA	NA	NA	NA	NA	NA	NA	NA	NA	NA	NA	NA	NA	NA	NA	1C	2018	blank	1	Control	Mock rainout	2018-04-29T21:00:00Z	119	2018-04-30T17:00:00Z	120	Normal	120	normal	2018-04-30T18:00:00Z	120	0
1	NA	C	n	56	2018-06-11T00:00:00Z	one_or_more	13	17	NA	NA	NA	NA	NA	NA	NA	NA	NA	NA	NA	NA	NA	NA	NA	NA	NA	NA	1C	2018	blank	1	Control	Mock rainout	2018-04-29T21:00:00Z	119	2018-04-30T17:00:00Z	120	Normal	120	normal	2018-04-30T18:00:00Z	120	0
1	NA	C	n	57	2018-06-11T00:00:00Z	one_or_more	37	14	NA	NA	NA	NA	NA	NA	NA	NA	NA	NA	NA	NA	NA	NA	NA	NA	NA	NA	1C	2018	blank	1	Control	Mock rainout	2018-04-29T21:00:00Z	119	2018-04-30T17:00:00Z	120	Normal	120	normal	2018-04-30T18:00:00Z	120	0
1	NA	C	n	58	2018-06-11T00:00:00Z	one_or_more	21	9	19	5	19	11	NA	NA	NA	NA	NA	NA	NA	NA	NA	NA	NA	NA	NA	NA	1C	2018	blank	3	Control	Mock rainout	2018-04-29T21:00:00Z	119	2018-04-30T17:00:00Z	120	Normal	120	normal	2018-04-30T18:00:00Z	120	0
1	NA	C	n	59	2018-06-11T00:00:00Z	one_or_more	29	6	NA	NA	NA	NA	NA	NA	NA	NA	NA	NA	NA	NA	NA	NA	NA	NA	NA	NA	1C	2018	blank	1	Control	Mock rainout	2018-04-29T21:00:00Z	119	2018-04-30T17:00:00Z	120	Normal	120	normal	2018-04-30T18:00:00Z	120	0
1	NA	C	n	60	2018-06-11T00:00:00Z	one_or_more	23	17	NA	NA	NA	NA	NA	NA	NA	NA	NA	NA	NA	NA	NA	NA	NA	NA	NA	NA	1C	2018	blank	1	Control	Mock rainout	2018-04-29T21:00:00Z	119	2018-04-30T17:00:00Z	120	Normal	120	normal	2018-04-30T18:00:00Z	120	0
1	NA	C	y	61	2018-06-11T00:00:00Z	one_or_more	22	14	NA	NA	NA	NA	NA	NA	NA	NA	NA	NA	NA	NA	NA	NA	NA	NA	NA	NA	1C	2018	blank	1	Control	Mock rainout	2018-04-29T21:00:00Z	119	2018-04-30T17:00:00Z	120	Normal	120	normal	2018-04-30T18:00:00Z	120	0
1	NA	C	y	62	2018-06-11T00:00:00Z	one_or_more	27	20	NA	NA	NA	NA	NA	NA	NA	NA	NA	NA	NA	NA	NA	NA	NA	NA	NA	NA	1C	2018	blank	1	Control	Mock rainout	2018-04-29T21:00:00Z	119	2018-04-30T17:00:00Z	120	Normal	120	normal	2018-04-30T18:00:00Z	120	0
1	NA	C	n	63	2018-06-11T00:00:00Z	one_or_more	14	13	NA	NA	NA	NA	NA	NA	NA	NA	NA	NA	NA	NA	NA	NA	NA	NA	NA	NA	1C	2018	blank	1	Control	Mock rainout	2018-04-29T21:00:00Z	119	2018-04-30T17:00:00Z	120	Normal	120	normal	2018-04-30T18:00:00Z	120	0
1	NA	C	n	64	2018-06-11T00:00:00Z	one_or_more	21	16	NA	NA	NA	NA	NA	NA	NA	NA	NA	NA	NA	NA	NA	NA	NA	NA	NA	NA	1C	2018	blank	1	Control	Mock rainout	2018-04-29T21:00:00Z	119	2018-04-30T17:00:00Z	120	Normal	120	normal	2018-04-30T18:00:00Z	120	0
1	NA	C	n	65	2018-06-11T00:00:00Z	one_or_more	13	9	NA	NA	NA	NA	NA	NA	NA	NA	NA	NA	NA	NA	NA	NA	NA	NA	NA	NA	1C	2018	blank	1	Control	Mock rainout	2018-04-29T21:00:00Z	119	2018-04-30T17:00:00Z	120	Normal	120	normal	2018-04-30T18:00:00Z	120	0
1	NA	C	n	66	2018-06-11T00:00:00Z	one_or_more	14	15	NA	NA	NA	NA	NA	NA	NA	NA	NA	NA	NA	NA	NA	NA	NA	NA	NA	NA	1C	2018	blank	1	Control	Mock rainout	2018-04-29T21:00:00Z	119	2018-04-30T17:00:00Z	120	Normal	120	normal	2018-04-30T18:00:00Z	120	0
1	NA	C	n	67	2018-06-11T00:00:00Z	one_or_more	15	14	NA	NA	NA	NA	NA	NA	NA	NA	NA	NA	NA	NA	NA	NA	NA	NA	NA	NA	1C	2018	blank	1	Control	Mock rainout	2018-04-29T21:00:00Z	119	2018-04-30T17:00:00Z	120	Normal	120	normal	2018-04-30T18:00:00Z	120	0
1	NA	C	n	68	2018-06-11T00:00:00Z	one_or_more	19	13	NA	NA	NA	NA	NA	NA	NA	NA	NA	NA	NA	NA	NA	NA	NA	NA	NA	NA	1C	2018	blank	1	Control	Mock rainout	2018-04-29T21:00:00Z	119	2018-04-30T17:00:00Z	120	Normal	120	normal	2018-04-30T18:00:00Z	120	0
1	NA	C	n	69	2018-06-11T00:00:00Z	one_or_more	11	5	NA	NA	NA	NA	NA	NA	NA	NA	NA	NA	NA	NA	NA	NA	NA	NA	NA	NA	1C	2018	blank	1	Control	Mock rainout	2018-04-29T21:00:00Z	119	2018-04-30T17:00:00Z	120	Normal	120	normal	2018-04-30T18:00:00Z	120	0
1	NA	C	n	70	2018-06-11T00:00:00Z	one_or_more	19	7	NA	NA	NA	NA	NA	NA	NA	NA	NA	NA	NA	NA	NA	NA	NA	NA	NA	NA	1C	2018	blank	1	Control	Mock rainout	2018-04-29T21:00:00Z	119	2018-04-30T17:00:00Z	120	Normal	120	normal	2018-04-30T18:00:00Z	120	0
1	NA	C	n	71	2018-06-11T00:00:00Z	one_or_more	18	17	NA	NA	NA	NA	NA	NA	NA	NA	NA	NA	NA	NA	NA	NA	NA	NA	NA	NA	1C	2018	blank	1	Control	Mock rainout	2018-04-29T21:00:00Z	119	2018-04-30T17:00:00Z	120	Normal	120	normal	2018-04-30T18:00:00Z	120	0
1	NA	C	n	72	2018-06-11T00:00:00Z	one_or_more	37	19	NA	NA	NA	NA	NA	NA	NA	NA	NA	NA	NA	NA	NA	NA	NA	NA	NA	NA	1C	2018	blank	1	Control	Mock rainout	2018-04-29T21:00:00Z	119	2018-04-30T17:00:00Z	120	Normal	120	normal	2018-04-30T18:00:00Z	120	0
1	NA	C	n	73	2018-06-11T00:00:00Z	one_or_more	13	18	NA	NA	NA	NA	NA	NA	NA	NA	NA	NA	NA	NA	NA	NA	NA	NA	NA	NA	1C	2018	blank	1	Control	Mock rainout	2018-04-29T21:00:00Z	119	2018-04-30T17:00:00Z	120	Normal	120	normal	2018-04-30T18:00:00Z	120	0
1	NA	C	n	74	2018-06-11T00:00:00Z	one_or_more	35	19	NA	NA	NA	NA	NA	NA	NA	NA	NA	NA	NA	NA	NA	NA	NA	NA	NA	NA	1C	2018	blank	1	Control	Mock rainout	2018-04-29T21:00:00Z	119	2018-04-30T17:00:00Z	120	Normal	120	normal	2018-04-30T18:00:00Z	120	0
1	NA	C	n	75	2018-06-11T00:00:00Z	one_or_more	11	6	NA	NA	NA	NA	NA	NA	NA	NA	NA	NA	NA	NA	NA	NA	NA	NA	NA	NA	1C	2018	blank	1	Control	Mock rainout	2018-04-29T21:00:00Z	119	2018-04-30T17:00:00Z	120	Normal	120	normal	2018-04-30T18:00:00Z	120	0
1	NA	C	n	76	2018-06-11T00:00:00Z	one_or_more	11	10	NA	NA	NA	NA	NA	NA	NA	NA	NA	NA	NA	NA	NA	NA	NA	NA	NA	NA	1C	2018	blank	1	Control	Mock rainout	2018-04-29T21:00:00Z	119	2018-04-30T17:00:00Z	120	Normal	120	normal	2018-04-30T18:00:00Z	120	0
1	NA	C	n	77	2018-06-11T00:00:00Z	blank	NA	NA	NA	NA	NA	NA	NA	NA	NA	NA	NA	NA	NA	NA	NA	NA	NA	NA	NA	NA	1C	2018	blank	NA	Control	Mock rainout	2018-04-29T21:00:00Z	119	2018-04-30T17:00:00Z	120	Normal	120	normal	2018-04-30T18:00:00Z	120	0
1	NA	C	n	78	2018-06-11T00:00:00Z	one_or_more	19	14	NA	NA	NA	NA	NA	NA	NA	NA	NA	NA	NA	NA	NA	NA	NA	NA	NA	NA	1C	2018	blank	1	Control	Mock rainout	2018-04-29T21:00:00Z	119	2018-04-30T17:00:00Z	120	Normal	120	normal	2018-04-30T18:00:00Z	120	0
1	NA	C	n	79	2018-06-11T00:00:00Z	one_or_more	19	8	NA	NA	NA	NA	NA	NA	NA	NA	NA	NA	NA	NA	NA	NA	NA	NA	NA	NA	1C	2018	blank	1	Control	Mock rainout	2018-04-29T21:00:00Z	119	2018-04-30T17:00:00Z	120	Normal	120	normal	2018-04-30T18:00:00Z	120	0
1	NA	B	n	647	2018-06-08T00:00:00Z	one_or_more	10	7	5	6	11	9	NA	NA	NA	NA	NA	NA	NA	NA	NA	NA	NA	NA	NA	NA	1B	2018	blank	3	Control	Control	2018-04-29T21:00:00Z	119	2018-04-30T17:00:00Z	120	Normal	120	normal	2018-04-30T18:00:00Z	120	0
1	NA	B	n	648	2018-06-08T00:00:00Z	one_or_more	32	6	NA	NA	NA	NA	NA	NA	NA	NA	NA	NA	NA	NA	NA	NA	NA	NA	NA	NA	1B	2018	blank	1	Control	Control	2018-04-29T21:00:00Z	119	2018-04-30T17:00:00Z	120	Normal	120	normal	2018-04-30T18:00:00Z	120	0
1	NA	B	n	649	2018-06-08T00:00:00Z	one_or_more	11	14	NA	NA	NA	NA	NA	NA	NA	NA	NA	NA	NA	NA	NA	NA	NA	NA	NA	NA	1B	2018	blank	1	Control	Control	2018-04-29T21:00:00Z	119	2018-04-30T17:00:00Z	120	Normal	120	normal	2018-04-30T18:00:00Z	120	0
1	NA	B	n	650	2018-06-08T00:00:00Z	one_or_more	31	11	NA	NA	NA	NA	NA	NA	NA	NA	NA	NA	NA	NA	NA	NA	NA	NA	NA	NA	1B	2018	blank	1	Control	Control	2018-04-29T21:00:00Z	119	2018-04-30T17:00:00Z	120	Normal	120	normal	2018-04-30T18:00:00Z	120	0
1	NA	B	n	651	2018-06-08T00:00:00Z	one_or_more	11	13	9	6	5	8	NA	NA	NA	NA	NA	NA	NA	NA	NA	NA	NA	NA	NA	NA	1B	2018	blank	3	Control	Control	2018-04-29T21:00:00Z	119	2018-04-30T17:00:00Z	120	Normal	120	normal	2018-04-30T18:00:00Z	120	0
1	NA	B	n	652	2018-06-08T00:00:00Z	one_or_more	19	9	NA	NA	NA	NA	NA	NA	NA	NA	NA	NA	NA	NA	NA	NA	NA	NA	NA	NA	1B	2018	blank	1	Control	Control	2018-04-29T21:00:00Z	119	2018-04-30T17:00:00Z	120	Normal	120	normal	2018-04-30T18:00:00Z	120	0
1	NA	B	n	653	2018-06-08T00:00:00Z	one_or_more	10	19	NA	NA	NA	NA	NA	NA	NA	NA	NA	NA	NA	NA	NA	NA	NA	NA	NA	NA	1B	2018	blank	1	Control	Control	2018-04-29T21:00:00Z	119	2018-04-30T17:00:00Z	120	Normal	120	normal	2018-04-30T18:00:00Z	120	0
1	NA	B	n	654	2018-06-08T00:00:00Z	one_or_more	27	11	NA	NA	NA	NA	NA	NA	NA	NA	NA	NA	NA	NA	NA	NA	NA	NA	NA	NA	1B	2018	blank	1	Control	Control	2018-04-29T21:00:00Z	119	2018-04-30T17:00:00Z	120	Normal	120	normal	2018-04-30T18:00:00Z	120	0
1	NA	B	y	655	2018-06-08T00:00:00Z	one_or_more	42	35	NA	NA	NA	NA	NA	NA	NA	NA	NA	NA	NA	NA	NA	NA	NA	NA	NA	NA	1B	2018	blank	1	Control	Control	2018-04-29T21:00:00Z	119	2018-04-30T17:00:00Z	120	Normal	120	normal	2018-04-30T18:00:00Z	120	0
1	NA	B	n	656	2018-06-08T00:00:00Z	one_or_more	22	15	NA	NA	NA	NA	NA	NA	NA	NA	NA	NA	NA	NA	NA	NA	NA	NA	NA	NA	1B	2018	blank	1	Control	Control	2018-04-29T21:00:00Z	119	2018-04-30T17:00:00Z	120	Normal	120	normal	2018-04-30T18:00:00Z	120	0
1	NA	B	n	657	2018-06-08T00:00:00Z	one_or_more	3	16	NA	NA	NA	NA	NA	NA	NA	NA	NA	NA	NA	NA	NA	NA	NA	NA	NA	NA	1B	2018	blank	1	Control	Control	2018-04-29T21:00:00Z	119	2018-04-30T17:00:00Z	120	Normal	120	normal	2018-04-30T18:00:00Z	120	0
1	NA	B	n	658	2018-06-08T00:00:00Z	one_or_more	7	7	10	12	NA	NA	NA	NA	NA	NA	NA	NA	NA	NA	NA	NA	NA	NA	NA	NA	1B	2018	blank	1	Control	Control	2018-04-29T21:00:00Z	119	2018-04-30T17:00:00Z	120	Normal	120	normal	2018-04-30T18:00:00Z	120	0
1	NA	B	n	659	2018-06-08T00:00:00Z	one_or_more	13	11	NA	NA	NA	NA	NA	NA	NA	NA	NA	NA	NA	NA	NA	NA	NA	NA	NA	NA	1B	2018	blank	1	Control	Control	2018-04-29T21:00:00Z	119	2018-04-30T17:00:00Z	120	Normal	120	normal	2018-04-30T18:00:00Z	120	0
1	NA	B	n	660	2018-06-08T00:00:00Z	one_or_more	21	5	22	7	7	5	NA	NA	NA	NA	NA	NA	NA	NA	NA	NA	NA	NA	NA	NA	1B	2018	blank	3	Control	Control	2018-04-29T21:00:00Z	119	2018-04-30T17:00:00Z	120	Normal	120	normal	2018-04-30T18:00:00Z	120	0
1	NA	B	n	661	2018-06-08T00:00:00Z	one_or_more	15	9	NA	NA	NA	NA	NA	NA	NA	NA	NA	NA	NA	NA	NA	NA	NA	NA	NA	NA	1B	2018	blank	1	Control	Control	2018-04-29T21:00:00Z	119	2018-04-30T17:00:00Z	120	Normal	120	normal	2018-04-30T18:00:00Z	120	0
1	NA	B	n	662	2018-06-08T00:00:00Z	one_or_more	7	13	NA	NA	NA	NA	NA	NA	NA	NA	NA	NA	NA	NA	NA	NA	NA	NA	NA	NA	1B	2018	blank	1	Control	Control	2018-04-29T21:00:00Z	119	2018-04-30T17:00:00Z	120	Normal	120	normal	2018-04-30T18:00:00Z	120	0
1	NA	B	n	663	2018-06-08T00:00:00Z	one_or_more	21	11	32	10	NA	NA	NA	NA	NA	NA	NA	NA	NA	NA	NA	NA	NA	NA	NA	NA	1B	2018	blank	2	Control	Control	2018-04-29T21:00:00Z	119	2018-04-30T17:00:00Z	120	Normal	120	normal	2018-04-30T18:00:00Z	120	0
1	NA	B	y	664	2018-06-08T00:00:00Z	one_or_more	31	14	NA	NA	NA	NA	NA	NA	NA	NA	NA	NA	NA	NA	NA	NA	NA	NA	NA	NA	1B	2018	blank	1	Control	Control	2018-04-29T21:00:00Z	119	2018-04-30T17:00:00Z	120	Normal	120	normal	2018-04-30T18:00:00Z	120	0
1	NA	B	y	665	2018-06-08T00:00:00Z	one_or_more	23	15	NA	NA	NA	NA	NA	NA	NA	NA	NA	NA	NA	NA	NA	NA	NA	NA	NA	NA	1B	2018	blank	1	Control	Control	2018-04-29T21:00:00Z	119	2018-04-30T17:00:00Z	120	Normal	120	normal	2018-04-30T18:00:00Z	120	0
1	NA	B	n	666	2018-06-08T00:00:00Z	one_or_more	19	14	NA	NA	NA	NA	NA	NA	NA	NA	NA	NA	NA	NA	NA	NA	NA	NA	NA	NA	1B	2018	blank	1	Control	Control	2018-04-29T21:00:00Z	119	2018-04-30T17:00:00Z	120	Normal	120	normal	2018-04-30T18:00:00Z	120	0
1	NA	B	n	667	2018-06-08T00:00:00Z	one_or_more	22	23	NA	NA	NA	NA	NA	NA	NA	NA	NA	NA	NA	NA	NA	NA	NA	NA	NA	NA	1B	2018	blank	1	Control	Control	2018-04-29T21:00:00Z	119	2018-04-30T17:00:00Z	120	Normal	120	normal	2018-04-30T18:00:00Z	120	0
1	NA	B	y	668	2018-06-08T00:00:00Z	one_or_more	27	27	NA	NA	NA	NA	NA	NA	NA	NA	NA	NA	NA	NA	NA	NA	NA	NA	NA	NA	1B	2018	blank	1	Control	Control	2018-04-29T21:00:00Z	119	2018-04-30T17:00:00Z	120	Normal	120	normal	2018-04-30T18:00:00Z	120	0
1	NA	B	n	669	2018-06-08T00:00:00Z	one_or_more	15	8	NA	NA	NA	NA	NA	NA	NA	NA	NA	NA	NA	NA	NA	NA	NA	NA	NA	NA	1B	2018	blank	1	Control	Control	2018-04-29T21:00:00Z	119	2018-04-30T17:00:00Z	120	Normal	120	normal	2018-04-30T18:00:00Z	120	0
1	NA	B	n	670	2018-06-08T00:00:00Z	one_or_more	31	9	35	13	NA	NA	NA	NA	NA	NA	NA	NA	NA	NA	NA	NA	NA	NA	NA	NA	1B	2018	blank	1	Control	Control	2018-04-29T21:00:00Z	119	2018-04-30T17:00:00Z	120	Normal	120	normal	2018-04-30T18:00:00Z	120	0
1	NA	B	n	671	2018-06-08T00:00:00Z	one_or_more	11	13	NA	NA	NA	NA	NA	NA	NA	NA	NA	NA	NA	NA	NA	NA	NA	NA	NA	NA	1B	2018	blank	1	Control	Control	2018-04-29T21:00:00Z	119	2018-04-30T17:00:00Z	120	Normal	120	normal	2018-04-30T18:00:00Z	120	0
1	NA	B	n	672	2018-06-08T00:00:00Z	one_or_more	12	18	NA	NA	NA	NA	NA	NA	NA	NA	NA	NA	NA	NA	NA	NA	NA	NA	NA	NA	1B	2018	blank	1	Control	Control	2018-04-29T21:00:00Z	119	2018-04-30T17:00:00Z	120	Normal	120	normal	2018-04-30T18:00:00Z	120	0
1	NA	B	n	673	2018-06-08T00:00:00Z	one_or_more	NA	NA	NA	NA	NA	NA	NA	NA	NA	NA	NA	NA	NA	NA	NA	NA	NA	NA	NA	NA	1B	2018	blank	NA	Control	Control	2018-04-29T21:00:00Z	119	2018-04-30T17:00:00Z	120	Normal	120	normal	2018-04-30T18:00:00Z	120	0
1	NA	B	n	674	2018-06-08T00:00:00Z	one_or_more	13	12	NA	NA	NA	NA	NA	NA	NA	NA	NA	NA	NA	NA	NA	NA	NA	NA	NA	NA	1B	2018	blank	1	Control	Control	2018-04-29T21:00:00Z	119	2018-04-30T17:00:00Z	120	Normal	120	normal	2018-04-30T18:00:00Z	120	0
1	NA	B	n	675	2018-06-08T00:00:00Z	one_or_more	27	25	NA	NA	NA	NA	NA	NA	NA	NA	NA	NA	NA	NA	NA	NA	NA	NA	NA	NA	1B	2018	blank	1	Control	Control	2018-04-29T21:00:00Z	119	2018-04-30T17:00:00Z	120	Normal	120	normal	2018-04-30T18:00:00Z	120	0
1	NA	B	n	676	2018-06-08T00:00:00Z	one_or_more	NA	NA	NA	NA	NA	NA	NA	NA	NA	NA	NA	NA	NA	NA	NA	NA	NA	NA	NA	NA	1B	2018	blank	NA	Control	Control	2018-04-29T21:00:00Z	119	2018-04-30T17:00:00Z	120	Normal	120	normal	2018-04-30T18:00:00Z	120	0
1	NA	B	n	677	2018-06-08T00:00:00Z	one_or_more	7	13	NA	NA	NA	NA	NA	NA	NA	NA	NA	NA	NA	NA	NA	NA	NA	NA	NA	NA	1B	2018	blank	1	Control	Control	2018-04-29T21:00:00Z	119	2018-04-30T17:00:00Z	120	Normal	120	normal	2018-04-30T18:00:00Z	120	0
1	NA	B	y	678	2018-06-08T00:00:00Z	one_or_more	32	19	NA	NA	NA	NA	NA	NA	NA	NA	NA	NA	NA	NA	NA	NA	NA	NA	NA	NA	1B	2018	blank	1	Control	Control	2018-04-29T21:00:00Z	119	2018-04-30T17:00:00Z	120	Normal	120	normal	2018-04-30T18:00:00Z	120	0
1	NA	B	n	679	2018-06-08T00:00:00Z	one_or_more	NA	NA	NA	NA	NA	NA	NA	NA	NA	NA	NA	NA	NA	NA	NA	NA	NA	NA	NA	NA	1B	2018	blank	NA	Control	Control	2018-04-29T21:00:00Z	119	2018-04-30T17:00:00Z	120	Normal	120	normal	2018-04-30T18:00:00Z	120	0
1	NA	B	n	680	2018-06-08T00:00:00Z	one_or_more	NA	NA	NA	NA	NA	NA	NA	NA	NA	NA	NA	NA	NA	NA	NA	NA	NA	NA	NA	NA	1B	2018	blank	NA	Control	Control	2018-04-29T21:00:00Z	119	2018-04-30T17:00:00Z	120	Normal	120	normal	2018-04-30T18:00:00Z	120	0
1	NA	B	n	681	2018-06-08T00:00:00Z	one_or_more	NA	NA	NA	NA	NA	NA	NA	NA	NA	NA	NA	NA	NA	NA	NA	NA	NA	NA	NA	NA	1B	2018	blank	NA	Control	Control	2018-04-29T21:00:00Z	119	2018-04-30T17:00:00Z	120	Normal	120	normal	2018-04-30T18:00:00Z	120	0
1	NA	B	n	682	2018-06-08T00:00:00Z	one_or_more	NA	NA	NA	NA	NA	NA	NA	NA	NA	NA	NA	NA	NA	NA	NA	NA	NA	NA	NA	NA	1B	2018	blank	NA	Control	Control	2018-04-29T21:00:00Z	119	2018-04-30T17:00:00Z	120	Normal	120	normal	2018-04-30T18:00:00Z	120	0
1	NA	B	n	683	2018-06-08T00:00:00Z	one_or_more	NA	NA	NA	NA	NA	NA	NA	NA	NA	NA	NA	NA	NA	NA	NA	NA	NA	NA	NA	NA	1B	2018	blank	NA	Control	Control	2018-04-29T21:00:00Z	119	2018-04-30T17:00:00Z	120	Normal	120	normal	2018-04-30T18:00:00Z	120	0
1	NA	B	n	684	2018-06-08T00:00:00Z	one_or_more	27	29	NA	NA	NA	NA	NA	NA	NA	NA	NA	NA	NA	NA	NA	NA	NA	NA	NA	NA	1B	2018	blank	1	Control	Control	2018-04-29T21:00:00Z	119	2018-04-30T17:00:00Z	120	Normal	120	normal	2018-04-30T18:00:00Z	120	0
1	NA	B	n	685	2018-06-08T00:00:00Z	one_or_more	NA	NA	NA	NA	NA	NA	NA	NA	NA	NA	NA	NA	NA	NA	NA	NA	NA	NA	NA	NA	1B	2018	blank	NA	Control	Control	2018-04-29T21:00:00Z	119	2018-04-30T17:00:00Z	120	Normal	120	normal	2018-04-30T18:00:00Z	120	0
4	NA	A	n	60	2018-06-08T00:00:00Z	one_or_more	11	6	NA	NA	NA	NA	NA	NA	NA	NA	NA	NA	NA	NA	NA	NA	NA	NA	NA	NA	4A	2018	blank	1	Addition	Addition	NA	NA	NA	NA	Early	115	early	2018-04-25T18:00:00Z	120	-5
4	NA	A	n	61	2018-06-08T00:00:00Z	one_or_more	11	9	NA	NA	NA	NA	NA	NA	NA	NA	NA	NA	NA	NA	NA	NA	NA	NA	NA	NA	4A	2018	blank	1	Addition	Addition	NA	NA	NA	NA	Early	115	early	2018-04-25T18:00:00Z	120	-5
4	NA	A	n	62	2018-06-08T00:00:00Z	one_or_more	NA	NA	NA	NA	NA	NA	NA	NA	NA	NA	NA	NA	NA	NA	NA	NA	NA	NA	NA	NA	4A	2018	blank	NA	Addition	Addition	NA	NA	NA	NA	Early	115	early	2018-04-25T18:00:00Z	120	-5
4	NA	A	y	63	2018-06-08T00:00:00Z	one_or_more	31	27	NA	NA	NA	NA	NA	NA	NA	NA	NA	NA	NA	NA	NA	NA	NA	NA	NA	NA	4A	2018	blank	1	Addition	Addition	NA	NA	NA	NA	Early	115	early	2018-04-25T18:00:00Z	120	-5
4	NA	A	n	64	2018-06-08T00:00:00Z	one_or_more	20	10	NA	NA	NA	NA	NA	NA	NA	NA	NA	NA	NA	NA	NA	NA	NA	NA	NA	NA	4A	2018	blank	1	Addition	Addition	NA	NA	NA	NA	Early	115	early	2018-04-25T18:00:00Z	120	-5
4	NA	A	n	65	2018-06-08T00:00:00Z	one_or_more	32	20	NA	NA	NA	NA	NA	NA	NA	NA	NA	NA	NA	NA	NA	NA	NA	NA	NA	NA	4A	2018	blank	1	Addition	Addition	NA	NA	NA	NA	Early	115	early	2018-04-25T18:00:00Z	120	-5
4	NA	A	n	66	2018-06-08T00:00:00Z	one_or_more	NA	NA	NA	NA	NA	NA	NA	NA	NA	NA	NA	NA	NA	NA	NA	NA	NA	NA	NA	NA	4A	2018	blank	NA	Addition	Addition	NA	NA	NA	NA	Early	115	early	2018-04-25T18:00:00Z	120	-5
4	NA	A	n	67	2018-06-08T00:00:00Z	one_or_more	17	10	NA	NA	NA	NA	NA	NA	NA	NA	NA	NA	NA	NA	NA	NA	NA	NA	NA	NA	4A	2018	blank	1	Addition	Addition	NA	NA	NA	NA	Early	115	early	2018-04-25T18:00:00Z	120	-5
4	NA	A	n	68	2018-06-08T00:00:00Z	one_or_more	21	13	NA	NA	NA	NA	NA	NA	NA	NA	NA	NA	NA	NA	NA	NA	NA	NA	NA	NA	4A	2018	blank	1	Addition	Addition	NA	NA	NA	NA	Early	115	early	2018-04-25T18:00:00Z	120	-5
4	NA	A	y	69	2018-06-08T00:00:00Z	one_or_more	23	25	NA	NA	NA	NA	NA	NA	NA	NA	NA	NA	NA	NA	NA	NA	NA	NA	NA	NA	4A	2018	blank	1	Addition	Addition	NA	NA	NA	NA	Early	115	early	2018-04-25T18:00:00Z	120	-5
4	NA	A	n	70	2018-06-08T00:00:00Z	one_or_more	16	15	NA	NA	NA	NA	NA	NA	NA	NA	NA	NA	NA	NA	NA	NA	NA	NA	NA	NA	4A	2018	blank	1	Addition	Addition	NA	NA	NA	NA	Early	115	early	2018-04-25T18:00:00Z	120	-5
4	NA	A	n	71	2018-06-08T00:00:00Z	one_or_more	11	NA	NA	NA	NA	NA	NA	NA	NA	NA	NA	NA	NA	NA	NA	NA	NA	NA	NA	NA	4A	2018	blank	1	Addition	Addition	NA	NA	NA	NA	Early	115	early	2018-04-25T18:00:00Z	120	-5
4	NA	A	n	72	2018-06-08T00:00:00Z	one_or_more	17	10	NA	NA	NA	NA	NA	NA	NA	NA	NA	NA	NA	NA	NA	NA	NA	NA	NA	NA	4A	2018	blank	1	Addition	Addition	NA	NA	NA	NA	Early	115	early	2018-04-25T18:00:00Z	120	-5
4	NA	A	n	73	2018-06-08T00:00:00Z	one_or_more	4	7	NA	NA	NA	NA	NA	NA	NA	NA	NA	NA	NA	NA	NA	NA	NA	NA	NA	NA	4A	2018	blank	1	Addition	Addition	NA	NA	NA	NA	Early	115	early	2018-04-25T18:00:00Z	120	-5
4	NA	A	n	74	2018-06-08T00:00:00Z	one_or_more	26	12	NA	NA	NA	NA	NA	NA	NA	NA	NA	NA	NA	NA	NA	NA	NA	NA	NA	NA	4A	2018	blank	1	Addition	Addition	NA	NA	NA	NA	Early	115	early	2018-04-25T18:00:00Z	120	-5
4	NA	A	y	75	2018-06-08T00:00:00Z	one_or_more	22	20	NA	NA	NA	NA	NA	NA	NA	NA	NA	NA	NA	NA	NA	NA	NA	NA	NA	NA	4A	2018	blank	1	Addition	Addition	NA	NA	NA	NA	Early	115	early	2018-04-25T18:00:00Z	120	-5
4	NA	A	y	76	2018-06-08T00:00:00Z	one_or_more	12	8	NA	NA	NA	NA	NA	NA	NA	NA	NA	NA	NA	NA	NA	NA	NA	NA	NA	NA	4A	2018	blank	1	Addition	Addition	NA	NA	NA	NA	Early	115	early	2018-04-25T18:00:00Z	120	-5
4	NA	A	n	77	2018-06-08T00:00:00Z	one_or_more	8	16	NA	NA	NA	NA	NA	NA	NA	NA	NA	NA	NA	NA	NA	NA	NA	NA	NA	NA	4A	2018	blank	1	Addition	Addition	NA	NA	NA	NA	Early	115	early	2018-04-25T18:00:00Z	120	-5
4	NA	A	n	78	2018-06-08T00:00:00Z	one_or_more	3	5	21	10	NA	NA	NA	NA	NA	NA	NA	NA	NA	NA	NA	NA	NA	NA	NA	NA	4A	2018	blank	2	Addition	Addition	NA	NA	NA	NA	Early	115	early	2018-04-25T18:00:00Z	120	-5
4	NA	A	n	79	2018-06-08T00:00:00Z	one_or_more	5	9	NA	NA	NA	NA	NA	NA	NA	NA	NA	NA	NA	NA	NA	NA	NA	NA	NA	NA	4A	2018	blank	1	Addition	Addition	NA	NA	NA	NA	Early	115	early	2018-04-25T18:00:00Z	120	-5
4	NA	A	n	80	2018-06-08T00:00:00Z	one_or_more	17	10	21	18	NA	NA	NA	NA	NA	NA	NA	NA	NA	NA	NA	NA	NA	NA	NA	NA	4A	2018	blank	2	Addition	Addition	NA	NA	NA	NA	Early	115	early	2018-04-25T18:00:00Z	120	-5
4	NA	A	n	81	2018-06-08T00:00:00Z	one_or_more	20	9	NA	NA	NA	NA	NA	NA	NA	NA	NA	NA	NA	NA	NA	NA	NA	NA	NA	NA	4A	2018	blank	1	Addition	Addition	NA	NA	NA	NA	Early	115	early	2018-04-25T18:00:00Z	120	-5
4	NA	A	n	82	2018-06-08T00:00:00Z	one_or_more	33	10	NA	NA	NA	NA	NA	NA	NA	NA	NA	NA	NA	NA	NA	NA	NA	NA	NA	NA	4A	2018	blank	1	Addition	Addition	NA	NA	NA	NA	Early	115	early	2018-04-25T18:00:00Z	120	-5
4	NA	A	y	83	2018-06-08T00:00:00Z	one_or_more	17	22	NA	NA	NA	NA	NA	NA	NA	NA	NA	NA	NA	NA	NA	NA	NA	NA	NA	NA	4A	2018	blank	1	Addition	Addition	NA	NA	NA	NA	Early	115	early	2018-04-25T18:00:00Z	120	-5
4	NA	A	n	84	2018-06-08T00:00:00Z	one_or_more	11	13	NA	NA	NA	NA	NA	NA	NA	NA	NA	NA	NA	NA	NA	NA	NA	NA	NA	NA	4A	2018	blank	1	Addition	Addition	NA	NA	NA	NA	Early	115	early	2018-04-25T18:00:00Z	120	-5
4	NA	A	n	85	2018-06-08T00:00:00Z	one_or_more	7	7	7	12	NA	NA	NA	NA	NA	NA	NA	NA	NA	NA	NA	NA	NA	NA	NA	NA	4A	2018	blank	2	Addition	Addition	NA	NA	NA	NA	Early	115	early	2018-04-25T18:00:00Z	120	-5
4	NA	A	n	86	2018-06-08T00:00:00Z	one_or_more	7	8	NA	NA	NA	NA	NA	NA	NA	NA	NA	NA	NA	NA	NA	NA	NA	NA	NA	NA	4A	2018	blank	1	Addition	Addition	NA	NA	NA	NA	Early	115	early	2018-04-25T18:00:00Z	120	-5
4	NA	A	n	87	2018-06-08T00:00:00Z	one_or_more	2	13	12	18	NA	NA	NA	NA	NA	NA	NA	NA	NA	NA	NA	NA	NA	NA	NA	NA	4A	2018	blank	2	Addition	Addition	NA	NA	NA	NA	Early	115	early	2018-04-25T18:00:00Z	120	-5
4	NA	A	n	88	2018-06-08T00:00:00Z	one_or_more	NA	NA	NA	NA	NA	NA	NA	NA	NA	NA	NA	NA	NA	NA	NA	NA	NA	NA	NA	NA	4A	2018	blank	NA	Addition	Addition	NA	NA	NA	NA	Early	115	early	2018-04-25T18:00:00Z	120	-5
4	NA	A	n	89	2018-06-08T00:00:00Z	one_or_more	22	20	NA	NA	NA	NA	NA	NA	NA	NA	NA	NA	NA	NA	NA	NA	NA	NA	NA	NA	4A	2018	blank	1	Addition	Addition	NA	NA	NA	NA	Early	115	early	2018-04-25T18:00:00Z	120	-5
4	NA	A	n	90	2018-06-08T00:00:00Z	one_or_more	35	32	NA	NA	NA	NA	NA	NA	NA	NA	NA	NA	NA	NA	NA	NA	NA	NA	NA	NA	4A	2018	blank	1	Addition	Addition	NA	NA	NA	NA	Early	115	early	2018-04-25T18:00:00Z	120	-5
4	NA	A	n	91	2018-06-08T00:00:00Z	one_or_more	5	11	NA	NA	NA	NA	NA	NA	NA	NA	NA	NA	NA	NA	NA	NA	NA	NA	NA	NA	4A	2018	blank	1	Addition	Addition	NA	NA	NA	NA	Early	115	early	2018-04-25T18:00:00Z	120	-5
4	NA	A	n	92	2018-06-08T00:00:00Z	one_or_more	17	14	NA	NA	NA	NA	NA	NA	NA	NA	NA	NA	NA	NA	NA	NA	NA	NA	NA	NA	4A	2018	blank	1	Addition	Addition	NA	NA	NA	NA	Early	115	early	2018-04-25T18:00:00Z	120	-5
4	NA	A	n	93	2018-06-08T00:00:00Z	one_or_more	7	6	NA	NA	NA	NA	NA	NA	NA	NA	NA	NA	NA	NA	NA	NA	NA	NA	NA	NA	4A	2018	blank	1	Addition	Addition	NA	NA	NA	NA	Early	115	early	2018-04-25T18:00:00Z	120	-5
4	NA	A	n	94	2018-06-08T00:00:00Z	one_or_more	22	12	NA	NA	NA	NA	NA	NA	NA	NA	NA	NA	NA	NA	NA	NA	NA	NA	NA	NA	4A	2018	blank	1	Addition	Addition	NA	NA	NA	NA	Early	115	early	2018-04-25T18:00:00Z	120	-5
4	NA	A	n	95	2018-06-08T00:00:00Z	one_or_more	11	8	20	9	11	13	NA	NA	NA	NA	NA	NA	NA	NA	NA	NA	NA	NA	NA	NA	4A	2018	blank	3	Addition	Addition	NA	NA	NA	NA	Early	115	early	2018-04-25T18:00:00Z	120	-5
4	NA	A	n	96	2018-06-08T00:00:00Z	one_or_more	13	6	NA	NA	NA	NA	NA	NA	NA	NA	NA	NA	NA	NA	NA	NA	NA	NA	NA	NA	4A	2018	blank	1	Addition	Addition	NA	NA	NA	NA	Early	115	early	2018-04-25T18:00:00Z	120	-5
4	NA	A	n	97	2018-06-08T00:00:00Z	one_or_more	7	11	NA	NA	NA	NA	NA	NA	NA	NA	NA	NA	NA	NA	NA	NA	NA	NA	NA	NA	4A	2018	blank	1	Addition	Addition	NA	NA	NA	NA	Early	115	early	2018-04-25T18:00:00Z	120	-5
4	NA	A	n	98	2018-06-08T00:00:00Z	one_or_more	17	13	NA	NA	NA	NA	NA	NA	NA	NA	NA	NA	NA	NA	NA	NA	NA	NA	NA	NA	4A	2018	blank	1	Addition	Addition	NA	NA	NA	NA	Early	115	early	2018-04-25T18:00:00Z	120	-5
4	NA	A	n	99	2018-06-08T00:00:00Z	one_or_more	9	14	NA	NA	NA	NA	NA	NA	NA	NA	NA	NA	NA	NA	NA	NA	NA	NA	NA	NA	4A	2018	blank	1	Addition	Addition	NA	NA	NA	NA	Early	115	early	2018-04-25T18:00:00Z	120	-5
4	NA	A	n	100	2018-06-08T00:00:00Z	one_or_more	5	8	NA	NA	NA	NA	NA	NA	NA	NA	NA	NA	NA	NA	NA	NA	NA	NA	NA	NA	4A	2018	blank	1	Addition	Addition	NA	NA	NA	NA	Early	115	early	2018-04-25T18:00:00Z	120	-5
4	NA	A	n	101	2018-06-08T00:00:00Z	one_or_more	11	8	NA	NA	NA	NA	NA	NA	NA	NA	NA	NA	NA	NA	NA	NA	NA	NA	NA	NA	4A	2018	blank	1	Addition	Addition	NA	NA	NA	NA	Early	115	early	2018-04-25T18:00:00Z	120	-5
4	NA	A	n	102	2018-06-08T00:00:00Z	one_or_more	NA	NA	NA	NA	NA	NA	NA	NA	NA	NA	NA	NA	NA	NA	NA	NA	NA	NA	NA	NA	4A	2018	blank	NA	Addition	Addition	NA	NA	NA	NA	Early	115	early	2018-04-25T18:00:00Z	120	-5
4	NA	A	n	103	2018-06-08T00:00:00Z	one_or_more	7	9	NA	NA	NA	NA	NA	NA	NA	NA	NA	NA	NA	NA	NA	NA	NA	NA	NA	NA	4A	2018	blank	1	Addition	Addition	NA	NA	NA	NA	Early	115	early	2018-04-25T18:00:00Z	120	-5
4	NA	A	n	104	2018-06-08T00:00:00Z	one_or_more	NA	NA	NA	NA	NA	NA	NA	NA	NA	NA	NA	NA	NA	NA	NA	NA	NA	NA	NA	NA	4A	2018	blank	NA	Addition	Addition	NA	NA	NA	NA	Early	115	early	2018-04-25T18:00:00Z	120	-5
4	NA	A	n	105	2018-06-08T00:00:00Z	one_or_more	4	9	NA	NA	NA	NA	NA	NA	NA	NA	NA	NA	NA	NA	NA	NA	NA	NA	NA	NA	4A	2018	blank	1	Addition	Addition	NA	NA	NA	NA	Early	115	early	2018-04-25T18:00:00Z	120	-5
4	NA	A	n	106	2018-06-08T00:00:00Z	one_or_more	37	16	NA	NA	NA	NA	NA	NA	NA	NA	NA	NA	NA	NA	NA	NA	NA	NA	NA	NA	4A	2018	blank	1	Addition	Addition	NA	NA	NA	NA	Early	115	early	2018-04-25T18:00:00Z	120	-5
4	NA	A	n	107	2018-06-08T00:00:00Z	one_or_more	11	12	NA	NA	NA	NA	NA	NA	NA	NA	NA	NA	NA	NA	NA	NA	NA	NA	NA	NA	4A	2018	blank	1	Addition	Addition	NA	NA	NA	NA	Early	115	early	2018-04-25T18:00:00Z	120	-5
4	NA	A	n	108	2018-06-08T00:00:00Z	one_or_more	7	10	NA	NA	NA	NA	NA	NA	NA	NA	NA	NA	NA	NA	NA	NA	NA	NA	NA	NA	4A	2018	blank	1	Addition	Addition	NA	NA	NA	NA	Early	115	early	2018-04-25T18:00:00Z	120	-5
4	NA	A	n	109	2018-06-08T00:00:00Z	one_or_more	15	15	NA	NA	NA	NA	NA	NA	NA	NA	NA	NA	NA	NA	NA	NA	NA	NA	NA	NA	4A	2018	blank	1	Addition	Addition	NA	NA	NA	NA	Early	115	early	2018-04-25T18:00:00Z	120	-5
4	NA	A	n	110	2018-06-08T00:00:00Z	one_or_more	27	17	NA	NA	NA	NA	NA	NA	NA	NA	NA	NA	NA	NA	NA	NA	NA	NA	NA	NA	4A	2018	blank	1	Addition	Addition	NA	NA	NA	NA	Early	115	early	2018-04-25T18:00:00Z	120	-5
4	NA	A	n	111	2018-06-08T00:00:00Z	one_or_more	31	10	NA	NA	NA	NA	NA	NA	NA	NA	NA	NA	NA	NA	NA	NA	NA	NA	NA	NA	4A	2018	blank	1	Addition	Addition	NA	NA	NA	NA	Early	115	early	2018-04-25T18:00:00Z	120	-5
4	NA	A	n	112	2018-06-08T00:00:00Z	one_or_more	7	17	17	18	NA	NA	NA	NA	NA	NA	NA	NA	NA	NA	NA	NA	NA	NA	NA	NA	4A	2018	blank	2	Addition	Addition	NA	NA	NA	NA	Early	115	early	2018-04-25T18:00:00Z	120	-5
4	NA	A	n	113	2018-06-08T00:00:00Z	one_or_more	13	10	NA	NA	NA	NA	NA	NA	NA	NA	NA	NA	NA	NA	NA	NA	NA	NA	NA	NA	4A	2018	blank	1	Addition	Addition	NA	NA	NA	NA	Early	115	early	2018-04-25T18:00:00Z	120	-5
4	NA	A	n	114	2018-06-08T00:00:00Z	one_or_more	15	14	NA	NA	NA	NA	NA	NA	NA	NA	NA	NA	NA	NA	NA	NA	NA	NA	NA	NA	4A	2018	blank	1	Addition	Addition	NA	NA	NA	NA	Early	115	early	2018-04-25T18:00:00Z	120	-5
4	NA	A	n	115	2018-06-08T00:00:00Z	one_or_more	22	16	NA	NA	NA	NA	NA	NA	NA	NA	NA	NA	NA	NA	NA	NA	NA	NA	NA	NA	4A	2018	blank	1	Addition	Addition	NA	NA	NA	NA	Early	115	early	2018-04-25T18:00:00Z	120	-5
4	NA	A	n	116	2018-06-08T00:00:00Z	one_or_more	30	10	7	7	NA	NA	NA	NA	NA	NA	NA	NA	NA	NA	NA	NA	NA	NA	NA	NA	4A	2018	blank	2	Addition	Addition	NA	NA	NA	NA	Early	115	early	2018-04-25T18:00:00Z	120	-5
4	NA	A	n	117	2018-06-08T00:00:00Z	one_or_more	7	12	NA	NA	NA	NA	NA	NA	NA	NA	NA	NA	NA	NA	NA	NA	NA	NA	NA	NA	4A	2018	blank	1	Addition	Addition	NA	NA	NA	NA	Early	115	early	2018-04-25T18:00:00Z	120	-5
4	NA	A	n	118	2018-06-08T00:00:00Z	one_or_more	21	20	NA	NA	NA	NA	NA	NA	NA	NA	NA	NA	NA	NA	NA	NA	NA	NA	NA	NA	4A	2018	blank	1	Addition	Addition	NA	NA	NA	NA	Early	115	early	2018-04-25T18:00:00Z	120	-5
4	NA	A	n	119	2018-06-08T00:00:00Z	one_or_more	30	15	NA	NA	NA	NA	NA	NA	NA	NA	NA	NA	NA	NA	NA	NA	NA	NA	NA	NA	4A	2018	blank	1	Addition	Addition	NA	NA	NA	NA	Early	115	early	2018-04-25T18:00:00Z	120	-5
4	NA	A	n	120	2018-06-08T00:00:00Z	one_or_more	15	22	NA	NA	NA	NA	NA	NA	NA	NA	NA	NA	NA	NA	NA	NA	NA	NA	NA	NA	4A	2018	blank	1	Addition	Addition	NA	NA	NA	NA	Early	115	early	2018-04-25T18:00:00Z	120	-5
5	NA	A	n	121	2018-06-08T00:00:00Z	one_or_more	15	13	NA	NA	NA	NA	NA	NA	NA	NA	NA	NA	NA	NA	NA	NA	NA	NA	NA	NA	5A	2018	blank	1	Addition	Addition	2018-04-24T19:00:00Z	114	2018-04-25T15:00:00Z	115	Early	115	early	2018-04-25T18:00:00Z	120	-5
2	NA	D	n	183	2018-06-06T00:00:00Z	one_or_more	7	8	NA	NA	NA	NA	NA	NA	NA	NA	NA	NA	NA	NA	NA	NA	NA	NA	NA	NA	2D	2018	blank	1	Addition	Addition	2018-04-25T17:00:00Z	115	2018-04-25T21:00:00Z	115	Early	115	early	2018-04-25T18:00:00Z	120	-5
2	NA	D	n	184	2018-06-06T00:00:00Z	one_or_more	22	6	NA	NA	NA	NA	NA	NA	NA	NA	NA	NA	NA	NA	NA	NA	NA	NA	NA	NA	2D	2018	blank	1	Addition	Addition	2018-04-25T17:00:00Z	115	2018-04-25T21:00:00Z	115	Early	115	early	2018-04-25T18:00:00Z	120	-5
2	NA	D	n	185	2018-06-06T00:00:00Z	one_or_more	27	16	NA	NA	NA	NA	NA	NA	NA	NA	NA	NA	NA	NA	NA	NA	NA	NA	NA	NA	2D	2018	blank	1	Addition	Addition	2018-04-25T17:00:00Z	115	2018-04-25T21:00:00Z	115	Early	115	early	2018-04-25T18:00:00Z	120	-5
2	NA	D	n	186	2018-06-06T00:00:00Z	one_or_more	13	11	NA	NA	NA	NA	NA	NA	NA	NA	NA	NA	NA	NA	NA	NA	NA	NA	NA	NA	2D	2018	blank	1	Addition	Addition	2018-04-25T17:00:00Z	115	2018-04-25T21:00:00Z	115	Early	115	early	2018-04-25T18:00:00Z	120	-5
2	NA	D	n	187	2018-06-06T00:00:00Z	one_or_more	31	13	30	22	NA	NA	NA	NA	NA	NA	NA	NA	NA	NA	NA	NA	NA	NA	NA	NA	2D	2018	blank	2	Addition	Addition	2018-04-25T17:00:00Z	115	2018-04-25T21:00:00Z	115	Early	115	early	2018-04-25T18:00:00Z	120	-5
2	NA	D	n	188	2018-06-06T00:00:00Z	one_or_more	2	3	23	13	NA	NA	NA	NA	NA	NA	NA	NA	NA	NA	NA	NA	NA	NA	NA	NA	2D	2018	blank	2	Addition	Addition	2018-04-25T17:00:00Z	115	2018-04-25T21:00:00Z	115	Early	115	early	2018-04-25T18:00:00Z	120	-5
2	NA	D	n	189	2018-06-06T00:00:00Z	one_or_more	11	12	22	9	NA	NA	NA	NA	NA	NA	NA	NA	NA	NA	NA	NA	NA	NA	NA	NA	2D	2018	blank	2	Addition	Addition	2018-04-25T17:00:00Z	115	2018-04-25T21:00:00Z	115	Early	115	early	2018-04-25T18:00:00Z	120	-5
2	NA	D	n	190	2018-06-06T00:00:00Z	one_or_more	12	9	NA	NA	NA	NA	NA	NA	NA	NA	NA	NA	NA	NA	NA	NA	NA	NA	NA	NA	2D	2018	blank	1	Addition	Addition	2018-04-25T17:00:00Z	115	2018-04-25T21:00:00Z	115	Early	115	early	2018-04-25T18:00:00Z	120	-5
2	NA	D	n	191	2018-06-06T00:00:00Z	one_or_more	25	23	NA	NA	NA	NA	NA	NA	NA	NA	NA	NA	NA	NA	NA	NA	NA	NA	NA	NA	2D	2018	blank	1	Addition	Addition	2018-04-25T17:00:00Z	115	2018-04-25T21:00:00Z	115	Early	115	early	2018-04-25T18:00:00Z	120	-5
2	NA	D	n	192	2018-06-06T00:00:00Z	one_or_more	11	9	NA	NA	NA	NA	NA	NA	NA	NA	NA	NA	NA	NA	NA	NA	NA	NA	NA	NA	2D	2018	blank	1	Addition	Addition	2018-04-25T17:00:00Z	115	2018-04-25T21:00:00Z	115	Early	115	early	2018-04-25T18:00:00Z	120	-5
2	NA	D	n	193	2018-06-06T00:00:00Z	one_or_more	31	15	NA	NA	NA	NA	NA	NA	NA	NA	NA	NA	NA	NA	NA	NA	NA	NA	NA	NA	2D	2018	blank	1	Addition	Addition	2018-04-25T17:00:00Z	115	2018-04-25T21:00:00Z	115	Early	115	early	2018-04-25T18:00:00Z	120	-5
2	NA	D	n	194	2018-06-06T00:00:00Z	one_or_more	27	17	NA	NA	NA	NA	NA	NA	NA	NA	NA	NA	NA	NA	NA	NA	NA	NA	NA	NA	2D	2018	blank	1	Addition	Addition	2018-04-25T17:00:00Z	115	2018-04-25T21:00:00Z	115	Early	115	early	2018-04-25T18:00:00Z	120	-5
2	NA	D	n	195	2018-06-06T00:00:00Z	one_or_more	6	10	NA	NA	NA	NA	NA	NA	NA	NA	NA	NA	NA	NA	NA	NA	NA	NA	NA	NA	2D	2018	blank	1	Addition	Addition	2018-04-25T17:00:00Z	115	2018-04-25T21:00:00Z	115	Early	115	early	2018-04-25T18:00:00Z	120	-5
2	NA	D	n	196	2018-06-06T00:00:00Z	one_or_more	45	20	NA	NA	NA	NA	NA	NA	NA	NA	NA	NA	NA	NA	NA	NA	NA	NA	NA	NA	2D	2018	blank	1	Addition	Addition	2018-04-25T17:00:00Z	115	2018-04-25T21:00:00Z	115	Early	115	early	2018-04-25T18:00:00Z	120	-5
2	NA	D	n	197	2018-06-06T00:00:00Z	one_or_more	33	18	NA	NA	NA	NA	NA	NA	NA	NA	NA	NA	NA	NA	NA	NA	NA	NA	NA	NA	2D	2018	blank	1	Addition	Addition	2018-04-25T17:00:00Z	115	2018-04-25T21:00:00Z	115	Early	115	early	2018-04-25T18:00:00Z	120	-5
2	NA	D	n	198	2018-06-06T00:00:00Z	one_or_more	12	13	NA	NA	NA	NA	NA	NA	NA	NA	NA	NA	NA	NA	NA	NA	NA	NA	NA	NA	2D	2018	blank	1	Addition	Addition	2018-04-25T17:00:00Z	115	2018-04-25T21:00:00Z	115	Early	115	early	2018-04-25T18:00:00Z	120	-5
2	NA	D	n	199	2018-06-06T00:00:00Z	one_or_more	4	8	NA	NA	NA	NA	NA	NA	NA	NA	NA	NA	NA	NA	NA	NA	NA	NA	NA	NA	2D	2018	blank	1	Addition	Addition	2018-04-25T17:00:00Z	115	2018-04-25T21:00:00Z	115	Early	115	early	2018-04-25T18:00:00Z	120	-5
2	NA	D	y	200	2018-06-06T00:00:00Z	one_or_more	31	25	NA	NA	NA	NA	NA	NA	NA	NA	NA	NA	NA	NA	NA	NA	NA	NA	NA	NA	2D	2018	blank	1	Addition	Addition	2018-04-25T17:00:00Z	115	2018-04-25T21:00:00Z	115	Early	115	early	2018-04-25T18:00:00Z	120	-5
2	NA	D	n	201	2018-06-06T00:00:00Z	one_or_more	15	10	NA	NA	NA	NA	NA	NA	NA	NA	NA	NA	NA	NA	NA	NA	NA	NA	NA	NA	2D	2018	blank	1	Addition	Addition	2018-04-25T17:00:00Z	115	2018-04-25T21:00:00Z	115	Early	115	early	2018-04-25T18:00:00Z	120	-5
2	NA	D	n	202	2018-06-06T00:00:00Z	one_or_more	32	12	42	16	NA	NA	NA	NA	NA	NA	NA	NA	NA	NA	NA	NA	NA	NA	NA	NA	2D	2018	blank	2	Addition	Addition	2018-04-25T17:00:00Z	115	2018-04-25T21:00:00Z	115	Early	115	early	2018-04-25T18:00:00Z	120	-5
2	NA	D	n	203	2018-06-06T00:00:00Z	one_or_more	11	9	12	19	NA	NA	NA	NA	NA	NA	NA	NA	NA	NA	NA	NA	NA	NA	NA	NA	2D	2018	blank	2	Addition	Addition	2018-04-25T17:00:00Z	115	2018-04-25T21:00:00Z	115	Early	115	early	2018-04-25T18:00:00Z	120	-5
2	NA	D	n	204	2018-06-06T00:00:00Z	one_or_more	32	9	27	15	NA	NA	NA	NA	NA	NA	NA	NA	NA	NA	NA	NA	NA	NA	NA	NA	2D	2018	blank	2	Addition	Addition	2018-04-25T17:00:00Z	115	2018-04-25T21:00:00Z	115	Early	115	early	2018-04-25T18:00:00Z	120	-5
2	NA	D	n	205	2018-06-06T00:00:00Z	one_or_more	31	14	NA	NA	NA	NA	NA	NA	NA	NA	NA	NA	NA	NA	NA	NA	NA	NA	NA	NA	2D	2018	blank	1	Addition	Addition	2018-04-25T17:00:00Z	115	2018-04-25T21:00:00Z	115	Early	115	early	2018-04-25T18:00:00Z	120	-5
2	maybe more rosettes	D	y	206	2018-06-06T00:00:00Z	one_or_more	35	10	52	15	42	7	NA	NA	NA	NA	NA	NA	NA	NA	NA	NA	NA	NA	NA	NA	2D	2018	blank	3	Addition	Addition	2018-04-25T17:00:00Z	115	2018-04-25T21:00:00Z	115	Early	115	early	2018-04-25T18:00:00Z	120	-5
2	maybe more rosettes	D	n	207	2018-06-06T00:00:00Z	one_or_more	17	35	NA	NA	NA	NA	NA	NA	NA	NA	NA	NA	NA	NA	NA	NA	NA	NA	NA	NA	2D	2018	blank	1	Addition	Addition	2018-04-25T17:00:00Z	115	2018-04-25T21:00:00Z	115	Early	115	early	2018-04-25T18:00:00Z	120	-5
2	NA	D	n	208	2018-06-06T00:00:00Z	one_or_more	9	6	NA	NA	NA	NA	NA	NA	NA	NA	NA	NA	NA	NA	NA	NA	NA	NA	NA	NA	2D	2018	blank	1	Addition	Addition	2018-04-25T17:00:00Z	115	2018-04-25T21:00:00Z	115	Early	115	early	2018-04-25T18:00:00Z	120	-5
2	NA	D	n	209	2018-06-06T00:00:00Z	one_or_more	19	23	NA	NA	NA	NA	NA	NA	NA	NA	NA	NA	NA	NA	NA	NA	NA	NA	NA	NA	2D	2018	blank	1	Addition	Addition	2018-04-25T17:00:00Z	115	2018-04-25T21:00:00Z	115	Early	115	early	2018-04-25T18:00:00Z	120	-5
2	NA	D	n	210	2018-06-06T00:00:00Z	one_or_more	33	11	NA	NA	NA	NA	NA	NA	NA	NA	NA	NA	NA	NA	NA	NA	NA	NA	NA	NA	2D	2018	blank	1	Addition	Addition	2018-04-25T17:00:00Z	115	2018-04-25T21:00:00Z	115	Early	115	early	2018-04-25T18:00:00Z	120	-5
2	NA	D	n	211	2018-06-06T00:00:00Z	one_or_more	33	30	NA	NA	NA	NA	NA	NA	NA	NA	NA	NA	NA	NA	NA	NA	NA	NA	NA	NA	2D	2018	blank	1	Addition	Addition	2018-04-25T17:00:00Z	115	2018-04-25T21:00:00Z	115	Early	115	early	2018-04-25T18:00:00Z	120	-5
2	maybe more rosettes	D	y	212	2018-06-06T00:00:00Z	one_or_more	31	15	NA	NA	NA	NA	NA	NA	NA	NA	NA	NA	NA	NA	NA	NA	NA	NA	NA	NA	2D	2018	blank	1	Addition	Addition	2018-04-25T17:00:00Z	115	2018-04-25T21:00:00Z	115	Early	115	early	2018-04-25T18:00:00Z	120	-5
2	NA	D	n	213	2018-06-06T00:00:00Z	one_or_more	27	13	13	NA	NA	NA	NA	NA	NA	NA	NA	NA	NA	NA	NA	NA	NA	NA	NA	NA	2D	2018	blank	2	Addition	Addition	2018-04-25T17:00:00Z	115	2018-04-25T21:00:00Z	115	Early	115	early	2018-04-25T18:00:00Z	120	-5
2	NA	D	n	214	2018-06-06T00:00:00Z	one_or_more	11	5	17	11	NA	NA	NA	NA	NA	NA	NA	NA	NA	NA	NA	NA	NA	NA	NA	NA	2D	2018	blank	2	Addition	Addition	2018-04-25T17:00:00Z	115	2018-04-25T21:00:00Z	115	Early	115	early	2018-04-25T18:00:00Z	120	-5
2	NA	D	n	215	2018-06-06T00:00:00Z	one_or_more	13	8	NA	NA	NA	NA	NA	NA	NA	NA	NA	NA	NA	NA	NA	NA	NA	NA	NA	NA	2D	2018	blank	1	Addition	Addition	2018-04-25T17:00:00Z	115	2018-04-25T21:00:00Z	115	Early	115	early	2018-04-25T18:00:00Z	120	-5
2	NA	D	n	216	2018-06-06T00:00:00Z	one_or_more	22	14	NA	NA	NA	NA	NA	NA	NA	NA	NA	NA	NA	NA	NA	NA	NA	NA	NA	NA	2D	2018	blank	1	Addition	Addition	2018-04-25T17:00:00Z	115	2018-04-25T21:00:00Z	115	Early	115	early	2018-04-25T18:00:00Z	120	-5
2	NA	D	n	217	2018-06-06T00:00:00Z	one_or_more	22	12	NA	NA	NA	NA	NA	NA	NA	NA	NA	NA	NA	NA	NA	NA	NA	NA	NA	NA	2D	2018	blank	1	Addition	Addition	2018-04-25T17:00:00Z	115	2018-04-25T21:00:00Z	115	Early	115	early	2018-04-25T18:00:00Z	120	-5
2	NA	D	y	218	2018-06-06T00:00:00Z	one_or_more	49	39	NA	NA	NA	NA	NA	NA	NA	NA	NA	NA	NA	NA	NA	NA	NA	NA	NA	NA	2D	2018	blank	1	Addition	Addition	2018-04-25T17:00:00Z	115	2018-04-25T21:00:00Z	115	Early	115	early	2018-04-25T18:00:00Z	120	-5
2	NA	D	n	219	2018-06-06T00:00:00Z	one_or_more	11	8	NA	NA	NA	NA	NA	NA	NA	NA	NA	NA	NA	NA	NA	NA	NA	NA	NA	NA	2D	2018	blank	1	Addition	Addition	2018-04-25T17:00:00Z	115	2018-04-25T21:00:00Z	115	Early	115	early	2018-04-25T18:00:00Z	120	-5
2	NA	D	n	220	2018-06-06T00:00:00Z	one_or_more	14	14	NA	NA	NA	NA	NA	NA	NA	NA	NA	NA	NA	NA	NA	NA	NA	NA	NA	NA	2D	2018	blank	1	Addition	Addition	2018-04-25T17:00:00Z	115	2018-04-25T21:00:00Z	115	Early	115	early	2018-04-25T18:00:00Z	120	-5
1	NA	A	n	221	2018-06-06T00:00:00Z	one_or_more	11	8	NA	NA	NA	NA	NA	NA	NA	NA	NA	NA	NA	NA	NA	NA	NA	NA	NA	NA	1A	2018	blank	1	Addition	Addition	2018-04-29T21:00:00Z	119	2018-04-30T17:00:00Z	120	Normal	120	normal	2018-04-30T18:00:00Z	120	0
1	NA	A	n	222	2018-06-06T00:00:00Z	one_or_more	11	7	NA	NA	NA	NA	NA	NA	NA	NA	NA	NA	NA	NA	NA	NA	NA	NA	NA	NA	1A	2018	blank	1	Addition	Addition	2018-04-29T21:00:00Z	119	2018-04-30T17:00:00Z	120	Normal	120	normal	2018-04-30T18:00:00Z	120	0
1	NA	A	n	223	2018-06-06T00:00:00Z	one_or_more	19	15	NA	NA	NA	NA	NA	NA	NA	NA	NA	NA	NA	NA	NA	NA	NA	NA	NA	NA	1A	2018	blank	1	Addition	Addition	2018-04-29T21:00:00Z	119	2018-04-30T17:00:00Z	120	Normal	120	normal	2018-04-30T18:00:00Z	120	0
1	missing	A	n	224	2018-06-06T00:00:00Z	one_or_more	NA	NA	NA	NA	NA	NA	NA	NA	NA	NA	NA	NA	NA	NA	NA	NA	NA	NA	NA	NA	1A	2018	blank	NA	Addition	Addition	2018-04-29T21:00:00Z	119	2018-04-30T17:00:00Z	120	Normal	120	normal	2018-04-30T18:00:00Z	120	0
1	NA	A	n	225	2018-06-06T00:00:00Z	one_or_more	23	12	NA	NA	NA	NA	NA	NA	NA	NA	NA	NA	NA	NA	NA	NA	NA	NA	NA	NA	1A	2018	blank	1	Addition	Addition	2018-04-29T21:00:00Z	119	2018-04-30T17:00:00Z	120	Normal	120	normal	2018-04-30T18:00:00Z	120	0
1	NA	A	n	226	2018-06-06T00:00:00Z	one_or_more	16	11	NA	NA	NA	NA	NA	NA	NA	NA	NA	NA	NA	NA	NA	NA	NA	NA	NA	NA	1A	2018	blank	1	Addition	Addition	2018-04-29T21:00:00Z	119	2018-04-30T17:00:00Z	120	Normal	120	normal	2018-04-30T18:00:00Z	120	0
1	NA	A	n	227	2018-06-06T00:00:00Z	one_or_more	17	8	NA	NA	NA	NA	NA	NA	NA	NA	NA	NA	NA	NA	NA	NA	NA	NA	NA	NA	1A	2018	blank	1	Addition	Addition	2018-04-29T21:00:00Z	119	2018-04-30T17:00:00Z	120	Normal	120	normal	2018-04-30T18:00:00Z	120	0
1	NA	A	n	228	2018-06-06T00:00:00Z	one_or_more	31	12	NA	NA	NA	NA	NA	NA	NA	NA	NA	NA	NA	NA	NA	NA	NA	NA	NA	NA	1A	2018	blank	1	Addition	Addition	2018-04-29T21:00:00Z	119	2018-04-30T17:00:00Z	120	Normal	120	normal	2018-04-30T18:00:00Z	120	0
1	NA	A	n	229	2018-06-06T00:00:00Z	one_or_more	27	16	NA	NA	NA	NA	NA	NA	NA	NA	NA	NA	NA	NA	NA	NA	NA	NA	NA	NA	1A	2018	blank	1	Addition	Addition	2018-04-29T21:00:00Z	119	2018-04-30T17:00:00Z	120	Normal	120	normal	2018-04-30T18:00:00Z	120	0
1	NA	A	n	230	2018-06-06T00:00:00Z	one_or_more	7	8	NA	NA	NA	NA	NA	NA	NA	NA	NA	NA	NA	NA	NA	NA	NA	NA	NA	NA	1A	2018	blank	1	Addition	Addition	2018-04-29T21:00:00Z	119	2018-04-30T17:00:00Z	120	Normal	120	normal	2018-04-30T18:00:00Z	120	0
1	NA	A	n	231	2018-06-06T00:00:00Z	one_or_more	5	8	25	13	NA	NA	NA	NA	NA	NA	NA	NA	NA	NA	NA	NA	NA	NA	NA	NA	1A	2018	blank	2	Addition	Addition	2018-04-29T21:00:00Z	119	2018-04-30T17:00:00Z	120	Normal	120	normal	2018-04-30T18:00:00Z	120	0
1	NA	A	y	232	2018-06-06T00:00:00Z	one_or_more	22	18	NA	NA	NA	NA	NA	NA	NA	NA	NA	NA	NA	NA	NA	NA	NA	NA	NA	NA	1A	2018	blank	1	Addition	Addition	2018-04-29T21:00:00Z	119	2018-04-30T17:00:00Z	120	Normal	120	normal	2018-04-30T18:00:00Z	120	0
1	missing	A	n	233	2018-06-06T00:00:00Z	one_or_more	NA	NA	NA	NA	NA	NA	NA	NA	NA	NA	NA	NA	NA	NA	NA	NA	NA	NA	NA	NA	1A	2018	blank	NA	Addition	Addition	2018-04-29T21:00:00Z	119	2018-04-30T17:00:00Z	120	Normal	120	normal	2018-04-30T18:00:00Z	120	0
1	broken	A	y	234	2018-06-06T00:00:00Z	one_or_more	17	15	NA	NA	NA	NA	NA	NA	NA	NA	NA	NA	NA	NA	NA	NA	NA	NA	NA	NA	1A	2018	blank	1	Addition	Addition	2018-04-29T21:00:00Z	119	2018-04-30T17:00:00Z	120	Normal	120	normal	2018-04-30T18:00:00Z	120	0
1	missing	A	n	235	2018-06-06T00:00:00Z	one_or_more	NA	NA	NA	NA	NA	NA	NA	NA	NA	NA	NA	NA	NA	NA	NA	NA	NA	NA	NA	NA	1A	2018	blank	NA	Addition	Addition	2018-04-29T21:00:00Z	119	2018-04-30T17:00:00Z	120	Normal	120	normal	2018-04-30T18:00:00Z	120	0
1	NA	A	n	236	2018-06-06T00:00:00Z	one_or_more	21	16	NA	NA	NA	NA	NA	NA	NA	NA	NA	NA	NA	NA	NA	NA	NA	NA	NA	NA	1A	2018	blank	1	Addition	Addition	2018-04-29T21:00:00Z	119	2018-04-30T17:00:00Z	120	Normal	120	normal	2018-04-30T18:00:00Z	120	0
1	NA	A	n	237	2018-06-06T00:00:00Z	one_or_more	22	11	NA	NA	NA	NA	NA	NA	NA	NA	NA	NA	NA	NA	NA	NA	NA	NA	NA	NA	1A	2018	blank	1	Addition	Addition	2018-04-29T21:00:00Z	119	2018-04-30T17:00:00Z	120	Normal	120	normal	2018-04-30T18:00:00Z	120	0
1	NA	A	y	238	2018-06-06T00:00:00Z	one_or_more	26	19	NA	NA	NA	NA	NA	NA	NA	NA	NA	NA	NA	NA	NA	NA	NA	NA	NA	NA	1A	2018	blank	1	Addition	Addition	2018-04-29T21:00:00Z	119	2018-04-30T17:00:00Z	120	Normal	120	normal	2018-04-30T18:00:00Z	120	0
1	NA	A	n	239	2018-06-06T00:00:00Z	one_or_more	31	18	NA	NA	NA	NA	NA	NA	NA	NA	NA	NA	NA	NA	NA	NA	NA	NA	NA	NA	1A	2018	blank	1	Addition	Addition	2018-04-29T21:00:00Z	119	2018-04-30T17:00:00Z	120	Normal	120	normal	2018-04-30T18:00:00Z	120	0
1	NA	A	n	240	2018-06-06T00:00:00Z	one_or_more	10	7	NA	NA	NA	NA	NA	NA	NA	NA	NA	NA	NA	NA	NA	NA	NA	NA	NA	NA	1A	2018	blank	1	Addition	Addition	2018-04-29T21:00:00Z	119	2018-04-30T17:00:00Z	120	Normal	120	normal	2018-04-30T18:00:00Z	120	0
1	NA	A	n	241	2018-06-06T00:00:00Z	one_or_more	27	14	NA	NA	NA	NA	NA	NA	NA	NA	NA	NA	NA	NA	NA	NA	NA	NA	NA	NA	1A	2018	blank	1	Addition	Addition	2018-04-29T21:00:00Z	119	2018-04-30T17:00:00Z	120	Normal	120	normal	2018-04-30T18:00:00Z	120	0
1	NA	A	n	242	2018-06-06T00:00:00Z	one_or_more	21	15	NA	NA	NA	NA	NA	NA	NA	NA	NA	NA	NA	NA	NA	NA	NA	NA	NA	NA	1A	2018	blank	1	Addition	Addition	2018-04-29T21:00:00Z	119	2018-04-30T17:00:00Z	120	Normal	120	normal	2018-04-30T18:00:00Z	120	0
1	might have 4	A	n	243	2018-06-06T00:00:00Z	one_or_more	45	21	30	14	NA	NA	NA	NA	NA	NA	NA	NA	NA	NA	NA	NA	NA	NA	NA	NA	1A	2018	blank	2	Addition	Addition	2018-04-29T21:00:00Z	119	2018-04-30T17:00:00Z	120	Normal	120	normal	2018-04-30T18:00:00Z	120	0
1	might have 4 rosettes	A	n	244	2018-06-06T00:00:00Z	one_or_more	20	16	15	5	NA	NA	NA	NA	NA	NA	NA	NA	NA	NA	NA	NA	NA	NA	NA	NA	1A	2018	blank	2	Addition	Addition	2018-04-29T21:00:00Z	119	2018-04-30T17:00:00Z	120	Normal	120	normal	2018-04-30T18:00:00Z	120	0
1	NA	A	n	245	2018-06-06T00:00:00Z	one_or_more	11	9	NA	NA	NA	NA	NA	NA	NA	NA	NA	NA	NA	NA	NA	NA	NA	NA	NA	NA	1A	2018	blank	1	Addition	Addition	2018-04-29T21:00:00Z	119	2018-04-30T17:00:00Z	120	Normal	120	normal	2018-04-30T18:00:00Z	120	0
1	NA	A	n	246	2018-06-06T00:00:00Z	one_or_more	20	4	NA	NA	NA	NA	NA	NA	NA	NA	NA	NA	NA	NA	NA	NA	NA	NA	NA	NA	1A	2018	blank	1	Addition	Addition	2018-04-29T21:00:00Z	119	2018-04-30T17:00:00Z	120	Normal	120	normal	2018-04-30T18:00:00Z	120	0
1	NA	A	n	247	2018-06-06T00:00:00Z	one_or_more	6	4	NA	NA	NA	NA	NA	NA	NA	NA	NA	NA	NA	NA	NA	NA	NA	NA	NA	NA	1A	2018	blank	1	Addition	Addition	2018-04-29T21:00:00Z	119	2018-04-30T17:00:00Z	120	Normal	120	normal	2018-04-30T18:00:00Z	120	0
1	NA	A	n	248	2018-06-06T00:00:00Z	one_or_more	21	9	NA	NA	NA	NA	NA	NA	NA	NA	NA	NA	NA	NA	NA	NA	NA	NA	NA	NA	1A	2018	blank	1	Addition	Addition	2018-04-29T21:00:00Z	119	2018-04-30T17:00:00Z	120	Normal	120	normal	2018-04-30T18:00:00Z	120	0
1	NA	A	n	249	2018-06-06T00:00:00Z	one_or_more	21	15	NA	NA	NA	NA	NA	NA	NA	NA	NA	NA	NA	NA	NA	NA	NA	NA	NA	NA	1A	2018	blank	1	Addition	Addition	2018-04-29T21:00:00Z	119	2018-04-30T17:00:00Z	120	Normal	120	normal	2018-04-30T18:00:00Z	120	0
1	NA	A	n	250	2018-06-06T00:00:00Z	one_or_more	31	14	NA	NA	NA	NA	NA	NA	NA	NA	NA	NA	NA	NA	NA	NA	NA	NA	NA	NA	1A	2018	blank	1	Addition	Addition	2018-04-29T21:00:00Z	119	2018-04-30T17:00:00Z	120	Normal	120	normal	2018-04-30T18:00:00Z	120	0
1	NA	A	n	251	2018-06-06T00:00:00Z	one_or_more	5	7	NA	NA	NA	NA	NA	NA	NA	NA	NA	NA	NA	NA	NA	NA	NA	NA	NA	NA	1A	2018	blank	1	Addition	Addition	2018-04-29T21:00:00Z	119	2018-04-30T17:00:00Z	120	Normal	120	normal	2018-04-30T18:00:00Z	120	0
1	NA	A	n	252	2018-06-06T00:00:00Z	one_or_more	21	10	40	15	NA	NA	NA	NA	NA	NA	NA	NA	NA	NA	NA	NA	NA	NA	NA	NA	1A	2018	blank	2	Addition	Addition	2018-04-29T21:00:00Z	119	2018-04-30T17:00:00Z	120	Normal	120	normal	2018-04-30T18:00:00Z	120	0
1	NA	A	n	253	2018-06-06T00:00:00Z	one_or_more	4	4	30	9	NA	NA	NA	NA	NA	NA	NA	NA	NA	NA	NA	NA	NA	NA	NA	NA	1A	2018	blank	2	Addition	Addition	2018-04-29T21:00:00Z	119	2018-04-30T17:00:00Z	120	Normal	120	normal	2018-04-30T18:00:00Z	120	0
1	NA	A	n	254	2018-06-06T00:00:00Z	one_or_more	7	8	NA	NA	NA	NA	NA	NA	NA	NA	NA	NA	NA	NA	NA	NA	NA	NA	NA	NA	1A	2018	blank	1	Addition	Addition	2018-04-29T21:00:00Z	119	2018-04-30T17:00:00Z	120	Normal	120	normal	2018-04-30T18:00:00Z	120	0
1	NA	A	n	255	2018-06-06T00:00:00Z	one_or_more	22	20	NA	NA	NA	NA	NA	NA	NA	NA	NA	NA	NA	NA	NA	NA	NA	NA	NA	NA	1A	2018	blank	1	Addition	Addition	2018-04-29T21:00:00Z	119	2018-04-30T17:00:00Z	120	Normal	120	normal	2018-04-30T18:00:00Z	120	0
1	NA	A	n	256	2018-06-06T00:00:00Z	one_or_more	6	8	NA	NA	NA	NA	NA	NA	NA	NA	NA	NA	NA	NA	NA	NA	NA	NA	NA	NA	1A	2018	blank	1	Addition	Addition	2018-04-29T21:00:00Z	119	2018-04-30T17:00:00Z	120	Normal	120	normal	2018-04-30T18:00:00Z	120	0
1	NA	A	n	257	2018-06-06T00:00:00Z	one_or_more	13	11	NA	NA	NA	NA	NA	NA	NA	NA	NA	NA	NA	NA	NA	NA	NA	NA	NA	NA	1A	2018	blank	1	Addition	Addition	2018-04-29T21:00:00Z	119	2018-04-30T17:00:00Z	120	Normal	120	normal	2018-04-30T18:00:00Z	120	0
3	NA	C	n	122	2018-06-06T00:00:00Z	one_or_more	13	10	NA	NA	NA	NA	NA	NA	NA	NA	NA	NA	NA	NA	NA	NA	NA	NA	NA	NA	3C	2018	blank	1	Addition	Addition	2018-04-29T18:00:00Z	119	2018-04-29T22:00:00Z	119	Normal	120	normal	2018-04-30T18:00:00Z	120	0
3	NA	C	n	123	2018-06-06T00:00:00Z	one_or_more	7	14	NA	NA	NA	NA	NA	NA	NA	NA	NA	NA	NA	NA	NA	NA	NA	NA	NA	NA	3C	2018	blank	1	Addition	Addition	2018-04-29T18:00:00Z	119	2018-04-29T22:00:00Z	119	Normal	120	normal	2018-04-30T18:00:00Z	120	0
3	NA	C	n	124	2018-06-06T00:00:00Z	one_or_more	6	12	NA	NA	NA	NA	NA	NA	NA	NA	NA	NA	NA	NA	NA	NA	NA	NA	NA	NA	3C	2018	blank	1	Addition	Addition	2018-04-29T18:00:00Z	119	2018-04-29T22:00:00Z	119	Normal	120	normal	2018-04-30T18:00:00Z	120	0
3	NA	C	n	125	2018-06-06T00:00:00Z	one_or_more	3	6	NA	NA	NA	NA	NA	NA	NA	NA	NA	NA	NA	NA	NA	NA	NA	NA	NA	NA	3C	2018	blank	1	Addition	Addition	2018-04-29T18:00:00Z	119	2018-04-29T22:00:00Z	119	Normal	120	normal	2018-04-30T18:00:00Z	120	0
3	NA	C	n	126	2018-06-06T00:00:00Z	one_or_more	7	13	NA	NA	NA	NA	NA	NA	NA	NA	NA	NA	NA	NA	NA	NA	NA	NA	NA	NA	3C	2018	blank	1	Addition	Addition	2018-04-29T18:00:00Z	119	2018-04-29T22:00:00Z	119	Normal	120	normal	2018-04-30T18:00:00Z	120	0
3	NA	C	y	127	2018-06-06T00:00:00Z	one_or_more	34	14	NA	NA	NA	NA	NA	NA	NA	NA	NA	NA	NA	NA	NA	NA	NA	NA	NA	NA	3C	2018	blank	1	Addition	Addition	2018-04-29T18:00:00Z	119	2018-04-29T22:00:00Z	119	Normal	120	normal	2018-04-30T18:00:00Z	120	0
3	NA	C	n	128	2018-06-06T00:00:00Z	one_or_more	7	14	NA	NA	NA	NA	NA	NA	NA	NA	NA	NA	NA	NA	NA	NA	NA	NA	NA	NA	3C	2018	blank	1	Addition	Addition	2018-04-29T18:00:00Z	119	2018-04-29T22:00:00Z	119	Normal	120	normal	2018-04-30T18:00:00Z	120	0
3	NA	C	n	129	2018-06-06T00:00:00Z	one_or_more	7	15	NA	NA	NA	NA	NA	NA	NA	NA	NA	NA	NA	NA	NA	NA	NA	NA	NA	NA	3C	2018	blank	1	Addition	Addition	2018-04-29T18:00:00Z	119	2018-04-29T22:00:00Z	119	Normal	120	normal	2018-04-30T18:00:00Z	120	0
3	NA	C	n	130	2018-06-06T00:00:00Z	one_or_more	13	7	NA	NA	NA	NA	NA	NA	NA	NA	NA	NA	NA	NA	NA	NA	NA	NA	NA	NA	3C	2018	blank	1	Addition	Addition	2018-04-29T18:00:00Z	119	2018-04-29T22:00:00Z	119	Normal	120	normal	2018-04-30T18:00:00Z	120	0
3	NA	C	n	131	2018-06-06T00:00:00Z	one_or_more	39	11	NA	NA	NA	NA	NA	NA	NA	NA	NA	NA	NA	NA	NA	NA	NA	NA	NA	NA	3C	2018	blank	1	Addition	Addition	2018-04-29T18:00:00Z	119	2018-04-29T22:00:00Z	119	Normal	120	normal	2018-04-30T18:00:00Z	120	0
3	NA	C	y	132	2018-06-06T00:00:00Z	one_or_more	26	34	NA	NA	NA	NA	NA	NA	NA	NA	NA	NA	NA	NA	NA	NA	NA	NA	NA	NA	3C	2018	blank	1	Addition	Addition	2018-04-29T18:00:00Z	119	2018-04-29T22:00:00Z	119	Normal	120	normal	2018-04-30T18:00:00Z	120	0
3	NA	C	n	133	2018-06-06T00:00:00Z	one_or_more	39	14	NA	NA	NA	NA	NA	NA	NA	NA	NA	NA	NA	NA	NA	NA	NA	NA	NA	NA	3C	2018	blank	1	Addition	Addition	2018-04-29T18:00:00Z	119	2018-04-29T22:00:00Z	119	Normal	120	normal	2018-04-30T18:00:00Z	120	0
3	NA	C	n	134	2018-06-06T00:00:00Z	one_or_more	9	5	NA	NA	NA	NA	NA	NA	NA	NA	NA	NA	NA	NA	NA	NA	NA	NA	NA	NA	3C	2018	blank	1	Addition	Addition	2018-04-29T18:00:00Z	119	2018-04-29T22:00:00Z	119	Normal	120	normal	2018-04-30T18:00:00Z	120	0
3	NA	C	n	135	2018-06-06T00:00:00Z	one_or_more	37	17	NA	NA	NA	NA	NA	NA	NA	NA	NA	NA	NA	NA	NA	NA	NA	NA	NA	NA	3C	2018	blank	1	Addition	Addition	2018-04-29T18:00:00Z	119	2018-04-29T22:00:00Z	119	Normal	120	normal	2018-04-30T18:00:00Z	120	0
3	NA	C	n	136	2018-06-06T00:00:00Z	one_or_more	2	9	7	17	NA	NA	NA	NA	NA	NA	NA	NA	NA	NA	NA	NA	NA	NA	NA	NA	3C	2018	blank	2	Addition	Addition	2018-04-29T18:00:00Z	119	2018-04-29T22:00:00Z	119	Normal	120	normal	2018-04-30T18:00:00Z	120	0
3	NA	C	n	137	2018-06-06T00:00:00Z	one_or_more	31	8	35	7	NA	NA	NA	NA	NA	NA	NA	NA	NA	NA	NA	NA	NA	NA	NA	NA	3C	2018	blank	2	Addition	Addition	2018-04-29T18:00:00Z	119	2018-04-29T22:00:00Z	119	Normal	120	normal	2018-04-30T18:00:00Z	120	0
3	NA	C	n	138	2018-06-06T00:00:00Z	one_or_more	22	16	NA	NA	NA	NA	NA	NA	NA	NA	NA	NA	NA	NA	NA	NA	NA	NA	NA	NA	3C	2018	blank	1	Addition	Addition	2018-04-29T18:00:00Z	119	2018-04-29T22:00:00Z	119	Normal	120	normal	2018-04-30T18:00:00Z	120	0
3	NA	C	n	139	2018-06-06T00:00:00Z	one_or_more	39	15	NA	NA	NA	NA	NA	NA	NA	NA	NA	NA	NA	NA	NA	NA	NA	NA	NA	NA	3C	2018	blank	1	Addition	Addition	2018-04-29T18:00:00Z	119	2018-04-29T22:00:00Z	119	Normal	120	normal	2018-04-30T18:00:00Z	120	0
3	NA	C	n	140	2018-06-06T00:00:00Z	one_or_more	21	8	NA	NA	NA	NA	NA	NA	NA	NA	NA	NA	NA	NA	NA	NA	NA	NA	NA	NA	3C	2018	blank	1	Addition	Addition	2018-04-29T18:00:00Z	119	2018-04-29T22:00:00Z	119	Normal	120	normal	2018-04-30T18:00:00Z	120	0
3	NA	C	n	141	2018-06-06T00:00:00Z	one_or_more	22	17	NA	NA	NA	NA	NA	NA	NA	NA	NA	NA	NA	NA	NA	NA	NA	NA	NA	NA	3C	2018	blank	1	Addition	Addition	2018-04-29T18:00:00Z	119	2018-04-29T22:00:00Z	119	Normal	120	normal	2018-04-30T18:00:00Z	120	0
3	NA	C	n	142	2018-06-06T00:00:00Z	one_or_more	22	19	NA	NA	NA	NA	NA	NA	NA	NA	NA	NA	NA	NA	NA	NA	NA	NA	NA	NA	3C	2018	blank	1	Addition	Addition	2018-04-29T18:00:00Z	119	2018-04-29T22:00:00Z	119	Normal	120	normal	2018-04-30T18:00:00Z	120	0
3	NA	C	n	143	2018-06-06T00:00:00Z	one_or_more	10	7	NA	NA	NA	NA	NA	NA	NA	NA	NA	NA	NA	NA	NA	NA	NA	NA	NA	NA	3C	2018	blank	1	Addition	Addition	2018-04-29T18:00:00Z	119	2018-04-29T22:00:00Z	119	Normal	120	normal	2018-04-30T18:00:00Z	120	0
3	NA	C	n	144	2018-06-06T00:00:00Z	one_or_more	3	7	NA	NA	NA	NA	NA	NA	NA	NA	NA	NA	NA	NA	NA	NA	NA	NA	NA	NA	3C	2018	blank	1	Addition	Addition	2018-04-29T18:00:00Z	119	2018-04-29T22:00:00Z	119	Normal	120	normal	2018-04-30T18:00:00Z	120	0
3	missing	C	n	145	2018-06-06T00:00:00Z	one_or_more	NA	NA	NA	NA	NA	NA	NA	NA	NA	NA	NA	NA	NA	NA	NA	NA	NA	NA	NA	NA	3C	2018	blank	NA	Addition	Addition	2018-04-29T18:00:00Z	119	2018-04-29T22:00:00Z	119	Normal	120	normal	2018-04-30T18:00:00Z	120	0
3	NA	C	n	146	2018-06-06T00:00:00Z	one_or_more	23	14	NA	NA	NA	NA	NA	NA	NA	NA	NA	NA	NA	NA	NA	NA	NA	NA	NA	NA	3C	2018	blank	1	Addition	Addition	2018-04-29T18:00:00Z	119	2018-04-29T22:00:00Z	119	Normal	120	normal	2018-04-30T18:00:00Z	120	0
3	NA	C	y	147	2018-06-06T00:00:00Z	one_or_more	42	30	NA	NA	NA	NA	NA	NA	NA	NA	NA	NA	NA	NA	NA	NA	NA	NA	NA	NA	3C	2018	blank	1	Addition	Addition	2018-04-29T18:00:00Z	119	2018-04-29T22:00:00Z	119	Normal	120	normal	2018-04-30T18:00:00Z	120	0
3	NA	C	n	148	2018-06-06T00:00:00Z	one_or_more	31	15	NA	NA	NA	NA	NA	NA	NA	NA	NA	NA	NA	NA	NA	NA	NA	NA	NA	NA	3C	2018	blank	1	Addition	Addition	2018-04-29T18:00:00Z	119	2018-04-29T22:00:00Z	119	Normal	120	normal	2018-04-30T18:00:00Z	120	0
3	NA	C	n	149	2018-06-06T00:00:00Z	one_or_more	37	16	NA	NA	NA	NA	NA	NA	NA	NA	NA	NA	NA	NA	NA	NA	NA	NA	NA	NA	3C	2018	blank	1	Addition	Addition	2018-04-29T18:00:00Z	119	2018-04-29T22:00:00Z	119	Normal	120	normal	2018-04-30T18:00:00Z	120	0
3	missing	C	n	150	2018-06-06T00:00:00Z	one_or_more	NA	NA	NA	NA	NA	NA	NA	NA	NA	NA	NA	NA	NA	NA	NA	NA	NA	NA	NA	NA	3C	2018	blank	NA	Addition	Addition	2018-04-29T18:00:00Z	119	2018-04-29T22:00:00Z	119	Normal	120	normal	2018-04-30T18:00:00Z	120	0
3	NA	C	n	151	2018-06-06T00:00:00Z	one_or_more	27	15	NA	NA	NA	NA	NA	NA	NA	NA	NA	NA	NA	NA	NA	NA	NA	NA	NA	NA	3C	2018	blank	1	Addition	Addition	2018-04-29T18:00:00Z	119	2018-04-29T22:00:00Z	119	Normal	120	normal	2018-04-30T18:00:00Z	120	0
3	missing	C	n	152	2018-06-06T00:00:00Z	one_or_more	NA	NA	NA	NA	NA	NA	NA	NA	NA	NA	NA	NA	NA	NA	NA	NA	NA	NA	NA	NA	3C	2018	blank	NA	Addition	Addition	2018-04-29T18:00:00Z	119	2018-04-29T22:00:00Z	119	Normal	120	normal	2018-04-30T18:00:00Z	120	0
3	NA	C	n	153	2018-06-06T00:00:00Z	one_or_more	22	13	NA	NA	NA	NA	NA	NA	NA	NA	NA	NA	NA	NA	NA	NA	NA	NA	NA	NA	3C	2018	blank	1	Addition	Addition	2018-04-29T18:00:00Z	119	2018-04-29T22:00:00Z	119	Normal	120	normal	2018-04-30T18:00:00Z	120	0
3	NA	C	n	154	2018-06-06T00:00:00Z	one_or_more	11	8	NA	NA	NA	NA	NA	NA	NA	NA	NA	NA	NA	NA	NA	NA	NA	NA	NA	NA	3C	2018	blank	1	Addition	Addition	2018-04-29T18:00:00Z	119	2018-04-29T22:00:00Z	119	Normal	120	normal	2018-04-30T18:00:00Z	120	0
3	NA	C	n	155	2018-06-06T00:00:00Z	one_or_more	18	7	NA	NA	NA	NA	NA	NA	NA	NA	NA	NA	NA	NA	NA	NA	NA	NA	NA	NA	3C	2018	blank	1	Addition	Addition	2018-04-29T18:00:00Z	119	2018-04-29T22:00:00Z	119	Normal	120	normal	2018-04-30T18:00:00Z	120	0
3	NA	C	y	156	2018-06-06T00:00:00Z	one_or_more	31	25	NA	NA	NA	NA	NA	NA	NA	NA	NA	NA	NA	NA	NA	NA	NA	NA	NA	NA	3C	2018	blank	1	Addition	Addition	2018-04-29T18:00:00Z	119	2018-04-29T22:00:00Z	119	Normal	120	normal	2018-04-30T18:00:00Z	120	0
3	NA	C	n	157	2018-06-06T00:00:00Z	one_or_more	11	12	NA	NA	NA	NA	NA	NA	NA	NA	NA	NA	NA	NA	NA	NA	NA	NA	NA	NA	3C	2018	blank	1	Addition	Addition	2018-04-29T18:00:00Z	119	2018-04-29T22:00:00Z	119	Normal	120	normal	2018-04-30T18:00:00Z	120	0
3	NA	C	n	158	2018-06-06T00:00:00Z	one_or_more	28	6	39	5	NA	NA	NA	NA	NA	NA	NA	NA	NA	NA	NA	NA	NA	NA	NA	NA	3C	2018	blank	2	Addition	Addition	2018-04-29T18:00:00Z	119	2018-04-29T22:00:00Z	119	Normal	120	normal	2018-04-30T18:00:00Z	120	0
3	NA	C	n	159	2018-06-06T00:00:00Z	one_or_more	11	7	NA	NA	NA	NA	NA	NA	NA	NA	NA	NA	NA	NA	NA	NA	NA	NA	NA	NA	3C	2018	blank	1	Addition	Addition	2018-04-29T18:00:00Z	119	2018-04-29T22:00:00Z	119	Normal	120	normal	2018-04-30T18:00:00Z	120	0
3	NA	C	n	160	2018-06-06T00:00:00Z	one_or_more	5	6	NA	NA	NA	NA	NA	NA	NA	NA	NA	NA	NA	NA	NA	NA	NA	NA	NA	NA	3C	2018	blank	1	Addition	Addition	2018-04-29T18:00:00Z	119	2018-04-29T22:00:00Z	119	Normal	120	normal	2018-04-30T18:00:00Z	120	0
3	NA	C	n	161	2018-06-06T00:00:00Z	one_or_more	31	8	NA	NA	NA	NA	NA	NA	NA	NA	NA	NA	NA	NA	NA	NA	NA	NA	NA	NA	3C	2018	blank	1	Addition	Addition	2018-04-29T18:00:00Z	119	2018-04-29T22:00:00Z	119	Normal	120	normal	2018-04-30T18:00:00Z	120	0
3	NA	C	n	162	2018-06-06T00:00:00Z	one_or_more	13	11	NA	NA	NA	NA	NA	NA	NA	NA	NA	NA	NA	NA	NA	NA	NA	NA	NA	NA	3C	2018	blank	1	Addition	Addition	2018-04-29T18:00:00Z	119	2018-04-29T22:00:00Z	119	Normal	120	normal	2018-04-30T18:00:00Z	120	0
3	NA	C	y	163	2018-06-06T00:00:00Z	one_or_more	43	24	NA	NA	NA	NA	NA	NA	NA	NA	NA	NA	NA	NA	NA	NA	NA	NA	NA	NA	3C	2018	blank	1	Addition	Addition	2018-04-29T18:00:00Z	119	2018-04-29T22:00:00Z	119	Normal	120	normal	2018-04-30T18:00:00Z	120	0
3	NA	C	n	164	2018-06-06T00:00:00Z	one_or_more	13	11	NA	NA	NA	NA	NA	NA	NA	NA	NA	NA	NA	NA	NA	NA	NA	NA	NA	NA	3C	2018	blank	1	Addition	Addition	2018-04-29T18:00:00Z	119	2018-04-29T22:00:00Z	119	Normal	120	normal	2018-04-30T18:00:00Z	120	0
3	NA	C	n	165	2018-06-06T00:00:00Z	one_or_more	37	15	NA	NA	NA	NA	NA	NA	NA	NA	NA	NA	NA	NA	NA	NA	NA	NA	NA	NA	3C	2018	blank	1	Addition	Addition	2018-04-29T18:00:00Z	119	2018-04-29T22:00:00Z	119	Normal	120	normal	2018-04-30T18:00:00Z	120	0
3	NA	C	n	166	2018-06-06T00:00:00Z	one_or_more	21	12	NA	NA	NA	NA	NA	NA	NA	NA	NA	NA	NA	NA	NA	NA	NA	NA	NA	NA	3C	2018	blank	1	Addition	Addition	2018-04-29T18:00:00Z	119	2018-04-29T22:00:00Z	119	Normal	120	normal	2018-04-30T18:00:00Z	120	0
3	NA	C	n	167	2018-06-06T00:00:00Z	one_or_more	27	15	NA	NA	NA	NA	NA	NA	NA	NA	NA	NA	NA	NA	NA	NA	NA	NA	NA	NA	3C	2018	blank	1	Addition	Addition	2018-04-29T18:00:00Z	119	2018-04-29T22:00:00Z	119	Normal	120	normal	2018-04-30T18:00:00Z	120	0
3	NA	C	y	168	2018-06-06T00:00:00Z	one_or_more	11	9	32	11	NA	NA	NA	NA	NA	NA	NA	NA	NA	NA	NA	NA	NA	NA	NA	NA	3C	2018	blank	2	Addition	Addition	2018-04-29T18:00:00Z	119	2018-04-29T22:00:00Z	119	Normal	120	normal	2018-04-30T18:00:00Z	120	0
3	NA	C	n	169	2018-06-06T00:00:00Z	one_or_more	7	15	NA	NA	NA	NA	NA	NA	NA	NA	NA	NA	NA	NA	NA	NA	NA	NA	NA	NA	3C	2018	blank	1	Addition	Addition	2018-04-29T18:00:00Z	119	2018-04-29T22:00:00Z	119	Normal	120	normal	2018-04-30T18:00:00Z	120	0
3	NA	C	n	170	2018-06-06T00:00:00Z	one_or_more	29	20	NA	NA	NA	NA	NA	NA	NA	NA	NA	NA	NA	NA	NA	NA	NA	NA	NA	NA	3C	2018	blank	1	Addition	Addition	2018-04-29T18:00:00Z	119	2018-04-29T22:00:00Z	119	Normal	120	normal	2018-04-30T18:00:00Z	120	0
3	NA	C	y	171	2018-06-06T00:00:00Z	one_or_more	21	25	NA	NA	NA	NA	NA	NA	NA	NA	NA	NA	NA	NA	NA	NA	NA	NA	NA	NA	3C	2018	blank	1	Addition	Addition	2018-04-29T18:00:00Z	119	2018-04-29T22:00:00Z	119	Normal	120	normal	2018-04-30T18:00:00Z	120	0
3	NA	C	n	172	2018-06-06T00:00:00Z	one_or_more	11	14	NA	NA	NA	NA	NA	NA	NA	NA	NA	NA	NA	NA	NA	NA	NA	NA	NA	NA	3C	2018	blank	1	Addition	Addition	2018-04-29T18:00:00Z	119	2018-04-29T22:00:00Z	119	Normal	120	normal	2018-04-30T18:00:00Z	120	0
3	NA	C	n	173	2018-06-06T00:00:00Z	one_or_more	29	22	NA	NA	NA	NA	NA	NA	NA	NA	NA	NA	NA	NA	NA	NA	NA	NA	NA	NA	3C	2018	blank	1	Addition	Addition	2018-04-29T18:00:00Z	119	2018-04-29T22:00:00Z	119	Normal	120	normal	2018-04-30T18:00:00Z	120	0
3	NA	C	n	174	2018-06-06T00:00:00Z	one_or_more	21	13	NA	NA	NA	NA	NA	NA	NA	NA	NA	NA	NA	NA	NA	NA	NA	NA	NA	NA	3C	2018	blank	1	Addition	Addition	2018-04-29T18:00:00Z	119	2018-04-29T22:00:00Z	119	Normal	120	normal	2018-04-30T18:00:00Z	120	0
3	NA	C	n	175	2018-06-06T00:00:00Z	one_or_more	33	12	20	33	NA	NA	NA	NA	NA	NA	NA	NA	NA	NA	NA	NA	NA	NA	NA	NA	3C	2018	blank	2	Addition	Addition	2018-04-29T18:00:00Z	119	2018-04-29T22:00:00Z	119	Normal	120	normal	2018-04-30T18:00:00Z	120	0
3	NA	C	n	176	2018-06-06T00:00:00Z	one_or_more	22	6	NA	NA	NA	NA	NA	NA	NA	NA	NA	NA	NA	NA	NA	NA	NA	NA	NA	NA	3C	2018	blank	1	Addition	Addition	2018-04-29T18:00:00Z	119	2018-04-29T22:00:00Z	119	Normal	120	normal	2018-04-30T18:00:00Z	120	0
3	NA	C	n	177	2018-06-06T00:00:00Z	one_or_more	27	15	NA	NA	NA	NA	NA	NA	NA	NA	NA	NA	NA	NA	NA	NA	NA	NA	NA	NA	3C	2018	blank	1	Addition	Addition	2018-04-29T18:00:00Z	119	2018-04-29T22:00:00Z	119	Normal	120	normal	2018-04-30T18:00:00Z	120	0
3	NA	C	n	178	2018-06-06T00:00:00Z	one_or_more	15	10	NA	NA	NA	NA	NA	NA	NA	NA	NA	NA	NA	NA	NA	NA	NA	NA	NA	NA	3C	2018	blank	1	Addition	Addition	2018-04-29T18:00:00Z	119	2018-04-29T22:00:00Z	119	Normal	120	normal	2018-04-30T18:00:00Z	120	0
3	NA	C	n	179	2018-06-06T00:00:00Z	one_or_more	21	7	NA	NA	NA	NA	NA	NA	NA	NA	NA	NA	NA	NA	NA	NA	NA	NA	NA	NA	3C	2018	blank	1	Addition	Addition	2018-04-29T18:00:00Z	119	2018-04-29T22:00:00Z	119	Normal	120	normal	2018-04-30T18:00:00Z	120	0
3	NA	C	n	180	2018-06-06T00:00:00Z	one_or_more	9	9	NA	NA	NA	NA	NA	NA	NA	NA	NA	NA	NA	NA	NA	NA	NA	NA	NA	NA	3C	2018	blank	1	Addition	Addition	2018-04-29T18:00:00Z	119	2018-04-29T22:00:00Z	119	Normal	120	normal	2018-04-30T18:00:00Z	120	0
3	NA	C	n	181	2018-06-06T00:00:00Z	one_or_more	21	11	NA	NA	NA	NA	NA	NA	NA	NA	NA	NA	NA	NA	NA	NA	NA	NA	NA	NA	3C	2018	blank	1	Addition	Addition	2018-04-29T18:00:00Z	119	2018-04-29T22:00:00Z	119	Normal	120	normal	2018-04-30T18:00:00Z	120	0
3	NA	C	n	182	2018-06-06T00:00:00Z	one_or_more	11	13	NA	NA	NA	NA	NA	NA	NA	NA	NA	NA	NA	NA	NA	NA	NA	NA	NA	NA	3C	2018	blank	1	Addition	Addition	2018-04-29T18:00:00Z	119	2018-04-29T22:00:00Z	119	Normal	120	normal	2018-04-30T18:00:00Z	120	0
5	NA	A	n	171	2018-06-06T00:00:00Z	one_or_more	25	8	NA	NA	NA	NA	NA	NA	NA	NA	NA	NA	NA	NA	NA	NA	NA	NA	NA	NA	5A	2018	blank	1	Addition	Addition	2018-04-24T19:00:00Z	114	2018-04-25T15:00:00Z	115	Early	115	early	2018-04-25T18:00:00Z	120	-5
5	NA	A	n	172	2018-06-06T00:00:00Z	one_or_more	3	6	NA	NA	NA	NA	NA	NA	NA	NA	NA	NA	NA	NA	NA	NA	NA	NA	NA	NA	5A	2018	blank	1	Addition	Addition	2018-04-24T19:00:00Z	114	2018-04-25T15:00:00Z	115	Early	115	early	2018-04-25T18:00:00Z	120	-5
5	NA	A	n	173	2018-06-06T00:00:00Z	one_or_more	42	20	NA	NA	NA	NA	NA	NA	NA	NA	NA	NA	NA	NA	NA	NA	NA	NA	NA	NA	5A	2018	blank	1	Addition	Addition	2018-04-24T19:00:00Z	114	2018-04-25T15:00:00Z	115	Early	115	early	2018-04-25T18:00:00Z	120	-5
5	NA	A	n	174	2018-06-06T00:00:00Z	one_or_more	7	11	NA	NA	NA	NA	NA	NA	NA	NA	NA	NA	NA	NA	NA	NA	NA	NA	NA	NA	5A	2018	blank	1	Addition	Addition	2018-04-24T19:00:00Z	114	2018-04-25T15:00:00Z	115	Early	115	early	2018-04-25T18:00:00Z	120	-5
5	NA	A	y	175	2018-06-06T00:00:00Z	one_or_more	27	18	NA	NA	NA	NA	NA	NA	NA	NA	NA	NA	NA	NA	NA	NA	NA	NA	NA	NA	5A	2018	blank	1	Addition	Addition	2018-04-24T19:00:00Z	114	2018-04-25T15:00:00Z	115	Early	115	early	2018-04-25T18:00:00Z	120	-5
5	more rosettes?	A	y	176	2018-06-06T00:00:00Z	one_or_more	43	15	NA	NA	NA	NA	NA	NA	NA	NA	NA	NA	NA	NA	NA	NA	NA	NA	NA	NA	5A	2018	blank	1	Addition	Addition	2018-04-24T19:00:00Z	114	2018-04-25T15:00:00Z	115	Early	115	early	2018-04-25T18:00:00Z	120	-5
5	NA	A	n	177	2018-06-06T00:00:00Z	one_or_more	19	11	NA	NA	NA	NA	NA	NA	NA	NA	NA	NA	NA	NA	NA	NA	NA	NA	NA	NA	5A	2018	blank	1	Addition	Addition	2018-04-24T19:00:00Z	114	2018-04-25T15:00:00Z	115	Early	115	early	2018-04-25T18:00:00Z	120	-5
5	NA	A	n	178	2018-06-06T00:00:00Z	one_or_more	5	8	NA	NA	NA	NA	NA	NA	NA	NA	NA	NA	NA	NA	NA	NA	NA	NA	NA	NA	5A	2018	blank	1	Addition	Addition	2018-04-24T19:00:00Z	114	2018-04-25T15:00:00Z	115	Early	115	early	2018-04-25T18:00:00Z	120	-5
5	NA	A	n	179	2018-06-06T00:00:00Z	one_or_more	13	17	NA	NA	NA	NA	NA	NA	NA	NA	NA	NA	NA	NA	NA	NA	NA	NA	NA	NA	5A	2018	blank	1	Addition	Addition	2018-04-24T19:00:00Z	114	2018-04-25T15:00:00Z	115	Early	115	early	2018-04-25T18:00:00Z	120	-5
5	NA	A	y	180	2018-06-06T00:00:00Z	one_or_more	31	14	NA	NA	NA	NA	NA	NA	NA	NA	NA	NA	NA	NA	NA	NA	NA	NA	NA	NA	5A	2018	blank	1	Addition	Addition	2018-04-24T19:00:00Z	114	2018-04-25T15:00:00Z	115	Early	115	early	2018-04-25T18:00:00Z	120	-5
5	NA	A	y	181	2018-06-06T00:00:00Z	one_or_more	22	17	17	12	6	9	12	6	NA	NA	NA	NA	NA	NA	NA	NA	NA	NA	NA	NA	5A	2018	blank	4	Addition	Addition	2018-04-24T19:00:00Z	114	2018-04-25T15:00:00Z	115	Early	115	early	2018-04-25T18:00:00Z	120	-5
5	NA	A	y	182	2018-06-06T00:00:00Z	one_or_more	30	22	NA	NA	NA	NA	NA	NA	NA	NA	NA	NA	NA	NA	NA	NA	NA	NA	NA	NA	5A	2018	blank	1	Addition	Addition	2018-04-24T19:00:00Z	114	2018-04-25T15:00:00Z	115	Early	115	early	2018-04-25T18:00:00Z	120	-5
5	missing	A	n	183	2018-06-06T00:00:00Z	one_or_more	NA	NA	NA	NA	NA	NA	NA	NA	NA	NA	NA	NA	NA	NA	NA	NA	NA	NA	NA	NA	5A	2018	blank	NA	Addition	Addition	2018-04-24T19:00:00Z	114	2018-04-25T15:00:00Z	115	Early	115	early	2018-04-25T18:00:00Z	120	-5
5	NA	A	n	184	2018-06-06T00:00:00Z	one_or_more	3	7	8	4	NA	NA	NA	NA	NA	NA	NA	NA	NA	NA	NA	NA	NA	NA	NA	NA	5A	2018	blank	2	Addition	Addition	2018-04-24T19:00:00Z	114	2018-04-25T15:00:00Z	115	Early	115	early	2018-04-25T18:00:00Z	120	-5
5	NA	A	n	185	2018-06-06T00:00:00Z	one_or_more	20	11	NA	NA	NA	NA	NA	NA	NA	NA	NA	NA	NA	NA	NA	NA	NA	NA	NA	NA	5A	2018	blank	1	Addition	Addition	2018-04-24T19:00:00Z	114	2018-04-25T15:00:00Z	115	Early	115	early	2018-04-25T18:00:00Z	120	-5
5	NA	A	n	186	2018-06-06T00:00:00Z	one_or_more	35	17	NA	NA	NA	NA	NA	NA	NA	NA	NA	NA	NA	NA	NA	NA	NA	NA	NA	NA	5A	2018	blank	1	Addition	Addition	2018-04-24T19:00:00Z	114	2018-04-25T15:00:00Z	115	Early	115	early	2018-04-25T18:00:00Z	120	-5
5	NA	A	n	187	2018-06-06T00:00:00Z	one_or_more	7	5	NA	NA	NA	NA	NA	NA	NA	NA	NA	NA	NA	NA	NA	NA	NA	NA	NA	NA	5A	2018	blank	1	Addition	Addition	2018-04-24T19:00:00Z	114	2018-04-25T15:00:00Z	115	Early	115	early	2018-04-25T18:00:00Z	120	-5
5	NA	A	n	188	2018-06-06T00:00:00Z	one_or_more	17	8	NA	NA	NA	NA	NA	NA	NA	NA	NA	NA	NA	NA	NA	NA	NA	NA	NA	NA	5A	2018	blank	1	Addition	Addition	2018-04-24T19:00:00Z	114	2018-04-25T15:00:00Z	115	Early	115	early	2018-04-25T18:00:00Z	120	-5
5	NA	A	y	189	2018-06-06T00:00:00Z	one_or_more	25	18	NA	NA	NA	NA	NA	NA	NA	NA	NA	NA	NA	NA	NA	NA	NA	NA	NA	NA	5A	2018	blank	1	Addition	Addition	2018-04-24T19:00:00Z	114	2018-04-25T15:00:00Z	115	Early	115	early	2018-04-25T18:00:00Z	120	-5
5	NA	A	n	190	2018-06-06T00:00:00Z	one_or_more	13	14	NA	NA	NA	NA	NA	NA	NA	NA	NA	NA	NA	NA	NA	NA	NA	NA	NA	NA	5A	2018	blank	1	Addition	Addition	2018-04-24T19:00:00Z	114	2018-04-25T15:00:00Z	115	Early	115	early	2018-04-25T18:00:00Z	120	-5
5	NA	A	n	191	2018-06-06T00:00:00Z	one_or_more	15	8	18	15	NA	NA	NA	NA	NA	NA	NA	NA	NA	NA	NA	NA	NA	NA	NA	NA	5A	2018	blank	2	Addition	Addition	2018-04-24T19:00:00Z	114	2018-04-25T15:00:00Z	115	Early	115	early	2018-04-25T18:00:00Z	120	-5
5	NA	A	n	192	2018-06-06T00:00:00Z	one_or_more	22	7	NA	NA	NA	NA	NA	NA	NA	NA	NA	NA	NA	NA	NA	NA	NA	NA	NA	NA	5A	2018	blank	1	Addition	Addition	2018-04-24T19:00:00Z	114	2018-04-25T15:00:00Z	115	Early	115	early	2018-04-25T18:00:00Z	120	-5
5	NA	A	n	193	2018-06-06T00:00:00Z	one_or_more	33	11	NA	NA	NA	NA	NA	NA	NA	NA	NA	NA	NA	NA	NA	NA	NA	NA	NA	NA	5A	2018	blank	1	Addition	Addition	2018-04-24T19:00:00Z	114	2018-04-25T15:00:00Z	115	Early	115	early	2018-04-25T18:00:00Z	120	-5
5	NA	A	y	194	2018-06-06T00:00:00Z	one_or_more	40	8	22	8	35	5	NA	NA	NA	NA	NA	NA	NA	NA	NA	NA	NA	NA	NA	NA	5A	2018	blank	3	Addition	Addition	2018-04-24T19:00:00Z	114	2018-04-25T15:00:00Z	115	Early	115	early	2018-04-25T18:00:00Z	120	-5
5	NA	A	n	195	2018-06-06T00:00:00Z	one_or_more	32	10	NA	NA	NA	NA	NA	NA	NA	NA	NA	NA	NA	NA	NA	NA	NA	NA	NA	NA	5A	2018	blank	1	Addition	Addition	2018-04-24T19:00:00Z	114	2018-04-25T15:00:00Z	115	Early	115	early	2018-04-25T18:00:00Z	120	-5
5	NA	A	n	196	2018-06-06T00:00:00Z	one_or_more	23	11	NA	NA	NA	NA	NA	NA	NA	NA	NA	NA	NA	NA	NA	NA	NA	NA	NA	NA	5A	2018	blank	1	Addition	Addition	2018-04-24T19:00:00Z	114	2018-04-25T15:00:00Z	115	Early	115	early	2018-04-25T18:00:00Z	120	-5
5	NA	A	n	197	2018-06-06T00:00:00Z	one_or_more	16	14	NA	NA	NA	NA	NA	NA	NA	NA	NA	NA	NA	NA	NA	NA	NA	NA	NA	NA	5A	2018	blank	1	Addition	Addition	2018-04-24T19:00:00Z	114	2018-04-25T15:00:00Z	115	Early	115	early	2018-04-25T18:00:00Z	120	-5
5	NA	A	n	198	2018-06-06T00:00:00Z	one_or_more	75	15	NA	NA	NA	NA	NA	NA	NA	NA	NA	NA	NA	NA	NA	NA	NA	NA	NA	NA	5A	2018	blank	1	Addition	Addition	2018-04-24T19:00:00Z	114	2018-04-25T15:00:00Z	115	Early	115	early	2018-04-25T18:00:00Z	120	-5
5	NA	A	n	199	2018-06-06T00:00:00Z	one_or_more	4	8	NA	NA	NA	NA	NA	NA	NA	NA	NA	NA	NA	NA	NA	NA	NA	NA	NA	NA	5A	2018	blank	1	Addition	Addition	2018-04-24T19:00:00Z	114	2018-04-25T15:00:00Z	115	Early	115	early	2018-04-25T18:00:00Z	120	-5
5	NA	A	n	200	2018-06-06T00:00:00Z	one_or_more	23	15	NA	NA	NA	NA	NA	NA	NA	NA	NA	NA	NA	NA	NA	NA	NA	NA	NA	NA	5A	2018	blank	1	Addition	Addition	2018-04-24T19:00:00Z	114	2018-04-25T15:00:00Z	115	Early	115	early	2018-04-25T18:00:00Z	120	-5
