plantid	cen181920	size20	notes1818r2_19_20chk1920	data_entry	scribe	observer	date	other_notes	stalks	status	n_rosettes	r1_longest	r1_leaves	r2_longest	r2_leaves	r3_longest	r3_leaves	r4_longest	r4_leaves	r5_longest	r5_leaves	r6_longest	r6_leaves	r7_longest	r7_leaves	plot	subplot	plotid	plant	year	water	snow	plot_x	plot_y	subplot_x	subplot_y	water4
1A221	V | V | V	1,13,51	,|below left in grass|,	JP	DH	JP	2021-06-16T00:00:00Z	NA	NA	tagnf	NA	NA	NA	NA	NA	NA	NA	NA	NA	NA	NA	NA	NA	NA	NA	1	A	1A	221	2021	Addition	Normal	0	0	-1	1	Addition
1A222	V | V |DNF	0,,	,|chewed, ts|,chew death	JP	DH	JP	2021-06-16T00:00:00Z	NA	NA	tagnf	NA	NA	NA	NA	NA	NA	NA	NA	NA	NA	NA	NA	NA	NA	NA	1	A	1A	222	2021	Addition	Normal	0	0	-1	1	Addition
1A223	V | V |DNF	0,,	,|chewed, ts|,chew death	JP	DH	JP	2021-06-16T00:00:00Z	NA	NA	dead_nf	NA	NA	NA	NA	NA	NA	NA	NA	NA	NA	NA	NA	NA	NA	NA	1	A	1A	223	2021	Addition	Normal	0	0	-1	1	Addition
1A225	V | V | V	1,26,46	,|below right|,	JP	DH	JP	2021-06-16T00:00:00Z	NA	NA	vegetative	1	52	26	NA	NA	NA	NA	NA	NA	NA	NA	NA	NA	NA	NA	1	A	1A	225	2021	Addition	Normal	0	0	-1	1	Addition
1A226	V |DNF|DNF	0,,	,|dead|,	JP	DH	JP	2021-06-16T00:00:00Z	NA	NA	dead_nf	NA	NA	NA	NA	NA	NA	NA	NA	NA	NA	NA	NA	NA	NA	NA	1	A	1A	226	2021	Addition	Normal	0	0	-1	1	Addition
1A227	V | V | V	1,7,29	,||,	JP	DH	JP	2021-06-16T00:00:00Z	NA	NA	vegetative	1	34	14	NA	NA	NA	NA	NA	NA	NA	NA	NA	NA	NA	NA	1	A	1A	227	2021	Addition	Normal	0	0	-1	1	Addition
1A228	V | V | V	1,10,32	,||,	JP	DH	JP	2021-06-16T00:00:00Z	NA	NA	vegetative	1	32	13	NA	NA	NA	NA	NA	NA	NA	NA	NA	NA	NA	NA	1	A	1A	228	2021	Addition	Normal	0	0	-1	1	Addition
1A229	V | V |DNF	0,,	,||,died and nf?	JP	DH	JP	2021-06-16T00:00:00Z	chewed last year. says 3 maybe more rosettes, changed to 4	NA	vegetative	4	30	7	25	8	28	6	20	7	NA	NA	NA	NA	NA	NA	1	A	1A	229	2021	Addition	Normal	0	0	-1	1	Addition
1A230	V | V | F	,,	,||,	JP	DH	JP	2021-06-16T00:00:00Z	NA	NA	tagnf	NA	NA	NA	NA	NA	NA	NA	NA	NA	NA	NA	NA	NA	NA	NA	1	A	1A	230	2021	Addition	Normal	0	0	-1	1	Addition
1A231	V | V | F	2,,	,|chewed,ts|,regrew?	JP	DH	JP	2021-06-16T00:00:00Z	NA	1	flowering	1	NA	NA	NA	NA	NA	NA	NA	NA	NA	NA	NA	NA	NA	NA	1	A	1A	231	2021	Addition	Normal	0	0	-1	1	Addition
1A232	F |DNF|DNF	0,,	,|dead|,	JP	DH	JP	2021-06-16T00:00:00Z	NA	NA	dead_nf	NA	NA	NA	NA	NA	NA	NA	NA	NA	NA	NA	NA	NA	NA	NA	1	A	1A	232	2021	Addition	Normal	0	0	-1	1	Addition
1A233	V | V | F	2,,	missing,|tagnf|,	JP	DH	JP	2021-06-16T00:00:00Z	NA	NA	tagnf	NA	NA	NA	NA	NA	NA	NA	NA	NA	NA	NA	NA	NA	NA	NA	1	A	1A	233	2021	Addition	Normal	0	0	-1	1	Addition
1A234	F |DNF|DNF	0,,	broken,|dead|,	JP	DH	JP	2021-06-16T00:00:00Z	NA	NA	dead_nf	NA	NA	NA	NA	NA	NA	NA	NA	NA	NA	NA	NA	NA	NA	NA	1	A	1A	234	2021	Addition	Normal	0	0	-1	1	Addition
1A235	V | V | F	,,	missing,|below right|,	JP	DH	JP	2021-06-16T00:00:00Z	NA	NA	dead_nf	NA	NA	NA	NA	NA	NA	NA	NA	NA	NA	NA	NA	NA	NA	NA	1	A	1A	235	2021	Addition	Normal	0	0	-1	1	Addition
1A236	V | F |DNF	0,,	,||,	JP	DH	JP	2021-06-16T00:00:00Z	NA	NA	tagnf	NA	NA	NA	NA	NA	NA	NA	NA	NA	NA	NA	NA	NA	NA	NA	1	A	1A	236	2021	Addition	Normal	0	0	-1	1	Addition
1A237	V | V |DNF	0,,	,||,died and nf?	JP	DH	JP	2021-06-16T00:00:00Z	NA	NA	dead_nf	NA	NA	NA	NA	NA	NA	NA	NA	NA	NA	NA	NA	NA	NA	NA	1	A	1A	237	2021	Addition	Normal	0	0	-1	1	Addition
1A238	F |DNF|DNF	0,,	,|dead|,	JP	DH	JP	2021-06-16T00:00:00Z	NA	NA	dead_nf	NA	NA	NA	NA	NA	NA	NA	NA	NA	NA	NA	NA	NA	NA	NA	1	A	1A	238	2021	Addition	Normal	0	0	-1	1	Addition
1A239	V | F |DNF	0,,	,||,	JP	DH	JP	2021-06-16T00:00:00Z	NA	NA	dead_nf	NA	NA	NA	NA	NA	NA	NA	NA	NA	NA	NA	NA	NA	NA	NA	1	A	1A	239	2021	Addition	Normal	0	0	-1	1	Addition
1A240	V | V | F	,,	,||,	JP	DH	JP	2021-06-16T00:00:00Z	NA	NA	tagnf	NA	NA	NA	NA	NA	NA	NA	NA	NA	NA	NA	NA	NA	NA	NA	1	A	1A	240	2021	Addition	Normal	0	0	-1	1	Addition
1A241	V | V |DNF	0,,	,||,	JP	DH	JP	2021-06-16T00:00:00Z	NA	NA	tagnf	NA	NA	NA	NA	NA	NA	NA	NA	NA	NA	NA	NA	NA	NA	NA	1	A	1A	241	2021	Addition	Normal	0	0	-1	1	Addition
1A242	V | V |DNF	0,,	,||,	JP	DH	JP	2021-06-16T00:00:00Z	NA	NA	dead_nf	NA	NA	NA	NA	NA	NA	NA	NA	NA	NA	NA	NA	NA	NA	NA	1	A	1A	242	2021	Addition	Normal	0	0	-1	1	Addition
1A243	V | V | F	3,,	might have 4,||,	JP	DH	JP	2021-06-16T00:00:00Z	NA	NA	dead_nf	NA	NA	NA	NA	NA	NA	NA	NA	NA	NA	NA	NA	NA	NA	NA	1	A	1A	243	2021	Addition	Normal	0	0	-1	1	Addition
1A244	V | V | F	,,	might have 4 rosettes,|directly above tag|,check tag #	JP	DH	JP	2021-06-16T00:00:00Z	NA	1	flowering	7	NA	NA	NA	NA	NA	NA	NA	NA	NA	NA	NA	NA	NA	NA	1	A	1A	244	2021	Addition	Normal	0	0	-1	1	Addition
1A245	V | V | V	1,17,44	,||,	JP	DH	JP	2021-06-16T00:00:00Z	NA	NA	vegetative	1	53	24	NA	NA	NA	NA	NA	NA	NA	NA	NA	NA	NA	NA	1	A	1A	245	2021	Addition	Normal	0	0	-1	1	Addition
1A246	V | F | F	1,,	,||,flowered twice?	JP	DH	JP	2021-06-16T00:00:00Z	two duplicate 246 tags, other one NF	NA	dead_nf	NA	NA	NA	NA	NA	NA	NA	NA	NA	NA	NA	NA	NA	NA	NA	1	A	1A	246	2021	Addition	Normal	0	0	-1	1	Addition
1A247	NA | V |NA	,,	,|ts|,	JP	DH	JP	2021-06-16T00:00:00Z	NA	NA	tagnf	NA	NA	NA	NA	NA	NA	NA	NA	NA	NA	NA	NA	NA	NA	NA	1	A	1A	247	2021	Addition	Normal	0	0	-1	1	Addition
1A248	V |DNF|DNF	,,	,|dead|,	JP	DH	JP	2021-06-16T00:00:00Z	NA	NA	tagnf	NA	NA	NA	NA	NA	NA	NA	NA	NA	NA	NA	NA	NA	NA	NA	1	A	1A	248	2021	Addition	Normal	0	0	-1	1	Addition
1A249	V | V | V	1,11,46	,|eaten|,fixed 2019 (1B->1A)	JP	DH	JP	2021-06-16T00:00:00Z	NA	NA	vegetative	3	29	10	41	6	39	10	NA	NA	NA	NA	NA	NA	NA	NA	1	A	1A	249	2021	Addition	Normal	0	0	-1	1	Addition
1A250	V | V | F	2,,	,||,check tag #	JP	DH	JP	2021-06-16T00:00:00Z	NA	NA	dead_nf	NA	NA	NA	NA	NA	NA	NA	NA	NA	NA	NA	NA	NA	NA	NA	1	A	1A	250	2021	Addition	Normal	0	0	-1	1	Addition
1A251	V | V | F	1,,	,|below & left of tag|,	JP	DH	JP	2021-06-16T00:00:00Z	NA	NA	vegetative	1	51	20	NA	NA	NA	NA	NA	NA	NA	NA	NA	NA	NA	NA	1	A	1A	251	2021	Addition	Normal	0	0	-1	1	Addition
1A252	NA | V |NA	,,	,||,	JP	DH	JP	2021-06-16T00:00:00Z	NA	NA	dead_nf	NA	NA	NA	NA	NA	NA	NA	NA	NA	NA	NA	NA	NA	NA	NA	1	A	1A	252	2021	Addition	Normal	0	0	-1	1	Addition
1A253	F |DNF|DNF	0,,	,|dead|,fixed 2019 (1B->1A)	JP	DH	JP	2021-06-16T00:00:00Z	NA	NA	dead_nf	NA	NA	NA	NA	NA	NA	NA	NA	NA	NA	NA	NA	NA	NA	NA	1	A	1A	253	2021	Addition	Normal	0	0	-1	1	Addition
1A254	V |DNF|DNF	0,,	,|nf|,fixed 2019 (1B->1A)	JP	DH	JP	2021-06-16T00:00:00Z	NA	NA	dead_nf	NA	NA	NA	NA	NA	NA	NA	NA	NA	NA	NA	NA	NA	NA	NA	1	A	1A	254	2021	Addition	Normal	0	0	-1	1	Addition
1A255	V | V | F	2,,	,|eaten|,fixed 2019 (1B->1A)	JP	DH	JP	2021-06-16T00:00:00Z	NA	NA	vegetative	1	10	7	NA	NA	NA	NA	NA	NA	NA	NA	NA	NA	NA	NA	1	A	1A	255	2021	Addition	Normal	0	0	-1	1	Addition
1A256	V |DNF|DNF	0,,	,|nf|,fixed 2019 (1B->1A)	JP	DH	JP	2021-06-16T00:00:00Z	NA	NA	dead_nf	NA	NA	NA	NA	NA	NA	NA	NA	NA	NA	NA	NA	NA	NA	NA	1	A	1A	256	2021	Addition	Normal	0	0	-1	1	Addition
1A257	V | V | F	2,,	,||,	JP	DH	JP	2021-06-16T00:00:00Z	NA	NA	tagnf	NA	NA	NA	NA	NA	NA	NA	NA	NA	NA	NA	NA	NA	NA	NA	1	A	1A	257	2021	Addition	Normal	0	0	-1	1	Addition
1A258	V | F |DNF	0,,	,||,	JP	DH	JP	2021-06-16T00:00:00Z	NA	NA	dead_nf	NA	NA	NA	NA	NA	NA	NA	NA	NA	NA	NA	NA	NA	NA	NA	1	A	1A	258	2021	Addition	Normal	0	0	-1	1	Addition
1A259	V | F |DNF	0,,	,||,	JP	DH	JP	2021-06-16T00:00:00Z	NA	NA	dead_nf	NA	NA	NA	NA	NA	NA	NA	NA	NA	NA	NA	NA	NA	NA	NA	1	A	1A	259	2021	Addition	Normal	0	0	-1	1	Addition
1B199_20	NA |NA | V	1,19,60	,||,check tag #	JP	JP	DH	2021-06-16T00:00:00Z	NA	NA	tagnf	NA	NA	NA	NA	NA	NA	NA	NA	NA	NA	NA	NA	NA	NA	NA	1	B	1B	199_20	2021	Control	Normal	0	0	1	1	Control
1B647	V | V | V	3,33,45	,|1 ts|,	JP	JP	DH	2021-06-16T00:00:00Z	NA	NA	vegetative	3	40	15	48	32	49	20	NA	NA	NA	NA	NA	NA	NA	NA	1	B	1B	647	2021	Control	Normal	0	0	1	1	Control
1B648	V | F |DNF	0,,	,||,	JP	JP	DH	2021-06-16T00:00:00Z	NA	NA	dead_nf	NA	NA	NA	NA	NA	NA	NA	NA	NA	NA	NA	NA	NA	NA	NA	1	B	1B	648	2021	Control	Normal	0	0	1	1	Control
1B649	V | V | F	1,,	,||,	JP	JP	DH	2021-06-16T00:00:00Z	NA	NA	dead_nf	NA	NA	NA	NA	NA	NA	NA	NA	NA	NA	NA	NA	NA	NA	NA	1	B	1B	649	2021	Control	Normal	0	0	1	1	Control
1B650	V | V | F	1,,	,||,	JP	JP	DH	2021-06-16T00:00:00Z	NA	NA	dead_nf	NA	NA	NA	NA	NA	NA	NA	NA	NA	NA	NA	NA	NA	NA	NA	1	B	1B	650	2021	Control	Normal	0	0	1	1	Control
1B651	V |DNF|DNF	0,,	,|dead|,	JP	JP	DH	2021-06-16T00:00:00Z	NA	NA	dead_nf	NA	NA	NA	NA	NA	NA	NA	NA	NA	NA	NA	NA	NA	NA	NA	1	B	1B	651	2021	Control	Normal	0	0	1	1	Control
1B652	V | V | V	1,19,38	,|UL of tag, ts|,	JP	JP	DH	2021-06-16T00:00:00Z	NA	3	flowering	1	NA	NA	NA	NA	NA	NA	NA	NA	NA	NA	NA	NA	NA	NA	1	B	1B	652	2021	Control	Normal	0	0	1	1	Control
1B653	V | V | F	1,,	,||,	JP	JP	DH	2021-06-16T00:00:00Z	NA	NA	dead_nf	NA	NA	NA	NA	NA	NA	NA	NA	NA	NA	NA	NA	NA	NA	NA	1	B	1B	653	2021	Control	Normal	0	0	1	1	Control
1B654	V |DNF|DNF	0,,	,|nf|,	JP	JP	DH	2021-06-16T00:00:00Z	NA	NA	dead_nf	NA	NA	NA	NA	NA	NA	NA	NA	NA	NA	NA	NA	NA	NA	NA	1	B	1B	654	2021	Control	Normal	0	0	1	1	Control
1B655	F |DNF|DNF	0,,	,|nf|,	JP	JP	DH	2021-06-16T00:00:00Z	NA	NA	dead_nf	NA	NA	NA	NA	NA	NA	NA	NA	NA	NA	NA	NA	NA	NA	NA	1	B	1B	655	2021	Control	Normal	0	0	1	1	Control
1B656	V | V | F	2,,	,|2 ts|,	JP	JP	DH	2021-06-16T00:00:00Z	NA	NA	dead_nf	NA	NA	NA	NA	NA	NA	NA	NA	NA	NA	NA	NA	NA	NA	NA	1	B	1B	656	2021	Control	Normal	0	0	1	1	Control
1B657	V | F |DNF	0,,	,||,	JP	JP	DH	2021-06-16T00:00:00Z	NA	NA	dead_nf	NA	NA	NA	NA	NA	NA	NA	NA	NA	NA	NA	NA	NA	NA	NA	1	B	1B	657	2021	Control	Normal	0	0	1	1	Control
1B658	V | V | F	1,,	,||,	JP	JP	DH	2021-06-16T00:00:00Z	recheck - says D and F last year but has rosettes? Count and length close to 1B669.	NA	dead_nf	1	58	34	NA	NA	NA	NA	NA	NA	NA	NA	NA	NA	NA	NA	1	B	1B	658	2021	Control	Normal	0	0	1	1	Control
1B659	V | V | V	1,17,32	,|2 ts|,	JP	JP	DH	2021-06-16T00:00:00Z	NA	NA	vegetative	2	34	7	20	6	NA	NA	NA	NA	NA	NA	NA	NA	NA	NA	1	B	1B	659	2021	Control	Normal	0	0	1	1	Control
1B660	V | V | V	1,,42	,|4 ts|,	JP	JP	DH	2021-06-16T00:00:00Z	NA	NA	vegetative	2	50	26	35	12	NA	NA	NA	NA	NA	NA	NA	NA	NA	NA	1	B	1B	660	2021	Control	Normal	0	0	1	1	Control
1B661	V | V | V	0,,	,|nf|,	JP	JP	DH	2021-06-16T00:00:00Z	NA	NA	vegetative	1	55	25	NA	NA	NA	NA	NA	NA	NA	NA	NA	NA	NA	NA	1	B	1B	661	2021	Control	Normal	0	0	1	1	Control
1B662	V | V | V	,,	,||,	JP	JP	DH	2021-06-16T00:00:00Z	NA	NA	vegetative	1	34	32	NA	NA	NA	NA	NA	NA	NA	NA	NA	NA	NA	NA	1	B	1B	662	2021	Control	Normal	0	0	1	1	Control
1B663	V | V | V	3,14,38	,||,	JP	JP	DH	2021-06-16T00:00:00Z	NA	NA	vegetative	1	48	22	NA	NA	NA	NA	NA	NA	NA	NA	NA	NA	NA	NA	1	B	1B	663	2021	Control	Normal	0	0	1	1	Control
1B664	F |DNF|DNF	0,,	,|dead|,	JP	JP	DH	2021-06-16T00:00:00Z	NA	NA	dead_nf	NA	NA	NA	NA	NA	NA	NA	NA	NA	NA	NA	NA	NA	NA	NA	1	B	1B	664	2021	Control	Normal	0	0	1	1	Control
1B665	F | V | V	0,,	,|down from tag, ts|,	JP	JP	DH	2021-06-16T00:00:00Z	one below tag	NA	vegetative	2	33	9	44	19	NA	NA	NA	NA	NA	NA	NA	NA	NA	NA	1	B	1B	665	2021	Control	Normal	0	0	1	1	Control
1B666	V | V | V	1,23,50	,|L of tag by about 1 inch|,	JP	JP	DH	2021-06-16T00:00:00Z	NA	1	flowering	1	NA	NA	NA	NA	NA	NA	NA	NA	NA	NA	NA	NA	NA	NA	1	B	1B	666	2021	Control	Normal	0	0	1	1	Control
1B667	V |DNF|DNF	0,,	,|dead|,	JP	JP	DH	2021-06-16T00:00:00Z	NA	NA	dead_nf	NA	NA	NA	NA	NA	NA	NA	NA	NA	NA	NA	NA	NA	NA	NA	1	B	1B	667	2021	Control	Normal	0	0	1	1	Control
1B668	F |DNF|DNF	0,,	,|nf|,	JP	JP	DH	2021-06-16T00:00:00Z	NA	NA	dead_nf	NA	NA	NA	NA	NA	NA	NA	NA	NA	NA	NA	NA	NA	NA	NA	1	B	1B	668	2021	Control	Normal	0	0	1	1	Control
1B669	V | V | V	1,15,61	,||,	JP	JP	DH	2021-06-16T00:00:00Z	NA	NA	vegetative	1	60	32	NA	NA	NA	NA	NA	NA	NA	NA	NA	NA	NA	NA	1	B	1B	669	2021	Control	Normal	0	0	1	1	Control
1B670	V | F |DNF	0,,	,||,	JP	JP	DH	2021-06-16T00:00:00Z	NA	NA	tagnf	NA	NA	NA	NA	NA	NA	NA	NA	NA	NA	NA	NA	NA	NA	NA	1	B	1B	670	2021	Control	Normal	0	0	1	1	Control
1B671	V | V |DNF	0,,	,|1 ts|,	JP	JP	DH	2021-06-16T00:00:00Z	NA	NA	tagnf	NA	NA	NA	NA	NA	NA	NA	NA	NA	NA	NA	NA	NA	NA	NA	1	B	1B	671	2021	Control	Normal	0	0	1	1	Control
1B672	V | V | F	1,,	,||,	JP	JP	DH	2021-06-16T00:00:00Z	NA	NA	dead_nf	NA	NA	NA	NA	NA	NA	NA	NA	NA	NA	NA	NA	NA	NA	NA	1	B	1B	672	2021	Control	Normal	0	0	1	1	Control
1B673	V | V | V	1,8,22	,|1 ts|,	JP	JP	DH	2021-06-16T00:00:00Z	NA	NA	vegetative	1	51	27	NA	NA	NA	NA	NA	NA	NA	NA	NA	NA	NA	NA	1	B	1B	673	2021	Control	Normal	0	0	1	1	Control
1B674	V | V | V	1,14,41	,||,	JP	JP	DH	2021-06-16T00:00:00Z	NA	NA	vegetative	1	37	8	NA	NA	NA	NA	NA	NA	NA	NA	NA	NA	NA	NA	1	B	1B	674	2021	Control	Normal	0	0	1	1	Control
1B675	F |DNF|DNF	0,,	,|dead|,	JP	JP	DH	2021-06-16T00:00:00Z	NA	NA	dead_nf	NA	NA	NA	NA	NA	NA	NA	NA	NA	NA	NA	NA	NA	NA	NA	1	B	1B	675	2021	Control	Normal	0	0	1	1	Control
1B676	V |DNF|DNF	,,	,|dead|,	JP	JP	DH	2021-06-16T00:00:00Z	NA	NA	tagnf	NA	NA	NA	NA	NA	NA	NA	NA	NA	NA	NA	NA	NA	NA	NA	1	B	1B	676	2021	Control	Normal	0	0	1	1	Control
1B677	V | V |TNF	,,	,||,	JP	JP	DH	2021-06-16T00:00:00Z	NA	1	flowering	1	NA	NA	NA	NA	NA	NA	NA	NA	NA	NA	NA	NA	NA	NA	1	B	1B	677	2021	Control	Normal	0	0	1	1	Control
1B678	F |DNF|DNF	0,,	,|nf|,	JP	JP	DH	2021-06-16T00:00:00Z	NA	NA	dead_nf	NA	NA	NA	NA	NA	NA	NA	NA	NA	NA	NA	NA	NA	NA	NA	1	B	1B	678	2021	Control	Normal	0	0	1	1	Control
1B684	V | F | V	1,17,45	,||,flowered and lived?	JP	JP	DH	2021-06-16T00:00:00Z	NA	1	flowering	1	NA	NA	NA	NA	NA	NA	NA	NA	NA	NA	NA	NA	NA	NA	1	B	1B	684	2021	Control	Normal	0	0	1	1	Control
1B685	V | F |DNF	,,	,||,	JP	JP	DH	2021-06-16T00:00:00Z	NA	NA	tagnf	NA	NA	NA	NA	NA	NA	NA	NA	NA	NA	NA	NA	NA	NA	NA	1	B	1B	685	2021	Control	Normal	0	0	1	1	Control
1B99	NA |NA |DNF	0,,	,||,check tag #	JP	JP	DH	2021-06-16T00:00:00Z	line below 99 (not 66)	NA	dead_nf	NA	NA	NA	NA	NA	NA	NA	NA	NA	NA	NA	NA	NA	NA	NA	1	B	1B	99	2021	Control	Normal	0	0	1	1	Control
1C42	V |DNF|DNF	0,,	,|dead|,	JP	JP	DH	2021-06-16T00:00:00Z	NA	NA	dead_nf	NA	NA	NA	NA	NA	NA	NA	NA	NA	NA	NA	NA	NA	NA	NA	1	C	1C	42	2021	Control	Normal	0	0	-1	-1	Mock rainout
1C43	V | F |DNF	0,,	,||,	JP	JP	DH	2021-06-16T00:00:00Z	NA	NA	tagnf	NA	NA	NA	NA	NA	NA	NA	NA	NA	NA	NA	NA	NA	NA	NA	1	C	1C	43	2021	Control	Normal	0	0	-1	-1	Mock rainout
1C44	V |DNF|DNF	0,,	,|nf|,	JP	JP	DH	2021-06-16T00:00:00Z	NA	NA	dead_nf	NA	NA	NA	NA	NA	NA	NA	NA	NA	NA	NA	NA	NA	NA	NA	1	C	1C	44	2021	Control	Normal	0	0	-1	-1	Mock rainout
1C45	V | V |DNF	0,,	,|ts|,died and nf?	JP	JP	DH	2021-06-16T00:00:00Z	NA	NA	tagnf	NA	NA	NA	NA	NA	NA	NA	NA	NA	NA	NA	NA	NA	NA	NA	1	C	1C	45	2021	Control	Normal	0	0	-1	-1	Mock rainout
1C46	V | V | F	2,,	,||,	JP	JP	DH	2021-06-16T00:00:00Z	NA	NA	dead_nf	NA	NA	NA	NA	NA	NA	NA	NA	NA	NA	NA	NA	NA	NA	NA	1	C	1C	46	2021	Control	Normal	0	0	-1	-1	Mock rainout
1C47	V | F |DNF	0,,	,looks like ther were 4 rossettes but one died||tag found detached, not near any plants,	JP	JP	DH	2021-06-16T00:00:00Z	NA	NA	tagnf	NA	NA	NA	NA	NA	NA	NA	NA	NA	NA	NA	NA	NA	NA	NA	1	C	1C	47	2021	Control	Normal	0	0	-1	-1	Mock rainout
1C48	V | V | V	1,17,64	,couldn't find||,	JP	JP	DH	2021-06-16T00:00:00Z	NA	NA	vegetative	2	57	10	18	6	NA	NA	NA	NA	NA	NA	NA	NA	NA	NA	1	C	1C	48	2021	Control	Normal	0	0	-1	-1	Mock rainout
1C49	V | V | V	1,19,58	,||,	JP	JP	DH	2021-06-16T00:00:00Z	NA	1	flowering	1	NA	NA	NA	NA	NA	NA	NA	NA	NA	NA	NA	NA	NA	NA	1	C	1C	49	2021	Control	Normal	0	0	-1	-1	Mock rainout
1C50	F |DNF|DNF	0,,	,flowering plant?|dead|,	JP	JP	DH	2021-06-16T00:00:00Z	NA	NA	dead_nf	NA	NA	NA	NA	NA	NA	NA	NA	NA	NA	NA	NA	NA	NA	NA	1	C	1C	50	2021	Control	Normal	0	0	-1	-1	Mock rainout
1C51	V |DNF|DNF	0,,	,|dead|,	JP	JP	DH	2021-06-16T00:00:00Z	NA	NA	dead_nf	NA	NA	NA	NA	NA	NA	NA	NA	NA	NA	NA	NA	NA	NA	NA	1	C	1C	51	2021	Control	Normal	0	0	-1	-1	Mock rainout
1C52	V |DNF|DNF	0,,	,|dead|,	JP	JP	DH	2021-06-16T00:00:00Z	NA	NA	dead_nf	NA	NA	NA	NA	NA	NA	NA	NA	NA	NA	NA	NA	NA	NA	NA	1	C	1C	52	2021	Control	Normal	0	0	-1	-1	Mock rainout
1C53	V | V | V	1,28,48	,||,	JP	JP	DH	2021-06-16T00:00:00Z	NA	1	flowering	1	NA	NA	NA	NA	NA	NA	NA	NA	NA	NA	NA	NA	NA	NA	1	C	1C	53	2021	Control	Normal	0	0	-1	-1	Mock rainout
1C54	V | V | F	1,,	,||,	JP	JP	DH	2021-06-16T00:00:00Z	NA	NA	dead_nf	NA	NA	NA	NA	NA	NA	NA	NA	NA	NA	NA	NA	NA	NA	NA	1	C	1C	54	2021	Control	Normal	0	0	-1	-1	Mock rainout
1C55	V | V | V	2,10,34	,|ts|,	JP	JP	DH	2021-06-16T00:00:00Z	NA	NA	vegetative	2	38	12	27	6	NA	NA	NA	NA	NA	NA	NA	NA	NA	NA	1	C	1C	55	2021	Control	Normal	0	0	-1	-1	Mock rainout
1C56	V | V | V	3,20,38	,|5ts|,	JP	JP	DH	2021-06-16T00:00:00Z	NA	NA	tagnf	NA	NA	NA	NA	NA	NA	NA	NA	NA	NA	NA	NA	NA	NA	NA	1	C	1C	56	2021	Control	Normal	0	0	-1	-1	Mock rainout
1C57	V | V | V	2,14,38	,||,	JP	JP	DH	2021-06-16T00:00:00Z	NA	2	flowering	2	NA	NA	NA	NA	NA	NA	NA	NA	NA	NA	NA	NA	NA	NA	1	C	1C	57	2021	Control	Normal	0	0	-1	-1	Mock rainout
1C58	V | V | V	2,18,48	,|tagnf|,tagnf last year	JP	JP	DH	2021-06-16T00:00:00Z	2nd rosette wilted (so changed rosettes to 1)	NA	vegetative	1	25	8	NA	NA	NA	NA	NA	NA	NA	NA	NA	NA	NA	NA	1	C	1C	58	2021	Control	Normal	0	0	-1	-1	Mock rainout
1C59	V |DNF|DNF	,,	,completely dead and uprooted|nf|,	JP	JP	DH	2021-06-16T00:00:00Z	NA	NA	dead_nf	NA	NA	NA	NA	NA	NA	NA	NA	NA	NA	NA	NA	NA	NA	NA	1	C	1C	59	2021	Control	Normal	0	0	-1	-1	Mock rainout
1C59_20	V |DNF|DNF	0,,	,||,	JP	JP	DH	2021-06-16T00:00:00Z	NA	NA	dead_nf	NA	NA	NA	NA	NA	NA	NA	NA	NA	NA	NA	NA	NA	NA	NA	1	C	1C	59_20	2021	Control	Normal	0	0	-1	-1	Mock rainout
1C60	V | V | F	1,,	,||,	JP	JP	DH	2021-06-16T00:00:00Z	NA	NA	tagnf	NA	NA	NA	NA	NA	NA	NA	NA	NA	NA	NA	NA	NA	NA	NA	1	C	1C	60	2021	Control	Normal	0	0	-1	-1	Mock rainout
1C61	F |DNF|DNF	0,,	,|nf|,	JP	JP	DH	2021-06-16T00:00:00Z	NA	NA	dead_nf	NA	NA	NA	NA	NA	NA	NA	NA	NA	NA	NA	NA	NA	NA	NA	1	C	1C	61	2021	Control	Normal	0	0	-1	-1	Mock rainout
1C62	F |DNF|DNF	0,,	,|nf|,	JP	JP	DH	2021-06-16T00:00:00Z	NA	NA	dead_nf	NA	NA	NA	NA	NA	NA	NA	NA	NA	NA	NA	NA	NA	NA	NA	1	C	1C	62	2021	Control	Normal	0	0	-1	-1	Mock rainout
1C63	V | V | F	1,,	,|nf|,refound?	JP	JP	DH	2021-06-16T00:00:00Z	NA	NA	dead_nf	NA	NA	NA	NA	NA	NA	NA	NA	NA	NA	NA	NA	NA	NA	NA	1	C	1C	63	2021	Control	Normal	0	0	-1	-1	Mock rainout
1C64	V | V | F	,,	,||,	JP	JP	DH	2021-06-16T00:00:00Z	NA	NA	dead_nf	NA	NA	NA	NA	NA	NA	NA	NA	NA	NA	NA	NA	NA	NA	NA	1	C	1C	64	2021	Control	Normal	0	0	-1	-1	Mock rainout
1C65	V | F |DNF	0,,	,||,	JP	JP	DH	2021-06-16T00:00:00Z	NA	NA	dead_nf	NA	NA	NA	NA	NA	NA	NA	NA	NA	NA	NA	NA	NA	NA	NA	1	C	1C	65	2021	Control	Normal	0	0	-1	-1	Mock rainout
1C66	V | V |DNF	0,,	,||,died and nf?	JP	JP	DH	2021-06-16T00:00:00Z	NA	NA	vegetative	4	36	10	20	5	40	12	21	5	NA	NA	NA	NA	NA	NA	1	C	1C	66	2021	Control	Normal	0	0	-1	-1	Mock rainout
1C67	V | V |DNF	0,,	,|nf|,	JP	JP	DH	2021-06-16T00:00:00Z	NA	NA	dead_nf	NA	NA	NA	NA	NA	NA	NA	NA	NA	NA	NA	NA	NA	NA	NA	1	C	1C	67	2021	Control	Normal	0	0	-1	-1	Mock rainout
1C68	V |DNF|DNF	0,,	,|dead|,	JP	JP	DH	2021-06-16T00:00:00Z	NA	NA	dead_nf	NA	NA	NA	NA	NA	NA	NA	NA	NA	NA	NA	NA	NA	NA	NA	1	C	1C	68	2021	Control	Normal	0	0	-1	-1	Mock rainout
1C69	V | V | V	1,14,21	,||,	JP	JP	DH	2021-06-16T00:00:00Z	NA	NA	vegetative	1	28	16	NA	NA	NA	NA	NA	NA	NA	NA	NA	NA	NA	NA	1	C	1C	69	2021	Control	Normal	0	0	-1	-1	Mock rainout
1C70	V | V | V	1,12,22	,||,	JP	JP	DH	2021-06-16T00:00:00Z	NA	NA	vegetative	1	21	5	NA	NA	NA	NA	NA	NA	NA	NA	NA	NA	NA	NA	1	C	1C	70	2021	Control	Normal	0	0	-1	-1	Mock rainout
1C71	V | V | V	1,17,42	,||,	JP	JP	DH	2021-06-16T00:00:00Z	NA	NA	vegetative	1	53	20	NA	NA	NA	NA	NA	NA	NA	NA	NA	NA	NA	NA	1	C	1C	71	2021	Control	Normal	0	0	-1	-1	Mock rainout
1C72	V | F |DNF	0,,	,||,	JP	JP	DH	2021-06-16T00:00:00Z	NA	NA	dead_nf	NA	NA	NA	NA	NA	NA	NA	NA	NA	NA	NA	NA	NA	NA	NA	1	C	1C	72	2021	Control	Normal	0	0	-1	-1	Mock rainout
1C73	V | V |TNF	,,	,|ts|,	JP	JP	DH	2021-06-16T00:00:00Z	NA	NA	vegetative	1	37	26	NA	NA	NA	NA	NA	NA	NA	NA	NA	NA	NA	NA	1	C	1C	73	2021	Control	Normal	0	0	-1	-1	Mock rainout
1C74	V |DNF|DNF	0,,	,|dead|,	JP	JP	DH	2021-06-16T00:00:00Z	NA	NA	dead_nf	NA	NA	NA	NA	NA	NA	NA	NA	NA	NA	NA	NA	NA	NA	NA	1	C	1C	74	2021	Control	Normal	0	0	-1	-1	Mock rainout
1C75	V | V |DNF	0,,	,||,died and nf?	JP	JP	DH	2021-06-16T00:00:00Z	NA	NA	dead_nf	NA	NA	NA	NA	NA	NA	NA	NA	NA	NA	NA	NA	NA	NA	NA	1	C	1C	75	2021	Control	Normal	0	0	-1	-1	Mock rainout
1C76	V | V | V	1,21,54	,||,	JP	JP	DH	2021-06-16T00:00:00Z	NA	NA	tagnf	NA	NA	NA	NA	NA	NA	NA	NA	NA	NA	NA	NA	NA	NA	NA	1	C	1C	76	2021	Control	Normal	0	0	-1	-1	Mock rainout
1C77	V | V |DNF	0,,	,|ts|,	JP	JP	DH	2021-06-16T00:00:00Z	NA	NA	tagnf	NA	NA	NA	NA	NA	NA	NA	NA	NA	NA	NA	NA	NA	NA	NA	1	C	1C	77	2021	Control	Normal	0	0	-1	-1	Mock rainout
1C78	V |DNF|DNF	0,,	,|nf|,	JP	JP	DH	2021-06-16T00:00:00Z	NA	NA	tagnf	NA	NA	NA	NA	NA	NA	NA	NA	NA	NA	NA	NA	NA	NA	NA	1	C	1C	78	2021	Control	Normal	0	0	-1	-1	Mock rainout
1C79	V |DNF|DNF	0,,	,|nf|,	JP	JP	DH	2021-06-16T00:00:00Z	NA	NA	dead_nf	NA	NA	NA	NA	NA	NA	NA	NA	NA	NA	NA	NA	NA	NA	NA	1	C	1C	79	2021	Control	Normal	0	0	-1	-1	Mock rainout
1D1	V |DNF|DNF	0,,	,|nf|,	JP	JP	DH	2021-06-16T00:00:00Z	NA	NA	dead_nf	NA	NA	NA	NA	NA	NA	NA	NA	NA	NA	NA	NA	NA	NA	NA	1	D	1D	1	2021	Reduction	Normal	0	0	1	-1	Reduction
1D10	V |DNF|DNF	0,,	,|nf|,	JP	JP	DH	2021-06-16T00:00:00Z	NA	NA	dead_nf	NA	NA	NA	NA	NA	NA	NA	NA	NA	NA	NA	NA	NA	NA	NA	1	D	1D	10	2021	Reduction	Normal	0	0	1	-1	Reduction
1D11	V | V | V	0,,	,|below tag by 1 inch|,died and nf?	JP	JP	DH	2021-06-16T00:00:00Z	below tag	4	flowering	1	NA	NA	NA	NA	NA	NA	NA	NA	NA	NA	NA	NA	NA	NA	1	D	1D	11	2021	Reduction	Normal	0	0	1	-1	Reduction
1D12	V | V | F	1,,	,||,	JP	JP	DH	2021-06-16T00:00:00Z	1 dead stalk	7	flowering	2	NA	NA	NA	NA	NA	NA	NA	NA	NA	NA	NA	NA	NA	NA	1	D	1D	12	2021	Reduction	Normal	0	0	1	-1	Reduction
1D13	V |DNF|DNF	,,	,|nf|,	JP	JP	DH	2021-06-16T00:00:00Z	NA	NA	dead_nf	NA	NA	NA	NA	NA	NA	NA	NA	NA	NA	NA	NA	NA	NA	NA	1	D	1D	13	2021	Reduction	Normal	0	0	1	-1	Reduction
1D13_20	V |DNF|DNF	1,18,45	,||,refound?	JP	JP	DH	2021-06-16T00:00:00Z	NA	NA	dead_nf	NA	NA	NA	NA	NA	NA	NA	NA	NA	NA	NA	NA	NA	NA	NA	1	D	1D	13_20	2021	Reduction	Normal	0	0	1	-1	Reduction
1D14	V | V | F	,,	,||,	JP	JP	DH	2021-06-16T00:00:00Z	NA	NA	dead_nf	NA	NA	NA	NA	NA	NA	NA	NA	NA	NA	NA	NA	NA	NA	NA	1	D	1D	14	2021	Reduction	Normal	0	0	1	-1	Reduction
1D15	V | V |DNF	0,,	,|chewed, ts|,chew death	JP	JP	DH	2021-06-16T00:00:00Z	NA	NA	dead_nf	NA	NA	NA	NA	NA	NA	NA	NA	NA	NA	NA	NA	NA	NA	NA	1	D	1D	15	2021	Reduction	Normal	0	0	1	-1	Reduction
1D16	V | V | V	4,4,43	,||,flower or veg?	JP	JP	DH	2021-06-16T00:00:00Z	NA	NA	vegetative	1	35	1	NA	NA	NA	NA	NA	NA	NA	NA	NA	NA	NA	NA	1	D	1D	16	2021	Reduction	Normal	0	0	1	-1	Reduction
1D17	V | V | F	,,	,|nf|,refound?	JP	JP	DH	2021-06-16T00:00:00Z	NA	NA	dead_nf	NA	NA	NA	NA	NA	NA	NA	NA	NA	NA	NA	NA	NA	NA	NA	1	D	1D	17	2021	Reduction	Normal	0	0	1	-1	Reduction
1D18	V | V |DNF	0,,	,|chewed|,	JP	JP	DH	2021-06-16T00:00:00Z	NA	NA	dead_nf	NA	NA	NA	NA	NA	NA	NA	NA	NA	NA	NA	NA	NA	NA	NA	1	D	1D	18	2021	Reduction	Normal	0	0	1	-1	Reduction
1D19	V | F |DNF	0,,	,||,	JP	JP	DH	2021-06-16T00:00:00Z	NA	NA	dead_nf	NA	NA	NA	NA	NA	NA	NA	NA	NA	NA	NA	NA	NA	NA	NA	1	D	1D	19	2021	Reduction	Normal	0	0	1	-1	Reduction
1D2	V |DNF|DNF	,,	,|nf|,	JP	JP	DH	2021-06-16T00:00:00Z	NA	NA	dead_nf	NA	NA	NA	NA	NA	NA	NA	NA	NA	NA	NA	NA	NA	NA	NA	1	D	1D	2	2021	Reduction	Normal	0	0	1	-1	Reduction
1D2_20	V |DNF|DNF	1,37,31	,||,refound?	JP	JP	DH	2021-06-16T00:00:00Z	flowering nearby	NA	dead_nf	NA	NA	NA	NA	NA	NA	NA	NA	NA	NA	NA	NA	NA	NA	NA	1	D	1D	2_20	2021	Reduction	Normal	0	0	1	-1	Reduction
1D20	V | V | F	1,,	,|chewed|,regrew?	JP	JP	DH	2021-06-16T00:00:00Z	NA	NA	dead_nf	NA	NA	NA	NA	NA	NA	NA	NA	NA	NA	NA	NA	NA	NA	NA	1	D	1D	20	2021	Reduction	Normal	0	0	1	-1	Reduction
1D21	V | V | V	0,,	,||,	JP	JP	DH	2021-06-16T00:00:00Z	NA	NA	vegetative	2	41	20	32	11	NA	NA	NA	NA	NA	NA	NA	NA	NA	NA	1	D	1D	21	2021	Reduction	Normal	0	0	1	-1	Reduction
1D22	V |DNF|DNF	0,,	,|nf|,	JP	JP	DH	2021-06-16T00:00:00Z	NA	NA	dead_nf	NA	NA	NA	NA	NA	NA	NA	NA	NA	NA	NA	NA	NA	NA	NA	1	D	1D	22	2021	Reduction	Normal	0	0	1	-1	Reduction
1D23	V |DNF|DNF	0,,	,|nf|,	JP	JP	DH	2021-06-16T00:00:00Z	NA	NA	tagnf	NA	NA	NA	NA	NA	NA	NA	NA	NA	NA	NA	NA	NA	NA	NA	1	D	1D	23	2021	Reduction	Normal	0	0	1	-1	Reduction
1D24	V | V | F	1,,	,|chewed, ts, down left of tag|,regrew?	JP	JP	DH	2021-06-16T00:00:00Z	NA	NA	tagnf	NA	NA	NA	NA	NA	NA	NA	NA	NA	NA	NA	NA	NA	NA	NA	1	D	1D	24	2021	Reduction	Normal	0	0	1	-1	Reduction
1D25	V | V |DNF	0,,	,||,died and nf?	JP	JP	DH	2021-06-16T00:00:00Z	NA	NA	dead_nf	NA	NA	NA	NA	NA	NA	NA	NA	NA	NA	NA	NA	NA	NA	NA	1	D	1D	25	2021	Reduction	Normal	0	0	1	-1	Reduction
1D26	V | V |DNF	0,,	,|ts, above plant by 1 inch|,died and nf?	JP	JP	DH	2021-06-16T00:00:00Z	NA	NA	dead_nf	NA	NA	NA	NA	NA	NA	NA	NA	NA	NA	NA	NA	NA	NA	NA	1	D	1D	26	2021	Reduction	Normal	0	0	1	-1	Reduction
1D27	V |DNF|DNF	0,,	,|dead|,	JP	JP	DH	2021-06-16T00:00:00Z	NA	NA	dead_nf	NA	NA	NA	NA	NA	NA	NA	NA	NA	NA	NA	NA	NA	NA	NA	1	D	1D	27	2021	Reduction	Normal	0	0	1	-1	Reduction
1D28	V | V |DNF	0,,	,||,died and nf?	JP	JP	DH	2021-06-16T00:00:00Z	NA	NA	dead_nf	NA	NA	NA	NA	NA	NA	NA	NA	NA	NA	NA	NA	NA	NA	NA	1	D	1D	28	2021	Reduction	Normal	0	0	1	-1	Reduction
1D29	F |DNF|DNF	0,,	,|nf|,	JP	JP	DH	2021-06-16T00:00:00Z	NA	NA	dead_nf	NA	NA	NA	NA	NA	NA	NA	NA	NA	NA	NA	NA	NA	NA	NA	1	D	1D	29	2021	Reduction	Normal	0	0	1	-1	Reduction
1D3	V |DNF|DNF	0,,	,|nf|,	JP	JP	DH	2021-06-16T00:00:00Z	NA	NA	dead_nf	NA	NA	NA	NA	NA	NA	NA	NA	NA	NA	NA	NA	NA	NA	NA	1	D	1D	3	2021	Reduction	Normal	0	0	1	-1	Reduction
1D30	V |DNF|DNF	0,,	,|nf|,	JP	JP	DH	2021-06-16T00:00:00Z	NA	NA	dead_nf	NA	NA	NA	NA	NA	NA	NA	NA	NA	NA	NA	NA	NA	NA	NA	1	D	1D	30	2021	Reduction	Normal	0	0	1	-1	Reduction
1D31	V |DNF|DNF	,,	,|nf|,	JP	JP	DH	2021-06-16T00:00:00Z	NA	NA	dead_nf	NA	NA	NA	NA	NA	NA	NA	NA	NA	NA	NA	NA	NA	NA	NA	1	D	1D	31	2021	Reduction	Normal	0	0	1	-1	Reduction
1D32	V |DNF|DNF	,,	,second rosette is closer to 31 tag|nf|,	JP	JP	DH	2021-06-16T00:00:00Z	NA	NA	dead_nf	NA	NA	NA	NA	NA	NA	NA	NA	NA	NA	NA	NA	NA	NA	NA	1	D	1D	32	2021	Reduction	Normal	0	0	1	-1	Reduction
1D33	V | V | F	,,	,||,	JP	JP	DH	2021-06-16T00:00:00Z	NA	NA	dead_nf	NA	NA	NA	NA	NA	NA	NA	NA	NA	NA	NA	NA	NA	NA	NA	1	D	1D	33	2021	Reduction	Normal	0	0	1	-1	Reduction
1D34	V | F |DNF	0,,	,||,	JP	JP	DH	2021-06-16T00:00:00Z	NA	NA	dead_nf	NA	NA	NA	NA	NA	NA	NA	NA	NA	NA	NA	NA	NA	NA	NA	1	D	1D	34	2021	Reduction	Normal	0	0	1	-1	Reduction
1D35	V | V |TNF	,,	,||,	JP	JP	DH	2021-06-16T00:00:00Z	NA	NA	tagnf	NA	NA	NA	NA	NA	NA	NA	NA	NA	NA	NA	NA	NA	NA	NA	1	D	1D	35	2021	Reduction	Normal	0	0	1	-1	Reduction
1D36	V | V |TNF	,,	,|chewed,ts|,	JP	JP	DH	2021-06-16T00:00:00Z	tag below plot	2	flowering	6	NA	NA	NA	NA	NA	NA	NA	NA	NA	NA	NA	NA	NA	NA	1	D	1D	36	2021	Reduction	Normal	0	0	1	-1	Reduction
1D37	V | V | F	,,	,||,	JP	JP	DH	2021-06-16T00:00:00Z	NA	NA	dead_nf	NA	NA	NA	NA	NA	NA	NA	NA	NA	NA	NA	NA	NA	NA	NA	1	D	1D	37	2021	Reduction	Normal	0	0	1	-1	Reduction
1D38	V |DNF|DNF	0,,	,|tag out, nf|,	JP	JP	DH	2021-06-16T00:00:00Z	NA	NA	dead_nf	NA	NA	NA	NA	NA	NA	NA	NA	NA	NA	NA	NA	NA	NA	NA	1	D	1D	38	2021	Reduction	Normal	0	0	1	-1	Reduction
1D39	V |DNF|DNF	,,	,|nf|,	JP	JP	DH	2021-06-16T00:00:00Z	nothing near tag, but vegetative plant farther right (1D39_20)	NA	dead_nf	NA	NA	NA	NA	NA	NA	NA	NA	NA	NA	NA	NA	NA	NA	NA	1	D	1D	39	2021	Reduction	Normal	0	0	1	-1	Reduction
1D39_20	V |DNF|DNF	1,26,32	,||,refound?	JP	JP	DH	2021-06-16T00:00:00Z	right of tag	NA	vegetative	1	60	24	NA	NA	NA	NA	NA	NA	NA	NA	NA	NA	NA	NA	1	D	1D	39_20	2021	Reduction	Normal	0	0	1	-1	Reduction
1D4	V | V | V	0,,	?,||,	JP	JP	DH	2021-06-16T00:00:00Z	NA	NA	vegetative	1	44	24	NA	NA	NA	NA	NA	NA	NA	NA	NA	NA	NA	NA	1	D	1D	4	2021	Reduction	Normal	0	0	1	-1	Reduction
1D40	V | V | V	2,15,29	,||,	JP	JP	DH	2021-06-16T00:00:00Z	NA	NA	vegetative	2	50	25	10	18	NA	NA	NA	NA	NA	NA	NA	NA	NA	NA	1	D	1D	40	2021	Reduction	Normal	0	0	1	-1	Reduction
1D41	V | V | V	2,12,40	,||,	JP	JP	DH	2021-06-16T00:00:00Z	NA	NA	vegetative	1	45	56	NA	NA	NA	NA	NA	NA	NA	NA	NA	NA	NA	NA	1	D	1D	41	2021	Reduction	Normal	0	0	1	-1	Reduction
1D5	V | F |DNF	,,	,||,	JP	JP	DH	2021-06-16T00:00:00Z	duplicate oval tag, 1 dead stalk	NA	dead_nf	NA	NA	NA	NA	NA	NA	NA	NA	NA	NA	NA	NA	NA	NA	NA	1	D	1D	5	2021	Reduction	Normal	0	0	1	-1	Reduction
1D5_20	V | F |DNF	,,	,||duplicate tag,flowered twice?	JP	JP	DH	2021-06-16T00:00:00Z	duplicate can tag	NA	dead_nf	NA	NA	NA	NA	NA	NA	NA	NA	NA	NA	NA	NA	NA	NA	NA	1	D	1D	5_20	2021	Reduction	Normal	0	0	1	-1	Reduction
1D6	V | V | F	,,	,||,	JP	JP	DH	2021-06-16T00:00:00Z	NA	NA	vegetative	1	60	25	NA	NA	NA	NA	NA	NA	NA	NA	NA	NA	NA	NA	1	D	1D	6	2021	Reduction	Normal	0	0	1	-1	Reduction
1D7	V | V |TNF	,,	,||,	JP	JP	DH	2021-06-16T00:00:00Z	NA	NA	tagnf	NA	NA	NA	NA	NA	NA	NA	NA	NA	NA	NA	NA	NA	NA	NA	1	D	1D	7	2021	Reduction	Normal	0	0	1	-1	Reduction
1D8	V |DNF|DNF	0,,	,|nf|,	JP	JP	DH	2021-06-16T00:00:00Z	NA	NA	tagnf	NA	NA	NA	NA	NA	NA	NA	NA	NA	NA	NA	NA	NA	NA	NA	1	D	1D	8	2021	Reduction	Normal	0	0	1	-1	Reduction
1D9	V | V | F	1,,	,||,	JP	JP	DH	2021-06-16T00:00:00Z	NA	NA	dead_nf	NA	NA	NA	NA	NA	NA	NA	NA	NA	NA	NA	NA	NA	NA	NA	1	D	1D	9	2021	Reduction	Normal	0	0	1	-1	Reduction
2A158	NA | F |DNF	0,,	,|out side plot|,look outside plot?	RT	RT	XL	2021-06-16T00:00:00Z	NA	NA	tagnf	NA	NA	NA	NA	NA	NA	NA	NA	NA	NA	NA	NA	NA	NA	NA	2	A	2A	158	2021	Control	Early	1	0	-1	1	Control
2A159	NA |DNF|DNF	0,,	,|nf|,	RT	RT	XL	2021-06-16T00:00:00Z	NA	NA	tagnf	NA	NA	NA	NA	NA	NA	NA	NA	NA	NA	NA	NA	NA	NA	NA	2	A	2A	159	2021	Control	Early	1	0	-1	1	Control
2A160	NA | V |DNF	0,,	,|L of tag|,died and nf?	RT	RT	XL	2021-06-16T00:00:00Z	NA	NA	tagnf	NA	NA	NA	NA	NA	NA	NA	NA	NA	NA	NA	NA	NA	NA	NA	2	A	2A	160	2021	Control	Early	1	0	-1	1	Control
2A161	NA |DNF|DNF	0,,	,|nf|,	RT	RT	XL	2021-06-16T00:00:00Z	NA	NA	dead_nf	NA	NA	NA	NA	NA	NA	NA	NA	NA	NA	NA	NA	NA	NA	NA	2	A	2A	161	2021	Control	Early	1	0	-1	1	Control
2A162	NA | V |DNF	0,,	,totally dead|2 ts|,	RT	RT	XL	2021-06-16T00:00:00Z	NA	NA	tagnf	NA	NA	NA	NA	NA	NA	NA	NA	NA	NA	NA	NA	NA	NA	NA	2	A	2A	162	2021	Control	Early	1	0	-1	1	Control
2A163	V | V |DNF	0,,	,|ts|,	RT	RT	XL	2021-06-16T00:00:00Z	NA	NA	dead_nf	NA	NA	NA	NA	NA	NA	NA	NA	NA	NA	NA	NA	NA	NA	NA	2	A	2A	163	2021	Control	Early	1	0	-1	1	Control
2A164	NA | V |DNF	0,,	,|ts|,died and nf?	RT	RT	XL	2021-06-16T00:00:00Z	NA	NA	dead_nf	NA	NA	NA	NA	NA	NA	NA	NA	NA	NA	NA	NA	NA	NA	NA	2	A	2A	164	2021	Control	Early	1	0	-1	1	Control
2A165	NA | V |DNF	0,,	could be 5-7 rosettes,|1 ts|,	RT	RT	XL	2021-06-16T00:00:00Z	NA	NA	vegetative	1	12	10	NA	NA	NA	NA	NA	NA	NA	NA	NA	NA	NA	NA	2	A	2A	165	2021	Control	Early	1	0	-1	1	Control
2A166	NA | V |DNF	0,,	,||,died and nf?	RT	RT	XL	2021-06-16T00:00:00Z	NA	NA	dead_nf	NA	NA	NA	NA	NA	NA	NA	NA	NA	NA	NA	NA	NA	NA	NA	2	A	2A	166	2021	Control	Early	1	0	-1	1	Control
2A167	NA | V |DNF	0,,	,||,	RT	RT	XL	2021-06-16T00:00:00Z	NA	NA	tagnf	NA	NA	NA	NA	NA	NA	NA	NA	NA	NA	NA	NA	NA	NA	NA	2	A	2A	167	2021	Control	Early	1	0	-1	1	Control
2A168	F |DNF|DNF	,,	,|nf|,	RT	RT	XL	2021-06-16T00:00:00Z	NA	NA	tagnf	NA	NA	NA	NA	NA	NA	NA	NA	NA	NA	NA	NA	NA	NA	NA	2	A	2A	168	2021	Control	Early	1	0	-1	1	Control
2A169	V |TNF|TNF	,,	,|tagnf|,	RT	RT	XL	2021-06-16T00:00:00Z	NA	NA	tagnf	NA	NA	NA	NA	NA	NA	NA	NA	NA	NA	NA	NA	NA	NA	NA	2	A	2A	169	2021	Control	Early	1	0	-1	1	Control
2A170	NA |DNF|TNF	,,	,|dead|,	RT	RT	XL	2021-06-16T00:00:00Z	NA	NA	dead_nf	NA	NA	NA	NA	NA	NA	NA	NA	NA	NA	NA	NA	NA	NA	NA	2	A	2A	170	2021	Control	Early	1	0	-1	1	Control
2A171	NA |DNF|TNF	,,	,|nf|,	RT	RT	XL	2021-06-16T00:00:00Z	NA	NA	dead_nf	NA	NA	NA	NA	NA	NA	NA	NA	NA	NA	NA	NA	NA	NA	NA	2	A	2A	171	2021	Control	Early	1	0	-1	1	Control
2A172	NA |DNF|DNF	0,,	,|dead|,	RT	RT	XL	2021-06-16T00:00:00Z	NA	NA	dead_nf	NA	NA	NA	NA	NA	NA	NA	NA	NA	NA	NA	NA	NA	NA	NA	2	A	2A	172	2021	Control	Early	1	0	-1	1	Control
2A173	NA |DNF|DNF	0,,	,|nf|,	RT	RT	XL	2021-06-16T00:00:00Z	NA	NA	tagnf	NA	NA	NA	NA	NA	NA	NA	NA	NA	NA	NA	NA	NA	NA	NA	2	A	2A	173	2021	Control	Early	1	0	-1	1	Control
2A174	NA | V |DNF	0,,	,|above tag, ts|,died and nf?	RT	RT	XL	2021-06-16T00:00:00Z	NA	NA	tagnf	NA	NA	NA	NA	NA	NA	NA	NA	NA	NA	NA	NA	NA	NA	NA	2	A	2A	174	2021	Control	Early	1	0	-1	1	Control
2A175	NA |DNF|DNF	0,,	,|dead|,	RT	RT	XL	2021-06-16T00:00:00Z	NA	NA	tagnf	NA	NA	NA	NA	NA	NA	NA	NA	NA	NA	NA	NA	NA	NA	NA	2	A	2A	175	2021	Control	Early	1	0	-1	1	Control
2A176	V | V | V	1,27,43	,|nf|,refound?	RT	RT	XL	2021-06-16T00:00:00Z	NA	NA	vegetative	5	43	15	26	9	23	7	15	6	25	8	NA	NA	NA	NA	2	A	2A	176	2021	Control	Early	1	0	-1	1	Control
2A177	NA |TNF|TNF	,,	no plant?,|tagnf|,	RT	RT	XL	2021-06-16T00:00:00Z	NA	NA	tagnf	NA	NA	NA	NA	NA	NA	NA	NA	NA	NA	NA	NA	NA	NA	NA	2	A	2A	177	2021	Control	Early	1	0	-1	1	Control
2A178	NA |TNF|TNF	,,	no plant?,|tagnf|,	RT	RT	XL	2021-06-16T00:00:00Z	NA	NA	tagnf	NA	NA	NA	NA	NA	NA	NA	NA	NA	NA	NA	NA	NA	NA	NA	2	A	2A	178	2021	Control	Early	1	0	-1	1	Control
2A189	NA |DNF|DNF	0,,	,|nf|,	RT	RT	XL	2021-06-16T00:00:00Z	NA	NA	tagnf	NA	NA	NA	NA	NA	NA	NA	NA	NA	NA	NA	NA	NA	NA	NA	2	A	2A	189	2021	Control	Early	1	0	-1	1	Control
2A589	V | V | F	1,,	,||tagged in 2020,	RT	RT	XL	2021-06-16T00:00:00Z	written at bottom of page	NA	dead_nf	NA	NA	NA	NA	NA	NA	NA	NA	NA	NA	NA	NA	NA	NA	NA	2	A	2A	589	2021	Control	Early	1	0	-1	1	Control
2A676	NA | V |DNF	0,,	could have 6-7 roseettes,|1 ts|,died and nf?	RT	RT	XL	2021-06-16T00:00:00Z	NA	NA	dead_nf	NA	NA	NA	NA	NA	NA	NA	NA	NA	NA	NA	NA	NA	NA	NA	2	A	2A	676	2021	Control	Early	1	0	-1	1	Control
2A679	NA | F |DNF	0,,	,||,	RT	RT	XL	2021-06-16T00:00:00Z	NA	NA	tagnf	NA	NA	NA	NA	NA	NA	NA	NA	NA	NA	NA	NA	NA	NA	NA	2	A	2A	679	2021	Control	Early	1	0	-1	1	Control
2A680	NA |DNF|DNF	0,,	,|dead|,	RT	RT	XL	2021-06-16T00:00:00Z	NA	NA	tagnf	NA	NA	NA	NA	NA	NA	NA	NA	NA	NA	NA	NA	NA	NA	NA	2	A	2A	680	2021	Control	Early	1	0	-1	1	Control
2A682	NA | V |DNF	0,,	,||,died and nf?	RT	RT	XL	2021-06-16T00:00:00Z	NA	NA	tagnf	NA	NA	NA	NA	NA	NA	NA	NA	NA	NA	NA	NA	NA	NA	NA	2	A	2A	682	2021	Control	Early	1	0	-1	1	Control
2A683	V |TNF|DNF	0,,	crumbly,||,no data last year	RT	RT	XL	2021-06-16T00:00:00Z	NA	NA	tagnf	NA	NA	NA	NA	NA	NA	NA	NA	NA	NA	NA	NA	NA	NA	NA	2	A	2A	683	2021	Control	Early	1	0	-1	1	Control
2A684	V | V | F	1,,	,||tagged in 2020,	RT	RT	XL	2021-06-16T00:00:00Z	NA	NA	tagnf	NA	NA	NA	NA	NA	NA	NA	NA	NA	NA	NA	NA	NA	NA	NA	2	A	2A	684	2021	Control	Early	1	0	-1	1	Control
2A685	NA | V | F	,,	,||,	RT	RT	XL	2021-06-16T00:00:00Z	NA	NA	dead_nf	NA	NA	NA	NA	NA	NA	NA	NA	NA	NA	NA	NA	NA	NA	NA	2	A	2A	685	2021	Control	Early	1	0	-1	1	Control
2A686	V | F |DNF	0,,	,||,	RT	RT	XL	2021-06-16T00:00:00Z	NA	NA	vegetative	1	17	12	NA	NA	NA	NA	NA	NA	NA	NA	NA	NA	NA	NA	2	A	2A	686	2021	Control	Early	1	0	-1	1	Control
2A689_20	NA |NA |DNF	0,,	,||,check tag #	RT	RT	XL	2021-06-16T00:00:00Z	NA	NA	tagnf	NA	NA	NA	NA	NA	NA	NA	NA	NA	NA	NA	NA	NA	NA	NA	2	A	2A	689_20	2021	Control	Early	1	0	-1	1	Control
2A92	NA |DNF|DNF	0,,	,|nf|,	RT	RT	XL	2021-06-16T00:00:00Z	NA	NA	dead_nf	NA	NA	NA	NA	NA	NA	NA	NA	NA	NA	NA	NA	NA	NA	NA	2	A	2A	92	2021	Control	Early	1	0	-1	1	Control
2A93	NA | V |TNF	,,	,do not see a plant||,	RT	RT	XL	2021-06-16T00:00:00Z	NA	NA	tagnf	NA	NA	NA	NA	NA	NA	NA	NA	NA	NA	NA	NA	NA	NA	NA	2	A	2A	93	2021	Control	Early	1	0	-1	1	Control
2A94	NA | V | F	,,	,||,	RT	RT	XL	2021-06-16T00:00:00Z	possibly the same as 2A694 (digit)	NA	tagnf	NA	NA	NA	NA	NA	NA	NA	NA	NA	NA	NA	NA	NA	NA	NA	2	A	2A	94	2021	Control	Early	1	0	-1	1	Control
2A95	NA | V | V	1,16,21	,||,	RT	RT	XL	2021-06-16T00:00:00Z	NA	NA	vegetative	1	29	35	NA	NA	NA	NA	NA	NA	NA	NA	NA	NA	NA	NA	2	A	2A	95	2021	Control	Early	1	0	-1	1	Control
2A96	NA |DNF|DNF	0,,	,|nf|,	RT	RT	XL	2021-06-16T00:00:00Z	NA	NA	dead_nf	NA	NA	NA	NA	NA	NA	NA	NA	NA	NA	NA	NA	NA	NA	NA	2	A	2A	96	2021	Control	Early	1	0	-1	1	Control
2A97	NA | V |TNF	,,	,|ts|,	RT	RT	XL	2021-06-16T00:00:00Z	NA	NA	dead_nf	NA	NA	NA	NA	NA	NA	NA	NA	NA	NA	NA	NA	NA	NA	NA	2	A	2A	97	2021	Control	Early	1	0	-1	1	Control
2A98	NA |DNF|DNF	0,,	,do not see a plant|nf|,	RT	RT	XL	2021-06-16T00:00:00Z	NA	NA	dead_nf	NA	NA	NA	NA	NA	NA	NA	NA	NA	NA	NA	NA	NA	NA	NA	2	A	2A	98	2021	Control	Early	1	0	-1	1	Control
2A99	V | V | V	1,15,30	,||,check tag #	RT	RT	XL	2021-06-16T00:00:00Z	NA	NA	vegetative	1	38	30	NA	NA	NA	NA	NA	NA	NA	NA	NA	NA	NA	NA	2	A	2A	99	2021	Control	Early	1	0	-1	1	Control
2B100	V |DNF|DNF	0,,	,|dead|,	RT	RT	XL	2021-06-16T00:00:00Z	NA	NA	dead_nf	NA	NA	NA	NA	NA	NA	NA	NA	NA	NA	NA	NA	NA	NA	NA	2	B	2B	100	2021	Control	Early	1	0	1	1	Mock rainout
2B126	V | V | V	1,11,30	,|plant down from tag|,	RT	RT	XL	2021-06-16T00:00:00Z	NA	NA	vegetative	1	26	26	NA	NA	NA	NA	NA	NA	NA	NA	NA	NA	NA	NA	2	B	2B	126	2021	Control	Early	1	0	1	1	Mock rainout
2B129	F |DNF|DNF	,,	,|nf|,	RT	RT	XL	2021-06-16T00:00:00Z	NA	NA	tagnf	NA	NA	NA	NA	NA	NA	NA	NA	NA	NA	NA	NA	NA	NA	NA	2	B	2B	129	2021	Control	Early	1	0	1	1	Mock rainout
2B130	V | F |DNF	,,	,||,	RT	RT	XL	2021-06-16T00:00:00Z	NA	NA	tagnf	NA	NA	NA	NA	NA	NA	NA	NA	NA	NA	NA	NA	NA	NA	NA	2	B	2B	130	2021	Control	Early	1	0	1	1	Mock rainout
2B131	V | V | V	1,26,42	,||,	RT	RT	XL	2021-06-16T00:00:00Z	NA	NA	vegetative	7	49	12	40	8	38	13	31	10	33	9	33	8	31	10	2	B	2B	131	2021	Control	Early	1	0	1	1	Mock rainout
2B132	V |TNF|TNF	,,	,|tagnf|,	RT	RT	XL	2021-06-16T00:00:00Z	NA	NA	tagnf	NA	NA	NA	NA	NA	NA	NA	NA	NA	NA	NA	NA	NA	NA	NA	2	B	2B	132	2021	Control	Early	1	0	1	1	Mock rainout
2B133	V |DNF|DNF	0,,	,|nf|,	RT	RT	XL	2021-06-16T00:00:00Z	NA	NA	tagnf	NA	NA	NA	NA	NA	NA	NA	NA	NA	NA	NA	NA	NA	NA	NA	2	B	2B	133	2021	Control	Early	1	0	1	1	Mock rainout
2B134	V | V | V	1,8,27	,||,	RT	RT	XL	2021-06-16T00:00:00Z	NA	NA	vegetative	1	43	30	NA	NA	NA	NA	NA	NA	NA	NA	NA	NA	NA	NA	2	B	2B	134	2021	Control	Early	1	0	1	1	Mock rainout
2B135	V | V |TNF	,,	,|up from tag|,	RT	RT	XL	2021-06-16T00:00:00Z	NA	NA	vegetative	1	36	16	NA	NA	NA	NA	NA	NA	NA	NA	NA	NA	NA	NA	2	B	2B	135	2021	Control	Early	1	0	1	1	Mock rainout
2B136	V |DNF|DNF	,,	,|nf|,	RT	RT	XL	2021-06-16T00:00:00Z	NA	NA	dead_nf	NA	NA	NA	NA	NA	NA	NA	NA	NA	NA	NA	NA	NA	NA	NA	2	B	2B	136	2021	Control	Early	1	0	1	1	Mock rainout
2B136_20	V |DNF|DNF	1,16,28	,||,refound?	RT	RT	XL	2021-06-16T00:00:00Z	NA	NA	dead_nf	NA	NA	NA	NA	NA	NA	NA	NA	NA	NA	NA	NA	NA	NA	NA	2	B	2B	136_20	2021	Control	Early	1	0	1	1	Mock rainout
2B137	V | V | V	1,24,43	,|nf|,refound?	RT	RT	XL	2021-06-16T00:00:00Z	NA	NA	vegetative	1	37	17	NA	NA	NA	NA	NA	NA	NA	NA	NA	NA	NA	NA	2	B	2B	137	2021	Control	Early	1	0	1	1	Mock rainout
2B138	V | V | F	,,	,||,	RT	RT	XL	2021-06-16T00:00:00Z	NA	NA	dead_nf	NA	NA	NA	NA	NA	NA	NA	NA	NA	NA	NA	NA	NA	NA	NA	2	B	2B	138	2021	Control	Early	1	0	1	1	Mock rainout
2B171_20	NA |NA | V	1,15,25	,||,check tag #	RT	RT	XL	2021-06-16T00:00:00Z	NA	NA	tagnf	NA	NA	NA	NA	NA	NA	NA	NA	NA	NA	NA	NA	NA	NA	NA	2	B	2B	171_20	2021	Control	Early	1	0	1	1	Mock rainout
2B177	V | F |DNF	0,,	,||,	RT	RT	XL	2021-06-16T00:00:00Z	NA	NA	dead_nf	NA	NA	NA	NA	NA	NA	NA	NA	NA	NA	NA	NA	NA	NA	NA	2	B	2B	177	2021	Control	Early	1	0	1	1	Mock rainout
2B178	V | V | F	,,	,|ID ts|,	RT	RT	XL	2021-06-16T00:00:00Z	NA	NA	vegetative	2	27	6	12	4	NA	NA	NA	NA	NA	NA	NA	NA	NA	NA	2	B	2B	178	2021	Control	Early	1	0	1	1	Mock rainout
2B179	V | V | V	1,14,34	,||,	RT	RT	XL	2021-06-16T00:00:00Z	NA	NA	vegetative	3	38	7	22	4	20	8	NA	NA	NA	NA	NA	NA	NA	NA	2	B	2B	179	2021	Control	Early	1	0	1	1	Mock rainout
2B180	V | V | F	,,	,||,	RT	RT	XL	2021-06-16T00:00:00Z	NA	NA	vegetative	3	42	21	43	13	33	11	NA	NA	NA	NA	NA	NA	NA	NA	2	B	2B	180	2021	Control	Early	1	0	1	1	Mock rainout
2B181	V | V |TNF	,,	,|below tag|,	RT	RT	XL	2021-06-16T00:00:00Z	NA	NA	tagnf	NA	NA	NA	NA	NA	NA	NA	NA	NA	NA	NA	NA	NA	NA	NA	2	B	2B	181	2021	Control	Early	1	0	1	1	Mock rainout
2B182	V | V | V	1,6,23	,||,	RT	RT	XL	2021-06-16T00:00:00Z	NA	NA	vegetative	2	39	15	37	20	NA	NA	NA	NA	NA	NA	NA	NA	NA	NA	2	B	2B	182	2021	Control	Early	1	0	1	1	Mock rainout
2B183	V | V | F	,,	,||,	RT	RT	XL	2021-06-16T00:00:00Z	NA	NA	dead_nf	NA	NA	NA	NA	NA	NA	NA	NA	NA	NA	NA	NA	NA	NA	NA	2	B	2B	183	2021	Control	Early	1	0	1	1	Mock rainout
2B184	V | V | F	,,	,||,	RT	RT	XL	2021-06-16T00:00:00Z	recheck - count stalks and rosettes	NA	flowering	NA	NA	NA	NA	NA	NA	NA	NA	NA	NA	NA	NA	NA	NA	NA	2	B	2B	184	2021	Control	Early	1	0	1	1	Mock rainout
2B185	V | V | F	1,,	,||,	RT	RT	XL	2021-06-16T00:00:00Z	NA	NA	vegetative	5	33	17	31	8	26	9	26	7	10	4	NA	NA	NA	NA	2	B	2B	185	2021	Control	Early	1	0	1	1	Mock rainout
2B186	V | V | F	,,	,|bottom r of tag|,	RT	RT	XL	2021-06-16T00:00:00Z	NA	NA	vegetative	3	20	8	23	6	11	3	NA	NA	NA	NA	NA	NA	NA	NA	2	B	2B	186	2021	Control	Early	1	0	1	1	Mock rainout
2B187	V | V | V	1,24,42	,||,	RT	RT	XL	2021-06-16T00:00:00Z	NA	NA	dead_nf	NA	NA	NA	NA	NA	NA	NA	NA	NA	NA	NA	NA	NA	NA	NA	2	B	2B	187	2021	Control	Early	1	0	1	1	Mock rainout
2B188	V | V | F	,,	,|up from tag|,	RT	RT	XL	2021-06-16T00:00:00Z	NA	NA	vegetative	1	20	10	NA	NA	NA	NA	NA	NA	NA	NA	NA	NA	NA	NA	2	B	2B	188	2021	Control	Early	1	0	1	1	Mock rainout
2B189	V | V | F	,,	,|tagnf|,tagnf last year	RT	RT	XL	2021-06-16T00:00:00Z	NA	NA	dead_nf	NA	NA	NA	NA	NA	NA	NA	NA	NA	NA	NA	NA	NA	NA	NA	2	B	2B	189	2021	Control	Early	1	0	1	1	Mock rainout
2B190	V | V | F	,,	,||,	RT	RT	XL	2021-06-16T00:00:00Z	NA	NA	dead_nf	NA	NA	NA	NA	NA	NA	NA	NA	NA	NA	NA	NA	NA	NA	NA	2	B	2B	190	2021	Control	Early	1	0	1	1	Mock rainout
2B191	F | V | V	1,8,26	,|chewed|,regrew?	RT	RT	XL	2021-06-16T00:00:00Z	NA	NA	vegetative	1	27	17	NA	NA	NA	NA	NA	NA	NA	NA	NA	NA	NA	NA	2	B	2B	191	2021	Control	Early	1	0	1	1	Mock rainout
2B192	V |DNF|DNF	0,,	,|nf|,	RT	RT	XL	2021-06-16T00:00:00Z	NA	NA	dead_nf	NA	NA	NA	NA	NA	NA	NA	NA	NA	NA	NA	NA	NA	NA	NA	2	B	2B	192	2021	Control	Early	1	0	1	1	Mock rainout
2B193	V |TNF|DNF	0,,	,|tagnf|,tagnf last year	RT	RT	XL	2021-06-16T00:00:00Z	NA	NA	dead_nf	NA	NA	NA	NA	NA	NA	NA	NA	NA	NA	NA	NA	NA	NA	NA	2	B	2B	193	2021	Control	Early	1	0	1	1	Mock rainout
2B194	V | V | V	1,12,21	,||,	RT	RT	XL	2021-06-16T00:00:00Z	NA	NA	dead_nf	NA	NA	NA	NA	NA	NA	NA	NA	NA	NA	NA	NA	NA	NA	NA	2	B	2B	194	2021	Control	Early	1	0	1	1	Mock rainout
2B195	F |DNF|DNF	,,	,|dead|,	RT	RT	XL	2021-06-16T00:00:00Z	changed from NF to O	NA	dead_nf	NA	NA	NA	NA	NA	NA	NA	NA	NA	NA	NA	NA	NA	NA	NA	2	B	2B	195	2021	Control	Early	1	0	1	1	Mock rainout
2B195_20	F |DNF|DNF	,,	,||,resurrected?	RT	RT	XL	2021-06-16T00:00:00Z	NA	NA	dead_nf	NA	NA	NA	NA	NA	NA	NA	NA	NA	NA	NA	NA	NA	NA	NA	2	B	2B	195_20	2021	Control	Early	1	0	1	1	Mock rainout
2B196	V |DNF|DNF	,,	,|dead|,	RT	RT	XL	2021-06-16T00:00:00Z	moved V to 2B196_20	NA	dead_nf	NA	NA	NA	NA	NA	NA	NA	NA	NA	NA	NA	NA	NA	NA	NA	2	B	2B	196	2021	Control	Early	1	0	1	1	Mock rainout
2B196_20	V |DNF|DNF	1,8,24	,||,resurrected?	RT	RT	XL	2021-06-16T00:00:00Z	said TNF, but tag found	NA	vegetative	4	19	8	25	15	29	9	31	21	NA	NA	NA	NA	NA	NA	2	B	2B	196_20	2021	Control	Early	1	0	1	1	Mock rainout
2B197	V | V | F	,,	,||,	RT	RT	XL	2021-06-16T00:00:00Z	NA	NA	dead_nf	NA	NA	NA	NA	NA	NA	NA	NA	NA	NA	NA	NA	NA	NA	NA	2	B	2B	197	2021	Control	Early	1	0	1	1	Mock rainout
2B198	V |DNF|DNF	0,,	,|nf|,	RT	RT	XL	2021-06-16T00:00:00Z	NA	NA	tagnf	NA	NA	NA	NA	NA	NA	NA	NA	NA	NA	NA	NA	NA	NA	NA	2	B	2B	198	2021	Control	Early	1	0	1	1	Mock rainout
2B199	F |DNF|DNF	0,,	,|dead|,	RT	RT	XL	2021-06-16T00:00:00Z	NA	NA	dead_nf	NA	NA	NA	NA	NA	NA	NA	NA	NA	NA	NA	NA	NA	NA	NA	2	B	2B	199	2021	Control	Early	1	0	1	1	Mock rainout
2B200	V | F |DNF	0,,	,||,	RT	RT	XL	2021-06-16T00:00:00Z	NA	NA	dead_nf	NA	NA	NA	NA	NA	NA	NA	NA	NA	NA	NA	NA	NA	NA	NA	2	B	2B	200	2021	Control	Early	1	0	1	1	Mock rainout
2B201	V | F |DNF	0,,	,||,	RT	RT	XL	2021-06-16T00:00:00Z	NA	NA	dead_nf	NA	NA	NA	NA	NA	NA	NA	NA	NA	NA	NA	NA	NA	NA	NA	2	B	2B	201	2021	Control	Early	1	0	1	1	Mock rainout
2B202	V | F |DNF	0,,	,||,	RT	RT	XL	2021-06-16T00:00:00Z	NA	NA	dead_nf	NA	NA	NA	NA	NA	NA	NA	NA	NA	NA	NA	NA	NA	NA	NA	2	B	2B	202	2021	Control	Early	1	0	1	1	Mock rainout
2B81	V | V | F	,,	,|ts|,	RT	RT	XL	2021-06-16T00:00:00Z	NA	NA	dead_nf	NA	NA	NA	NA	NA	NA	NA	NA	NA	NA	NA	NA	NA	NA	NA	2	B	2B	81	2021	Control	Early	1	0	1	1	Mock rainout
2B82	V |DNF|DNF	0,,	,totally dead|nf|,	RT	RT	XL	2021-06-16T00:00:00Z	NA	NA	dead_nf	NA	NA	NA	NA	NA	NA	NA	NA	NA	NA	NA	NA	NA	NA	NA	2	B	2B	82	2021	Control	Early	1	0	1	1	Mock rainout
2B83	V | V | F	,,	,|L of tag|,	RT	RT	XL	2021-06-16T00:00:00Z	NA	NA	tagnf	NA	NA	NA	NA	NA	NA	NA	NA	NA	NA	NA	NA	NA	NA	NA	2	B	2B	83	2021	Control	Early	1	0	1	1	Mock rainout
2B84	V | F | F	0,,	,||,	RT	RT	XL	2021-06-16T00:00:00Z	NA	NA	dead_nf	NA	NA	NA	NA	NA	NA	NA	NA	NA	NA	NA	NA	NA	NA	NA	2	B	2B	84	2021	Control	Early	1	0	1	1	Mock rainout
2B85	V | V | F	,,	,||,	RT	RT	XL	2021-06-16T00:00:00Z	NA	NA	dead_nf	NA	NA	NA	NA	NA	NA	NA	NA	NA	NA	NA	NA	NA	NA	NA	2	B	2B	85	2021	Control	Early	1	0	1	1	Mock rainout
2B86	V | V | F	,,	,|ID ; ts|,	RT	RT	XL	2021-06-16T00:00:00Z	NA	NA	dead_nf	NA	NA	NA	NA	NA	NA	NA	NA	NA	NA	NA	NA	NA	NA	NA	2	B	2B	86	2021	Control	Early	1	0	1	1	Mock rainout
2B87	F | F | V	1,16,21	,|R of tag|,flowered and lived?	RT	RT	XL	2021-06-16T00:00:00Z	NA	NA	vegetative	4	17	5	26	7	31	10	33	11	NA	NA	NA	NA	NA	NA	2	B	2B	87	2021	Control	Early	1	0	1	1	Mock rainout
2B88	V |DNF|DNF	0,,	,|nf|,	RT	RT	XL	2021-06-16T00:00:00Z	NA	NA	dead_nf	NA	NA	NA	NA	NA	NA	NA	NA	NA	NA	NA	NA	NA	NA	NA	2	B	2B	88	2021	Control	Early	1	0	1	1	Mock rainout
2B89	V | V | F	,,	,|L of tag|,	RT	RT	XL	2021-06-16T00:00:00Z	NA	NA	dead_nf	NA	NA	NA	NA	NA	NA	NA	NA	NA	NA	NA	NA	NA	NA	NA	2	B	2B	89	2021	Control	Early	1	0	1	1	Mock rainout
2B90	V |DNF|DNF	0,,	,|nf|,	RT	RT	XL	2021-06-16T00:00:00Z	NA	NA	dead_nf	NA	NA	NA	NA	NA	NA	NA	NA	NA	NA	NA	NA	NA	NA	NA	2	B	2B	90	2021	Control	Early	1	0	1	1	Mock rainout
2B91	F |DNF|DNF	0,,	,|tagnf|,tagnf last year	RT	RT	XL	2021-06-16T00:00:00Z	NA	NA	dead_nf	NA	NA	NA	NA	NA	NA	NA	NA	NA	NA	NA	NA	NA	NA	NA	2	B	2B	91	2021	Control	Early	1	0	1	1	Mock rainout
2B92	V | F | F	,,	,||,flowered twice?	RT	RT	XL	2021-06-16T00:00:00Z	NA	NA	dead_nf	NA	NA	NA	NA	NA	NA	NA	NA	NA	NA	NA	NA	NA	NA	NA	2	B	2B	92	2021	Control	Early	1	0	1	1	Mock rainout
2B93	V | V | V	2,19,43	,|above tag; 2ts|,	RT	RT	XL	2021-06-16T00:00:00Z	recheck - count stalks	NA	flowering	6	NA	NA	NA	NA	NA	NA	NA	NA	NA	NA	NA	NA	NA	NA	2	B	2B	93	2021	Control	Early	1	0	1	1	Mock rainout
2B94	F |DNF|DNF	0,,	,|dead|,	RT	RT	XL	2021-06-16T00:00:00Z	NA	NA	dead_nf	NA	NA	NA	NA	NA	NA	NA	NA	NA	NA	NA	NA	NA	NA	NA	2	B	2B	94	2021	Control	Early	1	0	1	1	Mock rainout
2B95	V | V |DNF	0,,	,||,died and nf?	RT	RT	XL	2021-06-16T00:00:00Z	NA	NA	dead_nf	NA	NA	NA	NA	NA	NA	NA	NA	NA	NA	NA	NA	NA	NA	NA	2	B	2B	95	2021	Control	Early	1	0	1	1	Mock rainout
2B96	V |DNF|DNF	,,	,|dead|,	RT	RT	XL	2021-06-16T00:00:00Z	NA	NA	tagnf	NA	NA	NA	NA	NA	NA	NA	NA	NA	NA	NA	NA	NA	NA	NA	2	B	2B	96	2021	Control	Early	1	0	1	1	Mock rainout
2B97	V | V | F	,,	,|r of tag|,	RT	RT	XL	2021-06-16T00:00:00Z	NA	NA	dead_nf	NA	NA	NA	NA	NA	NA	NA	NA	NA	NA	NA	NA	NA	NA	NA	2	B	2B	97	2021	Control	Early	1	0	1	1	Mock rainout
2B98	F |DNF|DNF	0,,	,|nf|,	RT	RT	XL	2021-06-16T00:00:00Z	NA	NA	dead_nf	NA	NA	NA	NA	NA	NA	NA	NA	NA	NA	NA	NA	NA	NA	NA	2	B	2B	98	2021	Control	Early	1	0	1	1	Mock rainout
2B99	V | F |DNF	0,,	,||,	RT	RT	XL	2021-06-16T00:00:00Z	NA	NA	dead_nf	NA	NA	NA	NA	NA	NA	NA	NA	NA	NA	NA	NA	NA	NA	NA	2	B	2B	99	2021	Control	Early	1	0	1	1	Mock rainout
2C100	F |DNF|DNF	0,,	,|dead|,	RT	RT	XL	2021-06-16T00:00:00Z	NA	NA	dead_nf	NA	NA	NA	NA	NA	NA	NA	NA	NA	NA	NA	NA	NA	NA	NA	2	C	2C	100	2021	Reduction	Early	1	0	-1	-1	Reduction
2C202	V | F | V	1,9,26	,||,flowered and lived?	RT	RT	XL	2021-06-16T00:00:00Z	NA	NA	vegetative	2	30	6	32	12	NA	NA	NA	NA	NA	NA	NA	NA	NA	NA	2	C	2C	202	2021	Reduction	Early	1	0	-1	-1	Reduction
2C256_20	NA |NA |DNF	0,,	,||,check tag #	RT	RT	XL	2021-06-16T00:00:00Z	NA	NA	tagnf	NA	NA	NA	NA	NA	NA	NA	NA	NA	NA	NA	NA	NA	NA	NA	2	C	2C	256_20	2021	Reduction	Early	1	0	-1	-1	Reduction
2C258	F | V | V	1,13,24	,||,	RT	RT	XL	2021-06-16T00:00:00Z	NA	NA	vegetative	2	42	11	35	16	NA	NA	NA	NA	NA	NA	NA	NA	NA	NA	2	C	2C	258	2021	Reduction	Early	1	0	-1	-1	Reduction
2C259	V | V |TNF	,,	,|below tag; ts|,	RT	RT	XL	2021-06-16T00:00:00Z	NA	NA	vegetative	3	49	25	34	12	36	20	NA	NA	NA	NA	NA	NA	NA	NA	2	C	2C	259	2021	Reduction	Early	1	0	-1	-1	Reduction
2C260	V | V |DNF	0,,	,||,died and nf?	RT	RT	XL	2021-06-16T00:00:00Z	NA	NA	dead_nf	NA	NA	NA	NA	NA	NA	NA	NA	NA	NA	NA	NA	NA	NA	NA	2	C	2C	260	2021	Reduction	Early	1	0	-1	-1	Reduction
2C261	V | V | V	1,32,39	,|tagnf|,tagnf last year	RT	RT	XL	2021-06-16T00:00:00Z	NA	NA	vegetative	1	18	8	NA	NA	NA	NA	NA	NA	NA	NA	NA	NA	NA	NA	2	C	2C	261	2021	Reduction	Early	1	0	-1	-1	Reduction
2C262	V | V | F	,,	,||,	RT	RT	XL	2021-06-16T00:00:00Z	NA	NA	dead_nf	NA	NA	NA	NA	NA	NA	NA	NA	NA	NA	NA	NA	NA	NA	NA	2	C	2C	262	2021	Reduction	Early	1	0	-1	-1	Reduction
2C263	V |DNF|DNF	0,,	,dead|dead|,	RT	RT	XL	2021-06-16T00:00:00Z	NA	NA	dead_nf	NA	NA	NA	NA	NA	NA	NA	NA	NA	NA	NA	NA	NA	NA	NA	2	C	2C	263	2021	Reduction	Early	1	0	-1	-1	Reduction
2C264	V |TNF|DNF	0,,	,|tagnf|,	RT	RT	XL	2021-06-16T00:00:00Z	NA	NA	dead_nf	NA	NA	NA	NA	NA	NA	NA	NA	NA	NA	NA	NA	NA	NA	NA	2	C	2C	264	2021	Reduction	Early	1	0	-1	-1	Reduction
2C265	F |DNF|DNF	0,,	,|dead|,	RT	RT	XL	2021-06-16T00:00:00Z	NA	NA	dead_nf	NA	NA	NA	NA	NA	NA	NA	NA	NA	NA	NA	NA	NA	NA	NA	2	C	2C	265	2021	Reduction	Early	1	0	-1	-1	Reduction
2C266	F | V |TNF	,,	probably 13 rosettes ll=13 is all other rosettes combined,||,	RT	RT	XL	2021-06-16T00:00:00Z	NA	NA	dead_nf	NA	NA	NA	NA	NA	NA	NA	NA	NA	NA	NA	NA	NA	NA	NA	2	C	2C	266	2021	Reduction	Early	1	0	-1	-1	Reduction
2C267	V | V | V	1,13,51	,||,	RT	RT	XL	2021-06-16T00:00:00Z	NA	NA	dead_nf	NA	NA	NA	NA	NA	NA	NA	NA	NA	NA	NA	NA	NA	NA	NA	2	C	2C	267	2021	Reduction	Early	1	0	-1	-1	Reduction
2C268	V | F |DNF	0,,	,||,	RT	RT	XL	2021-06-16T00:00:00Z	NA	NA	dead_nf	NA	NA	NA	NA	NA	NA	NA	NA	NA	NA	NA	NA	NA	NA	NA	2	C	2C	268	2021	Reduction	Early	1	0	-1	-1	Reduction
2C269	V |DNF|DNF	0,,	,|dead|,	RT	RT	XL	2021-06-16T00:00:00Z	recheck - count stalks and rosettes	NA	flowering	NA	NA	NA	NA	NA	NA	NA	NA	NA	NA	NA	NA	NA	NA	NA	2	C	2C	269	2021	Reduction	Early	1	0	-1	-1	Reduction
2C270	V | V | F	,,	,|nf|,refound?	XL	XL	RT	2021-06-16T00:00:00Z	NA	NA	dead_nf	NA	NA	NA	NA	NA	NA	NA	NA	NA	NA	NA	NA	NA	NA	NA	2	C	2C	270	2021	Reduction	Early	1	0	-1	-1	Reduction
2C271	V | V | F	1,,	,||,	XL	XL	RT	2021-06-16T00:00:00Z	NA	NA	dead_nf	NA	NA	NA	NA	NA	NA	NA	NA	NA	NA	NA	NA	NA	NA	NA	2	C	2C	271	2021	Reduction	Early	1	0	-1	-1	Reduction
2C272	V | V |TNF	,,	,||,	XL	XL	RT	2021-06-16T00:00:00Z	NA	NA	dead_nf	NA	NA	NA	NA	NA	NA	NA	NA	NA	NA	NA	NA	NA	NA	NA	2	C	2C	272	2021	Reduction	Early	1	0	-1	-1	Reduction
2C273	V |TNF|DNF	0,,	,|tagnf|,	XL	XL	RT	2021-06-16T00:00:00Z	NA	NA	dead_nf	NA	NA	NA	NA	NA	NA	NA	NA	NA	NA	NA	NA	NA	NA	NA	2	C	2C	273	2021	Reduction	Early	1	0	-1	-1	Reduction
2C274	V | V | F	,,	,|nf|3 near plant,refound?	XL	XL	RT	2021-06-16T00:00:00Z	NA	NA	dead_nf	NA	NA	NA	NA	NA	NA	NA	NA	NA	NA	NA	NA	NA	NA	NA	2	C	2C	274	2021	Reduction	Early	1	0	-1	-1	Reduction
2C275	F |DNF|DNF	,,	,|dead|,	XL	XL	RT	2021-06-16T00:00:00Z	NA	NA	dead_nf	NA	NA	NA	NA	NA	NA	NA	NA	NA	NA	NA	NA	NA	NA	NA	2	C	2C	275	2021	Reduction	Early	1	0	-1	-1	Reduction
2C275_20	F |DNF|DNF	1,16,28	,||,resurrected?	XL	XL	RT	2021-06-16T00:00:00Z	recheck - count stalks and rosettes	NA	flowering	NA	NA	NA	NA	NA	NA	NA	NA	NA	NA	NA	NA	NA	NA	NA	2	C	2C	275_20	2021	Reduction	Early	1	0	-1	-1	Reduction
2C276	F |DNF|DNF	0,,	,|nf|,	XL	XL	RT	2021-06-16T00:00:00Z	NA	NA	dead_nf	NA	NA	NA	NA	NA	NA	NA	NA	NA	NA	NA	NA	NA	NA	NA	2	C	2C	276	2021	Reduction	Early	1	0	-1	-1	Reduction
2C277	V | V | F	,,	,|tagnf|close to flower,tagnf last year	XL	XL	RT	2021-06-16T00:00:00Z	NA	NA	dead_nf	NA	NA	NA	NA	NA	NA	NA	NA	NA	NA	NA	NA	NA	NA	NA	2	C	2C	277	2021	Reduction	Early	1	0	-1	-1	Reduction
2C278	V |TNF|DNF	0,,	,|tagnf|,tagnf last year	XL	XL	RT	2021-06-16T00:00:00Z	NA	NA	dead_nf	NA	NA	NA	NA	NA	NA	NA	NA	NA	NA	NA	NA	NA	NA	NA	2	C	2C	278	2021	Reduction	Early	1	0	-1	-1	Reduction
2C279	F |DNF|DNF	,,	,|nf|,	XL	XL	RT	2021-06-16T00:00:00Z	NA	NA	dead_nf	NA	NA	NA	NA	NA	NA	NA	NA	NA	NA	NA	NA	NA	NA	NA	2	C	2C	279	2021	Reduction	Early	1	0	-1	-1	Reduction
2C280	V | V |TNF	,,	,||,	XL	XL	RT	2021-06-16T00:00:00Z	NA	NA	dead_nf	NA	NA	NA	NA	NA	NA	NA	NA	NA	NA	NA	NA	NA	NA	NA	2	C	2C	280	2021	Reduction	Early	1	0	-1	-1	Reduction
2C281	F |DNF|DNF	0,,	,|nf|,	XL	XL	RT	2021-06-16T00:00:00Z	NA	NA	dead_nf	NA	NA	NA	NA	NA	NA	NA	NA	NA	NA	NA	NA	NA	NA	NA	2	C	2C	281	2021	Reduction	Early	1	0	-1	-1	Reduction
2C282	V | F |DNF	0,,	,||,	XL	XL	RT	2021-06-16T00:00:00Z	NA	NA	dead_nf	NA	NA	NA	NA	NA	NA	NA	NA	NA	NA	NA	NA	NA	NA	NA	2	C	2C	282	2021	Reduction	Early	1	0	-1	-1	Reduction
2C283	V |DNF|DNF	0,,	,|nf|,	XL	XL	RT	2021-06-16T00:00:00Z	NA	NA	dead_nf	NA	NA	NA	NA	NA	NA	NA	NA	NA	NA	NA	NA	NA	NA	NA	2	C	2C	283	2021	Reduction	Early	1	0	-1	-1	Reduction
2C284	F |DNF|DNF	,,	,|nf|,	XL	XL	RT	2021-06-16T00:00:00Z	NA	NA	dead_nf	NA	NA	NA	NA	NA	NA	NA	NA	NA	NA	NA	NA	NA	NA	NA	2	C	2C	284	2021	Reduction	Early	1	0	-1	-1	Reduction
2C284_20	F |DNF|DNF	1,20,49	,||,refound?	XL	XL	RT	2021-06-16T00:00:00Z	NA	NA	vegetative	1	10	11	NA	NA	NA	NA	NA	NA	NA	NA	NA	NA	NA	NA	2	C	2C	284_20	2021	Reduction	Early	1	0	-1	-1	Reduction
2C285	V | F | V	1,,28	,||,count leaves	XL	XL	RT	2021-06-16T00:00:00Z	NA	NA	vegetative	1	44	29	NA	NA	NA	NA	NA	NA	NA	NA	NA	NA	NA	NA	2	C	2C	285	2021	Reduction	Early	1	0	-1	-1	Reduction
2C286	V | F |DNF	0,,	,||,died and nf?	XL	XL	RT	2021-06-16T00:00:00Z	NA	NA	vegetative	1	26	11	NA	NA	NA	NA	NA	NA	NA	NA	NA	NA	NA	NA	2	C	2C	286	2021	Reduction	Early	1	0	-1	-1	Reduction
2C287	V | V | F	,,	,||,	XL	XL	RT	2021-06-16T00:00:00Z	NA	NA	vegetative	3	22	8	28	7	29	34	NA	NA	NA	NA	NA	NA	NA	NA	2	C	2C	287	2021	Reduction	Early	1	0	-1	-1	Reduction
2C288	V | F |DNF	,,	,||,	XL	XL	RT	2021-06-16T00:00:00Z	NA	NA	dead_nf	NA	NA	NA	NA	NA	NA	NA	NA	NA	NA	NA	NA	NA	NA	NA	2	C	2C	288	2021	Reduction	Early	1	0	-1	-1	Reduction
2C289	V | V | F	,,	,|tagnf|,tagnf last year	XL	XL	RT	2021-06-16T00:00:00Z	NA	NA	dead_nf	NA	NA	NA	NA	NA	NA	NA	NA	NA	NA	NA	NA	NA	NA	NA	2	C	2C	289	2021	Reduction	Early	1	0	-1	-1	Reduction
2C290	V | V |DNF	0,,	,||,died and nf?	XL	XL	RT	2021-06-16T00:00:00Z	NA	NA	dead_nf	NA	NA	NA	NA	NA	NA	NA	NA	NA	NA	NA	NA	NA	NA	NA	2	C	2C	290	2021	Reduction	Early	1	0	-1	-1	Reduction
2C291	F |DNF|DNF	,,	,|dead|,	XL	XL	RT	2021-06-16T00:00:00Z	NA	NA	dead_nf	NA	NA	NA	NA	NA	NA	NA	NA	NA	NA	NA	NA	NA	NA	NA	2	C	2C	291	2021	Reduction	Early	1	0	-1	-1	Reduction
2C291_20	F |DNF|DNF	1,8,29	,||,resurrected?	XL	XL	RT	2021-06-16T00:00:00Z	NA	NA	dead_nf	NA	NA	NA	NA	NA	NA	NA	NA	NA	NA	NA	NA	NA	NA	NA	2	C	2C	291_20	2021	Reduction	Early	1	0	-1	-1	Reduction
2C292	V | V | F	,,	,||,	XL	XL	RT	2021-06-16T00:00:00Z	MAY NOT BE SAME PLANT	NA	vegetative	1	27	9	NA	NA	NA	NA	NA	NA	NA	NA	NA	NA	NA	NA	2	C	2C	292	2021	Reduction	Early	1	0	-1	-1	Reduction
2C293	V | V | F	,,	,||,	XL	XL	RT	2021-06-16T00:00:00Z	NA	NA	dead_nf	NA	NA	NA	NA	NA	NA	NA	NA	NA	NA	NA	NA	NA	NA	NA	2	C	2C	293	2021	Reduction	Early	1	0	-1	-1	Reduction
2C294	F |DNF|DNF	,,	,|dead|,	XL	XL	RT	2021-06-16T00:00:00Z	NA	NA	dead_nf	NA	NA	NA	NA	NA	NA	NA	NA	NA	NA	NA	NA	NA	NA	NA	2	C	2C	294	2021	Reduction	Early	1	0	-1	-1	Reduction
2C294_20	F |DNF|DNF	1,19,34	,||,resurrected?	XL	XL	RT	2021-06-16T00:00:00Z	NA	NA	dead_nf	NA	NA	NA	NA	NA	NA	NA	NA	NA	NA	NA	NA	NA	NA	NA	2	C	2C	294_20	2021	Reduction	Early	1	0	-1	-1	Reduction
2C295	F |DNF|DNF	0,,	maybe 8-9 rosettes,|dead|,	XL	XL	RT	2021-06-16T00:00:00Z	recheck - confusing arrows	NA	dead_nf	NA	NA	NA	NA	NA	NA	NA	NA	NA	NA	NA	NA	NA	NA	NA	2	C	2C	295	2021	Reduction	Early	1	0	-1	-1	Reduction
2C296	V | V | V	1,12,42	,||,	XL	XL	RT	2021-06-16T00:00:00Z	recheck - confusing arrows	NA	vegetative	1	19	15	NA	NA	NA	NA	NA	NA	NA	NA	NA	NA	NA	NA	2	C	2C	296	2021	Reduction	Early	1	0	-1	-1	Reduction
2C297	V |DNF|DNF	,,	,|dead|,	XL	XL	RT	2021-06-16T00:00:00Z	recheck - confusing arrows	NA	vegetative	6	30	12	35	6	5	7	21	9	35	9	29	8	NA	NA	2	C	2C	297	2021	Reduction	Early	1	0	-1	-1	Reduction
2C297_20	V |DNF|DNF	,,	,||(+)1 veg. rosette far from tag (left),resurrected?	XL	XL	RT	2021-06-16T00:00:00Z	recheck - confusing arrows	NA	vegetative	2	35	17	25	11	NA	NA	NA	NA	NA	NA	NA	NA	NA	NA	2	C	2C	297_20	2021	Reduction	Early	1	0	-1	-1	Reduction
2C298	V | F |DNF	0,,	,|3 ts|,died and nf?	XL	XL	RT	2021-06-16T00:00:00Z	NA	NA	dead_nf	NA	NA	NA	NA	NA	NA	NA	NA	NA	NA	NA	NA	NA	NA	NA	2	C	2C	298	2021	Reduction	Early	1	0	-1	-1	Reduction
2C299	V | V |DNF	0,,	,|tagnf|,	XL	XL	RT	2021-06-16T00:00:00Z	NA	NA	dead_nf	NA	NA	NA	NA	NA	NA	NA	NA	NA	NA	NA	NA	NA	NA	NA	2	C	2C	299	2021	Reduction	Early	1	0	-1	-1	Reduction
2C300	V | F | V	1,11,27	,||,flowered and lived?	XL	XL	RT	2021-06-16T00:00:00Z	recheck - no status. SHARED 258?	NA	NA	NA	NA	NA	NA	NA	NA	NA	NA	NA	NA	NA	NA	NA	NA	NA	2	C	2C	300	2021	Reduction	Early	1	0	-1	-1	Reduction
2C89	F |DNF|DNF	,,	,|nf|,	XL	XL	RT	2021-06-16T00:00:00Z	NA	NA	dead_nf	NA	NA	NA	NA	NA	NA	NA	NA	NA	NA	NA	NA	NA	NA	NA	2	C	2C	89	2021	Reduction	Early	1	0	-1	-1	Reduction
2C90	F |DNF|DNF	0,,	,|dead|,	XL	XL	RT	2021-06-16T00:00:00Z	NA	NA	dead_nf	NA	NA	NA	NA	NA	NA	NA	NA	NA	NA	NA	NA	NA	NA	NA	2	C	2C	90	2021	Reduction	Early	1	0	-1	-1	Reduction
2C91	V |DNF|DNF	0,,	,|dead|,	XL	XL	RT	2021-06-16T00:00:00Z	NA	NA	dead_nf	NA	NA	NA	NA	NA	NA	NA	NA	NA	NA	NA	NA	NA	NA	NA	2	C	2C	91	2021	Reduction	Early	1	0	-1	-1	Reduction
2C99	V | V |TNF	,,	,||,	XL	XL	RT	2021-06-16T00:00:00Z	NA	NA	tagnf	NA	NA	NA	NA	NA	NA	NA	NA	NA	NA	NA	NA	NA	NA	NA	2	C	2C	99	2021	Reduction	Early	1	0	-1	-1	Reduction
2D183	V | V | V	1,10,38	,||,	XL	XL	RT	2021-06-16T00:00:00Z	recheck - count stalks and rosettes	NA	flowering	NA	NA	NA	NA	NA	NA	NA	NA	NA	NA	NA	NA	NA	NA	NA	2	D	2D	183	2021	Addition	Early	1	0	1	-1	Addition
2D184	V | V | V	1,24,65	,|L of tag|3 plants counted big one to the left,	XL	XL	RT	2021-06-16T00:00:00Z	recheck - count stalks and rosettes	NA	flowering	NA	NA	NA	NA	NA	NA	NA	NA	NA	NA	NA	NA	NA	NA	NA	2	D	2D	184	2021	Addition	Early	1	0	1	-1	Addition
2D185	V | V |DNF	0,,	,|ts|,died and nf?	XL	XL	RT	2021-06-16T00:00:00Z	NA	NA	dead_nf	NA	NA	NA	NA	NA	NA	NA	NA	NA	NA	NA	NA	NA	NA	NA	2	D	2D	185	2021	Addition	Early	1	0	1	-1	Addition
2D186	V | V | V	2,17,55	,|r of tag|,	XL	XL	RT	2021-06-16T00:00:00Z	NA	NA	vegetative	2	43	23	44	24	NA	NA	NA	NA	NA	NA	NA	NA	NA	NA	2	D	2D	186	2021	Addition	Early	1	0	1	-1	Addition
2D187	V | V | F	,,	,|3ts|,	XL	XL	RT	2021-06-16T00:00:00Z	NA	NA	dead_nf	NA	NA	NA	NA	NA	NA	NA	NA	NA	NA	NA	NA	NA	NA	NA	2	D	2D	187	2021	Addition	Early	1	0	1	-1	Addition
2D188	V | V | V	2,15,34	,|4ts|,	XL	XL	RT	2021-06-16T00:00:00Z	NA	NA	vegetative	2	40	12	32	9	NA	NA	NA	NA	NA	NA	NA	NA	NA	NA	2	D	2D	188	2021	Addition	Early	1	0	1	-1	Addition
2D189	F | V |TNF	,,	,|below ts tag|,	XL	XL	RT	2021-06-16T00:00:00Z	TAG FOUND	NA	vegetative	1	44	13	NA	NA	NA	NA	NA	NA	NA	NA	NA	NA	NA	NA	2	D	2D	189	2021	Addition	Early	1	0	1	-1	Addition
2D190	V | V | V	1,21,38	,|below tag|,	XL	XL	RT	2021-06-16T00:00:00Z	NA	NA	vegetative	2	43	24	44	18	NA	NA	NA	NA	NA	NA	NA	NA	NA	NA	2	D	2D	190	2021	Addition	Early	1	0	1	-1	Addition
2D191	V | V | F	1,,	,|ts|,	XL	XL	RT	2021-06-16T00:00:00Z	NA	NA	dead_nf	NA	NA	NA	NA	NA	NA	NA	NA	NA	NA	NA	NA	NA	NA	NA	2	D	2D	191	2021	Addition	Early	1	0	1	-1	Addition
2D192	V |DNF|DNF	,,	,|dead|,	XL	XL	RT	2021-06-16T00:00:00Z	NA	NA	dead_nf	NA	NA	NA	NA	NA	NA	NA	NA	NA	NA	NA	NA	NA	NA	NA	2	D	2D	192	2021	Addition	Early	1	0	1	-1	Addition
2D192_20	V |DNF|DNF	1,17,50	,||,resurrected?	XL	XL	RT	2021-06-16T00:00:00Z	recheck - count stalks and rosettes	NA	flowering	NA	NA	NA	NA	NA	NA	NA	NA	NA	NA	NA	NA	NA	NA	NA	2	D	2D	192_20	2021	Addition	Early	1	0	1	-1	Addition
2D193	V | V | F	,,	,||,	XL	XL	RT	2021-06-16T00:00:00Z	NA	NA	dead_nf	NA	NA	NA	NA	NA	NA	NA	NA	NA	NA	NA	NA	NA	NA	NA	2	D	2D	193	2021	Addition	Early	1	0	1	-1	Addition
2D194	V | V | F	,,	,||,	XL	XL	RT	2021-06-16T00:00:00Z	NA	NA	dead_nf	NA	NA	NA	NA	NA	NA	NA	NA	NA	NA	NA	NA	NA	NA	NA	2	D	2D	194	2021	Addition	Early	1	0	1	-1	Addition
2D195	V | V | V	1,25,32	,||,	XL	XL	RT	2021-06-16T00:00:00Z	NA	NA	vegetative	2	38	10	32	11	NA	NA	NA	NA	NA	NA	NA	NA	NA	NA	2	D	2D	195	2021	Addition	Early	1	0	1	-1	Addition
2D196	V |DNF|DNF	,,	,|nf|,	XL	XL	RT	2021-06-16T00:00:00Z	NA	NA	dead_nf	NA	NA	NA	NA	NA	NA	NA	NA	NA	NA	NA	NA	NA	NA	NA	2	D	2D	196	2021	Addition	Early	1	0	1	-1	Addition
2D196_20	V |DNF|DNF	3,10,48	,||,refound?	XL	XL	RT	2021-06-16T00:00:00Z	NA	NA	vegetative	4	48	10	53	11	44	12	51	9	NA	NA	NA	NA	NA	NA	2	D	2D	196_20	2021	Addition	Early	1	0	1	-1	Addition
2D197	V |DNF|DNF	,,	,|nf|,	XL	XL	RT	2021-06-16T00:00:00Z	NA	NA	dead_nf	NA	NA	NA	NA	NA	NA	NA	NA	NA	NA	NA	NA	NA	NA	NA	2	D	2D	197	2021	Addition	Early	1	0	1	-1	Addition
2D197_20	V |DNF|DNF	2,25,76	,||,refound?	XL	XL	RT	2021-06-16T00:00:00Z	NA	NA	vegetative	4	53	17	49	13	52	14	58	13	NA	NA	NA	NA	NA	NA	2	D	2D	197_20	2021	Addition	Early	1	0	1	-1	Addition
2D198	V |TNF|TNF	,,	,|tagnf|,	XL	XL	RT	2021-06-16T00:00:00Z	NA	NA	tagnf	NA	NA	NA	NA	NA	NA	NA	NA	NA	NA	NA	NA	NA	NA	NA	2	D	2D	198	2021	Addition	Early	1	0	1	-1	Addition
2D199	V | V | V	1,27,44	,|r of tag|,	XL	XL	RT	2021-06-16T00:00:00Z	recheck - count stalks and rosettes	NA	flowering	NA	NA	NA	NA	NA	NA	NA	NA	NA	NA	NA	NA	NA	NA	NA	2	D	2D	199	2021	Addition	Early	1	0	1	-1	Addition
2D200	F |DNF|DNF	0,,	,|dead|,	XL	XL	RT	2021-06-16T00:00:00Z	NA	NA	dead_nf	NA	NA	NA	NA	NA	NA	NA	NA	NA	NA	NA	NA	NA	NA	NA	2	D	2D	200	2021	Addition	Early	1	0	1	-1	Addition
2D201	V | V | V	1,41,40	,||,	XL	XL	RT	2021-06-16T00:00:00Z	NA	NA	vegetative	3	43	19	43	11	40	18	NA	NA	NA	NA	NA	NA	NA	NA	2	D	2D	201	2021	Addition	Early	1	0	1	-1	Addition
2D202	V |DNF|DNF	0,,	,|nf|,	XL	XL	RT	2021-06-16T00:00:00Z	NA	NA	dead_nf	NA	NA	NA	NA	NA	NA	NA	NA	NA	NA	NA	NA	NA	NA	NA	2	D	2D	202	2021	Addition	Early	1	0	1	-1	Addition
2D203	V | V |TNF	,,	,|ts|,	XL	XL	RT	2021-06-16T00:00:00Z	TAG FOUND	NA	dead_nf	NA	NA	NA	NA	NA	NA	NA	NA	NA	NA	NA	NA	NA	NA	NA	2	D	2D	203	2021	Addition	Early	1	0	1	-1	Addition
2D204	V | V | F	,,	,||,	XL	XL	RT	2021-06-16T00:00:00Z	NA	NA	dead_nf	NA	NA	NA	NA	NA	NA	NA	NA	NA	NA	NA	NA	NA	NA	NA	2	D	2D	204	2021	Addition	Early	1	0	1	-1	Addition
2D205	V | F |DNF	0,,	,||,	XL	XL	RT	2021-06-16T00:00:00Z	NA	NA	dead_nf	NA	NA	NA	NA	NA	NA	NA	NA	NA	NA	NA	NA	NA	NA	NA	2	D	2D	205	2021	Addition	Early	1	0	1	-1	Addition
2D206	F |DNF|DNF	0,,	maybe more rosettes,|dead|,	XL	XL	RT	2021-06-16T00:00:00Z	NA	NA	dead_nf	NA	NA	NA	NA	NA	NA	NA	NA	NA	NA	NA	NA	NA	NA	NA	2	D	2D	206	2021	Addition	Early	1	0	1	-1	Addition
2D207	V | V | F	,,	maybe more rosettes,||,flowered twice?	XL	XL	RT	2021-06-16T00:00:00Z	NA	NA	dead_nf	NA	NA	NA	NA	NA	NA	NA	NA	NA	NA	NA	NA	NA	NA	NA	2	D	2D	207	2021	Addition	Early	1	0	1	-1	Addition
2D208	V | V |TNF	,,	,||,	XL	XL	RT	2021-06-16T00:00:00Z	TAG FOUND	NA	dead_nf	NA	NA	NA	NA	NA	NA	NA	NA	NA	NA	NA	NA	NA	NA	NA	2	D	2D	208	2021	Addition	Early	1	0	1	-1	Addition
2D209	V | F |DNF	0,,	,||,	XL	XL	RT	2021-06-16T00:00:00Z	NA	NA	dead_nf	NA	NA	NA	NA	NA	NA	NA	NA	NA	NA	NA	NA	NA	NA	NA	2	D	2D	209	2021	Addition	Early	1	0	1	-1	Addition
2D210	V | V | F	,,	,|below tag|,	XL	XL	RT	2021-06-16T00:00:00Z	NA	NA	dead_nf	NA	NA	NA	NA	NA	NA	NA	NA	NA	NA	NA	NA	NA	NA	NA	2	D	2D	210	2021	Addition	Early	1	0	1	-1	Addition
2D211	V | F | V	1,22,62	,||flowered last year,flowered and lived?	XL	XL	RT	2021-06-16T00:00:00Z	recheck - count stalks and rosettes	NA	flowering	NA	NA	NA	NA	NA	NA	NA	NA	NA	NA	NA	NA	NA	NA	NA	2	D	2D	211	2021	Addition	Early	1	0	1	-1	Addition
2D212	F | F |DNF	0,,	maybe more rosettes,|below tag|,	XL	XL	RT	2021-06-16T00:00:00Z	NA	NA	vegetative	1	5	4	NA	NA	NA	NA	NA	NA	NA	NA	NA	NA	NA	NA	2	D	2D	212	2021	Addition	Early	1	0	1	-1	Addition
2D213	V | F |DNF	0,,	JP:NA in r2_leaves,|below tag|,	XL	XL	RT	2021-06-16T00:00:00Z	NA	NA	dead_nf	NA	NA	NA	NA	NA	NA	NA	NA	NA	NA	NA	NA	NA	NA	NA	2	D	2D	213	2021	Addition	Early	1	0	1	-1	Addition
2D214	V | V | F	,,	,|ts|,	XL	XL	RT	2021-06-16T00:00:00Z	NA	NA	tagnf	NA	NA	NA	NA	NA	NA	NA	NA	NA	NA	NA	NA	NA	NA	NA	2	D	2D	214	2021	Addition	Early	1	0	1	-1	Addition
2D215	V | V | V	1,20,44	,||,	XL	XL	RT	2021-06-16T00:00:00Z	NA	NA	dead_nf	NA	NA	NA	NA	NA	NA	NA	NA	NA	NA	NA	NA	NA	NA	NA	2	D	2D	215	2021	Addition	Early	1	0	1	-1	Addition
2D216	V |DNF|DNF	,,	,|dead|,	XL	XL	RT	2021-06-16T00:00:00Z	NA	NA	dead_nf	NA	NA	NA	NA	NA	NA	NA	NA	NA	NA	NA	NA	NA	NA	NA	2	D	2D	216	2021	Addition	Early	1	0	1	-1	Addition
2D216_20	V |DNF|DNF	1,27,35	,||,resurrected?	XL	XL	RT	2021-06-16T00:00:00Z	NA	NA	dead_nf	NA	NA	NA	NA	NA	NA	NA	NA	NA	NA	NA	NA	NA	NA	NA	2	D	2D	216_20	2021	Addition	Early	1	0	1	-1	Addition
2D217	V | F | V	4,14,38	,|dead|,resurrected?	XL	XL	RT	2021-06-16T00:00:00Z	NA	NA	vegetative	4	55	12	45	10	44	11	45	14	NA	NA	NA	NA	NA	NA	2	D	2D	217	2021	Addition	Early	1	0	1	-1	Addition
2D218	F |DNF|DNF	0,,	,|tagnf|,tagnf last year	XL	XL	RT	2021-06-16T00:00:00Z	NA	NA	dead_nf	NA	NA	NA	NA	NA	NA	NA	NA	NA	NA	NA	NA	NA	NA	NA	2	D	2D	218	2021	Addition	Early	1	0	1	-1	Addition
2D219	V | V | F	,,	,||,	XL	XL	RT	2021-06-16T00:00:00Z	NA	NA	dead_nf	NA	NA	NA	NA	NA	NA	NA	NA	NA	NA	NA	NA	NA	NA	NA	2	D	2D	219	2021	Addition	Early	1	0	1	-1	Addition
2D220	V | V | F	,,	,||,	XL	XL	RT	2021-06-16T00:00:00Z	NA	NA	dead_nf	NA	NA	NA	NA	NA	NA	NA	NA	NA	NA	NA	NA	NA	NA	NA	2	D	2D	220	2021	Addition	Early	1	0	1	-1	Addition
2D221	V | F |DNF	0,,	,||,	XL	XL	RT	2021-06-16T00:00:00Z	NA	NA	dead_nf	NA	NA	NA	NA	NA	NA	NA	NA	NA	NA	NA	NA	NA	NA	NA	2	D	2D	221	2021	Addition	Early	1	0	1	-1	Addition
2D222	V | F |DNF	0,,	,||,	XL	XL	RT	2021-06-16T00:00:00Z	NA	NA	dead_nf	NA	NA	NA	NA	NA	NA	NA	NA	NA	NA	NA	NA	NA	NA	NA	2	D	2D	222	2021	Addition	Early	1	0	1	-1	Addition
2D223	NA | F |TNF	,,	,||,	XL	XL	RT	2021-06-16T00:00:00Z	NA	NA	tagnf	NA	NA	NA	NA	NA	NA	NA	NA	NA	NA	NA	NA	NA	NA	NA	2	D	2D	223	2021	Addition	Early	1	0	1	-1	Addition
2D223_19	NA | F |TNF	,,	,||,	XL	XL	RT	2021-06-16T00:00:00Z	NA	NA	tagnf	NA	NA	NA	NA	NA	NA	NA	NA	NA	NA	NA	NA	NA	NA	NA	2	D	2D	223_19	2021	Addition	Early	1	0	1	-1	Addition
2D224	NA | F |TNF	,,	,||,	XL	XL	RT	2021-06-16T00:00:00Z	NA	NA	tagnf	NA	NA	NA	NA	NA	NA	NA	NA	NA	NA	NA	NA	NA	NA	NA	2	D	2D	224	2021	Addition	Early	1	0	1	-1	Addition
2D224_19	NA | F |TNF	,,	,||,	XL	XL	RT	2021-06-16T00:00:00Z	NA	NA	tagnf	NA	NA	NA	NA	NA	NA	NA	NA	NA	NA	NA	NA	NA	NA	NA	2	D	2D	224_19	2021	Addition	Early	1	0	1	-1	Addition
2D225	V | F |DNF	0,,	,||,check tag #	XL	XL	RT	2021-06-16T00:00:00Z	NA	NA	dead_nf	NA	NA	NA	NA	NA	NA	NA	NA	NA	NA	NA	NA	NA	NA	NA	2	D	2D	225	2021	Addition	Early	1	0	1	-1	Addition
2D256	V | F |DNF	0,,	,||,	XL	XL	RT	2021-06-16T00:00:00Z	NA	NA	dead_nf	NA	NA	NA	NA	NA	NA	NA	NA	NA	NA	NA	NA	NA	NA	NA	2	D	2D	256	2021	Addition	Early	1	0	1	-1	Addition
2D257	V | F |DNF	0,,	,||,	XL	XL	RT	2021-06-16T00:00:00Z	NA	NA	dead_nf	NA	NA	NA	NA	NA	NA	NA	NA	NA	NA	NA	NA	NA	NA	NA	2	D	2D	257	2021	Addition	Early	1	0	1	-1	Addition
2D258	V | F |DNF	0,,	,||,	XL	XL	RT	2021-06-16T00:00:00Z	TAG CAME OUT - changed from NF to TNF	NA	tagnf	NA	NA	NA	NA	NA	NA	NA	NA	NA	NA	NA	NA	NA	NA	NA	2	D	2D	258	2021	Addition	Early	1	0	1	-1	Addition
3A120	V | F |DNF	0,,	,||,	JP	DC	DC	2021-06-16T00:00:00Z	NA	NA	dead_nf	NA	NA	NA	NA	NA	NA	NA	NA	NA	NA	NA	NA	NA	NA	NA	3	A	3A	120	2021	Reduction	Normal	2	0	-1	1	Reduction
3A121	V | V |DNF	0,,	,||,died and nf?	JP	DC	DC	2021-06-16T00:00:00Z	NA	NA	dead_nf	NA	NA	NA	NA	NA	NA	NA	NA	NA	NA	NA	NA	NA	NA	NA	3	A	3A	121	2021	Reduction	Normal	2	0	-1	1	Reduction
3A122	V |DNF|DNF	,,	,dead|nf|,	JP	DC	DC	2021-06-16T00:00:00Z	NA	NA	dead_nf	NA	NA	NA	NA	NA	NA	NA	NA	NA	NA	NA	NA	NA	NA	NA	3	A	3A	122	2021	Reduction	Normal	2	0	-1	1	Reduction
3A123	V |DNF|DNF	0,,	,|dead|,	JP	DC	DC	2021-06-16T00:00:00Z	NA	NA	dead_nf	NA	NA	NA	NA	NA	NA	NA	NA	NA	NA	NA	NA	NA	NA	NA	3	A	3A	123	2021	Reduction	Normal	2	0	-1	1	Reduction
3A124	V | V |TNF	,,	,|eaten;ts|,	JP	DC	DC	2021-06-16T00:00:00Z	NA	NA	vegetative	1	35	9	NA	NA	NA	NA	NA	NA	NA	NA	NA	NA	NA	NA	3	A	3A	124	2021	Reduction	Normal	2	0	-1	1	Reduction
3A125	V | V | F	1,,	,||,	JP	DC	DC	2021-06-16T00:00:00Z	NA	NA	dead_nf	NA	NA	NA	NA	NA	NA	NA	NA	NA	NA	NA	NA	NA	NA	NA	3	A	3A	125	2021	Reduction	Normal	2	0	-1	1	Reduction
3A126	V |DNF|DNF	,,	,|dead|,	JP	DC	DC	2021-06-16T00:00:00Z	NA	NA	dead_nf	NA	NA	NA	NA	NA	NA	NA	NA	NA	NA	NA	NA	NA	NA	NA	3	A	3A	126	2021	Reduction	Normal	2	0	-1	1	Reduction
3A126_20	V |DNF|DNF	1,12,42	,||,resurrected?	JP	DC	DC	2021-06-16T00:00:00Z	recheck - says 2 rosettes but 1 entry	NA	vegetative	2	30	10	NA	NA	NA	NA	NA	NA	NA	NA	NA	NA	NA	NA	3	A	3A	126_20	2021	Reduction	Normal	2	0	-1	1	Reduction
3A127	F |DNF|DNF	0,,	,|dead|,	JP	DC	DC	2021-06-16T00:00:00Z	NA	NA	vegetative	3	40	8	55	14	NA	NA	NA	NA	NA	NA	NA	NA	NA	NA	3	A	3A	127	2021	Reduction	Normal	2	0	-1	1	Reduction
3A128	F |DNF|DNF	0,,	,||,died and nf?	JP	DC	DC	2021-06-16T00:00:00Z	NA	NA	dead_nf	NA	NA	NA	NA	NA	NA	NA	NA	NA	NA	NA	NA	NA	NA	NA	3	A	3A	128	2021	Reduction	Normal	2	0	-1	1	Reduction
3A129	V | V | V	0,,	,||,died and nf?	JP	DC	DC	2021-06-16T00:00:00Z	NA	NA	vegetative	4	20	6	35	6	48	13	22	4	NA	NA	NA	NA	NA	NA	3	A	3A	129	2021	Reduction	Normal	2	0	-1	1	Reduction
3A174	NA | F |TNF	,,	,||,	JP	DC	DC	2021-06-16T00:00:00Z	NA	NA	dead_nf	NA	NA	NA	NA	NA	NA	NA	NA	NA	NA	NA	NA	NA	NA	NA	3	A	3A	174	2021	Reduction	Normal	2	0	-1	1	Reduction
3A174_19	NA | F |TNF	,,	,||,	JP	DC	DC	2021-06-16T00:00:00Z	NA	NA	tagnf	NA	NA	NA	NA	NA	NA	NA	NA	NA	NA	NA	NA	NA	NA	NA	3	A	3A	174_19	2021	Reduction	Normal	2	0	-1	1	Reduction
3A269	V | V | F	1,,	,||,	JP	DC	DC	2021-06-16T00:00:00Z	NA	NA	dead_nf	NA	NA	NA	NA	NA	NA	NA	NA	NA	NA	NA	NA	NA	NA	NA	3	A	3A	269	2021	Reduction	Normal	2	0	-1	1	Reduction
3A270	V | V |DNF	0,,	,||,	JP	DC	DC	2021-06-16T00:00:00Z	NA	NA	dead_nf	NA	NA	NA	NA	NA	NA	NA	NA	NA	NA	NA	NA	NA	NA	NA	3	A	3A	270	2021	Reduction	Normal	2	0	-1	1	Reduction
3A271	V |DNF|DNF	,,	,|nf|,	JP	DC	DC	2021-06-16T00:00:00Z	NA	NA	tagnf	NA	NA	NA	NA	NA	NA	NA	NA	NA	NA	NA	NA	NA	NA	NA	3	A	3A	271	2021	Reduction	Normal	2	0	-1	1	Reduction
3A272	V | F |DNF	0,,	,||,	JP	DC	DC	2021-06-16T00:00:00Z	NA	NA	dead_nf	NA	NA	NA	NA	NA	NA	NA	NA	NA	NA	NA	NA	NA	NA	NA	3	A	3A	272	2021	Reduction	Normal	2	0	-1	1	Reduction
3A273	V | V | F	1,,	,||already flagged,	JP	DC	DC	2021-06-16T00:00:00Z	NA	NA	dead_nf	NA	NA	NA	NA	NA	NA	NA	NA	NA	NA	NA	NA	NA	NA	NA	3	A	3A	273	2021	Reduction	Normal	2	0	-1	1	Reduction
3A274	V | F |DNF	0,,	,||,died and nf?	JP	DC	DC	2021-06-16T00:00:00Z	NA	NA	dead_nf	NA	NA	NA	NA	NA	NA	NA	NA	NA	NA	NA	NA	NA	NA	NA	3	A	3A	274	2021	Reduction	Normal	2	0	-1	1	Reduction
3A275	V |DNF|DNF	0,,	,|dead|,	JP	DC	DC	2021-06-16T00:00:00Z	NA	NA	dead_nf	NA	NA	NA	NA	NA	NA	NA	NA	NA	NA	NA	NA	NA	NA	NA	3	A	3A	275	2021	Reduction	Normal	2	0	-1	1	Reduction
3A276	V | F |DNF	0,,	,|1 ts|,	JP	DC	DC	2021-06-16T00:00:00Z	recheck - says 1 rosette but 3 entries	NA	vegetative	3	20	11	41	9	49	8	NA	NA	NA	NA	NA	NA	NA	NA	3	A	3A	276	2021	Reduction	Normal	2	0	-1	1	Reduction
3A277	V | V | V	1,22,48	,||,	JP	DC	DC	2021-06-16T00:00:00Z	recheck - count rosettes	2	flowering	NA	NA	NA	NA	NA	NA	NA	NA	NA	NA	NA	NA	NA	NA	NA	3	A	3A	277	2021	Reduction	Normal	2	0	-1	1	Reduction
3A278	V | V | F	1,,	,||,	JP	DC	DC	2021-06-16T00:00:00Z	NA	NA	dead_nf	NA	NA	NA	NA	NA	NA	NA	NA	NA	NA	NA	NA	NA	NA	NA	3	A	3A	278	2021	Reduction	Normal	2	0	-1	1	Reduction
3A632	V | V | V	1,18,50	,||,	JP	DC	DC	2021-06-16T00:00:00Z	NA	NA	dead_nf	NA	NA	NA	NA	NA	NA	NA	NA	NA	NA	NA	NA	NA	NA	NA	3	A	3A	632	2021	Reduction	Normal	2	0	-1	1	Reduction
3A633	V | V |DNF	0,,	,|chewed;ts|,	JP	DC	DC	2021-06-16T00:00:00Z	NA	NA	dead_nf	NA	NA	NA	NA	NA	NA	NA	NA	NA	NA	NA	NA	NA	NA	NA	3	A	3A	633	2021	Reduction	Normal	2	0	-1	1	Reduction
3A634	V |DNF|DNF	,,	,|dead|,	JP	DC	DC	2021-06-16T00:00:00Z	says NF (JP added ""T"") but have entry for 3A634_20, so changed to O	NA	dead_nf	NA	NA	NA	NA	NA	NA	NA	NA	NA	NA	NA	NA	NA	NA	NA	3	A	3A	634	2021	Reduction	Normal	2	0	-1	1	Reduction
3A634_20	V |DNF|DNF	2,23,42	,||,resurrected?	JP	DC	DC	2021-06-16T00:00:00Z	NA	NA	vegetative	5	41	11	28	6	32	9	36	9	22	4	NA	NA	NA	NA	3	A	3A	634_20	2021	Reduction	Normal	2	0	-1	1	Reduction
3A635	V | F |DNF	0,,	,||,	JP	DC	DC	2021-06-16T00:00:00Z	NA	NA	dead_nf	NA	NA	NA	NA	NA	NA	NA	NA	NA	NA	NA	NA	NA	NA	NA	3	A	3A	635	2021	Reduction	Normal	2	0	-1	1	Reduction
3A636	V | V | F	1,,	,||already flagged,	JP	DC	DC	2021-06-16T00:00:00Z	NA	NA	dead_nf	NA	NA	NA	NA	NA	NA	NA	NA	NA	NA	NA	NA	NA	NA	NA	3	A	3A	636	2021	Reduction	Normal	2	0	-1	1	Reduction
3A637	V | V | V	2,12,32	,|ts|,	JP	DC	DC	2021-06-16T00:00:00Z	NA	NA	vegetative	2	33	21	45	35	NA	NA	NA	NA	NA	NA	NA	NA	NA	NA	3	A	3A	637	2021	Reduction	Normal	2	0	-1	1	Reduction
3A638	V | V | F	2,,	,|above tag|,	JP	DC	DC	2021-06-16T00:00:00Z	NA	NA	dead_nf	NA	NA	NA	NA	NA	NA	NA	NA	NA	NA	NA	NA	NA	NA	NA	3	A	3A	638	2021	Reduction	Normal	2	0	-1	1	Reduction
3A639	V |DNF|DNF	0,,	,|dead|,	JP	DC	DC	2021-06-16T00:00:00Z	NA	NA	dead_nf	NA	NA	NA	NA	NA	NA	NA	NA	NA	NA	NA	NA	NA	NA	NA	3	A	3A	639	2021	Reduction	Normal	2	0	-1	1	Reduction
3A640	V | V | V	2,7,27	,|eaten;ts|,regrew?	JP	DC	DC	2021-06-16T00:00:00Z	NA	NA	vegetative	2	25	8	21	8	NA	NA	NA	NA	NA	NA	NA	NA	NA	NA	3	A	3A	640	2021	Reduction	Normal	2	0	-1	1	Reduction
3A641	V | V | F	2,,	,||,	JP	DC	DC	2021-06-16T00:00:00Z	NA	NA	dead_nf	NA	NA	NA	NA	NA	NA	NA	NA	NA	NA	NA	NA	NA	NA	NA	3	A	3A	641	2021	Reduction	Normal	2	0	-1	1	Reduction
3A642	V | F |DNF	0,,	,||,died and nf?	JP	DC	DC	2021-06-16T00:00:00Z	NA	NA	dead_nf	NA	NA	NA	NA	NA	NA	NA	NA	NA	NA	NA	NA	NA	NA	NA	3	A	3A	642	2021	Reduction	Normal	2	0	-1	1	Reduction
3A643	V | V | F	1,,	,|nf|,refound?	JP	DC	DC	2021-06-16T00:00:00Z	NA	NA	dead_nf	NA	NA	NA	NA	NA	NA	NA	NA	NA	NA	NA	NA	NA	NA	NA	3	A	3A	643	2021	Reduction	Normal	2	0	-1	1	Reduction
3A644	V | V | V	1,28,33	,|tagnf|,tagnf last year	JP	DC	DC	2021-06-16T00:00:00Z	recheck - says 4 rosettes but 3 entries	NA	vegetative	4	45	12	30	5	38	7	NA	NA	NA	NA	NA	NA	NA	NA	3	A	3A	644	2021	Reduction	Normal	2	0	-1	1	Reduction
3A645	V |DNF|DNF	,,	,|dead|,	JP	DC	DC	2021-06-16T00:00:00Z	NA	NA	dead_nf	NA	NA	NA	NA	NA	NA	NA	NA	NA	NA	NA	NA	NA	NA	NA	3	A	3A	645	2021	Reduction	Normal	2	0	-1	1	Reduction
3A645_20	V |DNF|DNF	1,23,53	,||,resurrected?	JP	DC	DC	2021-06-16T00:00:00Z	recheck - says 3 rosettes but 4 entries	NA	vegetative	3	45	11	50	11	52	10	42	9	NA	NA	NA	NA	NA	NA	3	A	3A	645_20	2021	Reduction	Normal	2	0	-1	1	Reduction
3A645B	V |DNF|DNF	,,	,|dead|,	JP	DC	DC	2021-06-16T00:00:00Z	NA	NA	dead_nf	NA	NA	NA	NA	NA	NA	NA	NA	NA	NA	NA	NA	NA	NA	NA	3	A	3A	645B	2021	Reduction	Normal	2	0	-1	1	Reduction
3A646	V |DNF|DNF	1,,	,|dead|,resurrected?	JP	DC	DC	2021-06-16T00:00:00Z	NA	NA	dead_nf	NA	NA	NA	NA	NA	NA	NA	NA	NA	NA	NA	NA	NA	NA	NA	3	A	3A	646	2021	Reduction	Normal	2	0	-1	1	Reduction
3A647	F | V |DNF	0,,	,||,died and nf?	JP	DC	DC	2021-06-16T00:00:00Z	NA	NA	dead_nf	NA	NA	NA	NA	NA	NA	NA	NA	NA	NA	NA	NA	NA	NA	NA	3	A	3A	647	2021	Reduction	Normal	2	0	-1	1	Reduction
3A647_19	F | V |DNF	,,	,|up L|,	JP	DC	DC	2021-06-16T00:00:00Z	NA	NA	dead_nf	NA	NA	NA	NA	NA	NA	NA	NA	NA	NA	NA	NA	NA	NA	NA	3	A	3A	647_19	2021	Reduction	Normal	2	0	-1	1	Reduction
3A648	V | V | V	1,20,43	,||,	JP	DC	DC	2021-06-16T00:00:00Z	recheck - count rosettes	1	flowering	NA	NA	NA	NA	NA	NA	NA	NA	NA	NA	NA	NA	NA	NA	NA	3	A	3A	648	2021	Reduction	Normal	2	0	-1	1	Reduction
3A649	V | V |TNF	,,	,|chewed;ts|,	JP	DC	DC	2021-06-16T00:00:00Z	NA	NA	tagnf	NA	NA	NA	NA	NA	NA	NA	NA	NA	NA	NA	NA	NA	NA	NA	3	A	3A	649	2021	Reduction	Normal	2	0	-1	1	Reduction
3A650	V | V | V	1,23,50	,|eaten;ts; above tag|,regrew?	JP	DC	DC	2021-06-16T00:00:00Z	NA	NA	vegetative	3	55	18	47	13	49	20	NA	NA	NA	NA	NA	NA	NA	NA	3	A	3A	650	2021	Reduction	Normal	2	0	-1	1	Reduction
3A651	V | V |DNF	0,,	,||,died and nf?	JP	DC	DC	2021-06-16T00:00:00Z	NA	NA	tagnf	NA	NA	NA	NA	NA	NA	NA	NA	NA	NA	NA	NA	NA	NA	NA	3	A	3A	651	2021	Reduction	Normal	2	0	-1	1	Reduction
3A652	V | V | V	1,14,59	,|upper r of tag|,	JP	DC	DC	2021-06-16T00:00:00Z	says ""NF"" but all other plants not found coded as ""D"" on this sheet	NA	dead_nf	NA	NA	NA	NA	NA	NA	NA	NA	NA	NA	NA	NA	NA	NA	NA	3	A	3A	652	2021	Reduction	Normal	2	0	-1	1	Reduction
3A653	V | V |DNF	0,,	,|eaten;ts|,	JP	DC	DC	2021-06-16T00:00:00Z	NA	NA	dead_nf	NA	NA	NA	NA	NA	NA	NA	NA	NA	NA	NA	NA	NA	NA	NA	3	A	3A	653	2021	Reduction	Normal	2	0	-1	1	Reduction
3A654	V |DNF|DNF	0,,	,dead|nf|,	JP	DC	DC	2021-06-16T00:00:00Z	NA	NA	dead_nf	NA	NA	NA	NA	NA	NA	NA	NA	NA	NA	NA	NA	NA	NA	NA	3	A	3A	654	2021	Reduction	Normal	2	0	-1	1	Reduction
3A655	V | V |DNF	0,,	,||,died and nf?	JP	DC	DC	2021-06-16T00:00:00Z	NA	NA	dead_nf	NA	NA	NA	NA	NA	NA	NA	NA	NA	NA	NA	NA	NA	NA	NA	3	A	3A	655	2021	Reduction	Normal	2	0	-1	1	Reduction
3A656	V | V |TNF	,,	,||,	JP	DC	DC	2021-06-16T00:00:00Z	NA	NA	vegetative	1	31	15	NA	NA	NA	NA	NA	NA	NA	NA	NA	NA	NA	NA	3	A	3A	656	2021	Reduction	Normal	2	0	-1	1	Reduction
3A657	V | V | F	1,12,31	,|eaten;ts|,	JP	DC	DC	2021-06-16T00:00:00Z	NA	NA	dead_nf	NA	NA	NA	NA	NA	NA	NA	NA	NA	NA	NA	NA	NA	NA	NA	3	A	3A	657	2021	Reduction	Normal	2	0	-1	1	Reduction
3A658	V | V | V	0,,	,|eaten;ts|,chew death	JP	DC	DC	2021-06-16T00:00:00Z	NA	NA	dead_nf	NA	NA	NA	NA	NA	NA	NA	NA	NA	NA	NA	NA	NA	NA	NA	3	A	3A	658	2021	Reduction	Normal	2	0	-1	1	Reduction
3A659	V | F |DNF	,,	,||,	JP	DC	DC	2021-06-16T00:00:00Z	NA	NA	dead_nf	NA	NA	NA	NA	NA	NA	NA	NA	NA	NA	NA	NA	NA	NA	NA	3	A	3A	659	2021	Reduction	Normal	2	0	-1	1	Reduction
3B601	F |DNF|DNF	0,,	,|dead|,	XL	XL	RT	2021-06-17T00:00:00Z	NA	NA	dead_nf	NA	NA	NA	NA	NA	NA	NA	NA	NA	NA	NA	NA	NA	NA	NA	3	B	3B	601	2021	Control	Normal	2	0	1	1	Mock rainout
3B602	V | V |NA	,,	,||,	XL	XL	RT	2021-06-17T00:00:00Z	TAG RIPPED OFF	NA	tagnf	NA	NA	NA	NA	NA	NA	NA	NA	NA	NA	NA	NA	NA	NA	NA	3	B	3B	602	2021	Control	Normal	2	0	1	1	Mock rainout
3B603	V | V | F	,,	,||,	XL	XL	RT	2021-06-17T00:00:00Z	NA	NA	dead_nf	NA	NA	NA	NA	NA	NA	NA	NA	NA	NA	NA	NA	NA	NA	NA	3	B	3B	603	2021	Control	Normal	2	0	1	1	Mock rainout
3B604	V | V |NA	,,	,||,	XL	XL	RT	2021-06-17T00:00:00Z	NA	NA	dead_nf	NA	NA	NA	NA	NA	NA	NA	NA	NA	NA	NA	NA	NA	NA	NA	3	B	3B	604	2021	Control	Normal	2	0	1	1	Mock rainout
3B605	V | F |DNF	,,	,||,	XL	XL	RT	2021-06-17T00:00:00Z	NA	NA	dead_nf	NA	NA	NA	NA	NA	NA	NA	NA	NA	NA	NA	NA	NA	NA	NA	3	B	3B	605	2021	Control	Normal	2	0	1	1	Mock rainout
3B606	F |DNF|DNF	0,,	,|dead|,	XL	XL	RT	2021-06-17T00:00:00Z	NA	NA	dead_nf	NA	NA	NA	NA	NA	NA	NA	NA	NA	NA	NA	NA	NA	NA	NA	3	B	3B	606	2021	Control	Normal	2	0	1	1	Mock rainout
3B607	V | V | V	1,3,27	,||,	XL	XL	RT	2021-06-17T00:00:00Z	NA	NA	vegetative	2	31	8	22	6	NA	NA	NA	NA	NA	NA	NA	NA	NA	NA	3	B	3B	607	2021	Control	Normal	2	0	1	1	Mock rainout
3B608	V | V | V	1,14,42	,||,	XL	XL	RT	2021-06-17T00:00:00Z	NA	NA	dead_nf	NA	NA	NA	NA	NA	NA	NA	NA	NA	NA	NA	NA	NA	NA	NA	3	B	3B	608	2021	Control	Normal	2	0	1	1	Mock rainout
3B609	V |DNF|DNF	0,,	,|dead|,	XL	XL	RT	2021-06-17T00:00:00Z	NA	NA	dead_nf	NA	NA	NA	NA	NA	NA	NA	NA	NA	NA	NA	NA	NA	NA	NA	3	B	3B	609	2021	Control	Normal	2	0	1	1	Mock rainout
3B610	V | V | V	1,24,59	,||,	XL	XL	RT	2021-06-17T00:00:00Z	NA	NA	vegetative	1	30	21	NA	NA	NA	NA	NA	NA	NA	NA	NA	NA	NA	NA	3	B	3B	610	2021	Control	Normal	2	0	1	1	Mock rainout
3B611	V | F |DNF	,,	,||,	XL	XL	RT	2021-06-17T00:00:00Z	NA	NA	dead_nf	NA	NA	NA	NA	NA	NA	NA	NA	NA	NA	NA	NA	NA	NA	NA	3	B	3B	611	2021	Control	Normal	2	0	1	1	Mock rainout
3B612	V | V |NA	,,	,||,	XL	XL	RT	2021-06-17T00:00:00Z	NA	NA	vegetative	6	46	14	15	6	34	8	43	8	32	7	40	8	NA	NA	3	B	3B	612	2021	Control	Normal	2	0	1	1	Mock rainout
3B613	V |DNF|DNF	0,,	,gone|dead|,	XL	XL	RT	2021-06-17T00:00:00Z	NA	NA	dead_nf	NA	NA	NA	NA	NA	NA	NA	NA	NA	NA	NA	NA	NA	NA	NA	3	B	3B	613	2021	Control	Normal	2	0	1	1	Mock rainout
3B614	V | V | V	2,12,32	,||,	XL	XL	RT	2021-06-17T00:00:00Z	NA	NA	dead_nf	NA	NA	NA	NA	NA	NA	NA	NA	NA	NA	NA	NA	NA	NA	NA	3	B	3B	614	2021	Control	Normal	2	0	1	1	Mock rainout
3B615	V | V |NA	,,	,||,	XL	XL	RT	2021-06-17T00:00:00Z	NA	NA	dead_nf	NA	NA	NA	NA	NA	NA	NA	NA	NA	NA	NA	NA	NA	NA	NA	3	B	3B	615	2021	Control	Normal	2	0	1	1	Mock rainout
3B616	V |DNF|DNF	0,,	,|dead|,	XL	XL	RT	2021-06-17T00:00:00Z	NA	NA	dead_nf	NA	NA	NA	NA	NA	NA	NA	NA	NA	NA	NA	NA	NA	NA	NA	3	B	3B	616	2021	Control	Normal	2	0	1	1	Mock rainout
3B617	V | V |NA	,,	,||,	XL	XL	RT	2021-06-17T00:00:00Z	TAG DETACHED	NA	tagnf	NA	NA	NA	NA	NA	NA	NA	NA	NA	NA	NA	NA	NA	NA	NA	3	B	3B	617	2021	Control	Normal	2	0	1	1	Mock rainout
3B618	V | V | F	,,	,||,	XL	XL	RT	2021-06-17T00:00:00Z	NA	NA	dead_nf	NA	NA	NA	NA	NA	NA	NA	NA	NA	NA	NA	NA	NA	NA	NA	3	B	3B	618	2021	Control	Normal	2	0	1	1	Mock rainout
3B619	V | V |DNF	0,,	,||,died and nf?	XL	XL	RT	2021-06-17T00:00:00Z	NA	NA	dead_nf	NA	NA	NA	NA	NA	NA	NA	NA	NA	NA	NA	NA	NA	NA	NA	3	B	3B	619	2021	Control	Normal	2	0	1	1	Mock rainout
3B620	V |DNF|DNF	0,,	very wilted,dead|dead|,	XL	XL	RT	2021-06-17T00:00:00Z	NA	NA	dead_nf	NA	NA	NA	NA	NA	NA	NA	NA	NA	NA	NA	NA	NA	NA	NA	3	B	3B	620	2021	Control	Normal	2	0	1	1	Mock rainout
3B621	V | V | F	1,,	,||,	XL	XL	RT	2021-06-17T00:00:00Z	NA	NA	dead_nf	NA	NA	NA	NA	NA	NA	NA	NA	NA	NA	NA	NA	NA	NA	NA	3	B	3B	621	2021	Control	Normal	2	0	1	1	Mock rainout
3B622	V | V |NA	,,	,||,	XL	XL	RT	2021-06-17T00:00:00Z	NA	NA	dead_nf	NA	NA	NA	NA	NA	NA	NA	NA	NA	NA	NA	NA	NA	NA	NA	3	B	3B	622	2021	Control	Normal	2	0	1	1	Mock rainout
3B623	V | V |NA	,,	,||,	XL	XL	RT	2021-06-17T00:00:00Z	recheck - count stalks and rosettes	NA	flowering	NA	NA	NA	NA	NA	NA	NA	NA	NA	NA	NA	NA	NA	NA	NA	3	B	3B	623	2021	Control	Normal	2	0	1	1	Mock rainout
3B624	V | F |DNF	,,	,||,rosettes? flowered and lived?	XL	XL	RT	2021-06-17T00:00:00Z	NA	NA	dead_nf	NA	NA	NA	NA	NA	NA	NA	NA	NA	NA	NA	NA	NA	NA	NA	3	B	3B	624	2021	Control	Normal	2	0	1	1	Mock rainout
3B686	V | F |DNF	0,,	,||,	XL	XL	RT	2021-06-17T00:00:00Z	NA	NA	dead_nf	NA	NA	NA	NA	NA	NA	NA	NA	NA	NA	NA	NA	NA	NA	NA	3	B	3B	686	2021	Control	Normal	2	0	1	1	Mock rainout
3B687	V | F |DNF	0,,	,||,	XL	XL	RT	2021-06-17T00:00:00Z	NA	NA	dead_nf	NA	NA	NA	NA	NA	NA	NA	NA	NA	NA	NA	NA	NA	NA	NA	3	B	3B	687	2021	Control	Normal	2	0	1	1	Mock rainout
3B821	V | V | V	1,16,21	,||,	XL	XL	RT	2021-06-17T00:00:00Z	recheck - count stalks and rosettes	NA	flowering	NA	NA	NA	NA	NA	NA	NA	NA	NA	NA	NA	NA	NA	NA	NA	3	B	3B	821	2021	Control	Normal	2	0	1	1	Mock rainout
3B822	V | V | F	2,,	,|ts|,	XL	XL	RT	2021-06-17T00:00:00Z	NA	NA	vegetative	1	34	21	NA	NA	NA	NA	NA	NA	NA	NA	NA	NA	NA	NA	3	B	3B	822	2021	Control	Normal	2	0	1	1	Mock rainout
3B823	V | F | V	1,18,43	,||,flowered and lived?	XL	XL	RT	2021-06-17T00:00:00Z	NA	NA	vegetative	1	26	22	NA	NA	NA	NA	NA	NA	NA	NA	NA	NA	NA	NA	3	B	3B	823	2021	Control	Normal	2	0	1	1	Mock rainout
3B824	F |DNF|DNF	0,,	,|dead|,	XL	XL	RT	2021-06-17T00:00:00Z	NA	NA	tagnf	NA	NA	NA	NA	NA	NA	NA	NA	NA	NA	NA	NA	NA	NA	NA	3	B	3B	824	2021	Control	Normal	2	0	1	1	Mock rainout
3B825	V | V | V	1,11,26	,||,	XL	XL	RT	2021-06-17T00:00:00Z	NA	NA	vegetative	3	35	10	20	6	34	11	NA	NA	NA	NA	NA	NA	NA	NA	3	B	3B	825	2021	Control	Normal	2	0	1	1	Mock rainout
3B826	V |TNF|DNF	0,,	,|tagnf|,tagnf last year	XL	XL	RT	2021-06-17T00:00:00Z	NA	NA	dead_nf	NA	NA	NA	NA	NA	NA	NA	NA	NA	NA	NA	NA	NA	NA	NA	3	B	3B	826	2021	Control	Normal	2	0	1	1	Mock rainout
3B827	V |TNF|TNF	,,	,|tagnf|,	XL	XL	RT	2021-06-17T00:00:00Z	TAG FOUND	NA	dead_nf	NA	NA	NA	NA	NA	NA	NA	NA	NA	NA	NA	NA	NA	NA	NA	3	B	3B	827	2021	Control	Normal	2	0	1	1	Mock rainout
3B828	V | V | F	2,,	,||,	XL	XL	RT	2021-06-17T00:00:00Z	NA	NA	dead_nf	NA	NA	NA	NA	NA	NA	NA	NA	NA	NA	NA	NA	NA	NA	NA	3	B	3B	828	2021	Control	Normal	2	0	1	1	Mock rainout
3B829	V | V |DNF	0,,	munched,|ts|,died and nf?	XL	XL	RT	2021-06-17T00:00:00Z	NA	NA	dead_nf	NA	NA	NA	NA	NA	NA	NA	NA	NA	NA	NA	NA	NA	NA	NA	3	B	3B	829	2021	Control	Normal	2	0	1	1	Mock rainout
3B830	V |DNF|DNF	0,,	munched,dead|nf|,	XL	XL	RT	2021-06-17T00:00:00Z	NA	NA	dead_nf	NA	NA	NA	NA	NA	NA	NA	NA	NA	NA	NA	NA	NA	NA	NA	3	B	3B	830	2021	Control	Normal	2	0	1	1	Mock rainout
3B831	V | V | F	1,,	,||already flagged,	XL	XL	RT	2021-06-17T00:00:00Z	NA	NA	dead_nf	NA	NA	NA	NA	NA	NA	NA	NA	NA	NA	NA	NA	NA	NA	NA	3	B	3B	831	2021	Control	Normal	2	0	1	1	Mock rainout
3B832	V | V |TNF	,,	,||,	XL	XL	RT	2021-06-17T00:00:00Z	NA	NA	dead_nf	NA	NA	NA	NA	NA	NA	NA	NA	NA	NA	NA	NA	NA	NA	NA	3	B	3B	832	2021	Control	Normal	2	0	1	1	Mock rainout
3B833	F |DNF|DNF	0,,	,|dead|,	XL	XL	RT	2021-06-17T00:00:00Z	NA	NA	dead_nf	NA	NA	NA	NA	NA	NA	NA	NA	NA	NA	NA	NA	NA	NA	NA	3	B	3B	833	2021	Control	Normal	2	0	1	1	Mock rainout
3B834	V | V | V	1,12,41	,||,	XL	XL	RT	2021-06-17T00:00:00Z	NA	NA	dead_nf	NA	NA	NA	NA	NA	NA	NA	NA	NA	NA	NA	NA	NA	NA	NA	3	B	3B	834	2021	Control	Normal	2	0	1	1	Mock rainout
3B835	V | V | V	0,,	,||,died and nf?	XL	XL	RT	2021-06-17T00:00:00Z	NA	NA	vegetative	2	34	14	34	9	NA	NA	NA	NA	NA	NA	NA	NA	NA	NA	3	B	3B	835	2021	Control	Normal	2	0	1	1	Mock rainout
3B836	V |DNF|DNF	0,,	,|dead|,	XL	XL	RT	2021-06-17T00:00:00Z	NA	NA	dead_nf	NA	NA	NA	NA	NA	NA	NA	NA	NA	NA	NA	NA	NA	NA	NA	3	B	3B	836	2021	Control	Normal	2	0	1	1	Mock rainout
3B837	V | V | V	1,15,36	,||,	XL	XL	RT	2021-06-17T00:00:00Z	NA	NA	vegetative	2	41	6	54	9	NA	NA	NA	NA	NA	NA	NA	NA	NA	NA	3	B	3B	837	2021	Control	Normal	2	0	1	1	Mock rainout
3B838	V | V | F	4,,	breaking,||already flagged,	XL	XL	RT	2021-06-17T00:00:00Z	NA	NA	dead_nf	NA	NA	NA	NA	NA	NA	NA	NA	NA	NA	NA	NA	NA	NA	NA	3	B	3B	838	2021	Control	Normal	2	0	1	1	Mock rainout
3C120_20	NA |NA |DNF	0,,	,||,check tag #	RT	RT	XL	2021-06-17T00:00:00Z	NA	NA	dead_nf	NA	NA	NA	NA	NA	NA	NA	NA	NA	NA	NA	NA	NA	NA	NA	3	C	3C	120_20	2021	Addition	Normal	2	0	-1	-1	Addition
3C122	V | F | V	1,6,11	,||,flowered and lived?	RT	RT	XL	2021-06-17T00:00:00Z	NA	NA	dead_nf	NA	NA	NA	NA	NA	NA	NA	NA	NA	NA	NA	NA	NA	NA	NA	3	C	3C	122	2021	Addition	Normal	2	0	-1	-1	Addition
3C123	V | V |DNF	0,,	,||,	RT	RT	XL	2021-06-17T00:00:00Z	NA	NA	dead_nf	NA	NA	NA	NA	NA	NA	NA	NA	NA	NA	NA	NA	NA	NA	NA	3	C	3C	123	2021	Addition	Normal	2	0	-1	-1	Addition
3C124	V | V | V	1,10,19	,||,	RT	RT	XL	2021-06-17T00:00:00Z	NA	NA	vegetative	2	21	16	4	3	NA	NA	NA	NA	NA	NA	NA	NA	NA	NA	3	C	3C	124	2021	Addition	Normal	2	0	-1	-1	Addition
3C125	V | V |DNF	0,,	,|ts|,died and nf?	RT	RT	XL	2021-06-17T00:00:00Z	NA	NA	dead_nf	NA	NA	NA	NA	NA	NA	NA	NA	NA	NA	NA	NA	NA	NA	NA	3	C	3C	125	2021	Addition	Normal	2	0	-1	-1	Addition
3C126	V | V | F	1,,	,|ts|,	RT	RT	XL	2021-06-17T00:00:00Z	NA	NA	dead_nf	NA	NA	NA	NA	NA	NA	NA	NA	NA	NA	NA	NA	NA	NA	NA	3	C	3C	126	2021	Addition	Normal	2	0	-1	-1	Addition
3C127	F |DNF|DNF	0,,	,|dead|,	RT	RT	XL	2021-06-17T00:00:00Z	NA	NA	dead_nf	NA	NA	NA	NA	NA	NA	NA	NA	NA	NA	NA	NA	NA	NA	NA	3	C	3C	127	2021	Addition	Normal	2	0	-1	-1	Addition
3C128	V | V |DNF	0,,	,||,	RT	RT	XL	2021-06-17T00:00:00Z	NA	NA	dead_nf	NA	NA	NA	NA	NA	NA	NA	NA	NA	NA	NA	NA	NA	NA	NA	3	C	3C	128	2021	Addition	Normal	2	0	-1	-1	Addition
3C129	V | V |DNF	0,,	,||,	RT	RT	XL	2021-06-17T00:00:00Z	NA	NA	dead_nf	NA	NA	NA	NA	NA	NA	NA	NA	NA	NA	NA	NA	NA	NA	NA	3	C	3C	129	2021	Addition	Normal	2	0	-1	-1	Addition
3C130	V | F |DNF	0,,	,||,	RT	RT	XL	2021-06-17T00:00:00Z	NA	NA	dead_nf	NA	NA	NA	NA	NA	NA	NA	NA	NA	NA	NA	NA	NA	NA	NA	3	C	3C	130	2021	Addition	Normal	2	0	-1	-1	Addition
3C131	V | F | F	0,,	,||,	RT	RT	XL	2021-06-17T00:00:00Z	NA	NA	dead_nf	NA	NA	NA	NA	NA	NA	NA	NA	NA	NA	NA	NA	NA	NA	NA	3	C	3C	131	2021	Addition	Normal	2	0	-1	-1	Addition
3C132	F |DNF|DNF	0,,	,|dead|,	RT	RT	XL	2021-06-17T00:00:00Z	NA	NA	dead_nf	NA	NA	NA	NA	NA	NA	NA	NA	NA	NA	NA	NA	NA	NA	NA	3	C	3C	132	2021	Addition	Normal	2	0	-1	-1	Addition
3C133	V | V | F	1,,	,||,	RT	RT	XL	2021-06-17T00:00:00Z	NA	NA	vegetative	1	51	28	NA	NA	NA	NA	NA	NA	NA	NA	NA	NA	NA	NA	3	C	3C	133	2021	Addition	Normal	2	0	-1	-1	Addition
3C134	V |DNF|DNF	0,,	,|dead|,	RT	RT	XL	2021-06-17T00:00:00Z	NA	NA	dead_nf	NA	NA	NA	NA	NA	NA	NA	NA	NA	NA	NA	NA	NA	NA	NA	3	C	3C	134	2021	Addition	Normal	2	0	-1	-1	Addition
3C135	V | V |DNF	0,,	,||,died and nf?	RT	RT	XL	2021-06-17T00:00:00Z	NA	NA	dead_nf	NA	NA	NA	NA	NA	NA	NA	NA	NA	NA	NA	NA	NA	NA	NA	3	C	3C	135	2021	Addition	Normal	2	0	-1	-1	Addition
3C136	V |DNF|DNF	,,	,|dead|,	RT	RT	XL	2021-06-17T00:00:00Z	changed from NF to O	NA	dead_nf	NA	NA	NA	NA	NA	NA	NA	NA	NA	NA	NA	NA	NA	NA	NA	3	C	3C	136	2021	Addition	Normal	2	0	-1	-1	Addition
3C136_20	V |DNF|DNF	1,10,21	,||,resurrected?	RT	RT	XL	2021-06-17T00:00:00Z	NA	NA	tagnf	NA	NA	NA	NA	NA	NA	NA	NA	NA	NA	NA	NA	NA	NA	NA	3	C	3C	136_20	2021	Addition	Normal	2	0	-1	-1	Addition
3C137	V | V | F	1,,	,||,	RT	RT	XL	2021-06-17T00:00:00Z	NA	NA	dead_nf	NA	NA	NA	NA	NA	NA	NA	NA	NA	NA	NA	NA	NA	NA	NA	3	C	3C	137	2021	Addition	Normal	2	0	-1	-1	Addition
3C138	V | F |DNF	0,,	,||flowered last year,	RT	RT	XL	2021-06-17T00:00:00Z	NA	NA	dead_nf	NA	NA	NA	NA	NA	NA	NA	NA	NA	NA	NA	NA	NA	NA	NA	3	C	3C	138	2021	Addition	Normal	2	0	-1	-1	Addition
3C139	V | V | F	2,,	,||,	RT	RT	XL	2021-06-17T00:00:00Z	NA	NA	dead_nf	NA	NA	NA	NA	NA	NA	NA	NA	NA	NA	NA	NA	NA	NA	NA	3	C	3C	139	2021	Addition	Normal	2	0	-1	-1	Addition
3C140	V | F |DNF	0,,	,||,	RT	RT	XL	2021-06-17T00:00:00Z	NA	NA	dead_nf	NA	NA	NA	NA	NA	NA	NA	NA	NA	NA	NA	NA	NA	NA	NA	3	C	3C	140	2021	Addition	Normal	2	0	-1	-1	Addition
3C141	V | V |TNF	,,	,||,	RT	RT	XL	2021-06-17T00:00:00Z	NA	NA	dead_nf	NA	NA	NA	NA	NA	NA	NA	NA	NA	NA	NA	NA	NA	NA	NA	3	C	3C	141	2021	Addition	Normal	2	0	-1	-1	Addition
3C142	V | F | F	1,,	,||,flowered twice?	RT	RT	XL	2021-06-17T00:00:00Z	NA	NA	dead_nf	NA	NA	NA	NA	NA	NA	NA	NA	NA	NA	NA	NA	NA	NA	NA	3	C	3C	142	2021	Addition	Normal	2	0	-1	-1	Addition
3C143	V | F | F	1,,	,||,flowered twice?	RT	RT	XL	2021-06-17T00:00:00Z	NA	NA	dead_nf	NA	NA	NA	NA	NA	NA	NA	NA	NA	NA	NA	NA	NA	NA	NA	3	C	3C	143	2021	Addition	Normal	2	0	-1	-1	Addition
3C144	V | V | V	1,17,21	,|ts|,	RT	RT	XL	2021-06-17T00:00:00Z	NA	NA	vegetative	5	22	8	13	4	23	5	19	6	10	5	NA	NA	NA	NA	3	C	3C	144	2021	Addition	Normal	2	0	-1	-1	Addition
3C145	V | V |DNF	0,,	missing,||,died and nf?	RT	RT	XL	2021-06-17T00:00:00Z	NA	NA	dead_nf	NA	NA	NA	NA	NA	NA	NA	NA	NA	NA	NA	NA	NA	NA	NA	3	C	3C	145	2021	Addition	Normal	2	0	-1	-1	Addition
3C146	V | F |DNF	0,,	,||,	RT	RT	XL	2021-06-17T00:00:00Z	NA	NA	dead_nf	NA	NA	NA	NA	NA	NA	NA	NA	NA	NA	NA	NA	NA	NA	NA	3	C	3C	146	2021	Addition	Normal	2	0	-1	-1	Addition
3C147	F |DNF|DNF	,,	,|dead|,	RT	RT	XL	2021-06-17T00:00:00Z	changed from NF to O	NA	dead_nf	NA	NA	NA	NA	NA	NA	NA	NA	NA	NA	NA	NA	NA	NA	NA	3	C	3C	147	2021	Addition	Normal	2	0	-1	-1	Addition
3C147_20	F |DNF|DNF	1,,	,||,count leaves. resurrected?	RT	RT	XL	2021-06-17T00:00:00Z	NA	NA	tagnf	NA	NA	NA	NA	NA	NA	NA	NA	NA	NA	NA	NA	NA	NA	NA	3	C	3C	147_20	2021	Addition	Normal	2	0	-1	-1	Addition
3C148	V | F |DNF	0,,	,||,	RT	RT	XL	2021-06-17T00:00:00Z	NA	NA	tagnf	NA	NA	NA	NA	NA	NA	NA	NA	NA	NA	NA	NA	NA	NA	NA	3	C	3C	148	2021	Addition	Normal	2	0	-1	-1	Addition
3C149	V | F | V	1,19,51	,||,flowered and lived?	RT	RT	XL	2021-06-17T00:00:00Z	recheck - count stalks and rosettes	NA	flowering	NA	NA	NA	NA	NA	NA	NA	NA	NA	NA	NA	NA	NA	NA	NA	3	C	3C	149	2021	Addition	Normal	2	0	-1	-1	Addition
3C150	V | F |DNF	0,,	missing,||,	RT	RT	XL	2021-06-17T00:00:00Z	NA	NA	dead_nf	NA	NA	NA	NA	NA	NA	NA	NA	NA	NA	NA	NA	NA	NA	NA	3	C	3C	150	2021	Addition	Normal	2	0	-1	-1	Addition
3C151	V | F |DNF	0,,	,||,	RT	RT	XL	2021-06-17T00:00:00Z	NA	NA	dead_nf	NA	NA	NA	NA	NA	NA	NA	NA	NA	NA	NA	NA	NA	NA	NA	3	C	3C	151	2021	Addition	Normal	2	0	-1	-1	Addition
3C152	V | V | F	,,	missing,||,	RT	RT	XL	2021-06-17T00:00:00Z	NA	NA	dead_nf	NA	NA	NA	NA	NA	NA	NA	NA	NA	NA	NA	NA	NA	NA	NA	3	C	3C	152	2021	Addition	Normal	2	0	-1	-1	Addition
3C153	V | V | F	3,,	,||,	RT	RT	XL	2021-06-17T00:00:00Z	NA	NA	dead_nf	NA	NA	NA	NA	NA	NA	NA	NA	NA	NA	NA	NA	NA	NA	NA	3	C	3C	153	2021	Addition	Normal	2	0	-1	-1	Addition
3C154	V | V | F	1,,	,||,	RT	RT	XL	2021-06-17T00:00:00Z	NA	NA	dead_nf	NA	NA	NA	NA	NA	NA	NA	NA	NA	NA	NA	NA	NA	NA	NA	3	C	3C	154	2021	Addition	Normal	2	0	-1	-1	Addition
3C155	V | V | V	1,16,31	,||,	RT	RT	XL	2021-06-17T00:00:00Z	NA	NA	vegetative	1	26	34	NA	NA	NA	NA	NA	NA	NA	NA	NA	NA	NA	NA	3	C	3C	155	2021	Addition	Normal	2	0	-1	-1	Addition
3C156	F |DNF|DNF	0,,	,|dead|,	RT	RT	XL	2021-06-17T00:00:00Z	NA	NA	dead_nf	NA	NA	NA	NA	NA	NA	NA	NA	NA	NA	NA	NA	NA	NA	NA	3	C	3C	156	2021	Addition	Normal	2	0	-1	-1	Addition
3C157	V | V | V	1,21,39	,||,	RT	RT	XL	2021-06-17T00:00:00Z	NA	NA	tagnf	NA	NA	NA	NA	NA	NA	NA	NA	NA	NA	NA	NA	NA	NA	NA	3	C	3C	157	2021	Addition	Normal	2	0	-1	-1	Addition
3C158	V | V | F	3,,	,||,	RT	RT	XL	2021-06-17T00:00:00Z	NA	NA	dead_nf	NA	NA	NA	NA	NA	NA	NA	NA	NA	NA	NA	NA	NA	NA	NA	3	C	3C	158	2021	Addition	Normal	2	0	-1	-1	Addition
3C159	V | V | F	1,,	,||,	RT	RT	XL	2021-06-17T00:00:00Z	NA	NA	dead_nf	NA	NA	NA	NA	NA	NA	NA	NA	NA	NA	NA	NA	NA	NA	NA	3	C	3C	159	2021	Addition	Normal	2	0	-1	-1	Addition
3C160	V | V | V	1,4,21	,||,	RT	RT	XL	2021-06-17T00:00:00Z	NA	NA	dead_nf	NA	NA	NA	NA	NA	NA	NA	NA	NA	NA	NA	NA	NA	NA	NA	3	C	3C	160	2021	Addition	Normal	2	0	-1	-1	Addition
3C161	V | F |DNF	0,,	,||,	RT	RT	XL	2021-06-17T00:00:00Z	NA	NA	dead_nf	NA	NA	NA	NA	NA	NA	NA	NA	NA	NA	NA	NA	NA	NA	NA	3	C	3C	161	2021	Addition	Normal	2	0	-1	-1	Addition
3C162	V | V | V	1,18,41	,||,	RT	RT	XL	2021-06-17T00:00:00Z	recheck - count stalks and rosettes	NA	flowering	NA	NA	NA	NA	NA	NA	NA	NA	NA	NA	NA	NA	NA	NA	NA	3	C	3C	162	2021	Addition	Normal	2	0	-1	-1	Addition
3C163	F |DNF|DNF	0,,	,|dead|,	RT	RT	XL	2021-06-17T00:00:00Z	NA	NA	dead_nf	NA	NA	NA	NA	NA	NA	NA	NA	NA	NA	NA	NA	NA	NA	NA	3	C	3C	163	2021	Addition	Normal	2	0	-1	-1	Addition
3C164	V | F |DNF	0,,	,||,died and nf?	RT	RT	XL	2021-06-17T00:00:00Z	NA	NA	tagnf	NA	NA	NA	NA	NA	NA	NA	NA	NA	NA	NA	NA	NA	NA	NA	3	C	3C	164	2021	Addition	Normal	2	0	-1	-1	Addition
3C165	V | V | V	1,9,20	,gone|tagnf|,tagnf last year	RT	RT	XL	2021-06-17T00:00:00Z	NA	NA	vegetative	1	45	27	NA	NA	NA	NA	NA	NA	NA	NA	NA	NA	NA	NA	3	C	3C	165	2021	Addition	Normal	2	0	-1	-1	Addition
3C166	V | V | F	2,,	,||,	RT	RT	XL	2021-06-17T00:00:00Z	NA	NA	dead_nf	NA	NA	NA	NA	NA	NA	NA	NA	NA	NA	NA	NA	NA	NA	NA	3	C	3C	166	2021	Addition	Normal	2	0	-1	-1	Addition
3C167	V | F |DNF	0,,	,||,	RT	RT	XL	2021-06-17T00:00:00Z	NA	NA	dead_nf	NA	NA	NA	NA	NA	NA	NA	NA	NA	NA	NA	NA	NA	NA	NA	3	C	3C	167	2021	Addition	Normal	2	0	-1	-1	Addition
3C168	F |DNF|DNF	,,	,|tagnf|,	RT	RT	XL	2021-06-17T00:00:00Z	NA	NA	tagnf	NA	NA	NA	NA	NA	NA	NA	NA	NA	NA	NA	NA	NA	NA	NA	3	C	3C	168	2021	Addition	Normal	2	0	-1	-1	Addition
3C169	V | V | F	2,,	,||,	RT	RT	XL	2021-06-17T00:00:00Z	NA	NA	dead_nf	NA	NA	NA	NA	NA	NA	NA	NA	NA	NA	NA	NA	NA	NA	NA	3	C	3C	169	2021	Addition	Normal	2	0	-1	-1	Addition
3C170	V | V |DNF	0,,	,||,	RT	RT	XL	2021-06-17T00:00:00Z	NA	NA	dead_nf	NA	NA	NA	NA	NA	NA	NA	NA	NA	NA	NA	NA	NA	NA	NA	3	C	3C	170	2021	Addition	Normal	2	0	-1	-1	Addition
3C171	F |DNF|DNF	0,,	,|dead|,	RT	RT	XL	2021-06-17T00:00:00Z	NA	NA	dead_nf	NA	NA	NA	NA	NA	NA	NA	NA	NA	NA	NA	NA	NA	NA	NA	3	C	3C	171	2021	Addition	Normal	2	0	-1	-1	Addition
3C172	V | F |DNF	0,,	,||,	RT	RT	XL	2021-06-17T00:00:00Z	NA	NA	dead_nf	NA	NA	NA	NA	NA	NA	NA	NA	NA	NA	NA	NA	NA	NA	NA	3	C	3C	172	2021	Addition	Normal	2	0	-1	-1	Addition
3C173	V | V | F	2,,	,||,	RT	RT	XL	2021-06-17T00:00:00Z	NA	NA	dead_nf	NA	NA	NA	NA	NA	NA	NA	NA	NA	NA	NA	NA	NA	NA	NA	3	C	3C	173	2021	Addition	Normal	2	0	-1	-1	Addition
3C174	V | V | F	0,,	,||,died and nf?	RT	RT	XL	2021-06-17T00:00:00Z	NA	NA	dead_nf	NA	NA	NA	NA	NA	NA	NA	NA	NA	NA	NA	NA	NA	NA	NA	3	C	3C	174	2021	Addition	Normal	2	0	-1	-1	Addition
3C175	V | F |DNF	0,,	,||,	RT	RT	XL	2021-06-17T00:00:00Z	NA	NA	dead_nf	NA	NA	NA	NA	NA	NA	NA	NA	NA	NA	NA	NA	NA	NA	NA	3	C	3C	175	2021	Addition	Normal	2	0	-1	-1	Addition
3C176	V | V |TNF	,,	,||,	RT	RT	XL	2021-06-17T00:00:00Z	recheck - count stalks and rosettes	NA	flowering	NA	NA	NA	NA	NA	NA	NA	NA	NA	NA	NA	NA	NA	NA	NA	3	C	3C	176	2021	Addition	Normal	2	0	-1	-1	Addition
3C177	V | V | F	3,,	,||,	RT	RT	XL	2021-06-17T00:00:00Z	NA	NA	dead_nf	NA	NA	NA	NA	NA	NA	NA	NA	NA	NA	NA	NA	NA	NA	NA	3	C	3C	177	2021	Addition	Normal	2	0	-1	-1	Addition
3C178	V |DNF|DNF	0,,	,|dead|,	RT	RT	XL	2021-06-17T00:00:00Z	NA	NA	dead_nf	NA	NA	NA	NA	NA	NA	NA	NA	NA	NA	NA	NA	NA	NA	NA	3	C	3C	178	2021	Addition	Normal	2	0	-1	-1	Addition
3C179	V | F |DNF	0,,	,||,	RT	RT	XL	2021-06-17T00:00:00Z	NA	NA	dead_nf	NA	NA	NA	NA	NA	NA	NA	NA	NA	NA	NA	NA	NA	NA	NA	3	C	3C	179	2021	Addition	Normal	2	0	-1	-1	Addition
3C180	V | V |DNF	0,,	,|ts|,	RT	RT	XL	2021-06-17T00:00:00Z	NA	NA	dead_nf	NA	NA	NA	NA	NA	NA	NA	NA	NA	NA	NA	NA	NA	NA	NA	3	C	3C	180	2021	Addition	Normal	2	0	-1	-1	Addition
3C181	V | V |DNF	0,,	,||,	RT	RT	XL	2021-06-17T00:00:00Z	NA	NA	vegetative	2	34	33	30	14	NA	NA	NA	NA	NA	NA	NA	NA	NA	NA	3	C	3C	181	2021	Addition	Normal	2	0	-1	-1	Addition
3C182	V | F |DNF	0,,	,||,	RT	RT	XL	2021-06-17T00:00:00Z	NA	NA	dead_nf	NA	NA	NA	NA	NA	NA	NA	NA	NA	NA	NA	NA	NA	NA	NA	3	C	3C	182	2021	Addition	Normal	2	0	-1	-1	Addition
3C183	V | F |DNF	0,,	,||,	RT	RT	XL	2021-06-17T00:00:00Z	NA	NA	dead_nf	NA	NA	NA	NA	NA	NA	NA	NA	NA	NA	NA	NA	NA	NA	NA	3	C	3C	183	2021	Addition	Normal	2	0	-1	-1	Addition
3C184	V | F |DNF	1,,	,||,flowered twice?	RT	RT	XL	2021-06-17T00:00:00Z	NA	NA	dead_nf	NA	NA	NA	NA	NA	NA	NA	NA	NA	NA	NA	NA	NA	NA	NA	3	C	3C	184	2021	Addition	Normal	2	0	-1	-1	Addition
3C185	V | F |DNF	0,4,9	,||,check tag #	RT	RT	XL	2021-06-17T00:00:00Z	NA	NA	dead_nf	NA	NA	NA	NA	NA	NA	NA	NA	NA	NA	NA	NA	NA	NA	NA	3	C	3C	185	2021	Addition	Normal	2	0	-1	-1	Addition
3C213	V | V | F	1,,	,||tagged in 2020,	RT	RT	XL	2021-06-17T00:00:00Z	NA	NA	tagnf	NA	NA	NA	NA	NA	NA	NA	NA	NA	NA	NA	NA	NA	NA	NA	3	C	3C	213	2021	Addition	Normal	2	0	-1	-1	Addition
3C86	F |DNF|DNF	,,	,||,	RT	RT	XL	2021-06-17T00:00:00Z	NA	NA	tagnf	NA	NA	NA	NA	NA	NA	NA	NA	NA	NA	NA	NA	NA	NA	NA	3	C	3C	86	2021	Addition	Normal	2	0	-1	-1	Addition
3C94	F |DNF|DNF	0,,	,||,check tag #	RT	RT	XL	2021-06-17T00:00:00Z	NA	NA	dead_nf	NA	NA	NA	NA	NA	NA	NA	NA	NA	NA	NA	NA	NA	NA	NA	3	C	3C	94	2021	Addition	Normal	2	0	-1	-1	Addition
3C98	F |DNF|DNF	0,,	,||,check tag #	RT	RT	XL	2021-06-17T00:00:00Z	NA	NA	dead_nf	NA	NA	NA	NA	NA	NA	NA	NA	NA	NA	NA	NA	NA	NA	NA	3	C	3C	98	2021	Addition	Normal	2	0	-1	-1	Addition
3D255	F |DNF|DNF	0,,	,||not on sheet, write-in,	XL	XL	RT	2021-06-17T00:00:00Z	recheck - count stalks and rosettes. Plant was dead for 2 years, new plant?	NA	flowering	NA	NA	NA	NA	NA	NA	NA	NA	NA	NA	NA	NA	NA	NA	NA	3	D	3D	255	2021	Control	Normal	2	0	1	-1	Control
3D839	V | V |DNF	0,,	,|ts|,	XL	XL	RT	2021-06-17T00:00:00Z	NA	NA	dead_nf	NA	NA	NA	NA	NA	NA	NA	NA	NA	NA	NA	NA	NA	NA	NA	3	D	3D	839	2021	Control	Normal	2	0	1	-1	Control
3D840	V | V | F	1,,	,|L of tag; ts|,	XL	XL	RT	2021-06-17T00:00:00Z	NA	NA	dead_nf	NA	NA	NA	NA	NA	NA	NA	NA	NA	NA	NA	NA	NA	NA	NA	3	D	3D	840	2021	Control	Normal	2	0	1	-1	Control
3D841	V | V | V	1,14,27	,||,	XL	XL	RT	2021-06-17T00:00:00Z	NA	NA	vegetative	1	37	14	NA	NA	NA	NA	NA	NA	NA	NA	NA	NA	NA	NA	3	D	3D	841	2021	Control	Normal	2	0	1	-1	Control
3D842	V | V | V	1,8,15	,||,	XL	XL	RT	2021-06-17T00:00:00Z	NA	NA	vegetative	1	37	14	NA	NA	NA	NA	NA	NA	NA	NA	NA	NA	NA	NA	3	D	3D	842	2021	Control	Normal	2	0	1	-1	Control
3D843	V |DNF|DNF	0,,	shriveled,|dead|,	XL	XL	RT	2021-06-17T00:00:00Z	NA	NA	dead_nf	NA	NA	NA	NA	NA	NA	NA	NA	NA	NA	NA	NA	NA	NA	NA	3	D	3D	843	2021	Control	Normal	2	0	1	-1	Control
3D844	V | V |DNF	0,,	,|ts|,died and nf?	XL	XL	RT	2021-06-17T00:00:00Z	NA	NA	dead_nf	NA	NA	NA	NA	NA	NA	NA	NA	NA	NA	NA	NA	NA	NA	NA	3	D	3D	844	2021	Control	Normal	2	0	1	-1	Control
3D845	V | V | V	2,15,45	,|ts|,	XL	XL	RT	2021-06-17T00:00:00Z	NA	NA	vegetative	2	45	6	34	9	NA	NA	NA	NA	NA	NA	NA	NA	NA	NA	3	D	3D	845	2021	Control	Normal	2	0	1	-1	Control
3D846	V |TNF|TNF	,,	,|tagnf|,	XL	XL	RT	2021-06-17T00:00:00Z	NA	NA	dead_nf	NA	NA	NA	NA	NA	NA	NA	NA	NA	NA	NA	NA	NA	NA	NA	3	D	3D	846	2021	Control	Normal	2	0	1	-1	Control
3D847	F | V |DNF	0,,	,|ts|,died and nf?	XL	XL	RT	2021-06-17T00:00:00Z	NA	NA	dead_nf	NA	NA	NA	NA	NA	NA	NA	NA	NA	NA	NA	NA	NA	NA	NA	3	D	3D	847	2021	Control	Normal	2	0	1	-1	Control
3D848	V |DNF|DNF	0,,	,|dead|,	XL	XL	RT	2021-06-17T00:00:00Z	NA	NA	dead_nf	NA	NA	NA	NA	NA	NA	NA	NA	NA	NA	NA	NA	NA	NA	NA	3	D	3D	848	2021	Control	Normal	2	0	1	-1	Control
3D849	V | V | V	1,18,37	,|down from tag|,	XL	XL	RT	2021-06-17T00:00:00Z	NA	NA	vegetative	1	51	15	NA	NA	NA	NA	NA	NA	NA	NA	NA	NA	NA	NA	3	D	3D	849	2021	Control	Normal	2	0	1	-1	Control
3D850	V |TNF|TNF	,,	,|tagnf|,	XL	XL	RT	2021-06-17T00:00:00Z	NA	NA	dead_nf	NA	NA	NA	NA	NA	NA	NA	NA	NA	NA	NA	NA	NA	NA	NA	3	D	3D	850	2021	Control	Normal	2	0	1	-1	Control
3D851	V | V | F	1,,	,||,	XL	XL	RT	2021-06-17T00:00:00Z	NA	NA	dead_nf	NA	NA	NA	NA	NA	NA	NA	NA	NA	NA	NA	NA	NA	NA	NA	3	D	3D	851	2021	Control	Normal	2	0	1	-1	Control
3D852	F | V |NA	,,	,||,	XL	XL	RT	2021-06-17T00:00:00Z	NA	NA	vegetative	3	35	14	32	7	42	14	NA	NA	NA	NA	NA	NA	NA	NA	3	D	3D	852	2021	Control	Normal	2	0	1	-1	Control
3D853	F |DNF|DNF	0,,	,|dead|,	XL	XL	RT	2021-06-17T00:00:00Z	TAG DETACHED - changed from NF to TNF	NA	tagnf	NA	NA	NA	NA	NA	NA	NA	NA	NA	NA	NA	NA	NA	NA	NA	3	D	3D	853	2021	Control	Normal	2	0	1	-1	Control
3D854	V | V | F	,,	,|tagnf|,	XL	XL	RT	2021-06-17T00:00:00Z	854 VERY CLOSE TO 855, HARD TO TELL WHICH. recheck - count stalks and rosettes	NA	flowering	NA	NA	NA	NA	NA	NA	NA	NA	NA	NA	NA	NA	NA	NA	NA	3	D	3D	854	2021	Control	Normal	2	0	1	-1	Control
3D855	V | V |DNF	0,,	,|ts|,died and nf?	XL	XL	RT	2021-06-17T00:00:00Z	854 VERY CLOSE TO 855, HARD TO TELL WHICH. recheck	NA	dead_nf	NA	NA	NA	NA	NA	NA	NA	NA	NA	NA	NA	NA	NA	NA	NA	3	D	3D	855	2021	Control	Normal	2	0	1	-1	Control
3D856	F |DNF|DNF	,,	,|dead|,	XL	XL	RT	2021-06-17T00:00:00Z	NA	NA	dead_nf	NA	NA	NA	NA	NA	NA	NA	NA	NA	NA	NA	NA	NA	NA	NA	3	D	3D	856	2021	Control	Normal	2	0	1	-1	Control
3D856_20	F |DNF|DNF	1,6,5	,||,resurrected?	XL	XL	RT	2021-06-17T00:00:00Z	NA	NA	vegetative	1	33	14	NA	NA	NA	NA	NA	NA	NA	NA	NA	NA	NA	NA	3	D	3D	856_20	2021	Control	Normal	2	0	1	-1	Control
3D857	F |DNF|DNF	0,,	,|nf|,	XL	XL	RT	2021-06-17T00:00:00Z	NA	NA	dead_nf	NA	NA	NA	NA	NA	NA	NA	NA	NA	NA	NA	NA	NA	NA	NA	3	D	3D	857	2021	Control	Normal	2	0	1	-1	Control
3D858	F |DNF|DNF	,,	,|nf|,	XL	XL	RT	2021-06-17T00:00:00Z	COKE TAG	NA	dead_nf	NA	NA	NA	NA	NA	NA	NA	NA	NA	NA	NA	NA	NA	NA	NA	3	D	3D	858	2021	Control	Normal	2	0	1	-1	Control
3D858_20	F |DNF|DNF	1,19,51	,||,refound?	XL	XL	RT	2021-06-17T00:00:00Z	NORMAL TAG. recheck - count stalks and rosettes	NA	flowering	NA	NA	NA	NA	NA	NA	NA	NA	NA	NA	NA	NA	NA	NA	NA	3	D	3D	858_20	2021	Control	Normal	2	0	1	-1	Control
3D859	V |DNF|DNF	0,,	,|nf|,	XL	XL	RT	2021-06-17T00:00:00Z	NA	NA	dead_nf	NA	NA	NA	NA	NA	NA	NA	NA	NA	NA	NA	NA	NA	NA	NA	3	D	3D	859	2021	Control	Normal	2	0	1	-1	Control
3D860	V |DNF|DNF	0,,	,|nf|,	XL	XL	RT	2021-06-17T00:00:00Z	NA	NA	dead_nf	NA	NA	NA	NA	NA	NA	NA	NA	NA	NA	NA	NA	NA	NA	NA	3	D	3D	860	2021	Control	Normal	2	0	1	-1	Control
3D861	V |DNF|DNF	0,,	,|nf|,	XL	XL	RT	2021-06-17T00:00:00Z	NA	NA	dead_nf	NA	NA	NA	NA	NA	NA	NA	NA	NA	NA	NA	NA	NA	NA	NA	3	D	3D	861	2021	Control	Normal	2	0	1	-1	Control
3D862	V |DNF|DNF	,,	,|dead|,	XL	XL	RT	2021-06-17T00:00:00Z	NA	NA	dead_nf	NA	NA	NA	NA	NA	NA	NA	NA	NA	NA	NA	NA	NA	NA	NA	3	D	3D	862	2021	Control	Normal	2	0	1	-1	Control
3D863	V | V | V	1,18,36	,||,	XL	XL	RT	2021-06-17T00:00:00Z	NA	NA	vegetative	1	61	34	NA	NA	NA	NA	NA	NA	NA	NA	NA	NA	NA	NA	3	D	3D	863	2021	Control	Normal	2	0	1	-1	Control
3D864	V | V | F	1,,	,||,	XL	XL	RT	2021-06-17T00:00:00Z	NA	NA	dead_nf	NA	NA	NA	NA	NA	NA	NA	NA	NA	NA	NA	NA	NA	NA	NA	3	D	3D	864	2021	Control	Normal	2	0	1	-1	Control
3D865	V | V | V	1,19,39	,|down from tag|,	XL	XL	RT	2021-06-17T00:00:00Z	NA	NA	vegetative	1	46	12	NA	NA	NA	NA	NA	NA	NA	NA	NA	NA	NA	NA	3	D	3D	865	2021	Control	Normal	2	0	1	-1	Control
3D866	V |DNF|DNF	0,,	,|nf|,	XL	XL	RT	2021-06-17T00:00:00Z	NA	NA	dead_nf	NA	NA	NA	NA	NA	NA	NA	NA	NA	NA	NA	NA	NA	NA	NA	3	D	3D	866	2021	Control	Normal	2	0	1	-1	Control
3D867	V |TNF|TNF	,,	,|tagnf|,	XL	XL	RT	2021-06-17T00:00:00Z	NA	NA	dead_nf	NA	NA	NA	NA	NA	NA	NA	NA	NA	NA	NA	NA	NA	NA	NA	3	D	3D	867	2021	Control	Normal	2	0	1	-1	Control
3D868	V | V | V	2,13,21	,|ts|,	XL	XL	RT	2021-06-17T00:00:00Z	NA	NA	tagnf	NA	NA	NA	NA	NA	NA	NA	NA	NA	NA	NA	NA	NA	NA	NA	3	D	3D	868	2021	Control	Normal	2	0	1	-1	Control
3D869	V |DNF|DNF	0,,	,|dead|,	XL	XL	RT	2021-06-17T00:00:00Z	NA	NA	dead_nf	NA	NA	NA	NA	NA	NA	NA	NA	NA	NA	NA	NA	NA	NA	NA	3	D	3D	869	2021	Control	Normal	2	0	1	-1	Control
3D870	V |TNF|DNF	0,,	,|tagnf|,	XL	XL	RT	2021-06-17T00:00:00Z	NA	NA	dead_nf	NA	NA	NA	NA	NA	NA	NA	NA	NA	NA	NA	NA	NA	NA	NA	3	D	3D	870	2021	Control	Normal	2	0	1	-1	Control
3D871	V |TNF|DNF	0,,	,|tagnf|,	XL	XL	RT	2021-06-17T00:00:00Z	NA	NA	dead_nf	NA	NA	NA	NA	NA	NA	NA	NA	NA	NA	NA	NA	NA	NA	NA	3	D	3D	871	2021	Control	Normal	2	0	1	-1	Control
3D872	V |DNF|DNF	0,,	,|dead|,	XL	XL	RT	2021-06-17T00:00:00Z	NA	NA	dead_nf	NA	NA	NA	NA	NA	NA	NA	NA	NA	NA	NA	NA	NA	NA	NA	3	D	3D	872	2021	Control	Normal	2	0	1	-1	Control
3D873	V |DNF|DNF	0,,	,|nf|,	XL	XL	RT	2021-06-17T00:00:00Z	NA	NA	dead_nf	NA	NA	NA	NA	NA	NA	NA	NA	NA	NA	NA	NA	NA	NA	NA	3	D	3D	873	2021	Control	Normal	2	0	1	-1	Control
3D874	F |DNF|DNF	0,,	,|dead|,	XL	XL	RT	2021-06-17T00:00:00Z	NA	NA	dead_nf	NA	NA	NA	NA	NA	NA	NA	NA	NA	NA	NA	NA	NA	NA	NA	3	D	3D	874	2021	Control	Normal	2	0	1	-1	Control
3D875	V | V | F	2,,	,||,	XL	XL	RT	2021-06-17T00:00:00Z	NA	NA	dead_nf	NA	NA	NA	NA	NA	NA	NA	NA	NA	NA	NA	NA	NA	NA	NA	3	D	3D	875	2021	Control	Normal	2	0	1	-1	Control
3D876	V | V | F	2,,	,||,	XL	XL	RT	2021-06-17T00:00:00Z	NA	NA	dead_nf	NA	NA	NA	NA	NA	NA	NA	NA	NA	NA	NA	NA	NA	NA	NA	3	D	3D	876	2021	Control	Normal	2	0	1	-1	Control
3D877	F |DNF|DNF	0,,	,|dead|,	XL	XL	RT	2021-06-17T00:00:00Z	NA	NA	dead_nf	NA	NA	NA	NA	NA	NA	NA	NA	NA	NA	NA	NA	NA	NA	NA	3	D	3D	877	2021	Control	Normal	2	0	1	-1	Control
3D878	F |DNF|DNF	,,	,|tagnf|,	XL	XL	RT	2021-06-17T00:00:00Z	NA	NA	tagnf	NA	NA	NA	NA	NA	NA	NA	NA	NA	NA	NA	NA	NA	NA	NA	3	D	3D	878	2021	Control	Normal	2	0	1	-1	Control
3D879	F |DNF|DNF	0,,	,|dead|,	XL	XL	RT	2021-06-17T00:00:00Z	NA	NA	dead_nf	NA	NA	NA	NA	NA	NA	NA	NA	NA	NA	NA	NA	NA	NA	NA	3	D	3D	879	2021	Control	Normal	2	0	1	-1	Control
3D880	V | V |TNF	,,	,|down from tag|,	XL	XL	RT	2021-06-17T00:00:00Z	NA	NA	dead_nf	NA	NA	NA	NA	NA	NA	NA	NA	NA	NA	NA	NA	NA	NA	NA	3	D	3D	880	2021	Control	Normal	2	0	1	-1	Control
3D881	V | V | F	1,,	,||,	XL	XL	RT	2021-06-17T00:00:00Z	NA	NA	dead_nf	NA	NA	NA	NA	NA	NA	NA	NA	NA	NA	NA	NA	NA	NA	NA	3	D	3D	881	2021	Control	Normal	2	0	1	-1	Control
3D882	V |DNF|DNF	0,,	,|nf|,	XL	XL	RT	2021-06-17T00:00:00Z	NA	NA	dead_nf	NA	NA	NA	NA	NA	NA	NA	NA	NA	NA	NA	NA	NA	NA	NA	3	D	3D	882	2021	Control	Normal	2	0	1	-1	Control
3D883	V | V |DNF	0,,	,|below tag|,died and nf?	XL	XL	RT	2021-06-17T00:00:00Z	NA	NA	tagnf	NA	NA	NA	NA	NA	NA	NA	NA	NA	NA	NA	NA	NA	NA	NA	3	D	3D	883	2021	Control	Normal	2	0	1	-1	Control
3D884	F |DNF|DNF	0,,	,|dead|,	XL	XL	RT	2021-06-17T00:00:00Z	NA	NA	dead_nf	NA	NA	NA	NA	NA	NA	NA	NA	NA	NA	NA	NA	NA	NA	NA	3	D	3D	884	2021	Control	Normal	2	0	1	-1	Control
3D886	V | V | F	1,,	,||,	XL	XL	RT	2021-06-17T00:00:00Z	NA	NA	dead_nf	NA	NA	NA	NA	NA	NA	NA	NA	NA	NA	NA	NA	NA	NA	NA	3	D	3D	886	2021	Control	Normal	2	0	1	-1	Control
3D887	V | V |TNF	,,	,||,	XL	XL	RT	2021-06-17T00:00:00Z	NA	NA	vegetative	2	30	11	25	8	NA	NA	NA	NA	NA	NA	NA	NA	NA	NA	3	D	3D	887	2021	Control	Normal	2	0	1	-1	Control
3D888	V | V | V	0,,	could be 2 rosettes-check,|left of tag|,died and nf?	XL	XL	RT	2021-06-17T00:00:00Z	recheck - count stalks and rosettes	NA	flowering	NA	NA	NA	NA	NA	NA	NA	NA	NA	NA	NA	NA	NA	NA	NA	3	D	3D	888	2021	Control	Normal	2	0	1	-1	Control
3D889	V | V | F	1,,	,||,	XL	XL	RT	2021-06-17T00:00:00Z	NA	NA	dead_nf	NA	NA	NA	NA	NA	NA	NA	NA	NA	NA	NA	NA	NA	NA	NA	3	D	3D	889	2021	Control	Normal	2	0	1	-1	Control
3D890	V | V | V	2,20,51	,|ts|,	XL	XL	RT	2021-06-17T00:00:00Z	NA	NA	vegetative	2	36	17	40	22	NA	NA	NA	NA	NA	NA	NA	NA	NA	NA	3	D	3D	890	2021	Control	Normal	2	0	1	-1	Control
3D891	V | V | V	2,11,50	,||,	XL	XL	RT	2021-06-17T00:00:00Z	recheck - count stalks and rosettes	NA	flowering	NA	NA	NA	NA	NA	NA	NA	NA	NA	NA	NA	NA	NA	NA	NA	3	D	3D	891	2021	Control	Normal	2	0	1	-1	Control
3D892	V | V | F	,,	,||,	XL	XL	RT	2021-06-17T00:00:00Z	NA	NA	dead_nf	NA	NA	NA	NA	NA	NA	NA	NA	NA	NA	NA	NA	NA	NA	NA	3	D	3D	892	2021	Control	Normal	2	0	1	-1	Control
3D893	V | V | F	1,,	,|R of tag|,	XL	XL	RT	2021-06-17T00:00:00Z	NA	NA	dead_nf	NA	NA	NA	NA	NA	NA	NA	NA	NA	NA	NA	NA	NA	NA	NA	3	D	3D	893	2021	Control	Normal	2	0	1	-1	Control
3D894	V | V | F	,,	plant is up from tag,||,	XL	XL	RT	2021-06-17T00:00:00Z	recheck - count stalks and rosettes	NA	flowering	NA	NA	NA	NA	NA	NA	NA	NA	NA	NA	NA	NA	NA	NA	NA	3	D	3D	894	2021	Control	Normal	2	0	1	-1	Control
3D895	V | V | F	2,,	,||,	XL	XL	RT	2021-06-17T00:00:00Z	ATTACHED DEAD F FROM LAST YEAR. recheck - count stalks and rosettes	NA	flowering	NA	NA	NA	NA	NA	NA	NA	NA	NA	NA	NA	NA	NA	NA	NA	3	D	3D	895	2021	Control	Normal	2	0	1	-1	Control
3D896	V | F |DNF	0,,	,||,died and nf?	XL	XL	RT	2021-06-17T00:00:00Z	NA	NA	dead_nf	NA	NA	NA	NA	NA	NA	NA	NA	NA	NA	NA	NA	NA	NA	NA	3	D	3D	896	2021	Control	Normal	2	0	1	-1	Control
3D897	V | V |DNF	0,,	,|ts|,	XL	XL	RT	2021-06-17T00:00:00Z	NA	NA	dead_nf	NA	NA	NA	NA	NA	NA	NA	NA	NA	NA	NA	NA	NA	NA	NA	3	D	3D	897	2021	Control	Normal	2	0	1	-1	Control
3D898	V |DNF|DNF	0,,	,|nf|dug up, tag in a hole,	XL	XL	RT	2021-06-17T00:00:00Z	NA	NA	dead_nf	NA	NA	NA	NA	NA	NA	NA	NA	NA	NA	NA	NA	NA	NA	NA	3	D	3D	898	2021	Control	Normal	2	0	1	-1	Control
3D899	V |DNF|DNF	0,,	,|nf|,	XL	XL	RT	2021-06-17T00:00:00Z	NA	NA	dead_nf	NA	NA	NA	NA	NA	NA	NA	NA	NA	NA	NA	NA	NA	NA	NA	3	D	3D	899	2021	Control	Normal	2	0	1	-1	Control
3D900	V | V | V	2,3,15	,|ts|,	XL	XL	RT	2021-06-17T00:00:00Z	NA	NA	dead_nf	NA	NA	NA	NA	NA	NA	NA	NA	NA	NA	NA	NA	NA	NA	NA	3	D	3D	900	2021	Control	Normal	2	0	1	-1	Control
4A100	V | V |NA	,,	,||,	DH	JP	DH	2021-06-16T00:00:00Z	NA	NA	vegetative	3	32	11	33	27	20	11	NA	NA	NA	NA	NA	NA	NA	NA	4	A	4A	100	2021	Addition	Early	3	0	-1	1	Addition
4A101	V | V | F	1,,	,||,	DH	JP	DH	2021-06-16T00:00:00Z	NA	NA	dead_nf	NA	NA	NA	NA	NA	NA	NA	NA	NA	NA	NA	NA	NA	NA	NA	4	A	4A	101	2021	Addition	Early	3	0	-1	1	Addition
4A102	V | V | V	2,16,42	,||,	DH	JP	DH	2021-06-16T00:00:00Z	NA	2	flowering	2	NA	NA	NA	NA	NA	NA	NA	NA	NA	NA	NA	NA	NA	NA	4	A	4A	102	2021	Addition	Early	3	0	-1	1	Addition
4A103	V |DNF|DNF	0,,	,|dead|,	DH	JP	DH	2021-06-16T00:00:00Z	NA	NA	dead_nf	NA	NA	NA	NA	NA	NA	NA	NA	NA	NA	NA	NA	NA	NA	NA	4	A	4A	103	2021	Addition	Early	3	0	-1	1	Addition
4A104	V |DNF|DNF	,,	,|dead|,	DH	JP	DH	2021-06-16T00:00:00Z	Nothing on tag, changed from NF to O	NA	dead_nf	NA	NA	NA	NA	NA	NA	NA	NA	NA	NA	NA	NA	NA	NA	NA	4	A	4A	104	2021	Addition	Early	3	0	-1	1	Addition
4A104_20	V |DNF|DNF	1,16,40	,||,resurrected?	DH	JP	DH	2021-06-16T00:00:00Z	right of tag	NA	vegetative	2	36	8	40	4	NA	NA	NA	NA	NA	NA	NA	NA	NA	NA	4	A	4A	104_20	2021	Addition	Early	3	0	-1	1	Addition
4A105	V | V |DNF	0,,	,||,	DH	JP	DH	2021-06-16T00:00:00Z	NA	NA	dead_nf	NA	NA	NA	NA	NA	NA	NA	NA	NA	NA	NA	NA	NA	NA	NA	4	A	4A	105	2021	Addition	Early	3	0	-1	1	Addition
4A106	V |DNF|DNF	0,,	,|dead|,	DH	JP	DH	2021-06-16T00:00:00Z	NA	NA	dead_nf	NA	NA	NA	NA	NA	NA	NA	NA	NA	NA	NA	NA	NA	NA	NA	4	A	4A	106	2021	Addition	Early	3	0	-1	1	Addition
4A107	V | V | F	1,,	,||,	DH	JP	DH	2021-06-16T00:00:00Z	NA	NA	dead_nf	NA	NA	NA	NA	NA	NA	NA	NA	NA	NA	NA	NA	NA	NA	NA	4	A	4A	107	2021	Addition	Early	3	0	-1	1	Addition
4A108	V | V | V	2,,	,|nf|,refound?	DH	JP	DH	2021-06-16T00:00:00Z	NA	1	flowering	2	NA	NA	NA	NA	NA	NA	NA	NA	NA	NA	NA	NA	NA	NA	4	A	4A	108	2021	Addition	Early	3	0	-1	1	Addition
4A109	V | V | F	2,,	,||,	DH	JP	DH	2021-06-16T00:00:00Z	NA	NA	dead_nf	NA	NA	NA	NA	NA	NA	NA	NA	NA	NA	NA	NA	NA	NA	NA	4	A	4A	109	2021	Addition	Early	3	0	-1	1	Addition
4A110	V | V | F	2,,	,||,	DH	JP	DH	2021-06-16T00:00:00Z	NA	NA	tagnf	NA	NA	NA	NA	NA	NA	NA	NA	NA	NA	NA	NA	NA	NA	NA	4	A	4A	110	2021	Addition	Early	3	0	-1	1	Addition
4A111	V | V | V	1,18,29	,|ts|,	DH	JP	DH	2021-06-16T00:00:00Z	NA	1	flowering	2	NA	NA	NA	NA	NA	NA	NA	NA	NA	NA	NA	NA	NA	NA	4	A	4A	111	2021	Addition	Early	3	0	-1	1	Addition
4A112	F |DNF|DNF	0,,	,|nf|,	DH	JP	DH	2021-06-16T00:00:00Z	NA	NA	dead_nf	NA	NA	NA	NA	NA	NA	NA	NA	NA	NA	NA	NA	NA	NA	NA	4	A	4A	112	2021	Addition	Early	3	0	-1	1	Addition
4A113	V | V |DNF	0,,	,||,	DH	JP	DH	2021-06-16T00:00:00Z	Next to untagged flowering plant	NA	dead_nf	NA	NA	NA	NA	NA	NA	NA	NA	NA	NA	NA	NA	NA	NA	NA	4	A	4A	113	2021	Addition	Early	3	0	-1	1	Addition
4A114	V | V | F	1,,	,|nf|,refound?	DH	JP	DH	2021-06-16T00:00:00Z	NA	NA	dead_nf	NA	NA	NA	NA	NA	NA	NA	NA	NA	NA	NA	NA	NA	NA	NA	4	A	4A	114	2021	Addition	Early	3	0	-1	1	Addition
4A115	V | V | F	0,,	,|nf|,rosettes? flowering? refound?	DH	JP	DH	2021-06-16T00:00:00Z	NA	NA	dead_nf	NA	NA	NA	NA	NA	NA	NA	NA	NA	NA	NA	NA	NA	NA	NA	4	A	4A	115	2021	Addition	Early	3	0	-1	1	Addition
4A116	V | V | F	,,	,||,rosettes?	DH	JP	DH	2021-06-16T00:00:00Z	NA	NA	dead_nf	NA	NA	NA	NA	NA	NA	NA	NA	NA	NA	NA	NA	NA	NA	NA	4	A	4A	116	2021	Addition	Early	3	0	-1	1	Addition
4A117	F |DNF|DNF	0,,	,|nf|,	DH	JP	DH	2021-06-16T00:00:00Z	NA	NA	dead_nf	NA	NA	NA	NA	NA	NA	NA	NA	NA	NA	NA	NA	NA	NA	NA	4	A	4A	117	2021	Addition	Early	3	0	-1	1	Addition
4A118	V |DNF|DNF	0,,	,|nf|,	DH	JP	DH	2021-06-16T00:00:00Z	NA	NA	tagnf	NA	NA	NA	NA	NA	NA	NA	NA	NA	NA	NA	NA	NA	NA	NA	4	A	4A	118	2021	Addition	Early	3	0	-1	1	Addition
4A119	V |DNF|DNF	0,,	,|nf|,	DH	JP	DH	2021-06-16T00:00:00Z	NA	NA	tagnf	NA	NA	NA	NA	NA	NA	NA	NA	NA	NA	NA	NA	NA	NA	NA	4	A	4A	119	2021	Addition	Early	3	0	-1	1	Addition
4A120	F |DNF|DNF	0,,	,|nf|,	DH	JP	DH	2021-06-16T00:00:00Z	NA	NA	dead_nf	NA	NA	NA	NA	NA	NA	NA	NA	NA	NA	NA	NA	NA	NA	NA	4	A	4A	120	2021	Addition	Early	3	0	-1	1	Addition
4A121	V | V | F	1,,	,|nf|,refound?	DH	JP	DH	2021-06-16T00:00:00Z	NA	NA	dead_nf	NA	NA	NA	NA	NA	NA	NA	NA	NA	NA	NA	NA	NA	NA	NA	4	A	4A	121	2021	Addition	Early	3	0	-1	1	Addition
4A122	V | V |DNF	0,,	,|upper right|,	DH	JP	DH	2021-06-16T00:00:00Z	upper right of tag	NA	vegetative	3	60	15	40	13	47	21	NA	NA	NA	NA	NA	NA	NA	NA	4	A	4A	122	2021	Addition	Early	3	0	-1	1	Addition
4A123	V | F |DNF	0,,	,||,	DH	JP	DH	2021-06-16T00:00:00Z	NA	NA	dead_nf	NA	NA	NA	NA	NA	NA	NA	NA	NA	NA	NA	NA	NA	NA	NA	4	A	4A	123	2021	Addition	Early	3	0	-1	1	Addition
4A124	V | F | F	3,,	,||,check tag #	DH	JP	DH	2021-06-16T00:00:00Z	3 dead stalks	NA	dead_nf	NA	NA	NA	NA	NA	NA	NA	NA	NA	NA	NA	NA	NA	NA	NA	4	A	4A	124	2021	Addition	Early	3	0	-1	1	Addition
4A168	F |DNF|DNF	0,,	,||,check tag #	DH	JP	DH	2021-06-16T00:00:00Z	NA	NA	dead_nf	NA	NA	NA	NA	NA	NA	NA	NA	NA	NA	NA	NA	NA	NA	NA	4	A	4A	168	2021	Addition	Early	3	0	-1	1	Addition
4A60	V |DNF|DNF	0,,	,gone|dead|,	DH	JP	DH	2021-06-16T00:00:00Z	NA	NA	dead_nf	NA	NA	NA	NA	NA	NA	NA	NA	NA	NA	NA	NA	NA	NA	NA	4	A	4A	60	2021	Addition	Early	3	0	-1	1	Addition
4A61	V | V | V	1,24,28	,||,	DH	JP	DH	2021-06-16T00:00:00Z	NA	NA	vegetative	2	40	13	46	12	NA	NA	NA	NA	NA	NA	NA	NA	NA	NA	4	A	4A	61	2021	Addition	Early	3	0	-1	1	Addition
4A62	V | V |DNF	0,,	,||,died and nf?	DH	JP	DH	2021-06-16T00:00:00Z	Above tag	NA	vegetative	1	32	30	NA	NA	NA	NA	NA	NA	NA	NA	NA	NA	NA	NA	4	A	4A	62	2021	Addition	Early	3	0	-1	1	Addition
4A63	F |DNF|DNF	0,,	,|nf|,	DH	JP	DH	2021-06-16T00:00:00Z	NA	NA	dead_nf	NA	NA	NA	NA	NA	NA	NA	NA	NA	NA	NA	NA	NA	NA	NA	4	A	4A	63	2021	Addition	Early	3	0	-1	1	Addition
4A64	V | V | V	,,	,||,rosettes?	DH	JP	DH	2021-06-16T00:00:00Z	NA	NA	vegetative	3	30	10	35	9	31	9	NA	NA	NA	NA	NA	NA	NA	NA	4	A	4A	64	2021	Addition	Early	3	0	-1	1	Addition
4A65	V | V | F	2,,	,||,	DH	JP	DH	2021-06-16T00:00:00Z	NA	NA	dead_nf	NA	NA	NA	NA	NA	NA	NA	NA	NA	NA	NA	NA	NA	NA	NA	4	A	4A	65	2021	Addition	Early	3	0	-1	1	Addition
4A66	V |DNF|DNF	,,	,||,	DH	JP	DH	2021-06-16T00:00:00Z	NA	NA	tagnf	NA	NA	NA	NA	NA	NA	NA	NA	NA	NA	NA	NA	NA	NA	NA	4	A	4A	66	2021	Addition	Early	3	0	-1	1	Addition
4A67	V | V |DNF	0,,	,|chewed, ts|,chew death	DH	JP	DH	2021-06-16T00:00:00Z	NA	NA	dead_nf	NA	NA	NA	NA	NA	NA	NA	NA	NA	NA	NA	NA	NA	NA	NA	4	A	4A	67	2021	Addition	Early	3	0	-1	1	Addition
4A68	V | V | F	0,,	,||duplicate outside plot,	DH	JP	DH	2021-06-16T00:00:00Z	Outside plot	NA	dead_nf	NA	NA	NA	NA	NA	NA	NA	NA	NA	NA	NA	NA	NA	NA	NA	4	A	4A	68	2021	Addition	Early	3	0	-1	1	Addition
4A69	F |DNF|DNF	0,,	,|dead|,	DH	JP	DH	2021-06-16T00:00:00Z	NA	NA	dead_nf	NA	NA	NA	NA	NA	NA	NA	NA	NA	NA	NA	NA	NA	NA	NA	4	A	4A	69	2021	Addition	Early	3	0	-1	1	Addition
4A70	V |DNF|DNF	0,,	,|dead|,	DH	JP	DH	2021-06-16T00:00:00Z	NA	NA	dead_nf	NA	NA	NA	NA	NA	NA	NA	NA	NA	NA	NA	NA	NA	NA	NA	4	A	4A	70	2021	Addition	Early	3	0	-1	1	Addition
4A71	V | V |DNF	0,,	,|ts|,died and nf?	DH	JP	DH	2021-06-16T00:00:00Z	NA	NA	dead_nf	NA	NA	NA	NA	NA	NA	NA	NA	NA	NA	NA	NA	NA	NA	NA	4	A	4A	71	2021	Addition	Early	3	0	-1	1	Addition
4A72	V |DNF|DNF	0,,	,|dead|,	DH	JP	DH	2021-06-16T00:00:00Z	NA	NA	dead_nf	NA	NA	NA	NA	NA	NA	NA	NA	NA	NA	NA	NA	NA	NA	NA	4	A	4A	72	2021	Addition	Early	3	0	-1	1	Addition
4A73	V | V | V	1,11,33	,||,	DH	JP	DH	2021-06-16T00:00:00Z	NA	NA	vegetative	2	38	14	49	20	NA	NA	NA	NA	NA	NA	NA	NA	NA	NA	4	A	4A	73	2021	Addition	Early	3	0	-1	1	Addition
4A74	V |DNF|DNF	,,	,|nf|,	DH	JP	DH	2021-06-16T00:00:00Z	changed from TNF to O	NA	dead_nf	NA	NA	NA	NA	NA	NA	NA	NA	NA	NA	NA	NA	NA	NA	NA	4	A	4A	74	2021	Addition	Early	3	0	-1	1	Addition
4A74_20	V |DNF|DNF	2,15,40	,||,refound?	DH	JP	DH	2021-06-16T00:00:00Z	NA	NA	tagnf	NA	NA	NA	NA	NA	NA	NA	NA	NA	NA	NA	NA	NA	NA	NA	4	A	4A	74_20	2021	Addition	Early	3	0	-1	1	Addition
4A75	F |DNF|DNF	0,,	,|nf|,	DH	JP	DH	2021-06-16T00:00:00Z	NA	NA	dead_nf	NA	NA	NA	NA	NA	NA	NA	NA	NA	NA	NA	NA	NA	NA	NA	4	A	4A	75	2021	Addition	Early	3	0	-1	1	Addition
4A76	F | V | V	1,28,53	,|1 rosette dead|,	DH	JP	DH	2021-06-16T00:00:00Z	NA	NA	dead_nf	NA	NA	NA	NA	NA	NA	NA	NA	NA	NA	NA	NA	NA	NA	NA	4	A	4A	76	2021	Addition	Early	3	0	-1	1	Addition
4A77	V |DNF|DNF	0,,	,|dead|,resurrected?	DH	JP	DH	2021-06-16T00:00:00Z	NA	NA	dead_nf	NA	NA	NA	NA	NA	NA	NA	NA	NA	NA	NA	NA	NA	NA	NA	4	A	4A	77	2021	Addition	Early	3	0	-1	1	Addition
4A78	V |DNF|DNF	0,,	,|dead|,	DH	JP	DH	2021-06-16T00:00:00Z	NA	NA	dead_nf	NA	NA	NA	NA	NA	NA	NA	NA	NA	NA	NA	NA	NA	NA	NA	4	A	4A	78	2021	Addition	Early	3	0	-1	1	Addition
4A79	V | V | V	1,19,43	,||,	DH	JP	DH	2021-06-16T00:00:00Z	NA	NA	tagnf	NA	NA	NA	NA	NA	NA	NA	NA	NA	NA	NA	NA	NA	NA	NA	4	A	4A	79	2021	Addition	Early	3	0	-1	1	Addition
4A80	V | V | F	1,,4	,||chewed 1 stalk,	DH	JP	DH	2021-06-16T00:00:00Z	NA	NA	dead_nf	NA	NA	NA	NA	NA	NA	NA	NA	NA	NA	NA	NA	NA	NA	NA	4	A	4A	80	2021	Addition	Early	3	0	-1	1	Addition
4A81	V |DNF|DNF	0,,	,|nf|,	DH	JP	DH	2021-06-16T00:00:00Z	NA	NA	dead_nf	NA	NA	NA	NA	NA	NA	NA	NA	NA	NA	NA	NA	NA	NA	NA	4	A	4A	81	2021	Addition	Early	3	0	-1	1	Addition
4A82	V | V | V	2,12,52	,||,	DH	JP	DH	2021-06-16T00:00:00Z	NA	NA	vegetative	5	18	8	48	15	39	12	35	13	36	17	NA	NA	NA	NA	4	A	4A	82	2021	Addition	Early	3	0	-1	1	Addition
4A83	F |DNF|DNF	,,	,|nf|,	DH	JP	DH	2021-06-16T00:00:00Z	NA	NA	tagnf	NA	NA	NA	NA	NA	NA	NA	NA	NA	NA	NA	NA	NA	NA	NA	4	A	4A	83	2021	Addition	Early	3	0	-1	1	Addition
4A84	V | V |TNF	,,	,||,	DH	JP	DH	2021-06-16T00:00:00Z	NA	NA	vegetative	1	46	17	NA	NA	NA	NA	NA	NA	NA	NA	NA	NA	NA	NA	4	A	4A	84	2021	Addition	Early	3	0	-1	1	Addition
4A85	V | V | F	4,,	,||,	DH	JP	DH	2021-06-16T00:00:00Z	NA	NA	dead_nf	NA	NA	NA	NA	NA	NA	NA	NA	NA	NA	NA	NA	NA	NA	NA	4	A	4A	85	2021	Addition	Early	3	0	-1	1	Addition
4A86	V |DNF|DNF	0,,	,|nf|,	DH	JP	DH	2021-06-16T00:00:00Z	NA	NA	tagnf	NA	NA	NA	NA	NA	NA	NA	NA	NA	NA	NA	NA	NA	NA	NA	4	A	4A	86	2021	Addition	Early	3	0	-1	1	Addition
4A87	V |DNF|DNF	0,,	,|nf|,	DH	JP	DH	2021-06-16T00:00:00Z	NA	NA	dead_nf	NA	NA	NA	NA	NA	NA	NA	NA	NA	NA	NA	NA	NA	NA	NA	4	A	4A	87	2021	Addition	Early	3	0	-1	1	Addition
4A88	V |DNF|DNF	2,,	,|dead|,resurrected?	DH	JP	DH	2021-06-16T00:00:00Z	tiny plant	NA	dead_nf	NA	NA	NA	NA	NA	NA	NA	NA	NA	NA	NA	NA	NA	NA	NA	4	A	4A	88	2021	Addition	Early	3	0	-1	1	Addition
4A89	V | F |DNF	0,,	,||,	DH	JP	DH	2021-06-16T00:00:00Z	NA	NA	dead_nf	NA	NA	NA	NA	NA	NA	NA	NA	NA	NA	NA	NA	NA	NA	NA	4	A	4A	89	2021	Addition	Early	3	0	-1	1	Addition
4A90	F |DNF|DNF	,,	,|nf|,	DH	JP	DH	2021-06-16T00:00:00Z	NA	NA	tagnf	NA	NA	NA	NA	NA	NA	NA	NA	NA	NA	NA	NA	NA	NA	NA	4	A	4A	90	2021	Addition	Early	3	0	-1	1	Addition
4A91	V | V | F	1,,	,||,	DH	JP	DH	2021-06-16T00:00:00Z	NA	NA	dead_nf	NA	NA	NA	NA	NA	NA	NA	NA	NA	NA	NA	NA	NA	NA	NA	4	A	4A	91	2021	Addition	Early	3	0	-1	1	Addition
4A92	V | V | V	2,19,41	,||,	DH	JP	DH	2021-06-16T00:00:00Z	NA	NA	vegetative	3	37	7	38	12	38	11	NA	NA	NA	NA	NA	NA	NA	NA	4	A	4A	92	2021	Addition	Early	3	0	-1	1	Addition
4A93	V |DNF|DNF	0,,	,|nf|,	DH	JP	DH	2021-06-16T00:00:00Z	NA	NA	dead_nf	NA	NA	NA	NA	NA	NA	NA	NA	NA	NA	NA	NA	NA	NA	NA	4	A	4A	93	2021	Addition	Early	3	0	-1	1	Addition
4A94	F |DNF|DNF	0,,	,|nf|,	DH	JP	DH	2021-06-16T00:00:00Z	NA	NA	dead_nf	NA	NA	NA	NA	NA	NA	NA	NA	NA	NA	NA	NA	NA	NA	NA	4	A	4A	94	2021	Addition	Early	3	0	-1	1	Addition
4A95	V | V | V	1,22,27	,||,	DH	JP	DH	2021-06-16T00:00:00Z	NA	NA	vegetative	7	30	9	34	10	21	5	37	10	19	6	38	6	41	13	4	A	4A	95	2021	Addition	Early	3	0	-1	1	Addition
4A96	V |DNF|DNF	,,	,|nf|,	DH	JP	DH	2021-06-16T00:00:00Z	changed from TNF to O	NA	dead_nf	NA	NA	NA	NA	NA	NA	NA	NA	NA	NA	NA	NA	NA	NA	NA	4	A	4A	96	2021	Addition	Early	3	0	-1	1	Addition
4A96_20	V |DNF|DNF	2,13,19	,||,refound?	DH	JP	DH	2021-06-16T00:00:00Z	NA	NA	dead_nf	NA	NA	NA	NA	NA	NA	NA	NA	NA	NA	NA	NA	NA	NA	NA	4	A	4A	96_20	2021	Addition	Early	3	0	-1	1	Addition
4A97	V | V | V	1,19,51	,||,	DH	JP	DH	2021-06-16T00:00:00Z	NA	NA	vegetative	4	40	10	40	8	43	8	45	10	NA	NA	NA	NA	NA	NA	4	A	4A	97	2021	Addition	Early	3	0	-1	1	Addition
4A98	V |DNF|DNF	0,,	,gone|nf|,	DH	JP	DH	2021-06-16T00:00:00Z	NA	NA	tagnf	NA	NA	NA	NA	NA	NA	NA	NA	NA	NA	NA	NA	NA	NA	NA	4	A	4A	98	2021	Addition	Early	3	0	-1	1	Addition
4A99	V | V | F	1,,	,||,	DH	JP	DH	2021-06-16T00:00:00Z	NA	NA	dead_nf	NA	NA	NA	NA	NA	NA	NA	NA	NA	NA	NA	NA	NA	NA	NA	4	A	4A	99	2021	Addition	Early	3	0	-1	1	Addition
4B160	F |DNF|DNF	0,,	,|dead|,	DH	JP	DH	2021-06-16T00:00:00Z	NA	NA	dead_nf	NA	NA	NA	NA	NA	NA	NA	NA	NA	NA	NA	NA	NA	NA	NA	4	B	4B	160	2021	Control	Early	3	0	1	1	Mock rainout
4B161	V |DNF|DNF	0,,	,|nf|,	DH	JP	DH	2021-06-16T00:00:00Z	NA	NA	dead_nf	NA	NA	NA	NA	NA	NA	NA	NA	NA	NA	NA	NA	NA	NA	NA	4	B	4B	161	2021	Control	Early	3	0	1	1	Mock rainout
4B162	V |DNF|DNF	,,	,|nf|,	DH	JP	DH	2021-06-16T00:00:00Z	NA	NA	tagnf	NA	NA	NA	NA	NA	NA	NA	NA	NA	NA	NA	NA	NA	NA	NA	4	B	4B	162	2021	Control	Early	3	0	1	1	Mock rainout
4B163	V | V |DNF	0,,	,||,died and nf?	DH	JP	DH	2021-06-16T00:00:00Z	NA	NA	dead_nf	NA	NA	NA	NA	NA	NA	NA	NA	NA	NA	NA	NA	NA	NA	NA	4	B	4B	163	2021	Control	Early	3	0	1	1	Mock rainout
4B164	F |DNF|DNF	0,,	,|nf|,	DH	JP	DH	2021-06-16T00:00:00Z	NA	NA	tagnf	NA	NA	NA	NA	NA	NA	NA	NA	NA	NA	NA	NA	NA	NA	NA	4	B	4B	164	2021	Control	Early	3	0	1	1	Mock rainout
4B165	V |DNF|DNF	,,	,|nf|,	DH	JP	DH	2021-06-16T00:00:00Z	changed from NF to O	NA	dead_nf	NA	NA	NA	NA	NA	NA	NA	NA	NA	NA	NA	NA	NA	NA	NA	4	B	4B	165	2021	Control	Early	3	0	1	1	Mock rainout
4B165_20	V |DNF|DNF	1,6,20	,||,refound?	DH	JP	DH	2021-06-16T00:00:00Z	NA	NA	dead_nf	NA	NA	NA	NA	NA	NA	NA	NA	NA	NA	NA	NA	NA	NA	NA	4	B	4B	165_20	2021	Control	Early	3	0	1	1	Mock rainout
4B166	V | V |DNF	0,,	,|nf|,	DH	JP	DH	2021-06-16T00:00:00Z	NA	NA	dead_nf	NA	NA	NA	NA	NA	NA	NA	NA	NA	NA	NA	NA	NA	NA	NA	4	B	4B	166	2021	Control	Early	3	0	1	1	Mock rainout
4B167	V | V |DNF	0,,	,||,died and nf?	DH	JP	DH	2021-06-16T00:00:00Z	NA	NA	dead_nf	NA	NA	NA	NA	NA	NA	NA	NA	NA	NA	NA	NA	NA	NA	NA	4	B	4B	167	2021	Control	Early	3	0	1	1	Mock rainout
4B168	V | F |DNF	,,	,||,	DH	JP	DH	2021-06-16T00:00:00Z	changed from TNF to O	NA	dead_nf	NA	NA	NA	NA	NA	NA	NA	NA	NA	NA	NA	NA	NA	NA	NA	4	B	4B	168	2021	Control	Early	3	0	1	1	Mock rainout
4B168_20	V | F |DNF	3,3,20	,||,flowered and lived?	DH	JP	DH	2021-06-16T00:00:00Z	NA	1	flowering	2	NA	NA	NA	NA	NA	NA	NA	NA	NA	NA	NA	NA	NA	NA	4	B	4B	168_20	2021	Control	Early	3	0	1	1	Mock rainout
4B169	V | V |DNF	0,,	,||,died and nf?	DH	JP	DH	2021-06-16T00:00:00Z	NA	NA	tagnf	NA	NA	NA	NA	NA	NA	NA	NA	NA	NA	NA	NA	NA	NA	NA	4	B	4B	169	2021	Control	Early	3	0	1	1	Mock rainout
4B170	V |DNF|DNF	,,	,|nf|,	DH	JP	DH	2021-06-16T00:00:00Z	changed from NF to O	NA	dead_nf	NA	NA	NA	NA	NA	NA	NA	NA	NA	NA	NA	NA	NA	NA	NA	4	B	4B	170	2021	Control	Early	3	0	1	1	Mock rainout
4B170_20	V |DNF|DNF	1,11,44	,||,refound?	DH	JP	DH	2021-06-16T00:00:00Z	NA	NA	tagnf	NA	NA	NA	NA	NA	NA	NA	NA	NA	NA	NA	NA	NA	NA	NA	4	B	4B	170_20	2021	Control	Early	3	0	1	1	Mock rainout
4B171	DNF|DNF|DNF	,,	,|nf|,	DH	JP	DH	2021-06-16T00:00:00Z	moved F to 4B171_20, changed TNF to O	NA	dead_nf	NA	NA	NA	NA	NA	NA	NA	NA	NA	NA	NA	NA	NA	NA	NA	4	B	4B	171	2021	Control	Early	3	0	1	1	Mock rainout
4B171_20	DNF|DNF|DNF	3,11,32	,||,refound?	DH	JP	DH	2021-06-16T00:00:00Z	NA	2	flowering	2	NA	NA	NA	NA	NA	NA	NA	NA	NA	NA	NA	NA	NA	NA	4	B	4B	171_20	2021	Control	Early	3	0	1	1	Mock rainout
4B172	V | V |NA	,,	,|nf|,	DH	JP	DH	2021-06-16T00:00:00Z	XL refound tag	NA	vegetative	3	52	12	45	9	45	7	NA	NA	NA	NA	NA	NA	NA	NA	4	B	4B	172	2021	Control	Early	3	0	1	1	Mock rainout
4B173	V | F |DNF	0,,	,||,	DH	JP	DH	2021-06-16T00:00:00Z	new?	1	flowering	1	NA	NA	NA	NA	NA	NA	NA	NA	NA	NA	NA	NA	NA	NA	4	B	4B	173	2021	Control	Early	3	0	1	1	Mock rainout
4B174	F |DNF|DNF	0,,	,|nf|,	DH	JP	DH	2021-06-16T00:00:00Z	NA	NA	dead_nf	NA	NA	NA	NA	NA	NA	NA	NA	NA	NA	NA	NA	NA	NA	NA	4	B	4B	174	2021	Control	Early	3	0	1	1	Mock rainout
4B175	F |DNF|DNF	0,,	,|nf|Tag demolished and removed,	DH	JP	DH	2021-06-16T00:00:00Z	NA	NA	tagnf	NA	NA	NA	NA	NA	NA	NA	NA	NA	NA	NA	NA	NA	NA	NA	4	B	4B	175	2021	Control	Early	3	0	1	1	Mock rainout
4B176	V |DNF|DNF	0,,	,|nf|,	DH	JP	DH	2021-06-16T00:00:00Z	NA	NA	tagnf	NA	NA	NA	NA	NA	NA	NA	NA	NA	NA	NA	NA	NA	NA	NA	4	B	4B	176	2021	Control	Early	3	0	1	1	Mock rainout
4B177	F | V |DNF	0,,	,|chewed|,chew death	DH	JP	DH	2021-06-16T00:00:00Z	NA	NA	dead_nf	NA	NA	NA	NA	NA	NA	NA	NA	NA	NA	NA	NA	NA	NA	NA	4	B	4B	177	2021	Control	Early	3	0	1	1	Mock rainout
4B178	V | V |DNF	0,,	,||,died and nf?	DH	JP	DH	2021-06-16T00:00:00Z	NA	NA	dead_nf	NA	NA	NA	NA	NA	NA	NA	NA	NA	NA	NA	NA	NA	NA	NA	4	B	4B	178	2021	Control	Early	3	0	1	1	Mock rainout
4B179	V |DNF|DNF	,,	,|nf|,	DH	JP	DH	2021-06-16T00:00:00Z	changed TNF to O	NA	dead_nf	NA	NA	NA	NA	NA	NA	NA	NA	NA	NA	NA	NA	NA	NA	NA	4	B	4B	179	2021	Control	Early	3	0	1	1	Mock rainout
4B179_20	V |DNF|DNF	1,6,12	,||,refound?	DH	JP	DH	2021-06-16T00:00:00Z	NA	NA	dead_nf	NA	NA	NA	NA	NA	NA	NA	NA	NA	NA	NA	NA	NA	NA	NA	4	B	4B	179_20	2021	Control	Early	3	0	1	1	Mock rainout
4B180	V |DNF|DNF	0,,	,|nf|,	DH	JP	DH	2021-06-16T00:00:00Z	NA	NA	tagnf	NA	NA	NA	NA	NA	NA	NA	NA	NA	NA	NA	NA	NA	NA	NA	4	B	4B	180	2021	Control	Early	3	0	1	1	Mock rainout
4B181	F |DNF|DNF	0,,	,|nf|,	DH	JP	DH	2021-06-16T00:00:00Z	NA	NA	tagnf	NA	NA	NA	NA	NA	NA	NA	NA	NA	NA	NA	NA	NA	NA	NA	4	B	4B	181	2021	Control	Early	3	0	1	1	Mock rainout
4B182	V |DNF|DNF	0,,	,|nf|,	DH	JP	DH	2021-06-16T00:00:00Z	NA	NA	dead_nf	NA	NA	NA	NA	NA	NA	NA	NA	NA	NA	NA	NA	NA	NA	NA	4	B	4B	182	2021	Control	Early	3	0	1	1	Mock rainout
4B183	F |DNF|DNF	0,,	,|nf|,	DH	JP	DH	2021-06-16T00:00:00Z	NA	NA	dead_nf	NA	NA	NA	NA	NA	NA	NA	NA	NA	NA	NA	NA	NA	NA	NA	4	B	4B	183	2021	Control	Early	3	0	1	1	Mock rainout
4B184	V | V | V	1,6,15	,||,	DH	JP	DH	2021-06-16T00:00:00Z	NA	NA	dead_nf	NA	NA	NA	NA	NA	NA	NA	NA	NA	NA	NA	NA	NA	NA	NA	4	B	4B	184	2021	Control	Early	3	0	1	1	Mock rainout
4B185	F |DNF|DNF	0,,	,|dead|,	DH	JP	DH	2021-06-16T00:00:00Z	NA	NA	dead_nf	NA	NA	NA	NA	NA	NA	NA	NA	NA	NA	NA	NA	NA	NA	NA	4	B	4B	185	2021	Control	Early	3	0	1	1	Mock rainout
4B186	V |DNF|DNF	0,,	,|nf|,	DH	JP	DH	2021-06-16T00:00:00Z	NA	NA	tagnf	NA	NA	NA	NA	NA	NA	NA	NA	NA	NA	NA	NA	NA	NA	NA	4	B	4B	186	2021	Control	Early	3	0	1	1	Mock rainout
4B187	V | V |DNF	0,,	,||,died and nf?	DH	JP	DH	2021-06-16T00:00:00Z	NA	NA	dead_nf	NA	NA	NA	NA	NA	NA	NA	NA	NA	NA	NA	NA	NA	NA	NA	4	B	4B	187	2021	Control	Early	3	0	1	1	Mock rainout
4B188	V | V |DNF	0,,	,|ts|,died and nf?	DH	JP	DH	2021-06-16T00:00:00Z	NA	NA	dead_nf	NA	NA	NA	NA	NA	NA	NA	NA	NA	NA	NA	NA	NA	NA	NA	4	B	4B	188	2021	Control	Early	3	0	1	1	Mock rainout
4B189	F |DNF|DNF	0,,	,|nf|,	DH	JP	DH	2021-06-16T00:00:00Z	NA	NA	tagnf	NA	NA	NA	NA	NA	NA	NA	NA	NA	NA	NA	NA	NA	NA	NA	4	B	4B	189	2021	Control	Early	3	0	1	1	Mock rainout
4B190	V | V | V	1,14,55	,||,	DH	JP	DH	2021-06-16T00:00:00Z	NA	1	flowering	1	NA	NA	NA	NA	NA	NA	NA	NA	NA	NA	NA	NA	NA	NA	4	B	4B	190	2021	Control	Early	3	0	1	1	Mock rainout
4B191	V | V |DNF	0,,	,|chewed|,chew death	DH	JP	DH	2021-06-16T00:00:00Z	NA	NA	dead_nf	NA	NA	NA	NA	NA	NA	NA	NA	NA	NA	NA	NA	NA	NA	NA	4	B	4B	191	2021	Control	Early	3	0	1	1	Mock rainout
4B192	F |DNF|DNF	,,	,||,	DH	JP	DH	2021-06-16T00:00:00Z	NA	NA	tagnf	NA	NA	NA	NA	NA	NA	NA	NA	NA	NA	NA	NA	NA	NA	NA	4	B	4B	192	2021	Control	Early	3	0	1	1	Mock rainout
4B193	F |DNF|DNF	0,,	,|dead|,	DH	JP	DH	2021-06-16T00:00:00Z	NA	NA	dead_nf	NA	NA	NA	NA	NA	NA	NA	NA	NA	NA	NA	NA	NA	NA	NA	4	B	4B	193	2021	Control	Early	3	0	1	1	Mock rainout
4B194	V |DNF|DNF	0,,	,|nf|,	DH	JP	DH	2021-06-16T00:00:00Z	NA	NA	dead_nf	NA	NA	NA	NA	NA	NA	NA	NA	NA	NA	NA	NA	NA	NA	NA	4	B	4B	194	2021	Control	Early	3	0	1	1	Mock rainout
4B195	F |DNF|DNF	0,,	,|nf|,	DH	JP	DH	2021-06-16T00:00:00Z	NA	NA	tagnf	NA	NA	NA	NA	NA	NA	NA	NA	NA	NA	NA	NA	NA	NA	NA	4	B	4B	195	2021	Control	Early	3	0	1	1	Mock rainout
4B196	F |DNF|DNF	0,,	,||,died and nf?	DH	JP	DH	2021-06-16T00:00:00Z	NA	NA	dead_nf	NA	NA	NA	NA	NA	NA	NA	NA	NA	NA	NA	NA	NA	NA	NA	4	B	4B	196	2021	Control	Early	3	0	1	1	Mock rainout
4B197	V | V |TNF	,,	,|ts|,	DH	JP	DH	2021-06-16T00:00:00Z	found tag	NA	dead_nf	NA	NA	NA	NA	NA	NA	NA	NA	NA	NA	NA	NA	NA	NA	NA	4	B	4B	197	2021	Control	Early	3	0	1	1	Mock rainout
4B198	V | V |DNF	0,,	,||,	DH	JP	DH	2021-06-16T00:00:00Z	NA	NA	dead_nf	NA	NA	NA	NA	NA	NA	NA	NA	NA	NA	NA	NA	NA	NA	NA	4	B	4B	198	2021	Control	Early	3	0	1	1	Mock rainout
4B199	F |DNF|DNF	0,,	,|nf|,	DH	JP	DH	2021-06-16T00:00:00Z	NA	NA	dead_nf	NA	NA	NA	NA	NA	NA	NA	NA	NA	NA	NA	NA	NA	NA	NA	4	B	4B	199	2021	Control	Early	3	0	1	1	Mock rainout
4B200	DNF|DNF|DNF	0,,	,|nf|,	DH	JP	DH	2021-06-16T00:00:00Z	NA	NA	dead_nf	NA	NA	NA	NA	NA	NA	NA	NA	NA	NA	NA	NA	NA	NA	NA	4	B	4B	200	2021	Control	Early	3	0	1	1	Mock rainout
4B201	V |DNF|DNF	,,	,|nf|,	DH	JP	DH	2021-06-16T00:00:00Z	moved V to 4B201_20	NA	dead_nf	NA	NA	NA	NA	NA	NA	NA	NA	NA	NA	NA	NA	NA	NA	NA	4	B	4B	201	2021	Control	Early	3	0	1	1	Mock rainout
4B201_20	V |DNF|DNF	1,23,42	,||,refound?	DH	JP	DH	2021-06-16T00:00:00Z	NA	NA	vegetative	2	47	23	53	27	NA	NA	NA	NA	NA	NA	NA	NA	NA	NA	4	B	4B	201_20	2021	Control	Early	3	0	1	1	Mock rainout
4B202	V |DNF|DNF	0,,	,|nf|,	DH	JP	DH	2021-06-16T00:00:00Z	NA	NA	tagnf	NA	NA	NA	NA	NA	NA	NA	NA	NA	NA	NA	NA	NA	NA	NA	4	B	4B	202	2021	Control	Early	3	0	1	1	Mock rainout
4B203	V |DNF|DNF	,,	,|nf|,	DH	JP	DH	2021-06-16T00:00:00Z	moved F to 4B203_20	NA	dead_nf	NA	NA	NA	NA	NA	NA	NA	NA	NA	NA	NA	NA	NA	NA	NA	4	B	4B	203	2021	Control	Early	3	0	1	1	Mock rainout
4B203_20	V |DNF|DNF	1,9,11	,||,refound?	DH	JP	DH	2021-06-16T00:00:00Z	NA	1	flowering	1	NA	NA	NA	NA	NA	NA	NA	NA	NA	NA	NA	NA	NA	NA	4	B	4B	203_20	2021	Control	Early	3	0	1	1	Mock rainout
4B204	V |DNF|DNF	,,	,|nf|,	DH	JP	DH	2021-06-16T00:00:00Z	moved F to 4B204_20	NA	dead_nf	NA	NA	NA	NA	NA	NA	NA	NA	NA	NA	NA	NA	NA	NA	NA	4	B	4B	204	2021	Control	Early	3	0	1	1	Mock rainout
4B204_20	V |DNF|DNF	2,9,26	,||,refound?	DH	JP	DH	2021-06-16T00:00:00Z	NA	1	flowering	2	NA	NA	NA	NA	NA	NA	NA	NA	NA	NA	NA	NA	NA	NA	4	B	4B	204_20	2021	Control	Early	3	0	1	1	Mock rainout
4B205	V |DNF|DNF	,,	,||,	DH	JP	DH	2021-06-16T00:00:00Z	NA	NA	tagnf	NA	NA	NA	NA	NA	NA	NA	NA	NA	NA	NA	NA	NA	NA	NA	4	B	4B	205	2021	Control	Early	3	0	1	1	Mock rainout
4B206	V | V |DNF	0,,	,|chewed, ts|,chew death	DH	JP	DH	2021-06-16T00:00:00Z	NA	NA	tagnf	NA	NA	NA	NA	NA	NA	NA	NA	NA	NA	NA	NA	NA	NA	NA	4	B	4B	206	2021	Control	Early	3	0	1	1	Mock rainout
4B207	V |DNF|DNF	0,,	,|nf|,	DH	JP	DH	2021-06-16T00:00:00Z	NA	NA	dead_nf	NA	NA	NA	NA	NA	NA	NA	NA	NA	NA	NA	NA	NA	NA	NA	4	B	4B	207	2021	Control	Early	3	0	1	1	Mock rainout
4B208	V |DNF|DNF	0,,	,|nf|,	DH	JP	DH	2021-06-16T00:00:00Z	NA	NA	dead_nf	NA	NA	NA	NA	NA	NA	NA	NA	NA	NA	NA	NA	NA	NA	NA	4	B	4B	208	2021	Control	Early	3	0	1	1	Mock rainout
4B209	DNF|DNF|DNF	0,,	,|nf|,	DH	JP	DH	2021-06-16T00:00:00Z	NA	NA	tagnf	NA	NA	NA	NA	NA	NA	NA	NA	NA	NA	NA	NA	NA	NA	NA	4	B	4B	209	2021	Control	Early	3	0	1	1	Mock rainout
4B210	V |DNF|DNF	0,,	,|nf|,	DH	JP	DH	2021-06-16T00:00:00Z	NA	NA	tagnf	NA	NA	NA	NA	NA	NA	NA	NA	NA	NA	NA	NA	NA	NA	NA	4	B	4B	210	2021	Control	Early	3	0	1	1	Mock rainout
4B211	V | V | F	1,,	,||,	DH	JP	DH	2021-06-16T00:00:00Z	NA	NA	dead_nf	NA	NA	NA	NA	NA	NA	NA	NA	NA	NA	NA	NA	NA	NA	NA	4	B	4B	211	2021	Control	Early	3	0	1	1	Mock rainout
4B212	V | V |DNF	0,,	,|upper right|,died and nf?	DH	JP	DH	2021-06-16T00:00:00Z	NA	NA	dead_nf	NA	NA	NA	NA	NA	NA	NA	NA	NA	NA	NA	NA	NA	NA	NA	4	B	4B	212	2021	Control	Early	3	0	1	1	Mock rainout
4B213	V | V | V	2,14,29	,||,	DH	JP	DH	2021-06-16T00:00:00Z	NA	NA	vegetative	1	63	13	NA	NA	NA	NA	NA	NA	NA	NA	NA	NA	NA	NA	4	B	4B	213	2021	Control	Early	3	0	1	1	Mock rainout
4B214	V | V | V	2,20,40	,||,	DH	JP	DH	2021-06-16T00:00:00Z	NA	NA	tagnf	NA	NA	NA	NA	NA	NA	NA	NA	NA	NA	NA	NA	NA	NA	NA	4	B	4B	214	2021	Control	Early	3	0	1	1	Mock rainout
4B594	V | V | F	1,,	,||tagged in 2020,	DH	JP	DH	2021-06-16T00:00:00Z	NA	NA	dead_nf	NA	NA	NA	NA	NA	NA	NA	NA	NA	NA	NA	NA	NA	NA	NA	4	B	4B	594	2021	Control	Early	3	0	1	1	Mock rainout
4B596	V | V | F	1,,	,||tagged in 2020,	DH	JP	DH	2021-06-16T00:00:00Z	NA	NA	dead_nf	NA	NA	NA	NA	NA	NA	NA	NA	NA	NA	NA	NA	NA	NA	NA	4	B	4B	596	2021	Control	Early	3	0	1	1	Mock rainout
4B680	V | V | F	1,,	,||tagged in 2020,	DH	JP	DH	2021-06-16T00:00:00Z	No dead stalk	NA	vegetative	2	34	15	61	21	NA	NA	NA	NA	NA	NA	NA	NA	NA	NA	4	B	4B	680	2021	Control	Early	3	0	1	1	Mock rainout
4C104	V | V |DNF	0,,	,||,died and nf?	DH	JP	DH	2021-06-16T00:00:00Z	NA	NA	dead_nf	NA	NA	NA	NA	NA	NA	NA	NA	NA	NA	NA	NA	NA	NA	NA	4	C	4C	104	2021	Control	Early	3	0	-1	-1	Control
4C105	V | V | V	1,,5	,||,	DH	JP	DH	2021-06-16T00:00:00Z	NA	NA	vegetative	4	38	10	34	8	30	7	21	6	NA	NA	NA	NA	NA	NA	4	C	4C	105	2021	Control	Early	3	0	-1	-1	Control
4C106	V | V | V	0,,	,||,died and nf?	DH	JP	DH	2021-06-16T00:00:00Z	NA	1	flowering	1	NA	NA	NA	NA	NA	NA	NA	NA	NA	NA	NA	NA	NA	NA	4	C	4C	106	2021	Control	Early	3	0	-1	-1	Control
4C107	V | V | V	1,9,31	,|chewed, ts|,regrew?	DH	JP	DH	2021-06-16T00:00:00Z	NA	NA	vegetative	1	34	11	NA	NA	NA	NA	NA	NA	NA	NA	NA	NA	NA	NA	4	C	4C	107	2021	Control	Early	3	0	-1	-1	Control
4C108	V | V | V	1,12,21	,||,	DH	JP	DH	2021-06-16T00:00:00Z	NA	1	flowering	1	NA	NA	NA	NA	NA	NA	NA	NA	NA	NA	NA	NA	NA	NA	4	C	4C	108	2021	Control	Early	3	0	-1	-1	Control
4C109	V | F |DNF	0,,	,||,	DH	JP	DH	2021-06-16T00:00:00Z	NA	NA	dead_nf	NA	NA	NA	NA	NA	NA	NA	NA	NA	NA	NA	NA	NA	NA	NA	4	C	4C	109	2021	Control	Early	3	0	-1	-1	Control
4C110	V | V | F	,,	,||,	DH	JP	DH	2021-06-16T00:00:00Z	NA	NA	dead_nf	NA	NA	NA	NA	NA	NA	NA	NA	NA	NA	NA	NA	NA	NA	NA	4	C	4C	110	2021	Control	Early	3	0	-1	-1	Control
4C111	V | F |DNF	0,,	,||,died and nf?	DH	JP	DH	2021-06-16T00:00:00Z	NA	NA	dead_nf	NA	NA	NA	NA	NA	NA	NA	NA	NA	NA	NA	NA	NA	NA	NA	4	C	4C	111	2021	Control	Early	3	0	-1	-1	Control
4C112	V | V |TNF	,,	,||,	DH	JP	DH	2021-06-16T00:00:00Z	NA	NA	tagnf	NA	NA	NA	NA	NA	NA	NA	NA	NA	NA	NA	NA	NA	NA	NA	4	C	4C	112	2021	Control	Early	3	0	-1	-1	Control
4C113	V |DNF|DNF	0,,	,|nf|,	DH	JP	DH	2021-06-16T00:00:00Z	NA	NA	dead_nf	NA	NA	NA	NA	NA	NA	NA	NA	NA	NA	NA	NA	NA	NA	NA	4	C	4C	113	2021	Control	Early	3	0	-1	-1	Control
4C114	V | F |DNF	0,,	,|chewed, ts|,chew death	DH	JP	DH	2021-06-16T00:00:00Z	NA	NA	dead_nf	NA	NA	NA	NA	NA	NA	NA	NA	NA	NA	NA	NA	NA	NA	NA	4	C	4C	114	2021	Control	Early	3	0	-1	-1	Control
4C115	V | F |DNF	,,	,||,	DH	JP	DH	2021-06-16T00:00:00Z	NA	NA	dead_nf	NA	NA	NA	NA	NA	NA	NA	NA	NA	NA	NA	NA	NA	NA	NA	4	C	4C	115	2021	Control	Early	3	0	-1	-1	Control
4C116	V | V | V	2,10,33	,||,	DH	JP	DH	2021-06-16T00:00:00Z	recheck - says 3 rosettes but 4 entries	NA	vegetative	3	25	7	33	9	29	5	37	8	NA	NA	NA	NA	NA	NA	4	C	4C	116	2021	Control	Early	3	0	-1	-1	Control
4C117	V |DNF|DNF	0,,	,|nf|,	DH	JP	DH	2021-06-16T00:00:00Z	NA	NA	dead_nf	NA	NA	NA	NA	NA	NA	NA	NA	NA	NA	NA	NA	NA	NA	NA	4	C	4C	117	2021	Control	Early	3	0	-1	-1	Control
4C118	F |DNF|DNF	0,,	,|nf|,	DH	JP	DH	2021-06-16T00:00:00Z	NA	NA	dead_nf	NA	NA	NA	NA	NA	NA	NA	NA	NA	NA	NA	NA	NA	NA	NA	4	C	4C	118	2021	Control	Early	3	0	-1	-1	Control
4C119	F |DNF|DNF	0,,	,|nf|,	DH	JP	DH	2021-06-16T00:00:00Z	NA	NA	tagnf	NA	NA	NA	NA	NA	NA	NA	NA	NA	NA	NA	NA	NA	NA	NA	4	C	4C	119	2021	Control	Early	3	0	-1	-1	Control
4C120	V | V | F	1,,3	,|nf|,refound?	DH	JP	DH	2021-06-16T00:00:00Z	NA	1	flowering	1	NA	NA	NA	NA	NA	NA	NA	NA	NA	NA	NA	NA	NA	NA	4	C	4C	120	2021	Control	Early	3	0	-1	-1	Control
4C121	V | V | V	1,19,31	,|chewed|,regrew?	DH	JP	DH	2021-06-16T00:00:00Z	recheck - says 3 rosettes but 2 entries	NA	vegetative	3	41	14	25	6	NA	NA	NA	NA	NA	NA	NA	NA	NA	NA	4	C	4C	121	2021	Control	Early	3	0	-1	-1	Control
4C122	V | V | V	3,14,34	,||,	DH	JP	DH	2021-06-16T00:00:00Z	NA	NA	tagnf	NA	NA	NA	NA	NA	NA	NA	NA	NA	NA	NA	NA	NA	NA	NA	4	C	4C	122	2021	Control	Early	3	0	-1	-1	Control
4C123	V | V | V	1,,3	,|chewed|,regrew?	DH	JP	DH	2021-06-16T00:00:00Z	NA	NA	vegetative	1	19	6	NA	NA	NA	NA	NA	NA	NA	NA	NA	NA	NA	NA	4	C	4C	123	2021	Control	Early	3	0	-1	-1	Control
4C187	V | V | F	2,,	,|ts|,	DH	JP	DH	2021-06-16T00:00:00Z	NA	NA	dead_nf	NA	NA	NA	NA	NA	NA	NA	NA	NA	NA	NA	NA	NA	NA	NA	4	C	4C	187	2021	Control	Early	3	0	-1	-1	Control
4C188	V | V |DNF	0,,	,||,died and nf?	DH	JP	DH	2021-06-16T00:00:00Z	NA	NA	dead_nf	NA	NA	NA	NA	NA	NA	NA	NA	NA	NA	NA	NA	NA	NA	NA	4	C	4C	188	2021	Control	Early	3	0	-1	-1	Control
4C189	V | V |DNF	0,,	,||,died and nf?	DH	JP	DH	2021-06-16T00:00:00Z	NA	NA	dead_nf	NA	NA	NA	NA	NA	NA	NA	NA	NA	NA	NA	NA	NA	NA	NA	4	C	4C	189	2021	Control	Early	3	0	-1	-1	Control
4C190	V | V | V	1,21,58	,||,	DH	JP	DH	2021-06-16T00:00:00Z	NA	1	flowering	1	NA	NA	NA	NA	NA	NA	NA	NA	NA	NA	NA	NA	NA	NA	4	C	4C	190	2021	Control	Early	3	0	-1	-1	Control
4C191	V | V | V	1,9,35	,|bottom right of tag|,	DH	JP	DH	2021-06-16T00:00:00Z	NA	NA	vegetative	2	43	13	37	8	NA	NA	NA	NA	NA	NA	NA	NA	NA	NA	4	C	4C	191	2021	Control	Early	3	0	-1	-1	Control
4C192	V | V | F	5,,	,||,	DH	JP	DH	2021-06-16T00:00:00Z	NA	NA	dead_nf	NA	NA	NA	NA	NA	NA	NA	NA	NA	NA	NA	NA	NA	NA	NA	4	C	4C	192	2021	Control	Early	3	0	-1	-1	Control
4C193	V | V | V	1,14,31	,||,	DH	JP	DH	2021-06-16T00:00:00Z	NA	NA	vegetative	3	15	6	28	7	16	5	NA	NA	NA	NA	NA	NA	NA	NA	4	C	4C	193	2021	Control	Early	3	0	-1	-1	Control
4C194	V | V | V	1,5,12	,||,	DH	JP	DH	2021-06-16T00:00:00Z	NA	NA	dead_nf	NA	NA	NA	NA	NA	NA	NA	NA	NA	NA	NA	NA	NA	NA	NA	4	C	4C	194	2021	Control	Early	3	0	-1	-1	Control
4C195	V | V | F	2,,	,||,	DH	JP	DH	2021-06-16T00:00:00Z	NA	NA	dead_nf	NA	NA	NA	NA	NA	NA	NA	NA	NA	NA	NA	NA	NA	NA	NA	4	C	4C	195	2021	Control	Early	3	0	-1	-1	Control
4C196	V | V | F	3,,1	,||,	DH	JP	DH	2021-06-16T00:00:00Z	NA	NA	dead_nf	NA	NA	NA	NA	NA	NA	NA	NA	NA	NA	NA	NA	NA	NA	NA	4	C	4C	196	2021	Control	Early	3	0	-1	-1	Control
4C197	V | V |TNF	,,	Tag up from plant,|Tag up from plant|,	DH	JP	DH	2021-06-16T00:00:00Z	NA	NA	dead_nf	NA	NA	NA	NA	NA	NA	NA	NA	NA	NA	NA	NA	NA	NA	NA	4	C	4C	197	2021	Control	Early	3	0	-1	-1	Control
4C198	V | V |TNF	,,	,||,	DH	JP	DH	2021-06-16T00:00:00Z	NA	NA	tagnf	NA	NA	NA	NA	NA	NA	NA	NA	NA	NA	NA	NA	NA	NA	NA	4	C	4C	198	2021	Control	Early	3	0	-1	-1	Control
4C199	V | F |DNF	0,,	,||,	DH	JP	DH	2021-06-16T00:00:00Z	NA	NA	dead_nf	NA	NA	NA	NA	NA	NA	NA	NA	NA	NA	NA	NA	NA	NA	NA	4	C	4C	199	2021	Control	Early	3	0	-1	-1	Control
4C200	V | V | F	1,,	,||,	DH	JP	DH	2021-06-16T00:00:00Z	NA	NA	dead_nf	NA	NA	NA	NA	NA	NA	NA	NA	NA	NA	NA	NA	NA	NA	NA	4	C	4C	200	2021	Control	Early	3	0	-1	-1	Control
4C27	V |DNF|DNF	0,,	,gone|nf|,	DH	JP	DH	2021-06-16T00:00:00Z	NA	NA	dead_nf	NA	NA	NA	NA	NA	NA	NA	NA	NA	NA	NA	NA	NA	NA	NA	4	C	4C	27	2021	Control	Early	3	0	-1	-1	Control
4C28	V |DNF|DNF	,,	,|nf|,	DH	JP	DH	2021-06-16T00:00:00Z	changed from TNF to O	NA	dead_nf	NA	NA	NA	NA	NA	NA	NA	NA	NA	NA	NA	NA	NA	NA	NA	4	C	4C	28	2021	Control	Early	3	0	-1	-1	Control
4C28_20	V |DNF|DNF	2,17,57	,||,refound?	DH	JP	DH	2021-06-16T00:00:00Z	NA	NA	tagnf	NA	NA	NA	NA	NA	NA	NA	NA	NA	NA	NA	NA	NA	NA	NA	4	C	4C	28_20	2021	Control	Early	3	0	-1	-1	Control
4C29	V |DNF|DNF	,,	,|nf|,	DH	JP	DH	2021-06-16T00:00:00Z	NA	NA	tagnf	NA	NA	NA	NA	NA	NA	NA	NA	NA	NA	NA	NA	NA	NA	NA	4	C	4C	29	2021	Control	Early	3	0	-1	-1	Control
4C30	V | V |DNF	0,,	,||,died and nf?	DH	JP	DH	2021-06-16T00:00:00Z	NA	NA	dead_nf	NA	NA	NA	NA	NA	NA	NA	NA	NA	NA	NA	NA	NA	NA	NA	4	C	4C	30	2021	Control	Early	3	0	-1	-1	Control
4C31	V |DNF|DNF	0,,	,gone|nf|,	DH	JP	DH	2021-06-16T00:00:00Z	NA	NA	tagnf	NA	NA	NA	NA	NA	NA	NA	NA	NA	NA	NA	NA	NA	NA	NA	4	C	4C	31	2021	Control	Early	3	0	-1	-1	Control
4C32	V | F |DNF	,,	,||,	DH	JP	DH	2021-06-16T00:00:00Z	NA	NA	tagnf	NA	NA	NA	NA	NA	NA	NA	NA	NA	NA	NA	NA	NA	NA	NA	4	C	4C	32	2021	Control	Early	3	0	-1	-1	Control
4C33	V | V | V	2,6,45	,||,	DH	JP	DH	2021-06-16T00:00:00Z	NA	NA	vegetative	2	38	25	34	30	NA	NA	NA	NA	NA	NA	NA	NA	NA	NA	4	C	4C	33	2021	Control	Early	3	0	-1	-1	Control
4C34	V | V | V	5,9,47	DL,||,	DH	JP	DH	2021-06-16T00:00:00Z	NA	NA	vegetative	5	37	8	28	11	26	10	37	6	30	11	NA	NA	NA	NA	4	C	4C	34	2021	Control	Early	3	0	-1	-1	Control
4C35	V | F |DNF	0,,	,||,died and nf?	DH	JP	DH	2021-06-16T00:00:00Z	NA	NA	dead_nf	NA	NA	NA	NA	NA	NA	NA	NA	NA	NA	NA	NA	NA	NA	NA	4	C	4C	35	2021	Control	Early	3	0	-1	-1	Control
4C36	V | F |DNF	0,,	,||,	DH	JP	DH	2021-06-16T00:00:00Z	NA	NA	dead_nf	NA	NA	NA	NA	NA	NA	NA	NA	NA	NA	NA	NA	NA	NA	NA	4	C	4C	36	2021	Control	Early	3	0	-1	-1	Control
4C625	V | V |DNF	0,,	,||,died and nf?	DH	JP	DH	2021-06-16T00:00:00Z	tag loose	NA	tagnf	NA	NA	NA	NA	NA	NA	NA	NA	NA	NA	NA	NA	NA	NA	NA	4	C	4C	625	2021	Control	Early	3	0	-1	-1	Control
4C626	V | V | V	1,27,38	,||,	DH	JP	DH	2021-06-16T00:00:00Z	NA	NA	dead_nf	NA	NA	NA	NA	NA	NA	NA	NA	NA	NA	NA	NA	NA	NA	NA	4	C	4C	626	2021	Control	Early	3	0	-1	-1	Control
4C627	V | V | V	2,13,40	,||,	DH	JP	DH	2021-06-16T00:00:00Z	NA	2	flowering	1	NA	NA	NA	NA	NA	NA	NA	NA	NA	NA	NA	NA	NA	NA	4	C	4C	627	2021	Control	Early	3	0	-1	-1	Control
4C628	V |DNF|DNF	0,,	shriveled,gone|nf|,	DH	JP	DH	2021-06-16T00:00:00Z	NA	NA	dead_nf	NA	NA	NA	NA	NA	NA	NA	NA	NA	NA	NA	NA	NA	NA	NA	4	C	4C	628	2021	Control	Early	3	0	-1	-1	Control
4C629	V | V | V	1,10,36	,||,	DH	JP	DH	2021-06-16T00:00:00Z	NA	NA	vegetative	1	40	16	NA	NA	NA	NA	NA	NA	NA	NA	NA	NA	NA	NA	4	C	4C	629	2021	Control	Early	3	0	-1	-1	Control
4C630	V | V | V	1,6,49	,||,	DH	JP	DH	2021-06-16T00:00:00Z	NA	NA	tagnf	NA	NA	NA	NA	NA	NA	NA	NA	NA	NA	NA	NA	NA	NA	NA	4	C	4C	630	2021	Control	Early	3	0	-1	-1	Control
4C631	V | V |DNF	0,,	,||,	DH	JP	DH	2021-06-16T00:00:00Z	NA	NA	dead_nf	NA	NA	NA	NA	NA	NA	NA	NA	NA	NA	NA	NA	NA	NA	NA	4	C	4C	631	2021	Control	Early	3	0	-1	-1	Control
4C632	V | V | V	1,8,32	,||,flowered and lived?	DH	JP	DH	2021-06-16T00:00:00Z	NA	NA	tagnf	NA	NA	NA	NA	NA	NA	NA	NA	NA	NA	NA	NA	NA	NA	NA	4	C	4C	632	2021	Control	Early	3	0	-1	-1	Control
4C633	V | V | V	2,21,40	,|split under|,	DH	JP	DH	2021-06-16T00:00:00Z	NA	NA	vegetative	5	40	17	34	9	28	7	44	8	43	10	NA	NA	NA	NA	4	C	4C	633	2021	Control	Early	3	0	-1	-1	Control
4C634	V |DNF|DNF	0,,	,|nf|,	DH	JP	DH	2021-06-16T00:00:00Z	NA	NA	dead_nf	NA	NA	NA	NA	NA	NA	NA	NA	NA	NA	NA	NA	NA	NA	NA	4	C	4C	634	2021	Control	Early	3	0	-1	-1	Control
4C635	V |DNF|DNF	0,,	shriveled,|nf|,	DH	JP	DH	2021-06-16T00:00:00Z	NA	NA	dead_nf	NA	NA	NA	NA	NA	NA	NA	NA	NA	NA	NA	NA	NA	NA	NA	4	C	4C	635	2021	Control	Early	3	0	-1	-1	Control
4C636	V |DNF|DNF	0,,	,|nf|,	DH	JP	DH	2021-06-16T00:00:00Z	NA	NA	dead_nf	NA	NA	NA	NA	NA	NA	NA	NA	NA	NA	NA	NA	NA	NA	NA	4	C	4C	636	2021	Control	Early	3	0	-1	-1	Control
4C637	V |DNF|DNF	0,,	,|nf|,	DH	JP	DH	2021-06-16T00:00:00Z	NA	NA	dead_nf	NA	NA	NA	NA	NA	NA	NA	NA	NA	NA	NA	NA	NA	NA	NA	4	C	4C	637	2021	Control	Early	3	0	-1	-1	Control
4C638	V |DNF|DNF	0,,	,|nf|,	DH	JP	DH	2021-06-16T00:00:00Z	NA	NA	dead_nf	NA	NA	NA	NA	NA	NA	NA	NA	NA	NA	NA	NA	NA	NA	NA	4	C	4C	638	2021	Control	Early	3	0	-1	-1	Control
4C639	V | V | V	1,19,54	,||,	DH	JP	DH	2021-06-16T00:00:00Z	NA	NA	vegetative	1	34	23	NA	NA	NA	NA	NA	NA	NA	NA	NA	NA	NA	NA	4	C	4C	639	2021	Control	Early	3	0	-1	-1	Control
4C640	V | V | V	1,6,26	,||,	DH	JP	DH	2021-06-16T00:00:00Z	NA	NA	vegetative	3	24	8	12	6	28	5	NA	NA	NA	NA	NA	NA	NA	NA	4	C	4C	640	2021	Control	Early	3	0	-1	-1	Control
4C641	V | F | F	1,,	,|near 4C|outside plot,	DH	JP	DH	2021-06-16T00:00:00Z	NA	NA	dead_nf	NA	NA	NA	NA	NA	NA	NA	NA	NA	NA	NA	NA	NA	NA	NA	4	C	4C	641	2021	Control	Early	3	0	-1	-1	Control
4C642	V | F |DNF	0,,	,|near 4C|outside plot,	DH	JP	DH	2021-06-16T00:00:00Z	NA	NA	dead_nf	NA	NA	NA	NA	NA	NA	NA	NA	NA	NA	NA	NA	NA	NA	NA	4	C	4C	642	2021	Control	Early	3	0	-1	-1	Control
4C643	V | F |DNF	0,,	,|near 4C|outside plot,	DH	JP	DH	2021-06-16T00:00:00Z	NA	NA	dead_nf	NA	NA	NA	NA	NA	NA	NA	NA	NA	NA	NA	NA	NA	NA	NA	4	C	4C	643	2021	Control	Early	3	0	-1	-1	Control
4C644	V | F |DNF	0,,	,||,	DH	JP	DH	2021-06-16T00:00:00Z	NA	NA	dead_nf	NA	NA	NA	NA	NA	NA	NA	NA	NA	NA	NA	NA	NA	NA	NA	4	C	4C	644	2021	Control	Early	3	0	-1	-1	Control
4D26	F |DNF|DNF	0,,	,|nf|,	DH	DH	DH	2021-06-17T00:00:00Z	NA	NA	dead_nf	NA	NA	NA	NA	NA	NA	NA	NA	NA	NA	NA	NA	NA	NA	NA	4	D	4D	26	2021	Reduction	Early	3	0	1	-1	Reduction
4D27	V | V |TNF	,,	,|chewed|,	DH	DH	DH	2021-06-17T00:00:00Z	NA	NA	tagnf	NA	NA	NA	NA	NA	NA	NA	NA	NA	NA	NA	NA	NA	NA	NA	4	D	4D	27	2021	Reduction	Early	3	0	1	-1	Reduction
4D28	V | V | V	3,8,36	,||,	DH	DH	DH	2021-06-17T00:00:00Z	NA	NA	vegetative	4	32	10	18	5	31	12	30	10	NA	NA	NA	NA	NA	NA	4	D	4D	28	2021	Reduction	Early	3	0	1	-1	Reduction
4D29	F |DNF|DNF	0,,	,|nf|,	DH	DH	DH	2021-06-17T00:00:00Z	NA	NA	tagnf	NA	NA	NA	NA	NA	NA	NA	NA	NA	NA	NA	NA	NA	NA	NA	4	D	4D	29	2021	Reduction	Early	3	0	1	-1	Reduction
4D30	V | V | V	2,14,42	,||,	DH	DH	DH	2021-06-17T00:00:00Z	root found	NA	dead_nf	NA	NA	NA	NA	NA	NA	NA	NA	NA	NA	NA	NA	NA	NA	NA	4	D	4D	30	2021	Reduction	Early	3	0	1	-1	Reduction
4D31	F |DNF|DNF	0,,	,|dead|,	DH	DH	DH	2021-06-17T00:00:00Z	NA	NA	tagnf	NA	NA	NA	NA	NA	NA	NA	NA	NA	NA	NA	NA	NA	NA	NA	4	D	4D	31	2021	Reduction	Early	3	0	1	-1	Reduction
4D32	V | V | V	2,5,32	,||,	DH	DH	DH	2021-06-17T00:00:00Z	NA	NA	vegetative	1	42	16	NA	NA	NA	NA	NA	NA	NA	NA	NA	NA	NA	NA	4	D	4D	32	2021	Reduction	Early	3	0	1	-1	Reduction
4D33	F | V |DNF	0,,	,||,died and nf?	DH	DH	DH	2021-06-17T00:00:00Z	NA	NA	dead_nf	NA	NA	NA	NA	NA	NA	NA	NA	NA	NA	NA	NA	NA	NA	NA	4	D	4D	33	2021	Reduction	Early	3	0	1	-1	Reduction
4D34	F | V |DNF	0,,	,|eaten|,	DH	DH	DH	2021-06-17T00:00:00Z	NA	NA	tagnf	NA	NA	NA	NA	NA	NA	NA	NA	NA	NA	NA	NA	NA	NA	NA	4	D	4D	34	2021	Reduction	Early	3	0	1	-1	Reduction
4D35	F | F | V	1,23,46	,||,flowered and lived?	DH	DH	DH	2021-06-17T00:00:00Z	NA	NA	dead_nf	NA	NA	NA	NA	NA	NA	NA	NA	NA	NA	NA	NA	NA	NA	NA	4	D	4D	35	2021	Reduction	Early	3	0	1	-1	Reduction
4D36	F |DNF|DNF	0,,	,|dead|,	DH	DH	DH	2021-06-17T00:00:00Z	NA	NA	dead_nf	NA	NA	NA	NA	NA	NA	NA	NA	NA	NA	NA	NA	NA	NA	NA	4	D	4D	36	2021	Reduction	Early	3	0	1	-1	Reduction
4D37	V | V | F	3,,	,||,	DH	DH	DH	2021-06-17T00:00:00Z	NA	NA	tagnf	NA	NA	NA	NA	NA	NA	NA	NA	NA	NA	NA	NA	NA	NA	NA	4	D	4D	37	2021	Reduction	Early	3	0	1	-1	Reduction
4D38	V | V |DNF	0,,	,|plant above tag|,died and nf?	DH	DH	DH	2021-06-17T00:00:00Z	NA	NA	dead_nf	NA	NA	NA	NA	NA	NA	NA	NA	NA	NA	NA	NA	NA	NA	NA	4	D	4D	38	2021	Reduction	Early	3	0	1	-1	Reduction
4D39	V |TNF|NA	,,	,|tag not found|,	DH	DH	DH	2021-06-17T00:00:00Z	NA	NA	tagnf	NA	NA	NA	NA	NA	NA	NA	NA	NA	NA	NA	NA	NA	NA	NA	4	D	4D	39	2021	Reduction	Early	3	0	1	-1	Reduction
4D40	F |DNF|DNF	0,,	,|nf|,	DH	DH	DH	2021-06-17T00:00:00Z	NA	NA	tagnf	NA	NA	NA	NA	NA	NA	NA	NA	NA	NA	NA	NA	NA	NA	NA	4	D	4D	40	2021	Reduction	Early	3	0	1	-1	Reduction
4D41	V | V | F	1,,	,fly poop covering plant at base, dried up||,	DH	DH	DH	2021-06-17T00:00:00Z	Other V plants nearby	NA	dead_nf	NA	NA	NA	NA	NA	NA	NA	NA	NA	NA	NA	NA	NA	NA	NA	4	D	4D	41	2021	Reduction	Early	3	0	1	-1	Reduction
4D42	V | V |DNF	0,,	,fly poop covering plant at base, dried up|upper right of tag|,died and nf?	DH	DH	DH	2021-06-17T00:00:00Z	NA	NA	tagnf	NA	NA	NA	NA	NA	NA	NA	NA	NA	NA	NA	NA	NA	NA	NA	4	D	4D	42	2021	Reduction	Early	3	0	1	-1	Reduction
4D43	V | F | V	1,7,22	,||,flowered and lived?	DH	DH	DH	2021-06-17T00:00:00Z	NA	NA	vegetative	1	48	19	NA	NA	NA	NA	NA	NA	NA	NA	NA	NA	NA	NA	4	D	4D	43	2021	Reduction	Early	3	0	1	-1	Reduction
4D44	F | V | V	2,10,31	,||,	DH	DH	DH	2021-06-17T00:00:00Z	NA	NA	vegetative	3	25	13	36	14	40	15	NA	NA	NA	NA	NA	NA	NA	NA	4	D	4D	44	2021	Reduction	Early	3	0	1	-1	Reduction
4D45	F | V |DNF	0,,	,||,died and nf?	DH	DH	DH	2021-06-17T00:00:00Z	NA	NA	tagnf	NA	NA	NA	NA	NA	NA	NA	NA	NA	NA	NA	NA	NA	NA	NA	4	D	4D	45	2021	Reduction	Early	3	0	1	-1	Reduction
4D46	V | F |DNF	0,,	,||,	DH	DH	DH	2021-06-17T00:00:00Z	NA	NA	dead_nf	NA	NA	NA	NA	NA	NA	NA	NA	NA	NA	NA	NA	NA	NA	NA	4	D	4D	46	2021	Reduction	Early	3	0	1	-1	Reduction
4D47	V | V | F	2,,	,||,	DH	DH	DH	2021-06-17T00:00:00Z	NA	NA	dead_nf	NA	NA	NA	NA	NA	NA	NA	NA	NA	NA	NA	NA	NA	NA	NA	4	D	4D	47	2021	Reduction	Early	3	0	1	-1	Reduction
4D48	V |DNF|DNF	0,,	,2 other rosettes eaten|nf|,	DH	DH	DH	2021-06-17T00:00:00Z	NA	NA	dead_nf	NA	NA	NA	NA	NA	NA	NA	NA	NA	NA	NA	NA	NA	NA	NA	4	D	4D	48	2021	Reduction	Early	3	0	1	-1	Reduction
4D49	V | V | F	1,,	,not sure which plant to measure.||,	DH	DH	DH	2021-06-17T00:00:00Z	Other V plants nearby	NA	dead_nf	NA	NA	NA	NA	NA	NA	NA	NA	NA	NA	NA	NA	NA	NA	NA	4	D	4D	49	2021	Reduction	Early	3	0	1	-1	Reduction
4D50	V | V |DNF	0,,	,gone|eaten|,chew death	DH	DH	DH	2021-06-17T00:00:00Z	NA	NA	dead_nf	NA	NA	NA	NA	NA	NA	NA	NA	NA	NA	NA	NA	NA	NA	NA	4	D	4D	50	2021	Reduction	Early	3	0	1	-1	Reduction
4D51	V | V |DNF	0,,	,||,died and nf?	DH	DH	DH	2021-06-17T00:00:00Z	NA	NA	dead_nf	NA	NA	NA	NA	NA	NA	NA	NA	NA	NA	NA	NA	NA	NA	NA	4	D	4D	51	2021	Reduction	Early	3	0	1	-1	Reduction
4D52	V | V | F	2,,	,||,	DH	DH	DH	2021-06-17T00:00:00Z	NA	NA	dead_nf	NA	NA	NA	NA	NA	NA	NA	NA	NA	NA	NA	NA	NA	NA	NA	4	D	4D	52	2021	Reduction	Early	3	0	1	-1	Reduction
4D53	V | F |DNF	0,,	,|eaten|,chew death	DH	DH	DH	2021-06-17T00:00:00Z	NA	NA	dead_nf	NA	NA	NA	NA	NA	NA	NA	NA	NA	NA	NA	NA	NA	NA	NA	4	D	4D	53	2021	Reduction	Early	3	0	1	-1	Reduction
4D54	V | F | V	1,6,11	,||,flowered and lived?	DH	DH	DH	2021-06-17T00:00:00Z	NA	NA	dead_nf	NA	NA	NA	NA	NA	NA	NA	NA	NA	NA	NA	NA	NA	NA	NA	4	D	4D	54	2021	Reduction	Early	3	0	1	-1	Reduction
4D55	V | V |DNF	0,,	,||,died and nf?	DH	DH	DH	2021-06-17T00:00:00Z	NA	NA	dead_nf	NA	NA	NA	NA	NA	NA	NA	NA	NA	NA	NA	NA	NA	NA	NA	4	D	4D	55	2021	Reduction	Early	3	0	1	-1	Reduction
4D56	V | V |DNF	0,,	,|1 rosette eaten|,chew death	DH	DH	DH	2021-06-17T00:00:00Z	NA	NA	dead_nf	NA	NA	NA	NA	NA	NA	NA	NA	NA	NA	NA	NA	NA	NA	NA	4	D	4D	56	2021	Reduction	Early	3	0	1	-1	Reduction
4D57	V | V |DNF	0,,	,||,died and nf?	DH	DH	DH	2021-06-17T00:00:00Z	NA	NA	dead_nf	NA	NA	NA	NA	NA	NA	NA	NA	NA	NA	NA	NA	NA	NA	NA	4	D	4D	57	2021	Reduction	Early	3	0	1	-1	Reduction
4D58	V | F |DNF	0,,	,||,	DH	DH	DH	2021-06-17T00:00:00Z	Possibly new plant	NA	vegetative	1	37	17	NA	NA	NA	NA	NA	NA	NA	NA	NA	NA	NA	NA	4	D	4D	58	2021	Reduction	Early	3	0	1	-1	Reduction
4D59	V |DNF|DNF	0,,	,dried up|dead|,	DH	DH	DH	2021-06-17T00:00:00Z	NA	NA	dead_nf	NA	NA	NA	NA	NA	NA	NA	NA	NA	NA	NA	NA	NA	NA	NA	4	D	4D	59	2021	Reduction	Early	3	0	1	-1	Reduction
4D60	V | F |DNF	0,,	,||,	DH	DH	DH	2021-06-17T00:00:00Z	NA	NA	dead_nf	NA	NA	NA	NA	NA	NA	NA	NA	NA	NA	NA	NA	NA	NA	NA	4	D	4D	60	2021	Reduction	Early	3	0	1	-1	Reduction
4D61	V | F |DNF	,,	,||,	DH	DH	DH	2021-06-17T00:00:00Z	NA	NA	tagnf	NA	NA	NA	NA	NA	NA	NA	NA	NA	NA	NA	NA	NA	NA	NA	4	D	4D	61	2021	Reduction	Early	3	0	1	-1	Reduction
4D62	V | F |DNF	0,,	,||,	DH	DH	DH	2021-06-17T00:00:00Z	NA	NA	dead_nf	NA	NA	NA	NA	NA	NA	NA	NA	NA	NA	NA	NA	NA	NA	NA	4	D	4D	62	2021	Reduction	Early	3	0	1	-1	Reduction
4D66	V |NA |DNF	0,,	,||,check tag #	DH	DH	DH	2021-06-17T00:00:00Z	NA	NA	dead_nf	NA	NA	NA	NA	NA	NA	NA	NA	NA	NA	NA	NA	NA	NA	NA	4	D	4D	66	2021	Reduction	Early	3	0	1	-1	Reduction
5A121	V |TNF|NA	,,	,|tagnf|,	DH	JP	JP	2021-06-17T00:00:00Z	NA	NA	tagnf	NA	NA	NA	NA	NA	NA	NA	NA	NA	NA	NA	NA	NA	NA	NA	5	A	5A	121	2021	Addition	Early	2	1	-1	1	Addition
5A171	V | V |TNF	,,	,|ts|,	DH	JP	JP	2021-06-17T00:00:00Z	NA	NA	tagnf	NA	NA	NA	NA	NA	NA	NA	NA	NA	NA	NA	NA	NA	NA	NA	5	A	5A	171	2021	Addition	Early	2	1	-1	1	Addition
5A172	V |DNF|DNF	,,	,|nf|,	DH	JP	JP	2021-06-17T00:00:00Z	NA	NA	tagnf	NA	NA	NA	NA	NA	NA	NA	NA	NA	NA	NA	NA	NA	NA	NA	5	A	5A	172	2021	Addition	Early	2	1	-1	1	Addition
5A173	F | V |DNF	0,,	,flowering plant|6ts|,	DH	JP	JP	2021-06-17T00:00:00Z	NA	NA	dead_nf	NA	NA	NA	NA	NA	NA	NA	NA	NA	NA	NA	NA	NA	NA	NA	5	A	5A	173	2021	Addition	Early	2	1	-1	1	Addition
5A174	V |DNF|DNF	0,,	,|nf|,	DH	JP	JP	2021-06-17T00:00:00Z	NA	NA	tagnf	NA	NA	NA	NA	NA	NA	NA	NA	NA	NA	NA	NA	NA	NA	NA	5	A	5A	174	2021	Addition	Early	2	1	-1	1	Addition
5A175	F |DNF|DNF	0,,	,|nf|,	DH	JP	JP	2021-06-17T00:00:00Z	NA	NA	dead_nf	NA	NA	NA	NA	NA	NA	NA	NA	NA	NA	NA	NA	NA	NA	NA	5	A	5A	175	2021	Addition	Early	2	1	-1	1	Addition
5A176	F |DNF|DNF	0,,	more rosettes?,|nf|,	DH	JP	JP	2021-06-17T00:00:00Z	NA	NA	dead_nf	NA	NA	NA	NA	NA	NA	NA	NA	NA	NA	NA	NA	NA	NA	NA	5	A	5A	176	2021	Addition	Early	2	1	-1	1	Addition
5A177	V |DNF|DNF	,,	,|nf, tag is out of plot|,	DH	JP	JP	2021-06-17T00:00:00Z	NA	NA	tagnf	NA	NA	NA	NA	NA	NA	NA	NA	NA	NA	NA	NA	NA	NA	NA	5	A	5A	177	2021	Addition	Early	2	1	-1	1	Addition
5A178	V | V |DNF	0,,	,||,	DH	JP	JP	2021-06-17T00:00:00Z	NA	NA	dead_nf	NA	NA	NA	NA	NA	NA	NA	NA	NA	NA	NA	NA	NA	NA	NA	5	A	5A	178	2021	Addition	Early	2	1	-1	1	Addition
5A179	V | F |DNF	0,,	,||,	DH	JP	JP	2021-06-17T00:00:00Z	NA	NA	dead_nf	NA	NA	NA	NA	NA	NA	NA	NA	NA	NA	NA	NA	NA	NA	NA	5	A	5A	179	2021	Addition	Early	2	1	-1	1	Addition
5A180	F | V | F	0,,	,|above tag|,rosettes? flowering?	DH	JP	JP	2021-06-17T00:00:00Z	NA	NA	tagnf	NA	NA	NA	NA	NA	NA	NA	NA	NA	NA	NA	NA	NA	NA	NA	5	A	5A	180	2021	Addition	Early	2	1	-1	1	Addition
5A181	F |DNF|DNF	0,,	,|nf|,	DH	JP	JP	2021-06-17T00:00:00Z	NA	NA	tagnf	NA	NA	NA	NA	NA	NA	NA	NA	NA	NA	NA	NA	NA	NA	NA	5	A	5A	181	2021	Addition	Early	2	1	-1	1	Addition
5A182	F |DNF|DNF	,,	,|tagnf|,	DH	JP	JP	2021-06-17T00:00:00Z	NA	NA	tagnf	NA	NA	NA	NA	NA	NA	NA	NA	NA	NA	NA	NA	NA	NA	NA	5	A	5A	182	2021	Addition	Early	2	1	-1	1	Addition
5A183	V | F |DNF	0,,	missing,||,	DH	JP	JP	2021-06-17T00:00:00Z	NA	NA	dead_nf	NA	NA	NA	NA	NA	NA	NA	NA	NA	NA	NA	NA	NA	NA	NA	5	A	5A	183	2021	Addition	Early	2	1	-1	1	Addition
5A184	V |DNF|DNF	0,,	,gone|tagnf|,tagnf last year	DH	JP	JP	2021-06-17T00:00:00Z	NA	NA	tagnf	NA	NA	NA	NA	NA	NA	NA	NA	NA	NA	NA	NA	NA	NA	NA	5	A	5A	184	2021	Addition	Early	2	1	-1	1	Addition
5A185	V | V | F	1,,	,plant right of tag||,	DH	JP	JP	2021-06-17T00:00:00Z	NA	NA	dead_nf	NA	NA	NA	NA	NA	NA	NA	NA	NA	NA	NA	NA	NA	NA	NA	5	A	5A	185	2021	Addition	Early	2	1	-1	1	Addition
5A186	V |DNF|DNF	0,,	,|nf|,	DH	JP	JP	2021-06-17T00:00:00Z	NA	NA	dead_nf	NA	NA	NA	NA	NA	NA	NA	NA	NA	NA	NA	NA	NA	NA	NA	5	A	5A	186	2021	Addition	Early	2	1	-1	1	Addition
5A187	V |DNF|DNF	0,,	,|nf|,	DH	JP	JP	2021-06-17T00:00:00Z	NA	NA	tagnf	NA	NA	NA	NA	NA	NA	NA	NA	NA	NA	NA	NA	NA	NA	NA	5	A	5A	187	2021	Addition	Early	2	1	-1	1	Addition
5A188	V |DNF|DNF	0,,	,gophered|nf|,	DH	JP	JP	2021-06-17T00:00:00Z	NA	NA	dead_nf	NA	NA	NA	NA	NA	NA	NA	NA	NA	NA	NA	NA	NA	NA	NA	5	A	5A	188	2021	Addition	Early	2	1	-1	1	Addition
5A189	F | V | F	1,,	,|below tag|,	DH	JP	JP	2021-06-17T00:00:00Z	NA	NA	dead_nf	NA	NA	NA	NA	NA	NA	NA	NA	NA	NA	NA	NA	NA	NA	NA	5	A	5A	189	2021	Addition	Early	2	1	-1	1	Addition
5A190	V |TNF|NA	,,	,|tagnf|,	DH	JP	JP	2021-06-17T00:00:00Z	NA	NA	tagnf	NA	NA	NA	NA	NA	NA	NA	NA	NA	NA	NA	NA	NA	NA	NA	5	A	5A	190	2021	Addition	Early	2	1	-1	1	Addition
5A191	V | V | F	2,,	,|plant above tag|,	DH	JP	JP	2021-06-17T00:00:00Z	NA	NA	dead_nf	NA	NA	NA	NA	NA	NA	NA	NA	NA	NA	NA	NA	NA	NA	NA	5	A	5A	191	2021	Addition	Early	2	1	-1	1	Addition
5A192	V | V |DNF	0,,	,|plant right of tag|,	DH	JP	JP	2021-06-17T00:00:00Z	NA	NA	tagnf	NA	NA	NA	NA	NA	NA	NA	NA	NA	NA	NA	NA	NA	NA	NA	5	A	5A	192	2021	Addition	Early	2	1	-1	1	Addition
5A193	V | F |DNF	0,,	,||,	DH	JP	JP	2021-06-17T00:00:00Z	NA	NA	dead_nf	NA	NA	NA	NA	NA	NA	NA	NA	NA	NA	NA	NA	NA	NA	NA	5	A	5A	193	2021	Addition	Early	2	1	-1	1	Addition
5A194	V | V | V	0,,	,|nf|,	DH	JP	JP	2021-06-17T00:00:00Z	NA	NA	dead_nf	NA	NA	NA	NA	NA	NA	NA	NA	NA	NA	NA	NA	NA	NA	NA	5	A	5A	194	2021	Addition	Early	2	1	-1	1	Addition
5A195	V | F | V	,,	,||,	DH	JP	JP	2021-06-17T00:00:00Z	NA	NA	vegetative	1	25	22	NA	NA	NA	NA	NA	NA	NA	NA	NA	NA	NA	NA	5	A	5A	195	2021	Addition	Early	2	1	-1	1	Addition
5A196	V | F | F	2,,	,||,flowered twice?	DH	JP	JP	2021-06-17T00:00:00Z	NA	NA	dead_nf	NA	NA	NA	NA	NA	NA	NA	NA	NA	NA	NA	NA	NA	NA	NA	5	A	5A	196	2021	Addition	Early	2	1	-1	1	Addition
5A197	V | V | V	1,12,27	,||,	DH	JP	JP	2021-06-17T00:00:00Z	NA	NA	vegetative	1	25	22	NA	NA	NA	NA	NA	NA	NA	NA	NA	NA	NA	NA	5	A	5A	197	2021	Addition	Early	2	1	-1	1	Addition
5A198	V | V |TNF	,,	,||,	DH	JP	JP	2021-06-17T00:00:00Z	NA	NA	tagnf	NA	NA	NA	NA	NA	NA	NA	NA	NA	NA	NA	NA	NA	NA	NA	5	A	5A	198	2021	Addition	Early	2	1	-1	1	Addition
5A199	V |DNF|DNF	0,,	,|nf|,	DH	JP	JP	2021-06-17T00:00:00Z	NA	NA	dead_nf	NA	NA	NA	NA	NA	NA	NA	NA	NA	NA	NA	NA	NA	NA	NA	5	A	5A	199	2021	Addition	Early	2	1	-1	1	Addition
5A200	V | F |DNF	0,,	,|plant up from tag|,	DH	JP	JP	2021-06-17T00:00:00Z	NA	NA	dead_nf	NA	NA	NA	NA	NA	NA	NA	NA	NA	NA	NA	NA	NA	NA	NA	5	A	5A	200	2021	Addition	Early	2	1	-1	1	Addition
5A201	V | F |DNF	0,,	,||,	DH	JP	JP	2021-06-17T00:00:00Z	NA	NA	dead_nf	NA	NA	NA	NA	NA	NA	NA	NA	NA	NA	NA	NA	NA	NA	NA	5	A	5A	201	2021	Addition	Early	2	1	-1	1	Addition
5A202	V | F | F	1,,	,||,flowered twice?	DH	JP	JP	2021-06-17T00:00:00Z	NA	NA	dead_nf	NA	NA	NA	NA	NA	NA	NA	NA	NA	NA	NA	NA	NA	NA	NA	5	A	5A	202	2021	Addition	Early	2	1	-1	1	Addition
5A203	V | F |DNF	0,,	,||,	DH	JP	JP	2021-06-17T00:00:00Z	NA	NA	dead_nf	NA	NA	NA	NA	NA	NA	NA	NA	NA	NA	NA	NA	NA	NA	NA	5	A	5A	203	2021	Addition	Early	2	1	-1	1	Addition
5B1	V | F |DNF	0,,	,||,	DH	JP	JP	2021-06-17T00:00:00Z	NA	NA	tagnf	NA	NA	NA	NA	NA	NA	NA	NA	NA	NA	NA	NA	NA	NA	NA	5	B	5B	1	2021	Control	Early	2	1	1	1	Mock rainout
5B10	V | V | V	3,12,33	,|ts|,	DH	JP	JP	2021-06-17T00:00:00Z	recheck - says 1 rosette but 3 entries	NA	vegetative	3	50	19	39	16	45	16	NA	NA	NA	NA	NA	NA	NA	NA	5	B	5B	10	2021	Control	Early	2	1	1	1	Mock rainout
5B11	V | V |DNF	0,,	,1 is eaten down to munched leaf.|ts|,	DH	JP	JP	2021-06-17T00:00:00Z	NA	NA	dead_nf	NA	NA	NA	NA	NA	NA	NA	NA	NA	NA	NA	NA	NA	NA	NA	5	B	5B	11	2021	Control	Early	2	1	1	1	Mock rainout
5B12	V | V | F	1,,	,|up from tag|,	DH	JP	JP	2021-06-17T00:00:00Z	NA	NA	dead_nf	NA	NA	NA	NA	NA	NA	NA	NA	NA	NA	NA	NA	NA	NA	NA	5	B	5B	12	2021	Control	Early	2	1	1	1	Mock rainout
5B13	V | F |DNF	0,,	,plant mangled||,	DH	JP	JP	2021-06-17T00:00:00Z	NA	NA	dead_nf	NA	NA	NA	NA	NA	NA	NA	NA	NA	NA	NA	NA	NA	NA	NA	5	B	5B	13	2021	Control	Early	2	1	1	1	Mock rainout
5B14	F |DNF|DNF	,,	,|nf|,	DH	JP	JP	2021-06-17T00:00:00Z	NA	NA	dead_nf	NA	NA	NA	NA	NA	NA	NA	NA	NA	NA	NA	NA	NA	NA	NA	5	B	5B	14	2021	Control	Early	2	1	1	1	Mock rainout
5B15	F | V |DNF	0,,	,||,	DH	JP	JP	2021-06-17T00:00:00Z	NA	NA	dead_nf	NA	NA	NA	NA	NA	NA	NA	NA	NA	NA	NA	NA	NA	NA	NA	5	B	5B	15	2021	Control	Early	2	1	1	1	Mock rainout
5B16	V | V | F	1,,	,||,	DH	JP	JP	2021-06-17T00:00:00Z	NA	NA	dead_nf	NA	NA	NA	NA	NA	NA	NA	NA	NA	NA	NA	NA	NA	NA	NA	5	B	5B	16	2021	Control	Early	2	1	1	1	Mock rainout
5B17	V | F |DNF	0,,	,||,	DH	JP	JP	2021-06-17T00:00:00Z	NA	NA	dead_nf	NA	NA	NA	NA	NA	NA	NA	NA	NA	NA	NA	NA	NA	NA	NA	5	B	5B	17	2021	Control	Early	2	1	1	1	Mock rainout
5B18	V | V | V	1,19,57	,|ts|,	DH	JP	JP	2021-06-17T00:00:00Z	cluster of seedlings nearby	NA	dead_nf	NA	NA	NA	NA	NA	NA	NA	NA	NA	NA	NA	NA	NA	NA	NA	5	B	5B	18	2021	Control	Early	2	1	1	1	Mock rainout
5B19	V | F | V	1,6,19	,could look like 1 big rosette||,flowered and lived?	DH	JP	JP	2021-06-17T00:00:00Z	NA	NA	dead_nf	NA	NA	NA	NA	NA	NA	NA	NA	NA	NA	NA	NA	NA	NA	NA	5	B	5B	19	2021	Control	Early	2	1	1	1	Mock rainout
5B2	V |DNF|DNF	0,,	,|dead|,	DH	JP	JP	2021-06-17T00:00:00Z	NA	NA	dead_nf	NA	NA	NA	NA	NA	NA	NA	NA	NA	NA	NA	NA	NA	NA	NA	5	B	5B	2	2021	Control	Early	2	1	1	1	Mock rainout
5B20	V | V | F	1,,	,||,	DH	JP	JP	2021-06-17T00:00:00Z	NA	NA	dead_nf	NA	NA	NA	NA	NA	NA	NA	NA	NA	NA	NA	NA	NA	NA	NA	5	B	5B	20	2021	Control	Early	2	1	1	1	Mock rainout
5B21	V | F |DNF	0,,	,||,	DH	JP	JP	2021-06-17T00:00:00Z	NA	NA	dead_nf	NA	NA	NA	NA	NA	NA	NA	NA	NA	NA	NA	NA	NA	NA	NA	5	B	5B	21	2021	Control	Early	2	1	1	1	Mock rainout
5B22	F |DNF|DNF	0,,	,|dead|,	DH	JP	JP	2021-06-17T00:00:00Z	NA	NA	dead_nf	NA	NA	NA	NA	NA	NA	NA	NA	NA	NA	NA	NA	NA	NA	NA	5	B	5B	22	2021	Control	Early	2	1	1	1	Mock rainout
5B23	F |DNF|DNF	0,,	,|tagnf|,tagnf last year	DH	JP	JP	2021-06-17T00:00:00Z	NA	NA	tagnf	NA	NA	NA	NA	NA	NA	NA	NA	NA	NA	NA	NA	NA	NA	NA	5	B	5B	23	2021	Control	Early	2	1	1	1	Mock rainout
5B24	V |TNF|NA	,,	,|tagnf|,	DH	JP	JP	2021-06-17T00:00:00Z	NA	NA	tagnf	NA	NA	NA	NA	NA	NA	NA	NA	NA	NA	NA	NA	NA	NA	NA	5	B	5B	24	2021	Control	Early	2	1	1	1	Mock rainout
5B25	V |TNF|NA	,,	,|tagnf|,	DH	JP	JP	2021-06-17T00:00:00Z	NA	NA	tagnf	NA	NA	NA	NA	NA	NA	NA	NA	NA	NA	NA	NA	NA	NA	NA	5	B	5B	25	2021	Control	Early	2	1	1	1	Mock rainout
5B26	V | F |DNF	,,	,||,	DH	JP	JP	2021-06-17T00:00:00Z	NA	NA	tagnf	NA	NA	NA	NA	NA	NA	NA	NA	NA	NA	NA	NA	NA	NA	NA	5	B	5B	26	2021	Control	Early	2	1	1	1	Mock rainout
5B27	V | F |DNF	0,,	,||,	DH	JP	JP	2021-06-17T00:00:00Z	NA	NA	dead_nf	NA	NA	NA	NA	NA	NA	NA	NA	NA	NA	NA	NA	NA	NA	NA	5	B	5B	27	2021	Control	Early	2	1	1	1	Mock rainout
5B28	V | F |DNF	0,,	,||,	DH	JP	JP	2021-06-17T00:00:00Z	NA	NA	dead_nf	NA	NA	NA	NA	NA	NA	NA	NA	NA	NA	NA	NA	NA	NA	NA	5	B	5B	28	2021	Control	Early	2	1	1	1	Mock rainout
5B284	F |DNF|DNF	0,,	,|nf|,	DH	JP	JP	2021-06-17T00:00:00Z	NA	NA	dead_nf	NA	NA	NA	NA	NA	NA	NA	NA	NA	NA	NA	NA	NA	NA	NA	5	B	5B	284	2021	Control	Early	2	1	1	1	Mock rainout
5B287	V | V |NA	,,	,1 eaten, only 3 measurable|nf|,	DH	JP	JP	2021-06-17T00:00:00Z	NA	NA	dead_nf	NA	NA	NA	NA	NA	NA	NA	NA	NA	NA	NA	NA	NA	NA	NA	5	B	5B	287	2021	Control	Early	2	1	1	1	Mock rainout
5B288	V | V | F	2,,	closer plant to tag on right of tag,2 plants not sure which to measure|closer plant to tag on right of tag|,	JP	JP	JP	2021-06-17T00:00:00Z	NA	NA	tagnf	NA	NA	NA	NA	NA	NA	NA	NA	NA	NA	NA	NA	NA	NA	NA	5	B	5B	288	2021	Control	Early	2	1	1	1	Mock rainout
5B289	V | V | F	1,,	,|left of tag|,	JP	JP	JP	2021-06-17T00:00:00Z	NA	NA	dead_nf	NA	NA	NA	NA	NA	NA	NA	NA	NA	NA	NA	NA	NA	NA	NA	5	B	5B	289	2021	Control	Early	2	1	1	1	Mock rainout
5B29	V | F |DNF	0,,	,||,	JP	JP	JP	2021-06-17T00:00:00Z	NA	NA	tagnf	NA	NA	NA	NA	NA	NA	NA	NA	NA	NA	NA	NA	NA	NA	NA	5	B	5B	29	2021	Control	Early	2	1	1	1	Mock rainout
5B290	V | F |DNF	0,,	,|ts|,	JP	JP	JP	2021-06-17T00:00:00Z	NA	NA	dead_nf	NA	NA	NA	NA	NA	NA	NA	NA	NA	NA	NA	NA	NA	NA	NA	5	B	5B	290	2021	Control	Early	2	1	1	1	Mock rainout
5B291	V | V |DNF	0,,	,||,	JP	JP	JP	2021-06-17T00:00:00Z	NA	NA	tagnf	NA	NA	NA	NA	NA	NA	NA	NA	NA	NA	NA	NA	NA	NA	NA	5	B	5B	291	2021	Control	Early	2	1	1	1	Mock rainout
5B292	F |DNF|DNF	0,,	,flowering plant|dead|,	JP	JP	JP	2021-06-17T00:00:00Z	NA	NA	dead_nf	NA	NA	NA	NA	NA	NA	NA	NA	NA	NA	NA	NA	NA	NA	NA	5	B	5B	292	2021	Control	Early	2	1	1	1	Mock rainout
5B293	V | V | F	1,,	,|ts, left of tag|,	JP	JP	JP	2021-06-17T00:00:00Z	NA	NA	tagnf	NA	NA	NA	NA	NA	NA	NA	NA	NA	NA	NA	NA	NA	NA	NA	5	B	5B	293	2021	Control	Early	2	1	1	1	Mock rainout
5B294	F |DNF|DNF	0,,	2 flowering stalks,|dead|,	JP	JP	JP	2021-06-17T00:00:00Z	NA	NA	dead_nf	NA	NA	NA	NA	NA	NA	NA	NA	NA	NA	NA	NA	NA	NA	NA	5	B	5B	294	2021	Control	Early	2	1	1	1	Mock rainout
5B295	V | V | V	1,24,52	,||,	JP	JP	JP	2021-06-17T00:00:00Z	NA	NA	vegetative	1	45	7	NA	NA	NA	NA	NA	NA	NA	NA	NA	NA	NA	NA	5	B	5B	295	2021	Control	Early	2	1	1	1	Mock rainout
5B296	V | V | F	1,,	,||,	JP	JP	JP	2021-06-17T00:00:00Z	NA	NA	dead_nf	NA	NA	NA	NA	NA	NA	NA	NA	NA	NA	NA	NA	NA	NA	NA	5	B	5B	296	2021	Control	Early	2	1	1	1	Mock rainout
5B297	V | V |DNF	0,,	,|ts|,	JP	JP	JP	2021-06-17T00:00:00Z	NA	NA	dead_nf	NA	NA	NA	NA	NA	NA	NA	NA	NA	NA	NA	NA	NA	NA	NA	5	B	5B	297	2021	Control	Early	2	1	1	1	Mock rainout
5B298	V |DNF|DNF	0,,	,|nf|,	JP	JP	JP	2021-06-17T00:00:00Z	NA	NA	dead_nf	NA	NA	NA	NA	NA	NA	NA	NA	NA	NA	NA	NA	NA	NA	NA	5	B	5B	298	2021	Control	Early	2	1	1	1	Mock rainout
5B299	V | V | F	1,,	,|ts|,	JP	JP	JP	2021-06-17T00:00:00Z	NA	NA	dead_nf	NA	NA	NA	NA	NA	NA	NA	NA	NA	NA	NA	NA	NA	NA	NA	5	B	5B	299	2021	Control	Early	2	1	1	1	Mock rainout
5B3	V | F |DNF	0,,	,||,	JP	JP	JP	2021-06-17T00:00:00Z	NA	NA	dead_nf	NA	NA	NA	NA	NA	NA	NA	NA	NA	NA	NA	NA	NA	NA	NA	5	B	5B	3	2021	Control	Early	2	1	1	1	Mock rainout
5B30	V | F |DNF	0,,	,||,check tag #	JP	JP	JP	2021-06-17T00:00:00Z	NA	NA	dead_nf	NA	NA	NA	NA	NA	NA	NA	NA	NA	NA	NA	NA	NA	NA	NA	5	B	5B	30	2021	Control	Early	2	1	1	1	Mock rainout
5B300	V | V | F	2,,	,|ts|,	JP	JP	JP	2021-06-17T00:00:00Z	NA	NA	dead_nf	NA	NA	NA	NA	NA	NA	NA	NA	NA	NA	NA	NA	NA	NA	NA	5	B	5B	300	2021	Control	Early	2	1	1	1	Mock rainout
5B301	V | F |DNF	0,,	,||,	JP	JP	JP	2021-06-17T00:00:00Z	NA	NA	dead_nf	NA	NA	NA	NA	NA	NA	NA	NA	NA	NA	NA	NA	NA	NA	NA	5	B	5B	301	2021	Control	Early	2	1	1	1	Mock rainout
5B31	V | F |DNF	0,,	,||,	JP	JP	JP	2021-06-17T00:00:00Z	NA	NA	dead_nf	NA	NA	NA	NA	NA	NA	NA	NA	NA	NA	NA	NA	NA	NA	NA	5	B	5B	31	2021	Control	Early	2	1	1	1	Mock rainout
5B32	F |DNF|DNF	0,,	,||,check tag #	JP	JP	JP	2021-06-17T00:00:00Z	NA	NA	tagnf	NA	NA	NA	NA	NA	NA	NA	NA	NA	NA	NA	NA	NA	NA	NA	5	B	5B	32	2021	Control	Early	2	1	1	1	Mock rainout
5B4	V | V | F	1,,	,||,	JP	JP	JP	2021-06-17T00:00:00Z	NA	NA	dead_nf	NA	NA	NA	NA	NA	NA	NA	NA	NA	NA	NA	NA	NA	NA	NA	5	B	5B	4	2021	Control	Early	2	1	1	1	Mock rainout
5B5	V | V | F	2,,	,||,	JP	JP	JP	2021-06-17T00:00:00Z	NA	NA	dead_nf	NA	NA	NA	NA	NA	NA	NA	NA	NA	NA	NA	NA	NA	NA	NA	5	B	5B	5	2021	Control	Early	2	1	1	1	Mock rainout
5B6	V | F |DNF	0,,	,||,	JP	JP	JP	2021-06-17T00:00:00Z	NA	NA	dead_nf	NA	NA	NA	NA	NA	NA	NA	NA	NA	NA	NA	NA	NA	NA	NA	5	B	5B	6	2021	Control	Early	2	1	1	1	Mock rainout
5B7	F | V | V	1,,41	,|ts|,count leaves	JP	JP	JP	2021-06-17T00:00:00Z	NA	1	flowering	1	NA	NA	NA	NA	NA	NA	NA	NA	NA	NA	NA	NA	NA	NA	5	B	5B	7	2021	Control	Early	2	1	1	1	Mock rainout
5B8	F |DNF|DNF	0,,	,|nf|,	JP	JP	JP	2021-06-17T00:00:00Z	NA	NA	tagnf	NA	NA	NA	NA	NA	NA	NA	NA	NA	NA	NA	NA	NA	NA	NA	5	B	5B	8	2021	Control	Early	2	1	1	1	Mock rainout
5B88_20	NA |NA | F	3,,	,||,check tag #	JP	JP	JP	2021-06-17T00:00:00Z	NA	NA	tagnf	NA	NA	NA	NA	NA	NA	NA	NA	NA	NA	NA	NA	NA	NA	NA	5	B	5B	88_20	2021	Control	Early	2	1	1	1	Mock rainout
5B9	V | V | V	0,,	,||,	JP	JP	JP	2021-06-17T00:00:00Z	NA	NA	tagnf	NA	NA	NA	NA	NA	NA	NA	NA	NA	NA	NA	NA	NA	NA	NA	5	B	5B	9	2021	Control	Early	2	1	1	1	Mock rainout
5C201	V | F |DNF	0,,	,||,	XL	XL	XL	2021-06-17T00:00:00Z	NA	NA	dead_nf	NA	NA	NA	NA	NA	NA	NA	NA	NA	NA	NA	NA	NA	NA	NA	5	C	5C	201	2021	Reduction	Early	2	1	-1	-1	Reduction
5C202	V | V | F	1,,	,||,	XL	XL	XL	2021-06-17T00:00:00Z	NA	NA	dead_nf	NA	NA	NA	NA	NA	NA	NA	NA	NA	NA	NA	NA	NA	NA	NA	5	C	5C	202	2021	Reduction	Early	2	1	-1	-1	Reduction
5C203	V | V | V	1,30,56	,|2ts|,	XL	XL	XL	2021-06-17T00:00:00Z	NA	NA	vegetative	2	45	23	17	9	NA	NA	NA	NA	NA	NA	NA	NA	NA	NA	5	C	5C	203	2021	Reduction	Early	2	1	-1	-1	Reduction
5C204	V |DNF|DNF	0,,	,|nf|,	XL	XL	XL	2021-06-17T00:00:00Z	NA	NA	dead_nf	NA	NA	NA	NA	NA	NA	NA	NA	NA	NA	NA	NA	NA	NA	NA	5	C	5C	204	2021	Reduction	Early	2	1	-1	-1	Reduction
5C205	F |DNF|DNF	,,	,|dead|,	XL	XL	XL	2021-06-17T00:00:00Z	NA	NA	dead_nf	NA	NA	NA	NA	NA	NA	NA	NA	NA	NA	NA	NA	NA	NA	NA	5	C	5C	205	2021	Reduction	Early	2	1	-1	-1	Reduction
5C206	F |DNF|DNF	0,,	needs counting and length,|dead|,	XL	XL	XL	2021-06-17T00:00:00Z	NA	NA	dead_nf	NA	NA	NA	NA	NA	NA	NA	NA	NA	NA	NA	NA	NA	NA	NA	5	C	5C	206	2021	Reduction	Early	2	1	-1	-1	Reduction
5C207	V | V | F	1,,	,||,	XL	XL	XL	2021-06-17T00:00:00Z	NA	NA	dead_nf	NA	NA	NA	NA	NA	NA	NA	NA	NA	NA	NA	NA	NA	NA	NA	5	C	5C	207	2021	Reduction	Early	2	1	-1	-1	Reduction
5C208	V | V | F	1,,	,||,	XL	XL	XL	2021-06-17T00:00:00Z	NA	NA	dead_nf	NA	NA	NA	NA	NA	NA	NA	NA	NA	NA	NA	NA	NA	NA	NA	5	C	5C	208	2021	Reduction	Early	2	1	-1	-1	Reduction
5C209	V | F |DNF	0,,	,||,	XL	XL	XL	2021-06-17T00:00:00Z	NA	NA	dead_nf	NA	NA	NA	NA	NA	NA	NA	NA	NA	NA	NA	NA	NA	NA	NA	5	C	5C	209	2021	Reduction	Early	2	1	-1	-1	Reduction
5C210	V | V | V	1,20,38	,||,	XL	XL	XL	2021-06-17T00:00:00Z	NA	NA	vegetative	4	29	6	22	7	35	10	33	7	NA	NA	NA	NA	NA	NA	5	C	5C	210	2021	Reduction	Early	2	1	-1	-1	Reduction
5C211	V | V | F	1,,	,|below tag|,	XL	XL	XL	2021-06-17T00:00:00Z	NA	NA	dead_nf	NA	NA	NA	NA	NA	NA	NA	NA	NA	NA	NA	NA	NA	NA	NA	5	C	5C	211	2021	Reduction	Early	2	1	-1	-1	Reduction
5C212	F | V | V	1,17,41	,||,	XL	XL	XL	2021-06-17T00:00:00Z	NA	NA	vegetative	1	40	46	NA	NA	NA	NA	NA	NA	NA	NA	NA	NA	NA	NA	5	C	5C	212	2021	Reduction	Early	2	1	-1	-1	Reduction
5C213	F |DNF|DNF	,,	,flowering plant|nf|,	XL	XL	XL	2021-06-17T00:00:00Z	NA	NA	dead_nf	NA	NA	NA	NA	NA	NA	NA	NA	NA	NA	NA	NA	NA	NA	NA	5	C	5C	213	2021	Reduction	Early	2	1	-1	-1	Reduction
5C214	V | F |DNF	0,,	,||,	XL	XL	XL	2021-06-17T00:00:00Z	NA	NA	dead_nf	NA	NA	NA	NA	NA	NA	NA	NA	NA	NA	NA	NA	NA	NA	NA	5	C	5C	214	2021	Reduction	Early	2	1	-1	-1	Reduction
5C215	F |DNF|DNF	0,,	,|dead|,	XL	XL	XL	2021-06-17T00:00:00Z	NA	NA	dead_nf	NA	NA	NA	NA	NA	NA	NA	NA	NA	NA	NA	NA	NA	NA	NA	5	C	5C	215	2021	Reduction	Early	2	1	-1	-1	Reduction
5C216	F |DNF|DNF	0,,	,|nf|,	XL	XL	XL	2021-06-17T00:00:00Z	NA	NA	dead_nf	NA	NA	NA	NA	NA	NA	NA	NA	NA	NA	NA	NA	NA	NA	NA	5	C	5C	216	2021	Reduction	Early	2	1	-1	-1	Reduction
5C217	V | F | F	2,,	,dried up|right of tag|,flowered twice?	XL	XL	XL	2021-06-17T00:00:00Z	NA	NA	dead_nf	NA	NA	NA	NA	NA	NA	NA	NA	NA	NA	NA	NA	NA	NA	NA	5	C	5C	217	2021	Reduction	Early	2	1	-1	-1	Reduction
5C218	V | V |DNF	0,,	,|above tag|,died and nf?	XL	XL	XL	2021-06-17T00:00:00Z	NA	NA	dead_nf	NA	NA	NA	NA	NA	NA	NA	NA	NA	NA	NA	NA	NA	NA	NA	5	C	5C	218	2021	Reduction	Early	2	1	-1	-1	Reduction
5C219	V | V |DNF	0,,	,||,died and nf?	XL	XL	XL	2021-06-17T00:00:00Z	NA	NA	dead_nf	NA	NA	NA	NA	NA	NA	NA	NA	NA	NA	NA	NA	NA	NA	NA	5	C	5C	219	2021	Reduction	Early	2	1	-1	-1	Reduction
5C220	F |DNF|DNF	0,,	,|dead|,	XL	XL	XL	2021-06-17T00:00:00Z	NA	NA	dead_nf	NA	NA	NA	NA	NA	NA	NA	NA	NA	NA	NA	NA	NA	NA	NA	5	C	5C	220	2021	Reduction	Early	2	1	-1	-1	Reduction
5C221	F | V | F	3,,	,||,	XL	XL	XL	2021-06-17T00:00:00Z	NA	NA	dead_nf	NA	NA	NA	NA	NA	NA	NA	NA	NA	NA	NA	NA	NA	NA	NA	5	C	5C	221	2021	Reduction	Early	2	1	-1	-1	Reduction
5C222	F |DNF|DNF	0,,	,flowering plant|nf|,	XL	XL	XL	2021-06-17T00:00:00Z	NA	NA	dead_nf	NA	NA	NA	NA	NA	NA	NA	NA	NA	NA	NA	NA	NA	NA	NA	5	C	5C	222	2021	Reduction	Early	2	1	-1	-1	Reduction
5C223	V | V | V	1,17,43	,|nf|,refound?	XL	XL	XL	2021-06-17T00:00:00Z	recheck - count stalks and rosettes	NA	flowering	NA	NA	NA	NA	NA	NA	NA	NA	NA	NA	NA	NA	NA	NA	NA	5	C	5C	223	2021	Reduction	Early	2	1	-1	-1	Reduction
5C224	V | V | F	1,,	,||,	XL	XL	XL	2021-06-17T00:00:00Z	NA	NA	dead_nf	NA	NA	NA	NA	NA	NA	NA	NA	NA	NA	NA	NA	NA	NA	NA	5	C	5C	224	2021	Reduction	Early	2	1	-1	-1	Reduction
5C225	V | V | F	1,,	,|nf|,refound?	XL	XL	XL	2021-06-17T00:00:00Z	NA	NA	dead_nf	NA	NA	NA	NA	NA	NA	NA	NA	NA	NA	NA	NA	NA	NA	NA	5	C	5C	225	2021	Reduction	Early	2	1	-1	-1	Reduction
5C226	V | V | V	2,8,26	,||,	XL	XL	XL	2021-06-17T00:00:00Z	NA	NA	vegetative	1	30	14	NA	NA	NA	NA	NA	NA	NA	NA	NA	NA	NA	NA	5	C	5C	226	2021	Reduction	Early	2	1	-1	-1	Reduction
5C227	V | V | V	1,22,24	,|ts|,	XL	XL	XL	2021-06-17T00:00:00Z	NA	NA	vegetative	1	35	49	NA	NA	NA	NA	NA	NA	NA	NA	NA	NA	NA	NA	5	C	5C	227	2021	Reduction	Early	2	1	-1	-1	Reduction
5C228	V | F |DNF	0,,	,||,	XL	XL	XL	2021-06-17T00:00:00Z	NA	NA	dead_nf	NA	NA	NA	NA	NA	NA	NA	NA	NA	NA	NA	NA	NA	NA	NA	5	C	5C	228	2021	Reduction	Early	2	1	-1	-1	Reduction
5C229	V | F |DNF	0,,	,|right of tag|,	XL	XL	XL	2021-06-17T00:00:00Z	NA	NA	dead_nf	NA	NA	NA	NA	NA	NA	NA	NA	NA	NA	NA	NA	NA	NA	NA	5	C	5C	229	2021	Reduction	Early	2	1	-1	-1	Reduction
5C231_20	NA |NA |TNF	,,	,||,	XL	XL	XL	2021-06-17T00:00:00Z	NA	NA	tagnf	NA	NA	NA	NA	NA	NA	NA	NA	NA	NA	NA	NA	NA	NA	NA	5	C	5C	231_20	2021	Reduction	Early	2	1	-1	-1	Reduction
5C683	V | V | F	1,,	,||tagged in 2020,	XL	XL	XL	2021-06-17T00:00:00Z	NA	NA	vegetative	1	29	14	NA	NA	NA	NA	NA	NA	NA	NA	NA	NA	NA	NA	5	C	5C	683	2021	Reduction	Early	2	1	-1	-1	Reduction
5D228	F | F |DNF	0,,	,||,	XL	XL	XL	2021-06-17T00:00:00Z	NA	NA	dead_nf	NA	NA	NA	NA	NA	NA	NA	NA	NA	NA	NA	NA	NA	NA	NA	5	D	5D	228	2021	Control	Early	2	1	1	-1	Control
5D229	V |TNF|NA	,,	,|tagnf|,	XL	XL	XL	2021-06-17T00:00:00Z	NA	NA	tagnf	NA	NA	NA	NA	NA	NA	NA	NA	NA	NA	NA	NA	NA	NA	NA	5	D	5D	229	2021	Control	Early	2	1	1	-1	Control
5D230	V | F | F	1,,	,||,flowered twice?	XL	XL	XL	2021-06-17T00:00:00Z	NA	NA	tagnf	NA	NA	NA	NA	NA	NA	NA	NA	NA	NA	NA	NA	NA	NA	NA	5	D	5D	230	2021	Control	Early	2	1	1	-1	Control
5D231	F |DNF|DNF	,,	,|dead|,	XL	XL	XL	2021-06-17T00:00:00Z	NA	NA	tagnf	NA	NA	NA	NA	NA	NA	NA	NA	NA	NA	NA	NA	NA	NA	NA	5	D	5D	231	2021	Control	Early	2	1	1	-1	Control
5D232	F |DNF|DNF	0,,	,flowering plant|dead|,	XL	XL	XL	2021-06-17T00:00:00Z	NA	NA	dead_nf	NA	NA	NA	NA	NA	NA	NA	NA	NA	NA	NA	NA	NA	NA	NA	5	D	5D	232	2021	Control	Early	2	1	1	-1	Control
5D233	V | V |DNF	0,,	,||,	XL	XL	XL	2021-06-17T00:00:00Z	NA	NA	dead_nf	NA	NA	NA	NA	NA	NA	NA	NA	NA	NA	NA	NA	NA	NA	NA	5	D	5D	233	2021	Control	Early	2	1	1	-1	Control
5D234	V | F |DNF	0,,	,||,	XL	XL	XL	2021-06-17T00:00:00Z	NA	NA	dead_nf	NA	NA	NA	NA	NA	NA	NA	NA	NA	NA	NA	NA	NA	NA	NA	5	D	5D	234	2021	Control	Early	2	1	1	-1	Control
5D235	V | V | V	1,18,41	,closest plant to tag, UL||,	XL	XL	XL	2021-06-17T00:00:00Z	NA	NA	vegetative	2	32	15	30	15	NA	NA	NA	NA	NA	NA	NA	NA	NA	NA	5	D	5D	235	2021	Control	Early	2	1	1	-1	Control
5D236	DNF|DNF|DNF	,,	,|nf|,	XL	XL	XL	2021-06-17T00:00:00Z	NA	NA	tagnf	NA	NA	NA	NA	NA	NA	NA	NA	NA	NA	NA	NA	NA	NA	NA	5	D	5D	236	2021	Control	Early	2	1	1	-1	Control
5D237	V |DNF|DNF	0,,	,|dead|,	XL	XL	XL	2021-06-17T00:00:00Z	NA	NA	dead_nf	NA	NA	NA	NA	NA	NA	NA	NA	NA	NA	NA	NA	NA	NA	NA	5	D	5D	237	2021	Control	Early	2	1	1	-1	Control
5D238	V | V |DNF	0,,	,||,died and nf?	XL	XL	XL	2021-06-17T00:00:00Z	NA	NA	dead_nf	NA	NA	NA	NA	NA	NA	NA	NA	NA	NA	NA	NA	NA	NA	NA	5	D	5D	238	2021	Control	Early	2	1	1	-1	Control
5D239	V | F |DNF	0,,	,||,	XL	XL	XL	2021-06-17T00:00:00Z	NA	NA	tagnf	NA	NA	NA	NA	NA	NA	NA	NA	NA	NA	NA	NA	NA	NA	NA	5	D	5D	239	2021	Control	Early	2	1	1	-1	Control
5D240	V | F |DNF	0,,	,||,	XL	XL	XL	2021-06-17T00:00:00Z	NA	NA	dead_nf	NA	NA	NA	NA	NA	NA	NA	NA	NA	NA	NA	NA	NA	NA	NA	5	D	5D	240	2021	Control	Early	2	1	1	-1	Control
5D241	V | F |DNF	0,,	,||,	XL	XL	XL	2021-06-17T00:00:00Z	NA	NA	dead_nf	NA	NA	NA	NA	NA	NA	NA	NA	NA	NA	NA	NA	NA	NA	NA	5	D	5D	241	2021	Control	Early	2	1	1	-1	Control
5D242	V | V | F	1,,	,||,	XL	XL	XL	2021-06-17T00:00:00Z	NA	NA	dead_nf	NA	NA	NA	NA	NA	NA	NA	NA	NA	NA	NA	NA	NA	NA	NA	5	D	5D	242	2021	Control	Early	2	1	1	-1	Control
5D243	V | F |DNF	0,,	,||,	XL	XL	XL	2021-06-17T00:00:00Z	NA	NA	dead_nf	NA	NA	NA	NA	NA	NA	NA	NA	NA	NA	NA	NA	NA	NA	NA	5	D	5D	243	2021	Control	Early	2	1	1	-1	Control
5D244	V | V | V	1,12,39	,|above id|,	XL	XL	XL	2021-06-17T00:00:00Z	NA	NA	vegetative	4	34	9	36	13	24	12	25	14	NA	NA	NA	NA	NA	NA	5	D	5D	244	2021	Control	Early	2	1	1	-1	Control
5D245	F |DNF|DNF	0,,	,|nf|,	XL	XL	XL	2021-06-17T00:00:00Z	NA	NA	dead_nf	NA	NA	NA	NA	NA	NA	NA	NA	NA	NA	NA	NA	NA	NA	NA	5	D	5D	245	2021	Control	Early	2	1	1	-1	Control
5D246	V | F |DNF	0,,	,||,	XL	XL	XL	2021-06-17T00:00:00Z	NA	NA	dead_nf	NA	NA	NA	NA	NA	NA	NA	NA	NA	NA	NA	NA	NA	NA	NA	5	D	5D	246	2021	Control	Early	2	1	1	-1	Control
5D247	V | V | F	1,,	,|tagnf|,tagnf last year	XL	XL	XL	2021-06-17T00:00:00Z	NA	NA	tagnf	NA	NA	NA	NA	NA	NA	NA	NA	NA	NA	NA	NA	NA	NA	NA	5	D	5D	247	2021	Control	Early	2	1	1	-1	Control
5D248	V |DNF|DNF	0,,	,|dead|,	XL	XL	XL	2021-06-17T00:00:00Z	NA	NA	dead_nf	NA	NA	NA	NA	NA	NA	NA	NA	NA	NA	NA	NA	NA	NA	NA	5	D	5D	248	2021	Control	Early	2	1	1	-1	Control
5D249	V | F |DNF	0,,	,||,died and nf?	XL	XL	XL	2021-06-17T00:00:00Z	NA	NA	dead_nf	NA	NA	NA	NA	NA	NA	NA	NA	NA	NA	NA	NA	NA	NA	NA	5	D	5D	249	2021	Control	Early	2	1	1	-1	Control
5D250	V | V | F	1,,	,||,	XL	XL	XL	2021-06-17T00:00:00Z	NA	NA	dead_nf	NA	NA	NA	NA	NA	NA	NA	NA	NA	NA	NA	NA	NA	NA	NA	5	D	5D	250	2021	Control	Early	2	1	1	-1	Control
5D251	DNF|DNF|DNF	,,	,|nf|,	XL	XL	XL	2021-06-17T00:00:00Z	NA	NA	dead_nf	NA	NA	NA	NA	NA	NA	NA	NA	NA	NA	NA	NA	NA	NA	NA	5	D	5D	251	2021	Control	Early	2	1	1	-1	Control
5D251_20	DNF|DNF|DNF	2,19,25	,||,refound?	XL	XL	XL	2021-06-17T00:00:00Z	recheck - count stalks and rosettes	NA	flowering	NA	NA	NA	NA	NA	NA	NA	NA	NA	NA	NA	NA	NA	NA	NA	5	D	5D	251_20	2021	Control	Early	2	1	1	-1	Control
5D252	V | V | F	1,,	,||,	XL	XL	XL	2021-06-17T00:00:00Z	NA	NA	dead_nf	NA	NA	NA	NA	NA	NA	NA	NA	NA	NA	NA	NA	NA	NA	NA	5	D	5D	252	2021	Control	Early	2	1	1	-1	Control
5D253	V | F |DNF	0,,	,||,died and nf?	XL	XL	XL	2021-06-17T00:00:00Z	NA	NA	dead_nf	NA	NA	NA	NA	NA	NA	NA	NA	NA	NA	NA	NA	NA	NA	NA	5	D	5D	253	2021	Control	Early	2	1	1	-1	Control
5D254	DNF|DNF|DNF	,,	,|nf|,	XL	XL	XL	2021-06-17T00:00:00Z	NA	NA	dead_nf	NA	NA	NA	NA	NA	NA	NA	NA	NA	NA	NA	NA	NA	NA	NA	5	D	5D	254	2021	Control	Early	2	1	1	-1	Control
5D254_20	DNF|DNF|DNF	1,16,24	,||,refound?	XL	XL	XL	2021-06-17T00:00:00Z	NA	NA	vegetative	3	33	7	28	10	30	7	NA	NA	NA	NA	NA	NA	NA	NA	5	D	5D	254_20	2021	Control	Early	2	1	1	-1	Control
5D256	V | F |DNF	0,,	,||,	XL	XL	XL	2021-06-17T00:00:00Z	NA	NA	dead_nf	NA	NA	NA	NA	NA	NA	NA	NA	NA	NA	NA	NA	NA	NA	NA	5	D	5D	256	2021	Control	Early	2	1	1	-1	Control
5D257	V | F |DNF	0,,	,||,	XL	XL	XL	2021-06-17T00:00:00Z	NA	NA	dead_nf	NA	NA	NA	NA	NA	NA	NA	NA	NA	NA	NA	NA	NA	NA	NA	5	D	5D	257	2021	Control	Early	2	1	1	-1	Control
5D258	F |DNF|DNF	0,,	needs length,|dead|,	XL	XL	XL	2021-06-17T00:00:00Z	NA	NA	dead_nf	NA	NA	NA	NA	NA	NA	NA	NA	NA	NA	NA	NA	NA	NA	NA	5	D	5D	258	2021	Control	Early	2	1	1	-1	Control
5D259	V | V |DNF	0,,	,||,	XL	XL	XL	2021-06-17T00:00:00Z	NA	NA	dead_nf	NA	NA	NA	NA	NA	NA	NA	NA	NA	NA	NA	NA	NA	NA	NA	5	D	5D	259	2021	Control	Early	2	1	1	-1	Control
5D260	F |DNF|DNF	0,,	,gone|dead|,	XL	XL	XL	2021-06-17T00:00:00Z	NA	NA	dead_nf	NA	NA	NA	NA	NA	NA	NA	NA	NA	NA	NA	NA	NA	NA	NA	5	D	5D	260	2021	Control	Early	2	1	1	-1	Control
5D261	V | F |DNF	0,,	,||,	XL	XL	XL	2021-06-17T00:00:00Z	NEW ROSETTE V. CLOSE	NA	dead_nf	NA	NA	NA	NA	NA	NA	NA	NA	NA	NA	NA	NA	NA	NA	NA	5	D	5D	261	2021	Control	Early	2	1	1	-1	Control
5D262	V | F |DNF	0,,	,||,	XL	XL	XL	2021-06-17T00:00:00Z	NA	NA	dead_nf	NA	NA	NA	NA	NA	NA	NA	NA	NA	NA	NA	NA	NA	NA	NA	5	D	5D	262	2021	Control	Early	2	1	1	-1	Control
5D263	V |DNF|DNF	0,,	,|dead|,	XL	XL	XL	2021-06-17T00:00:00Z	NA	NA	dead_nf	NA	NA	NA	NA	NA	NA	NA	NA	NA	NA	NA	NA	NA	NA	NA	5	D	5D	263	2021	Control	Early	2	1	1	-1	Control
5D264	V | F |DNF	0,,	,||,	XL	XL	XL	2021-06-17T00:00:00Z	NA	NA	dead_nf	NA	NA	NA	NA	NA	NA	NA	NA	NA	NA	NA	NA	NA	NA	NA	5	D	5D	264	2021	Control	Early	2	1	1	-1	Control
5D265	V |DNF|DNF	0,,	,|dead|,	XL	XL	XL	2021-06-17T00:00:00Z	NA	NA	dead_nf	NA	NA	NA	NA	NA	NA	NA	NA	NA	NA	NA	NA	NA	NA	NA	5	D	5D	265	2021	Control	Early	2	1	1	-1	Control
5D266	V | F |DNF	0,,	,||,	XL	XL	XL	2021-06-17T00:00:00Z	NA	NA	dead_nf	NA	NA	NA	NA	NA	NA	NA	NA	NA	NA	NA	NA	NA	NA	NA	5	D	5D	266	2021	Control	Early	2	1	1	-1	Control
5D267	DNF|DNF|DNF	0,,	,|nf|,	XL	XL	XL	2021-06-17T00:00:00Z	NA	NA	dead_nf	NA	NA	NA	NA	NA	NA	NA	NA	NA	NA	NA	NA	NA	NA	NA	5	D	5D	267	2021	Control	Early	2	1	1	-1	Control
5D268	V | V | F	1,,	,||,	XL	XL	XL	2021-06-17T00:00:00Z	NA	NA	dead_nf	NA	NA	NA	NA	NA	NA	NA	NA	NA	NA	NA	NA	NA	NA	NA	5	D	5D	268	2021	Control	Early	2	1	1	-1	Control
5D269	V |DNF|DNF	,,	,|dead|,	XL	XL	XL	2021-06-17T00:00:00Z	NA	NA	dead_nf	NA	NA	NA	NA	NA	NA	NA	NA	NA	NA	NA	NA	NA	NA	NA	5	D	5D	269	2021	Control	Early	2	1	1	-1	Control
5D269_20	V |DNF|DNF	1,,	,||,	XL	XL	XL	2021-06-17T00:00:00Z	NA	NA	dead_nf	NA	NA	NA	NA	NA	NA	NA	NA	NA	NA	NA	NA	NA	NA	NA	5	D	5D	269_20	2021	Control	Early	2	1	1	-1	Control
5D270	DNF|DNF|DNF	,,	,|nf|,	XL	XL	XL	2021-06-17T00:00:00Z	NA	NA	dead_nf	NA	NA	NA	NA	NA	NA	NA	NA	NA	NA	NA	NA	NA	NA	NA	5	D	5D	270	2021	Control	Early	2	1	1	-1	Control
5D270_20	DNF|DNF|DNF	1,21,34	,||,refound?	XL	XL	XL	2021-06-17T00:00:00Z	NA	NA	dead_nf	NA	NA	NA	NA	NA	NA	NA	NA	NA	NA	NA	NA	NA	NA	NA	5	D	5D	270_20	2021	Control	Early	2	1	1	-1	Control
5D271	V | V | V	2,19,50	,|below tag|,	XL	XL	XL	2021-06-17T00:00:00Z	NA	NA	vegetative	3	50	8	34	5	42	3	NA	NA	NA	NA	NA	NA	NA	NA	5	D	5D	271	2021	Control	Early	2	1	1	-1	Control
5D272	V | F |DNF	0,,	,||,	XL	XL	XL	2021-06-17T00:00:00Z	NA	NA	dead_nf	NA	NA	NA	NA	NA	NA	NA	NA	NA	NA	NA	NA	NA	NA	NA	5	D	5D	272	2021	Control	Early	2	1	1	-1	Control
5D273	V | V | F	1,,	,||,	XL	XL	XL	2021-06-17T00:00:00Z	NA	NA	dead_nf	NA	NA	NA	NA	NA	NA	NA	NA	NA	NA	NA	NA	NA	NA	NA	5	D	5D	273	2021	Control	Early	2	1	1	-1	Control
5D274	V | V | F	2,,	,||,	XL	XL	XL	2021-06-17T00:00:00Z	NA	NA	vegetative	2	27	12	30	9	NA	NA	NA	NA	NA	NA	NA	NA	NA	NA	5	D	5D	274	2021	Control	Early	2	1	1	-1	Control
5D275	V | V | F	1,,	,||,	XL	XL	XL	2021-06-17T00:00:00Z	NA	NA	dead_nf	NA	NA	NA	NA	NA	NA	NA	NA	NA	NA	NA	NA	NA	NA	NA	5	D	5D	275	2021	Control	Early	2	1	1	-1	Control
5D276	V |DNF|DNF	0,,	,|dead|,	XL	XL	XL	2021-06-17T00:00:00Z	NA	NA	dead_nf	NA	NA	NA	NA	NA	NA	NA	NA	NA	NA	NA	NA	NA	NA	NA	5	D	5D	276	2021	Control	Early	2	1	1	-1	Control
5D277	V |DNF|DNF	,,	,|nf|,	XL	XL	XL	2021-06-17T00:00:00Z	NA	NA	dead_nf	NA	NA	NA	NA	NA	NA	NA	NA	NA	NA	NA	NA	NA	NA	NA	5	D	5D	277	2021	Control	Early	2	1	1	-1	Control
5D277_20	V |DNF|DNF	2,16,37	,||,refound?	XL	XL	XL	2021-06-17T00:00:00Z	recheck - count stalks and rosettes	NA	flowering	NA	NA	NA	NA	NA	NA	NA	NA	NA	NA	NA	NA	NA	NA	NA	5	D	5D	277_20	2021	Control	Early	2	1	1	-1	Control
5D278	V | V | F	1,,	,|nf|,refound?	XL	XL	XL	2021-06-17T00:00:00Z	NA	NA	dead_nf	NA	NA	NA	NA	NA	NA	NA	NA	NA	NA	NA	NA	NA	NA	NA	5	D	5D	278	2021	Control	Early	2	1	1	-1	Control
5D280	V |DNF|DNF	0,,	,|nf|,	XL	XL	XL	2021-06-17T00:00:00Z	ROSETTE V. CLOSE	NA	dead_nf	NA	NA	NA	NA	NA	NA	NA	NA	NA	NA	NA	NA	NA	NA	NA	5	D	5D	280	2021	Control	Early	2	1	1	-1	Control
5D281	V | V | V	2,8,51	,||,	XL	XL	XL	2021-06-17T00:00:00Z	NA	NA	vegetative	2	54	20	22	5	NA	NA	NA	NA	NA	NA	NA	NA	NA	NA	5	D	5D	281	2021	Control	Early	2	1	1	-1	Control
5D282	V | F |DNF	0,,	,||,	XL	XL	XL	2021-06-17T00:00:00Z	NA	NA	dead_nf	NA	NA	NA	NA	NA	NA	NA	NA	NA	NA	NA	NA	NA	NA	NA	5	D	5D	282	2021	Control	Early	2	1	1	-1	Control
5D283	F |DNF|DNF	0,,	,|nf|,	XL	XL	XL	2021-06-17T00:00:00Z	NA	NA	dead_nf	NA	NA	NA	NA	NA	NA	NA	NA	NA	NA	NA	NA	NA	NA	NA	5	D	5D	283	2021	Control	Early	2	1	1	-1	Control
5D284	DNF|DNF|DNF	,,	,|nf|,	XL	XL	XL	2021-06-17T00:00:00Z	NA	NA	tagnf	NA	NA	NA	NA	NA	NA	NA	NA	NA	NA	NA	NA	NA	NA	NA	5	D	5D	284	2021	Control	Early	2	1	1	-1	Control
5D285	V | V | V	2,24,49	,|ts|,	XL	XL	XL	2021-06-17T00:00:00Z	NA	NA	vegetative	2	50	17	39	12	NA	NA	NA	NA	NA	NA	NA	NA	NA	NA	5	D	5D	285	2021	Control	Early	2	1	1	-1	Control
5D286	V | F |DNF	0,,	,||,	XL	XL	XL	2021-06-17T00:00:00Z	NA	NA	tagnf	NA	NA	NA	NA	NA	NA	NA	NA	NA	NA	NA	NA	NA	NA	NA	5	D	5D	286	2021	Control	Early	2	1	1	-1	Control
5D287	V | F |DNF	0,,	,||,	XL	XL	XL	2021-06-17T00:00:00Z	NA	NA	tagnf	NA	NA	NA	NA	NA	NA	NA	NA	NA	NA	NA	NA	NA	NA	NA	5	D	5D	287	2021	Control	Early	2	1	1	-1	Control
5D288	V | F |DNF	,,	,||,	XL	XL	XL	2021-06-17T00:00:00Z	NA	NA	tagnf	NA	NA	NA	NA	NA	NA	NA	NA	NA	NA	NA	NA	NA	NA	NA	5	D	5D	288	2021	Control	Early	2	1	1	-1	Control
5D288_20	V | F |DNF	0,,	,||,	XL	XL	XL	2021-06-17T00:00:00Z	NA	NA	tagnf	NA	NA	NA	NA	NA	NA	NA	NA	NA	NA	NA	NA	NA	NA	NA	5	D	5D	288_20	2021	Control	Early	2	1	1	-1	Control
5D289	V | F |DNF	0,,	,||,	XL	XL	XL	2021-06-17T00:00:00Z	NA	NA	dead_nf	NA	NA	NA	NA	NA	NA	NA	NA	NA	NA	NA	NA	NA	NA	NA	5	D	5D	289	2021	Control	Early	2	1	1	-1	Control
5D290	V | F |DNF	0,,	,||,	XL	XL	XL	2021-06-17T00:00:00Z	NA	NA	tagnf	NA	NA	NA	NA	NA	NA	NA	NA	NA	NA	NA	NA	NA	NA	NA	5	D	5D	290	2021	Control	Early	2	1	1	-1	Control
5D291	V | F |DNF	0,,	,||,	XL	XL	XL	2021-06-17T00:00:00Z	NA	NA	dead_nf	NA	NA	NA	NA	NA	NA	NA	NA	NA	NA	NA	NA	NA	NA	NA	5	D	5D	291	2021	Control	Early	2	1	1	-1	Control
6A123	V | F |DNF	0,,	,||,	XL	XL	XL	2021-06-17T00:00:00Z	NA	NA	dead_nf	NA	NA	NA	NA	NA	NA	NA	NA	NA	NA	NA	NA	NA	NA	NA	6	A	6A	123	2021	Control	Normal	2	2	-1	1	Control
6A124	V | F | V	1,16,35	,||,flowered and lived?	XL	XL	XL	2021-06-17T00:00:00Z	NA	NA	vegetative	2	43	9	26	6	NA	NA	NA	NA	NA	NA	NA	NA	NA	NA	6	A	6A	124	2021	Control	Normal	2	2	-1	1	Control
6A125	F |DNF|DNF	0,,	,|nf|,	XL	XL	XL	2021-06-17T00:00:00Z	TAG CAME OUT	NA	dead_nf	NA	NA	NA	NA	NA	NA	NA	NA	NA	NA	NA	NA	NA	NA	NA	6	A	6A	125	2021	Control	Normal	2	2	-1	1	Control
6A126	V | V | V	1,25,25	,||,	XL	XL	XL	2021-06-17T00:00:00Z	NA	NA	dead_nf	NA	NA	NA	NA	NA	NA	NA	NA	NA	NA	NA	NA	NA	NA	NA	6	A	6A	126	2021	Control	Normal	2	2	-1	1	Control
6A127	V | V | V	1,4,5	,kaput|1 ts|,	XL	XL	XL	2021-06-17T00:00:00Z	NA	NA	dead_nf	NA	NA	NA	NA	NA	NA	NA	NA	NA	NA	NA	NA	NA	NA	NA	6	A	6A	127	2021	Control	Normal	2	2	-1	1	Control
6A128	V | V | V	1,35,46	,||resprouting,	XL	XL	XL	2021-06-17T00:00:00Z	NA	NA	dead_nf	NA	NA	NA	NA	NA	NA	NA	NA	NA	NA	NA	NA	NA	NA	NA	6	A	6A	128	2021	Control	Normal	2	2	-1	1	Control
6A129	V | V | V	1,16,34	,||,	XL	XL	XL	2021-06-17T00:00:00Z	NA	NA	tagnf	NA	NA	NA	NA	NA	NA	NA	NA	NA	NA	NA	NA	NA	NA	NA	6	A	6A	129	2021	Control	Normal	2	2	-1	1	Control
6A130	V | V |DNF	0,,	,||,	XL	XL	XL	2021-06-17T00:00:00Z	NA	NA	dead_nf	NA	NA	NA	NA	NA	NA	NA	NA	NA	NA	NA	NA	NA	NA	NA	6	A	6A	130	2021	Control	Normal	2	2	-1	1	Control
6A131	V | V |DNF	0,,	check for 2 rosettes,||,	XL	XL	XL	2021-06-17T00:00:00Z	recheck - count stalks and rosettes	NA	flowering	NA	NA	NA	NA	NA	NA	NA	NA	NA	NA	NA	NA	NA	NA	NA	6	A	6A	131	2021	Control	Normal	2	2	-1	1	Control
6A132	V | V |DNF	0,,	,||,	XL	XL	XL	2021-06-17T00:00:00Z	NA	NA	dead_nf	NA	NA	NA	NA	NA	NA	NA	NA	NA	NA	NA	NA	NA	NA	NA	6	A	6A	132	2021	Control	Normal	2	2	-1	1	Control
6A133	F |DNF|DNF	0,,	,|dead|,	XL	XL	XL	2021-06-17T00:00:00Z	NA	NA	dead_nf	NA	NA	NA	NA	NA	NA	NA	NA	NA	NA	NA	NA	NA	NA	NA	6	A	6A	133	2021	Control	Normal	2	2	-1	1	Control
6A134	V | V | V	1,18,56	,||far from tag,	XL	XL	XL	2021-06-17T00:00:00Z	NA	NA	dead_nf	NA	NA	NA	NA	NA	NA	NA	NA	NA	NA	NA	NA	NA	NA	NA	6	A	6A	134	2021	Control	Normal	2	2	-1	1	Control
6A135	F |DNF|DNF	0,,	,|dead|,	XL	XL	XL	2021-06-17T00:00:00Z	NA	NA	dead_nf	NA	NA	NA	NA	NA	NA	NA	NA	NA	NA	NA	NA	NA	NA	NA	6	A	6A	135	2021	Control	Normal	2	2	-1	1	Control
6A136	V | V | F	2,,	,||,	XL	XL	XL	2021-06-17T00:00:00Z	NA	NA	dead_nf	NA	NA	NA	NA	NA	NA	NA	NA	NA	NA	NA	NA	NA	NA	NA	6	A	6A	136	2021	Control	Normal	2	2	-1	1	Control
6A137	V |DNF|DNF	0,,	,|dead|,	XL	XL	XL	2021-06-17T00:00:00Z	NA	NA	dead_nf	NA	NA	NA	NA	NA	NA	NA	NA	NA	NA	NA	NA	NA	NA	NA	6	A	6A	137	2021	Control	Normal	2	2	-1	1	Control
6A138	V | V | F	1,,	count leaves,||,	XL	XL	XL	2021-06-17T00:00:00Z	NA	NA	dead_nf	NA	NA	NA	NA	NA	NA	NA	NA	NA	NA	NA	NA	NA	NA	NA	6	A	6A	138	2021	Control	Normal	2	2	-1	1	Control
6A139	V | V | V	1,20,23	,||left of tag,	XL	XL	XL	2021-06-17T00:00:00Z	NA	NA	dead_nf	NA	NA	NA	NA	NA	NA	NA	NA	NA	NA	NA	NA	NA	NA	NA	6	A	6A	139	2021	Control	Normal	2	2	-1	1	Control
6A140	V | F |DNF	0,,	,||,	XL	XL	XL	2021-06-17T00:00:00Z	NA	NA	dead_nf	NA	NA	NA	NA	NA	NA	NA	NA	NA	NA	NA	NA	NA	NA	NA	6	A	6A	140	2021	Control	Normal	2	2	-1	1	Control
6A141	V | V | V	1,19,61	,||,	XL	XL	XL	2021-06-17T00:00:00Z	NA	NA	vegetative	1	76	22	NA	NA	NA	NA	NA	NA	NA	NA	NA	NA	NA	NA	6	A	6A	141	2021	Control	Normal	2	2	-1	1	Control
6A142	V | V |DNF	0,,	,||,	XL	XL	XL	2021-06-17T00:00:00Z	NA	NA	dead_nf	NA	NA	NA	NA	NA	NA	NA	NA	NA	NA	NA	NA	NA	NA	NA	6	A	6A	142	2021	Control	Normal	2	2	-1	1	Control
6A143	F |DNF|DNF	0,,	,|nf|,	XL	XL	XL	2021-06-17T00:00:00Z	NA	NA	dead_nf	NA	NA	NA	NA	NA	NA	NA	NA	NA	NA	NA	NA	NA	NA	NA	6	A	6A	143	2021	Control	Normal	2	2	-1	1	Control
6A144	V |TNF|NA	,,	,|tagnf|,	XL	XL	XL	2021-06-17T00:00:00Z	NA	NA	tagnf	NA	NA	NA	NA	NA	NA	NA	NA	NA	NA	NA	NA	NA	NA	NA	6	A	6A	144	2021	Control	Normal	2	2	-1	1	Control
6A145	V | V | F	1,,	,||,	XL	XL	XL	2021-06-17T00:00:00Z	NA	NA	dead_nf	NA	NA	NA	NA	NA	NA	NA	NA	NA	NA	NA	NA	NA	NA	NA	6	A	6A	145	2021	Control	Normal	2	2	-1	1	Control
6A146	V |DNF|DNF	0,,	,|nf|,	XL	XL	XL	2021-06-17T00:00:00Z	NA	NA	dead_nf	NA	NA	NA	NA	NA	NA	NA	NA	NA	NA	NA	NA	NA	NA	NA	6	A	6A	146	2021	Control	Normal	2	2	-1	1	Control
6A147	V |DNF|DNF	0,,	,|dead|,	XL	XL	XL	2021-06-17T00:00:00Z	NA	NA	dead_nf	NA	NA	NA	NA	NA	NA	NA	NA	NA	NA	NA	NA	NA	NA	NA	6	A	6A	147	2021	Control	Normal	2	2	-1	1	Control
6A148	V | V | V	1,12,40	,||,	XL	XL	XL	2021-06-17T00:00:00Z	NA	NA	vegetative	1	46	31	NA	NA	NA	NA	NA	NA	NA	NA	NA	NA	NA	NA	6	A	6A	148	2021	Control	Normal	2	2	-1	1	Control
6A149	V | V |DNF	0,,	,||,	XL	XL	XL	2021-06-17T00:00:00Z	NA	NA	dead_nf	NA	NA	NA	NA	NA	NA	NA	NA	NA	NA	NA	NA	NA	NA	NA	6	A	6A	149	2021	Control	Normal	2	2	-1	1	Control
6A150	V | V | V	1,23,41	,|plant right of tag|,	XL	XL	XL	2021-06-17T00:00:00Z	ROSETTE A LITTLE FAR	NA	vegetative	3	24	12	22	7	15	5	NA	NA	NA	NA	NA	NA	NA	NA	6	A	6A	150	2021	Control	Normal	2	2	-1	1	Control
6A151	F |DNF|DNF	0,,	check for 2 rosettes,|dead|,	XL	XL	XL	2021-06-17T00:00:00Z	NA	NA	dead_nf	NA	NA	NA	NA	NA	NA	NA	NA	NA	NA	NA	NA	NA	NA	NA	6	A	6A	151	2021	Control	Normal	2	2	-1	1	Control
6A152	V |DNF|DNF	0,,	,|dead|,	XL	XL	XL	2021-06-17T00:00:00Z	NA	NA	dead_nf	NA	NA	NA	NA	NA	NA	NA	NA	NA	NA	NA	NA	NA	NA	NA	6	A	6A	152	2021	Control	Normal	2	2	-1	1	Control
6A153	V | V |DNF	0,,	,|3 dead|,	XL	XL	XL	2021-06-17T00:00:00Z	NA	NA	dead_nf	NA	NA	NA	NA	NA	NA	NA	NA	NA	NA	NA	NA	NA	NA	NA	6	A	6A	153	2021	Control	Normal	2	2	-1	1	Control
6A154	V | V | V	1,17,57	,||,	XL	XL	XL	2021-06-17T00:00:00Z	NA	NA	dead_nf	NA	NA	NA	NA	NA	NA	NA	NA	NA	NA	NA	NA	NA	NA	NA	6	A	6A	154	2021	Control	Normal	2	2	-1	1	Control
6A155	V | V | V	1,18,24	,|left of tag|3 plants - one on left of tag,	XL	XL	XL	2021-06-17T00:00:00Z	NA	NA	vegetative	1	16	8	NA	NA	NA	NA	NA	NA	NA	NA	NA	NA	NA	NA	6	A	6A	155	2021	Control	Normal	2	2	-1	1	Control
6A156	V | F |DNF	0,,	,||,	XL	XL	XL	2021-06-17T00:00:00Z	NA	NA	dead_nf	NA	NA	NA	NA	NA	NA	NA	NA	NA	NA	NA	NA	NA	NA	NA	6	A	6A	156	2021	Control	Normal	2	2	-1	1	Control
6A157	V | V |DNF	0,,	count leaves,|1 ts|,	XL	XL	XL	2021-06-17T00:00:00Z	NA	NA	dead_nf	NA	NA	NA	NA	NA	NA	NA	NA	NA	NA	NA	NA	NA	NA	NA	6	A	6A	157	2021	Control	Normal	2	2	-1	1	Control
6A158	V | V |DNF	0,,	,kaput|ts|,	XL	XL	XL	2021-06-17T00:00:00Z	NA	NA	dead_nf	NA	NA	NA	NA	NA	NA	NA	NA	NA	NA	NA	NA	NA	NA	NA	6	A	6A	158	2021	Control	Normal	2	2	-1	1	Control
6A159	V | V | V	2,10,25	,||,	XL	XL	XL	2021-06-17T00:00:00Z	NA	NA	vegetative	2	21	12	31	17	NA	NA	NA	NA	NA	NA	NA	NA	NA	NA	6	A	6A	159	2021	Control	Normal	2	2	-1	1	Control
6A160	F |DNF|DNF	0,,	,|nf|,	XL	XL	XL	2021-06-17T00:00:00Z	NA	NA	dead_nf	NA	NA	NA	NA	NA	NA	NA	NA	NA	NA	NA	NA	NA	NA	NA	6	A	6A	160	2021	Control	Normal	2	2	-1	1	Control
6A161	V |DNF|DNF	0,,	,|nf|,	XL	XL	XL	2021-06-17T00:00:00Z	NA	NA	dead_nf	NA	NA	NA	NA	NA	NA	NA	NA	NA	NA	NA	NA	NA	NA	NA	6	A	6A	161	2021	Control	Normal	2	2	-1	1	Control
6A162	V | V | V	1,11,42	,||,	XL	XL	XL	2021-06-17T00:00:00Z	NA	NA	vegetative	1	37	41	NA	NA	NA	NA	NA	NA	NA	NA	NA	NA	NA	NA	6	A	6A	162	2021	Control	Normal	2	2	-1	1	Control
6A163	V | V | V	1,10,38	,||,	XL	XL	XL	2021-06-17T00:00:00Z	NA	NA	dead_nf	NA	NA	NA	NA	NA	NA	NA	NA	NA	NA	NA	NA	NA	NA	NA	6	A	6A	163	2021	Control	Normal	2	2	-1	1	Control
6A164	V | V | V	3,21,59	,|1 ts|,	XL	XL	XL	2021-06-17T00:00:00Z	KIND OF FAR FROM TAG	NA	vegetative	4	38	9	40	12	28	11	19	6	NA	NA	NA	NA	NA	NA	6	A	6A	164	2021	Control	Normal	2	2	-1	1	Control
6A165	V | V | F	1,,	,||,	XL	XL	XL	2021-06-17T00:00:00Z	NA	NA	dead_nf	NA	NA	NA	NA	NA	NA	NA	NA	NA	NA	NA	NA	NA	NA	NA	6	A	6A	165	2021	Control	Normal	2	2	-1	1	Control
6A166	F |DNF|DNF	0,,	,|nf|,	XL	XL	XL	2021-06-17T00:00:00Z	NA	NA	dead_nf	NA	NA	NA	NA	NA	NA	NA	NA	NA	NA	NA	NA	NA	NA	NA	6	A	6A	166	2021	Control	Normal	2	2	-1	1	Control
6A167	F |DNF|DNF	0,,	,|dead|,	XL	XL	XL	2021-06-17T00:00:00Z	NA	NA	dead_nf	NA	NA	NA	NA	NA	NA	NA	NA	NA	NA	NA	NA	NA	NA	NA	6	A	6A	167	2021	Control	Normal	2	2	-1	1	Control
6A168	V | V | V	2,12,36	,|2 ts|,	XL	XL	XL	2021-06-17T00:00:00Z	NA	NA	vegetative	3	41	22	28	21	17	13	NA	NA	NA	NA	NA	NA	NA	NA	6	A	6A	168	2021	Control	Normal	2	2	-1	1	Control
6A169	V | V | F	1,,	,||above tag,	XL	XL	XL	2021-06-17T00:00:00Z	NA	NA	vegetative	4	23	7	22	10	30	6	12	5	NA	NA	NA	NA	NA	NA	6	A	6A	169	2021	Control	Normal	2	2	-1	1	Control
6A170	V |DNF|DNF	0,,	,kaput|nf|,	XL	XL	XL	2021-06-17T00:00:00Z	NA	NA	tagnf	NA	NA	NA	NA	NA	NA	NA	NA	NA	NA	NA	NA	NA	NA	NA	6	A	6A	170	2021	Control	Normal	2	2	-1	1	Control
6A171	V | F |DNF	0,,	,||square tag,check tag #	XL	XL	XL	2021-06-17T00:00:00Z	NA	NA	dead_nf	NA	NA	NA	NA	NA	NA	NA	NA	NA	NA	NA	NA	NA	NA	NA	6	A	6A	171	2021	Control	Normal	2	2	-1	1	Control
6A685	V | V | F	2,,	,||tagged in 2020,	XL	XL	XL	2021-06-17T00:00:00Z	NA	NA	dead_nf	NA	NA	NA	NA	NA	NA	NA	NA	NA	NA	NA	NA	NA	NA	NA	6	A	6A	685	2021	Control	Normal	2	2	-1	1	Control
6B1	F |DNF|DNF	0,,	,|nf|,	XL	XL	XL	2021-06-17T00:00:00Z	NA	NA	tagnf	NA	NA	NA	NA	NA	NA	NA	NA	NA	NA	NA	NA	NA	NA	NA	6	B	6B	1	2021	Reduction	Normal	2	2	1	1	Reduction
6B10	V | F | V	2,,	,||,flowered twice?	XL	XL	XL	2021-06-17T00:00:00Z	FAR ISH	NA	vegetative	1	40	8	NA	NA	NA	NA	NA	NA	NA	NA	NA	NA	NA	NA	6	B	6B	10	2021	Reduction	Normal	2	2	1	1	Reduction
6B11	V |DNF|DNF	0,,	,|dead|,	XL	XL	XL	2021-06-17T00:00:00Z	NA	NA	dead_nf	NA	NA	NA	NA	NA	NA	NA	NA	NA	NA	NA	NA	NA	NA	NA	6	B	6B	11	2021	Reduction	Normal	2	2	1	1	Reduction
6B12	V | V | V	,,	,||,rosettes?	XL	XL	XL	2021-06-17T00:00:00Z	NA	NA	vegetative	3	38	9	24	6	15	7	NA	NA	NA	NA	NA	NA	NA	NA	6	B	6B	12	2021	Reduction	Normal	2	2	1	1	Reduction
6B120	V | V | F	1,,	,||tagged in 2020,	XL	XL	XL	2021-06-17T00:00:00Z	NA	NA	dead_nf	NA	NA	NA	NA	NA	NA	NA	NA	NA	NA	NA	NA	NA	NA	NA	6	B	6B	120	2021	Reduction	Normal	2	2	1	1	Reduction
6B13	V | F |DNF	0,,	,||,	XL	XL	XL	2021-06-17T00:00:00Z	NA	NA	dead_nf	NA	NA	NA	NA	NA	NA	NA	NA	NA	NA	NA	NA	NA	NA	NA	6	B	6B	13	2021	Reduction	Normal	2	2	1	1	Reduction
6B14	V | V | F	1,,	,||1 inflo chewed,	XL	XL	XL	2021-06-17T00:00:00Z	NA	NA	dead_nf	NA	NA	NA	NA	NA	NA	NA	NA	NA	NA	NA	NA	NA	NA	NA	6	B	6B	14	2021	Reduction	Normal	2	2	1	1	Reduction
6B15	V | V | V	2,9,37	,||,	XL	XL	XL	2021-06-17T00:00:00Z	NA	NA	dead_nf	NA	NA	NA	NA	NA	NA	NA	NA	NA	NA	NA	NA	NA	NA	NA	6	B	6B	15	2021	Reduction	Normal	2	2	1	1	Reduction
6B16	V |DNF|DNF	0,,	,|dead|,	XL	XL	XL	2021-06-17T00:00:00Z	NA	NA	dead_nf	NA	NA	NA	NA	NA	NA	NA	NA	NA	NA	NA	NA	NA	NA	NA	6	B	6B	16	2021	Reduction	Normal	2	2	1	1	Reduction
6B17	V |DNF|DNF	,,	,|dead|,	XL	XL	XL	2021-06-17T00:00:00Z	NA	NA	dead_nf	NA	NA	NA	NA	NA	NA	NA	NA	NA	NA	NA	NA	NA	NA	NA	6	B	6B	17	2021	Reduction	Normal	2	2	1	1	Reduction
6B17_20	V |DNF|DNF	1,9,35	,||,resurrected?	XL	XL	XL	2021-06-17T00:00:00Z	NA	NA	dead_nf	NA	NA	NA	NA	NA	NA	NA	NA	NA	NA	NA	NA	NA	NA	NA	6	B	6B	17_20	2021	Reduction	Normal	2	2	1	1	Reduction
6B18	V | V |DNF	0,,	,||,	XL	XL	XL	2021-06-17T00:00:00Z	NA	NA	dead_nf	NA	NA	NA	NA	NA	NA	NA	NA	NA	NA	NA	NA	NA	NA	NA	6	B	6B	18	2021	Reduction	Normal	2	2	1	1	Reduction
6B19	V | V |TNF	,,	,||,	XL	XL	XL	2021-06-17T00:00:00Z	NA	NA	tagnf	NA	NA	NA	NA	NA	NA	NA	NA	NA	NA	NA	NA	NA	NA	NA	6	B	6B	19	2021	Reduction	Normal	2	2	1	1	Reduction
6B2	V | F |DNF	0,,	,||,	XL	XL	XL	2021-06-17T00:00:00Z	NA	NA	dead_nf	NA	NA	NA	NA	NA	NA	NA	NA	NA	NA	NA	NA	NA	NA	NA	6	B	6B	2	2021	Reduction	Normal	2	2	1	1	Reduction
6B20	F |DNF|DNF	0,,	,|tagnf|,	XL	XL	XL	2021-06-17T00:00:00Z	NA	NA	tagnf	NA	NA	NA	NA	NA	NA	NA	NA	NA	NA	NA	NA	NA	NA	NA	6	B	6B	20	2021	Reduction	Normal	2	2	1	1	Reduction
6B21	V | V | F	1,27,55	,||might flower,	XL	XL	XL	2021-06-17T00:00:00Z	NA	NA	dead_nf	NA	NA	NA	NA	NA	NA	NA	NA	NA	NA	NA	NA	NA	NA	NA	6	B	6B	21	2021	Reduction	Normal	2	2	1	1	Reduction
6B22	V | V | V	1,18,50	,||,	XL	XL	XL	2021-06-17T00:00:00Z	NA	NA	dead_nf	NA	NA	NA	NA	NA	NA	NA	NA	NA	NA	NA	NA	NA	NA	NA	6	B	6B	22	2021	Reduction	Normal	2	2	1	1	Reduction
6B23	V | F |DNF	0,,	,||,	XL	XL	XL	2021-06-17T00:00:00Z	NA	NA	dead_nf	NA	NA	NA	NA	NA	NA	NA	NA	NA	NA	NA	NA	NA	NA	NA	6	B	6B	23	2021	Reduction	Normal	2	2	1	1	Reduction
6B24	V | V |DNF	0,,	,||,	XL	XL	XL	2021-06-17T00:00:00Z	NA	NA	dead_nf	NA	NA	NA	NA	NA	NA	NA	NA	NA	NA	NA	NA	NA	NA	NA	6	B	6B	24	2021	Reduction	Normal	2	2	1	1	Reduction
6B243	V | V | F	2,,	,||tagged in 2020,	XL	XL	XL	2021-06-17T00:00:00Z	NA	NA	dead_nf	NA	NA	NA	NA	NA	NA	NA	NA	NA	NA	NA	NA	NA	NA	NA	6	B	6B	243	2021	Reduction	Normal	2	2	1	1	Reduction
6B25	F |DNF|DNF	0,,	,|dead|,	XL	XL	XL	2021-06-17T00:00:00Z	NA	NA	dead_nf	NA	NA	NA	NA	NA	NA	NA	NA	NA	NA	NA	NA	NA	NA	NA	6	B	6B	25	2021	Reduction	Normal	2	2	1	1	Reduction
6B26	F |DNF|DNF	0,,	,|dead|,	XL	XL	XL	2021-06-17T00:00:00Z	NA	NA	dead_nf	NA	NA	NA	NA	NA	NA	NA	NA	NA	NA	NA	NA	NA	NA	NA	6	B	6B	26	2021	Reduction	Normal	2	2	1	1	Reduction
6B266	V | V | F	1,,	,||tagged in 2020,	XL	XL	XL	2021-06-17T00:00:00Z	NA	NA	dead_nf	NA	NA	NA	NA	NA	NA	NA	NA	NA	NA	NA	NA	NA	NA	NA	6	B	6B	266	2021	Reduction	Normal	2	2	1	1	Reduction
6B27	F |DNF|DNF	0,,	,|dead|,	XL	XL	XL	2021-06-17T00:00:00Z	NA	NA	dead_nf	NA	NA	NA	NA	NA	NA	NA	NA	NA	NA	NA	NA	NA	NA	NA	6	B	6B	27	2021	Reduction	Normal	2	2	1	1	Reduction
6B28	F |DNF|DNF	0,,	,|dead|,	XL	XL	XL	2021-06-17T00:00:00Z	NA	NA	dead_nf	NA	NA	NA	NA	NA	NA	NA	NA	NA	NA	NA	NA	NA	NA	NA	6	B	6B	28	2021	Reduction	Normal	2	2	1	1	Reduction
6B29	V | F |DNF	0,,	,||,	XL	XL	XL	2021-06-17T00:00:00Z	NA	NA	dead_nf	NA	NA	NA	NA	NA	NA	NA	NA	NA	NA	NA	NA	NA	NA	NA	6	B	6B	29	2021	Reduction	Normal	2	2	1	1	Reduction
6B3	V | F |DNF	0,,	,||,	XL	XL	XL	2021-06-17T00:00:00Z	NA	NA	dead_nf	NA	NA	NA	NA	NA	NA	NA	NA	NA	NA	NA	NA	NA	NA	NA	6	B	6B	3	2021	Reduction	Normal	2	2	1	1	Reduction
6B30	V |DNF|DNF	0,,	check for 2 rosettes,kaput|nf|,	XL	XL	XL	2021-06-17T00:00:00Z	NA	NA	dead_nf	NA	NA	NA	NA	NA	NA	NA	NA	NA	NA	NA	NA	NA	NA	NA	6	B	6B	30	2021	Reduction	Normal	2	2	1	1	Reduction
6B31	V | F |DNF	0,,	check measurements on 2nd rosette,||,	XL	XL	XL	2021-06-17T00:00:00Z	NA	NA	dead_nf	NA	NA	NA	NA	NA	NA	NA	NA	NA	NA	NA	NA	NA	NA	NA	6	B	6B	31	2021	Reduction	Normal	2	2	1	1	Reduction
6B32	F |DNF|DNF	,,	,|dead|,	XL	XL	XL	2021-06-17T00:00:00Z	NA	NA	dead_nf	NA	NA	NA	NA	NA	NA	NA	NA	NA	NA	NA	NA	NA	NA	NA	6	B	6B	32	2021	Reduction	Normal	2	2	1	1	Reduction
6B33	V |DNF|DNF	0,,	,kaput|dead|,	XL	XL	XL	2021-06-17T00:00:00Z	NA	NA	dead_nf	NA	NA	NA	NA	NA	NA	NA	NA	NA	NA	NA	NA	NA	NA	NA	6	B	6B	33	2021	Reduction	Normal	2	2	1	1	Reduction
6B34	F |DNF|DNF	0,,	,|dead|,	XL	XL	XL	2021-06-17T00:00:00Z	NA	NA	dead_nf	NA	NA	NA	NA	NA	NA	NA	NA	NA	NA	NA	NA	NA	NA	NA	6	B	6B	34	2021	Reduction	Normal	2	2	1	1	Reduction
6B35	V | F |DNF	0,,	,||,	XL	XL	XL	2021-06-17T00:00:00Z	NA	NA	dead_nf	NA	NA	NA	NA	NA	NA	NA	NA	NA	NA	NA	NA	NA	NA	NA	6	B	6B	35	2021	Reduction	Normal	2	2	1	1	Reduction
6B36	V | F | F	0,,	,||,	XL	XL	XL	2021-06-17T00:00:00Z	NA	NA	dead_nf	NA	NA	NA	NA	NA	NA	NA	NA	NA	NA	NA	NA	NA	NA	NA	6	B	6B	36	2021	Reduction	Normal	2	2	1	1	Reduction
6B37	V | F |DNF	0,,	,||square tag,	XL	XL	XL	2021-06-17T00:00:00Z	NA	NA	dead_nf	NA	NA	NA	NA	NA	NA	NA	NA	NA	NA	NA	NA	NA	NA	NA	6	B	6B	37	2021	Reduction	Normal	2	2	1	1	Reduction
6B4	V |DNF|DNF	0,,	,kaput|dead|,	XL	XL	XL	2021-06-17T00:00:00Z	NA	NA	dead_nf	NA	NA	NA	NA	NA	NA	NA	NA	NA	NA	NA	NA	NA	NA	NA	6	B	6B	4	2021	Reduction	Normal	2	2	1	1	Reduction
6B5	V | F |DNF	0,,	,||,	XL	XL	XL	2021-06-17T00:00:00Z	NA	NA	dead_nf	NA	NA	NA	NA	NA	NA	NA	NA	NA	NA	NA	NA	NA	NA	NA	6	B	6B	5	2021	Reduction	Normal	2	2	1	1	Reduction
6B6	F |DNF|DNF	0,,	,|dead|,	XL	XL	XL	2021-06-17T00:00:00Z	NA	NA	dead_nf	NA	NA	NA	NA	NA	NA	NA	NA	NA	NA	NA	NA	NA	NA	NA	6	B	6B	6	2021	Reduction	Normal	2	2	1	1	Reduction
6B7	V | F |DNF	0,,	,||,	XL	XL	XL	2021-06-17T00:00:00Z	NA	NA	dead_nf	NA	NA	NA	NA	NA	NA	NA	NA	NA	NA	NA	NA	NA	NA	NA	6	B	6B	7	2021	Reduction	Normal	2	2	1	1	Reduction
6B8	V | V | F	1,,	,||,	XL	XL	XL	2021-06-17T00:00:00Z	NA	NA	dead_nf	NA	NA	NA	NA	NA	NA	NA	NA	NA	NA	NA	NA	NA	NA	NA	6	B	6B	8	2021	Reduction	Normal	2	2	1	1	Reduction
6B9	V | V | V	2,11,71	,||,	XL	XL	XL	2021-06-17T00:00:00Z	NA	NA	dead_nf	NA	NA	NA	NA	NA	NA	NA	NA	NA	NA	NA	NA	NA	NA	NA	6	B	6B	9	2021	Reduction	Normal	2	2	1	1	Reduction
6C100	V | V | V	2,9,35	,||,	RT	RT	RT	2021-06-17T00:00:00Z	NA	NA	vegetative	2	49	10	46	15	NA	NA	NA	NA	NA	NA	NA	NA	NA	NA	6	C	6C	100	2021	Control	Normal	2	2	-1	-1	Mock rainout
6C101	V |DNF|DNF	0,,	,|nf|,	RT	RT	RT	2021-06-17T00:00:00Z	NA	NA	dead_nf	NA	NA	NA	NA	NA	NA	NA	NA	NA	NA	NA	NA	NA	NA	NA	6	C	6C	101	2021	Control	Normal	2	2	-1	-1	Mock rainout
6C102	F |DNF|DNF	0,,	flowering stalk eaten,flowering plant|nf|,	RT	JP	JP	2021-06-17T00:00:00Z	NA	NA	dead_nf	NA	NA	NA	NA	NA	NA	NA	NA	NA	NA	NA	NA	NA	NA	NA	6	C	6C	102	2021	Control	Normal	2	2	-1	-1	Mock rainout
6C103	F |DNF|DNF	,,	,|nf|,	RT	JP	JP	2021-06-17T00:00:00Z	NA	NA	dead_nf	NA	NA	NA	NA	NA	NA	NA	NA	NA	NA	NA	NA	NA	NA	NA	6	C	6C	103	2021	Control	Normal	2	2	-1	-1	Mock rainout
6C104	V | V |DNF	0,,	,||,died and nf?	RT	RT	RT	2021-06-17T00:00:00Z	NA	NA	dead_nf	NA	NA	NA	NA	NA	NA	NA	NA	NA	NA	NA	NA	NA	NA	NA	6	C	6C	104	2021	Control	Normal	2	2	-1	-1	Mock rainout
6C105	V |DNF|DNF	0,,	,|nf|,	RT	JP	JP	2021-06-17T00:00:00Z	NA	NA	dead_nf	NA	NA	NA	NA	NA	NA	NA	NA	NA	NA	NA	NA	NA	NA	NA	6	C	6C	105	2021	Control	Normal	2	2	-1	-1	Mock rainout
6C106	F |DNF|DNF	0,,	,|nf|,	RT	RT	RT	2021-06-17T00:00:00Z	NA	NA	dead_nf	NA	NA	NA	NA	NA	NA	NA	NA	NA	NA	NA	NA	NA	NA	NA	6	C	6C	106	2021	Control	Normal	2	2	-1	-1	Mock rainout
6C107	V | F |DNF	0,,	,||,	RT	RT	RT	2021-06-17T00:00:00Z	NA	NA	dead_nf	NA	NA	NA	NA	NA	NA	NA	NA	NA	NA	NA	NA	NA	NA	NA	6	C	6C	107	2021	Control	Normal	2	2	-1	-1	Mock rainout
6C108	V | F |DNF	0,,	,||,	RT	RT	RT	2021-06-17T00:00:00Z	NA	NA	dead_nf	NA	NA	NA	NA	NA	NA	NA	NA	NA	NA	NA	NA	NA	NA	NA	6	C	6C	108	2021	Control	Normal	2	2	-1	-1	Mock rainout
6C109	F |DNF|DNF	0,,	,|nf|,	RT	RT	RT	2021-06-17T00:00:00Z	NA	NA	dead_nf	NA	NA	NA	NA	NA	NA	NA	NA	NA	NA	NA	NA	NA	NA	NA	6	C	6C	109	2021	Control	Normal	2	2	-1	-1	Mock rainout
6C110	V |DNF|DNF	,,	,|nf|,	RT	RT	RT	2021-06-17T00:00:00Z	NA	NA	dead_nf	NA	NA	NA	NA	NA	NA	NA	NA	NA	NA	NA	NA	NA	NA	NA	6	C	6C	110	2021	Control	Normal	2	2	-1	-1	Mock rainout
6C110_20	V |DNF|DNF	2,12,34	,||,refound?	RT	RT	RT	2021-06-17T00:00:00Z	NA	NA	dead_nf	NA	NA	NA	NA	NA	NA	NA	NA	NA	NA	NA	NA	NA	NA	NA	6	C	6C	110_20	2021	Control	Normal	2	2	-1	-1	Mock rainout
6C111	V | V | F	1,,	,|5 ts|1 stalk chewed,	RT	RT	RT	2021-06-17T00:00:00Z	possibly the same plant as 6C109	NA	dead_nf	NA	NA	NA	NA	NA	NA	NA	NA	NA	NA	NA	NA	NA	NA	NA	6	C	6C	111	2021	Control	Normal	2	2	-1	-1	Mock rainout
6C112	V |DNF|DNF	0,,	could be 2 rosettes-check,|dead|,	RT	RT	RT	2021-06-17T00:00:00Z	NA	NA	dead_nf	NA	NA	NA	NA	NA	NA	NA	NA	NA	NA	NA	NA	NA	NA	NA	6	C	6C	112	2021	Control	Normal	2	2	-1	-1	Mock rainout
6C113	V | V | F	1,,	,|2 ts|,	RT	RT	RT	2021-06-17T00:00:00Z	NA	NA	dead_nf	NA	NA	NA	NA	NA	NA	NA	NA	NA	NA	NA	NA	NA	NA	NA	6	C	6C	113	2021	Control	Normal	2	2	-1	-1	Mock rainout
6C114	V | V |DNF	0,,	,|1 inch above|,	RT	RT	RT	2021-06-17T00:00:00Z	NA	NA	vegetative	1	42	17	NA	NA	NA	NA	NA	NA	NA	NA	NA	NA	NA	NA	6	C	6C	114	2021	Control	Normal	2	2	-1	-1	Mock rainout
6C115	V | V |DNF	0,,	,|1 ts|,	RT	JP	JP	2021-06-17T00:00:00Z	NA	NA	dead_nf	NA	NA	NA	NA	NA	NA	NA	NA	NA	NA	NA	NA	NA	NA	NA	6	C	6C	115	2021	Control	Normal	2	2	-1	-1	Mock rainout
6C116	V | V | F	1,,	,|4 ts|,	RT	RT	RT	2021-06-17T00:00:00Z	NA	NA	dead_nf	NA	NA	NA	NA	NA	NA	NA	NA	NA	NA	NA	NA	NA	NA	NA	6	C	6C	116	2021	Control	Normal	2	2	-1	-1	Mock rainout
6C117	V | V | V	1,9,27	,|ts|,	RT	RT	RT	2021-06-17T00:00:00Z	NA	NA	vegetative	1	41	18	NA	NA	NA	NA	NA	NA	NA	NA	NA	NA	NA	NA	6	C	6C	117	2021	Control	Normal	2	2	-1	-1	Mock rainout
6C118	F |DNF|DNF	0,,	,|nf|,	RT	RT	RT	2021-06-17T00:00:00Z	NA	NA	dead_nf	NA	NA	NA	NA	NA	NA	NA	NA	NA	NA	NA	NA	NA	NA	NA	6	C	6C	118	2021	Control	Normal	2	2	-1	-1	Mock rainout
6C119	V |DNF|DNF	0,,	,kaput|nf|,	RT	JP	JP	2021-06-17T00:00:00Z	NA	NA	tagnf	NA	NA	NA	NA	NA	NA	NA	NA	NA	NA	NA	NA	NA	NA	NA	6	C	6C	119	2021	Control	Normal	2	2	-1	-1	Mock rainout
6C120	V |DNF|DNF	0,,	,|nf|,	RT	RT	RT	2021-06-17T00:00:00Z	NA	NA	dead_nf	NA	NA	NA	NA	NA	NA	NA	NA	NA	NA	NA	NA	NA	NA	NA	6	C	6C	120	2021	Control	Normal	2	2	-1	-1	Mock rainout
6C121	V | V | F	1,,	,|below 2 inches|,	RT	RT	RT	2021-06-17T00:00:00Z	NA	NA	dead_nf	NA	NA	NA	NA	NA	NA	NA	NA	NA	NA	NA	NA	NA	NA	NA	6	C	6C	121	2021	Control	Normal	2	2	-1	-1	Mock rainout
6C122	V | F | V	1,17,30	,||,survived flowering?	RT	RT	RT	2021-06-17T00:00:00Z	NA	NA	dead_nf	NA	NA	NA	NA	NA	NA	NA	NA	NA	NA	NA	NA	NA	NA	NA	6	C	6C	122	2021	Control	Normal	2	2	-1	-1	Mock rainout
6C123	V | F |DNF	0,,	,||,	RT	RT	RT	2021-06-17T00:00:00Z	NA	NA	dead_nf	NA	NA	NA	NA	NA	NA	NA	NA	NA	NA	NA	NA	NA	NA	NA	6	C	6C	123	2021	Control	Normal	2	2	-1	-1	Mock rainout
6C271	F |DNF|DNF	0,,	,||,check tag #	RT	JP	JP	2021-06-17T00:00:00Z	NA	NA	tagnf	NA	NA	NA	NA	NA	NA	NA	NA	NA	NA	NA	NA	NA	NA	NA	6	C	6C	271	2021	Control	Normal	2	2	-1	-1	Mock rainout
6C447_20	NA |NA |DNF	0,,	,||out side of tag,check tag #	RT	JP	JP	2021-06-17T00:00:00Z	NA	NA	tagnf	NA	NA	NA	NA	NA	NA	NA	NA	NA	NA	NA	NA	NA	NA	NA	6	C	6C	447_20	2021	Control	Normal	2	2	-1	-1	Mock rainout
6C78	F |DNF|DNF	0,,	,|nf|,	RT	RT	RT	2021-06-17T00:00:00Z	NA	NA	dead_nf	NA	NA	NA	NA	NA	NA	NA	NA	NA	NA	NA	NA	NA	NA	NA	6	C	6C	78	2021	Control	Normal	2	2	-1	-1	Mock rainout
6C79	V | V | V	2,11,42	,||,	RT	RT	RT	2021-06-17T00:00:00Z	NA	NA	vegetative	1	62	21	NA	NA	NA	NA	NA	NA	NA	NA	NA	NA	NA	NA	6	C	6C	79	2021	Control	Normal	2	2	-1	-1	Mock rainout
6C80	V | F | V	2,10,41	,|1 ts, just left of tag|,	RT	RT	RT	2021-06-17T00:00:00Z	NA	NA	dead_nf	NA	NA	NA	NA	NA	NA	NA	NA	NA	NA	NA	NA	NA	NA	NA	6	C	6C	80	2021	Control	Normal	2	2	-1	-1	Mock rainout
6C81	V | V | V	0,,	,||,	RT	JP	JP	2021-06-17T00:00:00Z	NA	2	flowering	3	NA	NA	NA	NA	NA	NA	NA	NA	NA	NA	NA	NA	NA	NA	6	C	6C	81	2021	Control	Normal	2	2	-1	-1	Mock rainout
6C82	F |DNF|DNF	,,	2 flowering stalks,|nf|,	RT	RT	RT	2021-06-17T00:00:00Z	NA	NA	dead_nf	NA	NA	NA	NA	NA	NA	NA	NA	NA	NA	NA	NA	NA	NA	NA	6	C	6C	82	2021	Control	Normal	2	2	-1	-1	Mock rainout
6C82_20	F |DNF|DNF	1,16,51	,||,refound?	RT	RT	RT	2021-06-17T00:00:00Z	NA	NA	dead_nf	NA	NA	NA	NA	NA	NA	NA	NA	NA	NA	NA	NA	NA	NA	NA	6	C	6C	82_20	2021	Control	Normal	2	2	-1	-1	Mock rainout
6C83	V | F |DNF	0,,	could have 3 rosettes, plant is DR from tag,|2 ts|,	RT	RT	RT	2021-06-17T00:00:00Z	NA	NA	dead_nf	NA	NA	NA	NA	NA	NA	NA	NA	NA	NA	NA	NA	NA	NA	NA	6	C	6C	83	2021	Control	Normal	2	2	-1	-1	Mock rainout
6C84	V | V |DNF	0,,	plant is UR from tag,|plant is UR from tag|,	RT	RT	RT	2021-06-17T00:00:00Z	NA	NA	dead_nf	NA	NA	NA	NA	NA	NA	NA	NA	NA	NA	NA	NA	NA	NA	NA	6	C	6C	84	2021	Control	Normal	2	2	-1	-1	Mock rainout
6C85	V | V |DNF	0,,	plant is DR from tag,|plant is DR from tag|,died and nf?	RT	RT	RT	2021-06-17T00:00:00Z	NA	NA	dead_nf	NA	NA	NA	NA	NA	NA	NA	NA	NA	NA	NA	NA	NA	NA	NA	6	C	6C	85	2021	Control	Normal	2	2	-1	-1	Mock rainout
6C86	V | V | F	1,,	,||,	RT	RT	RT	2021-06-17T00:00:00Z	NA	NA	dead_nf	NA	NA	NA	NA	NA	NA	NA	NA	NA	NA	NA	NA	NA	NA	NA	6	C	6C	86	2021	Control	Normal	2	2	-1	-1	Mock rainout
6C87	F |DNF|DNF	0,,	3-4 flowering stalks,|dead|,	RT	JP	JP	2021-06-17T00:00:00Z	NA	NA	dead_nf	NA	NA	NA	NA	NA	NA	NA	NA	NA	NA	NA	NA	NA	NA	NA	6	C	6C	87	2021	Control	Normal	2	2	-1	-1	Mock rainout
6C88	DNF|DNF|DNF	0,,	eaten-no plant,|nf|,	RT	RT	RT	2021-06-17T00:00:00Z	NA	NA	dead_nf	NA	NA	NA	NA	NA	NA	NA	NA	NA	NA	NA	NA	NA	NA	NA	6	C	6C	88	2021	Control	Normal	2	2	-1	-1	Mock rainout
6C89	F | V |DNF	0,,	could be 2 rosettes-check,|1 ts|,	RT	RT	RT	2021-06-17T00:00:00Z	NA	NA	dead_nf	NA	NA	NA	NA	NA	NA	NA	NA	NA	NA	NA	NA	NA	NA	NA	6	C	6C	89	2021	Control	Normal	2	2	-1	-1	Mock rainout
6C90	V | V |DNF	0,,	plant is R from tag,|plant is R from tag|,died and nf?	RT	JP	JP	2021-06-17T00:00:00Z	NA	1	flowering	2	NA	NA	NA	NA	NA	NA	NA	NA	NA	NA	NA	NA	NA	NA	6	C	6C	90	2021	Control	Normal	2	2	-1	-1	Mock rainout
6C91	V | V | V	1,13,43	plant is DR from tag,|plant is DR from tag|,	RT	RT	RT	2021-06-17T00:00:00Z	NA	NA	vegetative	2	56	13	43	13	NA	NA	NA	NA	NA	NA	NA	NA	NA	NA	6	C	6C	91	2021	Control	Normal	2	2	-1	-1	Mock rainout
6C92	V | V | V	2,3,44	,||,	RT	RT	RT	2021-06-17T00:00:00Z	NA	NA	tagnf	NA	NA	NA	NA	NA	NA	NA	NA	NA	NA	NA	NA	NA	NA	NA	6	C	6C	92	2021	Control	Normal	2	2	-1	-1	Mock rainout
6C93	V | V | F	1,,	,||,	RT	RT	RT	2021-06-17T00:00:00Z	NA	NA	dead_nf	NA	NA	NA	NA	NA	NA	NA	NA	NA	NA	NA	NA	NA	NA	NA	6	C	6C	93	2021	Control	Normal	2	2	-1	-1	Mock rainout
6C94	V | V |DNF	0,,	plant measured is closest to tag on L,|R of tag|,died and nf?	RT	RT	RT	2021-06-17T00:00:00Z	NA	NA	vegetative	1	51	13	NA	NA	NA	NA	NA	NA	NA	NA	NA	NA	NA	NA	6	C	6C	94	2021	Control	Normal	2	2	-1	-1	Mock rainout
6C95	V | V | V	1,14,57	plant L of tag,|plant L of tag|,	RT	JP	JP	2021-06-17T00:00:00Z	NA	3	flowering	2	NA	NA	NA	NA	NA	NA	NA	NA	NA	NA	NA	NA	NA	NA	6	C	6C	95	2021	Control	Normal	2	2	-1	-1	Mock rainout
6C96	V | F | F	1,12,37	,||,	RT	RT	RT	2021-06-17T00:00:00Z	NA	NA	dead_nf	NA	NA	NA	NA	NA	NA	NA	NA	NA	NA	NA	NA	NA	NA	NA	6	C	6C	96	2021	Control	Normal	2	2	-1	-1	Mock rainout
6C97	V | V | F	1,,	,|nf|,refound?	RT	RT	RT	2021-06-17T00:00:00Z	NA	NA	dead_nf	NA	NA	NA	NA	NA	NA	NA	NA	NA	NA	NA	NA	NA	NA	NA	6	C	6C	97	2021	Control	Normal	2	2	-1	-1	Mock rainout
6C98	V | V | V	1,12,31	,||,	RT	RT	RT	2021-06-17T00:00:00Z	NA	NA	vegetative	1	51	23	NA	NA	NA	NA	NA	NA	NA	NA	NA	NA	NA	NA	6	C	6C	98	2021	Control	Normal	2	2	-1	-1	Mock rainout
6C99	V | V | F	1,,	,|ts|,	RT	RT	RT	2021-06-17T00:00:00Z	NA	NA	dead_nf	NA	NA	NA	NA	NA	NA	NA	NA	NA	NA	NA	NA	NA	NA	NA	6	C	6C	99	2021	Control	Normal	2	2	-1	-1	Mock rainout
6D18_20	NA |NA | V	1,9,33	,||,check tag #	RT	RT	RT	2021-06-17T00:00:00Z	NA	NA	tagnf	NA	NA	NA	NA	NA	NA	NA	NA	NA	NA	NA	NA	NA	NA	NA	6	D	6D	18_20	2021	Addition	Normal	2	2	1	-1	Addition
6D36	V |DNF|DNF	0,,	,|nf|,	RT	RT	RT	2021-06-17T00:00:00Z	NA	NA	dead_nf	NA	NA	NA	NA	NA	NA	NA	NA	NA	NA	NA	NA	NA	NA	NA	6	D	6D	36	2021	Addition	Normal	2	2	1	-1	Addition
6D37	V |DNF|DNF	0,,	,kaput|nf|,	RT	RT	RT	2021-06-17T00:00:00Z	NA	NA	dead_nf	NA	NA	NA	NA	NA	NA	NA	NA	NA	NA	NA	NA	NA	NA	NA	6	D	6D	37	2021	Addition	Normal	2	2	1	-1	Addition
6D38	F |DNF|DNF	0,,	,flowering plant|nf|,	RT	RT	RT	2021-06-17T00:00:00Z	NA	NA	dead_nf	NA	NA	NA	NA	NA	NA	NA	NA	NA	NA	NA	NA	NA	NA	NA	6	D	6D	38	2021	Addition	Normal	2	2	1	-1	Addition
6D39	V | F |DNF	0,,	,||,	RT	RT	RT	2021-06-17T00:00:00Z	NA	NA	dead_nf	NA	NA	NA	NA	NA	NA	NA	NA	NA	NA	NA	NA	NA	NA	NA	6	D	6D	39	2021	Addition	Normal	2	2	1	-1	Addition
6D40	V | F |DNF	0,,	,||,	RT	RT	RT	2021-06-17T00:00:00Z	NA	NA	dead_nf	NA	NA	NA	NA	NA	NA	NA	NA	NA	NA	NA	NA	NA	NA	NA	6	D	6D	40	2021	Addition	Normal	2	2	1	-1	Addition
6D41	V | V | F	1,,	,||,	RT	RT	RT	2021-06-17T00:00:00Z	NA	NA	tagnf	NA	NA	NA	NA	NA	NA	NA	NA	NA	NA	NA	NA	NA	NA	NA	6	D	6D	41	2021	Addition	Normal	2	2	1	-1	Addition
6D42	F |DNF|DNF	0,,	,|nf|,	RT	RT	RT	2021-06-17T00:00:00Z	NA	NA	dead_nf	NA	NA	NA	NA	NA	NA	NA	NA	NA	NA	NA	NA	NA	NA	NA	6	D	6D	42	2021	Addition	Normal	2	2	1	-1	Addition
6D43	F |DNF|DNF	,,	,flowering plant|dead|,	RT	RT	RT	2021-06-17T00:00:00Z	NA	NA	dead_nf	NA	NA	NA	NA	NA	NA	NA	NA	NA	NA	NA	NA	NA	NA	NA	6	D	6D	43	2021	Addition	Normal	2	2	1	-1	Addition
6D44	F |DNF|DNF	0,,	,|dead|,	RT	RT	RT	2021-06-17T00:00:00Z	NA	NA	dead_nf	NA	NA	NA	NA	NA	NA	NA	NA	NA	NA	NA	NA	NA	NA	NA	6	D	6D	44	2021	Addition	Normal	2	2	1	-1	Addition
6D45	F | V | F	1,,	,|upper right of tag|,	RT	RT	RT	2021-06-17T00:00:00Z	NA	NA	tagnf	NA	NA	NA	NA	NA	NA	NA	NA	NA	NA	NA	NA	NA	NA	NA	6	D	6D	45	2021	Addition	Normal	2	2	1	-1	Addition
6D46	V | V | F	1,,	,|nf|3 stalks chewed,refound?	RT	RT	RT	2021-06-17T00:00:00Z	NA	NA	dead_nf	NA	NA	NA	NA	NA	NA	NA	NA	NA	NA	NA	NA	NA	NA	NA	6	D	6D	46	2021	Addition	Normal	2	2	1	-1	Addition
6D47	F |DNF|DNF	0,,	,|nf|,	RT	RT	RT	2021-06-17T00:00:00Z	NA	NA	dead_nf	NA	NA	NA	NA	NA	NA	NA	NA	NA	NA	NA	NA	NA	NA	NA	6	D	6D	47	2021	Addition	Normal	2	2	1	-1	Addition
6D48	V | V | F	1,,	,|upper left of tag|,	RT	RT	RT	2021-06-17T00:00:00Z	NA	NA	dead_nf	NA	NA	NA	NA	NA	NA	NA	NA	NA	NA	NA	NA	NA	NA	NA	6	D	6D	48	2021	Addition	Normal	2	2	1	-1	Addition
6D49	V |DNF|DNF	0,,	,|dead|,	RT	RT	RT	2021-06-17T00:00:00Z	NA	NA	dead_nf	NA	NA	NA	NA	NA	NA	NA	NA	NA	NA	NA	NA	NA	NA	NA	6	D	6D	49	2021	Addition	Normal	2	2	1	-1	Addition
6D50	V | F |DNF	0,,	,||,	RT	RT	RT	2021-06-17T00:00:00Z	NA	NA	dead_nf	NA	NA	NA	NA	NA	NA	NA	NA	NA	NA	NA	NA	NA	NA	NA	6	D	6D	50	2021	Addition	Normal	2	2	1	-1	Addition
6D51	F |DNF|DNF	0,,	,flowering plant|dead|,	RT	RT	RT	2021-06-17T00:00:00Z	NA	NA	dead_nf	NA	NA	NA	NA	NA	NA	NA	NA	NA	NA	NA	NA	NA	NA	NA	6	D	6D	51	2021	Addition	Normal	2	2	1	-1	Addition
6D52	V | V | F	1,,	,||,	RT	RT	RT	2021-06-17T00:00:00Z	NA	NA	dead_nf	NA	NA	NA	NA	NA	NA	NA	NA	NA	NA	NA	NA	NA	NA	NA	6	D	6D	52	2021	Addition	Normal	2	2	1	-1	Addition
6D53	V |DNF|DNF	0,,	,|nf|,	RT	RT	RT	2021-06-17T00:00:00Z	NA	NA	dead_nf	NA	NA	NA	NA	NA	NA	NA	NA	NA	NA	NA	NA	NA	NA	NA	6	D	6D	53	2021	Addition	Normal	2	2	1	-1	Addition
6D54	F |DNF|DNF	0,,	,|dead|,	RT	RT	RT	2021-06-17T00:00:00Z	NA	NA	dead_nf	NA	NA	NA	NA	NA	NA	NA	NA	NA	NA	NA	NA	NA	NA	NA	6	D	6D	54	2021	Addition	Normal	2	2	1	-1	Addition
6D55	F |DNF|DNF	0,,	,flowering plant|nf|,	RT	RT	RT	2021-06-17T00:00:00Z	NA	NA	dead_nf	NA	NA	NA	NA	NA	NA	NA	NA	NA	NA	NA	NA	NA	NA	NA	6	D	6D	55	2021	Addition	Normal	2	2	1	-1	Addition
6D56	V | V | F	1,,	,||,	RT	RT	RT	2021-06-17T00:00:00Z	NA	NA	dead_nf	NA	NA	NA	NA	NA	NA	NA	NA	NA	NA	NA	NA	NA	NA	NA	6	D	6D	56	2021	Addition	Normal	2	2	1	-1	Addition
6D57	V | V | V	1,21,49	,|plant directly above tag|,	RT	RT	RT	2021-06-17T00:00:00Z	NA	NA	vegetative	1	34	21	NA	NA	NA	NA	NA	NA	NA	NA	NA	NA	NA	NA	6	D	6D	57	2021	Addition	Normal	2	2	1	-1	Addition
6D58	V | V | V	1,18,24	,||,	RT	RT	RT	2021-06-17T00:00:00Z	NA	NA	vegetative	1	21	11	NA	NA	NA	NA	NA	NA	NA	NA	NA	NA	NA	NA	6	D	6D	58	2021	Addition	Normal	2	2	1	-1	Addition
6D59	V | V | F	1,,	,||,	RT	RT	RT	2021-06-17T00:00:00Z	NA	NA	dead_nf	NA	NA	NA	NA	NA	NA	NA	NA	NA	NA	NA	NA	NA	NA	NA	6	D	6D	59	2021	Addition	Normal	2	2	1	-1	Addition
6D60	V |DNF|DNF	0,,	,|nf|,	RT	RT	RT	2021-06-17T00:00:00Z	NA	NA	dead_nf	NA	NA	NA	NA	NA	NA	NA	NA	NA	NA	NA	NA	NA	NA	NA	6	D	6D	60	2021	Addition	Normal	2	2	1	-1	Addition
6D61	V |TNF|NA	,,	,|tagnf|,	RT	RT	RT	2021-06-17T00:00:00Z	NA	NA	tagnf	NA	NA	NA	NA	NA	NA	NA	NA	NA	NA	NA	NA	NA	NA	NA	6	D	6D	61	2021	Addition	Normal	2	2	1	-1	Addition
6D62	V | V |DNF	0,,	,|tag is 1 inch down and to right of plant|,	RT	RT	RT	2021-06-17T00:00:00Z	NA	NA	tagnf	NA	NA	NA	NA	NA	NA	NA	NA	NA	NA	NA	NA	NA	NA	NA	6	D	6D	62	2021	Addition	Normal	2	2	1	-1	Addition
6D63	V |DNF|DNF	0,,	,|nf|,	RT	RT	RT	2021-06-17T00:00:00Z	NA	NA	dead_nf	NA	NA	NA	NA	NA	NA	NA	NA	NA	NA	NA	NA	NA	NA	NA	6	D	6D	63	2021	Addition	Normal	2	2	1	-1	Addition
6D64	V | V | F	,,	,|tagnf|,	RT	RT	RT	2021-06-17T00:00:00Z	NA	NA	dead_nf	NA	NA	NA	NA	NA	NA	NA	NA	NA	NA	NA	NA	NA	NA	NA	6	D	6D	64	2021	Addition	Normal	2	2	1	-1	Addition
6D65	V | V | V	1,11,42	,|right of tag, ts|,	RT	RT	RT	2021-06-17T00:00:00Z	NA	NA	vegetative	2	46	10	38	10	NA	NA	NA	NA	NA	NA	NA	NA	NA	NA	6	D	6D	65	2021	Addition	Normal	2	2	1	-1	Addition
6D66	F |DNF|DNF	,,	,|tagnf|,	RT	RT	RT	2021-06-17T00:00:00Z	NA	NA	tagnf	NA	NA	NA	NA	NA	NA	NA	NA	NA	NA	NA	NA	NA	NA	NA	6	D	6D	66	2021	Addition	Normal	2	2	1	-1	Addition
6D67	V |DNF|DNF	0,,	,|nf|,	RT	RT	RT	2021-06-17T00:00:00Z	NA	NA	dead_nf	NA	NA	NA	NA	NA	NA	NA	NA	NA	NA	NA	NA	NA	NA	NA	6	D	6D	67	2021	Addition	Normal	2	2	1	-1	Addition
6D68	V | V | F	2,,	,||,	RT	RT	RT	2021-06-17T00:00:00Z	NA	NA	dead_nf	NA	NA	NA	NA	NA	NA	NA	NA	NA	NA	NA	NA	NA	NA	NA	6	D	6D	68	2021	Addition	Normal	2	2	1	-1	Addition
6D69	V | F |DNF	0,,	,||,	RT	RT	RT	2021-06-17T00:00:00Z	NA	NA	dead_nf	NA	NA	NA	NA	NA	NA	NA	NA	NA	NA	NA	NA	NA	NA	NA	6	D	6D	69	2021	Addition	Normal	2	2	1	-1	Addition
6D70	V | F |DNF	0,,	,||,	RT	RT	RT	2021-06-17T00:00:00Z	NA	NA	dead_nf	NA	NA	NA	NA	NA	NA	NA	NA	NA	NA	NA	NA	NA	NA	NA	6	D	6D	70	2021	Addition	Normal	2	2	1	-1	Addition
6D71	V | V | F	2,,	,||,	RT	RT	RT	2021-06-17T00:00:00Z	NA	NA	dead_nf	NA	NA	NA	NA	NA	NA	NA	NA	NA	NA	NA	NA	NA	NA	NA	6	D	6D	71	2021	Addition	Normal	2	2	1	-1	Addition
6D72	V |DNF|DNF	0,,	,|nf|,	RT	RT	RT	2021-06-17T00:00:00Z	NA	NA	dead_nf	NA	NA	NA	NA	NA	NA	NA	NA	NA	NA	NA	NA	NA	NA	NA	6	D	6D	72	2021	Addition	Normal	2	2	1	-1	Addition
6D73	V | V | V	2,15,49	,||,	RT	RT	RT	2021-06-17T00:00:00Z	recheck - count stalks and rosettes	NA	flowering	NA	NA	NA	NA	NA	NA	NA	NA	NA	NA	NA	NA	NA	NA	NA	6	D	6D	73	2021	Addition	Normal	2	2	1	-1	Addition
6D74	V | V | V	0,,	,||,	RT	RT	RT	2021-06-17T00:00:00Z	NA	NA	vegetative	1	25	20	NA	NA	NA	NA	NA	NA	NA	NA	NA	NA	NA	NA	6	D	6D	74	2021	Addition	Normal	2	2	1	-1	Addition
6D75	V | V |DNF	0,,	,||,	RT	RT	RT	2021-06-17T00:00:00Z	NA	NA	dead_nf	NA	NA	NA	NA	NA	NA	NA	NA	NA	NA	NA	NA	NA	NA	NA	6	D	6D	75	2021	Addition	Normal	2	2	1	-1	Addition
6D76	V | V |DNF	0,,	,||,	RT	RT	RT	2021-06-17T00:00:00Z	NA	NA	dead_nf	NA	NA	NA	NA	NA	NA	NA	NA	NA	NA	NA	NA	NA	NA	NA	6	D	6D	76	2021	Addition	Normal	2	2	1	-1	Addition
6D77	V |DNF|DNF	0,,	,|dead|,	RT	RT	RT	2021-06-17T00:00:00Z	NA	NA	dead_nf	NA	NA	NA	NA	NA	NA	NA	NA	NA	NA	NA	NA	NA	NA	NA	6	D	6D	77	2021	Addition	Normal	2	2	1	-1	Addition
6D79	V | F |DNF	0,,	,|barely out side plot|,	RT	RT	RT	2021-06-17T00:00:00Z	NA	NA	tagnf	NA	NA	NA	NA	NA	NA	NA	NA	NA	NA	NA	NA	NA	NA	NA	6	D	6D	79	2021	Addition	Normal	2	2	1	-1	Addition
6D80	V | F |DNF	,,	,||,	RT	RT	RT	2021-06-17T00:00:00Z	NA	NA	dead_nf	NA	NA	NA	NA	NA	NA	NA	NA	NA	NA	NA	NA	NA	NA	NA	6	D	6D	80	2021	Addition	Normal	2	2	1	-1	Addition
6D81	V | F | V	,,	,||,	RT	RT	RT	2021-06-17T00:00:00Z	NA	NA	vegetative	1	44	15	NA	NA	NA	NA	NA	NA	NA	NA	NA	NA	NA	NA	6	D	6D	81	2021	Addition	Normal	2	2	1	-1	Addition
6D86_20	NA |NA |DNF	0,,	,||,check tag #	RT	RT	RT	2021-06-17T00:00:00Z	NA	NA	dead_nf	NA	NA	NA	NA	NA	NA	NA	NA	NA	NA	NA	NA	NA	NA	NA	6	D	6D	86_20	2021	Addition	Normal	2	2	1	-1	Addition
2A1	NA	NA	NA	JP	XL	XL	2021-06-16T00:00:00Z	found tag not on sheet - recheck. Written ""2ANew1"". No status - recheck.	NA	NA	NA	NA	NA	NA	NA	NA	NA	NA	NA	NA	NA	NA	NA	NA	NA	2	A	2A	1	2021	Control	Early	1	0	-1	1	Control
2A694	NA	NA	NA	JP	XL	XL	2021-06-16T00:00:00Z	found tag not on sheet - recheck	NA	dead_nf	NA	NA	NA	NA	NA	NA	NA	NA	NA	NA	NA	NA	NA	NA	NA	2	A	2A	694	2021	Control	Early	1	0	-1	1	Control
2A681	NA	NA	NA	JP	XL	XL	2021-06-16T00:00:00Z	found tag not on sheet - recheck	NA	dead_nf	NA	NA	NA	NA	NA	NA	NA	NA	NA	NA	NA	NA	NA	NA	NA	2	A	2A	681	2021	Control	Early	1	0	-1	1	Control
5D279	NA	NA	NA	XL	XL	XL	2021-06-17T00:00:00Z	found tag not on sheet - recheck	NA	dead_nf	NA	NA	NA	NA	NA	NA	NA	NA	NA	NA	NA	NA	NA	NA	NA	5	D	5D	279	2021	Control	Early	2	1	1	-1	Control
4C213	NA	NA	NA	DH	JP	DH	2021-06-16T00:00:00Z	found circle tag not on sheet - recheck, might be new plant, 1 dead stalk nearby	NA	vegetative	3	33	10	35	9	30	7	NA	NA	NA	NA	NA	NA	NA	NA	4	C	4C	213	2021	Control	Early	3	0	-1	-1	Control
