plot	subplot	plotid	plant	plantid	status_18	status_18r2	status_19	status_20	status_21	check_19_20_20	other_notes_18	notes_18	other_notes_18r2	notes_18r2	other_notes_19	notes_19	notes_20	other_notes_20	notes1818r2_19_20chk1920_21	other_notes_21	transition_1819	transition_1920	transition_181920	transition_18192021	flowering_status_18	flowering_status_18r2	flowering_status_19	flowering_status_20	flowering_status_21	alive_status_18	alive_status_18r2	alive_status_19	alive_status_20	alive_status_21
1	A	1A	221	1A221	vegetative	vegetative	vegetative	vegetative	tagnf	NA	NA	blank	NA	blank	below left in grass	blank	blank	NA	,|below left in grass|,	NA	vegetative > vegetative	vegetative > vegetative	vegetative > vegetative > vegetative	vegetative > vegetative > vegetative > tagnf	0	0	0	0	NA	1	1	1	1	NA
1	A	1A	222	1A222	vegetative	vegetative	vegetative	dead_nf	tagnf	chew death	NA	blank	NA	blank	chewed, ts	chewed	nf	NA	,|chewed, ts|,chew death	NA	vegetative > vegetative	vegetative > dead_nf	vegetative > vegetative > dead_nf	vegetative > vegetative > dead_nf > tagnf	0	0	0	0	NA	1	1	1	0	NA
1	A	1A	223	1A223	vegetative	vegetative	vegetative	dead_nf	dead_nf	chew death	NA	blank	NA	blank	chewed, ts	chewed	nf	NA	,|chewed, ts|,chew death	NA	vegetative > vegetative	vegetative > dead_nf	vegetative > vegetative > dead_nf	vegetative > vegetative > dead_nf > dead_nf	0	0	0	0	0	1	1	1	0	0
1	A	1A	225	1A225	vegetative	vegetative	vegetative	vegetative	vegetative	NA	NA	blank	NA	blank	below right	blank	blank	NA	,|below right|,	NA	vegetative > vegetative	vegetative > vegetative	vegetative > vegetative > vegetative	vegetative > vegetative > vegetative > vegetative	0	0	0	0	0	1	1	1	1	1
1	A	1A	226	1A226	vegetative	vegetative	dead_nf	dead_nf	dead_nf	NA	NA	blank	NA	blank	dead	dead	nf	NA	,|dead|,	NA	vegetative > dead_nf	dead_nf > dead_nf	vegetative > dead_nf > dead_nf	vegetative > dead_nf > dead_nf > dead_nf	0	0	0	0	0	1	1	0	0	0
1	A	1A	227	1A227	vegetative	vegetative	vegetative	vegetative	vegetative	NA	NA	blank	NA	blank	NA	blank	blank	NA	,||,	NA	vegetative > vegetative	vegetative > vegetative	vegetative > vegetative > vegetative	vegetative > vegetative > vegetative > vegetative	0	0	0	0	0	1	1	1	1	1
1	A	1A	228	1A228	vegetative	vegetative	vegetative	vegetative	vegetative	NA	NA	blank	NA	blank	NA	blank	blank	NA	,||,	NA	vegetative > vegetative	vegetative > vegetative	vegetative > vegetative > vegetative	vegetative > vegetative > vegetative > vegetative	0	0	0	0	0	1	1	1	1	1
1	A	1A	229	1A229	vegetative	vegetative	vegetative	dead_nf	vegetative	died and nf?	NA	blank	NA	blank	NA	blank	nf	NA	,||,died and nf?	chewed last year. says 3 maybe more rosettes, changed to 4	vegetative > vegetative	vegetative > dead_nf	vegetative > vegetative > dead_nf	vegetative > vegetative > dead_nf > vegetative	0	0	0	0	0	1	1	1	0	1
1	A	1A	230	1A230	vegetative	vegetative	vegetative	flowering	tagnf	NA	NA	blank	NA	blank	NA	blank	blank	NA	,||,	NA	vegetative > vegetative	vegetative > flowering	vegetative > vegetative > flowering	vegetative > vegetative > flowering > tagnf	0	0	0	1	NA	1	1	1	1	NA
1	A	1A	231	1A231	vegetative	vegetative	vegetative	flowering	flowering	regrew?	NA	blank	NA	blank	chewed,ts	chewed	blank	NA	,|chewed,ts|,regrew?	NA	vegetative > vegetative	vegetative > flowering	vegetative > vegetative > flowering	vegetative > vegetative > flowering > flowering	0	0	0	1	1	1	1	1	1	1
1	A	1A	232	1A232	flowering	no_record	dead_nf	dead_nf	dead_nf	NA	NA	blank	NA	NA	dead	dead	nf	NA	,|dead|,	NA	flowering > dead_nf	dead_nf > dead_nf	flowering > dead_nf > dead_nf	flowering > dead_nf > dead_nf > dead_nf	1	NA	0	0	0	1	NA	0	0	0
1	A	1A	233	1A233	vegetative	no_record	vegetative	flowering	tagnf	NA	missing	tagnf	NA	NA	tagnf	tagnf	blank	NA	missing,|tagnf|,	NA	vegetative > vegetative	vegetative > flowering	vegetative > vegetative > flowering	vegetative > vegetative > flowering > tagnf	0	NA	0	1	NA	1	NA	1	1	NA
1	A	1A	234	1A234	flowering	no_record	dead_nf	dead_nf	dead_nf	NA	broken	blank	NA	NA	dead	dead	nf	NA	broken,|dead|,	NA	flowering > dead_nf	dead_nf > dead_nf	flowering > dead_nf > dead_nf	flowering > dead_nf > dead_nf > dead_nf	1	NA	0	0	0	1	NA	0	0	0
1	A	1A	235	1A235	vegetative	no_record	vegetative	flowering	dead_nf	NA	missing	tagnf	NA	NA	below right	blank	blank	NA	missing,|below right|,	NA	vegetative > vegetative	vegetative > flowering	vegetative > vegetative > flowering	vegetative > vegetative > flowering > dead_nf	0	NA	0	1	0	1	NA	1	1	0
1	A	1A	236	1A236	vegetative	vegetative	flowering	dead_nf	tagnf	NA	NA	blank	NA	blank	NA	blank	nf	NA	,||,	NA	vegetative > flowering	flowering > dead_nf	vegetative > flowering > dead_nf	vegetative > flowering > dead_nf > tagnf	0	0	1	0	NA	1	1	1	0	NA
1	A	1A	237	1A237	vegetative	vegetative	vegetative	dead_nf	dead_nf	died and nf?	NA	blank	NA	blank	NA	blank	nf	NA	,||,died and nf?	NA	vegetative > vegetative	vegetative > dead_nf	vegetative > vegetative > dead_nf	vegetative > vegetative > dead_nf > dead_nf	0	0	0	0	0	1	1	1	0	0
1	A	1A	238	1A238	flowering	no_record	dead_nf	dead_nf	dead_nf	NA	NA	blank	NA	NA	dead	dead	nf	NA	,|dead|,	NA	flowering > dead_nf	dead_nf > dead_nf	flowering > dead_nf > dead_nf	flowering > dead_nf > dead_nf > dead_nf	1	NA	0	0	0	1	NA	0	0	0
1	A	1A	239	1A239	vegetative	vegetative	flowering	dead_nf	dead_nf	NA	NA	blank	NA	blank	NA	blank	nf	NA	,||,	NA	vegetative > flowering	flowering > dead_nf	vegetative > flowering > dead_nf	vegetative > flowering > dead_nf > dead_nf	0	0	1	0	0	1	1	1	0	0
1	A	1A	240	1A240	vegetative	vegetative	vegetative	flowering	tagnf	NA	NA	blank	NA	blank	NA	blank	blank	NA	,||,	NA	vegetative > vegetative	vegetative > flowering	vegetative > vegetative > flowering	vegetative > vegetative > flowering > tagnf	0	0	0	1	NA	1	1	1	1	NA
1	A	1A	241	1A241	vegetative	vegetative	vegetative	dead_nf	tagnf	NA	NA	blank	NA	blank	NA	blank	nf	NA	,||,	NA	vegetative > vegetative	vegetative > dead_nf	vegetative > vegetative > dead_nf	vegetative > vegetative > dead_nf > tagnf	0	0	0	0	NA	1	1	1	0	NA
1	A	1A	242	1A242	vegetative	vegetative	vegetative	dead_nf	dead_nf	NA	NA	blank	NA	blank	NA	blank	nf	NA	,||,	NA	vegetative > vegetative	vegetative > dead_nf	vegetative > vegetative > dead_nf	vegetative > vegetative > dead_nf > dead_nf	0	0	0	0	0	1	1	1	0	0
1	A	1A	243	1A243	vegetative	vegetative	vegetative	flowering	dead_nf	NA	might have 4	blank	NA	blank	NA	blank	blank	NA	might have 4,||,	NA	vegetative > vegetative	vegetative > flowering	vegetative > vegetative > flowering	vegetative > vegetative > flowering > dead_nf	0	0	0	1	0	1	1	1	1	0
1	A	1A	244	1A244	vegetative	vegetative	vegetative	flowering	flowering	check tag #	might have 4 rosettes	blank	NA	blank	directly above tag	blank	blank	NA	might have 4 rosettes,|directly above tag|,check tag #	NA	vegetative > vegetative	vegetative > flowering	vegetative > vegetative > flowering	vegetative > vegetative > flowering > flowering	0	0	0	1	1	1	1	1	1	1
1	A	1A	245	1A245	vegetative	vegetative	vegetative	vegetative	vegetative	NA	NA	blank	NA	blank	NA	blank	blank	NA	,||,	NA	vegetative > vegetative	vegetative > vegetative	vegetative > vegetative > vegetative	vegetative > vegetative > vegetative > vegetative	0	0	0	0	0	1	1	1	1	1
1	A	1A	246	1A246	vegetative	vegetative	flowering	flowering	dead_nf	flowered twice?	NA	blank	NA	blank	NA	blank	blank	NA	,||,flowered twice?	two duplicate 246 tags, other one NF	vegetative > flowering	flowering > flowering	vegetative > flowering > flowering	vegetative > flowering > flowering > dead_nf	0	0	1	1	0	1	1	1	1	0
1	A	1A	247	1A247	vegetative	vegetative	vegetative	no_record	tagnf	NA	NA	blank	NA	blank	ts	ts	NA	NA	,|ts|,	NA	vegetative > vegetative	vegetative > no_record	vegetative > vegetative > no_record	vegetative > vegetative > no_record > tagnf	0	0	0	NA	NA	1	1	1	NA	NA
1	A	1A	248	1A248	vegetative	vegetative	dead_nf	dead_nf	tagnf	NA	NA	blank	NA	blank	dead	dead	NA	NA	,|dead|,	NA	vegetative > dead_nf	dead_nf > dead_nf	vegetative > dead_nf > dead_nf	vegetative > dead_nf > dead_nf > tagnf	0	0	0	0	NA	1	1	0	0	NA
1	A	1A	249	1A249	vegetative	vegetative	vegetative	vegetative	vegetative	fixed 2019 (1B->1A)	NA	blank	NA	blank	eaten	chewed	blank	NA	,|eaten|,fixed 2019 (1B->1A)	NA	vegetative > vegetative	vegetative > vegetative	vegetative > vegetative > vegetative	vegetative > vegetative > vegetative > vegetative	0	0	0	0	0	1	1	1	1	1
1	A	1A	250	1A250	vegetative	vegetative	vegetative	flowering	dead_nf	check tag #	NA	blank	NA	blank	NA	blank	blank	NA	,||,check tag #	NA	vegetative > vegetative	vegetative > flowering	vegetative > vegetative > flowering	vegetative > vegetative > flowering > dead_nf	0	0	0	1	0	1	1	1	1	0
1	A	1A	251	1A251	vegetative	vegetative	vegetative	flowering	vegetative	NA	NA	blank	NA	blank	below & left of tag	blank	blank	NA	,|below & left of tag|,	NA	vegetative > vegetative	vegetative > flowering	vegetative > vegetative > flowering	vegetative > vegetative > flowering > vegetative	0	0	0	1	0	1	1	1	1	1
1	A	1A	252	1A252	vegetative	vegetative	vegetative	no_record	dead_nf	NA	NA	blank	NA	blank	NA	blank	NA	NA	,||,	NA	vegetative > vegetative	vegetative > no_record	vegetative > vegetative > no_record	vegetative > vegetative > no_record > dead_nf	0	0	0	NA	0	1	1	1	NA	0
1	A	1A	253	1A253	flowering	vegetative	dead_nf	dead_nf	dead_nf	fixed 2019 (1B->1A)	NA	blank	NA	blank	dead	dead	nf	NA	,|dead|,fixed 2019 (1B->1A)	NA	flowering > dead_nf	dead_nf > dead_nf	flowering > dead_nf > dead_nf	flowering > dead_nf > dead_nf > dead_nf	1	0	0	0	0	1	1	0	0	0
1	A	1A	254	1A254	vegetative	vegetative	dead_nf	dead_nf	dead_nf	fixed 2019 (1B->1A)	NA	blank	NA	blank	nf	nf	nf	NA	,|nf|,fixed 2019 (1B->1A)	NA	vegetative > dead_nf	dead_nf > dead_nf	vegetative > dead_nf > dead_nf	vegetative > dead_nf > dead_nf > dead_nf	0	0	0	0	0	1	1	0	0	0
1	A	1A	255	1A255	vegetative	vegetative	vegetative	flowering	vegetative	fixed 2019 (1B->1A)	NA	blank	NA	blank	eaten	chewed	blank	NA	,|eaten|,fixed 2019 (1B->1A)	NA	vegetative > vegetative	vegetative > flowering	vegetative > vegetative > flowering	vegetative > vegetative > flowering > vegetative	0	0	0	1	0	1	1	1	1	1
1	A	1A	256	1A256	vegetative	vegetative	dead_nf	dead_nf	dead_nf	fixed 2019 (1B->1A)	NA	blank	NA	blank	nf	nf	nf	NA	,|nf|,fixed 2019 (1B->1A)	NA	vegetative > dead_nf	dead_nf > dead_nf	vegetative > dead_nf > dead_nf	vegetative > dead_nf > dead_nf > dead_nf	0	0	0	0	0	1	1	0	0	0
1	A	1A	257	1A257	vegetative	vegetative	vegetative	flowering	tagnf	NA	NA	blank	NA	blank	NA	blank	blank	NA	,||,	NA	vegetative > vegetative	vegetative > flowering	vegetative > vegetative > flowering	vegetative > vegetative > flowering > tagnf	0	0	0	1	NA	1	1	1	1	NA
1	A	1A	258	1A258	vegetative	no_record	flowering	dead_nf	dead_nf	NA	NA	NA	NA	NA	NA	blank	nf	NA	,||,	NA	vegetative > flowering	flowering > dead_nf	vegetative > flowering > dead_nf	vegetative > flowering > dead_nf > dead_nf	0	NA	1	0	0	1	NA	1	0	0
1	A	1A	259	1A259	vegetative	no_record	flowering	dead_nf	dead_nf	NA	NA	NA	NA	NA	NA	blank	nf	NA	,||,	NA	vegetative > flowering	flowering > dead_nf	vegetative > flowering > dead_nf	vegetative > flowering > dead_nf > dead_nf	0	NA	1	0	0	1	NA	1	0	0
1	B	1B	647	1B647	vegetative	vegetative	vegetative	vegetative	vegetative	NA	NA	blank	NA	blank	1 ts	ts	blank	NA	,|1 ts|,	NA	vegetative > vegetative	vegetative > vegetative	vegetative > vegetative > vegetative	vegetative > vegetative > vegetative > vegetative	0	0	0	0	0	1	1	1	1	1
1	B	1B	648	1B648	vegetative	vegetative	flowering	dead_nf	dead_nf	NA	NA	blank	NA	blank	NA	blank	nf	NA	,||,	NA	vegetative > flowering	flowering > dead_nf	vegetative > flowering > dead_nf	vegetative > flowering > dead_nf > dead_nf	0	0	1	0	0	1	1	1	0	0
1	B	1B	649	1B649	vegetative	vegetative	vegetative	flowering	dead_nf	NA	NA	blank	NA	blank	NA	blank	blank	NA	,||,	NA	vegetative > vegetative	vegetative > flowering	vegetative > vegetative > flowering	vegetative > vegetative > flowering > dead_nf	0	0	0	1	0	1	1	1	1	0
1	B	1B	650	1B650	vegetative	vegetative	vegetative	flowering	dead_nf	NA	NA	blank	NA	blank	NA	blank	blank	NA	,||,	NA	vegetative > vegetative	vegetative > flowering	vegetative > vegetative > flowering	vegetative > vegetative > flowering > dead_nf	0	0	0	1	0	1	1	1	1	0
1	B	1B	651	1B651	vegetative	vegetative	dead_nf	dead_nf	dead_nf	NA	NA	blank	NA	blank	dead	dead	nf	NA	,|dead|,	NA	vegetative > dead_nf	dead_nf > dead_nf	vegetative > dead_nf > dead_nf	vegetative > dead_nf > dead_nf > dead_nf	0	0	0	0	0	1	1	0	0	0
1	B	1B	652	1B652	vegetative	vegetative	vegetative	vegetative	flowering	NA	NA	blank	JP: changed r2_longest from 266 > 26 on 2021-11-09	blank	UL of tag, ts	ts	blank	NA	,|UL of tag, ts|,	NA	vegetative > vegetative	vegetative > vegetative	vegetative > vegetative > vegetative	vegetative > vegetative > vegetative > flowering	0	0	0	0	1	1	1	1	1	1
1	B	1B	653	1B653	vegetative	vegetative	vegetative	flowering	dead_nf	NA	NA	blank	NA	blank	NA	blank	blank	NA	,||,	NA	vegetative > vegetative	vegetative > flowering	vegetative > vegetative > flowering	vegetative > vegetative > flowering > dead_nf	0	0	0	1	0	1	1	1	1	0
1	B	1B	654	1B654	vegetative	vegetative	dead_nf	dead_nf	dead_nf	NA	NA	blank	NA	blank	nf	nf	nf	NA	,|nf|,	NA	vegetative > dead_nf	dead_nf > dead_nf	vegetative > dead_nf > dead_nf	vegetative > dead_nf > dead_nf > dead_nf	0	0	0	0	0	1	1	0	0	0
1	B	1B	655	1B655	flowering	no_record	dead_nf	dead_nf	dead_nf	NA	NA	blank	NA	NA	nf	nf	nf	NA	,|nf|,	NA	flowering > dead_nf	dead_nf > dead_nf	flowering > dead_nf > dead_nf	flowering > dead_nf > dead_nf > dead_nf	1	NA	0	0	0	1	NA	0	0	0
1	B	1B	656	1B656	vegetative	vegetative	vegetative	flowering	dead_nf	NA	NA	blank	NA	blank	2 ts	ts	blank	NA	,|2 ts|,	NA	vegetative > vegetative	vegetative > flowering	vegetative > vegetative > flowering	vegetative > vegetative > flowering > dead_nf	0	0	0	1	0	1	1	1	1	0
1	B	1B	657	1B657	vegetative	vegetative	flowering	dead_nf	dead_nf	NA	NA	tagnf	NA	blank	NA	blank	nf	NA	,||,	NA	vegetative > flowering	flowering > dead_nf	vegetative > flowering > dead_nf	vegetative > flowering > dead_nf > dead_nf	0	0	1	0	0	1	1	1	0	0
1	B	1B	658	1B658	vegetative	vegetative	vegetative	flowering	dead_nf	NA	NA	blank	NA	blank	NA	blank	blank	NA	,||,	recheck - says D and F last year but has rosettes? Count and length close to 1B669.	vegetative > vegetative	vegetative > flowering	vegetative > vegetative > flowering	vegetative > vegetative > flowering > dead_nf	0	0	0	1	0	1	1	1	1	0
1	B	1B	659	1B659	vegetative	vegetative	vegetative	vegetative	vegetative	NA	NA	blank	NA	blank	2 ts	ts	blank	NA	,|2 ts|,	NA	vegetative > vegetative	vegetative > vegetative	vegetative > vegetative > vegetative	vegetative > vegetative > vegetative > vegetative	0	0	0	0	0	1	1	1	1	1
1	B	1B	660	1B660	vegetative	vegetative	vegetative	vegetative	vegetative	NA	NA	blank	NA	blank	4 ts	ts	chewed	NA	,|4 ts|,	NA	vegetative > vegetative	vegetative > vegetative	vegetative > vegetative > vegetative	vegetative > vegetative > vegetative > vegetative	0	0	0	0	0	1	1	1	1	1
1	B	1B	661	1B661	vegetative	vegetative	vegetative	vegetative	vegetative	NA	NA	blank	NA	blank	nf	nf	nf	NA	,|nf|,	NA	vegetative > vegetative	vegetative > vegetative	vegetative > vegetative > vegetative	vegetative > vegetative > vegetative > vegetative	0	0	0	0	0	1	1	1	1	1
1	B	1B	662	1B662	vegetative	vegetative	vegetative	vegetative	vegetative	NA	NA	blank	NA	blank	NA	blank	NA	NA	,||,	NA	vegetative > vegetative	vegetative > vegetative	vegetative > vegetative > vegetative	vegetative > vegetative > vegetative > vegetative	0	0	0	0	0	1	1	1	1	1
1	B	1B	663	1B663	vegetative	vegetative	vegetative	vegetative	vegetative	NA	NA	blank	NA	blank	NA	blank	blank	NA	,||,	NA	vegetative > vegetative	vegetative > vegetative	vegetative > vegetative > vegetative	vegetative > vegetative > vegetative > vegetative	0	0	0	0	0	1	1	1	1	1
1	B	1B	664	1B664	flowering	no_record	dead_nf	dead_nf	dead_nf	NA	NA	blank	NA	NA	dead	dead	nf	NA	,|dead|,	NA	flowering > dead_nf	dead_nf > dead_nf	flowering > dead_nf > dead_nf	flowering > dead_nf > dead_nf > dead_nf	1	NA	0	0	0	1	NA	0	0	0
1	B	1B	665	1B665	flowering	vegetative	vegetative	vegetative	vegetative	NA	NA	blank	NA	blank	down from tag, ts	ts	nf	NA	,|down from tag, ts|,	one below tag	flowering > vegetative	vegetative > vegetative	flowering > vegetative > vegetative	flowering > vegetative > vegetative > vegetative	1	0	0	0	0	1	1	1	1	1
1	B	1B	666	1B666	vegetative	vegetative	vegetative	vegetative	flowering	NA	NA	blank	NA	blank	L of tag by about 1 inch	blank	blank	NA	,|L of tag by about 1 inch|,	NA	vegetative > vegetative	vegetative > vegetative	vegetative > vegetative > vegetative	vegetative > vegetative > vegetative > flowering	0	0	0	0	1	1	1	1	1	1
1	B	1B	667	1B667	vegetative	vegetative	dead_nf	dead_nf	dead_nf	NA	NA	blank	NA	blank	dead	dead	nf	NA	,|dead|,	NA	vegetative > dead_nf	dead_nf > dead_nf	vegetative > dead_nf > dead_nf	vegetative > dead_nf > dead_nf > dead_nf	0	0	0	0	0	1	1	0	0	0
1	B	1B	668	1B668	flowering	no_record	dead_nf	dead_nf	dead_nf	NA	NA	blank	NA	NA	nf	nf	nf	NA	,|nf|,	NA	flowering > dead_nf	dead_nf > dead_nf	flowering > dead_nf > dead_nf	flowering > dead_nf > dead_nf > dead_nf	1	NA	0	0	0	1	NA	0	0	0
1	B	1B	669	1B669	vegetative	vegetative	vegetative	vegetative	vegetative	NA	NA	blank	NA	blank	NA	blank	blank	NA	,||,	NA	vegetative > vegetative	vegetative > vegetative	vegetative > vegetative > vegetative	vegetative > vegetative > vegetative > vegetative	0	0	0	0	0	1	1	1	1	1
1	B	1B	670	1B670	vegetative	vegetative	flowering	dead_nf	tagnf	NA	NA	blank	NA	blank	NA	blank	nf	NA	,||,	NA	vegetative > flowering	flowering > dead_nf	vegetative > flowering > dead_nf	vegetative > flowering > dead_nf > tagnf	0	0	1	0	NA	1	1	1	0	NA
1	B	1B	671	1B671	vegetative	vegetative	vegetative	dead_nf	tagnf	NA	NA	blank	NA	blank	1 ts	ts	dead	NA	,|1 ts|,	NA	vegetative > vegetative	vegetative > dead_nf	vegetative > vegetative > dead_nf	vegetative > vegetative > dead_nf > tagnf	0	0	0	0	NA	1	1	1	0	NA
1	B	1B	672	1B672	vegetative	vegetative	vegetative	flowering	dead_nf	NA	NA	blank	NA	blank	NA	blank	blank	NA	,||,	NA	vegetative > vegetative	vegetative > flowering	vegetative > vegetative > flowering	vegetative > vegetative > flowering > dead_nf	0	0	0	1	0	1	1	1	1	0
1	B	1B	673	1B673	vegetative	vegetative	vegetative	vegetative	vegetative	NA	NA	blank	NA	blank	1 ts	ts	blank	NA	,|1 ts|,	NA	vegetative > vegetative	vegetative > vegetative	vegetative > vegetative > vegetative	vegetative > vegetative > vegetative > vegetative	0	0	0	0	0	1	1	1	1	1
1	B	1B	674	1B674	vegetative	vegetative	vegetative	vegetative	vegetative	NA	NA	blank	NA	blank	NA	blank	blank	NA	,||,	NA	vegetative > vegetative	vegetative > vegetative	vegetative > vegetative > vegetative	vegetative > vegetative > vegetative > vegetative	0	0	0	0	0	1	1	1	1	1
1	B	1B	675	1B675	flowering	vegetative	dead_nf	dead_nf	dead_nf	NA	NA	blank	NA	blank	dead	dead	nf	NA	,|dead|,	NA	flowering > dead_nf	dead_nf > dead_nf	flowering > dead_nf > dead_nf	flowering > dead_nf > dead_nf > dead_nf	1	0	0	0	0	1	1	0	0	0
1	B	1B	676	1B676	vegetative	no_record	dead_nf	dead_nf	tagnf	NA	NA	tagnf	NA	NA	dead	dead	tagnf	NA	,|dead|,	NA	vegetative > dead_nf	dead_nf > dead_nf	vegetative > dead_nf > dead_nf	vegetative > dead_nf > dead_nf > tagnf	0	NA	0	0	NA	1	NA	0	0	NA
1	B	1B	677	1B677	vegetative	vegetative	vegetative	tagnf	flowering	NA	NA	blank	NA	blank	NA	blank	tagnf	NA	,||,	NA	vegetative > vegetative	vegetative > tagnf	vegetative > vegetative > tagnf	vegetative > vegetative > tagnf > flowering	0	0	0	NA	1	1	1	1	NA	1
1	B	1B	678	1B678	flowering	no_record	dead_nf	dead_nf	dead_nf	NA	NA	blank	NA	NA	nf	nf	nf	NA	,|nf|,	NA	flowering > dead_nf	dead_nf > dead_nf	flowering > dead_nf > dead_nf	flowering > dead_nf > dead_nf > dead_nf	1	NA	0	0	0	1	NA	0	0	0
1	B	1B	684	1B684	vegetative	vegetative	flowering	vegetative	flowering	flowered and lived?	NA	blank	NA	blank	NA	blank	blank	NA	,||,flowered and lived?	NA	vegetative > flowering	flowering > vegetative	vegetative > flowering > vegetative	vegetative > flowering > vegetative > flowering	0	0	1	0	1	1	1	1	1	1
1	B	1B	685	1B685	vegetative	no_record	flowering	dead_nf	tagnf	NA	NA	tagnf	NA	NA	NA	blank	tagnf	NA	,||,	NA	vegetative > flowering	flowering > dead_nf	vegetative > flowering > dead_nf	vegetative > flowering > dead_nf > tagnf	0	NA	1	0	NA	1	NA	1	0	NA
1	C	1C	42	1C42	vegetative	vegetative	dead_nf	dead_nf	dead_nf	NA	NA	blank	NA	blank	dead	dead	nf	NA	,|dead|,	NA	vegetative > dead_nf	dead_nf > dead_nf	vegetative > dead_nf > dead_nf	vegetative > dead_nf > dead_nf > dead_nf	0	0	0	0	0	1	1	0	0	0
1	C	1C	43	1C43	vegetative	vegetative	flowering	dead_nf	tagnf	NA	NA	blank	NA	blank	NA	blank	nf	NA	,||,	NA	vegetative > flowering	flowering > dead_nf	vegetative > flowering > dead_nf	vegetative > flowering > dead_nf > tagnf	0	0	1	0	NA	1	1	1	0	NA
1	C	1C	44	1C44	vegetative	vegetative	dead_nf	dead_nf	dead_nf	NA	NA	blank	NA	blank	nf	nf	nf	NA	,|nf|,	NA	vegetative > dead_nf	dead_nf > dead_nf	vegetative > dead_nf > dead_nf	vegetative > dead_nf > dead_nf > dead_nf	0	0	0	0	0	1	1	0	0	0
1	C	1C	45	1C45	vegetative	vegetative	vegetative	dead_nf	tagnf	died and nf?	NA	blank	NA	blank	ts	ts	nf	NA	,|ts|,died and nf?	NA	vegetative > vegetative	vegetative > dead_nf	vegetative > vegetative > dead_nf	vegetative > vegetative > dead_nf > tagnf	0	0	0	0	NA	1	1	1	0	NA
1	C	1C	46	1C46	vegetative	vegetative	vegetative	flowering	dead_nf	NA	NA	blank	NA	blank	NA	blank	blank	NA	,||,	NA	vegetative > vegetative	vegetative > flowering	vegetative > vegetative > flowering	vegetative > vegetative > flowering > dead_nf	0	0	0	1	0	1	1	1	1	0
1	C	1C	47	1C47	vegetative	vegetative	flowering	dead_nf	tagnf	NA	NA	blank	looks like ther were 4 rossettes but one died	blank	NA	blank	nf	tag found detached, not near any plants	,looks like ther were 4 rossettes but one died||tag found detached, not near any plants,	NA	vegetative > flowering	flowering > dead_nf	vegetative > flowering > dead_nf	vegetative > flowering > dead_nf > tagnf	0	0	1	0	NA	1	1	1	0	NA
1	C	1C	48	1C48	vegetative	recheck	vegetative	vegetative	vegetative	NA	NA	blank	couldn't find	nf	NA	blank	blank	NA	,couldn't find||,	NA	vegetative > vegetative	vegetative > vegetative	vegetative > vegetative > vegetative	vegetative > vegetative > vegetative > vegetative	0	NA	0	0	0	1	NA	1	1	1
1	C	1C	49	1C49	vegetative	vegetative	vegetative	vegetative	flowering	NA	NA	blank	NA	blank	NA	blank	blank	NA	,||,	NA	vegetative > vegetative	vegetative > vegetative	vegetative > vegetative > vegetative	vegetative > vegetative > vegetative > flowering	0	0	0	0	1	1	1	1	1	1
1	C	1C	50	1C50	flowering	flowering	dead_nf	dead_nf	dead_nf	NA	NA	blank	flowering plant?	blank	dead	dead	nf	NA	,flowering plant?|dead|,	NA	flowering > dead_nf	dead_nf > dead_nf	flowering > dead_nf > dead_nf	flowering > dead_nf > dead_nf > dead_nf	1	1	0	0	0	1	1	0	0	0
1	C	1C	51	1C51	vegetative	vegetative	dead_nf	dead_nf	dead_nf	NA	NA	blank	NA	blank	dead	dead	nf	NA	,|dead|,	NA	vegetative > dead_nf	dead_nf > dead_nf	vegetative > dead_nf > dead_nf	vegetative > dead_nf > dead_nf > dead_nf	0	0	0	0	0	1	1	0	0	0
1	C	1C	52	1C52	vegetative	vegetative	dead_nf	dead_nf	dead_nf	NA	NA	blank	NA	blank	dead	dead	nf	NA	,|dead|,	NA	vegetative > dead_nf	dead_nf > dead_nf	vegetative > dead_nf > dead_nf	vegetative > dead_nf > dead_nf > dead_nf	0	0	0	0	0	1	1	0	0	0
1	C	1C	53	1C53	vegetative	vegetative	vegetative	vegetative	flowering	NA	NA	blank	NA	blank	NA	blank	blank	NA	,||,	NA	vegetative > vegetative	vegetative > vegetative	vegetative > vegetative > vegetative	vegetative > vegetative > vegetative > flowering	0	0	0	0	1	1	1	1	1	1
1	C	1C	54	1C54	vegetative	vegetative	vegetative	flowering	dead_nf	NA	NA	blank	NA	blank	NA	blank	blank	NA	,||,	NA	vegetative > vegetative	vegetative > flowering	vegetative > vegetative > flowering	vegetative > vegetative > flowering > dead_nf	0	0	0	1	0	1	1	1	1	0
1	C	1C	55	1C55	vegetative	vegetative	vegetative	vegetative	vegetative	NA	NA	blank	NA	blank	ts	ts	blank	NA	,|ts|,	NA	vegetative > vegetative	vegetative > vegetative	vegetative > vegetative > vegetative	vegetative > vegetative > vegetative > vegetative	0	0	0	0	0	1	1	1	1	1
1	C	1C	56	1C56	vegetative	vegetative	vegetative	vegetative	tagnf	NA	NA	blank	NA	blank	5ts	ts	blank	NA	,|5ts|,	NA	vegetative > vegetative	vegetative > vegetative	vegetative > vegetative > vegetative	vegetative > vegetative > vegetative > tagnf	0	0	0	0	NA	1	1	1	1	NA
1	C	1C	57	1C57	vegetative	vegetative	vegetative	vegetative	flowering	NA	NA	blank	NA	blank	NA	blank	blank	NA	,||,	NA	vegetative > vegetative	vegetative > vegetative	vegetative > vegetative > vegetative	vegetative > vegetative > vegetative > flowering	0	0	0	0	1	1	1	1	1	1
1	C	1C	58	1C58	vegetative	vegetative	vegetative	vegetative	vegetative	tagnf last year	NA	blank	NA	blank	tagnf	tagnf	blank	NA	,|tagnf|,tagnf last year	2nd rosette wilted (so changed rosettes to 1)	vegetative > vegetative	vegetative > vegetative	vegetative > vegetative > vegetative	vegetative > vegetative > vegetative > vegetative	0	0	0	0	0	1	1	1	1	1
1	C	1C	59	1C59	vegetative	dead_nf	dead_nf	dead_nf	dead_nf	NA	NA	blank	completely dead and uprooted	dead	nf	nf	NA	NA	,completely dead and uprooted|nf|,	NA	vegetative > dead_nf	dead_nf > dead_nf	vegetative > dead_nf > dead_nf	vegetative > dead_nf > dead_nf > dead_nf	0	0	0	0	0	1	0	0	0	0
1	C	1C	60	1C60	vegetative	vegetative	vegetative	flowering	tagnf	NA	NA	blank	NA	blank	NA	blank	blank	NA	,||,	NA	vegetative > vegetative	vegetative > flowering	vegetative > vegetative > flowering	vegetative > vegetative > flowering > tagnf	0	0	0	1	NA	1	1	1	1	NA
1	C	1C	61	1C61	flowering	no_record	dead_nf	dead_nf	dead_nf	NA	NA	blank	NA	NA	nf	nf	nf	NA	,|nf|,	NA	flowering > dead_nf	dead_nf > dead_nf	flowering > dead_nf > dead_nf	flowering > dead_nf > dead_nf > dead_nf	1	NA	0	0	0	1	NA	0	0	0
1	C	1C	62	1C62	flowering	no_record	dead_nf	dead_nf	dead_nf	NA	NA	blank	NA	NA	nf	nf	nf	NA	,|nf|,	NA	flowering > dead_nf	dead_nf > dead_nf	flowering > dead_nf > dead_nf	flowering > dead_nf > dead_nf > dead_nf	1	NA	0	0	0	1	NA	0	0	0
1	C	1C	63	1C63	vegetative	vegetative	vegetative	flowering	dead_nf	refound?	NA	blank	NA	blank	nf	nf	blank	NA	,|nf|,refound?	NA	vegetative > vegetative	vegetative > flowering	vegetative > vegetative > flowering	vegetative > vegetative > flowering > dead_nf	0	0	0	1	0	1	1	1	1	0
1	C	1C	64	1C64	vegetative	vegetative	vegetative	flowering	dead_nf	NA	NA	blank	NA	blank	NA	blank	blank	NA	,||,	NA	vegetative > vegetative	vegetative > flowering	vegetative > vegetative > flowering	vegetative > vegetative > flowering > dead_nf	0	0	0	1	0	1	1	1	1	0
1	C	1C	65	1C65	vegetative	vegetative	flowering	dead_nf	dead_nf	NA	NA	blank	NA	blank	NA	blank	nf	NA	,||,	NA	vegetative > flowering	flowering > dead_nf	vegetative > flowering > dead_nf	vegetative > flowering > dead_nf > dead_nf	0	0	1	0	0	1	1	1	0	0
1	C	1C	66	1C66	vegetative	vegetative	vegetative	dead_nf	vegetative	died and nf?	NA	blank	NA	blank	NA	blank	nf	NA	,||,died and nf?	NA	vegetative > vegetative	vegetative > dead_nf	vegetative > vegetative > dead_nf	vegetative > vegetative > dead_nf > vegetative	0	0	0	0	0	1	1	1	0	1
1	C	1C	67	1C67	vegetative	dead_nf	vegetative	dead_nf	dead_nf	NA	NA	blank	NA	blank	nf	nf	nf	NA	,|nf|,	NA	vegetative > vegetative	vegetative > dead_nf	vegetative > vegetative > dead_nf	vegetative > vegetative > dead_nf > dead_nf	0	0	0	0	0	1	0	1	0	0
1	C	1C	68	1C68	vegetative	vegetative	dead_nf	dead_nf	dead_nf	NA	NA	blank	NA	blank	dead	dead	nf	NA	,|dead|,	NA	vegetative > dead_nf	dead_nf > dead_nf	vegetative > dead_nf > dead_nf	vegetative > dead_nf > dead_nf > dead_nf	0	0	0	0	0	1	1	0	0	0
1	C	1C	69	1C69	vegetative	vegetative	vegetative	vegetative	vegetative	NA	NA	blank	NA	blank	NA	blank	blank	NA	,||,	NA	vegetative > vegetative	vegetative > vegetative	vegetative > vegetative > vegetative	vegetative > vegetative > vegetative > vegetative	0	0	0	0	0	1	1	1	1	1
1	C	1C	70	1C70	vegetative	vegetative	vegetative	vegetative	vegetative	NA	NA	blank	NA	blank	NA	blank	blank	NA	,||,	NA	vegetative > vegetative	vegetative > vegetative	vegetative > vegetative > vegetative	vegetative > vegetative > vegetative > vegetative	0	0	0	0	0	1	1	1	1	1
1	C	1C	71	1C71	vegetative	vegetative	vegetative	vegetative	vegetative	NA	NA	blank	NA	blank	NA	blank	blank	NA	,||,	NA	vegetative > vegetative	vegetative > vegetative	vegetative > vegetative > vegetative	vegetative > vegetative > vegetative > vegetative	0	0	0	0	0	1	1	1	1	1
1	C	1C	72	1C72	vegetative	vegetative	flowering	dead_nf	dead_nf	NA	NA	blank	NA	blank	NA	blank	nf	NA	,||,	NA	vegetative > flowering	flowering > dead_nf	vegetative > flowering > dead_nf	vegetative > flowering > dead_nf > dead_nf	0	0	1	0	0	1	1	1	0	0
1	C	1C	73	1C73	vegetative	vegetative	vegetative	tagnf	vegetative	NA	NA	blank	NA	blank	ts	ts	tagnf	NA	,|ts|,	NA	vegetative > vegetative	vegetative > tagnf	vegetative > vegetative > tagnf	vegetative > vegetative > tagnf > vegetative	0	0	0	NA	0	1	1	1	NA	1
1	C	1C	74	1C74	vegetative	vegetative	dead_nf	dead_nf	dead_nf	NA	NA	blank	NA	blank	dead	dead	nf	NA	,|dead|,	NA	vegetative > dead_nf	dead_nf > dead_nf	vegetative > dead_nf > dead_nf	vegetative > dead_nf > dead_nf > dead_nf	0	0	0	0	0	1	1	0	0	0
1	C	1C	75	1C75	vegetative	vegetative	vegetative	dead_nf	dead_nf	died and nf?	NA	blank	NA	blank	NA	blank	nf	NA	,||,died and nf?	NA	vegetative > vegetative	vegetative > dead_nf	vegetative > vegetative > dead_nf	vegetative > vegetative > dead_nf > dead_nf	0	0	0	0	0	1	1	1	0	0
1	C	1C	76	1C76	vegetative	vegetative	vegetative	vegetative	tagnf	NA	NA	blank	NA	blank	NA	blank	blank	NA	,||,	NA	vegetative > vegetative	vegetative > vegetative	vegetative > vegetative > vegetative	vegetative > vegetative > vegetative > tagnf	0	0	0	0	NA	1	1	1	1	NA
1	C	1C	77	1C77	vegetative	no_record	vegetative	dead_nf	tagnf	NA	NA	tagnf	NA	NA	ts	ts	nf	NA	,|ts|,	NA	vegetative > vegetative	vegetative > dead_nf	vegetative > vegetative > dead_nf	vegetative > vegetative > dead_nf > tagnf	0	NA	0	0	NA	1	NA	1	0	NA
1	C	1C	78	1C78	vegetative	vegetative	dead_nf	dead_nf	tagnf	NA	NA	blank	NA	blank	nf	nf	nf	NA	,|nf|,	NA	vegetative > dead_nf	dead_nf > dead_nf	vegetative > dead_nf > dead_nf	vegetative > dead_nf > dead_nf > tagnf	0	0	0	0	NA	1	1	0	0	NA
1	C	1C	79	1C79	vegetative	vegetative	dead_nf	dead_nf	dead_nf	NA	NA	blank	NA	blank	nf	nf	nf	NA	,|nf|,	NA	vegetative > dead_nf	dead_nf > dead_nf	vegetative > dead_nf > dead_nf	vegetative > dead_nf > dead_nf > dead_nf	0	0	0	0	0	1	1	0	0	0
1	D	1D	1	1D1	vegetative	vegetative	dead_nf	dead_nf	dead_nf	NA	NA	blank	NA	blank	nf	nf	nf	NA	,|nf|,	NA	vegetative > dead_nf	dead_nf > dead_nf	vegetative > dead_nf > dead_nf	vegetative > dead_nf > dead_nf > dead_nf	0	0	0	0	0	1	1	0	0	0
1	D	1D	10	1D10	vegetative	vegetative	dead_nf	dead_nf	dead_nf	NA	NA	blank	NA	blank	nf	nf	nf	NA	,|nf|,	NA	vegetative > dead_nf	dead_nf > dead_nf	vegetative > dead_nf > dead_nf	vegetative > dead_nf > dead_nf > dead_nf	0	0	0	0	0	1	1	0	0	0
1	D	1D	11	1D11	vegetative	vegetative	vegetative	vegetative	flowering	died and nf?	NA	blank	NA	blank	below tag by 1 inch	blank	nf	NA	,|below tag by 1 inch|,died and nf?	below tag	vegetative > vegetative	vegetative > vegetative	vegetative > vegetative > vegetative	vegetative > vegetative > vegetative > flowering	0	0	0	0	1	1	1	1	1	1
1	D	1D	12	1D12	vegetative	vegetative	vegetative	flowering	flowering	NA	NA	blank	NA	blank	NA	blank	blank	NA	,||,	1 dead stalk	vegetative > vegetative	vegetative > flowering	vegetative > vegetative > flowering	vegetative > vegetative > flowering > flowering	0	0	0	1	1	1	1	1	1	1
1	D	1D	13	1D13	vegetative	vegetative	dead_nf	dead_nf	dead_nf	NA	NA	blank	NA	blank	nf	nf	NA	NA	,|nf|,	NA	vegetative > dead_nf	dead_nf > dead_nf	vegetative > dead_nf > dead_nf	vegetative > dead_nf > dead_nf > dead_nf	0	0	0	0	0	1	1	0	0	0
1	D	1D	14	1D14	vegetative	vegetative	vegetative	flowering	dead_nf	NA	NA	blank	NA	blank	NA	blank	tagnf	NA	,||,	NA	vegetative > vegetative	vegetative > flowering	vegetative > vegetative > flowering	vegetative > vegetative > flowering > dead_nf	0	0	0	1	0	1	1	1	1	0
1	D	1D	15	1D15	vegetative	vegetative	vegetative	dead_nf	dead_nf	chew death	NA	blank	NA	blank	chewed, ts	chewed	nf	NA	,|chewed, ts|,chew death	NA	vegetative > vegetative	vegetative > dead_nf	vegetative > vegetative > dead_nf	vegetative > vegetative > dead_nf > dead_nf	0	0	0	0	0	1	1	1	0	0
1	D	1D	16	1D16	vegetative	vegetative	vegetative	vegetative	vegetative	flower or veg?	NA	blank	NA	blank	NA	blank	blank	NA	,||,flower or veg?	JP fixed r1_leaves from 1 > 11 2021-11-09	vegetative > vegetative	vegetative > vegetative	vegetative > vegetative > vegetative	vegetative > vegetative > vegetative > vegetative	0	0	0	0	0	1	1	1	1	1
1	D	1D	17	1D17	vegetative	vegetative	vegetative	flowering	dead_nf	refound?	NA	blank	NA	blank	nf	nf	blank	NA	,|nf|,refound?	NA	vegetative > vegetative	vegetative > flowering	vegetative > vegetative > flowering	vegetative > vegetative > flowering > dead_nf	0	0	0	1	0	1	1	1	1	0
1	D	1D	18	1D18	vegetative	vegetative	vegetative	dead_nf	dead_nf	NA	NA	blank	NA	blank	chewed	chewed	nf	NA	,|chewed|,	NA	vegetative > vegetative	vegetative > dead_nf	vegetative > vegetative > dead_nf	vegetative > vegetative > dead_nf > dead_nf	0	0	0	0	0	1	1	1	0	0
1	D	1D	19	1D19	vegetative	vegetative	flowering	dead_nf	dead_nf	NA	NA	blank	NA	blank	NA	blank	nf	NA	,||,	NA	vegetative > flowering	flowering > dead_nf	vegetative > flowering > dead_nf	vegetative > flowering > dead_nf > dead_nf	0	0	1	0	0	1	1	1	0	0
1	D	1D	2	1D2	vegetative	vegetative	dead_nf	dead_nf	dead_nf	NA	NA	blank	NA	blank	nf	nf	NA	NA	,|nf|,	NA	vegetative > dead_nf	dead_nf > dead_nf	vegetative > dead_nf > dead_nf	vegetative > dead_nf > dead_nf > dead_nf	0	0	0	0	0	1	1	0	0	0
1	D	1D	20	1D20	vegetative	vegetative	vegetative	flowering	dead_nf	regrew?	NA	blank	NA	blank	chewed	chewed	blank	NA	,|chewed|,regrew?	NA	vegetative > vegetative	vegetative > flowering	vegetative > vegetative > flowering	vegetative > vegetative > flowering > dead_nf	0	0	0	1	0	1	1	1	1	0
1	D	1D	21	1D21	vegetative	vegetative	vegetative	vegetative	vegetative	NA	NA	blank	NA	blank	NA	blank	chewed	NA	,||,	NA	vegetative > vegetative	vegetative > vegetative	vegetative > vegetative > vegetative	vegetative > vegetative > vegetative > vegetative	0	0	0	0	0	1	1	1	1	1
1	D	1D	22	1D22	vegetative	vegetative	dead_nf	dead_nf	dead_nf	NA	NA	blank	NA	blank	nf	nf	nf	NA	,|nf|,	NA	vegetative > dead_nf	dead_nf > dead_nf	vegetative > dead_nf > dead_nf	vegetative > dead_nf > dead_nf > dead_nf	0	0	0	0	0	1	1	0	0	0
1	D	1D	23	1D23	vegetative	vegetative	dead_nf	dead_nf	tagnf	NA	NA	blank	NA	blank	nf	nf	nf	NA	,|nf|,	NA	vegetative > dead_nf	dead_nf > dead_nf	vegetative > dead_nf > dead_nf	vegetative > dead_nf > dead_nf > tagnf	0	0	0	0	NA	1	1	0	0	NA
1	D	1D	24	1D24	vegetative	vegetative	vegetative	flowering	tagnf	regrew?	NA	blank	NA	blank	chewed, ts, down left of tag	chewed	blank	NA	,|chewed, ts, down left of tag|,regrew?	NA	vegetative > vegetative	vegetative > flowering	vegetative > vegetative > flowering	vegetative > vegetative > flowering > tagnf	0	0	0	1	NA	1	1	1	1	NA
1	D	1D	25	1D25	vegetative	vegetative	vegetative	dead_nf	dead_nf	died and nf?	NA	blank	NA	blank	NA	blank	nf	NA	,||,died and nf?	NA	vegetative > vegetative	vegetative > dead_nf	vegetative > vegetative > dead_nf	vegetative > vegetative > dead_nf > dead_nf	0	0	0	0	0	1	1	1	0	0
1	D	1D	26	1D26	vegetative	vegetative	vegetative	dead_nf	dead_nf	died and nf?	NA	blank	NA	blank	ts, above plant by 1 inch	ts	nf	NA	,|ts, above plant by 1 inch|,died and nf?	NA	vegetative > vegetative	vegetative > dead_nf	vegetative > vegetative > dead_nf	vegetative > vegetative > dead_nf > dead_nf	0	0	0	0	0	1	1	1	0	0
1	D	1D	27	1D27	vegetative	vegetative	dead_nf	dead_nf	dead_nf	NA	NA	blank	NA	blank	dead	dead	nf	NA	,|dead|,	NA	vegetative > dead_nf	dead_nf > dead_nf	vegetative > dead_nf > dead_nf	vegetative > dead_nf > dead_nf > dead_nf	0	0	0	0	0	1	1	0	0	0
1	D	1D	28	1D28	vegetative	vegetative	vegetative	dead_nf	dead_nf	died and nf?	NA	blank	NA	blank	NA	blank	nf	NA	,||,died and nf?	NA	vegetative > vegetative	vegetative > dead_nf	vegetative > vegetative > dead_nf	vegetative > vegetative > dead_nf > dead_nf	0	0	0	0	0	1	1	1	0	0
1	D	1D	29	1D29	flowering	no_record	dead_nf	dead_nf	dead_nf	NA	NA	blank	NA	NA	nf	nf	nf	NA	,|nf|,	NA	flowering > dead_nf	dead_nf > dead_nf	flowering > dead_nf > dead_nf	flowering > dead_nf > dead_nf > dead_nf	1	NA	0	0	0	1	NA	0	0	0
1	D	1D	3	1D3	vegetative	vegetative	dead_nf	dead_nf	dead_nf	NA	NA	blank	NA	blank	nf	nf	nf	NA	,|nf|,	NA	vegetative > dead_nf	dead_nf > dead_nf	vegetative > dead_nf > dead_nf	vegetative > dead_nf > dead_nf > dead_nf	0	0	0	0	0	1	1	0	0	0
1	D	1D	30	1D30	vegetative	vegetative	dead_nf	dead_nf	dead_nf	NA	NA	blank	NA	blank	nf	nf	nf	NA	,|nf|,	NA	vegetative > dead_nf	dead_nf > dead_nf	vegetative > dead_nf > dead_nf	vegetative > dead_nf > dead_nf > dead_nf	0	0	0	0	0	1	1	0	0	0
1	D	1D	31	1D31	vegetative	vegetative	dead_nf	dead_nf	dead_nf	NA	NA	blank	NA	blank	nf	nf	NA	NA	,|nf|,	NA	vegetative > dead_nf	dead_nf > dead_nf	vegetative > dead_nf > dead_nf	vegetative > dead_nf > dead_nf > dead_nf	0	0	0	0	0	1	1	0	0	0
1	D	1D	32	1D32	vegetative	vegetative	dead_nf	dead_nf	dead_nf	NA	NA	blank	second rosette is closer to 31 tag	blank	nf	nf	NA	NA	,second rosette is closer to 31 tag|nf|,	NA	vegetative > dead_nf	dead_nf > dead_nf	vegetative > dead_nf > dead_nf	vegetative > dead_nf > dead_nf > dead_nf	0	0	0	0	0	1	1	0	0	0
1	D	1D	33	1D33	vegetative	vegetative	vegetative	flowering	dead_nf	NA	NA	blank	NA	blank	NA	blank	blank	NA	,||,	NA	vegetative > vegetative	vegetative > flowering	vegetative > vegetative > flowering	vegetative > vegetative > flowering > dead_nf	0	0	0	1	0	1	1	1	1	0
1	D	1D	34	1D34	vegetative	vegetative	flowering	dead_nf	dead_nf	NA	NA	blank	NA	blank	NA	blank	nf	NA	,||,	NA	vegetative > flowering	flowering > dead_nf	vegetative > flowering > dead_nf	vegetative > flowering > dead_nf > dead_nf	0	0	1	0	0	1	1	1	0	0
1	D	1D	35	1D35	vegetative	vegetative	vegetative	tagnf	tagnf	NA	NA	blank	NA	blank	NA	blank	tagnf	NA	,||,	NA	vegetative > vegetative	vegetative > tagnf	vegetative > vegetative > tagnf	vegetative > vegetative > tagnf > tagnf	0	0	0	NA	NA	1	1	1	NA	NA
1	D	1D	36	1D36	vegetative	vegetative	vegetative	tagnf	flowering	NA	NA	blank	NA	blank	chewed,ts	chewed	tagnf	NA	,|chewed,ts|,	tag below plot	vegetative > vegetative	vegetative > tagnf	vegetative > vegetative > tagnf	vegetative > vegetative > tagnf > flowering	0	0	0	NA	1	1	1	1	NA	1
1	D	1D	37	1D37	vegetative	vegetative	vegetative	flowering	dead_nf	NA	NA	blank	NA	blank	NA	blank	blank	NA	,||,	NA	vegetative > vegetative	vegetative > flowering	vegetative > vegetative > flowering	vegetative > vegetative > flowering > dead_nf	0	0	0	1	0	1	1	1	1	0
1	D	1D	38	1D38	vegetative	vegetative	dead_nf	dead_nf	dead_nf	NA	NA	blank	NA	blank	tag out, nf	nf	nf	NA	,|tag out, nf|,	NA	vegetative > dead_nf	dead_nf > dead_nf	vegetative > dead_nf > dead_nf	vegetative > dead_nf > dead_nf > dead_nf	0	0	0	0	0	1	1	0	0	0
1	D	1D	39	1D39	vegetative	vegetative	dead_nf	dead_nf	dead_nf	NA	NA	blank	NA	blank	nf	nf	NA	NA	,|nf|,	nothing near tag, but vegetative plant farther right (1D39_20)	vegetative > dead_nf	dead_nf > dead_nf	vegetative > dead_nf > dead_nf	vegetative > dead_nf > dead_nf > dead_nf	0	0	0	0	0	1	1	0	0	0
1	D	1D	4	1D4	vegetative	no_record	vegetative	vegetative	vegetative	NA	?	tagnf	NA	NA	NA	blank	chewed	NA	?,||,	NA	vegetative > vegetative	vegetative > vegetative	vegetative > vegetative > vegetative	vegetative > vegetative > vegetative > vegetative	0	NA	0	0	0	1	NA	1	1	1
1	D	1D	40	1D40	vegetative	vegetative	vegetative	vegetative	vegetative	NA	NA	blank	NA	blank	NA	blank	blank	NA	,||,	NA	vegetative > vegetative	vegetative > vegetative	vegetative > vegetative > vegetative	vegetative > vegetative > vegetative > vegetative	0	0	0	0	0	1	1	1	1	1
1	D	1D	41	1D41	vegetative	vegetative	vegetative	vegetative	vegetative	NA	NA	blank	NA	blank	NA	blank	blank	NA	,||,	NA	vegetative > vegetative	vegetative > vegetative	vegetative > vegetative > vegetative	vegetative > vegetative > vegetative > vegetative	0	0	0	0	0	1	1	1	1	1
1	D	1D	5	1D5	vegetative	vegetative	flowering	dead_nf	dead_nf	NA	NA	blank	NA	blank	NA	blank	NA	NA	,||,	duplicate oval tag, 1 dead stalk	vegetative > flowering	flowering > dead_nf	vegetative > flowering > dead_nf	vegetative > flowering > dead_nf > dead_nf	0	0	1	0	0	1	1	1	0	0
1	D	1D	6	1D6	vegetative	vegetative	vegetative	flowering	vegetative	NA	NA	blank	NA	blank	NA	blank	tagnf	NA	,||,	NA	vegetative > vegetative	vegetative > flowering	vegetative > vegetative > flowering	vegetative > vegetative > flowering > vegetative	0	0	0	1	0	1	1	1	1	1
1	D	1D	7	1D7	vegetative	vegetative	vegetative	tagnf	tagnf	NA	NA	blank	NA	blank	NA	blank	tagnf	NA	,||,	NA	vegetative > vegetative	vegetative > tagnf	vegetative > vegetative > tagnf	vegetative > vegetative > tagnf > tagnf	0	0	0	NA	NA	1	1	1	NA	NA
1	D	1D	8	1D8	vegetative	vegetative	dead_nf	dead_nf	tagnf	NA	NA	blank	NA	blank	nf	nf	nf	NA	,|nf|,	NA	vegetative > dead_nf	dead_nf > dead_nf	vegetative > dead_nf > dead_nf	vegetative > dead_nf > dead_nf > tagnf	0	0	0	0	NA	1	1	0	0	NA
1	D	1D	9	1D9	vegetative	vegetative	vegetative	flowering	dead_nf	NA	NA	blank	NA	blank	NA	blank	blank	NA	,||,	NA	vegetative > vegetative	vegetative > flowering	vegetative > vegetative > flowering	vegetative > vegetative > flowering > dead_nf	0	0	0	1	0	1	1	1	1	0
2	A	2A	158	2A158	vegetative	vegetative	flowering	dead_nf	tagnf	look outside plot?	NA	blank	NA	blank	out side plot	blank	nf	NA	,|out side plot|,look outside plot?	NA	vegetative > flowering	flowering > dead_nf	vegetative > flowering > dead_nf	vegetative > flowering > dead_nf > tagnf	0	0	1	0	NA	1	1	1	0	NA
2	A	2A	159	2A159	vegetative	vegetative	dead_nf	dead_nf	tagnf	NA	NA	blank	NA	blank	nf	nf	nf	NA	,|nf|,	NA	vegetative > dead_nf	dead_nf > dead_nf	vegetative > dead_nf > dead_nf	vegetative > dead_nf > dead_nf > tagnf	0	0	0	0	NA	1	1	0	0	NA
2	A	2A	160	2A160	vegetative	vegetative	vegetative	dead_nf	tagnf	died and nf?	NA	blank	NA	blank	L of tag	blank	nf	NA	,|L of tag|,died and nf?	NA	vegetative > vegetative	vegetative > dead_nf	vegetative > vegetative > dead_nf	vegetative > vegetative > dead_nf > tagnf	0	0	0	0	NA	1	1	1	0	NA
2	A	2A	161	2A161	vegetative	vegetative	dead_nf	dead_nf	dead_nf	NA	NA	blank	NA	blank	nf	nf	dead	NA	,|nf|,	NA	vegetative > dead_nf	dead_nf > dead_nf	vegetative > dead_nf > dead_nf	vegetative > dead_nf > dead_nf > dead_nf	0	0	0	0	0	1	1	0	0	0
2	A	2A	162	2A162	vegetative	dead_nf	vegetative	dead_nf	tagnf	NA	NA	blank	totally dead	dead	2 ts	ts	dead	NA	,totally dead|2 ts|,	NA	vegetative > vegetative	vegetative > dead_nf	vegetative > vegetative > dead_nf	vegetative > vegetative > dead_nf > tagnf	0	0	0	0	NA	1	0	1	0	NA
2	A	2A	163	2A163	vegetative	vegetative	vegetative	dead_nf	dead_nf	NA	NA	blank	NA	blank	ts	ts	dead	NA	,|ts|,	NA	vegetative > vegetative	vegetative > dead_nf	vegetative > vegetative > dead_nf	vegetative > vegetative > dead_nf > dead_nf	0	0	0	0	0	1	1	1	0	0
2	A	2A	164	2A164	vegetative	vegetative	vegetative	dead_nf	dead_nf	died and nf?	NA	blank	NA	blank	ts	ts	nf	NA	,|ts|,died and nf?	NA	vegetative > vegetative	vegetative > dead_nf	vegetative > vegetative > dead_nf	vegetative > vegetative > dead_nf > dead_nf	0	0	0	0	0	1	1	1	0	0
2	A	2A	165	2A165	vegetative	vegetative	vegetative	dead_nf	vegetative	NA	could be 5-7 rosettes	blank	NA	blank	1 ts	ts	dead	NA	could be 5-7 rosettes,|1 ts|,	NA	vegetative > vegetative	vegetative > dead_nf	vegetative > vegetative > dead_nf	vegetative > vegetative > dead_nf > vegetative	0	0	0	0	0	1	1	1	0	1
2	A	2A	166	2A166	vegetative	vegetative	vegetative	dead_nf	dead_nf	died and nf?	NA	blank	NA	blank	NA	blank	nf	NA	,||,died and nf?	NA	vegetative > vegetative	vegetative > dead_nf	vegetative > vegetative > dead_nf	vegetative > vegetative > dead_nf > dead_nf	0	0	0	0	0	1	1	1	0	0
2	A	2A	167	2A167	vegetative	vegetative	vegetative	dead_nf	tagnf	NA	NA	blank	NA	blank	NA	blank	dead	NA	,||,	NA	vegetative > vegetative	vegetative > dead_nf	vegetative > vegetative > dead_nf	vegetative > vegetative > dead_nf > tagnf	0	0	0	0	NA	1	1	1	0	NA
2	A	2A	168	2A168	flowering	no_record	dead_nf	dead_nf	tagnf	NA	NA	blank	NA	NA	nf	nf	tagnf	NA	,|nf|,	NA	flowering > dead_nf	dead_nf > dead_nf	flowering > dead_nf > dead_nf	flowering > dead_nf > dead_nf > tagnf	1	NA	0	0	NA	1	NA	0	0	NA
2	A	2A	169	2A169	vegetative	vegetative	tagnf	tagnf	tagnf	NA	NA	blank	NA	blank	tagnf	tagnf	tagnf	NA	,|tagnf|,	NA	vegetative > tagnf	tagnf > tagnf	vegetative > tagnf > tagnf	vegetative > tagnf > tagnf > tagnf	0	0	NA	NA	NA	1	1	NA	NA	NA
2	A	2A	170	2A170	vegetative	vegetative	dead_nf	tagnf	dead_nf	NA	NA	blank	NA	blank	dead	dead	tagnf	NA	,|dead|,	NA	vegetative > dead_nf	dead_nf > tagnf	vegetative > dead_nf > tagnf	vegetative > dead_nf > tagnf > dead_nf	0	0	0	NA	0	1	1	0	NA	0
2	A	2A	171	2A171	vegetative	vegetative	dead_nf	tagnf	dead_nf	NA	NA	blank	NA	blank	nf	nf	tagnf	NA	,|nf|,	NA	vegetative > dead_nf	dead_nf > tagnf	vegetative > dead_nf > tagnf	vegetative > dead_nf > tagnf > dead_nf	0	0	0	NA	0	1	1	0	NA	0
2	A	2A	172	2A172	vegetative	vegetative	dead_nf	dead_nf	dead_nf	NA	NA	blank	NA	blank	dead	dead	nf	NA	,|dead|,	NA	vegetative > dead_nf	dead_nf > dead_nf	vegetative > dead_nf > dead_nf	vegetative > dead_nf > dead_nf > dead_nf	0	0	0	0	0	1	1	0	0	0
2	A	2A	173	2A173	vegetative	dead_nf	dead_nf	dead_nf	tagnf	NA	NA	blank	NA	blank	nf	nf	nf	NA	,|nf|,	NA	vegetative > dead_nf	dead_nf > dead_nf	vegetative > dead_nf > dead_nf	vegetative > dead_nf > dead_nf > tagnf	0	0	0	0	NA	1	0	0	0	NA
2	A	2A	174	2A174	vegetative	vegetative	vegetative	dead_nf	tagnf	died and nf?	NA	blank	NA	blank	above tag, ts	ts	nf	NA	,|above tag, ts|,died and nf?	NA	vegetative > vegetative	vegetative > dead_nf	vegetative > vegetative > dead_nf	vegetative > vegetative > dead_nf > tagnf	0	0	0	0	NA	1	1	1	0	NA
2	A	2A	175	2A175	vegetative	vegetative	dead_nf	dead_nf	tagnf	NA	NA	blank	NA	blank	dead	dead	nf	NA	,|dead|,	NA	vegetative > dead_nf	dead_nf > dead_nf	vegetative > dead_nf > dead_nf	vegetative > dead_nf > dead_nf > tagnf	0	0	0	0	NA	1	1	0	0	NA
2	A	2A	176	2A176	vegetative	vegetative	vegetative	vegetative	vegetative	refound?	NA	blank	NA	blank	nf	nf	blank	NA	,|nf|,refound?	NA	vegetative > vegetative	vegetative > vegetative	vegetative > vegetative > vegetative	vegetative > vegetative > vegetative > vegetative	0	0	0	0	0	1	1	1	1	1
2	A	2A	177	2A177	dead_nf	no_record	tagnf	tagnf	tagnf	NA	no plant?	nf	NA	NA	tagnf	tagnf	tagnf	NA	no plant?,|tagnf|,	NA	dead_nf > tagnf	tagnf > tagnf	dead_nf > tagnf > tagnf	dead_nf > tagnf > tagnf > tagnf	0	NA	NA	NA	NA	0	NA	NA	NA	NA
2	A	2A	178	2A178	dead_nf	no_record	tagnf	tagnf	tagnf	NA	no plant?	nf	NA	NA	tagnf	tagnf	tagnf	NA	no plant?,|tagnf|,	NA	dead_nf > tagnf	tagnf > tagnf	dead_nf > tagnf > tagnf	dead_nf > tagnf > tagnf > tagnf	0	NA	NA	NA	NA	0	NA	NA	NA	NA
2	A	2A	189	2A189	vegetative	vegetative	dead_nf	dead_nf	tagnf	NA	NA	blank	NA	blank	nf	nf	nf	NA	,|nf|,	NA	vegetative > dead_nf	dead_nf > dead_nf	vegetative > dead_nf > dead_nf	vegetative > dead_nf > dead_nf > tagnf	0	0	0	0	NA	1	1	0	0	NA
2	A	2A	589	2A589	vegetative	no_record	vegetative	flowering	dead_nf	NA	NA	NA	NA	NA	NA	NA	blank	tagged in 2020	,||tagged in 2020,	written at bottom of page	vegetative > vegetative	vegetative > flowering	vegetative > vegetative > flowering	vegetative > vegetative > flowering > dead_nf	0	NA	0	1	0	1	NA	1	1	0
2	A	2A	676	2A676	vegetative	vegetative	vegetative	dead_nf	dead_nf	died and nf?	could have 6-7 roseettes	blank	NA	blank	1 ts	ts	nf	NA	could have 6-7 roseettes,|1 ts|,died and nf?	NA	vegetative > vegetative	vegetative > dead_nf	vegetative > vegetative > dead_nf	vegetative > vegetative > dead_nf > dead_nf	0	0	0	0	0	1	1	1	0	0
2	A	2A	679	2A679	vegetative	vegetative	flowering	dead_nf	tagnf	NA	NA	blank	NA	blank	NA	blank	dead	NA	,||,	NA	vegetative > flowering	flowering > dead_nf	vegetative > flowering > dead_nf	vegetative > flowering > dead_nf > tagnf	0	0	1	0	NA	1	1	1	0	NA
2	A	2A	680	2A680	vegetative	vegetative	dead_nf	dead_nf	tagnf	NA	NA	blank	NA	blank	dead	dead	dead	NA	,|dead|,	NA	vegetative > dead_nf	dead_nf > dead_nf	vegetative > dead_nf > dead_nf	vegetative > dead_nf > dead_nf > tagnf	0	0	0	0	NA	1	1	0	0	NA
2	A	2A	682	2A682	vegetative	vegetative	vegetative	dead_nf	tagnf	died and nf?	NA	blank	NA	blank	NA	blank	nf	NA	,||,died and nf?	NA	vegetative > vegetative	vegetative > dead_nf	vegetative > vegetative > dead_nf	vegetative > vegetative > dead_nf > tagnf	0	0	0	0	NA	1	1	1	0	NA
2	A	2A	683	2A683	vegetative	no_record	tagnf	dead_nf	tagnf	no data last year	crumbly	ts	NA	NA	NA	blank	nf	NA	crumbly,||,no data last year	NA	vegetative > tagnf	tagnf > dead_nf	vegetative > tagnf > dead_nf	vegetative > tagnf > dead_nf > tagnf	0	NA	NA	0	NA	1	NA	NA	0	NA
2	A	2A	684	2A684	vegetative	no_record	vegetative	flowering	tagnf	NA	NA	NA	NA	NA	NA	NA	blank	tagged in 2020	,||tagged in 2020,	NA	vegetative > vegetative	vegetative > flowering	vegetative > vegetative > flowering	vegetative > vegetative > flowering > tagnf	0	NA	0	1	NA	1	NA	1	1	NA
2	A	2A	685	2A685	vegetative	vegetative	vegetative	flowering	dead_nf	NA	NA	blank	NA	blank	NA	blank	blank	NA	,||,	NA	vegetative > vegetative	vegetative > flowering	vegetative > vegetative > flowering	vegetative > vegetative > flowering > dead_nf	0	0	0	1	0	1	1	1	1	0
2	A	2A	686	2A686	vegetative	no_record	flowering	dead_nf	vegetative	NA	NA	NA	NA	NA	NA	blank	nf	NA	,||,	NA	vegetative > flowering	flowering > dead_nf	vegetative > flowering > dead_nf	vegetative > flowering > dead_nf > vegetative	0	NA	1	0	0	1	NA	1	0	1
2	A	2A	92	2A92	vegetative	vegetative	dead_nf	dead_nf	dead_nf	NA	NA	blank	NA	blank	nf	nf	nf	NA	,|nf|,	NA	vegetative > dead_nf	dead_nf > dead_nf	vegetative > dead_nf > dead_nf	vegetative > dead_nf > dead_nf > dead_nf	0	0	0	0	0	1	1	0	0	0
2	A	2A	93	2A93	vegetative	recheck	vegetative	tagnf	tagnf	NA	NA	blank	do not see a plant	nf	NA	blank	tagnf	NA	,do not see a plant||,	NA	vegetative > vegetative	vegetative > tagnf	vegetative > vegetative > tagnf	vegetative > vegetative > tagnf > tagnf	0	NA	0	NA	NA	1	NA	1	NA	NA
2	A	2A	94	2A94	vegetative	vegetative	vegetative	flowering	tagnf	NA	NA	blank	NA	blank	NA	blank	blank	NA	,||,	possibly the same as 2A694 (digit)	vegetative > vegetative	vegetative > flowering	vegetative > vegetative > flowering	vegetative > vegetative > flowering > tagnf	0	0	0	1	NA	1	1	1	1	NA
2	A	2A	95	2A95	vegetative	vegetative	vegetative	vegetative	vegetative	NA	NA	blank	NA	blank	NA	blank	blank	NA	,||,	NA	vegetative > vegetative	vegetative > vegetative	vegetative > vegetative > vegetative	vegetative > vegetative > vegetative > vegetative	0	0	0	0	0	1	1	1	1	1
2	A	2A	96	2A96	vegetative	vegetative	dead_nf	dead_nf	dead_nf	NA	NA	blank	NA	blank	nf	nf	nf	NA	,|nf|,	NA	vegetative > dead_nf	dead_nf > dead_nf	vegetative > dead_nf > dead_nf	vegetative > dead_nf > dead_nf > dead_nf	0	0	0	0	0	1	1	0	0	0
2	A	2A	97	2A97	vegetative	vegetative	vegetative	tagnf	dead_nf	NA	NA	blank	NA	blank	ts	ts	tagnf	NA	,|ts|,	NA	vegetative > vegetative	vegetative > tagnf	vegetative > vegetative > tagnf	vegetative > vegetative > tagnf > dead_nf	0	0	0	NA	0	1	1	1	NA	0
2	A	2A	98	2A98	vegetative	recheck	dead_nf	dead_nf	dead_nf	NA	NA	blank	do not see a plant	nf	nf	nf	nf	NA	,do not see a plant|nf|,	NA	vegetative > dead_nf	dead_nf > dead_nf	vegetative > dead_nf > dead_nf	vegetative > dead_nf > dead_nf > dead_nf	0	NA	0	0	0	1	NA	0	0	0
2	A	2A	99	2A99	vegetative	no_record	vegetative	vegetative	vegetative	check tag #	NA	NA	NA	NA	NA	NA	blank	NA	,||,check tag #	NA	vegetative > vegetative	vegetative > vegetative	vegetative > vegetative > vegetative	vegetative > vegetative > vegetative > vegetative	0	NA	0	0	0	1	NA	1	1	1
2	B	2B	100	2B100	vegetative	no_record	dead_nf	dead_nf	dead_nf	NA	NA	tagnf	NA	NA	dead	dead	nf	NA	,|dead|,	NA	vegetative > dead_nf	dead_nf > dead_nf	vegetative > dead_nf > dead_nf	vegetative > dead_nf > dead_nf > dead_nf	0	NA	0	0	0	1	NA	0	0	0
2	B	2B	126	2B126	vegetative	no_record	vegetative	vegetative	vegetative	NA	NA	NA	NA	NA	plant down from tag	blank	blank	NA	,|plant down from tag|,	NA	vegetative > vegetative	vegetative > vegetative	vegetative > vegetative > vegetative	vegetative > vegetative > vegetative > vegetative	0	NA	0	0	0	1	NA	1	1	1
2	B	2B	129	2B129	flowering	no_record	dead_nf	dead_nf	tagnf	NA	NA	blank	NA	NA	nf	nf	tagnf	NA	,|nf|,	NA	flowering > dead_nf	dead_nf > dead_nf	flowering > dead_nf > dead_nf	flowering > dead_nf > dead_nf > tagnf	1	NA	0	0	NA	1	NA	0	0	NA
2	B	2B	130	2B130	vegetative	vegetative	flowering	dead_nf	tagnf	NA	NA	blank	NA	blank	NA	blank	tagnf	NA	,||,	NA	vegetative > flowering	flowering > dead_nf	vegetative > flowering > dead_nf	vegetative > flowering > dead_nf > tagnf	0	0	1	0	NA	1	1	1	0	NA
2	B	2B	131	2B131	vegetative	vegetative	vegetative	vegetative	vegetative	NA	NA	blank	NA	blank	NA	blank	blank	NA	,||,	NA	vegetative > vegetative	vegetative > vegetative	vegetative > vegetative > vegetative	vegetative > vegetative > vegetative > vegetative	0	0	0	0	0	1	1	1	1	1
2	B	2B	132	2B132	vegetative	no_record	tagnf	tagnf	tagnf	NA	NA	tagnf	NA	NA	tagnf	tagnf	tagnf	NA	,|tagnf|,	NA	vegetative > tagnf	tagnf > tagnf	vegetative > tagnf > tagnf	vegetative > tagnf > tagnf > tagnf	0	NA	NA	NA	NA	1	NA	NA	NA	NA
2	B	2B	133	2B133	vegetative	vegetative	dead_nf	dead_nf	tagnf	NA	NA	blank	NA	blank	nf	nf	nf	NA	,|nf|,	NA	vegetative > dead_nf	dead_nf > dead_nf	vegetative > dead_nf > dead_nf	vegetative > dead_nf > dead_nf > tagnf	0	0	0	0	NA	1	1	0	0	NA
2	B	2B	134	2B134	vegetative	no_record	vegetative	vegetative	vegetative	NA	NA	tagnf	NA	NA	NA	blank	blank	NA	,||,	NA	vegetative > vegetative	vegetative > vegetative	vegetative > vegetative > vegetative	vegetative > vegetative > vegetative > vegetative	0	NA	0	0	0	1	NA	1	1	1
2	B	2B	135	2B135	vegetative	no_record	vegetative	tagnf	vegetative	NA	NA	tagnf	NA	NA	up from tag	blank	tagnf	NA	,|up from tag|,	NA	vegetative > vegetative	vegetative > tagnf	vegetative > vegetative > tagnf	vegetative > vegetative > tagnf > vegetative	0	NA	0	NA	0	1	NA	1	NA	1
2	B	2B	136	2B136	vegetative	vegetative	dead_nf	dead_nf	dead_nf	NA	NA	blank	NA	blank	nf	nf	NA	NA	,|nf|,	NA	vegetative > dead_nf	dead_nf > dead_nf	vegetative > dead_nf > dead_nf	vegetative > dead_nf > dead_nf > dead_nf	0	0	0	0	0	1	1	0	0	0
2	B	2B	137	2B137	vegetative	vegetative	vegetative	vegetative	vegetative	refound?	NA	blank	NA	blank	nf	nf	blank	NA	,|nf|,refound?	NA	vegetative > vegetative	vegetative > vegetative	vegetative > vegetative > vegetative	vegetative > vegetative > vegetative > vegetative	0	0	0	0	0	1	1	1	1	1
2	B	2B	138	2B138	vegetative	vegetative	vegetative	flowering	dead_nf	NA	NA	blank	NA	blank	NA	blank	blank	NA	,||,	NA	vegetative > vegetative	vegetative > flowering	vegetative > vegetative > flowering	vegetative > vegetative > flowering > dead_nf	0	0	0	1	0	1	1	1	1	0
2	B	2B	177	2B177	vegetative	vegetative	flowering	dead_nf	dead_nf	NA	NA	blank	NA	blank	NA	blank	nf	NA	,||,	NA	vegetative > flowering	flowering > dead_nf	vegetative > flowering > dead_nf	vegetative > flowering > dead_nf > dead_nf	0	0	1	0	0	1	1	1	0	0
2	B	2B	178	2B178	vegetative	vegetative	vegetative	flowering	vegetative	NA	NA	blank	NA	blank	ID ts	ts	blank	NA	,|ID ts|,	NA	vegetative > vegetative	vegetative > flowering	vegetative > vegetative > flowering	vegetative > vegetative > flowering > vegetative	0	0	0	1	0	1	1	1	1	1
2	B	2B	179	2B179	vegetative	no_record	vegetative	vegetative	vegetative	NA	NA	tagnf	NA	NA	NA	blank	blank	NA	,||,	NA	vegetative > vegetative	vegetative > vegetative	vegetative > vegetative > vegetative	vegetative > vegetative > vegetative > vegetative	0	NA	0	0	0	1	NA	1	1	1
2	B	2B	180	2B180	vegetative	no_record	vegetative	flowering	vegetative	NA	NA	tagnf	NA	NA	NA	blank	blank	NA	,||,	NA	vegetative > vegetative	vegetative > flowering	vegetative > vegetative > flowering	vegetative > vegetative > flowering > vegetative	0	NA	0	1	0	1	NA	1	1	1
2	B	2B	181	2B181	vegetative	no_record	vegetative	tagnf	tagnf	NA	NA	tagnf	NA	NA	below tag	blank	tagnf	NA	,|below tag|,	NA	vegetative > vegetative	vegetative > tagnf	vegetative > vegetative > tagnf	vegetative > vegetative > tagnf > tagnf	0	NA	0	NA	NA	1	NA	1	NA	NA
2	B	2B	182	2B182	vegetative	no_record	vegetative	vegetative	vegetative	NA	NA	tagnf	NA	NA	NA	blank	blank	NA	,||,	NA	vegetative > vegetative	vegetative > vegetative	vegetative > vegetative > vegetative	vegetative > vegetative > vegetative > vegetative	0	NA	0	0	0	1	NA	1	1	1
2	B	2B	183	2B183	vegetative	vegetative	vegetative	flowering	dead_nf	NA	NA	blank	NA	blank	NA	blank	blank	NA	,||,	NA	vegetative > vegetative	vegetative > flowering	vegetative > vegetative > flowering	vegetative > vegetative > flowering > dead_nf	0	0	0	1	0	1	1	1	1	0
2	B	2B	184	2B184	vegetative	vegetative	vegetative	flowering	flowering	NA	NA	blank	NA	blank	NA	blank	blank	NA	,||,	recheck - count stalks and rosettes	vegetative > vegetative	vegetative > flowering	vegetative > vegetative > flowering	vegetative > vegetative > flowering > flowering	0	0	0	1	1	1	1	1	1	1
2	B	2B	185	2B185	vegetative	vegetative	vegetative	flowering	vegetative	NA	NA	blank	NA	blank	NA	blank	blank	NA	,||,	NA	vegetative > vegetative	vegetative > flowering	vegetative > vegetative > flowering	vegetative > vegetative > flowering > vegetative	0	0	0	1	0	1	1	1	1	1
2	B	2B	186	2B186	vegetative	vegetative	vegetative	flowering	vegetative	NA	NA	blank	NA	blank	bottom r of tag	blank	blank	NA	,|bottom r of tag|,	NA	vegetative > vegetative	vegetative > flowering	vegetative > vegetative > flowering	vegetative > vegetative > flowering > vegetative	0	0	0	1	0	1	1	1	1	1
2	B	2B	187	2B187	vegetative	vegetative	vegetative	vegetative	dead_nf	NA	NA	blank	NA	blank	NA	blank	blank	NA	,||,	NA	vegetative > vegetative	vegetative > vegetative	vegetative > vegetative > vegetative	vegetative > vegetative > vegetative > dead_nf	0	0	0	0	0	1	1	1	1	0
2	B	2B	188	2B188	vegetative	vegetative	vegetative	flowering	vegetative	NA	NA	blank	NA	blank	up from tag	blank	blank	NA	,|up from tag|,	NA	vegetative > vegetative	vegetative > flowering	vegetative > vegetative > flowering	vegetative > vegetative > flowering > vegetative	0	0	0	1	0	1	1	1	1	1
2	B	2B	189	2B189	vegetative	no_record	vegetative	flowering	dead_nf	tagnf last year	NA	tagnf	NA	NA	tagnf	tagnf	blank	NA	,|tagnf|,tagnf last year	NA	vegetative > vegetative	vegetative > flowering	vegetative > vegetative > flowering	vegetative > vegetative > flowering > dead_nf	0	NA	0	1	0	1	NA	1	1	0
2	B	2B	190	2B190	vegetative	vegetative	vegetative	flowering	dead_nf	NA	NA	blank	NA	blank	NA	blank	blank	NA	,||,	NA	vegetative > vegetative	vegetative > flowering	vegetative > vegetative > flowering	vegetative > vegetative > flowering > dead_nf	0	0	0	1	0	1	1	1	1	0
2	B	2B	191	2B191	flowering	no_record	vegetative	vegetative	vegetative	regrew?	NA	blank	NA	NA	chewed	chewed	blank	NA	,|chewed|,regrew?	NA	flowering > vegetative	vegetative > vegetative	flowering > vegetative > vegetative	flowering > vegetative > vegetative > vegetative	1	NA	0	0	0	1	NA	1	1	1
2	B	2B	192	2B192	vegetative	no_record	dead_nf	dead_nf	dead_nf	NA	NA	tagnf	NA	NA	nf	nf	nf	NA	,|nf|,	NA	vegetative > dead_nf	dead_nf > dead_nf	vegetative > dead_nf > dead_nf	vegetative > dead_nf > dead_nf > dead_nf	0	NA	0	0	0	1	NA	0	0	0
2	B	2B	193	2B193	vegetative	no_record	tagnf	dead_nf	dead_nf	tagnf last year	NA	tagnf	NA	NA	tagnf	tagnf	nf	NA	,|tagnf|,tagnf last year	NA	vegetative > tagnf	tagnf > dead_nf	vegetative > tagnf > dead_nf	vegetative > tagnf > dead_nf > dead_nf	0	NA	NA	0	0	1	NA	NA	0	0
2	B	2B	194	2B194	vegetative	no_record	vegetative	vegetative	dead_nf	NA	NA	tagnf	NA	NA	NA	blank	blank	NA	,||,	NA	vegetative > vegetative	vegetative > vegetative	vegetative > vegetative > vegetative	vegetative > vegetative > vegetative > dead_nf	0	NA	0	0	0	1	NA	1	1	0
2	B	2B	195	2B195	flowering	no_record	dead_nf	dead_nf	dead_nf	NA	NA	blank	NA	NA	dead	dead	NA	NA	,|dead|,	changed from NF to O	flowering > dead_nf	dead_nf > dead_nf	flowering > dead_nf > dead_nf	flowering > dead_nf > dead_nf > dead_nf	1	NA	0	0	0	1	NA	0	0	0
2	B	2B	196	2B196	vegetative	vegetative	dead_nf	dead_nf	dead_nf	NA	NA	blank	NA	blank	dead	dead	NA	NA	,|dead|,	moved V to 2B196_20	vegetative > dead_nf	dead_nf > dead_nf	vegetative > dead_nf > dead_nf	vegetative > dead_nf > dead_nf > dead_nf	0	0	0	0	0	1	1	0	0	0
2	B	2B	197	2B197	vegetative	vegetative	vegetative	flowering	dead_nf	NA	NA	blank	NA	blank	NA	blank	blank	NA	,||,	NA	vegetative > vegetative	vegetative > flowering	vegetative > vegetative > flowering	vegetative > vegetative > flowering > dead_nf	0	0	0	1	0	1	1	1	1	0
2	B	2B	198	2B198	vegetative	no_record	dead_nf	dead_nf	tagnf	NA	NA	tagnf	NA	NA	nf	nf	nf	NA	,|nf|,	NA	vegetative > dead_nf	dead_nf > dead_nf	vegetative > dead_nf > dead_nf	vegetative > dead_nf > dead_nf > tagnf	0	NA	0	0	NA	1	NA	0	0	NA
2	B	2B	199	2B199	flowering	no_record	dead_nf	dead_nf	dead_nf	NA	NA	blank	NA	NA	dead	dead	dead	NA	,|dead|,	NA	flowering > dead_nf	dead_nf > dead_nf	flowering > dead_nf > dead_nf	flowering > dead_nf > dead_nf > dead_nf	1	NA	0	0	0	1	NA	0	0	0
2	B	2B	200	2B200	vegetative	no_record	flowering	dead_nf	dead_nf	NA	NA	NA	NA	NA	NA	blank	dead	NA	,||,	NA	vegetative > flowering	flowering > dead_nf	vegetative > flowering > dead_nf	vegetative > flowering > dead_nf > dead_nf	0	NA	1	0	0	1	NA	1	0	0
2	B	2B	201	2B201	vegetative	no_record	flowering	dead_nf	dead_nf	NA	NA	NA	NA	NA	NA	blank	nf	NA	,||,	NA	vegetative > flowering	flowering > dead_nf	vegetative > flowering > dead_nf	vegetative > flowering > dead_nf > dead_nf	0	NA	1	0	0	1	NA	1	0	0
2	B	2B	202	2B202	vegetative	no_record	flowering	dead_nf	dead_nf	NA	NA	NA	NA	NA	NA	blank	nf	NA	,||,	NA	vegetative > flowering	flowering > dead_nf	vegetative > flowering > dead_nf	vegetative > flowering > dead_nf > dead_nf	0	NA	1	0	0	1	NA	1	0	0
2	B	2B	81	2B81	vegetative	vegetative	vegetative	flowering	dead_nf	NA	NA	blank	NA	blank	ts	ts	blank	NA	,|ts|,	NA	vegetative > vegetative	vegetative > flowering	vegetative > vegetative > flowering	vegetative > vegetative > flowering > dead_nf	0	0	0	1	0	1	1	1	1	0
2	B	2B	82	2B82	vegetative	dead_nf	dead_nf	dead_nf	dead_nf	NA	NA	blank	totally dead	dead	nf	nf	nf	NA	,totally dead|nf|,	NA	vegetative > dead_nf	dead_nf > dead_nf	vegetative > dead_nf > dead_nf	vegetative > dead_nf > dead_nf > dead_nf	0	0	0	0	0	1	0	0	0	0
2	B	2B	83	2B83	vegetative	vegetative	vegetative	flowering	tagnf	NA	NA	blank	NA	blank	L of tag	blank	blank	NA	,|L of tag|,	NA	vegetative > vegetative	vegetative > flowering	vegetative > vegetative > flowering	vegetative > vegetative > flowering > tagnf	0	0	0	1	NA	1	1	1	1	NA
2	B	2B	84	2B84	vegetative	no_record	flowering	flowering	dead_nf	NA	NA	tagnf	NA	NA	NA	blank	dead	NA	,||,	NA	vegetative > flowering	flowering > flowering	vegetative > flowering > flowering	vegetative > flowering > flowering > dead_nf	0	NA	1	1	0	1	NA	1	1	0
2	B	2B	85	2B85	vegetative	no_record	vegetative	flowering	dead_nf	NA	NA	tagnf	NA	NA	NA	blank	blank	NA	,||,	NA	vegetative > vegetative	vegetative > flowering	vegetative > vegetative > flowering	vegetative > vegetative > flowering > dead_nf	0	NA	0	1	0	1	NA	1	1	0
2	B	2B	86	2B86	vegetative	vegetative	vegetative	flowering	dead_nf	NA	NA	blank	NA	blank	ID ; ts	ts	blank	NA	,|ID ; ts|,	NA	vegetative > vegetative	vegetative > flowering	vegetative > vegetative > flowering	vegetative > vegetative > flowering > dead_nf	0	0	0	1	0	1	1	1	1	0
2	B	2B	87	2B87	flowering	no_record	flowering	vegetative	vegetative	flowered and lived?	NA	tagnf	NA	NA	R of tag	blank	blank	NA	,|R of tag|,flowered and lived?	NA	flowering > flowering	flowering > vegetative	flowering > flowering > vegetative	flowering > flowering > vegetative > vegetative	1	NA	1	0	0	1	NA	1	1	1
2	B	2B	88	2B88	vegetative	no_record	dead_nf	dead_nf	dead_nf	NA	NA	tagnf	NA	NA	nf	nf	nf	NA	,|nf|,	NA	vegetative > dead_nf	dead_nf > dead_nf	vegetative > dead_nf > dead_nf	vegetative > dead_nf > dead_nf > dead_nf	0	NA	0	0	0	1	NA	0	0	0
2	B	2B	89	2B89	vegetative	vegetative	vegetative	flowering	dead_nf	NA	NA	blank	NA	blank	L of tag	blank	blank	NA	,|L of tag|,	NA	vegetative > vegetative	vegetative > flowering	vegetative > vegetative > flowering	vegetative > vegetative > flowering > dead_nf	0	0	0	1	0	1	1	1	1	0
2	B	2B	90	2B90	vegetative	vegetative	dead_nf	dead_nf	dead_nf	NA	NA	blank	NA	blank	nf	nf	nf	NA	,|nf|,	NA	vegetative > dead_nf	dead_nf > dead_nf	vegetative > dead_nf > dead_nf	vegetative > dead_nf > dead_nf > dead_nf	0	0	0	0	0	1	1	0	0	0
2	B	2B	91	2B91	flowering	no_record	dead_nf	dead_nf	dead_nf	tagnf last year	NA	tagnf	NA	NA	tagnf	tagnf	nf	NA	,|tagnf|,tagnf last year	NA	flowering > dead_nf	dead_nf > dead_nf	flowering > dead_nf > dead_nf	flowering > dead_nf > dead_nf > dead_nf	1	NA	0	0	0	1	NA	0	0	0
2	B	2B	92	2B92	vegetative	vegetative	flowering	flowering	dead_nf	flowered twice?	NA	tagnf	NA	blank	NA	blank	blank	NA	,||,flowered twice?	NA	vegetative > flowering	flowering > flowering	vegetative > flowering > flowering	vegetative > flowering > flowering > dead_nf	0	0	1	1	0	1	1	1	1	0
2	B	2B	93	2B93	vegetative	vegetative	vegetative	vegetative	flowering	NA	NA	blank	NA	blank	above tag; 2ts	ts	blank	NA	,|above tag; 2ts|,	recheck - count stalks	vegetative > vegetative	vegetative > vegetative	vegetative > vegetative > vegetative	vegetative > vegetative > vegetative > flowering	0	0	0	0	1	1	1	1	1	1
2	B	2B	94	2B94	flowering	no_record	dead_nf	dead_nf	dead_nf	NA	NA	blank	NA	NA	dead	dead	nf	NA	,|dead|,	NA	flowering > dead_nf	dead_nf > dead_nf	flowering > dead_nf > dead_nf	flowering > dead_nf > dead_nf > dead_nf	1	NA	0	0	0	1	NA	0	0	0
2	B	2B	95	2B95	vegetative	vegetative	vegetative	dead_nf	dead_nf	died and nf?	NA	blank	NA	blank	NA	blank	nf	NA	,||,died and nf?	NA	vegetative > vegetative	vegetative > dead_nf	vegetative > vegetative > dead_nf	vegetative > vegetative > dead_nf > dead_nf	0	0	0	0	0	1	1	1	0	0
2	B	2B	96	2B96	vegetative	no_record	dead_nf	dead_nf	tagnf	NA	NA	tagnf	NA	NA	dead	dead	tagnf	NA	,|dead|,	NA	vegetative > dead_nf	dead_nf > dead_nf	vegetative > dead_nf > dead_nf	vegetative > dead_nf > dead_nf > tagnf	0	NA	0	0	NA	1	NA	0	0	NA
2	B	2B	97	2B97	vegetative	no_record	vegetative	flowering	dead_nf	NA	NA	tagnf	NA	NA	r of tag	blank	blank	NA	,|r of tag|,	NA	vegetative > vegetative	vegetative > flowering	vegetative > vegetative > flowering	vegetative > vegetative > flowering > dead_nf	0	NA	0	1	0	1	NA	1	1	0
2	B	2B	98	2B98	flowering	no_record	dead_nf	dead_nf	dead_nf	NA	NA	blank	NA	NA	nf	nf	nf	NA	,|nf|,	NA	flowering > dead_nf	dead_nf > dead_nf	flowering > dead_nf > dead_nf	flowering > dead_nf > dead_nf > dead_nf	1	NA	0	0	0	1	NA	0	0	0
2	B	2B	99	2B99	vegetative	vegetative	flowering	dead_nf	dead_nf	NA	NA	blank	NA	blank	NA	blank	nf	NA	,||,	NA	vegetative > flowering	flowering > dead_nf	vegetative > flowering > dead_nf	vegetative > flowering > dead_nf > dead_nf	0	0	1	0	0	1	1	1	0	0
2	C	2C	100	2C100	flowering	vegetative	dead_nf	dead_nf	dead_nf	NA	NA	blank	NA	blank	dead	dead	nf	NA	,|dead|,	NA	flowering > dead_nf	dead_nf > dead_nf	flowering > dead_nf > dead_nf	flowering > dead_nf > dead_nf > dead_nf	1	0	0	0	0	1	1	0	0	0
2	C	2C	202	2C202	vegetative	no_record	flowering	vegetative	vegetative	flowered and lived?	NA	NA	NA	NA	NA	blank	blank	NA	,||,flowered and lived?	NA	vegetative > flowering	flowering > vegetative	vegetative > flowering > vegetative	vegetative > flowering > vegetative > vegetative	0	NA	1	0	0	1	NA	1	1	1
2	C	2C	258	2C258	flowering	no_record	vegetative	vegetative	vegetative	NA	NA	blank	NA	NA	NA	blank	blank	NA	,||,	NA	flowering > vegetative	vegetative > vegetative	flowering > vegetative > vegetative	flowering > vegetative > vegetative > vegetative	1	NA	0	0	0	1	NA	1	1	1
2	C	2C	259	2C259	vegetative	vegetative	vegetative	tagnf	vegetative	NA	NA	blank	NA	blank	below tag; ts	ts	tagnf	NA	,|below tag; ts|,	NA	vegetative > vegetative	vegetative > tagnf	vegetative > vegetative > tagnf	vegetative > vegetative > tagnf > vegetative	0	0	0	NA	0	1	1	1	NA	1
2	C	2C	260	2C260	vegetative	no_record	vegetative	dead_nf	dead_nf	died and nf?	NA	ts	NA	NA	NA	blank	nf	NA	,||,died and nf?	NA	vegetative > vegetative	vegetative > dead_nf	vegetative > vegetative > dead_nf	vegetative > vegetative > dead_nf > dead_nf	0	NA	0	0	0	1	NA	1	0	0
2	C	2C	261	2C261	vegetative	vegetative	vegetative	vegetative	vegetative	tagnf last year	NA	blank	NA	blank	tagnf	tagnf	blank	NA	,|tagnf|,tagnf last year	NA	vegetative > vegetative	vegetative > vegetative	vegetative > vegetative > vegetative	vegetative > vegetative > vegetative > vegetative	0	0	0	0	0	1	1	1	1	1
2	C	2C	262	2C262	vegetative	vegetative	vegetative	flowering	dead_nf	NA	NA	blank	NA	blank	NA	blank	blank	NA	,||,	NA	vegetative > vegetative	vegetative > flowering	vegetative > vegetative > flowering	vegetative > vegetative > flowering > dead_nf	0	0	0	1	0	1	1	1	1	0
2	C	2C	263	2C263	vegetative	dead_nf	dead_nf	dead_nf	dead_nf	NA	NA	blank	dead	dead	dead	dead	nf	NA	,dead|dead|,	NA	vegetative > dead_nf	dead_nf > dead_nf	vegetative > dead_nf > dead_nf	vegetative > dead_nf > dead_nf > dead_nf	0	0	0	0	0	1	0	0	0	0
2	C	2C	264	2C264	vegetative	vegetative	tagnf	dead_nf	dead_nf	NA	NA	blank	NA	blank	tagnf	tagnf	nf	NA	,|tagnf|,	NA	vegetative > tagnf	tagnf > dead_nf	vegetative > tagnf > dead_nf	vegetative > tagnf > dead_nf > dead_nf	0	0	NA	0	0	1	1	NA	0	0
2	C	2C	265	2C265	flowering	vegetative	dead_nf	dead_nf	dead_nf	NA	NA	blank	NA	blank	dead	dead	nf	NA	,|dead|,	NA	flowering > dead_nf	dead_nf > dead_nf	flowering > dead_nf > dead_nf	flowering > dead_nf > dead_nf > dead_nf	1	0	0	0	0	1	1	0	0	0
2	C	2C	266	2C266	flowering	no_record	vegetative	tagnf	dead_nf	NA	probably 13 rosettes ll=13 is all other rosettes combined	blank	NA	NA	NA	blank	tagnf	NA	probably 13 rosettes ll=13 is all other rosettes combined,||,	NA	flowering > vegetative	vegetative > tagnf	flowering > vegetative > tagnf	flowering > vegetative > tagnf > dead_nf	1	NA	0	NA	0	1	NA	1	NA	0
2	C	2C	267	2C267	vegetative	vegetative	vegetative	vegetative	dead_nf	NA	NA	blank	NA	blank	NA	blank	chewed	NA	,||,	NA	vegetative > vegetative	vegetative > vegetative	vegetative > vegetative > vegetative	vegetative > vegetative > vegetative > dead_nf	0	0	0	0	0	1	1	1	1	0
2	C	2C	268	2C268	vegetative	vegetative	flowering	dead_nf	dead_nf	NA	NA	blank	NA	blank	NA	blank	dead	NA	,||,	NA	vegetative > flowering	flowering > dead_nf	vegetative > flowering > dead_nf	vegetative > flowering > dead_nf > dead_nf	0	0	1	0	0	1	1	1	0	0
2	C	2C	269	2C269	vegetative	vegetative	dead_nf	dead_nf	flowering	NA	NA	blank	NA	blank	dead	dead	nf	NA	,|dead|,	recheck - count stalks and rosettes	vegetative > dead_nf	dead_nf > dead_nf	vegetative > dead_nf > dead_nf	vegetative > dead_nf > dead_nf > flowering	0	0	0	0	1	1	1	0	0	1
2	C	2C	270	2C270	vegetative	vegetative	vegetative	flowering	dead_nf	refound?	NA	blank	NA	blank	nf	nf	blank	NA	,|nf|,refound?	NA	vegetative > vegetative	vegetative > flowering	vegetative > vegetative > flowering	vegetative > vegetative > flowering > dead_nf	0	0	0	1	0	1	1	1	1	0
2	C	2C	271	2C271	vegetative	vegetative	vegetative	flowering	dead_nf	NA	NA	blank	NA	blank	NA	blank	chewed	NA	,||,	NA	vegetative > vegetative	vegetative > flowering	vegetative > vegetative > flowering	vegetative > vegetative > flowering > dead_nf	0	0	0	1	0	1	1	1	1	0
2	C	2C	272	2C272	vegetative	vegetative	vegetative	tagnf	dead_nf	NA	NA	blank	NA	blank	NA	blank	tagnf	NA	,||,	NA	vegetative > vegetative	vegetative > tagnf	vegetative > vegetative > tagnf	vegetative > vegetative > tagnf > dead_nf	0	0	0	NA	0	1	1	1	NA	0
2	C	2C	273	2C273	vegetative	no_record	tagnf	dead_nf	dead_nf	NA	NA	ts	NA	NA	tagnf	tagnf	nf	NA	,|tagnf|,	NA	vegetative > tagnf	tagnf > dead_nf	vegetative > tagnf > dead_nf	vegetative > tagnf > dead_nf > dead_nf	0	NA	NA	0	0	1	NA	NA	0	0
2	C	2C	274	2C274	vegetative	vegetative	vegetative	flowering	dead_nf	refound?	NA	blank	NA	blank	nf	nf	blank	3 near plant	,|nf|3 near plant,refound?	NA	vegetative > vegetative	vegetative > flowering	vegetative > vegetative > flowering	vegetative > vegetative > flowering > dead_nf	0	0	0	1	0	1	1	1	1	0
2	C	2C	275	2C275	flowering	no_record	dead_nf	dead_nf	dead_nf	NA	NA	blank	NA	NA	dead	dead	NA	NA	,|dead|,	NA	flowering > dead_nf	dead_nf > dead_nf	flowering > dead_nf > dead_nf	flowering > dead_nf > dead_nf > dead_nf	1	NA	0	0	0	1	NA	0	0	0
2	C	2C	276	2C276	flowering	no_record	dead_nf	dead_nf	dead_nf	NA	NA	blank	NA	NA	nf	nf	nf	NA	,|nf|,	NA	flowering > dead_nf	dead_nf > dead_nf	flowering > dead_nf > dead_nf	flowering > dead_nf > dead_nf > dead_nf	1	NA	0	0	0	1	NA	0	0	0
2	C	2C	277	2C277	vegetative	vegetative	vegetative	flowering	dead_nf	tagnf last year	NA	blank	NA	blank	tagnf	tagnf	blank	close to flower	,|tagnf|close to flower,tagnf last year	NA	vegetative > vegetative	vegetative > flowering	vegetative > vegetative > flowering	vegetative > vegetative > flowering > dead_nf	0	0	0	1	0	1	1	1	1	0
2	C	2C	278	2C278	vegetative	no_record	tagnf	dead_nf	dead_nf	tagnf last year	NA	ts	NA	NA	tagnf	tagnf	nf	NA	,|tagnf|,tagnf last year	NA	vegetative > tagnf	tagnf > dead_nf	vegetative > tagnf > dead_nf	vegetative > tagnf > dead_nf > dead_nf	0	NA	NA	0	0	1	NA	NA	0	0
2	C	2C	279	2C279	flowering	no_record	dead_nf	dead_nf	dead_nf	NA	NA	blank	NA	NA	nf	nf	tagnf	NA	,|nf|,	NA	flowering > dead_nf	dead_nf > dead_nf	flowering > dead_nf > dead_nf	flowering > dead_nf > dead_nf > dead_nf	1	NA	0	0	0	1	NA	0	0	0
2	C	2C	280	2C280	vegetative	no_record	vegetative	tagnf	dead_nf	NA	NA	ts	NA	NA	NA	blank	tagnf	NA	,||,	NA	vegetative > vegetative	vegetative > tagnf	vegetative > vegetative > tagnf	vegetative > vegetative > tagnf > dead_nf	0	NA	0	NA	0	1	NA	1	NA	0
2	C	2C	281	2C281	flowering	vegetative	dead_nf	dead_nf	dead_nf	NA	NA	blank	NA	blank	nf	nf	nf	NA	,|nf|,	NA	flowering > dead_nf	dead_nf > dead_nf	flowering > dead_nf > dead_nf	flowering > dead_nf > dead_nf > dead_nf	1	0	0	0	0	1	1	0	0	0
2	C	2C	282	2C282	vegetative	vegetative	flowering	dead_nf	dead_nf	NA	NA	blank	NA	blank	NA	blank	nf	NA	,||,	NA	vegetative > flowering	flowering > dead_nf	vegetative > flowering > dead_nf	vegetative > flowering > dead_nf > dead_nf	0	0	1	0	0	1	1	1	0	0
2	C	2C	283	2C283	vegetative	no_record	dead_nf	dead_nf	dead_nf	NA	NA	ts	NA	NA	nf	nf	nf	NA	,|nf|,	NA	vegetative > dead_nf	dead_nf > dead_nf	vegetative > dead_nf > dead_nf	vegetative > dead_nf > dead_nf > dead_nf	0	NA	0	0	0	1	NA	0	0	0
2	C	2C	284	2C284	flowering	no_record	dead_nf	dead_nf	dead_nf	NA	NA	blank	NA	NA	nf	nf	NA	NA	,|nf|,	NA	flowering > dead_nf	dead_nf > dead_nf	flowering > dead_nf > dead_nf	flowering > dead_nf > dead_nf > dead_nf	1	NA	0	0	0	1	NA	0	0	0
2	C	2C	285	2C285	vegetative	no_record	flowering	vegetative	vegetative	count leaves	NA	ts	NA	NA	NA	blank	blank	NA	,||,count leaves	NA	vegetative > flowering	flowering > vegetative	vegetative > flowering > vegetative	vegetative > flowering > vegetative > vegetative	0	NA	1	0	0	1	NA	1	1	1
2	C	2C	286	2C286	vegetative	vegetative	flowering	dead_nf	vegetative	died and nf?	NA	blank	NA	blank	NA	blank	nf	NA	,||,died and nf?	NA	vegetative > flowering	flowering > dead_nf	vegetative > flowering > dead_nf	vegetative > flowering > dead_nf > vegetative	0	0	1	0	0	1	1	1	0	1
2	C	2C	287	2C287	vegetative	vegetative	vegetative	flowering	vegetative	NA	NA	blank	NA	blank	NA	blank	chewed	NA	,||,	NA	vegetative > vegetative	vegetative > flowering	vegetative > vegetative > flowering	vegetative > vegetative > flowering > vegetative	0	0	0	1	0	1	1	1	1	1
2	C	2C	288	2C288	vegetative	vegetative	flowering	dead_nf	dead_nf	NA	NA	blank	NA	blank	NA	blank	tagnf	NA	,||,	NA	vegetative > flowering	flowering > dead_nf	vegetative > flowering > dead_nf	vegetative > flowering > dead_nf > dead_nf	0	0	1	0	0	1	1	1	0	0
2	C	2C	289	2C289	vegetative	no_record	vegetative	flowering	dead_nf	tagnf last year	NA	ts	NA	NA	tagnf	tagnf	blank	NA	,|tagnf|,tagnf last year	NA	vegetative > vegetative	vegetative > flowering	vegetative > vegetative > flowering	vegetative > vegetative > flowering > dead_nf	0	NA	0	1	0	1	NA	1	1	0
2	C	2C	290	2C290	vegetative	no_record	vegetative	dead_nf	dead_nf	died and nf?	NA	ts	NA	NA	NA	blank	nf	NA	,||,died and nf?	NA	vegetative > vegetative	vegetative > dead_nf	vegetative > vegetative > dead_nf	vegetative > vegetative > dead_nf > dead_nf	0	NA	0	0	0	1	NA	1	0	0
2	C	2C	291	2C291	flowering	no_record	dead_nf	dead_nf	dead_nf	NA	JP: checked 147 leaves against scan, OK	blank	NA	NA	dead	dead	NA	NA	,|dead|,	NA	flowering > dead_nf	dead_nf > dead_nf	flowering > dead_nf > dead_nf	flowering > dead_nf > dead_nf > dead_nf	1	NA	0	0	0	1	NA	0	0	0
2	C	2C	292	2C292	vegetative	no_record	vegetative	flowering	vegetative	NA	NA	ts	NA	NA	NA	blank	blank	NA	,||,	MAY NOT BE SAME PLANT	vegetative > vegetative	vegetative > flowering	vegetative > vegetative > flowering	vegetative > vegetative > flowering > vegetative	0	NA	0	1	0	1	NA	1	1	1
2	C	2C	293	2C293	vegetative	no_record	vegetative	flowering	dead_nf	NA	NA	ts	NA	NA	NA	blank	blank	NA	,||,	NA	vegetative > vegetative	vegetative > flowering	vegetative > vegetative > flowering	vegetative > vegetative > flowering > dead_nf	0	NA	0	1	0	1	NA	1	1	0
2	C	2C	294	2C294	flowering	no_record	dead_nf	dead_nf	dead_nf	NA	NA	blank	NA	NA	dead	dead	NA	NA	,|dead|,	NA	flowering > dead_nf	dead_nf > dead_nf	flowering > dead_nf > dead_nf	flowering > dead_nf > dead_nf > dead_nf	1	NA	0	0	0	1	NA	0	0	0
2	C	2C	295	2C295	flowering	no_record	dead_nf	dead_nf	dead_nf	NA	maybe 8-9 rosettes	blank	NA	NA	dead	dead	nf	NA	maybe 8-9 rosettes,|dead|,	recheck - confusing arrows	flowering > dead_nf	dead_nf > dead_nf	flowering > dead_nf > dead_nf	flowering > dead_nf > dead_nf > dead_nf	1	NA	0	0	0	1	NA	0	0	0
2	C	2C	296	2C296	vegetative	vegetative	vegetative	vegetative	vegetative	NA	NA	blank	NA	blank	NA	blank	blank	NA	,||,	recheck - confusing arrows	vegetative > vegetative	vegetative > vegetative	vegetative > vegetative > vegetative	vegetative > vegetative > vegetative > vegetative	0	0	0	0	0	1	1	1	1	1
2	C	2C	297	2C297	vegetative	vegetative	dead_nf	dead_nf	vegetative	NA	NA	blank	NA	blank	dead	dead	NA	NA	,|dead|,	recheck - confusing arrows	vegetative > dead_nf	dead_nf > dead_nf	vegetative > dead_nf > dead_nf	vegetative > dead_nf > dead_nf > vegetative	0	0	0	0	0	1	1	0	0	1
2	C	2C	298	2C298	vegetative	vegetative	flowering	dead_nf	dead_nf	died and nf?	NA	blank	NA	blank	3 ts	ts	nf	NA	,|3 ts|,died and nf?	NA	vegetative > flowering	flowering > dead_nf	vegetative > flowering > dead_nf	vegetative > flowering > dead_nf > dead_nf	0	0	1	0	0	1	1	1	0	0
2	C	2C	299	2C299	vegetative	no_record	vegetative	dead_nf	dead_nf	NA	NA	ts	NA	NA	tagnf	tagnf	nf	NA	,|tagnf|,	NA	vegetative > vegetative	vegetative > dead_nf	vegetative > vegetative > dead_nf	vegetative > vegetative > dead_nf > dead_nf	0	NA	0	0	0	1	NA	1	0	0
2	C	2C	300	2C300	vegetative	no_record	flowering	vegetative	no_record	flowered and lived?	NA	ts	NA	NA	NA	blank	blank	NA	,||,flowered and lived?	recheck - no status. SHARED 258?	vegetative > flowering	flowering > vegetative	vegetative > flowering > vegetative	vegetative > flowering > vegetative > no_record	0	NA	1	0	NA	1	NA	1	1	NA
2	C	2C	89	2C89	flowering	no_record	dead_nf	dead_nf	dead_nf	NA	NA	blank	NA	NA	nf	nf	tagnf	NA	,|nf|,	NA	flowering > dead_nf	dead_nf > dead_nf	flowering > dead_nf > dead_nf	flowering > dead_nf > dead_nf > dead_nf	1	NA	0	0	0	1	NA	0	0	0
2	C	2C	90	2C90	flowering	no_record	dead_nf	dead_nf	dead_nf	NA	NA	blank	NA	NA	dead	dead	nf	NA	,|dead|,	NA	flowering > dead_nf	dead_nf > dead_nf	flowering > dead_nf > dead_nf	flowering > dead_nf > dead_nf > dead_nf	1	NA	0	0	0	1	NA	0	0	0
2	C	2C	91	2C91	vegetative	no_record	dead_nf	dead_nf	dead_nf	NA	NA	ts	NA	NA	dead	dead	nf	NA	,|dead|,	NA	vegetative > dead_nf	dead_nf > dead_nf	vegetative > dead_nf > dead_nf	vegetative > dead_nf > dead_nf > dead_nf	0	NA	0	0	0	1	NA	0	0	0
2	C	2C	99	2C99	vegetative	vegetative	vegetative	tagnf	tagnf	NA	NA	blank	NA	blank	NA	blank	tagnf	NA	,||,	NA	vegetative > vegetative	vegetative > tagnf	vegetative > vegetative > tagnf	vegetative > vegetative > tagnf > tagnf	0	0	0	NA	NA	1	1	1	NA	NA
2	D	2D	183	2D183	vegetative	vegetative	vegetative	vegetative	flowering	NA	NA	blank	NA	blank	NA	blank	blank	NA	,||,	recheck - count stalks and rosettes	vegetative > vegetative	vegetative > vegetative	vegetative > vegetative > vegetative	vegetative > vegetative > vegetative > flowering	0	0	0	0	1	1	1	1	1	1
2	D	2D	184	2D184	vegetative	vegetative	vegetative	vegetative	flowering	NA	NA	blank	NA	blank	L of tag	blank	blank	3 plants counted big one to the left	,|L of tag|3 plants counted big one to the left,	recheck - count stalks and rosettes	vegetative > vegetative	vegetative > vegetative	vegetative > vegetative > vegetative	vegetative > vegetative > vegetative > flowering	0	0	0	0	1	1	1	1	1	1
2	D	2D	185	2D185	vegetative	vegetative	vegetative	dead_nf	dead_nf	died and nf?	NA	blank	NA	blank	ts	ts	nf	NA	,|ts|,died and nf?	NA	vegetative > vegetative	vegetative > dead_nf	vegetative > vegetative > dead_nf	vegetative > vegetative > dead_nf > dead_nf	0	0	0	0	0	1	1	1	0	0
2	D	2D	186	2D186	vegetative	vegetative	vegetative	vegetative	vegetative	NA	NA	blank	NA	blank	r of tag	blank	blank	NA	,|r of tag|,	NA	vegetative > vegetative	vegetative > vegetative	vegetative > vegetative > vegetative	vegetative > vegetative > vegetative > vegetative	0	0	0	0	0	1	1	1	1	1
2	D	2D	187	2D187	vegetative	vegetative	vegetative	flowering	dead_nf	NA	NA	blank	NA	blank	3ts	ts	blank	NA	,|3ts|,	NA	vegetative > vegetative	vegetative > flowering	vegetative > vegetative > flowering	vegetative > vegetative > flowering > dead_nf	0	0	0	1	0	1	1	1	1	0
2	D	2D	188	2D188	vegetative	vegetative	vegetative	vegetative	vegetative	NA	NA	blank	NA	blank	4ts	ts	blank	NA	,|4ts|,	NA	vegetative > vegetative	vegetative > vegetative	vegetative > vegetative > vegetative	vegetative > vegetative > vegetative > vegetative	0	0	0	0	0	1	1	1	1	1
2	D	2D	189	2D189	flowering	vegetative	vegetative	tagnf	vegetative	NA	NA	blank	NA	blank	below ts tag	ts	tagnf	NA	,|below ts tag|,	TAG FOUND	flowering > vegetative	vegetative > tagnf	flowering > vegetative > tagnf	flowering > vegetative > tagnf > vegetative	1	0	0	NA	0	1	1	1	NA	1
2	D	2D	190	2D190	vegetative	vegetative	vegetative	vegetative	vegetative	NA	NA	blank	NA	blank	below tag	blank	blank	NA	,|below tag|,	NA	vegetative > vegetative	vegetative > vegetative	vegetative > vegetative > vegetative	vegetative > vegetative > vegetative > vegetative	0	0	0	0	0	1	1	1	1	1
2	D	2D	191	2D191	vegetative	vegetative	vegetative	flowering	dead_nf	NA	NA	blank	NA	blank	ts	ts	blank	NA	,|ts|,	NA	vegetative > vegetative	vegetative > flowering	vegetative > vegetative > flowering	vegetative > vegetative > flowering > dead_nf	0	0	0	1	0	1	1	1	1	0
2	D	2D	192	2D192	vegetative	vegetative	dead_nf	dead_nf	dead_nf	NA	NA	blank	NA	blank	dead	dead	NA	NA	,|dead|,	NA	vegetative > dead_nf	dead_nf > dead_nf	vegetative > dead_nf > dead_nf	vegetative > dead_nf > dead_nf > dead_nf	0	0	0	0	0	1	1	0	0	0
2	D	2D	193	2D193	vegetative	vegetative	vegetative	flowering	dead_nf	NA	NA	blank	NA	blank	NA	blank	blank	NA	,||,	NA	vegetative > vegetative	vegetative > flowering	vegetative > vegetative > flowering	vegetative > vegetative > flowering > dead_nf	0	0	0	1	0	1	1	1	1	0
2	D	2D	194	2D194	vegetative	vegetative	vegetative	flowering	dead_nf	NA	NA	blank	NA	blank	NA	blank	blank	NA	,||,	NA	vegetative > vegetative	vegetative > flowering	vegetative > vegetative > flowering	vegetative > vegetative > flowering > dead_nf	0	0	0	1	0	1	1	1	1	0
2	D	2D	195	2D195	vegetative	vegetative	vegetative	vegetative	vegetative	NA	NA	blank	NA	blank	NA	blank	blank	NA	,||,	NA	vegetative > vegetative	vegetative > vegetative	vegetative > vegetative > vegetative	vegetative > vegetative > vegetative > vegetative	0	0	0	0	0	1	1	1	1	1
2	D	2D	196	2D196	vegetative	vegetative	dead_nf	dead_nf	dead_nf	NA	NA	blank	NA	blank	nf	nf	NA	NA	,|nf|,	NA	vegetative > dead_nf	dead_nf > dead_nf	vegetative > dead_nf > dead_nf	vegetative > dead_nf > dead_nf > dead_nf	0	0	0	0	0	1	1	0	0	0
2	D	2D	197	2D197	vegetative	vegetative	dead_nf	dead_nf	dead_nf	NA	NA	blank	NA	blank	nf	nf	NA	NA	,|nf|,	NA	vegetative > dead_nf	dead_nf > dead_nf	vegetative > dead_nf > dead_nf	vegetative > dead_nf > dead_nf > dead_nf	0	0	0	0	0	1	1	0	0	0
2	D	2D	198	2D198	vegetative	vegetative	tagnf	tagnf	tagnf	NA	NA	blank	NA	blank	tagnf	tagnf	tagnf	NA	,|tagnf|,	NA	vegetative > tagnf	tagnf > tagnf	vegetative > tagnf > tagnf	vegetative > tagnf > tagnf > tagnf	0	0	NA	NA	NA	1	1	NA	NA	NA
2	D	2D	199	2D199	vegetative	vegetative	vegetative	vegetative	flowering	NA	NA	blank	NA	blank	r of tag	blank	blank	NA	,|r of tag|,	recheck - count stalks and rosettes	vegetative > vegetative	vegetative > vegetative	vegetative > vegetative > vegetative	vegetative > vegetative > vegetative > flowering	0	0	0	0	1	1	1	1	1	1
2	D	2D	200	2D200	flowering	no_record	dead_nf	dead_nf	dead_nf	NA	NA	blank	NA	NA	dead	dead	nf	NA	,|dead|,	NA	flowering > dead_nf	dead_nf > dead_nf	flowering > dead_nf > dead_nf	flowering > dead_nf > dead_nf > dead_nf	1	NA	0	0	0	1	NA	0	0	0
2	D	2D	201	2D201	vegetative	vegetative	vegetative	vegetative	vegetative	NA	NA	blank	NA	blank	NA	blank	blank	NA	,||,	NA	vegetative > vegetative	vegetative > vegetative	vegetative > vegetative > vegetative	vegetative > vegetative > vegetative > vegetative	0	0	0	0	0	1	1	1	1	1
2	D	2D	202	2D202	vegetative	vegetative	dead_nf	dead_nf	dead_nf	NA	NA	blank	NA	blank	nf	nf	dead	NA	,|nf|,	NA	vegetative > dead_nf	dead_nf > dead_nf	vegetative > dead_nf > dead_nf	vegetative > dead_nf > dead_nf > dead_nf	0	0	0	0	0	1	1	0	0	0
2	D	2D	203	2D203	vegetative	vegetative	vegetative	tagnf	dead_nf	NA	NA	blank	NA	blank	ts	ts	tagnf	NA	,|ts|,	TAG FOUND	vegetative > vegetative	vegetative > tagnf	vegetative > vegetative > tagnf	vegetative > vegetative > tagnf > dead_nf	0	0	0	NA	0	1	1	1	NA	0
2	D	2D	204	2D204	vegetative	vegetative	vegetative	flowering	dead_nf	NA	NA	blank	NA	blank	NA	blank	blank	NA	,||,	NA	vegetative > vegetative	vegetative > flowering	vegetative > vegetative > flowering	vegetative > vegetative > flowering > dead_nf	0	0	0	1	0	1	1	1	1	0
2	D	2D	205	2D205	vegetative	vegetative	flowering	dead_nf	dead_nf	NA	NA	blank	NA	blank	NA	blank	nf	NA	,||,	NA	vegetative > flowering	flowering > dead_nf	vegetative > flowering > dead_nf	vegetative > flowering > dead_nf > dead_nf	0	0	1	0	0	1	1	1	0	0
2	D	2D	206	2D206	flowering	no_record	dead_nf	dead_nf	dead_nf	NA	maybe more rosettes	blank	NA	NA	dead	dead	nf	NA	maybe more rosettes,|dead|,	NA	flowering > dead_nf	dead_nf > dead_nf	flowering > dead_nf > dead_nf	flowering > dead_nf > dead_nf > dead_nf	1	NA	0	0	0	1	NA	0	0	0
2	D	2D	207	2D207	vegetative	vegetative	vegetative	flowering	dead_nf	flowered twice?	maybe more rosettes	blank	NA	blank	NA	blank	blank	NA	maybe more rosettes,||,flowered twice?	NA	vegetative > vegetative	vegetative > flowering	vegetative > vegetative > flowering	vegetative > vegetative > flowering > dead_nf	0	0	0	1	0	1	1	1	1	0
2	D	2D	208	2D208	vegetative	vegetative	vegetative	tagnf	dead_nf	NA	NA	blank	NA	blank	NA	blank	tagnf	NA	,||,	TAG FOUND	vegetative > vegetative	vegetative > tagnf	vegetative > vegetative > tagnf	vegetative > vegetative > tagnf > dead_nf	0	0	0	NA	0	1	1	1	NA	0
2	D	2D	209	2D209	vegetative	vegetative	flowering	dead_nf	dead_nf	NA	NA	blank	NA	blank	NA	blank	dead	NA	,||,	NA	vegetative > flowering	flowering > dead_nf	vegetative > flowering > dead_nf	vegetative > flowering > dead_nf > dead_nf	0	0	1	0	0	1	1	1	0	0
2	D	2D	210	2D210	vegetative	vegetative	vegetative	flowering	dead_nf	NA	NA	blank	NA	blank	below tag	blank	blank	NA	,|below tag|,	NA	vegetative > vegetative	vegetative > flowering	vegetative > vegetative > flowering	vegetative > vegetative > flowering > dead_nf	0	0	0	1	0	1	1	1	1	0
2	D	2D	211	2D211	vegetative	vegetative	flowering	vegetative	flowering	flowered and lived?	NA	blank	NA	blank	NA	blank	blank	flowered last year	,||flowered last year,flowered and lived?	recheck - count stalks and rosettes	vegetative > flowering	flowering > vegetative	vegetative > flowering > vegetative	vegetative > flowering > vegetative > flowering	0	0	1	0	1	1	1	1	1	1
2	D	2D	212	2D212	flowering	no_record	flowering	dead_nf	vegetative	NA	maybe more rosettes	blank	NA	NA	below tag	blank	dead	NA	maybe more rosettes,|below tag|,	NA	flowering > flowering	flowering > dead_nf	flowering > flowering > dead_nf	flowering > flowering > dead_nf > vegetative	1	NA	1	0	0	1	NA	1	0	1
2	D	2D	213	2D213	vegetative	vegetative	flowering	dead_nf	dead_nf	NA	JP:NA in r2_leaves	blank	NA	blank	below tag	blank	dead	NA	JP:NA in r2_leaves,|below tag|,	NA	vegetative > flowering	flowering > dead_nf	vegetative > flowering > dead_nf	vegetative > flowering > dead_nf > dead_nf	0	0	1	0	0	1	1	1	0	0
2	D	2D	214	2D214	vegetative	vegetative	vegetative	flowering	tagnf	NA	NA	blank	NA	blank	ts	ts	blank	NA	,|ts|,	NA	vegetative > vegetative	vegetative > flowering	vegetative > vegetative > flowering	vegetative > vegetative > flowering > tagnf	0	0	0	1	NA	1	1	1	1	NA
2	D	2D	215	2D215	vegetative	vegetative	vegetative	vegetative	dead_nf	NA	NA	blank	NA	blank	NA	blank	chewed	NA	,||,	NA	vegetative > vegetative	vegetative > vegetative	vegetative > vegetative > vegetative	vegetative > vegetative > vegetative > dead_nf	0	0	0	0	0	1	1	1	1	0
2	D	2D	216	2D216	vegetative	vegetative	dead_nf	dead_nf	dead_nf	NA	NA	blank	NA	blank	dead	dead	NA	NA	,|dead|,	NA	vegetative > dead_nf	dead_nf > dead_nf	vegetative > dead_nf > dead_nf	vegetative > dead_nf > dead_nf > dead_nf	0	0	0	0	0	1	1	0	0	0
2	D	2D	217	2D217	vegetative	vegetative	flowering	vegetative	vegetative	resurrected?	NA	blank	NA	blank	dead	dead	blank	NA	,|dead|,resurrected?	NA	vegetative > flowering	flowering > vegetative	vegetative > flowering > vegetative	vegetative > flowering > vegetative > vegetative	0	0	1	0	0	1	1	1	1	1
2	D	2D	218	2D218	flowering	no_record	dead_nf	dead_nf	dead_nf	tagnf last year	NA	blank	NA	NA	tagnf	tagnf	nf	NA	,|tagnf|,tagnf last year	NA	flowering > dead_nf	dead_nf > dead_nf	flowering > dead_nf > dead_nf	flowering > dead_nf > dead_nf > dead_nf	1	NA	0	0	0	1	NA	0	0	0
2	D	2D	219	2D219	vegetative	vegetative	vegetative	flowering	dead_nf	NA	NA	blank	NA	blank	NA	blank	blank	NA	,||,	NA	vegetative > vegetative	vegetative > flowering	vegetative > vegetative > flowering	vegetative > vegetative > flowering > dead_nf	0	0	0	1	0	1	1	1	1	0
2	D	2D	220	2D220	vegetative	vegetative	vegetative	flowering	dead_nf	NA	NA	blank	NA	blank	NA	blank	blank	NA	,||,	NA	vegetative > vegetative	vegetative > flowering	vegetative > vegetative > flowering	vegetative > vegetative > flowering > dead_nf	0	0	0	1	0	1	1	1	1	0
2	D	2D	221	2D221	vegetative	no_record	flowering	dead_nf	dead_nf	NA	NA	NA	NA	NA	NA	blank	nf	NA	,||,	NA	vegetative > flowering	flowering > dead_nf	vegetative > flowering > dead_nf	vegetative > flowering > dead_nf > dead_nf	0	NA	1	0	0	1	NA	1	0	0
2	D	2D	222	2D222	vegetative	no_record	flowering	dead_nf	dead_nf	NA	NA	NA	NA	NA	NA	blank	nf	NA	,||,	NA	vegetative > flowering	flowering > dead_nf	vegetative > flowering > dead_nf	vegetative > flowering > dead_nf > dead_nf	0	NA	1	0	0	1	NA	1	0	0
2	D	2D	225	2D225	vegetative	no_record	flowering	dead_nf	dead_nf	check tag #	NA	NA	NA	NA	NA	NA	nf	NA	,||,check tag #	NA	vegetative > flowering	flowering > dead_nf	vegetative > flowering > dead_nf	vegetative > flowering > dead_nf > dead_nf	0	NA	1	0	0	1	NA	1	0	0
2	D	2D	256	2D256	vegetative	no_record	flowering	dead_nf	dead_nf	NA	NA	NA	NA	NA	NA	blank	dead	NA	,||,	NA	vegetative > flowering	flowering > dead_nf	vegetative > flowering > dead_nf	vegetative > flowering > dead_nf > dead_nf	0	NA	1	0	0	1	NA	1	0	0
2	D	2D	257	2D257	vegetative	no_record	flowering	dead_nf	dead_nf	NA	NA	NA	NA	NA	NA	blank	dead	NA	,||,	NA	vegetative > flowering	flowering > dead_nf	vegetative > flowering > dead_nf	vegetative > flowering > dead_nf > dead_nf	0	NA	1	0	0	1	NA	1	0	0
2	D	2D	258	2D258	vegetative	no_record	flowering	dead_nf	tagnf	NA	NA	NA	NA	NA	NA	blank	dead	NA	,||,	TAG CAME OUT - changed from NF to TNF	vegetative > flowering	flowering > dead_nf	vegetative > flowering > dead_nf	vegetative > flowering > dead_nf > tagnf	0	NA	1	0	NA	1	NA	1	0	NA
3	A	3A	120	3A120	vegetative	vegetative	flowering	dead_nf	dead_nf	NA	NA	blank	NA	blank	NA	blank	nf	NA	,||,	NA	vegetative > flowering	flowering > dead_nf	vegetative > flowering > dead_nf	vegetative > flowering > dead_nf > dead_nf	0	0	1	0	0	1	1	1	0	0
3	A	3A	121	3A121	vegetative	vegetative	vegetative	dead_nf	dead_nf	died and nf?	NA	blank	NA	blank	NA	blank	nf	NA	,||,died and nf?	NA	vegetative > vegetative	vegetative > dead_nf	vegetative > vegetative > dead_nf	vegetative > vegetative > dead_nf > dead_nf	0	0	0	0	0	1	1	1	0	0
3	A	3A	122	3A122	vegetative	dead_nf	dead_nf	dead_nf	dead_nf	NA	NA	blank	dead	dead	nf	nf	tagnf	NA	,dead|nf|,	NA	vegetative > dead_nf	dead_nf > dead_nf	vegetative > dead_nf > dead_nf	vegetative > dead_nf > dead_nf > dead_nf	0	0	0	0	0	1	0	0	0	0
3	A	3A	123	3A123	vegetative	vegetative	dead_nf	dead_nf	dead_nf	NA	NA	blank	NA	blank	dead	dead	nf	NA	,|dead|,	NA	vegetative > dead_nf	dead_nf > dead_nf	vegetative > dead_nf > dead_nf	vegetative > dead_nf > dead_nf > dead_nf	0	0	0	0	0	1	1	0	0	0
3	A	3A	124	3A124	vegetative	vegetative	vegetative	tagnf	vegetative	NA	NA	blank	NA	blank	eaten;ts	chewed	tagnf	NA	,|eaten;ts|,	NA	vegetative > vegetative	vegetative > tagnf	vegetative > vegetative > tagnf	vegetative > vegetative > tagnf > vegetative	0	0	0	NA	0	1	1	1	NA	1
3	A	3A	125	3A125	vegetative	vegetative	vegetative	flowering	dead_nf	NA	NA	blank	NA	blank	NA	blank	blank	NA	,||,	NA	vegetative > vegetative	vegetative > flowering	vegetative > vegetative > flowering	vegetative > vegetative > flowering > dead_nf	0	0	0	1	0	1	1	1	1	0
3	A	3A	126	3A126	vegetative	vegetative	dead_nf	dead_nf	dead_nf	NA	NA	blank	NA	blank	dead	dead	NA	NA	,|dead|,	NA	vegetative > dead_nf	dead_nf > dead_nf	vegetative > dead_nf > dead_nf	vegetative > dead_nf > dead_nf > dead_nf	0	0	0	0	0	1	1	0	0	0
3	A	3A	127	3A127	flowering	vegetative	dead_nf	dead_nf	vegetative	NA	NA	blank	NA	blank	dead	dead	nf	NA	,|dead|,	NA	flowering > dead_nf	dead_nf > dead_nf	flowering > dead_nf > dead_nf	flowering > dead_nf > dead_nf > vegetative	1	0	0	0	0	1	1	0	0	1
3	A	3A	128	3A128	flowering	no_record	dead_nf	dead_nf	dead_nf	died and nf?	JP fixed r1_longest 4 > 40 from scan 2021-11-09	blank	NA	NA	NA	blank	nf	NA	,||,died and nf?	NA	flowering > dead_nf	dead_nf > dead_nf	flowering > dead_nf > dead_nf	flowering > dead_nf > dead_nf > dead_nf	1	NA	0	0	0	1	NA	0	0	0
3	A	3A	129	3A129	vegetative	vegetative	vegetative	vegetative	vegetative	died and nf?	NA	blank	NA	blank	NA	blank	nf	NA	,||,died and nf?	NA	vegetative > vegetative	vegetative > vegetative	vegetative > vegetative > vegetative	vegetative > vegetative > vegetative > vegetative	0	0	0	0	0	1	1	1	1	1
3	A	3A	269	3A269	vegetative	vegetative	vegetative	flowering	dead_nf	NA	NA	blank	NA	blank	NA	blank	blank	NA	,||,	NA	vegetative > vegetative	vegetative > flowering	vegetative > vegetative > flowering	vegetative > vegetative > flowering > dead_nf	0	0	0	1	0	1	1	1	1	0
3	A	3A	270	3A270	vegetative	vegetative	vegetative	dead_nf	dead_nf	NA	NA	blank	NA	blank	NA	blank	nf	NA	,||,	NA	vegetative > vegetative	vegetative > dead_nf	vegetative > vegetative > dead_nf	vegetative > vegetative > dead_nf > dead_nf	0	0	0	0	0	1	1	1	0	0
3	A	3A	271	3A271	vegetative	no_record	dead_nf	dead_nf	tagnf	NA	NA	tagnf	NA	NA	nf	nf	tagnf	NA	,|nf|,	NA	vegetative > dead_nf	dead_nf > dead_nf	vegetative > dead_nf > dead_nf	vegetative > dead_nf > dead_nf > tagnf	0	NA	0	0	NA	1	NA	0	0	NA
3	A	3A	272	3A272	vegetative	vegetative	flowering	dead_nf	dead_nf	NA	NA	blank	NA	blank	NA	blank	dead	NA	,||,	NA	vegetative > flowering	flowering > dead_nf	vegetative > flowering > dead_nf	vegetative > flowering > dead_nf > dead_nf	0	0	1	0	0	1	1	1	0	0
3	A	3A	273	3A273	vegetative	vegetative	vegetative	flowering	dead_nf	NA	NA	blank	NA	blank	NA	blank	chewed	already flagged	,||already flagged,	NA	vegetative > vegetative	vegetative > flowering	vegetative > vegetative > flowering	vegetative > vegetative > flowering > dead_nf	0	0	0	1	0	1	1	1	1	0
3	A	3A	274	3A274	vegetative	vegetative	flowering	dead_nf	dead_nf	died and nf?	NA	blank	NA	blank	NA	blank	nf	NA	,||,died and nf?	NA	vegetative > flowering	flowering > dead_nf	vegetative > flowering > dead_nf	vegetative > flowering > dead_nf > dead_nf	0	0	1	0	0	1	1	1	0	0
3	A	3A	275	3A275	vegetative	vegetative	dead_nf	dead_nf	dead_nf	NA	NA	blank	NA	blank	dead	dead	nf	NA	,|dead|,	NA	vegetative > dead_nf	dead_nf > dead_nf	vegetative > dead_nf > dead_nf	vegetative > dead_nf > dead_nf > dead_nf	0	0	0	0	0	1	1	0	0	0
3	A	3A	276	3A276	vegetative	vegetative	flowering	dead_nf	vegetative	NA	NA	blank	NA	blank	1 ts	ts	nf	NA	,|1 ts|,	recheck - says 1 rosette but 3 entries	vegetative > flowering	flowering > dead_nf	vegetative > flowering > dead_nf	vegetative > flowering > dead_nf > vegetative	0	0	1	0	0	1	1	1	0	1
3	A	3A	277	3A277	vegetative	vegetative	vegetative	vegetative	flowering	NA	NA	blank	NA	blank	NA	blank	blank	NA	,||,	recheck - count rosettes	vegetative > vegetative	vegetative > vegetative	vegetative > vegetative > vegetative	vegetative > vegetative > vegetative > flowering	0	0	0	0	1	1	1	1	1	1
3	A	3A	278	3A278	vegetative	vegetative	vegetative	flowering	dead_nf	NA	NA	blank	NA	blank	NA	blank	blank	NA	,||,	NA	vegetative > vegetative	vegetative > flowering	vegetative > vegetative > flowering	vegetative > vegetative > flowering > dead_nf	0	0	0	1	0	1	1	1	1	0
3	A	3A	632	3A632	vegetative	no_record	vegetative	vegetative	dead_nf	NA	NA	tagnf	NA	NA	NA	blank	blank	NA	,||,	NA	vegetative > vegetative	vegetative > vegetative	vegetative > vegetative > vegetative	vegetative > vegetative > vegetative > dead_nf	0	NA	0	0	0	1	NA	1	1	0
3	A	3A	633	3A633	vegetative	vegetative	vegetative	dead_nf	dead_nf	NA	NA	blank	NA	blank	chewed;ts	chewed	dead	NA	,|chewed;ts|,	NA	vegetative > vegetative	vegetative > dead_nf	vegetative > vegetative > dead_nf	vegetative > vegetative > dead_nf > dead_nf	0	0	0	0	0	1	1	1	0	0
3	A	3A	634	3A634	vegetative	vegetative	dead_nf	dead_nf	dead_nf	NA	NA	blank	NA	blank	dead	dead	NA	NA	,|dead|,	says NF (JP added ""T"") but have entry for 3A634_20, so changed to O	vegetative > dead_nf	dead_nf > dead_nf	vegetative > dead_nf > dead_nf	vegetative > dead_nf > dead_nf > dead_nf	0	0	0	0	0	1	1	0	0	0
3	A	3A	635	3A635	vegetative	vegetative	flowering	dead_nf	dead_nf	NA	NA	blank	NA	blank	NA	blank	dead	NA	,||,	NA	vegetative > flowering	flowering > dead_nf	vegetative > flowering > dead_nf	vegetative > flowering > dead_nf > dead_nf	0	0	1	0	0	1	1	1	0	0
3	A	3A	636	3A636	vegetative	vegetative	vegetative	flowering	dead_nf	NA	NA	blank	NA	blank	NA	blank	blank	already flagged	,||already flagged,	NA	vegetative > vegetative	vegetative > flowering	vegetative > vegetative > flowering	vegetative > vegetative > flowering > dead_nf	0	0	0	1	0	1	1	1	1	0
3	A	3A	637	3A637	vegetative	vegetative	vegetative	vegetative	vegetative	NA	NA	blank	NA	blank	ts	ts	blank	NA	,|ts|,	NA	vegetative > vegetative	vegetative > vegetative	vegetative > vegetative > vegetative	vegetative > vegetative > vegetative > vegetative	0	0	0	0	0	1	1	1	1	1
3	A	3A	638	3A638	vegetative	vegetative	vegetative	flowering	dead_nf	NA	NA	blank	NA	blank	above tag	blank	blank	NA	,|above tag|,	NA	vegetative > vegetative	vegetative > flowering	vegetative > vegetative > flowering	vegetative > vegetative > flowering > dead_nf	0	0	0	1	0	1	1	1	1	0
3	A	3A	639	3A639	vegetative	vegetative	dead_nf	dead_nf	dead_nf	NA	NA	blank	NA	blank	dead	dead	dead	NA	,|dead|,	NA	vegetative > dead_nf	dead_nf > dead_nf	vegetative > dead_nf > dead_nf	vegetative > dead_nf > dead_nf > dead_nf	0	0	0	0	0	1	1	0	0	0
3	A	3A	640	3A640	vegetative	vegetative	vegetative	vegetative	vegetative	regrew?	NA	blank	NA	blank	eaten;ts	chewed	blank	NA	,|eaten;ts|,regrew?	NA	vegetative > vegetative	vegetative > vegetative	vegetative > vegetative > vegetative	vegetative > vegetative > vegetative > vegetative	0	0	0	0	0	1	1	1	1	1
3	A	3A	641	3A641	vegetative	vegetative	vegetative	flowering	dead_nf	NA	NA	blank	NA	blank	NA	blank	blank	NA	,||,	NA	vegetative > vegetative	vegetative > flowering	vegetative > vegetative > flowering	vegetative > vegetative > flowering > dead_nf	0	0	0	1	0	1	1	1	1	0
3	A	3A	642	3A642	vegetative	vegetative	flowering	dead_nf	dead_nf	died and nf?	NA	blank	NA	blank	NA	blank	nf	NA	,||,died and nf?	NA	vegetative > flowering	flowering > dead_nf	vegetative > flowering > dead_nf	vegetative > flowering > dead_nf > dead_nf	0	0	1	0	0	1	1	1	0	0
3	A	3A	643	3A643	vegetative	vegetative	vegetative	flowering	dead_nf	refound?	NA	blank	NA	blank	nf	nf	blank	NA	,|nf|,refound?	NA	vegetative > vegetative	vegetative > flowering	vegetative > vegetative > flowering	vegetative > vegetative > flowering > dead_nf	0	0	0	1	0	1	1	1	1	0
3	A	3A	644	3A644	vegetative	vegetative	vegetative	vegetative	vegetative	tagnf last year	NA	blank	NA	blank	tagnf	tagnf	blank	NA	,|tagnf|,tagnf last year	recheck - says 4 rosettes but 3 entries	vegetative > vegetative	vegetative > vegetative	vegetative > vegetative > vegetative	vegetative > vegetative > vegetative > vegetative	0	0	0	0	0	1	1	1	1	1
3	A	3A	645	3A645	vegetative	vegetative	dead_nf	dead_nf	dead_nf	NA	NA	blank	NA	blank	dead	dead	NA	NA	,|dead|,	NA	vegetative > dead_nf	dead_nf > dead_nf	vegetative > dead_nf > dead_nf	vegetative > dead_nf > dead_nf > dead_nf	0	0	0	0	0	1	1	0	0	0
3	A	3A	645B	3A645B	vegetative	vegetative	dead_nf	dead_nf	dead_nf	NA	NA	blank	NA	blank	dead	dead	tagnf	NA	,|dead|,	NA	vegetative > dead_nf	dead_nf > dead_nf	vegetative > dead_nf > dead_nf	vegetative > dead_nf > dead_nf > dead_nf	0	0	0	0	0	1	1	0	0	0
3	A	3A	646	3A646	vegetative	vegetative	dead_nf	dead_nf	dead_nf	resurrected?	NA	blank	NA	blank	dead	dead	blank	NA	,|dead|,resurrected?	NA	vegetative > dead_nf	dead_nf > dead_nf	vegetative > dead_nf > dead_nf	vegetative > dead_nf > dead_nf > dead_nf	0	0	0	0	0	1	1	0	0	0
3	A	3A	647	3A647	flowering	vegetative	dead_nf	dead_nf	dead_nf	died and nf?	NA	blank	NA	blank	NA	NA	nf	NA	,||,died and nf?	NA	flowering > dead_nf	dead_nf > dead_nf	flowering > dead_nf > dead_nf	flowering > dead_nf > dead_nf > dead_nf	1	0	0	0	0	1	1	0	0	0
3	A	3A	648	3A648	vegetative	vegetative	vegetative	vegetative	flowering	NA	NA	blank	NA	blank	NA	blank	blank	NA	,||,	recheck - count rosettes	vegetative > vegetative	vegetative > vegetative	vegetative > vegetative > vegetative	vegetative > vegetative > vegetative > flowering	0	0	0	0	1	1	1	1	1	1
3	A	3A	649	3A649	vegetative	vegetative	vegetative	tagnf	tagnf	NA	NA	blank	NA	blank	chewed;ts	chewed	tagnf	NA	,|chewed;ts|,	NA	vegetative > vegetative	vegetative > tagnf	vegetative > vegetative > tagnf	vegetative > vegetative > tagnf > tagnf	0	0	0	NA	NA	1	1	1	NA	NA
3	A	3A	650	3A650	vegetative	vegetative	vegetative	vegetative	vegetative	regrew?	NA	blank	NA	blank	eaten;ts; above tag	chewed	blank	NA	,|eaten;ts; above tag|,regrew?	NA	vegetative > vegetative	vegetative > vegetative	vegetative > vegetative > vegetative	vegetative > vegetative > vegetative > vegetative	0	0	0	0	0	1	1	1	1	1
3	A	3A	651	3A651	vegetative	vegetative	vegetative	dead_nf	tagnf	died and nf?	NA	blank	NA	blank	NA	blank	nf	NA	,||,died and nf?	NA	vegetative > vegetative	vegetative > dead_nf	vegetative > vegetative > dead_nf	vegetative > vegetative > dead_nf > tagnf	0	0	0	0	NA	1	1	1	0	NA
3	A	3A	652	3A652	vegetative	vegetative	vegetative	vegetative	dead_nf	NA	NA	blank	NA	blank	upper r of tag	blank	blank	NA	,|upper r of tag|,	says ""NF"" but all other plants not found coded as ""D"" on this sheet	vegetative > vegetative	vegetative > vegetative	vegetative > vegetative > vegetative	vegetative > vegetative > vegetative > dead_nf	0	0	0	0	0	1	1	1	1	0
3	A	3A	653	3A653	vegetative	vegetative	vegetative	dead_nf	dead_nf	NA	NA	blank	NA	blank	eaten;ts	chewed	dead	NA	,|eaten;ts|,	NA	vegetative > vegetative	vegetative > dead_nf	vegetative > vegetative > dead_nf	vegetative > vegetative > dead_nf > dead_nf	0	0	0	0	0	1	1	1	0	0
3	A	3A	654	3A654	vegetative	dead_nf	dead_nf	dead_nf	dead_nf	NA	NA	blank	dead	dead	nf	nf	nf	NA	,dead|nf|,	NA	vegetative > dead_nf	dead_nf > dead_nf	vegetative > dead_nf > dead_nf	vegetative > dead_nf > dead_nf > dead_nf	0	0	0	0	0	1	0	0	0	0
3	A	3A	655	3A655	vegetative	vegetative	vegetative	dead_nf	dead_nf	died and nf?	NA	blank	NA	blank	NA	blank	nf	NA	,||,died and nf?	NA	vegetative > vegetative	vegetative > dead_nf	vegetative > vegetative > dead_nf	vegetative > vegetative > dead_nf > dead_nf	0	0	0	0	0	1	1	1	0	0
3	A	3A	656	3A656	vegetative	no_record	vegetative	tagnf	vegetative	NA	NA	blank	NA	NA	NA	blank	tagnf	NA	,||,	NA	vegetative > vegetative	vegetative > tagnf	vegetative > vegetative > tagnf	vegetative > vegetative > tagnf > vegetative	0	NA	0	NA	0	1	NA	1	NA	1
3	A	3A	657	3A657	vegetative	vegetative	vegetative	flowering	dead_nf	NA	NA	blank	NA	blank	eaten;ts	chewed	chewed	NA	,|eaten;ts|,	NA	vegetative > vegetative	vegetative > flowering	vegetative > vegetative > flowering	vegetative > vegetative > flowering > dead_nf	0	0	0	1	0	1	1	1	1	0
3	A	3A	658	3A658	vegetative	vegetative	vegetative	vegetative	dead_nf	chew death	NA	blank	NA	blank	eaten;ts	chewed	nf	NA	,|eaten;ts|,chew death	NA	vegetative > vegetative	vegetative > vegetative	vegetative > vegetative > vegetative	vegetative > vegetative > vegetative > dead_nf	0	0	0	0	0	1	1	1	1	0
3	A	3A	659	3A659	vegetative	no_record	flowering	dead_nf	dead_nf	NA	NA	NA	NA	NA	NA	blank	NA	NA	,||,	NA	vegetative > flowering	flowering > dead_nf	vegetative > flowering > dead_nf	vegetative > flowering > dead_nf > dead_nf	0	NA	1	0	0	1	NA	1	0	0
3	B	3B	601	3B601	flowering	no_record	dead_nf	dead_nf	dead_nf	NA	NA	blank	NA	NA	dead	dead	nf	NA	,|dead|,	NA	flowering > dead_nf	dead_nf > dead_nf	flowering > dead_nf > dead_nf	flowering > dead_nf > dead_nf > dead_nf	1	NA	0	0	0	1	NA	0	0	0
3	B	3B	602	3B602	vegetative	vegetative	vegetative	no_record	tagnf	NA	NA	blank	NA	blank	NA	blank	NA	NA	,||,	TAG RIPPED OFF	vegetative > vegetative	vegetative > no_record	vegetative > vegetative > no_record	vegetative > vegetative > no_record > tagnf	0	0	0	NA	NA	1	1	1	NA	NA
3	B	3B	603	3B603	vegetative	vegetative	vegetative	flowering	dead_nf	NA	NA	blank	NA	blank	NA	blank	NA	NA	,||,	NA	vegetative > vegetative	vegetative > flowering	vegetative > vegetative > flowering	vegetative > vegetative > flowering > dead_nf	0	0	0	1	0	1	1	1	1	0
3	B	3B	604	3B604	vegetative	vegetative	vegetative	no_record	dead_nf	NA	NA	blank	NA	blank	NA	blank	NA	NA	,||,	NA	vegetative > vegetative	vegetative > no_record	vegetative > vegetative > no_record	vegetative > vegetative > no_record > dead_nf	0	0	0	NA	0	1	1	1	NA	0
3	B	3B	605	3B605	vegetative	vegetative	flowering	dead_nf	dead_nf	NA	NA	blank	NA	blank	NA	blank	NA	NA	,||,	NA	vegetative > flowering	flowering > dead_nf	vegetative > flowering > dead_nf	vegetative > flowering > dead_nf > dead_nf	0	0	1	0	0	1	1	1	0	0
3	B	3B	606	3B606	flowering	no_record	dead_nf	dead_nf	dead_nf	NA	NA	blank	NA	NA	dead	dead	nf	NA	,|dead|,	NA	flowering > dead_nf	dead_nf > dead_nf	flowering > dead_nf > dead_nf	flowering > dead_nf > dead_nf > dead_nf	1	NA	0	0	0	1	NA	0	0	0
3	B	3B	607	3B607	vegetative	vegetative	vegetative	vegetative	vegetative	NA	NA	blank	NA	blank	NA	blank	blank	NA	,||,	NA	vegetative > vegetative	vegetative > vegetative	vegetative > vegetative > vegetative	vegetative > vegetative > vegetative > vegetative	0	0	0	0	0	1	1	1	1	1
3	B	3B	608	3B608	vegetative	vegetative	vegetative	vegetative	dead_nf	NA	NA	blank	NA	blank	NA	blank	blank	NA	,||,	NA	vegetative > vegetative	vegetative > vegetative	vegetative > vegetative > vegetative	vegetative > vegetative > vegetative > dead_nf	0	0	0	0	0	1	1	1	1	0
3	B	3B	609	3B609	vegetative	vegetative	dead_nf	dead_nf	dead_nf	NA	NA	blank	NA	blank	dead	dead	nf	NA	,|dead|,	NA	vegetative > dead_nf	dead_nf > dead_nf	vegetative > dead_nf > dead_nf	vegetative > dead_nf > dead_nf > dead_nf	0	0	0	0	0	1	1	0	0	0
3	B	3B	610	3B610	vegetative	vegetative	vegetative	vegetative	vegetative	NA	NA	blank	NA	blank	NA	blank	blank	NA	,||,	NA	vegetative > vegetative	vegetative > vegetative	vegetative > vegetative > vegetative	vegetative > vegetative > vegetative > vegetative	0	0	0	0	0	1	1	1	1	1
3	B	3B	611	3B611	vegetative	vegetative	flowering	dead_nf	dead_nf	NA	NA	blank	NA	blank	NA	blank	NA	NA	,||,	NA	vegetative > flowering	flowering > dead_nf	vegetative > flowering > dead_nf	vegetative > flowering > dead_nf > dead_nf	0	0	1	0	0	1	1	1	0	0
3	B	3B	612	3B612	vegetative	vegetative	vegetative	no_record	vegetative	NA	NA	blank	NA	blank	NA	blank	NA	NA	,||,	NA	vegetative > vegetative	vegetative > no_record	vegetative > vegetative > no_record	vegetative > vegetative > no_record > vegetative	0	0	0	NA	0	1	1	1	NA	1
3	B	3B	613	3B613	vegetative	recheck	dead_nf	dead_nf	dead_nf	NA	NA	blank	gone	nf	dead	dead	nf	NA	,gone|dead|,	NA	vegetative > dead_nf	dead_nf > dead_nf	vegetative > dead_nf > dead_nf	vegetative > dead_nf > dead_nf > dead_nf	0	NA	0	0	0	1	NA	0	0	0
3	B	3B	614	3B614	vegetative	vegetative	vegetative	vegetative	dead_nf	NA	NA	blank	NA	blank	NA	blank	blank	NA	,||,	NA	vegetative > vegetative	vegetative > vegetative	vegetative > vegetative > vegetative	vegetative > vegetative > vegetative > dead_nf	0	0	0	0	0	1	1	1	1	0
3	B	3B	615	3B615	vegetative	vegetative	vegetative	no_record	dead_nf	NA	NA	blank	NA	blank	NA	blank	NA	NA	,||,	NA	vegetative > vegetative	vegetative > no_record	vegetative > vegetative > no_record	vegetative > vegetative > no_record > dead_nf	0	0	0	NA	0	1	1	1	NA	0
3	B	3B	616	3B616	vegetative	vegetative	dead_nf	dead_nf	dead_nf	NA	NA	blank	NA	blank	dead	dead	nf	NA	,|dead|,	NA	vegetative > dead_nf	dead_nf > dead_nf	vegetative > dead_nf > dead_nf	vegetative > dead_nf > dead_nf > dead_nf	0	0	0	0	0	1	1	0	0	0
3	B	3B	617	3B617	vegetative	vegetative	vegetative	no_record	tagnf	NA	NA	blank	NA	blank	NA	blank	NA	NA	,||,	TAG DETACHED	vegetative > vegetative	vegetative > no_record	vegetative > vegetative > no_record	vegetative > vegetative > no_record > tagnf	0	0	0	NA	NA	1	1	1	NA	NA
3	B	3B	618	3B618	vegetative	vegetative	vegetative	flowering	dead_nf	NA	NA	blank	NA	blank	NA	blank	NA	NA	,||,	NA	vegetative > vegetative	vegetative > flowering	vegetative > vegetative > flowering	vegetative > vegetative > flowering > dead_nf	0	0	0	1	0	1	1	1	1	0
3	B	3B	619	3B619	vegetative	vegetative	vegetative	dead_nf	dead_nf	died and nf?	NA	blank	NA	blank	NA	blank	nf	NA	,||,died and nf?	NA	vegetative > vegetative	vegetative > dead_nf	vegetative > vegetative > dead_nf	vegetative > vegetative > dead_nf > dead_nf	0	0	0	0	0	1	1	1	0	0
3	B	3B	620	3B620	vegetative	dead_nf	dead_nf	dead_nf	dead_nf	NA	very wilted	blank	dead	dead	dead	dead	dead	NA	very wilted,dead|dead|,	NA	vegetative > dead_nf	dead_nf > dead_nf	vegetative > dead_nf > dead_nf	vegetative > dead_nf > dead_nf > dead_nf	0	0	0	0	0	1	0	0	0	0
3	B	3B	621	3B621	vegetative	vegetative	vegetative	flowering	dead_nf	NA	NA	blank	NA	blank	NA	blank	blank	NA	,||,	NA	vegetative > vegetative	vegetative > flowering	vegetative > vegetative > flowering	vegetative > vegetative > flowering > dead_nf	0	0	0	1	0	1	1	1	1	0
3	B	3B	622	3B622	vegetative	vegetative	vegetative	no_record	dead_nf	NA	NA	blank	NA	blank	NA	blank	NA	NA	,||,	NA	vegetative > vegetative	vegetative > no_record	vegetative > vegetative > no_record	vegetative > vegetative > no_record > dead_nf	0	0	0	NA	0	1	1	1	NA	0
3	B	3B	623	3B623	vegetative	vegetative	vegetative	no_record	flowering	NA	NA	blank	NA	blank	NA	blank	NA	NA	,||,	recheck - count stalks and rosettes	vegetative > vegetative	vegetative > no_record	vegetative > vegetative > no_record	vegetative > vegetative > no_record > flowering	0	0	0	NA	1	1	1	1	NA	1
3	B	3B	624	3B624	vegetative	vegetative	flowering	dead_nf	dead_nf	rosettes? flowered and lived?	NA	blank	NA	blank	NA	blank	chewed	NA	,||,rosettes? flowered and lived?	NA	vegetative > flowering	flowering > dead_nf	vegetative > flowering > dead_nf	vegetative > flowering > dead_nf > dead_nf	0	0	1	0	0	1	1	1	0	0
3	B	3B	686	3B686	vegetative	no_record	flowering	dead_nf	dead_nf	NA	NA	NA	NA	NA	NA	blank	dead	NA	,||,	NA	vegetative > flowering	flowering > dead_nf	vegetative > flowering > dead_nf	vegetative > flowering > dead_nf > dead_nf	0	NA	1	0	0	1	NA	1	0	0
3	B	3B	687	3B687	vegetative	no_record	flowering	dead_nf	dead_nf	NA	NA	NA	NA	NA	NA	blank	nf	NA	,||,	NA	vegetative > flowering	flowering > dead_nf	vegetative > flowering > dead_nf	vegetative > flowering > dead_nf > dead_nf	0	NA	1	0	0	1	NA	1	0	0
3	B	3B	821	3B821	vegetative	vegetative	vegetative	vegetative	flowering	NA	NA	blank	NA	blank	NA	blank	blank	NA	,||,	recheck - count stalks and rosettes	vegetative > vegetative	vegetative > vegetative	vegetative > vegetative > vegetative	vegetative > vegetative > vegetative > flowering	0	0	0	0	1	1	1	1	1	1
3	B	3B	822	3B822	vegetative	vegetative	vegetative	flowering	vegetative	NA	NA	blank	NA	blank	ts	ts	blank	NA	,|ts|,	NA	vegetative > vegetative	vegetative > flowering	vegetative > vegetative > flowering	vegetative > vegetative > flowering > vegetative	0	0	0	1	0	1	1	1	1	1
3	B	3B	823	3B823	vegetative	vegetative	flowering	vegetative	vegetative	flowered and lived?	NA	blank	NA	blank	NA	blank	blank	NA	,||,flowered and lived?	NA	vegetative > flowering	flowering > vegetative	vegetative > flowering > vegetative	vegetative > flowering > vegetative > vegetative	0	0	1	0	0	1	1	1	1	1
3	B	3B	824	3B824	flowering	no_record	dead_nf	dead_nf	tagnf	NA	NA	blank	NA	NA	dead	dead	dead	NA	,|dead|,	NA	flowering > dead_nf	dead_nf > dead_nf	flowering > dead_nf > dead_nf	flowering > dead_nf > dead_nf > tagnf	1	NA	0	0	NA	1	NA	0	0	NA
3	B	3B	825	3B825	vegetative	vegetative	vegetative	vegetative	vegetative	NA	NA	blank	NA	blank	NA	blank	blank	NA	,||,	NA	vegetative > vegetative	vegetative > vegetative	vegetative > vegetative > vegetative	vegetative > vegetative > vegetative > vegetative	0	0	0	0	0	1	1	1	1	1
3	B	3B	826	3B826	vegetative	vegetative	tagnf	dead_nf	dead_nf	tagnf last year	NA	blank	NA	blank	tagnf	tagnf	nf	NA	,|tagnf|,tagnf last year	NA	vegetative > tagnf	tagnf > dead_nf	vegetative > tagnf > dead_nf	vegetative > tagnf > dead_nf > dead_nf	0	0	NA	0	0	1	1	NA	0	0
3	B	3B	827	3B827	vegetative	vegetative	tagnf	tagnf	dead_nf	NA	NA	blank	NA	blank	tagnf	tagnf	tagnf	NA	,|tagnf|,	TAG FOUND	vegetative > tagnf	tagnf > tagnf	vegetative > tagnf > tagnf	vegetative > tagnf > tagnf > dead_nf	0	0	NA	NA	0	1	1	NA	NA	0
3	B	3B	828	3B828	vegetative	vegetative	vegetative	flowering	dead_nf	NA	NA	blank	NA	blank	NA	blank	blank	NA	,||,	NA	vegetative > vegetative	vegetative > flowering	vegetative > vegetative > flowering	vegetative > vegetative > flowering > dead_nf	0	0	0	1	0	1	1	1	1	0
3	B	3B	829	3B829	vegetative	vegetative	vegetative	dead_nf	dead_nf	died and nf?	munched	chewed	NA	blank	ts	ts	nf	NA	munched,|ts|,died and nf?	NA	vegetative > vegetative	vegetative > dead_nf	vegetative > vegetative > dead_nf	vegetative > vegetative > dead_nf > dead_nf	0	0	0	0	0	1	1	1	0	0
3	B	3B	830	3B830	vegetative	dead_nf	dead_nf	dead_nf	dead_nf	NA	munched	chewed	dead	dead	nf	nf	nf	NA	munched,dead|nf|,	NA	vegetative > dead_nf	dead_nf > dead_nf	vegetative > dead_nf > dead_nf	vegetative > dead_nf > dead_nf > dead_nf	0	0	0	0	0	1	0	0	0	0
3	B	3B	831	3B831	vegetative	vegetative	vegetative	flowering	dead_nf	NA	NA	blank	NA	blank	NA	blank	blank	already flagged	,||already flagged,	NA	vegetative > vegetative	vegetative > flowering	vegetative > vegetative > flowering	vegetative > vegetative > flowering > dead_nf	0	0	0	1	0	1	1	1	1	0
3	B	3B	832	3B832	vegetative	vegetative	vegetative	tagnf	dead_nf	NA	NA	blank	NA	blank	NA	blank	tagnf	NA	,||,	NA	vegetative > vegetative	vegetative > tagnf	vegetative > vegetative > tagnf	vegetative > vegetative > tagnf > dead_nf	0	0	0	NA	0	1	1	1	NA	0
3	B	3B	833	3B833	flowering	no_record	dead_nf	dead_nf	dead_nf	NA	NA	blank	NA	NA	dead	dead	dead	NA	,|dead|,	NA	flowering > dead_nf	dead_nf > dead_nf	flowering > dead_nf > dead_nf	flowering > dead_nf > dead_nf > dead_nf	1	NA	0	0	0	1	NA	0	0	0
3	B	3B	834	3B834	vegetative	vegetative	vegetative	vegetative	dead_nf	NA	NA	blank	NA	blank	NA	blank	blank	NA	,||,	NA	vegetative > vegetative	vegetative > vegetative	vegetative > vegetative > vegetative	vegetative > vegetative > vegetative > dead_nf	0	0	0	0	0	1	1	1	1	0
3	B	3B	835	3B835	vegetative	vegetative	vegetative	vegetative	vegetative	died and nf?	NA	blank	NA	blank	NA	blank	nf	NA	,||,died and nf?	NA	vegetative > vegetative	vegetative > vegetative	vegetative > vegetative > vegetative	vegetative > vegetative > vegetative > vegetative	0	0	0	0	0	1	1	1	1	1
3	B	3B	836	3B836	vegetative	vegetative	dead_nf	dead_nf	dead_nf	NA	NA	blank	NA	blank	dead	dead	nf	NA	,|dead|,	NA	vegetative > dead_nf	dead_nf > dead_nf	vegetative > dead_nf > dead_nf	vegetative > dead_nf > dead_nf > dead_nf	0	0	0	0	0	1	1	0	0	0
3	B	3B	837	3B837	vegetative	vegetative	vegetative	vegetative	vegetative	NA	NA	blank	NA	blank	NA	blank	blank	NA	,||,	NA	vegetative > vegetative	vegetative > vegetative	vegetative > vegetative > vegetative	vegetative > vegetative > vegetative > vegetative	0	0	0	0	0	1	1	1	1	1
3	B	3B	838	3B838	vegetative	vegetative	vegetative	flowering	dead_nf	NA	breaking	blank	NA	blank	NA	blank	blank	already flagged	breaking,||already flagged,	NA	vegetative > vegetative	vegetative > flowering	vegetative > vegetative > flowering	vegetative > vegetative > flowering > dead_nf	0	0	0	1	0	1	1	1	1	0
3	C	3C	122	3C122	vegetative	vegetative	flowering	vegetative	dead_nf	flowered and lived?	NA	blank	NA	blank	NA	blank	blank	NA	,||,flowered and lived?	NA	vegetative > flowering	flowering > vegetative	vegetative > flowering > vegetative	vegetative > flowering > vegetative > dead_nf	0	0	1	0	0	1	1	1	1	0
3	C	3C	123	3C123	vegetative	vegetative	vegetative	dead_nf	dead_nf	NA	NA	blank	NA	blank	NA	blank	dead	NA	,||,	NA	vegetative > vegetative	vegetative > dead_nf	vegetative > vegetative > dead_nf	vegetative > vegetative > dead_nf > dead_nf	0	0	0	0	0	1	1	1	0	0
3	C	3C	124	3C124	vegetative	vegetative	vegetative	vegetative	vegetative	NA	NA	blank	NA	blank	NA	blank	blank	NA	,||,	NA	vegetative > vegetative	vegetative > vegetative	vegetative > vegetative > vegetative	vegetative > vegetative > vegetative > vegetative	0	0	0	0	0	1	1	1	1	1
3	C	3C	125	3C125	vegetative	vegetative	vegetative	dead_nf	dead_nf	died and nf?	NA	blank	NA	blank	ts	ts	nf	NA	,|ts|,died and nf?	NA	vegetative > vegetative	vegetative > dead_nf	vegetative > vegetative > dead_nf	vegetative > vegetative > dead_nf > dead_nf	0	0	0	0	0	1	1	1	0	0
3	C	3C	126	3C126	vegetative	vegetative	vegetative	flowering	dead_nf	NA	NA	blank	NA	blank	ts	ts	blank	NA	,|ts|,	NA	vegetative > vegetative	vegetative > flowering	vegetative > vegetative > flowering	vegetative > vegetative > flowering > dead_nf	0	0	0	1	0	1	1	1	1	0
3	C	3C	127	3C127	flowering	no_record	dead_nf	dead_nf	dead_nf	NA	NA	blank	NA	NA	dead	dead	nf	NA	,|dead|,	NA	flowering > dead_nf	dead_nf > dead_nf	flowering > dead_nf > dead_nf	flowering > dead_nf > dead_nf > dead_nf	1	NA	0	0	0	1	NA	0	0	0
3	C	3C	128	3C128	vegetative	vegetative	vegetative	dead_nf	dead_nf	NA	NA	blank	NA	blank	NA	blank	dead	NA	,||,	NA	vegetative > vegetative	vegetative > dead_nf	vegetative > vegetative > dead_nf	vegetative > vegetative > dead_nf > dead_nf	0	0	0	0	0	1	1	1	0	0
3	C	3C	129	3C129	vegetative	vegetative	vegetative	dead_nf	dead_nf	NA	NA	blank	NA	blank	NA	blank	dead	NA	,||,	NA	vegetative > vegetative	vegetative > dead_nf	vegetative > vegetative > dead_nf	vegetative > vegetative > dead_nf > dead_nf	0	0	0	0	0	1	1	1	0	0
3	C	3C	130	3C130	vegetative	vegetative	flowering	dead_nf	dead_nf	NA	NA	blank	NA	blank	NA	blank	dead	NA	,||,	NA	vegetative > flowering	flowering > dead_nf	vegetative > flowering > dead_nf	vegetative > flowering > dead_nf > dead_nf	0	0	1	0	0	1	1	1	0	0
3	C	3C	131	3C131	vegetative	vegetative	flowering	flowering	dead_nf	NA	NA	blank	NA	blank	NA	blank	nf	NA	,||,	NA	vegetative > flowering	flowering > flowering	vegetative > flowering > flowering	vegetative > flowering > flowering > dead_nf	0	0	1	1	0	1	1	1	1	0
3	C	3C	132	3C132	flowering	no_record	dead_nf	dead_nf	dead_nf	NA	NA	blank	NA	NA	dead	dead	nf	NA	,|dead|,	NA	flowering > dead_nf	dead_nf > dead_nf	flowering > dead_nf > dead_nf	flowering > dead_nf > dead_nf > dead_nf	1	NA	0	0	0	1	NA	0	0	0
3	C	3C	133	3C133	vegetative	vegetative	vegetative	flowering	vegetative	NA	NA	blank	NA	blank	NA	blank	blank	NA	,||,	NA	vegetative > vegetative	vegetative > flowering	vegetative > vegetative > flowering	vegetative > vegetative > flowering > vegetative	0	0	0	1	0	1	1	1	1	1
3	C	3C	134	3C134	vegetative	vegetative	dead_nf	dead_nf	dead_nf	NA	NA	blank	NA	blank	dead	dead	nf	NA	,|dead|,	NA	vegetative > dead_nf	dead_nf > dead_nf	vegetative > dead_nf > dead_nf	vegetative > dead_nf > dead_nf > dead_nf	0	0	0	0	0	1	1	0	0	0
3	C	3C	135	3C135	vegetative	vegetative	vegetative	dead_nf	dead_nf	died and nf?	NA	blank	NA	blank	NA	blank	nf	NA	,||,died and nf?	NA	vegetative > vegetative	vegetative > dead_nf	vegetative > vegetative > dead_nf	vegetative > vegetative > dead_nf > dead_nf	0	0	0	0	0	1	1	1	0	0
3	C	3C	136	3C136	vegetative	vegetative	dead_nf	dead_nf	dead_nf	NA	NA	blank	NA	blank	dead	dead	NA	NA	,|dead|,	changed from NF to O	vegetative > dead_nf	dead_nf > dead_nf	vegetative > dead_nf > dead_nf	vegetative > dead_nf > dead_nf > dead_nf	0	0	0	0	0	1	1	0	0	0
3	C	3C	137	3C137	vegetative	vegetative	vegetative	flowering	dead_nf	NA	NA	blank	NA	blank	NA	blank	blank	NA	,||,	NA	vegetative > vegetative	vegetative > flowering	vegetative > vegetative > flowering	vegetative > vegetative > flowering > dead_nf	0	0	0	1	0	1	1	1	1	0
3	C	3C	138	3C138	vegetative	vegetative	flowering	dead_nf	dead_nf	NA	NA	blank	NA	blank	NA	blank	dead	flowered last year	,||flowered last year,	NA	vegetative > flowering	flowering > dead_nf	vegetative > flowering > dead_nf	vegetative > flowering > dead_nf > dead_nf	0	0	1	0	0	1	1	1	0	0
3	C	3C	139	3C139	vegetative	vegetative	vegetative	flowering	dead_nf	NA	NA	blank	NA	blank	NA	blank	blank	NA	,||,	NA	vegetative > vegetative	vegetative > flowering	vegetative > vegetative > flowering	vegetative > vegetative > flowering > dead_nf	0	0	0	1	0	1	1	1	1	0
3	C	3C	140	3C140	vegetative	vegetative	flowering	dead_nf	dead_nf	NA	NA	blank	NA	blank	NA	blank	nf	NA	,||,	NA	vegetative > flowering	flowering > dead_nf	vegetative > flowering > dead_nf	vegetative > flowering > dead_nf > dead_nf	0	0	1	0	0	1	1	1	0	0
3	C	3C	141	3C141	vegetative	vegetative	vegetative	tagnf	dead_nf	NA	NA	blank	NA	blank	NA	blank	tagnf	NA	,||,	NA	vegetative > vegetative	vegetative > tagnf	vegetative > vegetative > tagnf	vegetative > vegetative > tagnf > dead_nf	0	0	0	NA	0	1	1	1	NA	0
3	C	3C	142	3C142	vegetative	vegetative	flowering	flowering	dead_nf	flowered twice?	NA	blank	NA	blank	NA	blank	blank	NA	,||,flowered twice?	NA	vegetative > flowering	flowering > flowering	vegetative > flowering > flowering	vegetative > flowering > flowering > dead_nf	0	0	1	1	0	1	1	1	1	0
3	C	3C	143	3C143	vegetative	vegetative	flowering	flowering	dead_nf	flowered twice?	NA	blank	NA	blank	NA	blank	blank	NA	,||,flowered twice?	NA	vegetative > flowering	flowering > flowering	vegetative > flowering > flowering	vegetative > flowering > flowering > dead_nf	0	0	1	1	0	1	1	1	1	0
3	C	3C	144	3C144	vegetative	vegetative	vegetative	vegetative	vegetative	NA	NA	blank	NA	blank	ts	ts	blank	NA	,|ts|,	NA	vegetative > vegetative	vegetative > vegetative	vegetative > vegetative > vegetative	vegetative > vegetative > vegetative > vegetative	0	0	0	0	0	1	1	1	1	1
3	C	3C	145	3C145	vegetative	no_record	vegetative	dead_nf	dead_nf	died and nf?	missing	tagnf	NA	NA	NA	blank	nf	NA	missing,||,died and nf?	NA	vegetative > vegetative	vegetative > dead_nf	vegetative > vegetative > dead_nf	vegetative > vegetative > dead_nf > dead_nf	0	NA	0	0	0	1	NA	1	0	0
3	C	3C	146	3C146	vegetative	vegetative	flowering	dead_nf	dead_nf	NA	NA	blank	NA	blank	NA	blank	nf	NA	,||,	NA	vegetative > flowering	flowering > dead_nf	vegetative > flowering > dead_nf	vegetative > flowering > dead_nf > dead_nf	0	0	1	0	0	1	1	1	0	0
3	C	3C	147	3C147	flowering	no_record	dead_nf	dead_nf	dead_nf	NA	NA	blank	NA	NA	dead	dead	NA	NA	,|dead|,	changed from NF to O	flowering > dead_nf	dead_nf > dead_nf	flowering > dead_nf > dead_nf	flowering > dead_nf > dead_nf > dead_nf	1	NA	0	0	0	1	NA	0	0	0
3	C	3C	148	3C148	vegetative	vegetative	flowering	dead_nf	tagnf	NA	NA	blank	NA	blank	NA	blank	nf	NA	,||,	NA	vegetative > flowering	flowering > dead_nf	vegetative > flowering > dead_nf	vegetative > flowering > dead_nf > tagnf	0	0	1	0	NA	1	1	1	0	NA
3	C	3C	149	3C149	vegetative	vegetative	flowering	vegetative	flowering	flowered and lived?	NA	blank	NA	blank	NA	blank	blank	NA	,||,flowered and lived?	recheck - count stalks and rosettes	vegetative > flowering	flowering > vegetative	vegetative > flowering > vegetative	vegetative > flowering > vegetative > flowering	0	0	1	0	1	1	1	1	1	1
3	C	3C	150	3C150	vegetative	vegetative	flowering	dead_nf	dead_nf	NA	missing	tagnf	NA	blank	NA	blank	dead	NA	missing,||,	NA	vegetative > flowering	flowering > dead_nf	vegetative > flowering > dead_nf	vegetative > flowering > dead_nf > dead_nf	0	0	1	0	0	1	1	1	0	0
3	C	3C	151	3C151	vegetative	vegetative	flowering	dead_nf	dead_nf	NA	NA	blank	NA	blank	NA	blank	nf	NA	,||,	NA	vegetative > flowering	flowering > dead_nf	vegetative > flowering > dead_nf	vegetative > flowering > dead_nf > dead_nf	0	0	1	0	0	1	1	1	0	0
3	C	3C	152	3C152	vegetative	no_record	vegetative	flowering	dead_nf	NA	missing	tagnf	NA	NA	NA	blank	tagnf	NA	missing,||,	NA	vegetative > vegetative	vegetative > flowering	vegetative > vegetative > flowering	vegetative > vegetative > flowering > dead_nf	0	NA	0	1	0	1	NA	1	1	0
3	C	3C	153	3C153	vegetative	vegetative	vegetative	flowering	dead_nf	NA	NA	blank	NA	blank	NA	blank	blank	NA	,||,	NA	vegetative > vegetative	vegetative > flowering	vegetative > vegetative > flowering	vegetative > vegetative > flowering > dead_nf	0	0	0	1	0	1	1	1	1	0
3	C	3C	154	3C154	vegetative	vegetative	vegetative	flowering	dead_nf	NA	NA	blank	NA	blank	NA	blank	blank	NA	,||,	NA	vegetative > vegetative	vegetative > flowering	vegetative > vegetative > flowering	vegetative > vegetative > flowering > dead_nf	0	0	0	1	0	1	1	1	1	0
3	C	3C	155	3C155	vegetative	vegetative	vegetative	vegetative	vegetative	NA	NA	blank	NA	blank	NA	blank	blank	NA	,||,	NA	vegetative > vegetative	vegetative > vegetative	vegetative > vegetative > vegetative	vegetative > vegetative > vegetative > vegetative	0	0	0	0	0	1	1	1	1	1
3	C	3C	156	3C156	flowering	no_record	dead_nf	dead_nf	dead_nf	NA	NA	blank	NA	NA	dead	dead	nf	NA	,|dead|,	NA	flowering > dead_nf	dead_nf > dead_nf	flowering > dead_nf > dead_nf	flowering > dead_nf > dead_nf > dead_nf	1	NA	0	0	0	1	NA	0	0	0
3	C	3C	157	3C157	vegetative	vegetative	vegetative	vegetative	tagnf	NA	NA	blank	NA	blank	NA	blank	blank	NA	,||,	NA	vegetative > vegetative	vegetative > vegetative	vegetative > vegetative > vegetative	vegetative > vegetative > vegetative > tagnf	0	0	0	0	NA	1	1	1	1	NA
3	C	3C	158	3C158	vegetative	vegetative	vegetative	flowering	dead_nf	NA	NA	blank	NA	blank	NA	blank	blank	NA	,||,	NA	vegetative > vegetative	vegetative > flowering	vegetative > vegetative > flowering	vegetative > vegetative > flowering > dead_nf	0	0	0	1	0	1	1	1	1	0
3	C	3C	159	3C159	vegetative	vegetative	vegetative	flowering	dead_nf	NA	NA	blank	NA	blank	NA	blank	blank	NA	,||,	NA	vegetative > vegetative	vegetative > flowering	vegetative > vegetative > flowering	vegetative > vegetative > flowering > dead_nf	0	0	0	1	0	1	1	1	1	0
3	C	3C	160	3C160	vegetative	vegetative	vegetative	vegetative	dead_nf	NA	NA	blank	NA	blank	NA	blank	blank	NA	,||,	NA	vegetative > vegetative	vegetative > vegetative	vegetative > vegetative > vegetative	vegetative > vegetative > vegetative > dead_nf	0	0	0	0	0	1	1	1	1	0
3	C	3C	161	3C161	vegetative	vegetative	flowering	dead_nf	dead_nf	NA	NA	blank	NA	blank	NA	blank	nf	NA	,||,	NA	vegetative > flowering	flowering > dead_nf	vegetative > flowering > dead_nf	vegetative > flowering > dead_nf > dead_nf	0	0	1	0	0	1	1	1	0	0
3	C	3C	162	3C162	vegetative	vegetative	vegetative	vegetative	flowering	NA	NA	blank	NA	blank	NA	blank	blank	NA	,||,	recheck - count stalks and rosettes	vegetative > vegetative	vegetative > vegetative	vegetative > vegetative > vegetative	vegetative > vegetative > vegetative > flowering	0	0	0	0	1	1	1	1	1	1
3	C	3C	163	3C163	flowering	no_record	dead_nf	dead_nf	dead_nf	NA	NA	blank	NA	NA	dead	dead	nf	NA	,|dead|,	NA	flowering > dead_nf	dead_nf > dead_nf	flowering > dead_nf > dead_nf	flowering > dead_nf > dead_nf > dead_nf	1	NA	0	0	0	1	NA	0	0	0
3	C	3C	164	3C164	vegetative	vegetative	flowering	dead_nf	tagnf	died and nf?	NA	blank	NA	blank	NA	blank	nf	NA	,||,died and nf?	NA	vegetative > flowering	flowering > dead_nf	vegetative > flowering > dead_nf	vegetative > flowering > dead_nf > tagnf	0	0	1	0	NA	1	1	1	0	NA
3	C	3C	165	3C165	vegetative	recheck	vegetative	vegetative	vegetative	tagnf last year	NA	blank	gone	nf	tagnf	tagnf	blank	NA	,gone|tagnf|,tagnf last year	NA	vegetative > vegetative	vegetative > vegetative	vegetative > vegetative > vegetative	vegetative > vegetative > vegetative > vegetative	0	NA	0	0	0	1	NA	1	1	1
3	C	3C	166	3C166	vegetative	vegetative	vegetative	flowering	dead_nf	NA	NA	blank	NA	blank	NA	blank	blank	NA	,||,	NA	vegetative > vegetative	vegetative > flowering	vegetative > vegetative > flowering	vegetative > vegetative > flowering > dead_nf	0	0	0	1	0	1	1	1	1	0
3	C	3C	167	3C167	vegetative	vegetative	flowering	dead_nf	dead_nf	NA	NA	blank	NA	blank	NA	blank	dead	NA	,||,	NA	vegetative > flowering	flowering > dead_nf	vegetative > flowering > dead_nf	vegetative > flowering > dead_nf > dead_nf	0	0	1	0	0	1	1	1	0	0
3	C	3C	168	3C168	flowering	no_record	dead_nf	dead_nf	tagnf	NA	NA	blank	NA	NA	tagnf	tagnf	tagnf	NA	,|tagnf|,	NA	flowering > dead_nf	dead_nf > dead_nf	flowering > dead_nf > dead_nf	flowering > dead_nf > dead_nf > tagnf	1	NA	0	0	NA	1	NA	0	0	NA
3	C	3C	169	3C169	vegetative	vegetative	vegetative	flowering	dead_nf	NA	NA	blank	NA	blank	NA	blank	blank	NA	,||,	NA	vegetative > vegetative	vegetative > flowering	vegetative > vegetative > flowering	vegetative > vegetative > flowering > dead_nf	0	0	0	1	0	1	1	1	1	0
3	C	3C	170	3C170	vegetative	vegetative	vegetative	dead_nf	dead_nf	NA	NA	blank	NA	blank	NA	blank	dead	NA	,||,	NA	vegetative > vegetative	vegetative > dead_nf	vegetative > vegetative > dead_nf	vegetative > vegetative > dead_nf > dead_nf	0	0	0	0	0	1	1	1	0	0
3	C	3C	171	3C171	flowering	no_record	dead_nf	dead_nf	dead_nf	NA	NA	blank	NA	NA	dead	dead	nf	NA	,|dead|,	NA	flowering > dead_nf	dead_nf > dead_nf	flowering > dead_nf > dead_nf	flowering > dead_nf > dead_nf > dead_nf	1	NA	0	0	0	1	NA	0	0	0
3	C	3C	172	3C172	vegetative	vegetative	flowering	dead_nf	dead_nf	NA	NA	blank	NA	blank	NA	blank	dead	NA	,||,	NA	vegetative > flowering	flowering > dead_nf	vegetative > flowering > dead_nf	vegetative > flowering > dead_nf > dead_nf	0	0	1	0	0	1	1	1	0	0
3	C	3C	173	3C173	vegetative	vegetative	vegetative	flowering	dead_nf	NA	NA	blank	NA	blank	NA	blank	blank	NA	,||,	NA	vegetative > vegetative	vegetative > flowering	vegetative > vegetative > flowering	vegetative > vegetative > flowering > dead_nf	0	0	0	1	0	1	1	1	1	0
3	C	3C	174	3C174	vegetative	vegetative	vegetative	flowering	dead_nf	died and nf?	NA	blank	NA	blank	NA	blank	nf	NA	,||,died and nf?	NA	vegetative > vegetative	vegetative > flowering	vegetative > vegetative > flowering	vegetative > vegetative > flowering > dead_nf	0	0	0	1	0	1	1	1	1	0
3	C	3C	175	3C175	vegetative	vegetative	flowering	dead_nf	dead_nf	NA	NA	blank	NA	blank	NA	blank	dead	NA	,||,	NA	vegetative > flowering	flowering > dead_nf	vegetative > flowering > dead_nf	vegetative > flowering > dead_nf > dead_nf	0	0	1	0	0	1	1	1	0	0
3	C	3C	176	3C176	vegetative	vegetative	vegetative	tagnf	flowering	NA	NA	blank	NA	blank	NA	blank	tagnf	NA	,||,	recheck - count stalks and rosettes	vegetative > vegetative	vegetative > tagnf	vegetative > vegetative > tagnf	vegetative > vegetative > tagnf > flowering	0	0	0	NA	1	1	1	1	NA	1
3	C	3C	177	3C177	vegetative	vegetative	vegetative	flowering	dead_nf	NA	NA	blank	NA	blank	NA	blank	blank	NA	,||,	NA	vegetative > vegetative	vegetative > flowering	vegetative > vegetative > flowering	vegetative > vegetative > flowering > dead_nf	0	0	0	1	0	1	1	1	1	0
3	C	3C	178	3C178	vegetative	vegetative	dead_nf	dead_nf	dead_nf	NA	NA	blank	NA	blank	dead	dead	nf	NA	,|dead|,	NA	vegetative > dead_nf	dead_nf > dead_nf	vegetative > dead_nf > dead_nf	vegetative > dead_nf > dead_nf > dead_nf	0	0	0	0	0	1	1	0	0	0
3	C	3C	179	3C179	vegetative	vegetative	flowering	dead_nf	dead_nf	NA	NA	blank	NA	blank	NA	blank	nf	NA	,||,	NA	vegetative > flowering	flowering > dead_nf	vegetative > flowering > dead_nf	vegetative > flowering > dead_nf > dead_nf	0	0	1	0	0	1	1	1	0	0
3	C	3C	180	3C180	vegetative	vegetative	vegetative	dead_nf	dead_nf	NA	NA	blank	NA	blank	ts	ts	dead	NA	,|ts|,	NA	vegetative > vegetative	vegetative > dead_nf	vegetative > vegetative > dead_nf	vegetative > vegetative > dead_nf > dead_nf	0	0	0	0	0	1	1	1	0	0
3	C	3C	181	3C181	vegetative	vegetative	vegetative	dead_nf	vegetative	NA	NA	blank	NA	blank	NA	blank	dead	NA	,||,	NA	vegetative > vegetative	vegetative > dead_nf	vegetative > vegetative > dead_nf	vegetative > vegetative > dead_nf > vegetative	0	0	0	0	0	1	1	1	0	1
3	C	3C	182	3C182	vegetative	vegetative	flowering	dead_nf	dead_nf	NA	NA	blank	NA	blank	NA	blank	dead	NA	,||,	NA	vegetative > flowering	flowering > dead_nf	vegetative > flowering > dead_nf	vegetative > flowering > dead_nf > dead_nf	0	0	1	0	0	1	1	1	0	0
3	C	3C	183	3C183	vegetative	no_record	flowering	dead_nf	dead_nf	NA	NA	NA	NA	NA	NA	blank	nf	NA	,||,	NA	vegetative > flowering	flowering > dead_nf	vegetative > flowering > dead_nf	vegetative > flowering > dead_nf > dead_nf	0	NA	1	0	0	1	NA	1	0	0
3	C	3C	184	3C184	vegetative	no_record	flowering	dead_nf	dead_nf	flowered twice?	NA	NA	NA	NA	NA	blank	blank	NA	,||,flowered twice?	NA	vegetative > flowering	flowering > dead_nf	vegetative > flowering > dead_nf	vegetative > flowering > dead_nf > dead_nf	0	NA	1	0	0	1	NA	1	0	0
3	C	3C	185	3C185	vegetative	no_record	flowering	dead_nf	dead_nf	check tag #	NA	NA	NA	NA	NA	NA	nf	NA	,||,check tag #	NA	vegetative > flowering	flowering > dead_nf	vegetative > flowering > dead_nf	vegetative > flowering > dead_nf > dead_nf	0	NA	1	0	0	1	NA	1	0	0
3	C	3C	213	3C213	vegetative	no_record	vegetative	flowering	tagnf	NA	NA	NA	NA	NA	NA	NA	blank	tagged in 2020	,||tagged in 2020,	NA	vegetative > vegetative	vegetative > flowering	vegetative > vegetative > flowering	vegetative > vegetative > flowering > tagnf	0	NA	0	1	NA	1	NA	1	1	NA
3	C	3C	86	3C86	flowering	no_record	dead_nf	dead_nf	tagnf	NA	NA	NA	NA	NA	NA	NA	NA	NA	,||,	NA	flowering > dead_nf	dead_nf > dead_nf	flowering > dead_nf > dead_nf	flowering > dead_nf > dead_nf > tagnf	1	NA	0	0	NA	1	NA	0	0	NA
3	C	3C	94	3C94	flowering	no_record	dead_nf	dead_nf	dead_nf	check tag #	NA	NA	NA	NA	NA	NA	nf	NA	,||,check tag #	NA	flowering > dead_nf	dead_nf > dead_nf	flowering > dead_nf > dead_nf	flowering > dead_nf > dead_nf > dead_nf	1	NA	0	0	0	1	NA	0	0	0
3	D	3D	255	3D255	flowering	no_record	dead_nf	dead_nf	flowering	NA	NA	NA	NA	NA	NA	NA	nf	not on sheet, write-in	,||not on sheet, write-in,	recheck - count stalks and rosettes. Plant was dead for 2 years, new plant?	flowering > dead_nf	dead_nf > dead_nf	flowering > dead_nf > dead_nf	flowering > dead_nf > dead_nf > flowering	1	NA	0	0	1	1	NA	0	0	1
3	D	3D	839	3D839	vegetative	vegetative	vegetative	dead_nf	dead_nf	NA	NA	blank	NA	blank	ts	ts	nf	NA	,|ts|,	NA	vegetative > vegetative	vegetative > dead_nf	vegetative > vegetative > dead_nf	vegetative > vegetative > dead_nf > dead_nf	0	0	0	0	0	1	1	1	0	0
3	D	3D	840	3D840	vegetative	vegetative	vegetative	flowering	dead_nf	NA	NA	blank	NA	blank	L of tag; ts	ts	blank	NA	,|L of tag; ts|,	NA	vegetative > vegetative	vegetative > flowering	vegetative > vegetative > flowering	vegetative > vegetative > flowering > dead_nf	0	0	0	1	0	1	1	1	1	0
3	D	3D	841	3D841	vegetative	vegetative	vegetative	vegetative	vegetative	NA	NA	blank	NA	blank	NA	blank	blank	NA	,||,	NA	vegetative > vegetative	vegetative > vegetative	vegetative > vegetative > vegetative	vegetative > vegetative > vegetative > vegetative	0	0	0	0	0	1	1	1	1	1
3	D	3D	842	3D842	vegetative	no_record	vegetative	vegetative	vegetative	NA	NA	tagnf	NA	NA	NA	blank	blank	NA	,||,	NA	vegetative > vegetative	vegetative > vegetative	vegetative > vegetative > vegetative	vegetative > vegetative > vegetative > vegetative	0	NA	0	0	0	1	NA	1	1	1
3	D	3D	843	3D843	vegetative	no_record	dead_nf	dead_nf	dead_nf	NA	shriveled	ts	NA	NA	dead	dead	nf	NA	shriveled,|dead|,	NA	vegetative > dead_nf	dead_nf > dead_nf	vegetative > dead_nf > dead_nf	vegetative > dead_nf > dead_nf > dead_nf	0	NA	0	0	0	1	NA	0	0	0
3	D	3D	844	3D844	vegetative	vegetative	vegetative	dead_nf	dead_nf	died and nf?	NA	blank	NA	blank	ts	ts	nf	NA	,|ts|,died and nf?	NA	vegetative > vegetative	vegetative > dead_nf	vegetative > vegetative > dead_nf	vegetative > vegetative > dead_nf > dead_nf	0	0	0	0	0	1	1	1	0	0
3	D	3D	845	3D845	vegetative	no_record	vegetative	vegetative	vegetative	NA	NA	tagnf	NA	NA	ts	ts	blank	NA	,|ts|,	NA	vegetative > vegetative	vegetative > vegetative	vegetative > vegetative > vegetative	vegetative > vegetative > vegetative > vegetative	0	NA	0	0	0	1	NA	1	1	1
3	D	3D	846	3D846	vegetative	vegetative	tagnf	tagnf	dead_nf	NA	NA	blank	NA	blank	tagnf	tagnf	tagnf	NA	,|tagnf|,	NA	vegetative > tagnf	tagnf > tagnf	vegetative > tagnf > tagnf	vegetative > tagnf > tagnf > dead_nf	0	0	NA	NA	0	1	1	NA	NA	0
3	D	3D	847	3D847	flowering	no_record	vegetative	dead_nf	dead_nf	died and nf?	NA	tagnf	NA	NA	ts	ts	nf	NA	,|ts|,died and nf?	NA	flowering > vegetative	vegetative > dead_nf	flowering > vegetative > dead_nf	flowering > vegetative > dead_nf > dead_nf	1	NA	0	0	0	1	NA	1	0	0
3	D	3D	848	3D848	vegetative	vegetative	dead_nf	dead_nf	dead_nf	NA	NA	blank	NA	blank	dead	dead	nf	NA	,|dead|,	NA	vegetative > dead_nf	dead_nf > dead_nf	vegetative > dead_nf > dead_nf	vegetative > dead_nf > dead_nf > dead_nf	0	0	0	0	0	1	1	0	0	0
3	D	3D	849	3D849	vegetative	no_record	vegetative	vegetative	vegetative	NA	NA	tagnf	NA	NA	down from tag	blank	blank	NA	,|down from tag|,	NA	vegetative > vegetative	vegetative > vegetative	vegetative > vegetative > vegetative	vegetative > vegetative > vegetative > vegetative	0	NA	0	0	0	1	NA	1	1	1
3	D	3D	850	3D850	vegetative	no_record	tagnf	tagnf	dead_nf	NA	NA	tagnf	NA	NA	tagnf	tagnf	tagnf	NA	,|tagnf|,	NA	vegetative > tagnf	tagnf > tagnf	vegetative > tagnf > tagnf	vegetative > tagnf > tagnf > dead_nf	0	NA	NA	NA	0	1	NA	NA	NA	0
3	D	3D	851	3D851	vegetative	no_record	vegetative	flowering	dead_nf	NA	NA	tagnf	NA	NA	NA	blank	blank	NA	,||,	NA	vegetative > vegetative	vegetative > flowering	vegetative > vegetative > flowering	vegetative > vegetative > flowering > dead_nf	0	NA	0	1	0	1	NA	1	1	0
3	D	3D	852	3D852	flowering	no_record	vegetative	no_record	vegetative	NA	NA	tagnf	NA	NA	NA	blank	NA	NA	,||,	NA	flowering > vegetative	vegetative > no_record	flowering > vegetative > no_record	flowering > vegetative > no_record > vegetative	1	NA	0	NA	0	1	NA	1	NA	1
3	D	3D	853	3D853	flowering	vegetative	dead_nf	dead_nf	tagnf	NA	NA	blank	NA	blank	dead	dead	nf	NA	,|dead|,	TAG DETACHED - changed from NF to TNF	flowering > dead_nf	dead_nf > dead_nf	flowering > dead_nf > dead_nf	flowering > dead_nf > dead_nf > tagnf	1	0	0	0	NA	1	1	0	0	NA
3	D	3D	854	3D854	vegetative	no_record	vegetative	flowering	flowering	NA	NA	tagnf	NA	NA	tagnf	tagnf	tagnf	NA	,|tagnf|,	854 VERY CLOSE TO 855, HARD TO TELL WHICH. recheck - count stalks and rosettes	vegetative > vegetative	vegetative > flowering	vegetative > vegetative > flowering	vegetative > vegetative > flowering > flowering	0	NA	0	1	1	1	NA	1	1	1
3	D	3D	855	3D855	vegetative	vegetative	vegetative	dead_nf	dead_nf	died and nf?	NA	blank	NA	blank	ts	ts	nf	NA	,|ts|,died and nf?	854 VERY CLOSE TO 855, HARD TO TELL WHICH. recheck	vegetative > vegetative	vegetative > dead_nf	vegetative > vegetative > dead_nf	vegetative > vegetative > dead_nf > dead_nf	0	0	0	0	0	1	1	1	0	0
3	D	3D	856	3D856	flowering	vegetative	dead_nf	dead_nf	dead_nf	NA	NA	blank	NA	blank	dead	dead	NA	NA	,|dead|,	NA	flowering > dead_nf	dead_nf > dead_nf	flowering > dead_nf > dead_nf	flowering > dead_nf > dead_nf > dead_nf	1	0	0	0	0	1	1	0	0	0
3	D	3D	857	3D857	flowering	no_record	dead_nf	dead_nf	dead_nf	NA	NA	blank	NA	NA	nf	nf	nf	NA	,|nf|,	NA	flowering > dead_nf	dead_nf > dead_nf	flowering > dead_nf > dead_nf	flowering > dead_nf > dead_nf > dead_nf	1	NA	0	0	0	1	NA	0	0	0
3	D	3D	858	3D858	flowering	vegetative	dead_nf	dead_nf	dead_nf	NA	NA	blank	NA	blank	nf	nf	NA	NA	,|nf|,	COKE TAG	flowering > dead_nf	dead_nf > dead_nf	flowering > dead_nf > dead_nf	flowering > dead_nf > dead_nf > dead_nf	1	0	0	0	0	1	1	0	0	0
3	D	3D	859	3D859	vegetative	no_record	dead_nf	dead_nf	dead_nf	NA	NA	tagnf	NA	NA	nf	nf	nf	NA	,|nf|,	NA	vegetative > dead_nf	dead_nf > dead_nf	vegetative > dead_nf > dead_nf	vegetative > dead_nf > dead_nf > dead_nf	0	NA	0	0	0	1	NA	0	0	0
3	D	3D	860	3D860	vegetative	vegetative	dead_nf	dead_nf	dead_nf	NA	NA	blank	NA	blank	nf	nf	nf	NA	,|nf|,	NA	vegetative > dead_nf	dead_nf > dead_nf	vegetative > dead_nf > dead_nf	vegetative > dead_nf > dead_nf > dead_nf	0	0	0	0	0	1	1	0	0	0
3	D	3D	861	3D861	vegetative	vegetative	dead_nf	dead_nf	dead_nf	NA	NA	blank	NA	blank	nf	nf	nf	NA	,|nf|,	NA	vegetative > dead_nf	dead_nf > dead_nf	vegetative > dead_nf > dead_nf	vegetative > dead_nf > dead_nf > dead_nf	0	0	0	0	0	1	1	0	0	0
3	D	3D	862	3D862	vegetative	no_record	dead_nf	dead_nf	dead_nf	NA	NA	tagnf	NA	NA	dead	dead	tagnf	NA	,|dead|,	NA	vegetative > dead_nf	dead_nf > dead_nf	vegetative > dead_nf > dead_nf	vegetative > dead_nf > dead_nf > dead_nf	0	NA	0	0	0	1	NA	0	0	0
3	D	3D	863	3D863	vegetative	vegetative	vegetative	vegetative	vegetative	NA	NA	tagnf	NA	blank	NA	blank	blank	NA	,||,	NA	vegetative > vegetative	vegetative > vegetative	vegetative > vegetative > vegetative	vegetative > vegetative > vegetative > vegetative	0	0	0	0	0	1	1	1	1	1
3	D	3D	864	3D864	vegetative	vegetative	vegetative	flowering	dead_nf	NA	NA	blank	NA	blank	NA	blank	blank	NA	,||,	NA	vegetative > vegetative	vegetative > flowering	vegetative > vegetative > flowering	vegetative > vegetative > flowering > dead_nf	0	0	0	1	0	1	1	1	1	0
3	D	3D	865	3D865	vegetative	vegetative	vegetative	vegetative	vegetative	NA	NA	blank	NA	blank	down from tag	blank	blank	NA	,|down from tag|,	NA	vegetative > vegetative	vegetative > vegetative	vegetative > vegetative > vegetative	vegetative > vegetative > vegetative > vegetative	0	0	0	0	0	1	1	1	1	1
3	D	3D	866	3D866	vegetative	no_record	dead_nf	dead_nf	dead_nf	NA	NA	tagnf	NA	NA	nf	nf	nf	NA	,|nf|,	NA	vegetative > dead_nf	dead_nf > dead_nf	vegetative > dead_nf > dead_nf	vegetative > dead_nf > dead_nf > dead_nf	0	NA	0	0	0	1	NA	0	0	0
3	D	3D	867	3D867	vegetative	vegetative	tagnf	tagnf	dead_nf	NA	NA	blank	NA	blank	tagnf	tagnf	tagnf	NA	,|tagnf|,	NA	vegetative > tagnf	tagnf > tagnf	vegetative > tagnf > tagnf	vegetative > tagnf > tagnf > dead_nf	0	0	NA	NA	0	1	1	NA	NA	0
3	D	3D	868	3D868	vegetative	no_record	vegetative	vegetative	tagnf	NA	NA	tagnf	NA	NA	ts	ts	blank	NA	,|ts|,	NA	vegetative > vegetative	vegetative > vegetative	vegetative > vegetative > vegetative	vegetative > vegetative > vegetative > tagnf	0	NA	0	0	NA	1	NA	1	1	NA
3	D	3D	869	3D869	vegetative	vegetative	dead_nf	dead_nf	dead_nf	NA	NA	blank	NA	blank	dead	dead	nf	NA	,|dead|,	NA	vegetative > dead_nf	dead_nf > dead_nf	vegetative > dead_nf > dead_nf	vegetative > dead_nf > dead_nf > dead_nf	0	0	0	0	0	1	1	0	0	0
3	D	3D	870	3D870	vegetative	vegetative	tagnf	dead_nf	dead_nf	NA	NA	blank	NA	blank	tagnf	tagnf	nf	NA	,|tagnf|,	NA	vegetative > tagnf	tagnf > dead_nf	vegetative > tagnf > dead_nf	vegetative > tagnf > dead_nf > dead_nf	0	0	NA	0	0	1	1	NA	0	0
3	D	3D	871	3D871	vegetative	no_record	tagnf	dead_nf	dead_nf	NA	NA	tagnf	NA	NA	tagnf	tagnf	nf	NA	,|tagnf|,	NA	vegetative > tagnf	tagnf > dead_nf	vegetative > tagnf > dead_nf	vegetative > tagnf > dead_nf > dead_nf	0	NA	NA	0	0	1	NA	NA	0	0
3	D	3D	872	3D872	vegetative	no_record	dead_nf	dead_nf	dead_nf	NA	NA	tagnf	NA	NA	dead	dead	nf	NA	,|dead|,	NA	vegetative > dead_nf	dead_nf > dead_nf	vegetative > dead_nf > dead_nf	vegetative > dead_nf > dead_nf > dead_nf	0	NA	0	0	0	1	NA	0	0	0
3	D	3D	873	3D873	vegetative	no_record	dead_nf	dead_nf	dead_nf	NA	NA	tagnf	NA	NA	nf	nf	nf	NA	,|nf|,	NA	vegetative > dead_nf	dead_nf > dead_nf	vegetative > dead_nf > dead_nf	vegetative > dead_nf > dead_nf > dead_nf	0	NA	0	0	0	1	NA	0	0	0
3	D	3D	874	3D874	flowering	no_record	dead_nf	dead_nf	dead_nf	NA	NA	blank	NA	NA	dead	dead	nf	NA	,|dead|,	NA	flowering > dead_nf	dead_nf > dead_nf	flowering > dead_nf > dead_nf	flowering > dead_nf > dead_nf > dead_nf	1	NA	0	0	0	1	NA	0	0	0
3	D	3D	875	3D875	vegetative	vegetative	vegetative	flowering	dead_nf	NA	NA	tagnf	NA	blank	NA	blank	blank	NA	,||,	NA	vegetative > vegetative	vegetative > flowering	vegetative > vegetative > flowering	vegetative > vegetative > flowering > dead_nf	0	0	0	1	0	1	1	1	1	0
3	D	3D	876	3D876	vegetative	no_record	vegetative	flowering	dead_nf	NA	NA	tagnf	NA	NA	NA	blank	blank	NA	,||,	NA	vegetative > vegetative	vegetative > flowering	vegetative > vegetative > flowering	vegetative > vegetative > flowering > dead_nf	0	NA	0	1	0	1	NA	1	1	0
3	D	3D	877	3D877	flowering	no_record	dead_nf	dead_nf	dead_nf	NA	NA	blank	NA	NA	dead	dead	nf	NA	,|dead|,	NA	flowering > dead_nf	dead_nf > dead_nf	flowering > dead_nf > dead_nf	flowering > dead_nf > dead_nf > dead_nf	1	NA	0	0	0	1	NA	0	0	0
3	D	3D	878	3D878	flowering	no_record	dead_nf	dead_nf	tagnf	NA	NA	blank	NA	NA	tagnf	tagnf	tagnf	NA	,|tagnf|,	NA	flowering > dead_nf	dead_nf > dead_nf	flowering > dead_nf > dead_nf	flowering > dead_nf > dead_nf > tagnf	1	NA	0	0	NA	1	NA	0	0	NA
3	D	3D	879	3D879	flowering	no_record	dead_nf	dead_nf	dead_nf	NA	NA	blank	NA	NA	dead	dead	nf	NA	,|dead|,	NA	flowering > dead_nf	dead_nf > dead_nf	flowering > dead_nf > dead_nf	flowering > dead_nf > dead_nf > dead_nf	1	NA	0	0	0	1	NA	0	0	0
3	D	3D	880	3D880	vegetative	no_record	vegetative	tagnf	dead_nf	NA	NA	tagnf	NA	NA	down from tag	blank	tagnf	NA	,|down from tag|,	NA	vegetative > vegetative	vegetative > tagnf	vegetative > vegetative > tagnf	vegetative > vegetative > tagnf > dead_nf	0	NA	0	NA	0	1	NA	1	NA	0
3	D	3D	881	3D881	vegetative	no_record	vegetative	flowering	dead_nf	NA	NA	tagnf	NA	NA	NA	blank	blank	NA	,||,	NA	vegetative > vegetative	vegetative > flowering	vegetative > vegetative > flowering	vegetative > vegetative > flowering > dead_nf	0	NA	0	1	0	1	NA	1	1	0
3	D	3D	882	3D882	vegetative	vegetative	dead_nf	dead_nf	dead_nf	NA	NA	blank	NA	blank	nf	nf	nf	NA	,|nf|,	NA	vegetative > dead_nf	dead_nf > dead_nf	vegetative > dead_nf > dead_nf	vegetative > dead_nf > dead_nf > dead_nf	0	0	0	0	0	1	1	0	0	0
3	D	3D	883	3D883	vegetative	no_record	vegetative	dead_nf	tagnf	died and nf?	NA	tagnf	NA	NA	below tag	blank	nf	NA	,|below tag|,died and nf?	NA	vegetative > vegetative	vegetative > dead_nf	vegetative > vegetative > dead_nf	vegetative > vegetative > dead_nf > tagnf	0	NA	0	0	NA	1	NA	1	0	NA
3	D	3D	884	3D884	flowering	no_record	dead_nf	dead_nf	dead_nf	NA	NA	blank	NA	NA	dead	dead	nf	NA	,|dead|,	NA	flowering > dead_nf	dead_nf > dead_nf	flowering > dead_nf > dead_nf	flowering > dead_nf > dead_nf > dead_nf	1	NA	0	0	0	1	NA	0	0	0
3	D	3D	886	3D886	vegetative	no_record	vegetative	flowering	dead_nf	NA	NA	tagnf	NA	NA	NA	blank	blank	NA	,||,	NA	vegetative > vegetative	vegetative > flowering	vegetative > vegetative > flowering	vegetative > vegetative > flowering > dead_nf	0	NA	0	1	0	1	NA	1	1	0
3	D	3D	887	3D887	vegetative	no_record	vegetative	tagnf	vegetative	NA	NA	tagnf	NA	NA	NA	blank	tagnf	NA	,||,	NA	vegetative > vegetative	vegetative > tagnf	vegetative > vegetative > tagnf	vegetative > vegetative > tagnf > vegetative	0	NA	0	NA	0	1	NA	1	NA	1
3	D	3D	888	3D888	vegetative	vegetative	vegetative	vegetative	flowering	died and nf?	could be 2 rosettes-check	blank	NA	blank	left of tag	blank	nf	NA	could be 2 rosettes-check,|left of tag|,died and nf?	recheck - count stalks and rosettes	vegetative > vegetative	vegetative > vegetative	vegetative > vegetative > vegetative	vegetative > vegetative > vegetative > flowering	0	0	0	0	1	1	1	1	1	1
3	D	3D	889	3D889	vegetative	vegetative	vegetative	flowering	dead_nf	NA	NA	blank	NA	blank	NA	blank	blank	NA	,||,	NA	vegetative > vegetative	vegetative > flowering	vegetative > vegetative > flowering	vegetative > vegetative > flowering > dead_nf	0	0	0	1	0	1	1	1	1	0
3	D	3D	890	3D890	vegetative	no_record	vegetative	vegetative	vegetative	NA	NA	tagnf	NA	NA	ts	ts	blank	NA	,|ts|,	NA	vegetative > vegetative	vegetative > vegetative	vegetative > vegetative > vegetative	vegetative > vegetative > vegetative > vegetative	0	NA	0	0	0	1	NA	1	1	1
3	D	3D	891	3D891	vegetative	vegetative	vegetative	vegetative	flowering	NA	NA	blank	NA	blank	NA	blank	blank	NA	,||,	recheck - count stalks and rosettes	vegetative > vegetative	vegetative > vegetative	vegetative > vegetative > vegetative	vegetative > vegetative > vegetative > flowering	0	0	0	0	1	1	1	1	1	1
3	D	3D	892	3D892	vegetative	no_record	vegetative	flowering	dead_nf	NA	NA	tagnf	NA	NA	NA	blank	tagnf	NA	,||,	NA	vegetative > vegetative	vegetative > flowering	vegetative > vegetative > flowering	vegetative > vegetative > flowering > dead_nf	0	NA	0	1	0	1	NA	1	1	0
3	D	3D	893	3D893	vegetative	vegetative	vegetative	flowering	dead_nf	NA	NA	blank	NA	blank	R of tag	blank	blank	NA	,|R of tag|,	NA	vegetative > vegetative	vegetative > flowering	vegetative > vegetative > flowering	vegetative > vegetative > flowering > dead_nf	0	0	0	1	0	1	1	1	1	0
3	D	3D	894	3D894	vegetative	vegetative	vegetative	flowering	flowering	NA	plant is up from tag	blank	NA	blank	NA	blank	tagnf	NA	plant is up from tag,||,	recheck - count stalks and rosettes	vegetative > vegetative	vegetative > flowering	vegetative > vegetative > flowering	vegetative > vegetative > flowering > flowering	0	0	0	1	1	1	1	1	1	1
3	D	3D	895	3D895	vegetative	vegetative	vegetative	flowering	flowering	NA	NA	blank	NA	blank	NA	blank	blank	NA	,||,	ATTACHED DEAD F FROM LAST YEAR. recheck - count stalks and rosettes	vegetative > vegetative	vegetative > flowering	vegetative > vegetative > flowering	vegetative > vegetative > flowering > flowering	0	0	0	1	1	1	1	1	1	1
3	D	3D	896	3D896	vegetative	vegetative	flowering	dead_nf	dead_nf	died and nf?	NA	blank	NA	blank	NA	blank	nf	NA	,||,died and nf?	NA	vegetative > flowering	flowering > dead_nf	vegetative > flowering > dead_nf	vegetative > flowering > dead_nf > dead_nf	0	0	1	0	0	1	1	1	0	0
3	D	3D	897	3D897	vegetative	vegetative	vegetative	dead_nf	dead_nf	NA	NA	blank	NA	blank	ts	ts	dead	NA	,|ts|,	NA	vegetative > vegetative	vegetative > dead_nf	vegetative > vegetative > dead_nf	vegetative > vegetative > dead_nf > dead_nf	0	0	0	0	0	1	1	1	0	0
3	D	3D	898	3D898	vegetative	vegetative	dead_nf	dead_nf	dead_nf	NA	NA	blank	NA	blank	nf	nf	nf	dug up, tag in a hole	,|nf|dug up, tag in a hole,	NA	vegetative > dead_nf	dead_nf > dead_nf	vegetative > dead_nf > dead_nf	vegetative > dead_nf > dead_nf > dead_nf	0	0	0	0	0	1	1	0	0	0
3	D	3D	899	3D899	vegetative	vegetative	dead_nf	dead_nf	dead_nf	NA	NA	blank	NA	blank	nf	nf	nf	NA	,|nf|,	NA	vegetative > dead_nf	dead_nf > dead_nf	vegetative > dead_nf > dead_nf	vegetative > dead_nf > dead_nf > dead_nf	0	0	0	0	0	1	1	0	0	0
3	D	3D	900	3D900	vegetative	vegetative	vegetative	vegetative	dead_nf	NA	NA	blank	NA	blank	ts	ts	blank	NA	,|ts|,	NA	vegetative > vegetative	vegetative > vegetative	vegetative > vegetative > vegetative	vegetative > vegetative > vegetative > dead_nf	0	0	0	0	0	1	1	1	1	0
4	A	4A	100	4A100	vegetative	vegetative	vegetative	no_record	vegetative	NA	NA	blank	NA	blank	NA	blank	NA	NA	,||,	NA	vegetative > vegetative	vegetative > no_record	vegetative > vegetative > no_record	vegetative > vegetative > no_record > vegetative	0	0	0	NA	0	1	1	1	NA	1
4	A	4A	101	4A101	vegetative	vegetative	vegetative	flowering	dead_nf	NA	NA	blank	NA	blank	NA	blank	blank	NA	,||,	NA	vegetative > vegetative	vegetative > flowering	vegetative > vegetative > flowering	vegetative > vegetative > flowering > dead_nf	0	0	0	1	0	1	1	1	1	0
4	A	4A	102	4A102	vegetative	no_record	vegetative	vegetative	flowering	NA	NA	tagnf	NA	NA	NA	blank	blank	NA	,||,	NA	vegetative > vegetative	vegetative > vegetative	vegetative > vegetative > vegetative	vegetative > vegetative > vegetative > flowering	0	NA	0	0	1	1	NA	1	1	1
4	A	4A	103	4A103	vegetative	vegetative	dead_nf	dead_nf	dead_nf	NA	NA	blank	NA	blank	dead	dead	nf	NA	,|dead|,	NA	vegetative > dead_nf	dead_nf > dead_nf	vegetative > dead_nf > dead_nf	vegetative > dead_nf > dead_nf > dead_nf	0	0	0	0	0	1	1	0	0	0
4	A	4A	104	4A104	vegetative	vegetative	dead_nf	dead_nf	dead_nf	NA	NA	tagnf	NA	blank	dead	dead	NA	NA	,|dead|,	Nothing on tag, changed from NF to O	vegetative > dead_nf	dead_nf > dead_nf	vegetative > dead_nf > dead_nf	vegetative > dead_nf > dead_nf > dead_nf	0	0	0	0	0	1	1	0	0	0
4	A	4A	105	4A105	vegetative	vegetative	vegetative	dead_nf	dead_nf	NA	NA	blank	NA	blank	NA	blank	dead	NA	,||,	NA	vegetative > vegetative	vegetative > dead_nf	vegetative > vegetative > dead_nf	vegetative > vegetative > dead_nf > dead_nf	0	0	0	0	0	1	1	1	0	0
4	A	4A	106	4A106	vegetative	vegetative	dead_nf	dead_nf	dead_nf	NA	NA	blank	NA	blank	dead	dead	nf	NA	,|dead|,	NA	vegetative > dead_nf	dead_nf > dead_nf	vegetative > dead_nf > dead_nf	vegetative > dead_nf > dead_nf > dead_nf	0	0	0	0	0	1	1	0	0	0
4	A	4A	107	4A107	vegetative	vegetative	vegetative	flowering	dead_nf	NA	NA	blank	NA	blank	NA	blank	blank	NA	,||,	NA	vegetative > vegetative	vegetative > flowering	vegetative > vegetative > flowering	vegetative > vegetative > flowering > dead_nf	0	0	0	1	0	1	1	1	1	0
4	A	4A	108	4A108	vegetative	vegetative	vegetative	vegetative	flowering	refound?	NA	blank	NA	blank	nf	nf	blank	NA	,|nf|,refound?	NA	vegetative > vegetative	vegetative > vegetative	vegetative > vegetative > vegetative	vegetative > vegetative > vegetative > flowering	0	0	0	0	1	1	1	1	1	1
4	A	4A	109	4A109	vegetative	vegetative	vegetative	flowering	dead_nf	NA	NA	blank	NA	blank	NA	blank	blank	NA	,||,	NA	vegetative > vegetative	vegetative > flowering	vegetative > vegetative > flowering	vegetative > vegetative > flowering > dead_nf	0	0	0	1	0	1	1	1	1	0
4	A	4A	110	4A110	vegetative	vegetative	vegetative	flowering	tagnf	NA	NA	blank	NA	blank	NA	blank	blank	NA	,||,	NA	vegetative > vegetative	vegetative > flowering	vegetative > vegetative > flowering	vegetative > vegetative > flowering > tagnf	0	0	0	1	NA	1	1	1	1	NA
4	A	4A	111	4A111	vegetative	vegetative	vegetative	vegetative	flowering	NA	NA	blank	NA	blank	ts	ts	blank	NA	,|ts|,	NA	vegetative > vegetative	vegetative > vegetative	vegetative > vegetative > vegetative	vegetative > vegetative > vegetative > flowering	0	0	0	0	1	1	1	1	1	1
4	A	4A	112	4A112	flowering	vegetative	dead_nf	dead_nf	dead_nf	NA	NA	blank	NA	blank	nf	nf	nf	NA	,|nf|,	NA	flowering > dead_nf	dead_nf > dead_nf	flowering > dead_nf > dead_nf	flowering > dead_nf > dead_nf > dead_nf	1	0	0	0	0	1	1	0	0	0
4	A	4A	113	4A113	vegetative	vegetative	vegetative	dead_nf	dead_nf	NA	NA	blank	NA	blank	NA	blank	dead	NA	,||,	Next to untagged flowering plant	vegetative > vegetative	vegetative > dead_nf	vegetative > vegetative > dead_nf	vegetative > vegetative > dead_nf > dead_nf	0	0	0	0	0	1	1	1	0	0
4	A	4A	114	4A114	vegetative	vegetative	vegetative	flowering	dead_nf	refound?	NA	blank	NA	blank	nf	nf	blank	NA	,|nf|,refound?	NA	vegetative > vegetative	vegetative > flowering	vegetative > vegetative > flowering	vegetative > vegetative > flowering > dead_nf	0	0	0	1	0	1	1	1	1	0
4	A	4A	115	4A115	vegetative	vegetative	vegetative	flowering	dead_nf	rosettes? flowering? refound?	NA	blank	NA	blank	nf	nf	chewed	NA	,|nf|,rosettes? flowering? refound?	NA	vegetative > vegetative	vegetative > flowering	vegetative > vegetative > flowering	vegetative > vegetative > flowering > dead_nf	0	0	0	1	0	1	1	1	1	0
4	A	4A	116	4A116	vegetative	vegetative	vegetative	flowering	dead_nf	rosettes?	NA	blank	NA	blank	NA	blank	blank	NA	,||,rosettes?	NA	vegetative > vegetative	vegetative > flowering	vegetative > vegetative > flowering	vegetative > vegetative > flowering > dead_nf	0	0	0	1	0	1	1	1	1	0
4	A	4A	117	4A117	flowering	vegetative	dead_nf	dead_nf	dead_nf	NA	NA	blank	NA	blank	nf	nf	nf	NA	,|nf|,	NA	flowering > dead_nf	dead_nf > dead_nf	flowering > dead_nf > dead_nf	flowering > dead_nf > dead_nf > dead_nf	1	0	0	0	0	1	1	0	0	0
4	A	4A	118	4A118	vegetative	vegetative	dead_nf	dead_nf	tagnf	NA	NA	blank	NA	blank	nf	nf	nf	NA	,|nf|,	NA	vegetative > dead_nf	dead_nf > dead_nf	vegetative > dead_nf > dead_nf	vegetative > dead_nf > dead_nf > tagnf	0	0	0	0	NA	1	1	0	0	NA
4	A	4A	119	4A119	vegetative	vegetative	dead_nf	dead_nf	tagnf	NA	NA	blank	NA	blank	nf	nf	nf	NA	,|nf|,	NA	vegetative > dead_nf	dead_nf > dead_nf	vegetative > dead_nf > dead_nf	vegetative > dead_nf > dead_nf > tagnf	0	0	0	0	NA	1	1	0	0	NA
4	A	4A	120	4A120	flowering	vegetative	dead_nf	dead_nf	dead_nf	NA	NA	blank	NA	blank	nf	nf	nf	NA	,|nf|,	NA	flowering > dead_nf	dead_nf > dead_nf	flowering > dead_nf > dead_nf	flowering > dead_nf > dead_nf > dead_nf	1	0	0	0	0	1	1	0	0	0
4	A	4A	121	4A121	vegetative	no_record	vegetative	flowering	dead_nf	refound?	NA	NA	NA	NA	nf	nf	blank	NA	,|nf|,refound?	NA	vegetative > vegetative	vegetative > flowering	vegetative > vegetative > flowering	vegetative > vegetative > flowering > dead_nf	0	NA	0	1	0	1	NA	1	1	0
4	A	4A	122	4A122	vegetative	no_record	vegetative	dead_nf	vegetative	NA	NA	NA	NA	NA	upper right	blank	dead	NA	,|upper right|,	upper right of tag	vegetative > vegetative	vegetative > dead_nf	vegetative > vegetative > dead_nf	vegetative > vegetative > dead_nf > vegetative	0	NA	0	0	0	1	NA	1	0	1
4	A	4A	123	4A123	vegetative	no_record	flowering	dead_nf	dead_nf	NA	NA	NA	NA	NA	NA	blank	nf	NA	,||,	NA	vegetative > flowering	flowering > dead_nf	vegetative > flowering > dead_nf	vegetative > flowering > dead_nf > dead_nf	0	NA	1	0	0	1	NA	1	0	0
4	A	4A	124	4A124	vegetative	no_record	flowering	flowering	dead_nf	check tag #	NA	NA	NA	NA	NA	NA	blank	NA	,||,check tag #	3 dead stalks	vegetative > flowering	flowering > flowering	vegetative > flowering > flowering	vegetative > flowering > flowering > dead_nf	0	NA	1	1	0	1	NA	1	1	0
4	A	4A	168	4A168	flowering	no_record	dead_nf	dead_nf	dead_nf	check tag #	NA	NA	NA	NA	NA	NA	nf	NA	,||,check tag #	NA	flowering > dead_nf	dead_nf > dead_nf	flowering > dead_nf > dead_nf	flowering > dead_nf > dead_nf > dead_nf	1	NA	0	0	0	1	NA	0	0	0
4	A	4A	60	4A60	vegetative	recheck	dead_nf	dead_nf	dead_nf	NA	NA	blank	gone	nf	dead	dead	nf	NA	,gone|dead|,	NA	vegetative > dead_nf	dead_nf > dead_nf	vegetative > dead_nf > dead_nf	vegetative > dead_nf > dead_nf > dead_nf	0	NA	0	0	0	1	NA	0	0	0
4	A	4A	61	4A61	vegetative	vegetative	vegetative	vegetative	vegetative	NA	NA	blank	NA	blank	NA	blank	blank	NA	,||,	NA	vegetative > vegetative	vegetative > vegetative	vegetative > vegetative > vegetative	vegetative > vegetative > vegetative > vegetative	0	0	0	0	0	1	1	1	1	1
4	A	4A	62	4A62	vegetative	no_record	vegetative	dead_nf	vegetative	died and nf?	NA	tagnf	NA	NA	NA	blank	nf	NA	,||,died and nf?	Above tag	vegetative > vegetative	vegetative > dead_nf	vegetative > vegetative > dead_nf	vegetative > vegetative > dead_nf > vegetative	0	NA	0	0	0	1	NA	1	0	1
4	A	4A	63	4A63	flowering	no_record	dead_nf	dead_nf	dead_nf	NA	NA	blank	NA	NA	nf	nf	nf	NA	,|nf|,	NA	flowering > dead_nf	dead_nf > dead_nf	flowering > dead_nf > dead_nf	flowering > dead_nf > dead_nf > dead_nf	1	NA	0	0	0	1	NA	0	0	0
4	A	4A	64	4A64	vegetative	vegetative	vegetative	vegetative	vegetative	rosettes?	NA	blank	NA	blank	NA	blank	chewed	NA	,||,rosettes?	NA	vegetative > vegetative	vegetative > vegetative	vegetative > vegetative > vegetative	vegetative > vegetative > vegetative > vegetative	0	0	0	0	0	1	1	1	1	1
4	A	4A	65	4A65	vegetative	vegetative	vegetative	flowering	dead_nf	NA	NA	blank	NA	blank	NA	blank	blank	NA	,||,	NA	vegetative > vegetative	vegetative > flowering	vegetative > vegetative > flowering	vegetative > vegetative > flowering > dead_nf	0	0	0	1	0	1	1	1	1	0
4	A	4A	66	4A66	vegetative	no_record	dead_nf	dead_nf	tagnf	NA	NA	tagnf	NA	NA	NA	blank	NA	NA	,||,	NA	vegetative > dead_nf	dead_nf > dead_nf	vegetative > dead_nf > dead_nf	vegetative > dead_nf > dead_nf > tagnf	0	NA	0	0	NA	1	NA	0	0	NA
4	A	4A	67	4A67	vegetative	vegetative	vegetative	dead_nf	dead_nf	chew death	NA	blank	NA	blank	chewed, ts	chewed	nf	NA	,|chewed, ts|,chew death	NA	vegetative > vegetative	vegetative > dead_nf	vegetative > vegetative > dead_nf	vegetative > vegetative > dead_nf > dead_nf	0	0	0	0	0	1	1	1	0	0
4	A	4A	68	4A68	vegetative	vegetative	vegetative	flowering	dead_nf	NA	NA	blank	NA	blank	NA	blank	dead	duplicate outside plot	,||duplicate outside plot,	Outside plot	vegetative > vegetative	vegetative > flowering	vegetative > vegetative > flowering	vegetative > vegetative > flowering > dead_nf	0	0	0	1	0	1	1	1	1	0
4	A	4A	69	4A69	flowering	no_record	dead_nf	dead_nf	dead_nf	NA	NA	blank	NA	NA	dead	dead	nf	NA	,|dead|,	NA	flowering > dead_nf	dead_nf > dead_nf	flowering > dead_nf > dead_nf	flowering > dead_nf > dead_nf > dead_nf	1	NA	0	0	0	1	NA	0	0	0
4	A	4A	70	4A70	vegetative	vegetative	dead_nf	dead_nf	dead_nf	NA	NA	blank	NA	blank	dead	dead	nf	NA	,|dead|,	NA	vegetative > dead_nf	dead_nf > dead_nf	vegetative > dead_nf > dead_nf	vegetative > dead_nf > dead_nf > dead_nf	0	0	0	0	0	1	1	0	0	0
4	A	4A	71	4A71	vegetative	vegetative	vegetative	dead_nf	dead_nf	died and nf?	NA	blank	NA	blank	ts	ts	nf	NA	,|ts|,died and nf?	NA	vegetative > vegetative	vegetative > dead_nf	vegetative > vegetative > dead_nf	vegetative > vegetative > dead_nf > dead_nf	0	0	0	0	0	1	1	1	0	0
4	A	4A	72	4A72	vegetative	vegetative	dead_nf	dead_nf	dead_nf	NA	NA	blank	NA	blank	dead	dead	nf	NA	,|dead|,	NA	vegetative > dead_nf	dead_nf > dead_nf	vegetative > dead_nf > dead_nf	vegetative > dead_nf > dead_nf > dead_nf	0	0	0	0	0	1	1	0	0	0
4	A	4A	73	4A73	vegetative	vegetative	vegetative	vegetative	vegetative	NA	NA	blank	NA	blank	NA	blank	blank	NA	,||,	NA	vegetative > vegetative	vegetative > vegetative	vegetative > vegetative > vegetative	vegetative > vegetative > vegetative > vegetative	0	0	0	0	0	1	1	1	1	1
4	A	4A	74	4A74	vegetative	vegetative	dead_nf	dead_nf	dead_nf	NA	NA	blank	NA	blank	nf	nf	NA	NA	,|nf|,	changed from TNF to O	vegetative > dead_nf	dead_nf > dead_nf	vegetative > dead_nf > dead_nf	vegetative > dead_nf > dead_nf > dead_nf	0	0	0	0	0	1	1	0	0	0
4	A	4A	75	4A75	flowering	no_record	dead_nf	dead_nf	dead_nf	NA	NA	blank	NA	NA	nf	nf	nf	NA	,|nf|,	NA	flowering > dead_nf	dead_nf > dead_nf	flowering > dead_nf > dead_nf	flowering > dead_nf > dead_nf > dead_nf	1	NA	0	0	0	1	NA	0	0	0
4	A	4A	76	4A76	flowering	no_record	vegetative	vegetative	dead_nf	NA	NA	blank	NA	NA	1 rosette dead	dead	blank	NA	,|1 rosette dead|,	NA	flowering > vegetative	vegetative > vegetative	flowering > vegetative > vegetative	flowering > vegetative > vegetative > dead_nf	1	NA	0	0	0	1	NA	1	1	0
4	A	4A	77	4A77	vegetative	vegetative	dead_nf	dead_nf	dead_nf	resurrected?	NA	blank	NA	blank	dead	dead	nf	NA	,|dead|,resurrected?	NA	vegetative > dead_nf	dead_nf > dead_nf	vegetative > dead_nf > dead_nf	vegetative > dead_nf > dead_nf > dead_nf	0	0	0	0	0	1	1	0	0	0
4	A	4A	78	4A78	vegetative	vegetative	dead_nf	dead_nf	dead_nf	NA	NA	blank	NA	blank	dead	dead	nf	NA	,|dead|,	NA	vegetative > dead_nf	dead_nf > dead_nf	vegetative > dead_nf > dead_nf	vegetative > dead_nf > dead_nf > dead_nf	0	0	0	0	0	1	1	0	0	0
4	A	4A	79	4A79	vegetative	vegetative	vegetative	vegetative	tagnf	NA	NA	blank	NA	blank	NA	blank	blank	NA	,||,	NA	vegetative > vegetative	vegetative > vegetative	vegetative > vegetative > vegetative	vegetative > vegetative > vegetative > tagnf	0	0	0	0	NA	1	1	1	1	NA
4	A	4A	80	4A80	vegetative	vegetative	vegetative	flowering	dead_nf	NA	NA	blank	NA	blank	NA	blank	chewed	chewed 1 stalk	,||chewed 1 stalk,	NA	vegetative > vegetative	vegetative > flowering	vegetative > vegetative > flowering	vegetative > vegetative > flowering > dead_nf	0	0	0	1	0	1	1	1	1	0
4	A	4A	81	4A81	vegetative	vegetative	dead_nf	dead_nf	dead_nf	NA	NA	blank	NA	blank	nf	nf	nf	NA	,|nf|,	NA	vegetative > dead_nf	dead_nf > dead_nf	vegetative > dead_nf > dead_nf	vegetative > dead_nf > dead_nf > dead_nf	0	0	0	0	0	1	1	0	0	0
4	A	4A	82	4A82	vegetative	vegetative	vegetative	vegetative	vegetative	NA	NA	blank	NA	blank	NA	blank	blank	NA	,||,	NA	vegetative > vegetative	vegetative > vegetative	vegetative > vegetative > vegetative	vegetative > vegetative > vegetative > vegetative	0	0	0	0	0	1	1	1	1	1
4	A	4A	83	4A83	flowering	no_record	dead_nf	dead_nf	tagnf	NA	NA	blank	NA	NA	nf	nf	NA	NA	,|nf|,	NA	flowering > dead_nf	dead_nf > dead_nf	flowering > dead_nf > dead_nf	flowering > dead_nf > dead_nf > tagnf	1	NA	0	0	NA	1	NA	0	0	NA
4	A	4A	84	4A84	vegetative	vegetative	vegetative	tagnf	vegetative	NA	NA	blank	NA	blank	NA	blank	tagnf	NA	,||,	NA	vegetative > vegetative	vegetative > tagnf	vegetative > vegetative > tagnf	vegetative > vegetative > tagnf > vegetative	0	0	0	NA	0	1	1	1	NA	1
4	A	4A	85	4A85	vegetative	vegetative	vegetative	flowering	dead_nf	NA	NA	blank	NA	blank	NA	blank	blank	NA	,||,	NA	vegetative > vegetative	vegetative > flowering	vegetative > vegetative > flowering	vegetative > vegetative > flowering > dead_nf	0	0	0	1	0	1	1	1	1	0
4	A	4A	86	4A86	vegetative	vegetative	dead_nf	dead_nf	tagnf	NA	NA	blank	NA	blank	nf	nf	nf	NA	,|nf|,	NA	vegetative > dead_nf	dead_nf > dead_nf	vegetative > dead_nf > dead_nf	vegetative > dead_nf > dead_nf > tagnf	0	0	0	0	NA	1	1	0	0	NA
4	A	4A	87	4A87	vegetative	vegetative	dead_nf	dead_nf	dead_nf	NA	NA	blank	NA	blank	nf	nf	nf	NA	,|nf|,	NA	vegetative > dead_nf	dead_nf > dead_nf	vegetative > dead_nf > dead_nf	vegetative > dead_nf > dead_nf > dead_nf	0	0	0	0	0	1	1	0	0	0
4	A	4A	88	4A88	vegetative	no_record	dead_nf	dead_nf	dead_nf	resurrected?	NA	tagnf	NA	NA	dead	dead	blank	NA	,|dead|,resurrected?	tiny plant	vegetative > dead_nf	dead_nf > dead_nf	vegetative > dead_nf > dead_nf	vegetative > dead_nf > dead_nf > dead_nf	0	NA	0	0	0	1	NA	0	0	0
4	A	4A	89	4A89	vegetative	vegetative	flowering	dead_nf	dead_nf	NA	NA	blank	NA	blank	NA	blank	nf	NA	,||,	NA	vegetative > flowering	flowering > dead_nf	vegetative > flowering > dead_nf	vegetative > flowering > dead_nf > dead_nf	0	0	1	0	0	1	1	1	0	0
4	A	4A	90	4A90	flowering	vegetative	dead_nf	dead_nf	tagnf	NA	NA	blank	NA	blank	nf	nf	NA	NA	,|nf|,	NA	flowering > dead_nf	dead_nf > dead_nf	flowering > dead_nf > dead_nf	flowering > dead_nf > dead_nf > tagnf	1	0	0	0	NA	1	1	0	0	NA
4	A	4A	91	4A91	vegetative	vegetative	vegetative	flowering	dead_nf	NA	NA	blank	NA	blank	NA	blank	blank	NA	,||,	NA	vegetative > vegetative	vegetative > flowering	vegetative > vegetative > flowering	vegetative > vegetative > flowering > dead_nf	0	0	0	1	0	1	1	1	1	0
4	A	4A	92	4A92	vegetative	vegetative	vegetative	vegetative	vegetative	NA	NA	blank	NA	blank	NA	blank	blank	NA	,||,	NA	vegetative > vegetative	vegetative > vegetative	vegetative > vegetative > vegetative	vegetative > vegetative > vegetative > vegetative	0	0	0	0	0	1	1	1	1	1
4	A	4A	93	4A93	vegetative	vegetative	dead_nf	dead_nf	dead_nf	NA	NA	blank	NA	blank	nf	nf	nf	NA	,|nf|,	NA	vegetative > dead_nf	dead_nf > dead_nf	vegetative > dead_nf > dead_nf	vegetative > dead_nf > dead_nf > dead_nf	0	0	0	0	0	1	1	0	0	0
4	A	4A	94	4A94	flowering	vegetative	dead_nf	dead_nf	dead_nf	NA	NA	blank	NA	blank	nf	nf	nf	NA	,|nf|,	NA	flowering > dead_nf	dead_nf > dead_nf	flowering > dead_nf > dead_nf	flowering > dead_nf > dead_nf > dead_nf	1	0	0	0	0	1	1	0	0	0
4	A	4A	95	4A95	vegetative	vegetative	vegetative	vegetative	vegetative	NA	NA	blank	NA	blank	NA	blank	blank	NA	,||,	NA	vegetative > vegetative	vegetative > vegetative	vegetative > vegetative > vegetative	vegetative > vegetative > vegetative > vegetative	0	0	0	0	0	1	1	1	1	1
4	A	4A	96	4A96	vegetative	vegetative	dead_nf	dead_nf	dead_nf	NA	NA	blank	NA	blank	nf	nf	NA	NA	,|nf|,	changed from TNF to O	vegetative > dead_nf	dead_nf > dead_nf	vegetative > dead_nf > dead_nf	vegetative > dead_nf > dead_nf > dead_nf	0	0	0	0	0	1	1	0	0	0
4	A	4A	97	4A97	vegetative	vegetative	vegetative	vegetative	vegetative	NA	NA	blank	NA	blank	NA	blank	blank	NA	,||,	NA	vegetative > vegetative	vegetative > vegetative	vegetative > vegetative > vegetative	vegetative > vegetative > vegetative > vegetative	0	0	0	0	0	1	1	1	1	1
4	A	4A	98	4A98	vegetative	recheck	dead_nf	dead_nf	tagnf	NA	NA	blank	gone	nf	nf	nf	nf	NA	,gone|nf|,	NA	vegetative > dead_nf	dead_nf > dead_nf	vegetative > dead_nf > dead_nf	vegetative > dead_nf > dead_nf > tagnf	0	NA	0	0	NA	1	NA	0	0	NA
4	A	4A	99	4A99	vegetative	vegetative	vegetative	flowering	dead_nf	NA	NA	blank	NA	blank	NA	blank	blank	NA	,||,	NA	vegetative > vegetative	vegetative > flowering	vegetative > vegetative > flowering	vegetative > vegetative > flowering > dead_nf	0	0	0	1	0	1	1	1	1	0
4	B	4B	160	4B160	flowering	vegetative	dead_nf	dead_nf	dead_nf	NA	NA	blank	NA	blank	dead	dead	nf	NA	,|dead|,	NA	flowering > dead_nf	dead_nf > dead_nf	flowering > dead_nf > dead_nf	flowering > dead_nf > dead_nf > dead_nf	1	0	0	0	0	1	1	0	0	0
4	B	4B	161	4B161	vegetative	vegetative	dead_nf	dead_nf	dead_nf	NA	NA	blank	NA	blank	nf	nf	nf	NA	,|nf|,	NA	vegetative > dead_nf	dead_nf > dead_nf	vegetative > dead_nf > dead_nf	vegetative > dead_nf > dead_nf > dead_nf	0	0	0	0	0	1	1	0	0	0
4	B	4B	162	4B162	vegetative	no_record	dead_nf	dead_nf	tagnf	NA	NA	ts	NA	NA	nf	nf	NA	NA	,|nf|,	NA	vegetative > dead_nf	dead_nf > dead_nf	vegetative > dead_nf > dead_nf	vegetative > dead_nf > dead_nf > tagnf	0	NA	0	0	NA	1	NA	0	0	NA
4	B	4B	163	4B163	vegetative	no_record	vegetative	dead_nf	dead_nf	died and nf?	NA	ts	NA	NA	NA	blank	nf	NA	,||,died and nf?	NA	vegetative > vegetative	vegetative > dead_nf	vegetative > vegetative > dead_nf	vegetative > vegetative > dead_nf > dead_nf	0	NA	0	0	0	1	NA	1	0	0
4	B	4B	164	4B164	flowering	no_record	dead_nf	dead_nf	tagnf	NA	NA	blank	NA	NA	nf	nf	nf	NA	,|nf|,	NA	flowering > dead_nf	dead_nf > dead_nf	flowering > dead_nf > dead_nf	flowering > dead_nf > dead_nf > tagnf	1	NA	0	0	NA	1	NA	0	0	NA
4	B	4B	165	4B165	vegetative	no_record	dead_nf	dead_nf	dead_nf	NA	NA	ts	NA	NA	nf	nf	NA	NA	,|nf|,	changed from NF to O	vegetative > dead_nf	dead_nf > dead_nf	vegetative > dead_nf > dead_nf	vegetative > dead_nf > dead_nf > dead_nf	0	NA	0	0	0	1	NA	0	0	0
4	B	4B	166	4B166	vegetative	no_record	vegetative	dead_nf	dead_nf	NA	NA	ts	NA	NA	nf	nf	nf	NA	,|nf|,	NA	vegetative > vegetative	vegetative > dead_nf	vegetative > vegetative > dead_nf	vegetative > vegetative > dead_nf > dead_nf	0	NA	0	0	0	1	NA	1	0	0
4	B	4B	167	4B167	vegetative	no_record	vegetative	dead_nf	dead_nf	died and nf?	NA	ts	NA	NA	NA	blank	nf	NA	,||,died and nf?	NA	vegetative > vegetative	vegetative > dead_nf	vegetative > vegetative > dead_nf	vegetative > vegetative > dead_nf > dead_nf	0	NA	0	0	0	1	NA	1	0	0
4	B	4B	168	4B168	vegetative	vegetative	flowering	dead_nf	dead_nf	NA	NA	blank	NA	blank	NA	blank	NA	NA	,||,	changed from TNF to O	vegetative > flowering	flowering > dead_nf	vegetative > flowering > dead_nf	vegetative > flowering > dead_nf > dead_nf	0	0	1	0	0	1	1	1	0	0
4	B	4B	169	4B169	vegetative	no_record	vegetative	dead_nf	tagnf	died and nf?	NA	nf	NA	NA	NA	blank	nf	NA	,||,died and nf?	NA	vegetative > vegetative	vegetative > dead_nf	vegetative > vegetative > dead_nf	vegetative > vegetative > dead_nf > tagnf	0	NA	0	0	NA	1	NA	1	0	NA
4	B	4B	170	4B170	vegetative	vegetative	dead_nf	dead_nf	dead_nf	NA	NA	blank	NA	blank	nf	nf	NA	NA	,|nf|,	changed from NF to O	vegetative > dead_nf	dead_nf > dead_nf	vegetative > dead_nf > dead_nf	vegetative > dead_nf > dead_nf > dead_nf	0	0	0	0	0	1	1	0	0	0
4	B	4B	171	4B171	dead_nf	no_record	dead_nf	dead_nf	dead_nf	NA	NA	nf	NA	NA	nf	nf	NA	NA	,|nf|,	moved F to 4B171_20, changed TNF to O	dead_nf > dead_nf	dead_nf > dead_nf	dead_nf > dead_nf > dead_nf	dead_nf > dead_nf > dead_nf > dead_nf	0	NA	0	0	0	0	NA	0	0	0
4	B	4B	172	4B172	vegetative	vegetative	vegetative	no_record	vegetative	NA	NA	blank	NA	blank	nf	nf	NA	NA	,|nf|,	XL refound tag	vegetative > vegetative	vegetative > no_record	vegetative > vegetative > no_record	vegetative > vegetative > no_record > vegetative	0	0	0	NA	0	1	1	1	NA	1
4	B	4B	173	4B173	vegetative	vegetative	flowering	dead_nf	flowering	NA	NA	blank	NA	blank	NA	blank	nf	NA	,||,	new?	vegetative > flowering	flowering > dead_nf	vegetative > flowering > dead_nf	vegetative > flowering > dead_nf > flowering	0	0	1	0	1	1	1	1	0	1
4	B	4B	174	4B174	flowering	no_record	dead_nf	dead_nf	dead_nf	NA	NA	blank	NA	NA	nf	nf	nf	NA	,|nf|,	NA	flowering > dead_nf	dead_nf > dead_nf	flowering > dead_nf > dead_nf	flowering > dead_nf > dead_nf > dead_nf	1	NA	0	0	0	1	NA	0	0	0
4	B	4B	175	4B175	flowering	no_record	dead_nf	dead_nf	tagnf	NA	NA	blank	NA	NA	nf	nf	nf	Tag demolished and removed	,|nf|Tag demolished and removed,	NA	flowering > dead_nf	dead_nf > dead_nf	flowering > dead_nf > dead_nf	flowering > dead_nf > dead_nf > tagnf	1	NA	0	0	NA	1	NA	0	0	NA
4	B	4B	176	4B176	vegetative	no_record	dead_nf	dead_nf	tagnf	NA	NA	ts	NA	NA	nf	nf	nf	NA	,|nf|,	NA	vegetative > dead_nf	dead_nf > dead_nf	vegetative > dead_nf > dead_nf	vegetative > dead_nf > dead_nf > tagnf	0	NA	0	0	NA	1	NA	0	0	NA
4	B	4B	177	4B177	flowering	no_record	vegetative	dead_nf	dead_nf	chew death	NA	blank	NA	NA	chewed	chewed	nf	NA	,|chewed|,chew death	NA	flowering > vegetative	vegetative > dead_nf	flowering > vegetative > dead_nf	flowering > vegetative > dead_nf > dead_nf	1	NA	0	0	0	1	NA	1	0	0
4	B	4B	178	4B178	vegetative	no_record	vegetative	dead_nf	dead_nf	died and nf?	NA	ts	NA	NA	NA	blank	nf	NA	,||,died and nf?	NA	vegetative > vegetative	vegetative > dead_nf	vegetative > vegetative > dead_nf	vegetative > vegetative > dead_nf > dead_nf	0	NA	0	0	0	1	NA	1	0	0
4	B	4B	179	4B179	vegetative	no_record	dead_nf	dead_nf	dead_nf	NA	NA	ts	NA	NA	nf	nf	NA	NA	,|nf|,	changed TNF to O	vegetative > dead_nf	dead_nf > dead_nf	vegetative > dead_nf > dead_nf	vegetative > dead_nf > dead_nf > dead_nf	0	NA	0	0	0	1	NA	0	0	0
4	B	4B	180	4B180	vegetative	vegetative	dead_nf	dead_nf	tagnf	NA	NA	blank	NA	blank	nf	nf	nf	NA	,|nf|,	NA	vegetative > dead_nf	dead_nf > dead_nf	vegetative > dead_nf > dead_nf	vegetative > dead_nf > dead_nf > tagnf	0	0	0	0	NA	1	1	0	0	NA
4	B	4B	181	4B181	flowering	no_record	dead_nf	dead_nf	tagnf	NA	NA	blank	NA	NA	nf	nf	nf	NA	,|nf|,	NA	flowering > dead_nf	dead_nf > dead_nf	flowering > dead_nf > dead_nf	flowering > dead_nf > dead_nf > tagnf	1	NA	0	0	NA	1	NA	0	0	NA
4	B	4B	182	4B182	vegetative	vegetative	dead_nf	dead_nf	dead_nf	NA	NA	blank	NA	blank	nf	nf	nf	NA	,|nf|,	NA	vegetative > dead_nf	dead_nf > dead_nf	vegetative > dead_nf > dead_nf	vegetative > dead_nf > dead_nf > dead_nf	0	0	0	0	0	1	1	0	0	0
4	B	4B	183	4B183	flowering	no_record	dead_nf	dead_nf	dead_nf	NA	NA	blank	NA	NA	nf	nf	nf	NA	,|nf|,	NA	flowering > dead_nf	dead_nf > dead_nf	flowering > dead_nf > dead_nf	flowering > dead_nf > dead_nf > dead_nf	1	NA	0	0	0	1	NA	0	0	0
4	B	4B	184	4B184	vegetative	no_record	vegetative	vegetative	dead_nf	NA	NA	ts	NA	NA	NA	blank	chewed	NA	,||,	NA	vegetative > vegetative	vegetative > vegetative	vegetative > vegetative > vegetative	vegetative > vegetative > vegetative > dead_nf	0	NA	0	0	0	1	NA	1	1	0
4	B	4B	185	4B185	flowering	no_record	dead_nf	dead_nf	dead_nf	NA	NA	nf	NA	NA	dead	dead	nf	NA	,|dead|,	NA	flowering > dead_nf	dead_nf > dead_nf	flowering > dead_nf > dead_nf	flowering > dead_nf > dead_nf > dead_nf	1	NA	0	0	0	1	NA	0	0	0
4	B	4B	186	4B186	vegetative	vegetative	dead_nf	dead_nf	tagnf	NA	NA	blank	NA	blank	nf	nf	nf	NA	,|nf|,	NA	vegetative > dead_nf	dead_nf > dead_nf	vegetative > dead_nf > dead_nf	vegetative > dead_nf > dead_nf > tagnf	0	0	0	0	NA	1	1	0	0	NA
4	B	4B	187	4B187	vegetative	vegetative	vegetative	dead_nf	dead_nf	died and nf?	NA	blank	NA	blank	NA	blank	nf	NA	,||,died and nf?	NA	vegetative > vegetative	vegetative > dead_nf	vegetative > vegetative > dead_nf	vegetative > vegetative > dead_nf > dead_nf	0	0	0	0	0	1	1	1	0	0
4	B	4B	188	4B188	vegetative	no_record	vegetative	dead_nf	dead_nf	died and nf?	NA	ts	NA	NA	ts	ts	nf	NA	,|ts|,died and nf?	NA	vegetative > vegetative	vegetative > dead_nf	vegetative > vegetative > dead_nf	vegetative > vegetative > dead_nf > dead_nf	0	NA	0	0	0	1	NA	1	0	0
4	B	4B	189	4B189	flowering	no_record	dead_nf	dead_nf	tagnf	NA	NA	blank	NA	NA	nf	nf	nf	NA	,|nf|,	NA	flowering > dead_nf	dead_nf > dead_nf	flowering > dead_nf > dead_nf	flowering > dead_nf > dead_nf > tagnf	1	NA	0	0	NA	1	NA	0	0	NA
4	B	4B	190	4B190	vegetative	vegetative	vegetative	vegetative	flowering	NA	NA	blank	NA	blank	NA	blank	blank	NA	,||,	NA	vegetative > vegetative	vegetative > vegetative	vegetative > vegetative > vegetative	vegetative > vegetative > vegetative > flowering	0	0	0	0	1	1	1	1	1	1
4	B	4B	191	4B191	vegetative	no_record	vegetative	dead_nf	dead_nf	chew death	NA	nf	NA	NA	chewed	chewed	nf	NA	,|chewed|,chew death	NA	vegetative > vegetative	vegetative > dead_nf	vegetative > vegetative > dead_nf	vegetative > vegetative > dead_nf > dead_nf	0	NA	0	0	0	1	NA	1	0	0
4	B	4B	192	4B192	flowering	no_record	dead_nf	dead_nf	tagnf	NA	NA	blank	NA	NA	NA	blank	NA	NA	,||,	NA	flowering > dead_nf	dead_nf > dead_nf	flowering > dead_nf > dead_nf	flowering > dead_nf > dead_nf > tagnf	1	NA	0	0	NA	1	NA	0	0	NA
4	B	4B	193	4B193	flowering	no_record	dead_nf	dead_nf	dead_nf	NA	NA	blank	NA	NA	dead	dead	nf	NA	,|dead|,	NA	flowering > dead_nf	dead_nf > dead_nf	flowering > dead_nf > dead_nf	flowering > dead_nf > dead_nf > dead_nf	1	NA	0	0	0	1	NA	0	0	0
4	B	4B	194	4B194	vegetative	vegetative	dead_nf	dead_nf	dead_nf	NA	NA	blank	NA	blank	nf	nf	nf	NA	,|nf|,	NA	vegetative > dead_nf	dead_nf > dead_nf	vegetative > dead_nf > dead_nf	vegetative > dead_nf > dead_nf > dead_nf	0	0	0	0	0	1	1	0	0	0
4	B	4B	195	4B195	flowering	no_record	dead_nf	dead_nf	tagnf	NA	NA	blank	NA	NA	nf	nf	nf	NA	,|nf|,	NA	flowering > dead_nf	dead_nf > dead_nf	flowering > dead_nf > dead_nf	flowering > dead_nf > dead_nf > tagnf	1	NA	0	0	NA	1	NA	0	0	NA
4	B	4B	196	4B196	flowering	no_record	dead_nf	dead_nf	dead_nf	died and nf?	NA	blank	NA	NA	NA	blank	nf	NA	,||,died and nf?	NA	flowering > dead_nf	dead_nf > dead_nf	flowering > dead_nf > dead_nf	flowering > dead_nf > dead_nf > dead_nf	1	NA	0	0	0	1	NA	0	0	0
4	B	4B	197	4B197	vegetative	no_record	vegetative	tagnf	dead_nf	NA	NA	ts	NA	NA	ts	ts	tagnf	NA	,|ts|,	found tag	vegetative > vegetative	vegetative > tagnf	vegetative > vegetative > tagnf	vegetative > vegetative > tagnf > dead_nf	0	NA	0	NA	0	1	NA	1	NA	0
4	B	4B	198	4B198	vegetative	vegetative	vegetative	dead_nf	dead_nf	NA	NA	blank	NA	blank	NA	blank	nf	NA	,||,	NA	vegetative > vegetative	vegetative > dead_nf	vegetative > vegetative > dead_nf	vegetative > vegetative > dead_nf > dead_nf	0	0	0	0	0	1	1	1	0	0
4	B	4B	199	4B199	flowering	no_record	dead_nf	dead_nf	dead_nf	NA	NA	blank	NA	NA	nf	nf	nf	NA	,|nf|,	NA	flowering > dead_nf	dead_nf > dead_nf	flowering > dead_nf > dead_nf	flowering > dead_nf > dead_nf > dead_nf	1	NA	0	0	0	1	NA	0	0	0
4	B	4B	200	4B200	dead_nf	no_record	dead_nf	dead_nf	dead_nf	NA	NA	nf	NA	NA	nf	nf	nf	NA	,|nf|,	NA	dead_nf > dead_nf	dead_nf > dead_nf	dead_nf > dead_nf > dead_nf	dead_nf > dead_nf > dead_nf > dead_nf	0	NA	0	0	0	0	NA	0	0	0
4	B	4B	201	4B201	vegetative	vegetative	dead_nf	dead_nf	dead_nf	NA	NA	blank	NA	blank	nf	nf	NA	NA	,|nf|,	moved V to 4B201_20	vegetative > dead_nf	dead_nf > dead_nf	vegetative > dead_nf > dead_nf	vegetative > dead_nf > dead_nf > dead_nf	0	0	0	0	0	1	1	0	0	0
4	B	4B	202	4B202	vegetative	vegetative	dead_nf	dead_nf	tagnf	NA	NA	blank	NA	blank	nf	nf	nf	NA	,|nf|,	NA	vegetative > dead_nf	dead_nf > dead_nf	vegetative > dead_nf > dead_nf	vegetative > dead_nf > dead_nf > tagnf	0	0	0	0	NA	1	1	0	0	NA
4	B	4B	203	4B203	vegetative	no_record	dead_nf	dead_nf	dead_nf	NA	NA	ts	NA	NA	nf	nf	NA	NA	,|nf|,	moved F to 4B203_20	vegetative > dead_nf	dead_nf > dead_nf	vegetative > dead_nf > dead_nf	vegetative > dead_nf > dead_nf > dead_nf	0	NA	0	0	0	1	NA	0	0	0
4	B	4B	204	4B204	vegetative	vegetative	dead_nf	dead_nf	dead_nf	NA	NA	blank	NA	blank	nf	nf	NA	NA	,|nf|,	moved F to 4B204_20	vegetative > dead_nf	dead_nf > dead_nf	vegetative > dead_nf > dead_nf	vegetative > dead_nf > dead_nf > dead_nf	0	0	0	0	0	1	1	0	0	0
4	B	4B	205	4B205	vegetative	vegetative	dead_nf	dead_nf	tagnf	NA	NA	blank	NA	blank	NA	blank	tagnf	NA	,||,	NA	vegetative > dead_nf	dead_nf > dead_nf	vegetative > dead_nf > dead_nf	vegetative > dead_nf > dead_nf > tagnf	0	0	0	0	NA	1	1	0	0	NA
4	B	4B	206	4B206	vegetative	vegetative	vegetative	dead_nf	tagnf	chew death	NA	blank	NA	blank	chewed, ts	chewed	nf	NA	,|chewed, ts|,chew death	NA	vegetative > vegetative	vegetative > dead_nf	vegetative > vegetative > dead_nf	vegetative > vegetative > dead_nf > tagnf	0	0	0	0	NA	1	1	1	0	NA
4	B	4B	207	4B207	vegetative	no_record	dead_nf	dead_nf	dead_nf	NA	NA	ts	NA	NA	nf	nf	nf	NA	,|nf|,	NA	vegetative > dead_nf	dead_nf > dead_nf	vegetative > dead_nf > dead_nf	vegetative > dead_nf > dead_nf > dead_nf	0	NA	0	0	0	1	NA	0	0	0
4	B	4B	208	4B208	vegetative	vegetative	dead_nf	dead_nf	dead_nf	NA	NA	blank	NA	blank	nf	nf	nf	NA	,|nf|,	NA	vegetative > dead_nf	dead_nf > dead_nf	vegetative > dead_nf > dead_nf	vegetative > dead_nf > dead_nf > dead_nf	0	0	0	0	0	1	1	0	0	0
4	B	4B	209	4B209	dead_nf	no_record	dead_nf	dead_nf	tagnf	NA	NA	nf	NA	NA	nf	nf	nf	NA	,|nf|,	NA	dead_nf > dead_nf	dead_nf > dead_nf	dead_nf > dead_nf > dead_nf	dead_nf > dead_nf > dead_nf > tagnf	0	NA	0	0	NA	0	NA	0	0	NA
4	B	4B	210	4B210	vegetative	no_record	dead_nf	dead_nf	tagnf	NA	NA	ts	NA	NA	nf	nf	nf	NA	,|nf|,	NA	vegetative > dead_nf	dead_nf > dead_nf	vegetative > dead_nf > dead_nf	vegetative > dead_nf > dead_nf > tagnf	0	NA	0	0	NA	1	NA	0	0	NA
4	B	4B	211	4B211	vegetative	no_record	vegetative	flowering	dead_nf	NA	NA	NA	NA	NA	NA	blank	blank	NA	,||,	NA	vegetative > vegetative	vegetative > flowering	vegetative > vegetative > flowering	vegetative > vegetative > flowering > dead_nf	0	NA	0	1	0	1	NA	1	1	0
4	B	4B	212	4B212	vegetative	no_record	vegetative	dead_nf	dead_nf	died and nf?	NA	NA	NA	NA	upper right	blank	nf	NA	,|upper right|,died and nf?	NA	vegetative > vegetative	vegetative > dead_nf	vegetative > vegetative > dead_nf	vegetative > vegetative > dead_nf > dead_nf	0	NA	0	0	0	1	NA	1	0	0
4	B	4B	213	4B213	vegetative	no_record	vegetative	vegetative	vegetative	NA	NA	NA	NA	NA	NA	blank	blank	NA	,||,	NA	vegetative > vegetative	vegetative > vegetative	vegetative > vegetative > vegetative	vegetative > vegetative > vegetative > vegetative	0	NA	0	0	0	1	NA	1	1	1
4	B	4B	214	4B214	vegetative	no_record	vegetative	vegetative	tagnf	NA	NA	NA	NA	NA	NA	blank	blank	NA	,||,	NA	vegetative > vegetative	vegetative > vegetative	vegetative > vegetative > vegetative	vegetative > vegetative > vegetative > tagnf	0	NA	0	0	NA	1	NA	1	1	NA
4	B	4B	594	4B594	vegetative	no_record	vegetative	flowering	dead_nf	NA	NA	NA	NA	NA	NA	NA	blank	tagged in 2020	,||tagged in 2020,	NA	vegetative > vegetative	vegetative > flowering	vegetative > vegetative > flowering	vegetative > vegetative > flowering > dead_nf	0	NA	0	1	0	1	NA	1	1	0
4	B	4B	596	4B596	vegetative	no_record	vegetative	flowering	dead_nf	NA	NA	NA	NA	NA	NA	NA	blank	tagged in 2020	,||tagged in 2020,	NA	vegetative > vegetative	vegetative > flowering	vegetative > vegetative > flowering	vegetative > vegetative > flowering > dead_nf	0	NA	0	1	0	1	NA	1	1	0
4	B	4B	680	4B680	vegetative	no_record	vegetative	flowering	vegetative	NA	NA	NA	NA	NA	NA	NA	blank	tagged in 2020	,||tagged in 2020,	No dead stalk	vegetative > vegetative	vegetative > flowering	vegetative > vegetative > flowering	vegetative > vegetative > flowering > vegetative	0	NA	0	1	0	1	NA	1	1	1
4	C	4C	104	4C104	vegetative	no_record	vegetative	dead_nf	dead_nf	died and nf?	NA	tagnf	NA	NA	NA	blank	nf	NA	,||,died and nf?	NA	vegetative > vegetative	vegetative > dead_nf	vegetative > vegetative > dead_nf	vegetative > vegetative > dead_nf > dead_nf	0	NA	0	0	0	1	NA	1	0	0
4	C	4C	105	4C105	vegetative	vegetative	vegetative	vegetative	vegetative	NA	NA	blank	NA	blank	NA	blank	blank	NA	,||,	NA	vegetative > vegetative	vegetative > vegetative	vegetative > vegetative > vegetative	vegetative > vegetative > vegetative > vegetative	0	0	0	0	0	1	1	1	1	1
4	C	4C	106	4C106	vegetative	vegetative	vegetative	vegetative	flowering	died and nf?	NA	blank	NA	blank	NA	blank	nf	NA	,||,died and nf?	NA	vegetative > vegetative	vegetative > vegetative	vegetative > vegetative > vegetative	vegetative > vegetative > vegetative > flowering	0	0	0	0	1	1	1	1	1	1
4	C	4C	107	4C107	vegetative	vegetative	vegetative	vegetative	vegetative	regrew?	NA	blank	NA	blank	chewed, ts	chewed	blank	NA	,|chewed, ts|,regrew?	NA	vegetative > vegetative	vegetative > vegetative	vegetative > vegetative > vegetative	vegetative > vegetative > vegetative > vegetative	0	0	0	0	0	1	1	1	1	1
4	C	4C	108	4C108	vegetative	vegetative	vegetative	vegetative	flowering	NA	NA	blank	NA	blank	NA	blank	blank	NA	,||,	NA	vegetative > vegetative	vegetative > vegetative	vegetative > vegetative > vegetative	vegetative > vegetative > vegetative > flowering	0	0	0	0	1	1	1	1	1	1
4	C	4C	109	4C109	vegetative	vegetative	flowering	dead_nf	dead_nf	NA	NA	blank	NA	blank	NA	blank	nf	NA	,||,	NA	vegetative > flowering	flowering > dead_nf	vegetative > flowering > dead_nf	vegetative > flowering > dead_nf > dead_nf	0	0	1	0	0	1	1	1	0	0
4	C	4C	110	4C110	vegetative	vegetative	vegetative	flowering	dead_nf	NA	NA	blank	NA	blank	NA	blank	chewed	NA	,||,	NA	vegetative > vegetative	vegetative > flowering	vegetative > vegetative > flowering	vegetative > vegetative > flowering > dead_nf	0	0	0	1	0	1	1	1	1	0
4	C	4C	111	4C111	vegetative	no_record	flowering	dead_nf	dead_nf	died and nf?	NA	tagnf	NA	NA	NA	blank	nf	NA	,||,died and nf?	NA	vegetative > flowering	flowering > dead_nf	vegetative > flowering > dead_nf	vegetative > flowering > dead_nf > dead_nf	0	NA	1	0	0	1	NA	1	0	0
4	C	4C	112	4C112	vegetative	no_record	vegetative	tagnf	tagnf	NA	NA	tagnf	NA	NA	NA	blank	tagnf	NA	,||,	NA	vegetative > vegetative	vegetative > tagnf	vegetative > vegetative > tagnf	vegetative > vegetative > tagnf > tagnf	0	NA	0	NA	NA	1	NA	1	NA	NA
4	C	4C	113	4C113	vegetative	no_record	dead_nf	dead_nf	dead_nf	NA	NA	tagnf	NA	NA	nf	nf	nf	NA	,|nf|,	NA	vegetative > dead_nf	dead_nf > dead_nf	vegetative > dead_nf > dead_nf	vegetative > dead_nf > dead_nf > dead_nf	0	NA	0	0	0	1	NA	0	0	0
4	C	4C	114	4C114	vegetative	vegetative	flowering	dead_nf	dead_nf	chew death	NA	blank	NA	blank	chewed, ts	chewed	nf	NA	,|chewed, ts|,chew death	NA	vegetative > flowering	flowering > dead_nf	vegetative > flowering > dead_nf	vegetative > flowering > dead_nf > dead_nf	0	0	1	0	0	1	1	1	0	0
4	C	4C	115	4C115	vegetative	vegetative	flowering	dead_nf	dead_nf	NA	NA	blank	NA	blank	NA	blank	NA	NA	,||,	NA	vegetative > flowering	flowering > dead_nf	vegetative > flowering > dead_nf	vegetative > flowering > dead_nf > dead_nf	0	0	1	0	0	1	1	1	0	0
4	C	4C	116	4C116	vegetative	vegetative	vegetative	vegetative	vegetative	NA	NA	blank	NA	blank	NA	blank	blank	NA	,||,	recheck - says 3 rosettes but 4 entries	vegetative > vegetative	vegetative > vegetative	vegetative > vegetative > vegetative	vegetative > vegetative > vegetative > vegetative	0	0	0	0	0	1	1	1	1	1
4	C	4C	117	4C117	vegetative	no_record	dead_nf	dead_nf	dead_nf	NA	NA	tagnf	NA	NA	nf	nf	nf	NA	,|nf|,	NA	vegetative > dead_nf	dead_nf > dead_nf	vegetative > dead_nf > dead_nf	vegetative > dead_nf > dead_nf > dead_nf	0	NA	0	0	0	1	NA	0	0	0
4	C	4C	118	4C118	flowering	no_record	dead_nf	dead_nf	dead_nf	NA	NA	blank	NA	NA	nf	nf	nf	NA	,|nf|,	NA	flowering > dead_nf	dead_nf > dead_nf	flowering > dead_nf > dead_nf	flowering > dead_nf > dead_nf > dead_nf	1	NA	0	0	0	1	NA	0	0	0
4	C	4C	119	4C119	flowering	no_record	dead_nf	dead_nf	tagnf	NA	NA	blank	NA	NA	nf	nf	nf	NA	,|nf|,	NA	flowering > dead_nf	dead_nf > dead_nf	flowering > dead_nf > dead_nf	flowering > dead_nf > dead_nf > tagnf	1	NA	0	0	NA	1	NA	0	0	NA
4	C	4C	120	4C120	vegetative	no_record	vegetative	flowering	flowering	refound?	NA	tagnf	NA	NA	nf	nf	blank	NA	,|nf|,refound?	NA	vegetative > vegetative	vegetative > flowering	vegetative > vegetative > flowering	vegetative > vegetative > flowering > flowering	0	NA	0	1	1	1	NA	1	1	1
4	C	4C	121	4C121	vegetative	vegetative	vegetative	vegetative	vegetative	regrew?	NA	blank	NA	blank	chewed	chewed	blank	NA	,|chewed|,regrew?	recheck - says 3 rosettes but 2 entries	vegetative > vegetative	vegetative > vegetative	vegetative > vegetative > vegetative	vegetative > vegetative > vegetative > vegetative	0	0	0	0	0	1	1	1	1	1
4	C	4C	122	4C122	vegetative	no_record	vegetative	vegetative	tagnf	NA	NA	tagnf	NA	NA	NA	blank	blank	NA	,||,	NA	vegetative > vegetative	vegetative > vegetative	vegetative > vegetative > vegetative	vegetative > vegetative > vegetative > tagnf	0	NA	0	0	NA	1	NA	1	1	NA
4	C	4C	123	4C123	vegetative	no_record	vegetative	vegetative	vegetative	regrew?	NA	tagnf	NA	NA	chewed	chewed	blank	NA	,|chewed|,regrew?	NA	vegetative > vegetative	vegetative > vegetative	vegetative > vegetative > vegetative	vegetative > vegetative > vegetative > vegetative	0	NA	0	0	0	1	NA	1	1	1
4	C	4C	187	4C187	vegetative	vegetative	vegetative	flowering	dead_nf	NA	NA	blank	NA	blank	ts	ts	blank	NA	,|ts|,	NA	vegetative > vegetative	vegetative > flowering	vegetative > vegetative > flowering	vegetative > vegetative > flowering > dead_nf	0	0	0	1	0	1	1	1	1	0
4	C	4C	188	4C188	vegetative	no_record	vegetative	dead_nf	dead_nf	died and nf?	NA	tagnf	NA	NA	NA	blank	nf	NA	,||,died and nf?	NA	vegetative > vegetative	vegetative > dead_nf	vegetative > vegetative > dead_nf	vegetative > vegetative > dead_nf > dead_nf	0	NA	0	0	0	1	NA	1	0	0
4	C	4C	189	4C189	vegetative	vegetative	vegetative	dead_nf	dead_nf	died and nf?	NA	blank	NA	blank	NA	blank	nf	NA	,||,died and nf?	NA	vegetative > vegetative	vegetative > dead_nf	vegetative > vegetative > dead_nf	vegetative > vegetative > dead_nf > dead_nf	0	0	0	0	0	1	1	1	0	0
4	C	4C	190	4C190	vegetative	vegetative	vegetative	vegetative	flowering	NA	NA	blank	NA	blank	NA	blank	blank	NA	,||,	NA	vegetative > vegetative	vegetative > vegetative	vegetative > vegetative > vegetative	vegetative > vegetative > vegetative > flowering	0	0	0	0	1	1	1	1	1	1
4	C	4C	191	4C191	vegetative	no_record	vegetative	vegetative	vegetative	NA	NA	tagnf	NA	NA	bottom right of tag	blank	blank	NA	,|bottom right of tag|,	NA	vegetative > vegetative	vegetative > vegetative	vegetative > vegetative > vegetative	vegetative > vegetative > vegetative > vegetative	0	NA	0	0	0	1	NA	1	1	1
4	C	4C	192	4C192	vegetative	vegetative	vegetative	flowering	dead_nf	NA	NA	blank	NA	blank	NA	blank	blank	NA	,||,	NA	vegetative > vegetative	vegetative > flowering	vegetative > vegetative > flowering	vegetative > vegetative > flowering > dead_nf	0	0	0	1	0	1	1	1	1	0
4	C	4C	193	4C193	vegetative	no_record	vegetative	vegetative	vegetative	NA	NA	tagnf	NA	NA	NA	blank	blank	NA	,||,	NA	vegetative > vegetative	vegetative > vegetative	vegetative > vegetative > vegetative	vegetative > vegetative > vegetative > vegetative	0	NA	0	0	0	1	NA	1	1	1
4	C	4C	194	4C194	vegetative	no_record	vegetative	vegetative	dead_nf	NA	NA	tagnf	NA	NA	NA	blank	blank	NA	,||,	NA	vegetative > vegetative	vegetative > vegetative	vegetative > vegetative > vegetative	vegetative > vegetative > vegetative > dead_nf	0	NA	0	0	0	1	NA	1	1	0
4	C	4C	195	4C195	vegetative	vegetative	vegetative	flowering	dead_nf	NA	NA	blank	NA	blank	NA	blank	blank	NA	,||,	NA	vegetative > vegetative	vegetative > flowering	vegetative > vegetative > flowering	vegetative > vegetative > flowering > dead_nf	0	0	0	1	0	1	1	1	1	0
4	C	4C	196	4C196	vegetative	no_record	vegetative	flowering	dead_nf	NA	NA	tagnf	NA	NA	NA	blank	blank	NA	,||,	NA	vegetative > vegetative	vegetative > flowering	vegetative > vegetative > flowering	vegetative > vegetative > flowering > dead_nf	0	NA	0	1	0	1	NA	1	1	0
4	C	4C	197	4C197	vegetative	vegetative	vegetative	tagnf	dead_nf	NA	Tag up from plant	blank	NA	blank	Tag up from plant	blank	tagnf	NA	Tag up from plant,|Tag up from plant|,	NA	vegetative > vegetative	vegetative > tagnf	vegetative > vegetative > tagnf	vegetative > vegetative > tagnf > dead_nf	0	0	0	NA	0	1	1	1	NA	0
4	C	4C	198	4C198	vegetative	vegetative	vegetative	tagnf	tagnf	NA	NA	blank	NA	blank	NA	blank	tagnf	NA	,||,	NA	vegetative > vegetative	vegetative > tagnf	vegetative > vegetative > tagnf	vegetative > vegetative > tagnf > tagnf	0	0	0	NA	NA	1	1	1	NA	NA
4	C	4C	199	4C199	vegetative	vegetative	flowering	dead_nf	dead_nf	NA	NA	blank	NA	blank	NA	blank	dead	NA	,||,	NA	vegetative > flowering	flowering > dead_nf	vegetative > flowering > dead_nf	vegetative > flowering > dead_nf > dead_nf	0	0	1	0	0	1	1	1	0	0
4	C	4C	200	4C200	vegetative	vegetative	vegetative	flowering	dead_nf	NA	NA	blank	NA	blank	NA	blank	blank	NA	,||,	NA	vegetative > vegetative	vegetative > flowering	vegetative > vegetative > flowering	vegetative > vegetative > flowering > dead_nf	0	0	0	1	0	1	1	1	1	0
4	C	4C	27	4C27	vegetative	recheck	dead_nf	dead_nf	dead_nf	NA	NA	blank	gone	nf	nf	nf	nf	NA	,gone|nf|,	NA	vegetative > dead_nf	dead_nf > dead_nf	vegetative > dead_nf > dead_nf	vegetative > dead_nf > dead_nf > dead_nf	0	NA	0	0	0	1	NA	0	0	0
4	C	4C	28	4C28	vegetative	vegetative	dead_nf	dead_nf	dead_nf	NA	NA	blank	NA	blank	nf	nf	NA	NA	,|nf|,	changed from TNF to O	vegetative > dead_nf	dead_nf > dead_nf	vegetative > dead_nf > dead_nf	vegetative > dead_nf > dead_nf > dead_nf	0	0	0	0	0	1	1	0	0	0
4	C	4C	29	4C29	vegetative	vegetative	dead_nf	dead_nf	tagnf	NA	NA	blank	NA	blank	nf	nf	NA	NA	,|nf|,	NA	vegetative > dead_nf	dead_nf > dead_nf	vegetative > dead_nf > dead_nf	vegetative > dead_nf > dead_nf > tagnf	0	0	0	0	NA	1	1	0	0	NA
4	C	4C	30	4C30	vegetative	vegetative	vegetative	dead_nf	dead_nf	died and nf?	NA	blank	NA	blank	NA	blank	nf	NA	,||,died and nf?	NA	vegetative > vegetative	vegetative > dead_nf	vegetative > vegetative > dead_nf	vegetative > vegetative > dead_nf > dead_nf	0	0	0	0	0	1	1	1	0	0
4	C	4C	31	4C31	vegetative	recheck	dead_nf	dead_nf	tagnf	NA	NA	blank	gone	nf	nf	nf	nf	NA	,gone|nf|,	NA	vegetative > dead_nf	dead_nf > dead_nf	vegetative > dead_nf > dead_nf	vegetative > dead_nf > dead_nf > tagnf	0	NA	0	0	NA	1	NA	0	0	NA
4	C	4C	32	4C32	vegetative	no_record	flowering	dead_nf	tagnf	NA	NA	tagnf	NA	NA	NA	blank	NA	NA	,||,	NA	vegetative > flowering	flowering > dead_nf	vegetative > flowering > dead_nf	vegetative > flowering > dead_nf > tagnf	0	NA	1	0	NA	1	NA	1	0	NA
4	C	4C	33	4C33	vegetative	vegetative	vegetative	vegetative	vegetative	NA	NA	blank	NA	blank	NA	blank	blank	NA	,||,	NA	vegetative > vegetative	vegetative > vegetative	vegetative > vegetative > vegetative	vegetative > vegetative > vegetative > vegetative	0	0	0	0	0	1	1	1	1	1
4	C	4C	34	4C34	vegetative	vegetative	vegetative	vegetative	vegetative	NA	DL. JP checked 72 mm against scan, OK	blank	NA	blank	NA	blank	blank	NA	DL,||,	NA	vegetative > vegetative	vegetative > vegetative	vegetative > vegetative > vegetative	vegetative > vegetative > vegetative > vegetative	0	0	0	0	0	1	1	1	1	1
4	C	4C	35	4C35	vegetative	no_record	flowering	dead_nf	dead_nf	died and nf?	NA	tagnf	NA	NA	NA	blank	nf	NA	,||,died and nf?	NA	vegetative > flowering	flowering > dead_nf	vegetative > flowering > dead_nf	vegetative > flowering > dead_nf > dead_nf	0	NA	1	0	0	1	NA	1	0	0
4	C	4C	36	4C36	vegetative	vegetative	flowering	dead_nf	dead_nf	NA	NA	blank	NA	blank	NA	blank	nf	NA	,||,	NA	vegetative > flowering	flowering > dead_nf	vegetative > flowering > dead_nf	vegetative > flowering > dead_nf > dead_nf	0	0	1	0	0	1	1	1	0	0
4	C	4C	625	4C625	vegetative	vegetative	vegetative	dead_nf	tagnf	died and nf?	NA	blank	NA	blank	NA	blank	nf	NA	,||,died and nf?	tag loose	vegetative > vegetative	vegetative > dead_nf	vegetative > vegetative > dead_nf	vegetative > vegetative > dead_nf > tagnf	0	0	0	0	NA	1	1	1	0	NA
4	C	4C	626	4C626	vegetative	vegetative	vegetative	vegetative	dead_nf	NA	NA	blank	NA	blank	NA	blank	blank	NA	,||,	NA	vegetative > vegetative	vegetative > vegetative	vegetative > vegetative > vegetative	vegetative > vegetative > vegetative > dead_nf	0	0	0	0	0	1	1	1	1	0
4	C	4C	627	4C627	vegetative	vegetative	vegetative	vegetative	flowering	NA	NA	blank	NA	blank	NA	blank	blank	NA	,||,	NA	vegetative > vegetative	vegetative > vegetative	vegetative > vegetative > vegetative	vegetative > vegetative > vegetative > flowering	0	0	0	0	1	1	1	1	1	1
4	C	4C	628	4C628	vegetative	recheck	dead_nf	dead_nf	dead_nf	NA	shriveled	blank	gone	nf	nf	nf	nf	NA	shriveled,gone|nf|,	NA	vegetative > dead_nf	dead_nf > dead_nf	vegetative > dead_nf > dead_nf	vegetative > dead_nf > dead_nf > dead_nf	0	NA	0	0	0	1	NA	0	0	0
4	C	4C	629	4C629	vegetative	no_record	vegetative	vegetative	vegetative	NA	NA	tagnf	NA	NA	NA	blank	blank	NA	,||,	NA	vegetative > vegetative	vegetative > vegetative	vegetative > vegetative > vegetative	vegetative > vegetative > vegetative > vegetative	0	NA	0	0	0	1	NA	1	1	1
4	C	4C	630	4C630	vegetative	vegetative	vegetative	vegetative	tagnf	NA	NA	blank	NA	blank	NA	blank	blank	NA	,||,	NA	vegetative > vegetative	vegetative > vegetative	vegetative > vegetative > vegetative	vegetative > vegetative > vegetative > tagnf	0	0	0	0	NA	1	1	1	1	NA
4	C	4C	631	4C631	vegetative	vegetative	vegetative	dead_nf	dead_nf	NA	NA	blank	NA	blank	NA	blank	nf	NA	,||,	NA	vegetative > vegetative	vegetative > dead_nf	vegetative > vegetative > dead_nf	vegetative > vegetative > dead_nf > dead_nf	0	0	0	0	0	1	1	1	0	0
4	C	4C	632	4C632	vegetative	vegetative	vegetative	vegetative	tagnf	flowered and lived?	NA	blank	NA	blank	NA	blank	blank	NA	,||,flowered and lived?	NA	vegetative > vegetative	vegetative > vegetative	vegetative > vegetative > vegetative	vegetative > vegetative > vegetative > tagnf	0	0	0	0	NA	1	1	1	1	NA
4	C	4C	633	4C633	vegetative	vegetative	vegetative	vegetative	vegetative	NA	NA	blank	NA	blank	split under	blank	blank	NA	,|split under|,	NA	vegetative > vegetative	vegetative > vegetative	vegetative > vegetative > vegetative	vegetative > vegetative > vegetative > vegetative	0	0	0	0	0	1	1	1	1	1
4	C	4C	634	4C634	vegetative	no_record	dead_nf	dead_nf	dead_nf	NA	NA	tagnf	NA	NA	nf	nf	nf	NA	,|nf|,	NA	vegetative > dead_nf	dead_nf > dead_nf	vegetative > dead_nf > dead_nf	vegetative > dead_nf > dead_nf > dead_nf	0	NA	0	0	0	1	NA	0	0	0
4	C	4C	635	4C635	vegetative	no_record	dead_nf	dead_nf	dead_nf	NA	shriveled	ts	NA	NA	nf	nf	nf	NA	shriveled,|nf|,	NA	vegetative > dead_nf	dead_nf > dead_nf	vegetative > dead_nf > dead_nf	vegetative > dead_nf > dead_nf > dead_nf	0	NA	0	0	0	1	NA	0	0	0
4	C	4C	636	4C636	vegetative	vegetative	dead_nf	dead_nf	dead_nf	NA	NA	blank	NA	blank	nf	nf	nf	NA	,|nf|,	NA	vegetative > dead_nf	dead_nf > dead_nf	vegetative > dead_nf > dead_nf	vegetative > dead_nf > dead_nf > dead_nf	0	0	0	0	0	1	1	0	0	0
4	C	4C	637	4C637	vegetative	no_record	dead_nf	dead_nf	dead_nf	NA	NA	ts	NA	NA	nf	nf	nf	NA	,|nf|,	NA	vegetative > dead_nf	dead_nf > dead_nf	vegetative > dead_nf > dead_nf	vegetative > dead_nf > dead_nf > dead_nf	0	NA	0	0	0	1	NA	0	0	0
4	C	4C	638	4C638	vegetative	vegetative	dead_nf	dead_nf	dead_nf	NA	NA	blank	NA	blank	nf	nf	nf	NA	,|nf|,	NA	vegetative > dead_nf	dead_nf > dead_nf	vegetative > dead_nf > dead_nf	vegetative > dead_nf > dead_nf > dead_nf	0	0	0	0	0	1	1	0	0	0
4	C	4C	639	4C639	vegetative	no_record	vegetative	vegetative	vegetative	NA	NA	tagnf	NA	NA	NA	blank	blank	NA	,||,	NA	vegetative > vegetative	vegetative > vegetative	vegetative > vegetative > vegetative	vegetative > vegetative > vegetative > vegetative	0	NA	0	0	0	1	NA	1	1	1
4	C	4C	640	4C640	vegetative	no_record	vegetative	vegetative	vegetative	NA	NA	tagnf	NA	NA	NA	blank	blank	NA	,||,	NA	vegetative > vegetative	vegetative > vegetative	vegetative > vegetative > vegetative	vegetative > vegetative > vegetative > vegetative	0	NA	0	0	0	1	NA	1	1	1
4	C	4C	641	4C641	vegetative	no_record	flowering	flowering	dead_nf	NA	NA	NA	NA	NA	near 4C	blank	blank	outside plot	,|near 4C|outside plot,	NA	vegetative > flowering	flowering > flowering	vegetative > flowering > flowering	vegetative > flowering > flowering > dead_nf	0	NA	1	1	0	1	NA	1	1	0
4	C	4C	642	4C642	vegetative	no_record	flowering	dead_nf	dead_nf	NA	NA	NA	NA	NA	near 4C	blank	nf	outside plot	,|near 4C|outside plot,	NA	vegetative > flowering	flowering > dead_nf	vegetative > flowering > dead_nf	vegetative > flowering > dead_nf > dead_nf	0	NA	1	0	0	1	NA	1	0	0
4	C	4C	643	4C643	vegetative	no_record	flowering	dead_nf	dead_nf	NA	NA	NA	NA	NA	near 4C	blank	dead	outside plot	,|near 4C|outside plot,	NA	vegetative > flowering	flowering > dead_nf	vegetative > flowering > dead_nf	vegetative > flowering > dead_nf > dead_nf	0	NA	1	0	0	1	NA	1	0	0
4	C	4C	644	4C644	vegetative	no_record	flowering	dead_nf	dead_nf	NA	NA	NA	NA	NA	NA	blank	nf	NA	,||,	NA	vegetative > flowering	flowering > dead_nf	vegetative > flowering > dead_nf	vegetative > flowering > dead_nf > dead_nf	0	NA	1	0	0	1	NA	1	0	0
4	D	4D	26	4D26	flowering	no_record	dead_nf	dead_nf	dead_nf	NA	NA	blank	NA	NA	nf	nf	nf	NA	,|nf|,	NA	flowering > dead_nf	dead_nf > dead_nf	flowering > dead_nf > dead_nf	flowering > dead_nf > dead_nf > dead_nf	1	NA	0	0	0	1	NA	0	0	0
4	D	4D	27	4D27	vegetative	vegetative	vegetative	tagnf	tagnf	NA	NA	blank	NA	blank	chewed	chewed	tagnf	NA	,|chewed|,	NA	vegetative > vegetative	vegetative > tagnf	vegetative > vegetative > tagnf	vegetative > vegetative > tagnf > tagnf	0	0	0	NA	NA	1	1	1	NA	NA
4	D	4D	28	4D28	vegetative	vegetative	vegetative	vegetative	vegetative	NA	NA	blank	NA	blank	NA	blank	blank	NA	,||,	NA	vegetative > vegetative	vegetative > vegetative	vegetative > vegetative > vegetative	vegetative > vegetative > vegetative > vegetative	0	0	0	0	0	1	1	1	1	1
4	D	4D	29	4D29	flowering	no_record	dead_nf	dead_nf	tagnf	NA	NA	blank	NA	NA	nf	nf	nf	NA	,|nf|,	NA	flowering > dead_nf	dead_nf > dead_nf	flowering > dead_nf > dead_nf	flowering > dead_nf > dead_nf > tagnf	1	NA	0	0	NA	1	NA	0	0	NA
4	D	4D	30	4D30	vegetative	vegetative	vegetative	vegetative	dead_nf	NA	NA	blank	NA	blank	NA	blank	blank	NA	,||,	root found	vegetative > vegetative	vegetative > vegetative	vegetative > vegetative > vegetative	vegetative > vegetative > vegetative > dead_nf	0	0	0	0	0	1	1	1	1	0
4	D	4D	31	4D31	flowering	no_record	dead_nf	dead_nf	tagnf	NA	NA	blank	NA	NA	dead	dead	nf	NA	,|dead|,	NA	flowering > dead_nf	dead_nf > dead_nf	flowering > dead_nf > dead_nf	flowering > dead_nf > dead_nf > tagnf	1	NA	0	0	NA	1	NA	0	0	NA
4	D	4D	32	4D32	vegetative	vegetative	vegetative	vegetative	vegetative	NA	NA	blank	NA	blank	NA	blank	blank	NA	,||,	NA	vegetative > vegetative	vegetative > vegetative	vegetative > vegetative > vegetative	vegetative > vegetative > vegetative > vegetative	0	0	0	0	0	1	1	1	1	1
4	D	4D	33	4D33	flowering	no_record	vegetative	dead_nf	dead_nf	died and nf?	NA	blank	NA	NA	NA	blank	nf	NA	,||,died and nf?	NA	flowering > vegetative	vegetative > dead_nf	flowering > vegetative > dead_nf	flowering > vegetative > dead_nf > dead_nf	1	NA	0	0	0	1	NA	1	0	0
4	D	4D	34	4D34	flowering	no_record	vegetative	dead_nf	tagnf	NA	NA	blank	NA	NA	eaten	chewed	nf	NA	,|eaten|,	NA	flowering > vegetative	vegetative > dead_nf	flowering > vegetative > dead_nf	flowering > vegetative > dead_nf > tagnf	1	NA	0	0	NA	1	NA	1	0	NA
4	D	4D	35	4D35	flowering	no_record	flowering	vegetative	dead_nf	flowered and lived?	NA	blank	NA	NA	NA	blank	blank	NA	,||,flowered and lived?	NA	flowering > flowering	flowering > vegetative	flowering > flowering > vegetative	flowering > flowering > vegetative > dead_nf	1	NA	1	0	0	1	NA	1	1	0
4	D	4D	36	4D36	flowering	no_record	dead_nf	dead_nf	dead_nf	NA	NA	blank	NA	NA	dead	dead	nf	NA	,|dead|,	NA	flowering > dead_nf	dead_nf > dead_nf	flowering > dead_nf > dead_nf	flowering > dead_nf > dead_nf > dead_nf	1	NA	0	0	0	1	NA	0	0	0
4	D	4D	37	4D37	vegetative	vegetative	vegetative	flowering	tagnf	NA	NA	blank	NA	blank	NA	blank	chewed	NA	,||,	NA	vegetative > vegetative	vegetative > flowering	vegetative > vegetative > flowering	vegetative > vegetative > flowering > tagnf	0	0	0	1	NA	1	1	1	1	NA
4	D	4D	38	4D38	vegetative	no_record	vegetative	dead_nf	dead_nf	died and nf?	NA	tagnf	NA	NA	plant above tag	blank	nf	NA	,|plant above tag|,died and nf?	NA	vegetative > vegetative	vegetative > dead_nf	vegetative > vegetative > dead_nf	vegetative > vegetative > dead_nf > dead_nf	0	NA	0	0	0	1	NA	1	0	0
4	D	4D	39	4D39	vegetative	vegetative	tagnf	no_record	tagnf	NA	NA	blank	NA	blank	tag not found	blank	NA	NA	,|tag not found|,	NA	vegetative > tagnf	tagnf > no_record	vegetative > tagnf > no_record	vegetative > tagnf > no_record > tagnf	0	0	NA	NA	NA	1	1	NA	NA	NA
4	D	4D	40	4D40	flowering	no_record	dead_nf	dead_nf	tagnf	NA	NA	blank	NA	NA	nf	nf	nf	NA	,|nf|,	NA	flowering > dead_nf	dead_nf > dead_nf	flowering > dead_nf > dead_nf	flowering > dead_nf > dead_nf > tagnf	1	NA	0	0	NA	1	NA	0	0	NA
4	D	4D	41	4D41	vegetative	vegetative	vegetative	flowering	dead_nf	NA	NA	blank	fly poop covering plant at base, dried up	chewed	NA	blank	blank	NA	,fly poop covering plant at base, dried up||,	Other V plants nearby	vegetative > vegetative	vegetative > flowering	vegetative > vegetative > flowering	vegetative > vegetative > flowering > dead_nf	0	0	0	1	0	1	1	1	1	0
4	D	4D	42	4D42	vegetative	vegetative	vegetative	dead_nf	tagnf	died and nf?	NA	blank	fly poop covering plant at base, dried up	chewed	upper right of tag	blank	nf	NA	,fly poop covering plant at base, dried up|upper right of tag|,died and nf?	NA	vegetative > vegetative	vegetative > dead_nf	vegetative > vegetative > dead_nf	vegetative > vegetative > dead_nf > tagnf	0	0	0	0	NA	1	1	1	0	NA
4	D	4D	43	4D43	vegetative	vegetative	flowering	vegetative	vegetative	flowered and lived?	NA	blank	NA	blank	NA	blank	blank	NA	,||,flowered and lived?	NA	vegetative > flowering	flowering > vegetative	vegetative > flowering > vegetative	vegetative > flowering > vegetative > vegetative	0	0	1	0	0	1	1	1	1	1
4	D	4D	44	4D44	flowering	no_record	vegetative	vegetative	vegetative	NA	NA	blank	NA	NA	NA	blank	blank	NA	,||,	NA	flowering > vegetative	vegetative > vegetative	flowering > vegetative > vegetative	flowering > vegetative > vegetative > vegetative	1	NA	0	0	0	1	NA	1	1	1
4	D	4D	45	4D45	flowering	no_record	vegetative	dead_nf	tagnf	died and nf?	NA	blank	NA	NA	NA	blank	nf	NA	,||,died and nf?	NA	flowering > vegetative	vegetative > dead_nf	flowering > vegetative > dead_nf	flowering > vegetative > dead_nf > tagnf	1	NA	0	0	NA	1	NA	1	0	NA
4	D	4D	46	4D46	vegetative	vegetative	flowering	dead_nf	dead_nf	NA	NA	blank	NA	blank	NA	blank	nf	NA	,||,	NA	vegetative > flowering	flowering > dead_nf	vegetative > flowering > dead_nf	vegetative > flowering > dead_nf > dead_nf	0	0	1	0	0	1	1	1	0	0
4	D	4D	47	4D47	vegetative	vegetative	vegetative	flowering	dead_nf	NA	NA	blank	NA	blank	NA	blank	blank	NA	,||,	NA	vegetative > vegetative	vegetative > flowering	vegetative > vegetative > flowering	vegetative > vegetative > flowering > dead_nf	0	0	0	1	0	1	1	1	1	0
4	D	4D	48	4D48	vegetative	vegetative	dead_nf	dead_nf	dead_nf	NA	NA	blank	2 other rosettes eaten	chewed	nf	nf	nf	NA	,2 other rosettes eaten|nf|,	NA	vegetative > dead_nf	dead_nf > dead_nf	vegetative > dead_nf > dead_nf	vegetative > dead_nf > dead_nf > dead_nf	0	0	0	0	0	1	1	0	0	0
4	D	4D	49	4D49	vegetative	vegetative	vegetative	flowering	dead_nf	NA	NA	blank	not sure which plant to measure.	blank	NA	blank	blank	NA	,not sure which plant to measure.||,	Other V plants nearby	vegetative > vegetative	vegetative > flowering	vegetative > vegetative > flowering	vegetative > vegetative > flowering > dead_nf	0	0	0	1	0	1	1	1	1	0
4	D	4D	50	4D50	vegetative	recheck	vegetative	dead_nf	dead_nf	chew death	NA	blank	gone	nf	eaten	chewed	nf	NA	,gone|eaten|,chew death	NA	vegetative > vegetative	vegetative > dead_nf	vegetative > vegetative > dead_nf	vegetative > vegetative > dead_nf > dead_nf	0	NA	0	0	0	1	NA	1	0	0
4	D	4D	51	4D51	vegetative	vegetative	vegetative	dead_nf	dead_nf	died and nf?	NA	blank	NA	blank	NA	blank	nf	NA	,||,died and nf?	NA	vegetative > vegetative	vegetative > dead_nf	vegetative > vegetative > dead_nf	vegetative > vegetative > dead_nf > dead_nf	0	0	0	0	0	1	1	1	0	0
4	D	4D	52	4D52	vegetative	vegetative	vegetative	flowering	dead_nf	NA	NA	blank	NA	blank	NA	blank	blank	NA	,||,	NA	vegetative > vegetative	vegetative > flowering	vegetative > vegetative > flowering	vegetative > vegetative > flowering > dead_nf	0	0	0	1	0	1	1	1	1	0
4	D	4D	53	4D53	vegetative	vegetative	flowering	dead_nf	dead_nf	chew death	NA	blank	NA	blank	eaten	chewed	nf	NA	,|eaten|,chew death	NA	vegetative > flowering	flowering > dead_nf	vegetative > flowering > dead_nf	vegetative > flowering > dead_nf > dead_nf	0	0	1	0	0	1	1	1	0	0
4	D	4D	54	4D54	vegetative	vegetative	flowering	vegetative	dead_nf	flowered and lived?	NA	blank	NA	blank	NA	blank	blank	NA	,||,flowered and lived?	NA	vegetative > flowering	flowering > vegetative	vegetative > flowering > vegetative	vegetative > flowering > vegetative > dead_nf	0	0	1	0	0	1	1	1	1	0
4	D	4D	55	4D55	vegetative	vegetative	vegetative	dead_nf	dead_nf	died and nf?	NA	blank	NA	blank	NA	blank	nf	NA	,||,died and nf?	NA	vegetative > vegetative	vegetative > dead_nf	vegetative > vegetative > dead_nf	vegetative > vegetative > dead_nf > dead_nf	0	0	0	0	0	1	1	1	0	0
4	D	4D	56	4D56	vegetative	vegetative	vegetative	dead_nf	dead_nf	chew death	NA	blank	NA	blank	1 rosette eaten	chewed	nf	NA	,|1 rosette eaten|,chew death	NA	vegetative > vegetative	vegetative > dead_nf	vegetative > vegetative > dead_nf	vegetative > vegetative > dead_nf > dead_nf	0	0	0	0	0	1	1	1	0	0
4	D	4D	57	4D57	vegetative	vegetative	vegetative	dead_nf	dead_nf	died and nf?	NA	blank	NA	blank	NA	blank	nf	NA	,||,died and nf?	NA	vegetative > vegetative	vegetative > dead_nf	vegetative > vegetative > dead_nf	vegetative > vegetative > dead_nf > dead_nf	0	0	0	0	0	1	1	1	0	0
4	D	4D	58	4D58	vegetative	no_record	flowering	dead_nf	vegetative	NA	NA	tagnf	NA	NA	NA	blank	nf	NA	,||,	Possibly new plant	vegetative > flowering	flowering > dead_nf	vegetative > flowering > dead_nf	vegetative > flowering > dead_nf > vegetative	0	NA	1	0	0	1	NA	1	0	1
4	D	4D	59	4D59	vegetative	vegetative	dead_nf	dead_nf	dead_nf	NA	NA	blank	dried up	blank	dead	dead	nf	NA	,dried up|dead|,	NA	vegetative > dead_nf	dead_nf > dead_nf	vegetative > dead_nf > dead_nf	vegetative > dead_nf > dead_nf > dead_nf	0	0	0	0	0	1	1	0	0	0
4	D	4D	60	4D60	vegetative	no_record	flowering	dead_nf	dead_nf	NA	NA	NA	NA	NA	NA	blank	nf	NA	,||,	NA	vegetative > flowering	flowering > dead_nf	vegetative > flowering > dead_nf	vegetative > flowering > dead_nf > dead_nf	0	NA	1	0	0	1	NA	1	0	0
4	D	4D	61	4D61	vegetative	no_record	flowering	dead_nf	tagnf	NA	NA	NA	NA	NA	NA	blank	NA	NA	,||,	NA	vegetative > flowering	flowering > dead_nf	vegetative > flowering > dead_nf	vegetative > flowering > dead_nf > tagnf	0	NA	1	0	NA	1	NA	1	0	NA
4	D	4D	62	4D62	vegetative	no_record	flowering	dead_nf	dead_nf	NA	NA	NA	NA	NA	NA	blank	nf	NA	,||,	NA	vegetative > flowering	flowering > dead_nf	vegetative > flowering > dead_nf	vegetative > flowering > dead_nf > dead_nf	0	NA	1	0	0	1	NA	1	0	0
4	D	4D	66	4D66	vegetative	vegetative	no_record	dead_nf	dead_nf	check tag #	NA	NA	NA	blank	NA	NA	nf	NA	,||,check tag #	NA	vegetative > no_record	no_record > dead_nf	vegetative > no_record > dead_nf	vegetative > no_record > dead_nf > dead_nf	0	0	NA	0	0	1	1	NA	0	0
5	A	5A	121	5A121	vegetative	recheck	tagnf	no_record	tagnf	NA	NA	blank	NA	nf	tagnf	tagnf	NA	NA	,|tagnf|,	NA	vegetative > tagnf	tagnf > no_record	vegetative > tagnf > no_record	vegetative > tagnf > no_record > tagnf	0	NA	NA	NA	NA	1	NA	NA	NA	NA
5	A	5A	171	5A171	vegetative	vegetative	vegetative	tagnf	tagnf	NA	NA	blank	NA	blank	ts	ts	tagnf	NA	,|ts|,	NA	vegetative > vegetative	vegetative > tagnf	vegetative > vegetative > tagnf	vegetative > vegetative > tagnf > tagnf	0	0	0	NA	NA	1	1	1	NA	NA
5	A	5A	172	5A172	vegetative	recheck	dead_nf	dead_nf	tagnf	NA	NA	blank	NA	nf	nf	nf	NA	NA	,|nf|,	NA	vegetative > dead_nf	dead_nf > dead_nf	vegetative > dead_nf > dead_nf	vegetative > dead_nf > dead_nf > tagnf	0	NA	0	0	NA	1	NA	0	0	NA
5	A	5A	173	5A173	flowering	flowering	vegetative	dead_nf	dead_nf	NA	NA	blank	flowering plant	blank	6ts	ts	dead	NA	,flowering plant|6ts|,	NA	flowering > vegetative	vegetative > dead_nf	flowering > vegetative > dead_nf	flowering > vegetative > dead_nf > dead_nf	1	1	0	0	0	1	1	1	0	0
5	A	5A	174	5A174	vegetative	vegetative	dead_nf	dead_nf	tagnf	NA	NA	blank	NA	blank	nf	nf	nf	NA	,|nf|,	NA	vegetative > dead_nf	dead_nf > dead_nf	vegetative > dead_nf > dead_nf	vegetative > dead_nf > dead_nf > tagnf	0	0	0	0	NA	1	1	0	0	NA
5	A	5A	175	5A175	flowering	no_record	dead_nf	dead_nf	dead_nf	NA	NA	blank	NA	NA	nf	nf	nf	NA	,|nf|,	NA	flowering > dead_nf	dead_nf > dead_nf	flowering > dead_nf > dead_nf	flowering > dead_nf > dead_nf > dead_nf	1	NA	0	0	0	1	NA	0	0	0
5	A	5A	176	5A176	flowering	no_record	dead_nf	dead_nf	dead_nf	NA	more rosettes?	blank	NA	NA	nf	nf	nf	NA	more rosettes?,|nf|,	NA	flowering > dead_nf	dead_nf > dead_nf	flowering > dead_nf > dead_nf	flowering > dead_nf > dead_nf > dead_nf	1	NA	0	0	0	1	NA	0	0	0
5	A	5A	177	5A177	vegetative	recheck	dead_nf	dead_nf	tagnf	NA	NA	blank	NA	nf	nf, tag is out of plot	nf	NA	NA	,|nf, tag is out of plot|,	NA	vegetative > dead_nf	dead_nf > dead_nf	vegetative > dead_nf > dead_nf	vegetative > dead_nf > dead_nf > tagnf	0	NA	0	0	NA	1	NA	0	0	NA
5	A	5A	178	5A178	vegetative	vegetative	vegetative	dead_nf	dead_nf	NA	NA	blank	NA	blank	NA	blank	nf	NA	,||,	NA	vegetative > vegetative	vegetative > dead_nf	vegetative > vegetative > dead_nf	vegetative > vegetative > dead_nf > dead_nf	0	0	0	0	0	1	1	1	0	0
5	A	5A	179	5A179	vegetative	vegetative	flowering	dead_nf	dead_nf	NA	NA	blank	NA	blank	NA	blank	nf	NA	,||,	NA	vegetative > flowering	flowering > dead_nf	vegetative > flowering > dead_nf	vegetative > flowering > dead_nf > dead_nf	0	0	1	0	0	1	1	1	0	0
5	A	5A	180	5A180	flowering	no_record	vegetative	flowering	tagnf	rosettes? flowering?	NA	blank	NA	NA	above tag	blank	chewed	NA	,|above tag|,rosettes? flowering?	NA	flowering > vegetative	vegetative > flowering	flowering > vegetative > flowering	flowering > vegetative > flowering > tagnf	1	NA	0	1	NA	1	NA	1	1	NA
5	A	5A	181	5A181	flowering	no_record	dead_nf	dead_nf	tagnf	NA	NA	blank	NA	NA	nf	nf	nf	NA	,|nf|,	NA	flowering > dead_nf	dead_nf > dead_nf	flowering > dead_nf > dead_nf	flowering > dead_nf > dead_nf > tagnf	1	NA	0	0	NA	1	NA	0	0	NA
5	A	5A	182	5A182	flowering	no_record	dead_nf	dead_nf	tagnf	NA	NA	blank	NA	NA	tagnf	tagnf	NA	NA	,|tagnf|,	NA	flowering > dead_nf	dead_nf > dead_nf	flowering > dead_nf > dead_nf	flowering > dead_nf > dead_nf > tagnf	1	NA	0	0	NA	1	NA	0	0	NA
5	A	5A	183	5A183	vegetative	no_record	flowering	dead_nf	dead_nf	NA	missing	tagnf	NA	NA	NA	blank	nf	NA	missing,||,	NA	vegetative > flowering	flowering > dead_nf	vegetative > flowering > dead_nf	vegetative > flowering > dead_nf > dead_nf	0	NA	1	0	0	1	NA	1	0	0
5	A	5A	184	5A184	vegetative	recheck	dead_nf	dead_nf	tagnf	tagnf last year	NA	blank	gone	nf	tagnf	tagnf	nf	NA	,gone|tagnf|,tagnf last year	NA	vegetative > dead_nf	dead_nf > dead_nf	vegetative > dead_nf > dead_nf	vegetative > dead_nf > dead_nf > tagnf	0	NA	0	0	NA	1	NA	0	0	NA
5	A	5A	185	5A185	vegetative	vegetative	vegetative	flowering	dead_nf	NA	NA	blank	plant right of tag	blank	NA	blank	blank	NA	,plant right of tag||,	NA	vegetative > vegetative	vegetative > flowering	vegetative > vegetative > flowering	vegetative > vegetative > flowering > dead_nf	0	0	0	1	0	1	1	1	1	0
5	A	5A	186	5A186	vegetative	vegetative	dead_nf	dead_nf	dead_nf	NA	NA	blank	NA	blank	nf	nf	nf	NA	,|nf|,	NA	vegetative > dead_nf	dead_nf > dead_nf	vegetative > dead_nf > dead_nf	vegetative > dead_nf > dead_nf > dead_nf	0	0	0	0	0	1	1	0	0	0
5	A	5A	187	5A187	vegetative	vegetative	dead_nf	dead_nf	tagnf	NA	NA	blank	NA	blank	nf	nf	nf	NA	,|nf|,	NA	vegetative > dead_nf	dead_nf > dead_nf	vegetative > dead_nf > dead_nf	vegetative > dead_nf > dead_nf > tagnf	0	0	0	0	NA	1	1	0	0	NA
5	A	5A	188	5A188	vegetative	recheck	dead_nf	dead_nf	dead_nf	NA	NA	blank	gophered	nf	nf	nf	nf	NA	,gophered|nf|,	NA	vegetative > dead_nf	dead_nf > dead_nf	vegetative > dead_nf > dead_nf	vegetative > dead_nf > dead_nf > dead_nf	0	NA	0	0	0	1	NA	0	0	0
5	A	5A	189	5A189	flowering	no_record	vegetative	flowering	dead_nf	NA	NA	blank	NA	NA	below tag	blank	chewed	NA	,|below tag|,	NA	flowering > vegetative	vegetative > flowering	flowering > vegetative > flowering	flowering > vegetative > flowering > dead_nf	1	NA	0	1	0	1	NA	1	1	0
5	A	5A	190	5A190	vegetative	vegetative	tagnf	no_record	tagnf	NA	NA	blank	NA	blank	tagnf	tagnf	NA	NA	,|tagnf|,	NA	vegetative > tagnf	tagnf > no_record	vegetative > tagnf > no_record	vegetative > tagnf > no_record > tagnf	0	0	NA	NA	NA	1	1	NA	NA	NA
5	A	5A	191	5A191	vegetative	vegetative	vegetative	flowering	dead_nf	NA	NA	blank	NA	blank	plant above tag	blank	blank	NA	,|plant above tag|,	NA	vegetative > vegetative	vegetative > flowering	vegetative > vegetative > flowering	vegetative > vegetative > flowering > dead_nf	0	0	0	1	0	1	1	1	1	0
5	A	5A	192	5A192	vegetative	recheck	vegetative	dead_nf	tagnf	NA	NA	blank	NA	nf	plant right of tag	blank	nf	NA	,|plant right of tag|,	NA	vegetative > vegetative	vegetative > dead_nf	vegetative > vegetative > dead_nf	vegetative > vegetative > dead_nf > tagnf	0	NA	0	0	NA	1	NA	1	0	NA
5	A	5A	193	5A193	vegetative	vegetative	flowering	dead_nf	dead_nf	NA	NA	blank	NA	blank	NA	blank	dead	NA	,||,	NA	vegetative > flowering	flowering > dead_nf	vegetative > flowering > dead_nf	vegetative > flowering > dead_nf > dead_nf	0	0	1	0	0	1	1	1	0	0
5	A	5A	194	5A194	vegetative	no_record	vegetative	vegetative	dead_nf	NA	NA	blank	NA	NA	nf	nf	nf	NA	,|nf|,	NA	vegetative > vegetative	vegetative > vegetative	vegetative > vegetative > vegetative	vegetative > vegetative > vegetative > dead_nf	0	NA	0	0	0	1	NA	1	1	0
5	A	5A	195	5A195	vegetative	vegetative	flowering	vegetative	vegetative	NA	NA	blank	NA	blank	NA	blank	tagnf	NA	,||,	NA	vegetative > flowering	flowering > vegetative	vegetative > flowering > vegetative	vegetative > flowering > vegetative > vegetative	0	0	1	0	0	1	1	1	1	1
5	A	5A	196	5A196	vegetative	vegetative	flowering	flowering	dead_nf	flowered twice?	NA	blank	NA	blank	NA	blank	blank	NA	,||,flowered twice?	NA	vegetative > flowering	flowering > flowering	vegetative > flowering > flowering	vegetative > flowering > flowering > dead_nf	0	0	1	1	0	1	1	1	1	0
5	A	5A	197	5A197	vegetative	vegetative	vegetative	vegetative	vegetative	NA	NA	blank	NA	blank	NA	blank	blank	NA	,||,	NA	vegetative > vegetative	vegetative > vegetative	vegetative > vegetative > vegetative	vegetative > vegetative > vegetative > vegetative	0	0	0	0	0	1	1	1	1	1
5	A	5A	198	5A198	vegetative	vegetative	vegetative	tagnf	tagnf	NA	NA	blank	NA	blank	NA	blank	tagnf	NA	,||,	NA	vegetative > vegetative	vegetative > tagnf	vegetative > vegetative > tagnf	vegetative > vegetative > tagnf > tagnf	0	0	0	NA	NA	1	1	1	NA	NA
5	A	5A	199	5A199	vegetative	vegetative	dead_nf	dead_nf	dead_nf	NA	NA	blank	NA	blank	nf	nf	nf	NA	,|nf|,	NA	vegetative > dead_nf	dead_nf > dead_nf	vegetative > dead_nf > dead_nf	vegetative > dead_nf > dead_nf > dead_nf	0	0	0	0	0	1	1	0	0	0
5	A	5A	200	5A200	vegetative	vegetative	flowering	dead_nf	dead_nf	NA	NA	blank	NA	blank	plant up from tag	blank	nf	NA	,|plant up from tag|,	NA	vegetative > flowering	flowering > dead_nf	vegetative > flowering > dead_nf	vegetative > flowering > dead_nf > dead_nf	0	0	1	0	0	1	1	1	0	0
5	A	5A	201	5A201	vegetative	no_record	flowering	dead_nf	dead_nf	NA	NA	NA	NA	NA	NA	blank	nf	NA	,||,	NA	vegetative > flowering	flowering > dead_nf	vegetative > flowering > dead_nf	vegetative > flowering > dead_nf > dead_nf	0	NA	1	0	0	1	NA	1	0	0
5	A	5A	202	5A202	vegetative	no_record	flowering	flowering	dead_nf	flowered twice?	NA	NA	NA	NA	NA	blank	blank	NA	,||,flowered twice?	NA	vegetative > flowering	flowering > flowering	vegetative > flowering > flowering	vegetative > flowering > flowering > dead_nf	0	NA	1	1	0	1	NA	1	1	0
5	A	5A	203	5A203	vegetative	no_record	flowering	dead_nf	dead_nf	NA	NA	NA	NA	NA	NA	blank	nf	NA	,||,	NA	vegetative > flowering	flowering > dead_nf	vegetative > flowering > dead_nf	vegetative > flowering > dead_nf > dead_nf	0	NA	1	0	0	1	NA	1	0	0
5	B	5B	1	5B1	vegetative	vegetative	flowering	dead_nf	tagnf	NA	NA	blank	NA	blank	NA	blank	dead	NA	,||,	NA	vegetative > flowering	flowering > dead_nf	vegetative > flowering > dead_nf	vegetative > flowering > dead_nf > tagnf	0	0	1	0	NA	1	1	1	0	NA
5	B	5B	10	5B10	vegetative	vegetative	vegetative	vegetative	vegetative	NA	NA	blank	NA	blank	ts	ts	blank	NA	,|ts|,	recheck - says 1 rosette but 3 entries	vegetative > vegetative	vegetative > vegetative	vegetative > vegetative > vegetative	vegetative > vegetative > vegetative > vegetative	0	0	0	0	0	1	1	1	1	1
5	B	5B	11	5B11	vegetative	vegetative	vegetative	dead_nf	dead_nf	NA	NA	blank	1 is eaten down to munched leaf.	chewed	ts	ts	nf	NA	,1 is eaten down to munched leaf.|ts|,	NA	vegetative > vegetative	vegetative > dead_nf	vegetative > vegetative > dead_nf	vegetative > vegetative > dead_nf > dead_nf	0	0	0	0	0	1	1	1	0	0
5	B	5B	12	5B12	vegetative	no_record	vegetative	flowering	dead_nf	NA	NA	ts	NA	NA	up from tag	blank	blank	NA	,|up from tag|,	NA	vegetative > vegetative	vegetative > flowering	vegetative > vegetative > flowering	vegetative > vegetative > flowering > dead_nf	0	NA	0	1	0	1	NA	1	1	0
5	B	5B	13	5B13	vegetative	vegetative	flowering	dead_nf	dead_nf	NA	NA	blank	plant mangled	blank	NA	blank	nf	NA	,plant mangled||,	NA	vegetative > flowering	flowering > dead_nf	vegetative > flowering > dead_nf	vegetative > flowering > dead_nf > dead_nf	0	0	1	0	0	1	1	1	0	0
5	B	5B	14	5B14	flowering	no_record	dead_nf	dead_nf	dead_nf	NA	NA	blank	NA	NA	nf	nf	NA	NA	,|nf|,	NA	flowering > dead_nf	dead_nf > dead_nf	flowering > dead_nf > dead_nf	flowering > dead_nf > dead_nf > dead_nf	1	NA	0	0	0	1	NA	0	0	0
5	B	5B	15	5B15	flowering	vegetative	vegetative	dead_nf	dead_nf	NA	NA	blank	NA	blank	NA	blank	nf	NA	,||,	NA	flowering > vegetative	vegetative > dead_nf	flowering > vegetative > dead_nf	flowering > vegetative > dead_nf > dead_nf	1	0	0	0	0	1	1	1	0	0
5	B	5B	16	5B16	vegetative	no_record	vegetative	flowering	dead_nf	NA	NA	ts	NA	NA	NA	blank	blank	NA	,||,	NA	vegetative > vegetative	vegetative > flowering	vegetative > vegetative > flowering	vegetative > vegetative > flowering > dead_nf	0	NA	0	1	0	1	NA	1	1	0
5	B	5B	17	5B17	vegetative	vegetative	flowering	dead_nf	dead_nf	NA	NA	blank	NA	blank	NA	blank	nf	NA	,||,	NA	vegetative > flowering	flowering > dead_nf	vegetative > flowering > dead_nf	vegetative > flowering > dead_nf > dead_nf	0	0	1	0	0	1	1	1	0	0
5	B	5B	18	5B18	vegetative	vegetative	vegetative	vegetative	dead_nf	NA	NA	blank	NA	blank	ts	ts	blank	NA	,|ts|,	cluster of seedlings nearby	vegetative > vegetative	vegetative > vegetative	vegetative > vegetative > vegetative	vegetative > vegetative > vegetative > dead_nf	0	0	0	0	0	1	1	1	1	0
5	B	5B	19	5B19	vegetative	vegetative	flowering	vegetative	dead_nf	flowered and lived?	NA	blank	could look like 1 big rosette	blank	NA	blank	blank	NA	,could look like 1 big rosette||,flowered and lived?	NA	vegetative > flowering	flowering > vegetative	vegetative > flowering > vegetative	vegetative > flowering > vegetative > dead_nf	0	0	1	0	0	1	1	1	1	0
5	B	5B	2	5B2	vegetative	vegetative	dead_nf	dead_nf	dead_nf	NA	NA	blank	NA	blank	dead	dead	nf	NA	,|dead|,	NA	vegetative > dead_nf	dead_nf > dead_nf	vegetative > dead_nf > dead_nf	vegetative > dead_nf > dead_nf > dead_nf	0	0	0	0	0	1	1	0	0	0
5	B	5B	20	5B20	vegetative	vegetative	vegetative	flowering	dead_nf	NA	NA	blank	NA	blank	NA	blank	blank	NA	,||,	NA	vegetative > vegetative	vegetative > flowering	vegetative > vegetative > flowering	vegetative > vegetative > flowering > dead_nf	0	0	0	1	0	1	1	1	1	0
5	B	5B	21	5B21	vegetative	vegetative	flowering	dead_nf	dead_nf	NA	NA	blank	NA	blank	NA	blank	dead	NA	,||,	NA	vegetative > flowering	flowering > dead_nf	vegetative > flowering > dead_nf	vegetative > flowering > dead_nf > dead_nf	0	0	1	0	0	1	1	1	0	0
5	B	5B	22	5B22	flowering	no_record	dead_nf	dead_nf	dead_nf	NA	NA	blank	NA	NA	dead	dead	nf	NA	,|dead|,	NA	flowering > dead_nf	dead_nf > dead_nf	flowering > dead_nf > dead_nf	flowering > dead_nf > dead_nf > dead_nf	1	NA	0	0	0	1	NA	0	0	0
5	B	5B	23	5B23	flowering	no_record	dead_nf	dead_nf	tagnf	tagnf last year	NA	blank	NA	NA	tagnf	tagnf	nf	NA	,|tagnf|,tagnf last year	NA	flowering > dead_nf	dead_nf > dead_nf	flowering > dead_nf > dead_nf	flowering > dead_nf > dead_nf > tagnf	1	NA	0	0	NA	1	NA	0	0	NA
5	B	5B	24	5B24	vegetative	vegetative	tagnf	no_record	tagnf	NA	NA	blank	NA	blank	tagnf	tagnf	NA	NA	,|tagnf|,	NA	vegetative > tagnf	tagnf > no_record	vegetative > tagnf > no_record	vegetative > tagnf > no_record > tagnf	0	0	NA	NA	NA	1	1	NA	NA	NA
5	B	5B	25	5B25	vegetative	no_record	tagnf	no_record	tagnf	NA	NA	ts	NA	NA	tagnf	tagnf	NA	NA	,|tagnf|,	NA	vegetative > tagnf	tagnf > no_record	vegetative > tagnf > no_record	vegetative > tagnf > no_record > tagnf	0	NA	NA	NA	NA	1	NA	NA	NA	NA
5	B	5B	26	5B26	vegetative	no_record	flowering	dead_nf	tagnf	NA	NA	NA	NA	NA	NA	blank	tagnf	NA	,||,	NA	vegetative > flowering	flowering > dead_nf	vegetative > flowering > dead_nf	vegetative > flowering > dead_nf > tagnf	0	NA	1	0	NA	1	NA	1	0	NA
5	B	5B	27	5B27	vegetative	no_record	flowering	dead_nf	dead_nf	NA	NA	NA	NA	NA	NA	blank	dead	NA	,||,	NA	vegetative > flowering	flowering > dead_nf	vegetative > flowering > dead_nf	vegetative > flowering > dead_nf > dead_nf	0	NA	1	0	0	1	NA	1	0	0
5	B	5B	28	5B28	vegetative	no_record	flowering	dead_nf	dead_nf	NA	NA	NA	NA	NA	NA	blank	nf	NA	,||,	NA	vegetative > flowering	flowering > dead_nf	vegetative > flowering > dead_nf	vegetative > flowering > dead_nf > dead_nf	0	NA	1	0	0	1	NA	1	0	0
5	B	5B	284	5B284	flowering	no_record	dead_nf	dead_nf	dead_nf	NA	NA	blank	NA	NA	nf	nf	nf	NA	,|nf|,	NA	flowering > dead_nf	dead_nf > dead_nf	flowering > dead_nf > dead_nf	flowering > dead_nf > dead_nf > dead_nf	1	NA	0	0	0	1	NA	0	0	0
5	B	5B	287	5B287	vegetative	vegetative	vegetative	no_record	dead_nf	NA	NA	blank	1 eaten, only 3 measurable	chewed	nf	nf	NA	NA	,1 eaten, only 3 measurable|nf|,	NA	vegetative > vegetative	vegetative > no_record	vegetative > vegetative > no_record	vegetative > vegetative > no_record > dead_nf	0	0	0	NA	0	1	1	1	NA	0
5	B	5B	288	5B288	vegetative	vegetative	vegetative	flowering	tagnf	NA	closer plant to tag on right of tag	blank	2 plants not sure which to measure	blank	closer plant to tag on right of tag	blank	blank	NA	closer plant to tag on right of tag,2 plants not sure which to measure|closer plant to tag on right of tag|,	NA	vegetative > vegetative	vegetative > flowering	vegetative > vegetative > flowering	vegetative > vegetative > flowering > tagnf	0	0	0	1	NA	1	1	1	1	NA
5	B	5B	289	5B289	vegetative	vegetative	vegetative	flowering	dead_nf	NA	NA	blank	NA	blank	left of tag	blank	blank	NA	,|left of tag|,	NA	vegetative > vegetative	vegetative > flowering	vegetative > vegetative > flowering	vegetative > vegetative > flowering > dead_nf	0	0	0	1	0	1	1	1	1	0
5	B	5B	29	5B29	vegetative	no_record	flowering	dead_nf	tagnf	NA	NA	NA	NA	NA	NA	blank	nf	NA	,||,	NA	vegetative > flowering	flowering > dead_nf	vegetative > flowering > dead_nf	vegetative > flowering > dead_nf > tagnf	0	NA	1	0	NA	1	NA	1	0	NA
5	B	5B	290	5B290	vegetative	vegetative	flowering	dead_nf	dead_nf	NA	NA	blank	NA	blank	ts	ts	nf	NA	,|ts|,	NA	vegetative > flowering	flowering > dead_nf	vegetative > flowering > dead_nf	vegetative > flowering > dead_nf > dead_nf	0	0	1	0	0	1	1	1	0	0
5	B	5B	291	5B291	vegetative	vegetative	vegetative	dead_nf	tagnf	NA	NA	blank	NA	blank	NA	blank	nf	NA	,||,	NA	vegetative > vegetative	vegetative > dead_nf	vegetative > vegetative > dead_nf	vegetative > vegetative > dead_nf > tagnf	0	0	0	0	NA	1	1	1	0	NA
5	B	5B	292	5B292	flowering	flowering	dead_nf	dead_nf	dead_nf	NA	NA	blank	flowering plant	blank	dead	dead	nf	NA	,flowering plant|dead|,	NA	flowering > dead_nf	dead_nf > dead_nf	flowering > dead_nf > dead_nf	flowering > dead_nf > dead_nf > dead_nf	1	1	0	0	0	1	1	0	0	0
5	B	5B	293	5B293	vegetative	vegetative	vegetative	flowering	tagnf	NA	NA	blank	NA	blank	ts, left of tag	ts	blank	NA	,|ts, left of tag|,	NA	vegetative > vegetative	vegetative > flowering	vegetative > vegetative > flowering	vegetative > vegetative > flowering > tagnf	0	0	0	1	NA	1	1	1	1	NA
5	B	5B	294	5B294	flowering	no_record	dead_nf	dead_nf	dead_nf	NA	2 flowering stalks	blank	NA	NA	dead	dead	nf	NA	2 flowering stalks,|dead|,	NA	flowering > dead_nf	dead_nf > dead_nf	flowering > dead_nf > dead_nf	flowering > dead_nf > dead_nf > dead_nf	1	NA	0	0	0	1	NA	0	0	0
5	B	5B	295	5B295	vegetative	no_record	vegetative	vegetative	vegetative	NA	NA	ts	NA	NA	NA	blank	blank	NA	,||,	NA	vegetative > vegetative	vegetative > vegetative	vegetative > vegetative > vegetative	vegetative > vegetative > vegetative > vegetative	0	NA	0	0	0	1	NA	1	1	1
5	B	5B	296	5B296	vegetative	no_record	vegetative	flowering	dead_nf	NA	NA	ts	NA	NA	NA	blank	blank	NA	,||,	NA	vegetative > vegetative	vegetative > flowering	vegetative > vegetative > flowering	vegetative > vegetative > flowering > dead_nf	0	NA	0	1	0	1	NA	1	1	0
5	B	5B	297	5B297	vegetative	vegetative	vegetative	dead_nf	dead_nf	NA	NA	blank	NA	blank	ts	ts	nf	NA	,|ts|,	NA	vegetative > vegetative	vegetative > dead_nf	vegetative > vegetative > dead_nf	vegetative > vegetative > dead_nf > dead_nf	0	0	0	0	0	1	1	1	0	0
5	B	5B	298	5B298	vegetative	vegetative	dead_nf	dead_nf	dead_nf	NA	NA	blank	NA	blank	nf	nf	dead	NA	,|nf|,	NA	vegetative > dead_nf	dead_nf > dead_nf	vegetative > dead_nf > dead_nf	vegetative > dead_nf > dead_nf > dead_nf	0	0	0	0	0	1	1	0	0	0
5	B	5B	299	5B299	vegetative	vegetative	vegetative	flowering	dead_nf	NA	NA	ts	NA	blank	ts	ts	chewed	NA	,|ts|,	NA	vegetative > vegetative	vegetative > flowering	vegetative > vegetative > flowering	vegetative > vegetative > flowering > dead_nf	0	0	0	1	0	1	1	1	1	0
5	B	5B	3	5B3	vegetative	vegetative	flowering	dead_nf	dead_nf	NA	NA	blank	NA	blank	NA	blank	nf	NA	,||,	NA	vegetative > flowering	flowering > dead_nf	vegetative > flowering > dead_nf	vegetative > flowering > dead_nf > dead_nf	0	0	1	0	0	1	1	1	0	0
5	B	5B	30	5B30	vegetative	no_record	flowering	dead_nf	dead_nf	check tag #	NA	NA	NA	NA	NA	NA	nf	NA	,||,check tag #	NA	vegetative > flowering	flowering > dead_nf	vegetative > flowering > dead_nf	vegetative > flowering > dead_nf > dead_nf	0	NA	1	0	0	1	NA	1	0	0
5	B	5B	300	5B300	vegetative	no_record	vegetative	flowering	dead_nf	NA	NA	ts	NA	NA	ts	ts	blank	NA	,|ts|,	NA	vegetative > vegetative	vegetative > flowering	vegetative > vegetative > flowering	vegetative > vegetative > flowering > dead_nf	0	NA	0	1	0	1	NA	1	1	0
5	B	5B	301	5B301	vegetative	no_record	flowering	dead_nf	dead_nf	NA	NA	NA	NA	NA	NA	blank	nf	NA	,||,	NA	vegetative > flowering	flowering > dead_nf	vegetative > flowering > dead_nf	vegetative > flowering > dead_nf > dead_nf	0	NA	1	0	0	1	NA	1	0	0
5	B	5B	31	5B31	vegetative	no_record	flowering	dead_nf	dead_nf	NA	NA	NA	NA	NA	NA	blank	nf	NA	,||,	NA	vegetative > flowering	flowering > dead_nf	vegetative > flowering > dead_nf	vegetative > flowering > dead_nf > dead_nf	0	NA	1	0	0	1	NA	1	0	0
5	B	5B	32	5B32	flowering	no_record	dead_nf	dead_nf	tagnf	check tag #	NA	NA	NA	NA	NA	NA	nf	NA	,||,check tag #	NA	flowering > dead_nf	dead_nf > dead_nf	flowering > dead_nf > dead_nf	flowering > dead_nf > dead_nf > tagnf	1	NA	0	0	NA	1	NA	0	0	NA
5	B	5B	4	5B4	vegetative	vegetative	vegetative	flowering	dead_nf	NA	NA	blank	NA	blank	NA	blank	blank	NA	,||,	NA	vegetative > vegetative	vegetative > flowering	vegetative > vegetative > flowering	vegetative > vegetative > flowering > dead_nf	0	0	0	1	0	1	1	1	1	0
5	B	5B	5	5B5	vegetative	vegetative	vegetative	flowering	dead_nf	NA	NA	blank	NA	blank	NA	blank	blank	NA	,||,	NA	vegetative > vegetative	vegetative > flowering	vegetative > vegetative > flowering	vegetative > vegetative > flowering > dead_nf	0	0	0	1	0	1	1	1	1	0
5	B	5B	6	5B6	vegetative	vegetative	flowering	dead_nf	dead_nf	NA	NA	blank	NA	blank	NA	blank	nf	NA	,||,	NA	vegetative > flowering	flowering > dead_nf	vegetative > flowering > dead_nf	vegetative > flowering > dead_nf > dead_nf	0	0	1	0	0	1	1	1	0	0
5	B	5B	7	5B7	flowering	no_record	vegetative	vegetative	flowering	count leaves	NA	blank	NA	NA	ts	ts	blank	NA	,|ts|,count leaves	NA	flowering > vegetative	vegetative > vegetative	flowering > vegetative > vegetative	flowering > vegetative > vegetative > flowering	1	NA	0	0	1	1	NA	1	1	1
5	B	5B	8	5B8	flowering	no_record	dead_nf	dead_nf	tagnf	NA	NA	blank	NA	NA	nf	nf	nf	NA	,|nf|,	NA	flowering > dead_nf	dead_nf > dead_nf	flowering > dead_nf > dead_nf	flowering > dead_nf > dead_nf > tagnf	1	NA	0	0	NA	1	NA	0	0	NA
5	B	5B	9	5B9	vegetative	vegetative	vegetative	vegetative	tagnf	NA	NA	blank	NA	blank	NA	blank	nf	NA	,||,	NA	vegetative > vegetative	vegetative > vegetative	vegetative > vegetative > vegetative	vegetative > vegetative > vegetative > tagnf	0	0	0	0	NA	1	1	1	1	NA
5	C	5C	201	5C201	vegetative	vegetative	flowering	dead_nf	dead_nf	NA	NA	blank	NA	blank	NA	blank	dead	NA	,||,	NA	vegetative > flowering	flowering > dead_nf	vegetative > flowering > dead_nf	vegetative > flowering > dead_nf > dead_nf	0	0	1	0	0	1	1	1	0	0
5	C	5C	202	5C202	vegetative	no_record	vegetative	flowering	dead_nf	NA	NA	ts	NA	NA	NA	blank	blank	NA	,||,	NA	vegetative > vegetative	vegetative > flowering	vegetative > vegetative > flowering	vegetative > vegetative > flowering > dead_nf	0	NA	0	1	0	1	NA	1	1	0
5	C	5C	203	5C203	vegetative	no_record	vegetative	vegetative	vegetative	NA	NA	ts	NA	NA	2ts	ts	blank	NA	,|2ts|,	NA	vegetative > vegetative	vegetative > vegetative	vegetative > vegetative > vegetative	vegetative > vegetative > vegetative > vegetative	0	NA	0	0	0	1	NA	1	1	1
5	C	5C	204	5C204	vegetative	no_record	dead_nf	dead_nf	dead_nf	NA	NA	ts	NA	NA	nf	nf	dead	NA	,|nf|,	NA	vegetative > dead_nf	dead_nf > dead_nf	vegetative > dead_nf > dead_nf	vegetative > dead_nf > dead_nf > dead_nf	0	NA	0	0	0	1	NA	0	0	0
5	C	5C	205	5C205	flowering	no_record	dead_nf	dead_nf	dead_nf	NA	NA	blank	NA	NA	dead	dead	NA	NA	,|dead|,	NA	flowering > dead_nf	dead_nf > dead_nf	flowering > dead_nf > dead_nf	flowering > dead_nf > dead_nf > dead_nf	1	NA	0	0	0	1	NA	0	0	0
5	C	5C	206	5C206	flowering	no_record	dead_nf	dead_nf	dead_nf	NA	needs counting and length	blank	NA	NA	dead	dead	nf	NA	needs counting and length,|dead|,	NA	flowering > dead_nf	dead_nf > dead_nf	flowering > dead_nf > dead_nf	flowering > dead_nf > dead_nf > dead_nf	1	NA	0	0	0	1	NA	0	0	0
5	C	5C	207	5C207	vegetative	no_record	vegetative	flowering	dead_nf	NA	NA	ts	NA	NA	NA	blank	blank	NA	,||,	NA	vegetative > vegetative	vegetative > flowering	vegetative > vegetative > flowering	vegetative > vegetative > flowering > dead_nf	0	NA	0	1	0	1	NA	1	1	0
5	C	5C	208	5C208	vegetative	vegetative	vegetative	flowering	dead_nf	NA	NA	blank	NA	blank	NA	blank	blank	NA	,||,	NA	vegetative > vegetative	vegetative > flowering	vegetative > vegetative > flowering	vegetative > vegetative > flowering > dead_nf	0	0	0	1	0	1	1	1	1	0
5	C	5C	209	5C209	vegetative	vegetative	flowering	dead_nf	dead_nf	NA	NA	blank	NA	blank	NA	blank	nf	NA	,||,	NA	vegetative > flowering	flowering > dead_nf	vegetative > flowering > dead_nf	vegetative > flowering > dead_nf > dead_nf	0	0	1	0	0	1	1	1	0	0
5	C	5C	210	5C210	vegetative	no_record	vegetative	vegetative	vegetative	NA	NA	ts	NA	NA	NA	blank	blank	NA	,||,	NA	vegetative > vegetative	vegetative > vegetative	vegetative > vegetative > vegetative	vegetative > vegetative > vegetative > vegetative	0	NA	0	0	0	1	NA	1	1	1
5	C	5C	211	5C211	vegetative	no_record	vegetative	flowering	dead_nf	NA	NA	blank	NA	NA	below tag	blank	blank	NA	,|below tag|,	NA	vegetative > vegetative	vegetative > flowering	vegetative > vegetative > flowering	vegetative > vegetative > flowering > dead_nf	0	NA	0	1	0	1	NA	1	1	0
5	C	5C	212	5C212	flowering	no_record	vegetative	vegetative	vegetative	NA	NA	blank	NA	NA	NA	blank	blank	NA	,||,	NA	flowering > vegetative	vegetative > vegetative	flowering > vegetative > vegetative	flowering > vegetative > vegetative > vegetative	1	NA	0	0	0	1	NA	1	1	1
5	C	5C	213	5C213	flowering	flowering	dead_nf	dead_nf	dead_nf	NA	NA	blank	flowering plant	blank	nf	nf	NA	NA	,flowering plant|nf|,	NA	flowering > dead_nf	dead_nf > dead_nf	flowering > dead_nf > dead_nf	flowering > dead_nf > dead_nf > dead_nf	1	1	0	0	0	1	1	0	0	0
5	C	5C	214	5C214	vegetative	vegetative	flowering	dead_nf	dead_nf	NA	NA	blank	NA	blank	NA	blank	nf	NA	,||,	NA	vegetative > flowering	flowering > dead_nf	vegetative > flowering > dead_nf	vegetative > flowering > dead_nf > dead_nf	0	0	1	0	0	1	1	1	0	0
5	C	5C	215	5C215	flowering	no_record	dead_nf	dead_nf	dead_nf	NA	NA	blank	NA	NA	dead	dead	nf	NA	,|dead|,	NA	flowering > dead_nf	dead_nf > dead_nf	flowering > dead_nf > dead_nf	flowering > dead_nf > dead_nf > dead_nf	1	NA	0	0	0	1	NA	0	0	0
5	C	5C	216	5C216	flowering	no_record	dead_nf	dead_nf	dead_nf	NA	NA	blank	NA	NA	nf	nf	nf	NA	,|nf|,	NA	flowering > dead_nf	dead_nf > dead_nf	flowering > dead_nf > dead_nf	flowering > dead_nf > dead_nf > dead_nf	1	NA	0	0	0	1	NA	0	0	0
5	C	5C	217	5C217	vegetative	vegetative	flowering	flowering	dead_nf	flowered twice?	NA	blank	dried up	blank	right of tag	blank	blank	NA	,dried up|right of tag|,flowered twice?	NA	vegetative > flowering	flowering > flowering	vegetative > flowering > flowering	vegetative > flowering > flowering > dead_nf	0	0	1	1	0	1	1	1	1	0
5	C	5C	218	5C218	vegetative	vegetative	vegetative	dead_nf	dead_nf	died and nf?	NA	blank	NA	blank	above tag	blank	nf	NA	,|above tag|,died and nf?	NA	vegetative > vegetative	vegetative > dead_nf	vegetative > vegetative > dead_nf	vegetative > vegetative > dead_nf > dead_nf	0	0	0	0	0	1	1	1	0	0
5	C	5C	219	5C219	vegetative	vegetative	vegetative	dead_nf	dead_nf	died and nf?	NA	blank	NA	blank	NA	blank	nf	NA	,||,died and nf?	NA	vegetative > vegetative	vegetative > dead_nf	vegetative > vegetative > dead_nf	vegetative > vegetative > dead_nf > dead_nf	0	0	0	0	0	1	1	1	0	0
5	C	5C	220	5C220	flowering	no_record	dead_nf	dead_nf	dead_nf	NA	NA	blank	NA	NA	dead	dead	nf	NA	,|dead|,	NA	flowering > dead_nf	dead_nf > dead_nf	flowering > dead_nf > dead_nf	flowering > dead_nf > dead_nf > dead_nf	1	NA	0	0	0	1	NA	0	0	0
5	C	5C	221	5C221	flowering	no_record	vegetative	flowering	dead_nf	NA	NA	blank	NA	NA	NA	blank	blank	NA	,||,	NA	flowering > vegetative	vegetative > flowering	flowering > vegetative > flowering	flowering > vegetative > flowering > dead_nf	1	NA	0	1	0	1	NA	1	1	0
5	C	5C	222	5C222	flowering	flowering	dead_nf	dead_nf	dead_nf	NA	NA	blank	flowering plant	blank	nf	nf	dead	NA	,flowering plant|nf|,	NA	flowering > dead_nf	dead_nf > dead_nf	flowering > dead_nf > dead_nf	flowering > dead_nf > dead_nf > dead_nf	1	1	0	0	0	1	1	0	0	0
5	C	5C	223	5C223	vegetative	vegetative	vegetative	vegetative	flowering	refound?	NA	blank	NA	blank	nf	nf	blank	NA	,|nf|,refound?	recheck - count stalks and rosettes	vegetative > vegetative	vegetative > vegetative	vegetative > vegetative > vegetative	vegetative > vegetative > vegetative > flowering	0	0	0	0	1	1	1	1	1	1
5	C	5C	224	5C224	vegetative	vegetative	vegetative	flowering	dead_nf	NA	NA	blank	NA	blank	NA	blank	blank	NA	,||,	NA	vegetative > vegetative	vegetative > flowering	vegetative > vegetative > flowering	vegetative > vegetative > flowering > dead_nf	0	0	0	1	0	1	1	1	1	0
5	C	5C	225	5C225	vegetative	no_record	vegetative	flowering	dead_nf	refound?	NA	ts	NA	NA	nf	nf	blank	NA	,|nf|,refound?	NA	vegetative > vegetative	vegetative > flowering	vegetative > vegetative > flowering	vegetative > vegetative > flowering > dead_nf	0	NA	0	1	0	1	NA	1	1	0
5	C	5C	226	5C226	vegetative	no_record	vegetative	vegetative	vegetative	NA	NA	ts	NA	NA	NA	blank	blank	NA	,||,	NA	vegetative > vegetative	vegetative > vegetative	vegetative > vegetative > vegetative	vegetative > vegetative > vegetative > vegetative	0	NA	0	0	0	1	NA	1	1	1
5	C	5C	227	5C227	vegetative	no_record	vegetative	vegetative	vegetative	NA	NA	ts	NA	NA	ts	ts	blank	NA	,|ts|,	NA	vegetative > vegetative	vegetative > vegetative	vegetative > vegetative > vegetative	vegetative > vegetative > vegetative > vegetative	0	NA	0	0	0	1	NA	1	1	1
5	C	5C	228	5C228	vegetative	no_record	flowering	dead_nf	dead_nf	NA	NA	NA	NA	NA	NA	blank	dead	NA	,||,	NA	vegetative > flowering	flowering > dead_nf	vegetative > flowering > dead_nf	vegetative > flowering > dead_nf > dead_nf	0	NA	1	0	0	1	NA	1	0	0
5	C	5C	229	5C229	vegetative	no_record	flowering	dead_nf	dead_nf	NA	NA	NA	NA	NA	right of tag	blank	dead	NA	,|right of tag|,	NA	vegetative > flowering	flowering > dead_nf	vegetative > flowering > dead_nf	vegetative > flowering > dead_nf > dead_nf	0	NA	1	0	0	1	NA	1	0	0
5	C	5C	683	5C683	vegetative	no_record	vegetative	flowering	vegetative	NA	NA	NA	NA	NA	NA	NA	blank	tagged in 2020	,||tagged in 2020,	NA	vegetative > vegetative	vegetative > flowering	vegetative > vegetative > flowering	vegetative > vegetative > flowering > vegetative	0	NA	0	1	0	1	NA	1	1	1
5	D	5D	228	5D228	flowering	no_record	flowering	dead_nf	dead_nf	NA	NA	blank	NA	NA	NA	blank	nf	NA	,||,	NA	flowering > flowering	flowering > dead_nf	flowering > flowering > dead_nf	flowering > flowering > dead_nf > dead_nf	1	NA	1	0	0	1	NA	1	0	0
5	D	5D	229	5D229	vegetative	vegetative	tagnf	no_record	tagnf	NA	NA	blank	NA	blank	tagnf	tagnf	NA	NA	,|tagnf|,	NA	vegetative > tagnf	tagnf > no_record	vegetative > tagnf > no_record	vegetative > tagnf > no_record > tagnf	0	0	NA	NA	NA	1	1	NA	NA	NA
5	D	5D	230	5D230	vegetative	vegetative	flowering	flowering	tagnf	flowered twice?	NA	blank	NA	blank	NA	blank	blank	NA	,||,flowered twice?	NA	vegetative > flowering	flowering > flowering	vegetative > flowering > flowering	vegetative > flowering > flowering > tagnf	0	0	1	1	NA	1	1	1	1	NA
5	D	5D	231	5D231	flowering	no_record	dead_nf	dead_nf	tagnf	NA	NA	blank	NA	NA	dead	dead	NA	NA	,|dead|,	NA	flowering > dead_nf	dead_nf > dead_nf	flowering > dead_nf > dead_nf	flowering > dead_nf > dead_nf > tagnf	1	NA	0	0	NA	1	NA	0	0	NA
5	D	5D	232	5D232	flowering	flowering	dead_nf	dead_nf	dead_nf	NA	NA	blank	flowering plant	blank	dead	dead	nf	NA	,flowering plant|dead|,	NA	flowering > dead_nf	dead_nf > dead_nf	flowering > dead_nf > dead_nf	flowering > dead_nf > dead_nf > dead_nf	1	1	0	0	0	1	1	0	0	0
5	D	5D	233	5D233	vegetative	no_record	vegetative	dead_nf	dead_nf	NA	NA	ts	NA	NA	NA	blank	dead	NA	,||,	NA	vegetative > vegetative	vegetative > dead_nf	vegetative > vegetative > dead_nf	vegetative > vegetative > dead_nf > dead_nf	0	NA	0	0	0	1	NA	1	0	0
5	D	5D	234	5D234	vegetative	vegetative	flowering	dead_nf	dead_nf	NA	NA	nf	NA	blank	NA	blank	nf	NA	,||,	NA	vegetative > flowering	flowering > dead_nf	vegetative > flowering > dead_nf	vegetative > flowering > dead_nf > dead_nf	0	0	1	0	0	1	1	1	0	0
5	D	5D	235	5D235	vegetative	vegetative	vegetative	vegetative	vegetative	NA	NA	blank	closest plant to tag, UL	blank	NA	blank	blank	NA	,closest plant to tag, UL||,	NA	vegetative > vegetative	vegetative > vegetative	vegetative > vegetative > vegetative	vegetative > vegetative > vegetative > vegetative	0	0	0	0	0	1	1	1	1	1
5	D	5D	236	5D236	dead_nf	no_record	dead_nf	dead_nf	tagnf	NA	NA	nf	NA	NA	nf	nf	NA	NA	,|nf|,	NA	dead_nf > dead_nf	dead_nf > dead_nf	dead_nf > dead_nf > dead_nf	dead_nf > dead_nf > dead_nf > tagnf	0	NA	0	0	NA	0	NA	0	0	NA
5	D	5D	237	5D237	vegetative	vegetative	dead_nf	dead_nf	dead_nf	NA	NA	blank	NA	blank	dead	dead	nf	NA	,|dead|,	NA	vegetative > dead_nf	dead_nf > dead_nf	vegetative > dead_nf > dead_nf	vegetative > dead_nf > dead_nf > dead_nf	0	0	0	0	0	1	1	0	0	0
5	D	5D	238	5D238	vegetative	no_record	vegetative	dead_nf	dead_nf	died and nf?	NA	ts	NA	NA	NA	blank	nf	NA	,||,died and nf?	NA	vegetative > vegetative	vegetative > dead_nf	vegetative > vegetative > dead_nf	vegetative > vegetative > dead_nf > dead_nf	0	NA	0	0	0	1	NA	1	0	0
5	D	5D	239	5D239	vegetative	no_record	flowering	dead_nf	tagnf	NA	NA	ts	NA	NA	NA	blank	dead	NA	,||,	NA	vegetative > flowering	flowering > dead_nf	vegetative > flowering > dead_nf	vegetative > flowering > dead_nf > tagnf	0	NA	1	0	NA	1	NA	1	0	NA
5	D	5D	240	5D240	vegetative	vegetative	flowering	dead_nf	dead_nf	NA	NA	blank	NA	blank	NA	blank	dead	NA	,||,	NA	vegetative > flowering	flowering > dead_nf	vegetative > flowering > dead_nf	vegetative > flowering > dead_nf > dead_nf	0	0	1	0	0	1	1	1	0	0
5	D	5D	241	5D241	vegetative	vegetative	flowering	dead_nf	dead_nf	NA	NA	blank	NA	blank	NA	blank	dead	NA	,||,	NA	vegetative > flowering	flowering > dead_nf	vegetative > flowering > dead_nf	vegetative > flowering > dead_nf > dead_nf	0	0	1	0	0	1	1	1	0	0
5	D	5D	242	5D242	vegetative	no_record	vegetative	flowering	dead_nf	NA	NA	ts	NA	NA	NA	blank	blank	NA	,||,	NA	vegetative > vegetative	vegetative > flowering	vegetative > vegetative > flowering	vegetative > vegetative > flowering > dead_nf	0	NA	0	1	0	1	NA	1	1	0
5	D	5D	243	5D243	vegetative	no_record	flowering	dead_nf	dead_nf	NA	NA	ts	NA	NA	NA	blank	dead	NA	,||,	NA	vegetative > flowering	flowering > dead_nf	vegetative > flowering > dead_nf	vegetative > flowering > dead_nf > dead_nf	0	NA	1	0	0	1	NA	1	0	0
5	D	5D	244	5D244	vegetative	no_record	vegetative	vegetative	vegetative	NA	NA	ts	NA	NA	above id	blank	blank	NA	,|above id|,	NA	vegetative > vegetative	vegetative > vegetative	vegetative > vegetative > vegetative	vegetative > vegetative > vegetative > vegetative	0	NA	0	0	0	1	NA	1	1	1
5	D	5D	245	5D245	flowering	no_record	dead_nf	dead_nf	dead_nf	NA	NA	blank	NA	NA	nf	nf	nf	NA	,|nf|,	NA	flowering > dead_nf	dead_nf > dead_nf	flowering > dead_nf > dead_nf	flowering > dead_nf > dead_nf > dead_nf	1	NA	0	0	0	1	NA	0	0	0
5	D	5D	246	5D246	vegetative	vegetative	flowering	dead_nf	dead_nf	NA	NA	blank	NA	blank	NA	blank	dead	NA	,||,	NA	vegetative > flowering	flowering > dead_nf	vegetative > flowering > dead_nf	vegetative > flowering > dead_nf > dead_nf	0	0	1	0	0	1	1	1	0	0
5	D	5D	247	5D247	vegetative	no_record	vegetative	flowering	tagnf	tagnf last year	NA	nf	NA	NA	tagnf	tagnf	blank	NA	,|tagnf|,tagnf last year	NA	vegetative > vegetative	vegetative > flowering	vegetative > vegetative > flowering	vegetative > vegetative > flowering > tagnf	0	NA	0	1	NA	1	NA	1	1	NA
5	D	5D	248	5D248	vegetative	no_record	dead_nf	dead_nf	dead_nf	NA	NA	ts	NA	NA	dead	dead	nf	NA	,|dead|,	NA	vegetative > dead_nf	dead_nf > dead_nf	vegetative > dead_nf > dead_nf	vegetative > dead_nf > dead_nf > dead_nf	0	NA	0	0	0	1	NA	0	0	0
5	D	5D	249	5D249	vegetative	no_record	flowering	dead_nf	dead_nf	died and nf?	NA	ts	NA	NA	NA	blank	nf	NA	,||,died and nf?	NA	vegetative > flowering	flowering > dead_nf	vegetative > flowering > dead_nf	vegetative > flowering > dead_nf > dead_nf	0	NA	1	0	0	1	NA	1	0	0
5	D	5D	250	5D250	vegetative	no_record	vegetative	flowering	dead_nf	NA	NA	nf	NA	NA	NA	blank	blank	NA	,||,	NA	vegetative > vegetative	vegetative > flowering	vegetative > vegetative > flowering	vegetative > vegetative > flowering > dead_nf	0	NA	0	1	0	1	NA	1	1	0
5	D	5D	251	5D251	dead_nf	no_record	dead_nf	dead_nf	dead_nf	NA	NA	nf	NA	NA	nf	nf	NA	NA	,|nf|,	NA	dead_nf > dead_nf	dead_nf > dead_nf	dead_nf > dead_nf > dead_nf	dead_nf > dead_nf > dead_nf > dead_nf	0	NA	0	0	0	0	NA	0	0	0
5	D	5D	252	5D252	vegetative	no_record	vegetative	flowering	dead_nf	NA	NA	ts	NA	NA	NA	blank	blank	NA	,||,	NA	vegetative > vegetative	vegetative > flowering	vegetative > vegetative > flowering	vegetative > vegetative > flowering > dead_nf	0	NA	0	1	0	1	NA	1	1	0
5	D	5D	253	5D253	vegetative	vegetative	flowering	dead_nf	dead_nf	died and nf?	NA	blank	NA	blank	NA	blank	nf	NA	,||,died and nf?	NA	vegetative > flowering	flowering > dead_nf	vegetative > flowering > dead_nf	vegetative > flowering > dead_nf > dead_nf	0	0	1	0	0	1	1	1	0	0
5	D	5D	254	5D254	dead_nf	no_record	dead_nf	dead_nf	dead_nf	NA	NA	nf	NA	NA	nf	nf	NA	NA	,|nf|,	NA	dead_nf > dead_nf	dead_nf > dead_nf	dead_nf > dead_nf > dead_nf	dead_nf > dead_nf > dead_nf > dead_nf	0	NA	0	0	0	0	NA	0	0	0
5	D	5D	256	5D256	vegetative	no_record	flowering	dead_nf	dead_nf	NA	NA	ts	NA	NA	NA	blank	dead	NA	,||,	NA	vegetative > flowering	flowering > dead_nf	vegetative > flowering > dead_nf	vegetative > flowering > dead_nf > dead_nf	0	NA	1	0	0	1	NA	1	0	0
5	D	5D	257	5D257	vegetative	vegetative	flowering	dead_nf	dead_nf	NA	NA	blank	NA	blank	NA	blank	dead	NA	,||,	NA	vegetative > flowering	flowering > dead_nf	vegetative > flowering > dead_nf	vegetative > flowering > dead_nf > dead_nf	0	0	1	0	0	1	1	1	0	0
5	D	5D	258	5D258	flowering	no_record	dead_nf	dead_nf	dead_nf	NA	needs length	blank	NA	NA	dead	dead	nf	NA	needs length,|dead|,	NA	flowering > dead_nf	dead_nf > dead_nf	flowering > dead_nf > dead_nf	flowering > dead_nf > dead_nf > dead_nf	1	NA	0	0	0	1	NA	0	0	0
5	D	5D	259	5D259	vegetative	no_record	vegetative	dead_nf	dead_nf	NA	NA	ts	NA	NA	NA	blank	dead	NA	,||,	NA	vegetative > vegetative	vegetative > dead_nf	vegetative > vegetative > dead_nf	vegetative > vegetative > dead_nf > dead_nf	0	NA	0	0	0	1	NA	1	0	0
5	D	5D	260	5D260	flowering	recheck	dead_nf	dead_nf	dead_nf	NA	NA	blank	gone	nf	dead	dead	nf	NA	,gone|dead|,	NA	flowering > dead_nf	dead_nf > dead_nf	flowering > dead_nf > dead_nf	flowering > dead_nf > dead_nf > dead_nf	1	NA	0	0	0	1	NA	0	0	0
5	D	5D	261	5D261	vegetative	no_record	flowering	dead_nf	dead_nf	NA	NA	ts	NA	NA	NA	blank	dead	NA	,||,	NEW ROSETTE V. CLOSE	vegetative > flowering	flowering > dead_nf	vegetative > flowering > dead_nf	vegetative > flowering > dead_nf > dead_nf	0	NA	1	0	0	1	NA	1	0	0
5	D	5D	262	5D262	vegetative	no_record	flowering	dead_nf	dead_nf	NA	NA	nf	NA	NA	NA	blank	dead	NA	,||,	NA	vegetative > flowering	flowering > dead_nf	vegetative > flowering > dead_nf	vegetative > flowering > dead_nf > dead_nf	0	NA	1	0	0	1	NA	1	0	0
5	D	5D	263	5D263	vegetative	vegetative	dead_nf	dead_nf	dead_nf	NA	NA	blank	NA	blank	dead	dead	nf	NA	,|dead|,	NA	vegetative > dead_nf	dead_nf > dead_nf	vegetative > dead_nf > dead_nf	vegetative > dead_nf > dead_nf > dead_nf	0	0	0	0	0	1	1	0	0	0
5	D	5D	264	5D264	vegetative	no_record	flowering	dead_nf	dead_nf	NA	NA	nf	NA	NA	NA	blank	dead	NA	,||,	NA	vegetative > flowering	flowering > dead_nf	vegetative > flowering > dead_nf	vegetative > flowering > dead_nf > dead_nf	0	NA	1	0	0	1	NA	1	0	0
5	D	5D	265	5D265	vegetative	vegetative	dead_nf	dead_nf	dead_nf	NA	NA	blank	NA	blank	dead	dead	dead	NA	,|dead|,	NA	vegetative > dead_nf	dead_nf > dead_nf	vegetative > dead_nf > dead_nf	vegetative > dead_nf > dead_nf > dead_nf	0	0	0	0	0	1	1	0	0	0
5	D	5D	266	5D266	vegetative	no_record	flowering	dead_nf	dead_nf	NA	NA	ts	NA	NA	NA	blank	dead	NA	,||,	NA	vegetative > flowering	flowering > dead_nf	vegetative > flowering > dead_nf	vegetative > flowering > dead_nf > dead_nf	0	NA	1	0	0	1	NA	1	0	0
5	D	5D	267	5D267	dead_nf	no_record	dead_nf	dead_nf	dead_nf	NA	NA	nf	NA	NA	nf	nf	nf	NA	,|nf|,	NA	dead_nf > dead_nf	dead_nf > dead_nf	dead_nf > dead_nf > dead_nf	dead_nf > dead_nf > dead_nf > dead_nf	0	NA	0	0	0	0	NA	0	0	0
5	D	5D	268	5D268	vegetative	vegetative	vegetative	flowering	dead_nf	NA	NA	blank	NA	blank	NA	blank	blank	NA	,||,	NA	vegetative > vegetative	vegetative > flowering	vegetative > vegetative > flowering	vegetative > vegetative > flowering > dead_nf	0	0	0	1	0	1	1	1	1	0
5	D	5D	269	5D269	vegetative	vegetative	dead_nf	dead_nf	dead_nf	NA	NA	blank	NA	blank	dead	dead	NA	NA	,|dead|,	NA	vegetative > dead_nf	dead_nf > dead_nf	vegetative > dead_nf > dead_nf	vegetative > dead_nf > dead_nf > dead_nf	0	0	0	0	0	1	1	0	0	0
5	D	5D	270	5D270	dead_nf	no_record	dead_nf	dead_nf	dead_nf	NA	NA	nf	NA	NA	nf	nf	NA	NA	,|nf|,	NA	dead_nf > dead_nf	dead_nf > dead_nf	dead_nf > dead_nf > dead_nf	dead_nf > dead_nf > dead_nf > dead_nf	0	NA	0	0	0	0	NA	0	0	0
5	D	5D	271	5D271	vegetative	no_record	vegetative	vegetative	vegetative	NA	NA	ts	NA	NA	below tag	blank	blank	NA	,|below tag|,	NA	vegetative > vegetative	vegetative > vegetative	vegetative > vegetative > vegetative	vegetative > vegetative > vegetative > vegetative	0	NA	0	0	0	1	NA	1	1	1
5	D	5D	272	5D272	vegetative	vegetative	flowering	dead_nf	dead_nf	NA	NA	blank	NA	blank	NA	blank	dead	NA	,||,	NA	vegetative > flowering	flowering > dead_nf	vegetative > flowering > dead_nf	vegetative > flowering > dead_nf > dead_nf	0	0	1	0	0	1	1	1	0	0
5	D	5D	273	5D273	vegetative	vegetative	vegetative	flowering	dead_nf	NA	NA	blank	NA	blank	NA	blank	chewed	NA	,||,	NA	vegetative > vegetative	vegetative > flowering	vegetative > vegetative > flowering	vegetative > vegetative > flowering > dead_nf	0	0	0	1	0	1	1	1	1	0
5	D	5D	274	5D274	vegetative	no_record	vegetative	flowering	vegetative	NA	NA	ts	NA	NA	NA	blank	blank	NA	,||,	NA	vegetative > vegetative	vegetative > flowering	vegetative > vegetative > flowering	vegetative > vegetative > flowering > vegetative	0	NA	0	1	0	1	NA	1	1	1
5	D	5D	275	5D275	vegetative	vegetative	vegetative	flowering	dead_nf	NA	NA	blank	NA	blank	NA	blank	chewed	NA	,||,	NA	vegetative > vegetative	vegetative > flowering	vegetative > vegetative > flowering	vegetative > vegetative > flowering > dead_nf	0	0	0	1	0	1	1	1	1	0
5	D	5D	276	5D276	vegetative	vegetative	dead_nf	dead_nf	dead_nf	NA	NA	blank	NA	blank	dead	dead	nf	NA	,|dead|,	NA	vegetative > dead_nf	dead_nf > dead_nf	vegetative > dead_nf > dead_nf	vegetative > dead_nf > dead_nf > dead_nf	0	0	0	0	0	1	1	0	0	0
5	D	5D	277	5D277	vegetative	no_record	dead_nf	dead_nf	dead_nf	NA	NA	ts	NA	NA	nf	nf	NA	NA	,|nf|,	NA	vegetative > dead_nf	dead_nf > dead_nf	vegetative > dead_nf > dead_nf	vegetative > dead_nf > dead_nf > dead_nf	0	NA	0	0	0	1	NA	0	0	0
5	D	5D	278	5D278	vegetative	vegetative	vegetative	flowering	dead_nf	refound?	NA	blank	NA	blank	nf	nf	chewed	NA	,|nf|,refound?	NA	vegetative > vegetative	vegetative > flowering	vegetative > vegetative > flowering	vegetative > vegetative > flowering > dead_nf	0	0	0	1	0	1	1	1	1	0
5	D	5D	280	5D280	vegetative	vegetative	dead_nf	dead_nf	dead_nf	NA	NA	blank	NA	blank	nf	nf	nf	NA	,|nf|,	ROSETTE V. CLOSE	vegetative > dead_nf	dead_nf > dead_nf	vegetative > dead_nf > dead_nf	vegetative > dead_nf > dead_nf > dead_nf	0	0	0	0	0	1	1	0	0	0
5	D	5D	281	5D281	vegetative	vegetative	vegetative	vegetative	vegetative	NA	NA	blank	NA	blank	NA	blank	blank	NA	,||,	NA	vegetative > vegetative	vegetative > vegetative	vegetative > vegetative > vegetative	vegetative > vegetative > vegetative > vegetative	0	0	0	0	0	1	1	1	1	1
5	D	5D	282	5D282	vegetative	no_record	flowering	dead_nf	dead_nf	NA	NA	ts	NA	NA	NA	blank	dead	NA	,||,	NA	vegetative > flowering	flowering > dead_nf	vegetative > flowering > dead_nf	vegetative > flowering > dead_nf > dead_nf	0	NA	1	0	0	1	NA	1	0	0
5	D	5D	283	5D283	flowering	no_record	dead_nf	dead_nf	dead_nf	NA	NA	blank	NA	NA	nf	nf	nf	NA	,|nf|,	NA	flowering > dead_nf	dead_nf > dead_nf	flowering > dead_nf > dead_nf	flowering > dead_nf > dead_nf > dead_nf	1	NA	0	0	0	1	NA	0	0	0
5	D	5D	284	5D284	dead_nf	no_record	dead_nf	dead_nf	tagnf	NA	NA	nf	NA	NA	nf	nf	NA	NA	,|nf|,	NA	dead_nf > dead_nf	dead_nf > dead_nf	dead_nf > dead_nf > dead_nf	dead_nf > dead_nf > dead_nf > tagnf	0	NA	0	0	NA	0	NA	0	0	NA
5	D	5D	285	5D285	vegetative	vegetative	vegetative	vegetative	vegetative	NA	NA	blank	NA	blank	ts	ts	blank	NA	,|ts|,	NA	vegetative > vegetative	vegetative > vegetative	vegetative > vegetative > vegetative	vegetative > vegetative > vegetative > vegetative	0	0	0	0	0	1	1	1	1	1
5	D	5D	286	5D286	vegetative	vegetative	flowering	dead_nf	tagnf	NA	NA	blank	NA	blank	NA	blank	dead	NA	,||,	NA	vegetative > flowering	flowering > dead_nf	vegetative > flowering > dead_nf	vegetative > flowering > dead_nf > tagnf	0	0	1	0	NA	1	1	1	0	NA
5	D	5D	287	5D287	vegetative	no_record	flowering	dead_nf	tagnf	NA	NA	NA	NA	NA	NA	blank	nf	NA	,||,	NA	vegetative > flowering	flowering > dead_nf	vegetative > flowering > dead_nf	vegetative > flowering > dead_nf > tagnf	0	NA	1	0	NA	1	NA	1	0	NA
5	D	5D	288	5D288	vegetative	no_record	flowering	dead_nf	tagnf	NA	NA	NA	NA	NA	NA	blank	NA	NA	,||,	NA	vegetative > flowering	flowering > dead_nf	vegetative > flowering > dead_nf	vegetative > flowering > dead_nf > tagnf	0	NA	1	0	NA	1	NA	1	0	NA
5	D	5D	289	5D289	vegetative	no_record	flowering	dead_nf	dead_nf	NA	NA	NA	NA	NA	NA	blank	dead	NA	,||,	NA	vegetative > flowering	flowering > dead_nf	vegetative > flowering > dead_nf	vegetative > flowering > dead_nf > dead_nf	0	NA	1	0	0	1	NA	1	0	0
5	D	5D	290	5D290	vegetative	no_record	flowering	dead_nf	tagnf	NA	NA	NA	NA	NA	NA	blank	dead	NA	,||,	NA	vegetative > flowering	flowering > dead_nf	vegetative > flowering > dead_nf	vegetative > flowering > dead_nf > tagnf	0	NA	1	0	NA	1	NA	1	0	NA
5	D	5D	291	5D291	vegetative	no_record	flowering	dead_nf	dead_nf	NA	NA	NA	NA	NA	NA	blank	dead	NA	,||,	NA	vegetative > flowering	flowering > dead_nf	vegetative > flowering > dead_nf	vegetative > flowering > dead_nf > dead_nf	0	NA	1	0	0	1	NA	1	0	0
6	A	6A	123	6A123	vegetative	vegetative	flowering	dead_nf	dead_nf	NA	NA	blank	NA	blank	NA	blank	dead	NA	,||,	NA	vegetative > flowering	flowering > dead_nf	vegetative > flowering > dead_nf	vegetative > flowering > dead_nf > dead_nf	0	0	1	0	0	1	1	1	0	0
6	A	6A	124	6A124	vegetative	vegetative	flowering	vegetative	vegetative	flowered and lived?	NA	blank	NA	blank	NA	blank	blank	NA	,||,flowered and lived?	NA	vegetative > flowering	flowering > vegetative	vegetative > flowering > vegetative	vegetative > flowering > vegetative > vegetative	0	0	1	0	0	1	1	1	1	1
6	A	6A	125	6A125	flowering	no_record	dead_nf	dead_nf	dead_nf	NA	NA	blank	NA	NA	nf	nf	nf	NA	,|nf|,	TAG CAME OUT	flowering > dead_nf	dead_nf > dead_nf	flowering > dead_nf > dead_nf	flowering > dead_nf > dead_nf > dead_nf	1	NA	0	0	0	1	NA	0	0	0
6	A	6A	126	6A126	vegetative	vegetative	vegetative	vegetative	dead_nf	NA	NA	blank	NA	blank	NA	blank	blank	NA	,||,	NA	vegetative > vegetative	vegetative > vegetative	vegetative > vegetative > vegetative	vegetative > vegetative > vegetative > dead_nf	0	0	0	0	0	1	1	1	1	0
6	A	6A	127	6A127	vegetative	dead_nf	vegetative	vegetative	dead_nf	NA	NA	blank	kaput	dead	1 ts	ts	blank	NA	,kaput|1 ts|,	NA	vegetative > vegetative	vegetative > vegetative	vegetative > vegetative > vegetative	vegetative > vegetative > vegetative > dead_nf	0	0	0	0	0	1	0	1	1	0
6	A	6A	128	6A128	vegetative	vegetative	vegetative	vegetative	dead_nf	NA	NA	tagnf	NA	blank	NA	blank	blank	resprouting	,||resprouting,	NA	vegetative > vegetative	vegetative > vegetative	vegetative > vegetative > vegetative	vegetative > vegetative > vegetative > dead_nf	0	0	0	0	0	1	1	1	1	0
6	A	6A	129	6A129	vegetative	no_record	vegetative	vegetative	tagnf	NA	NA	tagnf	NA	NA	NA	blank	blank	NA	,||,	NA	vegetative > vegetative	vegetative > vegetative	vegetative > vegetative > vegetative	vegetative > vegetative > vegetative > tagnf	0	NA	0	0	NA	1	NA	1	1	NA
6	A	6A	130	6A130	vegetative	vegetative	vegetative	dead_nf	dead_nf	NA	NA	blank	NA	blank	NA	blank	dead	NA	,||,	NA	vegetative > vegetative	vegetative > dead_nf	vegetative > vegetative > dead_nf	vegetative > vegetative > dead_nf > dead_nf	0	0	0	0	0	1	1	1	0	0
6	A	6A	131	6A131	vegetative	vegetative	vegetative	dead_nf	flowering	NA	check for 2 rosettes	blank	NA	blank	NA	blank	dead	NA	check for 2 rosettes,||,	recheck - count stalks and rosettes	vegetative > vegetative	vegetative > dead_nf	vegetative > vegetative > dead_nf	vegetative > vegetative > dead_nf > flowering	0	0	0	0	1	1	1	1	0	1
6	A	6A	132	6A132	vegetative	no_record	vegetative	dead_nf	dead_nf	NA	NA	tagnf	NA	NA	NA	blank	nf	NA	,||,	NA	vegetative > vegetative	vegetative > dead_nf	vegetative > vegetative > dead_nf	vegetative > vegetative > dead_nf > dead_nf	0	NA	0	0	0	1	NA	1	0	0
6	A	6A	133	6A133	flowering	no_record	dead_nf	dead_nf	dead_nf	NA	NA	tagnf	NA	NA	dead	dead	nf	NA	,|dead|,	NA	flowering > dead_nf	dead_nf > dead_nf	flowering > dead_nf > dead_nf	flowering > dead_nf > dead_nf > dead_nf	1	NA	0	0	0	1	NA	0	0	0
6	A	6A	134	6A134	vegetative	vegetative	vegetative	vegetative	dead_nf	NA	NA	ts	NA	blank	NA	blank	blank	far from tag	,||far from tag,	NA	vegetative > vegetative	vegetative > vegetative	vegetative > vegetative > vegetative	vegetative > vegetative > vegetative > dead_nf	0	0	0	0	0	1	1	1	1	0
6	A	6A	135	6A135	flowering	no_record	dead_nf	dead_nf	dead_nf	NA	NA	blank	NA	NA	dead	dead	nf	NA	,|dead|,	NA	flowering > dead_nf	dead_nf > dead_nf	flowering > dead_nf > dead_nf	flowering > dead_nf > dead_nf > dead_nf	1	NA	0	0	0	1	NA	0	0	0
6	A	6A	136	6A136	vegetative	vegetative	vegetative	flowering	dead_nf	NA	NA	blank	NA	blank	NA	blank	blank	NA	,||,	NA	vegetative > vegetative	vegetative > flowering	vegetative > vegetative > flowering	vegetative > vegetative > flowering > dead_nf	0	0	0	1	0	1	1	1	1	0
6	A	6A	137	6A137	vegetative	no_record	dead_nf	dead_nf	dead_nf	NA	NA	tagnf	NA	NA	dead	dead	nf	NA	,|dead|,	NA	vegetative > dead_nf	dead_nf > dead_nf	vegetative > dead_nf > dead_nf	vegetative > dead_nf > dead_nf > dead_nf	0	NA	0	0	0	1	NA	0	0	0
6	A	6A	138	6A138	vegetative	vegetative	vegetative	flowering	dead_nf	NA	count leaves	blank	NA	blank	NA	blank	blank	NA	count leaves,||,	NA	vegetative > vegetative	vegetative > flowering	vegetative > vegetative > flowering	vegetative > vegetative > flowering > dead_nf	0	0	0	1	0	1	1	1	1	0
6	A	6A	139	6A139	vegetative	no_record	vegetative	vegetative	dead_nf	NA	NA	tagnf	NA	NA	NA	blank	blank	left of tag	,||left of tag,	NA	vegetative > vegetative	vegetative > vegetative	vegetative > vegetative > vegetative	vegetative > vegetative > vegetative > dead_nf	0	NA	0	0	0	1	NA	1	1	0
6	A	6A	140	6A140	vegetative	vegetative	flowering	dead_nf	dead_nf	NA	NA	blank	NA	blank	NA	blank	dead	NA	,||,	NA	vegetative > flowering	flowering > dead_nf	vegetative > flowering > dead_nf	vegetative > flowering > dead_nf > dead_nf	0	0	1	0	0	1	1	1	0	0
6	A	6A	141	6A141	vegetative	no_record	vegetative	vegetative	vegetative	NA	NA	tagnf	NA	NA	NA	blank	blank	NA	,||,	NA	vegetative > vegetative	vegetative > vegetative	vegetative > vegetative > vegetative	vegetative > vegetative > vegetative > vegetative	0	NA	0	0	0	1	NA	1	1	1
6	A	6A	142	6A142	vegetative	vegetative	vegetative	dead_nf	dead_nf	NA	NA	blank	NA	blank	NA	blank	nf	NA	,||,	NA	vegetative > vegetative	vegetative > dead_nf	vegetative > vegetative > dead_nf	vegetative > vegetative > dead_nf > dead_nf	0	0	0	0	0	1	1	1	0	0
6	A	6A	143	6A143	flowering	no_record	dead_nf	dead_nf	dead_nf	NA	NA	blank	NA	NA	nf	nf	nf	NA	,|nf|,	NA	flowering > dead_nf	dead_nf > dead_nf	flowering > dead_nf > dead_nf	flowering > dead_nf > dead_nf > dead_nf	1	NA	0	0	0	1	NA	0	0	0
6	A	6A	144	6A144	vegetative	vegetative	tagnf	no_record	tagnf	NA	NA	blank	NA	blank	tagnf	tagnf	NA	NA	,|tagnf|,	NA	vegetative > tagnf	tagnf > no_record	vegetative > tagnf > no_record	vegetative > tagnf > no_record > tagnf	0	0	NA	NA	NA	1	1	NA	NA	NA
6	A	6A	145	6A145	vegetative	vegetative	vegetative	flowering	dead_nf	NA	NA	tagnf	NA	blank	NA	blank	blank	NA	,||,	NA	vegetative > vegetative	vegetative > flowering	vegetative > vegetative > flowering	vegetative > vegetative > flowering > dead_nf	0	0	0	1	0	1	1	1	1	0
6	A	6A	146	6A146	vegetative	no_record	dead_nf	dead_nf	dead_nf	NA	NA	tagnf	NA	NA	nf	nf	nf	NA	,|nf|,	NA	vegetative > dead_nf	dead_nf > dead_nf	vegetative > dead_nf > dead_nf	vegetative > dead_nf > dead_nf > dead_nf	0	NA	0	0	0	1	NA	0	0	0
6	A	6A	147	6A147	vegetative	no_record	dead_nf	dead_nf	dead_nf	NA	NA	ts	NA	NA	dead	dead	nf	NA	,|dead|,	NA	vegetative > dead_nf	dead_nf > dead_nf	vegetative > dead_nf > dead_nf	vegetative > dead_nf > dead_nf > dead_nf	0	NA	0	0	0	1	NA	0	0	0
6	A	6A	148	6A148	vegetative	vegetative	vegetative	vegetative	vegetative	NA	NA	blank	NA	blank	NA	blank	blank	NA	,||,	NA	vegetative > vegetative	vegetative > vegetative	vegetative > vegetative > vegetative	vegetative > vegetative > vegetative > vegetative	0	0	0	0	0	1	1	1	1	1
6	A	6A	149	6A149	vegetative	vegetative	vegetative	dead_nf	dead_nf	NA	NA	tagnf	NA	blank	NA	blank	nf	NA	,||,	NA	vegetative > vegetative	vegetative > dead_nf	vegetative > vegetative > dead_nf	vegetative > vegetative > dead_nf > dead_nf	0	0	0	0	0	1	1	1	0	0
6	A	6A	150	6A150	vegetative	no_record	vegetative	vegetative	vegetative	NA	NA	tagnf	NA	NA	plant right of tag	blank	blank	NA	,|plant right of tag|,	ROSETTE A LITTLE FAR	vegetative > vegetative	vegetative > vegetative	vegetative > vegetative > vegetative	vegetative > vegetative > vegetative > vegetative	0	NA	0	0	0	1	NA	1	1	1
6	A	6A	151	6A151	flowering	no_record	dead_nf	dead_nf	dead_nf	NA	check for 2 rosettes	blank	NA	NA	dead	dead	nf	NA	check for 2 rosettes,|dead|,	NA	flowering > dead_nf	dead_nf > dead_nf	flowering > dead_nf > dead_nf	flowering > dead_nf > dead_nf > dead_nf	1	NA	0	0	0	1	NA	0	0	0
6	A	6A	152	6A152	vegetative	no_record	dead_nf	dead_nf	dead_nf	NA	NA	tagnf	NA	NA	dead	dead	dead	NA	,|dead|,	NA	vegetative > dead_nf	dead_nf > dead_nf	vegetative > dead_nf > dead_nf	vegetative > dead_nf > dead_nf > dead_nf	0	NA	0	0	0	1	NA	0	0	0
6	A	6A	153	6A153	vegetative	vegetative	vegetative	dead_nf	dead_nf	NA	NA	blank	NA	blank	3 dead	dead	dead	NA	,|3 dead|,	NA	vegetative > vegetative	vegetative > dead_nf	vegetative > vegetative > dead_nf	vegetative > vegetative > dead_nf > dead_nf	0	0	0	0	0	1	1	1	0	0
6	A	6A	154	6A154	vegetative	vegetative	vegetative	vegetative	dead_nf	NA	NA	blank	NA	blank	NA	blank	blank	NA	,||,	NA	vegetative > vegetative	vegetative > vegetative	vegetative > vegetative > vegetative	vegetative > vegetative > vegetative > dead_nf	0	0	0	0	0	1	1	1	1	0
6	A	6A	155	6A155	vegetative	no_record	vegetative	vegetative	vegetative	NA	NA	tagnf	NA	NA	left of tag	blank	blank	3 plants - one on left of tag	,|left of tag|3 plants - one on left of tag,	NA	vegetative > vegetative	vegetative > vegetative	vegetative > vegetative > vegetative	vegetative > vegetative > vegetative > vegetative	0	NA	0	0	0	1	NA	1	1	1
6	A	6A	156	6A156	vegetative	vegetative	flowering	dead_nf	dead_nf	NA	NA	blank	NA	blank	NA	blank	dead	NA	,||,	NA	vegetative > flowering	flowering > dead_nf	vegetative > flowering > dead_nf	vegetative > flowering > dead_nf > dead_nf	0	0	1	0	0	1	1	1	0	0
6	A	6A	157	6A157	vegetative	vegetative	vegetative	dead_nf	dead_nf	NA	count leaves	blank	NA	blank	1 ts	ts	dead	NA	count leaves,|1 ts|,	NA	vegetative > vegetative	vegetative > dead_nf	vegetative > vegetative > dead_nf	vegetative > vegetative > dead_nf > dead_nf	0	0	0	0	0	1	1	1	0	0
6	A	6A	158	6A158	vegetative	dead_nf	vegetative	dead_nf	dead_nf	NA	NA	blank	kaput	dead	ts	ts	nf	NA	,kaput|ts|,	NA	vegetative > vegetative	vegetative > dead_nf	vegetative > vegetative > dead_nf	vegetative > vegetative > dead_nf > dead_nf	0	0	0	0	0	1	0	1	0	0
6	A	6A	159	6A159	vegetative	no_record	vegetative	vegetative	vegetative	NA	NA	tagnf	NA	NA	NA	blank	blank	NA	,||,	NA	vegetative > vegetative	vegetative > vegetative	vegetative > vegetative > vegetative	vegetative > vegetative > vegetative > vegetative	0	NA	0	0	0	1	NA	1	1	1
6	A	6A	160	6A160	flowering	no_record	dead_nf	dead_nf	dead_nf	NA	NA	blank	NA	NA	nf	nf	nf	NA	,|nf|,	NA	flowering > dead_nf	dead_nf > dead_nf	flowering > dead_nf > dead_nf	flowering > dead_nf > dead_nf > dead_nf	1	NA	0	0	0	1	NA	0	0	0
6	A	6A	161	6A161	vegetative	no_record	dead_nf	dead_nf	dead_nf	NA	NA	tagnf	NA	NA	nf	nf	dead	NA	,|nf|,	NA	vegetative > dead_nf	dead_nf > dead_nf	vegetative > dead_nf > dead_nf	vegetative > dead_nf > dead_nf > dead_nf	0	NA	0	0	0	1	NA	0	0	0
6	A	6A	162	6A162	vegetative	no_record	vegetative	vegetative	vegetative	NA	NA	tagnf	NA	NA	NA	blank	blank	NA	,||,	NA	vegetative > vegetative	vegetative > vegetative	vegetative > vegetative > vegetative	vegetative > vegetative > vegetative > vegetative	0	NA	0	0	0	1	NA	1	1	1
6	A	6A	163	6A163	vegetative	vegetative	vegetative	vegetative	dead_nf	NA	NA	blank	NA	blank	NA	blank	blank	NA	,||,	NA	vegetative > vegetative	vegetative > vegetative	vegetative > vegetative > vegetative	vegetative > vegetative > vegetative > dead_nf	0	0	0	0	0	1	1	1	1	0
6	A	6A	164	6A164	vegetative	vegetative	vegetative	vegetative	vegetative	NA	NA	blank	NA	blank	1 ts	ts	blank	NA	,|1 ts|,	KIND OF FAR FROM TAG	vegetative > vegetative	vegetative > vegetative	vegetative > vegetative > vegetative	vegetative > vegetative > vegetative > vegetative	0	0	0	0	0	1	1	1	1	1
6	A	6A	165	6A165	vegetative	vegetative	vegetative	flowering	dead_nf	NA	NA	blank	NA	blank	NA	blank	blank	NA	,||,	NA	vegetative > vegetative	vegetative > flowering	vegetative > vegetative > flowering	vegetative > vegetative > flowering > dead_nf	0	0	0	1	0	1	1	1	1	0
6	A	6A	166	6A166	flowering	no_record	dead_nf	dead_nf	dead_nf	NA	NA	blank	NA	NA	nf	nf	dead	NA	,|nf|,	NA	flowering > dead_nf	dead_nf > dead_nf	flowering > dead_nf > dead_nf	flowering > dead_nf > dead_nf > dead_nf	1	NA	0	0	0	1	NA	0	0	0
6	A	6A	167	6A167	flowering	vegetative	dead_nf	dead_nf	dead_nf	NA	NA	blank	NA	blank	dead	dead	nf	NA	,|dead|,	NA	flowering > dead_nf	dead_nf > dead_nf	flowering > dead_nf > dead_nf	flowering > dead_nf > dead_nf > dead_nf	1	0	0	0	0	1	1	0	0	0
6	A	6A	168	6A168	vegetative	vegetative	vegetative	vegetative	vegetative	NA	NA	blank	NA	blank	2 ts	ts	blank	NA	,|2 ts|,	NA	vegetative > vegetative	vegetative > vegetative	vegetative > vegetative > vegetative	vegetative > vegetative > vegetative > vegetative	0	0	0	0	0	1	1	1	1	1
6	A	6A	169	6A169	vegetative	vegetative	vegetative	flowering	vegetative	NA	NA	tagnf	NA	blank	NA	blank	blank	above tag	,||above tag,	NA	vegetative > vegetative	vegetative > flowering	vegetative > vegetative > flowering	vegetative > vegetative > flowering > vegetative	0	0	0	1	0	1	1	1	1	1
6	A	6A	170	6A170	vegetative	dead_nf	dead_nf	dead_nf	tagnf	NA	NA	blank	kaput	dead	nf	nf	nf	NA	,kaput|nf|,	NA	vegetative > dead_nf	dead_nf > dead_nf	vegetative > dead_nf > dead_nf	vegetative > dead_nf > dead_nf > tagnf	0	0	0	0	NA	1	0	0	0	NA
6	A	6A	171	6A171	vegetative	no_record	flowering	dead_nf	dead_nf	check tag #	NA	NA	NA	NA	NA	NA	nf	square tag	,||square tag,check tag #	NA	vegetative > flowering	flowering > dead_nf	vegetative > flowering > dead_nf	vegetative > flowering > dead_nf > dead_nf	0	NA	1	0	0	1	NA	1	0	0
6	A	6A	685	6A685	vegetative	no_record	vegetative	flowering	dead_nf	NA	NA	NA	NA	NA	NA	NA	blank	tagged in 2020	,||tagged in 2020,	NA	vegetative > vegetative	vegetative > flowering	vegetative > vegetative > flowering	vegetative > vegetative > flowering > dead_nf	0	NA	0	1	0	1	NA	1	1	0
6	B	6B	1	6B1	flowering	no_record	dead_nf	dead_nf	tagnf	NA	NA	blank	NA	NA	nf	nf	nf	NA	,|nf|,	NA	flowering > dead_nf	dead_nf > dead_nf	flowering > dead_nf > dead_nf	flowering > dead_nf > dead_nf > tagnf	1	NA	0	0	NA	1	NA	0	0	NA
6	B	6B	10	6B10	vegetative	no_record	flowering	vegetative	vegetative	flowered twice?	NA	nf	NA	NA	NA	blank	blank	NA	,||,flowered twice?	FAR ISH	vegetative > flowering	flowering > vegetative	vegetative > flowering > vegetative	vegetative > flowering > vegetative > vegetative	0	NA	1	0	0	1	NA	1	1	1
6	B	6B	11	6B11	vegetative	vegetative	dead_nf	dead_nf	dead_nf	NA	NA	blank	NA	blank	dead	dead	dead	NA	,|dead|,	NA	vegetative > dead_nf	dead_nf > dead_nf	vegetative > dead_nf > dead_nf	vegetative > dead_nf > dead_nf > dead_nf	0	0	0	0	0	1	1	0	0	0
6	B	6B	12	6B12	vegetative	vegetative	vegetative	vegetative	vegetative	rosettes?	NA	blank	NA	blank	NA	blank	chewed	NA	,||,rosettes?	NA	vegetative > vegetative	vegetative > vegetative	vegetative > vegetative > vegetative	vegetative > vegetative > vegetative > vegetative	0	0	0	0	0	1	1	1	1	1
6	B	6B	120	6B120	vegetative	no_record	vegetative	flowering	dead_nf	NA	NA	NA	NA	NA	NA	NA	blank	tagged in 2020	,||tagged in 2020,	NA	vegetative > vegetative	vegetative > flowering	vegetative > vegetative > flowering	vegetative > vegetative > flowering > dead_nf	0	NA	0	1	0	1	NA	1	1	0
6	B	6B	13	6B13	vegetative	vegetative	flowering	dead_nf	dead_nf	NA	NA	blank	NA	blank	NA	blank	dead	NA	,||,	NA	vegetative > flowering	flowering > dead_nf	vegetative > flowering > dead_nf	vegetative > flowering > dead_nf > dead_nf	0	0	1	0	0	1	1	1	0	0
6	B	6B	14	6B14	vegetative	vegetative	vegetative	flowering	dead_nf	NA	NA	blank	NA	blank	NA	blank	chewed	1 inflo chewed	,||1 inflo chewed,	NA	vegetative > vegetative	vegetative > flowering	vegetative > vegetative > flowering	vegetative > vegetative > flowering > dead_nf	0	0	0	1	0	1	1	1	1	0
6	B	6B	15	6B15	vegetative	vegetative	vegetative	vegetative	dead_nf	NA	NA	blank	NA	blank	NA	blank	blank	NA	,||,	NA	vegetative > vegetative	vegetative > vegetative	vegetative > vegetative > vegetative	vegetative > vegetative > vegetative > dead_nf	0	0	0	0	0	1	1	1	1	0
6	B	6B	16	6B16	vegetative	vegetative	dead_nf	dead_nf	dead_nf	NA	NA	blank	NA	blank	dead	dead	nf	NA	,|dead|,	NA	vegetative > dead_nf	dead_nf > dead_nf	vegetative > dead_nf > dead_nf	vegetative > dead_nf > dead_nf > dead_nf	0	0	0	0	0	1	1	0	0	0
6	B	6B	17	6B17	vegetative	vegetative	dead_nf	dead_nf	dead_nf	NA	NA	blank	NA	blank	dead	dead	NA	NA	,|dead|,	NA	vegetative > dead_nf	dead_nf > dead_nf	vegetative > dead_nf > dead_nf	vegetative > dead_nf > dead_nf > dead_nf	0	0	0	0	0	1	1	0	0	0
6	B	6B	18	6B18	vegetative	vegetative	vegetative	dead_nf	dead_nf	NA	NA	blank	NA	blank	NA	blank	nf	NA	,||,	NA	vegetative > vegetative	vegetative > dead_nf	vegetative > vegetative > dead_nf	vegetative > vegetative > dead_nf > dead_nf	0	0	0	0	0	1	1	1	0	0
6	B	6B	19	6B19	vegetative	vegetative	vegetative	tagnf	tagnf	NA	NA	blank	NA	blank	NA	blank	tagnf	NA	,||,	NA	vegetative > vegetative	vegetative > tagnf	vegetative > vegetative > tagnf	vegetative > vegetative > tagnf > tagnf	0	0	0	NA	NA	1	1	1	NA	NA
6	B	6B	2	6B2	vegetative	vegetative	flowering	dead_nf	dead_nf	NA	NA	blank	NA	blank	NA	blank	nf	NA	,||,	NA	vegetative > flowering	flowering > dead_nf	vegetative > flowering > dead_nf	vegetative > flowering > dead_nf > dead_nf	0	0	1	0	0	1	1	1	0	0
6	B	6B	20	6B20	flowering	no_record	dead_nf	dead_nf	tagnf	NA	NA	blank	NA	NA	tagnf	tagnf	nf	NA	,|tagnf|,	NA	flowering > dead_nf	dead_nf > dead_nf	flowering > dead_nf > dead_nf	flowering > dead_nf > dead_nf > tagnf	1	NA	0	0	NA	1	NA	0	0	NA
6	B	6B	21	6B21	vegetative	vegetative	vegetative	flowering	dead_nf	NA	NA	blank	NA	blank	NA	blank	blank	might flower	,||might flower,	NA	vegetative > vegetative	vegetative > flowering	vegetative > vegetative > flowering	vegetative > vegetative > flowering > dead_nf	0	0	0	1	0	1	1	1	1	0
6	B	6B	22	6B22	vegetative	vegetative	vegetative	vegetative	dead_nf	NA	NA	blank	NA	blank	NA	blank	blank	NA	,||,	NA	vegetative > vegetative	vegetative > vegetative	vegetative > vegetative > vegetative	vegetative > vegetative > vegetative > dead_nf	0	0	0	0	0	1	1	1	1	0
6	B	6B	23	6B23	vegetative	vegetative	flowering	dead_nf	dead_nf	NA	NA	blank	NA	blank	NA	blank	dead	NA	,||,	NA	vegetative > flowering	flowering > dead_nf	vegetative > flowering > dead_nf	vegetative > flowering > dead_nf > dead_nf	0	0	1	0	0	1	1	1	0	0
6	B	6B	24	6B24	vegetative	vegetative	vegetative	dead_nf	dead_nf	NA	NA	blank	NA	blank	NA	blank	dead	NA	,||,	NA	vegetative > vegetative	vegetative > dead_nf	vegetative > vegetative > dead_nf	vegetative > vegetative > dead_nf > dead_nf	0	0	0	0	0	1	1	1	0	0
6	B	6B	243	6B243	vegetative	no_record	vegetative	flowering	dead_nf	NA	NA	NA	NA	NA	NA	NA	blank	tagged in 2020	,||tagged in 2020,	NA	vegetative > vegetative	vegetative > flowering	vegetative > vegetative > flowering	vegetative > vegetative > flowering > dead_nf	0	NA	0	1	0	1	NA	1	1	0
6	B	6B	25	6B25	flowering	no_record	dead_nf	dead_nf	dead_nf	NA	NA	blank	NA	NA	dead	dead	dead	NA	,|dead|,	NA	flowering > dead_nf	dead_nf > dead_nf	flowering > dead_nf > dead_nf	flowering > dead_nf > dead_nf > dead_nf	1	NA	0	0	0	1	NA	0	0	0
6	B	6B	26	6B26	flowering	no_record	dead_nf	dead_nf	dead_nf	NA	NA	blank	NA	NA	dead	dead	nf	NA	,|dead|,	NA	flowering > dead_nf	dead_nf > dead_nf	flowering > dead_nf > dead_nf	flowering > dead_nf > dead_nf > dead_nf	1	NA	0	0	0	1	NA	0	0	0
6	B	6B	266	6B266	vegetative	no_record	vegetative	flowering	dead_nf	NA	NA	NA	NA	NA	NA	NA	blank	tagged in 2020	,||tagged in 2020,	NA	vegetative > vegetative	vegetative > flowering	vegetative > vegetative > flowering	vegetative > vegetative > flowering > dead_nf	0	NA	0	1	0	1	NA	1	1	0
6	B	6B	27	6B27	flowering	no_record	dead_nf	dead_nf	dead_nf	NA	NA	blank	NA	NA	dead	dead	dead	NA	,|dead|,	NA	flowering > dead_nf	dead_nf > dead_nf	flowering > dead_nf > dead_nf	flowering > dead_nf > dead_nf > dead_nf	1	NA	0	0	0	1	NA	0	0	0
6	B	6B	28	6B28	flowering	no_record	dead_nf	dead_nf	dead_nf	NA	NA	blank	NA	NA	dead	dead	dead	NA	,|dead|,	NA	flowering > dead_nf	dead_nf > dead_nf	flowering > dead_nf > dead_nf	flowering > dead_nf > dead_nf > dead_nf	1	NA	0	0	0	1	NA	0	0	0
6	B	6B	29	6B29	vegetative	vegetative	flowering	dead_nf	dead_nf	NA	NA	blank	NA	blank	NA	blank	dead	NA	,||,	NA	vegetative > flowering	flowering > dead_nf	vegetative > flowering > dead_nf	vegetative > flowering > dead_nf > dead_nf	0	0	1	0	0	1	1	1	0	0
6	B	6B	3	6B3	vegetative	vegetative	flowering	dead_nf	dead_nf	NA	NA	blank	NA	blank	NA	blank	nf	NA	,||,	NA	vegetative > flowering	flowering > dead_nf	vegetative > flowering > dead_nf	vegetative > flowering > dead_nf > dead_nf	0	0	1	0	0	1	1	1	0	0
6	B	6B	30	6B30	vegetative	dead_nf	dead_nf	dead_nf	dead_nf	NA	check for 2 rosettes	blank	kaput	dead	nf	nf	nf	NA	check for 2 rosettes,kaput|nf|,	NA	vegetative > dead_nf	dead_nf > dead_nf	vegetative > dead_nf > dead_nf	vegetative > dead_nf > dead_nf > dead_nf	0	0	0	0	0	1	0	0	0	0
6	B	6B	31	6B31	vegetative	vegetative	flowering	dead_nf	dead_nf	NA	check measurements on 2nd rosette	blank	NA	blank	NA	blank	dead	NA	check measurements on 2nd rosette,||,	NA	vegetative > flowering	flowering > dead_nf	vegetative > flowering > dead_nf	vegetative > flowering > dead_nf > dead_nf	0	0	1	0	0	1	1	1	0	0
6	B	6B	32	6B32	flowering	no_record	dead_nf	dead_nf	dead_nf	NA	NA	blank	NA	NA	dead	dead	NA	NA	,|dead|,	NA	flowering > dead_nf	dead_nf > dead_nf	flowering > dead_nf > dead_nf	flowering > dead_nf > dead_nf > dead_nf	1	NA	0	0	0	1	NA	0	0	0
6	B	6B	33	6B33	vegetative	dead_nf	dead_nf	dead_nf	dead_nf	NA	NA	blank	kaput	dead	dead	dead	nf	NA	,kaput|dead|,	NA	vegetative > dead_nf	dead_nf > dead_nf	vegetative > dead_nf > dead_nf	vegetative > dead_nf > dead_nf > dead_nf	0	0	0	0	0	1	0	0	0	0
6	B	6B	34	6B34	flowering	no_record	dead_nf	dead_nf	dead_nf	NA	NA	blank	NA	NA	dead	dead	nf	NA	,|dead|,	NA	flowering > dead_nf	dead_nf > dead_nf	flowering > dead_nf > dead_nf	flowering > dead_nf > dead_nf > dead_nf	1	NA	0	0	0	1	NA	0	0	0
6	B	6B	35	6B35	vegetative	vegetative	flowering	dead_nf	dead_nf	NA	NA	blank	NA	blank	NA	blank	nf	NA	,||,	NA	vegetative > flowering	flowering > dead_nf	vegetative > flowering > dead_nf	vegetative > flowering > dead_nf > dead_nf	0	0	1	0	0	1	1	1	0	0
6	B	6B	36	6B36	vegetative	no_record	flowering	flowering	dead_nf	NA	NA	NA	NA	NA	NA	blank	nf	NA	,||,	NA	vegetative > flowering	flowering > flowering	vegetative > flowering > flowering	vegetative > flowering > flowering > dead_nf	0	NA	1	1	0	1	NA	1	1	0
6	B	6B	37	6B37	vegetative	no_record	flowering	dead_nf	dead_nf	NA	NA	NA	NA	NA	NA	blank	dead	square tag	,||square tag,	NA	vegetative > flowering	flowering > dead_nf	vegetative > flowering > dead_nf	vegetative > flowering > dead_nf > dead_nf	0	NA	1	0	0	1	NA	1	0	0
6	B	6B	4	6B4	vegetative	dead_nf	dead_nf	dead_nf	dead_nf	NA	NA	blank	kaput	dead	dead	dead	nf	NA	,kaput|dead|,	NA	vegetative > dead_nf	dead_nf > dead_nf	vegetative > dead_nf > dead_nf	vegetative > dead_nf > dead_nf > dead_nf	0	0	0	0	0	1	0	0	0	0
6	B	6B	5	6B5	vegetative	vegetative	flowering	dead_nf	dead_nf	NA	NA	blank	NA	blank	NA	blank	nf	NA	,||,	NA	vegetative > flowering	flowering > dead_nf	vegetative > flowering > dead_nf	vegetative > flowering > dead_nf > dead_nf	0	0	1	0	0	1	1	1	0	0
6	B	6B	6	6B6	flowering	no_record	dead_nf	dead_nf	dead_nf	NA	NA	blank	NA	NA	dead	dead	nf	NA	,|dead|,	NA	flowering > dead_nf	dead_nf > dead_nf	flowering > dead_nf > dead_nf	flowering > dead_nf > dead_nf > dead_nf	1	NA	0	0	0	1	NA	0	0	0
6	B	6B	7	6B7	vegetative	vegetative	flowering	dead_nf	dead_nf	NA	NA	blank	NA	blank	NA	blank	dead	NA	,||,	NA	vegetative > flowering	flowering > dead_nf	vegetative > flowering > dead_nf	vegetative > flowering > dead_nf > dead_nf	0	0	1	0	0	1	1	1	0	0
6	B	6B	8	6B8	vegetative	vegetative	vegetative	flowering	dead_nf	NA	NA	blank	NA	blank	NA	blank	chewed	NA	,||,	NA	vegetative > vegetative	vegetative > flowering	vegetative > vegetative > flowering	vegetative > vegetative > flowering > dead_nf	0	0	0	1	0	1	1	1	1	0
6	B	6B	9	6B9	vegetative	vegetative	vegetative	vegetative	dead_nf	NA	NA	blank	NA	blank	NA	blank	blank	NA	,||,	NA	vegetative > vegetative	vegetative > vegetative	vegetative > vegetative > vegetative	vegetative > vegetative > vegetative > dead_nf	0	0	0	0	0	1	1	1	1	0
6	C	6C	100	6C100	vegetative	vegetative	vegetative	vegetative	vegetative	NA	NA	blank	NA	blank	NA	blank	blank	NA	,||,	NA	vegetative > vegetative	vegetative > vegetative	vegetative > vegetative > vegetative	vegetative > vegetative > vegetative > vegetative	0	0	0	0	0	1	1	1	1	1
6	C	6C	101	6C101	vegetative	vegetative	dead_nf	dead_nf	dead_nf	NA	NA	blank	NA	blank	nf	nf	nf	NA	,|nf|,	NA	vegetative > dead_nf	dead_nf > dead_nf	vegetative > dead_nf > dead_nf	vegetative > dead_nf > dead_nf > dead_nf	0	0	0	0	0	1	1	0	0	0
6	C	6C	102	6C102	flowering	flowering	dead_nf	dead_nf	dead_nf	NA	flowering stalk eaten	chewed	flowering plant	blank	nf	nf	nf	NA	flowering stalk eaten,flowering plant|nf|,	NA	flowering > dead_nf	dead_nf > dead_nf	flowering > dead_nf > dead_nf	flowering > dead_nf > dead_nf > dead_nf	1	1	0	0	0	1	1	0	0	0
6	C	6C	103	6C103	flowering	no_record	dead_nf	dead_nf	dead_nf	NA	NA	blank	NA	NA	nf	nf	NA	NA	,|nf|,	NA	flowering > dead_nf	dead_nf > dead_nf	flowering > dead_nf > dead_nf	flowering > dead_nf > dead_nf > dead_nf	1	NA	0	0	0	1	NA	0	0	0
6	C	6C	104	6C104	vegetative	vegetative	vegetative	dead_nf	dead_nf	died and nf?	NA	blank	NA	blank	NA	blank	nf	NA	,||,died and nf?	NA	vegetative > vegetative	vegetative > dead_nf	vegetative > vegetative > dead_nf	vegetative > vegetative > dead_nf > dead_nf	0	0	0	0	0	1	1	1	0	0
6	C	6C	105	6C105	vegetative	vegetative	dead_nf	dead_nf	dead_nf	NA	NA	blank	NA	blank	nf	nf	nf	NA	,|nf|,	NA	vegetative > dead_nf	dead_nf > dead_nf	vegetative > dead_nf > dead_nf	vegetative > dead_nf > dead_nf > dead_nf	0	0	0	0	0	1	1	0	0	0
6	C	6C	106	6C106	flowering	no_record	dead_nf	dead_nf	dead_nf	NA	NA	blank	NA	NA	nf	nf	nf	NA	,|nf|,	NA	flowering > dead_nf	dead_nf > dead_nf	flowering > dead_nf > dead_nf	flowering > dead_nf > dead_nf > dead_nf	1	NA	0	0	0	1	NA	0	0	0
6	C	6C	107	6C107	vegetative	vegetative	flowering	dead_nf	dead_nf	NA	NA	blank	NA	blank	NA	blank	dead	NA	,||,	NA	vegetative > flowering	flowering > dead_nf	vegetative > flowering > dead_nf	vegetative > flowering > dead_nf > dead_nf	0	0	1	0	0	1	1	1	0	0
6	C	6C	108	6C108	vegetative	vegetative	flowering	dead_nf	dead_nf	NA	NA	blank	NA	blank	NA	blank	dead	NA	,||,	NA	vegetative > flowering	flowering > dead_nf	vegetative > flowering > dead_nf	vegetative > flowering > dead_nf > dead_nf	0	0	1	0	0	1	1	1	0	0
6	C	6C	109	6C109	flowering	no_record	dead_nf	dead_nf	dead_nf	NA	NA	blank	NA	NA	nf	nf	nf	NA	,|nf|,	NA	flowering > dead_nf	dead_nf > dead_nf	flowering > dead_nf > dead_nf	flowering > dead_nf > dead_nf > dead_nf	1	NA	0	0	0	1	NA	0	0	0
6	C	6C	110	6C110	vegetative	vegetative	dead_nf	dead_nf	dead_nf	NA	NA	blank	NA	blank	nf	nf	NA	NA	,|nf|,	NA	vegetative > dead_nf	dead_nf > dead_nf	vegetative > dead_nf > dead_nf	vegetative > dead_nf > dead_nf > dead_nf	0	0	0	0	0	1	1	0	0	0
6	C	6C	111	6C111	vegetative	vegetative	vegetative	flowering	dead_nf	NA	NA	blank	NA	blank	5 ts	ts	chewed	1 stalk chewed	,|5 ts|1 stalk chewed,	possibly the same plant as 6C109	vegetative > vegetative	vegetative > flowering	vegetative > vegetative > flowering	vegetative > vegetative > flowering > dead_nf	0	0	0	1	0	1	1	1	1	0
6	C	6C	112	6C112	vegetative	vegetative	dead_nf	dead_nf	dead_nf	NA	could be 2 rosettes-check	blank	JP: checked 92 leaves against scan, OK	blank	dead	dead	dead	NA	could be 2 rosettes-check,|dead|,	NA	vegetative > dead_nf	dead_nf > dead_nf	vegetative > dead_nf > dead_nf	vegetative > dead_nf > dead_nf > dead_nf	0	0	0	0	0	1	1	0	0	0
6	C	6C	113	6C113	vegetative	vegetative	vegetative	flowering	dead_nf	NA	NA	blank	NA	blank	2 ts	ts	blank	NA	,|2 ts|,	NA	vegetative > vegetative	vegetative > flowering	vegetative > vegetative > flowering	vegetative > vegetative > flowering > dead_nf	0	0	0	1	0	1	1	1	1	0
6	C	6C	114	6C114	vegetative	vegetative	vegetative	dead_nf	vegetative	NA	NA	blank	NA	blank	1 inch above	blank	dead	NA	,|1 inch above|,	NA	vegetative > vegetative	vegetative > dead_nf	vegetative > vegetative > dead_nf	vegetative > vegetative > dead_nf > vegetative	0	0	0	0	0	1	1	1	0	1
6	C	6C	115	6C115	vegetative	no_record	vegetative	dead_nf	dead_nf	NA	NA	ts	NA	NA	1 ts	ts	nf	NA	,|1 ts|,	NA	vegetative > vegetative	vegetative > dead_nf	vegetative > vegetative > dead_nf	vegetative > vegetative > dead_nf > dead_nf	0	NA	0	0	0	1	NA	1	0	0
6	C	6C	116	6C116	vegetative	vegetative	vegetative	flowering	dead_nf	NA	NA	blank	NA	blank	4 ts	ts	blank	NA	,|4 ts|,	NA	vegetative > vegetative	vegetative > flowering	vegetative > vegetative > flowering	vegetative > vegetative > flowering > dead_nf	0	0	0	1	0	1	1	1	1	0
6	C	6C	117	6C117	vegetative	no_record	vegetative	vegetative	vegetative	NA	NA	ts	NA	NA	ts	ts	blank	NA	,|ts|,	NA	vegetative > vegetative	vegetative > vegetative	vegetative > vegetative > vegetative	vegetative > vegetative > vegetative > vegetative	0	NA	0	0	0	1	NA	1	1	1
6	C	6C	118	6C118	flowering	no_record	dead_nf	dead_nf	dead_nf	NA	NA	blank	NA	NA	nf	nf	nf	NA	,|nf|,	NA	flowering > dead_nf	dead_nf > dead_nf	flowering > dead_nf > dead_nf	flowering > dead_nf > dead_nf > dead_nf	1	NA	0	0	0	1	NA	0	0	0
6	C	6C	119	6C119	vegetative	dead_nf	dead_nf	dead_nf	tagnf	NA	NA	blank	kaput	dead	nf	nf	nf	NA	,kaput|nf|,	NA	vegetative > dead_nf	dead_nf > dead_nf	vegetative > dead_nf > dead_nf	vegetative > dead_nf > dead_nf > tagnf	0	0	0	0	NA	1	0	0	0	NA
6	C	6C	120	6C120	vegetative	vegetative	dead_nf	dead_nf	dead_nf	NA	NA	blank	NA	blank	nf	nf	nf	NA	,|nf|,	NA	vegetative > dead_nf	dead_nf > dead_nf	vegetative > dead_nf > dead_nf	vegetative > dead_nf > dead_nf > dead_nf	0	0	0	0	0	1	1	0	0	0
6	C	6C	121	6C121	vegetative	vegetative	vegetative	flowering	dead_nf	NA	NA	blank	NA	blank	below 2 inches	blank	blank	NA	,|below 2 inches|,	NA	vegetative > vegetative	vegetative > flowering	vegetative > vegetative > flowering	vegetative > vegetative > flowering > dead_nf	0	0	0	1	0	1	1	1	1	0
6	C	6C	122	6C122	vegetative	vegetative	flowering	vegetative	dead_nf	survived flowering?	NA	blank	NA	blank	NA	blank	blank	NA	,||,survived flowering?	NA	vegetative > flowering	flowering > vegetative	vegetative > flowering > vegetative	vegetative > flowering > vegetative > dead_nf	0	0	1	0	0	1	1	1	1	0
6	C	6C	123	6C123	vegetative	no_record	flowering	dead_nf	dead_nf	NA	NA	NA	NA	NA	NA	blank	dead	NA	,||,	NA	vegetative > flowering	flowering > dead_nf	vegetative > flowering > dead_nf	vegetative > flowering > dead_nf > dead_nf	0	NA	1	0	0	1	NA	1	0	0
6	C	6C	271	6C271	flowering	no_record	dead_nf	dead_nf	tagnf	check tag #	NA	NA	NA	NA	NA	NA	nf	NA	,||,check tag #	NA	flowering > dead_nf	dead_nf > dead_nf	flowering > dead_nf > dead_nf	flowering > dead_nf > dead_nf > tagnf	1	NA	0	0	NA	1	NA	0	0	NA
6	C	6C	78	6C78	flowering	no_record	dead_nf	dead_nf	dead_nf	NA	NA	blank	NA	NA	nf	nf	nf	NA	,|nf|,	NA	flowering > dead_nf	dead_nf > dead_nf	flowering > dead_nf > dead_nf	flowering > dead_nf > dead_nf > dead_nf	1	NA	0	0	0	1	NA	0	0	0
6	C	6C	79	6C79	vegetative	vegetative	vegetative	vegetative	vegetative	NA	NA	blank	NA	blank	NA	blank	blank	NA	,||,	NA	vegetative > vegetative	vegetative > vegetative	vegetative > vegetative > vegetative	vegetative > vegetative > vegetative > vegetative	0	0	0	0	0	1	1	1	1	1
6	C	6C	80	6C80	vegetative	vegetative	flowering	vegetative	dead_nf	NA	NA	blank	NA	blank	1 ts, just left of tag	ts	blank	NA	,|1 ts, just left of tag|,	NA	vegetative > flowering	flowering > vegetative	vegetative > flowering > vegetative	vegetative > flowering > vegetative > dead_nf	0	0	1	0	0	1	1	1	1	0
6	C	6C	81	6C81	vegetative	vegetative	vegetative	vegetative	flowering	NA	NA	blank	NA	blank	NA	blank	dead	NA	,||,	NA	vegetative > vegetative	vegetative > vegetative	vegetative > vegetative > vegetative	vegetative > vegetative > vegetative > flowering	0	0	0	0	1	1	1	1	1	1
6	C	6C	82	6C82	flowering	no_record	dead_nf	dead_nf	dead_nf	NA	2 flowering stalks	blank	NA	NA	nf	nf	NA	NA	2 flowering stalks,|nf|,	NA	flowering > dead_nf	dead_nf > dead_nf	flowering > dead_nf > dead_nf	flowering > dead_nf > dead_nf > dead_nf	1	NA	0	0	0	1	NA	0	0	0
6	C	6C	83	6C83	vegetative	vegetative	flowering	dead_nf	dead_nf	NA	could have 3 rosettes, plant is DR from tag	blank	NA	blank	2 ts	ts	nf	NA	could have 3 rosettes, plant is DR from tag,|2 ts|,	NA	vegetative > flowering	flowering > dead_nf	vegetative > flowering > dead_nf	vegetative > flowering > dead_nf > dead_nf	0	0	1	0	0	1	1	1	0	0
6	C	6C	84	6C84	vegetative	vegetative	vegetative	dead_nf	dead_nf	NA	plant is UR from tag	blank	NA	blank	plant is UR from tag	blank	nf	NA	plant is UR from tag,|plant is UR from tag|,	NA	vegetative > vegetative	vegetative > dead_nf	vegetative > vegetative > dead_nf	vegetative > vegetative > dead_nf > dead_nf	0	0	0	0	0	1	1	1	0	0
6	C	6C	85	6C85	vegetative	vegetative	vegetative	dead_nf	dead_nf	died and nf?	plant is DR from tag	blank	NA	blank	plant is DR from tag	blank	nf	NA	plant is DR from tag,|plant is DR from tag|,died and nf?	NA	vegetative > vegetative	vegetative > dead_nf	vegetative > vegetative > dead_nf	vegetative > vegetative > dead_nf > dead_nf	0	0	0	0	0	1	1	1	0	0
6	C	6C	86	6C86	vegetative	vegetative	vegetative	flowering	dead_nf	NA	NA	blank	NA	blank	NA	blank	blank	NA	,||,	NA	vegetative > vegetative	vegetative > flowering	vegetative > vegetative > flowering	vegetative > vegetative > flowering > dead_nf	0	0	0	1	0	1	1	1	1	0
6	C	6C	87	6C87	flowering	no_record	dead_nf	dead_nf	dead_nf	NA	3-4 flowering stalks	blank	NA	NA	dead	dead	dead	NA	3-4 flowering stalks,|dead|,	NA	flowering > dead_nf	dead_nf > dead_nf	flowering > dead_nf > dead_nf	flowering > dead_nf > dead_nf > dead_nf	1	NA	0	0	0	1	NA	0	0	0
6	C	6C	88	6C88	dead_nf	no_record	dead_nf	dead_nf	dead_nf	NA	eaten-no plant	chewed	NA	NA	nf	nf	nf	NA	eaten-no plant,|nf|,	NA	dead_nf > dead_nf	dead_nf > dead_nf	dead_nf > dead_nf > dead_nf	dead_nf > dead_nf > dead_nf > dead_nf	0	NA	0	0	0	0	NA	0	0	0
6	C	6C	89	6C89	flowering	no_record	vegetative	dead_nf	dead_nf	NA	could be 2 rosettes-check	blank	NA	NA	1 ts	ts	dead	NA	could be 2 rosettes-check,|1 ts|,	NA	flowering > vegetative	vegetative > dead_nf	flowering > vegetative > dead_nf	flowering > vegetative > dead_nf > dead_nf	1	NA	0	0	0	1	NA	1	0	0
6	C	6C	90	6C90	vegetative	vegetative	vegetative	dead_nf	flowering	died and nf?	plant is R from tag	blank	NA	blank	plant is R from tag	blank	nf	NA	plant is R from tag,|plant is R from tag|,died and nf?	NA	vegetative > vegetative	vegetative > dead_nf	vegetative > vegetative > dead_nf	vegetative > vegetative > dead_nf > flowering	0	0	0	0	1	1	1	1	0	1
6	C	6C	91	6C91	vegetative	vegetative	vegetative	vegetative	vegetative	NA	plant is DR from tag	blank	NA	blank	plant is DR from tag	blank	blank	NA	plant is DR from tag,|plant is DR from tag|,	NA	vegetative > vegetative	vegetative > vegetative	vegetative > vegetative > vegetative	vegetative > vegetative > vegetative > vegetative	0	0	0	0	0	1	1	1	1	1
6	C	6C	92	6C92	vegetative	vegetative	vegetative	vegetative	tagnf	NA	NA	blank	NA	blank	NA	blank	blank	NA	,||,	NA	vegetative > vegetative	vegetative > vegetative	vegetative > vegetative > vegetative	vegetative > vegetative > vegetative > tagnf	0	0	0	0	NA	1	1	1	1	NA
6	C	6C	93	6C93	vegetative	vegetative	vegetative	flowering	dead_nf	NA	NA	blank	NA	blank	NA	blank	blank	NA	,||,	NA	vegetative > vegetative	vegetative > flowering	vegetative > vegetative > flowering	vegetative > vegetative > flowering > dead_nf	0	0	0	1	0	1	1	1	1	0
6	C	6C	94	6C94	vegetative	vegetative	vegetative	dead_nf	vegetative	died and nf?	plant measured is closest to tag on L	blank	NA	blank	R of tag	blank	nf	NA	plant measured is closest to tag on L,|R of tag|,died and nf?	NA	vegetative > vegetative	vegetative > dead_nf	vegetative > vegetative > dead_nf	vegetative > vegetative > dead_nf > vegetative	0	0	0	0	0	1	1	1	0	1
6	C	6C	95	6C95	vegetative	vegetative	vegetative	vegetative	flowering	NA	plant L of tag	blank	NA	blank	plant L of tag	blank	blank	NA	plant L of tag,|plant L of tag|,	NA	vegetative > vegetative	vegetative > vegetative	vegetative > vegetative > vegetative	vegetative > vegetative > vegetative > flowering	0	0	0	0	1	1	1	1	1	1
6	C	6C	96	6C96	vegetative	no_record	flowering	flowering	dead_nf	NA	NA	ts	NA	NA	NA	blank	blank	NA	,||,	NA	vegetative > flowering	flowering > flowering	vegetative > flowering > flowering	vegetative > flowering > flowering > dead_nf	0	NA	1	1	0	1	NA	1	1	0
6	C	6C	97	6C97	vegetative	no_record	vegetative	flowering	dead_nf	refound?	NA	ts	NA	NA	nf	nf	blank	NA	,|nf|,refound?	NA	vegetative > vegetative	vegetative > flowering	vegetative > vegetative > flowering	vegetative > vegetative > flowering > dead_nf	0	NA	0	1	0	1	NA	1	1	0
6	C	6C	98	6C98	vegetative	vegetative	vegetative	vegetative	vegetative	NA	NA	blank	NA	blank	NA	blank	blank	NA	,||,	NA	vegetative > vegetative	vegetative > vegetative	vegetative > vegetative > vegetative	vegetative > vegetative > vegetative > vegetative	0	0	0	0	0	1	1	1	1	1
6	C	6C	99	6C99	vegetative	vegetative	vegetative	flowering	dead_nf	NA	NA	blank	NA	blank	ts	ts	blank	NA	,|ts|,	NA	vegetative > vegetative	vegetative > flowering	vegetative > vegetative > flowering	vegetative > vegetative > flowering > dead_nf	0	0	0	1	0	1	1	1	1	0
6	D	6D	36	6D36	vegetative	vegetative	dead_nf	dead_nf	dead_nf	NA	NA	blank	NA	blank	nf	nf	nf	NA	,|nf|,	NA	vegetative > dead_nf	dead_nf > dead_nf	vegetative > dead_nf > dead_nf	vegetative > dead_nf > dead_nf > dead_nf	0	0	0	0	0	1	1	0	0	0
6	D	6D	37	6D37	vegetative	dead_nf	dead_nf	dead_nf	dead_nf	NA	NA	blank	kaput	dead	nf	nf	nf	NA	,kaput|nf|,	NA	vegetative > dead_nf	dead_nf > dead_nf	vegetative > dead_nf > dead_nf	vegetative > dead_nf > dead_nf > dead_nf	0	0	0	0	0	1	0	0	0	0
6	D	6D	38	6D38	flowering	flowering	dead_nf	dead_nf	dead_nf	NA	NA	blank	flowering plant	blank	nf	nf	nf	NA	,flowering plant|nf|,	NA	flowering > dead_nf	dead_nf > dead_nf	flowering > dead_nf > dead_nf	flowering > dead_nf > dead_nf > dead_nf	1	1	0	0	0	1	1	0	0	0
6	D	6D	39	6D39	vegetative	vegetative	flowering	dead_nf	dead_nf	NA	NA	blank	NA	blank	NA	blank	nf	NA	,||,	NA	vegetative > flowering	flowering > dead_nf	vegetative > flowering > dead_nf	vegetative > flowering > dead_nf > dead_nf	0	0	1	0	0	1	1	1	0	0
6	D	6D	40	6D40	vegetative	vegetative	flowering	dead_nf	dead_nf	NA	NA	blank	NA	blank	NA	blank	nf	NA	,||,	NA	vegetative > flowering	flowering > dead_nf	vegetative > flowering > dead_nf	vegetative > flowering > dead_nf > dead_nf	0	0	1	0	0	1	1	1	0	0
6	D	6D	41	6D41	vegetative	vegetative	vegetative	flowering	tagnf	NA	NA	blank	NA	blank	NA	blank	blank	NA	,||,	NA	vegetative > vegetative	vegetative > flowering	vegetative > vegetative > flowering	vegetative > vegetative > flowering > tagnf	0	0	0	1	NA	1	1	1	1	NA
6	D	6D	42	6D42	flowering	no_record	dead_nf	dead_nf	dead_nf	NA	NA	blank	NA	NA	nf	nf	nf	NA	,|nf|,	NA	flowering > dead_nf	dead_nf > dead_nf	flowering > dead_nf > dead_nf	flowering > dead_nf > dead_nf > dead_nf	1	NA	0	0	0	1	NA	0	0	0
6	D	6D	43	6D43	flowering	flowering	dead_nf	dead_nf	dead_nf	NA	NA	blank	flowering plant	blank	dead	dead	tagnf	NA	,flowering plant|dead|,	NA	flowering > dead_nf	dead_nf > dead_nf	flowering > dead_nf > dead_nf	flowering > dead_nf > dead_nf > dead_nf	1	1	0	0	0	1	1	0	0	0
6	D	6D	44	6D44	flowering	no_record	dead_nf	dead_nf	dead_nf	NA	NA	blank	NA	NA	dead	dead	dead	NA	,|dead|,	NA	flowering > dead_nf	dead_nf > dead_nf	flowering > dead_nf > dead_nf	flowering > dead_nf > dead_nf > dead_nf	1	NA	0	0	0	1	NA	0	0	0
6	D	6D	45	6D45	flowering	no_record	vegetative	flowering	tagnf	NA	NA	blank	NA	NA	upper right of tag	blank	chewed	NA	,|upper right of tag|,	NA	flowering > vegetative	vegetative > flowering	flowering > vegetative > flowering	flowering > vegetative > flowering > tagnf	1	NA	0	1	NA	1	NA	1	1	NA
6	D	6D	46	6D46	vegetative	vegetative	vegetative	flowering	dead_nf	refound?	NA	blank	NA	blank	nf	nf	chewed	3 stalks chewed	,|nf|3 stalks chewed,refound?	NA	vegetative > vegetative	vegetative > flowering	vegetative > vegetative > flowering	vegetative > vegetative > flowering > dead_nf	0	0	0	1	0	1	1	1	1	0
6	D	6D	47	6D47	flowering	no_record	dead_nf	dead_nf	dead_nf	NA	NA	blank	NA	NA	nf	nf	nf	NA	,|nf|,	NA	flowering > dead_nf	dead_nf > dead_nf	flowering > dead_nf > dead_nf	flowering > dead_nf > dead_nf > dead_nf	1	NA	0	0	0	1	NA	0	0	0
6	D	6D	48	6D48	vegetative	vegetative	vegetative	flowering	dead_nf	NA	NA	blank	NA	blank	upper left of tag	blank	chewed	NA	,|upper left of tag|,	NA	vegetative > vegetative	vegetative > flowering	vegetative > vegetative > flowering	vegetative > vegetative > flowering > dead_nf	0	0	0	1	0	1	1	1	1	0
6	D	6D	49	6D49	vegetative	vegetative	dead_nf	dead_nf	dead_nf	NA	NA	blank	NA	blank	dead	dead	nf	NA	,|dead|,	NA	vegetative > dead_nf	dead_nf > dead_nf	vegetative > dead_nf > dead_nf	vegetative > dead_nf > dead_nf > dead_nf	0	0	0	0	0	1	1	0	0	0
6	D	6D	50	6D50	vegetative	vegetative	flowering	dead_nf	dead_nf	NA	NA	blank	NA	blank	NA	blank	nf	NA	,||,	NA	vegetative > flowering	flowering > dead_nf	vegetative > flowering > dead_nf	vegetative > flowering > dead_nf > dead_nf	0	0	1	0	0	1	1	1	0	0
6	D	6D	51	6D51	flowering	flowering	dead_nf	dead_nf	dead_nf	NA	NA	blank	flowering plant	blank	dead	dead	nf	NA	,flowering plant|dead|,	NA	flowering > dead_nf	dead_nf > dead_nf	flowering > dead_nf > dead_nf	flowering > dead_nf > dead_nf > dead_nf	1	1	0	0	0	1	1	0	0	0
6	D	6D	52	6D52	vegetative	vegetative	vegetative	flowering	dead_nf	NA	NA	blank	NA	blank	NA	blank	blank	NA	,||,	NA	vegetative > vegetative	vegetative > flowering	vegetative > vegetative > flowering	vegetative > vegetative > flowering > dead_nf	0	0	0	1	0	1	1	1	1	0
6	D	6D	53	6D53	vegetative	vegetative	dead_nf	dead_nf	dead_nf	NA	NA	blank	NA	blank	nf	nf	nf	NA	,|nf|,	NA	vegetative > dead_nf	dead_nf > dead_nf	vegetative > dead_nf > dead_nf	vegetative > dead_nf > dead_nf > dead_nf	0	0	0	0	0	1	1	0	0	0
6	D	6D	54	6D54	flowering	no_record	dead_nf	dead_nf	dead_nf	NA	NA	blank	NA	NA	dead	dead	nf	NA	,|dead|,	NA	flowering > dead_nf	dead_nf > dead_nf	flowering > dead_nf > dead_nf	flowering > dead_nf > dead_nf > dead_nf	1	NA	0	0	0	1	NA	0	0	0
6	D	6D	55	6D55	flowering	flowering	dead_nf	dead_nf	dead_nf	NA	NA	blank	flowering plant	blank	nf	nf	dead	NA	,flowering plant|nf|,	NA	flowering > dead_nf	dead_nf > dead_nf	flowering > dead_nf > dead_nf	flowering > dead_nf > dead_nf > dead_nf	1	1	0	0	0	1	1	0	0	0
6	D	6D	56	6D56	vegetative	vegetative	vegetative	flowering	dead_nf	NA	NA	blank	NA	blank	NA	blank	chewed	NA	,||,	NA	vegetative > vegetative	vegetative > flowering	vegetative > vegetative > flowering	vegetative > vegetative > flowering > dead_nf	0	0	0	1	0	1	1	1	1	0
6	D	6D	57	6D57	vegetative	vegetative	vegetative	vegetative	vegetative	NA	NA	blank	NA	blank	plant directly above tag	blank	blank	NA	,|plant directly above tag|,	NA	vegetative > vegetative	vegetative > vegetative	vegetative > vegetative > vegetative	vegetative > vegetative > vegetative > vegetative	0	0	0	0	0	1	1	1	1	1
6	D	6D	58	6D58	vegetative	vegetative	vegetative	vegetative	vegetative	NA	NA	blank	NA	blank	NA	blank	blank	NA	,||,	NA	vegetative > vegetative	vegetative > vegetative	vegetative > vegetative > vegetative	vegetative > vegetative > vegetative > vegetative	0	0	0	0	0	1	1	1	1	1
6	D	6D	59	6D59	vegetative	vegetative	vegetative	flowering	dead_nf	NA	NA	blank	NA	blank	NA	blank	blank	NA	,||,	NA	vegetative > vegetative	vegetative > flowering	vegetative > vegetative > flowering	vegetative > vegetative > flowering > dead_nf	0	0	0	1	0	1	1	1	1	0
6	D	6D	60	6D60	vegetative	vegetative	dead_nf	dead_nf	dead_nf	NA	NA	blank	NA	blank	nf	nf	dead	NA	,|nf|,	NA	vegetative > dead_nf	dead_nf > dead_nf	vegetative > dead_nf > dead_nf	vegetative > dead_nf > dead_nf > dead_nf	0	0	0	0	0	1	1	0	0	0
6	D	6D	61	6D61	vegetative	vegetative	tagnf	no_record	tagnf	NA	NA	blank	NA	blank	tagnf	tagnf	NA	NA	,|tagnf|,	NA	vegetative > tagnf	tagnf > no_record	vegetative > tagnf > no_record	vegetative > tagnf > no_record > tagnf	0	0	NA	NA	NA	1	1	NA	NA	NA
6	D	6D	62	6D62	vegetative	vegetative	vegetative	dead_nf	tagnf	NA	NA	blank	NA	blank	tag is 1 inch down and to right of plant	blank	nf	NA	,|tag is 1 inch down and to right of plant|,	NA	vegetative > vegetative	vegetative > dead_nf	vegetative > vegetative > dead_nf	vegetative > vegetative > dead_nf > tagnf	0	0	0	0	NA	1	1	1	0	NA
6	D	6D	63	6D63	vegetative	vegetative	dead_nf	dead_nf	dead_nf	NA	NA	blank	NA	blank	nf	nf	nf	NA	,|nf|,	NA	vegetative > dead_nf	dead_nf > dead_nf	vegetative > dead_nf > dead_nf	vegetative > dead_nf > dead_nf > dead_nf	0	0	0	0	0	1	1	0	0	0
6	D	6D	64	6D64	vegetative	vegetative	vegetative	flowering	dead_nf	NA	NA	blank	NA	blank	tagnf	tagnf	blank	NA	,|tagnf|,	NA	vegetative > vegetative	vegetative > flowering	vegetative > vegetative > flowering	vegetative > vegetative > flowering > dead_nf	0	0	0	1	0	1	1	1	1	0
6	D	6D	65	6D65	vegetative	vegetative	vegetative	vegetative	vegetative	NA	NA	blank	NA	blank	right of tag, ts	ts	blank	NA	,|right of tag, ts|,	NA	vegetative > vegetative	vegetative > vegetative	vegetative > vegetative > vegetative	vegetative > vegetative > vegetative > vegetative	0	0	0	0	0	1	1	1	1	1
6	D	6D	66	6D66	flowering	no_record	dead_nf	dead_nf	tagnf	NA	NA	blank	NA	NA	tagnf	tagnf	NA	NA	,|tagnf|,	NA	flowering > dead_nf	dead_nf > dead_nf	flowering > dead_nf > dead_nf	flowering > dead_nf > dead_nf > tagnf	1	NA	0	0	NA	1	NA	0	0	NA
6	D	6D	67	6D67	vegetative	vegetative	dead_nf	dead_nf	dead_nf	NA	NA	blank	NA	blank	nf	nf	nf	NA	,|nf|,	NA	vegetative > dead_nf	dead_nf > dead_nf	vegetative > dead_nf > dead_nf	vegetative > dead_nf > dead_nf > dead_nf	0	0	0	0	0	1	1	0	0	0
6	D	6D	68	6D68	vegetative	vegetative	vegetative	flowering	dead_nf	NA	NA	blank	NA	blank	NA	blank	blank	NA	,||,	NA	vegetative > vegetative	vegetative > flowering	vegetative > vegetative > flowering	vegetative > vegetative > flowering > dead_nf	0	0	0	1	0	1	1	1	1	0
6	D	6D	69	6D69	vegetative	vegetative	flowering	dead_nf	dead_nf	NA	NA	blank	NA	blank	NA	blank	nf	NA	,||,	NA	vegetative > flowering	flowering > dead_nf	vegetative > flowering > dead_nf	vegetative > flowering > dead_nf > dead_nf	0	0	1	0	0	1	1	1	0	0
6	D	6D	70	6D70	vegetative	vegetative	flowering	dead_nf	dead_nf	NA	NA	blank	NA	blank	NA	blank	nf	NA	,||,	NA	vegetative > flowering	flowering > dead_nf	vegetative > flowering > dead_nf	vegetative > flowering > dead_nf > dead_nf	0	0	1	0	0	1	1	1	0	0
6	D	6D	71	6D71	vegetative	vegetative	vegetative	flowering	dead_nf	NA	NA	blank	NA	blank	NA	blank	blank	NA	,||,	NA	vegetative > vegetative	vegetative > flowering	vegetative > vegetative > flowering	vegetative > vegetative > flowering > dead_nf	0	0	0	1	0	1	1	1	1	0
6	D	6D	72	6D72	vegetative	vegetative	dead_nf	dead_nf	dead_nf	NA	NA	blank	NA	blank	nf	nf	nf	NA	,|nf|,	NA	vegetative > dead_nf	dead_nf > dead_nf	vegetative > dead_nf > dead_nf	vegetative > dead_nf > dead_nf > dead_nf	0	0	0	0	0	1	1	0	0	0
6	D	6D	73	6D73	vegetative	vegetative	vegetative	vegetative	flowering	NA	NA	blank	NA	blank	NA	blank	blank	NA	,||,	recheck - count stalks and rosettes	vegetative > vegetative	vegetative > vegetative	vegetative > vegetative > vegetative	vegetative > vegetative > vegetative > flowering	0	0	0	0	1	1	1	1	1	1
6	D	6D	74	6D74	vegetative	vegetative	vegetative	vegetative	vegetative	NA	NA	blank	NA	blank	NA	blank	nf	NA	,||,	NA	vegetative > vegetative	vegetative > vegetative	vegetative > vegetative > vegetative	vegetative > vegetative > vegetative > vegetative	0	0	0	0	0	1	1	1	1	1
6	D	6D	75	6D75	vegetative	vegetative	vegetative	dead_nf	dead_nf	NA	NA	blank	NA	blank	NA	blank	nf	NA	,||,	NA	vegetative > vegetative	vegetative > dead_nf	vegetative > vegetative > dead_nf	vegetative > vegetative > dead_nf > dead_nf	0	0	0	0	0	1	1	1	0	0
6	D	6D	76	6D76	vegetative	vegetative	vegetative	dead_nf	dead_nf	NA	NA	blank	NA	blank	NA	blank	nf	NA	,||,	NA	vegetative > vegetative	vegetative > dead_nf	vegetative > vegetative > dead_nf	vegetative > vegetative > dead_nf > dead_nf	0	0	0	0	0	1	1	1	0	0
6	D	6D	77	6D77	vegetative	vegetative	dead_nf	dead_nf	dead_nf	NA	NA	blank	NA	blank	dead	dead	nf	NA	,|dead|,	NA	vegetative > dead_nf	dead_nf > dead_nf	vegetative > dead_nf > dead_nf	vegetative > dead_nf > dead_nf > dead_nf	0	0	0	0	0	1	1	0	0	0
6	D	6D	79	6D79	vegetative	no_record	flowering	dead_nf	tagnf	NA	NA	NA	NA	NA	barely out side plot	blank	dead	NA	,|barely out side plot|,	NA	vegetative > flowering	flowering > dead_nf	vegetative > flowering > dead_nf	vegetative > flowering > dead_nf > tagnf	0	NA	1	0	NA	1	NA	1	0	NA
6	D	6D	80	6D80	vegetative	no_record	flowering	dead_nf	dead_nf	NA	NA	NA	NA	NA	NA	blank	NA	NA	,||,	NA	vegetative > flowering	flowering > dead_nf	vegetative > flowering > dead_nf	vegetative > flowering > dead_nf > dead_nf	0	NA	1	0	0	1	NA	1	0	0
6	D	6D	81	6D81	vegetative	no_record	flowering	vegetative	vegetative	NA	NA	NA	NA	NA	NA	blank	NA	NA	,||,	NA	vegetative > flowering	flowering > vegetative	vegetative > flowering > vegetative	vegetative > flowering > vegetative > vegetative	0	NA	1	0	0	1	NA	1	1	1
2	D	2D	223_19	2D223_19	no_record	no_record	flowering	dead_nf	tagnf	NA	NA	NA	NA	NA	NA	blank	NA	NA	,||,	NA	no_record > flowering	flowering > dead_nf	no_record > flowering > dead_nf	no_record > flowering > dead_nf > tagnf	NA	NA	1	0	NA	NA	NA	1	0	NA
2	D	2D	224_19	2D224_19	no_record	no_record	flowering	dead_nf	tagnf	NA	NA	NA	NA	NA	NA	blank	NA	NA	,||,	NA	no_record > flowering	flowering > dead_nf	no_record > flowering > dead_nf	no_record > flowering > dead_nf > tagnf	NA	NA	1	0	NA	NA	NA	1	0	NA
3	A	3A	174_19	3A174_19	no_record	no_record	flowering	dead_nf	tagnf	NA	NA	NA	NA	NA	NA	blank	NA	NA	,||,	NA	no_record > flowering	flowering > dead_nf	no_record > flowering > dead_nf	no_record > flowering > dead_nf > tagnf	NA	NA	1	0	NA	NA	NA	1	0	NA
3	A	3A	647_19	3A647_19	no_record	no_record	vegetative	no_record	dead_nf	NA	NA	NA	NA	NA	up L	blank	NA	NA	,|up L|,	NA	no_record > vegetative	vegetative > no_record	no_record > vegetative > no_record	no_record > vegetative > no_record > dead_nf	NA	NA	0	NA	0	NA	NA	1	NA	0
1	B	1B	199_20	1B199_20	no_record	no_record	no_record	vegetative	tagnf	check tag #	NA	NA	NA	NA	NA	NA	blank	NA	,||,check tag #	NA	no_record > no_record	no_record > vegetative	no_record > no_record > vegetative	no_record > no_record > vegetative > tagnf	NA	NA	NA	0	NA	NA	NA	NA	1	NA
1	B	1B	99	1B99	no_record	no_record	no_record	dead_nf	dead_nf	check tag #	NA	NA	NA	NA	NA	NA	nf	NA	,||,check tag #	line below 99 (not 66)	no_record > no_record	no_record > dead_nf	no_record > no_record > dead_nf	no_record > no_record > dead_nf > dead_nf	NA	NA	NA	0	0	NA	NA	NA	0	0
1	C	1C	59_20	1C59_20	no_record	no_record	no_record	dead_nf	dead_nf	NA	NA	NA	NA	NA	NA	NA	nf	NA	,||,	NA	no_record > no_record	no_record > dead_nf	no_record > no_record > dead_nf	no_record > no_record > dead_nf > dead_nf	NA	NA	NA	0	0	NA	NA	NA	0	0
1	D	1D	13_20	1D13_20	no_record	no_record	no_record	dead_nf	dead_nf	refound?	NA	NA	NA	NA	NA	NA	blank	NA	,||,refound?	NA	no_record > no_record	no_record > dead_nf	no_record > no_record > dead_nf	no_record > no_record > dead_nf > dead_nf	NA	NA	NA	0	0	NA	NA	NA	0	0
1	D	1D	2_20	1D2_20	no_record	no_record	no_record	dead_nf	dead_nf	refound?	NA	NA	NA	NA	NA	NA	blank	NA	,||,refound?	flowering nearby	no_record > no_record	no_record > dead_nf	no_record > no_record > dead_nf	no_record > no_record > dead_nf > dead_nf	NA	NA	NA	0	0	NA	NA	NA	0	0
1	D	1D	39_20	1D39_20	no_record	no_record	no_record	dead_nf	vegetative	refound?	NA	NA	NA	NA	NA	NA	blank	NA	,||,refound?	right of tag	no_record > no_record	no_record > dead_nf	no_record > no_record > dead_nf	no_record > no_record > dead_nf > vegetative	NA	NA	NA	0	0	NA	NA	NA	0	1
1	D	1D	5_20	1D5_20	no_record	no_record	no_record	dead_nf	dead_nf	flowered twice?	NA	NA	NA	NA	NA	NA	blank	duplicate tag	,||duplicate tag,flowered twice?	duplicate can tag	no_record > no_record	no_record > dead_nf	no_record > no_record > dead_nf	no_record > no_record > dead_nf > dead_nf	NA	NA	NA	0	0	NA	NA	NA	0	0
2	A	2A	689_20	2A689_20	no_record	no_record	no_record	dead_nf	tagnf	check tag #	NA	NA	NA	NA	NA	NA	nf	NA	,||,check tag #	NA	no_record > no_record	no_record > dead_nf	no_record > no_record > dead_nf	no_record > no_record > dead_nf > tagnf	NA	NA	NA	0	NA	NA	NA	NA	0	NA
2	B	2B	136_20	2B136_20	no_record	no_record	no_record	dead_nf	dead_nf	refound?	NA	NA	NA	NA	NA	NA	blank	NA	,||,refound?	NA	no_record > no_record	no_record > dead_nf	no_record > no_record > dead_nf	no_record > no_record > dead_nf > dead_nf	NA	NA	NA	0	0	NA	NA	NA	0	0
2	B	2B	171_20	2B171_20	no_record	no_record	no_record	vegetative	tagnf	check tag #	NA	NA	NA	NA	NA	NA	blank	NA	,||,check tag #	NA	no_record > no_record	no_record > vegetative	no_record > no_record > vegetative	no_record > no_record > vegetative > tagnf	NA	NA	NA	0	NA	NA	NA	NA	1	NA
2	B	2B	195_20	2B195_20	no_record	no_record	no_record	dead_nf	dead_nf	resurrected?	NA	NA	NA	NA	NA	NA	blank	NA	,||,resurrected?	NA	no_record > no_record	no_record > dead_nf	no_record > no_record > dead_nf	no_record > no_record > dead_nf > dead_nf	NA	NA	NA	0	0	NA	NA	NA	0	0
2	B	2B	196_20	2B196_20	no_record	no_record	no_record	dead_nf	vegetative	resurrected?	NA	NA	NA	NA	NA	NA	blank	NA	,||,resurrected?	said TNF, but tag found	no_record > no_record	no_record > dead_nf	no_record > no_record > dead_nf	no_record > no_record > dead_nf > vegetative	NA	NA	NA	0	0	NA	NA	NA	0	1
2	C	2C	256_20	2C256_20	no_record	no_record	no_record	dead_nf	tagnf	check tag #	NA	NA	NA	NA	NA	NA	nf	NA	,||,check tag #	NA	no_record > no_record	no_record > dead_nf	no_record > no_record > dead_nf	no_record > no_record > dead_nf > tagnf	NA	NA	NA	0	NA	NA	NA	NA	0	NA
2	C	2C	275_20	2C275_20	no_record	no_record	no_record	dead_nf	flowering	resurrected?	NA	NA	NA	NA	NA	NA	blank	NA	,||,resurrected?	recheck - count stalks and rosettes	no_record > no_record	no_record > dead_nf	no_record > no_record > dead_nf	no_record > no_record > dead_nf > flowering	NA	NA	NA	0	1	NA	NA	NA	0	1
2	C	2C	284_20	2C284_20	no_record	no_record	no_record	dead_nf	vegetative	refound?	NA	NA	NA	NA	NA	NA	blank	NA	,||,refound?	NA	no_record > no_record	no_record > dead_nf	no_record > no_record > dead_nf	no_record > no_record > dead_nf > vegetative	NA	NA	NA	0	0	NA	NA	NA	0	1
2	C	2C	291_20	2C291_20	no_record	no_record	no_record	dead_nf	dead_nf	resurrected?	NA	NA	NA	NA	NA	NA	blank	NA	,||,resurrected?	NA	no_record > no_record	no_record > dead_nf	no_record > no_record > dead_nf	no_record > no_record > dead_nf > dead_nf	NA	NA	NA	0	0	NA	NA	NA	0	0
2	C	2C	294_20	2C294_20	no_record	no_record	no_record	dead_nf	dead_nf	resurrected?	NA	NA	NA	NA	NA	NA	blank	NA	,||,resurrected?	NA	no_record > no_record	no_record > dead_nf	no_record > no_record > dead_nf	no_record > no_record > dead_nf > dead_nf	NA	NA	NA	0	0	NA	NA	NA	0	0
2	C	2C	297_20	2C297_20	no_record	no_record	no_record	dead_nf	vegetative	resurrected?	NA	NA	NA	NA	NA	NA	blank	(+)1 veg. rosette far from tag (left)	,||(+)1 veg. rosette far from tag (left),resurrected?	recheck - confusing arrows	no_record > no_record	no_record > dead_nf	no_record > no_record > dead_nf	no_record > no_record > dead_nf > vegetative	NA	NA	NA	0	0	NA	NA	NA	0	1
2	D	2D	192_20	2D192_20	no_record	no_record	no_record	dead_nf	flowering	resurrected?	NA	NA	NA	NA	NA	NA	blank	NA	,||,resurrected?	recheck - count stalks and rosettes	no_record > no_record	no_record > dead_nf	no_record > no_record > dead_nf	no_record > no_record > dead_nf > flowering	NA	NA	NA	0	1	NA	NA	NA	0	1
2	D	2D	196_20	2D196_20	no_record	no_record	no_record	dead_nf	vegetative	refound?	NA	NA	NA	NA	NA	NA	blank	NA	,||,refound?	NA	no_record > no_record	no_record > dead_nf	no_record > no_record > dead_nf	no_record > no_record > dead_nf > vegetative	NA	NA	NA	0	0	NA	NA	NA	0	1
2	D	2D	197_20	2D197_20	no_record	no_record	no_record	dead_nf	vegetative	refound?	NA	NA	NA	NA	NA	NA	blank	NA	,||,refound?	NA	no_record > no_record	no_record > dead_nf	no_record > no_record > dead_nf	no_record > no_record > dead_nf > vegetative	NA	NA	NA	0	0	NA	NA	NA	0	1
2	D	2D	216_20	2D216_20	no_record	no_record	no_record	dead_nf	dead_nf	resurrected?	NA	NA	NA	NA	NA	NA	blank	NA	,||,resurrected?	NA	no_record > no_record	no_record > dead_nf	no_record > no_record > dead_nf	no_record > no_record > dead_nf > dead_nf	NA	NA	NA	0	0	NA	NA	NA	0	0
2	D	2D	223	2D223	no_record	no_record	no_record	tagnf	tagnf	NA	NA	NA	NA	NA	NA	NA	tagnf	NA	,||,	NA	no_record > no_record	no_record > tagnf	no_record > no_record > tagnf	no_record > no_record > tagnf > tagnf	NA	NA	NA	NA	NA	NA	NA	NA	NA	NA
2	D	2D	224	2D224	no_record	no_record	no_record	tagnf	tagnf	NA	NA	NA	NA	NA	NA	NA	tagnf	NA	,||,	NA	no_record > no_record	no_record > tagnf	no_record > no_record > tagnf	no_record > no_record > tagnf > tagnf	NA	NA	NA	NA	NA	NA	NA	NA	NA	NA
3	A	3A	126_20	3A126_20	no_record	no_record	no_record	dead_nf	vegetative	resurrected?	NA	NA	NA	NA	NA	NA	blank	NA	,||,resurrected?	recheck - says 2 rosettes but 1 entry	no_record > no_record	no_record > dead_nf	no_record > no_record > dead_nf	no_record > no_record > dead_nf > vegetative	NA	NA	NA	0	0	NA	NA	NA	0	1
3	A	3A	174	3A174	no_record	no_record	no_record	tagnf	dead_nf	NA	NA	NA	NA	NA	NA	NA	tagnf	NA	,||,	NA	no_record > no_record	no_record > tagnf	no_record > no_record > tagnf	no_record > no_record > tagnf > dead_nf	NA	NA	NA	NA	0	NA	NA	NA	NA	0
3	A	3A	634_20	3A634_20	no_record	no_record	no_record	dead_nf	vegetative	resurrected?	NA	NA	NA	NA	NA	NA	blank	NA	,||,resurrected?	NA	no_record > no_record	no_record > dead_nf	no_record > no_record > dead_nf	no_record > no_record > dead_nf > vegetative	NA	NA	NA	0	0	NA	NA	NA	0	1
3	A	3A	645_20	3A645_20	no_record	no_record	no_record	dead_nf	vegetative	resurrected?	NA	NA	NA	NA	NA	NA	blank	NA	,||,resurrected?	recheck - says 3 rosettes but 4 entries	no_record > no_record	no_record > dead_nf	no_record > no_record > dead_nf	no_record > no_record > dead_nf > vegetative	NA	NA	NA	0	0	NA	NA	NA	0	1
3	C	3C	120_20	3C120_20	no_record	no_record	no_record	dead_nf	dead_nf	check tag #	NA	NA	NA	NA	NA	NA	dead	NA	,||,check tag #	NA	no_record > no_record	no_record > dead_nf	no_record > no_record > dead_nf	no_record > no_record > dead_nf > dead_nf	NA	NA	NA	0	0	NA	NA	NA	0	0
3	C	3C	136_20	3C136_20	no_record	no_record	no_record	dead_nf	tagnf	resurrected?	NA	NA	NA	NA	NA	NA	blank	NA	,||,resurrected?	NA	no_record > no_record	no_record > dead_nf	no_record > no_record > dead_nf	no_record > no_record > dead_nf > tagnf	NA	NA	NA	0	NA	NA	NA	NA	0	NA
3	C	3C	147_20	3C147_20	no_record	no_record	no_record	dead_nf	tagnf	count leaves. resurrected?	NA	NA	NA	NA	NA	NA	blank	NA	,||,count leaves. resurrected?	NA	no_record > no_record	no_record > dead_nf	no_record > no_record > dead_nf	no_record > no_record > dead_nf > tagnf	NA	NA	NA	0	NA	NA	NA	NA	0	NA
3	C	3C	98	3C98	no_record	no_record	no_record	dead_nf	dead_nf	check tag #	NA	NA	NA	NA	NA	NA	nf	NA	,||,check tag #	NA	no_record > no_record	no_record > dead_nf	no_record > no_record > dead_nf	no_record > no_record > dead_nf > dead_nf	NA	NA	NA	0	0	NA	NA	NA	0	0
3	D	3D	856_20	3D856_20	no_record	no_record	no_record	dead_nf	vegetative	resurrected?	NA	NA	NA	NA	NA	NA	blank	NA	,||,resurrected?	NA	no_record > no_record	no_record > dead_nf	no_record > no_record > dead_nf	no_record > no_record > dead_nf > vegetative	NA	NA	NA	0	0	NA	NA	NA	0	1
3	D	3D	858_20	3D858_20	no_record	no_record	no_record	dead_nf	flowering	refound?	NA	NA	NA	NA	NA	NA	blank	NA	,||,refound?	NORMAL TAG. recheck - count stalks and rosettes	no_record > no_record	no_record > dead_nf	no_record > no_record > dead_nf	no_record > no_record > dead_nf > flowering	NA	NA	NA	0	1	NA	NA	NA	0	1
4	A	4A	104_20	4A104_20	no_record	no_record	no_record	dead_nf	vegetative	resurrected?	NA	NA	NA	NA	NA	NA	blank	NA	,||,resurrected?	right of tag	no_record > no_record	no_record > dead_nf	no_record > no_record > dead_nf	no_record > no_record > dead_nf > vegetative	NA	NA	NA	0	0	NA	NA	NA	0	1
4	A	4A	74_20	4A74_20	no_record	no_record	no_record	dead_nf	tagnf	refound?	NA	NA	NA	NA	NA	NA	blank	NA	,||,refound?	NA	no_record > no_record	no_record > dead_nf	no_record > no_record > dead_nf	no_record > no_record > dead_nf > tagnf	NA	NA	NA	0	NA	NA	NA	NA	0	NA
4	A	4A	96_20	4A96_20	no_record	no_record	no_record	dead_nf	dead_nf	refound?	NA	NA	NA	NA	NA	NA	blank	NA	,||,refound?	NA	no_record > no_record	no_record > dead_nf	no_record > no_record > dead_nf	no_record > no_record > dead_nf > dead_nf	NA	NA	NA	0	0	NA	NA	NA	0	0
4	B	4B	165_20	4B165_20	no_record	no_record	no_record	dead_nf	dead_nf	refound?	NA	NA	NA	NA	NA	NA	blank	NA	,||,refound?	NA	no_record > no_record	no_record > dead_nf	no_record > no_record > dead_nf	no_record > no_record > dead_nf > dead_nf	NA	NA	NA	0	0	NA	NA	NA	0	0
4	B	4B	168_20	4B168_20	no_record	no_record	no_record	dead_nf	flowering	flowered and lived?	NA	NA	NA	NA	NA	NA	blank	NA	,||,flowered and lived?	NA	no_record > no_record	no_record > dead_nf	no_record > no_record > dead_nf	no_record > no_record > dead_nf > flowering	NA	NA	NA	0	1	NA	NA	NA	0	1
4	B	4B	170_20	4B170_20	no_record	no_record	no_record	dead_nf	tagnf	refound?	NA	NA	NA	NA	NA	NA	blank	NA	,||,refound?	NA	no_record > no_record	no_record > dead_nf	no_record > no_record > dead_nf	no_record > no_record > dead_nf > tagnf	NA	NA	NA	0	NA	NA	NA	NA	0	NA
4	B	4B	171_20	4B171_20	no_record	no_record	no_record	dead_nf	flowering	refound?	NA	NA	NA	NA	NA	NA	blank	NA	,||,refound?	NA	no_record > no_record	no_record > dead_nf	no_record > no_record > dead_nf	no_record > no_record > dead_nf > flowering	NA	NA	NA	0	1	NA	NA	NA	0	1
4	B	4B	179_20	4B179_20	no_record	no_record	no_record	dead_nf	dead_nf	refound?	NA	NA	NA	NA	NA	NA	blank	NA	,||,refound?	NA	no_record > no_record	no_record > dead_nf	no_record > no_record > dead_nf	no_record > no_record > dead_nf > dead_nf	NA	NA	NA	0	0	NA	NA	NA	0	0
4	B	4B	201_20	4B201_20	no_record	no_record	no_record	dead_nf	vegetative	refound?	NA	NA	NA	NA	NA	NA	blank	NA	,||,refound?	NA	no_record > no_record	no_record > dead_nf	no_record > no_record > dead_nf	no_record > no_record > dead_nf > vegetative	NA	NA	NA	0	0	NA	NA	NA	0	1
4	B	4B	203_20	4B203_20	no_record	no_record	no_record	dead_nf	flowering	refound?	NA	NA	NA	NA	NA	NA	blank	NA	,||,refound?	NA	no_record > no_record	no_record > dead_nf	no_record > no_record > dead_nf	no_record > no_record > dead_nf > flowering	NA	NA	NA	0	1	NA	NA	NA	0	1
4	B	4B	204_20	4B204_20	no_record	no_record	no_record	dead_nf	flowering	refound?	NA	NA	NA	NA	NA	NA	blank	NA	,||,refound?	NA	no_record > no_record	no_record > dead_nf	no_record > no_record > dead_nf	no_record > no_record > dead_nf > flowering	NA	NA	NA	0	1	NA	NA	NA	0	1
4	C	4C	28_20	4C28_20	no_record	no_record	no_record	dead_nf	tagnf	refound?	NA	NA	NA	NA	NA	NA	blank	NA	,||,refound?	NA	no_record > no_record	no_record > dead_nf	no_record > no_record > dead_nf	no_record > no_record > dead_nf > tagnf	NA	NA	NA	0	NA	NA	NA	NA	0	NA
5	B	5B	88_20	5B88_20	no_record	no_record	no_record	flowering	tagnf	check tag #	NA	NA	NA	NA	NA	NA	blank	NA	,||,check tag #	NA	no_record > no_record	no_record > flowering	no_record > no_record > flowering	no_record > no_record > flowering > tagnf	NA	NA	NA	1	NA	NA	NA	NA	1	NA
5	C	5C	231_20	5C231_20	no_record	no_record	no_record	tagnf	tagnf	NA	NA	NA	NA	NA	NA	NA	tagnf	NA	,||,	NA	no_record > no_record	no_record > tagnf	no_record > no_record > tagnf	no_record > no_record > tagnf > tagnf	NA	NA	NA	NA	NA	NA	NA	NA	NA	NA
5	D	5D	251_20	5D251_20	no_record	no_record	no_record	dead_nf	flowering	refound?	NA	NA	NA	NA	NA	NA	blank	NA	,||,refound?	recheck - count stalks and rosettes	no_record > no_record	no_record > dead_nf	no_record > no_record > dead_nf	no_record > no_record > dead_nf > flowering	NA	NA	NA	0	1	NA	NA	NA	0	1
5	D	5D	254_20	5D254_20	no_record	no_record	no_record	dead_nf	vegetative	refound?	NA	NA	NA	NA	NA	NA	blank	NA	,||,refound?	NA	no_record > no_record	no_record > dead_nf	no_record > no_record > dead_nf	no_record > no_record > dead_nf > vegetative	NA	NA	NA	0	0	NA	NA	NA	0	1
5	D	5D	269_20	5D269_20	no_record	no_record	no_record	dead_nf	dead_nf	NA	NA	NA	NA	NA	NA	NA	blank	NA	,||,	NA	no_record > no_record	no_record > dead_nf	no_record > no_record > dead_nf	no_record > no_record > dead_nf > dead_nf	NA	NA	NA	0	0	NA	NA	NA	0	0
5	D	5D	270_20	5D270_20	no_record	no_record	no_record	dead_nf	dead_nf	refound?	NA	NA	NA	NA	NA	NA	blank	NA	,||,refound?	NA	no_record > no_record	no_record > dead_nf	no_record > no_record > dead_nf	no_record > no_record > dead_nf > dead_nf	NA	NA	NA	0	0	NA	NA	NA	0	0
5	D	5D	277_20	5D277_20	no_record	no_record	no_record	dead_nf	flowering	refound?	NA	NA	NA	NA	NA	NA	blank	NA	,||,refound?	recheck - count stalks and rosettes	no_record > no_record	no_record > dead_nf	no_record > no_record > dead_nf	no_record > no_record > dead_nf > flowering	NA	NA	NA	0	1	NA	NA	NA	0	1
5	D	5D	288_20	5D288_20	no_record	no_record	no_record	dead_nf	tagnf	NA	NA	NA	NA	NA	NA	NA	dead	NA	,||,	NA	no_record > no_record	no_record > dead_nf	no_record > no_record > dead_nf	no_record > no_record > dead_nf > tagnf	NA	NA	NA	0	NA	NA	NA	NA	0	NA
6	B	6B	17_20	6B17_20	no_record	no_record	no_record	dead_nf	dead_nf	resurrected?	NA	NA	NA	NA	NA	NA	blank	NA	,||,resurrected?	NA	no_record > no_record	no_record > dead_nf	no_record > no_record > dead_nf	no_record > no_record > dead_nf > dead_nf	NA	NA	NA	0	0	NA	NA	NA	0	0
6	C	6C	110_20	6C110_20	no_record	no_record	no_record	dead_nf	dead_nf	refound?	NA	NA	NA	NA	NA	NA	blank	NA	,||,refound?	NA	no_record > no_record	no_record > dead_nf	no_record > no_record > dead_nf	no_record > no_record > dead_nf > dead_nf	NA	NA	NA	0	0	NA	NA	NA	0	0
6	C	6C	447_20	6C447_20	no_record	no_record	no_record	dead_nf	tagnf	check tag #	NA	NA	NA	NA	NA	NA	nf	out side of tag	,||out side of tag,check tag #	NA	no_record > no_record	no_record > dead_nf	no_record > no_record > dead_nf	no_record > no_record > dead_nf > tagnf	NA	NA	NA	0	NA	NA	NA	NA	0	NA
6	C	6C	82_20	6C82_20	no_record	no_record	no_record	dead_nf	dead_nf	refound?	NA	NA	NA	NA	NA	NA	blank	NA	,||,refound?	NA	no_record > no_record	no_record > dead_nf	no_record > no_record > dead_nf	no_record > no_record > dead_nf > dead_nf	NA	NA	NA	0	0	NA	NA	NA	0	0
6	D	6D	18_20	6D18_20	no_record	no_record	no_record	vegetative	tagnf	check tag #	NA	NA	NA	NA	NA	NA	blank	NA	,||,check tag #	NA	no_record > no_record	no_record > vegetative	no_record > no_record > vegetative	no_record > no_record > vegetative > tagnf	NA	NA	NA	0	NA	NA	NA	NA	1	NA
6	D	6D	86_20	6D86_20	no_record	no_record	no_record	dead_nf	dead_nf	check tag #	NA	NA	NA	NA	NA	NA	nf	NA	,||,check tag #	NA	no_record > no_record	no_record > dead_nf	no_record > no_record > dead_nf	no_record > no_record > dead_nf > dead_nf	NA	NA	NA	0	0	NA	NA	NA	0	0
2	A	2A	1	2A1	no_record	no_record	no_record	no_record	no_record	NA	NA	NA	NA	NA	NA	NA	NA	NA	NA	found tag not on sheet - recheck. Written ""2ANew1"". No status - recheck.	no_record > no_record	no_record > no_record	no_record > no_record > no_record	no_record > no_record > no_record > no_record	NA	NA	NA	NA	NA	NA	NA	NA	NA	NA
2	A	2A	681	2A681	no_record	no_record	no_record	no_record	dead_nf	NA	NA	NA	NA	NA	NA	NA	NA	NA	NA	found tag not on sheet - recheck	no_record > no_record	no_record > no_record	no_record > no_record > no_record	no_record > no_record > no_record > dead_nf	NA	NA	NA	NA	0	NA	NA	NA	NA	0
2	A	2A	694	2A694	no_record	no_record	no_record	no_record	dead_nf	NA	NA	NA	NA	NA	NA	NA	NA	NA	NA	found tag not on sheet - recheck	no_record > no_record	no_record > no_record	no_record > no_record > no_record	no_record > no_record > no_record > dead_nf	NA	NA	NA	NA	0	NA	NA	NA	NA	0
4	C	4C	213	4C213	no_record	no_record	no_record	no_record	vegetative	NA	NA	NA	NA	NA	NA	NA	NA	NA	NA	found circle tag not on sheet - recheck, might be new plant, 1 dead stalk nearby	no_record > no_record	no_record > no_record	no_record > no_record > no_record	no_record > no_record > no_record > vegetative	NA	NA	NA	NA	0	NA	NA	NA	NA	1
5	D	5D	279	5D279	no_record	no_record	no_record	no_record	dead_nf	NA	NA	NA	NA	NA	NA	NA	NA	NA	NA	found tag not on sheet - recheck	no_record > no_record	no_record > no_record	no_record > no_record > no_record	no_record > no_record > no_record > dead_nf	NA	NA	NA	NA	0	NA	NA	NA	NA	0
