index	observer	date	plot	subplot	plant	bag	pump	end	flowers	buds	pump_id	VWC	notes	plotid	plantid	year	discard	separate	modify	plantid_new	transition_fixed	status_18_fixed	status_19_fixed	status_20_fixed	modified	flowered	survived	water	water4	sun_time	sun_date	warm_time	warm_date	snow	sun_date_normal_mean	melt_offset	water_begin	water_end	last_day	precip_prewater_mm	precip_postwater_mm	precip_est_mm
1	JP	2020-07-01T00:00:00Z	1	A	257	1899-12-30T09:18:00Z	1899-12-30T09:54:00Z	1899-12-30T10:09:00Z	1	0	4	10.7	NA	1A	1A257	2020				NA	vegetative > vegetative > flowering	vegetative	vegetative	flowering	FALSE	0	1	Addition	Addition	2020-05-04T15:00:00Z	125	2020-05-02T18:00:00Z	123	Normal	125.66666666666667	-0.6666666666666714	164	227	210	46.78697290445285	130.85628836314308	177.64326126759593
2	JP	2020-07-01T00:00:00Z	2	A	589	1899-12-30T09:30:00Z	1899-12-30T10:00:00Z	1899-12-30T10:15:00Z	1	0	8	2.6	NA	2A	2A589	2020				NA	vegetative > vegetative > flowering	vegetative	vegetative	flowering	FALSE	0	1	Control	Control	2020-04-29T17:00:00Z	120	2020-04-28T19:00:00Z	119	Early	125.66666666666667	-5.666666666666671	164	227	210	46.78697290445285	50.35628836314307	97.14326126759593
3	JP	2020-07-01T00:00:00Z	2	A	285	1899-12-30T09:36:00Z	1899-12-30T10:06:00Z	1899-12-30T10:21:00Z	1	0	1	2.6	NA	2A	2A285	2020				NA	vegetative > vegetative > flowering	vegetative	vegetative	flowering	FALSE	0	1	Control	Control	2020-04-29T17:00:00Z	120	2020-04-28T19:00:00Z	119	Early	125.66666666666667	-5.666666666666671	164	227	210	46.78697290445285	50.35628836314307	97.14326126759593
4	JP	2020-07-01T00:00:00Z	2	B	138	1899-12-30T09:42:00Z	1899-12-30T10:12:00Z	1899-12-30T10:27:00Z	1	0	4	4.6	NA	2B	2B138	2020				NA	vegetative > vegetative > flowering	vegetative	vegetative	flowering	FALSE	0	1	Control	Mock rainout	2020-04-29T17:00:00Z	120	2020-04-28T19:00:00Z	119	Early	125.66666666666667	-5.666666666666671	164	227	210	46.78697290445285	50.35628836314307	97.14326126759593
5	JP	2020-07-01T00:00:00Z	2	D	193	1899-12-30T09:46:00Z	1899-12-30T10:20:00Z	1899-12-30T10:35:00Z	1	1	8	5.1	NA	2D	2D193	2020				NA	vegetative > vegetative > flowering	vegetative	vegetative	flowering	FALSE	0	1	Addition	Addition	2020-04-29T17:00:00Z	120	2020-04-28T19:00:00Z	119	Early	125.66666666666667	-5.666666666666671	164	227	210	46.78697290445285	130.85628836314308	177.64326126759593
6	JP	2020-07-01T00:00:00Z	3	A	125	1899-12-30T10:08:00Z	1899-12-30T10:38:00Z	1899-12-30T10:53:00Z	1	0	1	3	NA	3A	3A125	2020				NA	vegetative > vegetative > flowering	vegetative	vegetative	flowering	FALSE	0	1	Reduction	Reduction	2020-05-04T21:00:00Z	125	2020-05-04T15:00:00Z	125	Normal	125.66666666666667	-0.6666666666666714	164	227	210	46.78697290445285	25.178144181571536	71.96511708602439
7	JP	2020-07-01T00:00:00Z	3	A	278	1899-12-30T10:27:00Z	1899-12-30T10:57:00Z	1899-12-30T11:12:00Z	1	0	1	4.4	NA	3A	3A278	2020				NA	vegetative > vegetative > flowering	vegetative	vegetative	flowering	FALSE	0	1	Reduction	Reduction	2020-05-04T21:00:00Z	125	2020-05-04T15:00:00Z	125	Normal	125.66666666666667	-0.6666666666666714	164	227	210	46.78697290445285	25.178144181571536	71.96511708602439
8	JP	2020-07-01T00:00:00Z	3	B	603	1899-12-30T10:31:00Z	1899-12-30T11:05:00Z	1899-12-30T11:20:00Z	1	0	8	5	NA	3B	3B603	2020				NA	vegetative > vegetative > flowering	vegetative	vegetative	flowering	FALSE	0	1	Control	Mock rainout	2020-05-04T21:00:00Z	125	2020-05-04T15:00:00Z	125	Normal	125.66666666666667	-0.6666666666666714	164	227	210	46.78697290445285	50.35628836314307	97.14326126759593
9	JP	2020-07-01T00:00:00Z	5	B	16	1899-12-30T10:43:00Z	1899-12-30T11:13:00Z	1899-12-30T11:28:00Z	1	0	4	3.4	NA	5B	5B16	2020				NA	vegetative > vegetative > flowering	vegetative	vegetative	flowering	FALSE	0	1	Control	Mock rainout	2020-04-28T20:00:00Z	119	2020-04-28T17:00:00Z	119	Early	125.66666666666667	-6.666666666666671	164	227	210	46.78697290445285	50.35628836314307	97.14326126759593
10	JP	2020-07-01T00:00:00Z	5	D	242	1899-12-30T10:47:00Z	1899-12-30T11:21:00Z	1899-12-30T11:36:00Z	1	1	1	1.6	NA	5D	5D242	2020				NA	vegetative > vegetative > flowering	vegetative	vegetative	flowering	FALSE	0	1	Control	Control	2020-04-28T20:00:00Z	119	2020-04-28T17:00:00Z	119	Early	125.66666666666667	-6.666666666666671	164	227	210	46.78697290445285	50.35628836314307	97.14326126759593
11	JP	2020-07-01T00:00:00Z	5	A	185	1899-12-30T11:10:00Z	1899-12-30T11:40:00Z	1899-12-30T11:55:00Z	1	1	1	8.9	NA	5A	5A185	2020		pheno19		NA	vegetative > vegetative > flowering	vegetative	vegetative	flowering	FALSE	0	1	Addition	Addition	2020-04-28T20:00:00Z	119	2020-04-28T17:00:00Z	119	Early	125.66666666666667	-6.666666666666671	164	227	210	46.78697290445285	130.85628836314308	177.64326126759593
12	ST	2020-07-01T00:00:00Z	1	A	231	1899-12-30T09:18:00Z	1899-12-30T09:48:00Z	1899-12-30T10:03:00Z	1	1	9	8.1	NA	1A	1A231	2020				NA	vegetative > vegetative > flowering	vegetative	vegetative	flowering	FALSE	0	1	Addition	Addition	2020-05-04T15:00:00Z	125	2020-05-02T18:00:00Z	123	Normal	125.66666666666667	-0.6666666666666714	164	227	210	46.78697290445285	130.85628836314308	177.64326126759593
13	ST	2020-07-01T00:00:00Z	1	A	244	1899-12-30T09:27:00Z	1899-12-30T09:57:00Z	1899-12-30T10:12:00Z	1	2	5	8.2	NA	1A	1A244	2020				NA	vegetative > vegetative > flowering	vegetative	vegetative	flowering	FALSE	0	1	Addition	Addition	2020-05-04T15:00:00Z	125	2020-05-02T18:00:00Z	123	Normal	125.66666666666667	-0.6666666666666714	164	227	210	46.78697290445285	130.85628836314308	177.64326126759593
14	ST	2020-07-01T00:00:00Z	1	A	250	1899-12-30T09:31:00Z	1899-12-30T10:01:00Z	1899-12-30T10:16:00Z	1	3	10	8.2	NA	1A	1A250	2020				NA	vegetative > vegetative > flowering	vegetative	vegetative	flowering	FALSE	0	1	Addition	Addition	2020-05-04T15:00:00Z	125	2020-05-02T18:00:00Z	123	Normal	125.66666666666667	-0.6666666666666714	164	227	210	46.78697290445285	130.85628836314308	177.64326126759593
15	ST	2020-07-01T00:00:00Z	1	D	24	1899-12-30T09:42:00Z	1899-12-30T10:12:00Z	1899-12-30T10:27:00Z	1	1	9	3.2	NA	1D	1D24	2020				NA	vegetative > vegetative > flowering	vegetative	vegetative	flowering	FALSE	0	1	Reduction	Reduction	2020-05-04T15:00:00Z	125	2020-05-02T18:00:00Z	123	Normal	125.66666666666667	-0.6666666666666714	164	227	210	46.78697290445285	25.178144181571536	71.96511708602439
16	ST	2020-07-01T00:00:00Z	1	C	64	1899-12-30T09:56:00Z	1899-12-30T10:26:00Z	1899-12-30T10:41:00Z	1	0	5	2.5	NA	1C	1C64	2020				NA	vegetative > vegetative > flowering	vegetative	vegetative	flowering	FALSE	0	1	Control	Mock rainout	2020-05-04T15:00:00Z	125	2020-05-02T18:00:00Z	123	Normal	125.66666666666667	-0.6666666666666714	164	227	210	46.78697290445285	50.35628836314307	97.14326126759593
17	ST	2020-07-01T00:00:00Z	3	C	174	1899-12-30T10:26:00Z	1899-12-30T10:56:00Z	1899-12-30T11:11:00Z	1	1	10	2.6	NA	3C	3C174	2020				NA	vegetative > vegetative > flowering	vegetative	vegetative	flowering	FALSE	0	1	Addition	Addition	2020-05-04T21:00:00Z	125	2020-05-04T15:00:00Z	125	Normal	125.66666666666667	-0.6666666666666714	164	227	210	46.78697290445285	130.85628836314308	177.64326126759593
18	ST	2020-07-01T00:00:00Z	3	D	886	1899-12-30T10:31:00Z	1899-12-30T11:01:00Z	1899-12-30T11:16:00Z	1	1	9	2.2	NA	3D	3D886	2020				NA	vegetative > vegetative > flowering	vegetative	vegetative	flowering	FALSE	0	1	Control	Control	2020-05-04T21:00:00Z	125	2020-05-04T15:00:00Z	125	Normal	125.66666666666667	-0.6666666666666714	164	227	210	46.78697290445285	50.35628836314307	97.14326126759593
19	ST	2020-07-01T00:00:00Z	4	A	114	1899-12-30T10:35:00Z	1899-12-30T11:04:00Z	1899-12-30T11:20:00Z	1	0	5	4.2	NA	4A	4A114	2020				NA	vegetative > vegetative > flowering	vegetative	vegetative	flowering	FALSE	0	1	Addition	Addition	2020-04-30T19:00:00Z	121	2020-04-28T18:00:00Z	119	Early	125.66666666666667	-4.666666666666671	164	227	210	46.78697290445285	130.85628836314308	177.64326126759593
20	ST	2020-07-01T00:00:00Z	4	B	596	1899-12-30T10:50:00Z	1899-12-30T11:20:00Z	1899-12-30T11:35:00Z	1	2	10	4.7	NA	4B	4B596	2020				NA	vegetative > vegetative > flowering	vegetative	vegetative	flowering	FALSE	0	1	Control	Mock rainout	2020-04-30T19:00:00Z	121	2020-04-28T18:00:00Z	119	Early	125.66666666666667	-4.666666666666671	164	227	210	46.78697290445285	50.35628836314307	97.14326126759593
21	ST	2020-07-01T00:00:00Z	4	D	47	1899-12-30T10:52:00Z	1899-12-30T11:22:00Z	1899-12-30T11:37:00Z	1	0	9	3.7	NA	4D	4D47	2020				NA	vegetative > vegetative > flowering	vegetative	vegetative	flowering	FALSE	0	1	Reduction	Reduction	2020-04-30T19:00:00Z	121	2020-04-28T18:00:00Z	119	Early	125.66666666666667	-4.666666666666671	164	227	210	46.78697290445285	25.178144181571536	71.96511708602439
22	ST	2020-07-01T00:00:00Z	6	C	93	1899-12-30T11:27:00Z	1899-12-30T11:57:00Z	1899-12-30T12:12:00Z	1	0	10	3.5	NA	6C	6C93	2020				NA	vegetative > vegetative > flowering	vegetative	vegetative	flowering	FALSE	0	1	Control	Mock rainout	2020-05-06T18:00:00Z	127	2020-05-05T19:00:00Z	126	Normal	125.66666666666667	1.3333333333333286	164	227	210	46.78697290445285	50.35628836314307	97.14326126759593
23	ST	2020-07-08T00:00:00Z	6	D	46	1899-12-30T09:15:00Z	1899-12-30T09:45:00Z	1899-12-30T10:00:00Z	1	0	10	5.1	NA	6D	6D46	2020		pheno18		NA	vegetative > vegetative > flowering	vegetative	vegetative	flowering	FALSE	0	1	Addition	Addition	2020-05-06T18:00:00Z	127	2020-05-05T19:00:00Z	126	Normal	125.66666666666667	1.3333333333333286	164	227	210	46.78697290445285	130.85628836314308	177.64326126759593
24	ST	2020-07-08T00:00:00Z	6	D	68	1899-12-30T09:18:00Z	1899-12-30T09:48:00Z	1899-12-30T10:03:00Z	1	0	7	6.4	NA	6D	6D68	2020				NA	vegetative > vegetative > flowering	vegetative	vegetative	flowering	FALSE	0	1	Addition	Addition	2020-05-06T18:00:00Z	127	2020-05-05T19:00:00Z	126	Normal	125.66666666666667	1.3333333333333286	164	227	210	46.78697290445285	130.85628836314308	177.64326126759593
25	ST	2020-07-08T00:00:00Z	6	D	71	1899-12-30T09:20:00Z	1899-12-30T09:50:00Z	1899-12-30T10:05:00Z	1	0	3	4.3	NA	6D	6D71	2020				NA	vegetative > vegetative > flowering	vegetative	vegetative	flowering	FALSE	0	1	Addition	Addition	2020-05-06T18:00:00Z	127	2020-05-05T19:00:00Z	126	Normal	125.66666666666667	1.3333333333333286	164	227	210	46.78697290445285	130.85628836314308	177.64326126759593
26	ST	2020-07-08T00:00:00Z	3	A	638	1899-12-30T09:40:00Z	1899-12-30T10:10:00Z	1899-12-30T10:25:00Z	1	0	10	5.3	NA	3A	3A638	2020				NA	vegetative > vegetative > flowering	vegetative	vegetative	flowering	FALSE	0	1	Reduction	Reduction	2020-05-04T21:00:00Z	125	2020-05-04T15:00:00Z	125	Normal	125.66666666666667	-0.6666666666666714	164	227	210	46.78697290445285	25.178144181571536	71.96511708602439
27	ST	2020-07-08T00:00:00Z	3	B	831	1899-12-30T09:52:00Z	1899-12-30T10:22:00Z	1899-12-30T10:37:00Z	1	0	7	5.9	NA	3B	3B831	2020				NA	vegetative > vegetative > flowering	vegetative	vegetative	flowering	FALSE	0	1	Control	Mock rainout	2020-05-04T21:00:00Z	125	2020-05-04T15:00:00Z	125	Normal	125.66666666666667	-0.6666666666666714	164	227	210	46.78697290445285	50.35628836314307	97.14326126759593
28	ST	2020-07-08T00:00:00Z	3	D	892	1899-12-30T09:58:00Z	1899-12-30T10:28:00Z	1899-12-30T10:43:00Z	1	0	3	3.5	NA	3D	3D892	2020				NA	vegetative > vegetative > flowering	vegetative	vegetative	flowering	FALSE	0	1	Control	Control	2020-05-04T21:00:00Z	125	2020-05-04T15:00:00Z	125	Normal	125.66666666666667	-0.6666666666666714	164	227	210	46.78697290445285	50.35628836314307	97.14326126759593
29	ST	2020-07-08T00:00:00Z	3	D	875	1899-12-30T10:19:00Z	1899-12-30T10:45:00Z	1899-12-30T11:00:00Z	1	0	10	3.7	NA	3D	3D875	2020				NA	vegetative > vegetative > flowering	vegetative	vegetative	flowering	FALSE	0	1	Control	Control	2020-05-04T21:00:00Z	125	2020-05-04T15:00:00Z	125	Normal	125.66666666666667	-0.6666666666666714	164	227	210	46.78697290445285	50.35628836314307	97.14326126759593
30	ST	2020-07-08T00:00:00Z	5	A	196	1899-12-30T10:31:00Z	1899-12-30T11:01:00Z	1899-12-30T11:16:00Z	1	1	7	3.7	NA	5A	5A196	2020				NA	vegetative > flowering > flowering	vegetative	flowering	flowering	FALSE	1	1	Addition	Addition	2020-04-28T20:00:00Z	119	2020-04-28T17:00:00Z	119	Early	125.66666666666667	-6.666666666666671	164	227	210	46.78697290445285	130.85628836314308	177.64326126759593
31	ST	2020-07-08T00:00:00Z	5	A	185	1899-12-30T10:35:00Z	1899-12-30T11:05:00Z	1899-12-30T11:20:00Z	1	0	3	8.9	NA	5A	5A185	2020		pheno19		NA	vegetative > vegetative > flowering	vegetative	vegetative	flowering	FALSE	0	1	Addition	Addition	2020-04-28T20:00:00Z	119	2020-04-28T17:00:00Z	119	Early	125.66666666666667	-6.666666666666671	164	227	210	46.78697290445285	130.85628836314308	177.64326126759593
32	ST	2020-07-08T00:00:00Z	5	D	274	1899-12-30T10:52:00Z	1899-12-30T11:22:00Z	1899-12-30T11:37:00Z	1	0	10	4.7	NA	5D	5D274	2020				NA	vegetative > vegetative > flowering	vegetative	vegetative	flowering	FALSE	0	1	Control	Control	2020-04-28T20:00:00Z	119	2020-04-28T17:00:00Z	119	Early	125.66666666666667	-6.666666666666671	164	227	210	46.78697290445285	50.35628836314307	97.14326126759593
33	JP	2020-07-08T00:00:00Z	2	B	81	1899-12-30T09:15:00Z	1899-12-30T09:48:00Z	1899-12-30T10:03:00Z	1	0	NA	4.9	NA	2B	2B81	2020				NA	vegetative > vegetative > flowering	vegetative	vegetative	flowering	FALSE	0	1	Control	Mock rainout	2020-04-29T17:00:00Z	120	2020-04-28T19:00:00Z	119	Early	125.66666666666667	-5.666666666666671	164	227	210	46.78697290445285	50.35628836314307	97.14326126759593
34	JP	2020-07-08T00:00:00Z	2	A	674	1899-12-30T09:18:00Z	1899-12-30T09:54:00Z	1899-12-30T10:09:00Z	1	0	NA	4.6	NA	2A	2A674	2020			pheno20 floral20 volatiles20	2A694	NA	NA	NA	NA	FALSE	NA	NA	Control	Control	2020-04-29T17:00:00Z	120	2020-04-28T19:00:00Z	119	Early	125.66666666666667	-5.666666666666671	164	227	210	46.78697290445285	50.35628836314307	97.14326126759593
35	JP	2020-07-08T00:00:00Z	2	D	214	1899-12-30T09:20:00Z	1899-12-30T09:57:00Z	1899-12-30T10:12:00Z	1	0	NA	5.3	NA	2D	2D214	2020				NA	vegetative > vegetative > flowering	vegetative	vegetative	flowering	FALSE	0	1	Addition	Addition	2020-04-29T17:00:00Z	120	2020-04-28T19:00:00Z	119	Early	125.66666666666667	-5.666666666666671	164	227	210	46.78697290445285	130.85628836314308	177.64326126759593
36	JP	2020-07-08T00:00:00Z	2	B	195	1899-12-30T09:38:00Z	1899-12-30T10:13:00Z	1899-12-30T10:28:00Z	1	0	NA	5.3	NA	2B	2B195	2020		census20 pheno20 floral20 volatiles20 seeds20		NA	flowering > dead_nf > dead_nf	flowering	dead_nf	dead_nf	FALSE	0	0	Control	Mock rainout	2020-04-29T17:00:00Z	120	2020-04-28T19:00:00Z	119	Early	125.66666666666667	-5.666666666666671	164	227	210	46.78697290445285	50.35628836314307	97.14326126759593
37	JP	2020-07-08T00:00:00Z	2	D	204	1899-12-30T09:40:00Z	1899-12-30T10:16:00Z	1899-12-30T10:31:00Z	1	0	NA	NA	watered before getting soil moisture - near 2D-187	2D	2D204	2020				NA	vegetative > vegetative > flowering	vegetative	vegetative	flowering	FALSE	0	1	Addition	Addition	2020-04-29T17:00:00Z	120	2020-04-28T19:00:00Z	119	Early	125.66666666666667	-5.666666666666671	164	227	210	46.78697290445285	130.85628836314308	177.64326126759593
38	JP	2020-07-08T00:00:00Z	2	D	187	1899-12-30T09:41:00Z	1899-12-30T10:18:00Z	1899-12-30T10:54:00Z	1	0	5	7.6	popped out, reset 10:32, popped again, reset 10:44. Do not use	2D	2D187	2020				NA	vegetative > vegetative > flowering	vegetative	vegetative	flowering	FALSE	0	1	Addition	Addition	2020-04-29T17:00:00Z	120	2020-04-28T19:00:00Z	119	Early	125.66666666666667	-5.666666666666671	164	227	210	46.78697290445285	130.85628836314308	177.64326126759593
39	JP	2020-07-08T00:00:00Z	2	C	270	1899-12-30T10:25:00Z	1899-12-30T10:55:00Z	1899-12-30T11:10:00Z	1	0	1	4.7	NA	2C	2C270	2020				NA	vegetative > vegetative > flowering	vegetative	vegetative	flowering	FALSE	0	1	Reduction	Reduction	2020-04-29T17:00:00Z	120	2020-04-28T19:00:00Z	119	Early	125.66666666666667	-5.666666666666671	164	227	210	46.78697290445285	25.178144181571536	71.96511708602439
40	JP	2020-07-08T00:00:00Z	2	C	277	1899-12-30T10:27:00Z	1899-12-30T10:57:00Z	1899-12-30T11:17:00Z	1	0	5	3.8	NA	2C	2C277	2020				NA	vegetative > vegetative > flowering	vegetative	vegetative	flowering	FALSE	0	1	Reduction	Reduction	2020-04-29T17:00:00Z	120	2020-04-28T19:00:00Z	119	Early	125.66666666666667	-5.666666666666671	164	227	210	46.78697290445285	25.178144181571536	71.96511708602439
41	JP	2020-07-08T00:00:00Z	2	A	94	1899-12-30T10:29:00Z	1899-12-30T11:05:00Z	1899-12-30T11:20:00Z	1	0	9	3.7	NA	2A	2A94	2020				NA	no_record > vegetative > flowering	no_record	vegetative	flowering	FALSE	0	1	Control	Control	2020-04-29T17:00:00Z	120	2020-04-28T19:00:00Z	119	Early	125.66666666666667	-5.666666666666671	164	227	210	46.78697290445285	50.35628836314307	97.14326126759593
42	JP	2020-07-08T00:00:00Z	2	A	air	1899-12-30T10:13:00Z	1899-12-30T10:43:00Z	1899-12-30T10:58:00Z	NA	NA	9	NA	NA	2A	2Aair	2020				NA	NA	NA	NA	NA	FALSE	NA	NA	Control	Control	2020-04-29T17:00:00Z	120	2020-04-28T19:00:00Z	119	Early	125.66666666666667	-5.666666666666671	164	227	210	46.78697290445285	50.35628836314307	97.14326126759593
43	BV	2020-07-08T00:00:00Z	1	A	246	1899-12-30T09:24:00Z	1899-12-30T09:54:00Z	1899-12-30T10:09:00Z	1	2	8	5.8	NA	1A	1A246	2020				NA	vegetative > flowering > flowering	vegetative	flowering	flowering	FALSE	1	1	Addition	Addition	2020-05-04T15:00:00Z	125	2020-05-02T18:00:00Z	123	Normal	125.66666666666667	-0.6666666666666714	164	227	210	46.78697290445285	130.85628836314308	177.64326126759593
44	BV	2020-07-08T00:00:00Z	1	A	255	1899-12-30T09:27:00Z	1899-12-30T09:57:00Z	1899-12-30T10:12:00Z	1	0	4	6.1	NA	1A	1A255	2020				NA	vegetative > vegetative > flowering	vegetative	vegetative	flowering	FALSE	0	1	Addition	Addition	2020-05-04T15:00:00Z	125	2020-05-02T18:00:00Z	123	Normal	125.66666666666667	-0.6666666666666714	164	227	210	46.78697290445285	130.85628836314308	177.64326126759593
45	BV	2020-07-08T00:00:00Z	1	A	235	1899-12-30T09:38:00Z	1899-12-30T10:10:00Z	1899-12-30T10:25:00Z	1	0	8	8.9	NA	1A	1A235	2020		floral18		NA	vegetative > vegetative > flowering	vegetative	vegetative	flowering	FALSE	0	1	Addition	Addition	2020-05-04T15:00:00Z	125	2020-05-02T18:00:00Z	123	Normal	125.66666666666667	-0.6666666666666714	164	227	210	46.78697290445285	130.85628836314308	177.64326126759593
46	BV	2020-07-08T00:00:00Z	1	A	133	1899-12-30T09:41:00Z	1899-12-30T10:15:00Z	1899-12-30T10:30:00Z	1	0	4	7.5	NA	1A	1A133	2020				NA	NA	NA	NA	NA	FALSE	NA	NA	Addition	Addition	2020-05-04T15:00:00Z	125	2020-05-02T18:00:00Z	123	Normal	125.66666666666667	-0.6666666666666714	164	227	210	46.78697290445285	130.85628836314308	177.64326126759593
47	BV	2020-07-08T00:00:00Z	1	A	230	1899-12-30T10:19:00Z	1899-12-30T10:49:00Z	1899-12-30T11:04:00Z	1	0	8	7.9	NA	1A	1A230	2020				NA	vegetative > vegetative > flowering	vegetative	vegetative	flowering	FALSE	0	1	Addition	Addition	2020-05-04T15:00:00Z	125	2020-05-02T18:00:00Z	123	Normal	125.66666666666667	-0.6666666666666714	164	227	210	46.78697290445285	130.85628836314308	177.64326126759593
48	BV	2020-07-08T00:00:00Z	1	A	243	1899-12-30T10:22:00Z	1899-12-30T10:52:00Z	1899-12-30T11:07:00Z	1	0	4	7	NA	1A	1A243	2020				NA	vegetative > vegetative > flowering	vegetative	vegetative	flowering	FALSE	0	1	Addition	Addition	2020-05-04T15:00:00Z	125	2020-05-02T18:00:00Z	123	Normal	125.66666666666667	-0.6666666666666714	164	227	210	46.78697290445285	130.85628836314308	177.64326126759593
49	BV	2020-07-08T00:00:00Z	1	B	649	1899-12-30T10:44:00Z	1899-12-30T11:14:00Z	1899-12-30T11:29:00Z	1	0	8	5.3	NA	1B	1B649	2020				NA	vegetative > vegetative > flowering	vegetative	vegetative	flowering	FALSE	0	1	Control	Control	2020-05-04T15:00:00Z	125	2020-05-02T18:00:00Z	123	Normal	125.66666666666667	-0.6666666666666714	164	227	210	46.78697290445285	50.35628836314307	97.14326126759593
50	BV	2020-07-08T00:00:00Z	1	C	63	1899-12-30T10:57:00Z	1899-12-30T11:27:00Z	1899-12-30T11:42:00Z	1	3	4	4	NA	1C	1C63	2020				NA	vegetative > vegetative > flowering	vegetative	vegetative	flowering	FALSE	0	1	Control	Mock rainout	2020-05-04T15:00:00Z	125	2020-05-02T18:00:00Z	123	Normal	125.66666666666667	-0.6666666666666714	164	227	210	46.78697290445285	50.35628836314307	97.14326126759593
51	BV	2020-07-08T00:00:00Z	1	C	64	1899-12-30T11:03:00Z	1899-12-30T11:33:00Z	1899-12-30T11:48:00Z	1	0	8	4.2	NA	1C	1C64	2020				NA	vegetative > vegetative > flowering	vegetative	vegetative	flowering	FALSE	0	1	Control	Mock rainout	2020-05-04T15:00:00Z	125	2020-05-02T18:00:00Z	123	Normal	125.66666666666667	-0.6666666666666714	164	227	210	46.78697290445285	50.35628836314307	97.14326126759593
52	BV	2020-07-15T00:00:00Z	1	C	60	1899-12-30T09:10:00Z	1899-12-30T09:40:00Z	1899-12-30T09:55:00Z	1	1	8	4.7	NA	1C	1C60	2020				NA	vegetative > vegetative > flowering	vegetative	vegetative	flowering	FALSE	0	1	Control	Mock rainout	2020-05-04T15:00:00Z	125	2020-05-02T18:00:00Z	123	Normal	125.66666666666667	-0.6666666666666714	164	227	210	46.78697290445285	50.35628836314307	97.14326126759593
53	BV	2020-07-15T00:00:00Z	1	C	46	1899-12-30T09:13:00Z	1899-12-30T09:43:00Z	1899-12-30T09:58:00Z	1	0	5	3.9	NA	1C	1C46	2020				NA	vegetative > vegetative > flowering	vegetative	vegetative	flowering	FALSE	0	1	Control	Mock rainout	2020-05-04T15:00:00Z	125	2020-05-02T18:00:00Z	123	Normal	125.66666666666667	-0.6666666666666714	164	227	210	46.78697290445285	50.35628836314307	97.14326126759593
54	BV	2020-07-15T00:00:00Z	1	D	37	1899-12-30T09:15:00Z	1899-12-30T09:45:00Z	1899-12-30T10:00:00Z	1	0	3	3.3	NA	1D	1D37	2020				NA	vegetative > vegetative > flowering	vegetative	vegetative	flowering	FALSE	0	1	Reduction	Reduction	2020-05-04T15:00:00Z	125	2020-05-02T18:00:00Z	123	Normal	125.66666666666667	-0.6666666666666714	164	227	210	46.78697290445285	25.178144181571536	71.96511708602439
55	BV	2020-07-15T00:00:00Z	1	D	33	1899-12-30T09:49:00Z	1899-12-30T10:19:00Z	1899-12-30T10:34:00Z	1	0	8	3.9	NA	1D	1D33	2020				NA	vegetative > vegetative > flowering	vegetative	vegetative	flowering	FALSE	0	1	Reduction	Reduction	2020-05-04T15:00:00Z	125	2020-05-02T18:00:00Z	123	Normal	125.66666666666667	-0.6666666666666714	164	227	210	46.78697290445285	25.178144181571536	71.96511708602439
56	BV	2020-07-15T00:00:00Z	1	D	9	1899-12-30T09:50:00Z	1899-12-30T10:20:00Z	1899-12-30T10:35:00Z	1	0	5	4	NA	1D	1D9	2020				NA	vegetative > vegetative > flowering	vegetative	vegetative	flowering	FALSE	0	1	Reduction	Reduction	2020-05-04T15:00:00Z	125	2020-05-02T18:00:00Z	123	Normal	125.66666666666667	-0.6666666666666714	164	227	210	46.78697290445285	25.178144181571536	71.96511708602439
57	BV	2020-07-15T00:00:00Z	1	D	17	1899-12-30T09:53:00Z	1899-12-30T10:23:00Z	1899-12-30T10:38:00Z	1	0	3	4.5	NA	1D	1D17	2020				NA	vegetative > vegetative > flowering	vegetative	vegetative	flowering	FALSE	0	1	Reduction	Reduction	2020-05-04T15:00:00Z	125	2020-05-02T18:00:00Z	123	Normal	125.66666666666667	-0.6666666666666714	164	227	210	46.78697290445285	25.178144181571536	71.96511708602439
58	BV	2020-07-15T00:00:00Z	1	D	12	1899-12-30T10:11:00Z	1899-12-30T10:35:00Z	1899-12-30T10:50:00Z	1	2	8	3.5	NA	1D	1D12	2020				NA	vegetative > vegetative > flowering	vegetative	vegetative	flowering	FALSE	0	1	Reduction	Reduction	2020-05-04T15:00:00Z	125	2020-05-02T18:00:00Z	123	Normal	125.66666666666667	-0.6666666666666714	164	227	210	46.78697290445285	25.178144181571536	71.96511708602439
59	BV	2020-07-15T00:00:00Z	1	D	24	1899-12-30T10:13:00Z	1899-12-30T10:38:00Z	1899-12-30T10:53:00Z	1	0	5	4.9	NA	1D	1D24	2020				NA	vegetative > vegetative > flowering	vegetative	vegetative	flowering	FALSE	0	1	Reduction	Reduction	2020-05-04T15:00:00Z	125	2020-05-02T18:00:00Z	123	Normal	125.66666666666667	-0.6666666666666714	164	227	210	46.78697290445285	25.178144181571536	71.96511708602439
60	BV	2020-07-15T00:00:00Z	4	A	68	1899-12-30T10:58:00Z	1899-12-30T11:28:00Z	1899-12-30T11:43:00Z	1	0	3	3.5	NA	4A	4A68	2020		floral19		NA	vegetative > vegetative > flowering	vegetative	vegetative	flowering	FALSE	0	1	Addition	Addition	2020-04-30T19:00:00Z	121	2020-04-28T18:00:00Z	119	Early	125.66666666666667	-4.666666666666671	164	227	210	46.78697290445285	130.85628836314308	177.64326126759593
61	BV	2020-07-15T00:00:00Z	4	A	109	1899-12-30T11:00:00Z	1899-12-30T11:30:00Z	1899-12-30T11:45:00Z	1	0	8	7.9	NA	4A	4A109	2020				NA	vegetative > vegetative > flowering	vegetative	vegetative	flowering	FALSE	0	1	Addition	Addition	2020-04-30T19:00:00Z	121	2020-04-28T18:00:00Z	119	Early	125.66666666666667	-4.666666666666671	164	227	210	46.78697290445285	130.85628836314308	177.64326126759593
62	BV	2020-07-15T00:00:00Z	4	A	110	1899-12-30T11:01:00Z	1899-12-30T11:31:00Z	1899-12-30T11:46:00Z	1	0	5	6.1	NA	4A	4A110	2020				NA	vegetative > vegetative > flowering	vegetative	vegetative	flowering	FALSE	0	1	Addition	Addition	2020-04-30T19:00:00Z	121	2020-04-28T18:00:00Z	119	Early	125.66666666666667	-4.666666666666671	164	227	210	46.78697290445285	130.85628836314308	177.64326126759593
63	BV	2020-07-15T00:00:00Z	4	A	121	1899-12-30T11:18:00Z	1899-12-30T11:48:00Z	1899-12-30T12:03:00Z	2	0	3	7	NA	4A	4A121	2020				NA	vegetative > vegetative > flowering	vegetative	vegetative	flowering	FALSE	0	1	Addition	Addition	2020-04-30T19:00:00Z	121	2020-04-28T18:00:00Z	119	Early	125.66666666666667	-4.666666666666671	164	227	210	46.78697290445285	130.85628836314308	177.64326126759593
64	BV	2020-07-15T00:00:00Z	4	A	115	1899-12-30T11:20:00Z	1899-12-30T11:50:00Z	1899-12-30T12:05:00Z	2	0	8	3.8	NA	4A	4A115	2020		pheno19		NA	vegetative > vegetative > flowering	vegetative	vegetative	flowering	FALSE	0	1	Addition	Addition	2020-04-30T19:00:00Z	121	2020-04-28T18:00:00Z	119	Early	125.66666666666667	-4.666666666666671	164	227	210	46.78697290445285	130.85628836314308	177.64326126759593
65	BV	2020-07-15T00:00:00Z	4	A	91	1899-12-30T11:23:00Z	1899-12-30T11:53:00Z	1899-12-30T12:08:00Z	1	0	5	8.4	NA	4A	4A91	2020				NA	vegetative > vegetative > flowering	vegetative	vegetative	flowering	FALSE	0	1	Addition	Addition	2020-04-30T19:00:00Z	121	2020-04-28T18:00:00Z	119	Early	125.66666666666667	-4.666666666666671	164	227	210	46.78697290445285	130.85628836314308	177.64326126759593
66	ST	2020-07-15T00:00:00Z	5	A	180	1899-12-30T10:01:00Z	1899-12-30T10:31:00Z	1899-12-30T10:46:00Z	1	0	9	6.8	NA	5A	5A180	2020				NA	flowering > vegetative > flowering	flowering	vegetative	flowering	FALSE	0	1	Addition	Addition	2020-04-28T20:00:00Z	119	2020-04-28T17:00:00Z	119	Early	125.66666666666667	-6.666666666666671	164	227	210	46.78697290445285	130.85628836314308	177.64326126759593
67	ST	2020-07-15T00:00:00Z	5	B	20	1899-12-30T10:06:00Z	1899-12-30T10:36:00Z	1899-12-30T10:51:00Z	1	0	6	4.8	NA	5B	5B20	2020		pheno18 pheno19		NA	vegetative > vegetative > flowering	vegetative	vegetative	flowering	FALSE	0	1	Control	Mock rainout	2020-04-28T20:00:00Z	119	2020-04-28T17:00:00Z	119	Early	125.66666666666667	-6.666666666666671	164	227	210	46.78697290445285	50.35628836314307	97.14326126759593
68	ST	2020-07-15T00:00:00Z	5	B	288	1899-12-30T10:23:00Z	1899-12-30T10:53:00Z	1899-12-30T11:08:00Z	1	0	9	5.2	NA	5B	5B288	2020				NA	vegetative > vegetative > flowering	vegetative	vegetative	flowering	FALSE	0	1	Control	Mock rainout	2020-04-28T20:00:00Z	119	2020-04-28T17:00:00Z	119	Early	125.66666666666667	-6.666666666666671	164	227	210	46.78697290445285	50.35628836314307	97.14326126759593
69	ST	2020-07-15T00:00:00Z	5	B	5	1899-12-30T10:26:00Z	1899-12-30T10:56:00Z	1899-12-30T11:11:00Z	1	0	6	4.3	NA	5B	5B5	2020				NA	vegetative > vegetative > flowering	vegetative	vegetative	flowering	FALSE	0	1	Control	Mock rainout	2020-04-28T20:00:00Z	119	2020-04-28T17:00:00Z	119	Early	125.66666666666667	-6.666666666666671	164	227	210	46.78697290445285	50.35628836314307	97.14326126759593
70	ST	2020-07-15T00:00:00Z	5	C	225	1899-12-30T10:43:00Z	1899-12-30T11:13:00Z	1899-12-30T11:28:00Z	1	0	9	4.4	NA	5C	5C225	2020				NA	vegetative > vegetative > flowering	vegetative	vegetative	flowering	FALSE	0	1	Reduction	Reduction	2020-04-28T20:00:00Z	119	2020-04-28T17:00:00Z	119	Early	125.66666666666667	-6.666666666666671	164	227	210	46.78697290445285	25.178144181571536	71.96511708602439
71	ST	2020-07-15T00:00:00Z	5	C	202	1899-12-30T10:47:00Z	1899-12-30T11:17:00Z	1899-12-30T11:32:00Z	1	0	6	4.2	NA	5C	5C202	2020				NA	vegetative > vegetative > flowering	vegetative	vegetative	flowering	FALSE	0	1	Reduction	Reduction	2020-04-28T20:00:00Z	119	2020-04-28T17:00:00Z	119	Early	125.66666666666667	-6.666666666666671	164	227	210	46.78697290445285	25.178144181571536	71.96511708602439
72	ST	2020-07-15T00:00:00Z	5	D	269	1899-12-30T11:15:00Z	1899-12-30T11:45:00Z	1899-12-30T12:00:00Z	1	0	9	3.6	NA	5D	5D269	2020		census20 pheno20 floral20 volatiles20 seeds20		NA	vegetative > dead_nf > dead_nf	vegetative	dead_nf	dead_nf	FALSE	0	0	Control	Control	2020-04-28T20:00:00Z	119	2020-04-28T17:00:00Z	119	Early	125.66666666666667	-6.666666666666671	164	227	210	46.78697290445285	50.35628836314307	97.14326126759593
73	ST	2020-07-15T00:00:00Z	5	D	242	1899-12-30T11:19:00Z	1899-12-30T11:49:00Z	1899-12-30T12:04:00Z	1	0	6	2.6	NA	5D	5D242	2020				NA	vegetative > vegetative > flowering	vegetative	vegetative	flowering	FALSE	0	1	Control	Control	2020-04-28T20:00:00Z	119	2020-04-28T17:00:00Z	119	Early	125.66666666666667	-6.666666666666671	164	227	210	46.78697290445285	50.35628836314307	97.14326126759593
74	ST	2020-07-15T00:00:00Z	5	N	Aair	1899-12-30T11:51:00Z	1899-12-30T12:21:00Z	1899-12-30T12:35:00Z	NA	NA	9	NA	NA	5N	5NAair	2020				NA	NA	NA	NA	NA	FALSE	NA	NA	NA	NA	NA	NA	NA	NA	NA	NA	NA	NA	NA	NA	NA	NA	NA
75	JP	2020-07-22T00:00:00Z	1	D	12	1899-12-30T09:16:00Z	1899-12-30T09:52:00Z	1899-12-30T10:07:00Z	1	0	NA	3	NA	1D	1D12	2020				NA	vegetative > vegetative > flowering	vegetative	vegetative	flowering	FALSE	0	1	Reduction	Reduction	2020-05-04T15:00:00Z	125	2020-05-02T18:00:00Z	123	Normal	125.66666666666667	-0.6666666666666714	164	227	210	46.78697290445285	25.178144181571536	71.96511708602439
76	JP	2020-07-22T00:00:00Z	1	D	9	1899-12-30T09:17:00Z	1899-12-30T09:53:00Z	1899-12-30T10:08:00Z	1	0	NA	2.4	NA	1D	1D9	2020				NA	vegetative > vegetative > flowering	vegetative	vegetative	flowering	FALSE	0	1	Reduction	Reduction	2020-05-04T15:00:00Z	125	2020-05-02T18:00:00Z	123	Normal	125.66666666666667	-0.6666666666666714	164	227	210	46.78697290445285	25.178144181571536	71.96511708602439
77	JP	2020-07-22T00:00:00Z	1	D	33	1899-12-30T09:19:00Z	1899-12-30T09:55:00Z	1899-12-30T10:10:00Z	1	0	NA	2.7	NA	1D	1D33	2020				NA	vegetative > vegetative > flowering	vegetative	vegetative	flowering	FALSE	0	1	Reduction	Reduction	2020-05-04T15:00:00Z	125	2020-05-02T18:00:00Z	123	Normal	125.66666666666667	-0.6666666666666714	164	227	210	46.78697290445285	25.178144181571536	71.96511708602439
78	JP	2020-07-22T00:00:00Z	1	D	31	1899-12-30T09:20:00Z	1899-12-30T09:56:00Z	1899-12-30T10:11:00Z	1	0	NA	4.9	NA	1D	1D31	2020				NA	vegetative > dead_nf > dead_nf	vegetative	dead_nf	dead_nf	FALSE	0	0	Reduction	Reduction	2020-05-04T15:00:00Z	125	2020-05-02T18:00:00Z	123	Normal	125.66666666666667	-0.6666666666666714	164	227	210	46.78697290445285	25.178144181571536	71.96511708602439
79	JP	2020-07-22T00:00:00Z	1	C	60	1899-12-30T09:46:00Z	1899-12-30T10:16:00Z	1899-12-30T10:31:00Z	1	0	NA	3.3	NA	1C	1C60	2020				NA	vegetative > vegetative > flowering	vegetative	vegetative	flowering	FALSE	0	1	Control	Mock rainout	2020-05-04T15:00:00Z	125	2020-05-02T18:00:00Z	123	Normal	125.66666666666667	-0.6666666666666714	164	227	210	46.78697290445285	50.35628836314307	97.14326126759593
80	JP	2020-07-22T00:00:00Z	1	C	63	1899-12-30T09:46:00Z	1899-12-30T10:16:00Z	1899-12-30T10:33:00Z	1	0	NA	3.2	NA	1C	1C63	2020				NA	vegetative > vegetative > flowering	vegetative	vegetative	flowering	FALSE	0	1	Control	Mock rainout	2020-05-04T15:00:00Z	125	2020-05-02T18:00:00Z	123	Normal	125.66666666666667	-0.6666666666666714	164	227	210	46.78697290445285	50.35628836314307	97.14326126759593
81	JP	2020-07-22T00:00:00Z	1	A	251	1899-12-30T10:05:00Z	1899-12-30T10:40:00Z	1899-12-30T10:55:00Z	1	0	NA	5.8	NA	1A	1A251	2020				NA	vegetative > vegetative > flowering	vegetative	vegetative	flowering	FALSE	0	1	Addition	Addition	2020-05-04T15:00:00Z	125	2020-05-02T18:00:00Z	123	Normal	125.66666666666667	-0.6666666666666714	164	227	210	46.78697290445285	130.85628836314308	177.64326126759593
82	JP	2020-07-22T00:00:00Z	1	B	650	1899-12-30T10:10:00Z	1899-12-30T10:42:00Z	1899-12-30T10:57:00Z	1	0	NA	8.7	"Sample 650A. ""albino"" - yellow flowers, green leaves"	1B	1B650	2020				NA	vegetative > vegetative > flowering	vegetative	vegetative	flowering	FALSE	0	1	Control	Control	2020-05-04T15:00:00Z	125	2020-05-02T18:00:00Z	123	Normal	125.66666666666667	-0.6666666666666714	164	227	210	46.78697290445285	50.35628836314307	97.14326126759593
83	JP	2020-07-22T00:00:00Z	1	B	653	1899-12-30T10:24:00Z	1899-12-30T11:07:00Z	1899-12-30T11:16:00Z	1	0	NA	4.4	NA	1B	1B653	2020				NA	vegetative > vegetative > flowering	vegetative	vegetative	flowering	FALSE	0	1	Control	Control	2020-05-04T15:00:00Z	125	2020-05-02T18:00:00Z	123	Normal	125.66666666666667	-0.6666666666666714	164	227	210	46.78697290445285	50.35628836314307	97.14326126759593
84	JP	2020-07-22T00:00:00Z	1	B	656	1899-12-30T10:27:00Z	1899-12-30T11:03:00Z	1899-12-30T11:18:00Z	1	0	NA	3.2	NA	1B	1B656	2020				NA	vegetative > vegetative > flowering	vegetative	vegetative	flowering	FALSE	0	1	Control	Control	2020-05-04T15:00:00Z	125	2020-05-02T18:00:00Z	123	Normal	125.66666666666667	-0.6666666666666714	164	227	210	46.78697290445285	50.35628836314307	97.14326126759593
85	JP	2020-07-22T00:00:00Z	1	B	672	1899-12-30T10:45:00Z	1899-12-30T11:15:00Z	1899-12-30T11:30:00Z	1	0	NA	3.6	NA	1B	1B672	2020				NA	vegetative > vegetative > flowering	vegetative	vegetative	flowering	FALSE	0	1	Control	Control	2020-05-04T15:00:00Z	125	2020-05-02T18:00:00Z	123	Normal	125.66666666666667	-0.6666666666666714	164	227	210	46.78697290445285	50.35628836314307	97.14326126759593
86	JP	2020-07-22T00:00:00Z	1	B	650	1899-12-30T10:49:00Z	1899-12-30T11:19:00Z	1899-12-30T11:34:00Z	1	0	NA	8.7	"Sample 650B. ""albino"" - yellow flowers, green leaves"	1B	1B650	2020				NA	vegetative > vegetative > flowering	vegetative	vegetative	flowering	FALSE	0	1	Control	Control	2020-05-04T15:00:00Z	125	2020-05-02T18:00:00Z	123	Normal	125.66666666666667	-0.6666666666666714	164	227	210	46.78697290445285	50.35628836314307	97.14326126759593
87	JP	2020-07-22T00:00:00Z	3	A	636	1899-12-30T11:08:00Z	1899-12-30T11:44:00Z	1899-12-30T12:02:00Z	1	0	1	6.9	NA	3A	3A636	2020				NA	vegetative > vegetative > flowering	vegetative	vegetative	flowering	FALSE	0	1	Reduction	Reduction	2020-05-04T21:00:00Z	125	2020-05-04T15:00:00Z	125	Normal	125.66666666666667	-0.6666666666666714	164	227	210	46.78697290445285	25.178144181571536	71.96511708602439
88	JP	2020-07-22T00:00:00Z	3	A	273	1899-12-30T11:10:00Z	1899-12-30T11:47:00Z	1899-12-30T12:02:00Z	1	0	NA	3.9	NA	3A	3A273	2020				NA	vegetative > vegetative > flowering	vegetative	vegetative	flowering	FALSE	0	1	Reduction	Reduction	2020-05-04T21:00:00Z	125	2020-05-04T15:00:00Z	125	Normal	125.66666666666667	-0.6666666666666714	164	227	210	46.78697290445285	25.178144181571536	71.96511708602439
89	JP	2020-07-22T00:00:00Z	3	A	air	1899-12-30T11:23:00Z	1899-12-30T11:53:00Z	1899-12-30T12:08:00Z	1	0	NA	NA	NA	3A	3Aair	2020				NA	NA	NA	NA	NA	FALSE	NA	NA	Reduction	Reduction	2020-05-04T21:00:00Z	125	2020-05-04T15:00:00Z	125	Normal	125.66666666666667	-0.6666666666666714	164	227	210	46.78697290445285	25.178144181571536	71.96511708602439
90	ST	2020-07-22T00:00:00Z	2	C	270	1899-12-30T09:16:00Z	1899-12-30T09:46:00Z	1899-12-30T10:01:00Z	1	0	3	2.5	NA	2C	2C270	2020				NA	vegetative > vegetative > flowering	vegetative	vegetative	flowering	FALSE	0	1	Reduction	Reduction	2020-04-29T17:00:00Z	120	2020-04-28T19:00:00Z	119	Early	125.66666666666667	-5.666666666666671	164	227	210	46.78697290445285	25.178144181571536	71.96511708602439
91	ST	2020-07-22T00:00:00Z	2	C	277	1899-12-30T09:19:00Z	1899-12-30T09:49:00Z	1899-12-30T10:04:00Z	1	0	8	2.1	NA	2C	2C277	2020				NA	vegetative > vegetative > flowering	vegetative	vegetative	flowering	FALSE	0	1	Reduction	Reduction	2020-04-29T17:00:00Z	120	2020-04-28T19:00:00Z	119	Early	125.66666666666667	-5.666666666666671	164	227	210	46.78697290445285	25.178144181571536	71.96511708602439
92	ST	2020-07-22T00:00:00Z	2	C	274	1899-12-30T09:21:00Z	1899-12-30T09:51:00Z	1899-12-30T10:06:00Z	1	0	10	2.5	NA	2C	2C274	2020				NA	vegetative > vegetative > flowering	vegetative	vegetative	flowering	FALSE	0	1	Reduction	Reduction	2020-04-29T17:00:00Z	120	2020-04-28T19:00:00Z	119	Early	125.66666666666667	-5.666666666666671	164	227	210	46.78697290445285	25.178144181571536	71.96511708602439
93	ST	2020-07-22T00:00:00Z	2	C	289	1899-12-30T09:23:00Z	1899-12-30T09:53:00Z	1899-12-30T10:08:00Z	1	0	4	4	NA	2C	2C289	2020				NA	vegetative > vegetative > flowering	vegetative	vegetative	flowering	FALSE	0	1	Reduction	Reduction	2020-04-29T17:00:00Z	120	2020-04-28T19:00:00Z	119	Early	125.66666666666667	-5.666666666666671	164	227	210	46.78697290445285	25.178144181571536	71.96511708602439
94	ST	2020-07-22T00:00:00Z	2	C	262	1899-12-30T09:37:00Z	1899-12-30T10:07:00Z	1899-12-30T10:22:00Z	1	0	3	2.5	NA	2C	2C262	2020				NA	vegetative > vegetative > flowering	vegetative	vegetative	flowering	FALSE	0	1	Reduction	Reduction	2020-04-29T17:00:00Z	120	2020-04-28T19:00:00Z	119	Early	125.66666666666667	-5.666666666666671	164	227	210	46.78697290445285	25.178144181571536	71.96511708602439
95	ST	2020-07-22T00:00:00Z	2	C	297	1899-12-30T09:40:00Z	1899-12-30T10:10:00Z	1899-12-30T10:25:00Z	1	0	8	3.9	NA	2C	2C297	2020		census20 pheno20 floral20 volatiles20 seeds20		NA	vegetative > dead_nf > dead_nf	vegetative	dead_nf	dead_nf	FALSE	0	0	Reduction	Reduction	2020-04-29T17:00:00Z	120	2020-04-28T19:00:00Z	119	Early	125.66666666666667	-5.666666666666671	164	227	210	46.78697290445285	25.178144181571536	71.96511708602439
96	ST	2020-07-22T00:00:00Z	2	C	293	1899-12-30T09:42:00Z	1899-12-30T10:12:00Z	1899-12-30T10:27:00Z	1	0	10	3.7	NA	2C	2C293	2020				NA	vegetative > vegetative > flowering	vegetative	vegetative	flowering	FALSE	0	1	Reduction	Reduction	2020-04-29T17:00:00Z	120	2020-04-28T19:00:00Z	119	Early	125.66666666666667	-5.666666666666671	164	227	210	46.78697290445285	25.178144181571536	71.96511708602439
97	ST	2020-07-22T00:00:00Z	2	C	292	1899-12-30T09:45:00Z	1899-12-30T10:15:00Z	1899-12-30T10:30:00Z	1	0	4	3.7	NA	2C	2C292	2020				NA	vegetative > vegetative > flowering	vegetative	vegetative	flowering	FALSE	0	1	Reduction	Reduction	2020-04-29T17:00:00Z	120	2020-04-28T19:00:00Z	119	Early	125.66666666666667	-5.666666666666671	164	227	210	46.78697290445285	25.178144181571536	71.96511708602439
98	ST	2020-07-22T00:00:00Z	2	B	185	1899-12-30T10:13:00Z	1899-12-30T10:43:00Z	1899-12-30T10:58:00Z	1	0	3	5.4	NA	2B	2B185	2020				NA	vegetative > vegetative > flowering	vegetative	vegetative	flowering	FALSE	0	1	Control	Mock rainout	2020-04-29T17:00:00Z	120	2020-04-28T19:00:00Z	119	Early	125.66666666666667	-5.666666666666671	164	227	210	46.78697290445285	50.35628836314307	97.14326126759593
99	ST	2020-07-22T00:00:00Z	2	B	188	1899-12-30T10:16:00Z	1899-12-30T10:46:00Z	1899-12-30T11:01:00Z	1	0	8	5.4	NA	2B	2B188	2020				NA	vegetative > vegetative > flowering	vegetative	vegetative	flowering	FALSE	0	1	Control	Mock rainout	2020-04-29T17:00:00Z	120	2020-04-28T19:00:00Z	119	Early	125.66666666666667	-5.666666666666671	164	227	210	46.78697290445285	50.35628836314307	97.14326126759593
100	ST	2020-07-22T00:00:00Z	2	B	189	1899-12-30T10:19:00Z	1899-12-30T10:49:00Z	1899-12-30T11:04:00Z	1	0	10	4.5	NA	2B	2B189	2020				NA	vegetative > vegetative > flowering	vegetative	vegetative	flowering	FALSE	0	1	Control	Mock rainout	2020-04-29T17:00:00Z	120	2020-04-28T19:00:00Z	119	Early	125.66666666666667	-5.666666666666671	164	227	210	46.78697290445285	50.35628836314307	97.14326126759593
101	ST	2020-07-22T00:00:00Z	2	B	186	1899-12-30T10:21:00Z	1899-12-30T10:51:00Z	1899-12-30T11:06:00Z	1	0	4	4.5	NA	2B	2B186	2020				NA	vegetative > vegetative > flowering	vegetative	vegetative	flowering	FALSE	0	1	Control	Mock rainout	2020-04-29T17:00:00Z	120	2020-04-28T19:00:00Z	119	Early	125.66666666666667	-5.666666666666671	164	227	210	46.78697290445285	50.35628836314307	97.14326126759593
102	ST	2020-07-22T00:00:00Z	2	B	183	1899-12-30T10:38:00Z	1899-12-30T11:08:00Z	1899-12-30T11:23:00Z	1	0	3	3.3	bag split open sometime between bag & end	2B	2B183	2020				NA	vegetative > vegetative > flowering	vegetative	vegetative	flowering	FALSE	0	1	Control	Mock rainout	2020-04-29T17:00:00Z	120	2020-04-28T19:00:00Z	119	Early	125.66666666666667	-5.666666666666671	164	227	210	46.78697290445285	50.35628836314307	97.14326126759593
103	ST	2020-07-22T00:00:00Z	2	B	190	1899-12-30T10:40:00Z	1899-12-30T11:10:00Z	1899-12-30T11:25:00Z	1	0	8	3.1	NA	2B	2B190	2020				NA	vegetative > vegetative > flowering	vegetative	vegetative	flowering	FALSE	0	1	Control	Mock rainout	2020-04-29T17:00:00Z	120	2020-04-28T19:00:00Z	119	Early	125.66666666666667	-5.666666666666671	164	227	210	46.78697290445285	50.35628836314307	97.14326126759593
104	ST	2020-07-22T00:00:00Z	2	B	184	1899-12-30T10:42:00Z	1899-12-30T11:12:00Z	1899-12-30T11:27:00Z	1	0	10	3.3	NA	2B	2B184	2020				NA	vegetative > vegetative > flowering	vegetative	vegetative	flowering	FALSE	0	1	Control	Mock rainout	2020-04-29T17:00:00Z	120	2020-04-28T19:00:00Z	119	Early	125.66666666666667	-5.666666666666671	164	227	210	46.78697290445285	50.35628836314307	97.14326126759593
105	ST	2020-07-22T00:00:00Z	2	B	air	1899-12-30T10:53:00Z	1899-12-30T11:23:00Z	1899-12-30T11:38:00Z	1	0	4	NA	NA	2B	2Bair	2020				NA	NA	NA	NA	NA	FALSE	NA	NA	Control	Mock rainout	2020-04-29T17:00:00Z	120	2020-04-28T19:00:00Z	119	Early	125.66666666666667	-5.666666666666671	164	227	210	46.78697290445285	50.35628836314307	97.14326126759593
106	ST	2020-07-22T00:00:00Z	2	B	81	1899-12-30T11:00:00Z	1899-12-30T11:30:00Z	1899-12-30T11:45:00Z	1	0	3	4.2	NA	2B	2B81	2020				NA	vegetative > vegetative > flowering	vegetative	vegetative	flowering	FALSE	0	1	Control	Mock rainout	2020-04-29T17:00:00Z	120	2020-04-28T19:00:00Z	119	Early	125.66666666666667	-5.666666666666671	164	227	210	46.78697290445285	50.35628836314307	97.14326126759593
107	ST	2020-07-22T00:00:00Z	2	B	83	1899-12-30T11:03:00Z	1899-12-30T11:33:00Z	1899-12-30T11:48:00Z	1	0	8	5.3	NA	2B	2B83	2020				NA	vegetative > vegetative > flowering	vegetative	vegetative	flowering	FALSE	0	1	Control	Mock rainout	2020-04-29T17:00:00Z	120	2020-04-28T19:00:00Z	119	Early	125.66666666666667	-5.666666666666671	164	227	210	46.78697290445285	50.35628836314307	97.14326126759593
108	ST	2020-07-22T00:00:00Z	2	B	89	1899-12-30T11:05:00Z	1899-12-30T11:35:00Z	1899-12-30T11:50:00Z	1	0	10	3.7	NA	2B	2B89	2020				NA	vegetative > vegetative > flowering	vegetative	vegetative	flowering	FALSE	0	1	Control	Mock rainout	2020-04-29T17:00:00Z	120	2020-04-28T19:00:00Z	119	Early	125.66666666666667	-5.666666666666671	164	227	210	46.78697290445285	50.35628836314307	97.14326126759593
109	ST	2020-07-22T00:00:00Z	2	B	138	1899-12-30T11:07:00Z	1899-12-30T11:38:00Z	1899-12-30T11:53:00Z	1	0	4	5.8	NA	2B	2B138	2020				NA	vegetative > vegetative > flowering	vegetative	vegetative	flowering	FALSE	0	1	Control	Mock rainout	2020-04-29T17:00:00Z	120	2020-04-28T19:00:00Z	119	Early	125.66666666666667	-5.666666666666671	164	227	210	46.78697290445285	50.35628836314307	97.14326126759593
110	ST	2020-07-22T00:00:00Z	2	B	219	1899-12-30T11:22:00Z	1899-12-30T11:42:00Z	1899-12-30T12:07:00Z	1	0	3	6.3	NA	2B	2B219	2020				NA	NA	NA	NA	NA	FALSE	NA	NA	Control	Mock rainout	2020-04-29T17:00:00Z	120	2020-04-28T19:00:00Z	119	Early	125.66666666666667	-5.666666666666671	164	227	210	46.78697290445285	50.35628836314307	97.14326126759593
111	ST	2020-07-22T00:00:00Z	2	B	220	1899-12-30T11:23:00Z	1899-12-30T11:43:00Z	1899-12-30T12:08:00Z	1	0	8	6.5	NA	2B	2B220	2020				NA	NA	NA	NA	NA	FALSE	NA	NA	Control	Mock rainout	2020-04-29T17:00:00Z	120	2020-04-28T19:00:00Z	119	Early	125.66666666666667	-5.666666666666671	164	227	210	46.78697290445285	50.35628836314307	97.14326126759593
112	ST	2020-07-22T00:00:00Z	2	B	194	1899-12-30T11:27:00Z	1899-12-30T22:47:00Z	1899-12-30T12:12:00Z	1	0	10	3	NA	2B	2B194	2020		volatiles20		NA	vegetative > vegetative > vegetative	vegetative	vegetative	vegetative	FALSE	0	1	Control	Mock rainout	2020-04-29T17:00:00Z	120	2020-04-28T19:00:00Z	119	Early	125.66666666666667	-5.666666666666671	164	227	210	46.78697290445285	50.35628836314307	97.14326126759593
113	ST	2020-07-22T00:00:00Z	2	B	207	1899-12-30T11:29:00Z	1899-12-30T11:59:00Z	1899-12-30T12:14:00Z	1	0	4	5.1	NA	2B	2B207	2020				NA	NA	NA	NA	NA	FALSE	NA	NA	Control	Mock rainout	2020-04-29T17:00:00Z	120	2020-04-28T19:00:00Z	119	Early	125.66666666666667	-5.666666666666671	164	227	210	46.78697290445285	50.35628836314307	97.14326126759593
114	JP	2020-07-29T00:00:00Z	3	C	137	NA	NA	NA	NA	NA	NA	NA	NA	3C	3C137	2020				NA	vegetative > vegetative > flowering	vegetative	vegetative	flowering	FALSE	0	1	Addition	Addition	2020-05-04T21:00:00Z	125	2020-05-04T15:00:00Z	125	Normal	125.66666666666667	-0.6666666666666714	164	227	210	46.78697290445285	130.85628836314308	177.64326126759593
115	JP	2020-07-29T00:00:00Z	3	C	139	NA	NA	NA	NA	NA	NA	NA	NA	3C	3C139	2020				NA	vegetative > vegetative > flowering	vegetative	vegetative	flowering	FALSE	0	1	Addition	Addition	2020-05-04T21:00:00Z	125	2020-05-04T15:00:00Z	125	Normal	125.66666666666667	-0.6666666666666714	164	227	210	46.78697290445285	130.85628836314308	177.64326126759593
116	JP	2020-07-29T00:00:00Z	3	C	153	NA	NA	NA	NA	NA	NA	NA	NA	3C	3C153	2020				NA	vegetative > vegetative > flowering	vegetative	vegetative	flowering	FALSE	0	1	Addition	Addition	2020-05-04T21:00:00Z	125	2020-05-04T15:00:00Z	125	Normal	125.66666666666667	-0.6666666666666714	164	227	210	46.78697290445285	130.85628836314308	177.64326126759593
117	JP	2020-07-29T00:00:00Z	3	C	173	NA	NA	NA	NA	NA	NA	NA	NA	3C	3C173	2020		pheno19		NA	vegetative > vegetative > flowering	vegetative	vegetative	flowering	FALSE	0	1	Addition	Addition	2020-05-04T21:00:00Z	125	2020-05-04T15:00:00Z	125	Normal	125.66666666666667	-0.6666666666666714	164	227	210	46.78697290445285	130.85628836314308	177.64326126759593
118	JP	2020-07-29T00:00:00Z	3	C	166	NA	NA	NA	NA	NA	NA	NA	NA	3C	3C166	2020				NA	vegetative > vegetative > flowering	vegetative	vegetative	flowering	FALSE	0	1	Addition	Addition	2020-05-04T21:00:00Z	125	2020-05-04T15:00:00Z	125	Normal	125.66666666666667	-0.6666666666666714	164	227	210	46.78697290445285	130.85628836314308	177.64326126759593
119	JP	2020-07-29T00:00:00Z	3	C	177	NA	NA	NA	NA	NA	NA	NA	NA	3C	3C177	2020				NA	vegetative > vegetative > flowering	vegetative	vegetative	flowering	FALSE	0	1	Addition	Addition	2020-05-04T21:00:00Z	125	2020-05-04T15:00:00Z	125	Normal	125.66666666666667	-0.6666666666666714	164	227	210	46.78697290445285	130.85628836314308	177.64326126759593
120	JP	2020-07-29T00:00:00Z	3	C	133	NA	NA	NA	NA	NA	NA	NA	NA	3C	3C133	2020				NA	vegetative > vegetative > flowering	vegetative	vegetative	flowering	FALSE	0	1	Addition	Addition	2020-05-04T21:00:00Z	125	2020-05-04T15:00:00Z	125	Normal	125.66666666666667	-0.6666666666666714	164	227	210	46.78697290445285	130.85628836314308	177.64326126759593
121	JP	2020-07-29T00:00:00Z	3	C	air	NA	NA	NA	NA	NA	NA	NA	NA	3C	3Cair	2020				NA	NA	NA	NA	NA	FALSE	NA	NA	Addition	Addition	2020-05-04T21:00:00Z	125	2020-05-04T15:00:00Z	125	Normal	125.66666666666667	-0.6666666666666714	164	227	210	46.78697290445285	130.85628836314308	177.64326126759593
122	JP	2020-07-29T00:00:00Z	4	D	52	NA	NA	NA	NA	NA	NA	NA	NA	4D	4D52	2020				NA	vegetative > vegetative > flowering	vegetative	vegetative	flowering	FALSE	0	1	Reduction	Reduction	2020-04-30T19:00:00Z	121	2020-04-28T18:00:00Z	119	Early	125.66666666666667	-4.666666666666671	164	227	210	46.78697290445285	25.178144181571536	71.96511708602439
123	JP	2020-07-29T00:00:00Z	1	B	650	NA	NA	NA	NA	NA	NA	NA	NA	1B	1B650	2020				NA	vegetative > vegetative > flowering	vegetative	vegetative	flowering	FALSE	0	1	Control	Control	2020-05-04T15:00:00Z	125	2020-05-02T18:00:00Z	123	Normal	125.66666666666667	-0.6666666666666714	164	227	210	46.78697290445285	50.35628836314307	97.14326126759593
124	JP	2020-07-29T00:00:00Z	1	B	653	NA	NA	NA	NA	NA	NA	NA	NA	1B	1B653	2020				NA	vegetative > vegetative > flowering	vegetative	vegetative	flowering	FALSE	0	1	Control	Control	2020-05-04T15:00:00Z	125	2020-05-02T18:00:00Z	123	Normal	125.66666666666667	-0.6666666666666714	164	227	210	46.78697290445285	50.35628836314307	97.14326126759593
125	JP	2020-07-29T00:00:00Z	1	B	air	NA	NA	NA	NA	NA	NA	NA	NA	1B	1Bair	2020				NA	NA	NA	NA	NA	FALSE	NA	NA	Control	Control	2020-05-04T15:00:00Z	125	2020-05-02T18:00:00Z	123	Normal	125.66666666666667	-0.6666666666666714	164	227	210	46.78697290445285	50.35628836314307	97.14326126759593
126	BV	2020-07-29T00:00:00Z	3	B	828	NA	NA	NA	NA	NA	NA	NA	JP has all this data - need to enter	3B	3B828	2020				NA	vegetative > vegetative > flowering	vegetative	vegetative	flowering	FALSE	0	1	Control	Mock rainout	2020-05-04T21:00:00Z	125	2020-05-04T15:00:00Z	125	Normal	125.66666666666667	-0.6666666666666714	164	227	210	46.78697290445285	50.35628836314307	97.14326126759593
127	BV	2020-07-29T00:00:00Z	3	B	838	NA	NA	NA	NA	NA	NA	NA	NA	3B	3B838	2020				NA	vegetative > vegetative > flowering	vegetative	vegetative	flowering	FALSE	0	1	Control	Mock rainout	2020-05-04T21:00:00Z	125	2020-05-04T15:00:00Z	125	Normal	125.66666666666667	-0.6666666666666714	164	227	210	46.78697290445285	50.35628836314307	97.14326126759593
128	BV	2020-07-29T00:00:00Z	3	B	618	NA	NA	NA	NA	NA	NA	NA	NA	3B	3B618	2020				NA	vegetative > vegetative > flowering	vegetative	vegetative	flowering	FALSE	0	1	Control	Mock rainout	2020-05-04T21:00:00Z	125	2020-05-04T15:00:00Z	125	Normal	125.66666666666667	-0.6666666666666714	164	227	210	46.78697290445285	50.35628836314307	97.14326126759593
129	BV	2020-07-29T00:00:00Z	3	A	641	NA	NA	NA	NA	NA	NA	NA	NA	3A	3A641	2020				NA	vegetative > vegetative > flowering	vegetative	vegetative	flowering	FALSE	0	1	Reduction	Reduction	2020-05-04T21:00:00Z	125	2020-05-04T15:00:00Z	125	Normal	125.66666666666667	-0.6666666666666714	164	227	210	46.78697290445285	25.178144181571536	71.96511708602439
130	BV	2020-07-29T00:00:00Z	3	D	881	NA	NA	NA	NA	NA	NA	NA	NA	3D	3D881	2020				NA	vegetative > vegetative > flowering	vegetative	vegetative	flowering	FALSE	0	1	Control	Control	2020-05-04T21:00:00Z	125	2020-05-04T15:00:00Z	125	Normal	125.66666666666667	-0.6666666666666714	164	227	210	46.78697290445285	50.35628836314307	97.14326126759593
131	BV	2020-07-29T00:00:00Z	3	D	895	NA	NA	NA	NA	NA	NA	NA	NA	3D	3D895	2020				NA	vegetative > vegetative > flowering	vegetative	vegetative	flowering	FALSE	0	1	Control	Control	2020-05-04T21:00:00Z	125	2020-05-04T15:00:00Z	125	Normal	125.66666666666667	-0.6666666666666714	164	227	210	46.78697290445285	50.35628836314307	97.14326126759593
132	BV	2020-07-29T00:00:00Z	3	A	180	NA	NA	NA	NA	NA	NA	NA	NA	3A	3A180	2020				NA	NA	NA	NA	NA	FALSE	NA	NA	Reduction	Reduction	2020-05-04T21:00:00Z	125	2020-05-04T15:00:00Z	125	Normal	125.66666666666667	-0.6666666666666714	164	227	210	46.78697290445285	25.178144181571536	71.96511708602439
133	BV	2020-07-29T00:00:00Z	3	A	145	NA	NA	NA	NA	NA	NA	NA	NA	3A	3A145	2020				NA	NA	NA	NA	NA	FALSE	NA	NA	Reduction	Reduction	2020-05-04T21:00:00Z	125	2020-05-04T15:00:00Z	125	Normal	125.66666666666667	-0.6666666666666714	164	227	210	46.78697290445285	25.178144181571536	71.96511708602439
134	ST	2020-07-29T00:00:00Z	4	A	124	1899-12-30T09:27:00Z	1899-12-30T09:57:00Z	1899-12-30T10:12:00Z	1	0	4	13.1	accidentally touched scent trap slightly	4A	4A124	2020				NA	vegetative > flowering > flowering	vegetative	flowering	flowering	FALSE	1	1	Addition	Addition	2020-04-30T19:00:00Z	121	2020-04-28T18:00:00Z	119	Early	125.66666666666667	-4.666666666666671	164	227	210	46.78697290445285	130.85628836314308	177.64326126759593
135	ST	2020-07-29T00:00:00Z	4	A	101	1899-12-30T09:30:00Z	1899-12-30T10:00:00Z	1899-12-30T10:15:00Z	1	0	3	13.2	NA	4A	4A101	2020				NA	vegetative > vegetative > flowering	vegetative	vegetative	flowering	FALSE	0	1	Addition	Addition	2020-04-30T19:00:00Z	121	2020-04-28T18:00:00Z	119	Early	125.66666666666667	-4.666666666666671	164	227	210	46.78697290445285	130.85628836314308	177.64326126759593
136	ST	2020-07-29T00:00:00Z	4	A	80	1899-12-30T09:33:00Z	1899-12-30T10:03:00Z	1899-12-30T10:18:00Z	1	0	9	8.3	NA	4A	4A80	2020				NA	vegetative > vegetative > flowering	vegetative	vegetative	flowering	FALSE	0	1	Addition	Addition	2020-04-30T19:00:00Z	121	2020-04-28T18:00:00Z	119	Early	125.66666666666667	-4.666666666666671	164	227	210	46.78697290445285	130.85628836314308	177.64326126759593
137	ST	2020-07-29T00:00:00Z	4	A	85	1899-12-30T09:50:00Z	1899-12-30T10:20:00Z	1899-12-30T10:35:00Z	1	0	4	10.8	NA	4A	4A85	2020				NA	vegetative > vegetative > flowering	vegetative	vegetative	flowering	FALSE	0	1	Addition	Addition	2020-04-30T19:00:00Z	121	2020-04-28T18:00:00Z	119	Early	125.66666666666667	-4.666666666666671	164	227	210	46.78697290445285	130.85628836314308	177.64326126759593
138	ST	2020-07-29T00:00:00Z	4	A	99	1899-12-30T09:53:00Z	1899-12-30T10:23:00Z	1899-12-30T10:38:00Z	1	0	3	12.3	NA	4A	4A99	2020				NA	vegetative > vegetative > flowering	vegetative	vegetative	flowering	FALSE	0	1	Addition	Addition	2020-04-30T19:00:00Z	121	2020-04-28T18:00:00Z	119	Early	125.66666666666667	-4.666666666666671	164	227	210	46.78697290445285	130.85628836314308	177.64326126759593
139	ST	2020-07-29T00:00:00Z	4	B	594	1899-12-30T09:56:00Z	1899-12-30T10:26:00Z	1899-12-30T10:41:00Z	1	0	9	9.2	NA	4B	4B594	2020				NA	vegetative > vegetative > flowering	vegetative	vegetative	flowering	FALSE	0	1	Control	Mock rainout	2020-04-30T19:00:00Z	121	2020-04-28T18:00:00Z	119	Early	125.66666666666667	-4.666666666666671	164	227	210	46.78697290445285	50.35628836314307	97.14326126759593
140	ST	2020-07-29T00:00:00Z	4	C	213	1899-12-30T10:13:00Z	1899-12-30T10:43:00Z	1899-12-30T10:58:00Z	1	0	4	9.9	NA	4C	4C213	2020				NA	vegetative > vegetative > flowering	vegetative	vegetative	flowering	FALSE	0	1	Control	Control	2020-04-30T19:00:00Z	121	2020-04-28T18:00:00Z	119	Early	125.66666666666667	-4.666666666666671	164	227	210	46.78697290445285	50.35628836314307	97.14326126759593
141	ST	2020-07-29T00:00:00Z	4	C	187	1899-12-30T10:16:00Z	1899-12-30T10:46:00Z	1899-12-30T11:01:00Z	1	0	3	8.9	NA	4C	4C187	2020				NA	vegetative > vegetative > flowering	vegetative	vegetative	flowering	FALSE	0	1	Control	Control	2020-04-30T19:00:00Z	121	2020-04-28T18:00:00Z	119	Early	125.66666666666667	-4.666666666666671	164	227	210	46.78697290445285	50.35628836314307	97.14326126759593
142	ST	2020-07-29T00:00:00Z	4	C	120	1899-12-30T10:19:00Z	1899-12-30T10:49:00Z	1899-12-30T11:04:00Z	1	1	9	7.3	NA	4C	4C120	2020				NA	vegetative > vegetative > flowering	vegetative	vegetative	flowering	FALSE	0	1	Control	Control	2020-04-30T19:00:00Z	121	2020-04-28T18:00:00Z	119	Early	125.66666666666667	-4.666666666666671	164	227	210	46.78697290445285	50.35628836314307	97.14326126759593
143	ST	2020-07-29T00:00:00Z	4	C	195	1899-12-30T10:33:00Z	1899-12-30T11:03:00Z	1899-12-30T11:18:00Z	1	0	4	9.9	popped out very briefly	4C	4C195	2020				NA	vegetative > vegetative > flowering	vegetative	vegetative	flowering	FALSE	0	1	Control	Control	2020-04-30T19:00:00Z	121	2020-04-28T18:00:00Z	119	Early	125.66666666666667	-4.666666666666671	164	227	210	46.78697290445285	50.35628836314307	97.14326126759593
144	ST	2020-07-29T00:00:00Z	4	D	37	1899-12-30T10:36:00Z	1899-12-30T11:06:00Z	1899-12-30T11:21:00Z	1	0	3	7.3	NA	4D	4D37	2020				NA	vegetative > vegetative > flowering	vegetative	vegetative	flowering	FALSE	0	1	Reduction	Reduction	2020-04-30T19:00:00Z	121	2020-04-28T18:00:00Z	119	Early	125.66666666666667	-4.666666666666671	164	227	210	46.78697290445285	25.178144181571536	71.96511708602439
145	ST	2020-07-29T00:00:00Z	N	A	NAair	1899-12-30T10:39:00Z	1899-12-30T11:09:00Z	1899-12-30T11:24:00Z	0	0	9	NA	NA	"NA"	NANAair	2020				NA	NA	NA	NA	NA	FALSE	NA	NA	NA	NA	NA	NA	NA	NA	NA	NA	NA	NA	NA	NA	NA	NA	NA
146	ST	2020-07-29T00:00:00Z	5	D	247	1899-12-30T11:12:00Z	1899-12-30T11:42:00Z	1899-12-30T11:57:00Z	1	0	4	7.3	popped out for an unknown time	5D	5D247	2020				NA	vegetative > vegetative > flowering	vegetative	vegetative	flowering	FALSE	0	1	Control	Control	2020-04-28T20:00:00Z	119	2020-04-28T17:00:00Z	119	Early	125.66666666666667	-6.666666666666671	164	227	210	46.78697290445285	50.35628836314307	97.14326126759593
147	ST	2020-07-29T00:00:00Z	6	D	46	1899-12-30T11:14:00Z	1899-12-30T11:44:00Z	1899-12-30T11:59:00Z	1	0	3	12.1	NA	6D	6D46	2020		pheno18		NA	vegetative > vegetative > flowering	vegetative	vegetative	flowering	FALSE	0	1	Addition	Addition	2020-05-06T18:00:00Z	127	2020-05-05T19:00:00Z	126	Normal	125.66666666666667	1.3333333333333286	164	227	210	46.78697290445285	130.85628836314308	177.64326126759593
148	ST	2020-07-29T00:00:00Z	6	C	96	1899-12-30T11:16:00Z	1899-12-30T11:46:00Z	1899-12-30T12:01:00Z	1	1	9	10.5	NA	6C	6C96	2020				NA	vegetative > flowering > flowering	vegetative	flowering	flowering	FALSE	1	1	Control	Mock rainout	2020-05-06T18:00:00Z	127	2020-05-05T19:00:00Z	126	Normal	125.66666666666667	1.3333333333333286	164	227	210	46.78697290445285	50.35628836314307	97.14326126759593
149	JP	2020-07-30T00:00:00Z	6	C	111	NA	NA	NA	NA	NA	NA	NA	NA	6C	6C111	2020				NA	vegetative > vegetative > flowering	vegetative	vegetative	flowering	FALSE	0	1	Control	Mock rainout	2020-05-06T18:00:00Z	127	2020-05-05T19:00:00Z	126	Normal	125.66666666666667	1.3333333333333286	164	227	210	46.78697290445285	50.35628836314307	97.14326126759593
150	JP	2020-07-30T00:00:00Z	6	C	116	NA	NA	NA	NA	NA	NA	NA	NA	6C	6C116	2020				NA	vegetative > vegetative > flowering	vegetative	vegetative	flowering	FALSE	0	1	Control	Mock rainout	2020-05-06T18:00:00Z	127	2020-05-05T19:00:00Z	126	Normal	125.66666666666667	1.3333333333333286	164	227	210	46.78697290445285	50.35628836314307	97.14326126759593
151	JP	2020-07-30T00:00:00Z	6	C	121	NA	NA	NA	NA	NA	NA	NA	NA	6C	6C121	2020				NA	vegetative > vegetative > flowering	vegetative	vegetative	flowering	FALSE	0	1	Control	Mock rainout	2020-05-06T18:00:00Z	127	2020-05-05T19:00:00Z	126	Normal	125.66666666666667	1.3333333333333286	164	227	210	46.78697290445285	50.35628836314307	97.14326126759593
152	JP	2020-07-30T00:00:00Z	6	A	145	NA	NA	NA	NA	NA	NA	NA	NA	6A	6A145	2020				NA	vegetative > vegetative > flowering	vegetative	vegetative	flowering	FALSE	0	1	Control	Control	2020-05-06T18:00:00Z	127	2020-05-05T19:00:00Z	126	Normal	125.66666666666667	1.3333333333333286	164	227	210	46.78697290445285	50.35628836314307	97.14326126759593
153	JP	2020-07-30T00:00:00Z	6	A	136	NA	NA	NA	NA	NA	NA	NA	NA	6A	6A136	2020				NA	vegetative > vegetative > flowering	vegetative	vegetative	flowering	FALSE	0	1	Control	Control	2020-05-06T18:00:00Z	127	2020-05-05T19:00:00Z	126	Normal	125.66666666666667	1.3333333333333286	164	227	210	46.78697290445285	50.35628836314307	97.14326126759593
154	JP	2020-07-30T00:00:00Z	6	D	59	NA	NA	NA	NA	NA	NA	NA	NA	6D	6D59	2020				NA	vegetative > vegetative > flowering	vegetative	vegetative	flowering	FALSE	0	1	Addition	Addition	2020-05-06T18:00:00Z	127	2020-05-05T19:00:00Z	126	Normal	125.66666666666667	1.3333333333333286	164	227	210	46.78697290445285	130.85628836314308	177.64326126759593
155	JP	2020-07-30T00:00:00Z	6	D	64	NA	NA	NA	NA	NA	NA	NA	NA	6D	6D64	2020				NA	vegetative > vegetative > flowering	vegetative	vegetative	flowering	FALSE	0	1	Addition	Addition	2020-05-06T18:00:00Z	127	2020-05-05T19:00:00Z	126	Normal	125.66666666666667	1.3333333333333286	164	227	210	46.78697290445285	130.85628836314308	177.64326126759593
156	JP	2020-07-30T00:00:00Z	6	D	48	NA	NA	NA	NA	NA	NA	NA	NA	6D	6D48	2020				NA	vegetative > vegetative > flowering	vegetative	vegetative	flowering	FALSE	0	1	Addition	Addition	2020-05-06T18:00:00Z	127	2020-05-05T19:00:00Z	126	Normal	125.66666666666667	1.3333333333333286	164	227	210	46.78697290445285	130.85628836314308	177.64326126759593
157	JP	2020-07-30T00:00:00Z	5	B	289	NA	NA	NA	NA	NA	NA	NA	NA	5B	5B289	2020				NA	vegetative > vegetative > flowering	vegetative	vegetative	flowering	FALSE	0	1	Control	Mock rainout	2020-04-28T20:00:00Z	119	2020-04-28T17:00:00Z	119	Early	125.66666666666667	-6.666666666666671	164	227	210	46.78697290445285	50.35628836314307	97.14326126759593
158	JP	2020-07-30T00:00:00Z	5	B	299	NA	NA	NA	NA	NA	NA	NA	NA	5B	5B299	2020				NA	vegetative > vegetative > flowering	vegetative	vegetative	flowering	FALSE	0	1	Control	Mock rainout	2020-04-28T20:00:00Z	119	2020-04-28T17:00:00Z	119	Early	125.66666666666667	-6.666666666666671	164	227	210	46.78697290445285	50.35628836314307	97.14326126759593
159	JP	2020-07-30T00:00:00Z	5	B	296	NA	NA	NA	NA	NA	NA	NA	NA	5B	5B296	2020				NA	vegetative > vegetative > flowering	vegetative	vegetative	flowering	FALSE	0	1	Control	Mock rainout	2020-04-28T20:00:00Z	119	2020-04-28T17:00:00Z	119	Early	125.66666666666667	-6.666666666666671	164	227	210	46.78697290445285	50.35628836314307	97.14326126759593
160	JP	2020-07-30T00:00:00Z	5	C	217	NA	NA	NA	NA	NA	NA	NA	NA	5C	5C217	2020				NA	vegetative > flowering > flowering	vegetative	flowering	flowering	FALSE	1	1	Reduction	Reduction	2020-04-28T20:00:00Z	119	2020-04-28T17:00:00Z	119	Early	125.66666666666667	-6.666666666666671	164	227	210	46.78697290445285	25.178144181571536	71.96511708602439
161	JP	2020-07-30T00:00:00Z	5	C	683	NA	NA	NA	NA	NA	NA	NA	NA	5C	5C683	2020				NA	vegetative > vegetative > flowering	vegetative	vegetative	flowering	FALSE	0	1	Reduction	Reduction	2020-04-28T20:00:00Z	119	2020-04-28T17:00:00Z	119	Early	125.66666666666667	-6.666666666666671	164	227	210	46.78697290445285	25.178144181571536	71.96511708602439
162	JP	2020-07-30T00:00:00Z	5	C	207	NA	NA	NA	NA	NA	NA	NA	NA	5C	5C207	2020				NA	vegetative > vegetative > flowering	vegetative	vegetative	flowering	FALSE	0	1	Reduction	Reduction	2020-04-28T20:00:00Z	119	2020-04-28T17:00:00Z	119	Early	125.66666666666667	-6.666666666666671	164	227	210	46.78697290445285	25.178144181571536	71.96511708602439
163	JP	2020-07-30T00:00:00Z	5	C	208	NA	NA	NA	NA	NA	NA	NA	NA	5C	5C208	2020				NA	vegetative > vegetative > flowering	vegetative	vegetative	flowering	FALSE	0	1	Reduction	Reduction	2020-04-28T20:00:00Z	119	2020-04-28T17:00:00Z	119	Early	125.66666666666667	-6.666666666666671	164	227	210	46.78697290445285	25.178144181571536	71.96511708602439
164	JP	2020-07-30T00:00:00Z	5	B	air	NA	NA	NA	NA	NA	NA	NA	NA	5B	5Bair	2020				NA	NA	NA	NA	NA	FALSE	NA	NA	Control	Mock rainout	2020-04-28T20:00:00Z	119	2020-04-28T17:00:00Z	119	Early	125.66666666666667	-6.666666666666671	164	227	210	46.78697290445285	50.35628836314307	97.14326126759593
165	BV	2020-07-30T00:00:00Z	3	B	828	1899-12-30T09:26:00Z	1899-12-30T09:56:00Z	1899-12-30T10:11:00Z	1	0	7	10.7	NA	3B	3B828	2020				NA	vegetative > vegetative > flowering	vegetative	vegetative	flowering	FALSE	0	1	Control	Mock rainout	2020-05-04T21:00:00Z	125	2020-05-04T15:00:00Z	125	Normal	125.66666666666667	-0.6666666666666714	164	227	210	46.78697290445285	50.35628836314307	97.14326126759593
166	BV	2020-07-30T00:00:00Z	3	B	838	1899-12-30T09:31:00Z	1899-12-30T10:01:00Z	1899-12-30T10:16:00Z	2	0	10	12.4	NA	3B	3B838	2020				NA	vegetative > vegetative > flowering	vegetative	vegetative	flowering	FALSE	0	1	Control	Mock rainout	2020-05-04T21:00:00Z	125	2020-05-04T15:00:00Z	125	Normal	125.66666666666667	-0.6666666666666714	164	227	210	46.78697290445285	50.35628836314307	97.14326126759593
167	BV	2020-07-30T00:00:00Z	3	B	618	1899-12-30T09:47:00Z	1899-12-30T10:17:00Z	1899-12-30T10:32:00Z	1	0	7	7.8	NA	3B	3B618	2020				NA	vegetative > vegetative > flowering	vegetative	vegetative	flowering	FALSE	0	1	Control	Mock rainout	2020-05-04T21:00:00Z	125	2020-05-04T15:00:00Z	125	Normal	125.66666666666667	-0.6666666666666714	164	227	210	46.78697290445285	50.35628836314307	97.14326126759593
168	BV	2020-07-30T00:00:00Z	3	A	641	1899-12-30T09:49:00Z	1899-12-30T10:19:00Z	1899-12-30T10:34:00Z	1	0	10	7.5	NA	3A	3A641	2020				NA	vegetative > vegetative > flowering	vegetative	vegetative	flowering	FALSE	0	1	Reduction	Reduction	2020-05-04T21:00:00Z	125	2020-05-04T15:00:00Z	125	Normal	125.66666666666667	-0.6666666666666714	164	227	210	46.78697290445285	25.178144181571536	71.96511708602439
169	BV	2020-07-30T00:00:00Z	3	D	176	NA	NA	NA	NA	NA	NA	NA	NOT FOUND	3D	3D176	2020				NA	NA	NA	NA	NA	FALSE	NA	NA	Control	Control	2020-05-04T21:00:00Z	125	2020-05-04T15:00:00Z	125	Normal	125.66666666666667	-0.6666666666666714	164	227	210	46.78697290445285	50.35628836314307	97.14326126759593
170	BV	2020-07-30T00:00:00Z	3	D	881	1899-12-30T10:16:00Z	1899-12-30T10:46:00Z	1899-12-30T11:01:00Z	1	0	7	8.1	NA	3D	3D881	2020				NA	vegetative > vegetative > flowering	vegetative	vegetative	flowering	FALSE	0	1	Control	Control	2020-05-04T21:00:00Z	125	2020-05-04T15:00:00Z	125	Normal	125.66666666666667	-0.6666666666666714	164	227	210	46.78697290445285	50.35628836314307	97.14326126759593
171	BV	2020-07-30T00:00:00Z	3	D	895	1899-12-30T10:26:00Z	1899-12-30T10:56:00Z	1899-12-30T11:11:00Z	1	1	10	5.6	NA	3D	3D895	2020				NA	vegetative > vegetative > flowering	vegetative	vegetative	flowering	FALSE	0	1	Control	Control	2020-05-04T21:00:00Z	125	2020-05-04T15:00:00Z	125	Normal	125.66666666666667	-0.6666666666666714	164	227	210	46.78697290445285	50.35628836314307	97.14326126759593
172	BV	2020-07-30T00:00:00Z	5	A	180	1899-12-30T11:06:00Z	1899-12-30T11:36:00Z	1899-12-30T11:52:00Z	2	0	7	14.6	NA	5A	5A180	2020				NA	flowering > vegetative > flowering	flowering	vegetative	flowering	FALSE	0	1	Addition	Addition	2020-04-28T20:00:00Z	119	2020-04-28T17:00:00Z	119	Early	125.66666666666667	-6.666666666666671	164	227	210	46.78697290445285	130.85628836314308	177.64326126759593
173	BV	2020-07-30T00:00:00Z	6	A	145	1899-12-30T11:08:00Z	1899-12-30T11:38:00Z	1899-12-30T11:53:00Z	1	0	10	7.9	NA	6A	6A145	2020				NA	vegetative > vegetative > flowering	vegetative	vegetative	flowering	FALSE	0	1	Control	Control	2020-05-06T18:00:00Z	127	2020-05-05T19:00:00Z	126	Normal	125.66666666666667	1.3333333333333286	164	227	210	46.78697290445285	50.35628836314307	97.14326126759593
1	JP	2020-07-01T00:00:00Z	1	A	257	1899-12-30T09:18:00Z	1899-12-30T09:54:00Z	1899-12-30T10:09:00Z	1	0	4	10.7	NA	1A	1A257	2020				NA	vegetative > vegetative > flowering	vegetative	vegetative	flowering	FALSE	1	1	Addition	Addition	2020-05-04T15:00:00Z	125	2020-05-02T18:00:00Z	123	Normal	125.66666666666667	-0.6666666666666714	164	227	210	46.78697290445285	130.85628836314308	177.64326126759593
2	JP	2020-07-01T00:00:00Z	2	A	589	1899-12-30T09:30:00Z	1899-12-30T10:00:00Z	1899-12-30T10:15:00Z	1	0	8	2.6	NA	2A	2A589	2020				NA	vegetative > vegetative > flowering	vegetative	vegetative	flowering	FALSE	1	1	Control	Control	2020-04-29T17:00:00Z	120	2020-04-28T19:00:00Z	119	Early	125.66666666666667	-5.666666666666671	164	227	210	46.78697290445285	50.35628836314307	97.14326126759593
3	JP	2020-07-01T00:00:00Z	2	A	285	1899-12-30T09:36:00Z	1899-12-30T10:06:00Z	1899-12-30T10:21:00Z	1	0	1	2.6	NA	2A	2A285	2020				NA	vegetative > vegetative > flowering	vegetative	vegetative	flowering	FALSE	1	1	Control	Control	2020-04-29T17:00:00Z	120	2020-04-28T19:00:00Z	119	Early	125.66666666666667	-5.666666666666671	164	227	210	46.78697290445285	50.35628836314307	97.14326126759593
4	JP	2020-07-01T00:00:00Z	2	B	138	1899-12-30T09:42:00Z	1899-12-30T10:12:00Z	1899-12-30T10:27:00Z	1	0	4	4.6	NA	2B	2B138	2020				NA	vegetative > vegetative > flowering	vegetative	vegetative	flowering	FALSE	1	1	Control	Mock rainout	2020-04-29T17:00:00Z	120	2020-04-28T19:00:00Z	119	Early	125.66666666666667	-5.666666666666671	164	227	210	46.78697290445285	50.35628836314307	97.14326126759593
5	JP	2020-07-01T00:00:00Z	2	D	193	1899-12-30T09:46:00Z	1899-12-30T10:20:00Z	1899-12-30T10:35:00Z	1	1	8	5.1	NA	2D	2D193	2020				NA	vegetative > vegetative > flowering	vegetative	vegetative	flowering	FALSE	1	1	Addition	Addition	2020-04-29T17:00:00Z	120	2020-04-28T19:00:00Z	119	Early	125.66666666666667	-5.666666666666671	164	227	210	46.78697290445285	130.85628836314308	177.64326126759593
6	JP	2020-07-01T00:00:00Z	3	A	125	1899-12-30T10:08:00Z	1899-12-30T10:38:00Z	1899-12-30T10:53:00Z	1	0	1	3	NA	3A	3A125	2020				NA	vegetative > vegetative > flowering	vegetative	vegetative	flowering	FALSE	1	1	Reduction	Reduction	2020-05-04T21:00:00Z	125	2020-05-04T15:00:00Z	125	Normal	125.66666666666667	-0.6666666666666714	164	227	210	46.78697290445285	25.178144181571536	71.96511708602439
7	JP	2020-07-01T00:00:00Z	3	A	278	1899-12-30T10:27:00Z	1899-12-30T10:57:00Z	1899-12-30T11:12:00Z	1	0	1	4.4	NA	3A	3A278	2020				NA	vegetative > vegetative > flowering	vegetative	vegetative	flowering	FALSE	1	1	Reduction	Reduction	2020-05-04T21:00:00Z	125	2020-05-04T15:00:00Z	125	Normal	125.66666666666667	-0.6666666666666714	164	227	210	46.78697290445285	25.178144181571536	71.96511708602439
8	JP	2020-07-01T00:00:00Z	3	B	603	1899-12-30T10:31:00Z	1899-12-30T11:05:00Z	1899-12-30T11:20:00Z	1	0	8	5	NA	3B	3B603	2020				NA	vegetative > vegetative > flowering	vegetative	vegetative	flowering	FALSE	1	1	Control	Mock rainout	2020-05-04T21:00:00Z	125	2020-05-04T15:00:00Z	125	Normal	125.66666666666667	-0.6666666666666714	164	227	210	46.78697290445285	50.35628836314307	97.14326126759593
9	JP	2020-07-01T00:00:00Z	5	B	16	1899-12-30T10:43:00Z	1899-12-30T11:13:00Z	1899-12-30T11:28:00Z	1	0	4	3.4	NA	5B	5B16	2020				NA	vegetative > vegetative > flowering	vegetative	vegetative	flowering	FALSE	1	1	Control	Mock rainout	2020-04-28T20:00:00Z	119	2020-04-28T17:00:00Z	119	Early	125.66666666666667	-6.666666666666671	164	227	210	46.78697290445285	50.35628836314307	97.14326126759593
10	JP	2020-07-01T00:00:00Z	5	D	242	1899-12-30T10:47:00Z	1899-12-30T11:21:00Z	1899-12-30T11:36:00Z	1	1	1	1.6	NA	5D	5D242	2020				NA	vegetative > vegetative > flowering	vegetative	vegetative	flowering	FALSE	1	1	Control	Control	2020-04-28T20:00:00Z	119	2020-04-28T17:00:00Z	119	Early	125.66666666666667	-6.666666666666671	164	227	210	46.78697290445285	50.35628836314307	97.14326126759593
11	JP	2020-07-01T00:00:00Z	5	A	185	1899-12-30T11:10:00Z	1899-12-30T11:40:00Z	1899-12-30T11:55:00Z	1	1	1	8.9	NA	5A	5A185	2020		pheno19		NA	vegetative > vegetative > flowering	vegetative	vegetative	flowering	FALSE	1	1	Addition	Addition	2020-04-28T20:00:00Z	119	2020-04-28T17:00:00Z	119	Early	125.66666666666667	-6.666666666666671	164	227	210	46.78697290445285	130.85628836314308	177.64326126759593
12	ST	2020-07-01T00:00:00Z	1	A	231	1899-12-30T09:18:00Z	1899-12-30T09:48:00Z	1899-12-30T10:03:00Z	1	1	9	8.1	NA	1A	1A231	2020				NA	vegetative > vegetative > flowering	vegetative	vegetative	flowering	FALSE	1	1	Addition	Addition	2020-05-04T15:00:00Z	125	2020-05-02T18:00:00Z	123	Normal	125.66666666666667	-0.6666666666666714	164	227	210	46.78697290445285	130.85628836314308	177.64326126759593
13	ST	2020-07-01T00:00:00Z	1	A	244	1899-12-30T09:27:00Z	1899-12-30T09:57:00Z	1899-12-30T10:12:00Z	1	2	5	8.2	NA	1A	1A244	2020				NA	vegetative > vegetative > flowering	vegetative	vegetative	flowering	FALSE	1	1	Addition	Addition	2020-05-04T15:00:00Z	125	2020-05-02T18:00:00Z	123	Normal	125.66666666666667	-0.6666666666666714	164	227	210	46.78697290445285	130.85628836314308	177.64326126759593
14	ST	2020-07-01T00:00:00Z	1	A	250	1899-12-30T09:31:00Z	1899-12-30T10:01:00Z	1899-12-30T10:16:00Z	1	3	10	8.2	NA	1A	1A250	2020				NA	vegetative > vegetative > flowering	vegetative	vegetative	flowering	FALSE	1	1	Addition	Addition	2020-05-04T15:00:00Z	125	2020-05-02T18:00:00Z	123	Normal	125.66666666666667	-0.6666666666666714	164	227	210	46.78697290445285	130.85628836314308	177.64326126759593
15	ST	2020-07-01T00:00:00Z	1	D	24	1899-12-30T09:42:00Z	1899-12-30T10:12:00Z	1899-12-30T10:27:00Z	1	1	9	3.2	NA	1D	1D24	2020				NA	vegetative > vegetative > flowering	vegetative	vegetative	flowering	FALSE	1	1	Reduction	Reduction	2020-05-04T15:00:00Z	125	2020-05-02T18:00:00Z	123	Normal	125.66666666666667	-0.6666666666666714	164	227	210	46.78697290445285	25.178144181571536	71.96511708602439
16	ST	2020-07-01T00:00:00Z	1	C	64	1899-12-30T09:56:00Z	1899-12-30T10:26:00Z	1899-12-30T10:41:00Z	1	0	5	2.5	NA	1C	1C64	2020				NA	vegetative > vegetative > flowering	vegetative	vegetative	flowering	FALSE	1	1	Control	Mock rainout	2020-05-04T15:00:00Z	125	2020-05-02T18:00:00Z	123	Normal	125.66666666666667	-0.6666666666666714	164	227	210	46.78697290445285	50.35628836314307	97.14326126759593
17	ST	2020-07-01T00:00:00Z	3	C	174	1899-12-30T10:26:00Z	1899-12-30T10:56:00Z	1899-12-30T11:11:00Z	1	1	10	2.6	NA	3C	3C174	2020				NA	vegetative > vegetative > flowering	vegetative	vegetative	flowering	FALSE	1	1	Addition	Addition	2020-05-04T21:00:00Z	125	2020-05-04T15:00:00Z	125	Normal	125.66666666666667	-0.6666666666666714	164	227	210	46.78697290445285	130.85628836314308	177.64326126759593
18	ST	2020-07-01T00:00:00Z	3	D	886	1899-12-30T10:31:00Z	1899-12-30T11:01:00Z	1899-12-30T11:16:00Z	1	1	9	2.2	NA	3D	3D886	2020				NA	vegetative > vegetative > flowering	vegetative	vegetative	flowering	FALSE	1	1	Control	Control	2020-05-04T21:00:00Z	125	2020-05-04T15:00:00Z	125	Normal	125.66666666666667	-0.6666666666666714	164	227	210	46.78697290445285	50.35628836314307	97.14326126759593
19	ST	2020-07-01T00:00:00Z	4	A	114	1899-12-30T10:35:00Z	1899-12-30T11:04:00Z	1899-12-30T11:20:00Z	1	0	5	4.2	NA	4A	4A114	2020				NA	vegetative > vegetative > flowering	vegetative	vegetative	flowering	FALSE	1	1	Addition	Addition	2020-04-30T19:00:00Z	121	2020-04-28T18:00:00Z	119	Early	125.66666666666667	-4.666666666666671	164	227	210	46.78697290445285	130.85628836314308	177.64326126759593
20	ST	2020-07-01T00:00:00Z	4	B	596	1899-12-30T10:50:00Z	1899-12-30T11:20:00Z	1899-12-30T11:35:00Z	1	2	10	4.7	NA	4B	4B596	2020				NA	vegetative > vegetative > flowering	vegetative	vegetative	flowering	FALSE	1	1	Control	Mock rainout	2020-04-30T19:00:00Z	121	2020-04-28T18:00:00Z	119	Early	125.66666666666667	-4.666666666666671	164	227	210	46.78697290445285	50.35628836314307	97.14326126759593
21	ST	2020-07-01T00:00:00Z	4	D	47	1899-12-30T10:52:00Z	1899-12-30T11:22:00Z	1899-12-30T11:37:00Z	1	0	9	3.7	NA	4D	4D47	2020				NA	vegetative > vegetative > flowering	vegetative	vegetative	flowering	FALSE	1	1	Reduction	Reduction	2020-04-30T19:00:00Z	121	2020-04-28T18:00:00Z	119	Early	125.66666666666667	-4.666666666666671	164	227	210	46.78697290445285	25.178144181571536	71.96511708602439
22	ST	2020-07-01T00:00:00Z	6	C	93	1899-12-30T11:27:00Z	1899-12-30T11:57:00Z	1899-12-30T12:12:00Z	1	0	10	3.5	NA	6C	6C93	2020				NA	vegetative > vegetative > flowering	vegetative	vegetative	flowering	FALSE	1	1	Control	Mock rainout	2020-05-06T18:00:00Z	127	2020-05-05T19:00:00Z	126	Normal	125.66666666666667	1.3333333333333286	164	227	210	46.78697290445285	50.35628836314307	97.14326126759593
23	ST	2020-07-08T00:00:00Z	6	D	46	1899-12-30T09:15:00Z	1899-12-30T09:45:00Z	1899-12-30T10:00:00Z	1	0	10	5.1	NA	6D	6D46	2020		pheno18		NA	vegetative > vegetative > flowering	vegetative	vegetative	flowering	FALSE	1	1	Addition	Addition	2020-05-06T18:00:00Z	127	2020-05-05T19:00:00Z	126	Normal	125.66666666666667	1.3333333333333286	164	227	210	46.78697290445285	130.85628836314308	177.64326126759593
24	ST	2020-07-08T00:00:00Z	6	D	68	1899-12-30T09:18:00Z	1899-12-30T09:48:00Z	1899-12-30T10:03:00Z	1	0	7	6.4	NA	6D	6D68	2020				NA	vegetative > vegetative > flowering	vegetative	vegetative	flowering	FALSE	1	1	Addition	Addition	2020-05-06T18:00:00Z	127	2020-05-05T19:00:00Z	126	Normal	125.66666666666667	1.3333333333333286	164	227	210	46.78697290445285	130.85628836314308	177.64326126759593
25	ST	2020-07-08T00:00:00Z	6	D	71	1899-12-30T09:20:00Z	1899-12-30T09:50:00Z	1899-12-30T10:05:00Z	1	0	3	4.3	NA	6D	6D71	2020				NA	vegetative > vegetative > flowering	vegetative	vegetative	flowering	FALSE	1	1	Addition	Addition	2020-05-06T18:00:00Z	127	2020-05-05T19:00:00Z	126	Normal	125.66666666666667	1.3333333333333286	164	227	210	46.78697290445285	130.85628836314308	177.64326126759593
26	ST	2020-07-08T00:00:00Z	3	A	638	1899-12-30T09:40:00Z	1899-12-30T10:10:00Z	1899-12-30T10:25:00Z	1	0	10	5.3	NA	3A	3A638	2020				NA	vegetative > vegetative > flowering	vegetative	vegetative	flowering	FALSE	1	1	Reduction	Reduction	2020-05-04T21:00:00Z	125	2020-05-04T15:00:00Z	125	Normal	125.66666666666667	-0.6666666666666714	164	227	210	46.78697290445285	25.178144181571536	71.96511708602439
27	ST	2020-07-08T00:00:00Z	3	B	831	1899-12-30T09:52:00Z	1899-12-30T10:22:00Z	1899-12-30T10:37:00Z	1	0	7	5.9	NA	3B	3B831	2020				NA	vegetative > vegetative > flowering	vegetative	vegetative	flowering	FALSE	1	1	Control	Mock rainout	2020-05-04T21:00:00Z	125	2020-05-04T15:00:00Z	125	Normal	125.66666666666667	-0.6666666666666714	164	227	210	46.78697290445285	50.35628836314307	97.14326126759593
28	ST	2020-07-08T00:00:00Z	3	D	892	1899-12-30T09:58:00Z	1899-12-30T10:28:00Z	1899-12-30T10:43:00Z	1	0	3	3.5	NA	3D	3D892	2020				NA	vegetative > vegetative > flowering	vegetative	vegetative	flowering	FALSE	1	1	Control	Control	2020-05-04T21:00:00Z	125	2020-05-04T15:00:00Z	125	Normal	125.66666666666667	-0.6666666666666714	164	227	210	46.78697290445285	50.35628836314307	97.14326126759593
29	ST	2020-07-08T00:00:00Z	3	D	875	1899-12-30T10:19:00Z	1899-12-30T10:45:00Z	1899-12-30T11:00:00Z	1	0	10	3.7	NA	3D	3D875	2020				NA	vegetative > vegetative > flowering	vegetative	vegetative	flowering	FALSE	1	1	Control	Control	2020-05-04T21:00:00Z	125	2020-05-04T15:00:00Z	125	Normal	125.66666666666667	-0.6666666666666714	164	227	210	46.78697290445285	50.35628836314307	97.14326126759593
30	ST	2020-07-08T00:00:00Z	5	A	196	1899-12-30T10:31:00Z	1899-12-30T11:01:00Z	1899-12-30T11:16:00Z	1	1	7	3.7	NA	5A	5A196	2020				NA	vegetative > flowering > flowering	vegetative	flowering	flowering	FALSE	1	1	Addition	Addition	2020-04-28T20:00:00Z	119	2020-04-28T17:00:00Z	119	Early	125.66666666666667	-6.666666666666671	164	227	210	46.78697290445285	130.85628836314308	177.64326126759593
31	ST	2020-07-08T00:00:00Z	5	A	185	1899-12-30T10:35:00Z	1899-12-30T11:05:00Z	1899-12-30T11:20:00Z	1	0	3	8.9	NA	5A	5A185	2020		pheno19		NA	vegetative > vegetative > flowering	vegetative	vegetative	flowering	FALSE	1	1	Addition	Addition	2020-04-28T20:00:00Z	119	2020-04-28T17:00:00Z	119	Early	125.66666666666667	-6.666666666666671	164	227	210	46.78697290445285	130.85628836314308	177.64326126759593
32	ST	2020-07-08T00:00:00Z	5	D	274	1899-12-30T10:52:00Z	1899-12-30T11:22:00Z	1899-12-30T11:37:00Z	1	0	10	4.7	NA	5D	5D274	2020				NA	vegetative > vegetative > flowering	vegetative	vegetative	flowering	FALSE	1	1	Control	Control	2020-04-28T20:00:00Z	119	2020-04-28T17:00:00Z	119	Early	125.66666666666667	-6.666666666666671	164	227	210	46.78697290445285	50.35628836314307	97.14326126759593
33	JP	2020-07-08T00:00:00Z	2	B	81	1899-12-30T09:15:00Z	1899-12-30T09:48:00Z	1899-12-30T10:03:00Z	1	0	NA	4.9	NA	2B	2B81	2020				NA	vegetative > vegetative > flowering	vegetative	vegetative	flowering	FALSE	1	1	Control	Mock rainout	2020-04-29T17:00:00Z	120	2020-04-28T19:00:00Z	119	Early	125.66666666666667	-5.666666666666671	164	227	210	46.78697290445285	50.35628836314307	97.14326126759593
34	JP	2020-07-08T00:00:00Z	2	A	674	1899-12-30T09:18:00Z	1899-12-30T09:54:00Z	1899-12-30T10:09:00Z	1	0	NA	4.6	NA	2A	2A674	2020			pheno20 floral20 volatiles20	2A694	NA	NA	NA	NA	FALSE	NA	NA	Control	Control	2020-04-29T17:00:00Z	120	2020-04-28T19:00:00Z	119	Early	125.66666666666667	-5.666666666666671	164	227	210	46.78697290445285	50.35628836314307	97.14326126759593
35	JP	2020-07-08T00:00:00Z	2	D	214	1899-12-30T09:20:00Z	1899-12-30T09:57:00Z	1899-12-30T10:12:00Z	1	0	NA	5.3	NA	2D	2D214	2020				NA	vegetative > vegetative > flowering	vegetative	vegetative	flowering	FALSE	1	1	Addition	Addition	2020-04-29T17:00:00Z	120	2020-04-28T19:00:00Z	119	Early	125.66666666666667	-5.666666666666671	164	227	210	46.78697290445285	130.85628836314308	177.64326126759593
36	JP	2020-07-08T00:00:00Z	2	B	195	1899-12-30T09:38:00Z	1899-12-30T10:13:00Z	1899-12-30T10:28:00Z	1	0	NA	5.3	NA	2B	2B195	2020		census20 pheno20 floral20 volatiles20 seeds20		NA	flowering > dead_nf > dead_nf	flowering	dead_nf	dead_nf	FALSE	0	0	Control	Mock rainout	2020-04-29T17:00:00Z	120	2020-04-28T19:00:00Z	119	Early	125.66666666666667	-5.666666666666671	164	227	210	46.78697290445285	50.35628836314307	97.14326126759593
37	JP	2020-07-08T00:00:00Z	2	D	204	1899-12-30T09:40:00Z	1899-12-30T10:16:00Z	1899-12-30T10:31:00Z	1	0	NA	NA	watered before getting soil moisture - near 2D-187	2D	2D204	2020				NA	vegetative > vegetative > flowering	vegetative	vegetative	flowering	FALSE	1	1	Addition	Addition	2020-04-29T17:00:00Z	120	2020-04-28T19:00:00Z	119	Early	125.66666666666667	-5.666666666666671	164	227	210	46.78697290445285	130.85628836314308	177.64326126759593
38	JP	2020-07-08T00:00:00Z	2	D	187	1899-12-30T09:41:00Z	1899-12-30T10:18:00Z	1899-12-30T10:54:00Z	1	0	5	7.6	popped out, reset 10:32, popped again, reset 10:44. Do not use	2D	2D187	2020				NA	vegetative > vegetative > flowering	vegetative	vegetative	flowering	FALSE	1	1	Addition	Addition	2020-04-29T17:00:00Z	120	2020-04-28T19:00:00Z	119	Early	125.66666666666667	-5.666666666666671	164	227	210	46.78697290445285	130.85628836314308	177.64326126759593
39	JP	2020-07-08T00:00:00Z	2	C	270	1899-12-30T10:25:00Z	1899-12-30T10:55:00Z	1899-12-30T11:10:00Z	1	0	1	4.7	NA	2C	2C270	2020				NA	vegetative > vegetative > flowering	vegetative	vegetative	flowering	FALSE	1	1	Reduction	Reduction	2020-04-29T17:00:00Z	120	2020-04-28T19:00:00Z	119	Early	125.66666666666667	-5.666666666666671	164	227	210	46.78697290445285	25.178144181571536	71.96511708602439
40	JP	2020-07-08T00:00:00Z	2	C	277	1899-12-30T10:27:00Z	1899-12-30T10:57:00Z	1899-12-30T11:17:00Z	1	0	5	3.8	NA	2C	2C277	2020				NA	vegetative > vegetative > flowering	vegetative	vegetative	flowering	FALSE	1	1	Reduction	Reduction	2020-04-29T17:00:00Z	120	2020-04-28T19:00:00Z	119	Early	125.66666666666667	-5.666666666666671	164	227	210	46.78697290445285	25.178144181571536	71.96511708602439
41	JP	2020-07-08T00:00:00Z	2	A	94	1899-12-30T10:29:00Z	1899-12-30T11:05:00Z	1899-12-30T11:20:00Z	1	0	9	3.7	NA	2A	2A94	2020				NA	no_record > vegetative > flowering	no_record	vegetative	flowering	FALSE	1	1	Control	Control	2020-04-29T17:00:00Z	120	2020-04-28T19:00:00Z	119	Early	125.66666666666667	-5.666666666666671	164	227	210	46.78697290445285	50.35628836314307	97.14326126759593
42	JP	2020-07-08T00:00:00Z	2	A	air	1899-12-30T10:13:00Z	1899-12-30T10:43:00Z	1899-12-30T10:58:00Z	NA	NA	9	NA	NA	2A	2Aair	2020				NA	NA	NA	NA	NA	FALSE	NA	NA	Control	Control	2020-04-29T17:00:00Z	120	2020-04-28T19:00:00Z	119	Early	125.66666666666667	-5.666666666666671	164	227	210	46.78697290445285	50.35628836314307	97.14326126759593
43	BV	2020-07-08T00:00:00Z	1	A	246	1899-12-30T09:24:00Z	1899-12-30T09:54:00Z	1899-12-30T10:09:00Z	1	2	8	5.8	NA	1A	1A246	2020				NA	vegetative > flowering > flowering	vegetative	flowering	flowering	FALSE	1	1	Addition	Addition	2020-05-04T15:00:00Z	125	2020-05-02T18:00:00Z	123	Normal	125.66666666666667	-0.6666666666666714	164	227	210	46.78697290445285	130.85628836314308	177.64326126759593
44	BV	2020-07-08T00:00:00Z	1	A	255	1899-12-30T09:27:00Z	1899-12-30T09:57:00Z	1899-12-30T10:12:00Z	1	0	4	6.1	NA	1A	1A255	2020				NA	vegetative > vegetative > flowering	vegetative	vegetative	flowering	FALSE	1	1	Addition	Addition	2020-05-04T15:00:00Z	125	2020-05-02T18:00:00Z	123	Normal	125.66666666666667	-0.6666666666666714	164	227	210	46.78697290445285	130.85628836314308	177.64326126759593
45	BV	2020-07-08T00:00:00Z	1	A	235	1899-12-30T09:38:00Z	1899-12-30T10:10:00Z	1899-12-30T10:25:00Z	1	0	8	8.9	NA	1A	1A235	2020		floral18		NA	vegetative > vegetative > flowering	vegetative	vegetative	flowering	FALSE	1	1	Addition	Addition	2020-05-04T15:00:00Z	125	2020-05-02T18:00:00Z	123	Normal	125.66666666666667	-0.6666666666666714	164	227	210	46.78697290445285	130.85628836314308	177.64326126759593
46	BV	2020-07-08T00:00:00Z	1	A	133	1899-12-30T09:41:00Z	1899-12-30T10:15:00Z	1899-12-30T10:30:00Z	1	0	4	7.5	NA	1A	1A133	2020				NA	NA	NA	NA	NA	FALSE	NA	NA	Addition	Addition	2020-05-04T15:00:00Z	125	2020-05-02T18:00:00Z	123	Normal	125.66666666666667	-0.6666666666666714	164	227	210	46.78697290445285	130.85628836314308	177.64326126759593
47	BV	2020-07-08T00:00:00Z	1	A	230	1899-12-30T10:19:00Z	1899-12-30T10:49:00Z	1899-12-30T11:04:00Z	1	0	8	7.9	NA	1A	1A230	2020				NA	vegetative > vegetative > flowering	vegetative	vegetative	flowering	FALSE	1	1	Addition	Addition	2020-05-04T15:00:00Z	125	2020-05-02T18:00:00Z	123	Normal	125.66666666666667	-0.6666666666666714	164	227	210	46.78697290445285	130.85628836314308	177.64326126759593
48	BV	2020-07-08T00:00:00Z	1	A	243	1899-12-30T10:22:00Z	1899-12-30T10:52:00Z	1899-12-30T11:07:00Z	1	0	4	7	NA	1A	1A243	2020				NA	vegetative > vegetative > flowering	vegetative	vegetative	flowering	FALSE	1	1	Addition	Addition	2020-05-04T15:00:00Z	125	2020-05-02T18:00:00Z	123	Normal	125.66666666666667	-0.6666666666666714	164	227	210	46.78697290445285	130.85628836314308	177.64326126759593
49	BV	2020-07-08T00:00:00Z	1	B	649	1899-12-30T10:44:00Z	1899-12-30T11:14:00Z	1899-12-30T11:29:00Z	1	0	8	5.3	NA	1B	1B649	2020				NA	vegetative > vegetative > flowering	vegetative	vegetative	flowering	FALSE	1	1	Control	Control	2020-05-04T15:00:00Z	125	2020-05-02T18:00:00Z	123	Normal	125.66666666666667	-0.6666666666666714	164	227	210	46.78697290445285	50.35628836314307	97.14326126759593
50	BV	2020-07-08T00:00:00Z	1	C	63	1899-12-30T10:57:00Z	1899-12-30T11:27:00Z	1899-12-30T11:42:00Z	1	3	4	4	NA	1C	1C63	2020				NA	vegetative > vegetative > flowering	vegetative	vegetative	flowering	FALSE	1	1	Control	Mock rainout	2020-05-04T15:00:00Z	125	2020-05-02T18:00:00Z	123	Normal	125.66666666666667	-0.6666666666666714	164	227	210	46.78697290445285	50.35628836314307	97.14326126759593
51	BV	2020-07-08T00:00:00Z	1	C	64	1899-12-30T11:03:00Z	1899-12-30T11:33:00Z	1899-12-30T11:48:00Z	1	0	8	4.2	NA	1C	1C64	2020				NA	vegetative > vegetative > flowering	vegetative	vegetative	flowering	FALSE	1	1	Control	Mock rainout	2020-05-04T15:00:00Z	125	2020-05-02T18:00:00Z	123	Normal	125.66666666666667	-0.6666666666666714	164	227	210	46.78697290445285	50.35628836314307	97.14326126759593
52	BV	2020-07-15T00:00:00Z	1	C	60	1899-12-30T09:10:00Z	1899-12-30T09:40:00Z	1899-12-30T09:55:00Z	1	1	8	4.7	NA	1C	1C60	2020				NA	vegetative > vegetative > flowering	vegetative	vegetative	flowering	FALSE	1	1	Control	Mock rainout	2020-05-04T15:00:00Z	125	2020-05-02T18:00:00Z	123	Normal	125.66666666666667	-0.6666666666666714	164	227	210	46.78697290445285	50.35628836314307	97.14326126759593
53	BV	2020-07-15T00:00:00Z	1	C	46	1899-12-30T09:13:00Z	1899-12-30T09:43:00Z	1899-12-30T09:58:00Z	1	0	5	3.9	NA	1C	1C46	2020				NA	vegetative > vegetative > flowering	vegetative	vegetative	flowering	FALSE	1	1	Control	Mock rainout	2020-05-04T15:00:00Z	125	2020-05-02T18:00:00Z	123	Normal	125.66666666666667	-0.6666666666666714	164	227	210	46.78697290445285	50.35628836314307	97.14326126759593
54	BV	2020-07-15T00:00:00Z	1	D	37	1899-12-30T09:15:00Z	1899-12-30T09:45:00Z	1899-12-30T10:00:00Z	1	0	3	3.3	NA	1D	1D37	2020				NA	vegetative > vegetative > flowering	vegetative	vegetative	flowering	FALSE	1	1	Reduction	Reduction	2020-05-04T15:00:00Z	125	2020-05-02T18:00:00Z	123	Normal	125.66666666666667	-0.6666666666666714	164	227	210	46.78697290445285	25.178144181571536	71.96511708602439
55	BV	2020-07-15T00:00:00Z	1	D	33	1899-12-30T09:49:00Z	1899-12-30T10:19:00Z	1899-12-30T10:34:00Z	1	0	8	3.9	NA	1D	1D33	2020				NA	vegetative > vegetative > flowering	vegetative	vegetative	flowering	FALSE	1	1	Reduction	Reduction	2020-05-04T15:00:00Z	125	2020-05-02T18:00:00Z	123	Normal	125.66666666666667	-0.6666666666666714	164	227	210	46.78697290445285	25.178144181571536	71.96511708602439
56	BV	2020-07-15T00:00:00Z	1	D	9	1899-12-30T09:50:00Z	1899-12-30T10:20:00Z	1899-12-30T10:35:00Z	1	0	5	4	NA	1D	1D9	2020				NA	vegetative > vegetative > flowering	vegetative	vegetative	flowering	FALSE	1	1	Reduction	Reduction	2020-05-04T15:00:00Z	125	2020-05-02T18:00:00Z	123	Normal	125.66666666666667	-0.6666666666666714	164	227	210	46.78697290445285	25.178144181571536	71.96511708602439
57	BV	2020-07-15T00:00:00Z	1	D	17	1899-12-30T09:53:00Z	1899-12-30T10:23:00Z	1899-12-30T10:38:00Z	1	0	3	4.5	NA	1D	1D17	2020				NA	vegetative > vegetative > flowering	vegetative	vegetative	flowering	FALSE	1	1	Reduction	Reduction	2020-05-04T15:00:00Z	125	2020-05-02T18:00:00Z	123	Normal	125.66666666666667	-0.6666666666666714	164	227	210	46.78697290445285	25.178144181571536	71.96511708602439
58	BV	2020-07-15T00:00:00Z	1	D	12	1899-12-30T10:11:00Z	1899-12-30T10:35:00Z	1899-12-30T10:50:00Z	1	2	8	3.5	NA	1D	1D12	2020				NA	vegetative > vegetative > flowering	vegetative	vegetative	flowering	FALSE	1	1	Reduction	Reduction	2020-05-04T15:00:00Z	125	2020-05-02T18:00:00Z	123	Normal	125.66666666666667	-0.6666666666666714	164	227	210	46.78697290445285	25.178144181571536	71.96511708602439
59	BV	2020-07-15T00:00:00Z	1	D	24	1899-12-30T10:13:00Z	1899-12-30T10:38:00Z	1899-12-30T10:53:00Z	1	0	5	4.9	NA	1D	1D24	2020				NA	vegetative > vegetative > flowering	vegetative	vegetative	flowering	FALSE	1	1	Reduction	Reduction	2020-05-04T15:00:00Z	125	2020-05-02T18:00:00Z	123	Normal	125.66666666666667	-0.6666666666666714	164	227	210	46.78697290445285	25.178144181571536	71.96511708602439
60	BV	2020-07-15T00:00:00Z	4	A	68	1899-12-30T10:58:00Z	1899-12-30T11:28:00Z	1899-12-30T11:43:00Z	1	0	3	3.5	NA	4A	4A68	2020		floral19		NA	vegetative > vegetative > flowering	vegetative	vegetative	flowering	FALSE	1	1	Addition	Addition	2020-04-30T19:00:00Z	121	2020-04-28T18:00:00Z	119	Early	125.66666666666667	-4.666666666666671	164	227	210	46.78697290445285	130.85628836314308	177.64326126759593
61	BV	2020-07-15T00:00:00Z	4	A	109	1899-12-30T11:00:00Z	1899-12-30T11:30:00Z	1899-12-30T11:45:00Z	1	0	8	7.9	NA	4A	4A109	2020				NA	vegetative > vegetative > flowering	vegetative	vegetative	flowering	FALSE	1	1	Addition	Addition	2020-04-30T19:00:00Z	121	2020-04-28T18:00:00Z	119	Early	125.66666666666667	-4.666666666666671	164	227	210	46.78697290445285	130.85628836314308	177.64326126759593
62	BV	2020-07-15T00:00:00Z	4	A	110	1899-12-30T11:01:00Z	1899-12-30T11:31:00Z	1899-12-30T11:46:00Z	1	0	5	6.1	NA	4A	4A110	2020				NA	vegetative > vegetative > flowering	vegetative	vegetative	flowering	FALSE	1	1	Addition	Addition	2020-04-30T19:00:00Z	121	2020-04-28T18:00:00Z	119	Early	125.66666666666667	-4.666666666666671	164	227	210	46.78697290445285	130.85628836314308	177.64326126759593
63	BV	2020-07-15T00:00:00Z	4	A	121	1899-12-30T11:18:00Z	1899-12-30T11:48:00Z	1899-12-30T12:03:00Z	2	0	3	7	NA	4A	4A121	2020				NA	vegetative > vegetative > flowering	vegetative	vegetative	flowering	FALSE	1	1	Addition	Addition	2020-04-30T19:00:00Z	121	2020-04-28T18:00:00Z	119	Early	125.66666666666667	-4.666666666666671	164	227	210	46.78697290445285	130.85628836314308	177.64326126759593
64	BV	2020-07-15T00:00:00Z	4	A	115	1899-12-30T11:20:00Z	1899-12-30T11:50:00Z	1899-12-30T12:05:00Z	2	0	8	3.8	NA	4A	4A115	2020		pheno19		NA	vegetative > vegetative > flowering	vegetative	vegetative	flowering	FALSE	1	1	Addition	Addition	2020-04-30T19:00:00Z	121	2020-04-28T18:00:00Z	119	Early	125.66666666666667	-4.666666666666671	164	227	210	46.78697290445285	130.85628836314308	177.64326126759593
65	BV	2020-07-15T00:00:00Z	4	A	91	1899-12-30T11:23:00Z	1899-12-30T11:53:00Z	1899-12-30T12:08:00Z	1	0	5	8.4	NA	4A	4A91	2020				NA	vegetative > vegetative > flowering	vegetative	vegetative	flowering	FALSE	1	1	Addition	Addition	2020-04-30T19:00:00Z	121	2020-04-28T18:00:00Z	119	Early	125.66666666666667	-4.666666666666671	164	227	210	46.78697290445285	130.85628836314308	177.64326126759593
66	ST	2020-07-15T00:00:00Z	5	A	180	1899-12-30T10:01:00Z	1899-12-30T10:31:00Z	1899-12-30T10:46:00Z	1	0	9	6.8	NA	5A	5A180	2020				NA	flowering > vegetative > flowering	flowering	vegetative	flowering	FALSE	1	1	Addition	Addition	2020-04-28T20:00:00Z	119	2020-04-28T17:00:00Z	119	Early	125.66666666666667	-6.666666666666671	164	227	210	46.78697290445285	130.85628836314308	177.64326126759593
67	ST	2020-07-15T00:00:00Z	5	B	20	1899-12-30T10:06:00Z	1899-12-30T10:36:00Z	1899-12-30T10:51:00Z	1	0	6	4.8	NA	5B	5B20	2020		pheno18 pheno19		NA	vegetative > vegetative > flowering	vegetative	vegetative	flowering	FALSE	1	1	Control	Mock rainout	2020-04-28T20:00:00Z	119	2020-04-28T17:00:00Z	119	Early	125.66666666666667	-6.666666666666671	164	227	210	46.78697290445285	50.35628836314307	97.14326126759593
68	ST	2020-07-15T00:00:00Z	5	B	288	1899-12-30T10:23:00Z	1899-12-30T10:53:00Z	1899-12-30T11:08:00Z	1	0	9	5.2	NA	5B	5B288	2020				NA	vegetative > vegetative > flowering	vegetative	vegetative	flowering	FALSE	1	1	Control	Mock rainout	2020-04-28T20:00:00Z	119	2020-04-28T17:00:00Z	119	Early	125.66666666666667	-6.666666666666671	164	227	210	46.78697290445285	50.35628836314307	97.14326126759593
69	ST	2020-07-15T00:00:00Z	5	B	5	1899-12-30T10:26:00Z	1899-12-30T10:56:00Z	1899-12-30T11:11:00Z	1	0	6	4.3	NA	5B	5B5	2020				NA	vegetative > vegetative > flowering	vegetative	vegetative	flowering	FALSE	1	1	Control	Mock rainout	2020-04-28T20:00:00Z	119	2020-04-28T17:00:00Z	119	Early	125.66666666666667	-6.666666666666671	164	227	210	46.78697290445285	50.35628836314307	97.14326126759593
70	ST	2020-07-15T00:00:00Z	5	C	225	1899-12-30T10:43:00Z	1899-12-30T11:13:00Z	1899-12-30T11:28:00Z	1	0	9	4.4	NA	5C	5C225	2020				NA	vegetative > vegetative > flowering	vegetative	vegetative	flowering	FALSE	1	1	Reduction	Reduction	2020-04-28T20:00:00Z	119	2020-04-28T17:00:00Z	119	Early	125.66666666666667	-6.666666666666671	164	227	210	46.78697290445285	25.178144181571536	71.96511708602439
71	ST	2020-07-15T00:00:00Z	5	C	202	1899-12-30T10:47:00Z	1899-12-30T11:17:00Z	1899-12-30T11:32:00Z	1	0	6	4.2	NA	5C	5C202	2020				NA	vegetative > vegetative > flowering	vegetative	vegetative	flowering	FALSE	1	1	Reduction	Reduction	2020-04-28T20:00:00Z	119	2020-04-28T17:00:00Z	119	Early	125.66666666666667	-6.666666666666671	164	227	210	46.78697290445285	25.178144181571536	71.96511708602439
72	ST	2020-07-15T00:00:00Z	5	D	269	1899-12-30T11:15:00Z	1899-12-30T11:45:00Z	1899-12-30T12:00:00Z	1	0	9	3.6	NA	5D	5D269	2020		census20 pheno20 floral20 volatiles20 seeds20		NA	vegetative > dead_nf > dead_nf	vegetative	dead_nf	dead_nf	FALSE	0	0	Control	Control	2020-04-28T20:00:00Z	119	2020-04-28T17:00:00Z	119	Early	125.66666666666667	-6.666666666666671	164	227	210	46.78697290445285	50.35628836314307	97.14326126759593
73	ST	2020-07-15T00:00:00Z	5	D	242	1899-12-30T11:19:00Z	1899-12-30T11:49:00Z	1899-12-30T12:04:00Z	1	0	6	2.6	NA	5D	5D242	2020				NA	vegetative > vegetative > flowering	vegetative	vegetative	flowering	FALSE	1	1	Control	Control	2020-04-28T20:00:00Z	119	2020-04-28T17:00:00Z	119	Early	125.66666666666667	-6.666666666666671	164	227	210	46.78697290445285	50.35628836314307	97.14326126759593
74	ST	2020-07-15T00:00:00Z	5	N	Aair	1899-12-30T11:51:00Z	1899-12-30T12:21:00Z	1899-12-30T12:35:00Z	NA	NA	9	NA	NA	5N	5NAair	2020				NA	NA	NA	NA	NA	FALSE	NA	NA	NA	NA	NA	NA	NA	NA	NA	NA	NA	NA	NA	NA	NA	NA	NA
75	JP	2020-07-22T00:00:00Z	1	D	12	1899-12-30T09:16:00Z	1899-12-30T09:52:00Z	1899-12-30T10:07:00Z	1	0	NA	3	NA	1D	1D12	2020				NA	vegetative > vegetative > flowering	vegetative	vegetative	flowering	FALSE	1	1	Reduction	Reduction	2020-05-04T15:00:00Z	125	2020-05-02T18:00:00Z	123	Normal	125.66666666666667	-0.6666666666666714	164	227	210	46.78697290445285	25.178144181571536	71.96511708602439
76	JP	2020-07-22T00:00:00Z	1	D	9	1899-12-30T09:17:00Z	1899-12-30T09:53:00Z	1899-12-30T10:08:00Z	1	0	NA	2.4	NA	1D	1D9	2020				NA	vegetative > vegetative > flowering	vegetative	vegetative	flowering	FALSE	1	1	Reduction	Reduction	2020-05-04T15:00:00Z	125	2020-05-02T18:00:00Z	123	Normal	125.66666666666667	-0.6666666666666714	164	227	210	46.78697290445285	25.178144181571536	71.96511708602439
77	JP	2020-07-22T00:00:00Z	1	D	33	1899-12-30T09:19:00Z	1899-12-30T09:55:00Z	1899-12-30T10:10:00Z	1	0	NA	2.7	NA	1D	1D33	2020				NA	vegetative > vegetative > flowering	vegetative	vegetative	flowering	FALSE	1	1	Reduction	Reduction	2020-05-04T15:00:00Z	125	2020-05-02T18:00:00Z	123	Normal	125.66666666666667	-0.6666666666666714	164	227	210	46.78697290445285	25.178144181571536	71.96511708602439
78	JP	2020-07-22T00:00:00Z	1	D	31	1899-12-30T09:20:00Z	1899-12-30T09:56:00Z	1899-12-30T10:11:00Z	1	0	NA	4.9	NA	1D	1D31	2020				NA	vegetative > dead_nf > dead_nf	vegetative	dead_nf	dead_nf	FALSE	0	0	Reduction	Reduction	2020-05-04T15:00:00Z	125	2020-05-02T18:00:00Z	123	Normal	125.66666666666667	-0.6666666666666714	164	227	210	46.78697290445285	25.178144181571536	71.96511708602439
79	JP	2020-07-22T00:00:00Z	1	C	60	1899-12-30T09:46:00Z	1899-12-30T10:16:00Z	1899-12-30T10:31:00Z	1	0	NA	3.3	NA	1C	1C60	2020				NA	vegetative > vegetative > flowering	vegetative	vegetative	flowering	FALSE	1	1	Control	Mock rainout	2020-05-04T15:00:00Z	125	2020-05-02T18:00:00Z	123	Normal	125.66666666666667	-0.6666666666666714	164	227	210	46.78697290445285	50.35628836314307	97.14326126759593
80	JP	2020-07-22T00:00:00Z	1	C	63	1899-12-30T09:46:00Z	1899-12-30T10:16:00Z	1899-12-30T10:33:00Z	1	0	NA	3.2	NA	1C	1C63	2020				NA	vegetative > vegetative > flowering	vegetative	vegetative	flowering	FALSE	1	1	Control	Mock rainout	2020-05-04T15:00:00Z	125	2020-05-02T18:00:00Z	123	Normal	125.66666666666667	-0.6666666666666714	164	227	210	46.78697290445285	50.35628836314307	97.14326126759593
81	JP	2020-07-22T00:00:00Z	1	A	251	1899-12-30T10:05:00Z	1899-12-30T10:40:00Z	1899-12-30T10:55:00Z	1	0	NA	5.8	NA	1A	1A251	2020				NA	vegetative > vegetative > flowering	vegetative	vegetative	flowering	FALSE	1	1	Addition	Addition	2020-05-04T15:00:00Z	125	2020-05-02T18:00:00Z	123	Normal	125.66666666666667	-0.6666666666666714	164	227	210	46.78697290445285	130.85628836314308	177.64326126759593
82	JP	2020-07-22T00:00:00Z	1	B	650	1899-12-30T10:10:00Z	1899-12-30T10:42:00Z	1899-12-30T10:57:00Z	1	0	NA	8.7	"Sample 650A. ""albino"" - yellow flowers, green leaves"	1B	1B650	2020				NA	vegetative > vegetative > flowering	vegetative	vegetative	flowering	FALSE	1	1	Control	Control	2020-05-04T15:00:00Z	125	2020-05-02T18:00:00Z	123	Normal	125.66666666666667	-0.6666666666666714	164	227	210	46.78697290445285	50.35628836314307	97.14326126759593
83	JP	2020-07-22T00:00:00Z	1	B	653	1899-12-30T10:24:00Z	1899-12-30T11:07:00Z	1899-12-30T11:16:00Z	1	0	NA	4.4	NA	1B	1B653	2020				NA	vegetative > vegetative > flowering	vegetative	vegetative	flowering	FALSE	1	1	Control	Control	2020-05-04T15:00:00Z	125	2020-05-02T18:00:00Z	123	Normal	125.66666666666667	-0.6666666666666714	164	227	210	46.78697290445285	50.35628836314307	97.14326126759593
84	JP	2020-07-22T00:00:00Z	1	B	656	1899-12-30T10:27:00Z	1899-12-30T11:03:00Z	1899-12-30T11:18:00Z	1	0	NA	3.2	NA	1B	1B656	2020				NA	vegetative > vegetative > flowering	vegetative	vegetative	flowering	FALSE	1	1	Control	Control	2020-05-04T15:00:00Z	125	2020-05-02T18:00:00Z	123	Normal	125.66666666666667	-0.6666666666666714	164	227	210	46.78697290445285	50.35628836314307	97.14326126759593
85	JP	2020-07-22T00:00:00Z	1	B	672	1899-12-30T10:45:00Z	1899-12-30T11:15:00Z	1899-12-30T11:30:00Z	1	0	NA	3.6	NA	1B	1B672	2020				NA	vegetative > vegetative > flowering	vegetative	vegetative	flowering	FALSE	1	1	Control	Control	2020-05-04T15:00:00Z	125	2020-05-02T18:00:00Z	123	Normal	125.66666666666667	-0.6666666666666714	164	227	210	46.78697290445285	50.35628836314307	97.14326126759593
86	JP	2020-07-22T00:00:00Z	1	B	650	1899-12-30T10:49:00Z	1899-12-30T11:19:00Z	1899-12-30T11:34:00Z	1	0	NA	8.7	"Sample 650B. ""albino"" - yellow flowers, green leaves"	1B	1B650	2020				NA	vegetative > vegetative > flowering	vegetative	vegetative	flowering	FALSE	1	1	Control	Control	2020-05-04T15:00:00Z	125	2020-05-02T18:00:00Z	123	Normal	125.66666666666667	-0.6666666666666714	164	227	210	46.78697290445285	50.35628836314307	97.14326126759593
87	JP	2020-07-22T00:00:00Z	3	A	636	1899-12-30T11:08:00Z	1899-12-30T11:44:00Z	1899-12-30T12:02:00Z	1	0	1	6.9	NA	3A	3A636	2020				NA	vegetative > vegetative > flowering	vegetative	vegetative	flowering	FALSE	1	1	Reduction	Reduction	2020-05-04T21:00:00Z	125	2020-05-04T15:00:00Z	125	Normal	125.66666666666667	-0.6666666666666714	164	227	210	46.78697290445285	25.178144181571536	71.96511708602439
88	JP	2020-07-22T00:00:00Z	3	A	273	1899-12-30T11:10:00Z	1899-12-30T11:47:00Z	1899-12-30T12:02:00Z	1	0	NA	3.9	NA	3A	3A273	2020				NA	vegetative > vegetative > flowering	vegetative	vegetative	flowering	FALSE	1	1	Reduction	Reduction	2020-05-04T21:00:00Z	125	2020-05-04T15:00:00Z	125	Normal	125.66666666666667	-0.6666666666666714	164	227	210	46.78697290445285	25.178144181571536	71.96511708602439
89	JP	2020-07-22T00:00:00Z	3	A	air	1899-12-30T11:23:00Z	1899-12-30T11:53:00Z	1899-12-30T12:08:00Z	1	0	NA	NA	NA	3A	3Aair	2020				NA	NA	NA	NA	NA	FALSE	NA	NA	Reduction	Reduction	2020-05-04T21:00:00Z	125	2020-05-04T15:00:00Z	125	Normal	125.66666666666667	-0.6666666666666714	164	227	210	46.78697290445285	25.178144181571536	71.96511708602439
90	ST	2020-07-22T00:00:00Z	2	C	270	1899-12-30T09:16:00Z	1899-12-30T09:46:00Z	1899-12-30T10:01:00Z	1	0	3	2.5	NA	2C	2C270	2020				NA	vegetative > vegetative > flowering	vegetative	vegetative	flowering	FALSE	1	1	Reduction	Reduction	2020-04-29T17:00:00Z	120	2020-04-28T19:00:00Z	119	Early	125.66666666666667	-5.666666666666671	164	227	210	46.78697290445285	25.178144181571536	71.96511708602439
91	ST	2020-07-22T00:00:00Z	2	C	277	1899-12-30T09:19:00Z	1899-12-30T09:49:00Z	1899-12-30T10:04:00Z	1	0	8	2.1	NA	2C	2C277	2020				NA	vegetative > vegetative > flowering	vegetative	vegetative	flowering	FALSE	1	1	Reduction	Reduction	2020-04-29T17:00:00Z	120	2020-04-28T19:00:00Z	119	Early	125.66666666666667	-5.666666666666671	164	227	210	46.78697290445285	25.178144181571536	71.96511708602439
92	ST	2020-07-22T00:00:00Z	2	C	274	1899-12-30T09:21:00Z	1899-12-30T09:51:00Z	1899-12-30T10:06:00Z	1	0	10	2.5	NA	2C	2C274	2020				NA	vegetative > vegetative > flowering	vegetative	vegetative	flowering	FALSE	1	1	Reduction	Reduction	2020-04-29T17:00:00Z	120	2020-04-28T19:00:00Z	119	Early	125.66666666666667	-5.666666666666671	164	227	210	46.78697290445285	25.178144181571536	71.96511708602439
93	ST	2020-07-22T00:00:00Z	2	C	289	1899-12-30T09:23:00Z	1899-12-30T09:53:00Z	1899-12-30T10:08:00Z	1	0	4	4	NA	2C	2C289	2020				NA	vegetative > vegetative > flowering	vegetative	vegetative	flowering	FALSE	1	1	Reduction	Reduction	2020-04-29T17:00:00Z	120	2020-04-28T19:00:00Z	119	Early	125.66666666666667	-5.666666666666671	164	227	210	46.78697290445285	25.178144181571536	71.96511708602439
94	ST	2020-07-22T00:00:00Z	2	C	262	1899-12-30T09:37:00Z	1899-12-30T10:07:00Z	1899-12-30T10:22:00Z	1	0	3	2.5	NA	2C	2C262	2020				NA	vegetative > vegetative > flowering	vegetative	vegetative	flowering	FALSE	1	1	Reduction	Reduction	2020-04-29T17:00:00Z	120	2020-04-28T19:00:00Z	119	Early	125.66666666666667	-5.666666666666671	164	227	210	46.78697290445285	25.178144181571536	71.96511708602439
95	ST	2020-07-22T00:00:00Z	2	C	297	1899-12-30T09:40:00Z	1899-12-30T10:10:00Z	1899-12-30T10:25:00Z	1	0	8	3.9	NA	2C	2C297	2020		census20 pheno20 floral20 volatiles20 seeds20		NA	vegetative > dead_nf > dead_nf	vegetative	dead_nf	dead_nf	FALSE	0	0	Reduction	Reduction	2020-04-29T17:00:00Z	120	2020-04-28T19:00:00Z	119	Early	125.66666666666667	-5.666666666666671	164	227	210	46.78697290445285	25.178144181571536	71.96511708602439
96	ST	2020-07-22T00:00:00Z	2	C	293	1899-12-30T09:42:00Z	1899-12-30T10:12:00Z	1899-12-30T10:27:00Z	1	0	10	3.7	NA	2C	2C293	2020				NA	vegetative > vegetative > flowering	vegetative	vegetative	flowering	FALSE	1	1	Reduction	Reduction	2020-04-29T17:00:00Z	120	2020-04-28T19:00:00Z	119	Early	125.66666666666667	-5.666666666666671	164	227	210	46.78697290445285	25.178144181571536	71.96511708602439
97	ST	2020-07-22T00:00:00Z	2	C	292	1899-12-30T09:45:00Z	1899-12-30T10:15:00Z	1899-12-30T10:30:00Z	1	0	4	3.7	NA	2C	2C292	2020				NA	vegetative > vegetative > flowering	vegetative	vegetative	flowering	FALSE	1	1	Reduction	Reduction	2020-04-29T17:00:00Z	120	2020-04-28T19:00:00Z	119	Early	125.66666666666667	-5.666666666666671	164	227	210	46.78697290445285	25.178144181571536	71.96511708602439
98	ST	2020-07-22T00:00:00Z	2	B	185	1899-12-30T10:13:00Z	1899-12-30T10:43:00Z	1899-12-30T10:58:00Z	1	0	3	5.4	NA	2B	2B185	2020				NA	vegetative > vegetative > flowering	vegetative	vegetative	flowering	FALSE	1	1	Control	Mock rainout	2020-04-29T17:00:00Z	120	2020-04-28T19:00:00Z	119	Early	125.66666666666667	-5.666666666666671	164	227	210	46.78697290445285	50.35628836314307	97.14326126759593
99	ST	2020-07-22T00:00:00Z	2	B	188	1899-12-30T10:16:00Z	1899-12-30T10:46:00Z	1899-12-30T11:01:00Z	1	0	8	5.4	NA	2B	2B188	2020				NA	vegetative > vegetative > flowering	vegetative	vegetative	flowering	FALSE	1	1	Control	Mock rainout	2020-04-29T17:00:00Z	120	2020-04-28T19:00:00Z	119	Early	125.66666666666667	-5.666666666666671	164	227	210	46.78697290445285	50.35628836314307	97.14326126759593
100	ST	2020-07-22T00:00:00Z	2	B	189	1899-12-30T10:19:00Z	1899-12-30T10:49:00Z	1899-12-30T11:04:00Z	1	0	10	4.5	NA	2B	2B189	2020				NA	vegetative > vegetative > flowering	vegetative	vegetative	flowering	FALSE	1	1	Control	Mock rainout	2020-04-29T17:00:00Z	120	2020-04-28T19:00:00Z	119	Early	125.66666666666667	-5.666666666666671	164	227	210	46.78697290445285	50.35628836314307	97.14326126759593
101	ST	2020-07-22T00:00:00Z	2	B	186	1899-12-30T10:21:00Z	1899-12-30T10:51:00Z	1899-12-30T11:06:00Z	1	0	4	4.5	NA	2B	2B186	2020				NA	vegetative > vegetative > flowering	vegetative	vegetative	flowering	FALSE	1	1	Control	Mock rainout	2020-04-29T17:00:00Z	120	2020-04-28T19:00:00Z	119	Early	125.66666666666667	-5.666666666666671	164	227	210	46.78697290445285	50.35628836314307	97.14326126759593
102	ST	2020-07-22T00:00:00Z	2	B	183	1899-12-30T10:38:00Z	1899-12-30T11:08:00Z	1899-12-30T11:23:00Z	1	0	3	3.3	bag split open sometime between bag & end	2B	2B183	2020				NA	vegetative > vegetative > flowering	vegetative	vegetative	flowering	FALSE	1	1	Control	Mock rainout	2020-04-29T17:00:00Z	120	2020-04-28T19:00:00Z	119	Early	125.66666666666667	-5.666666666666671	164	227	210	46.78697290445285	50.35628836314307	97.14326126759593
103	ST	2020-07-22T00:00:00Z	2	B	190	1899-12-30T10:40:00Z	1899-12-30T11:10:00Z	1899-12-30T11:25:00Z	1	0	8	3.1	NA	2B	2B190	2020				NA	vegetative > vegetative > flowering	vegetative	vegetative	flowering	FALSE	1	1	Control	Mock rainout	2020-04-29T17:00:00Z	120	2020-04-28T19:00:00Z	119	Early	125.66666666666667	-5.666666666666671	164	227	210	46.78697290445285	50.35628836314307	97.14326126759593
104	ST	2020-07-22T00:00:00Z	2	B	184	1899-12-30T10:42:00Z	1899-12-30T11:12:00Z	1899-12-30T11:27:00Z	1	0	10	3.3	NA	2B	2B184	2020				NA	vegetative > vegetative > flowering	vegetative	vegetative	flowering	FALSE	1	1	Control	Mock rainout	2020-04-29T17:00:00Z	120	2020-04-28T19:00:00Z	119	Early	125.66666666666667	-5.666666666666671	164	227	210	46.78697290445285	50.35628836314307	97.14326126759593
105	ST	2020-07-22T00:00:00Z	2	B	air	1899-12-30T10:53:00Z	1899-12-30T11:23:00Z	1899-12-30T11:38:00Z	1	0	4	NA	NA	2B	2Bair	2020				NA	NA	NA	NA	NA	FALSE	NA	NA	Control	Mock rainout	2020-04-29T17:00:00Z	120	2020-04-28T19:00:00Z	119	Early	125.66666666666667	-5.666666666666671	164	227	210	46.78697290445285	50.35628836314307	97.14326126759593
106	ST	2020-07-22T00:00:00Z	2	B	81	1899-12-30T11:00:00Z	1899-12-30T11:30:00Z	1899-12-30T11:45:00Z	1	0	3	4.2	NA	2B	2B81	2020				NA	vegetative > vegetative > flowering	vegetative	vegetative	flowering	FALSE	1	1	Control	Mock rainout	2020-04-29T17:00:00Z	120	2020-04-28T19:00:00Z	119	Early	125.66666666666667	-5.666666666666671	164	227	210	46.78697290445285	50.35628836314307	97.14326126759593
107	ST	2020-07-22T00:00:00Z	2	B	83	1899-12-30T11:03:00Z	1899-12-30T11:33:00Z	1899-12-30T11:48:00Z	1	0	8	5.3	NA	2B	2B83	2020				NA	vegetative > vegetative > flowering	vegetative	vegetative	flowering	FALSE	1	1	Control	Mock rainout	2020-04-29T17:00:00Z	120	2020-04-28T19:00:00Z	119	Early	125.66666666666667	-5.666666666666671	164	227	210	46.78697290445285	50.35628836314307	97.14326126759593
108	ST	2020-07-22T00:00:00Z	2	B	89	1899-12-30T11:05:00Z	1899-12-30T11:35:00Z	1899-12-30T11:50:00Z	1	0	10	3.7	NA	2B	2B89	2020				NA	vegetative > vegetative > flowering	vegetative	vegetative	flowering	FALSE	1	1	Control	Mock rainout	2020-04-29T17:00:00Z	120	2020-04-28T19:00:00Z	119	Early	125.66666666666667	-5.666666666666671	164	227	210	46.78697290445285	50.35628836314307	97.14326126759593
109	ST	2020-07-22T00:00:00Z	2	B	138	1899-12-30T11:07:00Z	1899-12-30T11:38:00Z	1899-12-30T11:53:00Z	1	0	4	5.8	NA	2B	2B138	2020				NA	vegetative > vegetative > flowering	vegetative	vegetative	flowering	FALSE	1	1	Control	Mock rainout	2020-04-29T17:00:00Z	120	2020-04-28T19:00:00Z	119	Early	125.66666666666667	-5.666666666666671	164	227	210	46.78697290445285	50.35628836314307	97.14326126759593
110	ST	2020-07-22T00:00:00Z	2	B	219	1899-12-30T11:22:00Z	1899-12-30T11:42:00Z	1899-12-30T12:07:00Z	1	0	3	6.3	NA	2B	2B219	2020				NA	NA	NA	NA	NA	FALSE	NA	NA	Control	Mock rainout	2020-04-29T17:00:00Z	120	2020-04-28T19:00:00Z	119	Early	125.66666666666667	-5.666666666666671	164	227	210	46.78697290445285	50.35628836314307	97.14326126759593
111	ST	2020-07-22T00:00:00Z	2	B	220	1899-12-30T11:23:00Z	1899-12-30T11:43:00Z	1899-12-30T12:08:00Z	1	0	8	6.5	NA	2B	2B220	2020				NA	NA	NA	NA	NA	FALSE	NA	NA	Control	Mock rainout	2020-04-29T17:00:00Z	120	2020-04-28T19:00:00Z	119	Early	125.66666666666667	-5.666666666666671	164	227	210	46.78697290445285	50.35628836314307	97.14326126759593
112	ST	2020-07-22T00:00:00Z	2	B	194	1899-12-30T11:27:00Z	1899-12-30T22:47:00Z	1899-12-30T12:12:00Z	1	0	10	3	NA	2B	2B194	2020		volatiles20		NA	vegetative > vegetative > vegetative	vegetative	vegetative	vegetative	FALSE	0	1	Control	Mock rainout	2020-04-29T17:00:00Z	120	2020-04-28T19:00:00Z	119	Early	125.66666666666667	-5.666666666666671	164	227	210	46.78697290445285	50.35628836314307	97.14326126759593
113	ST	2020-07-22T00:00:00Z	2	B	207	1899-12-30T11:29:00Z	1899-12-30T11:59:00Z	1899-12-30T12:14:00Z	1	0	4	5.1	NA	2B	2B207	2020				NA	NA	NA	NA	NA	FALSE	NA	NA	Control	Mock rainout	2020-04-29T17:00:00Z	120	2020-04-28T19:00:00Z	119	Early	125.66666666666667	-5.666666666666671	164	227	210	46.78697290445285	50.35628836314307	97.14326126759593
114	JP	2020-07-29T00:00:00Z	3	C	137	NA	NA	NA	NA	NA	NA	NA	NA	3C	3C137	2020				NA	vegetative > vegetative > flowering	vegetative	vegetative	flowering	FALSE	1	1	Addition	Addition	2020-05-04T21:00:00Z	125	2020-05-04T15:00:00Z	125	Normal	125.66666666666667	-0.6666666666666714	164	227	210	46.78697290445285	130.85628836314308	177.64326126759593
115	JP	2020-07-29T00:00:00Z	3	C	139	NA	NA	NA	NA	NA	NA	NA	NA	3C	3C139	2020				NA	vegetative > vegetative > flowering	vegetative	vegetative	flowering	FALSE	1	1	Addition	Addition	2020-05-04T21:00:00Z	125	2020-05-04T15:00:00Z	125	Normal	125.66666666666667	-0.6666666666666714	164	227	210	46.78697290445285	130.85628836314308	177.64326126759593
116	JP	2020-07-29T00:00:00Z	3	C	153	NA	NA	NA	NA	NA	NA	NA	NA	3C	3C153	2020				NA	vegetative > vegetative > flowering	vegetative	vegetative	flowering	FALSE	1	1	Addition	Addition	2020-05-04T21:00:00Z	125	2020-05-04T15:00:00Z	125	Normal	125.66666666666667	-0.6666666666666714	164	227	210	46.78697290445285	130.85628836314308	177.64326126759593
117	JP	2020-07-29T00:00:00Z	3	C	173	NA	NA	NA	NA	NA	NA	NA	NA	3C	3C173	2020		pheno19		NA	vegetative > vegetative > flowering	vegetative	vegetative	flowering	FALSE	1	1	Addition	Addition	2020-05-04T21:00:00Z	125	2020-05-04T15:00:00Z	125	Normal	125.66666666666667	-0.6666666666666714	164	227	210	46.78697290445285	130.85628836314308	177.64326126759593
118	JP	2020-07-29T00:00:00Z	3	C	166	NA	NA	NA	NA	NA	NA	NA	NA	3C	3C166	2020				NA	vegetative > vegetative > flowering	vegetative	vegetative	flowering	FALSE	1	1	Addition	Addition	2020-05-04T21:00:00Z	125	2020-05-04T15:00:00Z	125	Normal	125.66666666666667	-0.6666666666666714	164	227	210	46.78697290445285	130.85628836314308	177.64326126759593
119	JP	2020-07-29T00:00:00Z	3	C	177	NA	NA	NA	NA	NA	NA	NA	NA	3C	3C177	2020				NA	vegetative > vegetative > flowering	vegetative	vegetative	flowering	FALSE	1	1	Addition	Addition	2020-05-04T21:00:00Z	125	2020-05-04T15:00:00Z	125	Normal	125.66666666666667	-0.6666666666666714	164	227	210	46.78697290445285	130.85628836314308	177.64326126759593
120	JP	2020-07-29T00:00:00Z	3	C	133	NA	NA	NA	NA	NA	NA	NA	NA	3C	3C133	2020				NA	vegetative > vegetative > flowering	vegetative	vegetative	flowering	FALSE	1	1	Addition	Addition	2020-05-04T21:00:00Z	125	2020-05-04T15:00:00Z	125	Normal	125.66666666666667	-0.6666666666666714	164	227	210	46.78697290445285	130.85628836314308	177.64326126759593
121	JP	2020-07-29T00:00:00Z	3	C	air	NA	NA	NA	NA	NA	NA	NA	NA	3C	3Cair	2020				NA	NA	NA	NA	NA	FALSE	NA	NA	Addition	Addition	2020-05-04T21:00:00Z	125	2020-05-04T15:00:00Z	125	Normal	125.66666666666667	-0.6666666666666714	164	227	210	46.78697290445285	130.85628836314308	177.64326126759593
122	JP	2020-07-29T00:00:00Z	4	D	52	NA	NA	NA	NA	NA	NA	NA	NA	4D	4D52	2020				NA	vegetative > vegetative > flowering	vegetative	vegetative	flowering	FALSE	1	1	Reduction	Reduction	2020-04-30T19:00:00Z	121	2020-04-28T18:00:00Z	119	Early	125.66666666666667	-4.666666666666671	164	227	210	46.78697290445285	25.178144181571536	71.96511708602439
123	JP	2020-07-29T00:00:00Z	1	B	650	NA	NA	NA	NA	NA	NA	NA	NA	1B	1B650	2020				NA	vegetative > vegetative > flowering	vegetative	vegetative	flowering	FALSE	1	1	Control	Control	2020-05-04T15:00:00Z	125	2020-05-02T18:00:00Z	123	Normal	125.66666666666667	-0.6666666666666714	164	227	210	46.78697290445285	50.35628836314307	97.14326126759593
124	JP	2020-07-29T00:00:00Z	1	B	653	NA	NA	NA	NA	NA	NA	NA	NA	1B	1B653	2020				NA	vegetative > vegetative > flowering	vegetative	vegetative	flowering	FALSE	1	1	Control	Control	2020-05-04T15:00:00Z	125	2020-05-02T18:00:00Z	123	Normal	125.66666666666667	-0.6666666666666714	164	227	210	46.78697290445285	50.35628836314307	97.14326126759593
125	JP	2020-07-29T00:00:00Z	1	B	air	NA	NA	NA	NA	NA	NA	NA	NA	1B	1Bair	2020				NA	NA	NA	NA	NA	FALSE	NA	NA	Control	Control	2020-05-04T15:00:00Z	125	2020-05-02T18:00:00Z	123	Normal	125.66666666666667	-0.6666666666666714	164	227	210	46.78697290445285	50.35628836314307	97.14326126759593
126	BV	2020-07-29T00:00:00Z	3	B	828	NA	NA	NA	NA	NA	NA	NA	JP has all this data - need to enter	3B	3B828	2020				NA	vegetative > vegetative > flowering	vegetative	vegetative	flowering	FALSE	1	1	Control	Mock rainout	2020-05-04T21:00:00Z	125	2020-05-04T15:00:00Z	125	Normal	125.66666666666667	-0.6666666666666714	164	227	210	46.78697290445285	50.35628836314307	97.14326126759593
127	BV	2020-07-29T00:00:00Z	3	B	838	NA	NA	NA	NA	NA	NA	NA	NA	3B	3B838	2020				NA	vegetative > vegetative > flowering	vegetative	vegetative	flowering	FALSE	1	1	Control	Mock rainout	2020-05-04T21:00:00Z	125	2020-05-04T15:00:00Z	125	Normal	125.66666666666667	-0.6666666666666714	164	227	210	46.78697290445285	50.35628836314307	97.14326126759593
128	BV	2020-07-29T00:00:00Z	3	B	618	NA	NA	NA	NA	NA	NA	NA	NA	3B	3B618	2020				NA	vegetative > vegetative > flowering	vegetative	vegetative	flowering	FALSE	1	1	Control	Mock rainout	2020-05-04T21:00:00Z	125	2020-05-04T15:00:00Z	125	Normal	125.66666666666667	-0.6666666666666714	164	227	210	46.78697290445285	50.35628836314307	97.14326126759593
129	BV	2020-07-29T00:00:00Z	3	A	641	NA	NA	NA	NA	NA	NA	NA	NA	3A	3A641	2020				NA	vegetative > vegetative > flowering	vegetative	vegetative	flowering	FALSE	1	1	Reduction	Reduction	2020-05-04T21:00:00Z	125	2020-05-04T15:00:00Z	125	Normal	125.66666666666667	-0.6666666666666714	164	227	210	46.78697290445285	25.178144181571536	71.96511708602439
130	BV	2020-07-29T00:00:00Z	3	D	881	NA	NA	NA	NA	NA	NA	NA	NA	3D	3D881	2020				NA	vegetative > vegetative > flowering	vegetative	vegetative	flowering	FALSE	1	1	Control	Control	2020-05-04T21:00:00Z	125	2020-05-04T15:00:00Z	125	Normal	125.66666666666667	-0.6666666666666714	164	227	210	46.78697290445285	50.35628836314307	97.14326126759593
131	BV	2020-07-29T00:00:00Z	3	D	895	NA	NA	NA	NA	NA	NA	NA	NA	3D	3D895	2020				NA	vegetative > vegetative > flowering	vegetative	vegetative	flowering	FALSE	1	1	Control	Control	2020-05-04T21:00:00Z	125	2020-05-04T15:00:00Z	125	Normal	125.66666666666667	-0.6666666666666714	164	227	210	46.78697290445285	50.35628836314307	97.14326126759593
132	BV	2020-07-29T00:00:00Z	3	A	180	NA	NA	NA	NA	NA	NA	NA	NA	3A	3A180	2020				NA	NA	NA	NA	NA	FALSE	NA	NA	Reduction	Reduction	2020-05-04T21:00:00Z	125	2020-05-04T15:00:00Z	125	Normal	125.66666666666667	-0.6666666666666714	164	227	210	46.78697290445285	25.178144181571536	71.96511708602439
133	BV	2020-07-29T00:00:00Z	3	A	145	NA	NA	NA	NA	NA	NA	NA	NA	3A	3A145	2020				NA	NA	NA	NA	NA	FALSE	NA	NA	Reduction	Reduction	2020-05-04T21:00:00Z	125	2020-05-04T15:00:00Z	125	Normal	125.66666666666667	-0.6666666666666714	164	227	210	46.78697290445285	25.178144181571536	71.96511708602439
134	ST	2020-07-29T00:00:00Z	4	A	124	1899-12-30T09:27:00Z	1899-12-30T09:57:00Z	1899-12-30T10:12:00Z	1	0	4	13.1	accidentally touched scent trap slightly	4A	4A124	2020				NA	vegetative > flowering > flowering	vegetative	flowering	flowering	FALSE	1	1	Addition	Addition	2020-04-30T19:00:00Z	121	2020-04-28T18:00:00Z	119	Early	125.66666666666667	-4.666666666666671	164	227	210	46.78697290445285	130.85628836314308	177.64326126759593
135	ST	2020-07-29T00:00:00Z	4	A	101	1899-12-30T09:30:00Z	1899-12-30T10:00:00Z	1899-12-30T10:15:00Z	1	0	3	13.2	NA	4A	4A101	2020				NA	vegetative > vegetative > flowering	vegetative	vegetative	flowering	FALSE	1	1	Addition	Addition	2020-04-30T19:00:00Z	121	2020-04-28T18:00:00Z	119	Early	125.66666666666667	-4.666666666666671	164	227	210	46.78697290445285	130.85628836314308	177.64326126759593
136	ST	2020-07-29T00:00:00Z	4	A	80	1899-12-30T09:33:00Z	1899-12-30T10:03:00Z	1899-12-30T10:18:00Z	1	0	9	8.3	NA	4A	4A80	2020				NA	vegetative > vegetative > flowering	vegetative	vegetative	flowering	FALSE	1	1	Addition	Addition	2020-04-30T19:00:00Z	121	2020-04-28T18:00:00Z	119	Early	125.66666666666667	-4.666666666666671	164	227	210	46.78697290445285	130.85628836314308	177.64326126759593
137	ST	2020-07-29T00:00:00Z	4	A	85	1899-12-30T09:50:00Z	1899-12-30T10:20:00Z	1899-12-30T10:35:00Z	1	0	4	10.8	NA	4A	4A85	2020				NA	vegetative > vegetative > flowering	vegetative	vegetative	flowering	FALSE	1	1	Addition	Addition	2020-04-30T19:00:00Z	121	2020-04-28T18:00:00Z	119	Early	125.66666666666667	-4.666666666666671	164	227	210	46.78697290445285	130.85628836314308	177.64326126759593
138	ST	2020-07-29T00:00:00Z	4	A	99	1899-12-30T09:53:00Z	1899-12-30T10:23:00Z	1899-12-30T10:38:00Z	1	0	3	12.3	NA	4A	4A99	2020				NA	vegetative > vegetative > flowering	vegetative	vegetative	flowering	FALSE	1	1	Addition	Addition	2020-04-30T19:00:00Z	121	2020-04-28T18:00:00Z	119	Early	125.66666666666667	-4.666666666666671	164	227	210	46.78697290445285	130.85628836314308	177.64326126759593
139	ST	2020-07-29T00:00:00Z	4	B	594	1899-12-30T09:56:00Z	1899-12-30T10:26:00Z	1899-12-30T10:41:00Z	1	0	9	9.2	NA	4B	4B594	2020				NA	vegetative > vegetative > flowering	vegetative	vegetative	flowering	FALSE	1	1	Control	Mock rainout	2020-04-30T19:00:00Z	121	2020-04-28T18:00:00Z	119	Early	125.66666666666667	-4.666666666666671	164	227	210	46.78697290445285	50.35628836314307	97.14326126759593
140	ST	2020-07-29T00:00:00Z	4	C	213	1899-12-30T10:13:00Z	1899-12-30T10:43:00Z	1899-12-30T10:58:00Z	1	0	4	9.9	NA	4C	4C213	2020				NA	vegetative > vegetative > flowering	vegetative	vegetative	flowering	FALSE	1	1	Control	Control	2020-04-30T19:00:00Z	121	2020-04-28T18:00:00Z	119	Early	125.66666666666667	-4.666666666666671	164	227	210	46.78697290445285	50.35628836314307	97.14326126759593
141	ST	2020-07-29T00:00:00Z	4	C	187	1899-12-30T10:16:00Z	1899-12-30T10:46:00Z	1899-12-30T11:01:00Z	1	0	3	8.9	NA	4C	4C187	2020				NA	vegetative > vegetative > flowering	vegetative	vegetative	flowering	FALSE	1	1	Control	Control	2020-04-30T19:00:00Z	121	2020-04-28T18:00:00Z	119	Early	125.66666666666667	-4.666666666666671	164	227	210	46.78697290445285	50.35628836314307	97.14326126759593
142	ST	2020-07-29T00:00:00Z	4	C	120	1899-12-30T10:19:00Z	1899-12-30T10:49:00Z	1899-12-30T11:04:00Z	1	1	9	7.3	NA	4C	4C120	2020				NA	vegetative > vegetative > flowering	vegetative	vegetative	flowering	FALSE	1	1	Control	Control	2020-04-30T19:00:00Z	121	2020-04-28T18:00:00Z	119	Early	125.66666666666667	-4.666666666666671	164	227	210	46.78697290445285	50.35628836314307	97.14326126759593
143	ST	2020-07-29T00:00:00Z	4	C	195	1899-12-30T10:33:00Z	1899-12-30T11:03:00Z	1899-12-30T11:18:00Z	1	0	4	9.9	popped out very briefly	4C	4C195	2020				NA	vegetative > vegetative > flowering	vegetative	vegetative	flowering	FALSE	1	1	Control	Control	2020-04-30T19:00:00Z	121	2020-04-28T18:00:00Z	119	Early	125.66666666666667	-4.666666666666671	164	227	210	46.78697290445285	50.35628836314307	97.14326126759593
144	ST	2020-07-29T00:00:00Z	4	D	37	1899-12-30T10:36:00Z	1899-12-30T11:06:00Z	1899-12-30T11:21:00Z	1	0	3	7.3	NA	4D	4D37	2020				NA	vegetative > vegetative > flowering	vegetative	vegetative	flowering	FALSE	1	1	Reduction	Reduction	2020-04-30T19:00:00Z	121	2020-04-28T18:00:00Z	119	Early	125.66666666666667	-4.666666666666671	164	227	210	46.78697290445285	25.178144181571536	71.96511708602439
145	ST	2020-07-29T00:00:00Z	N	A	NAair	1899-12-30T10:39:00Z	1899-12-30T11:09:00Z	1899-12-30T11:24:00Z	0	0	9	NA	NA	"NA"	NANAair	2020				NA	NA	NA	NA	NA	FALSE	NA	NA	NA	NA	NA	NA	NA	NA	NA	NA	NA	NA	NA	NA	NA	NA	NA
146	ST	2020-07-29T00:00:00Z	5	D	247	1899-12-30T11:12:00Z	1899-12-30T11:42:00Z	1899-12-30T11:57:00Z	1	0	4	7.3	popped out for an unknown time	5D	5D247	2020				NA	vegetative > vegetative > flowering	vegetative	vegetative	flowering	FALSE	1	1	Control	Control	2020-04-28T20:00:00Z	119	2020-04-28T17:00:00Z	119	Early	125.66666666666667	-6.666666666666671	164	227	210	46.78697290445285	50.35628836314307	97.14326126759593
147	ST	2020-07-29T00:00:00Z	6	D	46	1899-12-30T11:14:00Z	1899-12-30T11:44:00Z	1899-12-30T11:59:00Z	1	0	3	12.1	NA	6D	6D46	2020		pheno18		NA	vegetative > vegetative > flowering	vegetative	vegetative	flowering	FALSE	1	1	Addition	Addition	2020-05-06T18:00:00Z	127	2020-05-05T19:00:00Z	126	Normal	125.66666666666667	1.3333333333333286	164	227	210	46.78697290445285	130.85628836314308	177.64326126759593
148	ST	2020-07-29T00:00:00Z	6	C	96	1899-12-30T11:16:00Z	1899-12-30T11:46:00Z	1899-12-30T12:01:00Z	1	1	9	10.5	NA	6C	6C96	2020				NA	vegetative > flowering > flowering	vegetative	flowering	flowering	FALSE	1	1	Control	Mock rainout	2020-05-06T18:00:00Z	127	2020-05-05T19:00:00Z	126	Normal	125.66666666666667	1.3333333333333286	164	227	210	46.78697290445285	50.35628836314307	97.14326126759593
149	JP	2020-07-30T00:00:00Z	6	C	111	NA	NA	NA	NA	NA	NA	NA	NA	6C	6C111	2020				NA	vegetative > vegetative > flowering	vegetative	vegetative	flowering	FALSE	1	1	Control	Mock rainout	2020-05-06T18:00:00Z	127	2020-05-05T19:00:00Z	126	Normal	125.66666666666667	1.3333333333333286	164	227	210	46.78697290445285	50.35628836314307	97.14326126759593
150	JP	2020-07-30T00:00:00Z	6	C	116	NA	NA	NA	NA	NA	NA	NA	NA	6C	6C116	2020				NA	vegetative > vegetative > flowering	vegetative	vegetative	flowering	FALSE	1	1	Control	Mock rainout	2020-05-06T18:00:00Z	127	2020-05-05T19:00:00Z	126	Normal	125.66666666666667	1.3333333333333286	164	227	210	46.78697290445285	50.35628836314307	97.14326126759593
151	JP	2020-07-30T00:00:00Z	6	C	121	NA	NA	NA	NA	NA	NA	NA	NA	6C	6C121	2020				NA	vegetative > vegetative > flowering	vegetative	vegetative	flowering	FALSE	1	1	Control	Mock rainout	2020-05-06T18:00:00Z	127	2020-05-05T19:00:00Z	126	Normal	125.66666666666667	1.3333333333333286	164	227	210	46.78697290445285	50.35628836314307	97.14326126759593
152	JP	2020-07-30T00:00:00Z	6	A	145	NA	NA	NA	NA	NA	NA	NA	NA	6A	6A145	2020				NA	vegetative > vegetative > flowering	vegetative	vegetative	flowering	FALSE	1	1	Control	Control	2020-05-06T18:00:00Z	127	2020-05-05T19:00:00Z	126	Normal	125.66666666666667	1.3333333333333286	164	227	210	46.78697290445285	50.35628836314307	97.14326126759593
153	JP	2020-07-30T00:00:00Z	6	A	136	NA	NA	NA	NA	NA	NA	NA	NA	6A	6A136	2020				NA	vegetative > vegetative > flowering	vegetative	vegetative	flowering	FALSE	1	1	Control	Control	2020-05-06T18:00:00Z	127	2020-05-05T19:00:00Z	126	Normal	125.66666666666667	1.3333333333333286	164	227	210	46.78697290445285	50.35628836314307	97.14326126759593
154	JP	2020-07-30T00:00:00Z	6	D	59	NA	NA	NA	NA	NA	NA	NA	NA	6D	6D59	2020				NA	vegetative > vegetative > flowering	vegetative	vegetative	flowering	FALSE	1	1	Addition	Addition	2020-05-06T18:00:00Z	127	2020-05-05T19:00:00Z	126	Normal	125.66666666666667	1.3333333333333286	164	227	210	46.78697290445285	130.85628836314308	177.64326126759593
155	JP	2020-07-30T00:00:00Z	6	D	64	NA	NA	NA	NA	NA	NA	NA	NA	6D	6D64	2020				NA	vegetative > vegetative > flowering	vegetative	vegetative	flowering	FALSE	1	1	Addition	Addition	2020-05-06T18:00:00Z	127	2020-05-05T19:00:00Z	126	Normal	125.66666666666667	1.3333333333333286	164	227	210	46.78697290445285	130.85628836314308	177.64326126759593
156	JP	2020-07-30T00:00:00Z	6	D	48	NA	NA	NA	NA	NA	NA	NA	NA	6D	6D48	2020				NA	vegetative > vegetative > flowering	vegetative	vegetative	flowering	FALSE	1	1	Addition	Addition	2020-05-06T18:00:00Z	127	2020-05-05T19:00:00Z	126	Normal	125.66666666666667	1.3333333333333286	164	227	210	46.78697290445285	130.85628836314308	177.64326126759593
157	JP	2020-07-30T00:00:00Z	5	B	289	NA	NA	NA	NA	NA	NA	NA	NA	5B	5B289	2020				NA	vegetative > vegetative > flowering	vegetative	vegetative	flowering	FALSE	1	1	Control	Mock rainout	2020-04-28T20:00:00Z	119	2020-04-28T17:00:00Z	119	Early	125.66666666666667	-6.666666666666671	164	227	210	46.78697290445285	50.35628836314307	97.14326126759593
158	JP	2020-07-30T00:00:00Z	5	B	299	NA	NA	NA	NA	NA	NA	NA	NA	5B	5B299	2020				NA	vegetative > vegetative > flowering	vegetative	vegetative	flowering	FALSE	1	1	Control	Mock rainout	2020-04-28T20:00:00Z	119	2020-04-28T17:00:00Z	119	Early	125.66666666666667	-6.666666666666671	164	227	210	46.78697290445285	50.35628836314307	97.14326126759593
159	JP	2020-07-30T00:00:00Z	5	B	296	NA	NA	NA	NA	NA	NA	NA	NA	5B	5B296	2020				NA	vegetative > vegetative > flowering	vegetative	vegetative	flowering	FALSE	1	1	Control	Mock rainout	2020-04-28T20:00:00Z	119	2020-04-28T17:00:00Z	119	Early	125.66666666666667	-6.666666666666671	164	227	210	46.78697290445285	50.35628836314307	97.14326126759593
160	JP	2020-07-30T00:00:00Z	5	C	217	NA	NA	NA	NA	NA	NA	NA	NA	5C	5C217	2020				NA	vegetative > flowering > flowering	vegetative	flowering	flowering	FALSE	1	1	Reduction	Reduction	2020-04-28T20:00:00Z	119	2020-04-28T17:00:00Z	119	Early	125.66666666666667	-6.666666666666671	164	227	210	46.78697290445285	25.178144181571536	71.96511708602439
161	JP	2020-07-30T00:00:00Z	5	C	683	NA	NA	NA	NA	NA	NA	NA	NA	5C	5C683	2020				NA	vegetative > vegetative > flowering	vegetative	vegetative	flowering	FALSE	1	1	Reduction	Reduction	2020-04-28T20:00:00Z	119	2020-04-28T17:00:00Z	119	Early	125.66666666666667	-6.666666666666671	164	227	210	46.78697290445285	25.178144181571536	71.96511708602439
162	JP	2020-07-30T00:00:00Z	5	C	207	NA	NA	NA	NA	NA	NA	NA	NA	5C	5C207	2020				NA	vegetative > vegetative > flowering	vegetative	vegetative	flowering	FALSE	1	1	Reduction	Reduction	2020-04-28T20:00:00Z	119	2020-04-28T17:00:00Z	119	Early	125.66666666666667	-6.666666666666671	164	227	210	46.78697290445285	25.178144181571536	71.96511708602439
163	JP	2020-07-30T00:00:00Z	5	C	208	NA	NA	NA	NA	NA	NA	NA	NA	5C	5C208	2020				NA	vegetative > vegetative > flowering	vegetative	vegetative	flowering	FALSE	1	1	Reduction	Reduction	2020-04-28T20:00:00Z	119	2020-04-28T17:00:00Z	119	Early	125.66666666666667	-6.666666666666671	164	227	210	46.78697290445285	25.178144181571536	71.96511708602439
164	JP	2020-07-30T00:00:00Z	5	B	air	NA	NA	NA	NA	NA	NA	NA	NA	5B	5Bair	2020				NA	NA	NA	NA	NA	FALSE	NA	NA	Control	Mock rainout	2020-04-28T20:00:00Z	119	2020-04-28T17:00:00Z	119	Early	125.66666666666667	-6.666666666666671	164	227	210	46.78697290445285	50.35628836314307	97.14326126759593
165	BV	2020-07-30T00:00:00Z	3	B	828	1899-12-30T09:26:00Z	1899-12-30T09:56:00Z	1899-12-30T10:11:00Z	1	0	7	10.7	NA	3B	3B828	2020				NA	vegetative > vegetative > flowering	vegetative	vegetative	flowering	FALSE	1	1	Control	Mock rainout	2020-05-04T21:00:00Z	125	2020-05-04T15:00:00Z	125	Normal	125.66666666666667	-0.6666666666666714	164	227	210	46.78697290445285	50.35628836314307	97.14326126759593
166	BV	2020-07-30T00:00:00Z	3	B	838	1899-12-30T09:31:00Z	1899-12-30T10:01:00Z	1899-12-30T10:16:00Z	2	0	10	12.4	NA	3B	3B838	2020				NA	vegetative > vegetative > flowering	vegetative	vegetative	flowering	FALSE	1	1	Control	Mock rainout	2020-05-04T21:00:00Z	125	2020-05-04T15:00:00Z	125	Normal	125.66666666666667	-0.6666666666666714	164	227	210	46.78697290445285	50.35628836314307	97.14326126759593
167	BV	2020-07-30T00:00:00Z	3	B	618	1899-12-30T09:47:00Z	1899-12-30T10:17:00Z	1899-12-30T10:32:00Z	1	0	7	7.8	NA	3B	3B618	2020				NA	vegetative > vegetative > flowering	vegetative	vegetative	flowering	FALSE	1	1	Control	Mock rainout	2020-05-04T21:00:00Z	125	2020-05-04T15:00:00Z	125	Normal	125.66666666666667	-0.6666666666666714	164	227	210	46.78697290445285	50.35628836314307	97.14326126759593
168	BV	2020-07-30T00:00:00Z	3	A	641	1899-12-30T09:49:00Z	1899-12-30T10:19:00Z	1899-12-30T10:34:00Z	1	0	10	7.5	NA	3A	3A641	2020				NA	vegetative > vegetative > flowering	vegetative	vegetative	flowering	FALSE	1	1	Reduction	Reduction	2020-05-04T21:00:00Z	125	2020-05-04T15:00:00Z	125	Normal	125.66666666666667	-0.6666666666666714	164	227	210	46.78697290445285	25.178144181571536	71.96511708602439
169	BV	2020-07-30T00:00:00Z	3	D	176	NA	NA	NA	NA	NA	NA	NA	NOT FOUND	3D	3D176	2020				NA	NA	NA	NA	NA	FALSE	NA	NA	Control	Control	2020-05-04T21:00:00Z	125	2020-05-04T15:00:00Z	125	Normal	125.66666666666667	-0.6666666666666714	164	227	210	46.78697290445285	50.35628836314307	97.14326126759593
170	BV	2020-07-30T00:00:00Z	3	D	881	1899-12-30T10:16:00Z	1899-12-30T10:46:00Z	1899-12-30T11:01:00Z	1	0	7	8.1	NA	3D	3D881	2020				NA	vegetative > vegetative > flowering	vegetative	vegetative	flowering	FALSE	1	1	Control	Control	2020-05-04T21:00:00Z	125	2020-05-04T15:00:00Z	125	Normal	125.66666666666667	-0.6666666666666714	164	227	210	46.78697290445285	50.35628836314307	97.14326126759593
171	BV	2020-07-30T00:00:00Z	3	D	895	1899-12-30T10:26:00Z	1899-12-30T10:56:00Z	1899-12-30T11:11:00Z	1	1	10	5.6	NA	3D	3D895	2020				NA	vegetative > vegetative > flowering	vegetative	vegetative	flowering	FALSE	1	1	Control	Control	2020-05-04T21:00:00Z	125	2020-05-04T15:00:00Z	125	Normal	125.66666666666667	-0.6666666666666714	164	227	210	46.78697290445285	50.35628836314307	97.14326126759593
172	BV	2020-07-30T00:00:00Z	5	A	180	1899-12-30T11:06:00Z	1899-12-30T11:36:00Z	1899-12-30T11:52:00Z	2	0	7	14.6	NA	5A	5A180	2020				NA	flowering > vegetative > flowering	flowering	vegetative	flowering	FALSE	1	1	Addition	Addition	2020-04-28T20:00:00Z	119	2020-04-28T17:00:00Z	119	Early	125.66666666666667	-6.666666666666671	164	227	210	46.78697290445285	130.85628836314308	177.64326126759593
173	BV	2020-07-30T00:00:00Z	6	A	145	1899-12-30T11:08:00Z	1899-12-30T11:38:00Z	1899-12-30T11:53:00Z	1	0	10	7.9	NA	6A	6A145	2020				NA	vegetative > vegetative > flowering	vegetative	vegetative	flowering	FALSE	1	1	Control	Control	2020-05-06T18:00:00Z	127	2020-05-05T19:00:00Z	126	Normal	125.66666666666667	1.3333333333333286	164	227	210	46.78697290445285	50.35628836314307	97.14326126759593
1	JP	2020-07-01T00:00:00Z	1	A	257	1899-12-30T09:18:00Z	1899-12-30T09:54:00Z	1899-12-30T10:09:00Z	1	0	4	10.7	NA	1A	1A257	2020				NA	vegetative > vegetative > flowering	vegetative	vegetative	flowering	FALSE	NA	NA	Addition	Addition	2020-05-04T15:00:00Z	125	2020-05-02T18:00:00Z	123	Normal	125.66666666666667	-0.6666666666666714	164	227	210	46.78697290445285	130.85628836314308	177.64326126759593
2	JP	2020-07-01T00:00:00Z	2	A	589	1899-12-30T09:30:00Z	1899-12-30T10:00:00Z	1899-12-30T10:15:00Z	1	0	8	2.6	NA	2A	2A589	2020				NA	vegetative > vegetative > flowering	vegetative	vegetative	flowering	FALSE	NA	NA	Control	Control	2020-04-29T17:00:00Z	120	2020-04-28T19:00:00Z	119	Early	125.66666666666667	-5.666666666666671	164	227	210	46.78697290445285	50.35628836314307	97.14326126759593
3	JP	2020-07-01T00:00:00Z	2	A	285	1899-12-30T09:36:00Z	1899-12-30T10:06:00Z	1899-12-30T10:21:00Z	1	0	1	2.6	NA	2A	2A285	2020				NA	vegetative > vegetative > flowering	vegetative	vegetative	flowering	FALSE	NA	NA	Control	Control	2020-04-29T17:00:00Z	120	2020-04-28T19:00:00Z	119	Early	125.66666666666667	-5.666666666666671	164	227	210	46.78697290445285	50.35628836314307	97.14326126759593
4	JP	2020-07-01T00:00:00Z	2	B	138	1899-12-30T09:42:00Z	1899-12-30T10:12:00Z	1899-12-30T10:27:00Z	1	0	4	4.6	NA	2B	2B138	2020				NA	vegetative > vegetative > flowering	vegetative	vegetative	flowering	FALSE	NA	NA	Control	Mock rainout	2020-04-29T17:00:00Z	120	2020-04-28T19:00:00Z	119	Early	125.66666666666667	-5.666666666666671	164	227	210	46.78697290445285	50.35628836314307	97.14326126759593
5	JP	2020-07-01T00:00:00Z	2	D	193	1899-12-30T09:46:00Z	1899-12-30T10:20:00Z	1899-12-30T10:35:00Z	1	1	8	5.1	NA	2D	2D193	2020				NA	vegetative > vegetative > flowering	vegetative	vegetative	flowering	FALSE	NA	NA	Addition	Addition	2020-04-29T17:00:00Z	120	2020-04-28T19:00:00Z	119	Early	125.66666666666667	-5.666666666666671	164	227	210	46.78697290445285	130.85628836314308	177.64326126759593
6	JP	2020-07-01T00:00:00Z	3	A	125	1899-12-30T10:08:00Z	1899-12-30T10:38:00Z	1899-12-30T10:53:00Z	1	0	1	3	NA	3A	3A125	2020				NA	vegetative > vegetative > flowering	vegetative	vegetative	flowering	FALSE	NA	NA	Reduction	Reduction	2020-05-04T21:00:00Z	125	2020-05-04T15:00:00Z	125	Normal	125.66666666666667	-0.6666666666666714	164	227	210	46.78697290445285	25.178144181571536	71.96511708602439
7	JP	2020-07-01T00:00:00Z	3	A	278	1899-12-30T10:27:00Z	1899-12-30T10:57:00Z	1899-12-30T11:12:00Z	1	0	1	4.4	NA	3A	3A278	2020				NA	vegetative > vegetative > flowering	vegetative	vegetative	flowering	FALSE	NA	NA	Reduction	Reduction	2020-05-04T21:00:00Z	125	2020-05-04T15:00:00Z	125	Normal	125.66666666666667	-0.6666666666666714	164	227	210	46.78697290445285	25.178144181571536	71.96511708602439
8	JP	2020-07-01T00:00:00Z	3	B	603	1899-12-30T10:31:00Z	1899-12-30T11:05:00Z	1899-12-30T11:20:00Z	1	0	8	5	NA	3B	3B603	2020				NA	vegetative > vegetative > flowering	vegetative	vegetative	flowering	FALSE	NA	NA	Control	Mock rainout	2020-05-04T21:00:00Z	125	2020-05-04T15:00:00Z	125	Normal	125.66666666666667	-0.6666666666666714	164	227	210	46.78697290445285	50.35628836314307	97.14326126759593
9	JP	2020-07-01T00:00:00Z	5	B	16	1899-12-30T10:43:00Z	1899-12-30T11:13:00Z	1899-12-30T11:28:00Z	1	0	4	3.4	NA	5B	5B16	2020				NA	vegetative > vegetative > flowering	vegetative	vegetative	flowering	FALSE	NA	NA	Control	Mock rainout	2020-04-28T20:00:00Z	119	2020-04-28T17:00:00Z	119	Early	125.66666666666667	-6.666666666666671	164	227	210	46.78697290445285	50.35628836314307	97.14326126759593
10	JP	2020-07-01T00:00:00Z	5	D	242	1899-12-30T10:47:00Z	1899-12-30T11:21:00Z	1899-12-30T11:36:00Z	1	1	1	1.6	NA	5D	5D242	2020				NA	vegetative > vegetative > flowering	vegetative	vegetative	flowering	FALSE	NA	NA	Control	Control	2020-04-28T20:00:00Z	119	2020-04-28T17:00:00Z	119	Early	125.66666666666667	-6.666666666666671	164	227	210	46.78697290445285	50.35628836314307	97.14326126759593
11	JP	2020-07-01T00:00:00Z	5	A	185	1899-12-30T11:10:00Z	1899-12-30T11:40:00Z	1899-12-30T11:55:00Z	1	1	1	8.9	NA	5A	5A185	2020		pheno19		NA	vegetative > vegetative > flowering	vegetative	vegetative	flowering	FALSE	NA	NA	Addition	Addition	2020-04-28T20:00:00Z	119	2020-04-28T17:00:00Z	119	Early	125.66666666666667	-6.666666666666671	164	227	210	46.78697290445285	130.85628836314308	177.64326126759593
12	ST	2020-07-01T00:00:00Z	1	A	231	1899-12-30T09:18:00Z	1899-12-30T09:48:00Z	1899-12-30T10:03:00Z	1	1	9	8.1	NA	1A	1A231	2020				NA	vegetative > vegetative > flowering	vegetative	vegetative	flowering	FALSE	NA	NA	Addition	Addition	2020-05-04T15:00:00Z	125	2020-05-02T18:00:00Z	123	Normal	125.66666666666667	-0.6666666666666714	164	227	210	46.78697290445285	130.85628836314308	177.64326126759593
13	ST	2020-07-01T00:00:00Z	1	A	244	1899-12-30T09:27:00Z	1899-12-30T09:57:00Z	1899-12-30T10:12:00Z	1	2	5	8.2	NA	1A	1A244	2020				NA	vegetative > vegetative > flowering	vegetative	vegetative	flowering	FALSE	NA	NA	Addition	Addition	2020-05-04T15:00:00Z	125	2020-05-02T18:00:00Z	123	Normal	125.66666666666667	-0.6666666666666714	164	227	210	46.78697290445285	130.85628836314308	177.64326126759593
14	ST	2020-07-01T00:00:00Z	1	A	250	1899-12-30T09:31:00Z	1899-12-30T10:01:00Z	1899-12-30T10:16:00Z	1	3	10	8.2	NA	1A	1A250	2020				NA	vegetative > vegetative > flowering	vegetative	vegetative	flowering	FALSE	NA	NA	Addition	Addition	2020-05-04T15:00:00Z	125	2020-05-02T18:00:00Z	123	Normal	125.66666666666667	-0.6666666666666714	164	227	210	46.78697290445285	130.85628836314308	177.64326126759593
15	ST	2020-07-01T00:00:00Z	1	D	24	1899-12-30T09:42:00Z	1899-12-30T10:12:00Z	1899-12-30T10:27:00Z	1	1	9	3.2	NA	1D	1D24	2020				NA	vegetative > vegetative > flowering	vegetative	vegetative	flowering	FALSE	NA	NA	Reduction	Reduction	2020-05-04T15:00:00Z	125	2020-05-02T18:00:00Z	123	Normal	125.66666666666667	-0.6666666666666714	164	227	210	46.78697290445285	25.178144181571536	71.96511708602439
16	ST	2020-07-01T00:00:00Z	1	C	64	1899-12-30T09:56:00Z	1899-12-30T10:26:00Z	1899-12-30T10:41:00Z	1	0	5	2.5	NA	1C	1C64	2020				NA	vegetative > vegetative > flowering	vegetative	vegetative	flowering	FALSE	NA	NA	Control	Mock rainout	2020-05-04T15:00:00Z	125	2020-05-02T18:00:00Z	123	Normal	125.66666666666667	-0.6666666666666714	164	227	210	46.78697290445285	50.35628836314307	97.14326126759593
17	ST	2020-07-01T00:00:00Z	3	C	174	1899-12-30T10:26:00Z	1899-12-30T10:56:00Z	1899-12-30T11:11:00Z	1	1	10	2.6	NA	3C	3C174	2020				NA	vegetative > vegetative > flowering	vegetative	vegetative	flowering	FALSE	NA	NA	Addition	Addition	2020-05-04T21:00:00Z	125	2020-05-04T15:00:00Z	125	Normal	125.66666666666667	-0.6666666666666714	164	227	210	46.78697290445285	130.85628836314308	177.64326126759593
18	ST	2020-07-01T00:00:00Z	3	D	886	1899-12-30T10:31:00Z	1899-12-30T11:01:00Z	1899-12-30T11:16:00Z	1	1	9	2.2	NA	3D	3D886	2020				NA	vegetative > vegetative > flowering	vegetative	vegetative	flowering	FALSE	NA	NA	Control	Control	2020-05-04T21:00:00Z	125	2020-05-04T15:00:00Z	125	Normal	125.66666666666667	-0.6666666666666714	164	227	210	46.78697290445285	50.35628836314307	97.14326126759593
19	ST	2020-07-01T00:00:00Z	4	A	114	1899-12-30T10:35:00Z	1899-12-30T11:04:00Z	1899-12-30T11:20:00Z	1	0	5	4.2	NA	4A	4A114	2020				NA	vegetative > vegetative > flowering	vegetative	vegetative	flowering	FALSE	NA	NA	Addition	Addition	2020-04-30T19:00:00Z	121	2020-04-28T18:00:00Z	119	Early	125.66666666666667	-4.666666666666671	164	227	210	46.78697290445285	130.85628836314308	177.64326126759593
20	ST	2020-07-01T00:00:00Z	4	B	596	1899-12-30T10:50:00Z	1899-12-30T11:20:00Z	1899-12-30T11:35:00Z	1	2	10	4.7	NA	4B	4B596	2020				NA	vegetative > vegetative > flowering	vegetative	vegetative	flowering	FALSE	NA	NA	Control	Mock rainout	2020-04-30T19:00:00Z	121	2020-04-28T18:00:00Z	119	Early	125.66666666666667	-4.666666666666671	164	227	210	46.78697290445285	50.35628836314307	97.14326126759593
21	ST	2020-07-01T00:00:00Z	4	D	47	1899-12-30T10:52:00Z	1899-12-30T11:22:00Z	1899-12-30T11:37:00Z	1	0	9	3.7	NA	4D	4D47	2020				NA	vegetative > vegetative > flowering	vegetative	vegetative	flowering	FALSE	NA	NA	Reduction	Reduction	2020-04-30T19:00:00Z	121	2020-04-28T18:00:00Z	119	Early	125.66666666666667	-4.666666666666671	164	227	210	46.78697290445285	25.178144181571536	71.96511708602439
22	ST	2020-07-01T00:00:00Z	6	C	93	1899-12-30T11:27:00Z	1899-12-30T11:57:00Z	1899-12-30T12:12:00Z	1	0	10	3.5	NA	6C	6C93	2020				NA	vegetative > vegetative > flowering	vegetative	vegetative	flowering	FALSE	NA	NA	Control	Mock rainout	2020-05-06T18:00:00Z	127	2020-05-05T19:00:00Z	126	Normal	125.66666666666667	1.3333333333333286	164	227	210	46.78697290445285	50.35628836314307	97.14326126759593
23	ST	2020-07-08T00:00:00Z	6	D	46	1899-12-30T09:15:00Z	1899-12-30T09:45:00Z	1899-12-30T10:00:00Z	1	0	10	5.1	NA	6D	6D46	2020		pheno18		NA	vegetative > vegetative > flowering	vegetative	vegetative	flowering	FALSE	NA	NA	Addition	Addition	2020-05-06T18:00:00Z	127	2020-05-05T19:00:00Z	126	Normal	125.66666666666667	1.3333333333333286	164	227	210	46.78697290445285	130.85628836314308	177.64326126759593
24	ST	2020-07-08T00:00:00Z	6	D	68	1899-12-30T09:18:00Z	1899-12-30T09:48:00Z	1899-12-30T10:03:00Z	1	0	7	6.4	NA	6D	6D68	2020				NA	vegetative > vegetative > flowering	vegetative	vegetative	flowering	FALSE	NA	NA	Addition	Addition	2020-05-06T18:00:00Z	127	2020-05-05T19:00:00Z	126	Normal	125.66666666666667	1.3333333333333286	164	227	210	46.78697290445285	130.85628836314308	177.64326126759593
25	ST	2020-07-08T00:00:00Z	6	D	71	1899-12-30T09:20:00Z	1899-12-30T09:50:00Z	1899-12-30T10:05:00Z	1	0	3	4.3	NA	6D	6D71	2020				NA	vegetative > vegetative > flowering	vegetative	vegetative	flowering	FALSE	NA	NA	Addition	Addition	2020-05-06T18:00:00Z	127	2020-05-05T19:00:00Z	126	Normal	125.66666666666667	1.3333333333333286	164	227	210	46.78697290445285	130.85628836314308	177.64326126759593
26	ST	2020-07-08T00:00:00Z	3	A	638	1899-12-30T09:40:00Z	1899-12-30T10:10:00Z	1899-12-30T10:25:00Z	1	0	10	5.3	NA	3A	3A638	2020				NA	vegetative > vegetative > flowering	vegetative	vegetative	flowering	FALSE	NA	NA	Reduction	Reduction	2020-05-04T21:00:00Z	125	2020-05-04T15:00:00Z	125	Normal	125.66666666666667	-0.6666666666666714	164	227	210	46.78697290445285	25.178144181571536	71.96511708602439
27	ST	2020-07-08T00:00:00Z	3	B	831	1899-12-30T09:52:00Z	1899-12-30T10:22:00Z	1899-12-30T10:37:00Z	1	0	7	5.9	NA	3B	3B831	2020				NA	vegetative > vegetative > flowering	vegetative	vegetative	flowering	FALSE	NA	NA	Control	Mock rainout	2020-05-04T21:00:00Z	125	2020-05-04T15:00:00Z	125	Normal	125.66666666666667	-0.6666666666666714	164	227	210	46.78697290445285	50.35628836314307	97.14326126759593
28	ST	2020-07-08T00:00:00Z	3	D	892	1899-12-30T09:58:00Z	1899-12-30T10:28:00Z	1899-12-30T10:43:00Z	1	0	3	3.5	NA	3D	3D892	2020				NA	vegetative > vegetative > flowering	vegetative	vegetative	flowering	FALSE	NA	NA	Control	Control	2020-05-04T21:00:00Z	125	2020-05-04T15:00:00Z	125	Normal	125.66666666666667	-0.6666666666666714	164	227	210	46.78697290445285	50.35628836314307	97.14326126759593
29	ST	2020-07-08T00:00:00Z	3	D	875	1899-12-30T10:19:00Z	1899-12-30T10:45:00Z	1899-12-30T11:00:00Z	1	0	10	3.7	NA	3D	3D875	2020				NA	vegetative > vegetative > flowering	vegetative	vegetative	flowering	FALSE	NA	NA	Control	Control	2020-05-04T21:00:00Z	125	2020-05-04T15:00:00Z	125	Normal	125.66666666666667	-0.6666666666666714	164	227	210	46.78697290445285	50.35628836314307	97.14326126759593
30	ST	2020-07-08T00:00:00Z	5	A	196	1899-12-30T10:31:00Z	1899-12-30T11:01:00Z	1899-12-30T11:16:00Z	1	1	7	3.7	NA	5A	5A196	2020				NA	vegetative > flowering > flowering	vegetative	flowering	flowering	FALSE	NA	NA	Addition	Addition	2020-04-28T20:00:00Z	119	2020-04-28T17:00:00Z	119	Early	125.66666666666667	-6.666666666666671	164	227	210	46.78697290445285	130.85628836314308	177.64326126759593
31	ST	2020-07-08T00:00:00Z	5	A	185	1899-12-30T10:35:00Z	1899-12-30T11:05:00Z	1899-12-30T11:20:00Z	1	0	3	8.9	NA	5A	5A185	2020		pheno19		NA	vegetative > vegetative > flowering	vegetative	vegetative	flowering	FALSE	NA	NA	Addition	Addition	2020-04-28T20:00:00Z	119	2020-04-28T17:00:00Z	119	Early	125.66666666666667	-6.666666666666671	164	227	210	46.78697290445285	130.85628836314308	177.64326126759593
32	ST	2020-07-08T00:00:00Z	5	D	274	1899-12-30T10:52:00Z	1899-12-30T11:22:00Z	1899-12-30T11:37:00Z	1	0	10	4.7	NA	5D	5D274	2020				NA	vegetative > vegetative > flowering	vegetative	vegetative	flowering	FALSE	NA	NA	Control	Control	2020-04-28T20:00:00Z	119	2020-04-28T17:00:00Z	119	Early	125.66666666666667	-6.666666666666671	164	227	210	46.78697290445285	50.35628836314307	97.14326126759593
33	JP	2020-07-08T00:00:00Z	2	B	81	1899-12-30T09:15:00Z	1899-12-30T09:48:00Z	1899-12-30T10:03:00Z	1	0	NA	4.9	NA	2B	2B81	2020				NA	vegetative > vegetative > flowering	vegetative	vegetative	flowering	FALSE	NA	NA	Control	Mock rainout	2020-04-29T17:00:00Z	120	2020-04-28T19:00:00Z	119	Early	125.66666666666667	-5.666666666666671	164	227	210	46.78697290445285	50.35628836314307	97.14326126759593
34	JP	2020-07-08T00:00:00Z	2	A	694	1899-12-30T09:18:00Z	1899-12-30T09:54:00Z	1899-12-30T10:09:00Z	1	0	NA	4.6	NA	2A	2A694	2020			pheno20 floral20 volatiles20	2A694	NA	NA	NA	NA	TRUE	NA	NA	Control	Control	2020-04-29T17:00:00Z	120	2020-04-28T19:00:00Z	119	Early	125.66666666666667	-5.666666666666671	164	227	210	46.78697290445285	50.35628836314307	97.14326126759593
35	JP	2020-07-08T00:00:00Z	2	D	214	1899-12-30T09:20:00Z	1899-12-30T09:57:00Z	1899-12-30T10:12:00Z	1	0	NA	5.3	NA	2D	2D214	2020				NA	vegetative > vegetative > flowering	vegetative	vegetative	flowering	FALSE	NA	NA	Addition	Addition	2020-04-29T17:00:00Z	120	2020-04-28T19:00:00Z	119	Early	125.66666666666667	-5.666666666666671	164	227	210	46.78697290445285	130.85628836314308	177.64326126759593
36	JP	2020-07-08T00:00:00Z	2	B	195_20	1899-12-30T09:38:00Z	1899-12-30T10:13:00Z	1899-12-30T10:28:00Z	1	0	NA	5.3	NA	2B	2B195_20	2020		census20 pheno20 floral20 volatiles20 seeds20		NA	flowering > dead_nf > dead_nf	flowering	dead_nf	dead_nf	TRUE	NA	NA	Control	Mock rainout	2020-04-29T17:00:00Z	120	2020-04-28T19:00:00Z	119	Early	125.66666666666667	-5.666666666666671	164	227	210	46.78697290445285	50.35628836314307	97.14326126759593
37	JP	2020-07-08T00:00:00Z	2	D	204	1899-12-30T09:40:00Z	1899-12-30T10:16:00Z	1899-12-30T10:31:00Z	1	0	NA	NA	watered before getting soil moisture - near 2D-187	2D	2D204	2020				NA	vegetative > vegetative > flowering	vegetative	vegetative	flowering	FALSE	NA	NA	Addition	Addition	2020-04-29T17:00:00Z	120	2020-04-28T19:00:00Z	119	Early	125.66666666666667	-5.666666666666671	164	227	210	46.78697290445285	130.85628836314308	177.64326126759593
38	JP	2020-07-08T00:00:00Z	2	D	187	1899-12-30T09:41:00Z	1899-12-30T10:18:00Z	1899-12-30T10:54:00Z	1	0	5	7.6	popped out, reset 10:32, popped again, reset 10:44. Do not use	2D	2D187	2020				NA	vegetative > vegetative > flowering	vegetative	vegetative	flowering	FALSE	NA	NA	Addition	Addition	2020-04-29T17:00:00Z	120	2020-04-28T19:00:00Z	119	Early	125.66666666666667	-5.666666666666671	164	227	210	46.78697290445285	130.85628836314308	177.64326126759593
39	JP	2020-07-08T00:00:00Z	2	C	270	1899-12-30T10:25:00Z	1899-12-30T10:55:00Z	1899-12-30T11:10:00Z	1	0	1	4.7	NA	2C	2C270	2020				NA	vegetative > vegetative > flowering	vegetative	vegetative	flowering	FALSE	NA	NA	Reduction	Reduction	2020-04-29T17:00:00Z	120	2020-04-28T19:00:00Z	119	Early	125.66666666666667	-5.666666666666671	164	227	210	46.78697290445285	25.178144181571536	71.96511708602439
40	JP	2020-07-08T00:00:00Z	2	C	277	1899-12-30T10:27:00Z	1899-12-30T10:57:00Z	1899-12-30T11:17:00Z	1	0	5	3.8	NA	2C	2C277	2020				NA	vegetative > vegetative > flowering	vegetative	vegetative	flowering	FALSE	NA	NA	Reduction	Reduction	2020-04-29T17:00:00Z	120	2020-04-28T19:00:00Z	119	Early	125.66666666666667	-5.666666666666671	164	227	210	46.78697290445285	25.178144181571536	71.96511708602439
41	JP	2020-07-08T00:00:00Z	2	A	94	1899-12-30T10:29:00Z	1899-12-30T11:05:00Z	1899-12-30T11:20:00Z	1	0	9	3.7	NA	2A	2A94	2020				NA	no_record > vegetative > flowering	no_record	vegetative	flowering	FALSE	NA	NA	Control	Control	2020-04-29T17:00:00Z	120	2020-04-28T19:00:00Z	119	Early	125.66666666666667	-5.666666666666671	164	227	210	46.78697290445285	50.35628836314307	97.14326126759593
42	JP	2020-07-08T00:00:00Z	2	A	air	1899-12-30T10:13:00Z	1899-12-30T10:43:00Z	1899-12-30T10:58:00Z	NA	NA	9	NA	NA	2A	2Aair	2020				NA	NA	NA	NA	NA	FALSE	NA	NA	Control	Control	2020-04-29T17:00:00Z	120	2020-04-28T19:00:00Z	119	Early	125.66666666666667	-5.666666666666671	164	227	210	46.78697290445285	50.35628836314307	97.14326126759593
43	BV	2020-07-08T00:00:00Z	1	A	246	1899-12-30T09:24:00Z	1899-12-30T09:54:00Z	1899-12-30T10:09:00Z	1	2	8	5.8	NA	1A	1A246	2020				NA	vegetative > flowering > flowering	vegetative	flowering	flowering	FALSE	NA	NA	Addition	Addition	2020-05-04T15:00:00Z	125	2020-05-02T18:00:00Z	123	Normal	125.66666666666667	-0.6666666666666714	164	227	210	46.78697290445285	130.85628836314308	177.64326126759593
44	BV	2020-07-08T00:00:00Z	1	A	255	1899-12-30T09:27:00Z	1899-12-30T09:57:00Z	1899-12-30T10:12:00Z	1	0	4	6.1	NA	1A	1A255	2020				NA	vegetative > vegetative > flowering	vegetative	vegetative	flowering	FALSE	NA	NA	Addition	Addition	2020-05-04T15:00:00Z	125	2020-05-02T18:00:00Z	123	Normal	125.66666666666667	-0.6666666666666714	164	227	210	46.78697290445285	130.85628836314308	177.64326126759593
45	BV	2020-07-08T00:00:00Z	1	A	235	1899-12-30T09:38:00Z	1899-12-30T10:10:00Z	1899-12-30T10:25:00Z	1	0	8	8.9	NA	1A	1A235	2020		floral18		NA	vegetative > vegetative > flowering	vegetative	vegetative	flowering	FALSE	NA	NA	Addition	Addition	2020-05-04T15:00:00Z	125	2020-05-02T18:00:00Z	123	Normal	125.66666666666667	-0.6666666666666714	164	227	210	46.78697290445285	130.85628836314308	177.64326126759593
46	BV	2020-07-08T00:00:00Z	1	A	133	1899-12-30T09:41:00Z	1899-12-30T10:15:00Z	1899-12-30T10:30:00Z	1	0	4	7.5	NA	1A	1A133	2020				NA	NA	NA	NA	NA	FALSE	NA	NA	Addition	Addition	2020-05-04T15:00:00Z	125	2020-05-02T18:00:00Z	123	Normal	125.66666666666667	-0.6666666666666714	164	227	210	46.78697290445285	130.85628836314308	177.64326126759593
47	BV	2020-07-08T00:00:00Z	1	A	230	1899-12-30T10:19:00Z	1899-12-30T10:49:00Z	1899-12-30T11:04:00Z	1	0	8	7.9	NA	1A	1A230	2020				NA	vegetative > vegetative > flowering	vegetative	vegetative	flowering	FALSE	NA	NA	Addition	Addition	2020-05-04T15:00:00Z	125	2020-05-02T18:00:00Z	123	Normal	125.66666666666667	-0.6666666666666714	164	227	210	46.78697290445285	130.85628836314308	177.64326126759593
48	BV	2020-07-08T00:00:00Z	1	A	243	1899-12-30T10:22:00Z	1899-12-30T10:52:00Z	1899-12-30T11:07:00Z	1	0	4	7	NA	1A	1A243	2020				NA	vegetative > vegetative > flowering	vegetative	vegetative	flowering	FALSE	NA	NA	Addition	Addition	2020-05-04T15:00:00Z	125	2020-05-02T18:00:00Z	123	Normal	125.66666666666667	-0.6666666666666714	164	227	210	46.78697290445285	130.85628836314308	177.64326126759593
49	BV	2020-07-08T00:00:00Z	1	B	649	1899-12-30T10:44:00Z	1899-12-30T11:14:00Z	1899-12-30T11:29:00Z	1	0	8	5.3	NA	1B	1B649	2020				NA	vegetative > vegetative > flowering	vegetative	vegetative	flowering	FALSE	NA	NA	Control	Control	2020-05-04T15:00:00Z	125	2020-05-02T18:00:00Z	123	Normal	125.66666666666667	-0.6666666666666714	164	227	210	46.78697290445285	50.35628836314307	97.14326126759593
50	BV	2020-07-08T00:00:00Z	1	C	63	1899-12-30T10:57:00Z	1899-12-30T11:27:00Z	1899-12-30T11:42:00Z	1	3	4	4	NA	1C	1C63	2020				NA	vegetative > vegetative > flowering	vegetative	vegetative	flowering	FALSE	NA	NA	Control	Mock rainout	2020-05-04T15:00:00Z	125	2020-05-02T18:00:00Z	123	Normal	125.66666666666667	-0.6666666666666714	164	227	210	46.78697290445285	50.35628836314307	97.14326126759593
51	BV	2020-07-08T00:00:00Z	1	C	64	1899-12-30T11:03:00Z	1899-12-30T11:33:00Z	1899-12-30T11:48:00Z	1	0	8	4.2	NA	1C	1C64	2020				NA	vegetative > vegetative > flowering	vegetative	vegetative	flowering	FALSE	NA	NA	Control	Mock rainout	2020-05-04T15:00:00Z	125	2020-05-02T18:00:00Z	123	Normal	125.66666666666667	-0.6666666666666714	164	227	210	46.78697290445285	50.35628836314307	97.14326126759593
52	BV	2020-07-15T00:00:00Z	1	C	60	1899-12-30T09:10:00Z	1899-12-30T09:40:00Z	1899-12-30T09:55:00Z	1	1	8	4.7	NA	1C	1C60	2020				NA	vegetative > vegetative > flowering	vegetative	vegetative	flowering	FALSE	NA	NA	Control	Mock rainout	2020-05-04T15:00:00Z	125	2020-05-02T18:00:00Z	123	Normal	125.66666666666667	-0.6666666666666714	164	227	210	46.78697290445285	50.35628836314307	97.14326126759593
53	BV	2020-07-15T00:00:00Z	1	C	46	1899-12-30T09:13:00Z	1899-12-30T09:43:00Z	1899-12-30T09:58:00Z	1	0	5	3.9	NA	1C	1C46	2020				NA	vegetative > vegetative > flowering	vegetative	vegetative	flowering	FALSE	NA	NA	Control	Mock rainout	2020-05-04T15:00:00Z	125	2020-05-02T18:00:00Z	123	Normal	125.66666666666667	-0.6666666666666714	164	227	210	46.78697290445285	50.35628836314307	97.14326126759593
54	BV	2020-07-15T00:00:00Z	1	D	37	1899-12-30T09:15:00Z	1899-12-30T09:45:00Z	1899-12-30T10:00:00Z	1	0	3	3.3	NA	1D	1D37	2020				NA	vegetative > vegetative > flowering	vegetative	vegetative	flowering	FALSE	NA	NA	Reduction	Reduction	2020-05-04T15:00:00Z	125	2020-05-02T18:00:00Z	123	Normal	125.66666666666667	-0.6666666666666714	164	227	210	46.78697290445285	25.178144181571536	71.96511708602439
55	BV	2020-07-15T00:00:00Z	1	D	33	1899-12-30T09:49:00Z	1899-12-30T10:19:00Z	1899-12-30T10:34:00Z	1	0	8	3.9	NA	1D	1D33	2020				NA	vegetative > vegetative > flowering	vegetative	vegetative	flowering	FALSE	NA	NA	Reduction	Reduction	2020-05-04T15:00:00Z	125	2020-05-02T18:00:00Z	123	Normal	125.66666666666667	-0.6666666666666714	164	227	210	46.78697290445285	25.178144181571536	71.96511708602439
56	BV	2020-07-15T00:00:00Z	1	D	9	1899-12-30T09:50:00Z	1899-12-30T10:20:00Z	1899-12-30T10:35:00Z	1	0	5	4	NA	1D	1D9	2020				NA	vegetative > vegetative > flowering	vegetative	vegetative	flowering	FALSE	NA	NA	Reduction	Reduction	2020-05-04T15:00:00Z	125	2020-05-02T18:00:00Z	123	Normal	125.66666666666667	-0.6666666666666714	164	227	210	46.78697290445285	25.178144181571536	71.96511708602439
57	BV	2020-07-15T00:00:00Z	1	D	17	1899-12-30T09:53:00Z	1899-12-30T10:23:00Z	1899-12-30T10:38:00Z	1	0	3	4.5	NA	1D	1D17	2020				NA	vegetative > vegetative > flowering	vegetative	vegetative	flowering	FALSE	NA	NA	Reduction	Reduction	2020-05-04T15:00:00Z	125	2020-05-02T18:00:00Z	123	Normal	125.66666666666667	-0.6666666666666714	164	227	210	46.78697290445285	25.178144181571536	71.96511708602439
58	BV	2020-07-15T00:00:00Z	1	D	12	1899-12-30T10:11:00Z	1899-12-30T10:35:00Z	1899-12-30T10:50:00Z	1	2	8	3.5	NA	1D	1D12	2020				NA	vegetative > vegetative > flowering	vegetative	vegetative	flowering	FALSE	NA	NA	Reduction	Reduction	2020-05-04T15:00:00Z	125	2020-05-02T18:00:00Z	123	Normal	125.66666666666667	-0.6666666666666714	164	227	210	46.78697290445285	25.178144181571536	71.96511708602439
59	BV	2020-07-15T00:00:00Z	1	D	24	1899-12-30T10:13:00Z	1899-12-30T10:38:00Z	1899-12-30T10:53:00Z	1	0	5	4.9	NA	1D	1D24	2020				NA	vegetative > vegetative > flowering	vegetative	vegetative	flowering	FALSE	NA	NA	Reduction	Reduction	2020-05-04T15:00:00Z	125	2020-05-02T18:00:00Z	123	Normal	125.66666666666667	-0.6666666666666714	164	227	210	46.78697290445285	25.178144181571536	71.96511708602439
60	BV	2020-07-15T00:00:00Z	4	A	68	1899-12-30T10:58:00Z	1899-12-30T11:28:00Z	1899-12-30T11:43:00Z	1	0	3	3.5	NA	4A	4A68	2020		floral19		NA	vegetative > vegetative > flowering	vegetative	vegetative	flowering	FALSE	NA	NA	Addition	Addition	2020-04-30T19:00:00Z	121	2020-04-28T18:00:00Z	119	Early	125.66666666666667	-4.666666666666671	164	227	210	46.78697290445285	130.85628836314308	177.64326126759593
61	BV	2020-07-15T00:00:00Z	4	A	109	1899-12-30T11:00:00Z	1899-12-30T11:30:00Z	1899-12-30T11:45:00Z	1	0	8	7.9	NA	4A	4A109	2020				NA	vegetative > vegetative > flowering	vegetative	vegetative	flowering	FALSE	NA	NA	Addition	Addition	2020-04-30T19:00:00Z	121	2020-04-28T18:00:00Z	119	Early	125.66666666666667	-4.666666666666671	164	227	210	46.78697290445285	130.85628836314308	177.64326126759593
62	BV	2020-07-15T00:00:00Z	4	A	110	1899-12-30T11:01:00Z	1899-12-30T11:31:00Z	1899-12-30T11:46:00Z	1	0	5	6.1	NA	4A	4A110	2020				NA	vegetative > vegetative > flowering	vegetative	vegetative	flowering	FALSE	NA	NA	Addition	Addition	2020-04-30T19:00:00Z	121	2020-04-28T18:00:00Z	119	Early	125.66666666666667	-4.666666666666671	164	227	210	46.78697290445285	130.85628836314308	177.64326126759593
63	BV	2020-07-15T00:00:00Z	4	A	121	1899-12-30T11:18:00Z	1899-12-30T11:48:00Z	1899-12-30T12:03:00Z	2	0	3	7	NA	4A	4A121	2020				NA	vegetative > vegetative > flowering	vegetative	vegetative	flowering	FALSE	NA	NA	Addition	Addition	2020-04-30T19:00:00Z	121	2020-04-28T18:00:00Z	119	Early	125.66666666666667	-4.666666666666671	164	227	210	46.78697290445285	130.85628836314308	177.64326126759593
64	BV	2020-07-15T00:00:00Z	4	A	115	1899-12-30T11:20:00Z	1899-12-30T11:50:00Z	1899-12-30T12:05:00Z	2	0	8	3.8	NA	4A	4A115	2020		pheno19		NA	vegetative > vegetative > flowering	vegetative	vegetative	flowering	FALSE	NA	NA	Addition	Addition	2020-04-30T19:00:00Z	121	2020-04-28T18:00:00Z	119	Early	125.66666666666667	-4.666666666666671	164	227	210	46.78697290445285	130.85628836314308	177.64326126759593
65	BV	2020-07-15T00:00:00Z	4	A	91	1899-12-30T11:23:00Z	1899-12-30T11:53:00Z	1899-12-30T12:08:00Z	1	0	5	8.4	NA	4A	4A91	2020				NA	vegetative > vegetative > flowering	vegetative	vegetative	flowering	FALSE	NA	NA	Addition	Addition	2020-04-30T19:00:00Z	121	2020-04-28T18:00:00Z	119	Early	125.66666666666667	-4.666666666666671	164	227	210	46.78697290445285	130.85628836314308	177.64326126759593
66	ST	2020-07-15T00:00:00Z	5	A	180	1899-12-30T10:01:00Z	1899-12-30T10:31:00Z	1899-12-30T10:46:00Z	1	0	9	6.8	NA	5A	5A180	2020				NA	flowering > vegetative > flowering	flowering	vegetative	flowering	FALSE	NA	NA	Addition	Addition	2020-04-28T20:00:00Z	119	2020-04-28T17:00:00Z	119	Early	125.66666666666667	-6.666666666666671	164	227	210	46.78697290445285	130.85628836314308	177.64326126759593
67	ST	2020-07-15T00:00:00Z	5	B	20	1899-12-30T10:06:00Z	1899-12-30T10:36:00Z	1899-12-30T10:51:00Z	1	0	6	4.8	NA	5B	5B20	2020		pheno18 pheno19		NA	vegetative > vegetative > flowering	vegetative	vegetative	flowering	FALSE	NA	NA	Control	Mock rainout	2020-04-28T20:00:00Z	119	2020-04-28T17:00:00Z	119	Early	125.66666666666667	-6.666666666666671	164	227	210	46.78697290445285	50.35628836314307	97.14326126759593
68	ST	2020-07-15T00:00:00Z	5	B	288	1899-12-30T10:23:00Z	1899-12-30T10:53:00Z	1899-12-30T11:08:00Z	1	0	9	5.2	NA	5B	5B288	2020				NA	vegetative > vegetative > flowering	vegetative	vegetative	flowering	FALSE	NA	NA	Control	Mock rainout	2020-04-28T20:00:00Z	119	2020-04-28T17:00:00Z	119	Early	125.66666666666667	-6.666666666666671	164	227	210	46.78697290445285	50.35628836314307	97.14326126759593
69	ST	2020-07-15T00:00:00Z	5	B	5	1899-12-30T10:26:00Z	1899-12-30T10:56:00Z	1899-12-30T11:11:00Z	1	0	6	4.3	NA	5B	5B5	2020				NA	vegetative > vegetative > flowering	vegetative	vegetative	flowering	FALSE	NA	NA	Control	Mock rainout	2020-04-28T20:00:00Z	119	2020-04-28T17:00:00Z	119	Early	125.66666666666667	-6.666666666666671	164	227	210	46.78697290445285	50.35628836314307	97.14326126759593
70	ST	2020-07-15T00:00:00Z	5	C	225	1899-12-30T10:43:00Z	1899-12-30T11:13:00Z	1899-12-30T11:28:00Z	1	0	9	4.4	NA	5C	5C225	2020				NA	vegetative > vegetative > flowering	vegetative	vegetative	flowering	FALSE	NA	NA	Reduction	Reduction	2020-04-28T20:00:00Z	119	2020-04-28T17:00:00Z	119	Early	125.66666666666667	-6.666666666666671	164	227	210	46.78697290445285	25.178144181571536	71.96511708602439
71	ST	2020-07-15T00:00:00Z	5	C	202	1899-12-30T10:47:00Z	1899-12-30T11:17:00Z	1899-12-30T11:32:00Z	1	0	6	4.2	NA	5C	5C202	2020				NA	vegetative > vegetative > flowering	vegetative	vegetative	flowering	FALSE	NA	NA	Reduction	Reduction	2020-04-28T20:00:00Z	119	2020-04-28T17:00:00Z	119	Early	125.66666666666667	-6.666666666666671	164	227	210	46.78697290445285	25.178144181571536	71.96511708602439
72	ST	2020-07-15T00:00:00Z	5	D	269_20	1899-12-30T11:15:00Z	1899-12-30T11:45:00Z	1899-12-30T12:00:00Z	1	0	9	3.6	NA	5D	5D269_20	2020		census20 pheno20 floral20 volatiles20 seeds20		NA	vegetative > dead_nf > dead_nf	vegetative	dead_nf	dead_nf	TRUE	NA	NA	Control	Control	2020-04-28T20:00:00Z	119	2020-04-28T17:00:00Z	119	Early	125.66666666666667	-6.666666666666671	164	227	210	46.78697290445285	50.35628836314307	97.14326126759593
73	ST	2020-07-15T00:00:00Z	5	D	242	1899-12-30T11:19:00Z	1899-12-30T11:49:00Z	1899-12-30T12:04:00Z	1	0	6	2.6	NA	5D	5D242	2020				NA	vegetative > vegetative > flowering	vegetative	vegetative	flowering	FALSE	NA	NA	Control	Control	2020-04-28T20:00:00Z	119	2020-04-28T17:00:00Z	119	Early	125.66666666666667	-6.666666666666671	164	227	210	46.78697290445285	50.35628836314307	97.14326126759593
74	ST	2020-07-15T00:00:00Z	5	N	Aair	1899-12-30T11:51:00Z	1899-12-30T12:21:00Z	1899-12-30T12:35:00Z	NA	NA	9	NA	NA	5N	5NAair	2020				NA	NA	NA	NA	NA	FALSE	NA	NA	NA	NA	NA	NA	NA	NA	NA	NA	NA	NA	NA	NA	NA	NA	NA
75	JP	2020-07-22T00:00:00Z	1	D	12	1899-12-30T09:16:00Z	1899-12-30T09:52:00Z	1899-12-30T10:07:00Z	1	0	NA	3	NA	1D	1D12	2020				NA	vegetative > vegetative > flowering	vegetative	vegetative	flowering	FALSE	NA	NA	Reduction	Reduction	2020-05-04T15:00:00Z	125	2020-05-02T18:00:00Z	123	Normal	125.66666666666667	-0.6666666666666714	164	227	210	46.78697290445285	25.178144181571536	71.96511708602439
76	JP	2020-07-22T00:00:00Z	1	D	9	1899-12-30T09:17:00Z	1899-12-30T09:53:00Z	1899-12-30T10:08:00Z	1	0	NA	2.4	NA	1D	1D9	2020				NA	vegetative > vegetative > flowering	vegetative	vegetative	flowering	FALSE	NA	NA	Reduction	Reduction	2020-05-04T15:00:00Z	125	2020-05-02T18:00:00Z	123	Normal	125.66666666666667	-0.6666666666666714	164	227	210	46.78697290445285	25.178144181571536	71.96511708602439
77	JP	2020-07-22T00:00:00Z	1	D	33	1899-12-30T09:19:00Z	1899-12-30T09:55:00Z	1899-12-30T10:10:00Z	1	0	NA	2.7	NA	1D	1D33	2020				NA	vegetative > vegetative > flowering	vegetative	vegetative	flowering	FALSE	NA	NA	Reduction	Reduction	2020-05-04T15:00:00Z	125	2020-05-02T18:00:00Z	123	Normal	125.66666666666667	-0.6666666666666714	164	227	210	46.78697290445285	25.178144181571536	71.96511708602439
78	JP	2020-07-22T00:00:00Z	1	D	31	1899-12-30T09:20:00Z	1899-12-30T09:56:00Z	1899-12-30T10:11:00Z	1	0	NA	4.9	NA	1D	1D31	2020				NA	vegetative > dead_nf > dead_nf	vegetative	dead_nf	dead_nf	FALSE	NA	NA	Reduction	Reduction	2020-05-04T15:00:00Z	125	2020-05-02T18:00:00Z	123	Normal	125.66666666666667	-0.6666666666666714	164	227	210	46.78697290445285	25.178144181571536	71.96511708602439
79	JP	2020-07-22T00:00:00Z	1	C	60	1899-12-30T09:46:00Z	1899-12-30T10:16:00Z	1899-12-30T10:31:00Z	1	0	NA	3.3	NA	1C	1C60	2020				NA	vegetative > vegetative > flowering	vegetative	vegetative	flowering	FALSE	NA	NA	Control	Mock rainout	2020-05-04T15:00:00Z	125	2020-05-02T18:00:00Z	123	Normal	125.66666666666667	-0.6666666666666714	164	227	210	46.78697290445285	50.35628836314307	97.14326126759593
80	JP	2020-07-22T00:00:00Z	1	C	63	1899-12-30T09:46:00Z	1899-12-30T10:16:00Z	1899-12-30T10:33:00Z	1	0	NA	3.2	NA	1C	1C63	2020				NA	vegetative > vegetative > flowering	vegetative	vegetative	flowering	FALSE	NA	NA	Control	Mock rainout	2020-05-04T15:00:00Z	125	2020-05-02T18:00:00Z	123	Normal	125.66666666666667	-0.6666666666666714	164	227	210	46.78697290445285	50.35628836314307	97.14326126759593
81	JP	2020-07-22T00:00:00Z	1	A	251	1899-12-30T10:05:00Z	1899-12-30T10:40:00Z	1899-12-30T10:55:00Z	1	0	NA	5.8	NA	1A	1A251	2020				NA	vegetative > vegetative > flowering	vegetative	vegetative	flowering	FALSE	NA	NA	Addition	Addition	2020-05-04T15:00:00Z	125	2020-05-02T18:00:00Z	123	Normal	125.66666666666667	-0.6666666666666714	164	227	210	46.78697290445285	130.85628836314308	177.64326126759593
82	JP	2020-07-22T00:00:00Z	1	B	650	1899-12-30T10:10:00Z	1899-12-30T10:42:00Z	1899-12-30T10:57:00Z	1	0	NA	8.7	"Sample 650A. ""albino"" - yellow flowers, green leaves"	1B	1B650	2020				NA	vegetative > vegetative > flowering	vegetative	vegetative	flowering	FALSE	NA	NA	Control	Control	2020-05-04T15:00:00Z	125	2020-05-02T18:00:00Z	123	Normal	125.66666666666667	-0.6666666666666714	164	227	210	46.78697290445285	50.35628836314307	97.14326126759593
83	JP	2020-07-22T00:00:00Z	1	B	653	1899-12-30T10:24:00Z	1899-12-30T11:07:00Z	1899-12-30T11:16:00Z	1	0	NA	4.4	NA	1B	1B653	2020				NA	vegetative > vegetative > flowering	vegetative	vegetative	flowering	FALSE	NA	NA	Control	Control	2020-05-04T15:00:00Z	125	2020-05-02T18:00:00Z	123	Normal	125.66666666666667	-0.6666666666666714	164	227	210	46.78697290445285	50.35628836314307	97.14326126759593
84	JP	2020-07-22T00:00:00Z	1	B	656	1899-12-30T10:27:00Z	1899-12-30T11:03:00Z	1899-12-30T11:18:00Z	1	0	NA	3.2	NA	1B	1B656	2020				NA	vegetative > vegetative > flowering	vegetative	vegetative	flowering	FALSE	NA	NA	Control	Control	2020-05-04T15:00:00Z	125	2020-05-02T18:00:00Z	123	Normal	125.66666666666667	-0.6666666666666714	164	227	210	46.78697290445285	50.35628836314307	97.14326126759593
85	JP	2020-07-22T00:00:00Z	1	B	672	1899-12-30T10:45:00Z	1899-12-30T11:15:00Z	1899-12-30T11:30:00Z	1	0	NA	3.6	NA	1B	1B672	2020				NA	vegetative > vegetative > flowering	vegetative	vegetative	flowering	FALSE	NA	NA	Control	Control	2020-05-04T15:00:00Z	125	2020-05-02T18:00:00Z	123	Normal	125.66666666666667	-0.6666666666666714	164	227	210	46.78697290445285	50.35628836314307	97.14326126759593
86	JP	2020-07-22T00:00:00Z	1	B	650	1899-12-30T10:49:00Z	1899-12-30T11:19:00Z	1899-12-30T11:34:00Z	1	0	NA	8.7	"Sample 650B. ""albino"" - yellow flowers, green leaves"	1B	1B650	2020				NA	vegetative > vegetative > flowering	vegetative	vegetative	flowering	FALSE	NA	NA	Control	Control	2020-05-04T15:00:00Z	125	2020-05-02T18:00:00Z	123	Normal	125.66666666666667	-0.6666666666666714	164	227	210	46.78697290445285	50.35628836314307	97.14326126759593
87	JP	2020-07-22T00:00:00Z	3	A	636	1899-12-30T11:08:00Z	1899-12-30T11:44:00Z	1899-12-30T12:02:00Z	1	0	1	6.9	NA	3A	3A636	2020				NA	vegetative > vegetative > flowering	vegetative	vegetative	flowering	FALSE	NA	NA	Reduction	Reduction	2020-05-04T21:00:00Z	125	2020-05-04T15:00:00Z	125	Normal	125.66666666666667	-0.6666666666666714	164	227	210	46.78697290445285	25.178144181571536	71.96511708602439
88	JP	2020-07-22T00:00:00Z	3	A	273	1899-12-30T11:10:00Z	1899-12-30T11:47:00Z	1899-12-30T12:02:00Z	1	0	NA	3.9	NA	3A	3A273	2020				NA	vegetative > vegetative > flowering	vegetative	vegetative	flowering	FALSE	NA	NA	Reduction	Reduction	2020-05-04T21:00:00Z	125	2020-05-04T15:00:00Z	125	Normal	125.66666666666667	-0.6666666666666714	164	227	210	46.78697290445285	25.178144181571536	71.96511708602439
89	JP	2020-07-22T00:00:00Z	3	A	air	1899-12-30T11:23:00Z	1899-12-30T11:53:00Z	1899-12-30T12:08:00Z	1	0	NA	NA	NA	3A	3Aair	2020				NA	NA	NA	NA	NA	FALSE	NA	NA	Reduction	Reduction	2020-05-04T21:00:00Z	125	2020-05-04T15:00:00Z	125	Normal	125.66666666666667	-0.6666666666666714	164	227	210	46.78697290445285	25.178144181571536	71.96511708602439
90	ST	2020-07-22T00:00:00Z	2	C	270	1899-12-30T09:16:00Z	1899-12-30T09:46:00Z	1899-12-30T10:01:00Z	1	0	3	2.5	NA	2C	2C270	2020				NA	vegetative > vegetative > flowering	vegetative	vegetative	flowering	FALSE	NA	NA	Reduction	Reduction	2020-04-29T17:00:00Z	120	2020-04-28T19:00:00Z	119	Early	125.66666666666667	-5.666666666666671	164	227	210	46.78697290445285	25.178144181571536	71.96511708602439
91	ST	2020-07-22T00:00:00Z	2	C	277	1899-12-30T09:19:00Z	1899-12-30T09:49:00Z	1899-12-30T10:04:00Z	1	0	8	2.1	NA	2C	2C277	2020				NA	vegetative > vegetative > flowering	vegetative	vegetative	flowering	FALSE	NA	NA	Reduction	Reduction	2020-04-29T17:00:00Z	120	2020-04-28T19:00:00Z	119	Early	125.66666666666667	-5.666666666666671	164	227	210	46.78697290445285	25.178144181571536	71.96511708602439
92	ST	2020-07-22T00:00:00Z	2	C	274	1899-12-30T09:21:00Z	1899-12-30T09:51:00Z	1899-12-30T10:06:00Z	1	0	10	2.5	NA	2C	2C274	2020				NA	vegetative > vegetative > flowering	vegetative	vegetative	flowering	FALSE	NA	NA	Reduction	Reduction	2020-04-29T17:00:00Z	120	2020-04-28T19:00:00Z	119	Early	125.66666666666667	-5.666666666666671	164	227	210	46.78697290445285	25.178144181571536	71.96511708602439
93	ST	2020-07-22T00:00:00Z	2	C	289	1899-12-30T09:23:00Z	1899-12-30T09:53:00Z	1899-12-30T10:08:00Z	1	0	4	4	NA	2C	2C289	2020				NA	vegetative > vegetative > flowering	vegetative	vegetative	flowering	FALSE	NA	NA	Reduction	Reduction	2020-04-29T17:00:00Z	120	2020-04-28T19:00:00Z	119	Early	125.66666666666667	-5.666666666666671	164	227	210	46.78697290445285	25.178144181571536	71.96511708602439
94	ST	2020-07-22T00:00:00Z	2	C	262	1899-12-30T09:37:00Z	1899-12-30T10:07:00Z	1899-12-30T10:22:00Z	1	0	3	2.5	NA	2C	2C262	2020				NA	vegetative > vegetative > flowering	vegetative	vegetative	flowering	FALSE	NA	NA	Reduction	Reduction	2020-04-29T17:00:00Z	120	2020-04-28T19:00:00Z	119	Early	125.66666666666667	-5.666666666666671	164	227	210	46.78697290445285	25.178144181571536	71.96511708602439
95	ST	2020-07-22T00:00:00Z	2	C	297_20	1899-12-30T09:40:00Z	1899-12-30T10:10:00Z	1899-12-30T10:25:00Z	1	0	8	3.9	NA	2C	2C297_20	2020		census20 pheno20 floral20 volatiles20 seeds20		NA	vegetative > dead_nf > dead_nf	vegetative	dead_nf	dead_nf	TRUE	NA	NA	Reduction	Reduction	2020-04-29T17:00:00Z	120	2020-04-28T19:00:00Z	119	Early	125.66666666666667	-5.666666666666671	164	227	210	46.78697290445285	25.178144181571536	71.96511708602439
96	ST	2020-07-22T00:00:00Z	2	C	293	1899-12-30T09:42:00Z	1899-12-30T10:12:00Z	1899-12-30T10:27:00Z	1	0	10	3.7	NA	2C	2C293	2020				NA	vegetative > vegetative > flowering	vegetative	vegetative	flowering	FALSE	NA	NA	Reduction	Reduction	2020-04-29T17:00:00Z	120	2020-04-28T19:00:00Z	119	Early	125.66666666666667	-5.666666666666671	164	227	210	46.78697290445285	25.178144181571536	71.96511708602439
97	ST	2020-07-22T00:00:00Z	2	C	292	1899-12-30T09:45:00Z	1899-12-30T10:15:00Z	1899-12-30T10:30:00Z	1	0	4	3.7	NA	2C	2C292	2020				NA	vegetative > vegetative > flowering	vegetative	vegetative	flowering	FALSE	NA	NA	Reduction	Reduction	2020-04-29T17:00:00Z	120	2020-04-28T19:00:00Z	119	Early	125.66666666666667	-5.666666666666671	164	227	210	46.78697290445285	25.178144181571536	71.96511708602439
98	ST	2020-07-22T00:00:00Z	2	B	185	1899-12-30T10:13:00Z	1899-12-30T10:43:00Z	1899-12-30T10:58:00Z	1	0	3	5.4	NA	2B	2B185	2020				NA	vegetative > vegetative > flowering	vegetative	vegetative	flowering	FALSE	NA	NA	Control	Mock rainout	2020-04-29T17:00:00Z	120	2020-04-28T19:00:00Z	119	Early	125.66666666666667	-5.666666666666671	164	227	210	46.78697290445285	50.35628836314307	97.14326126759593
99	ST	2020-07-22T00:00:00Z	2	B	188	1899-12-30T10:16:00Z	1899-12-30T10:46:00Z	1899-12-30T11:01:00Z	1	0	8	5.4	NA	2B	2B188	2020				NA	vegetative > vegetative > flowering	vegetative	vegetative	flowering	FALSE	NA	NA	Control	Mock rainout	2020-04-29T17:00:00Z	120	2020-04-28T19:00:00Z	119	Early	125.66666666666667	-5.666666666666671	164	227	210	46.78697290445285	50.35628836314307	97.14326126759593
100	ST	2020-07-22T00:00:00Z	2	B	189	1899-12-30T10:19:00Z	1899-12-30T10:49:00Z	1899-12-30T11:04:00Z	1	0	10	4.5	NA	2B	2B189	2020				NA	vegetative > vegetative > flowering	vegetative	vegetative	flowering	FALSE	NA	NA	Control	Mock rainout	2020-04-29T17:00:00Z	120	2020-04-28T19:00:00Z	119	Early	125.66666666666667	-5.666666666666671	164	227	210	46.78697290445285	50.35628836314307	97.14326126759593
101	ST	2020-07-22T00:00:00Z	2	B	186	1899-12-30T10:21:00Z	1899-12-30T10:51:00Z	1899-12-30T11:06:00Z	1	0	4	4.5	NA	2B	2B186	2020				NA	vegetative > vegetative > flowering	vegetative	vegetative	flowering	FALSE	NA	NA	Control	Mock rainout	2020-04-29T17:00:00Z	120	2020-04-28T19:00:00Z	119	Early	125.66666666666667	-5.666666666666671	164	227	210	46.78697290445285	50.35628836314307	97.14326126759593
102	ST	2020-07-22T00:00:00Z	2	B	183	1899-12-30T10:38:00Z	1899-12-30T11:08:00Z	1899-12-30T11:23:00Z	1	0	3	3.3	bag split open sometime between bag & end	2B	2B183	2020				NA	vegetative > vegetative > flowering	vegetative	vegetative	flowering	FALSE	NA	NA	Control	Mock rainout	2020-04-29T17:00:00Z	120	2020-04-28T19:00:00Z	119	Early	125.66666666666667	-5.666666666666671	164	227	210	46.78697290445285	50.35628836314307	97.14326126759593
103	ST	2020-07-22T00:00:00Z	2	B	190	1899-12-30T10:40:00Z	1899-12-30T11:10:00Z	1899-12-30T11:25:00Z	1	0	8	3.1	NA	2B	2B190	2020				NA	vegetative > vegetative > flowering	vegetative	vegetative	flowering	FALSE	NA	NA	Control	Mock rainout	2020-04-29T17:00:00Z	120	2020-04-28T19:00:00Z	119	Early	125.66666666666667	-5.666666666666671	164	227	210	46.78697290445285	50.35628836314307	97.14326126759593
104	ST	2020-07-22T00:00:00Z	2	B	184	1899-12-30T10:42:00Z	1899-12-30T11:12:00Z	1899-12-30T11:27:00Z	1	0	10	3.3	NA	2B	2B184	2020				NA	vegetative > vegetative > flowering	vegetative	vegetative	flowering	FALSE	NA	NA	Control	Mock rainout	2020-04-29T17:00:00Z	120	2020-04-28T19:00:00Z	119	Early	125.66666666666667	-5.666666666666671	164	227	210	46.78697290445285	50.35628836314307	97.14326126759593
105	ST	2020-07-22T00:00:00Z	2	B	air	1899-12-30T10:53:00Z	1899-12-30T11:23:00Z	1899-12-30T11:38:00Z	1	0	4	NA	NA	2B	2Bair	2020				NA	NA	NA	NA	NA	FALSE	NA	NA	Control	Mock rainout	2020-04-29T17:00:00Z	120	2020-04-28T19:00:00Z	119	Early	125.66666666666667	-5.666666666666671	164	227	210	46.78697290445285	50.35628836314307	97.14326126759593
106	ST	2020-07-22T00:00:00Z	2	B	81	1899-12-30T11:00:00Z	1899-12-30T11:30:00Z	1899-12-30T11:45:00Z	1	0	3	4.2	NA	2B	2B81	2020				NA	vegetative > vegetative > flowering	vegetative	vegetative	flowering	FALSE	NA	NA	Control	Mock rainout	2020-04-29T17:00:00Z	120	2020-04-28T19:00:00Z	119	Early	125.66666666666667	-5.666666666666671	164	227	210	46.78697290445285	50.35628836314307	97.14326126759593
107	ST	2020-07-22T00:00:00Z	2	B	83	1899-12-30T11:03:00Z	1899-12-30T11:33:00Z	1899-12-30T11:48:00Z	1	0	8	5.3	NA	2B	2B83	2020				NA	vegetative > vegetative > flowering	vegetative	vegetative	flowering	FALSE	NA	NA	Control	Mock rainout	2020-04-29T17:00:00Z	120	2020-04-28T19:00:00Z	119	Early	125.66666666666667	-5.666666666666671	164	227	210	46.78697290445285	50.35628836314307	97.14326126759593
108	ST	2020-07-22T00:00:00Z	2	B	89	1899-12-30T11:05:00Z	1899-12-30T11:35:00Z	1899-12-30T11:50:00Z	1	0	10	3.7	NA	2B	2B89	2020				NA	vegetative > vegetative > flowering	vegetative	vegetative	flowering	FALSE	NA	NA	Control	Mock rainout	2020-04-29T17:00:00Z	120	2020-04-28T19:00:00Z	119	Early	125.66666666666667	-5.666666666666671	164	227	210	46.78697290445285	50.35628836314307	97.14326126759593
109	ST	2020-07-22T00:00:00Z	2	B	138	1899-12-30T11:07:00Z	1899-12-30T11:38:00Z	1899-12-30T11:53:00Z	1	0	4	5.8	NA	2B	2B138	2020				NA	vegetative > vegetative > flowering	vegetative	vegetative	flowering	FALSE	NA	NA	Control	Mock rainout	2020-04-29T17:00:00Z	120	2020-04-28T19:00:00Z	119	Early	125.66666666666667	-5.666666666666671	164	227	210	46.78697290445285	50.35628836314307	97.14326126759593
110	ST	2020-07-22T00:00:00Z	2	B	219	1899-12-30T11:22:00Z	1899-12-30T11:42:00Z	1899-12-30T12:07:00Z	1	0	3	6.3	NA	2B	2B219	2020				NA	NA	NA	NA	NA	FALSE	NA	NA	Control	Mock rainout	2020-04-29T17:00:00Z	120	2020-04-28T19:00:00Z	119	Early	125.66666666666667	-5.666666666666671	164	227	210	46.78697290445285	50.35628836314307	97.14326126759593
111	ST	2020-07-22T00:00:00Z	2	B	220	1899-12-30T11:23:00Z	1899-12-30T11:43:00Z	1899-12-30T12:08:00Z	1	0	8	6.5	NA	2B	2B220	2020				NA	NA	NA	NA	NA	FALSE	NA	NA	Control	Mock rainout	2020-04-29T17:00:00Z	120	2020-04-28T19:00:00Z	119	Early	125.66666666666667	-5.666666666666671	164	227	210	46.78697290445285	50.35628836314307	97.14326126759593
112	ST	2020-07-22T00:00:00Z	2	B	194_20	1899-12-30T11:27:00Z	1899-12-30T22:47:00Z	1899-12-30T12:12:00Z	1	0	10	3	NA	2B	2B194_20	2020		volatiles20		NA	vegetative > vegetative > vegetative	vegetative	vegetative	vegetative	TRUE	NA	NA	Control	Mock rainout	2020-04-29T17:00:00Z	120	2020-04-28T19:00:00Z	119	Early	125.66666666666667	-5.666666666666671	164	227	210	46.78697290445285	50.35628836314307	97.14326126759593
113	ST	2020-07-22T00:00:00Z	2	B	207	1899-12-30T11:29:00Z	1899-12-30T11:59:00Z	1899-12-30T12:14:00Z	1	0	4	5.1	NA	2B	2B207	2020				NA	NA	NA	NA	NA	FALSE	NA	NA	Control	Mock rainout	2020-04-29T17:00:00Z	120	2020-04-28T19:00:00Z	119	Early	125.66666666666667	-5.666666666666671	164	227	210	46.78697290445285	50.35628836314307	97.14326126759593
114	JP	2020-07-29T00:00:00Z	3	C	137	NA	NA	NA	NA	NA	NA	NA	NA	3C	3C137	2020				NA	vegetative > vegetative > flowering	vegetative	vegetative	flowering	FALSE	NA	NA	Addition	Addition	2020-05-04T21:00:00Z	125	2020-05-04T15:00:00Z	125	Normal	125.66666666666667	-0.6666666666666714	164	227	210	46.78697290445285	130.85628836314308	177.64326126759593
115	JP	2020-07-29T00:00:00Z	3	C	139	NA	NA	NA	NA	NA	NA	NA	NA	3C	3C139	2020				NA	vegetative > vegetative > flowering	vegetative	vegetative	flowering	FALSE	NA	NA	Addition	Addition	2020-05-04T21:00:00Z	125	2020-05-04T15:00:00Z	125	Normal	125.66666666666667	-0.6666666666666714	164	227	210	46.78697290445285	130.85628836314308	177.64326126759593
116	JP	2020-07-29T00:00:00Z	3	C	153	NA	NA	NA	NA	NA	NA	NA	NA	3C	3C153	2020				NA	vegetative > vegetative > flowering	vegetative	vegetative	flowering	FALSE	NA	NA	Addition	Addition	2020-05-04T21:00:00Z	125	2020-05-04T15:00:00Z	125	Normal	125.66666666666667	-0.6666666666666714	164	227	210	46.78697290445285	130.85628836314308	177.64326126759593
117	JP	2020-07-29T00:00:00Z	3	C	173	NA	NA	NA	NA	NA	NA	NA	NA	3C	3C173	2020		pheno19		NA	vegetative > vegetative > flowering	vegetative	vegetative	flowering	FALSE	NA	NA	Addition	Addition	2020-05-04T21:00:00Z	125	2020-05-04T15:00:00Z	125	Normal	125.66666666666667	-0.6666666666666714	164	227	210	46.78697290445285	130.85628836314308	177.64326126759593
118	JP	2020-07-29T00:00:00Z	3	C	166	NA	NA	NA	NA	NA	NA	NA	NA	3C	3C166	2020				NA	vegetative > vegetative > flowering	vegetative	vegetative	flowering	FALSE	NA	NA	Addition	Addition	2020-05-04T21:00:00Z	125	2020-05-04T15:00:00Z	125	Normal	125.66666666666667	-0.6666666666666714	164	227	210	46.78697290445285	130.85628836314308	177.64326126759593
119	JP	2020-07-29T00:00:00Z	3	C	177	NA	NA	NA	NA	NA	NA	NA	NA	3C	3C177	2020				NA	vegetative > vegetative > flowering	vegetative	vegetative	flowering	FALSE	NA	NA	Addition	Addition	2020-05-04T21:00:00Z	125	2020-05-04T15:00:00Z	125	Normal	125.66666666666667	-0.6666666666666714	164	227	210	46.78697290445285	130.85628836314308	177.64326126759593
120	JP	2020-07-29T00:00:00Z	3	C	133	NA	NA	NA	NA	NA	NA	NA	NA	3C	3C133	2020				NA	vegetative > vegetative > flowering	vegetative	vegetative	flowering	FALSE	NA	NA	Addition	Addition	2020-05-04T21:00:00Z	125	2020-05-04T15:00:00Z	125	Normal	125.66666666666667	-0.6666666666666714	164	227	210	46.78697290445285	130.85628836314308	177.64326126759593
121	JP	2020-07-29T00:00:00Z	3	C	air	NA	NA	NA	NA	NA	NA	NA	NA	3C	3Cair	2020				NA	NA	NA	NA	NA	FALSE	NA	NA	Addition	Addition	2020-05-04T21:00:00Z	125	2020-05-04T15:00:00Z	125	Normal	125.66666666666667	-0.6666666666666714	164	227	210	46.78697290445285	130.85628836314308	177.64326126759593
122	JP	2020-07-29T00:00:00Z	4	D	52	NA	NA	NA	NA	NA	NA	NA	NA	4D	4D52	2020				NA	vegetative > vegetative > flowering	vegetative	vegetative	flowering	FALSE	NA	NA	Reduction	Reduction	2020-04-30T19:00:00Z	121	2020-04-28T18:00:00Z	119	Early	125.66666666666667	-4.666666666666671	164	227	210	46.78697290445285	25.178144181571536	71.96511708602439
123	JP	2020-07-29T00:00:00Z	1	B	650	NA	NA	NA	NA	NA	NA	NA	NA	1B	1B650	2020				NA	vegetative > vegetative > flowering	vegetative	vegetative	flowering	FALSE	NA	NA	Control	Control	2020-05-04T15:00:00Z	125	2020-05-02T18:00:00Z	123	Normal	125.66666666666667	-0.6666666666666714	164	227	210	46.78697290445285	50.35628836314307	97.14326126759593
124	JP	2020-07-29T00:00:00Z	1	B	653	NA	NA	NA	NA	NA	NA	NA	NA	1B	1B653	2020				NA	vegetative > vegetative > flowering	vegetative	vegetative	flowering	FALSE	NA	NA	Control	Control	2020-05-04T15:00:00Z	125	2020-05-02T18:00:00Z	123	Normal	125.66666666666667	-0.6666666666666714	164	227	210	46.78697290445285	50.35628836314307	97.14326126759593
125	JP	2020-07-29T00:00:00Z	1	B	air	NA	NA	NA	NA	NA	NA	NA	NA	1B	1Bair	2020				NA	NA	NA	NA	NA	FALSE	NA	NA	Control	Control	2020-05-04T15:00:00Z	125	2020-05-02T18:00:00Z	123	Normal	125.66666666666667	-0.6666666666666714	164	227	210	46.78697290445285	50.35628836314307	97.14326126759593
126	BV	2020-07-29T00:00:00Z	3	B	828	NA	NA	NA	NA	NA	NA	NA	JP has all this data - need to enter	3B	3B828	2020				NA	vegetative > vegetative > flowering	vegetative	vegetative	flowering	FALSE	NA	NA	Control	Mock rainout	2020-05-04T21:00:00Z	125	2020-05-04T15:00:00Z	125	Normal	125.66666666666667	-0.6666666666666714	164	227	210	46.78697290445285	50.35628836314307	97.14326126759593
127	BV	2020-07-29T00:00:00Z	3	B	838	NA	NA	NA	NA	NA	NA	NA	NA	3B	3B838	2020				NA	vegetative > vegetative > flowering	vegetative	vegetative	flowering	FALSE	NA	NA	Control	Mock rainout	2020-05-04T21:00:00Z	125	2020-05-04T15:00:00Z	125	Normal	125.66666666666667	-0.6666666666666714	164	227	210	46.78697290445285	50.35628836314307	97.14326126759593
128	BV	2020-07-29T00:00:00Z	3	B	618	NA	NA	NA	NA	NA	NA	NA	NA	3B	3B618	2020				NA	vegetative > vegetative > flowering	vegetative	vegetative	flowering	FALSE	NA	NA	Control	Mock rainout	2020-05-04T21:00:00Z	125	2020-05-04T15:00:00Z	125	Normal	125.66666666666667	-0.6666666666666714	164	227	210	46.78697290445285	50.35628836314307	97.14326126759593
129	BV	2020-07-29T00:00:00Z	3	A	641	NA	NA	NA	NA	NA	NA	NA	NA	3A	3A641	2020				NA	vegetative > vegetative > flowering	vegetative	vegetative	flowering	FALSE	NA	NA	Reduction	Reduction	2020-05-04T21:00:00Z	125	2020-05-04T15:00:00Z	125	Normal	125.66666666666667	-0.6666666666666714	164	227	210	46.78697290445285	25.178144181571536	71.96511708602439
130	BV	2020-07-29T00:00:00Z	3	D	881	NA	NA	NA	NA	NA	NA	NA	NA	3D	3D881	2020				NA	vegetative > vegetative > flowering	vegetative	vegetative	flowering	FALSE	NA	NA	Control	Control	2020-05-04T21:00:00Z	125	2020-05-04T15:00:00Z	125	Normal	125.66666666666667	-0.6666666666666714	164	227	210	46.78697290445285	50.35628836314307	97.14326126759593
131	BV	2020-07-29T00:00:00Z	3	D	895	NA	NA	NA	NA	NA	NA	NA	NA	3D	3D895	2020				NA	vegetative > vegetative > flowering	vegetative	vegetative	flowering	FALSE	NA	NA	Control	Control	2020-05-04T21:00:00Z	125	2020-05-04T15:00:00Z	125	Normal	125.66666666666667	-0.6666666666666714	164	227	210	46.78697290445285	50.35628836314307	97.14326126759593
132	BV	2020-07-29T00:00:00Z	3	A	180	NA	NA	NA	NA	NA	NA	NA	NA	3A	3A180	2020				NA	NA	NA	NA	NA	FALSE	NA	NA	Reduction	Reduction	2020-05-04T21:00:00Z	125	2020-05-04T15:00:00Z	125	Normal	125.66666666666667	-0.6666666666666714	164	227	210	46.78697290445285	25.178144181571536	71.96511708602439
133	BV	2020-07-29T00:00:00Z	3	A	145	NA	NA	NA	NA	NA	NA	NA	NA	3A	3A145	2020				NA	NA	NA	NA	NA	FALSE	NA	NA	Reduction	Reduction	2020-05-04T21:00:00Z	125	2020-05-04T15:00:00Z	125	Normal	125.66666666666667	-0.6666666666666714	164	227	210	46.78697290445285	25.178144181571536	71.96511708602439
134	ST	2020-07-29T00:00:00Z	4	A	124	1899-12-30T09:27:00Z	1899-12-30T09:57:00Z	1899-12-30T10:12:00Z	1	0	4	13.1	accidentally touched scent trap slightly	4A	4A124	2020				NA	vegetative > flowering > flowering	vegetative	flowering	flowering	FALSE	NA	NA	Addition	Addition	2020-04-30T19:00:00Z	121	2020-04-28T18:00:00Z	119	Early	125.66666666666667	-4.666666666666671	164	227	210	46.78697290445285	130.85628836314308	177.64326126759593
135	ST	2020-07-29T00:00:00Z	4	A	101	1899-12-30T09:30:00Z	1899-12-30T10:00:00Z	1899-12-30T10:15:00Z	1	0	3	13.2	NA	4A	4A101	2020				NA	vegetative > vegetative > flowering	vegetative	vegetative	flowering	FALSE	NA	NA	Addition	Addition	2020-04-30T19:00:00Z	121	2020-04-28T18:00:00Z	119	Early	125.66666666666667	-4.666666666666671	164	227	210	46.78697290445285	130.85628836314308	177.64326126759593
136	ST	2020-07-29T00:00:00Z	4	A	80	1899-12-30T09:33:00Z	1899-12-30T10:03:00Z	1899-12-30T10:18:00Z	1	0	9	8.3	NA	4A	4A80	2020				NA	vegetative > vegetative > flowering	vegetative	vegetative	flowering	FALSE	NA	NA	Addition	Addition	2020-04-30T19:00:00Z	121	2020-04-28T18:00:00Z	119	Early	125.66666666666667	-4.666666666666671	164	227	210	46.78697290445285	130.85628836314308	177.64326126759593
137	ST	2020-07-29T00:00:00Z	4	A	85	1899-12-30T09:50:00Z	1899-12-30T10:20:00Z	1899-12-30T10:35:00Z	1	0	4	10.8	NA	4A	4A85	2020				NA	vegetative > vegetative > flowering	vegetative	vegetative	flowering	FALSE	NA	NA	Addition	Addition	2020-04-30T19:00:00Z	121	2020-04-28T18:00:00Z	119	Early	125.66666666666667	-4.666666666666671	164	227	210	46.78697290445285	130.85628836314308	177.64326126759593
138	ST	2020-07-29T00:00:00Z	4	A	99	1899-12-30T09:53:00Z	1899-12-30T10:23:00Z	1899-12-30T10:38:00Z	1	0	3	12.3	NA	4A	4A99	2020				NA	vegetative > vegetative > flowering	vegetative	vegetative	flowering	FALSE	NA	NA	Addition	Addition	2020-04-30T19:00:00Z	121	2020-04-28T18:00:00Z	119	Early	125.66666666666667	-4.666666666666671	164	227	210	46.78697290445285	130.85628836314308	177.64326126759593
139	ST	2020-07-29T00:00:00Z	4	B	594	1899-12-30T09:56:00Z	1899-12-30T10:26:00Z	1899-12-30T10:41:00Z	1	0	9	9.2	NA	4B	4B594	2020				NA	vegetative > vegetative > flowering	vegetative	vegetative	flowering	FALSE	NA	NA	Control	Mock rainout	2020-04-30T19:00:00Z	121	2020-04-28T18:00:00Z	119	Early	125.66666666666667	-4.666666666666671	164	227	210	46.78697290445285	50.35628836314307	97.14326126759593
140	ST	2020-07-29T00:00:00Z	4	C	213	1899-12-30T10:13:00Z	1899-12-30T10:43:00Z	1899-12-30T10:58:00Z	1	0	4	9.9	NA	4C	4C213	2020				NA	vegetative > vegetative > flowering	vegetative	vegetative	flowering	FALSE	NA	NA	Control	Control	2020-04-30T19:00:00Z	121	2020-04-28T18:00:00Z	119	Early	125.66666666666667	-4.666666666666671	164	227	210	46.78697290445285	50.35628836314307	97.14326126759593
141	ST	2020-07-29T00:00:00Z	4	C	187	1899-12-30T10:16:00Z	1899-12-30T10:46:00Z	1899-12-30T11:01:00Z	1	0	3	8.9	NA	4C	4C187	2020				NA	vegetative > vegetative > flowering	vegetative	vegetative	flowering	FALSE	NA	NA	Control	Control	2020-04-30T19:00:00Z	121	2020-04-28T18:00:00Z	119	Early	125.66666666666667	-4.666666666666671	164	227	210	46.78697290445285	50.35628836314307	97.14326126759593
142	ST	2020-07-29T00:00:00Z	4	C	120	1899-12-30T10:19:00Z	1899-12-30T10:49:00Z	1899-12-30T11:04:00Z	1	1	9	7.3	NA	4C	4C120	2020				NA	vegetative > vegetative > flowering	vegetative	vegetative	flowering	FALSE	NA	NA	Control	Control	2020-04-30T19:00:00Z	121	2020-04-28T18:00:00Z	119	Early	125.66666666666667	-4.666666666666671	164	227	210	46.78697290445285	50.35628836314307	97.14326126759593
143	ST	2020-07-29T00:00:00Z	4	C	195	1899-12-30T10:33:00Z	1899-12-30T11:03:00Z	1899-12-30T11:18:00Z	1	0	4	9.9	popped out very briefly	4C	4C195	2020				NA	vegetative > vegetative > flowering	vegetative	vegetative	flowering	FALSE	NA	NA	Control	Control	2020-04-30T19:00:00Z	121	2020-04-28T18:00:00Z	119	Early	125.66666666666667	-4.666666666666671	164	227	210	46.78697290445285	50.35628836314307	97.14326126759593
144	ST	2020-07-29T00:00:00Z	4	D	37	1899-12-30T10:36:00Z	1899-12-30T11:06:00Z	1899-12-30T11:21:00Z	1	0	3	7.3	NA	4D	4D37	2020				NA	vegetative > vegetative > flowering	vegetative	vegetative	flowering	FALSE	NA	NA	Reduction	Reduction	2020-04-30T19:00:00Z	121	2020-04-28T18:00:00Z	119	Early	125.66666666666667	-4.666666666666671	164	227	210	46.78697290445285	25.178144181571536	71.96511708602439
145	ST	2020-07-29T00:00:00Z	N	A	NAair	1899-12-30T10:39:00Z	1899-12-30T11:09:00Z	1899-12-30T11:24:00Z	0	0	9	NA	NA	"NA"	NANAair	2020				NA	NA	NA	NA	NA	FALSE	NA	NA	NA	NA	NA	NA	NA	NA	NA	NA	NA	NA	NA	NA	NA	NA	NA
146	ST	2020-07-29T00:00:00Z	5	D	247	1899-12-30T11:12:00Z	1899-12-30T11:42:00Z	1899-12-30T11:57:00Z	1	0	4	7.3	popped out for an unknown time	5D	5D247	2020				NA	vegetative > vegetative > flowering	vegetative	vegetative	flowering	FALSE	NA	NA	Control	Control	2020-04-28T20:00:00Z	119	2020-04-28T17:00:00Z	119	Early	125.66666666666667	-6.666666666666671	164	227	210	46.78697290445285	50.35628836314307	97.14326126759593
147	ST	2020-07-29T00:00:00Z	6	D	46	1899-12-30T11:14:00Z	1899-12-30T11:44:00Z	1899-12-30T11:59:00Z	1	0	3	12.1	NA	6D	6D46	2020		pheno18		NA	vegetative > vegetative > flowering	vegetative	vegetative	flowering	FALSE	NA	NA	Addition	Addition	2020-05-06T18:00:00Z	127	2020-05-05T19:00:00Z	126	Normal	125.66666666666667	1.3333333333333286	164	227	210	46.78697290445285	130.85628836314308	177.64326126759593
148	ST	2020-07-29T00:00:00Z	6	C	96	1899-12-30T11:16:00Z	1899-12-30T11:46:00Z	1899-12-30T12:01:00Z	1	1	9	10.5	NA	6C	6C96	2020				NA	vegetative > flowering > flowering	vegetative	flowering	flowering	FALSE	NA	NA	Control	Mock rainout	2020-05-06T18:00:00Z	127	2020-05-05T19:00:00Z	126	Normal	125.66666666666667	1.3333333333333286	164	227	210	46.78697290445285	50.35628836314307	97.14326126759593
149	JP	2020-07-30T00:00:00Z	6	C	111	NA	NA	NA	NA	NA	NA	NA	NA	6C	6C111	2020				NA	vegetative > vegetative > flowering	vegetative	vegetative	flowering	FALSE	NA	NA	Control	Mock rainout	2020-05-06T18:00:00Z	127	2020-05-05T19:00:00Z	126	Normal	125.66666666666667	1.3333333333333286	164	227	210	46.78697290445285	50.35628836314307	97.14326126759593
150	JP	2020-07-30T00:00:00Z	6	C	116	NA	NA	NA	NA	NA	NA	NA	NA	6C	6C116	2020				NA	vegetative > vegetative > flowering	vegetative	vegetative	flowering	FALSE	NA	NA	Control	Mock rainout	2020-05-06T18:00:00Z	127	2020-05-05T19:00:00Z	126	Normal	125.66666666666667	1.3333333333333286	164	227	210	46.78697290445285	50.35628836314307	97.14326126759593
151	JP	2020-07-30T00:00:00Z	6	C	121	NA	NA	NA	NA	NA	NA	NA	NA	6C	6C121	2020				NA	vegetative > vegetative > flowering	vegetative	vegetative	flowering	FALSE	NA	NA	Control	Mock rainout	2020-05-06T18:00:00Z	127	2020-05-05T19:00:00Z	126	Normal	125.66666666666667	1.3333333333333286	164	227	210	46.78697290445285	50.35628836314307	97.14326126759593
152	JP	2020-07-30T00:00:00Z	6	A	145	NA	NA	NA	NA	NA	NA	NA	NA	6A	6A145	2020				NA	vegetative > vegetative > flowering	vegetative	vegetative	flowering	FALSE	NA	NA	Control	Control	2020-05-06T18:00:00Z	127	2020-05-05T19:00:00Z	126	Normal	125.66666666666667	1.3333333333333286	164	227	210	46.78697290445285	50.35628836314307	97.14326126759593
153	JP	2020-07-30T00:00:00Z	6	A	136	NA	NA	NA	NA	NA	NA	NA	NA	6A	6A136	2020				NA	vegetative > vegetative > flowering	vegetative	vegetative	flowering	FALSE	NA	NA	Control	Control	2020-05-06T18:00:00Z	127	2020-05-05T19:00:00Z	126	Normal	125.66666666666667	1.3333333333333286	164	227	210	46.78697290445285	50.35628836314307	97.14326126759593
154	JP	2020-07-30T00:00:00Z	6	D	59	NA	NA	NA	NA	NA	NA	NA	NA	6D	6D59	2020				NA	vegetative > vegetative > flowering	vegetative	vegetative	flowering	FALSE	NA	NA	Addition	Addition	2020-05-06T18:00:00Z	127	2020-05-05T19:00:00Z	126	Normal	125.66666666666667	1.3333333333333286	164	227	210	46.78697290445285	130.85628836314308	177.64326126759593
155	JP	2020-07-30T00:00:00Z	6	D	64	NA	NA	NA	NA	NA	NA	NA	NA	6D	6D64	2020				NA	vegetative > vegetative > flowering	vegetative	vegetative	flowering	FALSE	NA	NA	Addition	Addition	2020-05-06T18:00:00Z	127	2020-05-05T19:00:00Z	126	Normal	125.66666666666667	1.3333333333333286	164	227	210	46.78697290445285	130.85628836314308	177.64326126759593
156	JP	2020-07-30T00:00:00Z	6	D	48	NA	NA	NA	NA	NA	NA	NA	NA	6D	6D48	2020				NA	vegetative > vegetative > flowering	vegetative	vegetative	flowering	FALSE	NA	NA	Addition	Addition	2020-05-06T18:00:00Z	127	2020-05-05T19:00:00Z	126	Normal	125.66666666666667	1.3333333333333286	164	227	210	46.78697290445285	130.85628836314308	177.64326126759593
157	JP	2020-07-30T00:00:00Z	5	B	289	NA	NA	NA	NA	NA	NA	NA	NA	5B	5B289	2020				NA	vegetative > vegetative > flowering	vegetative	vegetative	flowering	FALSE	NA	NA	Control	Mock rainout	2020-04-28T20:00:00Z	119	2020-04-28T17:00:00Z	119	Early	125.66666666666667	-6.666666666666671	164	227	210	46.78697290445285	50.35628836314307	97.14326126759593
158	JP	2020-07-30T00:00:00Z	5	B	299	NA	NA	NA	NA	NA	NA	NA	NA	5B	5B299	2020				NA	vegetative > vegetative > flowering	vegetative	vegetative	flowering	FALSE	NA	NA	Control	Mock rainout	2020-04-28T20:00:00Z	119	2020-04-28T17:00:00Z	119	Early	125.66666666666667	-6.666666666666671	164	227	210	46.78697290445285	50.35628836314307	97.14326126759593
159	JP	2020-07-30T00:00:00Z	5	B	296	NA	NA	NA	NA	NA	NA	NA	NA	5B	5B296	2020				NA	vegetative > vegetative > flowering	vegetative	vegetative	flowering	FALSE	NA	NA	Control	Mock rainout	2020-04-28T20:00:00Z	119	2020-04-28T17:00:00Z	119	Early	125.66666666666667	-6.666666666666671	164	227	210	46.78697290445285	50.35628836314307	97.14326126759593
160	JP	2020-07-30T00:00:00Z	5	C	217	NA	NA	NA	NA	NA	NA	NA	NA	5C	5C217	2020				NA	vegetative > flowering > flowering	vegetative	flowering	flowering	FALSE	NA	NA	Reduction	Reduction	2020-04-28T20:00:00Z	119	2020-04-28T17:00:00Z	119	Early	125.66666666666667	-6.666666666666671	164	227	210	46.78697290445285	25.178144181571536	71.96511708602439
161	JP	2020-07-30T00:00:00Z	5	C	683	NA	NA	NA	NA	NA	NA	NA	NA	5C	5C683	2020				NA	vegetative > vegetative > flowering	vegetative	vegetative	flowering	FALSE	NA	NA	Reduction	Reduction	2020-04-28T20:00:00Z	119	2020-04-28T17:00:00Z	119	Early	125.66666666666667	-6.666666666666671	164	227	210	46.78697290445285	25.178144181571536	71.96511708602439
162	JP	2020-07-30T00:00:00Z	5	C	207	NA	NA	NA	NA	NA	NA	NA	NA	5C	5C207	2020				NA	vegetative > vegetative > flowering	vegetative	vegetative	flowering	FALSE	NA	NA	Reduction	Reduction	2020-04-28T20:00:00Z	119	2020-04-28T17:00:00Z	119	Early	125.66666666666667	-6.666666666666671	164	227	210	46.78697290445285	25.178144181571536	71.96511708602439
163	JP	2020-07-30T00:00:00Z	5	C	208	NA	NA	NA	NA	NA	NA	NA	NA	5C	5C208	2020				NA	vegetative > vegetative > flowering	vegetative	vegetative	flowering	FALSE	NA	NA	Reduction	Reduction	2020-04-28T20:00:00Z	119	2020-04-28T17:00:00Z	119	Early	125.66666666666667	-6.666666666666671	164	227	210	46.78697290445285	25.178144181571536	71.96511708602439
164	JP	2020-07-30T00:00:00Z	5	B	air	NA	NA	NA	NA	NA	NA	NA	NA	5B	5Bair	2020				NA	NA	NA	NA	NA	FALSE	NA	NA	Control	Mock rainout	2020-04-28T20:00:00Z	119	2020-04-28T17:00:00Z	119	Early	125.66666666666667	-6.666666666666671	164	227	210	46.78697290445285	50.35628836314307	97.14326126759593
165	BV	2020-07-30T00:00:00Z	3	B	828	1899-12-30T09:26:00Z	1899-12-30T09:56:00Z	1899-12-30T10:11:00Z	1	0	7	10.7	NA	3B	3B828	2020				NA	vegetative > vegetative > flowering	vegetative	vegetative	flowering	FALSE	NA	NA	Control	Mock rainout	2020-05-04T21:00:00Z	125	2020-05-04T15:00:00Z	125	Normal	125.66666666666667	-0.6666666666666714	164	227	210	46.78697290445285	50.35628836314307	97.14326126759593
166	BV	2020-07-30T00:00:00Z	3	B	838	1899-12-30T09:31:00Z	1899-12-30T10:01:00Z	1899-12-30T10:16:00Z	2	0	10	12.4	NA	3B	3B838	2020				NA	vegetative > vegetative > flowering	vegetative	vegetative	flowering	FALSE	NA	NA	Control	Mock rainout	2020-05-04T21:00:00Z	125	2020-05-04T15:00:00Z	125	Normal	125.66666666666667	-0.6666666666666714	164	227	210	46.78697290445285	50.35628836314307	97.14326126759593
167	BV	2020-07-30T00:00:00Z	3	B	618	1899-12-30T09:47:00Z	1899-12-30T10:17:00Z	1899-12-30T10:32:00Z	1	0	7	7.8	NA	3B	3B618	2020				NA	vegetative > vegetative > flowering	vegetative	vegetative	flowering	FALSE	NA	NA	Control	Mock rainout	2020-05-04T21:00:00Z	125	2020-05-04T15:00:00Z	125	Normal	125.66666666666667	-0.6666666666666714	164	227	210	46.78697290445285	50.35628836314307	97.14326126759593
168	BV	2020-07-30T00:00:00Z	3	A	641	1899-12-30T09:49:00Z	1899-12-30T10:19:00Z	1899-12-30T10:34:00Z	1	0	10	7.5	NA	3A	3A641	2020				NA	vegetative > vegetative > flowering	vegetative	vegetative	flowering	FALSE	NA	NA	Reduction	Reduction	2020-05-04T21:00:00Z	125	2020-05-04T15:00:00Z	125	Normal	125.66666666666667	-0.6666666666666714	164	227	210	46.78697290445285	25.178144181571536	71.96511708602439
169	BV	2020-07-30T00:00:00Z	3	D	176	NA	NA	NA	NA	NA	NA	NA	NOT FOUND	3D	3D176	2020				NA	NA	NA	NA	NA	FALSE	NA	NA	Control	Control	2020-05-04T21:00:00Z	125	2020-05-04T15:00:00Z	125	Normal	125.66666666666667	-0.6666666666666714	164	227	210	46.78697290445285	50.35628836314307	97.14326126759593
170	BV	2020-07-30T00:00:00Z	3	D	881	1899-12-30T10:16:00Z	1899-12-30T10:46:00Z	1899-12-30T11:01:00Z	1	0	7	8.1	NA	3D	3D881	2020				NA	vegetative > vegetative > flowering	vegetative	vegetative	flowering	FALSE	NA	NA	Control	Control	2020-05-04T21:00:00Z	125	2020-05-04T15:00:00Z	125	Normal	125.66666666666667	-0.6666666666666714	164	227	210	46.78697290445285	50.35628836314307	97.14326126759593
171	BV	2020-07-30T00:00:00Z	3	D	895	1899-12-30T10:26:00Z	1899-12-30T10:56:00Z	1899-12-30T11:11:00Z	1	1	10	5.6	NA	3D	3D895	2020				NA	vegetative > vegetative > flowering	vegetative	vegetative	flowering	FALSE	NA	NA	Control	Control	2020-05-04T21:00:00Z	125	2020-05-04T15:00:00Z	125	Normal	125.66666666666667	-0.6666666666666714	164	227	210	46.78697290445285	50.35628836314307	97.14326126759593
172	BV	2020-07-30T00:00:00Z	5	A	180	1899-12-30T11:06:00Z	1899-12-30T11:36:00Z	1899-12-30T11:52:00Z	2	0	7	14.6	NA	5A	5A180	2020				NA	flowering > vegetative > flowering	flowering	vegetative	flowering	FALSE	NA	NA	Addition	Addition	2020-04-28T20:00:00Z	119	2020-04-28T17:00:00Z	119	Early	125.66666666666667	-6.666666666666671	164	227	210	46.78697290445285	130.85628836314308	177.64326126759593
173	BV	2020-07-30T00:00:00Z	6	A	145	1899-12-30T11:08:00Z	1899-12-30T11:38:00Z	1899-12-30T11:53:00Z	1	0	10	7.9	NA	6A	6A145	2020				NA	vegetative > vegetative > flowering	vegetative	vegetative	flowering	FALSE	NA	NA	Control	Control	2020-05-06T18:00:00Z	127	2020-05-05T19:00:00Z	126	Normal	125.66666666666667	1.3333333333333286	164	227	210	46.78697290445285	50.35628836314307	97.14326126759593
