observer	date	plotid	plant	corolla_length	corolla_width	style_length	anther_max	anther_min	sepal_width	notes	year	plantid	plot	subplot	discard	separate	modify	plantid_new	transition_fixed	status_18_fixed	status_19_fixed	status_20_fixed	modified	water	water4	sun_time	sun_date	warm_time	warm_date	snow	melt_date	snow_new	melt_time	sun_date_normal_mean	melt_offset	water_begin	water_end	last_day	precip_prewater_mm	precip_postwater_mm	precip_est_mm	time_marked	nectar_conc	time_measured_min	time_measured_max	notes_orig	n_samples	nectar_24_h_ul	nectar_sugar_24_h_mg	VWC
NA	2018-07-03T00:00:00Z	1A	232	22.2	2.5	23.5	23.1	19.4	NA	NA	2018	1A232	1	A				NA	flowering > dead_nf > dead_nf	flowering	dead_nf	dead_nf	FALSE	Addition	Addition	2018-04-29T21:00:00Z	119	2018-04-29T17:00:00Z	119	Normal	119	normal	2018-04-29T18:00:00Z	119	0	157	222	212	7.3525465864861	128.45676240123066	135.80930898771678	NA	NA	NA	NA	NA	NA	NA	NA	7.1675
NA	2018-07-03T00:00:00Z	1A	232	22.2	2.5	23.5	23.1	19.4	NA	NA	2018	1A232	1	A				NA	flowering > dead_nf > dead_nf	flowering	dead_nf	dead_nf	FALSE	Addition	Addition	2018-04-29T21:00:00Z	119	2018-04-29T17:00:00Z	119	Normal	119	normal	2018-04-29T18:00:00Z	119	0	157	222	212	7.3525465864861	128.45676240123066	135.80930898771678	NA	NA	NA	NA	NA	NA	NA	NA	7.1675
NA	2018-07-03T00:00:00Z	1A	238	21	2.7	22.5	21.5	19.2	NA	NA	2018	1A238	1	A				NA	flowering > dead_nf > dead_nf	flowering	dead_nf	dead_nf	FALSE	Addition	Addition	2018-04-29T21:00:00Z	119	2018-04-29T17:00:00Z	119	Normal	119	normal	2018-04-29T18:00:00Z	119	0	157	222	212	7.3525465864861	128.45676240123066	135.80930898771678	NA	NA	NA	NA	NA	NA	NA	NA	7.1675
NA	2018-07-03T00:00:00Z	1A	238	21	2.7	22.5	21.5	19.2	NA	NA	2018	1A238	1	A				NA	flowering > dead_nf > dead_nf	flowering	dead_nf	dead_nf	FALSE	Addition	Addition	2018-04-29T21:00:00Z	119	2018-04-29T17:00:00Z	119	Normal	119	normal	2018-04-29T18:00:00Z	119	0	157	222	212	7.3525465864861	128.45676240123066	135.80930898771678	NA	NA	NA	NA	NA	NA	NA	NA	7.1675
NA	2018-07-03T00:00:00Z	1B	664	22.9	2.7	24.9	23.9	20.4	NA	NA	2018	1B664	1	B				NA	flowering > dead_nf > dead_nf	flowering	dead_nf	dead_nf	FALSE	Control	Control	2018-04-29T21:00:00Z	119	2018-04-29T17:00:00Z	119	Normal	119	normal	2018-04-29T18:00:00Z	119	0	157	222	212	7.3525465864861	32.20676240123067	39.55930898771677	NA	NA	NA	NA	NA	NA	NA	NA	4.525
NA	2018-07-03T00:00:00Z	1B	664	22.9	2.7	24.9	23.9	20.4	NA	NA	2018	1B664	1	B				NA	flowering > dead_nf > dead_nf	flowering	dead_nf	dead_nf	FALSE	Control	Control	2018-04-29T21:00:00Z	119	2018-04-29T17:00:00Z	119	Normal	119	normal	2018-04-29T18:00:00Z	119	0	157	222	212	7.3525465864861	32.20676240123067	39.55930898771677	NA	NA	NA	NA	NA	NA	NA	NA	4.525
NA	2018-07-03T00:00:00Z	1B	668	19.4	2.1	14.4	20.4	17.4	NA	NA	2018	1B668	1	B				NA	flowering > dead_nf > dead_nf	flowering	dead_nf	dead_nf	FALSE	Control	Control	2018-04-29T21:00:00Z	119	2018-04-29T17:00:00Z	119	Normal	119	normal	2018-04-29T18:00:00Z	119	0	157	222	212	7.3525465864861	32.20676240123067	39.55930898771677	NA	NA	NA	NA	NA	NA	NA	NA	4.525
NA	2018-07-03T00:00:00Z	1B	668	19.4	2.1	14.4	20.4	17.4	NA	NA	2018	1B668	1	B				NA	flowering > dead_nf > dead_nf	flowering	dead_nf	dead_nf	FALSE	Control	Control	2018-04-29T21:00:00Z	119	2018-04-29T17:00:00Z	119	Normal	119	normal	2018-04-29T18:00:00Z	119	0	157	222	212	7.3525465864861	32.20676240123067	39.55930898771677	NA	NA	NA	NA	NA	NA	NA	NA	4.525
NA	2018-07-03T00:00:00Z	1B	678	22.1	3.4	21.7	22.6	19.6	NA	NA	2018	1B678	1	B				NA	flowering > dead_nf > dead_nf	flowering	dead_nf	dead_nf	FALSE	Control	Control	2018-04-29T21:00:00Z	119	2018-04-29T17:00:00Z	119	Normal	119	normal	2018-04-29T18:00:00Z	119	0	157	222	212	7.3525465864861	32.20676240123067	39.55930898771677	NA	NA	NA	NA	NA	NA	NA	NA	4.525
NA	2018-07-03T00:00:00Z	1B	678	22.1	3.4	21.7	22.6	19.6	NA	NA	2018	1B678	1	B				NA	flowering > dead_nf > dead_nf	flowering	dead_nf	dead_nf	FALSE	Control	Control	2018-04-29T21:00:00Z	119	2018-04-29T17:00:00Z	119	Normal	119	normal	2018-04-29T18:00:00Z	119	0	157	222	212	7.3525465864861	32.20676240123067	39.55930898771677	NA	NA	NA	NA	NA	NA	NA	NA	4.525
NA	2018-07-03T00:00:00Z	1B	99	17.7	2.6	18.8	17.5	16.8	NA	NA	2018	1B99	1	B				NA	flowering > dead_nf > dead_nf	flowering	dead_nf	dead_nf	FALSE	Control	Control	2018-04-29T21:00:00Z	119	2018-04-29T17:00:00Z	119	Normal	119	normal	2018-04-29T18:00:00Z	119	0	157	222	212	7.3525465864861	32.20676240123067	39.55930898771677	NA	NA	NA	NA	NA	NA	NA	NA	4.525
NA	2018-07-03T00:00:00Z	1B	99	17.7	2.6	18.8	17.5	16.8	NA	NA	2018	1B99	1	B				NA	flowering > dead_nf > dead_nf	flowering	dead_nf	dead_nf	FALSE	Control	Control	2018-04-29T21:00:00Z	119	2018-04-29T17:00:00Z	119	Normal	119	normal	2018-04-29T18:00:00Z	119	0	157	222	212	7.3525465864861	32.20676240123067	39.55930898771677	NA	NA	NA	NA	NA	NA	NA	NA	4.525
NA	2018-07-03T00:00:00Z	1C	50	25.1	3.1	25.9	26.4	21.3	NA	NA	2018	1C50	1	C				NA	flowering > dead_nf > dead_nf	flowering	dead_nf	dead_nf	FALSE	Control	Mock rainout	2018-04-29T21:00:00Z	119	2018-04-29T17:00:00Z	119	Normal	119	normal	2018-04-29T18:00:00Z	119	0	157	222	212	7.3525465864861	32.20676240123067	39.55930898771677	NA	NA	NA	NA	NA	NA	NA	NA	2.515
NA	2018-07-03T00:00:00Z	1C	50	25.1	3.1	25.9	26.4	21.3	NA	NA	2018	1C50	1	C				NA	flowering > dead_nf > dead_nf	flowering	dead_nf	dead_nf	FALSE	Control	Mock rainout	2018-04-29T21:00:00Z	119	2018-04-29T17:00:00Z	119	Normal	119	normal	2018-04-29T18:00:00Z	119	0	157	222	212	7.3525465864861	32.20676240123067	39.55930898771677	NA	NA	NA	NA	NA	NA	NA	NA	2.515
NA	2018-07-03T00:00:00Z	1C	61	23	2.6	22.5	24.4	19.2	NA	NA	2018	1C61	1	C				NA	flowering > dead_nf > dead_nf	flowering	dead_nf	dead_nf	FALSE	Control	Mock rainout	2018-04-29T21:00:00Z	119	2018-04-29T17:00:00Z	119	Normal	119	normal	2018-04-29T18:00:00Z	119	0	157	222	212	7.3525465864861	32.20676240123067	39.55930898771677	NA	NA	NA	NA	NA	NA	NA	NA	2.515
NA	2018-07-03T00:00:00Z	1C	61	23	2.6	22.5	24.4	19.2	NA	NA	2018	1C61	1	C				NA	flowering > dead_nf > dead_nf	flowering	dead_nf	dead_nf	FALSE	Control	Mock rainout	2018-04-29T21:00:00Z	119	2018-04-29T17:00:00Z	119	Normal	119	normal	2018-04-29T18:00:00Z	119	0	157	222	212	7.3525465864861	32.20676240123067	39.55930898771677	NA	NA	NA	NA	NA	NA	NA	NA	2.515
NA	2018-07-03T00:00:00Z	1C	62	21.4	2.7	19.5	19.5	20.7	NA	NA	2018	1C62	1	C				NA	flowering > dead_nf > dead_nf	flowering	dead_nf	dead_nf	FALSE	Control	Mock rainout	2018-04-29T21:00:00Z	119	2018-04-29T17:00:00Z	119	Normal	119	normal	2018-04-29T18:00:00Z	119	0	157	222	212	7.3525465864861	32.20676240123067	39.55930898771677	NA	NA	NA	NA	NA	NA	NA	NA	2.515
NA	2018-07-03T00:00:00Z	1C	62	21.4	2.7	19.5	19.5	20.7	NA	NA	2018	1C62	1	C				NA	flowering > dead_nf > dead_nf	flowering	dead_nf	dead_nf	FALSE	Control	Mock rainout	2018-04-29T21:00:00Z	119	2018-04-29T17:00:00Z	119	Normal	119	normal	2018-04-29T18:00:00Z	119	0	157	222	212	7.3525465864861	32.20676240123067	39.55930898771677	NA	NA	NA	NA	NA	NA	NA	NA	2.515
NA	2018-07-03T00:00:00Z	1D	29	28.3	2.7	26.4	26.8	25.5	NA	NA	2018	1D29	1	D				NA	flowering > dead_nf > dead_nf	flowering	dead_nf	dead_nf	FALSE	Reduction	Reduction	2018-04-29T21:00:00Z	119	2018-04-29T17:00:00Z	119	Normal	119	normal	2018-04-29T18:00:00Z	119	0	157	222	212	7.3525465864861	16.103381200615335	23.455927787101434	NA	NA	NA	NA	NA	NA	NA	NA	3.6075
NA	2018-07-03T00:00:00Z	1D	29	28.3	2.7	26.4	26.8	25.5	NA	NA	2018	1D29	1	D				NA	flowering > dead_nf > dead_nf	flowering	dead_nf	dead_nf	FALSE	Reduction	Reduction	2018-04-29T21:00:00Z	119	2018-04-29T17:00:00Z	119	Normal	119	normal	2018-04-29T18:00:00Z	119	0	157	222	212	7.3525465864861	16.103381200615335	23.455927787101434	NA	NA	NA	NA	NA	NA	NA	NA	3.6075
NA	2018-07-03T00:00:00Z	2B	171	27.7	3.1	27.7	27.7	26.1	NA	NA	2018	2B171	2	B		census20 census18		NA	no_record > no_record > vegetative	no_record	no_record	vegetative	FALSE	Control	Mock rainout	2018-04-24T21:00:00Z	114	2018-04-25T05:00:00Z	114	Early	114	early	2018-04-24T18:00:00Z	119	-5	157	222	212	7.917959090348241	32.20676240123067	40.12472149157891	NA	NA	NA	NA	NA	NA	NA	NA	3.63
NA	2018-07-03T00:00:00Z	2B	171	27.7	3.1	27.7	27.7	26.1	NA	NA	2018	2B171	2	B		census20 census18		NA	no_record > no_record > vegetative	no_record	no_record	vegetative	FALSE	Control	Mock rainout	2018-04-24T21:00:00Z	114	2018-04-25T05:00:00Z	114	Early	114	early	2018-04-24T18:00:00Z	119	-5	157	222	212	7.917959090348241	32.20676240123067	40.12472149157891	NA	NA	NA	NA	NA	NA	NA	NA	3.63
NA	2018-07-03T00:00:00Z	2B	172	23.3	3.2	22.2	23.6	21.6	NA	NA	2018	2B172	2	B				NA	NA	NA	NA	NA	FALSE	Control	Mock rainout	2018-04-24T21:00:00Z	114	2018-04-25T05:00:00Z	114	Early	114	early	2018-04-24T18:00:00Z	119	-5	157	222	212	7.917959090348241	32.20676240123067	40.12472149157891	NA	NA	NA	NA	NA	NA	NA	NA	3.63
NA	2018-07-03T00:00:00Z	2B	172	23.3	3.2	22.2	23.6	21.6	NA	NA	2018	2B172	2	B				NA	NA	NA	NA	NA	FALSE	Control	Mock rainout	2018-04-24T21:00:00Z	114	2018-04-25T05:00:00Z	114	Early	114	early	2018-04-24T18:00:00Z	119	-5	157	222	212	7.917959090348241	32.20676240123067	40.12472149157891	NA	NA	NA	NA	NA	NA	NA	NA	3.63
NA	2018-07-03T00:00:00Z	2B	195	24.1	3	22.3	25.2	22.6	NA	NA	2018	2B195	2	B		census20 pheno20 floral20 volatiles20 seeds20		NA	flowering > dead_nf > dead_nf	flowering	dead_nf	dead_nf	FALSE	Control	Mock rainout	2018-04-24T21:00:00Z	114	2018-04-25T05:00:00Z	114	Early	114	early	2018-04-24T18:00:00Z	119	-5	157	222	212	7.917959090348241	32.20676240123067	40.12472149157891	NA	NA	NA	NA	NA	NA	NA	NA	3.63
NA	2018-07-03T00:00:00Z	2B	195	24.1	3	22.3	25.2	22.6	NA	NA	2018	2B195	2	B		census20 pheno20 floral20 volatiles20 seeds20		NA	flowering > dead_nf > dead_nf	flowering	dead_nf	dead_nf	FALSE	Control	Mock rainout	2018-04-24T21:00:00Z	114	2018-04-25T05:00:00Z	114	Early	114	early	2018-04-24T18:00:00Z	119	-5	157	222	212	7.917959090348241	32.20676240123067	40.12472149157891	NA	NA	NA	NA	NA	NA	NA	NA	3.63
NA	2018-07-03T00:00:00Z	2B	199	29.6	3.4	24.6	27.5	24.1	NA	NA	2018	2B199	2	B				NA	flowering > dead_nf > dead_nf	flowering	dead_nf	dead_nf	FALSE	Control	Mock rainout	2018-04-24T21:00:00Z	114	2018-04-25T05:00:00Z	114	Early	114	early	2018-04-24T18:00:00Z	119	-5	157	222	212	7.917959090348241	32.20676240123067	40.12472149157891	NA	NA	NA	NA	NA	NA	NA	NA	3.63
NA	2018-07-03T00:00:00Z	2B	199	29.6	3.4	24.6	27.5	24.1	NA	NA	2018	2B199	2	B				NA	flowering > dead_nf > dead_nf	flowering	dead_nf	dead_nf	FALSE	Control	Mock rainout	2018-04-24T21:00:00Z	114	2018-04-25T05:00:00Z	114	Early	114	early	2018-04-24T18:00:00Z	119	-5	157	222	212	7.917959090348241	32.20676240123067	40.12472149157891	NA	NA	NA	NA	NA	NA	NA	NA	3.63
NA	2018-07-03T00:00:00Z	2B	91	18.3	2.2	18.4	29.7	16.7	NA	NA	2018	2B91	2	B				NA	flowering > dead_nf > dead_nf	flowering	dead_nf	dead_nf	FALSE	Control	Mock rainout	2018-04-24T21:00:00Z	114	2018-04-25T05:00:00Z	114	Early	114	early	2018-04-24T18:00:00Z	119	-5	157	222	212	7.917959090348241	32.20676240123067	40.12472149157891	NA	NA	NA	NA	NA	NA	NA	NA	3.63
NA	2018-07-03T00:00:00Z	2B	91	18.3	2.2	18.4	29.7	16.7	NA	NA	2018	2B91	2	B				NA	flowering > dead_nf > dead_nf	flowering	dead_nf	dead_nf	FALSE	Control	Mock rainout	2018-04-24T21:00:00Z	114	2018-04-25T05:00:00Z	114	Early	114	early	2018-04-24T18:00:00Z	119	-5	157	222	212	7.917959090348241	32.20676240123067	40.12472149157891	NA	NA	NA	NA	NA	NA	NA	NA	3.63
NA	2018-07-03T00:00:00Z	2B	94	23.7	2.8	22.9	23	21.7	NA	NA	2018	2B94	2	B				NA	flowering > dead_nf > dead_nf	flowering	dead_nf	dead_nf	FALSE	Control	Mock rainout	2018-04-24T21:00:00Z	114	2018-04-25T05:00:00Z	114	Early	114	early	2018-04-24T18:00:00Z	119	-5	157	222	212	7.917959090348241	32.20676240123067	40.12472149157891	NA	NA	NA	NA	NA	NA	NA	NA	3.63
NA	2018-07-03T00:00:00Z	2B	94	23.7	2.8	22.9	23	21.7	NA	NA	2018	2B94	2	B				NA	flowering > dead_nf > dead_nf	flowering	dead_nf	dead_nf	FALSE	Control	Mock rainout	2018-04-24T21:00:00Z	114	2018-04-25T05:00:00Z	114	Early	114	early	2018-04-24T18:00:00Z	119	-5	157	222	212	7.917959090348241	32.20676240123067	40.12472149157891	NA	NA	NA	NA	NA	NA	NA	NA	3.63
NA	2018-07-03T00:00:00Z	2B	98	23.1	3.5	26.3	26.9	23	NA	NA	2018	2B98	2	B				NA	flowering > dead_nf > dead_nf	flowering	dead_nf	dead_nf	FALSE	Control	Mock rainout	2018-04-24T21:00:00Z	114	2018-04-25T05:00:00Z	114	Early	114	early	2018-04-24T18:00:00Z	119	-5	157	222	212	7.917959090348241	32.20676240123067	40.12472149157891	NA	NA	NA	NA	NA	NA	NA	NA	3.63
NA	2018-07-03T00:00:00Z	2B	98	23.1	3.5	26.3	26.9	23	NA	NA	2018	2B98	2	B				NA	flowering > dead_nf > dead_nf	flowering	dead_nf	dead_nf	FALSE	Control	Mock rainout	2018-04-24T21:00:00Z	114	2018-04-25T05:00:00Z	114	Early	114	early	2018-04-24T18:00:00Z	119	-5	157	222	212	7.917959090348241	32.20676240123067	40.12472149157891	NA	NA	NA	NA	NA	NA	NA	NA	3.63
NA	2018-07-03T00:00:00Z	2C	254	25.4	2.5	25.6	24.9	22.9	NA	NA	2018	2C254	2	C				NA	NA	NA	NA	NA	FALSE	Reduction	Reduction	2018-04-24T21:00:00Z	114	2018-04-25T05:00:00Z	114	Early	114	early	2018-04-24T18:00:00Z	119	-5	157	222	212	7.917959090348241	16.103381200615335	24.021340290963575	NA	NA	NA	NA	NA	NA	NA	NA	2.2399999999999998
NA	2018-07-03T00:00:00Z	2C	254	25.4	2.5	25.6	24.9	22.9	NA	NA	2018	2C254	2	C				NA	NA	NA	NA	NA	FALSE	Reduction	Reduction	2018-04-24T21:00:00Z	114	2018-04-25T05:00:00Z	114	Early	114	early	2018-04-24T18:00:00Z	119	-5	157	222	212	7.917959090348241	16.103381200615335	24.021340290963575	NA	NA	NA	NA	NA	NA	NA	NA	2.2399999999999998
NA	2018-07-03T00:00:00Z	2C	265	20.5	2.4	22.2	20.7	17.6	NA	NA	2018	2C265	2	C				NA	flowering > dead_nf > dead_nf	flowering	dead_nf	dead_nf	FALSE	Reduction	Reduction	2018-04-24T21:00:00Z	114	2018-04-25T05:00:00Z	114	Early	114	early	2018-04-24T18:00:00Z	119	-5	157	222	212	7.917959090348241	16.103381200615335	24.021340290963575	NA	NA	NA	NA	NA	NA	NA	NA	2.2399999999999998
NA	2018-07-03T00:00:00Z	2C	265	20.5	2.4	22.2	20.7	17.6	NA	NA	2018	2C265	2	C				NA	flowering > dead_nf > dead_nf	flowering	dead_nf	dead_nf	FALSE	Reduction	Reduction	2018-04-24T21:00:00Z	114	2018-04-25T05:00:00Z	114	Early	114	early	2018-04-24T18:00:00Z	119	-5	157	222	212	7.917959090348241	16.103381200615335	24.021340290963575	NA	NA	NA	NA	NA	NA	NA	NA	2.2399999999999998
NA	2018-07-03T00:00:00Z	2C	266	20.3	3.3	24	24.2	19.1	NA	NA	2018	2C266	2	C		pheno19		NA	flowering > vegetative > tagnf	flowering	vegetative	tagnf	FALSE	Reduction	Reduction	2018-04-24T21:00:00Z	114	2018-04-25T05:00:00Z	114	Early	114	early	2018-04-24T18:00:00Z	119	-5	157	222	212	7.917959090348241	16.103381200615335	24.021340290963575	NA	NA	NA	NA	NA	NA	NA	NA	2.2399999999999998
NA	2018-07-03T00:00:00Z	2C	266	20.3	3.3	24	24.2	19.1	NA	NA	2018	2C266	2	C		pheno19		NA	flowering > vegetative > tagnf	flowering	vegetative	tagnf	FALSE	Reduction	Reduction	2018-04-24T21:00:00Z	114	2018-04-25T05:00:00Z	114	Early	114	early	2018-04-24T18:00:00Z	119	-5	157	222	212	7.917959090348241	16.103381200615335	24.021340290963575	NA	NA	NA	NA	NA	NA	NA	NA	2.2399999999999998
NA	2018-07-03T00:00:00Z	2C	275	18.5	2.8	17.3	19.8	18.9	NA	NA	2018	2C275	2	C		census20 leaf20		NA	flowering > dead_nf > dead_nf	flowering	dead_nf	dead_nf	FALSE	Reduction	Reduction	2018-04-24T21:00:00Z	114	2018-04-25T05:00:00Z	114	Early	114	early	2018-04-24T18:00:00Z	119	-5	157	222	212	7.917959090348241	16.103381200615335	24.021340290963575	NA	NA	NA	NA	NA	NA	NA	NA	2.2399999999999998
NA	2018-07-03T00:00:00Z	2C	275	18.5	2.8	17.3	19.8	18.9	NA	NA	2018	2C275	2	C		census20 leaf20		NA	flowering > dead_nf > dead_nf	flowering	dead_nf	dead_nf	FALSE	Reduction	Reduction	2018-04-24T21:00:00Z	114	2018-04-25T05:00:00Z	114	Early	114	early	2018-04-24T18:00:00Z	119	-5	157	222	212	7.917959090348241	16.103381200615335	24.021340290963575	NA	NA	NA	NA	NA	NA	NA	NA	2.2399999999999998
NA	2018-07-03T00:00:00Z	2C	276	21.5	3.3	24.7	22.7	19.9	NA	NA	2018	2C276	2	C				NA	flowering > dead_nf > dead_nf	flowering	dead_nf	dead_nf	FALSE	Reduction	Reduction	2018-04-24T21:00:00Z	114	2018-04-25T05:00:00Z	114	Early	114	early	2018-04-24T18:00:00Z	119	-5	157	222	212	7.917959090348241	16.103381200615335	24.021340290963575	NA	NA	NA	NA	NA	NA	NA	NA	2.2399999999999998
NA	2018-07-03T00:00:00Z	2C	276	21.5	3.3	24.7	22.7	19.9	NA	NA	2018	2C276	2	C				NA	flowering > dead_nf > dead_nf	flowering	dead_nf	dead_nf	FALSE	Reduction	Reduction	2018-04-24T21:00:00Z	114	2018-04-25T05:00:00Z	114	Early	114	early	2018-04-24T18:00:00Z	119	-5	157	222	212	7.917959090348241	16.103381200615335	24.021340290963575	NA	NA	NA	NA	NA	NA	NA	NA	2.2399999999999998
NA	2018-07-03T00:00:00Z	2C	291	25.7	3	23.2	26.6	22.6	NA	NA	2018	2C291	2	C		census20		NA	flowering > dead_nf > dead_nf	flowering	dead_nf	dead_nf	FALSE	Reduction	Reduction	2018-04-24T21:00:00Z	114	2018-04-25T05:00:00Z	114	Early	114	early	2018-04-24T18:00:00Z	119	-5	157	222	212	7.917959090348241	16.103381200615335	24.021340290963575	NA	NA	NA	NA	NA	NA	NA	NA	2.2399999999999998
NA	2018-07-03T00:00:00Z	2C	291	25.7	3	23.2	26.6	22.6	NA	NA	2018	2C291	2	C		census20		NA	flowering > dead_nf > dead_nf	flowering	dead_nf	dead_nf	FALSE	Reduction	Reduction	2018-04-24T21:00:00Z	114	2018-04-25T05:00:00Z	114	Early	114	early	2018-04-24T18:00:00Z	119	-5	157	222	212	7.917959090348241	16.103381200615335	24.021340290963575	NA	NA	NA	NA	NA	NA	NA	NA	2.2399999999999998
NA	2018-07-03T00:00:00Z	2C	294	23.8	2.7	25.3	23.3	21.1	NA	NA	2018	2C294	2	C		census20		NA	flowering > dead_nf > dead_nf	flowering	dead_nf	dead_nf	FALSE	Reduction	Reduction	2018-04-24T21:00:00Z	114	2018-04-25T05:00:00Z	114	Early	114	early	2018-04-24T18:00:00Z	119	-5	157	222	212	7.917959090348241	16.103381200615335	24.021340290963575	NA	NA	NA	NA	NA	NA	NA	NA	2.2399999999999998
NA	2018-07-03T00:00:00Z	2C	294	23.8	2.7	25.3	23.3	21.1	NA	NA	2018	2C294	2	C		census20		NA	flowering > dead_nf > dead_nf	flowering	dead_nf	dead_nf	FALSE	Reduction	Reduction	2018-04-24T21:00:00Z	114	2018-04-25T05:00:00Z	114	Early	114	early	2018-04-24T18:00:00Z	119	-5	157	222	212	7.917959090348241	16.103381200615335	24.021340290963575	NA	NA	NA	NA	NA	NA	NA	NA	2.2399999999999998
NA	2018-07-03T00:00:00Z	2D	200	20	3	18.7	19.9	13.6	NA	NA	2018	2D200	2	D				NA	flowering > dead_nf > dead_nf	flowering	dead_nf	dead_nf	FALSE	Addition	Addition	2018-04-24T21:00:00Z	114	2018-04-25T05:00:00Z	114	Early	114	early	2018-04-24T18:00:00Z	119	-5	157	222	212	7.917959090348241	128.45676240123066	136.3747214915789	NA	NA	NA	NA	NA	NA	NA	NA	6.295
NA	2018-07-03T00:00:00Z	2D	200	20	3	18.7	19.9	13.6	NA	NA	2018	2D200	2	D				NA	flowering > dead_nf > dead_nf	flowering	dead_nf	dead_nf	FALSE	Addition	Addition	2018-04-24T21:00:00Z	114	2018-04-25T05:00:00Z	114	Early	114	early	2018-04-24T18:00:00Z	119	-5	157	222	212	7.917959090348241	128.45676240123066	136.3747214915789	NA	NA	NA	NA	NA	NA	NA	NA	6.295
NA	2018-07-03T00:00:00Z	2D	206	24.6	2.8	27.2	25	21.9	NA	NA	2018	2D206	2	D				NA	flowering > dead_nf > dead_nf	flowering	dead_nf	dead_nf	FALSE	Addition	Addition	2018-04-24T21:00:00Z	114	2018-04-25T05:00:00Z	114	Early	114	early	2018-04-24T18:00:00Z	119	-5	157	222	212	7.917959090348241	128.45676240123066	136.3747214915789	NA	NA	NA	NA	NA	NA	NA	NA	6.295
NA	2018-07-03T00:00:00Z	2D	206	24.6	2.8	27.2	25	21.9	NA	NA	2018	2D206	2	D				NA	flowering > dead_nf > dead_nf	flowering	dead_nf	dead_nf	FALSE	Addition	Addition	2018-04-24T21:00:00Z	114	2018-04-25T05:00:00Z	114	Early	114	early	2018-04-24T18:00:00Z	119	-5	157	222	212	7.917959090348241	128.45676240123066	136.3747214915789	NA	NA	NA	NA	NA	NA	NA	NA	6.295
NA	2018-07-03T00:00:00Z	2D	212	20.4	3	23.6	21.3	20.5	NA	NA	2018	2D212	2	D				NA	flowering > flowering > dead_nf	flowering	flowering	dead_nf	FALSE	Addition	Addition	2018-04-24T21:00:00Z	114	2018-04-25T05:00:00Z	114	Early	114	early	2018-04-24T18:00:00Z	119	-5	157	222	212	7.917959090348241	128.45676240123066	136.3747214915789	NA	NA	NA	NA	NA	NA	NA	NA	6.295
NA	2018-07-03T00:00:00Z	2D	212	20.4	3	23.6	21.3	20.5	NA	NA	2018	2D212	2	D				NA	flowering > flowering > dead_nf	flowering	flowering	dead_nf	FALSE	Addition	Addition	2018-04-24T21:00:00Z	114	2018-04-25T05:00:00Z	114	Early	114	early	2018-04-24T18:00:00Z	119	-5	157	222	212	7.917959090348241	128.45676240123066	136.3747214915789	NA	NA	NA	NA	NA	NA	NA	NA	6.295
NA	2018-07-03T00:00:00Z	2D	218	25.6	3.1	25.1	26.8	25.5	NA	NA	2018	2D218	2	D				NA	flowering > dead_nf > dead_nf	flowering	dead_nf	dead_nf	FALSE	Addition	Addition	2018-04-24T21:00:00Z	114	2018-04-25T05:00:00Z	114	Early	114	early	2018-04-24T18:00:00Z	119	-5	157	222	212	7.917959090348241	128.45676240123066	136.3747214915789	NA	NA	NA	NA	NA	NA	NA	NA	6.295
NA	2018-07-03T00:00:00Z	2D	218	25.6	3.1	25.1	26.8	25.5	NA	NA	2018	2D218	2	D				NA	flowering > dead_nf > dead_nf	flowering	dead_nf	dead_nf	FALSE	Addition	Addition	2018-04-24T21:00:00Z	114	2018-04-25T05:00:00Z	114	Early	114	early	2018-04-24T18:00:00Z	119	-5	157	222	212	7.917959090348241	128.45676240123066	136.3747214915789	NA	NA	NA	NA	NA	NA	NA	NA	6.295
NA	2018-07-03T00:00:00Z	3A	127	26	2.8	29.8	27.7	24.1	NA	NA	2018	3A127	3	A				NA	flowering > dead_nf > dead_nf	flowering	dead_nf	dead_nf	FALSE	Reduction	Reduction	2018-04-29T18:00:00Z	119	2018-04-28T22:00:00Z	118	Normal	119	normal	2018-04-29T18:00:00Z	119	0	157	222	212	7.3525465864861	16.103381200615335	23.455927787101434	NA	NA	NA	NA	NA	NA	NA	NA	2.6525
NA	2018-07-03T00:00:00Z	3A	127	26	2.8	29.8	27.7	24.1	NA	NA	2018	3A127	3	A				NA	flowering > dead_nf > dead_nf	flowering	dead_nf	dead_nf	FALSE	Reduction	Reduction	2018-04-29T18:00:00Z	119	2018-04-28T22:00:00Z	118	Normal	119	normal	2018-04-29T18:00:00Z	119	0	157	222	212	7.3525465864861	16.103381200615335	23.455927787101434	NA	NA	NA	NA	NA	NA	NA	NA	2.6525
NA	2018-07-03T00:00:00Z	3A	128	22.2	3.6	22.4	22.4	21.3	NA	NA	2018	3A128	3	A				NA	flowering > dead_nf > dead_nf	flowering	dead_nf	dead_nf	FALSE	Reduction	Reduction	2018-04-29T18:00:00Z	119	2018-04-28T22:00:00Z	118	Normal	119	normal	2018-04-29T18:00:00Z	119	0	157	222	212	7.3525465864861	16.103381200615335	23.455927787101434	NA	NA	NA	NA	NA	NA	NA	NA	2.6525
NA	2018-07-03T00:00:00Z	3A	128	22.2	3.6	22.4	22.4	21.3	NA	NA	2018	3A128	3	A				NA	flowering > dead_nf > dead_nf	flowering	dead_nf	dead_nf	FALSE	Reduction	Reduction	2018-04-29T18:00:00Z	119	2018-04-28T22:00:00Z	118	Normal	119	normal	2018-04-29T18:00:00Z	119	0	157	222	212	7.3525465864861	16.103381200615335	23.455927787101434	NA	NA	NA	NA	NA	NA	NA	NA	2.6525
NA	2018-07-03T00:00:00Z	3B	824	27.2	3.7	27.2	26.5	23.9	NA	NA	2018	3B824	3	B				NA	flowering > dead_nf > dead_nf	flowering	dead_nf	dead_nf	FALSE	Control	Mock rainout	2018-04-29T18:00:00Z	119	2018-04-28T22:00:00Z	118	Normal	119	normal	2018-04-29T18:00:00Z	119	0	157	222	212	7.3525465864861	32.20676240123067	39.55930898771677	NA	NA	NA	NA	NA	NA	NA	NA	3.3775
NA	2018-07-03T00:00:00Z	3B	824	27.2	3.7	27.2	26.5	23.9	NA	NA	2018	3B824	3	B				NA	flowering > dead_nf > dead_nf	flowering	dead_nf	dead_nf	FALSE	Control	Mock rainout	2018-04-29T18:00:00Z	119	2018-04-28T22:00:00Z	118	Normal	119	normal	2018-04-29T18:00:00Z	119	0	157	222	212	7.3525465864861	32.20676240123067	39.55930898771677	NA	NA	NA	NA	NA	NA	NA	NA	3.3775
NA	2018-07-03T00:00:00Z	3B	833	25.1	3.3	27.4	26.2	23.9	NA	NA	2018	3B833	3	B				NA	flowering > dead_nf > dead_nf	flowering	dead_nf	dead_nf	FALSE	Control	Mock rainout	2018-04-29T18:00:00Z	119	2018-04-28T22:00:00Z	118	Normal	119	normal	2018-04-29T18:00:00Z	119	0	157	222	212	7.3525465864861	32.20676240123067	39.55930898771677	NA	NA	NA	NA	NA	NA	NA	NA	3.3775
NA	2018-07-03T00:00:00Z	3B	833	25.1	3.3	27.4	26.2	23.9	NA	NA	2018	3B833	3	B				NA	flowering > dead_nf > dead_nf	flowering	dead_nf	dead_nf	FALSE	Control	Mock rainout	2018-04-29T18:00:00Z	119	2018-04-28T22:00:00Z	118	Normal	119	normal	2018-04-29T18:00:00Z	119	0	157	222	212	7.3525465864861	32.20676240123067	39.55930898771677	NA	NA	NA	NA	NA	NA	NA	NA	3.3775
NA	2018-07-03T00:00:00Z	3C	127	28.2	3.9	26.8	31.1	25.2	NA	NA	2018	3C127	3	C				NA	flowering > dead_nf > dead_nf	flowering	dead_nf	dead_nf	FALSE	Addition	Addition	2018-04-29T18:00:00Z	119	2018-04-28T22:00:00Z	118	Normal	119	normal	2018-04-29T18:00:00Z	119	0	157	222	212	7.3525465864861	128.45676240123066	135.80930898771678	NA	NA	NA	NA	NA	NA	NA	NA	5.495
NA	2018-07-03T00:00:00Z	3C	127	28.2	3.9	26.8	31.1	25.2	NA	NA	2018	3C127	3	C				NA	flowering > dead_nf > dead_nf	flowering	dead_nf	dead_nf	FALSE	Addition	Addition	2018-04-29T18:00:00Z	119	2018-04-28T22:00:00Z	118	Normal	119	normal	2018-04-29T18:00:00Z	119	0	157	222	212	7.3525465864861	128.45676240123066	135.80930898771678	NA	NA	NA	NA	NA	NA	NA	NA	5.495
NA	2018-07-03T00:00:00Z	3C	156	24.8	3.4	24.6	25.4	22.9	NA	NA	2018	3C156	3	C				NA	flowering > dead_nf > dead_nf	flowering	dead_nf	dead_nf	FALSE	Addition	Addition	2018-04-29T18:00:00Z	119	2018-04-28T22:00:00Z	118	Normal	119	normal	2018-04-29T18:00:00Z	119	0	157	222	212	7.3525465864861	128.45676240123066	135.80930898771678	NA	NA	NA	NA	NA	NA	NA	NA	5.495
NA	2018-07-03T00:00:00Z	3C	156	24.8	3.4	24.6	25.4	22.9	NA	NA	2018	3C156	3	C				NA	flowering > dead_nf > dead_nf	flowering	dead_nf	dead_nf	FALSE	Addition	Addition	2018-04-29T18:00:00Z	119	2018-04-28T22:00:00Z	118	Normal	119	normal	2018-04-29T18:00:00Z	119	0	157	222	212	7.3525465864861	128.45676240123066	135.80930898771678	NA	NA	NA	NA	NA	NA	NA	NA	5.495
NA	2018-07-03T00:00:00Z	3C	168	23	3.1	25.7	24	22.7	NA	NA	2018	3C168	3	C				NA	flowering > dead_nf > dead_nf	flowering	dead_nf	dead_nf	FALSE	Addition	Addition	2018-04-29T18:00:00Z	119	2018-04-28T22:00:00Z	118	Normal	119	normal	2018-04-29T18:00:00Z	119	0	157	222	212	7.3525465864861	128.45676240123066	135.80930898771678	NA	NA	NA	NA	NA	NA	NA	NA	5.495
NA	2018-07-03T00:00:00Z	3C	168	23	3.1	25.7	24	22.7	NA	NA	2018	3C168	3	C				NA	flowering > dead_nf > dead_nf	flowering	dead_nf	dead_nf	FALSE	Addition	Addition	2018-04-29T18:00:00Z	119	2018-04-28T22:00:00Z	118	Normal	119	normal	2018-04-29T18:00:00Z	119	0	157	222	212	7.3525465864861	128.45676240123066	135.80930898771678	NA	NA	NA	NA	NA	NA	NA	NA	5.495
NA	2018-07-03T00:00:00Z	3C	171	28.4	2.9	25.6	28.2	26.1	NA	NA	2018	3C171	3	C		pheno20		NA	flowering > dead_nf > dead_nf	flowering	dead_nf	dead_nf	FALSE	Addition	Addition	2018-04-29T18:00:00Z	119	2018-04-28T22:00:00Z	118	Normal	119	normal	2018-04-29T18:00:00Z	119	0	157	222	212	7.3525465864861	128.45676240123066	135.80930898771678	NA	NA	NA	NA	NA	NA	NA	NA	5.495
NA	2018-07-03T00:00:00Z	3C	171	28.4	2.9	25.6	28.2	26.1	NA	NA	2018	3C171	3	C		pheno20		NA	flowering > dead_nf > dead_nf	flowering	dead_nf	dead_nf	FALSE	Addition	Addition	2018-04-29T18:00:00Z	119	2018-04-28T22:00:00Z	118	Normal	119	normal	2018-04-29T18:00:00Z	119	0	157	222	212	7.3525465864861	128.45676240123066	135.80930898771678	NA	NA	NA	NA	NA	NA	NA	NA	5.495
NA	2018-07-03T00:00:00Z	3C	94	23	2.7	24.1	23.3	21.2	NA	NA	2018	3C94	3	C				NA	flowering > dead_nf > dead_nf	flowering	dead_nf	dead_nf	FALSE	Addition	Addition	2018-04-29T18:00:00Z	119	2018-04-28T22:00:00Z	118	Normal	119	normal	2018-04-29T18:00:00Z	119	0	157	222	212	7.3525465864861	128.45676240123066	135.80930898771678	NA	NA	NA	NA	NA	NA	NA	NA	5.495
NA	2018-07-03T00:00:00Z	3C	94	23	2.7	24.1	23.3	21.2	NA	NA	2018	3C94	3	C				NA	flowering > dead_nf > dead_nf	flowering	dead_nf	dead_nf	FALSE	Addition	Addition	2018-04-29T18:00:00Z	119	2018-04-28T22:00:00Z	118	Normal	119	normal	2018-04-29T18:00:00Z	119	0	157	222	212	7.3525465864861	128.45676240123066	135.80930898771678	NA	NA	NA	NA	NA	NA	NA	NA	5.495
NA	2018-07-03T00:00:00Z	3C	98	26.4	2.9	29.8	26.6	24.8	NA	NA	2018	3C98	3	C				NA	flowering > dead_nf > dead_nf	flowering	dead_nf	dead_nf	FALSE	Addition	Addition	2018-04-29T18:00:00Z	119	2018-04-28T22:00:00Z	118	Normal	119	normal	2018-04-29T18:00:00Z	119	0	157	222	212	7.3525465864861	128.45676240123066	135.80930898771678	NA	NA	NA	NA	NA	NA	NA	NA	5.495
NA	2018-07-03T00:00:00Z	3C	98	26.4	2.9	29.8	26.6	24.8	NA	NA	2018	3C98	3	C				NA	flowering > dead_nf > dead_nf	flowering	dead_nf	dead_nf	FALSE	Addition	Addition	2018-04-29T18:00:00Z	119	2018-04-28T22:00:00Z	118	Normal	119	normal	2018-04-29T18:00:00Z	119	0	157	222	212	7.3525465864861	128.45676240123066	135.80930898771678	NA	NA	NA	NA	NA	NA	NA	NA	5.495
NA	2018-07-03T00:00:00Z	3D	847	27.2	2.9	29.1	27.5	25	NA	NA	2018	3D847	3	D				NA	flowering > vegetative > dead_nf	flowering	vegetative	dead_nf	FALSE	Control	Control	2018-04-29T18:00:00Z	119	2018-04-28T22:00:00Z	118	Normal	119	normal	2018-04-29T18:00:00Z	119	0	157	222	212	7.3525465864861	32.20676240123067	39.55930898771677	NA	NA	NA	NA	NA	NA	NA	NA	3.6725
NA	2018-07-03T00:00:00Z	3D	847	27.2	2.9	29.1	27.5	25	NA	NA	2018	3D847	3	D				NA	flowering > vegetative > dead_nf	flowering	vegetative	dead_nf	FALSE	Control	Control	2018-04-29T18:00:00Z	119	2018-04-28T22:00:00Z	118	Normal	119	normal	2018-04-29T18:00:00Z	119	0	157	222	212	7.3525465864861	32.20676240123067	39.55930898771677	NA	NA	NA	NA	NA	NA	NA	NA	3.6725
NA	2018-07-03T00:00:00Z	3D	852	22.6	2.8	20.4	22.9	19.8	NA	NA	2018	3D852	3	D				NA	flowering > vegetative > no_record	flowering	vegetative	no_record	FALSE	Control	Control	2018-04-29T18:00:00Z	119	2018-04-28T22:00:00Z	118	Normal	119	normal	2018-04-29T18:00:00Z	119	0	157	222	212	7.3525465864861	32.20676240123067	39.55930898771677	NA	NA	NA	NA	NA	NA	NA	NA	3.6725
NA	2018-07-03T00:00:00Z	3D	852	22.6	2.8	20.4	22.9	19.8	NA	NA	2018	3D852	3	D				NA	flowering > vegetative > no_record	flowering	vegetative	no_record	FALSE	Control	Control	2018-04-29T18:00:00Z	119	2018-04-28T22:00:00Z	118	Normal	119	normal	2018-04-29T18:00:00Z	119	0	157	222	212	7.3525465864861	32.20676240123067	39.55930898771677	NA	NA	NA	NA	NA	NA	NA	NA	3.6725
NA	2018-07-03T00:00:00Z	3D	853	23.4	2.9	25.1	23.1	21.7	NA	NA	2018	3D853	3	D				NA	flowering > dead_nf > dead_nf	flowering	dead_nf	dead_nf	FALSE	Control	Control	2018-04-29T18:00:00Z	119	2018-04-28T22:00:00Z	118	Normal	119	normal	2018-04-29T18:00:00Z	119	0	157	222	212	7.3525465864861	32.20676240123067	39.55930898771677	NA	NA	NA	NA	NA	NA	NA	NA	3.6725
NA	2018-07-03T00:00:00Z	3D	853	23.4	2.9	25.1	23.1	21.7	NA	NA	2018	3D853	3	D				NA	flowering > dead_nf > dead_nf	flowering	dead_nf	dead_nf	FALSE	Control	Control	2018-04-29T18:00:00Z	119	2018-04-28T22:00:00Z	118	Normal	119	normal	2018-04-29T18:00:00Z	119	0	157	222	212	7.3525465864861	32.20676240123067	39.55930898771677	NA	NA	NA	NA	NA	NA	NA	NA	3.6725
NA	2018-07-03T00:00:00Z	3D	856	25.9	3	26.4	27.4	24.9	NA	NA	2018	3D856	3	D		census20		NA	flowering > dead_nf > dead_nf	flowering	dead_nf	dead_nf	FALSE	Control	Control	2018-04-29T18:00:00Z	119	2018-04-28T22:00:00Z	118	Normal	119	normal	2018-04-29T18:00:00Z	119	0	157	222	212	7.3525465864861	32.20676240123067	39.55930898771677	NA	NA	NA	NA	NA	NA	NA	NA	3.6725
NA	2018-07-03T00:00:00Z	3D	856	25.9	3	26.4	27.4	24.9	NA	NA	2018	3D856	3	D		census20		NA	flowering > dead_nf > dead_nf	flowering	dead_nf	dead_nf	FALSE	Control	Control	2018-04-29T18:00:00Z	119	2018-04-28T22:00:00Z	118	Normal	119	normal	2018-04-29T18:00:00Z	119	0	157	222	212	7.3525465864861	32.20676240123067	39.55930898771677	NA	NA	NA	NA	NA	NA	NA	NA	3.6725
NA	2018-07-03T00:00:00Z	3D	858	23.9	3	21.9	24	22.5	NA	NA	2018	3D858	3	D		census20		NA	flowering > dead_nf > dead_nf	flowering	dead_nf	dead_nf	FALSE	Control	Control	2018-04-29T18:00:00Z	119	2018-04-28T22:00:00Z	118	Normal	119	normal	2018-04-29T18:00:00Z	119	0	157	222	212	7.3525465864861	32.20676240123067	39.55930898771677	NA	NA	NA	NA	NA	NA	NA	NA	3.6725
NA	2018-07-03T00:00:00Z	3D	858	23.9	3	21.9	24	22.5	NA	NA	2018	3D858	3	D		census20		NA	flowering > dead_nf > dead_nf	flowering	dead_nf	dead_nf	FALSE	Control	Control	2018-04-29T18:00:00Z	119	2018-04-28T22:00:00Z	118	Normal	119	normal	2018-04-29T18:00:00Z	119	0	157	222	212	7.3525465864861	32.20676240123067	39.55930898771677	NA	NA	NA	NA	NA	NA	NA	NA	3.6725
NA	2018-07-03T00:00:00Z	3D	874	24.6	3.2	23.4	25.4	21.4	NA	NA	2018	3D874	3	D				NA	flowering > dead_nf > dead_nf	flowering	dead_nf	dead_nf	FALSE	Control	Control	2018-04-29T18:00:00Z	119	2018-04-28T22:00:00Z	118	Normal	119	normal	2018-04-29T18:00:00Z	119	0	157	222	212	7.3525465864861	32.20676240123067	39.55930898771677	NA	NA	NA	NA	NA	NA	NA	NA	3.6725
NA	2018-07-03T00:00:00Z	3D	874	24.6	3.2	23.4	25.4	21.4	NA	NA	2018	3D874	3	D				NA	flowering > dead_nf > dead_nf	flowering	dead_nf	dead_nf	FALSE	Control	Control	2018-04-29T18:00:00Z	119	2018-04-28T22:00:00Z	118	Normal	119	normal	2018-04-29T18:00:00Z	119	0	157	222	212	7.3525465864861	32.20676240123067	39.55930898771677	NA	NA	NA	NA	NA	NA	NA	NA	3.6725
NA	2018-07-03T00:00:00Z	3D	877	22.6	3.4	23.3	22.2	20	NA	NA	2018	3D877	3	D				NA	flowering > dead_nf > dead_nf	flowering	dead_nf	dead_nf	FALSE	Control	Control	2018-04-29T18:00:00Z	119	2018-04-28T22:00:00Z	118	Normal	119	normal	2018-04-29T18:00:00Z	119	0	157	222	212	7.3525465864861	32.20676240123067	39.55930898771677	NA	NA	NA	NA	NA	NA	NA	NA	3.6725
NA	2018-07-03T00:00:00Z	3D	877	22.6	3.4	23.3	22.2	20	NA	NA	2018	3D877	3	D				NA	flowering > dead_nf > dead_nf	flowering	dead_nf	dead_nf	FALSE	Control	Control	2018-04-29T18:00:00Z	119	2018-04-28T22:00:00Z	118	Normal	119	normal	2018-04-29T18:00:00Z	119	0	157	222	212	7.3525465864861	32.20676240123067	39.55930898771677	NA	NA	NA	NA	NA	NA	NA	NA	3.6725
NA	2018-07-03T00:00:00Z	3D	878	23.5	3.1	26.1	24.4	18.9	NA	NA	2018	3D878	3	D				NA	flowering > dead_nf > dead_nf	flowering	dead_nf	dead_nf	FALSE	Control	Control	2018-04-29T18:00:00Z	119	2018-04-28T22:00:00Z	118	Normal	119	normal	2018-04-29T18:00:00Z	119	0	157	222	212	7.3525465864861	32.20676240123067	39.55930898771677	NA	NA	NA	NA	NA	NA	NA	NA	3.6725
NA	2018-07-03T00:00:00Z	3D	878	23.5	3.1	26.1	24.4	18.9	NA	NA	2018	3D878	3	D				NA	flowering > dead_nf > dead_nf	flowering	dead_nf	dead_nf	FALSE	Control	Control	2018-04-29T18:00:00Z	119	2018-04-28T22:00:00Z	118	Normal	119	normal	2018-04-29T18:00:00Z	119	0	157	222	212	7.3525465864861	32.20676240123067	39.55930898771677	NA	NA	NA	NA	NA	NA	NA	NA	3.6725
NA	2018-07-03T00:00:00Z	3D	879	30	3.4	23.4	29.6	26.4	NA	NA	2018	3D879	3	D				NA	flowering > dead_nf > dead_nf	flowering	dead_nf	dead_nf	FALSE	Control	Control	2018-04-29T18:00:00Z	119	2018-04-28T22:00:00Z	118	Normal	119	normal	2018-04-29T18:00:00Z	119	0	157	222	212	7.3525465864861	32.20676240123067	39.55930898771677	NA	NA	NA	NA	NA	NA	NA	NA	3.6725
NA	2018-07-03T00:00:00Z	3D	879	30	3.4	23.4	29.6	26.4	NA	NA	2018	3D879	3	D				NA	flowering > dead_nf > dead_nf	flowering	dead_nf	dead_nf	FALSE	Control	Control	2018-04-29T18:00:00Z	119	2018-04-28T22:00:00Z	118	Normal	119	normal	2018-04-29T18:00:00Z	119	0	157	222	212	7.3525465864861	32.20676240123067	39.55930898771677	NA	NA	NA	NA	NA	NA	NA	NA	3.6725
NA	2018-07-03T00:00:00Z	4A	117	25.9	2.8	25.7	25.1	23.9	NA	NA	2018	4A117	4	A		pheno20		NA	flowering > dead_nf > dead_nf	flowering	dead_nf	dead_nf	FALSE	Addition	Addition	NA	114	NA	114	Early	114	early	2018-04-24T18:00:00Z	119	-5	157	222	212	7.917959090348241	128.45676240123066	136.3747214915789	NA	NA	NA	NA	NA	NA	NA	NA	5.8500000000000005
NA	2018-07-03T00:00:00Z	4A	117	25.9	2.8	25.7	25.1	23.9	NA	NA	2018	4A117	4	A		pheno20		NA	flowering > dead_nf > dead_nf	flowering	dead_nf	dead_nf	FALSE	Addition	Addition	NA	114	NA	114	Early	114	early	2018-04-24T18:00:00Z	119	-5	157	222	212	7.917959090348241	128.45676240123066	136.3747214915789	NA	NA	NA	NA	NA	NA	NA	NA	5.8500000000000005
NA	2018-07-03T00:00:00Z	4A	63	27	2.9	26.1	26.4	24.3	NA	NA	2018	4A63	4	A		pheno20		NA	flowering > dead_nf > dead_nf	flowering	dead_nf	dead_nf	FALSE	Addition	Addition	NA	114	NA	114	Early	114	early	2018-04-24T18:00:00Z	119	-5	157	222	212	7.917959090348241	128.45676240123066	136.3747214915789	NA	NA	NA	NA	NA	NA	NA	NA	5.8500000000000005
NA	2018-07-03T00:00:00Z	4A	63	27	2.9	26.1	26.4	24.3	NA	NA	2018	4A63	4	A		pheno20		NA	flowering > dead_nf > dead_nf	flowering	dead_nf	dead_nf	FALSE	Addition	Addition	NA	114	NA	114	Early	114	early	2018-04-24T18:00:00Z	119	-5	157	222	212	7.917959090348241	128.45676240123066	136.3747214915789	NA	NA	NA	NA	NA	NA	NA	NA	5.8500000000000005
NA	2018-07-03T00:00:00Z	4A	69	25.3	2.6	25.9	25.2	22.9	NA	NA	2018	4A69	4	A				NA	flowering > dead_nf > dead_nf	flowering	dead_nf	dead_nf	FALSE	Addition	Addition	NA	114	NA	114	Early	114	early	2018-04-24T18:00:00Z	119	-5	157	222	212	7.917959090348241	128.45676240123066	136.3747214915789	NA	NA	NA	NA	NA	NA	NA	NA	5.8500000000000005
NA	2018-07-03T00:00:00Z	4A	69	25.3	2.6	25.9	25.2	22.9	NA	NA	2018	4A69	4	A				NA	flowering > dead_nf > dead_nf	flowering	dead_nf	dead_nf	FALSE	Addition	Addition	NA	114	NA	114	Early	114	early	2018-04-24T18:00:00Z	119	-5	157	222	212	7.917959090348241	128.45676240123066	136.3747214915789	NA	NA	NA	NA	NA	NA	NA	NA	5.8500000000000005
NA	2018-07-03T00:00:00Z	4A	75	24.5	3.4	28	28	23.9	NA	NA	2018	4A75	4	A				NA	flowering > dead_nf > dead_nf	flowering	dead_nf	dead_nf	FALSE	Addition	Addition	NA	114	NA	114	Early	114	early	2018-04-24T18:00:00Z	119	-5	157	222	212	7.917959090348241	128.45676240123066	136.3747214915789	NA	NA	NA	NA	NA	NA	NA	NA	5.8500000000000005
NA	2018-07-03T00:00:00Z	4A	75	24.5	3.4	28	28	23.9	NA	NA	2018	4A75	4	A				NA	flowering > dead_nf > dead_nf	flowering	dead_nf	dead_nf	FALSE	Addition	Addition	NA	114	NA	114	Early	114	early	2018-04-24T18:00:00Z	119	-5	157	222	212	7.917959090348241	128.45676240123066	136.3747214915789	NA	NA	NA	NA	NA	NA	NA	NA	5.8500000000000005
NA	2018-07-03T00:00:00Z	4A	76	19.4	3.3	22.2	20.3	18.2	NA	NA	2018	4A76	4	A				NA	flowering > vegetative > vegetative	flowering	vegetative	vegetative	FALSE	Addition	Addition	NA	114	NA	114	Early	114	early	2018-04-24T18:00:00Z	119	-5	157	222	212	7.917959090348241	128.45676240123066	136.3747214915789	NA	NA	NA	NA	NA	NA	NA	NA	5.8500000000000005
NA	2018-07-03T00:00:00Z	4A	76	19.4	3.3	22.2	20.3	18.2	NA	NA	2018	4A76	4	A				NA	flowering > vegetative > vegetative	flowering	vegetative	vegetative	FALSE	Addition	Addition	NA	114	NA	114	Early	114	early	2018-04-24T18:00:00Z	119	-5	157	222	212	7.917959090348241	128.45676240123066	136.3747214915789	NA	NA	NA	NA	NA	NA	NA	NA	5.8500000000000005
NA	2018-07-03T00:00:00Z	4A	90	26.9	3	24.2	26	23.9	NA	NA	2018	4A90	4	A				NA	flowering > dead_nf > dead_nf	flowering	dead_nf	dead_nf	FALSE	Addition	Addition	NA	114	NA	114	Early	114	early	2018-04-24T18:00:00Z	119	-5	157	222	212	7.917959090348241	128.45676240123066	136.3747214915789	NA	NA	NA	NA	NA	NA	NA	NA	5.8500000000000005
NA	2018-07-03T00:00:00Z	4A	90	26.9	3	24.2	26	23.9	NA	NA	2018	4A90	4	A				NA	flowering > dead_nf > dead_nf	flowering	dead_nf	dead_nf	FALSE	Addition	Addition	NA	114	NA	114	Early	114	early	2018-04-24T18:00:00Z	119	-5	157	222	212	7.917959090348241	128.45676240123066	136.3747214915789	NA	NA	NA	NA	NA	NA	NA	NA	5.8500000000000005
NA	2018-07-03T00:00:00Z	4A	94	24	3.2	25.1	25.5	22.5	NA	NA	2018	4A94	4	A				NA	flowering > dead_nf > dead_nf	flowering	dead_nf	dead_nf	FALSE	Addition	Addition	NA	114	NA	114	Early	114	early	2018-04-24T18:00:00Z	119	-5	157	222	212	7.917959090348241	128.45676240123066	136.3747214915789	NA	NA	NA	NA	NA	NA	NA	NA	5.8500000000000005
NA	2018-07-03T00:00:00Z	4A	94	24	3.2	25.1	25.5	22.5	NA	NA	2018	4A94	4	A				NA	flowering > dead_nf > dead_nf	flowering	dead_nf	dead_nf	FALSE	Addition	Addition	NA	114	NA	114	Early	114	early	2018-04-24T18:00:00Z	119	-5	157	222	212	7.917959090348241	128.45676240123066	136.3747214915789	NA	NA	NA	NA	NA	NA	NA	NA	5.8500000000000005
NA	2018-07-03T00:00:00Z	4B	160	24.4	2.8	21.7	25.9	23.9	NA	NA	2018	4B160	4	B				NA	flowering > dead_nf > dead_nf	flowering	dead_nf	dead_nf	FALSE	Control	Mock rainout	NA	114	NA	114	Early	114	early	2018-04-24T18:00:00Z	119	-5	157	222	212	7.917959090348241	32.20676240123067	40.12472149157891	NA	NA	NA	NA	NA	NA	NA	NA	3.38
NA	2018-07-03T00:00:00Z	4B	160	24.4	2.8	21.7	25.9	23.9	NA	NA	2018	4B160	4	B				NA	flowering > dead_nf > dead_nf	flowering	dead_nf	dead_nf	FALSE	Control	Mock rainout	NA	114	NA	114	Early	114	early	2018-04-24T18:00:00Z	119	-5	157	222	212	7.917959090348241	32.20676240123067	40.12472149157891	NA	NA	NA	NA	NA	NA	NA	NA	3.38
NA	2018-07-03T00:00:00Z	4B	175	20.7	3.1	20	23.4	20.1	NA	NA	2018	4B175	4	B				NA	flowering > dead_nf > dead_nf	flowering	dead_nf	dead_nf	FALSE	Control	Mock rainout	NA	114	NA	114	Early	114	early	2018-04-24T18:00:00Z	119	-5	157	222	212	7.917959090348241	32.20676240123067	40.12472149157891	NA	NA	NA	NA	NA	NA	NA	NA	3.38
NA	2018-07-03T00:00:00Z	4B	175	20.7	3.1	20	23.4	20.1	NA	NA	2018	4B175	4	B				NA	flowering > dead_nf > dead_nf	flowering	dead_nf	dead_nf	FALSE	Control	Mock rainout	NA	114	NA	114	Early	114	early	2018-04-24T18:00:00Z	119	-5	157	222	212	7.917959090348241	32.20676240123067	40.12472149157891	NA	NA	NA	NA	NA	NA	NA	NA	3.38
NA	2018-07-03T00:00:00Z	4B	177	25.9	3	21.8	24.9	21.4	NA	NA	2018	4B177	4	B				NA	flowering > vegetative > dead_nf	flowering	vegetative	dead_nf	FALSE	Control	Mock rainout	NA	114	NA	114	Early	114	early	2018-04-24T18:00:00Z	119	-5	157	222	212	7.917959090348241	32.20676240123067	40.12472149157891	NA	NA	NA	NA	NA	NA	NA	NA	3.38
NA	2018-07-03T00:00:00Z	4B	177	25.9	3	21.8	24.9	21.4	NA	NA	2018	4B177	4	B				NA	flowering > vegetative > dead_nf	flowering	vegetative	dead_nf	FALSE	Control	Mock rainout	NA	114	NA	114	Early	114	early	2018-04-24T18:00:00Z	119	-5	157	222	212	7.917959090348241	32.20676240123067	40.12472149157891	NA	NA	NA	NA	NA	NA	NA	NA	3.38
NA	2018-07-03T00:00:00Z	4B	181	24.3	2.7	23.4	25.5	22.4	NA	NA	2018	4B181	4	B				NA	flowering > dead_nf > dead_nf	flowering	dead_nf	dead_nf	FALSE	Control	Mock rainout	NA	114	NA	114	Early	114	early	2018-04-24T18:00:00Z	119	-5	157	222	212	7.917959090348241	32.20676240123067	40.12472149157891	NA	NA	NA	NA	NA	NA	NA	NA	3.38
NA	2018-07-03T00:00:00Z	4B	181	24.3	2.7	23.4	25.5	22.4	NA	NA	2018	4B181	4	B				NA	flowering > dead_nf > dead_nf	flowering	dead_nf	dead_nf	FALSE	Control	Mock rainout	NA	114	NA	114	Early	114	early	2018-04-24T18:00:00Z	119	-5	157	222	212	7.917959090348241	32.20676240123067	40.12472149157891	NA	NA	NA	NA	NA	NA	NA	NA	3.38
NA	2018-07-03T00:00:00Z	4B	185	24.9	2.8	24.5	25.2	22.9	NA	NA	2018	4B185	4	B				NA	flowering > dead_nf > dead_nf	flowering	dead_nf	dead_nf	FALSE	Control	Mock rainout	NA	114	NA	114	Early	114	early	2018-04-24T18:00:00Z	119	-5	157	222	212	7.917959090348241	32.20676240123067	40.12472149157891	NA	NA	NA	NA	NA	NA	NA	NA	3.38
NA	2018-07-03T00:00:00Z	4B	185	24.9	2.8	24.5	25.2	22.9	NA	NA	2018	4B185	4	B				NA	flowering > dead_nf > dead_nf	flowering	dead_nf	dead_nf	FALSE	Control	Mock rainout	NA	114	NA	114	Early	114	early	2018-04-24T18:00:00Z	119	-5	157	222	212	7.917959090348241	32.20676240123067	40.12472149157891	NA	NA	NA	NA	NA	NA	NA	NA	3.38
NA	2018-07-03T00:00:00Z	4B	189	20.4	3	20.7	21.9	18.1	NA	NA	2018	4B189	4	B				NA	flowering > dead_nf > dead_nf	flowering	dead_nf	dead_nf	FALSE	Control	Mock rainout	NA	114	NA	114	Early	114	early	2018-04-24T18:00:00Z	119	-5	157	222	212	7.917959090348241	32.20676240123067	40.12472149157891	NA	NA	NA	NA	NA	NA	NA	NA	3.38
NA	2018-07-03T00:00:00Z	4B	189	20.4	3	20.7	21.9	18.1	NA	NA	2018	4B189	4	B				NA	flowering > dead_nf > dead_nf	flowering	dead_nf	dead_nf	FALSE	Control	Mock rainout	NA	114	NA	114	Early	114	early	2018-04-24T18:00:00Z	119	-5	157	222	212	7.917959090348241	32.20676240123067	40.12472149157891	NA	NA	NA	NA	NA	NA	NA	NA	3.38
NA	2018-07-03T00:00:00Z	4B	192	23.9	2.5	20.9	23.7	21.9	NA	NA	2018	4B192	4	B				NA	flowering > dead_nf > dead_nf	flowering	dead_nf	dead_nf	FALSE	Control	Mock rainout	NA	114	NA	114	Early	114	early	2018-04-24T18:00:00Z	119	-5	157	222	212	7.917959090348241	32.20676240123067	40.12472149157891	NA	NA	NA	NA	NA	NA	NA	NA	3.38
NA	2018-07-03T00:00:00Z	4B	192	23.9	2.5	20.9	23.7	21.9	NA	NA	2018	4B192	4	B				NA	flowering > dead_nf > dead_nf	flowering	dead_nf	dead_nf	FALSE	Control	Mock rainout	NA	114	NA	114	Early	114	early	2018-04-24T18:00:00Z	119	-5	157	222	212	7.917959090348241	32.20676240123067	40.12472149157891	NA	NA	NA	NA	NA	NA	NA	NA	3.38
NA	2018-07-03T00:00:00Z	4B	196	22.3	3.5	23.8	23.1	19.6	NA	NA	2018	4B196	4	B				NA	flowering > dead_nf > dead_nf	flowering	dead_nf	dead_nf	FALSE	Control	Mock rainout	NA	114	NA	114	Early	114	early	2018-04-24T18:00:00Z	119	-5	157	222	212	7.917959090348241	32.20676240123067	40.12472149157891	NA	NA	NA	NA	NA	NA	NA	NA	3.38
NA	2018-07-03T00:00:00Z	4B	196	22.3	3.5	23.8	23.1	19.6	NA	NA	2018	4B196	4	B				NA	flowering > dead_nf > dead_nf	flowering	dead_nf	dead_nf	FALSE	Control	Mock rainout	NA	114	NA	114	Early	114	early	2018-04-24T18:00:00Z	119	-5	157	222	212	7.917959090348241	32.20676240123067	40.12472149157891	NA	NA	NA	NA	NA	NA	NA	NA	3.38
NA	2018-07-03T00:00:00Z	4C	11	25.3	3.4	26.8	25.6	23.9	NA	NA	2018	4C11	4	C				NA	NA	NA	NA	NA	FALSE	Control	Control	NA	114	NA	114	Early	114	early	2018-04-24T18:00:00Z	119	-5	157	222	212	7.917959090348241	32.20676240123067	40.12472149157891	NA	NA	NA	NA	NA	NA	NA	NA	4.242285714285714
NA	2018-07-03T00:00:00Z	4C	11	25.3	3.4	26.8	25.6	23.9	NA	NA	2018	4C11	4	C				NA	NA	NA	NA	NA	FALSE	Control	Control	NA	114	NA	114	Early	114	early	2018-04-24T18:00:00Z	119	-5	157	222	212	7.917959090348241	32.20676240123067	40.12472149157891	NA	NA	NA	NA	NA	NA	NA	NA	4.242285714285714
NA	2018-07-03T00:00:00Z	4C	119	20.3	2.4	22.4	26.6	18.2	NA	NA	2018	4C119	4	C				NA	flowering > dead_nf > dead_nf	flowering	dead_nf	dead_nf	FALSE	Control	Control	NA	114	NA	114	Early	114	early	2018-04-24T18:00:00Z	119	-5	157	222	212	7.917959090348241	32.20676240123067	40.12472149157891	NA	NA	NA	NA	NA	NA	NA	NA	4.242285714285714
NA	2018-07-03T00:00:00Z	4C	119	20.3	2.4	22.4	26.6	18.2	NA	NA	2018	4C119	4	C				NA	flowering > dead_nf > dead_nf	flowering	dead_nf	dead_nf	FALSE	Control	Control	NA	114	NA	114	Early	114	early	2018-04-24T18:00:00Z	119	-5	157	222	212	7.917959090348241	32.20676240123067	40.12472149157891	NA	NA	NA	NA	NA	NA	NA	NA	4.242285714285714
NA	2018-07-03T00:00:00Z	4D	29	18	2.6	14.7	17.5	15.9	NA	NA	2018	4D29	4	D				NA	flowering > dead_nf > dead_nf	flowering	dead_nf	dead_nf	FALSE	Reduction	Reduction	NA	114	NA	114	Early	114	early	2018-04-24T18:00:00Z	119	-5	157	222	212	7.917959090348241	16.103381200615335	24.021340290963575	NA	NA	NA	NA	NA	NA	NA	NA	3.1750000000000003
NA	2018-07-03T00:00:00Z	4D	29	18	2.6	14.7	17.5	15.9	NA	NA	2018	4D29	4	D				NA	flowering > dead_nf > dead_nf	flowering	dead_nf	dead_nf	FALSE	Reduction	Reduction	NA	114	NA	114	Early	114	early	2018-04-24T18:00:00Z	119	-5	157	222	212	7.917959090348241	16.103381200615335	24.021340290963575	NA	NA	NA	NA	NA	NA	NA	NA	3.1750000000000003
NA	2018-07-03T00:00:00Z	4D	31	28	3.4	24.5	28.8	25.9	NA	NA	2018	4D31	4	D				NA	flowering > dead_nf > dead_nf	flowering	dead_nf	dead_nf	FALSE	Reduction	Reduction	NA	114	NA	114	Early	114	early	2018-04-24T18:00:00Z	119	-5	157	222	212	7.917959090348241	16.103381200615335	24.021340290963575	NA	NA	NA	NA	NA	NA	NA	NA	3.1750000000000003
NA	2018-07-03T00:00:00Z	4D	31	28	3.4	24.5	28.8	25.9	NA	NA	2018	4D31	4	D				NA	flowering > dead_nf > dead_nf	flowering	dead_nf	dead_nf	FALSE	Reduction	Reduction	NA	114	NA	114	Early	114	early	2018-04-24T18:00:00Z	119	-5	157	222	212	7.917959090348241	16.103381200615335	24.021340290963575	NA	NA	NA	NA	NA	NA	NA	NA	3.1750000000000003
NA	2018-07-03T00:00:00Z	4D	33	23.5	2.6	25.2	24.8	21.4	NA	NA	2018	4D33	4	D				NA	flowering > vegetative > dead_nf	flowering	vegetative	dead_nf	FALSE	Reduction	Reduction	NA	114	NA	114	Early	114	early	2018-04-24T18:00:00Z	119	-5	157	222	212	7.917959090348241	16.103381200615335	24.021340290963575	NA	NA	NA	NA	NA	NA	NA	NA	3.1750000000000003
NA	2018-07-03T00:00:00Z	4D	33	23.5	2.6	25.2	24.8	21.4	NA	NA	2018	4D33	4	D				NA	flowering > vegetative > dead_nf	flowering	vegetative	dead_nf	FALSE	Reduction	Reduction	NA	114	NA	114	Early	114	early	2018-04-24T18:00:00Z	119	-5	157	222	212	7.917959090348241	16.103381200615335	24.021340290963575	NA	NA	NA	NA	NA	NA	NA	NA	3.1750000000000003
NA	2018-07-03T00:00:00Z	4D	34	23.6	3.3	26.2	25.5	21.1	NA	NA	2018	4D34	4	D				NA	flowering > vegetative > dead_nf	flowering	vegetative	dead_nf	FALSE	Reduction	Reduction	NA	114	NA	114	Early	114	early	2018-04-24T18:00:00Z	119	-5	157	222	212	7.917959090348241	16.103381200615335	24.021340290963575	NA	NA	NA	NA	NA	NA	NA	NA	3.1750000000000003
NA	2018-07-03T00:00:00Z	4D	34	23.6	3.3	26.2	25.5	21.1	NA	NA	2018	4D34	4	D				NA	flowering > vegetative > dead_nf	flowering	vegetative	dead_nf	FALSE	Reduction	Reduction	NA	114	NA	114	Early	114	early	2018-04-24T18:00:00Z	119	-5	157	222	212	7.917959090348241	16.103381200615335	24.021340290963575	NA	NA	NA	NA	NA	NA	NA	NA	3.1750000000000003
NA	2018-07-03T00:00:00Z	4D	35	27.5	3.2	29.2	27.2	23.1	NA	NA	2018	4D35	4	D				NA	flowering > flowering > vegetative	flowering	flowering	vegetative	FALSE	Reduction	Reduction	NA	114	NA	114	Early	114	early	2018-04-24T18:00:00Z	119	-5	157	222	212	7.917959090348241	16.103381200615335	24.021340290963575	NA	NA	NA	NA	NA	NA	NA	NA	3.1750000000000003
NA	2018-07-03T00:00:00Z	4D	35	27.5	3.2	29.2	27.2	23.1	NA	NA	2018	4D35	4	D				NA	flowering > flowering > vegetative	flowering	flowering	vegetative	FALSE	Reduction	Reduction	NA	114	NA	114	Early	114	early	2018-04-24T18:00:00Z	119	-5	157	222	212	7.917959090348241	16.103381200615335	24.021340290963575	NA	NA	NA	NA	NA	NA	NA	NA	3.1750000000000003
NA	2018-07-03T00:00:00Z	4D	36	23.9	2.7	22.9	22.9	20.9	NA	NA	2018	4D36	4	D		floral20		NA	flowering > dead_nf > dead_nf	flowering	dead_nf	dead_nf	FALSE	Reduction	Reduction	NA	114	NA	114	Early	114	early	2018-04-24T18:00:00Z	119	-5	157	222	212	7.917959090348241	16.103381200615335	24.021340290963575	NA	NA	NA	NA	NA	NA	NA	NA	3.1750000000000003
NA	2018-07-03T00:00:00Z	4D	36	23.9	2.7	22.9	22.9	20.9	NA	NA	2018	4D36	4	D		floral20		NA	flowering > dead_nf > dead_nf	flowering	dead_nf	dead_nf	FALSE	Reduction	Reduction	NA	114	NA	114	Early	114	early	2018-04-24T18:00:00Z	119	-5	157	222	212	7.917959090348241	16.103381200615335	24.021340290963575	NA	NA	NA	NA	NA	NA	NA	NA	3.1750000000000003
NA	2018-07-03T00:00:00Z	4D	45	20.7	3.4	24.1	23.4	28.6	NA	NA	2018	4D45	4	D				NA	flowering > vegetative > dead_nf	flowering	vegetative	dead_nf	FALSE	Reduction	Reduction	NA	114	NA	114	Early	114	early	2018-04-24T18:00:00Z	119	-5	157	222	212	7.917959090348241	16.103381200615335	24.021340290963575	NA	NA	NA	NA	NA	NA	NA	NA	3.1750000000000003
NA	2018-07-03T00:00:00Z	4D	45	20.7	3.4	24.1	23.4	28.6	NA	NA	2018	4D45	4	D				NA	flowering > vegetative > dead_nf	flowering	vegetative	dead_nf	FALSE	Reduction	Reduction	NA	114	NA	114	Early	114	early	2018-04-24T18:00:00Z	119	-5	157	222	212	7.917959090348241	16.103381200615335	24.021340290963575	NA	NA	NA	NA	NA	NA	NA	NA	3.1750000000000003
NA	2018-07-03T00:00:00Z	5A	175	23.9	2.4	27.5	25.4	19.5	NA	NA	2018	5A175	5	A				NA	flowering > dead_nf > dead_nf	flowering	dead_nf	dead_nf	FALSE	Addition	Addition	2018-04-24T19:00:00Z	114	2018-04-24T19:00:00Z	114	Early	114	early	2018-04-24T18:00:00Z	119	-5	157	222	212	7.917959090348241	128.45676240123066	136.3747214915789	NA	NA	NA	NA	NA	NA	NA	NA	5.02
NA	2018-07-03T00:00:00Z	5A	175	23.9	2.4	27.5	25.4	19.5	NA	NA	2018	5A175	5	A				NA	flowering > dead_nf > dead_nf	flowering	dead_nf	dead_nf	FALSE	Addition	Addition	2018-04-24T19:00:00Z	114	2018-04-24T19:00:00Z	114	Early	114	early	2018-04-24T18:00:00Z	119	-5	157	222	212	7.917959090348241	128.45676240123066	136.3747214915789	NA	NA	NA	NA	NA	NA	NA	NA	5.02
NA	2018-07-03T00:00:00Z	5A	176	23.5	2.7	20.9	22.6	20.4	NA	NA	2018	5A176	5	A				NA	flowering > dead_nf > dead_nf	flowering	dead_nf	dead_nf	FALSE	Addition	Addition	2018-04-24T19:00:00Z	114	2018-04-24T19:00:00Z	114	Early	114	early	2018-04-24T18:00:00Z	119	-5	157	222	212	7.917959090348241	128.45676240123066	136.3747214915789	NA	NA	NA	NA	NA	NA	NA	NA	5.02
NA	2018-07-03T00:00:00Z	5A	176	23.5	2.7	20.9	22.6	20.4	NA	NA	2018	5A176	5	A				NA	flowering > dead_nf > dead_nf	flowering	dead_nf	dead_nf	FALSE	Addition	Addition	2018-04-24T19:00:00Z	114	2018-04-24T19:00:00Z	114	Early	114	early	2018-04-24T18:00:00Z	119	-5	157	222	212	7.917959090348241	128.45676240123066	136.3747214915789	NA	NA	NA	NA	NA	NA	NA	NA	5.02
NA	2018-07-03T00:00:00Z	5A	180	20.4	3.1	20.1	20.3	18.8	NA	NA	2018	5A180	5	A				NA	flowering > vegetative > flowering	flowering	vegetative	flowering	FALSE	Addition	Addition	2018-04-24T19:00:00Z	114	2018-04-24T19:00:00Z	114	Early	114	early	2018-04-24T18:00:00Z	119	-5	157	222	212	7.917959090348241	128.45676240123066	136.3747214915789	NA	NA	NA	NA	NA	NA	NA	NA	5.02
NA	2018-07-03T00:00:00Z	5A	180	20.4	3.1	20.1	20.3	18.8	NA	NA	2018	5A180	5	A				NA	flowering > vegetative > flowering	flowering	vegetative	flowering	FALSE	Addition	Addition	2018-04-24T19:00:00Z	114	2018-04-24T19:00:00Z	114	Early	114	early	2018-04-24T18:00:00Z	119	-5	157	222	212	7.917959090348241	128.45676240123066	136.3747214915789	NA	NA	NA	NA	NA	NA	NA	NA	5.02
NA	2018-07-03T00:00:00Z	5A	181	26.2	2.9	25.2	27.4	24.5	NA	NA	2018	5A181	5	A				NA	flowering > dead_nf > dead_nf	flowering	dead_nf	dead_nf	FALSE	Addition	Addition	2018-04-24T19:00:00Z	114	2018-04-24T19:00:00Z	114	Early	114	early	2018-04-24T18:00:00Z	119	-5	157	222	212	7.917959090348241	128.45676240123066	136.3747214915789	NA	NA	NA	NA	NA	NA	NA	NA	5.02
NA	2018-07-03T00:00:00Z	5A	181	26.2	2.9	25.2	27.4	24.5	NA	NA	2018	5A181	5	A				NA	flowering > dead_nf > dead_nf	flowering	dead_nf	dead_nf	FALSE	Addition	Addition	2018-04-24T19:00:00Z	114	2018-04-24T19:00:00Z	114	Early	114	early	2018-04-24T18:00:00Z	119	-5	157	222	212	7.917959090348241	128.45676240123066	136.3747214915789	NA	NA	NA	NA	NA	NA	NA	NA	5.02
NA	2018-07-03T00:00:00Z	5A	182	25.8	2.4	23.6	24	22.9	NA	NA	2018	5A182	5	A				NA	flowering > dead_nf > dead_nf	flowering	dead_nf	dead_nf	FALSE	Addition	Addition	2018-04-24T19:00:00Z	114	2018-04-24T19:00:00Z	114	Early	114	early	2018-04-24T18:00:00Z	119	-5	157	222	212	7.917959090348241	128.45676240123066	136.3747214915789	NA	NA	NA	NA	NA	NA	NA	NA	5.02
NA	2018-07-03T00:00:00Z	5A	182	25.8	2.4	23.6	24	22.9	NA	NA	2018	5A182	5	A				NA	flowering > dead_nf > dead_nf	flowering	dead_nf	dead_nf	FALSE	Addition	Addition	2018-04-24T19:00:00Z	114	2018-04-24T19:00:00Z	114	Early	114	early	2018-04-24T18:00:00Z	119	-5	157	222	212	7.917959090348241	128.45676240123066	136.3747214915789	NA	NA	NA	NA	NA	NA	NA	NA	5.02
NA	2018-07-03T00:00:00Z	5A	189	26.7	3.1	27.7	28.6	26.4	NA	NA	2018	5A189	5	A				NA	flowering > vegetative > flowering	flowering	vegetative	flowering	FALSE	Addition	Addition	2018-04-24T19:00:00Z	114	2018-04-24T19:00:00Z	114	Early	114	early	2018-04-24T18:00:00Z	119	-5	157	222	212	7.917959090348241	128.45676240123066	136.3747214915789	NA	NA	NA	NA	NA	NA	NA	NA	5.02
NA	2018-07-03T00:00:00Z	5A	189	26.7	3.1	27.7	28.6	26.4	NA	NA	2018	5A189	5	A				NA	flowering > vegetative > flowering	flowering	vegetative	flowering	FALSE	Addition	Addition	2018-04-24T19:00:00Z	114	2018-04-24T19:00:00Z	114	Early	114	early	2018-04-24T18:00:00Z	119	-5	157	222	212	7.917959090348241	128.45676240123066	136.3747214915789	NA	NA	NA	NA	NA	NA	NA	NA	5.02
NA	2018-07-03T00:00:00Z	5A	194	25.7	3.4	26	25.9	21.8	NA	NA	2018	5A194	5	A				NA	vegetative > vegetative > vegetative	vegetative	vegetative	vegetative	FALSE	Addition	Addition	2018-04-24T19:00:00Z	114	2018-04-24T19:00:00Z	114	Early	114	early	2018-04-24T18:00:00Z	119	-5	157	222	212	7.917959090348241	128.45676240123066	136.3747214915789	NA	NA	NA	NA	NA	NA	NA	NA	5.02
NA	2018-07-03T00:00:00Z	5A	194	25.7	3.4	26	25.9	21.8	NA	NA	2018	5A194	5	A				NA	vegetative > vegetative > vegetative	vegetative	vegetative	vegetative	FALSE	Addition	Addition	2018-04-24T19:00:00Z	114	2018-04-24T19:00:00Z	114	Early	114	early	2018-04-24T18:00:00Z	119	-5	157	222	212	7.917959090348241	128.45676240123066	136.3747214915789	NA	NA	NA	NA	NA	NA	NA	NA	5.02
NA	2018-07-03T00:00:00Z	5B	15	18.8	2.8	21.3	19.7	16.8	NA	NA	2018	5B15	5	B				NA	flowering > vegetative > dead_nf	flowering	vegetative	dead_nf	FALSE	Control	Mock rainout	2018-04-24T19:00:00Z	114	2018-04-24T19:00:00Z	114	Early	114	early	2018-04-24T18:00:00Z	119	-5	157	222	212	7.917959090348241	32.20676240123067	40.12472149157891	NA	NA	NA	NA	NA	NA	NA	NA	3.7775
NA	2018-07-03T00:00:00Z	5B	15	18.8	2.8	21.3	19.7	16.8	NA	NA	2018	5B15	5	B				NA	flowering > vegetative > dead_nf	flowering	vegetative	dead_nf	FALSE	Control	Mock rainout	2018-04-24T19:00:00Z	114	2018-04-24T19:00:00Z	114	Early	114	early	2018-04-24T18:00:00Z	119	-5	157	222	212	7.917959090348241	32.20676240123067	40.12472149157891	NA	NA	NA	NA	NA	NA	NA	NA	3.7775
NA	2018-07-03T00:00:00Z	5B	22	25.1	3.4	26.9	28.5	23.1	NA	NA	2018	5B22	5	B				NA	flowering > dead_nf > dead_nf	flowering	dead_nf	dead_nf	FALSE	Control	Mock rainout	2018-04-24T19:00:00Z	114	2018-04-24T19:00:00Z	114	Early	114	early	2018-04-24T18:00:00Z	119	-5	157	222	212	7.917959090348241	32.20676240123067	40.12472149157891	NA	NA	NA	NA	NA	NA	NA	NA	3.7775
NA	2018-07-03T00:00:00Z	5B	22	25.1	3.4	26.9	28.5	23.1	NA	NA	2018	5B22	5	B				NA	flowering > dead_nf > dead_nf	flowering	dead_nf	dead_nf	FALSE	Control	Mock rainout	2018-04-24T19:00:00Z	114	2018-04-24T19:00:00Z	114	Early	114	early	2018-04-24T18:00:00Z	119	-5	157	222	212	7.917959090348241	32.20676240123067	40.12472149157891	NA	NA	NA	NA	NA	NA	NA	NA	3.7775
NA	2018-07-03T00:00:00Z	5B	284	23.7	3.5	26.6	24.5	21.9	NA	NA	2018	5B284	5	B				NA	flowering > dead_nf > dead_nf	flowering	dead_nf	dead_nf	FALSE	Control	Mock rainout	2018-04-24T19:00:00Z	114	2018-04-24T19:00:00Z	114	Early	114	early	2018-04-24T18:00:00Z	119	-5	157	222	212	7.917959090348241	32.20676240123067	40.12472149157891	NA	NA	NA	NA	NA	NA	NA	NA	3.7775
NA	2018-07-03T00:00:00Z	5B	284	23.7	3.5	26.6	24.5	21.9	NA	NA	2018	5B284	5	B				NA	flowering > dead_nf > dead_nf	flowering	dead_nf	dead_nf	FALSE	Control	Mock rainout	2018-04-24T19:00:00Z	114	2018-04-24T19:00:00Z	114	Early	114	early	2018-04-24T18:00:00Z	119	-5	157	222	212	7.917959090348241	32.20676240123067	40.12472149157891	NA	NA	NA	NA	NA	NA	NA	NA	3.7775
NA	2018-07-03T00:00:00Z	5B	292	23.6	3.1	26.1	23.9	20.3	NA	NA	2018	5B292	5	B				NA	flowering > dead_nf > dead_nf	flowering	dead_nf	dead_nf	FALSE	Control	Mock rainout	2018-04-24T19:00:00Z	114	2018-04-24T19:00:00Z	114	Early	114	early	2018-04-24T18:00:00Z	119	-5	157	222	212	7.917959090348241	32.20676240123067	40.12472149157891	NA	NA	NA	NA	NA	NA	NA	NA	3.7775
NA	2018-07-03T00:00:00Z	5B	292	23.6	3.1	26.1	23.9	20.3	NA	NA	2018	5B292	5	B				NA	flowering > dead_nf > dead_nf	flowering	dead_nf	dead_nf	FALSE	Control	Mock rainout	2018-04-24T19:00:00Z	114	2018-04-24T19:00:00Z	114	Early	114	early	2018-04-24T18:00:00Z	119	-5	157	222	212	7.917959090348241	32.20676240123067	40.12472149157891	NA	NA	NA	NA	NA	NA	NA	NA	3.7775
NA	2018-07-03T00:00:00Z	5B	294	21.8	2.9	24.3	21.8	18.5	NA	NA	2018	5B294	5	B				NA	flowering > dead_nf > dead_nf	flowering	dead_nf	dead_nf	FALSE	Control	Mock rainout	2018-04-24T19:00:00Z	114	2018-04-24T19:00:00Z	114	Early	114	early	2018-04-24T18:00:00Z	119	-5	157	222	212	7.917959090348241	32.20676240123067	40.12472149157891	NA	NA	NA	NA	NA	NA	NA	NA	3.7775
NA	2018-07-03T00:00:00Z	5B	294	21.8	2.9	24.3	21.8	18.5	NA	NA	2018	5B294	5	B				NA	flowering > dead_nf > dead_nf	flowering	dead_nf	dead_nf	FALSE	Control	Mock rainout	2018-04-24T19:00:00Z	114	2018-04-24T19:00:00Z	114	Early	114	early	2018-04-24T18:00:00Z	119	-5	157	222	212	7.917959090348241	32.20676240123067	40.12472149157891	NA	NA	NA	NA	NA	NA	NA	NA	3.7775
NA	2018-07-03T00:00:00Z	5B	8	26.7	2.7	22.6	24.1	22.5	NA	NA	2018	5B8	5	B				NA	flowering > dead_nf > dead_nf	flowering	dead_nf	dead_nf	FALSE	Control	Mock rainout	2018-04-24T19:00:00Z	114	2018-04-24T19:00:00Z	114	Early	114	early	2018-04-24T18:00:00Z	119	-5	157	222	212	7.917959090348241	32.20676240123067	40.12472149157891	NA	NA	NA	NA	NA	NA	NA	NA	3.7775
NA	2018-07-03T00:00:00Z	5B	8	26.7	2.7	22.6	24.1	22.5	NA	NA	2018	5B8	5	B				NA	flowering > dead_nf > dead_nf	flowering	dead_nf	dead_nf	FALSE	Control	Mock rainout	2018-04-24T19:00:00Z	114	2018-04-24T19:00:00Z	114	Early	114	early	2018-04-24T18:00:00Z	119	-5	157	222	212	7.917959090348241	32.20676240123067	40.12472149157891	NA	NA	NA	NA	NA	NA	NA	NA	3.7775
NA	2018-07-03T00:00:00Z	5C	205	25.1	3.1	25.4	26.2	24.2	NA	NA	2018	5C205	5	C				NA	flowering > dead_nf > dead_nf	flowering	dead_nf	dead_nf	FALSE	Reduction	Reduction	2018-04-24T19:00:00Z	114	2018-04-24T19:00:00Z	114	Early	114	early	2018-04-24T18:00:00Z	119	-5	157	222	212	7.917959090348241	16.103381200615335	24.021340290963575	NA	NA	NA	NA	NA	NA	NA	NA	3.12
NA	2018-07-03T00:00:00Z	5C	205	25.1	3.1	25.4	26.2	24.2	NA	NA	2018	5C205	5	C				NA	flowering > dead_nf > dead_nf	flowering	dead_nf	dead_nf	FALSE	Reduction	Reduction	2018-04-24T19:00:00Z	114	2018-04-24T19:00:00Z	114	Early	114	early	2018-04-24T18:00:00Z	119	-5	157	222	212	7.917959090348241	16.103381200615335	24.021340290963575	NA	NA	NA	NA	NA	NA	NA	NA	3.12
NA	2018-07-03T00:00:00Z	5C	206	22.3	2.8	24.9	24.3	19.9	NA	NA	2018	5C206	5	C				NA	flowering > dead_nf > dead_nf	flowering	dead_nf	dead_nf	FALSE	Reduction	Reduction	2018-04-24T19:00:00Z	114	2018-04-24T19:00:00Z	114	Early	114	early	2018-04-24T18:00:00Z	119	-5	157	222	212	7.917959090348241	16.103381200615335	24.021340290963575	NA	NA	NA	NA	NA	NA	NA	NA	3.12
NA	2018-07-03T00:00:00Z	5C	206	22.3	2.8	24.9	24.3	19.9	NA	NA	2018	5C206	5	C				NA	flowering > dead_nf > dead_nf	flowering	dead_nf	dead_nf	FALSE	Reduction	Reduction	2018-04-24T19:00:00Z	114	2018-04-24T19:00:00Z	114	Early	114	early	2018-04-24T18:00:00Z	119	-5	157	222	212	7.917959090348241	16.103381200615335	24.021340290963575	NA	NA	NA	NA	NA	NA	NA	NA	3.12
NA	2018-07-03T00:00:00Z	5C	215	25.3	3.1	23.5	27	23	NA	NA	2018	5C215	5	C				NA	flowering > dead_nf > dead_nf	flowering	dead_nf	dead_nf	FALSE	Reduction	Reduction	2018-04-24T19:00:00Z	114	2018-04-24T19:00:00Z	114	Early	114	early	2018-04-24T18:00:00Z	119	-5	157	222	212	7.917959090348241	16.103381200615335	24.021340290963575	NA	NA	NA	NA	NA	NA	NA	NA	3.12
NA	2018-07-03T00:00:00Z	5C	215	25.3	3.1	23.5	27	23	NA	NA	2018	5C215	5	C				NA	flowering > dead_nf > dead_nf	flowering	dead_nf	dead_nf	FALSE	Reduction	Reduction	2018-04-24T19:00:00Z	114	2018-04-24T19:00:00Z	114	Early	114	early	2018-04-24T18:00:00Z	119	-5	157	222	212	7.917959090348241	16.103381200615335	24.021340290963575	NA	NA	NA	NA	NA	NA	NA	NA	3.12
NA	2018-07-03T00:00:00Z	5C	220	25.4	3.5	24.9	26.1	23.4	NA	NA	2018	5C220	5	C				NA	flowering > dead_nf > dead_nf	flowering	dead_nf	dead_nf	FALSE	Reduction	Reduction	2018-04-24T19:00:00Z	114	2018-04-24T19:00:00Z	114	Early	114	early	2018-04-24T18:00:00Z	119	-5	157	222	212	7.917959090348241	16.103381200615335	24.021340290963575	NA	NA	NA	NA	NA	NA	NA	NA	3.12
NA	2018-07-03T00:00:00Z	5C	220	25.4	3.5	24.9	26.1	23.4	NA	NA	2018	5C220	5	C				NA	flowering > dead_nf > dead_nf	flowering	dead_nf	dead_nf	FALSE	Reduction	Reduction	2018-04-24T19:00:00Z	114	2018-04-24T19:00:00Z	114	Early	114	early	2018-04-24T18:00:00Z	119	-5	157	222	212	7.917959090348241	16.103381200615335	24.021340290963575	NA	NA	NA	NA	NA	NA	NA	NA	3.12
NA	2018-07-03T00:00:00Z	5C	222	25.3	2.9	25.6	25.1	21.7	NA	NA	2018	5C222	5	C				NA	flowering > dead_nf > dead_nf	flowering	dead_nf	dead_nf	FALSE	Reduction	Reduction	2018-04-24T19:00:00Z	114	2018-04-24T19:00:00Z	114	Early	114	early	2018-04-24T18:00:00Z	119	-5	157	222	212	7.917959090348241	16.103381200615335	24.021340290963575	NA	NA	NA	NA	NA	NA	NA	NA	3.12
NA	2018-07-03T00:00:00Z	5C	222	25.3	2.9	25.6	25.1	21.7	NA	NA	2018	5C222	5	C				NA	flowering > dead_nf > dead_nf	flowering	dead_nf	dead_nf	FALSE	Reduction	Reduction	2018-04-24T19:00:00Z	114	2018-04-24T19:00:00Z	114	Early	114	early	2018-04-24T18:00:00Z	119	-5	157	222	212	7.917959090348241	16.103381200615335	24.021340290963575	NA	NA	NA	NA	NA	NA	NA	NA	3.12
NA	2018-07-03T00:00:00Z	5D	228	24.6	2.9	27.4	25.3	22.8	NA	NA	2018	5D228	5	D				NA	flowering > flowering > dead_nf	flowering	flowering	dead_nf	FALSE	Control	Control	2018-04-24T19:00:00Z	114	2018-04-24T19:00:00Z	114	Early	114	early	2018-04-24T18:00:00Z	119	-5	157	222	212	7.917959090348241	32.20676240123067	40.12472149157891	NA	NA	NA	NA	NA	NA	NA	NA	3.7725
NA	2018-07-03T00:00:00Z	5D	228	24.6	2.9	27.4	25.3	22.8	NA	NA	2018	5D228	5	D				NA	flowering > flowering > dead_nf	flowering	flowering	dead_nf	FALSE	Control	Control	2018-04-24T19:00:00Z	114	2018-04-24T19:00:00Z	114	Early	114	early	2018-04-24T18:00:00Z	119	-5	157	222	212	7.917959090348241	32.20676240123067	40.12472149157891	NA	NA	NA	NA	NA	NA	NA	NA	3.7725
NA	2018-07-03T00:00:00Z	5D	231	20.5	3	25	21.7	18.5	NA	NA	2018	5D231	5	D				NA	flowering > dead_nf > dead_nf	flowering	dead_nf	dead_nf	FALSE	Control	Control	2018-04-24T19:00:00Z	114	2018-04-24T19:00:00Z	114	Early	114	early	2018-04-24T18:00:00Z	119	-5	157	222	212	7.917959090348241	32.20676240123067	40.12472149157891	NA	NA	NA	NA	NA	NA	NA	NA	3.7725
NA	2018-07-03T00:00:00Z	5D	231	20.5	3	25	21.7	18.5	NA	NA	2018	5D231	5	D				NA	flowering > dead_nf > dead_nf	flowering	dead_nf	dead_nf	FALSE	Control	Control	2018-04-24T19:00:00Z	114	2018-04-24T19:00:00Z	114	Early	114	early	2018-04-24T18:00:00Z	119	-5	157	222	212	7.917959090348241	32.20676240123067	40.12472149157891	NA	NA	NA	NA	NA	NA	NA	NA	3.7725
NA	2018-07-03T00:00:00Z	5D	245	21.6	3	21.8	21.9	20.7	NA	NA	2018	5D245	5	D				NA	flowering > dead_nf > dead_nf	flowering	dead_nf	dead_nf	FALSE	Control	Control	2018-04-24T19:00:00Z	114	2018-04-24T19:00:00Z	114	Early	114	early	2018-04-24T18:00:00Z	119	-5	157	222	212	7.917959090348241	32.20676240123067	40.12472149157891	NA	NA	NA	NA	NA	NA	NA	NA	3.7725
NA	2018-07-03T00:00:00Z	5D	245	21.6	3	21.8	21.9	20.7	NA	NA	2018	5D245	5	D				NA	flowering > dead_nf > dead_nf	flowering	dead_nf	dead_nf	FALSE	Control	Control	2018-04-24T19:00:00Z	114	2018-04-24T19:00:00Z	114	Early	114	early	2018-04-24T18:00:00Z	119	-5	157	222	212	7.917959090348241	32.20676240123067	40.12472149157891	NA	NA	NA	NA	NA	NA	NA	NA	3.7725
NA	2018-07-03T00:00:00Z	5D	260	23	2.6	23.7	21.4	19.9	NA	NA	2018	5D260	5	D				NA	flowering > dead_nf > dead_nf	flowering	dead_nf	dead_nf	FALSE	Control	Control	2018-04-24T19:00:00Z	114	2018-04-24T19:00:00Z	114	Early	114	early	2018-04-24T18:00:00Z	119	-5	157	222	212	7.917959090348241	32.20676240123067	40.12472149157891	NA	NA	NA	NA	NA	NA	NA	NA	3.7725
NA	2018-07-03T00:00:00Z	5D	260	23	2.6	23.7	21.4	19.9	NA	NA	2018	5D260	5	D				NA	flowering > dead_nf > dead_nf	flowering	dead_nf	dead_nf	FALSE	Control	Control	2018-04-24T19:00:00Z	114	2018-04-24T19:00:00Z	114	Early	114	early	2018-04-24T18:00:00Z	119	-5	157	222	212	7.917959090348241	32.20676240123067	40.12472149157891	NA	NA	NA	NA	NA	NA	NA	NA	3.7725
NA	2018-07-03T00:00:00Z	5D	283	26.6	3.1	25.3	27.3	23.2	NA	NA	2018	5D283	5	D				NA	flowering > dead_nf > dead_nf	flowering	dead_nf	dead_nf	FALSE	Control	Control	2018-04-24T19:00:00Z	114	2018-04-24T19:00:00Z	114	Early	114	early	2018-04-24T18:00:00Z	119	-5	157	222	212	7.917959090348241	32.20676240123067	40.12472149157891	NA	NA	NA	NA	NA	NA	NA	NA	3.7725
NA	2018-07-03T00:00:00Z	5D	283	26.6	3.1	25.3	27.3	23.2	NA	NA	2018	5D283	5	D				NA	flowering > dead_nf > dead_nf	flowering	dead_nf	dead_nf	FALSE	Control	Control	2018-04-24T19:00:00Z	114	2018-04-24T19:00:00Z	114	Early	114	early	2018-04-24T18:00:00Z	119	-5	157	222	212	7.917959090348241	32.20676240123067	40.12472149157891	NA	NA	NA	NA	NA	NA	NA	NA	3.7725
NA	2018-07-03T00:00:00Z	6A	125	20.9	2.7	20	21.5	18.3	NA	NA	2018	6A125	6	A				NA	flowering > dead_nf > dead_nf	flowering	dead_nf	dead_nf	FALSE	Control	Control	2018-04-29T19:00:00Z	119	2018-04-29T19:00:00Z	119	Normal	119	normal	2018-04-29T18:00:00Z	119	0	157	222	212	7.3525465864861	32.20676240123067	39.55930898771677	NA	NA	NA	NA	NA	NA	NA	NA	3.79525
NA	2018-07-03T00:00:00Z	6A	125	20.9	2.7	20	21.5	18.3	NA	NA	2018	6A125	6	A				NA	flowering > dead_nf > dead_nf	flowering	dead_nf	dead_nf	FALSE	Control	Control	2018-04-29T19:00:00Z	119	2018-04-29T19:00:00Z	119	Normal	119	normal	2018-04-29T18:00:00Z	119	0	157	222	212	7.3525465864861	32.20676240123067	39.55930898771677	NA	NA	NA	NA	NA	NA	NA	NA	3.79525
NA	2018-07-03T00:00:00Z	6A	133	20.5	2.3	21	20.7	18.9	NA	NA	2018	6A133	6	A				NA	flowering > dead_nf > dead_nf	flowering	dead_nf	dead_nf	FALSE	Control	Control	2018-04-29T19:00:00Z	119	2018-04-29T19:00:00Z	119	Normal	119	normal	2018-04-29T18:00:00Z	119	0	157	222	212	7.3525465864861	32.20676240123067	39.55930898771677	NA	NA	NA	NA	NA	NA	NA	NA	3.79525
NA	2018-07-03T00:00:00Z	6A	133	20.5	2.3	21	20.7	18.9	NA	NA	2018	6A133	6	A				NA	flowering > dead_nf > dead_nf	flowering	dead_nf	dead_nf	FALSE	Control	Control	2018-04-29T19:00:00Z	119	2018-04-29T19:00:00Z	119	Normal	119	normal	2018-04-29T18:00:00Z	119	0	157	222	212	7.3525465864861	32.20676240123067	39.55930898771677	NA	NA	NA	NA	NA	NA	NA	NA	3.79525
NA	2018-07-03T00:00:00Z	6A	135	23.3	2.7	26.2	23.9	21.2	NA	NA	2018	6A135	6	A				NA	flowering > dead_nf > dead_nf	flowering	dead_nf	dead_nf	FALSE	Control	Control	2018-04-29T19:00:00Z	119	2018-04-29T19:00:00Z	119	Normal	119	normal	2018-04-29T18:00:00Z	119	0	157	222	212	7.3525465864861	32.20676240123067	39.55930898771677	NA	NA	NA	NA	NA	NA	NA	NA	3.79525
NA	2018-07-03T00:00:00Z	6A	135	23.3	2.7	26.2	23.9	21.2	NA	NA	2018	6A135	6	A				NA	flowering > dead_nf > dead_nf	flowering	dead_nf	dead_nf	FALSE	Control	Control	2018-04-29T19:00:00Z	119	2018-04-29T19:00:00Z	119	Normal	119	normal	2018-04-29T18:00:00Z	119	0	157	222	212	7.3525465864861	32.20676240123067	39.55930898771677	NA	NA	NA	NA	NA	NA	NA	NA	3.79525
NA	2018-07-03T00:00:00Z	6A	143	26.4	3.2	25.4	25.2	23.3	NA	NA	2018	6A143	6	A				NA	flowering > dead_nf > dead_nf	flowering	dead_nf	dead_nf	FALSE	Control	Control	2018-04-29T19:00:00Z	119	2018-04-29T19:00:00Z	119	Normal	119	normal	2018-04-29T18:00:00Z	119	0	157	222	212	7.3525465864861	32.20676240123067	39.55930898771677	NA	NA	NA	NA	NA	NA	NA	NA	3.79525
NA	2018-07-03T00:00:00Z	6A	143	26.4	3.2	25.4	25.2	23.3	NA	NA	2018	6A143	6	A				NA	flowering > dead_nf > dead_nf	flowering	dead_nf	dead_nf	FALSE	Control	Control	2018-04-29T19:00:00Z	119	2018-04-29T19:00:00Z	119	Normal	119	normal	2018-04-29T18:00:00Z	119	0	157	222	212	7.3525465864861	32.20676240123067	39.55930898771677	NA	NA	NA	NA	NA	NA	NA	NA	3.79525
NA	2018-07-03T00:00:00Z	6A	151	21.9	3.2	22.6	23.1	20.3	NA	NA	2018	6A151	6	A				NA	flowering > dead_nf > dead_nf	flowering	dead_nf	dead_nf	FALSE	Control	Control	2018-04-29T19:00:00Z	119	2018-04-29T19:00:00Z	119	Normal	119	normal	2018-04-29T18:00:00Z	119	0	157	222	212	7.3525465864861	32.20676240123067	39.55930898771677	NA	NA	NA	NA	NA	NA	NA	NA	3.79525
NA	2018-07-03T00:00:00Z	6A	151	21.9	3.2	22.6	23.1	20.3	NA	NA	2018	6A151	6	A				NA	flowering > dead_nf > dead_nf	flowering	dead_nf	dead_nf	FALSE	Control	Control	2018-04-29T19:00:00Z	119	2018-04-29T19:00:00Z	119	Normal	119	normal	2018-04-29T18:00:00Z	119	0	157	222	212	7.3525465864861	32.20676240123067	39.55930898771677	NA	NA	NA	NA	NA	NA	NA	NA	3.79525
NA	2018-07-03T00:00:00Z	6A	160	28.6	3	27.2	29.2	26.2	NA	NA	2018	6A160	6	A				NA	flowering > dead_nf > dead_nf	flowering	dead_nf	dead_nf	FALSE	Control	Control	2018-04-29T19:00:00Z	119	2018-04-29T19:00:00Z	119	Normal	119	normal	2018-04-29T18:00:00Z	119	0	157	222	212	7.3525465864861	32.20676240123067	39.55930898771677	NA	NA	NA	NA	NA	NA	NA	NA	3.79525
NA	2018-07-03T00:00:00Z	6A	160	28.6	3	27.2	29.2	26.2	NA	NA	2018	6A160	6	A				NA	flowering > dead_nf > dead_nf	flowering	dead_nf	dead_nf	FALSE	Control	Control	2018-04-29T19:00:00Z	119	2018-04-29T19:00:00Z	119	Normal	119	normal	2018-04-29T18:00:00Z	119	0	157	222	212	7.3525465864861	32.20676240123067	39.55930898771677	NA	NA	NA	NA	NA	NA	NA	NA	3.79525
NA	2018-07-03T00:00:00Z	6A	166	17.3	2.8	18.7	18.2	14.8	NA	NA	2018	6A166	6	A				NA	flowering > dead_nf > dead_nf	flowering	dead_nf	dead_nf	FALSE	Control	Control	2018-04-29T19:00:00Z	119	2018-04-29T19:00:00Z	119	Normal	119	normal	2018-04-29T18:00:00Z	119	0	157	222	212	7.3525465864861	32.20676240123067	39.55930898771677	NA	NA	NA	NA	NA	NA	NA	NA	3.79525
NA	2018-07-03T00:00:00Z	6A	166	17.3	2.8	18.7	18.2	14.8	NA	NA	2018	6A166	6	A				NA	flowering > dead_nf > dead_nf	flowering	dead_nf	dead_nf	FALSE	Control	Control	2018-04-29T19:00:00Z	119	2018-04-29T19:00:00Z	119	Normal	119	normal	2018-04-29T18:00:00Z	119	0	157	222	212	7.3525465864861	32.20676240123067	39.55930898771677	NA	NA	NA	NA	NA	NA	NA	NA	3.79525
NA	2018-07-03T00:00:00Z	6A	167	21.8	2.3	23.8	24.8	22.7	NA	NA	2018	6A167	6	A				NA	flowering > dead_nf > dead_nf	flowering	dead_nf	dead_nf	FALSE	Control	Control	2018-04-29T19:00:00Z	119	2018-04-29T19:00:00Z	119	Normal	119	normal	2018-04-29T18:00:00Z	119	0	157	222	212	7.3525465864861	32.20676240123067	39.55930898771677	NA	NA	NA	NA	NA	NA	NA	NA	3.79525
NA	2018-07-03T00:00:00Z	6A	167	21.8	2.3	23.8	24.8	22.7	NA	NA	2018	6A167	6	A				NA	flowering > dead_nf > dead_nf	flowering	dead_nf	dead_nf	FALSE	Control	Control	2018-04-29T19:00:00Z	119	2018-04-29T19:00:00Z	119	Normal	119	normal	2018-04-29T18:00:00Z	119	0	157	222	212	7.3525465864861	32.20676240123067	39.55930898771677	NA	NA	NA	NA	NA	NA	NA	NA	3.79525
NA	2018-07-03T00:00:00Z	6B	1	23.9	2.9	22.1	24.6	21.3	NA	NA	2018	6B1	6	B				NA	flowering > dead_nf > dead_nf	flowering	dead_nf	dead_nf	FALSE	Reduction	Reduction	2018-04-29T19:00:00Z	119	2018-04-29T19:00:00Z	119	Normal	119	normal	2018-04-29T18:00:00Z	119	0	157	222	212	7.3525465864861	16.103381200615335	23.455927787101434	NA	NA	NA	NA	NA	NA	NA	NA	2.9975
NA	2018-07-03T00:00:00Z	6B	1	23.9	2.9	22.1	24.6	21.3	NA	NA	2018	6B1	6	B				NA	flowering > dead_nf > dead_nf	flowering	dead_nf	dead_nf	FALSE	Reduction	Reduction	2018-04-29T19:00:00Z	119	2018-04-29T19:00:00Z	119	Normal	119	normal	2018-04-29T18:00:00Z	119	0	157	222	212	7.3525465864861	16.103381200615335	23.455927787101434	NA	NA	NA	NA	NA	NA	NA	NA	2.9975
NA	2018-07-03T00:00:00Z	6B	20	24.6	2.4	23.8	25.1	23	NA	NA	2018	6B20	6	B				NA	flowering > dead_nf > dead_nf	flowering	dead_nf	dead_nf	FALSE	Reduction	Reduction	2018-04-29T19:00:00Z	119	2018-04-29T19:00:00Z	119	Normal	119	normal	2018-04-29T18:00:00Z	119	0	157	222	212	7.3525465864861	16.103381200615335	23.455927787101434	NA	NA	NA	NA	NA	NA	NA	NA	2.9975
NA	2018-07-03T00:00:00Z	6B	20	24.6	2.4	23.8	25.1	23	NA	NA	2018	6B20	6	B				NA	flowering > dead_nf > dead_nf	flowering	dead_nf	dead_nf	FALSE	Reduction	Reduction	2018-04-29T19:00:00Z	119	2018-04-29T19:00:00Z	119	Normal	119	normal	2018-04-29T18:00:00Z	119	0	157	222	212	7.3525465864861	16.103381200615335	23.455927787101434	NA	NA	NA	NA	NA	NA	NA	NA	2.9975
NA	2018-07-03T00:00:00Z	6B	26	24	3.2	25.5	25.1	22.4	NA	NA	2018	6B26	6	B				NA	flowering > dead_nf > dead_nf	flowering	dead_nf	dead_nf	FALSE	Reduction	Reduction	2018-04-29T19:00:00Z	119	2018-04-29T19:00:00Z	119	Normal	119	normal	2018-04-29T18:00:00Z	119	0	157	222	212	7.3525465864861	16.103381200615335	23.455927787101434	NA	NA	NA	NA	NA	NA	NA	NA	2.9975
NA	2018-07-03T00:00:00Z	6B	26	24	3.2	25.5	25.1	22.4	NA	NA	2018	6B26	6	B				NA	flowering > dead_nf > dead_nf	flowering	dead_nf	dead_nf	FALSE	Reduction	Reduction	2018-04-29T19:00:00Z	119	2018-04-29T19:00:00Z	119	Normal	119	normal	2018-04-29T18:00:00Z	119	0	157	222	212	7.3525465864861	16.103381200615335	23.455927787101434	NA	NA	NA	NA	NA	NA	NA	NA	2.9975
NA	2018-07-03T00:00:00Z	6B	27	18.9	3.1	19.5	18.9	17.5	NA	NA	2018	6B27	6	B				NA	flowering > dead_nf > dead_nf	flowering	dead_nf	dead_nf	FALSE	Reduction	Reduction	2018-04-29T19:00:00Z	119	2018-04-29T19:00:00Z	119	Normal	119	normal	2018-04-29T18:00:00Z	119	0	157	222	212	7.3525465864861	16.103381200615335	23.455927787101434	NA	NA	NA	NA	NA	NA	NA	NA	2.9975
NA	2018-07-03T00:00:00Z	6B	27	18.9	3.1	19.5	18.9	17.5	NA	NA	2018	6B27	6	B				NA	flowering > dead_nf > dead_nf	flowering	dead_nf	dead_nf	FALSE	Reduction	Reduction	2018-04-29T19:00:00Z	119	2018-04-29T19:00:00Z	119	Normal	119	normal	2018-04-29T18:00:00Z	119	0	157	222	212	7.3525465864861	16.103381200615335	23.455927787101434	NA	NA	NA	NA	NA	NA	NA	NA	2.9975
NA	2018-07-03T00:00:00Z	6B	28	23.5	2.7	20.3	24.4	21.4	NA	NA	2018	6B28	6	B				NA	flowering > dead_nf > dead_nf	flowering	dead_nf	dead_nf	FALSE	Reduction	Reduction	2018-04-29T19:00:00Z	119	2018-04-29T19:00:00Z	119	Normal	119	normal	2018-04-29T18:00:00Z	119	0	157	222	212	7.3525465864861	16.103381200615335	23.455927787101434	NA	NA	NA	NA	NA	NA	NA	NA	2.9975
NA	2018-07-03T00:00:00Z	6B	28	23.5	2.7	20.3	24.4	21.4	NA	NA	2018	6B28	6	B				NA	flowering > dead_nf > dead_nf	flowering	dead_nf	dead_nf	FALSE	Reduction	Reduction	2018-04-29T19:00:00Z	119	2018-04-29T19:00:00Z	119	Normal	119	normal	2018-04-29T18:00:00Z	119	0	157	222	212	7.3525465864861	16.103381200615335	23.455927787101434	NA	NA	NA	NA	NA	NA	NA	NA	2.9975
NA	2018-07-03T00:00:00Z	6B	32	20.8	3	19	22.5	19.7	NA	NA	2018	6B32	6	B				NA	flowering > dead_nf > dead_nf	flowering	dead_nf	dead_nf	FALSE	Reduction	Reduction	2018-04-29T19:00:00Z	119	2018-04-29T19:00:00Z	119	Normal	119	normal	2018-04-29T18:00:00Z	119	0	157	222	212	7.3525465864861	16.103381200615335	23.455927787101434	NA	NA	NA	NA	NA	NA	NA	NA	2.9975
NA	2018-07-03T00:00:00Z	6B	32	20.8	3	19	22.5	19.7	NA	NA	2018	6B32	6	B				NA	flowering > dead_nf > dead_nf	flowering	dead_nf	dead_nf	FALSE	Reduction	Reduction	2018-04-29T19:00:00Z	119	2018-04-29T19:00:00Z	119	Normal	119	normal	2018-04-29T18:00:00Z	119	0	157	222	212	7.3525465864861	16.103381200615335	23.455927787101434	NA	NA	NA	NA	NA	NA	NA	NA	2.9975
NA	2018-07-03T00:00:00Z	6B	34	19.6	2.6	20.6	21	19.2	NA	NA	2018	6B34	6	B				NA	flowering > dead_nf > dead_nf	flowering	dead_nf	dead_nf	FALSE	Reduction	Reduction	2018-04-29T19:00:00Z	119	2018-04-29T19:00:00Z	119	Normal	119	normal	2018-04-29T18:00:00Z	119	0	157	222	212	7.3525465864861	16.103381200615335	23.455927787101434	NA	NA	NA	NA	NA	NA	NA	NA	2.9975
NA	2018-07-03T00:00:00Z	6B	34	19.6	2.6	20.6	21	19.2	NA	NA	2018	6B34	6	B				NA	flowering > dead_nf > dead_nf	flowering	dead_nf	dead_nf	FALSE	Reduction	Reduction	2018-04-29T19:00:00Z	119	2018-04-29T19:00:00Z	119	Normal	119	normal	2018-04-29T18:00:00Z	119	0	157	222	212	7.3525465864861	16.103381200615335	23.455927787101434	NA	NA	NA	NA	NA	NA	NA	NA	2.9975
NA	2018-07-03T00:00:00Z	6B	6	23.1	2.9	25.6	22.8	21.6	NA	NA	2018	6B6	6	B				NA	flowering > dead_nf > dead_nf	flowering	dead_nf	dead_nf	FALSE	Reduction	Reduction	2018-04-29T19:00:00Z	119	2018-04-29T19:00:00Z	119	Normal	119	normal	2018-04-29T18:00:00Z	119	0	157	222	212	7.3525465864861	16.103381200615335	23.455927787101434	NA	NA	NA	NA	NA	NA	NA	NA	2.9975
NA	2018-07-03T00:00:00Z	6B	6	23.1	2.9	25.6	22.8	21.6	NA	NA	2018	6B6	6	B				NA	flowering > dead_nf > dead_nf	flowering	dead_nf	dead_nf	FALSE	Reduction	Reduction	2018-04-29T19:00:00Z	119	2018-04-29T19:00:00Z	119	Normal	119	normal	2018-04-29T18:00:00Z	119	0	157	222	212	7.3525465864861	16.103381200615335	23.455927787101434	NA	NA	NA	NA	NA	NA	NA	NA	2.9975
NA	2018-07-03T00:00:00Z	6B	632	20.3	2.7	22.9	19.9	17.5	NA	NA	2018	6B632	6	B				NA	flowering > dead_nf > dead_nf	flowering	dead_nf	dead_nf	FALSE	Reduction	Reduction	2018-04-29T19:00:00Z	119	2018-04-29T19:00:00Z	119	Normal	119	normal	2018-04-29T18:00:00Z	119	0	157	222	212	7.3525465864861	16.103381200615335	23.455927787101434	NA	NA	NA	NA	NA	NA	NA	NA	2.9975
NA	2018-07-03T00:00:00Z	6B	632	20.3	2.7	22.9	19.9	17.5	NA	NA	2018	6B632	6	B				NA	flowering > dead_nf > dead_nf	flowering	dead_nf	dead_nf	FALSE	Reduction	Reduction	2018-04-29T19:00:00Z	119	2018-04-29T19:00:00Z	119	Normal	119	normal	2018-04-29T18:00:00Z	119	0	157	222	212	7.3525465864861	16.103381200615335	23.455927787101434	NA	NA	NA	NA	NA	NA	NA	NA	2.9975
NA	2018-07-03T00:00:00Z	6C	103	29.8	3.4	27.2	28.7	27.5	NA	NA	2018	6C103	6	C				NA	flowering > dead_nf > dead_nf	flowering	dead_nf	dead_nf	FALSE	Control	Mock rainout	2018-04-29T19:00:00Z	119	2018-04-29T19:00:00Z	119	Normal	119	normal	2018-04-29T18:00:00Z	119	0	157	222	212	7.3525465864861	32.20676240123067	39.55930898771677	NA	NA	NA	NA	NA	NA	NA	NA	3.9375
NA	2018-07-03T00:00:00Z	6C	103	29.8	3.4	27.2	28.7	27.5	NA	NA	2018	6C103	6	C				NA	flowering > dead_nf > dead_nf	flowering	dead_nf	dead_nf	FALSE	Control	Mock rainout	2018-04-29T19:00:00Z	119	2018-04-29T19:00:00Z	119	Normal	119	normal	2018-04-29T18:00:00Z	119	0	157	222	212	7.3525465864861	32.20676240123067	39.55930898771677	NA	NA	NA	NA	NA	NA	NA	NA	3.9375
NA	2018-07-03T00:00:00Z	6C	106	22.5	3.1	28.1	23.5	21.2	NA	NA	2018	6C106	6	C				NA	flowering > dead_nf > dead_nf	flowering	dead_nf	dead_nf	FALSE	Control	Mock rainout	2018-04-29T19:00:00Z	119	2018-04-29T19:00:00Z	119	Normal	119	normal	2018-04-29T18:00:00Z	119	0	157	222	212	7.3525465864861	32.20676240123067	39.55930898771677	NA	NA	NA	NA	NA	NA	NA	NA	3.9375
NA	2018-07-03T00:00:00Z	6C	106	22.5	3.1	28.1	23.5	21.2	NA	NA	2018	6C106	6	C				NA	flowering > dead_nf > dead_nf	flowering	dead_nf	dead_nf	FALSE	Control	Mock rainout	2018-04-29T19:00:00Z	119	2018-04-29T19:00:00Z	119	Normal	119	normal	2018-04-29T18:00:00Z	119	0	157	222	212	7.3525465864861	32.20676240123067	39.55930898771677	NA	NA	NA	NA	NA	NA	NA	NA	3.9375
NA	2018-07-03T00:00:00Z	6C	109	24.5	2.9	25.2	23.9	20.7	NA	NA	2018	6C109	6	C				NA	flowering > dead_nf > dead_nf	flowering	dead_nf	dead_nf	FALSE	Control	Mock rainout	2018-04-29T19:00:00Z	119	2018-04-29T19:00:00Z	119	Normal	119	normal	2018-04-29T18:00:00Z	119	0	157	222	212	7.3525465864861	32.20676240123067	39.55930898771677	NA	NA	NA	NA	NA	NA	NA	NA	3.9375
NA	2018-07-03T00:00:00Z	6C	109	24.5	2.9	25.2	23.9	20.7	NA	NA	2018	6C109	6	C				NA	flowering > dead_nf > dead_nf	flowering	dead_nf	dead_nf	FALSE	Control	Mock rainout	2018-04-29T19:00:00Z	119	2018-04-29T19:00:00Z	119	Normal	119	normal	2018-04-29T18:00:00Z	119	0	157	222	212	7.3525465864861	32.20676240123067	39.55930898771677	NA	NA	NA	NA	NA	NA	NA	NA	3.9375
NA	2018-07-03T00:00:00Z	6C	118	23.9	3.2	24.3	23.9	23.1	NA	NA	2018	6C118	6	C				NA	flowering > dead_nf > dead_nf	flowering	dead_nf	dead_nf	FALSE	Control	Mock rainout	2018-04-29T19:00:00Z	119	2018-04-29T19:00:00Z	119	Normal	119	normal	2018-04-29T18:00:00Z	119	0	157	222	212	7.3525465864861	32.20676240123067	39.55930898771677	NA	NA	NA	NA	NA	NA	NA	NA	3.9375
NA	2018-07-03T00:00:00Z	6C	118	23.9	3.2	24.3	23.9	23.1	NA	NA	2018	6C118	6	C				NA	flowering > dead_nf > dead_nf	flowering	dead_nf	dead_nf	FALSE	Control	Mock rainout	2018-04-29T19:00:00Z	119	2018-04-29T19:00:00Z	119	Normal	119	normal	2018-04-29T18:00:00Z	119	0	157	222	212	7.3525465864861	32.20676240123067	39.55930898771677	NA	NA	NA	NA	NA	NA	NA	NA	3.9375
NA	2018-07-03T00:00:00Z	6C	271	21.6	3.5	20.7	22.3	19.3	NA	NA	2018	6C271	6	C				NA	flowering > dead_nf > dead_nf	flowering	dead_nf	dead_nf	FALSE	Control	Mock rainout	2018-04-29T19:00:00Z	119	2018-04-29T19:00:00Z	119	Normal	119	normal	2018-04-29T18:00:00Z	119	0	157	222	212	7.3525465864861	32.20676240123067	39.55930898771677	NA	NA	NA	NA	NA	NA	NA	NA	3.9375
NA	2018-07-03T00:00:00Z	6C	271	21.6	3.5	20.7	22.3	19.3	NA	NA	2018	6C271	6	C				NA	flowering > dead_nf > dead_nf	flowering	dead_nf	dead_nf	FALSE	Control	Mock rainout	2018-04-29T19:00:00Z	119	2018-04-29T19:00:00Z	119	Normal	119	normal	2018-04-29T18:00:00Z	119	0	157	222	212	7.3525465864861	32.20676240123067	39.55930898771677	NA	NA	NA	NA	NA	NA	NA	NA	3.9375
NA	2018-07-03T00:00:00Z	6C	78	22.7	3.3	22.2	23.8	20.9	NA	NA	2018	6C78	6	C				NA	flowering > dead_nf > dead_nf	flowering	dead_nf	dead_nf	FALSE	Control	Mock rainout	2018-04-29T19:00:00Z	119	2018-04-29T19:00:00Z	119	Normal	119	normal	2018-04-29T18:00:00Z	119	0	157	222	212	7.3525465864861	32.20676240123067	39.55930898771677	NA	NA	NA	NA	NA	NA	NA	NA	3.9375
NA	2018-07-03T00:00:00Z	6C	78	22.7	3.3	22.2	23.8	20.9	NA	NA	2018	6C78	6	C				NA	flowering > dead_nf > dead_nf	flowering	dead_nf	dead_nf	FALSE	Control	Mock rainout	2018-04-29T19:00:00Z	119	2018-04-29T19:00:00Z	119	Normal	119	normal	2018-04-29T18:00:00Z	119	0	157	222	212	7.3525465864861	32.20676240123067	39.55930898771677	NA	NA	NA	NA	NA	NA	NA	NA	3.9375
NA	2018-07-03T00:00:00Z	6C	82	24.4	2.9	26.3	24.2	22	NA	NA	2018	6C82	6	C		census20 leaf20 licor20		NA	flowering > dead_nf > dead_nf	flowering	dead_nf	dead_nf	FALSE	Control	Mock rainout	2018-04-29T19:00:00Z	119	2018-04-29T19:00:00Z	119	Normal	119	normal	2018-04-29T18:00:00Z	119	0	157	222	212	7.3525465864861	32.20676240123067	39.55930898771677	NA	NA	NA	NA	NA	NA	NA	NA	3.9375
NA	2018-07-03T00:00:00Z	6C	82	24.4	2.9	26.3	24.2	22	NA	NA	2018	6C82	6	C		census20 leaf20 licor20		NA	flowering > dead_nf > dead_nf	flowering	dead_nf	dead_nf	FALSE	Control	Mock rainout	2018-04-29T19:00:00Z	119	2018-04-29T19:00:00Z	119	Normal	119	normal	2018-04-29T18:00:00Z	119	0	157	222	212	7.3525465864861	32.20676240123067	39.55930898771677	NA	NA	NA	NA	NA	NA	NA	NA	3.9375
NA	2018-07-03T00:00:00Z	6C	87	20.7	2.3	20.6	21.3	8.3	NA	NA	2018	6C87	6	C				NA	flowering > dead_nf > dead_nf	flowering	dead_nf	dead_nf	FALSE	Control	Mock rainout	2018-04-29T19:00:00Z	119	2018-04-29T19:00:00Z	119	Normal	119	normal	2018-04-29T18:00:00Z	119	0	157	222	212	7.3525465864861	32.20676240123067	39.55930898771677	NA	NA	NA	NA	NA	NA	NA	NA	3.9375
NA	2018-07-03T00:00:00Z	6C	87	20.7	2.3	20.6	21.3	8.3	NA	NA	2018	6C87	6	C				NA	flowering > dead_nf > dead_nf	flowering	dead_nf	dead_nf	FALSE	Control	Mock rainout	2018-04-29T19:00:00Z	119	2018-04-29T19:00:00Z	119	Normal	119	normal	2018-04-29T18:00:00Z	119	0	157	222	212	7.3525465864861	32.20676240123067	39.55930898771677	NA	NA	NA	NA	NA	NA	NA	NA	3.9375
NA	2018-07-03T00:00:00Z	6D	38	27.9	3.3	30.5	28.9	27.5	NA	NA	2018	6D38	6	D				NA	flowering > dead_nf > dead_nf	flowering	dead_nf	dead_nf	FALSE	Addition	Addition	2018-04-29T19:00:00Z	119	2018-04-29T19:00:00Z	119	Normal	119	normal	2018-04-29T18:00:00Z	119	0	157	222	212	7.3525465864861	128.45676240123066	135.80930898771678	NA	NA	NA	NA	NA	NA	NA	NA	6.1325
NA	2018-07-03T00:00:00Z	6D	38	27.9	3.3	30.5	28.9	27.5	NA	NA	2018	6D38	6	D				NA	flowering > dead_nf > dead_nf	flowering	dead_nf	dead_nf	FALSE	Addition	Addition	2018-04-29T19:00:00Z	119	2018-04-29T19:00:00Z	119	Normal	119	normal	2018-04-29T18:00:00Z	119	0	157	222	212	7.3525465864861	128.45676240123066	135.80930898771678	NA	NA	NA	NA	NA	NA	NA	NA	6.1325
NA	2018-07-03T00:00:00Z	6D	44	25	3.3	24.1	26.2	22.7	NA	NA	2018	6D44	6	D				NA	flowering > dead_nf > dead_nf	flowering	dead_nf	dead_nf	FALSE	Addition	Addition	2018-04-29T19:00:00Z	119	2018-04-29T19:00:00Z	119	Normal	119	normal	2018-04-29T18:00:00Z	119	0	157	222	212	7.3525465864861	128.45676240123066	135.80930898771678	NA	NA	NA	NA	NA	NA	NA	NA	6.1325
NA	2018-07-03T00:00:00Z	6D	44	25	3.3	24.1	26.2	22.7	NA	NA	2018	6D44	6	D				NA	flowering > dead_nf > dead_nf	flowering	dead_nf	dead_nf	FALSE	Addition	Addition	2018-04-29T19:00:00Z	119	2018-04-29T19:00:00Z	119	Normal	119	normal	2018-04-29T18:00:00Z	119	0	157	222	212	7.3525465864861	128.45676240123066	135.80930898771678	NA	NA	NA	NA	NA	NA	NA	NA	6.1325
NA	2018-07-03T00:00:00Z	6D	47	26.6	2.8	24.9	27.5	25.5	NA	NA	2018	6D47	6	D				NA	flowering > dead_nf > dead_nf	flowering	dead_nf	dead_nf	FALSE	Addition	Addition	2018-04-29T19:00:00Z	119	2018-04-29T19:00:00Z	119	Normal	119	normal	2018-04-29T18:00:00Z	119	0	157	222	212	7.3525465864861	128.45676240123066	135.80930898771678	NA	NA	NA	NA	NA	NA	NA	NA	6.1325
NA	2018-07-03T00:00:00Z	6D	47	26.6	2.8	24.9	27.5	25.5	NA	NA	2018	6D47	6	D				NA	flowering > dead_nf > dead_nf	flowering	dead_nf	dead_nf	FALSE	Addition	Addition	2018-04-29T19:00:00Z	119	2018-04-29T19:00:00Z	119	Normal	119	normal	2018-04-29T18:00:00Z	119	0	157	222	212	7.3525465864861	128.45676240123066	135.80930898771678	NA	NA	NA	NA	NA	NA	NA	NA	6.1325
NA	2018-07-03T00:00:00Z	6D	51	23.1	3	21.3	22.6	21.6	NA	NA	2018	6D51	6	D				NA	flowering > dead_nf > dead_nf	flowering	dead_nf	dead_nf	FALSE	Addition	Addition	2018-04-29T19:00:00Z	119	2018-04-29T19:00:00Z	119	Normal	119	normal	2018-04-29T18:00:00Z	119	0	157	222	212	7.3525465864861	128.45676240123066	135.80930898771678	NA	NA	NA	NA	NA	NA	NA	NA	6.1325
NA	2018-07-03T00:00:00Z	6D	51	23.1	3	21.3	22.6	21.6	NA	NA	2018	6D51	6	D				NA	flowering > dead_nf > dead_nf	flowering	dead_nf	dead_nf	FALSE	Addition	Addition	2018-04-29T19:00:00Z	119	2018-04-29T19:00:00Z	119	Normal	119	normal	2018-04-29T18:00:00Z	119	0	157	222	212	7.3525465864861	128.45676240123066	135.80930898771678	NA	NA	NA	NA	NA	NA	NA	NA	6.1325
NA	2018-07-03T00:00:00Z	6D	54	21.6	3.6	24.1	22.3	19.9	NA	NA	2018	6D54	6	D				NA	flowering > dead_nf > dead_nf	flowering	dead_nf	dead_nf	FALSE	Addition	Addition	2018-04-29T19:00:00Z	119	2018-04-29T19:00:00Z	119	Normal	119	normal	2018-04-29T18:00:00Z	119	0	157	222	212	7.3525465864861	128.45676240123066	135.80930898771678	NA	NA	NA	NA	NA	NA	NA	NA	6.1325
NA	2018-07-03T00:00:00Z	6D	54	21.6	3.6	24.1	22.3	19.9	NA	NA	2018	6D54	6	D				NA	flowering > dead_nf > dead_nf	flowering	dead_nf	dead_nf	FALSE	Addition	Addition	2018-04-29T19:00:00Z	119	2018-04-29T19:00:00Z	119	Normal	119	normal	2018-04-29T18:00:00Z	119	0	157	222	212	7.3525465864861	128.45676240123066	135.80930898771678	NA	NA	NA	NA	NA	NA	NA	NA	6.1325
NA	2018-07-03T00:00:00Z	6D	66	18.9	2.6	27.7	19.6	18	NA	NA	2018	6D66	6	D				NA	flowering > dead_nf > dead_nf	flowering	dead_nf	dead_nf	FALSE	Addition	Addition	2018-04-29T19:00:00Z	119	2018-04-29T19:00:00Z	119	Normal	119	normal	2018-04-29T18:00:00Z	119	0	157	222	212	7.3525465864861	128.45676240123066	135.80930898771678	NA	NA	NA	NA	NA	NA	NA	NA	6.1325
NA	2018-07-03T00:00:00Z	6D	66	18.9	2.6	27.7	19.6	18	NA	NA	2018	6D66	6	D				NA	flowering > dead_nf > dead_nf	flowering	dead_nf	dead_nf	FALSE	Addition	Addition	2018-04-29T19:00:00Z	119	2018-04-29T19:00:00Z	119	Normal	119	normal	2018-04-29T18:00:00Z	119	0	157	222	212	7.3525465864861	128.45676240123066	135.80930898771678	NA	NA	NA	NA	NA	NA	NA	NA	6.1325
NA	2018-07-06T00:00:00Z	1A	232	22.8	3.6	23.2	25	22.5	NA	NA	2018	1A232	1	A				NA	flowering > dead_nf > dead_nf	flowering	dead_nf	dead_nf	FALSE	Addition	Addition	2018-04-29T21:00:00Z	119	2018-04-29T17:00:00Z	119	Normal	119	normal	2018-04-29T18:00:00Z	119	0	157	222	212	7.3525465864861	128.45676240123066	135.80930898771678	NA	NA	NA	NA	NA	NA	NA	NA	7.1675
NA	2018-07-06T00:00:00Z	1A	232	22.8	3.6	23.2	25	22.5	NA	NA	2018	1A232	1	A				NA	flowering > dead_nf > dead_nf	flowering	dead_nf	dead_nf	FALSE	Addition	Addition	2018-04-29T21:00:00Z	119	2018-04-29T17:00:00Z	119	Normal	119	normal	2018-04-29T18:00:00Z	119	0	157	222	212	7.3525465864861	128.45676240123066	135.80930898771678	NA	NA	NA	NA	NA	NA	NA	NA	7.1675
NA	2018-07-06T00:00:00Z	1A	238	20.5	3.1	20.2	20.7	18.4	NA	NA	2018	1A238	1	A				NA	flowering > dead_nf > dead_nf	flowering	dead_nf	dead_nf	FALSE	Addition	Addition	2018-04-29T21:00:00Z	119	2018-04-29T17:00:00Z	119	Normal	119	normal	2018-04-29T18:00:00Z	119	0	157	222	212	7.3525465864861	128.45676240123066	135.80930898771678	NA	NA	NA	NA	NA	NA	NA	NA	7.1675
NA	2018-07-06T00:00:00Z	1A	238	20.5	3.1	20.2	20.7	18.4	NA	NA	2018	1A238	1	A				NA	flowering > dead_nf > dead_nf	flowering	dead_nf	dead_nf	FALSE	Addition	Addition	2018-04-29T21:00:00Z	119	2018-04-29T17:00:00Z	119	Normal	119	normal	2018-04-29T18:00:00Z	119	0	157	222	212	7.3525465864861	128.45676240123066	135.80930898771678	NA	NA	NA	NA	NA	NA	NA	NA	7.1675
NA	2018-07-06T00:00:00Z	1C	50	23.5	3.6	23.8	25.4	21.7	NA	NA	2018	1C50	1	C				NA	flowering > dead_nf > dead_nf	flowering	dead_nf	dead_nf	FALSE	Control	Mock rainout	2018-04-29T21:00:00Z	119	2018-04-29T17:00:00Z	119	Normal	119	normal	2018-04-29T18:00:00Z	119	0	157	222	212	7.3525465864861	32.20676240123067	39.55930898771677	NA	NA	NA	NA	NA	NA	NA	NA	2.515
NA	2018-07-06T00:00:00Z	1C	50	23.5	3.6	23.8	25.4	21.7	NA	NA	2018	1C50	1	C				NA	flowering > dead_nf > dead_nf	flowering	dead_nf	dead_nf	FALSE	Control	Mock rainout	2018-04-29T21:00:00Z	119	2018-04-29T17:00:00Z	119	Normal	119	normal	2018-04-29T18:00:00Z	119	0	157	222	212	7.3525465864861	32.20676240123067	39.55930898771677	NA	NA	NA	NA	NA	NA	NA	NA	2.515
NA	2018-07-06T00:00:00Z	1C	61	16.1	3	20.5	16.2	13.9	NA	NA	2018	1C61	1	C				NA	flowering > dead_nf > dead_nf	flowering	dead_nf	dead_nf	FALSE	Control	Mock rainout	2018-04-29T21:00:00Z	119	2018-04-29T17:00:00Z	119	Normal	119	normal	2018-04-29T18:00:00Z	119	0	157	222	212	7.3525465864861	32.20676240123067	39.55930898771677	NA	NA	NA	NA	NA	NA	NA	NA	2.515
NA	2018-07-06T00:00:00Z	1C	61	16.1	3	20.5	16.2	13.9	NA	NA	2018	1C61	1	C				NA	flowering > dead_nf > dead_nf	flowering	dead_nf	dead_nf	FALSE	Control	Mock rainout	2018-04-29T21:00:00Z	119	2018-04-29T17:00:00Z	119	Normal	119	normal	2018-04-29T18:00:00Z	119	0	157	222	212	7.3525465864861	32.20676240123067	39.55930898771677	NA	NA	NA	NA	NA	NA	NA	NA	2.515
NA	2018-07-06T00:00:00Z	1C	61	22.4	2.9	23.2	24.5	21.7	NA	NA	2018	1C61	1	C				NA	flowering > dead_nf > dead_nf	flowering	dead_nf	dead_nf	FALSE	Control	Mock rainout	2018-04-29T21:00:00Z	119	2018-04-29T17:00:00Z	119	Normal	119	normal	2018-04-29T18:00:00Z	119	0	157	222	212	7.3525465864861	32.20676240123067	39.55930898771677	NA	NA	NA	NA	NA	NA	NA	NA	2.515
NA	2018-07-06T00:00:00Z	1C	61	22.4	2.9	23.2	24.5	21.7	NA	NA	2018	1C61	1	C				NA	flowering > dead_nf > dead_nf	flowering	dead_nf	dead_nf	FALSE	Control	Mock rainout	2018-04-29T21:00:00Z	119	2018-04-29T17:00:00Z	119	Normal	119	normal	2018-04-29T18:00:00Z	119	0	157	222	212	7.3525465864861	32.20676240123067	39.55930898771677	NA	NA	NA	NA	NA	NA	NA	NA	2.515
NA	2018-07-06T00:00:00Z	1C	62	21.5	3.1	21.1	22.4	20.5	NA	NA	2018	1C62	1	C				NA	flowering > dead_nf > dead_nf	flowering	dead_nf	dead_nf	FALSE	Control	Mock rainout	2018-04-29T21:00:00Z	119	2018-04-29T17:00:00Z	119	Normal	119	normal	2018-04-29T18:00:00Z	119	0	157	222	212	7.3525465864861	32.20676240123067	39.55930898771677	NA	NA	NA	NA	NA	NA	NA	NA	2.515
NA	2018-07-06T00:00:00Z	1C	62	21.5	3.1	21.1	22.4	20.5	NA	NA	2018	1C62	1	C				NA	flowering > dead_nf > dead_nf	flowering	dead_nf	dead_nf	FALSE	Control	Mock rainout	2018-04-29T21:00:00Z	119	2018-04-29T17:00:00Z	119	Normal	119	normal	2018-04-29T18:00:00Z	119	0	157	222	212	7.3525465864861	32.20676240123067	39.55930898771677	NA	NA	NA	NA	NA	NA	NA	NA	2.515
NA	2018-07-06T00:00:00Z	1D	29	26.4	3.5	24.8	26.9	25.8	NA	NA	2018	1D29	1	D				NA	flowering > dead_nf > dead_nf	flowering	dead_nf	dead_nf	FALSE	Reduction	Reduction	2018-04-29T21:00:00Z	119	2018-04-29T17:00:00Z	119	Normal	119	normal	2018-04-29T18:00:00Z	119	0	157	222	212	7.3525465864861	16.103381200615335	23.455927787101434	NA	NA	NA	NA	NA	NA	NA	NA	3.6075
NA	2018-07-06T00:00:00Z	1D	29	26.4	3.5	24.8	26.9	25.8	NA	NA	2018	1D29	1	D				NA	flowering > dead_nf > dead_nf	flowering	dead_nf	dead_nf	FALSE	Reduction	Reduction	2018-04-29T21:00:00Z	119	2018-04-29T17:00:00Z	119	Normal	119	normal	2018-04-29T18:00:00Z	119	0	157	222	212	7.3525465864861	16.103381200615335	23.455927787101434	NA	NA	NA	NA	NA	NA	NA	NA	3.6075
NA	2018-07-06T00:00:00Z	2B	129	20.1	3	17.5	21.9	17.3	NA	NA	2018	2B129	2	B				NA	flowering > dead_nf > dead_nf	flowering	dead_nf	dead_nf	FALSE	Control	Mock rainout	2018-04-24T21:00:00Z	114	2018-04-25T05:00:00Z	114	Early	114	early	2018-04-24T18:00:00Z	119	-5	157	222	212	7.917959090348241	32.20676240123067	40.12472149157891	NA	NA	NA	NA	NA	NA	NA	NA	3.63
NA	2018-07-06T00:00:00Z	2B	129	20.1	3	17.5	21.9	17.3	NA	NA	2018	2B129	2	B				NA	flowering > dead_nf > dead_nf	flowering	dead_nf	dead_nf	FALSE	Control	Mock rainout	2018-04-24T21:00:00Z	114	2018-04-25T05:00:00Z	114	Early	114	early	2018-04-24T18:00:00Z	119	-5	157	222	212	7.917959090348241	32.20676240123067	40.12472149157891	NA	NA	NA	NA	NA	NA	NA	NA	3.63
NA	2018-07-06T00:00:00Z	2C	100	19.8	3.5	21.5	20.3	19	NA	NA	2018	2C100	2	C				NA	flowering > dead_nf > dead_nf	flowering	dead_nf	dead_nf	FALSE	Reduction	Reduction	2018-04-24T21:00:00Z	114	2018-04-25T05:00:00Z	114	Early	114	early	2018-04-24T18:00:00Z	119	-5	157	222	212	7.917959090348241	16.103381200615335	24.021340290963575	NA	NA	NA	NA	NA	NA	NA	NA	2.2399999999999998
NA	2018-07-06T00:00:00Z	2C	100	19.8	3.5	21.5	20.3	19	NA	NA	2018	2C100	2	C				NA	flowering > dead_nf > dead_nf	flowering	dead_nf	dead_nf	FALSE	Reduction	Reduction	2018-04-24T21:00:00Z	114	2018-04-25T05:00:00Z	114	Early	114	early	2018-04-24T18:00:00Z	119	-5	157	222	212	7.917959090348241	16.103381200615335	24.021340290963575	NA	NA	NA	NA	NA	NA	NA	NA	2.2399999999999998
NA	2018-07-06T00:00:00Z	2C	279	22.4	2.4	23.9	22.4	19.4	NA	NA	2018	2C279	2	C				NA	flowering > dead_nf > dead_nf	flowering	dead_nf	dead_nf	FALSE	Reduction	Reduction	2018-04-24T21:00:00Z	114	2018-04-25T05:00:00Z	114	Early	114	early	2018-04-24T18:00:00Z	119	-5	157	222	212	7.917959090348241	16.103381200615335	24.021340290963575	NA	NA	NA	NA	NA	NA	NA	NA	2.2399999999999998
NA	2018-07-06T00:00:00Z	2C	279	22.4	2.4	23.9	22.4	19.4	NA	NA	2018	2C279	2	C				NA	flowering > dead_nf > dead_nf	flowering	dead_nf	dead_nf	FALSE	Reduction	Reduction	2018-04-24T21:00:00Z	114	2018-04-25T05:00:00Z	114	Early	114	early	2018-04-24T18:00:00Z	119	-5	157	222	212	7.917959090348241	16.103381200615335	24.021340290963575	NA	NA	NA	NA	NA	NA	NA	NA	2.2399999999999998
NA	2018-07-06T00:00:00Z	2C	279	22.5	NA	24	23.5	23.5	NA	NA	2018	2C279	2	C				NA	flowering > dead_nf > dead_nf	flowering	dead_nf	dead_nf	FALSE	Reduction	Reduction	2018-04-24T21:00:00Z	114	2018-04-25T05:00:00Z	114	Early	114	early	2018-04-24T18:00:00Z	119	-5	157	222	212	7.917959090348241	16.103381200615335	24.021340290963575	NA	NA	NA	NA	NA	NA	NA	NA	2.2399999999999998
NA	2018-07-06T00:00:00Z	2C	279	22.5	NA	24	23.5	23.5	NA	NA	2018	2C279	2	C				NA	flowering > dead_nf > dead_nf	flowering	dead_nf	dead_nf	FALSE	Reduction	Reduction	2018-04-24T21:00:00Z	114	2018-04-25T05:00:00Z	114	Early	114	early	2018-04-24T18:00:00Z	119	-5	157	222	212	7.917959090348241	16.103381200615335	24.021340290963575	NA	NA	NA	NA	NA	NA	NA	NA	2.2399999999999998
NA	2018-07-06T00:00:00Z	2C	295	17.7	3	17.8	18.1	16.8	NA	NA	2018	2C295	2	C				NA	flowering > dead_nf > dead_nf	flowering	dead_nf	dead_nf	FALSE	Reduction	Reduction	2018-04-24T21:00:00Z	114	2018-04-25T05:00:00Z	114	Early	114	early	2018-04-24T18:00:00Z	119	-5	157	222	212	7.917959090348241	16.103381200615335	24.021340290963575	NA	NA	NA	NA	NA	NA	NA	NA	2.2399999999999998
NA	2018-07-06T00:00:00Z	2C	295	17.7	3	17.8	18.1	16.8	NA	NA	2018	2C295	2	C				NA	flowering > dead_nf > dead_nf	flowering	dead_nf	dead_nf	FALSE	Reduction	Reduction	2018-04-24T21:00:00Z	114	2018-04-25T05:00:00Z	114	Early	114	early	2018-04-24T18:00:00Z	119	-5	157	222	212	7.917959090348241	16.103381200615335	24.021340290963575	NA	NA	NA	NA	NA	NA	NA	NA	2.2399999999999998
NA	2018-07-06T00:00:00Z	2C	295	18.5	2.7	19.5	18.7	14.7	NA	NA	2018	2C295	2	C				NA	flowering > dead_nf > dead_nf	flowering	dead_nf	dead_nf	FALSE	Reduction	Reduction	2018-04-24T21:00:00Z	114	2018-04-25T05:00:00Z	114	Early	114	early	2018-04-24T18:00:00Z	119	-5	157	222	212	7.917959090348241	16.103381200615335	24.021340290963575	NA	NA	NA	NA	NA	NA	NA	NA	2.2399999999999998
NA	2018-07-06T00:00:00Z	2C	295	18.5	2.7	19.5	18.7	14.7	NA	NA	2018	2C295	2	C				NA	flowering > dead_nf > dead_nf	flowering	dead_nf	dead_nf	FALSE	Reduction	Reduction	2018-04-24T21:00:00Z	114	2018-04-25T05:00:00Z	114	Early	114	early	2018-04-24T18:00:00Z	119	-5	157	222	212	7.917959090348241	16.103381200615335	24.021340290963575	NA	NA	NA	NA	NA	NA	NA	NA	2.2399999999999998
NA	2018-07-06T00:00:00Z	2C	90	27.9	4	28.5	28.5	24.8	NA	NA	2018	2C90	2	C				NA	flowering > dead_nf > dead_nf	flowering	dead_nf	dead_nf	FALSE	Reduction	Reduction	2018-04-24T21:00:00Z	114	2018-04-25T05:00:00Z	114	Early	114	early	2018-04-24T18:00:00Z	119	-5	157	222	212	7.917959090348241	16.103381200615335	24.021340290963575	NA	NA	NA	NA	NA	NA	NA	NA	2.2399999999999998
NA	2018-07-06T00:00:00Z	2C	90	27.9	4	28.5	28.5	24.8	NA	NA	2018	2C90	2	C				NA	flowering > dead_nf > dead_nf	flowering	dead_nf	dead_nf	FALSE	Reduction	Reduction	2018-04-24T21:00:00Z	114	2018-04-25T05:00:00Z	114	Early	114	early	2018-04-24T18:00:00Z	119	-5	157	222	212	7.917959090348241	16.103381200615335	24.021340290963575	NA	NA	NA	NA	NA	NA	NA	NA	2.2399999999999998
NA	2018-07-06T00:00:00Z	2D	189	20.5	3.5	23.6	22	19.7	NA	NA	2018	2D189	2	D				NA	flowering > vegetative > tagnf	flowering	vegetative	tagnf	FALSE	Addition	Addition	2018-04-24T21:00:00Z	114	2018-04-25T05:00:00Z	114	Early	114	early	2018-04-24T18:00:00Z	119	-5	157	222	212	7.917959090348241	128.45676240123066	136.3747214915789	NA	NA	NA	NA	NA	NA	NA	NA	6.295
NA	2018-07-06T00:00:00Z	2D	189	20.5	3.5	23.6	22	19.7	NA	NA	2018	2D189	2	D				NA	flowering > vegetative > tagnf	flowering	vegetative	tagnf	FALSE	Addition	Addition	2018-04-24T21:00:00Z	114	2018-04-25T05:00:00Z	114	Early	114	early	2018-04-24T18:00:00Z	119	-5	157	222	212	7.917959090348241	128.45676240123066	136.3747214915789	NA	NA	NA	NA	NA	NA	NA	NA	6.295
NA	2018-07-06T00:00:00Z	2D	189	20.6	3.1	23	23.3	20.3	NA	NA	2018	2D189	2	D				NA	flowering > vegetative > tagnf	flowering	vegetative	tagnf	FALSE	Addition	Addition	2018-04-24T21:00:00Z	114	2018-04-25T05:00:00Z	114	Early	114	early	2018-04-24T18:00:00Z	119	-5	157	222	212	7.917959090348241	128.45676240123066	136.3747214915789	NA	NA	NA	NA	NA	NA	NA	NA	6.295
NA	2018-07-06T00:00:00Z	2D	189	20.6	3.1	23	23.3	20.3	NA	NA	2018	2D189	2	D				NA	flowering > vegetative > tagnf	flowering	vegetative	tagnf	FALSE	Addition	Addition	2018-04-24T21:00:00Z	114	2018-04-25T05:00:00Z	114	Early	114	early	2018-04-24T18:00:00Z	119	-5	157	222	212	7.917959090348241	128.45676240123066	136.3747214915789	NA	NA	NA	NA	NA	NA	NA	NA	6.295
NA	2018-07-06T00:00:00Z	3C	132	24.3	4	23.1	25.9	23.3	NA	NA	2018	3C132	3	C				NA	flowering > dead_nf > dead_nf	flowering	dead_nf	dead_nf	FALSE	Addition	Addition	2018-04-29T18:00:00Z	119	2018-04-28T22:00:00Z	118	Normal	119	normal	2018-04-29T18:00:00Z	119	0	157	222	212	7.3525465864861	128.45676240123066	135.80930898771678	NA	NA	NA	NA	NA	NA	NA	NA	5.495
NA	2018-07-06T00:00:00Z	3C	132	24.3	4	23.1	25.9	23.3	NA	NA	2018	3C132	3	C				NA	flowering > dead_nf > dead_nf	flowering	dead_nf	dead_nf	FALSE	Addition	Addition	2018-04-29T18:00:00Z	119	2018-04-28T22:00:00Z	118	Normal	119	normal	2018-04-29T18:00:00Z	119	0	157	222	212	7.3525465864861	128.45676240123066	135.80930898771678	NA	NA	NA	NA	NA	NA	NA	NA	5.495
NA	2018-07-06T00:00:00Z	3C	147	21.3	3.5	21.7	21	19	NA	NA	2018	3C147	3	C		census20		NA	flowering > dead_nf > dead_nf	flowering	dead_nf	dead_nf	FALSE	Addition	Addition	2018-04-29T18:00:00Z	119	2018-04-28T22:00:00Z	118	Normal	119	normal	2018-04-29T18:00:00Z	119	0	157	222	212	7.3525465864861	128.45676240123066	135.80930898771678	NA	NA	NA	NA	NA	NA	NA	NA	5.495
NA	2018-07-06T00:00:00Z	3C	147	21.3	3.5	21.7	21	19	NA	NA	2018	3C147	3	C		census20		NA	flowering > dead_nf > dead_nf	flowering	dead_nf	dead_nf	FALSE	Addition	Addition	2018-04-29T18:00:00Z	119	2018-04-28T22:00:00Z	118	Normal	119	normal	2018-04-29T18:00:00Z	119	0	157	222	212	7.3525465864861	128.45676240123066	135.80930898771678	NA	NA	NA	NA	NA	NA	NA	NA	5.495
NA	2018-07-06T00:00:00Z	3C	163	16.2	3.8	15.2	18.5	16.5	NA	NA	2018	3C163	3	C				NA	flowering > dead_nf > dead_nf	flowering	dead_nf	dead_nf	FALSE	Addition	Addition	2018-04-29T18:00:00Z	119	2018-04-28T22:00:00Z	118	Normal	119	normal	2018-04-29T18:00:00Z	119	0	157	222	212	7.3525465864861	128.45676240123066	135.80930898771678	NA	NA	NA	NA	NA	NA	NA	NA	5.495
NA	2018-07-06T00:00:00Z	3C	163	16.2	3.8	15.2	18.5	16.5	NA	NA	2018	3C163	3	C				NA	flowering > dead_nf > dead_nf	flowering	dead_nf	dead_nf	FALSE	Addition	Addition	2018-04-29T18:00:00Z	119	2018-04-28T22:00:00Z	118	Normal	119	normal	2018-04-29T18:00:00Z	119	0	157	222	212	7.3525465864861	128.45676240123066	135.80930898771678	NA	NA	NA	NA	NA	NA	NA	NA	5.495
NA	2018-07-06T00:00:00Z	4A	63	26.9	3.2	26.4	26.4	22.2	NA	NA	2018	4A63	4	A		pheno20		NA	flowering > dead_nf > dead_nf	flowering	dead_nf	dead_nf	FALSE	Addition	Addition	NA	114	NA	114	Early	114	early	2018-04-24T18:00:00Z	119	-5	157	222	212	7.917959090348241	128.45676240123066	136.3747214915789	NA	NA	NA	NA	NA	NA	NA	NA	5.8500000000000005
NA	2018-07-06T00:00:00Z	4A	63	26.9	3.2	26.4	26.4	22.2	NA	NA	2018	4A63	4	A		pheno20		NA	flowering > dead_nf > dead_nf	flowering	dead_nf	dead_nf	FALSE	Addition	Addition	NA	114	NA	114	Early	114	early	2018-04-24T18:00:00Z	119	-5	157	222	212	7.917959090348241	128.45676240123066	136.3747214915789	NA	NA	NA	NA	NA	NA	NA	NA	5.8500000000000005
NA	2018-07-06T00:00:00Z	4A	69	25.5	2.7	26.2	25.4	21.5	NA	NA	2018	4A69	4	A				NA	flowering > dead_nf > dead_nf	flowering	dead_nf	dead_nf	FALSE	Addition	Addition	NA	114	NA	114	Early	114	early	2018-04-24T18:00:00Z	119	-5	157	222	212	7.917959090348241	128.45676240123066	136.3747214915789	NA	NA	NA	NA	NA	NA	NA	NA	5.8500000000000005
NA	2018-07-06T00:00:00Z	4A	69	25.5	2.7	26.2	25.4	21.5	NA	NA	2018	4A69	4	A				NA	flowering > dead_nf > dead_nf	flowering	dead_nf	dead_nf	FALSE	Addition	Addition	NA	114	NA	114	Early	114	early	2018-04-24T18:00:00Z	119	-5	157	222	212	7.917959090348241	128.45676240123066	136.3747214915789	NA	NA	NA	NA	NA	NA	NA	NA	5.8500000000000005
NA	2018-07-06T00:00:00Z	4A	90	28.1	2.7	19.6	26.7	22.9	NA	NA	2018	4A90	4	A				NA	flowering > dead_nf > dead_nf	flowering	dead_nf	dead_nf	FALSE	Addition	Addition	NA	114	NA	114	Early	114	early	2018-04-24T18:00:00Z	119	-5	157	222	212	7.917959090348241	128.45676240123066	136.3747214915789	NA	NA	NA	NA	NA	NA	NA	NA	5.8500000000000005
NA	2018-07-06T00:00:00Z	4A	90	28.1	2.7	19.6	26.7	22.9	NA	NA	2018	4A90	4	A				NA	flowering > dead_nf > dead_nf	flowering	dead_nf	dead_nf	FALSE	Addition	Addition	NA	114	NA	114	Early	114	early	2018-04-24T18:00:00Z	119	-5	157	222	212	7.917959090348241	128.45676240123066	136.3747214915789	NA	NA	NA	NA	NA	NA	NA	NA	5.8500000000000005
NA	2018-07-06T00:00:00Z	4A	94	21.8	2.8	22.7	21	18.9	NA	NA	2018	4A94	4	A				NA	flowering > dead_nf > dead_nf	flowering	dead_nf	dead_nf	FALSE	Addition	Addition	NA	114	NA	114	Early	114	early	2018-04-24T18:00:00Z	119	-5	157	222	212	7.917959090348241	128.45676240123066	136.3747214915789	NA	NA	NA	NA	NA	NA	NA	NA	5.8500000000000005
NA	2018-07-06T00:00:00Z	4A	94	21.8	2.8	22.7	21	18.9	NA	NA	2018	4A94	4	A				NA	flowering > dead_nf > dead_nf	flowering	dead_nf	dead_nf	FALSE	Addition	Addition	NA	114	NA	114	Early	114	early	2018-04-24T18:00:00Z	119	-5	157	222	212	7.917959090348241	128.45676240123066	136.3747214915789	NA	NA	NA	NA	NA	NA	NA	NA	5.8500000000000005
NA	2018-07-06T00:00:00Z	4A	94	25	3	25.4	25.3	22.2	NA	NA	2018	4A94	4	A				NA	flowering > dead_nf > dead_nf	flowering	dead_nf	dead_nf	FALSE	Addition	Addition	NA	114	NA	114	Early	114	early	2018-04-24T18:00:00Z	119	-5	157	222	212	7.917959090348241	128.45676240123066	136.3747214915789	NA	NA	NA	NA	NA	NA	NA	NA	5.8500000000000005
NA	2018-07-06T00:00:00Z	4A	94	25	3	25.4	25.3	22.2	NA	NA	2018	4A94	4	A				NA	flowering > dead_nf > dead_nf	flowering	dead_nf	dead_nf	FALSE	Addition	Addition	NA	114	NA	114	Early	114	early	2018-04-24T18:00:00Z	119	-5	157	222	212	7.917959090348241	128.45676240123066	136.3747214915789	NA	NA	NA	NA	NA	NA	NA	NA	5.8500000000000005
NA	2018-07-06T00:00:00Z	4B	174	18.2	3.3	19	18	17.9	NA	NA	2018	4B174	4	B				NA	flowering > dead_nf > dead_nf	flowering	dead_nf	dead_nf	FALSE	Control	Mock rainout	NA	114	NA	114	Early	114	early	2018-04-24T18:00:00Z	119	-5	157	222	212	7.917959090348241	32.20676240123067	40.12472149157891	NA	NA	NA	NA	NA	NA	NA	NA	3.38
NA	2018-07-06T00:00:00Z	4B	174	18.2	3.3	19	18	17.9	NA	NA	2018	4B174	4	B				NA	flowering > dead_nf > dead_nf	flowering	dead_nf	dead_nf	FALSE	Control	Mock rainout	NA	114	NA	114	Early	114	early	2018-04-24T18:00:00Z	119	-5	157	222	212	7.917959090348241	32.20676240123067	40.12472149157891	NA	NA	NA	NA	NA	NA	NA	NA	3.38
NA	2018-07-06T00:00:00Z	4B	175	22.5	2.9	20.1	24.8	21.1	NA	NA	2018	4B175	4	B				NA	flowering > dead_nf > dead_nf	flowering	dead_nf	dead_nf	FALSE	Control	Mock rainout	NA	114	NA	114	Early	114	early	2018-04-24T18:00:00Z	119	-5	157	222	212	7.917959090348241	32.20676240123067	40.12472149157891	NA	NA	NA	NA	NA	NA	NA	NA	3.38
NA	2018-07-06T00:00:00Z	4B	175	22.5	2.9	20.1	24.8	21.1	NA	NA	2018	4B175	4	B				NA	flowering > dead_nf > dead_nf	flowering	dead_nf	dead_nf	FALSE	Control	Mock rainout	NA	114	NA	114	Early	114	early	2018-04-24T18:00:00Z	119	-5	157	222	212	7.917959090348241	32.20676240123067	40.12472149157891	NA	NA	NA	NA	NA	NA	NA	NA	3.38
NA	2018-07-06T00:00:00Z	4B	183	22.6	3.5	19.6	23.9	20.6	NA	NA	2018	4B183	4	B				NA	flowering > dead_nf > dead_nf	flowering	dead_nf	dead_nf	FALSE	Control	Mock rainout	NA	114	NA	114	Early	114	early	2018-04-24T18:00:00Z	119	-5	157	222	212	7.917959090348241	32.20676240123067	40.12472149157891	NA	NA	NA	NA	NA	NA	NA	NA	3.38
NA	2018-07-06T00:00:00Z	4B	183	22.6	3.5	19.6	23.9	20.6	NA	NA	2018	4B183	4	B				NA	flowering > dead_nf > dead_nf	flowering	dead_nf	dead_nf	FALSE	Control	Mock rainout	NA	114	NA	114	Early	114	early	2018-04-24T18:00:00Z	119	-5	157	222	212	7.917959090348241	32.20676240123067	40.12472149157891	NA	NA	NA	NA	NA	NA	NA	NA	3.38
NA	2018-07-06T00:00:00Z	4B	189	15.5	2.8	16.6	15.5	12.7	NA	NA	2018	4B189	4	B				NA	flowering > dead_nf > dead_nf	flowering	dead_nf	dead_nf	FALSE	Control	Mock rainout	NA	114	NA	114	Early	114	early	2018-04-24T18:00:00Z	119	-5	157	222	212	7.917959090348241	32.20676240123067	40.12472149157891	NA	NA	NA	NA	NA	NA	NA	NA	3.38
NA	2018-07-06T00:00:00Z	4B	189	15.5	2.8	16.6	15.5	12.7	NA	NA	2018	4B189	4	B				NA	flowering > dead_nf > dead_nf	flowering	dead_nf	dead_nf	FALSE	Control	Mock rainout	NA	114	NA	114	Early	114	early	2018-04-24T18:00:00Z	119	-5	157	222	212	7.917959090348241	32.20676240123067	40.12472149157891	NA	NA	NA	NA	NA	NA	NA	NA	3.38
NA	2018-07-06T00:00:00Z	4B	192	25.4	2.3	25.5	26.5	24.4	NA	NA	2018	4B192	4	B				NA	flowering > dead_nf > dead_nf	flowering	dead_nf	dead_nf	FALSE	Control	Mock rainout	NA	114	NA	114	Early	114	early	2018-04-24T18:00:00Z	119	-5	157	222	212	7.917959090348241	32.20676240123067	40.12472149157891	NA	NA	NA	NA	NA	NA	NA	NA	3.38
NA	2018-07-06T00:00:00Z	4B	192	25.4	2.3	25.5	26.5	24.4	NA	NA	2018	4B192	4	B				NA	flowering > dead_nf > dead_nf	flowering	dead_nf	dead_nf	FALSE	Control	Mock rainout	NA	114	NA	114	Early	114	early	2018-04-24T18:00:00Z	119	-5	157	222	212	7.917959090348241	32.20676240123067	40.12472149157891	NA	NA	NA	NA	NA	NA	NA	NA	3.38
NA	2018-07-06T00:00:00Z	4B	195	19.1	2.2	15.7	19.5	16.4	NA	NA	2018	4B195	4	B				NA	flowering > dead_nf > dead_nf	flowering	dead_nf	dead_nf	FALSE	Control	Mock rainout	NA	114	NA	114	Early	114	early	2018-04-24T18:00:00Z	119	-5	157	222	212	7.917959090348241	32.20676240123067	40.12472149157891	NA	NA	NA	NA	NA	NA	NA	NA	3.38
NA	2018-07-06T00:00:00Z	4B	195	19.1	2.2	15.7	19.5	16.4	NA	NA	2018	4B195	4	B				NA	flowering > dead_nf > dead_nf	flowering	dead_nf	dead_nf	FALSE	Control	Mock rainout	NA	114	NA	114	Early	114	early	2018-04-24T18:00:00Z	119	-5	157	222	212	7.917959090348241	32.20676240123067	40.12472149157891	NA	NA	NA	NA	NA	NA	NA	NA	3.38
NA	2018-07-06T00:00:00Z	4B	199	22	3.6	24.5	24.1	20.7	NA	NA	2018	4B199	4	B				NA	flowering > dead_nf > dead_nf	flowering	dead_nf	dead_nf	FALSE	Control	Mock rainout	NA	114	NA	114	Early	114	early	2018-04-24T18:00:00Z	119	-5	157	222	212	7.917959090348241	32.20676240123067	40.12472149157891	NA	NA	NA	NA	NA	NA	NA	NA	3.38
NA	2018-07-06T00:00:00Z	4B	199	22	3.6	24.5	24.1	20.7	NA	NA	2018	4B199	4	B				NA	flowering > dead_nf > dead_nf	flowering	dead_nf	dead_nf	FALSE	Control	Mock rainout	NA	114	NA	114	Early	114	early	2018-04-24T18:00:00Z	119	-5	157	222	212	7.917959090348241	32.20676240123067	40.12472149157891	NA	NA	NA	NA	NA	NA	NA	NA	3.38
NA	2018-07-06T00:00:00Z	4B	85	21	2.7	22.2	21.1	18.2	NA	NA	2018	4B85	4	B				NA	NA	NA	NA	NA	FALSE	Control	Mock rainout	NA	114	NA	114	Early	114	early	2018-04-24T18:00:00Z	119	-5	157	222	212	7.917959090348241	32.20676240123067	40.12472149157891	NA	NA	NA	NA	NA	NA	NA	NA	3.38
NA	2018-07-06T00:00:00Z	4B	85	21	2.7	22.2	21.1	18.2	NA	NA	2018	4B85	4	B				NA	NA	NA	NA	NA	FALSE	Control	Mock rainout	NA	114	NA	114	Early	114	early	2018-04-24T18:00:00Z	119	-5	157	222	212	7.917959090348241	32.20676240123067	40.12472149157891	NA	NA	NA	NA	NA	NA	NA	NA	3.38
NA	2018-07-06T00:00:00Z	4D	26	20.4	2.9	20.3	20.6	20	NA	NA	2018	4D26	4	D				NA	flowering > dead_nf > dead_nf	flowering	dead_nf	dead_nf	FALSE	Reduction	Reduction	NA	114	NA	114	Early	114	early	2018-04-24T18:00:00Z	119	-5	157	222	212	7.917959090348241	16.103381200615335	24.021340290963575	NA	NA	NA	NA	NA	NA	NA	NA	3.1750000000000003
NA	2018-07-06T00:00:00Z	4D	26	20.4	2.9	20.3	20.6	20	NA	NA	2018	4D26	4	D				NA	flowering > dead_nf > dead_nf	flowering	dead_nf	dead_nf	FALSE	Reduction	Reduction	NA	114	NA	114	Early	114	early	2018-04-24T18:00:00Z	119	-5	157	222	212	7.917959090348241	16.103381200615335	24.021340290963575	NA	NA	NA	NA	NA	NA	NA	NA	3.1750000000000003
NA	2018-07-06T00:00:00Z	4D	31	16.9	2.5	14.5	16.4	15.1	NA	NA	2018	4D31	4	D				NA	flowering > dead_nf > dead_nf	flowering	dead_nf	dead_nf	FALSE	Reduction	Reduction	NA	114	NA	114	Early	114	early	2018-04-24T18:00:00Z	119	-5	157	222	212	7.917959090348241	16.103381200615335	24.021340290963575	NA	NA	NA	NA	NA	NA	NA	NA	3.1750000000000003
NA	2018-07-06T00:00:00Z	4D	31	16.9	2.5	14.5	16.4	15.1	NA	NA	2018	4D31	4	D				NA	flowering > dead_nf > dead_nf	flowering	dead_nf	dead_nf	FALSE	Reduction	Reduction	NA	114	NA	114	Early	114	early	2018-04-24T18:00:00Z	119	-5	157	222	212	7.917959090348241	16.103381200615335	24.021340290963575	NA	NA	NA	NA	NA	NA	NA	NA	3.1750000000000003
NA	2018-07-06T00:00:00Z	4D	31	17.9	2.7	12.5	17.4	16.9	NA	NA	2018	4D31	4	D				NA	flowering > dead_nf > dead_nf	flowering	dead_nf	dead_nf	FALSE	Reduction	Reduction	NA	114	NA	114	Early	114	early	2018-04-24T18:00:00Z	119	-5	157	222	212	7.917959090348241	16.103381200615335	24.021340290963575	NA	NA	NA	NA	NA	NA	NA	NA	3.1750000000000003
NA	2018-07-06T00:00:00Z	4D	31	17.9	2.7	12.5	17.4	16.9	NA	NA	2018	4D31	4	D				NA	flowering > dead_nf > dead_nf	flowering	dead_nf	dead_nf	FALSE	Reduction	Reduction	NA	114	NA	114	Early	114	early	2018-04-24T18:00:00Z	119	-5	157	222	212	7.917959090348241	16.103381200615335	24.021340290963575	NA	NA	NA	NA	NA	NA	NA	NA	3.1750000000000003
NA	2018-07-06T00:00:00Z	4D	33	21.8	3	21	22.1	19.9	NA	NA	2018	4D33	4	D				NA	flowering > vegetative > dead_nf	flowering	vegetative	dead_nf	FALSE	Reduction	Reduction	NA	114	NA	114	Early	114	early	2018-04-24T18:00:00Z	119	-5	157	222	212	7.917959090348241	16.103381200615335	24.021340290963575	NA	NA	NA	NA	NA	NA	NA	NA	3.1750000000000003
NA	2018-07-06T00:00:00Z	4D	33	21.8	3	21	22.1	19.9	NA	NA	2018	4D33	4	D				NA	flowering > vegetative > dead_nf	flowering	vegetative	dead_nf	FALSE	Reduction	Reduction	NA	114	NA	114	Early	114	early	2018-04-24T18:00:00Z	119	-5	157	222	212	7.917959090348241	16.103381200615335	24.021340290963575	NA	NA	NA	NA	NA	NA	NA	NA	3.1750000000000003
NA	2018-07-06T00:00:00Z	4D	35	24.9	2.8	26.3	25.7	22.7	NA	NA	2018	4D35	4	D				NA	flowering > flowering > vegetative	flowering	flowering	vegetative	FALSE	Reduction	Reduction	NA	114	NA	114	Early	114	early	2018-04-24T18:00:00Z	119	-5	157	222	212	7.917959090348241	16.103381200615335	24.021340290963575	NA	NA	NA	NA	NA	NA	NA	NA	3.1750000000000003
NA	2018-07-06T00:00:00Z	4D	35	24.9	2.8	26.3	25.7	22.7	NA	NA	2018	4D35	4	D				NA	flowering > flowering > vegetative	flowering	flowering	vegetative	FALSE	Reduction	Reduction	NA	114	NA	114	Early	114	early	2018-04-24T18:00:00Z	119	-5	157	222	212	7.917959090348241	16.103381200615335	24.021340290963575	NA	NA	NA	NA	NA	NA	NA	NA	3.1750000000000003
NA	2018-07-06T00:00:00Z	5C	213	17.7	2.7	12	17.8	15	NA	NA	2018	5C213	5	C				NA	flowering > dead_nf > dead_nf	flowering	dead_nf	dead_nf	FALSE	Reduction	Reduction	2018-04-24T19:00:00Z	114	2018-04-24T19:00:00Z	114	Early	114	early	2018-04-24T18:00:00Z	119	-5	157	222	212	7.917959090348241	16.103381200615335	24.021340290963575	NA	NA	NA	NA	NA	NA	NA	NA	3.12
NA	2018-07-06T00:00:00Z	5C	213	17.7	2.7	12	17.8	15	NA	NA	2018	5C213	5	C				NA	flowering > dead_nf > dead_nf	flowering	dead_nf	dead_nf	FALSE	Reduction	Reduction	2018-04-24T19:00:00Z	114	2018-04-24T19:00:00Z	114	Early	114	early	2018-04-24T18:00:00Z	119	-5	157	222	212	7.917959090348241	16.103381200615335	24.021340290963575	NA	NA	NA	NA	NA	NA	NA	NA	3.12
NA	2018-07-06T00:00:00Z	5D	258	26.4	3.5	26.8	26.8	22.4	NA	NA	2018	5D258	5	D				NA	flowering > dead_nf > dead_nf	flowering	dead_nf	dead_nf	FALSE	Control	Control	2018-04-24T19:00:00Z	114	2018-04-24T19:00:00Z	114	Early	114	early	2018-04-24T18:00:00Z	119	-5	157	222	212	7.917959090348241	32.20676240123067	40.12472149157891	NA	NA	NA	NA	NA	NA	NA	NA	3.7725
NA	2018-07-06T00:00:00Z	5D	258	26.4	3.5	26.8	26.8	22.4	NA	NA	2018	5D258	5	D				NA	flowering > dead_nf > dead_nf	flowering	dead_nf	dead_nf	FALSE	Control	Control	2018-04-24T19:00:00Z	114	2018-04-24T19:00:00Z	114	Early	114	early	2018-04-24T18:00:00Z	119	-5	157	222	212	7.917959090348241	32.20676240123067	40.12472149157891	NA	NA	NA	NA	NA	NA	NA	NA	3.7725
NA	2018-07-06T00:00:00Z	5D	283	24.8	3.2	25	26	20.8	NA	NA	2018	5D283	5	D				NA	flowering > dead_nf > dead_nf	flowering	dead_nf	dead_nf	FALSE	Control	Control	2018-04-24T19:00:00Z	114	2018-04-24T19:00:00Z	114	Early	114	early	2018-04-24T18:00:00Z	119	-5	157	222	212	7.917959090348241	32.20676240123067	40.12472149157891	NA	NA	NA	NA	NA	NA	NA	NA	3.7725
NA	2018-07-06T00:00:00Z	5D	283	24.8	3.2	25	26	20.8	NA	NA	2018	5D283	5	D				NA	flowering > dead_nf > dead_nf	flowering	dead_nf	dead_nf	FALSE	Control	Control	2018-04-24T19:00:00Z	114	2018-04-24T19:00:00Z	114	Early	114	early	2018-04-24T18:00:00Z	119	-5	157	222	212	7.917959090348241	32.20676240123067	40.12472149157891	NA	NA	NA	NA	NA	NA	NA	NA	3.7725
NA	2018-07-06T00:00:00Z	6B	25	19.5	2.7	21	19.4	17.2	NA	NA	2018	6B25	6	B				NA	flowering > dead_nf > dead_nf	flowering	dead_nf	dead_nf	FALSE	Reduction	Reduction	2018-04-29T19:00:00Z	119	2018-04-29T19:00:00Z	119	Normal	119	normal	2018-04-29T18:00:00Z	119	0	157	222	212	7.3525465864861	16.103381200615335	23.455927787101434	NA	NA	NA	NA	NA	NA	NA	NA	2.9975
NA	2018-07-06T00:00:00Z	6B	25	19.5	2.7	21	19.4	17.2	NA	NA	2018	6B25	6	B				NA	flowering > dead_nf > dead_nf	flowering	dead_nf	dead_nf	FALSE	Reduction	Reduction	2018-04-29T19:00:00Z	119	2018-04-29T19:00:00Z	119	Normal	119	normal	2018-04-29T18:00:00Z	119	0	157	222	212	7.3525465864861	16.103381200615335	23.455927787101434	NA	NA	NA	NA	NA	NA	NA	NA	2.9975
NA	2018-07-06T00:00:00Z	6D	66	21.6	3.3	21.5	23.3	20	NA	NA	2018	6D66	6	D				NA	flowering > dead_nf > dead_nf	flowering	dead_nf	dead_nf	FALSE	Addition	Addition	2018-04-29T19:00:00Z	119	2018-04-29T19:00:00Z	119	Normal	119	normal	2018-04-29T18:00:00Z	119	0	157	222	212	7.3525465864861	128.45676240123066	135.80930898771678	NA	NA	NA	NA	NA	NA	NA	NA	6.1325
NA	2018-07-06T00:00:00Z	6D	66	21.6	3.3	21.5	23.3	20	NA	NA	2018	6D66	6	D				NA	flowering > dead_nf > dead_nf	flowering	dead_nf	dead_nf	FALSE	Addition	Addition	2018-04-29T19:00:00Z	119	2018-04-29T19:00:00Z	119	Normal	119	normal	2018-04-29T18:00:00Z	119	0	157	222	212	7.3525465864861	128.45676240123066	135.80930898771678	NA	NA	NA	NA	NA	NA	NA	NA	6.1325
NA	2018-07-09T00:00:00Z	2C	265	19.2	2.7	21.5	19.8	11	NA	NA	2018	2C265	2	C				NA	flowering > dead_nf > dead_nf	flowering	dead_nf	dead_nf	FALSE	Reduction	Reduction	2018-04-24T21:00:00Z	114	2018-04-25T05:00:00Z	114	Early	114	early	2018-04-24T18:00:00Z	119	-5	157	222	212	7.917959090348241	16.103381200615335	24.021340290963575	NA	NA	NA	NA	NA	NA	NA	NA	2.2399999999999998
NA	2018-07-09T00:00:00Z	2C	265	19.2	2.7	21.5	19.8	11	NA	NA	2018	2C265	2	C				NA	flowering > dead_nf > dead_nf	flowering	dead_nf	dead_nf	FALSE	Reduction	Reduction	2018-04-24T21:00:00Z	114	2018-04-25T05:00:00Z	114	Early	114	early	2018-04-24T18:00:00Z	119	-5	157	222	212	7.917959090348241	16.103381200615335	24.021340290963575	NA	NA	NA	NA	NA	NA	NA	NA	2.2399999999999998
NA	2018-07-09T00:00:00Z	2C	266	12.1	2.1	5.5	10.5	9.6	NA	NA	2018	2C266	2	C		pheno19		NA	flowering > vegetative > tagnf	flowering	vegetative	tagnf	FALSE	Reduction	Reduction	2018-04-24T21:00:00Z	114	2018-04-25T05:00:00Z	114	Early	114	early	2018-04-24T18:00:00Z	119	-5	157	222	212	7.917959090348241	16.103381200615335	24.021340290963575	NA	NA	NA	NA	NA	NA	NA	NA	2.2399999999999998
NA	2018-07-09T00:00:00Z	2C	266	12.1	2.1	5.5	10.5	9.6	NA	NA	2018	2C266	2	C		pheno19		NA	flowering > vegetative > tagnf	flowering	vegetative	tagnf	FALSE	Reduction	Reduction	2018-04-24T21:00:00Z	114	2018-04-25T05:00:00Z	114	Early	114	early	2018-04-24T18:00:00Z	119	-5	157	222	212	7.917959090348241	16.103381200615335	24.021340290963575	NA	NA	NA	NA	NA	NA	NA	NA	2.2399999999999998
NA	2018-07-09T00:00:00Z	2C	279	21	2.2	24.5	19	18.8	NA	NA	2018	2C279	2	C				NA	flowering > dead_nf > dead_nf	flowering	dead_nf	dead_nf	FALSE	Reduction	Reduction	2018-04-24T21:00:00Z	114	2018-04-25T05:00:00Z	114	Early	114	early	2018-04-24T18:00:00Z	119	-5	157	222	212	7.917959090348241	16.103381200615335	24.021340290963575	NA	NA	NA	NA	NA	NA	NA	NA	2.2399999999999998
NA	2018-07-09T00:00:00Z	2C	279	21	2.2	24.5	19	18.8	NA	NA	2018	2C279	2	C				NA	flowering > dead_nf > dead_nf	flowering	dead_nf	dead_nf	FALSE	Reduction	Reduction	2018-04-24T21:00:00Z	114	2018-04-25T05:00:00Z	114	Early	114	early	2018-04-24T18:00:00Z	119	-5	157	222	212	7.917959090348241	16.103381200615335	24.021340290963575	NA	NA	NA	NA	NA	NA	NA	NA	2.2399999999999998
NA	2018-07-09T00:00:00Z	2C	284	22.3	2	22.9	24	20.7	NA	NA	2018	2C284	2	C		census20 leaf20		NA	flowering > dead_nf > dead_nf	flowering	dead_nf	dead_nf	FALSE	Reduction	Reduction	2018-04-24T21:00:00Z	114	2018-04-25T05:00:00Z	114	Early	114	early	2018-04-24T18:00:00Z	119	-5	157	222	212	7.917959090348241	16.103381200615335	24.021340290963575	NA	NA	NA	NA	NA	NA	NA	NA	2.2399999999999998
NA	2018-07-09T00:00:00Z	2C	284	22.3	2	22.9	24	20.7	NA	NA	2018	2C284	2	C		census20 leaf20		NA	flowering > dead_nf > dead_nf	flowering	dead_nf	dead_nf	FALSE	Reduction	Reduction	2018-04-24T21:00:00Z	114	2018-04-25T05:00:00Z	114	Early	114	early	2018-04-24T18:00:00Z	119	-5	157	222	212	7.917959090348241	16.103381200615335	24.021340290963575	NA	NA	NA	NA	NA	NA	NA	NA	2.2399999999999998
NA	2018-07-09T00:00:00Z	2C	291	19.5	2.6	19.8	19	16.8	NA	NA	2018	2C291	2	C		census20		NA	flowering > dead_nf > dead_nf	flowering	dead_nf	dead_nf	FALSE	Reduction	Reduction	2018-04-24T21:00:00Z	114	2018-04-25T05:00:00Z	114	Early	114	early	2018-04-24T18:00:00Z	119	-5	157	222	212	7.917959090348241	16.103381200615335	24.021340290963575	NA	NA	NA	NA	NA	NA	NA	NA	2.2399999999999998
NA	2018-07-09T00:00:00Z	2C	291	19.5	2.6	19.8	19	16.8	NA	NA	2018	2C291	2	C		census20		NA	flowering > dead_nf > dead_nf	flowering	dead_nf	dead_nf	FALSE	Reduction	Reduction	2018-04-24T21:00:00Z	114	2018-04-25T05:00:00Z	114	Early	114	early	2018-04-24T18:00:00Z	119	-5	157	222	212	7.917959090348241	16.103381200615335	24.021340290963575	NA	NA	NA	NA	NA	NA	NA	NA	2.2399999999999998
NA	2018-07-09T00:00:00Z	2C	90	24.5	3.8	26.1	26.1	22	NA	NA	2018	2C90	2	C				NA	flowering > dead_nf > dead_nf	flowering	dead_nf	dead_nf	FALSE	Reduction	Reduction	2018-04-24T21:00:00Z	114	2018-04-25T05:00:00Z	114	Early	114	early	2018-04-24T18:00:00Z	119	-5	157	222	212	7.917959090348241	16.103381200615335	24.021340290963575	NA	NA	NA	NA	NA	NA	NA	NA	2.2399999999999998
NA	2018-07-09T00:00:00Z	2C	90	24.5	3.8	26.1	26.1	22	NA	NA	2018	2C90	2	C				NA	flowering > dead_nf > dead_nf	flowering	dead_nf	dead_nf	FALSE	Reduction	Reduction	2018-04-24T21:00:00Z	114	2018-04-25T05:00:00Z	114	Early	114	early	2018-04-24T18:00:00Z	119	-5	157	222	212	7.917959090348241	16.103381200615335	24.021340290963575	NA	NA	NA	NA	NA	NA	NA	NA	2.2399999999999998
NA	2018-07-09T00:00:00Z	3A	127	25.6	3.8	29	26.9	23.8	NA	NA	2018	3A127	3	A				NA	flowering > dead_nf > dead_nf	flowering	dead_nf	dead_nf	FALSE	Reduction	Reduction	2018-04-29T18:00:00Z	119	2018-04-28T22:00:00Z	118	Normal	119	normal	2018-04-29T18:00:00Z	119	0	157	222	212	7.3525465864861	16.103381200615335	23.455927787101434	NA	NA	NA	NA	NA	NA	NA	NA	2.6525
NA	2018-07-09T00:00:00Z	3A	127	25.6	3.8	29	26.9	23.8	NA	NA	2018	3A127	3	A				NA	flowering > dead_nf > dead_nf	flowering	dead_nf	dead_nf	FALSE	Reduction	Reduction	2018-04-29T18:00:00Z	119	2018-04-28T22:00:00Z	118	Normal	119	normal	2018-04-29T18:00:00Z	119	0	157	222	212	7.3525465864861	16.103381200615335	23.455927787101434	NA	NA	NA	NA	NA	NA	NA	NA	2.6525
NA	2018-07-09T00:00:00Z	3A	128	20	3.3	16	19.2	17.4	NA	NA	2018	3A128	3	A				NA	flowering > dead_nf > dead_nf	flowering	dead_nf	dead_nf	FALSE	Reduction	Reduction	2018-04-29T18:00:00Z	119	2018-04-28T22:00:00Z	118	Normal	119	normal	2018-04-29T18:00:00Z	119	0	157	222	212	7.3525465864861	16.103381200615335	23.455927787101434	NA	NA	NA	NA	NA	NA	NA	NA	2.6525
NA	2018-07-09T00:00:00Z	3A	128	20	3.3	16	19.2	17.4	NA	NA	2018	3A128	3	A				NA	flowering > dead_nf > dead_nf	flowering	dead_nf	dead_nf	FALSE	Reduction	Reduction	2018-04-29T18:00:00Z	119	2018-04-28T22:00:00Z	118	Normal	119	normal	2018-04-29T18:00:00Z	119	0	157	222	212	7.3525465864861	16.103381200615335	23.455927787101434	NA	NA	NA	NA	NA	NA	NA	NA	2.6525
NA	2018-07-09T00:00:00Z	3A	647	14.8	2.8	20	16	15	NA	NA	2018	3A647	3	A		census19		NA	flowering > vegetative > dead_nf	flowering	vegetative	dead_nf	FALSE	Reduction	Reduction	2018-04-29T18:00:00Z	119	2018-04-28T22:00:00Z	118	Normal	119	normal	2018-04-29T18:00:00Z	119	0	157	222	212	7.3525465864861	16.103381200615335	23.455927787101434	NA	NA	NA	NA	NA	NA	NA	NA	2.6525
NA	2018-07-09T00:00:00Z	3A	647	14.8	2.8	20	16	15	NA	NA	2018	3A647	3	A		census19		NA	flowering > vegetative > dead_nf	flowering	vegetative	dead_nf	FALSE	Reduction	Reduction	2018-04-29T18:00:00Z	119	2018-04-28T22:00:00Z	118	Normal	119	normal	2018-04-29T18:00:00Z	119	0	157	222	212	7.3525465864861	16.103381200615335	23.455927787101434	NA	NA	NA	NA	NA	NA	NA	NA	2.6525
NA	2018-07-09T00:00:00Z	3B	601	24	2.8	23.8	25	19.5	NA	NA	2018	3B601	3	B				NA	flowering > dead_nf > dead_nf	flowering	dead_nf	dead_nf	FALSE	Control	Mock rainout	2018-04-29T18:00:00Z	119	2018-04-28T22:00:00Z	118	Normal	119	normal	2018-04-29T18:00:00Z	119	0	157	222	212	7.3525465864861	32.20676240123067	39.55930898771677	NA	NA	NA	NA	NA	NA	NA	NA	3.3775
NA	2018-07-09T00:00:00Z	3B	601	24	2.8	23.8	25	19.5	NA	NA	2018	3B601	3	B				NA	flowering > dead_nf > dead_nf	flowering	dead_nf	dead_nf	FALSE	Control	Mock rainout	2018-04-29T18:00:00Z	119	2018-04-28T22:00:00Z	118	Normal	119	normal	2018-04-29T18:00:00Z	119	0	157	222	212	7.3525465864861	32.20676240123067	39.55930898771677	NA	NA	NA	NA	NA	NA	NA	NA	3.3775
NA	2018-07-09T00:00:00Z	3B	824	25.7	3.8	24.8	26.2	20.2	NA	NA	2018	3B824	3	B				NA	flowering > dead_nf > dead_nf	flowering	dead_nf	dead_nf	FALSE	Control	Mock rainout	2018-04-29T18:00:00Z	119	2018-04-28T22:00:00Z	118	Normal	119	normal	2018-04-29T18:00:00Z	119	0	157	222	212	7.3525465864861	32.20676240123067	39.55930898771677	NA	NA	NA	NA	NA	NA	NA	NA	3.3775
NA	2018-07-09T00:00:00Z	3B	824	25.7	3.8	24.8	26.2	20.2	NA	NA	2018	3B824	3	B				NA	flowering > dead_nf > dead_nf	flowering	dead_nf	dead_nf	FALSE	Control	Mock rainout	2018-04-29T18:00:00Z	119	2018-04-28T22:00:00Z	118	Normal	119	normal	2018-04-29T18:00:00Z	119	0	157	222	212	7.3525465864861	32.20676240123067	39.55930898771677	NA	NA	NA	NA	NA	NA	NA	NA	3.3775
NA	2018-07-09T00:00:00Z	3B	833	19.4	NA	24.1	20.5	17.9	NA	NA	2018	3B833	3	B				NA	flowering > dead_nf > dead_nf	flowering	dead_nf	dead_nf	FALSE	Control	Mock rainout	2018-04-29T18:00:00Z	119	2018-04-28T22:00:00Z	118	Normal	119	normal	2018-04-29T18:00:00Z	119	0	157	222	212	7.3525465864861	32.20676240123067	39.55930898771677	NA	NA	NA	NA	NA	NA	NA	NA	3.3775
NA	2018-07-09T00:00:00Z	3B	833	19.4	NA	24.1	20.5	17.9	NA	NA	2018	3B833	3	B				NA	flowering > dead_nf > dead_nf	flowering	dead_nf	dead_nf	FALSE	Control	Mock rainout	2018-04-29T18:00:00Z	119	2018-04-28T22:00:00Z	118	Normal	119	normal	2018-04-29T18:00:00Z	119	0	157	222	212	7.3525465864861	32.20676240123067	39.55930898771677	NA	NA	NA	NA	NA	NA	NA	NA	3.3775
NA	2018-07-09T00:00:00Z	3C	127	22.3	4	8.8	23.5	20.6	NA	NA	2018	3C127	3	C				NA	flowering > dead_nf > dead_nf	flowering	dead_nf	dead_nf	FALSE	Addition	Addition	2018-04-29T18:00:00Z	119	2018-04-28T22:00:00Z	118	Normal	119	normal	2018-04-29T18:00:00Z	119	0	157	222	212	7.3525465864861	128.45676240123066	135.80930898771678	NA	NA	NA	NA	NA	NA	NA	NA	5.495
NA	2018-07-09T00:00:00Z	3C	127	22.3	4	8.8	23.5	20.6	NA	NA	2018	3C127	3	C				NA	flowering > dead_nf > dead_nf	flowering	dead_nf	dead_nf	FALSE	Addition	Addition	2018-04-29T18:00:00Z	119	2018-04-28T22:00:00Z	118	Normal	119	normal	2018-04-29T18:00:00Z	119	0	157	222	212	7.3525465864861	128.45676240123066	135.80930898771678	NA	NA	NA	NA	NA	NA	NA	NA	5.495
NA	2018-07-09T00:00:00Z	3C	127	30	4	22.5	31.5	22.3	NA	NA	2018	3C127	3	C				NA	flowering > dead_nf > dead_nf	flowering	dead_nf	dead_nf	FALSE	Addition	Addition	2018-04-29T18:00:00Z	119	2018-04-28T22:00:00Z	118	Normal	119	normal	2018-04-29T18:00:00Z	119	0	157	222	212	7.3525465864861	128.45676240123066	135.80930898771678	NA	NA	NA	NA	NA	NA	NA	NA	5.495
NA	2018-07-09T00:00:00Z	3C	127	30	4	22.5	31.5	22.3	NA	NA	2018	3C127	3	C				NA	flowering > dead_nf > dead_nf	flowering	dead_nf	dead_nf	FALSE	Addition	Addition	2018-04-29T18:00:00Z	119	2018-04-28T22:00:00Z	118	Normal	119	normal	2018-04-29T18:00:00Z	119	0	157	222	212	7.3525465864861	128.45676240123066	135.80930898771678	NA	NA	NA	NA	NA	NA	NA	NA	5.495
NA	2018-07-09T00:00:00Z	3C	147	16.5	3	19.8	16	14.8	NA	NA	2018	3C147	3	C		census20		NA	flowering > dead_nf > dead_nf	flowering	dead_nf	dead_nf	FALSE	Addition	Addition	2018-04-29T18:00:00Z	119	2018-04-28T22:00:00Z	118	Normal	119	normal	2018-04-29T18:00:00Z	119	0	157	222	212	7.3525465864861	128.45676240123066	135.80930898771678	NA	NA	NA	NA	NA	NA	NA	NA	5.495
NA	2018-07-09T00:00:00Z	3C	147	16.5	3	19.8	16	14.8	NA	NA	2018	3C147	3	C		census20		NA	flowering > dead_nf > dead_nf	flowering	dead_nf	dead_nf	FALSE	Addition	Addition	2018-04-29T18:00:00Z	119	2018-04-28T22:00:00Z	118	Normal	119	normal	2018-04-29T18:00:00Z	119	0	157	222	212	7.3525465864861	128.45676240123066	135.80930898771678	NA	NA	NA	NA	NA	NA	NA	NA	5.495
NA	2018-07-09T00:00:00Z	3C	156	27.5	3.1	25.6	28.7	26.1	NA	NA	2018	3C156	3	C				NA	flowering > dead_nf > dead_nf	flowering	dead_nf	dead_nf	FALSE	Addition	Addition	2018-04-29T18:00:00Z	119	2018-04-28T22:00:00Z	118	Normal	119	normal	2018-04-29T18:00:00Z	119	0	157	222	212	7.3525465864861	128.45676240123066	135.80930898771678	NA	NA	NA	NA	NA	NA	NA	NA	5.495
NA	2018-07-09T00:00:00Z	3C	156	27.5	3.1	25.6	28.7	26.1	NA	NA	2018	3C156	3	C				NA	flowering > dead_nf > dead_nf	flowering	dead_nf	dead_nf	FALSE	Addition	Addition	2018-04-29T18:00:00Z	119	2018-04-28T22:00:00Z	118	Normal	119	normal	2018-04-29T18:00:00Z	119	0	157	222	212	7.3525465864861	128.45676240123066	135.80930898771678	NA	NA	NA	NA	NA	NA	NA	NA	5.495
NA	2018-07-09T00:00:00Z	3C	163	17.4	3.5	17.6	19.4	16.5	NA	NA	2018	3C163	3	C				NA	flowering > dead_nf > dead_nf	flowering	dead_nf	dead_nf	FALSE	Addition	Addition	2018-04-29T18:00:00Z	119	2018-04-28T22:00:00Z	118	Normal	119	normal	2018-04-29T18:00:00Z	119	0	157	222	212	7.3525465864861	128.45676240123066	135.80930898771678	NA	NA	NA	NA	NA	NA	NA	NA	5.495
NA	2018-07-09T00:00:00Z	3C	163	17.4	3.5	17.6	19.4	16.5	NA	NA	2018	3C163	3	C				NA	flowering > dead_nf > dead_nf	flowering	dead_nf	dead_nf	FALSE	Addition	Addition	2018-04-29T18:00:00Z	119	2018-04-28T22:00:00Z	118	Normal	119	normal	2018-04-29T18:00:00Z	119	0	157	222	212	7.3525465864861	128.45676240123066	135.80930898771678	NA	NA	NA	NA	NA	NA	NA	NA	5.495
NA	2018-07-09T00:00:00Z	3C	168	23.4	3	23.6	23.6	22.5	NA	NA	2018	3C168	3	C				NA	flowering > dead_nf > dead_nf	flowering	dead_nf	dead_nf	FALSE	Addition	Addition	2018-04-29T18:00:00Z	119	2018-04-28T22:00:00Z	118	Normal	119	normal	2018-04-29T18:00:00Z	119	0	157	222	212	7.3525465864861	128.45676240123066	135.80930898771678	NA	NA	NA	NA	NA	NA	NA	NA	5.495
NA	2018-07-09T00:00:00Z	3C	168	23.4	3	23.6	23.6	22.5	NA	NA	2018	3C168	3	C				NA	flowering > dead_nf > dead_nf	flowering	dead_nf	dead_nf	FALSE	Addition	Addition	2018-04-29T18:00:00Z	119	2018-04-28T22:00:00Z	118	Normal	119	normal	2018-04-29T18:00:00Z	119	0	157	222	212	7.3525465864861	128.45676240123066	135.80930898771678	NA	NA	NA	NA	NA	NA	NA	NA	5.495
NA	2018-07-09T00:00:00Z	3C	171	26.7	4	25.5	26.4	22.3	NA	NA	2018	3C171	3	C		pheno20		NA	flowering > dead_nf > dead_nf	flowering	dead_nf	dead_nf	FALSE	Addition	Addition	2018-04-29T18:00:00Z	119	2018-04-28T22:00:00Z	118	Normal	119	normal	2018-04-29T18:00:00Z	119	0	157	222	212	7.3525465864861	128.45676240123066	135.80930898771678	NA	NA	NA	NA	NA	NA	NA	NA	5.495
NA	2018-07-09T00:00:00Z	3C	171	26.7	4	25.5	26.4	22.3	NA	NA	2018	3C171	3	C		pheno20		NA	flowering > dead_nf > dead_nf	flowering	dead_nf	dead_nf	FALSE	Addition	Addition	2018-04-29T18:00:00Z	119	2018-04-28T22:00:00Z	118	Normal	119	normal	2018-04-29T18:00:00Z	119	0	157	222	212	7.3525465864861	128.45676240123066	135.80930898771678	NA	NA	NA	NA	NA	NA	NA	NA	5.495
NA	2018-07-09T00:00:00Z	3C	94	24.3	3.1	25.6	23.1	22.4	NA	NA	2018	3C94	3	C				NA	flowering > dead_nf > dead_nf	flowering	dead_nf	dead_nf	FALSE	Addition	Addition	2018-04-29T18:00:00Z	119	2018-04-28T22:00:00Z	118	Normal	119	normal	2018-04-29T18:00:00Z	119	0	157	222	212	7.3525465864861	128.45676240123066	135.80930898771678	NA	NA	NA	NA	NA	NA	NA	NA	5.495
NA	2018-07-09T00:00:00Z	3C	94	24.3	3.1	25.6	23.1	22.4	NA	NA	2018	3C94	3	C				NA	flowering > dead_nf > dead_nf	flowering	dead_nf	dead_nf	FALSE	Addition	Addition	2018-04-29T18:00:00Z	119	2018-04-28T22:00:00Z	118	Normal	119	normal	2018-04-29T18:00:00Z	119	0	157	222	212	7.3525465864861	128.45676240123066	135.80930898771678	NA	NA	NA	NA	NA	NA	NA	NA	5.495
NA	2018-07-09T00:00:00Z	3C	98	25.6	2.8	28.9	24.5	22.8	NA	NA	2018	3C98	3	C				NA	flowering > dead_nf > dead_nf	flowering	dead_nf	dead_nf	FALSE	Addition	Addition	2018-04-29T18:00:00Z	119	2018-04-28T22:00:00Z	118	Normal	119	normal	2018-04-29T18:00:00Z	119	0	157	222	212	7.3525465864861	128.45676240123066	135.80930898771678	NA	NA	NA	NA	NA	NA	NA	NA	5.495
NA	2018-07-09T00:00:00Z	3C	98	25.6	2.8	28.9	24.5	22.8	NA	NA	2018	3C98	3	C				NA	flowering > dead_nf > dead_nf	flowering	dead_nf	dead_nf	FALSE	Addition	Addition	2018-04-29T18:00:00Z	119	2018-04-28T22:00:00Z	118	Normal	119	normal	2018-04-29T18:00:00Z	119	0	157	222	212	7.3525465864861	128.45676240123066	135.80930898771678	NA	NA	NA	NA	NA	NA	NA	NA	5.495
NA	2018-07-09T00:00:00Z	3C	98	27.8	2.9	29.5	26	24.9	NA	NA	2018	3C98	3	C				NA	flowering > dead_nf > dead_nf	flowering	dead_nf	dead_nf	FALSE	Addition	Addition	2018-04-29T18:00:00Z	119	2018-04-28T22:00:00Z	118	Normal	119	normal	2018-04-29T18:00:00Z	119	0	157	222	212	7.3525465864861	128.45676240123066	135.80930898771678	NA	NA	NA	NA	NA	NA	NA	NA	5.495
NA	2018-07-09T00:00:00Z	3C	98	27.8	2.9	29.5	26	24.9	NA	NA	2018	3C98	3	C				NA	flowering > dead_nf > dead_nf	flowering	dead_nf	dead_nf	FALSE	Addition	Addition	2018-04-29T18:00:00Z	119	2018-04-28T22:00:00Z	118	Normal	119	normal	2018-04-29T18:00:00Z	119	0	157	222	212	7.3525465864861	128.45676240123066	135.80930898771678	NA	NA	NA	NA	NA	NA	NA	NA	5.495
NA	2018-07-09T00:00:00Z	3D	847	23.7	3	25.8	25.4	23.5	NA	NA	2018	3D847	3	D				NA	flowering > vegetative > dead_nf	flowering	vegetative	dead_nf	FALSE	Control	Control	2018-04-29T18:00:00Z	119	2018-04-28T22:00:00Z	118	Normal	119	normal	2018-04-29T18:00:00Z	119	0	157	222	212	7.3525465864861	32.20676240123067	39.55930898771677	NA	NA	NA	NA	NA	NA	NA	NA	3.6725
NA	2018-07-09T00:00:00Z	3D	847	23.7	3	25.8	25.4	23.5	NA	NA	2018	3D847	3	D				NA	flowering > vegetative > dead_nf	flowering	vegetative	dead_nf	FALSE	Control	Control	2018-04-29T18:00:00Z	119	2018-04-28T22:00:00Z	118	Normal	119	normal	2018-04-29T18:00:00Z	119	0	157	222	212	7.3525465864861	32.20676240123067	39.55930898771677	NA	NA	NA	NA	NA	NA	NA	NA	3.6725
NA	2018-07-09T00:00:00Z	3D	856	22.3	2.7	24.1	24.1	21.7	NA	NA	2018	3D856	3	D		census20		NA	flowering > dead_nf > dead_nf	flowering	dead_nf	dead_nf	FALSE	Control	Control	2018-04-29T18:00:00Z	119	2018-04-28T22:00:00Z	118	Normal	119	normal	2018-04-29T18:00:00Z	119	0	157	222	212	7.3525465864861	32.20676240123067	39.55930898771677	NA	NA	NA	NA	NA	NA	NA	NA	3.6725
NA	2018-07-09T00:00:00Z	3D	856	22.3	2.7	24.1	24.1	21.7	NA	NA	2018	3D856	3	D		census20		NA	flowering > dead_nf > dead_nf	flowering	dead_nf	dead_nf	FALSE	Control	Control	2018-04-29T18:00:00Z	119	2018-04-28T22:00:00Z	118	Normal	119	normal	2018-04-29T18:00:00Z	119	0	157	222	212	7.3525465864861	32.20676240123067	39.55930898771677	NA	NA	NA	NA	NA	NA	NA	NA	3.6725
NA	2018-07-09T00:00:00Z	3D	878	25.9	3.3	20.4	27.5	24.4	NA	NA	2018	3D878	3	D				NA	flowering > dead_nf > dead_nf	flowering	dead_nf	dead_nf	FALSE	Control	Control	2018-04-29T18:00:00Z	119	2018-04-28T22:00:00Z	118	Normal	119	normal	2018-04-29T18:00:00Z	119	0	157	222	212	7.3525465864861	32.20676240123067	39.55930898771677	NA	NA	NA	NA	NA	NA	NA	NA	3.6725
NA	2018-07-09T00:00:00Z	3D	878	25.9	3.3	20.4	27.5	24.4	NA	NA	2018	3D878	3	D				NA	flowering > dead_nf > dead_nf	flowering	dead_nf	dead_nf	FALSE	Control	Control	2018-04-29T18:00:00Z	119	2018-04-28T22:00:00Z	118	Normal	119	normal	2018-04-29T18:00:00Z	119	0	157	222	212	7.3525465864861	32.20676240123067	39.55930898771677	NA	NA	NA	NA	NA	NA	NA	NA	3.6725
NA	2018-07-09T00:00:00Z	4B	181	22.3	2.6	21	23.5	20	NA	NA	2018	4B181	4	B				NA	flowering > dead_nf > dead_nf	flowering	dead_nf	dead_nf	FALSE	Control	Mock rainout	NA	114	NA	114	Early	114	early	2018-04-24T18:00:00Z	119	-5	157	222	212	7.917959090348241	32.20676240123067	40.12472149157891	NA	NA	NA	NA	NA	NA	NA	NA	3.38
NA	2018-07-09T00:00:00Z	4B	181	22.3	2.6	21	23.5	20	NA	NA	2018	4B181	4	B				NA	flowering > dead_nf > dead_nf	flowering	dead_nf	dead_nf	FALSE	Control	Mock rainout	NA	114	NA	114	Early	114	early	2018-04-24T18:00:00Z	119	-5	157	222	212	7.917959090348241	32.20676240123067	40.12472149157891	NA	NA	NA	NA	NA	NA	NA	NA	3.38
NA	2018-07-09T00:00:00Z	4C	119	23.4	1.9	21.7	25.1	22.7	NA	NA	2018	4C119	4	C				NA	flowering > dead_nf > dead_nf	flowering	dead_nf	dead_nf	FALSE	Control	Control	NA	114	NA	114	Early	114	early	2018-04-24T18:00:00Z	119	-5	157	222	212	7.917959090348241	32.20676240123067	40.12472149157891	NA	NA	NA	NA	NA	NA	NA	NA	4.242285714285714
NA	2018-07-09T00:00:00Z	4C	119	23.4	1.9	21.7	25.1	22.7	NA	NA	2018	4C119	4	C				NA	flowering > dead_nf > dead_nf	flowering	dead_nf	dead_nf	FALSE	Control	Control	NA	114	NA	114	Early	114	early	2018-04-24T18:00:00Z	119	-5	157	222	212	7.917959090348241	32.20676240123067	40.12472149157891	NA	NA	NA	NA	NA	NA	NA	NA	4.242285714285714
NA	2018-07-17T00:00:00Z	1A	253	24.9	3.4	23	26.2	22.5	NA	NA	2018	1A253	1	A				NA	flowering > dead_nf > dead_nf	flowering	dead_nf	dead_nf	FALSE	Addition	Addition	2018-04-29T21:00:00Z	119	2018-04-29T17:00:00Z	119	Normal	119	normal	2018-04-29T18:00:00Z	119	0	157	222	212	7.3525465864861	128.45676240123066	135.80930898771678	NA	NA	NA	NA	NA	NA	NA	NA	7.1675
NA	2018-07-17T00:00:00Z	1A	253	27.6	3.3	22.2	27.4	23.5	NA	NA	2018	1A253	1	A				NA	flowering > dead_nf > dead_nf	flowering	dead_nf	dead_nf	FALSE	Addition	Addition	2018-04-29T21:00:00Z	119	2018-04-29T17:00:00Z	119	Normal	119	normal	2018-04-29T18:00:00Z	119	0	157	222	212	7.3525465864861	128.45676240123066	135.80930898771678	NA	NA	NA	NA	NA	NA	NA	NA	7.1675
NA	2018-07-17T00:00:00Z	1B	655	27.1	3	24.8	26.4	23.1	NA	NA	2018	1B655	1	B				NA	flowering > dead_nf > dead_nf	flowering	dead_nf	dead_nf	FALSE	Control	Control	2018-04-29T21:00:00Z	119	2018-04-29T17:00:00Z	119	Normal	119	normal	2018-04-29T18:00:00Z	119	0	157	222	212	7.3525465864861	32.20676240123067	39.55930898771677	NA	NA	NA	NA	NA	NA	NA	NA	4.525
NA	2018-07-17T00:00:00Z	1B	664	24	2	23	23.8	21.2	NA	NA	2018	1B664	1	B				NA	flowering > dead_nf > dead_nf	flowering	dead_nf	dead_nf	FALSE	Control	Control	2018-04-29T21:00:00Z	119	2018-04-29T17:00:00Z	119	Normal	119	normal	2018-04-29T18:00:00Z	119	0	157	222	212	7.3525465864861	32.20676240123067	39.55930898771677	NA	NA	NA	NA	NA	NA	NA	NA	4.525
NA	2018-07-17T00:00:00Z	1D	29	29.7	3.2	24.3	27.1	25.8	NA	NA	2018	1D29	1	D				NA	flowering > dead_nf > dead_nf	flowering	dead_nf	dead_nf	FALSE	Reduction	Reduction	2018-04-29T21:00:00Z	119	2018-04-29T17:00:00Z	119	Normal	119	normal	2018-04-29T18:00:00Z	119	0	157	222	212	7.3525465864861	16.103381200615335	23.455927787101434	NA	NA	NA	NA	NA	NA	NA	NA	3.6075
NA	2018-07-17T00:00:00Z	2C	100	20.8	2.8	18.3	20.7	17.5	NA	NA	2018	2C100	2	C				NA	flowering > dead_nf > dead_nf	flowering	dead_nf	dead_nf	FALSE	Reduction	Reduction	2018-04-24T21:00:00Z	114	2018-04-25T05:00:00Z	114	Early	114	early	2018-04-24T18:00:00Z	119	-5	157	222	212	7.917959090348241	16.103381200615335	24.021340290963575	NA	NA	NA	NA	NA	NA	NA	NA	2.2399999999999998
NA	2018-07-17T00:00:00Z	2C	100	23.3	3	18.2	22.4	19.3	NA	NA	2018	2C100	2	C				NA	flowering > dead_nf > dead_nf	flowering	dead_nf	dead_nf	FALSE	Reduction	Reduction	2018-04-24T21:00:00Z	114	2018-04-25T05:00:00Z	114	Early	114	early	2018-04-24T18:00:00Z	119	-5	157	222	212	7.917959090348241	16.103381200615335	24.021340290963575	NA	NA	NA	NA	NA	NA	NA	NA	2.2399999999999998
NA	2018-07-17T00:00:00Z	2C	90	27.9	3	24.1	27.9	25.4	NA	NA	2018	2C90	2	C				NA	flowering > dead_nf > dead_nf	flowering	dead_nf	dead_nf	FALSE	Reduction	Reduction	2018-04-24T21:00:00Z	114	2018-04-25T05:00:00Z	114	Early	114	early	2018-04-24T18:00:00Z	119	-5	157	222	212	7.917959090348241	16.103381200615335	24.021340290963575	NA	NA	NA	NA	NA	NA	NA	NA	2.2399999999999998
NA	2018-07-17T00:00:00Z	2D	189	19.5	3.3	20.1	18.6	17	NA	NA	2018	2D189	2	D				NA	flowering > vegetative > tagnf	flowering	vegetative	tagnf	FALSE	Addition	Addition	2018-04-24T21:00:00Z	114	2018-04-25T05:00:00Z	114	Early	114	early	2018-04-24T18:00:00Z	119	-5	157	222	212	7.917959090348241	128.45676240123066	136.3747214915789	NA	NA	NA	NA	NA	NA	NA	NA	6.295
NA	2018-07-17T00:00:00Z	2D	212	23.2	2.5	20	24	21	NA	NA	2018	2D212	2	D				NA	flowering > flowering > dead_nf	flowering	flowering	dead_nf	FALSE	Addition	Addition	2018-04-24T21:00:00Z	114	2018-04-25T05:00:00Z	114	Early	114	early	2018-04-24T18:00:00Z	119	-5	157	222	212	7.917959090348241	128.45676240123066	136.3747214915789	NA	NA	NA	NA	NA	NA	NA	NA	6.295
NA	2018-07-17T00:00:00Z	2D	218	28.6	3.5	26.5	29.1	26.5	NA	NA	2018	2D218	2	D				NA	flowering > dead_nf > dead_nf	flowering	dead_nf	dead_nf	FALSE	Addition	Addition	2018-04-24T21:00:00Z	114	2018-04-25T05:00:00Z	114	Early	114	early	2018-04-24T18:00:00Z	119	-5	157	222	212	7.917959090348241	128.45676240123066	136.3747214915789	NA	NA	NA	NA	NA	NA	NA	NA	6.295
NA	2018-07-17T00:00:00Z	3A	127	25.9	4.1	32.6	27.4	25.4	NA	NA	2018	3A127	3	A				NA	flowering > dead_nf > dead_nf	flowering	dead_nf	dead_nf	FALSE	Reduction	Reduction	2018-04-29T18:00:00Z	119	2018-04-28T22:00:00Z	118	Normal	119	normal	2018-04-29T18:00:00Z	119	0	157	222	212	7.3525465864861	16.103381200615335	23.455927787101434	NA	NA	NA	NA	NA	NA	NA	NA	2.6525
NA	2018-07-17T00:00:00Z	3A	647	20.3	1.7	19.5	21	11.5	NA	NA	2018	3A647	3	A		census19		NA	flowering > vegetative > dead_nf	flowering	vegetative	dead_nf	FALSE	Reduction	Reduction	2018-04-29T18:00:00Z	119	2018-04-28T22:00:00Z	118	Normal	119	normal	2018-04-29T18:00:00Z	119	0	157	222	212	7.3525465864861	16.103381200615335	23.455927787101434	NA	NA	NA	NA	NA	NA	NA	NA	2.6525
NA	2018-07-17T00:00:00Z	3B	833	24.3	3.2	22.9	24.8	20.3	NA	NA	2018	3B833	3	B				NA	flowering > dead_nf > dead_nf	flowering	dead_nf	dead_nf	FALSE	Control	Mock rainout	2018-04-29T18:00:00Z	119	2018-04-28T22:00:00Z	118	Normal	119	normal	2018-04-29T18:00:00Z	119	0	157	222	212	7.3525465864861	32.20676240123067	39.55930898771677	NA	NA	NA	NA	NA	NA	NA	NA	3.3775
NA	2018-07-17T00:00:00Z	3C	147	28.9	2.7	24	28.8	27.1	NA	NA	2018	3C147	3	C		census20		NA	flowering > dead_nf > dead_nf	flowering	dead_nf	dead_nf	FALSE	Addition	Addition	2018-04-29T18:00:00Z	119	2018-04-28T22:00:00Z	118	Normal	119	normal	2018-04-29T18:00:00Z	119	0	157	222	212	7.3525465864861	128.45676240123066	135.80930898771678	NA	NA	NA	NA	NA	NA	NA	NA	5.495
NA	2018-07-17T00:00:00Z	3D	858	17	2	19.7	15.3	14.7	NA	NA	2018	3D858	3	D		census20		NA	flowering > dead_nf > dead_nf	flowering	dead_nf	dead_nf	FALSE	Control	Control	2018-04-29T18:00:00Z	119	2018-04-28T22:00:00Z	118	Normal	119	normal	2018-04-29T18:00:00Z	119	0	157	222	212	7.3525465864861	32.20676240123067	39.55930898771677	NA	NA	NA	NA	NA	NA	NA	NA	3.6725
NA	2018-07-17T00:00:00Z	3D	858	24	2.8	24.8	25	24.3	NA	NA	2018	3D858	3	D		census20		NA	flowering > dead_nf > dead_nf	flowering	dead_nf	dead_nf	FALSE	Control	Control	2018-04-29T18:00:00Z	119	2018-04-28T22:00:00Z	118	Normal	119	normal	2018-04-29T18:00:00Z	119	0	157	222	212	7.3525465864861	32.20676240123067	39.55930898771677	NA	NA	NA	NA	NA	NA	NA	NA	3.6725
NA	2018-07-17T00:00:00Z	3D	874	21.9	2.5	22.5	21.5	19.9	NA	NA	2018	3D874	3	D				NA	flowering > dead_nf > dead_nf	flowering	dead_nf	dead_nf	FALSE	Control	Control	2018-04-29T18:00:00Z	119	2018-04-28T22:00:00Z	118	Normal	119	normal	2018-04-29T18:00:00Z	119	0	157	222	212	7.3525465864861	32.20676240123067	39.55930898771677	NA	NA	NA	NA	NA	NA	NA	NA	3.6725
NA	2018-07-17T00:00:00Z	4A	76	26.4	3.1	20.2	25.6	23.8	NA	NA	2018	4A76	4	A				NA	flowering > vegetative > vegetative	flowering	vegetative	vegetative	FALSE	Addition	Addition	NA	114	NA	114	Early	114	early	2018-04-24T18:00:00Z	119	-5	157	222	212	7.917959090348241	128.45676240123066	136.3747214915789	NA	NA	NA	NA	NA	NA	NA	NA	5.8500000000000005
NA	2018-07-17T00:00:00Z	4A	90	27.4	2.7	20.4	26.8	21.8	NA	NA	2018	4A90	4	A				NA	flowering > dead_nf > dead_nf	flowering	dead_nf	dead_nf	FALSE	Addition	Addition	NA	114	NA	114	Early	114	early	2018-04-24T18:00:00Z	119	-5	157	222	212	7.917959090348241	128.45676240123066	136.3747214915789	NA	NA	NA	NA	NA	NA	NA	NA	5.8500000000000005
NA	2018-07-17T00:00:00Z	5A	175	29.8	3.4	26.2	29.3	24.4	NA	NA	2018	5A175	5	A				NA	flowering > dead_nf > dead_nf	flowering	dead_nf	dead_nf	FALSE	Addition	Addition	2018-04-24T19:00:00Z	114	2018-04-24T19:00:00Z	114	Early	114	early	2018-04-24T18:00:00Z	119	-5	157	222	212	7.917959090348241	128.45676240123066	136.3747214915789	NA	NA	NA	NA	NA	NA	NA	NA	5.02
NA	2018-07-17T00:00:00Z	5A	189	21.8	2.3	21.6	21.6	19.8	NA	NA	2018	5A189	5	A				NA	flowering > vegetative > flowering	flowering	vegetative	flowering	FALSE	Addition	Addition	2018-04-24T19:00:00Z	114	2018-04-24T19:00:00Z	114	Early	114	early	2018-04-24T18:00:00Z	119	-5	157	222	212	7.917959090348241	128.45676240123066	136.3747214915789	NA	NA	NA	NA	NA	NA	NA	NA	5.02
NA	2018-07-17T00:00:00Z	5A	194	22.8	3.2	23	23	19.1	NA	NA	2018	5A194	5	A				NA	vegetative > vegetative > vegetative	vegetative	vegetative	vegetative	FALSE	Addition	Addition	2018-04-24T19:00:00Z	114	2018-04-24T19:00:00Z	114	Early	114	early	2018-04-24T18:00:00Z	119	-5	157	222	212	7.917959090348241	128.45676240123066	136.3747214915789	NA	NA	NA	NA	NA	NA	NA	NA	5.02
NA	2018-07-17T00:00:00Z	5B	284	26.7	3.8	22.9	25.6	23	NA	NA	2018	5B284	5	B				NA	flowering > dead_nf > dead_nf	flowering	dead_nf	dead_nf	FALSE	Control	Mock rainout	2018-04-24T19:00:00Z	114	2018-04-24T19:00:00Z	114	Early	114	early	2018-04-24T18:00:00Z	119	-5	157	222	212	7.917959090348241	32.20676240123067	40.12472149157891	NA	NA	NA	NA	NA	NA	NA	NA	3.7775
NA	2018-07-17T00:00:00Z	5C	216	16.7	3	15.8	16.5	15.5	NA	NA	2018	5C216	5	C				NA	flowering > dead_nf > dead_nf	flowering	dead_nf	dead_nf	FALSE	Reduction	Reduction	2018-04-24T19:00:00Z	114	2018-04-24T19:00:00Z	114	Early	114	early	2018-04-24T18:00:00Z	119	-5	157	222	212	7.917959090348241	16.103381200615335	24.021340290963575	NA	NA	NA	NA	NA	NA	NA	NA	3.12
NA	2018-07-17T00:00:00Z	5D	228	21	3	22.3	20	17.5	NA	NA	2018	5D228	5	D				NA	flowering > flowering > dead_nf	flowering	flowering	dead_nf	FALSE	Control	Control	2018-04-24T19:00:00Z	114	2018-04-24T19:00:00Z	114	Early	114	early	2018-04-24T18:00:00Z	119	-5	157	222	212	7.917959090348241	32.20676240123067	40.12472149157891	NA	NA	NA	NA	NA	NA	NA	NA	3.7725
NA	2018-07-17T00:00:00Z	5D	283	24.4	2.5	21.9	23	21.5	NA	NA	2018	5D283	5	D				NA	flowering > dead_nf > dead_nf	flowering	dead_nf	dead_nf	FALSE	Control	Control	2018-04-24T19:00:00Z	114	2018-04-24T19:00:00Z	114	Early	114	early	2018-04-24T18:00:00Z	119	-5	157	222	212	7.917959090348241	32.20676240123067	40.12472149157891	NA	NA	NA	NA	NA	NA	NA	NA	3.7725
NA	2018-07-17T00:00:00Z	6B	34	19	1.6	16	18.3	16	NA	NA	2018	6B34	6	B				NA	flowering > dead_nf > dead_nf	flowering	dead_nf	dead_nf	FALSE	Reduction	Reduction	2018-04-29T19:00:00Z	119	2018-04-29T19:00:00Z	119	Normal	119	normal	2018-04-29T18:00:00Z	119	0	157	222	212	7.3525465864861	16.103381200615335	23.455927787101434	NA	NA	NA	NA	NA	NA	NA	NA	2.9975
NA	2018-07-17T00:00:00Z	6C	106	26.5	3.3	26.6	26.1	22.6	NA	NA	2018	6C106	6	C				NA	flowering > dead_nf > dead_nf	flowering	dead_nf	dead_nf	FALSE	Control	Mock rainout	2018-04-29T19:00:00Z	119	2018-04-29T19:00:00Z	119	Normal	119	normal	2018-04-29T18:00:00Z	119	0	157	222	212	7.3525465864861	32.20676240123067	39.55930898771677	NA	NA	NA	NA	NA	NA	NA	NA	3.9375
NA	2018-07-17T00:00:00Z	6C	118	30.5	3.7	23	30	27.5	NA	NA	2018	6C118	6	C				NA	flowering > dead_nf > dead_nf	flowering	dead_nf	dead_nf	FALSE	Control	Mock rainout	2018-04-29T19:00:00Z	119	2018-04-29T19:00:00Z	119	Normal	119	normal	2018-04-29T18:00:00Z	119	0	157	222	212	7.3525465864861	32.20676240123067	39.55930898771677	NA	NA	NA	NA	NA	NA	NA	NA	3.9375
NA	2018-07-17T00:00:00Z	6D	47	22.3	2.4	21.1	22.7	19.3	NA	NA	2018	6D47	6	D				NA	flowering > dead_nf > dead_nf	flowering	dead_nf	dead_nf	FALSE	Addition	Addition	2018-04-29T19:00:00Z	119	2018-04-29T19:00:00Z	119	Normal	119	normal	2018-04-29T18:00:00Z	119	0	157	222	212	7.3525465864861	128.45676240123066	135.80930898771678	NA	NA	NA	NA	NA	NA	NA	NA	6.1325
NA	2018-07-17T00:00:00Z	6D	54	28.5	3.4	26.2	29.8	25.9	NA	NA	2018	6D54	6	D				NA	flowering > dead_nf > dead_nf	flowering	dead_nf	dead_nf	FALSE	Addition	Addition	2018-04-29T19:00:00Z	119	2018-04-29T19:00:00Z	119	Normal	119	normal	2018-04-29T18:00:00Z	119	0	157	222	212	7.3525465864861	128.45676240123066	135.80930898771678	NA	NA	NA	NA	NA	NA	NA	NA	6.1325
NA	2018-07-17T00:00:00Z	6D	55	25.9	2.6	24	27.6	24.1	NA	NA	2018	6D55	6	D				NA	flowering > dead_nf > dead_nf	flowering	dead_nf	dead_nf	FALSE	Addition	Addition	2018-04-29T19:00:00Z	119	2018-04-29T19:00:00Z	119	Normal	119	normal	2018-04-29T18:00:00Z	119	0	157	222	212	7.3525465864861	128.45676240123066	135.80930898771678	NA	NA	NA	NA	NA	NA	NA	NA	6.1325
NA	2018-07-31T00:00:00Z	1A	232	23.4	3.5	22.7	23.2	21.3	NA	NA	2018	1A232	1	A				NA	flowering > dead_nf > dead_nf	flowering	dead_nf	dead_nf	FALSE	Addition	Addition	2018-04-29T21:00:00Z	119	2018-04-29T17:00:00Z	119	Normal	119	normal	2018-04-29T18:00:00Z	119	0	157	222	212	7.3525465864861	128.45676240123066	135.80930898771678	NA	NA	NA	NA	NA	NA	NA	NA	7.1675
NA	2018-07-31T00:00:00Z	1D	29	20.9	2.5	18.3	19.5	17.5	NA	NA	2018	1D29	1	D				NA	flowering > dead_nf > dead_nf	flowering	dead_nf	dead_nf	FALSE	Reduction	Reduction	2018-04-29T21:00:00Z	119	2018-04-29T17:00:00Z	119	Normal	119	normal	2018-04-29T18:00:00Z	119	0	157	222	212	7.3525465864861	16.103381200615335	23.455927787101434	NA	NA	NA	NA	NA	NA	NA	NA	3.6075
NA	2018-07-31T00:00:00Z	2D	200	18.5	2.9	22.3	18.6	15.2	NA	NA	2018	2D200	2	D				NA	flowering > dead_nf > dead_nf	flowering	dead_nf	dead_nf	FALSE	Addition	Addition	2018-04-24T21:00:00Z	114	2018-04-25T05:00:00Z	114	Early	114	early	2018-04-24T18:00:00Z	119	-5	157	222	212	7.917959090348241	128.45676240123066	136.3747214915789	NA	NA	NA	NA	NA	NA	NA	NA	6.295
NA	2018-07-31T00:00:00Z	2D	206	23.1	2.9	20.5	22.9	21.7	NA	NA	2018	2D206	2	D				NA	flowering > dead_nf > dead_nf	flowering	dead_nf	dead_nf	FALSE	Addition	Addition	2018-04-24T21:00:00Z	114	2018-04-25T05:00:00Z	114	Early	114	early	2018-04-24T18:00:00Z	119	-5	157	222	212	7.917959090348241	128.45676240123066	136.3747214915789	NA	NA	NA	NA	NA	NA	NA	NA	6.295
NA	2018-07-31T00:00:00Z	3A	128	19.4	1.5	24.4	18.9	16.7	NA	NA	2018	3A128	3	A				NA	flowering > dead_nf > dead_nf	flowering	dead_nf	dead_nf	FALSE	Reduction	Reduction	2018-04-29T18:00:00Z	119	2018-04-28T22:00:00Z	118	Normal	119	normal	2018-04-29T18:00:00Z	119	0	157	222	212	7.3525465864861	16.103381200615335	23.455927787101434	NA	NA	NA	NA	NA	NA	NA	NA	2.6525
NA	2018-07-31T00:00:00Z	3C	127	29	4.3	27.3	29.1	26.7	NA	NA	2018	3C127	3	C				NA	flowering > dead_nf > dead_nf	flowering	dead_nf	dead_nf	FALSE	Addition	Addition	2018-04-29T18:00:00Z	119	2018-04-28T22:00:00Z	118	Normal	119	normal	2018-04-29T18:00:00Z	119	0	157	222	212	7.3525465864861	128.45676240123066	135.80930898771678	NA	NA	NA	NA	NA	NA	NA	NA	5.495
NA	2018-07-31T00:00:00Z	3C	163	24.6	3	25.5	25	20.4	NA	NA	2018	3C163	3	C				NA	flowering > dead_nf > dead_nf	flowering	dead_nf	dead_nf	FALSE	Addition	Addition	2018-04-29T18:00:00Z	119	2018-04-28T22:00:00Z	118	Normal	119	normal	2018-04-29T18:00:00Z	119	0	157	222	212	7.3525465864861	128.45676240123066	135.80930898771678	NA	NA	NA	NA	NA	NA	NA	NA	5.495
NA	2018-07-31T00:00:00Z	3D	255	12.5	2.7	19	11.7	11.1	NA	NA	2018	3D255	3	D				NA	flowering > dead_nf > dead_nf	flowering	dead_nf	dead_nf	FALSE	Control	Control	2018-04-29T18:00:00Z	119	2018-04-28T22:00:00Z	118	Normal	119	normal	2018-04-29T18:00:00Z	119	0	157	222	212	7.3525465864861	32.20676240123067	39.55930898771677	NA	NA	NA	NA	NA	NA	NA	NA	3.6725
NA	2018-07-31T00:00:00Z	3D	858	23.5	3	24	23.2	22.4	NA	NA	2018	3D858	3	D		census20		NA	flowering > dead_nf > dead_nf	flowering	dead_nf	dead_nf	FALSE	Control	Control	2018-04-29T18:00:00Z	119	2018-04-28T22:00:00Z	118	Normal	119	normal	2018-04-29T18:00:00Z	119	0	157	222	212	7.3525465864861	32.20676240123067	39.55930898771677	NA	NA	NA	NA	NA	NA	NA	NA	3.6725
NA	2018-07-31T00:00:00Z	4A	117	20.3	3.1	NA	22.3	18.3	NA	NA	2018	4A117	4	A		pheno20		NA	flowering > dead_nf > dead_nf	flowering	dead_nf	dead_nf	FALSE	Addition	Addition	NA	114	NA	114	Early	114	early	2018-04-24T18:00:00Z	119	-5	157	222	212	7.917959090348241	128.45676240123066	136.3747214915789	NA	NA	NA	NA	NA	NA	NA	NA	5.8500000000000005
NA	2018-07-31T00:00:00Z	4D	29	25.9	3.3	27.5	26.2	24	NA	NA	2018	4D29	4	D				NA	flowering > dead_nf > dead_nf	flowering	dead_nf	dead_nf	FALSE	Reduction	Reduction	NA	114	NA	114	Early	114	early	2018-04-24T18:00:00Z	119	-5	157	222	212	7.917959090348241	16.103381200615335	24.021340290963575	NA	NA	NA	NA	NA	NA	NA	NA	3.1750000000000003
NA	2018-07-31T00:00:00Z	4D	31	25.1	3.5	21.3	25.9	25.2	NA	NA	2018	4D31	4	D				NA	flowering > dead_nf > dead_nf	flowering	dead_nf	dead_nf	FALSE	Reduction	Reduction	NA	114	NA	114	Early	114	early	2018-04-24T18:00:00Z	119	-5	157	222	212	7.917959090348241	16.103381200615335	24.021340290963575	NA	NA	NA	NA	NA	NA	NA	NA	3.1750000000000003
NA	2018-07-31T00:00:00Z	5A	173	28.1	2.7	22.9	28.5	24.6	NA	NA	2018	5A173	5	A				NA	flowering > vegetative > dead_nf	flowering	vegetative	dead_nf	FALSE	Addition	Addition	2018-04-24T19:00:00Z	114	2018-04-24T19:00:00Z	114	Early	114	early	2018-04-24T18:00:00Z	119	-5	157	222	212	7.917959090348241	128.45676240123066	136.3747214915789	NA	NA	NA	NA	NA	NA	NA	NA	5.02
NA	2018-07-31T00:00:00Z	5A	175	26.9	3.5	21.8	26.6	22.8	NA	NA	2018	5A175	5	A				NA	flowering > dead_nf > dead_nf	flowering	dead_nf	dead_nf	FALSE	Addition	Addition	2018-04-24T19:00:00Z	114	2018-04-24T19:00:00Z	114	Early	114	early	2018-04-24T18:00:00Z	119	-5	157	222	212	7.917959090348241	128.45676240123066	136.3747214915789	NA	NA	NA	NA	NA	NA	NA	NA	5.02
NA	2018-07-31T00:00:00Z	5A	176	14.1	2.5	20.5	12.4	10.4	NA	NA	2018	5A176	5	A				NA	flowering > dead_nf > dead_nf	flowering	dead_nf	dead_nf	FALSE	Addition	Addition	2018-04-24T19:00:00Z	114	2018-04-24T19:00:00Z	114	Early	114	early	2018-04-24T18:00:00Z	119	-5	157	222	212	7.917959090348241	128.45676240123066	136.3747214915789	NA	NA	NA	NA	NA	NA	NA	NA	5.02
NA	2018-07-31T00:00:00Z	5A	180	22.8	2.9	23.2	21.8	20.6	NA	NA	2018	5A180	5	A				NA	flowering > vegetative > flowering	flowering	vegetative	flowering	FALSE	Addition	Addition	2018-04-24T19:00:00Z	114	2018-04-24T19:00:00Z	114	Early	114	early	2018-04-24T18:00:00Z	119	-5	157	222	212	7.917959090348241	128.45676240123066	136.3747214915789	NA	NA	NA	NA	NA	NA	NA	NA	5.02
NA	2018-07-31T00:00:00Z	5D	232	15.7	3.4	24.5	16.7	15.7	NA	NA	2018	5D232	5	D				NA	flowering > dead_nf > dead_nf	flowering	dead_nf	dead_nf	FALSE	Control	Control	2018-04-24T19:00:00Z	114	2018-04-24T19:00:00Z	114	Early	114	early	2018-04-24T18:00:00Z	119	-5	157	222	212	7.917959090348241	32.20676240123067	40.12472149157891	NA	NA	NA	NA	NA	NA	NA	NA	3.7725
NA	2018-07-31T00:00:00Z	5D	245	20.2	4	22.6	19.2	17.7	NA	NA	2018	5D245	5	D				NA	flowering > dead_nf > dead_nf	flowering	dead_nf	dead_nf	FALSE	Control	Control	2018-04-24T19:00:00Z	114	2018-04-24T19:00:00Z	114	Early	114	early	2018-04-24T18:00:00Z	119	-5	157	222	212	7.917959090348241	32.20676240123067	40.12472149157891	NA	NA	NA	NA	NA	NA	NA	NA	3.7725
NA	2018-07-31T00:00:00Z	6B	25	18.3	2	16.5	16.5	16.3	NA	NA	2018	6B25	6	B				NA	flowering > dead_nf > dead_nf	flowering	dead_nf	dead_nf	FALSE	Reduction	Reduction	2018-04-29T19:00:00Z	119	2018-04-29T19:00:00Z	119	Normal	119	normal	2018-04-29T18:00:00Z	119	0	157	222	212	7.3525465864861	16.103381200615335	23.455927787101434	NA	NA	NA	NA	NA	NA	NA	NA	2.9975
NA	2018-07-31T00:00:00Z	6B	34	19.3	2.4	23.4	19.1	17.2	NA	NA	2018	6B34	6	B				NA	flowering > dead_nf > dead_nf	flowering	dead_nf	dead_nf	FALSE	Reduction	Reduction	2018-04-29T19:00:00Z	119	2018-04-29T19:00:00Z	119	Normal	119	normal	2018-04-29T18:00:00Z	119	0	157	222	212	7.3525465864861	16.103381200615335	23.455927787101434	NA	NA	NA	NA	NA	NA	NA	NA	2.9975
NA	2018-07-31T00:00:00Z	6C	102	23.1	2.3	22.3	23.8	20.8	NA	NA	2018	6C102	6	C				NA	flowering > dead_nf > dead_nf	flowering	dead_nf	dead_nf	FALSE	Control	Mock rainout	2018-04-29T19:00:00Z	119	2018-04-29T19:00:00Z	119	Normal	119	normal	2018-04-29T18:00:00Z	119	0	157	222	212	7.3525465864861	32.20676240123067	39.55930898771677	NA	NA	NA	NA	NA	NA	NA	NA	3.9375
NA	2018-07-31T00:00:00Z	6C	82	20.4	2.3	22.2	19.9	17.4	NA	NA	2018	6C82	6	C		census20 leaf20 licor20		NA	flowering > dead_nf > dead_nf	flowering	dead_nf	dead_nf	FALSE	Control	Mock rainout	2018-04-29T19:00:00Z	119	2018-04-29T19:00:00Z	119	Normal	119	normal	2018-04-29T18:00:00Z	119	0	157	222	212	7.3525465864861	32.20676240123067	39.55930898771677	NA	NA	NA	NA	NA	NA	NA	NA	3.9375
NA	2018-07-31T00:00:00Z	6C	87	17.6	1.8	18.6	17.6	16.9	NA	NA	2018	6C87	6	C				NA	flowering > dead_nf > dead_nf	flowering	dead_nf	dead_nf	FALSE	Control	Mock rainout	2018-04-29T19:00:00Z	119	2018-04-29T19:00:00Z	119	Normal	119	normal	2018-04-29T18:00:00Z	119	0	157	222	212	7.3525465864861	32.20676240123067	39.55930898771677	NA	NA	NA	NA	NA	NA	NA	NA	3.9375
NA	2018-07-31T00:00:00Z	6D	38	26.6	3.4	NA	27	23.6	NA	NA	2018	6D38	6	D				NA	flowering > dead_nf > dead_nf	flowering	dead_nf	dead_nf	FALSE	Addition	Addition	2018-04-29T19:00:00Z	119	2018-04-29T19:00:00Z	119	Normal	119	normal	2018-04-29T18:00:00Z	119	0	157	222	212	7.3525465864861	128.45676240123066	135.80930898771678	NA	NA	NA	NA	NA	NA	NA	NA	6.1325
NA	2019-07-15T00:00:00Z	4A	123	22.9	4.3	22.2	24.2	19.9	1.4	NA	2019	4A123	4	A				NA	vegetative > flowering > dead_nf	vegetative	flowering	dead_nf	FALSE	Addition	Addition	2019-05-27T22:00:00Z	147	2019-05-26T18:00:00Z	146	Early	147	early	2019-05-27T18:00:00Z	157.75	-10.75	175	227	219	21.750493375436122	103.20513324528179	124.95562662071791	NA	NA	NA	NA	NA	NA	NA	NA	4.335
NA	2019-07-15T00:00:00Z	4C	109	24.9	3.7	16.6	23.9	20.9	1.7	NA	2019	4C109	4	C				NA	vegetative > flowering > dead_nf	vegetative	flowering	dead_nf	FALSE	Control	Control	2019-05-27T22:00:00Z	147	2019-05-26T18:00:00Z	146	Early	147	early	2019-05-27T18:00:00Z	157.75	-10.75	175	227	219	21.750493375436122	26.20513324528178	47.9556266207179	NA	NA	NA	NA	NA	NA	NA	NA	3.5275
NA	2019-07-15T00:00:00Z	4D	61	28.1	3.4	31.2	27.7	24.5	1.4	NA	2019	4D61	4	D				NA	vegetative > flowering > dead_nf	vegetative	flowering	dead_nf	FALSE	Reduction	Reduction	2019-05-27T22:00:00Z	147	2019-05-26T18:00:00Z	146	Early	147	early	2019-05-27T18:00:00Z	157.75	-10.75	175	227	219	21.750493375436122	13.10256662264089	34.853059998077015	NA	NA	NA	NA	NA	NA	NA	NA	3.8274999999999997
NA	2019-07-15T00:00:00Z	5D	261	26	3	23.9	25.5	22.4	0.9	NA	2019	5D261	5	D				NA	vegetative > flowering > dead_nf	vegetative	flowering	dead_nf	FALSE	Control	Control	2019-06-04T15:00:00Z	155	2019-06-03T17:00:00Z	154	Early	155	early	2019-06-04T18:00:00Z	157.75	-2.75	175	227	219	18.73496002150471	26.20513324528178	44.94009326678649	NA	NA	NA	NA	NA	NA	NA	NA	3.6275000000000004
NA	2019-07-15T00:00:00Z	5D	262	23.5	4	25.1	23.7	21.5	1.7	NA	2019	5D262	5	D				NA	vegetative > flowering > dead_nf	vegetative	flowering	dead_nf	FALSE	Control	Control	2019-06-04T15:00:00Z	155	2019-06-03T17:00:00Z	154	Early	155	early	2019-06-04T18:00:00Z	157.75	-2.75	175	227	219	18.73496002150471	26.20513324528178	44.94009326678649	NA	NA	NA	NA	NA	NA	NA	NA	3.6275000000000004
NA	2019-07-15T00:00:00Z	5D	262	27	4	26.1	23	21.6	1.6	NA	2019	5D262	5	D				NA	vegetative > flowering > dead_nf	vegetative	flowering	dead_nf	FALSE	Control	Control	2019-06-04T15:00:00Z	155	2019-06-03T17:00:00Z	154	Early	155	early	2019-06-04T18:00:00Z	157.75	-2.75	175	227	219	18.73496002150471	26.20513324528178	44.94009326678649	NA	NA	NA	NA	NA	NA	NA	NA	3.6275000000000004
NA	2019-07-15T00:00:00Z	6D	40	21.8	3.9	26.7	23.4	19.5	1.9	NA	2019	6D40	6	D		pheno18		NA	vegetative > flowering > dead_nf	vegetative	flowering	dead_nf	FALSE	Addition	Addition	2019-06-05T19:00:00Z	156	2019-06-05T17:00:00Z	156	Normal	156	normal	2019-06-05T18:00:00Z	157.75	-1.75	175	227	219	18.420841963803518	103.20513324528179	121.62597520908531	NA	NA	NA	NA	NA	NA	NA	NA	5.4175
NA	2019-07-17T00:00:00Z	1C	47	21.6	3.5	27	23.4	20.8	1.4	NA	2019	1C47	1	C				NA	vegetative > flowering > dead_nf	vegetative	flowering	dead_nf	FALSE	Control	Mock rainout	2019-06-06T17:00:00Z	157	2019-06-06T15:00:00Z	157	Normal	157	normal	2019-06-06T18:00:00Z	157.75	-0.75	175	227	219	18.420841963803518	26.20513324528178	44.6259752090853	NA	NA	NA	NA	NA	NA	NA	NA	5.485714285714286
NA	2019-07-17T00:00:00Z	1C	47	23	3.8	27.5	22.5	20.6	0.8	NA	2019	1C47	1	C				NA	vegetative > flowering > dead_nf	vegetative	flowering	dead_nf	FALSE	Control	Mock rainout	2019-06-06T17:00:00Z	157	2019-06-06T15:00:00Z	157	Normal	157	normal	2019-06-06T18:00:00Z	157.75	-0.75	175	227	219	18.420841963803518	26.20513324528178	44.6259752090853	NA	NA	NA	NA	NA	NA	NA	NA	5.485714285714286
NA	2019-07-17T00:00:00Z	2D	211	26.2	5	29.8	25.5	22.5	1.3	NA	2019	2D211	2	D				NA	vegetative > flowering > vegetative	vegetative	flowering	vegetative	FALSE	Addition	Addition	2019-06-09T15:00:00Z	160	2019-06-08T20:00:00Z	159	Normal	160	normal	2019-06-09T18:00:00Z	157.75	2.25	175	227	219	18.420841963803518	103.20513324528179	121.62597520908531	NA	NA	NA	NA	NA	NA	NA	NA	6.6425
NA	2019-07-17T00:00:00Z	4A	89	22.7	4	27.4	24	20.5	1	NA	2019	4A89	4	A				NA	vegetative > flowering > dead_nf	vegetative	flowering	dead_nf	FALSE	Addition	Addition	2019-05-27T22:00:00Z	147	2019-05-26T18:00:00Z	146	Early	147	early	2019-05-27T18:00:00Z	157.75	-10.75	175	227	219	21.750493375436122	103.20513324528179	124.95562662071791	NA	NA	NA	NA	NA	NA	NA	NA	4.335
NA	2019-07-17T00:00:00Z	4C	109	21	3	23.2	20.3	18.2	1.4	NA	2019	4C109	4	C				NA	vegetative > flowering > dead_nf	vegetative	flowering	dead_nf	FALSE	Control	Control	2019-05-27T22:00:00Z	147	2019-05-26T18:00:00Z	146	Early	147	early	2019-05-27T18:00:00Z	157.75	-10.75	175	227	219	21.750493375436122	26.20513324528178	47.9556266207179	NA	NA	NA	NA	NA	NA	NA	NA	3.5275
NA	2019-07-17T00:00:00Z	4C	123_19	25	2.5	25.5	24	19.8	1	NA	2019	4C123_19	4	C		floral19		NA	vegetative > vegetative > vegetative	vegetative	vegetative	vegetative	TRUE	Control	Control	2019-05-27T22:00:00Z	147	2019-05-26T18:00:00Z	146	Early	147	early	2019-05-27T18:00:00Z	157.75	-10.75	175	227	219	21.750493375436122	26.20513324528178	47.9556266207179	NA	NA	NA	NA	NA	NA	NA	NA	3.5275
NA	2019-07-17T00:00:00Z	5B	1	24	3	28.2	23	22	1	NA	2019	5B1	5	B		pheno18		NA	vegetative > flowering > dead_nf	vegetative	flowering	dead_nf	FALSE	Control	Mock rainout	2019-06-04T15:00:00Z	155	2019-06-03T17:00:00Z	154	Early	155	early	2019-06-04T18:00:00Z	157.75	-2.75	175	227	219	18.73496002150471	26.20513324528178	44.94009326678649	NA	NA	NA	NA	NA	NA	NA	NA	3.5500000000000003
NA	2019-07-17T00:00:00Z	5D	264	28.7	3	28.2	25	22.7	0.9	NA	2019	5D264	5	D				NA	vegetative > flowering > dead_nf	vegetative	flowering	dead_nf	FALSE	Control	Control	2019-06-04T15:00:00Z	155	2019-06-03T17:00:00Z	154	Early	155	early	2019-06-04T18:00:00Z	157.75	-2.75	175	227	219	18.73496002150471	26.20513324528178	44.94009326678649	NA	NA	NA	NA	NA	NA	NA	NA	3.6275000000000004
NA	2019-07-17T00:00:00Z	5D	272	26.6	3.2	29.1	24.5	22	1.6	NA	2019	5D272	5	D				NA	vegetative > flowering > dead_nf	vegetative	flowering	dead_nf	FALSE	Control	Control	2019-06-04T15:00:00Z	155	2019-06-03T17:00:00Z	154	Early	155	early	2019-06-04T18:00:00Z	157.75	-2.75	175	227	219	18.73496002150471	26.20513324528178	44.94009326678649	NA	NA	NA	NA	NA	NA	NA	NA	3.6275000000000004
NA	2019-07-17T00:00:00Z	5D	282	24	3.4	25.8	24.5	22	1.4	NA	2019	5D282	5	D				NA	vegetative > flowering > dead_nf	vegetative	flowering	dead_nf	FALSE	Control	Control	2019-06-04T15:00:00Z	155	2019-06-03T17:00:00Z	154	Early	155	early	2019-06-04T18:00:00Z	157.75	-2.75	175	227	219	18.73496002150471	26.20513324528178	44.94009326678649	NA	NA	NA	NA	NA	NA	NA	NA	3.6275000000000004
NA	2019-07-17T00:00:00Z	5D	288	23.5	3.8	26.7	24.8	23	1.8	NA	2019	5D288	5	D		census20		NA	vegetative > flowering > dead_nf	vegetative	flowering	dead_nf	FALSE	Control	Control	2019-06-04T15:00:00Z	155	2019-06-03T17:00:00Z	154	Early	155	early	2019-06-04T18:00:00Z	157.75	-2.75	175	227	219	18.73496002150471	26.20513324528178	44.94009326678649	NA	NA	NA	NA	NA	NA	NA	NA	3.6275000000000004
NA	2019-07-17T00:00:00Z	6B	29	24.4	2.7	28	25	23	0.9	NA	2019	6B29	6	B		seeds18		NA	vegetative > flowering > dead_nf	vegetative	flowering	dead_nf	FALSE	Reduction	Reduction	2019-06-05T19:00:00Z	156	2019-06-05T17:00:00Z	156	Normal	156	normal	2019-06-05T18:00:00Z	157.75	-1.75	175	227	219	18.420841963803518	13.10256662264089	31.523408586444408	NA	NA	NA	NA	NA	NA	NA	NA	3.89
NA	2019-07-19T00:00:00Z	1A	239	24.4	2.7	21.6	24.2	22.5	1.6	NA	2019	1A239	1	A				NA	vegetative > flowering > dead_nf	vegetative	flowering	dead_nf	FALSE	Addition	Addition	2019-06-06T17:00:00Z	157	2019-06-06T15:00:00Z	157	Normal	157	normal	2019-06-06T18:00:00Z	157.75	-0.75	175	227	219	18.420841963803518	103.20513324528179	121.62597520908531	NA	NA	NA	NA	NA	NA	NA	NA	6.9775
NA	2019-07-19T00:00:00Z	1B	684	25	3.6	24.5	24.8	22	1.8	NA	2019	1B684	1	B				NA	vegetative > flowering > vegetative	vegetative	flowering	vegetative	FALSE	Control	Control	2019-06-06T17:00:00Z	157	2019-06-06T15:00:00Z	157	Normal	157	normal	2019-06-06T18:00:00Z	157.75	-0.75	175	227	219	18.420841963803518	26.20513324528178	44.6259752090853	NA	NA	NA	NA	NA	NA	NA	NA	5.908571428571428
NA	2019-07-19T00:00:00Z	1B	684	28.1	3.5	28.1	29	24.3	1.7	NA	2019	1B684	1	B				NA	vegetative > flowering > vegetative	vegetative	flowering	vegetative	FALSE	Control	Control	2019-06-06T17:00:00Z	157	2019-06-06T15:00:00Z	157	Normal	157	normal	2019-06-06T18:00:00Z	157.75	-0.75	175	227	219	18.420841963803518	26.20513324528178	44.6259752090853	NA	NA	NA	NA	NA	NA	NA	NA	5.908571428571428
NA	2019-07-19T00:00:00Z	1C	43	20.1	4.2	21.5	25.3	21.9	1.5	NA	2019	1C43	1	C				NA	vegetative > flowering > dead_nf	vegetative	flowering	dead_nf	FALSE	Control	Mock rainout	2019-06-06T17:00:00Z	157	2019-06-06T15:00:00Z	157	Normal	157	normal	2019-06-06T18:00:00Z	157.75	-0.75	175	227	219	18.420841963803518	26.20513324528178	44.6259752090853	NA	NA	NA	NA	NA	NA	NA	NA	5.485714285714286
NA	2019-07-19T00:00:00Z	1C	43	21.2	4	22.6	22.6	19.7	1.7	NA	2019	1C43	1	C				NA	vegetative > flowering > dead_nf	vegetative	flowering	dead_nf	FALSE	Control	Mock rainout	2019-06-06T17:00:00Z	157	2019-06-06T15:00:00Z	157	Normal	157	normal	2019-06-06T18:00:00Z	157.75	-0.75	175	227	219	18.420841963803518	26.20513324528178	44.6259752090853	NA	NA	NA	NA	NA	NA	NA	NA	5.485714285714286
NA	2019-07-19T00:00:00Z	1C	47	25.9	3.7	28.7	27.1	24.5	1.8	NA	2019	1C47	1	C				NA	vegetative > flowering > dead_nf	vegetative	flowering	dead_nf	FALSE	Control	Mock rainout	2019-06-06T17:00:00Z	157	2019-06-06T15:00:00Z	157	Normal	157	normal	2019-06-06T18:00:00Z	157.75	-0.75	175	227	219	18.420841963803518	26.20513324528178	44.6259752090853	NA	NA	NA	NA	NA	NA	NA	NA	5.485714285714286
NA	2019-07-19T00:00:00Z	2B	200	27.1	3.3	29.3	27	23.6	1.7	NA	2019	2B200	2	B				NA	vegetative > flowering > dead_nf	vegetative	flowering	dead_nf	FALSE	Control	Mock rainout	2019-06-09T15:00:00Z	160	2019-06-08T20:00:00Z	159	Normal	160	normal	2019-06-09T18:00:00Z	157.75	2.25	175	227	219	18.420841963803518	26.20513324528178	44.6259752090853	NA	NA	NA	NA	NA	NA	NA	NA	5.22
NA	2019-07-19T00:00:00Z	2B	201	24.2	3.6	27.5	25.7	23.9	1.9	NA	2019	2B201	2	B				NA	vegetative > flowering > dead_nf	vegetative	flowering	dead_nf	FALSE	Control	Mock rainout	2019-06-09T15:00:00Z	160	2019-06-08T20:00:00Z	159	Normal	160	normal	2019-06-09T18:00:00Z	157.75	2.25	175	227	219	18.420841963803518	26.20513324528178	44.6259752090853	NA	NA	NA	NA	NA	NA	NA	NA	5.22
NA	2019-07-19T00:00:00Z	2B	84	22.1	3.8	20.6	21.2	19.4	1.7	NA	2019	2B84	2	B				NA	vegetative > flowering > flowering	vegetative	flowering	flowering	FALSE	Control	Mock rainout	2019-06-09T15:00:00Z	160	2019-06-08T20:00:00Z	159	Normal	160	normal	2019-06-09T18:00:00Z	157.75	2.25	175	227	219	18.420841963803518	26.20513324528178	44.6259752090853	NA	NA	NA	NA	NA	NA	NA	NA	5.22
NA	2019-07-19T00:00:00Z	2B	92	26.9	3.5	23.6	27	22.8	1.8	NA	2019	2B92	2	B				NA	vegetative > flowering > flowering	vegetative	flowering	flowering	FALSE	Control	Mock rainout	2019-06-09T15:00:00Z	160	2019-06-08T20:00:00Z	159	Normal	160	normal	2019-06-09T18:00:00Z	157.75	2.25	175	227	219	18.420841963803518	26.20513324528178	44.6259752090853	NA	NA	NA	NA	NA	NA	NA	NA	5.22
NA	2019-07-19T00:00:00Z	2C	202	23.2	3.3	21.6	23.1	20.8	1.7	NA	2019	2C202	2	C				NA	vegetative > flowering > vegetative	vegetative	flowering	vegetative	FALSE	Reduction	Reduction	2019-06-09T15:00:00Z	160	2019-06-08T20:00:00Z	159	Normal	160	normal	2019-06-09T18:00:00Z	157.75	2.25	175	227	219	18.420841963803518	13.10256662264089	31.523408586444408	NA	NA	NA	NA	NA	NA	NA	NA	5.1775
NA	2019-07-19T00:00:00Z	2D	211	23.5	4.1	25.5	23.8	22	2	NA	2019	2D211	2	D				NA	vegetative > flowering > vegetative	vegetative	flowering	vegetative	FALSE	Addition	Addition	2019-06-09T15:00:00Z	160	2019-06-08T20:00:00Z	159	Normal	160	normal	2019-06-09T18:00:00Z	157.75	2.25	175	227	219	18.420841963803518	103.20513324528179	121.62597520908531	NA	NA	NA	NA	NA	NA	NA	NA	6.6425
NA	2019-07-19T00:00:00Z	2D	221	22.6	3.8	25	25	22	1.7	NA	2019	2D221	2	D				NA	vegetative > flowering > dead_nf	vegetative	flowering	dead_nf	FALSE	Addition	Addition	2019-06-09T15:00:00Z	160	2019-06-08T20:00:00Z	159	Normal	160	normal	2019-06-09T18:00:00Z	157.75	2.25	175	227	219	18.420841963803518	103.20513324528179	121.62597520908531	NA	NA	NA	NA	NA	NA	NA	NA	6.6425
NA	2019-07-19T00:00:00Z	3B	686	24.2	3.3	21.7	22.7	21.3	2.2	NA	2019	3B686	3	B				NA	vegetative > flowering > dead_nf	vegetative	flowering	dead_nf	FALSE	Control	Mock rainout	2019-06-07T14:00:00Z	158	2019-06-06T19:00:00Z	157	Normal	158	normal	2019-06-07T18:00:00Z	157.75	0.25	175	227	219	18.420841963803518	26.20513324528178	44.6259752090853	NA	NA	NA	NA	NA	NA	NA	NA	4.6325
NA	2019-07-19T00:00:00Z	4A	89	24.5	3.8	26.2	24.3	20.4	2.1	NA	2019	4A89	4	A				NA	vegetative > flowering > dead_nf	vegetative	flowering	dead_nf	FALSE	Addition	Addition	2019-05-27T22:00:00Z	147	2019-05-26T18:00:00Z	146	Early	147	early	2019-05-27T18:00:00Z	157.75	-10.75	175	227	219	21.750493375436122	103.20513324528179	124.95562662071791	NA	NA	NA	NA	NA	NA	NA	NA	4.335
NA	2019-07-19T00:00:00Z	4B	168	15.5	3.7	21	15.5	13.9	1.4	NA	2019	4B168	4	B		census20		NA	vegetative > flowering > dead_nf	vegetative	flowering	dead_nf	FALSE	Control	Mock rainout	2019-05-27T22:00:00Z	147	2019-05-26T18:00:00Z	146	Early	147	early	2019-05-27T18:00:00Z	157.75	-10.75	175	227	219	21.750493375436122	26.20513324528178	47.9556266207179	NA	NA	NA	NA	NA	NA	NA	NA	3.6175
NA	2019-07-19T00:00:00Z	4B	168	26.1	3.2	23.5	24.8	21.7	1.9	NA	2019	4B168	4	B		census20		NA	vegetative > flowering > dead_nf	vegetative	flowering	dead_nf	FALSE	Control	Mock rainout	2019-05-27T22:00:00Z	147	2019-05-26T18:00:00Z	146	Early	147	early	2019-05-27T18:00:00Z	157.75	-10.75	175	227	219	21.750493375436122	26.20513324528178	47.9556266207179	NA	NA	NA	NA	NA	NA	NA	NA	3.6175
NA	2019-07-19T00:00:00Z	4B	173	27.9	3.9	28.1	27.7	25.1	2.5	NA	2019	4B173	4	B				NA	vegetative > flowering > dead_nf	vegetative	flowering	dead_nf	FALSE	Control	Mock rainout	2019-05-27T22:00:00Z	147	2019-05-26T18:00:00Z	146	Early	147	early	2019-05-27T18:00:00Z	157.75	-10.75	175	227	219	21.750493375436122	26.20513324528178	47.9556266207179	NA	NA	NA	NA	NA	NA	NA	NA	3.6175
NA	2019-07-19T00:00:00Z	4B	173	27.9	3.8	28.2	28.5	26.6	1.5	NA	2019	4B173	4	B				NA	vegetative > flowering > dead_nf	vegetative	flowering	dead_nf	FALSE	Control	Mock rainout	2019-05-27T22:00:00Z	147	2019-05-26T18:00:00Z	146	Early	147	early	2019-05-27T18:00:00Z	157.75	-10.75	175	227	219	21.750493375436122	26.20513324528178	47.9556266207179	NA	NA	NA	NA	NA	NA	NA	NA	3.6175
NA	2019-07-19T00:00:00Z	4C	109	24.2	3.5	21.5	22.9	20.5	1.2	NA	2019	4C109	4	C				NA	vegetative > flowering > dead_nf	vegetative	flowering	dead_nf	FALSE	Control	Control	2019-05-27T22:00:00Z	147	2019-05-26T18:00:00Z	146	Early	147	early	2019-05-27T18:00:00Z	157.75	-10.75	175	227	219	21.750493375436122	26.20513324528178	47.9556266207179	NA	NA	NA	NA	NA	NA	NA	NA	3.5275
NA	2019-07-19T00:00:00Z	4C	199	25.6	3.5	27.7	26.5	23.4	1.6	NA	2019	4C199	4	C				NA	vegetative > flowering > dead_nf	vegetative	flowering	dead_nf	FALSE	Control	Control	2019-05-27T22:00:00Z	147	2019-05-26T18:00:00Z	146	Early	147	early	2019-05-27T18:00:00Z	157.75	-10.75	175	227	219	21.750493375436122	26.20513324528178	47.9556266207179	NA	NA	NA	NA	NA	NA	NA	NA	3.5275
NA	2019-07-19T00:00:00Z	4D	43	24.8	3.7	23.9	26.4	22.9	1.9	NA	2019	4D43	4	D				NA	vegetative > flowering > vegetative	vegetative	flowering	vegetative	FALSE	Reduction	Reduction	2019-05-27T22:00:00Z	147	2019-05-26T18:00:00Z	146	Early	147	early	2019-05-27T18:00:00Z	157.75	-10.75	175	227	219	21.750493375436122	13.10256662264089	34.853059998077015	NA	NA	NA	NA	NA	NA	NA	NA	3.8274999999999997
NA	2019-07-19T00:00:00Z	4D	43	26.4	4	26.3	26.9	24.5	1.8	NA	2019	4D43	4	D				NA	vegetative > flowering > vegetative	vegetative	flowering	vegetative	FALSE	Reduction	Reduction	2019-05-27T22:00:00Z	147	2019-05-26T18:00:00Z	146	Early	147	early	2019-05-27T18:00:00Z	157.75	-10.75	175	227	219	21.750493375436122	13.10256662264089	34.853059998077015	NA	NA	NA	NA	NA	NA	NA	NA	3.8274999999999997
NA	2019-07-19T00:00:00Z	4D	60	27.6	2.5	27.7	27.5	24.7	1.7	NA	2019	4D60	4	D				NA	vegetative > flowering > dead_nf	vegetative	flowering	dead_nf	FALSE	Reduction	Reduction	2019-05-27T22:00:00Z	147	2019-05-26T18:00:00Z	146	Early	147	early	2019-05-27T18:00:00Z	157.75	-10.75	175	227	219	21.750493375436122	13.10256662264089	34.853059998077015	NA	NA	NA	NA	NA	NA	NA	NA	3.8274999999999997
NA	2019-07-19T00:00:00Z	4D	60	30	3	29.1	28.8	25.9	1.9	NA	2019	4D60	4	D				NA	vegetative > flowering > dead_nf	vegetative	flowering	dead_nf	FALSE	Reduction	Reduction	2019-05-27T22:00:00Z	147	2019-05-26T18:00:00Z	146	Early	147	early	2019-05-27T18:00:00Z	157.75	-10.75	175	227	219	21.750493375436122	13.10256662264089	34.853059998077015	NA	NA	NA	NA	NA	NA	NA	NA	3.8274999999999997
NA	2019-07-19T00:00:00Z	4D	61	23.7	3	26.2	24.5	22.6	1.4	NA	2019	4D61	4	D				NA	vegetative > flowering > dead_nf	vegetative	flowering	dead_nf	FALSE	Reduction	Reduction	2019-05-27T22:00:00Z	147	2019-05-26T18:00:00Z	146	Early	147	early	2019-05-27T18:00:00Z	157.75	-10.75	175	227	219	21.750493375436122	13.10256662264089	34.853059998077015	NA	NA	NA	NA	NA	NA	NA	NA	3.8274999999999997
NA	2019-07-19T00:00:00Z	4D	61	25.5	3.4	26.6	26.6	24.8	1.5	NA	2019	4D61	4	D				NA	vegetative > flowering > dead_nf	vegetative	flowering	dead_nf	FALSE	Reduction	Reduction	2019-05-27T22:00:00Z	147	2019-05-26T18:00:00Z	146	Early	147	early	2019-05-27T18:00:00Z	157.75	-10.75	175	227	219	21.750493375436122	13.10256662264089	34.853059998077015	NA	NA	NA	NA	NA	NA	NA	NA	3.8274999999999997
NA	2019-07-19T00:00:00Z	4D	62	19	3.4	22.8	21.1	18.3	1.4	NA	2019	4D62	4	D				NA	vegetative > flowering > dead_nf	vegetative	flowering	dead_nf	FALSE	Reduction	Reduction	2019-05-27T22:00:00Z	147	2019-05-26T18:00:00Z	146	Early	147	early	2019-05-27T18:00:00Z	157.75	-10.75	175	227	219	21.750493375436122	13.10256662264089	34.853059998077015	NA	NA	NA	NA	NA	NA	NA	NA	3.8274999999999997
NA	2019-07-19T00:00:00Z	4D	62	22.5	3.2	22.3	23.2	18.9	1.3	NA	2019	4D62	4	D				NA	vegetative > flowering > dead_nf	vegetative	flowering	dead_nf	FALSE	Reduction	Reduction	2019-05-27T22:00:00Z	147	2019-05-26T18:00:00Z	146	Early	147	early	2019-05-27T18:00:00Z	157.75	-10.75	175	227	219	21.750493375436122	13.10256662264089	34.853059998077015	NA	NA	NA	NA	NA	NA	NA	NA	3.8274999999999997
NA	2019-07-19T00:00:00Z	5B	1	25.9	3.7	28	25	23	1.4	NA	2019	5B1	5	B		pheno18		NA	vegetative > flowering > dead_nf	vegetative	flowering	dead_nf	FALSE	Control	Mock rainout	2019-06-04T15:00:00Z	155	2019-06-03T17:00:00Z	154	Early	155	early	2019-06-04T18:00:00Z	157.75	-2.75	175	227	219	18.73496002150471	26.20513324528178	44.94009326678649	NA	NA	NA	NA	NA	NA	NA	NA	3.5500000000000003
NA	2019-07-19T00:00:00Z	5B	17	26.9	3.5	25.2	25	24.1	1	NA	2019	5B17	5	B				NA	vegetative > flowering > dead_nf	vegetative	flowering	dead_nf	FALSE	Control	Mock rainout	2019-06-04T15:00:00Z	155	2019-06-03T17:00:00Z	154	Early	155	early	2019-06-04T18:00:00Z	157.75	-2.75	175	227	219	18.73496002150471	26.20513324528178	44.94009326678649	NA	NA	NA	NA	NA	NA	NA	NA	3.5500000000000003
NA	2019-07-19T00:00:00Z	5B	26	24	3.5	24.2	23.5	21.3	1.1	NA	2019	5B26	5	B		pheno19		NA	vegetative > flowering > dead_nf	vegetative	flowering	dead_nf	FALSE	Control	Mock rainout	2019-06-04T15:00:00Z	155	2019-06-03T17:00:00Z	154	Early	155	early	2019-06-04T18:00:00Z	157.75	-2.75	175	227	219	18.73496002150471	26.20513324528178	44.94009326678649	NA	NA	NA	NA	NA	NA	NA	NA	3.5500000000000003
NA	2019-07-19T00:00:00Z	5C	201	24.3	2.9	28.5	25.3	22.4	2	NA	2019	5C201	5	C				NA	vegetative > flowering > dead_nf	vegetative	flowering	dead_nf	FALSE	Reduction	Reduction	2019-06-04T15:00:00Z	155	2019-06-03T17:00:00Z	154	Early	155	early	2019-06-04T18:00:00Z	157.75	-2.75	175	227	219	18.73496002150471	13.10256662264089	31.837526644145598	NA	NA	NA	NA	NA	NA	NA	NA	3.26
NA	2019-07-19T00:00:00Z	5C	214	29.6	3.8	28.2	29	26	1.5	NA	2019	5C214	5	C				NA	vegetative > flowering > dead_nf	vegetative	flowering	dead_nf	FALSE	Reduction	Reduction	2019-06-04T15:00:00Z	155	2019-06-03T17:00:00Z	154	Early	155	early	2019-06-04T18:00:00Z	157.75	-2.75	175	227	219	18.73496002150471	13.10256662264089	31.837526644145598	NA	NA	NA	NA	NA	NA	NA	NA	3.26
NA	2019-07-19T00:00:00Z	5C	217	28.4	3.8	28.7	28	25	1.6	NA	2019	5C217	5	C				NA	vegetative > flowering > flowering	vegetative	flowering	flowering	FALSE	Reduction	Reduction	2019-06-04T15:00:00Z	155	2019-06-03T17:00:00Z	154	Early	155	early	2019-06-04T18:00:00Z	157.75	-2.75	175	227	219	18.73496002150471	13.10256662264089	31.837526644145598	NA	NA	NA	NA	NA	NA	NA	NA	3.26
NA	2019-07-19T00:00:00Z	5D	239	26.1	2.9	27.5	25.9	24.3	1.3	NA	2019	5D239	5	D				NA	vegetative > flowering > dead_nf	vegetative	flowering	dead_nf	FALSE	Control	Control	2019-06-04T15:00:00Z	155	2019-06-03T17:00:00Z	154	Early	155	early	2019-06-04T18:00:00Z	157.75	-2.75	175	227	219	18.73496002150471	26.20513324528178	44.94009326678649	NA	NA	NA	NA	NA	NA	NA	NA	3.6275000000000004
NA	2019-07-19T00:00:00Z	5D	239	27.2	3	26.5	27	24.2	1.3	NA	2019	5D239	5	D				NA	vegetative > flowering > dead_nf	vegetative	flowering	dead_nf	FALSE	Control	Control	2019-06-04T15:00:00Z	155	2019-06-03T17:00:00Z	154	Early	155	early	2019-06-04T18:00:00Z	157.75	-2.75	175	227	219	18.73496002150471	26.20513324528178	44.94009326678649	NA	NA	NA	NA	NA	NA	NA	NA	3.6275000000000004
NA	2019-07-19T00:00:00Z	5D	246	22.8	3	30	25.8	21.4	1.8	NA	2019	5D246	5	D				NA	vegetative > flowering > dead_nf	vegetative	flowering	dead_nf	FALSE	Control	Control	2019-06-04T15:00:00Z	155	2019-06-03T17:00:00Z	154	Early	155	early	2019-06-04T18:00:00Z	157.75	-2.75	175	227	219	18.73496002150471	26.20513324528178	44.94009326678649	NA	NA	NA	NA	NA	NA	NA	NA	3.6275000000000004
NA	2019-07-19T00:00:00Z	5D	249	23.2	3.7	24	24.7	20.9	1.9	NA	2019	5D249	5	D				NA	vegetative > flowering > dead_nf	vegetative	flowering	dead_nf	FALSE	Control	Control	2019-06-04T15:00:00Z	155	2019-06-03T17:00:00Z	154	Early	155	early	2019-06-04T18:00:00Z	157.75	-2.75	175	227	219	18.73496002150471	26.20513324528178	44.94009326678649	NA	NA	NA	NA	NA	NA	NA	NA	3.6275000000000004
NA	2019-07-19T00:00:00Z	5D	249	26	3	25	25.5	21.3	1.7	NA	2019	5D249	5	D				NA	vegetative > flowering > dead_nf	vegetative	flowering	dead_nf	FALSE	Control	Control	2019-06-04T15:00:00Z	155	2019-06-03T17:00:00Z	154	Early	155	early	2019-06-04T18:00:00Z	157.75	-2.75	175	227	219	18.73496002150471	26.20513324528178	44.94009326678649	NA	NA	NA	NA	NA	NA	NA	NA	3.6275000000000004
NA	2019-07-19T00:00:00Z	5D	261	27.6	3	23	25.5	23	1.9	NA	2019	5D261	5	D				NA	vegetative > flowering > dead_nf	vegetative	flowering	dead_nf	FALSE	Control	Control	2019-06-04T15:00:00Z	155	2019-06-03T17:00:00Z	154	Early	155	early	2019-06-04T18:00:00Z	157.75	-2.75	175	227	219	18.73496002150471	26.20513324528178	44.94009326678649	NA	NA	NA	NA	NA	NA	NA	NA	3.6275000000000004
NA	2019-07-19T00:00:00Z	5D	264	28	3.5	27.7	26.7	20.4	0.9	NA	2019	5D264	5	D				NA	vegetative > flowering > dead_nf	vegetative	flowering	dead_nf	FALSE	Control	Control	2019-06-04T15:00:00Z	155	2019-06-03T17:00:00Z	154	Early	155	early	2019-06-04T18:00:00Z	157.75	-2.75	175	227	219	18.73496002150471	26.20513324528178	44.94009326678649	NA	NA	NA	NA	NA	NA	NA	NA	3.6275000000000004
NA	2019-07-19T00:00:00Z	5D	264	28.5	3.6	28.4	27.2	25.9	1.2	NA	2019	5D264	5	D				NA	vegetative > flowering > dead_nf	vegetative	flowering	dead_nf	FALSE	Control	Control	2019-06-04T15:00:00Z	155	2019-06-03T17:00:00Z	154	Early	155	early	2019-06-04T18:00:00Z	157.75	-2.75	175	227	219	18.73496002150471	26.20513324528178	44.94009326678649	NA	NA	NA	NA	NA	NA	NA	NA	3.6275000000000004
NA	2019-07-19T00:00:00Z	5D	266	28.9	3.5	26.5	27.5	24.5	1.4	NA	2019	5D266	5	D				NA	vegetative > flowering > dead_nf	vegetative	flowering	dead_nf	FALSE	Control	Control	2019-06-04T15:00:00Z	155	2019-06-03T17:00:00Z	154	Early	155	early	2019-06-04T18:00:00Z	157.75	-2.75	175	227	219	18.73496002150471	26.20513324528178	44.94009326678649	NA	NA	NA	NA	NA	NA	NA	NA	3.6275000000000004
NA	2019-07-19T00:00:00Z	5D	272	26.6	2.9	26.9	25.9	23.2	1.4	NA	2019	5D272	5	D				NA	vegetative > flowering > dead_nf	vegetative	flowering	dead_nf	FALSE	Control	Control	2019-06-04T15:00:00Z	155	2019-06-03T17:00:00Z	154	Early	155	early	2019-06-04T18:00:00Z	157.75	-2.75	175	227	219	18.73496002150471	26.20513324528178	44.94009326678649	NA	NA	NA	NA	NA	NA	NA	NA	3.6275000000000004
NA	2019-07-19T00:00:00Z	5D	282	24.5	2.7	25	23.5	21.7	1.3	NA	2019	5D282	5	D				NA	vegetative > flowering > dead_nf	vegetative	flowering	dead_nf	FALSE	Control	Control	2019-06-04T15:00:00Z	155	2019-06-03T17:00:00Z	154	Early	155	early	2019-06-04T18:00:00Z	157.75	-2.75	175	227	219	18.73496002150471	26.20513324528178	44.94009326678649	NA	NA	NA	NA	NA	NA	NA	NA	3.6275000000000004
NA	2019-07-19T00:00:00Z	5D	286	26.5	3.9	25.1	26.2	22.7	1.5	NA	2019	5D286	5	D				NA	vegetative > flowering > dead_nf	vegetative	flowering	dead_nf	FALSE	Control	Control	2019-06-04T15:00:00Z	155	2019-06-03T17:00:00Z	154	Early	155	early	2019-06-04T18:00:00Z	157.75	-2.75	175	227	219	18.73496002150471	26.20513324528178	44.94009326678649	NA	NA	NA	NA	NA	NA	NA	NA	3.6275000000000004
NA	2019-07-19T00:00:00Z	5D	288	27.5	5	28.4	26	23.5	2	NA	2019	5D288	5	D		census20		NA	vegetative > flowering > dead_nf	vegetative	flowering	dead_nf	FALSE	Control	Control	2019-06-04T15:00:00Z	155	2019-06-03T17:00:00Z	154	Early	155	early	2019-06-04T18:00:00Z	157.75	-2.75	175	227	219	18.73496002150471	26.20513324528178	44.94009326678649	NA	NA	NA	NA	NA	NA	NA	NA	3.6275000000000004
NA	2019-07-19T00:00:00Z	6A	124	27.4	3.7	24.6	25	21.3	1.4	NA	2019	6A124	6	A				NA	vegetative > flowering > vegetative	vegetative	flowering	vegetative	FALSE	Control	Control	2019-06-05T19:00:00Z	156	2019-06-05T17:00:00Z	156	Normal	156	normal	2019-06-05T18:00:00Z	157.75	-1.75	175	227	219	18.420841963803518	26.20513324528178	44.6259752090853	NA	NA	NA	NA	NA	NA	NA	NA	4.09
NA	2019-07-19T00:00:00Z	6A	156	23.9	3.1	24.5	24.9	24	1.4	NA	2019	6A156	6	A				NA	vegetative > flowering > dead_nf	vegetative	flowering	dead_nf	FALSE	Control	Control	2019-06-05T19:00:00Z	156	2019-06-05T17:00:00Z	156	Normal	156	normal	2019-06-05T18:00:00Z	157.75	-1.75	175	227	219	18.420841963803518	26.20513324528178	44.6259752090853	NA	NA	NA	NA	NA	NA	NA	NA	4.09
NA	2019-07-19T00:00:00Z	6A	156	23.9	3.2	26.2	23	21.1	1.8	NA	2019	6A156	6	A				NA	vegetative > flowering > dead_nf	vegetative	flowering	dead_nf	FALSE	Control	Control	2019-06-05T19:00:00Z	156	2019-06-05T17:00:00Z	156	Normal	156	normal	2019-06-05T18:00:00Z	157.75	-1.75	175	227	219	18.420841963803518	26.20513324528178	44.6259752090853	NA	NA	NA	NA	NA	NA	NA	NA	4.09
NA	2019-07-19T00:00:00Z	6B	29	17.3	3	24	18.6	16	1.5	NA	2019	6B29	6	B		seeds18		NA	vegetative > flowering > dead_nf	vegetative	flowering	dead_nf	FALSE	Reduction	Reduction	2019-06-05T19:00:00Z	156	2019-06-05T17:00:00Z	156	Normal	156	normal	2019-06-05T18:00:00Z	157.75	-1.75	175	227	219	18.420841963803518	13.10256662264089	31.523408586444408	NA	NA	NA	NA	NA	NA	NA	NA	3.89
NA	2019-07-19T00:00:00Z	6B	35	27.5	3.6	30.8	26.5	24.5	1.7	NA	2019	6B35	6	B				NA	vegetative > flowering > dead_nf	vegetative	flowering	dead_nf	FALSE	Reduction	Reduction	2019-06-05T19:00:00Z	156	2019-06-05T17:00:00Z	156	Normal	156	normal	2019-06-05T18:00:00Z	157.75	-1.75	175	227	219	18.420841963803518	13.10256662264089	31.523408586444408	NA	NA	NA	NA	NA	NA	NA	NA	3.89
NA	2019-07-19T00:00:00Z	6C	108	31.8	3.3	29	30	27.6	1.9	NA	2019	6C108	6	C				NA	vegetative > flowering > dead_nf	vegetative	flowering	dead_nf	FALSE	Control	Mock rainout	2019-06-05T19:00:00Z	156	2019-06-05T17:00:00Z	156	Normal	156	normal	2019-06-05T18:00:00Z	157.75	-1.75	175	227	219	18.420841963803518	26.20513324528178	44.6259752090853	NA	NA	NA	NA	NA	NA	NA	NA	3.995
NA	2019-07-19T00:00:00Z	6C	83	25.3	3.9	26.4	25.4	22	1.5	NA	2019	6C83	6	C				NA	vegetative > flowering > dead_nf	vegetative	flowering	dead_nf	FALSE	Control	Mock rainout	2019-06-05T19:00:00Z	156	2019-06-05T17:00:00Z	156	Normal	156	normal	2019-06-05T18:00:00Z	157.75	-1.75	175	227	219	18.420841963803518	26.20513324528178	44.6259752090853	NA	NA	NA	NA	NA	NA	NA	NA	3.995
NA	2019-07-19T00:00:00Z	6D	40	24.8	3.2	24.8	24.2	23	1.4	NA	2019	6D40	6	D		pheno18		NA	vegetative > flowering > dead_nf	vegetative	flowering	dead_nf	FALSE	Addition	Addition	2019-06-05T19:00:00Z	156	2019-06-05T17:00:00Z	156	Normal	156	normal	2019-06-05T18:00:00Z	157.75	-1.75	175	227	219	18.420841963803518	103.20513324528179	121.62597520908531	NA	NA	NA	NA	NA	NA	NA	NA	5.4175
NA	2019-07-19T00:00:00Z	6D	40	25.6	3	27	28	23.3	1.3	NA	2019	6D40	6	D		pheno18		NA	vegetative > flowering > dead_nf	vegetative	flowering	dead_nf	FALSE	Addition	Addition	2019-06-05T19:00:00Z	156	2019-06-05T17:00:00Z	156	Normal	156	normal	2019-06-05T18:00:00Z	157.75	-1.75	175	227	219	18.420841963803518	103.20513324528179	121.62597520908531	NA	NA	NA	NA	NA	NA	NA	NA	5.4175
NA	2019-07-19T00:00:00Z	6D	79	29.5	3.4	30	28.8	25	2	NA	2019	6D79	6	D				NA	vegetative > flowering > dead_nf	vegetative	flowering	dead_nf	FALSE	Addition	Addition	2019-06-05T19:00:00Z	156	2019-06-05T17:00:00Z	156	Normal	156	normal	2019-06-05T18:00:00Z	157.75	-1.75	175	227	219	18.420841963803518	103.20513324528179	121.62597520908531	NA	NA	NA	NA	NA	NA	NA	NA	5.4175
NA	2019-07-22T00:00:00Z	1A	236	26.7	4.1	27.7	24.6	24.5	2	NA	2019	1A236	1	A				NA	vegetative > flowering > dead_nf	vegetative	flowering	dead_nf	FALSE	Addition	Addition	2019-06-06T17:00:00Z	157	2019-06-06T15:00:00Z	157	Normal	157	normal	2019-06-06T18:00:00Z	157.75	-0.75	175	227	219	18.420841963803518	103.20513324528179	121.62597520908531	NA	NA	NA	NA	NA	NA	NA	NA	6.9775
NA	2019-07-22T00:00:00Z	1A	236	27.9	3.6	27.7	26.6	25.4	1.6	NA	2019	1A236	1	A				NA	vegetative > flowering > dead_nf	vegetative	flowering	dead_nf	FALSE	Addition	Addition	2019-06-06T17:00:00Z	157	2019-06-06T15:00:00Z	157	Normal	157	normal	2019-06-06T18:00:00Z	157.75	-0.75	175	227	219	18.420841963803518	103.20513324528179	121.62597520908531	NA	NA	NA	NA	NA	NA	NA	NA	6.9775
NA	2019-07-22T00:00:00Z	1A	239	26.6	4.5	25.4	24.6	24.1	1.1	NA	2019	1A239	1	A				NA	vegetative > flowering > dead_nf	vegetative	flowering	dead_nf	FALSE	Addition	Addition	2019-06-06T17:00:00Z	157	2019-06-06T15:00:00Z	157	Normal	157	normal	2019-06-06T18:00:00Z	157.75	-0.75	175	227	219	18.420841963803518	103.20513324528179	121.62597520908531	NA	NA	NA	NA	NA	NA	NA	NA	6.9775
NA	2019-07-22T00:00:00Z	1A	239	28	3.6	27	25	22.7	1.3	NA	2019	1A239	1	A				NA	vegetative > flowering > dead_nf	vegetative	flowering	dead_nf	FALSE	Addition	Addition	2019-06-06T17:00:00Z	157	2019-06-06T15:00:00Z	157	Normal	157	normal	2019-06-06T18:00:00Z	157.75	-0.75	175	227	219	18.420841963803518	103.20513324528179	121.62597520908531	NA	NA	NA	NA	NA	NA	NA	NA	6.9775
NA	2019-07-22T00:00:00Z	1B	684	25	3.6	24.6	24.5	19.6	1.8	NA	2019	1B684	1	B				NA	vegetative > flowering > vegetative	vegetative	flowering	vegetative	FALSE	Control	Control	2019-06-06T17:00:00Z	157	2019-06-06T15:00:00Z	157	Normal	157	normal	2019-06-06T18:00:00Z	157.75	-0.75	175	227	219	18.420841963803518	26.20513324528178	44.6259752090853	NA	NA	NA	NA	NA	NA	NA	NA	5.908571428571428
NA	2019-07-23T00:00:00Z	1A	236	27.5	4.1	32.5	28.8	26.9	1.9	NA	2019	1A236	1	A				NA	vegetative > flowering > dead_nf	vegetative	flowering	dead_nf	FALSE	Addition	Addition	2019-06-06T17:00:00Z	157	2019-06-06T15:00:00Z	157	Normal	157	normal	2019-06-06T18:00:00Z	157.75	-0.75	175	227	219	18.420841963803518	103.20513324528179	121.62597520908531	NA	NA	NA	NA	NA	NA	NA	NA	6.9775
NA	2019-07-23T00:00:00Z	1B	657	25.5	3.9	30.5	26.9	24.9	1	NA	2019	1B657	1	B				NA	vegetative > flowering > dead_nf	vegetative	flowering	dead_nf	FALSE	Control	Control	2019-06-06T17:00:00Z	157	2019-06-06T15:00:00Z	157	Normal	157	normal	2019-06-06T18:00:00Z	157.75	-0.75	175	227	219	18.420841963803518	26.20513324528178	44.6259752090853	NA	NA	NA	NA	NA	NA	NA	NA	5.908571428571428
NA	2019-07-23T00:00:00Z	1C	43	25.7	3.8	25	27.6	25.4	1.5	NA	2019	1C43	1	C				NA	vegetative > flowering > dead_nf	vegetative	flowering	dead_nf	FALSE	Control	Mock rainout	2019-06-06T17:00:00Z	157	2019-06-06T15:00:00Z	157	Normal	157	normal	2019-06-06T18:00:00Z	157.75	-0.75	175	227	219	18.420841963803518	26.20513324528178	44.6259752090853	NA	NA	NA	NA	NA	NA	NA	NA	5.485714285714286
NA	2019-07-23T00:00:00Z	1C	72	24	3.6	28.3	23.9	21.2	1.7	NA	2019	1C72	1	C				NA	vegetative > flowering > dead_nf	vegetative	flowering	dead_nf	FALSE	Control	Mock rainout	2019-06-06T17:00:00Z	157	2019-06-06T15:00:00Z	157	Normal	157	normal	2019-06-06T18:00:00Z	157.75	-0.75	175	227	219	18.420841963803518	26.20513324528178	44.6259752090853	NA	NA	NA	NA	NA	NA	NA	NA	5.485714285714286
NA	2019-07-23T00:00:00Z	1C	72	24.1	3.5	26.9	25.1	21.3	1.1	NA	2019	1C72	1	C				NA	vegetative > flowering > dead_nf	vegetative	flowering	dead_nf	FALSE	Control	Mock rainout	2019-06-06T17:00:00Z	157	2019-06-06T15:00:00Z	157	Normal	157	normal	2019-06-06T18:00:00Z	157.75	-0.75	175	227	219	18.420841963803518	26.20513324528178	44.6259752090853	NA	NA	NA	NA	NA	NA	NA	NA	5.485714285714286
NA	2019-07-23T00:00:00Z	1D	34	28.1	3.8	26.1	30.7	27.5	1.4	NA	2019	1D34	1	D				NA	vegetative > flowering > dead_nf	vegetative	flowering	dead_nf	FALSE	Reduction	Reduction	2019-06-06T17:00:00Z	157	2019-06-06T15:00:00Z	157	Normal	157	normal	2019-06-06T18:00:00Z	157.75	-0.75	175	227	219	18.420841963803518	13.10256662264089	31.523408586444408	NA	NA	NA	NA	NA	NA	NA	NA	4.875
NA	2019-07-23T00:00:00Z	1D	34	29.3	3.7	23.8	30.9	26.7	2.1	NA	2019	1D34	1	D				NA	vegetative > flowering > dead_nf	vegetative	flowering	dead_nf	FALSE	Reduction	Reduction	2019-06-06T17:00:00Z	157	2019-06-06T15:00:00Z	157	Normal	157	normal	2019-06-06T18:00:00Z	157.75	-0.75	175	227	219	18.420841963803518	13.10256662264089	31.523408586444408	NA	NA	NA	NA	NA	NA	NA	NA	4.875
NA	2019-07-23T00:00:00Z	1D	5	27.3	3.7	27.2	28	25.6	1.5	NA	2019	1D5	1	D		census20 pheno20 floral20 seeds20		NA	vegetative > flowering > dead_nf	vegetative	flowering	dead_nf	FALSE	Reduction	Reduction	2019-06-06T17:00:00Z	157	2019-06-06T15:00:00Z	157	Normal	157	normal	2019-06-06T18:00:00Z	157.75	-0.75	175	227	219	18.420841963803518	13.10256662264089	31.523408586444408	NA	NA	NA	NA	NA	NA	NA	NA	4.875
NA	2019-07-23T00:00:00Z	2C	202	24	3.3	25	25.1	23.2	1.7	NA	2019	2C202	2	C				NA	vegetative > flowering > vegetative	vegetative	flowering	vegetative	FALSE	Reduction	Reduction	2019-06-09T15:00:00Z	160	2019-06-08T20:00:00Z	159	Normal	160	normal	2019-06-09T18:00:00Z	157.75	2.25	175	227	219	18.420841963803518	13.10256662264089	31.523408586444408	NA	NA	NA	NA	NA	NA	NA	NA	5.1775
NA	2019-07-23T00:00:00Z	2C	202	24.5	3.4	23.9	24.6	23.5	1.8	NA	2019	2C202	2	C				NA	vegetative > flowering > vegetative	vegetative	flowering	vegetative	FALSE	Reduction	Reduction	2019-06-09T15:00:00Z	160	2019-06-08T20:00:00Z	159	Normal	160	normal	2019-06-09T18:00:00Z	157.75	2.25	175	227	219	18.420841963803518	13.10256662264089	31.523408586444408	NA	NA	NA	NA	NA	NA	NA	NA	5.1775
NA	2019-07-23T00:00:00Z	2C	268	26.5	3.1	20	25.4	20.1	1.4	NA	2019	2C268	2	C				NA	vegetative > flowering > dead_nf	vegetative	flowering	dead_nf	FALSE	Reduction	Reduction	2019-06-09T15:00:00Z	160	2019-06-08T20:00:00Z	159	Normal	160	normal	2019-06-09T18:00:00Z	157.75	2.25	175	227	219	18.420841963803518	13.10256662264089	31.523408586444408	NA	NA	NA	NA	NA	NA	NA	NA	5.1775
NA	2019-07-23T00:00:00Z	2D	209	28.4	3.8	28	29.2	25.9	1.7	NA	2019	2D209	2	D				NA	vegetative > flowering > dead_nf	vegetative	flowering	dead_nf	FALSE	Addition	Addition	2019-06-09T15:00:00Z	160	2019-06-08T20:00:00Z	159	Normal	160	normal	2019-06-09T18:00:00Z	157.75	2.25	175	227	219	18.420841963803518	103.20513324528179	121.62597520908531	NA	NA	NA	NA	NA	NA	NA	NA	6.6425
NA	2019-07-23T00:00:00Z	2D	211	21.5	4.5	28.7	24.1	21.8	1.7	NA	2019	2D211	2	D				NA	vegetative > flowering > vegetative	vegetative	flowering	vegetative	FALSE	Addition	Addition	2019-06-09T15:00:00Z	160	2019-06-08T20:00:00Z	159	Normal	160	normal	2019-06-09T18:00:00Z	157.75	2.25	175	227	219	18.420841963803518	103.20513324528179	121.62597520908531	NA	NA	NA	NA	NA	NA	NA	NA	6.6425
NA	2019-07-23T00:00:00Z	2D	212	23.3	3.7	25.7	24.5	22.8	1.6	NA	2019	2D212	2	D				NA	flowering > flowering > dead_nf	flowering	flowering	dead_nf	FALSE	Addition	Addition	2019-06-09T15:00:00Z	160	2019-06-08T20:00:00Z	159	Normal	160	normal	2019-06-09T18:00:00Z	157.75	2.25	175	227	219	18.420841963803518	103.20513324528179	121.62597520908531	NA	NA	NA	NA	NA	NA	NA	NA	6.6425
NA	2019-07-23T00:00:00Z	2D	212	24.4	3.4	24.9	28.5	25.4	1.3	NA	2019	2D212	2	D				NA	flowering > flowering > dead_nf	flowering	flowering	dead_nf	FALSE	Addition	Addition	2019-06-09T15:00:00Z	160	2019-06-08T20:00:00Z	159	Normal	160	normal	2019-06-09T18:00:00Z	157.75	2.25	175	227	219	18.420841963803518	103.20513324528179	121.62597520908531	NA	NA	NA	NA	NA	NA	NA	NA	6.6425
NA	2019-07-23T00:00:00Z	2D	221	23.4	3.2	26.5	27.2	24.5	1.7	NA	2019	2D221	2	D				NA	vegetative > flowering > dead_nf	vegetative	flowering	dead_nf	FALSE	Addition	Addition	2019-06-09T15:00:00Z	160	2019-06-08T20:00:00Z	159	Normal	160	normal	2019-06-09T18:00:00Z	157.75	2.25	175	227	219	18.420841963803518	103.20513324528179	121.62597520908531	NA	NA	NA	NA	NA	NA	NA	NA	6.6425
NA	2019-07-24T00:00:00Z	5A	179	30.5	4	27.4	31	24.8	1.4	NA	2019	5A179	5	A				NA	vegetative > flowering > dead_nf	vegetative	flowering	dead_nf	FALSE	Addition	Addition	2019-06-04T15:00:00Z	155	2019-06-03T17:00:00Z	154	Early	155	early	2019-06-04T18:00:00Z	157.75	-2.75	175	227	219	18.73496002150471	103.20513324528179	121.94009326678649	NA	NA	NA	NA	NA	NA	NA	NA	4.8725
NA	2019-07-24T00:00:00Z	5A	179	32.1	4.1	29	32.5	29	1.7	NA	2019	5A179	5	A				NA	vegetative > flowering > dead_nf	vegetative	flowering	dead_nf	FALSE	Addition	Addition	2019-06-04T15:00:00Z	155	2019-06-03T17:00:00Z	154	Early	155	early	2019-06-04T18:00:00Z	157.75	-2.75	175	227	219	18.73496002150471	103.20513324528179	121.94009326678649	NA	NA	NA	NA	NA	NA	NA	NA	4.8725
NA	2019-07-24T00:00:00Z	5A	183	20.5	3.9	27.2	28.1	27.2	1.7	NA	2019	5A183	5	A				NA	vegetative > flowering > dead_nf	vegetative	flowering	dead_nf	FALSE	Addition	Addition	2019-06-04T15:00:00Z	155	2019-06-03T17:00:00Z	154	Early	155	early	2019-06-04T18:00:00Z	157.75	-2.75	175	227	219	18.73496002150471	103.20513324528179	121.94009326678649	NA	NA	NA	NA	NA	NA	NA	NA	4.8725
NA	2019-07-24T00:00:00Z	5A	193	27.2	4.2	26.6	29.3	24.8	1.6	NA	2019	5A193	5	A				NA	vegetative > flowering > dead_nf	vegetative	flowering	dead_nf	FALSE	Addition	Addition	2019-06-04T15:00:00Z	155	2019-06-03T17:00:00Z	154	Early	155	early	2019-06-04T18:00:00Z	157.75	-2.75	175	227	219	18.73496002150471	103.20513324528179	121.94009326678649	NA	NA	NA	NA	NA	NA	NA	NA	4.8725
NA	2019-07-24T00:00:00Z	5A	201	25.9	3.6	29.2	28	24.3	1.7	NA	2019	5A201	5	A				NA	vegetative > flowering > dead_nf	vegetative	flowering	dead_nf	FALSE	Addition	Addition	2019-06-04T15:00:00Z	155	2019-06-03T17:00:00Z	154	Early	155	early	2019-06-04T18:00:00Z	157.75	-2.75	175	227	219	18.73496002150471	103.20513324528179	121.94009326678649	NA	NA	NA	NA	NA	NA	NA	NA	4.8725
NA	2019-07-24T00:00:00Z	5A	202	22.4	3.7	27.6	27.6	25.6	1.3	NA	2019	5A202	5	A				NA	vegetative > flowering > flowering	vegetative	flowering	flowering	FALSE	Addition	Addition	2019-06-04T15:00:00Z	155	2019-06-03T17:00:00Z	154	Early	155	early	2019-06-04T18:00:00Z	157.75	-2.75	175	227	219	18.73496002150471	103.20513324528179	121.94009326678649	NA	NA	NA	NA	NA	NA	NA	NA	4.8725
NA	2019-07-24T00:00:00Z	5A	203	27.1	3.5	29.1	28.9	27	1.9	NA	2019	5A203	5	A				NA	vegetative > flowering > dead_nf	vegetative	flowering	dead_nf	FALSE	Addition	Addition	2019-06-04T15:00:00Z	155	2019-06-03T17:00:00Z	154	Early	155	early	2019-06-04T18:00:00Z	157.75	-2.75	175	227	219	18.73496002150471	103.20513324528179	121.94009326678649	NA	NA	NA	NA	NA	NA	NA	NA	4.8725
NA	2019-07-24T00:00:00Z	5B	1	25.7	3.1	26.5	25.5	21.3	1.8	NA	2019	5B1	5	B		pheno18		NA	vegetative > flowering > dead_nf	vegetative	flowering	dead_nf	FALSE	Control	Mock rainout	2019-06-04T15:00:00Z	155	2019-06-03T17:00:00Z	154	Early	155	early	2019-06-04T18:00:00Z	157.75	-2.75	175	227	219	18.73496002150471	26.20513324528178	44.94009326678649	NA	NA	NA	NA	NA	NA	NA	NA	3.5500000000000003
NA	2019-07-24T00:00:00Z	5B	17	24.9	3	26.3	24.9	22.8	1.7	NA	2019	5B17	5	B				NA	vegetative > flowering > dead_nf	vegetative	flowering	dead_nf	FALSE	Control	Mock rainout	2019-06-04T15:00:00Z	155	2019-06-03T17:00:00Z	154	Early	155	early	2019-06-04T18:00:00Z	157.75	-2.75	175	227	219	18.73496002150471	26.20513324528178	44.94009326678649	NA	NA	NA	NA	NA	NA	NA	NA	3.5500000000000003
NA	2019-07-24T00:00:00Z	5B	17	27.5	3.3	27.1	29.8	27.6	1.4	NA	2019	5B17	5	B				NA	vegetative > flowering > dead_nf	vegetative	flowering	dead_nf	FALSE	Control	Mock rainout	2019-06-04T15:00:00Z	155	2019-06-03T17:00:00Z	154	Early	155	early	2019-06-04T18:00:00Z	157.75	-2.75	175	227	219	18.73496002150471	26.20513324528178	44.94009326678649	NA	NA	NA	NA	NA	NA	NA	NA	3.5500000000000003
NA	2019-07-24T00:00:00Z	5B	19	27.4	3.3	31	19.3	27.2	2.9	NA	2019	5B19	5	B				NA	vegetative > flowering > vegetative	vegetative	flowering	vegetative	FALSE	Control	Mock rainout	2019-06-04T15:00:00Z	155	2019-06-03T17:00:00Z	154	Early	155	early	2019-06-04T18:00:00Z	157.75	-2.75	175	227	219	18.73496002150471	26.20513324528178	44.94009326678649	NA	NA	NA	NA	NA	NA	NA	NA	3.5500000000000003
NA	2019-07-24T00:00:00Z	5B	21	26.7	2.9	27.4	29	26.3	1.5	NA	2019	5B21	5	B				NA	vegetative > flowering > dead_nf	vegetative	flowering	dead_nf	FALSE	Control	Mock rainout	2019-06-04T15:00:00Z	155	2019-06-03T17:00:00Z	154	Early	155	early	2019-06-04T18:00:00Z	157.75	-2.75	175	227	219	18.73496002150471	26.20513324528178	44.94009326678649	NA	NA	NA	NA	NA	NA	NA	NA	3.5500000000000003
NA	2019-07-24T00:00:00Z	5B	21	27.2	2.7	25.4	26.9	26	1.2	NA	2019	5B21	5	B				NA	vegetative > flowering > dead_nf	vegetative	flowering	dead_nf	FALSE	Control	Mock rainout	2019-06-04T15:00:00Z	155	2019-06-03T17:00:00Z	154	Early	155	early	2019-06-04T18:00:00Z	157.75	-2.75	175	227	219	18.73496002150471	26.20513324528178	44.94009326678649	NA	NA	NA	NA	NA	NA	NA	NA	3.5500000000000003
NA	2019-07-24T00:00:00Z	5B	26	26.9	3.6	25.4	29.3	23.6	1.3	NA	2019	5B26	5	B		pheno19		NA	vegetative > flowering > dead_nf	vegetative	flowering	dead_nf	FALSE	Control	Mock rainout	2019-06-04T15:00:00Z	155	2019-06-03T17:00:00Z	154	Early	155	early	2019-06-04T18:00:00Z	157.75	-2.75	175	227	219	18.73496002150471	26.20513324528178	44.94009326678649	NA	NA	NA	NA	NA	NA	NA	NA	3.5500000000000003
NA	2019-07-24T00:00:00Z	5B	26	28.6	3.7	26.9	31.2	24.9	1.7	NA	2019	5B26	5	B		pheno19		NA	vegetative > flowering > dead_nf	vegetative	flowering	dead_nf	FALSE	Control	Mock rainout	2019-06-04T15:00:00Z	155	2019-06-03T17:00:00Z	154	Early	155	early	2019-06-04T18:00:00Z	157.75	-2.75	175	227	219	18.73496002150471	26.20513324528178	44.94009326678649	NA	NA	NA	NA	NA	NA	NA	NA	3.5500000000000003
NA	2019-07-24T00:00:00Z	5B	27	22.9	3.8	20.3	25.3	22	0.9	NA	2019	5B27	5	B				NA	vegetative > flowering > dead_nf	vegetative	flowering	dead_nf	FALSE	Control	Mock rainout	2019-06-04T15:00:00Z	155	2019-06-03T17:00:00Z	154	Early	155	early	2019-06-04T18:00:00Z	157.75	-2.75	175	227	219	18.73496002150471	26.20513324528178	44.94009326678649	NA	NA	NA	NA	NA	NA	NA	NA	3.5500000000000003
NA	2019-07-24T00:00:00Z	5B	27	24.2	3.3	27.9	25.1	22.5	1.2	NA	2019	5B27	5	B				NA	vegetative > flowering > dead_nf	vegetative	flowering	dead_nf	FALSE	Control	Mock rainout	2019-06-04T15:00:00Z	155	2019-06-03T17:00:00Z	154	Early	155	early	2019-06-04T18:00:00Z	157.75	-2.75	175	227	219	18.73496002150471	26.20513324528178	44.94009326678649	NA	NA	NA	NA	NA	NA	NA	NA	3.5500000000000003
NA	2019-07-24T00:00:00Z	5B	290	26.9	2.7	31.4	25.9	22	1.7	NA	2019	5B290	5	B				NA	vegetative > flowering > dead_nf	vegetative	flowering	dead_nf	FALSE	Control	Mock rainout	2019-06-04T15:00:00Z	155	2019-06-03T17:00:00Z	154	Early	155	early	2019-06-04T18:00:00Z	157.75	-2.75	175	227	219	18.73496002150471	26.20513324528178	44.94009326678649	NA	NA	NA	NA	NA	NA	NA	NA	3.5500000000000003
NA	2019-07-24T00:00:00Z	5B	30	23.5	2.7	26	23.3	20.8	1.3	NA	2019	5B30	5	B				NA	vegetative > flowering > dead_nf	vegetative	flowering	dead_nf	FALSE	Control	Mock rainout	2019-06-04T15:00:00Z	155	2019-06-03T17:00:00Z	154	Early	155	early	2019-06-04T18:00:00Z	157.75	-2.75	175	227	219	18.73496002150471	26.20513324528178	44.94009326678649	NA	NA	NA	NA	NA	NA	NA	NA	3.5500000000000003
NA	2019-07-24T00:00:00Z	5B	301	24.3	2.8	27.5	25.7	23.6	1	NA	2019	5B301	5	B				NA	vegetative > flowering > dead_nf	vegetative	flowering	dead_nf	FALSE	Control	Mock rainout	2019-06-04T15:00:00Z	155	2019-06-03T17:00:00Z	154	Early	155	early	2019-06-04T18:00:00Z	157.75	-2.75	175	227	219	18.73496002150471	26.20513324528178	44.94009326678649	NA	NA	NA	NA	NA	NA	NA	NA	3.5500000000000003
NA	2019-07-24T00:00:00Z	5C	201	22.9	3.6	26.6	26.6	23.8	1.7	NA	2019	5C201	5	C				NA	vegetative > flowering > dead_nf	vegetative	flowering	dead_nf	FALSE	Reduction	Reduction	2019-06-04T15:00:00Z	155	2019-06-03T17:00:00Z	154	Early	155	early	2019-06-04T18:00:00Z	157.75	-2.75	175	227	219	18.73496002150471	13.10256662264089	31.837526644145598	NA	NA	NA	NA	NA	NA	NA	NA	3.26
NA	2019-07-24T00:00:00Z	5C	201	23.6	2.9	27.1	26.3	22.7	1.5	NA	2019	5C201	5	C				NA	vegetative > flowering > dead_nf	vegetative	flowering	dead_nf	FALSE	Reduction	Reduction	2019-06-04T15:00:00Z	155	2019-06-03T17:00:00Z	154	Early	155	early	2019-06-04T18:00:00Z	157.75	-2.75	175	227	219	18.73496002150471	13.10256662264089	31.837526644145598	NA	NA	NA	NA	NA	NA	NA	NA	3.26
NA	2019-07-24T00:00:00Z	5C	214	26.7	3.6	26.4	29.5	26.4	1.2	NA	2019	5C214	5	C				NA	vegetative > flowering > dead_nf	vegetative	flowering	dead_nf	FALSE	Reduction	Reduction	2019-06-04T15:00:00Z	155	2019-06-03T17:00:00Z	154	Early	155	early	2019-06-04T18:00:00Z	157.75	-2.75	175	227	219	18.73496002150471	13.10256662264089	31.837526644145598	NA	NA	NA	NA	NA	NA	NA	NA	3.26
NA	2019-07-24T00:00:00Z	5C	214	30.5	4.1	30.9	33	28.7	1.4	NA	2019	5C214	5	C				NA	vegetative > flowering > dead_nf	vegetative	flowering	dead_nf	FALSE	Reduction	Reduction	2019-06-04T15:00:00Z	155	2019-06-03T17:00:00Z	154	Early	155	early	2019-06-04T18:00:00Z	157.75	-2.75	175	227	219	18.73496002150471	13.10256662264089	31.837526644145598	NA	NA	NA	NA	NA	NA	NA	NA	3.26
NA	2019-07-24T00:00:00Z	5C	217	25.9	4.1	23.2	26.2	23.3	1.5	NA	2019	5C217	5	C				NA	vegetative > flowering > flowering	vegetative	flowering	flowering	FALSE	Reduction	Reduction	2019-06-04T15:00:00Z	155	2019-06-03T17:00:00Z	154	Early	155	early	2019-06-04T18:00:00Z	157.75	-2.75	175	227	219	18.73496002150471	13.10256662264089	31.837526644145598	NA	NA	NA	NA	NA	NA	NA	NA	3.26
NA	2019-07-24T00:00:00Z	5C	217	26.7	3.8	25	27	24	1.5	NA	2019	5C217	5	C				NA	vegetative > flowering > flowering	vegetative	flowering	flowering	FALSE	Reduction	Reduction	2019-06-04T15:00:00Z	155	2019-06-03T17:00:00Z	154	Early	155	early	2019-06-04T18:00:00Z	157.75	-2.75	175	227	219	18.73496002150471	13.10256662264089	31.837526644145598	NA	NA	NA	NA	NA	NA	NA	NA	3.26
NA	2019-07-24T00:00:00Z	5C	228	27.7	3	28	29.5	27.1	1	NA	2019	5C228	5	C				NA	vegetative > flowering > dead_nf	vegetative	flowering	dead_nf	FALSE	Reduction	Reduction	2019-06-04T15:00:00Z	155	2019-06-03T17:00:00Z	154	Early	155	early	2019-06-04T18:00:00Z	157.75	-2.75	175	227	219	18.73496002150471	13.10256662264089	31.837526644145598	NA	NA	NA	NA	NA	NA	NA	NA	3.26
NA	2019-07-24T00:00:00Z	5C	228	30	3.4	28.6	30.9	28.2	1	NA	2019	5C228	5	C				NA	vegetative > flowering > dead_nf	vegetative	flowering	dead_nf	FALSE	Reduction	Reduction	2019-06-04T15:00:00Z	155	2019-06-03T17:00:00Z	154	Early	155	early	2019-06-04T18:00:00Z	157.75	-2.75	175	227	219	18.73496002150471	13.10256662264089	31.837526644145598	NA	NA	NA	NA	NA	NA	NA	NA	3.26
NA	2019-07-24T00:00:00Z	5C	229	27.3	3.5	31.4	29	23.8	1.5	NA	2019	5C229	5	C				NA	vegetative > flowering > dead_nf	vegetative	flowering	dead_nf	FALSE	Reduction	Reduction	2019-06-04T15:00:00Z	155	2019-06-03T17:00:00Z	154	Early	155	early	2019-06-04T18:00:00Z	157.75	-2.75	175	227	219	18.73496002150471	13.10256662264089	31.837526644145598	NA	NA	NA	NA	NA	NA	NA	NA	3.26
NA	2019-07-24T00:00:00Z	5C	229	29.6	3.7	31.2	30.5	27.4	1.7	NA	2019	5C229	5	C				NA	vegetative > flowering > dead_nf	vegetative	flowering	dead_nf	FALSE	Reduction	Reduction	2019-06-04T15:00:00Z	155	2019-06-03T17:00:00Z	154	Early	155	early	2019-06-04T18:00:00Z	157.75	-2.75	175	227	219	18.73496002150471	13.10256662264089	31.837526644145598	NA	NA	NA	NA	NA	NA	NA	NA	3.26
NA	2019-07-24T00:00:00Z	5D	234	23.5	3.3	24	25.2	22.7	1.2	NA	2019	5D234	5	D		pheno18 seeds18		NA	vegetative > flowering > dead_nf	vegetative	flowering	dead_nf	FALSE	Control	Control	2019-06-04T15:00:00Z	155	2019-06-03T17:00:00Z	154	Early	155	early	2019-06-04T18:00:00Z	157.75	-2.75	175	227	219	18.73496002150471	26.20513324528178	44.94009326678649	NA	NA	NA	NA	NA	NA	NA	NA	3.6275000000000004
NA	2019-07-24T00:00:00Z	5D	246	27.7	3.8	23	25	23.8	1.4	NA	2019	5D246	5	D				NA	vegetative > flowering > dead_nf	vegetative	flowering	dead_nf	FALSE	Control	Control	2019-06-04T15:00:00Z	155	2019-06-03T17:00:00Z	154	Early	155	early	2019-06-04T18:00:00Z	157.75	-2.75	175	227	219	18.73496002150471	26.20513324528178	44.94009326678649	NA	NA	NA	NA	NA	NA	NA	NA	3.6275000000000004
NA	2019-07-24T00:00:00Z	5D	246	30.3	3.9	27.1	28.6	23.5	1.6	NA	2019	5D246	5	D				NA	vegetative > flowering > dead_nf	vegetative	flowering	dead_nf	FALSE	Control	Control	2019-06-04T15:00:00Z	155	2019-06-03T17:00:00Z	154	Early	155	early	2019-06-04T18:00:00Z	157.75	-2.75	175	227	219	18.73496002150471	26.20513324528178	44.94009326678649	NA	NA	NA	NA	NA	NA	NA	NA	3.6275000000000004
NA	2019-07-24T00:00:00Z	6A	123	22.4	3.3	21.3	21.1	18	1.2	NA	2019	6A123	6	A				NA	vegetative > flowering > dead_nf	vegetative	flowering	dead_nf	FALSE	Control	Control	2019-06-05T19:00:00Z	156	2019-06-05T17:00:00Z	156	Normal	156	normal	2019-06-05T18:00:00Z	157.75	-1.75	175	227	219	18.420841963803518	26.20513324528178	44.6259752090853	NA	NA	NA	NA	NA	NA	NA	NA	4.09
NA	2019-07-24T00:00:00Z	6A	123	22.7	3.1	20.3	20.4	19.3	1.5	NA	2019	6A123	6	A				NA	vegetative > flowering > dead_nf	vegetative	flowering	dead_nf	FALSE	Control	Control	2019-06-05T19:00:00Z	156	2019-06-05T17:00:00Z	156	Normal	156	normal	2019-06-05T18:00:00Z	157.75	-1.75	175	227	219	18.420841963803518	26.20513324528178	44.6259752090853	NA	NA	NA	NA	NA	NA	NA	NA	4.09
NA	2019-07-24T00:00:00Z	6A	124	27.7	3.2	27.4	26.6	23	1.2	NA	2019	6A124	6	A				NA	vegetative > flowering > vegetative	vegetative	flowering	vegetative	FALSE	Control	Control	2019-06-05T19:00:00Z	156	2019-06-05T17:00:00Z	156	Normal	156	normal	2019-06-05T18:00:00Z	157.75	-1.75	175	227	219	18.420841963803518	26.20513324528178	44.6259752090853	NA	NA	NA	NA	NA	NA	NA	NA	4.09
NA	2019-07-24T00:00:00Z	6A	156	26.4	3.6	24.8	26.7	24.5	1.5	NA	2019	6A156	6	A				NA	vegetative > flowering > dead_nf	vegetative	flowering	dead_nf	FALSE	Control	Control	2019-06-05T19:00:00Z	156	2019-06-05T17:00:00Z	156	Normal	156	normal	2019-06-05T18:00:00Z	157.75	-1.75	175	227	219	18.420841963803518	26.20513324528178	44.6259752090853	NA	NA	NA	NA	NA	NA	NA	NA	4.09
NA	2019-07-24T00:00:00Z	6A	171	21.7	3.3	23.7	24.2	22.7	1.2	NA	2019	6A171	6	A				NA	vegetative > flowering > dead_nf	vegetative	flowering	dead_nf	FALSE	Control	Control	2019-06-05T19:00:00Z	156	2019-06-05T17:00:00Z	156	Normal	156	normal	2019-06-05T18:00:00Z	157.75	-1.75	175	227	219	18.420841963803518	26.20513324528178	44.6259752090853	NA	NA	NA	NA	NA	NA	NA	NA	4.09
NA	2019-07-24T00:00:00Z	6B	23	23.4	3.4	27.5	22.9	19.1	1.4	NA	2019	6B23	6	B				NA	vegetative > flowering > dead_nf	vegetative	flowering	dead_nf	FALSE	Reduction	Reduction	2019-06-05T19:00:00Z	156	2019-06-05T17:00:00Z	156	Normal	156	normal	2019-06-05T18:00:00Z	157.75	-1.75	175	227	219	18.420841963803518	13.10256662264089	31.523408586444408	NA	NA	NA	NA	NA	NA	NA	NA	3.89
NA	2019-07-24T00:00:00Z	6B	23	29.1	3.5	30.6	27.5	23.1	1.5	NA	2019	6B23	6	B				NA	vegetative > flowering > dead_nf	vegetative	flowering	dead_nf	FALSE	Reduction	Reduction	2019-06-05T19:00:00Z	156	2019-06-05T17:00:00Z	156	Normal	156	normal	2019-06-05T18:00:00Z	157.75	-1.75	175	227	219	18.420841963803518	13.10256662264089	31.523408586444408	NA	NA	NA	NA	NA	NA	NA	NA	3.89
NA	2019-07-24T00:00:00Z	6B	31	24.4	3.2	26.5	22.5	21.3	1.4	NA	2019	6B31	6	B				NA	vegetative > flowering > dead_nf	vegetative	flowering	dead_nf	FALSE	Reduction	Reduction	2019-06-05T19:00:00Z	156	2019-06-05T17:00:00Z	156	Normal	156	normal	2019-06-05T18:00:00Z	157.75	-1.75	175	227	219	18.420841963803518	13.10256662264089	31.523408586444408	NA	NA	NA	NA	NA	NA	NA	NA	3.89
NA	2019-07-24T00:00:00Z	6B	35	27.3	3.6	25.6	24.5	22.6	1.4	NA	2019	6B35	6	B				NA	vegetative > flowering > dead_nf	vegetative	flowering	dead_nf	FALSE	Reduction	Reduction	2019-06-05T19:00:00Z	156	2019-06-05T17:00:00Z	156	Normal	156	normal	2019-06-05T18:00:00Z	157.75	-1.75	175	227	219	18.420841963803518	13.10256662264089	31.523408586444408	NA	NA	NA	NA	NA	NA	NA	NA	3.89
NA	2019-07-24T00:00:00Z	6B	35	27.4	3.6	23	26.4	23.5	1.9	NA	2019	6B35	6	B				NA	vegetative > flowering > dead_nf	vegetative	flowering	dead_nf	FALSE	Reduction	Reduction	2019-06-05T19:00:00Z	156	2019-06-05T17:00:00Z	156	Normal	156	normal	2019-06-05T18:00:00Z	157.75	-1.75	175	227	219	18.420841963803518	13.10256662264089	31.523408586444408	NA	NA	NA	NA	NA	NA	NA	NA	3.89
NA	2019-07-24T00:00:00Z	6B	36	24.1	3.8	21.3	18.6	18.6	1.5	NA	2019	6B36	6	B				NA	vegetative > flowering > flowering	vegetative	flowering	flowering	FALSE	Reduction	Reduction	2019-06-05T19:00:00Z	156	2019-06-05T17:00:00Z	156	Normal	156	normal	2019-06-05T18:00:00Z	157.75	-1.75	175	227	219	18.420841963803518	13.10256662264089	31.523408586444408	NA	NA	NA	NA	NA	NA	NA	NA	3.89
NA	2019-07-24T00:00:00Z	6B	7	22.6	3.7	18.5	21.2	18.5	1.3	NA	2019	6B7	6	B				NA	vegetative > flowering > dead_nf	vegetative	flowering	dead_nf	FALSE	Reduction	Reduction	2019-06-05T19:00:00Z	156	2019-06-05T17:00:00Z	156	Normal	156	normal	2019-06-05T18:00:00Z	157.75	-1.75	175	227	219	18.420841963803518	13.10256662264089	31.523408586444408	NA	NA	NA	NA	NA	NA	NA	NA	3.89
NA	2019-07-24T00:00:00Z	6B	7	25.3	4.1	22.6	22.1	19.7	1.4	NA	2019	6B7	6	B				NA	vegetative > flowering > dead_nf	vegetative	flowering	dead_nf	FALSE	Reduction	Reduction	2019-06-05T19:00:00Z	156	2019-06-05T17:00:00Z	156	Normal	156	normal	2019-06-05T18:00:00Z	157.75	-1.75	175	227	219	18.420841963803518	13.10256662264089	31.523408586444408	NA	NA	NA	NA	NA	NA	NA	NA	3.89
NA	2019-07-24T00:00:00Z	6C	108	30	3.8	29	29.4	25.6	1.6	NA	2019	6C108	6	C				NA	vegetative > flowering > dead_nf	vegetative	flowering	dead_nf	FALSE	Control	Mock rainout	2019-06-05T19:00:00Z	156	2019-06-05T17:00:00Z	156	Normal	156	normal	2019-06-05T18:00:00Z	157.75	-1.75	175	227	219	18.420841963803518	26.20513324528178	44.6259752090853	NA	NA	NA	NA	NA	NA	NA	NA	3.995
NA	2019-07-24T00:00:00Z	6C	108	31.8	4.5	28.6	28.5	25.1	1.5	NA	2019	6C108	6	C				NA	vegetative > flowering > dead_nf	vegetative	flowering	dead_nf	FALSE	Control	Mock rainout	2019-06-05T19:00:00Z	156	2019-06-05T17:00:00Z	156	Normal	156	normal	2019-06-05T18:00:00Z	157.75	-1.75	175	227	219	18.420841963803518	26.20513324528178	44.6259752090853	NA	NA	NA	NA	NA	NA	NA	NA	3.995
NA	2019-07-24T00:00:00Z	6C	122	26.8	3.2	22.2	25.9	22.8	1.4	NA	2019	6C122	6	C				NA	vegetative > flowering > vegetative	vegetative	flowering	vegetative	FALSE	Control	Mock rainout	2019-06-05T19:00:00Z	156	2019-06-05T17:00:00Z	156	Normal	156	normal	2019-06-05T18:00:00Z	157.75	-1.75	175	227	219	18.420841963803518	26.20513324528178	44.6259752090853	NA	NA	NA	NA	NA	NA	NA	NA	3.995
NA	2019-07-24T00:00:00Z	6C	122	29	3.1	23.2	26.7	25.2	1.5	NA	2019	6C122	6	C				NA	vegetative > flowering > vegetative	vegetative	flowering	vegetative	FALSE	Control	Mock rainout	2019-06-05T19:00:00Z	156	2019-06-05T17:00:00Z	156	Normal	156	normal	2019-06-05T18:00:00Z	157.75	-1.75	175	227	219	18.420841963803518	26.20513324528178	44.6259752090853	NA	NA	NA	NA	NA	NA	NA	NA	3.995
NA	2019-07-24T00:00:00Z	6C	123	26.8	4	24.2	24	21.2	1.4	NA	2019	6C123	6	C				NA	vegetative > flowering > dead_nf	vegetative	flowering	dead_nf	FALSE	Control	Mock rainout	2019-06-05T19:00:00Z	156	2019-06-05T17:00:00Z	156	Normal	156	normal	2019-06-05T18:00:00Z	157.75	-1.75	175	227	219	18.420841963803518	26.20513324528178	44.6259752090853	NA	NA	NA	NA	NA	NA	NA	NA	3.995
NA	2019-07-24T00:00:00Z	6C	123	28.5	3.8	25.2	27.5	23.7	1.7	NA	2019	6C123	6	C				NA	vegetative > flowering > dead_nf	vegetative	flowering	dead_nf	FALSE	Control	Mock rainout	2019-06-05T19:00:00Z	156	2019-06-05T17:00:00Z	156	Normal	156	normal	2019-06-05T18:00:00Z	157.75	-1.75	175	227	219	18.420841963803518	26.20513324528178	44.6259752090853	NA	NA	NA	NA	NA	NA	NA	NA	3.995
NA	2019-07-24T00:00:00Z	6C	80	22.9	3.8	24.1	21	20	1.6	NA	2019	6C80	6	C				NA	vegetative > flowering > vegetative	vegetative	flowering	vegetative	FALSE	Control	Mock rainout	2019-06-05T19:00:00Z	156	2019-06-05T17:00:00Z	156	Normal	156	normal	2019-06-05T18:00:00Z	157.75	-1.75	175	227	219	18.420841963803518	26.20513324528178	44.6259752090853	NA	NA	NA	NA	NA	NA	NA	NA	3.995
NA	2019-07-24T00:00:00Z	6C	80	25.4	3.5	22.7	23.7	21.5	1.5	NA	2019	6C80	6	C				NA	vegetative > flowering > vegetative	vegetative	flowering	vegetative	FALSE	Control	Mock rainout	2019-06-05T19:00:00Z	156	2019-06-05T17:00:00Z	156	Normal	156	normal	2019-06-05T18:00:00Z	157.75	-1.75	175	227	219	18.420841963803518	26.20513324528178	44.6259752090853	NA	NA	NA	NA	NA	NA	NA	NA	3.995
NA	2019-07-24T00:00:00Z	6C	83	23.5	3.6	23.5	24.6	20.5	1.5	NA	2019	6C83	6	C				NA	vegetative > flowering > dead_nf	vegetative	flowering	dead_nf	FALSE	Control	Mock rainout	2019-06-05T19:00:00Z	156	2019-06-05T17:00:00Z	156	Normal	156	normal	2019-06-05T18:00:00Z	157.75	-1.75	175	227	219	18.420841963803518	26.20513324528178	44.6259752090853	NA	NA	NA	NA	NA	NA	NA	NA	3.995
NA	2019-07-24T00:00:00Z	6C	83	25.3	3.7	24.3	25	21	1.4	NA	2019	6C83	6	C				NA	vegetative > flowering > dead_nf	vegetative	flowering	dead_nf	FALSE	Control	Mock rainout	2019-06-05T19:00:00Z	156	2019-06-05T17:00:00Z	156	Normal	156	normal	2019-06-05T18:00:00Z	157.75	-1.75	175	227	219	18.420841963803518	26.20513324528178	44.6259752090853	NA	NA	NA	NA	NA	NA	NA	NA	3.995
NA	2019-07-24T00:00:00Z	6D	108	24.5	3.2	25	24.1	22.6	1.7	NA	2019	6D108	6	D				NA	NA	NA	NA	NA	FALSE	Addition	Addition	2019-06-05T19:00:00Z	156	2019-06-05T17:00:00Z	156	Normal	156	normal	2019-06-05T18:00:00Z	157.75	-1.75	175	227	219	18.420841963803518	103.20513324528179	121.62597520908531	NA	NA	NA	NA	NA	NA	NA	NA	5.4175
NA	2019-07-24T00:00:00Z	6D	39	25.2	3.1	27.2	24.3	22.2	1.5	NA	2019	6D39	6	D				NA	vegetative > flowering > dead_nf	vegetative	flowering	dead_nf	FALSE	Addition	Addition	2019-06-05T19:00:00Z	156	2019-06-05T17:00:00Z	156	Normal	156	normal	2019-06-05T18:00:00Z	157.75	-1.75	175	227	219	18.420841963803518	103.20513324528179	121.62597520908531	NA	NA	NA	NA	NA	NA	NA	NA	5.4175
NA	2019-07-24T00:00:00Z	6D	39	29.8	3.3	25.6	27.4	22.5	1.6	NA	2019	6D39	6	D				NA	vegetative > flowering > dead_nf	vegetative	flowering	dead_nf	FALSE	Addition	Addition	2019-06-05T19:00:00Z	156	2019-06-05T17:00:00Z	156	Normal	156	normal	2019-06-05T18:00:00Z	157.75	-1.75	175	227	219	18.420841963803518	103.20513324528179	121.62597520908531	NA	NA	NA	NA	NA	NA	NA	NA	5.4175
NA	2019-07-24T00:00:00Z	6D	50	28.7	3.6	31.6	28.2	27.5	1.2	NA	2019	6D50	6	D				NA	vegetative > flowering > dead_nf	vegetative	flowering	dead_nf	FALSE	Addition	Addition	2019-06-05T19:00:00Z	156	2019-06-05T17:00:00Z	156	Normal	156	normal	2019-06-05T18:00:00Z	157.75	-1.75	175	227	219	18.420841963803518	103.20513324528179	121.62597520908531	NA	NA	NA	NA	NA	NA	NA	NA	5.4175
NA	2019-07-24T00:00:00Z	6D	50	28.9	3	25.4	26.5	23.4	1.7	NA	2019	6D50	6	D				NA	vegetative > flowering > dead_nf	vegetative	flowering	dead_nf	FALSE	Addition	Addition	2019-06-05T19:00:00Z	156	2019-06-05T17:00:00Z	156	Normal	156	normal	2019-06-05T18:00:00Z	157.75	-1.75	175	227	219	18.420841963803518	103.20513324528179	121.62597520908531	NA	NA	NA	NA	NA	NA	NA	NA	5.4175
NA	2019-07-24T00:00:00Z	6D	70	25.6	3.5	25	22	21.5	1.5	NA	2019	6D70	6	D				NA	vegetative > flowering > dead_nf	vegetative	flowering	dead_nf	FALSE	Addition	Addition	2019-06-05T19:00:00Z	156	2019-06-05T17:00:00Z	156	Normal	156	normal	2019-06-05T18:00:00Z	157.75	-1.75	175	227	219	18.420841963803518	103.20513324528179	121.62597520908531	NA	NA	NA	NA	NA	NA	NA	NA	5.4175
NA	2019-07-24T00:00:00Z	6D	79	26.2	4	26.5	26.2	24.5	1.5	NA	2019	6D79	6	D				NA	vegetative > flowering > dead_nf	vegetative	flowering	dead_nf	FALSE	Addition	Addition	2019-06-05T19:00:00Z	156	2019-06-05T17:00:00Z	156	Normal	156	normal	2019-06-05T18:00:00Z	157.75	-1.75	175	227	219	18.420841963803518	103.20513324528179	121.62597520908531	NA	NA	NA	NA	NA	NA	NA	NA	5.4175
NA	2019-07-24T00:00:00Z	6D	79	26.3	3.8	26.4	26	22.5	1.2	NA	2019	6D79	6	D				NA	vegetative > flowering > dead_nf	vegetative	flowering	dead_nf	FALSE	Addition	Addition	2019-06-05T19:00:00Z	156	2019-06-05T17:00:00Z	156	Normal	156	normal	2019-06-05T18:00:00Z	157.75	-1.75	175	227	219	18.420841963803518	103.20513324528179	121.62597520908531	NA	NA	NA	NA	NA	NA	NA	NA	5.4175
NA	2019-07-26T00:00:00Z	5A	183	20.1	3.5	27.1	27.5	24.4	1.8	NA	2019	5A183	5	A				NA	vegetative > flowering > dead_nf	vegetative	flowering	dead_nf	FALSE	Addition	Addition	2019-06-04T15:00:00Z	155	2019-06-03T17:00:00Z	154	Early	155	early	2019-06-04T18:00:00Z	157.75	-2.75	175	227	219	18.73496002150471	103.20513324528179	121.94009326678649	NA	NA	NA	NA	NA	NA	NA	NA	4.8725
NA	2019-07-26T00:00:00Z	5A	183	29.5	3.4	27.8	26.9	24.8	1.5	NA	2019	5A183	5	A				NA	vegetative > flowering > dead_nf	vegetative	flowering	dead_nf	FALSE	Addition	Addition	2019-06-04T15:00:00Z	155	2019-06-03T17:00:00Z	154	Early	155	early	2019-06-04T18:00:00Z	157.75	-2.75	175	227	219	18.73496002150471	103.20513324528179	121.94009326678649	NA	NA	NA	NA	NA	NA	NA	NA	4.8725
NA	2019-07-26T00:00:00Z	5A	193	31.1	3.9	27.1	30.3	26.5	1.3	NA	2019	5A193	5	A				NA	vegetative > flowering > dead_nf	vegetative	flowering	dead_nf	FALSE	Addition	Addition	2019-06-04T15:00:00Z	155	2019-06-03T17:00:00Z	154	Early	155	early	2019-06-04T18:00:00Z	157.75	-2.75	175	227	219	18.73496002150471	103.20513324528179	121.94009326678649	NA	NA	NA	NA	NA	NA	NA	NA	4.8725
NA	2019-07-26T00:00:00Z	5A	193	31.9	3.5	27.6	30.8	27.5	1.7	NA	2019	5A193	5	A				NA	vegetative > flowering > dead_nf	vegetative	flowering	dead_nf	FALSE	Addition	Addition	2019-06-04T15:00:00Z	155	2019-06-03T17:00:00Z	154	Early	155	early	2019-06-04T18:00:00Z	157.75	-2.75	175	227	219	18.73496002150471	103.20513324528179	121.94009326678649	NA	NA	NA	NA	NA	NA	NA	NA	4.8725
NA	2019-07-26T00:00:00Z	5A	201	28.8	3.2	30	28.2	26.4	1.7	NA	2019	5A201	5	A				NA	vegetative > flowering > dead_nf	vegetative	flowering	dead_nf	FALSE	Addition	Addition	2019-06-04T15:00:00Z	155	2019-06-03T17:00:00Z	154	Early	155	early	2019-06-04T18:00:00Z	157.75	-2.75	175	227	219	18.73496002150471	103.20513324528179	121.94009326678649	NA	NA	NA	NA	NA	NA	NA	NA	4.8725
NA	2019-07-26T00:00:00Z	5A	203	25.5	3.2	27.3	28.3	24.5	1.6	NA	2019	5A203	5	A				NA	vegetative > flowering > dead_nf	vegetative	flowering	dead_nf	FALSE	Addition	Addition	2019-06-04T15:00:00Z	155	2019-06-03T17:00:00Z	154	Early	155	early	2019-06-04T18:00:00Z	157.75	-2.75	175	227	219	18.73496002150471	103.20513324528179	121.94009326678649	NA	NA	NA	NA	NA	NA	NA	NA	4.8725
NA	2019-07-26T00:00:00Z	5C	209	25.7	3.1	27.4	27.5	25.5	1	NA	2019	5C209	5	C				NA	vegetative > flowering > dead_nf	vegetative	flowering	dead_nf	FALSE	Reduction	Reduction	2019-06-04T15:00:00Z	155	2019-06-03T17:00:00Z	154	Early	155	early	2019-06-04T18:00:00Z	157.75	-2.75	175	227	219	18.73496002150471	13.10256662264089	31.837526644145598	NA	NA	NA	NA	NA	NA	NA	NA	3.26
NA	2019-07-26T00:00:00Z	5C	209	28.1	3	28.9	27.5	24.5	1.6	NA	2019	5C209	5	C				NA	vegetative > flowering > dead_nf	vegetative	flowering	dead_nf	FALSE	Reduction	Reduction	2019-06-04T15:00:00Z	155	2019-06-03T17:00:00Z	154	Early	155	early	2019-06-04T18:00:00Z	157.75	-2.75	175	227	219	18.73496002150471	13.10256662264089	31.837526644145598	NA	NA	NA	NA	NA	NA	NA	NA	3.26
NA	2019-07-26T00:00:00Z	5C	229	26.9	3	28.7	25.9	23.9	1.4	NA	2019	5C229	5	C				NA	vegetative > flowering > dead_nf	vegetative	flowering	dead_nf	FALSE	Reduction	Reduction	2019-06-04T15:00:00Z	155	2019-06-03T17:00:00Z	154	Early	155	early	2019-06-04T18:00:00Z	157.75	-2.75	175	227	219	18.73496002150471	13.10256662264089	31.837526644145598	NA	NA	NA	NA	NA	NA	NA	NA	3.26
NA	2019-07-26T00:00:00Z	5D	228	26.7	2.9	24.5	26.4	24.3	1.3	NA	2019	5D228	5	D				NA	flowering > flowering > dead_nf	flowering	flowering	dead_nf	FALSE	Control	Control	2019-06-04T15:00:00Z	155	2019-06-03T17:00:00Z	154	Early	155	early	2019-06-04T18:00:00Z	157.75	-2.75	175	227	219	18.73496002150471	26.20513324528178	44.94009326678649	NA	NA	NA	NA	NA	NA	NA	NA	3.6275000000000004
NA	2019-07-26T00:00:00Z	5D	228	29.9	3	30.6	29.5	26.2	1.5	NA	2019	5D228	5	D				NA	flowering > flowering > dead_nf	flowering	flowering	dead_nf	FALSE	Control	Control	2019-06-04T15:00:00Z	155	2019-06-03T17:00:00Z	154	Early	155	early	2019-06-04T18:00:00Z	157.75	-2.75	175	227	219	18.73496002150471	26.20513324528178	44.94009326678649	NA	NA	NA	NA	NA	NA	NA	NA	3.6275000000000004
NA	2019-07-26T00:00:00Z	5D	234	25.1	2.4	28	25.3	24	1.6	NA	2019	5D234	5	D		pheno18 seeds18		NA	vegetative > flowering > dead_nf	vegetative	flowering	dead_nf	FALSE	Control	Control	2019-06-04T15:00:00Z	155	2019-06-03T17:00:00Z	154	Early	155	early	2019-06-04T18:00:00Z	157.75	-2.75	175	227	219	18.73496002150471	26.20513324528178	44.94009326678649	NA	NA	NA	NA	NA	NA	NA	NA	3.6275000000000004
NA	2019-07-26T00:00:00Z	5D	286	27.1	3.2	28.9	27.5	24.5	1.9	NA	2019	5D286	5	D				NA	vegetative > flowering > dead_nf	vegetative	flowering	dead_nf	FALSE	Control	Control	2019-06-04T15:00:00Z	155	2019-06-03T17:00:00Z	154	Early	155	early	2019-06-04T18:00:00Z	157.75	-2.75	175	227	219	18.73496002150471	26.20513324528178	44.94009326678649	NA	NA	NA	NA	NA	NA	NA	NA	3.6275000000000004
NA	2019-07-26T00:00:00Z	5D	288	26.1	3.8	25.2	27.4	22.5	1.2	NA	2019	5D288	5	D		census20		NA	vegetative > flowering > dead_nf	vegetative	flowering	dead_nf	FALSE	Control	Control	2019-06-04T15:00:00Z	155	2019-06-03T17:00:00Z	154	Early	155	early	2019-06-04T18:00:00Z	157.75	-2.75	175	227	219	18.73496002150471	26.20513324528178	44.94009326678649	NA	NA	NA	NA	NA	NA	NA	NA	3.6275000000000004
NA	2019-07-26T00:00:00Z	6A	123	19.8	2	20.1	21.3	18.5	1.2	NA	2019	6A123	6	A				NA	vegetative > flowering > dead_nf	vegetative	flowering	dead_nf	FALSE	Control	Control	2019-06-05T19:00:00Z	156	2019-06-05T17:00:00Z	156	Normal	156	normal	2019-06-05T18:00:00Z	157.75	-1.75	175	227	219	18.420841963803518	26.20513324528178	44.6259752090853	NA	NA	NA	NA	NA	NA	NA	NA	4.09
NA	2019-07-26T00:00:00Z	6A	124	26.9	3.1	27	28.1	26.1	1.7	NA	2019	6A124	6	A				NA	vegetative > flowering > vegetative	vegetative	flowering	vegetative	FALSE	Control	Control	2019-06-05T19:00:00Z	156	2019-06-05T17:00:00Z	156	Normal	156	normal	2019-06-05T18:00:00Z	157.75	-1.75	175	227	219	18.420841963803518	26.20513324528178	44.6259752090853	NA	NA	NA	NA	NA	NA	NA	NA	4.09
NA	2019-07-26T00:00:00Z	6B	10	24.8	3.5	23.2	27.5	25.1	0.4	NA	2019	6B10	6	B				NA	vegetative > flowering > vegetative	vegetative	flowering	vegetative	FALSE	Reduction	Reduction	2019-06-05T19:00:00Z	156	2019-06-05T17:00:00Z	156	Normal	156	normal	2019-06-05T18:00:00Z	157.75	-1.75	175	227	219	18.420841963803518	13.10256662264089	31.523408586444408	NA	NA	NA	NA	NA	NA	NA	NA	3.89
NA	2019-07-26T00:00:00Z	6B	10	25.9	3.6	23.5	27.1	24.9	1.4	NA	2019	6B10	6	B				NA	vegetative > flowering > vegetative	vegetative	flowering	vegetative	FALSE	Reduction	Reduction	2019-06-05T19:00:00Z	156	2019-06-05T17:00:00Z	156	Normal	156	normal	2019-06-05T18:00:00Z	157.75	-1.75	175	227	219	18.420841963803518	13.10256662264089	31.523408586444408	NA	NA	NA	NA	NA	NA	NA	NA	3.89
NA	2019-07-26T00:00:00Z	6B	13	25.4	3.1	25.5	28.3	26.3	1.6	NA	2019	6B13	6	B				NA	vegetative > flowering > dead_nf	vegetative	flowering	dead_nf	FALSE	Reduction	Reduction	2019-06-05T19:00:00Z	156	2019-06-05T17:00:00Z	156	Normal	156	normal	2019-06-05T18:00:00Z	157.75	-1.75	175	227	219	18.420841963803518	13.10256662264089	31.523408586444408	NA	NA	NA	NA	NA	NA	NA	NA	3.89
NA	2019-07-26T00:00:00Z	6B	13	25.8	2.8	27.3	26.9	25.3	1.4	NA	2019	6B13	6	B				NA	vegetative > flowering > dead_nf	vegetative	flowering	dead_nf	FALSE	Reduction	Reduction	2019-06-05T19:00:00Z	156	2019-06-05T17:00:00Z	156	Normal	156	normal	2019-06-05T18:00:00Z	157.75	-1.75	175	227	219	18.420841963803518	13.10256662264089	31.523408586444408	NA	NA	NA	NA	NA	NA	NA	NA	3.89
NA	2019-07-26T00:00:00Z	6B	23	28	3.3	29.2	28.6	27.1	2.1	NA	2019	6B23	6	B				NA	vegetative > flowering > dead_nf	vegetative	flowering	dead_nf	FALSE	Reduction	Reduction	2019-06-05T19:00:00Z	156	2019-06-05T17:00:00Z	156	Normal	156	normal	2019-06-05T18:00:00Z	157.75	-1.75	175	227	219	18.420841963803518	13.10256662264089	31.523408586444408	NA	NA	NA	NA	NA	NA	NA	NA	3.89
NA	2019-07-26T00:00:00Z	6B	37	27.1	3.5	30.2	29.7	26.9	1.7	NA	2019	6B37	6	B				NA	vegetative > flowering > dead_nf	vegetative	flowering	dead_nf	FALSE	Reduction	Reduction	2019-06-05T19:00:00Z	156	2019-06-05T17:00:00Z	156	Normal	156	normal	2019-06-05T18:00:00Z	157.75	-1.75	175	227	219	18.420841963803518	13.10256662264089	31.523408586444408	NA	NA	NA	NA	NA	NA	NA	NA	3.89
NA	2019-07-26T00:00:00Z	6B	7	22.3	3.3	21.9	24.5	22.2	1.7	NA	2019	6B7	6	B				NA	vegetative > flowering > dead_nf	vegetative	flowering	dead_nf	FALSE	Reduction	Reduction	2019-06-05T19:00:00Z	156	2019-06-05T17:00:00Z	156	Normal	156	normal	2019-06-05T18:00:00Z	157.75	-1.75	175	227	219	18.420841963803518	13.10256662264089	31.523408586444408	NA	NA	NA	NA	NA	NA	NA	NA	3.89
NA	2019-07-30T00:00:00Z	2B	201	28.7	3.6	27.2	30	26.2	1.4	NA	2019	2B201	2	B				NA	vegetative > flowering > dead_nf	vegetative	flowering	dead_nf	FALSE	Control	Mock rainout	2019-06-09T15:00:00Z	160	2019-06-08T20:00:00Z	159	Normal	160	normal	2019-06-09T18:00:00Z	157.75	2.25	175	227	219	18.420841963803518	26.20513324528178	44.6259752090853	NA	NA	NA	NA	NA	NA	NA	NA	5.22
NA	2019-07-31T00:00:00Z	1A	246	23.1	2.5	29.7	20.4	29.8	1.5	NA	2019	1A246	1	A				NA	vegetative > flowering > flowering	vegetative	flowering	flowering	FALSE	Addition	Addition	2019-06-06T17:00:00Z	157	2019-06-06T15:00:00Z	157	Normal	157	normal	2019-06-06T18:00:00Z	157.75	-0.75	175	227	219	18.420841963803518	103.20513324528179	121.62597520908531	NA	NA	NA	NA	NA	NA	NA	NA	6.9775
NA	2019-07-31T00:00:00Z	1A	246	27.9	3.6	28	28.6	26.9	1.6	NA	2019	1A246	1	A				NA	vegetative > flowering > flowering	vegetative	flowering	flowering	FALSE	Addition	Addition	2019-06-06T17:00:00Z	157	2019-06-06T15:00:00Z	157	Normal	157	normal	2019-06-06T18:00:00Z	157.75	-0.75	175	227	219	18.420841963803518	103.20513324528179	121.62597520908531	NA	NA	NA	NA	NA	NA	NA	NA	6.9775
NA	2019-07-31T00:00:00Z	1A	259	27.1	3.4	31.6	29.1	25.5	1.4	NA	2019	1A259	1	A				NA	vegetative > flowering > dead_nf	vegetative	flowering	dead_nf	FALSE	Addition	Addition	2019-06-06T17:00:00Z	157	2019-06-06T15:00:00Z	157	Normal	157	normal	2019-06-06T18:00:00Z	157.75	-0.75	175	227	219	18.420841963803518	103.20513324528179	121.62597520908531	NA	NA	NA	NA	NA	NA	NA	NA	6.9775
NA	2019-07-31T00:00:00Z	1A	259	28.9	3.2	31	30.8	27	1.2	NA	2019	1A259	1	A				NA	vegetative > flowering > dead_nf	vegetative	flowering	dead_nf	FALSE	Addition	Addition	2019-06-06T17:00:00Z	157	2019-06-06T15:00:00Z	157	Normal	157	normal	2019-06-06T18:00:00Z	157.75	-0.75	175	227	219	18.420841963803518	103.20513324528179	121.62597520908531	NA	NA	NA	NA	NA	NA	NA	NA	6.9775
NA	2019-07-31T00:00:00Z	1B	657	26	3.5	31	29.1	25.9	1.7	NA	2019	1B657	1	B				NA	vegetative > flowering > dead_nf	vegetative	flowering	dead_nf	FALSE	Control	Control	2019-06-06T17:00:00Z	157	2019-06-06T15:00:00Z	157	Normal	157	normal	2019-06-06T18:00:00Z	157.75	-0.75	175	227	219	18.420841963803518	26.20513324528178	44.6259752090853	NA	NA	NA	NA	NA	NA	NA	NA	5.908571428571428
NA	2019-07-31T00:00:00Z	1B	670	27.5	3	29.7	27.7	24.5	1.3	NA	2019	1B670	1	B				NA	vegetative > flowering > dead_nf	vegetative	flowering	dead_nf	FALSE	Control	Control	2019-06-06T17:00:00Z	157	2019-06-06T15:00:00Z	157	Normal	157	normal	2019-06-06T18:00:00Z	157.75	-0.75	175	227	219	18.420841963803518	26.20513324528178	44.6259752090853	NA	NA	NA	NA	NA	NA	NA	NA	5.908571428571428
NA	2019-07-31T00:00:00Z	1B	670	29.7	3.7	29.3	30.5	24.9	1.2	NA	2019	1B670	1	B				NA	vegetative > flowering > dead_nf	vegetative	flowering	dead_nf	FALSE	Control	Control	2019-06-06T17:00:00Z	157	2019-06-06T15:00:00Z	157	Normal	157	normal	2019-06-06T18:00:00Z	157.75	-0.75	175	227	219	18.420841963803518	26.20513324528178	44.6259752090853	NA	NA	NA	NA	NA	NA	NA	NA	5.908571428571428
NA	2019-07-31T00:00:00Z	1D	5	28.5	2.9	22.9	28.7	23.9	1.6	NA	2019	1D5	1	D		census20 pheno20 floral20 seeds20		NA	vegetative > flowering > dead_nf	vegetative	flowering	dead_nf	FALSE	Reduction	Reduction	2019-06-06T17:00:00Z	157	2019-06-06T15:00:00Z	157	Normal	157	normal	2019-06-06T18:00:00Z	157.75	-0.75	175	227	219	18.420841963803518	13.10256662264089	31.523408586444408	NA	NA	NA	NA	NA	NA	NA	NA	4.875
NA	2019-07-31T00:00:00Z	2A	679	24.4	3	27	25.3	21.5	1.7	NA	2019	2A679	2	A				NA	no_record > flowering > dead_nf	no_record	flowering	dead_nf	FALSE	Control	Control	2019-06-09T15:00:00Z	160	2019-06-08T20:00:00Z	159	Normal	160	normal	2019-06-09T18:00:00Z	157.75	2.25	175	227	219	18.420841963803518	26.20513324528178	44.6259752090853	NA	NA	NA	NA	NA	NA	NA	NA	4.7525
NA	2019-07-31T00:00:00Z	2A	679	26.1	3.9	25.7	27.2	22.8	1.6	NA	2019	2A679	2	A				NA	no_record > flowering > dead_nf	no_record	flowering	dead_nf	FALSE	Control	Control	2019-06-09T15:00:00Z	160	2019-06-08T20:00:00Z	159	Normal	160	normal	2019-06-09T18:00:00Z	157.75	2.25	175	227	219	18.420841963803518	26.20513324528178	44.6259752090853	NA	NA	NA	NA	NA	NA	NA	NA	4.7525
NA	2019-07-31T00:00:00Z	2A	686	24.1	2.4	26.2	25.2	24.7	1.4	NA	2019	2A686	2	A				NA	vegetative > flowering > dead_nf	vegetative	flowering	dead_nf	FALSE	Control	Control	2019-06-09T15:00:00Z	160	2019-06-08T20:00:00Z	159	Normal	160	normal	2019-06-09T18:00:00Z	157.75	2.25	175	227	219	18.420841963803518	26.20513324528178	44.6259752090853	NA	NA	NA	NA	NA	NA	NA	NA	4.7525
NA	2019-07-31T00:00:00Z	2A	686	25.9	2.8	25.2	26.2	25	1.7	NA	2019	2A686	2	A				NA	vegetative > flowering > dead_nf	vegetative	flowering	dead_nf	FALSE	Control	Control	2019-06-09T15:00:00Z	160	2019-06-08T20:00:00Z	159	Normal	160	normal	2019-06-09T18:00:00Z	157.75	2.25	175	227	219	18.420841963803518	26.20513324528178	44.6259752090853	NA	NA	NA	NA	NA	NA	NA	NA	4.7525
NA	2019-07-31T00:00:00Z	2B	130	23.6	3.7	26.8	25.9	22.2	1.9	NA	2019	2B130	2	B				NA	vegetative > flowering > dead_nf	vegetative	flowering	dead_nf	FALSE	Control	Mock rainout	2019-06-09T15:00:00Z	160	2019-06-08T20:00:00Z	159	Normal	160	normal	2019-06-09T18:00:00Z	157.75	2.25	175	227	219	18.420841963803518	26.20513324528178	44.6259752090853	NA	NA	NA	NA	NA	NA	NA	NA	5.22
NA	2019-07-31T00:00:00Z	2B	130	25.6	3.5	25.5	29.1	26	1.9	NA	2019	2B130	2	B				NA	vegetative > flowering > dead_nf	vegetative	flowering	dead_nf	FALSE	Control	Mock rainout	2019-06-09T15:00:00Z	160	2019-06-08T20:00:00Z	159	Normal	160	normal	2019-06-09T18:00:00Z	157.75	2.25	175	227	219	18.420841963803518	26.20513324528178	44.6259752090853	NA	NA	NA	NA	NA	NA	NA	NA	5.22
NA	2019-07-31T00:00:00Z	2B	177	22.8	2.6	25	24.5	21.7	1.5	NA	2019	2B177	2	B				NA	vegetative > flowering > dead_nf	vegetative	flowering	dead_nf	FALSE	Control	Mock rainout	2019-06-09T15:00:00Z	160	2019-06-08T20:00:00Z	159	Normal	160	normal	2019-06-09T18:00:00Z	157.75	2.25	175	227	219	18.420841963803518	26.20513324528178	44.6259752090853	NA	NA	NA	NA	NA	NA	NA	NA	5.22
NA	2019-07-31T00:00:00Z	2B	177	24.1	2.3	25	23.2	20.5	1.7	NA	2019	2B177	2	B				NA	vegetative > flowering > dead_nf	vegetative	flowering	dead_nf	FALSE	Control	Mock rainout	2019-06-09T15:00:00Z	160	2019-06-08T20:00:00Z	159	Normal	160	normal	2019-06-09T18:00:00Z	157.75	2.25	175	227	219	18.420841963803518	26.20513324528178	44.6259752090853	NA	NA	NA	NA	NA	NA	NA	NA	5.22
NA	2019-07-31T00:00:00Z	2B	200	27.5	3.4	27.4	29.8	26	1	NA	2019	2B200	2	B				NA	vegetative > flowering > dead_nf	vegetative	flowering	dead_nf	FALSE	Control	Mock rainout	2019-06-09T15:00:00Z	160	2019-06-08T20:00:00Z	159	Normal	160	normal	2019-06-09T18:00:00Z	157.75	2.25	175	227	219	18.420841963803518	26.20513324528178	44.6259752090853	NA	NA	NA	NA	NA	NA	NA	NA	5.22
NA	2019-07-31T00:00:00Z	2C	277	21.7	2.4	22.5	22.8	18.5	1.7	NA	2019	2C277	2	C				NA	vegetative > vegetative > flowering	vegetative	vegetative	flowering	FALSE	Reduction	Reduction	2019-06-09T15:00:00Z	160	2019-06-08T20:00:00Z	159	Normal	160	normal	2019-06-09T18:00:00Z	157.75	2.25	175	227	219	18.420841963803518	13.10256662264089	31.523408586444408	NA	NA	NA	NA	NA	NA	NA	NA	5.1775
NA	2019-07-31T00:00:00Z	2C	277	24.8	2.9	26.4	25.2	24	1.5	NA	2019	2C277	2	C				NA	vegetative > vegetative > flowering	vegetative	vegetative	flowering	FALSE	Reduction	Reduction	2019-06-09T15:00:00Z	160	2019-06-08T20:00:00Z	159	Normal	160	normal	2019-06-09T18:00:00Z	157.75	2.25	175	227	219	18.420841963803518	13.10256662264089	31.523408586444408	NA	NA	NA	NA	NA	NA	NA	NA	5.1775
NA	2019-07-31T00:00:00Z	2C	285	24	3.1	25.5	22.8	20.3	1.7	NA	2019	2C285	2	C				NA	vegetative > flowering > vegetative	vegetative	flowering	vegetative	FALSE	Reduction	Reduction	2019-06-09T15:00:00Z	160	2019-06-08T20:00:00Z	159	Normal	160	normal	2019-06-09T18:00:00Z	157.75	2.25	175	227	219	18.420841963803518	13.10256662264089	31.523408586444408	NA	NA	NA	NA	NA	NA	NA	NA	5.1775
NA	2019-07-31T00:00:00Z	2C	286	23.4	3.8	26.1	23.6	21.4	1.7	NA	2019	2C286	2	C				NA	vegetative > flowering > dead_nf	vegetative	flowering	dead_nf	FALSE	Reduction	Reduction	2019-06-09T15:00:00Z	160	2019-06-08T20:00:00Z	159	Normal	160	normal	2019-06-09T18:00:00Z	157.75	2.25	175	227	219	18.420841963803518	13.10256662264089	31.523408586444408	NA	NA	NA	NA	NA	NA	NA	NA	5.1775
NA	2019-07-31T00:00:00Z	2C	286	24.1	3.7	28.6	26.5	21.7	1.5	NA	2019	2C286	2	C				NA	vegetative > flowering > dead_nf	vegetative	flowering	dead_nf	FALSE	Reduction	Reduction	2019-06-09T15:00:00Z	160	2019-06-08T20:00:00Z	159	Normal	160	normal	2019-06-09T18:00:00Z	157.75	2.25	175	227	219	18.420841963803518	13.10256662264089	31.523408586444408	NA	NA	NA	NA	NA	NA	NA	NA	5.1775
NA	2019-07-31T00:00:00Z	2C	288	21.2	3.5	23.3	21.5	19.5	1.4	NA	2019	2C288	2	C				NA	vegetative > flowering > dead_nf	vegetative	flowering	dead_nf	FALSE	Reduction	Reduction	2019-06-09T15:00:00Z	160	2019-06-08T20:00:00Z	159	Normal	160	normal	2019-06-09T18:00:00Z	157.75	2.25	175	227	219	18.420841963803518	13.10256662264089	31.523408586444408	NA	NA	NA	NA	NA	NA	NA	NA	5.1775
NA	2019-07-31T00:00:00Z	2C	288	25	3.9	28.5	25.2	21.9	1.4	NA	2019	2C288	2	C				NA	vegetative > flowering > dead_nf	vegetative	flowering	dead_nf	FALSE	Reduction	Reduction	2019-06-09T15:00:00Z	160	2019-06-08T20:00:00Z	159	Normal	160	normal	2019-06-09T18:00:00Z	157.75	2.25	175	227	219	18.420841963803518	13.10256662264089	31.523408586444408	NA	NA	NA	NA	NA	NA	NA	NA	5.1775
NA	2019-07-31T00:00:00Z	2C	298	25.5	3	27.5	27.7	26.1	1.3	NA	2019	2C298	2	C				NA	vegetative > flowering > dead_nf	vegetative	flowering	dead_nf	FALSE	Reduction	Reduction	2019-06-09T15:00:00Z	160	2019-06-08T20:00:00Z	159	Normal	160	normal	2019-06-09T18:00:00Z	157.75	2.25	175	227	219	18.420841963803518	13.10256662264089	31.523408586444408	NA	NA	NA	NA	NA	NA	NA	NA	5.1775
NA	2019-07-31T00:00:00Z	2C	298	26.1	3.5	28.9	29.3	26.4	1.4	NA	2019	2C298	2	C				NA	vegetative > flowering > dead_nf	vegetative	flowering	dead_nf	FALSE	Reduction	Reduction	2019-06-09T15:00:00Z	160	2019-06-08T20:00:00Z	159	Normal	160	normal	2019-06-09T18:00:00Z	157.75	2.25	175	227	219	18.420841963803518	13.10256662264089	31.523408586444408	NA	NA	NA	NA	NA	NA	NA	NA	5.1775
NA	2019-07-31T00:00:00Z	2C	300	23.1	3.2	28.4	24.9	22.1	1.9	NA	2019	2C300	2	C				NA	vegetative > flowering > vegetative	vegetative	flowering	vegetative	FALSE	Reduction	Reduction	2019-06-09T15:00:00Z	160	2019-06-08T20:00:00Z	159	Normal	160	normal	2019-06-09T18:00:00Z	157.75	2.25	175	227	219	18.420841963803518	13.10256662264089	31.523408586444408	NA	NA	NA	NA	NA	NA	NA	NA	5.1775
NA	2019-07-31T00:00:00Z	2C	300	27.4	3	28.3	29.6	24	1.7	NA	2019	2C300	2	C				NA	vegetative > flowering > vegetative	vegetative	flowering	vegetative	FALSE	Reduction	Reduction	2019-06-09T15:00:00Z	160	2019-06-08T20:00:00Z	159	Normal	160	normal	2019-06-09T18:00:00Z	157.75	2.25	175	227	219	18.420841963803518	13.10256662264089	31.523408586444408	NA	NA	NA	NA	NA	NA	NA	NA	5.1775
NA	2019-07-31T00:00:00Z	2D	217	20.5	2.9	20.7	22.9	20.2	1.6	NA	2019	2D217	2	D		pheno18		NA	vegetative > flowering > vegetative	vegetative	flowering	vegetative	FALSE	Addition	Addition	2019-06-09T15:00:00Z	160	2019-06-08T20:00:00Z	159	Normal	160	normal	2019-06-09T18:00:00Z	157.75	2.25	175	227	219	18.420841963803518	103.20513324528179	121.62597520908531	NA	NA	NA	NA	NA	NA	NA	NA	6.6425
NA	2019-07-31T00:00:00Z	2D	217	23.9	3.3	21	24.5	20.7	1.3	NA	2019	2D217	2	D		pheno18		NA	vegetative > flowering > vegetative	vegetative	flowering	vegetative	FALSE	Addition	Addition	2019-06-09T15:00:00Z	160	2019-06-08T20:00:00Z	159	Normal	160	normal	2019-06-09T18:00:00Z	157.75	2.25	175	227	219	18.420841963803518	103.20513324528179	121.62597520908531	NA	NA	NA	NA	NA	NA	NA	NA	6.6425
NA	2019-07-31T00:00:00Z	2D	222	23.5	3.7	24.7	29.3	24.5	1	NA	2019	2D222	2	D				NA	vegetative > flowering > dead_nf	vegetative	flowering	dead_nf	FALSE	Addition	Addition	2019-06-09T15:00:00Z	160	2019-06-08T20:00:00Z	159	Normal	160	normal	2019-06-09T18:00:00Z	157.75	2.25	175	227	219	18.420841963803518	103.20513324528179	121.62597520908531	NA	NA	NA	NA	NA	NA	NA	NA	6.6425
NA	2019-07-31T00:00:00Z	2D	222	25.1	3.5	25.9	27	24.1	1.2	NA	2019	2D222	2	D				NA	vegetative > flowering > dead_nf	vegetative	flowering	dead_nf	FALSE	Addition	Addition	2019-06-09T15:00:00Z	160	2019-06-08T20:00:00Z	159	Normal	160	normal	2019-06-09T18:00:00Z	157.75	2.25	175	227	219	18.420841963803518	103.20513324528179	121.62597520908531	NA	NA	NA	NA	NA	NA	NA	NA	6.6425
NA	2019-07-31T00:00:00Z	2D	225	29.3	3.1	26.6	26	27.1	1.3	NA	2019	2D225	2	D				NA	vegetative > flowering > dead_nf	vegetative	flowering	dead_nf	FALSE	Addition	Addition	2019-06-09T15:00:00Z	160	2019-06-08T20:00:00Z	159	Normal	160	normal	2019-06-09T18:00:00Z	157.75	2.25	175	227	219	18.420841963803518	103.20513324528179	121.62597520908531	NA	NA	NA	NA	NA	NA	NA	NA	6.6425
NA	2019-07-31T00:00:00Z	2D	225	29.9	3.6	29.6	32	30	0.9	NA	2019	2D225	2	D				NA	vegetative > flowering > dead_nf	vegetative	flowering	dead_nf	FALSE	Addition	Addition	2019-06-09T15:00:00Z	160	2019-06-08T20:00:00Z	159	Normal	160	normal	2019-06-09T18:00:00Z	157.75	2.25	175	227	219	18.420841963803518	103.20513324528179	121.62597520908531	NA	NA	NA	NA	NA	NA	NA	NA	6.6425
NA	2019-07-31T00:00:00Z	2D	257	28.9	3.1	27	28.9	27.8	1.4	NA	2019	2D257	2	D				NA	vegetative > flowering > dead_nf	vegetative	flowering	dead_nf	FALSE	Addition	Addition	2019-06-09T15:00:00Z	160	2019-06-08T20:00:00Z	159	Normal	160	normal	2019-06-09T18:00:00Z	157.75	2.25	175	227	219	18.420841963803518	103.20513324528179	121.62597520908531	NA	NA	NA	NA	NA	NA	NA	NA	6.6425
NA	2019-07-31T00:00:00Z	2D	257	29.5	3.8	28.9	29.9	28.2	0.9	NA	2019	2D257	2	D				NA	vegetative > flowering > dead_nf	vegetative	flowering	dead_nf	FALSE	Addition	Addition	2019-06-09T15:00:00Z	160	2019-06-08T20:00:00Z	159	Normal	160	normal	2019-06-09T18:00:00Z	157.75	2.25	175	227	219	18.420841963803518	103.20513324528179	121.62597520908531	NA	NA	NA	NA	NA	NA	NA	NA	6.6425
NA	2019-07-31T00:00:00Z	3A	120	23.9	3	24.4	25.4	23.3	1.1	NA	2019	3A120	3	A				NA	vegetative > flowering > dead_nf	vegetative	flowering	dead_nf	FALSE	Reduction	Reduction	2019-06-07T14:00:00Z	158	2019-06-06T19:00:00Z	157	Normal	158	normal	2019-06-07T18:00:00Z	157.75	0.25	175	227	219	18.420841963803518	13.10256662264089	31.523408586444408	NA	NA	NA	NA	NA	NA	NA	NA	4.465
NA	2019-07-31T00:00:00Z	3A	120	28.6	3.5	25.3	30	27.4	1.7	NA	2019	3A120	3	A				NA	vegetative > flowering > dead_nf	vegetative	flowering	dead_nf	FALSE	Reduction	Reduction	2019-06-07T14:00:00Z	158	2019-06-06T19:00:00Z	157	Normal	158	normal	2019-06-07T18:00:00Z	157.75	0.25	175	227	219	18.420841963803518	13.10256662264089	31.523408586444408	NA	NA	NA	NA	NA	NA	NA	NA	4.465
NA	2019-07-31T00:00:00Z	3A	642	21.7	3.4	24.3	23	21	2	NA	2019	3A642	3	A				NA	vegetative > flowering > dead_nf	vegetative	flowering	dead_nf	FALSE	Reduction	Reduction	2019-06-07T14:00:00Z	158	2019-06-06T19:00:00Z	157	Normal	158	normal	2019-06-07T18:00:00Z	157.75	0.25	175	227	219	18.420841963803518	13.10256662264089	31.523408586444408	NA	NA	NA	NA	NA	NA	NA	NA	4.465
NA	2019-07-31T00:00:00Z	3A	642	26.4	2.9	27.6	29	24.9	1.7	NA	2019	3A642	3	A				NA	vegetative > flowering > dead_nf	vegetative	flowering	dead_nf	FALSE	Reduction	Reduction	2019-06-07T14:00:00Z	158	2019-06-06T19:00:00Z	157	Normal	158	normal	2019-06-07T18:00:00Z	157.75	0.25	175	227	219	18.420841963803518	13.10256662264089	31.523408586444408	NA	NA	NA	NA	NA	NA	NA	NA	4.465
NA	2019-07-31T00:00:00Z	3C	150	25.5	3.2	24.8	26.6	24.3	1.4	NA	2019	3C150	3	C				NA	vegetative > flowering > dead_nf	vegetative	flowering	dead_nf	FALSE	Addition	Addition	2019-06-07T14:00:00Z	158	2019-06-06T19:00:00Z	157	Normal	158	normal	2019-06-07T18:00:00Z	157.75	0.25	175	227	219	18.420841963803518	103.20513324528179	121.62597520908531	NA	NA	NA	NA	NA	NA	NA	NA	5.7625
NA	2019-07-31T00:00:00Z	3C	150	29.9	3	30.6	30.1	27.7	1.7	NA	2019	3C150	3	C				NA	vegetative > flowering > dead_nf	vegetative	flowering	dead_nf	FALSE	Addition	Addition	2019-06-07T14:00:00Z	158	2019-06-06T19:00:00Z	157	Normal	158	normal	2019-06-07T18:00:00Z	157.75	0.25	175	227	219	18.420841963803518	103.20513324528179	121.62597520908531	NA	NA	NA	NA	NA	NA	NA	NA	5.7625
NA	2019-07-31T00:00:00Z	3C	151	26.4	3.4	28	25.3	25.2	1.5	NA	2019	3C151	3	C				NA	vegetative > flowering > dead_nf	vegetative	flowering	dead_nf	FALSE	Addition	Addition	2019-06-07T14:00:00Z	158	2019-06-06T19:00:00Z	157	Normal	158	normal	2019-06-07T18:00:00Z	157.75	0.25	175	227	219	18.420841963803518	103.20513324528179	121.62597520908531	NA	NA	NA	NA	NA	NA	NA	NA	5.7625
NA	2019-07-31T00:00:00Z	3C	151	26.7	3	28.6	27.6	24.7	1.7	NA	2019	3C151	3	C				NA	vegetative > flowering > dead_nf	vegetative	flowering	dead_nf	FALSE	Addition	Addition	2019-06-07T14:00:00Z	158	2019-06-06T19:00:00Z	157	Normal	158	normal	2019-06-07T18:00:00Z	157.75	0.25	175	227	219	18.420841963803518	103.20513324528179	121.62597520908531	NA	NA	NA	NA	NA	NA	NA	NA	5.7625
NA	2019-07-31T00:00:00Z	3C	161	30	3.4	28.4	31.4	29.6	1.3	NA	2019	3C161	3	C				NA	vegetative > flowering > dead_nf	vegetative	flowering	dead_nf	FALSE	Addition	Addition	2019-06-07T14:00:00Z	158	2019-06-06T19:00:00Z	157	Normal	158	normal	2019-06-07T18:00:00Z	157.75	0.25	175	227	219	18.420841963803518	103.20513324528179	121.62597520908531	NA	NA	NA	NA	NA	NA	NA	NA	5.7625
NA	2019-07-31T00:00:00Z	3C	161	31	1.9	29	33	29.6	1	NA	2019	3C161	3	C				NA	vegetative > flowering > dead_nf	vegetative	flowering	dead_nf	FALSE	Addition	Addition	2019-06-07T14:00:00Z	158	2019-06-06T19:00:00Z	157	Normal	158	normal	2019-06-07T18:00:00Z	157.75	0.25	175	227	219	18.420841963803518	103.20513324528179	121.62597520908531	NA	NA	NA	NA	NA	NA	NA	NA	5.7625
NA	2019-07-31T00:00:00Z	3C	172	26.3	3.7	26.5	27.5	23.7	1.9	NA	2019	3C172	3	C				NA	vegetative > flowering > dead_nf	vegetative	flowering	dead_nf	FALSE	Addition	Addition	2019-06-07T14:00:00Z	158	2019-06-06T19:00:00Z	157	Normal	158	normal	2019-06-07T18:00:00Z	157.75	0.25	175	227	219	18.420841963803518	103.20513324528179	121.62597520908531	NA	NA	NA	NA	NA	NA	NA	NA	5.7625
NA	2019-07-31T00:00:00Z	3C	172	27.5	3.5	25.4	27.7	25.5	1.4	NA	2019	3C172	3	C				NA	vegetative > flowering > dead_nf	vegetative	flowering	dead_nf	FALSE	Addition	Addition	2019-06-07T14:00:00Z	158	2019-06-06T19:00:00Z	157	Normal	158	normal	2019-06-07T18:00:00Z	157.75	0.25	175	227	219	18.420841963803518	103.20513324528179	121.62597520908531	NA	NA	NA	NA	NA	NA	NA	NA	5.7625
NA	2019-07-31T00:00:00Z	3C	179	25.9	3.2	26.4	26.4	26	1.2	NA	2019	3C179	3	C				NA	vegetative > flowering > dead_nf	vegetative	flowering	dead_nf	FALSE	Addition	Addition	2019-06-07T14:00:00Z	158	2019-06-06T19:00:00Z	157	Normal	158	normal	2019-06-07T18:00:00Z	157.75	0.25	175	227	219	18.420841963803518	103.20513324528179	121.62597520908531	NA	NA	NA	NA	NA	NA	NA	NA	5.7625
NA	2019-07-31T00:00:00Z	3C	179	26.6	3	25.2	27.4	26.5	1.7	NA	2019	3C179	3	C				NA	vegetative > flowering > dead_nf	vegetative	flowering	dead_nf	FALSE	Addition	Addition	2019-06-07T14:00:00Z	158	2019-06-06T19:00:00Z	157	Normal	158	normal	2019-06-07T18:00:00Z	157.75	0.25	175	227	219	18.420841963803518	103.20513324528179	121.62597520908531	NA	NA	NA	NA	NA	NA	NA	NA	5.7625
NA	2019-07-31T00:00:00Z	3C	182	25.8	3.7	25.2	27.4	26.5	1.7	NA	2019	3C182	3	C				NA	vegetative > flowering > dead_nf	vegetative	flowering	dead_nf	FALSE	Addition	Addition	2019-06-07T14:00:00Z	158	2019-06-06T19:00:00Z	157	Normal	158	normal	2019-06-07T18:00:00Z	157.75	0.25	175	227	219	18.420841963803518	103.20513324528179	121.62597520908531	NA	NA	NA	NA	NA	NA	NA	NA	5.7625
NA	2019-07-31T00:00:00Z	3C	182	26.1	3.2	24.1	27	24.4	1.7	NA	2019	3C182	3	C				NA	vegetative > flowering > dead_nf	vegetative	flowering	dead_nf	FALSE	Addition	Addition	2019-06-07T14:00:00Z	158	2019-06-06T19:00:00Z	157	Normal	158	normal	2019-06-07T18:00:00Z	157.75	0.25	175	227	219	18.420841963803518	103.20513324528179	121.62597520908531	NA	NA	NA	NA	NA	NA	NA	NA	5.7625
NA	2019-07-31T00:00:00Z	3C	183	24.9	2.8	22.9	25.9	24.6	1.2	NA	2019	3C183	3	C				NA	vegetative > flowering > dead_nf	vegetative	flowering	dead_nf	FALSE	Addition	Addition	2019-06-07T14:00:00Z	158	2019-06-06T19:00:00Z	157	Normal	158	normal	2019-06-07T18:00:00Z	157.75	0.25	175	227	219	18.420841963803518	103.20513324528179	121.62597520908531	NA	NA	NA	NA	NA	NA	NA	NA	5.7625
NA	2019-07-31T00:00:00Z	3C	183	25	2.1	26.1	25.9	24.2	1.1	NA	2019	3C183	3	C				NA	vegetative > flowering > dead_nf	vegetative	flowering	dead_nf	FALSE	Addition	Addition	2019-06-07T14:00:00Z	158	2019-06-06T19:00:00Z	157	Normal	158	normal	2019-06-07T18:00:00Z	157.75	0.25	175	227	219	18.420841963803518	103.20513324528179	121.62597520908531	NA	NA	NA	NA	NA	NA	NA	NA	5.7625
NA	2019-07-31T00:00:00Z	3C	184	19.5	2.5	20.5	19	18.2	1.5	NA	2019	3C184	3	C			floral20 seeds20	3C174	vegetative > flowering > dead_nf	vegetative	flowering	dead_nf	FALSE	Addition	Addition	2019-06-07T14:00:00Z	158	2019-06-06T19:00:00Z	157	Normal	158	normal	2019-06-07T18:00:00Z	157.75	0.25	175	227	219	18.420841963803518	103.20513324528179	121.62597520908531	NA	NA	NA	NA	NA	NA	NA	NA	5.7625
NA	2019-07-31T00:00:00Z	3C	184	26.9	3.1	22.9	26.3	23.6	1.2	NA	2019	3C184	3	C			floral20 seeds20	3C174	vegetative > flowering > dead_nf	vegetative	flowering	dead_nf	FALSE	Addition	Addition	2019-06-07T14:00:00Z	158	2019-06-06T19:00:00Z	157	Normal	158	normal	2019-06-07T18:00:00Z	157.75	0.25	175	227	219	18.420841963803518	103.20513324528179	121.62597520908531	NA	NA	NA	NA	NA	NA	NA	NA	5.7625
NA	2019-07-31T00:00:00Z	4A	123	23.3	3.5	24.2	24.1	20	1.7	NA	2019	4A123	4	A				NA	vegetative > flowering > dead_nf	vegetative	flowering	dead_nf	FALSE	Addition	Addition	2019-05-27T22:00:00Z	147	2019-05-26T18:00:00Z	146	Early	147	early	2019-05-27T18:00:00Z	157.75	-10.75	175	227	219	21.750493375436122	103.20513324528179	124.95562662071791	NA	NA	NA	NA	NA	NA	NA	NA	4.335
NA	2019-07-31T00:00:00Z	4A	123	23.4	4.2	23.1	23.9	22.6	1.2	NA	2019	4A123	4	A				NA	vegetative > flowering > dead_nf	vegetative	flowering	dead_nf	FALSE	Addition	Addition	2019-05-27T22:00:00Z	147	2019-05-26T18:00:00Z	146	Early	147	early	2019-05-27T18:00:00Z	157.75	-10.75	175	227	219	21.750493375436122	103.20513324528179	124.95562662071791	NA	NA	NA	NA	NA	NA	NA	NA	4.335
NA	2019-07-31T00:00:00Z	4A	124	27.5	NA	27.3	27.1	23.6	1.2	NA	2019	4A124	4	A				NA	vegetative > flowering > flowering	vegetative	flowering	flowering	FALSE	Addition	Addition	2019-05-27T22:00:00Z	147	2019-05-26T18:00:00Z	146	Early	147	early	2019-05-27T18:00:00Z	157.75	-10.75	175	227	219	21.750493375436122	103.20513324528179	124.95562662071791	NA	NA	NA	NA	NA	NA	NA	NA	4.335
NA	2019-07-31T00:00:00Z	4A	124	28.4	NA	27.6	26.4	23.3	1.6	NA	2019	4A124	4	A				NA	vegetative > flowering > flowering	vegetative	flowering	flowering	FALSE	Addition	Addition	2019-05-27T22:00:00Z	147	2019-05-26T18:00:00Z	146	Early	147	early	2019-05-27T18:00:00Z	157.75	-10.75	175	227	219	21.750493375436122	103.20513324528179	124.95562662071791	NA	NA	NA	NA	NA	NA	NA	NA	4.335
NA	2019-07-31T00:00:00Z	4A	168	22.8	NA	20.6	20.7	18.1	1.6	NA	2019	4A168	4	A				NA	flowering > dead_nf > dead_nf	flowering	dead_nf	dead_nf	FALSE	Addition	Addition	2019-05-27T22:00:00Z	147	2019-05-26T18:00:00Z	146	Early	147	early	2019-05-27T18:00:00Z	157.75	-10.75	175	227	219	21.750493375436122	103.20513324528179	124.95562662071791	NA	NA	NA	NA	NA	NA	NA	NA	4.335
NA	2019-07-31T00:00:00Z	4A	168	23.4	NA	23.8	22.7	19.6	1.5	NA	2019	4A168	4	A				NA	flowering > dead_nf > dead_nf	flowering	dead_nf	dead_nf	FALSE	Addition	Addition	2019-05-27T22:00:00Z	147	2019-05-26T18:00:00Z	146	Early	147	early	2019-05-27T18:00:00Z	157.75	-10.75	175	227	219	21.750493375436122	103.20513324528179	124.95562662071791	NA	NA	NA	NA	NA	NA	NA	NA	4.335
NA	2019-07-31T00:00:00Z	4A	89	23.2	4	25.4	21.7	20	1.4	NA	2019	4A89	4	A				NA	vegetative > flowering > dead_nf	vegetative	flowering	dead_nf	FALSE	Addition	Addition	2019-05-27T22:00:00Z	147	2019-05-26T18:00:00Z	146	Early	147	early	2019-05-27T18:00:00Z	157.75	-10.75	175	227	219	21.750493375436122	103.20513324528179	124.95562662071791	NA	NA	NA	NA	NA	NA	NA	NA	4.335
NA	2019-07-31T00:00:00Z	4B	173	25.5	NA	25.4	23.6	22.3	1.5	NA	2019	4B173	4	B				NA	vegetative > flowering > dead_nf	vegetative	flowering	dead_nf	FALSE	Control	Mock rainout	2019-05-27T22:00:00Z	147	2019-05-26T18:00:00Z	146	Early	147	early	2019-05-27T18:00:00Z	157.75	-10.75	175	227	219	21.750493375436122	26.20513324528178	47.9556266207179	NA	NA	NA	NA	NA	NA	NA	NA	3.6175
NA	2019-07-31T00:00:00Z	4C	111	26.3	3.8	26.2	24.6	22.2	1.7	NA	2019	4C111	4	C				NA	vegetative > flowering > dead_nf	vegetative	flowering	dead_nf	FALSE	Control	Control	2019-05-27T22:00:00Z	147	2019-05-26T18:00:00Z	146	Early	147	early	2019-05-27T18:00:00Z	157.75	-10.75	175	227	219	21.750493375436122	26.20513324528178	47.9556266207179	NA	NA	NA	NA	NA	NA	NA	NA	3.5275
NA	2019-07-31T00:00:00Z	4C	115	23.7	3.3	23.4	24.4	22.2	1.8	NA	2019	4C115	4	C				NA	vegetative > flowering > dead_nf	vegetative	flowering	dead_nf	FALSE	Control	Control	2019-05-27T22:00:00Z	147	2019-05-26T18:00:00Z	146	Early	147	early	2019-05-27T18:00:00Z	157.75	-10.75	175	227	219	21.750493375436122	26.20513324528178	47.9556266207179	NA	NA	NA	NA	NA	NA	NA	NA	3.5275
NA	2019-07-31T00:00:00Z	4C	115	24	3.5	25.5	25.3	24.3	1.5	NA	2019	4C115	4	C				NA	vegetative > flowering > dead_nf	vegetative	flowering	dead_nf	FALSE	Control	Control	2019-05-27T22:00:00Z	147	2019-05-26T18:00:00Z	146	Early	147	early	2019-05-27T18:00:00Z	157.75	-10.75	175	227	219	21.750493375436122	26.20513324528178	47.9556266207179	NA	NA	NA	NA	NA	NA	NA	NA	3.5275
NA	2019-07-31T00:00:00Z	4C	199	26.7	NA	25.4	25.5	23.1	1.3	NA	2019	4C199	4	C				NA	vegetative > flowering > dead_nf	vegetative	flowering	dead_nf	FALSE	Control	Control	2019-05-27T22:00:00Z	147	2019-05-26T18:00:00Z	146	Early	147	early	2019-05-27T18:00:00Z	157.75	-10.75	175	227	219	21.750493375436122	26.20513324528178	47.9556266207179	NA	NA	NA	NA	NA	NA	NA	NA	3.5275
NA	2019-07-31T00:00:00Z	4C	199	28.2	NA	26.9	27	24.8	1.3	NA	2019	4C199	4	C				NA	vegetative > flowering > dead_nf	vegetative	flowering	dead_nf	FALSE	Control	Control	2019-05-27T22:00:00Z	147	2019-05-26T18:00:00Z	146	Early	147	early	2019-05-27T18:00:00Z	157.75	-10.75	175	227	219	21.750493375436122	26.20513324528178	47.9556266207179	NA	NA	NA	NA	NA	NA	NA	NA	3.5275
NA	2019-07-31T00:00:00Z	4C	36	24.1	NA	26.8	23.9	22.3	1.5	NA	2019	4C36	4	C				NA	vegetative > flowering > dead_nf	vegetative	flowering	dead_nf	FALSE	Control	Control	2019-05-27T22:00:00Z	147	2019-05-26T18:00:00Z	146	Early	147	early	2019-05-27T18:00:00Z	157.75	-10.75	175	227	219	21.750493375436122	26.20513324528178	47.9556266207179	NA	NA	NA	NA	NA	NA	NA	NA	3.5275
NA	2019-07-31T00:00:00Z	4C	36	24.8	NA	27.2	23.5	29.9	1.7	NA	2019	4C36	4	C				NA	vegetative > flowering > dead_nf	vegetative	flowering	dead_nf	FALSE	Control	Control	2019-05-27T22:00:00Z	147	2019-05-26T18:00:00Z	146	Early	147	early	2019-05-27T18:00:00Z	157.75	-10.75	175	227	219	21.750493375436122	26.20513324528178	47.9556266207179	NA	NA	NA	NA	NA	NA	NA	NA	3.5275
NA	2019-07-31T00:00:00Z	4D	35	24.4	3.5	27.8	23.1	22.9	1.4	NA	2019	4D35	4	D				NA	flowering > flowering > vegetative	flowering	flowering	vegetative	FALSE	Reduction	Reduction	2019-05-27T22:00:00Z	147	2019-05-26T18:00:00Z	146	Early	147	early	2019-05-27T18:00:00Z	157.75	-10.75	175	227	219	21.750493375436122	13.10256662264089	34.853059998077015	NA	NA	NA	NA	NA	NA	NA	NA	3.8274999999999997
NA	2019-07-31T00:00:00Z	4D	35	26.5	3	27	25.6	23.9	1.8	NA	2019	4D35	4	D				NA	flowering > flowering > vegetative	flowering	flowering	vegetative	FALSE	Reduction	Reduction	2019-05-27T22:00:00Z	147	2019-05-26T18:00:00Z	146	Early	147	early	2019-05-27T18:00:00Z	157.75	-10.75	175	227	219	21.750493375436122	13.10256662264089	34.853059998077015	NA	NA	NA	NA	NA	NA	NA	NA	3.8274999999999997
NA	2019-07-31T00:00:00Z	4D	46	23	3.3	26.3	24.3	22	1.7	NA	2019	4D46	4	D				NA	vegetative > flowering > dead_nf	vegetative	flowering	dead_nf	FALSE	Reduction	Reduction	2019-05-27T22:00:00Z	147	2019-05-26T18:00:00Z	146	Early	147	early	2019-05-27T18:00:00Z	157.75	-10.75	175	227	219	21.750493375436122	13.10256662264089	34.853059998077015	NA	NA	NA	NA	NA	NA	NA	NA	3.8274999999999997
NA	2019-07-31T00:00:00Z	4D	46	23.5	3.8	22.1	25.3	21.5	1.8	NA	2019	4D46	4	D				NA	vegetative > flowering > dead_nf	vegetative	flowering	dead_nf	FALSE	Reduction	Reduction	2019-05-27T22:00:00Z	147	2019-05-26T18:00:00Z	146	Early	147	early	2019-05-27T18:00:00Z	157.75	-10.75	175	227	219	21.750493375436122	13.10256662264089	34.853059998077015	NA	NA	NA	NA	NA	NA	NA	NA	3.8274999999999997
NA	2019-07-31T00:00:00Z	4D	53	19.3	3.4	17.7	17.7	15.3	1.3	NA	2019	4D53	4	D				NA	vegetative > flowering > dead_nf	vegetative	flowering	dead_nf	FALSE	Reduction	Reduction	2019-05-27T22:00:00Z	147	2019-05-26T18:00:00Z	146	Early	147	early	2019-05-27T18:00:00Z	157.75	-10.75	175	227	219	21.750493375436122	13.10256662264089	34.853059998077015	NA	NA	NA	NA	NA	NA	NA	NA	3.8274999999999997
NA	2019-07-31T00:00:00Z	4D	53	29.9	3.4	25.1	28.6	23.7	1.4	NA	2019	4D53	4	D				NA	vegetative > flowering > dead_nf	vegetative	flowering	dead_nf	FALSE	Reduction	Reduction	2019-05-27T22:00:00Z	147	2019-05-26T18:00:00Z	146	Early	147	early	2019-05-27T18:00:00Z	157.75	-10.75	175	227	219	21.750493375436122	13.10256662264089	34.853059998077015	NA	NA	NA	NA	NA	NA	NA	NA	3.8274999999999997
NA	2019-07-31T00:00:00Z	4D	54	24.5	3.7	27.7	22.7	18.6	1.7	NA	2019	4D54	4	D				NA	vegetative > flowering > vegetative	vegetative	flowering	vegetative	FALSE	Reduction	Reduction	2019-05-27T22:00:00Z	147	2019-05-26T18:00:00Z	146	Early	147	early	2019-05-27T18:00:00Z	157.75	-10.75	175	227	219	21.750493375436122	13.10256662264089	34.853059998077015	NA	NA	NA	NA	NA	NA	NA	NA	3.8274999999999997
NA	2019-07-31T00:00:00Z	4D	58	22.8	3.7	24.7	22.7	22	1.5	NA	2019	4D58	4	D				NA	vegetative > flowering > dead_nf	vegetative	flowering	dead_nf	FALSE	Reduction	Reduction	2019-05-27T22:00:00Z	147	2019-05-26T18:00:00Z	146	Early	147	early	2019-05-27T18:00:00Z	157.75	-10.75	175	227	219	21.750493375436122	13.10256662264089	34.853059998077015	NA	NA	NA	NA	NA	NA	NA	NA	3.8274999999999997
NA	2019-07-31T00:00:00Z	5A	179	27.5	4.5	23.7	29.7	24.6	1.5	NA	2019	5A179	5	A				NA	vegetative > flowering > dead_nf	vegetative	flowering	dead_nf	FALSE	Addition	Addition	2019-06-04T15:00:00Z	155	2019-06-03T17:00:00Z	154	Early	155	early	2019-06-04T18:00:00Z	157.75	-2.75	175	227	219	18.73496002150471	103.20513324528179	121.94009326678649	NA	NA	NA	NA	NA	NA	NA	NA	4.8725
NA	2019-07-31T00:00:00Z	5A	195	28.2	NA	24.4	27.3	23.5	1.3	NA	2019	5A195	5	A				NA	vegetative > flowering > vegetative	vegetative	flowering	vegetative	FALSE	Addition	Addition	2019-06-04T15:00:00Z	155	2019-06-03T17:00:00Z	154	Early	155	early	2019-06-04T18:00:00Z	157.75	-2.75	175	227	219	18.73496002150471	103.20513324528179	121.94009326678649	NA	NA	NA	NA	NA	NA	NA	NA	4.8725
NA	2019-07-31T00:00:00Z	5A	195	28.6	NA	18.5	27.2	25.8	1.5	NA	2019	5A195	5	A				NA	vegetative > flowering > vegetative	vegetative	flowering	vegetative	FALSE	Addition	Addition	2019-06-04T15:00:00Z	155	2019-06-03T17:00:00Z	154	Early	155	early	2019-06-04T18:00:00Z	157.75	-2.75	175	227	219	18.73496002150471	103.20513324528179	121.94009326678649	NA	NA	NA	NA	NA	NA	NA	NA	4.8725
NA	2019-07-31T00:00:00Z	5A	196	24.8	NA	23.2	23	21	1.4	NA	2019	5A196	5	A				NA	vegetative > flowering > flowering	vegetative	flowering	flowering	FALSE	Addition	Addition	2019-06-04T15:00:00Z	155	2019-06-03T17:00:00Z	154	Early	155	early	2019-06-04T18:00:00Z	157.75	-2.75	175	227	219	18.73496002150471	103.20513324528179	121.94009326678649	NA	NA	NA	NA	NA	NA	NA	NA	4.8725
NA	2019-07-31T00:00:00Z	5A	196	27.6	NA	29.5	24.9	23.3	1.5	NA	2019	5A196	5	A				NA	vegetative > flowering > flowering	vegetative	flowering	flowering	FALSE	Addition	Addition	2019-06-04T15:00:00Z	155	2019-06-03T17:00:00Z	154	Early	155	early	2019-06-04T18:00:00Z	157.75	-2.75	175	227	219	18.73496002150471	103.20513324528179	121.94009326678649	NA	NA	NA	NA	NA	NA	NA	NA	4.8725
NA	2019-07-31T00:00:00Z	5A	201	24.5	NA	26.4	22.6	19.5	1.7	NA	2019	5A201	5	A				NA	vegetative > flowering > dead_nf	vegetative	flowering	dead_nf	FALSE	Addition	Addition	2019-06-04T15:00:00Z	155	2019-06-03T17:00:00Z	154	Early	155	early	2019-06-04T18:00:00Z	157.75	-2.75	175	227	219	18.73496002150471	103.20513324528179	121.94009326678649	NA	NA	NA	NA	NA	NA	NA	NA	4.8725
NA	2019-07-31T00:00:00Z	5C	209	26.6	NA	27.8	27.1	23.5	1.7	NA	2019	5C209	5	C				NA	vegetative > flowering > dead_nf	vegetative	flowering	dead_nf	FALSE	Reduction	Reduction	2019-06-04T15:00:00Z	155	2019-06-03T17:00:00Z	154	Early	155	early	2019-06-04T18:00:00Z	157.75	-2.75	175	227	219	18.73496002150471	13.10256662264089	31.837526644145598	NA	NA	NA	NA	NA	NA	NA	NA	3.26
NA	2019-07-31T00:00:00Z	5C	228	29.5	NA	23.6	29.4	26.4	1.8	NA	2019	5C228	5	C				NA	vegetative > flowering > dead_nf	vegetative	flowering	dead_nf	FALSE	Reduction	Reduction	2019-06-04T15:00:00Z	155	2019-06-03T17:00:00Z	154	Early	155	early	2019-06-04T18:00:00Z	157.75	-2.75	175	227	219	18.73496002150471	13.10256662264089	31.837526644145598	NA	NA	NA	NA	NA	NA	NA	NA	3.26
NA	2019-07-31T00:00:00Z	5D	228	27.9	3.5	24.6	28.5	25.7	1.8	NA	2019	5D228	5	D				NA	flowering > flowering > dead_nf	flowering	flowering	dead_nf	FALSE	Control	Control	2019-06-04T15:00:00Z	155	2019-06-03T17:00:00Z	154	Early	155	early	2019-06-04T18:00:00Z	157.75	-2.75	175	227	219	18.73496002150471	26.20513324528178	44.94009326678649	NA	NA	NA	NA	NA	NA	NA	NA	3.6275000000000004
NA	2019-07-31T00:00:00Z	5D	230	24	4.5	24.7	23.6	20.4	1.3	NA	2019	5D230	5	D				NA	vegetative > flowering > flowering	vegetative	flowering	flowering	FALSE	Control	Control	2019-06-04T15:00:00Z	155	2019-06-03T17:00:00Z	154	Early	155	early	2019-06-04T18:00:00Z	157.75	-2.75	175	227	219	18.73496002150471	26.20513324528178	44.94009326678649	NA	NA	NA	NA	NA	NA	NA	NA	3.6275000000000004
NA	2019-07-31T00:00:00Z	5D	230	24.5	4.6	26.2	25.6	20.5	1.5	NA	2019	5D230	5	D				NA	vegetative > flowering > flowering	vegetative	flowering	flowering	FALSE	Control	Control	2019-06-04T15:00:00Z	155	2019-06-03T17:00:00Z	154	Early	155	early	2019-06-04T18:00:00Z	157.75	-2.75	175	227	219	18.73496002150471	26.20513324528178	44.94009326678649	NA	NA	NA	NA	NA	NA	NA	NA	3.6275000000000004
NA	2019-08-02T00:00:00Z	2B	202	20.5	3.6	23	20.5	20.1	1.2	NA	2019	2B202	2	B				NA	vegetative > flowering > dead_nf	vegetative	flowering	dead_nf	FALSE	Control	Mock rainout	2019-06-09T15:00:00Z	160	2019-06-08T20:00:00Z	159	Normal	160	normal	2019-06-09T18:00:00Z	157.75	2.25	175	227	219	18.420841963803518	26.20513324528178	44.6259752090853	NA	NA	NA	NA	NA	NA	NA	NA	5.22
NA	2019-08-02T00:00:00Z	2B	202	23.5	3.8	26.6	24.5	22	1	NA	2019	2B202	2	B				NA	vegetative > flowering > dead_nf	vegetative	flowering	dead_nf	FALSE	Control	Mock rainout	2019-06-09T15:00:00Z	160	2019-06-08T20:00:00Z	159	Normal	160	normal	2019-06-09T18:00:00Z	157.75	2.25	175	227	219	18.420841963803518	26.20513324528178	44.6259752090853	NA	NA	NA	NA	NA	NA	NA	NA	5.22
NA	2019-08-02T00:00:00Z	2C	268	25	2.9	29.3	28.1	23	1.4	NA	2019	2C268	2	C				NA	vegetative > flowering > dead_nf	vegetative	flowering	dead_nf	FALSE	Reduction	Reduction	2019-06-09T15:00:00Z	160	2019-06-08T20:00:00Z	159	Normal	160	normal	2019-06-09T18:00:00Z	157.75	2.25	175	227	219	18.420841963803518	13.10256662264089	31.523408586444408	NA	NA	NA	NA	NA	NA	NA	NA	5.1775
NA	2019-08-02T00:00:00Z	2C	268	25.5	3.6	27.5	27	22	1.4	NA	2019	2C268	2	C				NA	vegetative > flowering > dead_nf	vegetative	flowering	dead_nf	FALSE	Reduction	Reduction	2019-06-09T15:00:00Z	160	2019-06-08T20:00:00Z	159	Normal	160	normal	2019-06-09T18:00:00Z	157.75	2.25	175	227	219	18.420841963803518	13.10256662264089	31.523408586444408	NA	NA	NA	NA	NA	NA	NA	NA	5.1775
NA	2019-08-02T00:00:00Z	2D	205	28	4	33	30.5	26.5	1.5	NA	2019	2D205	2	D				NA	vegetative > flowering > dead_nf	vegetative	flowering	dead_nf	FALSE	Addition	Addition	2019-06-09T15:00:00Z	160	2019-06-08T20:00:00Z	159	Normal	160	normal	2019-06-09T18:00:00Z	157.75	2.25	175	227	219	18.420841963803518	103.20513324528179	121.62597520908531	NA	NA	NA	NA	NA	NA	NA	NA	6.6425
NA	2019-08-02T00:00:00Z	2D	205	30	3.5	24	33	28.5	1.5	NA	2019	2D205	2	D				NA	vegetative > flowering > dead_nf	vegetative	flowering	dead_nf	FALSE	Addition	Addition	2019-06-09T15:00:00Z	160	2019-06-08T20:00:00Z	159	Normal	160	normal	2019-06-09T18:00:00Z	157.75	2.25	175	227	219	18.420841963803518	103.20513324528179	121.62597520908531	NA	NA	NA	NA	NA	NA	NA	NA	6.6425
NA	2019-08-02T00:00:00Z	2D	209	27	4	30.5	26.3	25.5	1.2	NA	2019	2D209	2	D				NA	vegetative > flowering > dead_nf	vegetative	flowering	dead_nf	FALSE	Addition	Addition	2019-06-09T15:00:00Z	160	2019-06-08T20:00:00Z	159	Normal	160	normal	2019-06-09T18:00:00Z	157.75	2.25	175	227	219	18.420841963803518	103.20513324528179	121.62597520908531	NA	NA	NA	NA	NA	NA	NA	NA	6.6425
NA	2019-08-02T00:00:00Z	2D	225	29.3	3.5	28.6	31.5	26.5	1.5	NA	2019	2D225	2	D				NA	vegetative > flowering > dead_nf	vegetative	flowering	dead_nf	FALSE	Addition	Addition	2019-06-09T15:00:00Z	160	2019-06-08T20:00:00Z	159	Normal	160	normal	2019-06-09T18:00:00Z	157.75	2.25	175	227	219	18.420841963803518	103.20513324528179	121.62597520908531	NA	NA	NA	NA	NA	NA	NA	NA	6.6425
NA	2019-08-02T00:00:00Z	2D	256	24.3	3.5	27.5	24.5	23.9	1.4	NA	2019	2D256	2	D				NA	vegetative > flowering > dead_nf	vegetative	flowering	dead_nf	FALSE	Addition	Addition	2019-06-09T15:00:00Z	160	2019-06-08T20:00:00Z	159	Normal	160	normal	2019-06-09T18:00:00Z	157.75	2.25	175	227	219	18.420841963803518	103.20513324528179	121.62597520908531	NA	NA	NA	NA	NA	NA	NA	NA	6.6425
NA	2019-08-07T00:00:00Z	3A	659	24.1	4.1	27.8	25	21.4	1.1	NA	2019	3A659	3	A				NA	vegetative > flowering > dead_nf	vegetative	flowering	dead_nf	FALSE	Reduction	Reduction	2019-06-07T14:00:00Z	158	2019-06-06T19:00:00Z	157	Normal	158	normal	2019-06-07T18:00:00Z	157.75	0.25	175	227	219	18.420841963803518	13.10256662264089	31.523408586444408	NA	NA	NA	NA	NA	NA	NA	NA	4.465
NA	2019-08-07T00:00:00Z	3A	276	25.5	3.6	22	27.5	25.7	0.9	NA	2019	3A276	3	A				NA	vegetative > flowering > dead_nf	vegetative	flowering	dead_nf	FALSE	Reduction	Reduction	2019-06-07T14:00:00Z	158	2019-06-06T19:00:00Z	157	Normal	158	normal	2019-06-07T18:00:00Z	157.75	0.25	175	227	219	18.420841963803518	13.10256662264089	31.523408586444408	NA	NA	NA	NA	NA	NA	NA	NA	4.465
NA	2019-08-07T00:00:00Z	3A	276	25.7	3.6	26.2	29.2	27	1	NA	2019	3A276	3	A				NA	vegetative > flowering > dead_nf	vegetative	flowering	dead_nf	FALSE	Reduction	Reduction	2019-06-07T14:00:00Z	158	2019-06-06T19:00:00Z	157	Normal	158	normal	2019-06-07T18:00:00Z	157.75	0.25	175	227	219	18.420841963803518	13.10256662264089	31.523408586444408	NA	NA	NA	NA	NA	NA	NA	NA	4.465
NA	2019-08-07T00:00:00Z	3C	131	27	4	28.3	26.9	22.8	1.2	NA	2019	3C131	3	C				NA	vegetative > flowering > flowering	vegetative	flowering	flowering	FALSE	Addition	Addition	2019-06-07T14:00:00Z	158	2019-06-06T19:00:00Z	157	Normal	158	normal	2019-06-07T18:00:00Z	157.75	0.25	175	227	219	18.420841963803518	103.20513324528179	121.62597520908531	NA	NA	NA	NA	NA	NA	NA	NA	5.7625
NA	2019-08-07T00:00:00Z	3C	131	27	4.3	28.7	28	25	1	NA	2019	3C131	3	C				NA	vegetative > flowering > flowering	vegetative	flowering	flowering	FALSE	Addition	Addition	2019-06-07T14:00:00Z	158	2019-06-06T19:00:00Z	157	Normal	158	normal	2019-06-07T18:00:00Z	157.75	0.25	175	227	219	18.420841963803518	103.20513324528179	121.62597520908531	NA	NA	NA	NA	NA	NA	NA	NA	5.7625
NA	2019-08-07T00:00:00Z	3C	142	27	4.3	26.4	30.5	24.7	1.4	NA	2019	3C142	3	C				NA	vegetative > flowering > flowering	vegetative	flowering	flowering	FALSE	Addition	Addition	2019-06-07T14:00:00Z	158	2019-06-06T19:00:00Z	157	Normal	158	normal	2019-06-07T18:00:00Z	157.75	0.25	175	227	219	18.420841963803518	103.20513324528179	121.62597520908531	NA	NA	NA	NA	NA	NA	NA	NA	5.7625
NA	2019-08-07T00:00:00Z	3C	142	27.5	3.8	25.8	26.6	23.5	1.2	NA	2019	3C142	3	C				NA	vegetative > flowering > flowering	vegetative	flowering	flowering	FALSE	Addition	Addition	2019-06-07T14:00:00Z	158	2019-06-06T19:00:00Z	157	Normal	158	normal	2019-06-07T18:00:00Z	157.75	0.25	175	227	219	18.420841963803518	103.20513324528179	121.62597520908531	NA	NA	NA	NA	NA	NA	NA	NA	5.7625
NA	2019-08-07T00:00:00Z	3C	146	20	3.8	25.5	22.4	19	1	NA	2019	3C146	3	C				NA	vegetative > flowering > dead_nf	vegetative	flowering	dead_nf	FALSE	Addition	Addition	2019-06-07T14:00:00Z	158	2019-06-06T19:00:00Z	157	Normal	158	normal	2019-06-07T18:00:00Z	157.75	0.25	175	227	219	18.420841963803518	103.20513324528179	121.62597520908531	NA	NA	NA	NA	NA	NA	NA	NA	5.7625
NA	2019-08-07T00:00:00Z	3C	146	28.6	4	26.2	29.3	25.3	1.2	NA	2019	3C146	3	C				NA	vegetative > flowering > dead_nf	vegetative	flowering	dead_nf	FALSE	Addition	Addition	2019-06-07T14:00:00Z	158	2019-06-06T19:00:00Z	157	Normal	158	normal	2019-06-07T18:00:00Z	157.75	0.25	175	227	219	18.420841963803518	103.20513324528179	121.62597520908531	NA	NA	NA	NA	NA	NA	NA	NA	5.7625
NA	2019-08-07T00:00:00Z	3C	148	25.5	3.7	27.9	26.2	24.7	1.2	NA	2019	3C148	3	C				NA	vegetative > flowering > dead_nf	vegetative	flowering	dead_nf	FALSE	Addition	Addition	2019-06-07T14:00:00Z	158	2019-06-06T19:00:00Z	157	Normal	158	normal	2019-06-07T18:00:00Z	157.75	0.25	175	227	219	18.420841963803518	103.20513324528179	121.62597520908531	NA	NA	NA	NA	NA	NA	NA	NA	5.7625
NA	2019-08-07T00:00:00Z	3C	148	27.4	3.9	28.6	27.7	25.7	1.2	NA	2019	3C148	3	C				NA	vegetative > flowering > dead_nf	vegetative	flowering	dead_nf	FALSE	Addition	Addition	2019-06-07T14:00:00Z	158	2019-06-06T19:00:00Z	157	Normal	158	normal	2019-06-07T18:00:00Z	157.75	0.25	175	227	219	18.420841963803518	103.20513324528179	121.62597520908531	NA	NA	NA	NA	NA	NA	NA	NA	5.7625
NA	2019-08-07T00:00:00Z	3C	149	26.2	4	27.5	27.5	23.5	1.4	NA	2019	3C149	3	C		pheno20		NA	vegetative > flowering > vegetative	vegetative	flowering	vegetative	FALSE	Addition	Addition	2019-06-07T14:00:00Z	158	2019-06-06T19:00:00Z	157	Normal	158	normal	2019-06-07T18:00:00Z	157.75	0.25	175	227	219	18.420841963803518	103.20513324528179	121.62597520908531	NA	NA	NA	NA	NA	NA	NA	NA	5.7625
NA	2019-08-07T00:00:00Z	3C	149	27.2	4.2	29	28.3	24.2	1.6	NA	2019	3C149	3	C		pheno20		NA	vegetative > flowering > vegetative	vegetative	flowering	vegetative	FALSE	Addition	Addition	2019-06-07T14:00:00Z	158	2019-06-06T19:00:00Z	157	Normal	158	normal	2019-06-07T18:00:00Z	157.75	0.25	175	227	219	18.420841963803518	103.20513324528179	121.62597520908531	NA	NA	NA	NA	NA	NA	NA	NA	5.7625
NA	2019-08-07T00:00:00Z	4A	68_19	24.5	2.8	23	25.5	23.3	1.9	NA	2019	4A68_19	4	A		floral19		NA	vegetative > vegetative > flowering	vegetative	vegetative	flowering	TRUE	Addition	Addition	2019-05-27T22:00:00Z	147	2019-05-26T18:00:00Z	146	Early	147	early	2019-05-27T18:00:00Z	157.75	-10.75	175	227	219	21.750493375436122	103.20513324528179	124.95562662071791	NA	NA	NA	NA	NA	NA	NA	NA	4.335
NA	2019-08-07T00:00:00Z	4A	68_19	26.2	3.5	25.2	28.2	24.8	1.4	NA	2019	4A68_19	4	A		floral19		NA	vegetative > vegetative > flowering	vegetative	vegetative	flowering	TRUE	Addition	Addition	2019-05-27T22:00:00Z	147	2019-05-26T18:00:00Z	146	Early	147	early	2019-05-27T18:00:00Z	157.75	-10.75	175	227	219	21.750493375436122	103.20513324528179	124.95562662071791	NA	NA	NA	NA	NA	NA	NA	NA	4.335
NA	2019-08-07T00:00:00Z	4C	111	25.2	4.3	21.5	28.2	23	1	NA	2019	4C111	4	C				NA	vegetative > flowering > dead_nf	vegetative	flowering	dead_nf	FALSE	Control	Control	2019-05-27T22:00:00Z	147	2019-05-26T18:00:00Z	146	Early	147	early	2019-05-27T18:00:00Z	157.75	-10.75	175	227	219	21.750493375436122	26.20513324528178	47.9556266207179	NA	NA	NA	NA	NA	NA	NA	NA	3.5275
NA	2019-08-07T00:00:00Z	4D	54	23	3.7	25.3	23.5	21.7	1.3	NA	2019	4D54	4	D				NA	vegetative > flowering > vegetative	vegetative	flowering	vegetative	FALSE	Reduction	Reduction	2019-05-27T22:00:00Z	147	2019-05-26T18:00:00Z	146	Early	147	early	2019-05-27T18:00:00Z	157.75	-10.75	175	227	219	21.750493375436122	13.10256662264089	34.853059998077015	NA	NA	NA	NA	NA	NA	NA	NA	3.8274999999999997
NA	2019-08-07T00:00:00Z	4D	58	24.4	3.5	23.7	25	21	1	NA	2019	4D58	4	D				NA	vegetative > flowering > dead_nf	vegetative	flowering	dead_nf	FALSE	Reduction	Reduction	2019-05-27T22:00:00Z	147	2019-05-26T18:00:00Z	146	Early	147	early	2019-05-27T18:00:00Z	157.75	-10.75	175	227	219	21.750493375436122	13.10256662264089	34.853059998077015	NA	NA	NA	NA	NA	NA	NA	NA	3.8274999999999997
NA	2019-08-07T00:00:00Z	5A	200	25.6	4.2	23	26.7	28	1.4	NA	2019	5A200	5	A				NA	vegetative > flowering > dead_nf	vegetative	flowering	dead_nf	FALSE	Addition	Addition	2019-06-04T15:00:00Z	155	2019-06-03T17:00:00Z	154	Early	155	early	2019-06-04T18:00:00Z	157.75	-2.75	175	227	219	18.73496002150471	103.20513324528179	121.94009326678649	NA	NA	NA	NA	NA	NA	NA	NA	4.8725
NA	2019-08-07T00:00:00Z	5A	200	26.5	3.5	21.8	29.3	25.6	2	NA	2019	5A200	5	A				NA	vegetative > flowering > dead_nf	vegetative	flowering	dead_nf	FALSE	Addition	Addition	2019-06-04T15:00:00Z	155	2019-06-03T17:00:00Z	154	Early	155	early	2019-06-04T18:00:00Z	157.75	-2.75	175	227	219	18.73496002150471	103.20513324528179	121.94009326678649	NA	NA	NA	NA	NA	NA	NA	NA	4.8725
NA	2019-08-07T00:00:00Z	5B	13	28.2	3.8	25.7	31	28.2	1.2	NA	2019	5B13	5	B				NA	vegetative > flowering > dead_nf	vegetative	flowering	dead_nf	FALSE	Control	Mock rainout	2019-06-04T15:00:00Z	155	2019-06-03T17:00:00Z	154	Early	155	early	2019-06-04T18:00:00Z	157.75	-2.75	175	227	219	18.73496002150471	26.20513324528178	44.94009326678649	NA	NA	NA	NA	NA	NA	NA	NA	3.5500000000000003
NA	2019-08-07T00:00:00Z	5B	13	30	4	25	31.2	27.4	0.9	NA	2019	5B13	5	B				NA	vegetative > flowering > dead_nf	vegetative	flowering	dead_nf	FALSE	Control	Mock rainout	2019-06-04T15:00:00Z	155	2019-06-03T17:00:00Z	154	Early	155	early	2019-06-04T18:00:00Z	157.75	-2.75	175	227	219	18.73496002150471	26.20513324528178	44.94009326678649	NA	NA	NA	NA	NA	NA	NA	NA	3.5500000000000003
NA	2019-08-07T00:00:00Z	5B	19	28.9	3.2	26.7	28.5	26.5	1.2	NA	2019	5B19	5	B				NA	vegetative > flowering > vegetative	vegetative	flowering	vegetative	FALSE	Control	Mock rainout	2019-06-04T15:00:00Z	155	2019-06-03T17:00:00Z	154	Early	155	early	2019-06-04T18:00:00Z	157.75	-2.75	175	227	219	18.73496002150471	26.20513324528178	44.94009326678649	NA	NA	NA	NA	NA	NA	NA	NA	3.5500000000000003
NA	2019-08-07T00:00:00Z	5B	290	26.2	3.5	25.6	28.7	27	1	NA	2019	5B290	5	B				NA	vegetative > flowering > dead_nf	vegetative	flowering	dead_nf	FALSE	Control	Mock rainout	2019-06-04T15:00:00Z	155	2019-06-03T17:00:00Z	154	Early	155	early	2019-06-04T18:00:00Z	157.75	-2.75	175	227	219	18.73496002150471	26.20513324528178	44.94009326678649	NA	NA	NA	NA	NA	NA	NA	NA	3.5500000000000003
NA	2019-08-07T00:00:00Z	5B	3	24.4	3.5	22	26	21	1.2	NA	2019	5B3	5	B				NA	vegetative > flowering > dead_nf	vegetative	flowering	dead_nf	FALSE	Control	Mock rainout	2019-06-04T15:00:00Z	155	2019-06-03T17:00:00Z	154	Early	155	early	2019-06-04T18:00:00Z	157.75	-2.75	175	227	219	18.73496002150471	26.20513324528178	44.94009326678649	NA	NA	NA	NA	NA	NA	NA	NA	3.5500000000000003
NA	2019-08-07T00:00:00Z	5B	3	27.9	3.5	26	24.3	27.8	1.8	NA	2019	5B3	5	B				NA	vegetative > flowering > dead_nf	vegetative	flowering	dead_nf	FALSE	Control	Mock rainout	2019-06-04T15:00:00Z	155	2019-06-03T17:00:00Z	154	Early	155	early	2019-06-04T18:00:00Z	157.75	-2.75	175	227	219	18.73496002150471	26.20513324528178	44.94009326678649	NA	NA	NA	NA	NA	NA	NA	NA	3.5500000000000003
NA	2019-08-07T00:00:00Z	5B	30	24.5	3.3	25	24.5	20.5	1	NA	2019	5B30	5	B				NA	vegetative > flowering > dead_nf	vegetative	flowering	dead_nf	FALSE	Control	Mock rainout	2019-06-04T15:00:00Z	155	2019-06-03T17:00:00Z	154	Early	155	early	2019-06-04T18:00:00Z	157.75	-2.75	175	227	219	18.73496002150471	26.20513324528178	44.94009326678649	NA	NA	NA	NA	NA	NA	NA	NA	3.5500000000000003
NA	2019-08-07T00:00:00Z	5D	240	23.1	3.2	21	26	22.2	1.5	NA	2019	5D240	5	D				NA	vegetative > flowering > dead_nf	vegetative	flowering	dead_nf	FALSE	Control	Control	2019-06-04T15:00:00Z	155	2019-06-03T17:00:00Z	154	Early	155	early	2019-06-04T18:00:00Z	157.75	-2.75	175	227	219	18.73496002150471	26.20513324528178	44.94009326678649	NA	NA	NA	NA	NA	NA	NA	NA	3.6275000000000004
NA	2019-08-07T00:00:00Z	5D	240	24.2	3.4	21.5	27.3	24.3	1.4	NA	2019	5D240	5	D				NA	vegetative > flowering > dead_nf	vegetative	flowering	dead_nf	FALSE	Control	Control	2019-06-04T15:00:00Z	155	2019-06-03T17:00:00Z	154	Early	155	early	2019-06-04T18:00:00Z	157.75	-2.75	175	227	219	18.73496002150471	26.20513324528178	44.94009326678649	NA	NA	NA	NA	NA	NA	NA	NA	3.6275000000000004
NA	2019-08-07T00:00:00Z	5D	241	29.5	3.9	23.5	30.8	26	1	NA	2019	5D241	5	D				NA	vegetative > flowering > dead_nf	vegetative	flowering	dead_nf	FALSE	Control	Control	2019-06-04T15:00:00Z	155	2019-06-03T17:00:00Z	154	Early	155	early	2019-06-04T18:00:00Z	157.75	-2.75	175	227	219	18.73496002150471	26.20513324528178	44.94009326678649	NA	NA	NA	NA	NA	NA	NA	NA	3.6275000000000004
NA	2019-08-07T00:00:00Z	5D	256	23.2	4	25.6	25.6	21.5	1.2	NA	2019	5D256	5	D				NA	vegetative > flowering > dead_nf	vegetative	flowering	dead_nf	FALSE	Control	Control	2019-06-04T15:00:00Z	155	2019-06-03T17:00:00Z	154	Early	155	early	2019-06-04T18:00:00Z	157.75	-2.75	175	227	219	18.73496002150471	26.20513324528178	44.94009326678649	NA	NA	NA	NA	NA	NA	NA	NA	3.6275000000000004
NA	2019-08-07T00:00:00Z	5D	256	24.5	3.9	28	27.3	25	1.2	NA	2019	5D256	5	D				NA	vegetative > flowering > dead_nf	vegetative	flowering	dead_nf	FALSE	Control	Control	2019-06-04T15:00:00Z	155	2019-06-03T17:00:00Z	154	Early	155	early	2019-06-04T18:00:00Z	157.75	-2.75	175	227	219	18.73496002150471	26.20513324528178	44.94009326678649	NA	NA	NA	NA	NA	NA	NA	NA	3.6275000000000004
NA	2019-08-07T00:00:00Z	5D	257	21.7	3	23.5	22.5	21.5	1.1	NA	2019	5D257	5	D				NA	vegetative > flowering > dead_nf	vegetative	flowering	dead_nf	FALSE	Control	Control	2019-06-04T15:00:00Z	155	2019-06-03T17:00:00Z	154	Early	155	early	2019-06-04T18:00:00Z	157.75	-2.75	175	227	219	18.73496002150471	26.20513324528178	44.94009326678649	NA	NA	NA	NA	NA	NA	NA	NA	3.6275000000000004
NA	2019-08-07T00:00:00Z	5D	257	25.6	3.7	26.7	26.3	24.5	1	NA	2019	5D257	5	D				NA	vegetative > flowering > dead_nf	vegetative	flowering	dead_nf	FALSE	Control	Control	2019-06-04T15:00:00Z	155	2019-06-03T17:00:00Z	154	Early	155	early	2019-06-04T18:00:00Z	157.75	-2.75	175	227	219	18.73496002150471	26.20513324528178	44.94009326678649	NA	NA	NA	NA	NA	NA	NA	NA	3.6275000000000004
NA	2019-08-07T00:00:00Z	6B	2	23.7	3.2	23	24.1	23.5	1.5	NA	2019	6B2	6	B				NA	vegetative > flowering > dead_nf	vegetative	flowering	dead_nf	FALSE	Reduction	Reduction	2019-06-05T19:00:00Z	156	2019-06-05T17:00:00Z	156	Normal	156	normal	2019-06-05T18:00:00Z	157.75	-1.75	175	227	219	18.420841963803518	13.10256662264089	31.523408586444408	NA	NA	NA	NA	NA	NA	NA	NA	3.89
NA	2019-08-07T00:00:00Z	6B	2	25.8	4.1	22.5	25.6	21.6	1.5	NA	2019	6B2	6	B				NA	vegetative > flowering > dead_nf	vegetative	flowering	dead_nf	FALSE	Reduction	Reduction	2019-06-05T19:00:00Z	156	2019-06-05T17:00:00Z	156	Normal	156	normal	2019-06-05T18:00:00Z	157.75	-1.75	175	227	219	18.420841963803518	13.10256662264089	31.523408586444408	NA	NA	NA	NA	NA	NA	NA	NA	3.89
NA	NA	3D	896	23.1	3.3	24.3	23.8	20.9	1.4	date was 2019-08-21 - error? removed date for now	2019	3D896	3	D				NA	vegetative > flowering > dead_nf	vegetative	flowering	dead_nf	FALSE	Control	Control	2019-06-07T14:00:00Z	158	2019-06-06T19:00:00Z	157	Normal	158	normal	2019-06-07T18:00:00Z	157.75	0.25	175	227	219	18.420841963803518	26.20513324528178	44.6259752090853	NA	NA	NA	NA	NA	NA	NA	NA	3.9875
NA	NA	3D	896	25	3.3	27.2	23.8	22.2	1.5	date was 2019-08-21 - error? removed date for now	2019	3D896	3	D				NA	vegetative > flowering > dead_nf	vegetative	flowering	dead_nf	FALSE	Control	Control	2019-06-07T14:00:00Z	158	2019-06-06T19:00:00Z	157	Normal	158	normal	2019-06-07T18:00:00Z	157.75	0.25	175	227	219	18.420841963803518	26.20513324528178	44.6259752090853	NA	NA	NA	NA	NA	NA	NA	NA	3.9875
NA	NA	1B	648	27.4	3.8	29.3	30	27.5	1.5	NA	2019	1B648	1	B				NA	vegetative > flowering > dead_nf	vegetative	flowering	dead_nf	FALSE	Control	Control	2019-06-06T17:00:00Z	157	2019-06-06T15:00:00Z	157	Normal	157	normal	2019-06-06T18:00:00Z	157.75	-0.75	175	227	219	18.420841963803518	26.20513324528178	44.6259752090853	NA	NA	NA	NA	NA	NA	NA	NA	5.908571428571428
NA	NA	1B	648	27.5	3	27.5	28.5	25.4	1.4	NA	2019	1B648	1	B				NA	vegetative > flowering > dead_nf	vegetative	flowering	dead_nf	FALSE	Control	Control	2019-06-06T17:00:00Z	157	2019-06-06T15:00:00Z	157	Normal	157	normal	2019-06-06T18:00:00Z	157.75	-0.75	175	227	219	18.420841963803518	26.20513324528178	44.6259752090853	NA	NA	NA	NA	NA	NA	NA	NA	5.908571428571428
NA	NA	1D	19	25.5	4.2	23	25	23	1.2	NA	2019	1D19	1	D				NA	vegetative > flowering > dead_nf	vegetative	flowering	dead_nf	FALSE	Reduction	Reduction	2019-06-06T17:00:00Z	157	2019-06-06T15:00:00Z	157	Normal	157	normal	2019-06-06T18:00:00Z	157.75	-0.75	175	227	219	18.420841963803518	13.10256662264089	31.523408586444408	NA	NA	NA	NA	NA	NA	NA	NA	4.875
NA	NA	1D	19	25.8	4	23.8	26.7	24.5	1.4	NA	2019	1D19	1	D				NA	vegetative > flowering > dead_nf	vegetative	flowering	dead_nf	FALSE	Reduction	Reduction	2019-06-06T17:00:00Z	157	2019-06-06T15:00:00Z	157	Normal	157	normal	2019-06-06T18:00:00Z	157.75	-0.75	175	227	219	18.420841963803518	13.10256662264089	31.523408586444408	NA	NA	NA	NA	NA	NA	NA	NA	4.875
NA	NA	2B	84	26.5	2.9	26.9	25.7	25.1	1.7	NA	2019	2B84	2	B				NA	vegetative > flowering > flowering	vegetative	flowering	flowering	FALSE	Control	Mock rainout	2019-06-09T15:00:00Z	160	2019-06-08T20:00:00Z	159	Normal	160	normal	2019-06-09T18:00:00Z	157.75	2.25	175	227	219	18.420841963803518	26.20513324528178	44.6259752090853	NA	NA	NA	NA	NA	NA	NA	NA	5.22
NA	NA	2B	92	27.9	3.2	29.3	28.2	25.5	1.8	NA	2019	2B92	2	B				NA	vegetative > flowering > flowering	vegetative	flowering	flowering	FALSE	Control	Mock rainout	2019-06-09T15:00:00Z	160	2019-06-08T20:00:00Z	159	Normal	160	normal	2019-06-09T18:00:00Z	157.75	2.25	175	227	219	18.420841963803518	26.20513324528178	44.6259752090853	NA	NA	NA	NA	NA	NA	NA	NA	5.22
NA	NA	2B	99	26	3.3	30.1	26.2	22	1.7	NA	2019	2B99	2	B				NA	vegetative > flowering > dead_nf	vegetative	flowering	dead_nf	FALSE	Control	Mock rainout	2019-06-09T15:00:00Z	160	2019-06-08T20:00:00Z	159	Normal	160	normal	2019-06-09T18:00:00Z	157.75	2.25	175	227	219	18.420841963803518	26.20513324528178	44.6259752090853	NA	NA	NA	NA	NA	NA	NA	NA	5.22
NA	NA	2B	99	26.4	3.4	29.3	26.8	20.9	1.9	NA	2019	2B99	2	B				NA	vegetative > flowering > dead_nf	vegetative	flowering	dead_nf	FALSE	Control	Mock rainout	2019-06-09T15:00:00Z	160	2019-06-08T20:00:00Z	159	Normal	160	normal	2019-06-09T18:00:00Z	157.75	2.25	175	227	219	18.420841963803518	26.20513324528178	44.6259752090853	NA	NA	NA	NA	NA	NA	NA	NA	5.22
NA	NA	2C	282	26.5	2.7	27	25	21.7	1	NA	2019	2C282	2	C				NA	vegetative > flowering > dead_nf	vegetative	flowering	dead_nf	FALSE	Reduction	Reduction	2019-06-09T15:00:00Z	160	2019-06-08T20:00:00Z	159	Normal	160	normal	2019-06-09T18:00:00Z	157.75	2.25	175	227	219	18.420841963803518	13.10256662264089	31.523408586444408	NA	NA	NA	NA	NA	NA	NA	NA	5.1775
NA	NA	2C	282	29.3	4.5	24.3	29.5	26.4	0.8	NA	2019	2C282	2	C				NA	vegetative > flowering > dead_nf	vegetative	flowering	dead_nf	FALSE	Reduction	Reduction	2019-06-09T15:00:00Z	160	2019-06-08T20:00:00Z	159	Normal	160	normal	2019-06-09T18:00:00Z	157.75	2.25	175	227	219	18.420841963803518	13.10256662264089	31.523408586444408	NA	NA	NA	NA	NA	NA	NA	NA	5.1775
NA	NA	2C	300	20.7	2.5	25.5	23	21.7	0.75	NA	2019	2C300	2	C				NA	vegetative > flowering > vegetative	vegetative	flowering	vegetative	FALSE	Reduction	Reduction	2019-06-09T15:00:00Z	160	2019-06-08T20:00:00Z	159	Normal	160	normal	2019-06-09T18:00:00Z	157.75	2.25	175	227	219	18.420841963803518	13.10256662264089	31.523408586444408	NA	NA	NA	NA	NA	NA	NA	NA	5.1775
NA	NA	2C	300	26.3	3.5	30.5	29.8	26	1	NA	2019	2C300	2	C				NA	vegetative > flowering > vegetative	vegetative	flowering	vegetative	FALSE	Reduction	Reduction	2019-06-09T15:00:00Z	160	2019-06-08T20:00:00Z	159	Normal	160	normal	2019-06-09T18:00:00Z	157.75	2.25	175	227	219	18.420841963803518	13.10256662264089	31.523408586444408	NA	NA	NA	NA	NA	NA	NA	NA	5.1775
NA	NA	2D	258	25.6	3.8	26.2	30.5	25.3	1.5	NA	2019	2D258	2	D		pheno19		NA	vegetative > flowering > dead_nf	vegetative	flowering	dead_nf	FALSE	Addition	Addition	2019-06-09T15:00:00Z	160	2019-06-08T20:00:00Z	159	Normal	160	normal	2019-06-09T18:00:00Z	157.75	2.25	175	227	219	18.420841963803518	103.20513324528179	121.62597520908531	NA	NA	NA	NA	NA	NA	NA	NA	6.6425
NA	NA	2D	258	26	3.5	27.3	27	25.5	1.5	NA	2019	2D258	2	D		pheno19		NA	vegetative > flowering > dead_nf	vegetative	flowering	dead_nf	FALSE	Addition	Addition	2019-06-09T15:00:00Z	160	2019-06-08T20:00:00Z	159	Normal	160	normal	2019-06-09T18:00:00Z	157.75	2.25	175	227	219	18.420841963803518	103.20513324528179	121.62597520908531	NA	NA	NA	NA	NA	NA	NA	NA	6.6425
NA	NA	3B	605	27	3.5	21.7	25.5	25	1.1	NA	2019	3B605	3	B				NA	vegetative > flowering > dead_nf	vegetative	flowering	dead_nf	FALSE	Control	Mock rainout	2019-06-07T14:00:00Z	158	2019-06-06T19:00:00Z	157	Normal	158	normal	2019-06-07T18:00:00Z	157.75	0.25	175	227	219	18.420841963803518	26.20513324528178	44.6259752090853	NA	NA	NA	NA	NA	NA	NA	NA	4.6325
NA	NA	3B	686	28	3.7	25	25.2	27	1.7	NA	2019	3B686	3	B				NA	vegetative > flowering > dead_nf	vegetative	flowering	dead_nf	FALSE	Control	Mock rainout	2019-06-07T14:00:00Z	158	2019-06-06T19:00:00Z	157	Normal	158	normal	2019-06-07T18:00:00Z	157.75	0.25	175	227	219	18.420841963803518	26.20513324528178	44.6259752090853	NA	NA	NA	NA	NA	NA	NA	NA	4.6325
NA	NA	3C	140	24.3	3.2	25.7	25.7	24	1.2	NA	2019	3C140	3	C				NA	vegetative > flowering > dead_nf	vegetative	flowering	dead_nf	FALSE	Addition	Addition	2019-06-07T14:00:00Z	158	2019-06-06T19:00:00Z	157	Normal	158	normal	2019-06-07T18:00:00Z	157.75	0.25	175	227	219	18.420841963803518	103.20513324528179	121.62597520908531	NA	NA	NA	NA	NA	NA	NA	NA	5.7625
NA	NA	3C	140	25.7	4.2	25.7	30.9	23.1	1	NA	2019	3C140	3	C				NA	vegetative > flowering > dead_nf	vegetative	flowering	dead_nf	FALSE	Addition	Addition	2019-06-07T14:00:00Z	158	2019-06-06T19:00:00Z	157	Normal	158	normal	2019-06-07T18:00:00Z	157.75	0.25	175	227	219	18.420841963803518	103.20513324528179	121.62597520908531	NA	NA	NA	NA	NA	NA	NA	NA	5.7625
NA	NA	3C	167	23	3.4	20.2	24.3	22.3	1.4	NA	2019	3C167	3	C				NA	vegetative > flowering > dead_nf	vegetative	flowering	dead_nf	FALSE	Addition	Addition	2019-06-07T14:00:00Z	158	2019-06-06T19:00:00Z	157	Normal	158	normal	2019-06-07T18:00:00Z	157.75	0.25	175	227	219	18.420841963803518	103.20513324528179	121.62597520908531	NA	NA	NA	NA	NA	NA	NA	NA	5.7625
NA	NA	3C	167	23	3.3	21	22.7	22.4	0.6	NA	2019	3C167	3	C				NA	vegetative > flowering > dead_nf	vegetative	flowering	dead_nf	FALSE	Addition	Addition	2019-06-07T14:00:00Z	158	2019-06-06T19:00:00Z	157	Normal	158	normal	2019-06-07T18:00:00Z	157.75	0.25	175	227	219	18.420841963803518	103.20513324528179	121.62597520908531	NA	NA	NA	NA	NA	NA	NA	NA	5.7625
NA	NA	3D	882_19	23.4	4	24.8	23.9	21.4	1.6	NA	2019	3D882_19	3	D		floral19 seeds19 seeds20		NA	vegetative > dead_nf > dead_nf	vegetative	dead_nf	dead_nf	TRUE	Control	Control	2019-06-07T14:00:00Z	158	2019-06-06T19:00:00Z	157	Normal	158	normal	2019-06-07T18:00:00Z	157.75	0.25	175	227	219	18.420841963803518	26.20513324528178	44.6259752090853	NA	NA	NA	NA	NA	NA	NA	NA	3.9875
NA	NA	4B	168	19.7	NA	22.7	18.3	15.7	1.5	NA	2019	4B168	4	B		census20		NA	vegetative > flowering > dead_nf	vegetative	flowering	dead_nf	FALSE	Control	Mock rainout	2019-05-27T22:00:00Z	147	2019-05-26T18:00:00Z	146	Early	147	early	2019-05-27T18:00:00Z	157.75	-10.75	175	227	219	21.750493375436122	26.20513324528178	47.9556266207179	NA	NA	NA	NA	NA	NA	NA	NA	3.6175
NA	NA	4D	60	26	NA	25.3	24.3	21.8	1.4	NA	2019	4D60	4	D				NA	vegetative > flowering > dead_nf	vegetative	flowering	dead_nf	FALSE	Reduction	Reduction	2019-05-27T22:00:00Z	147	2019-05-26T18:00:00Z	146	Early	147	early	2019-05-27T18:00:00Z	157.75	-10.75	175	227	219	21.750493375436122	13.10256662264089	34.853059998077015	NA	NA	NA	NA	NA	NA	NA	NA	3.8274999999999997
NA	NA	5D	272	21.1	1.9	25.9	26.1	21.5	1	NA	2019	5D272	5	D				NA	vegetative > flowering > dead_nf	vegetative	flowering	dead_nf	FALSE	Control	Control	2019-06-04T15:00:00Z	155	2019-06-03T17:00:00Z	154	Early	155	early	2019-06-04T18:00:00Z	157.75	-2.75	175	227	219	18.73496002150471	26.20513324528178	44.94009326678649	NA	NA	NA	NA	NA	NA	NA	NA	3.6275000000000004
NA	NA	6B	29	25.8	3.5	24.5	24	22.2	1.4	NA	2019	6B29	6	B		seeds18		NA	vegetative > flowering > dead_nf	vegetative	flowering	dead_nf	FALSE	Reduction	Reduction	2019-06-05T19:00:00Z	156	2019-06-05T17:00:00Z	156	Normal	156	normal	2019-06-05T18:00:00Z	157.75	-1.75	175	227	219	18.420841963803518	13.10256662264089	31.523408586444408	NA	NA	NA	NA	NA	NA	NA	NA	3.89
DC	2020-06-26T00:00:00Z	2A	285	30.6	3.6	24.5	32.1	28.5	1.8	NA	2020	2A285	2	A				NA	vegetative > vegetative > flowering	vegetative	vegetative	flowering	FALSE	Control	Control	2020-04-29T17:00:00Z	120	2020-04-28T19:00:00Z	119	Early	120	early	2020-04-29T18:00:00Z	125.66666666666667	-5.666666666666671	164	227	210	36.226256035394904	35.71266458143843	71.93892061683334	NA	NA	NA	NA	NA	NA	NA	NA	5.142222222222222
DC	2020-06-26T00:00:00Z	2A	694	29.3	3.4	26.9	30.7	25.8	1.3	NA	2020	2A694	2	A				NA	vegetative > vegetative > flowering	vegetative	vegetative	flowering	FALSE	Control	Control	2020-04-29T17:00:00Z	120	2020-04-28T19:00:00Z	119	Early	120	early	2020-04-29T18:00:00Z	125.66666666666667	-5.666666666666671	164	227	210	36.226256035394904	35.71266458143843	71.93892061683334	NA	NA	NA	NA	NA	NA	NA	NA	5.142222222222222
DC	2020-06-26T00:00:00Z	2B	81	25.6	3.9	22	26.1	25.5	1.8	NA	2020	2B81	2	B				NA	vegetative > vegetative > flowering	vegetative	vegetative	flowering	FALSE	Control	Mock rainout	2020-04-29T17:00:00Z	120	2020-04-28T19:00:00Z	119	Early	120	early	2020-04-29T18:00:00Z	125.66666666666667	-5.666666666666671	164	227	210	36.226256035394904	35.71266458143843	71.93892061683334	NA	NA	NA	NA	NA	NA	NA	NA	5.586666666666667
DC	2020-06-26T00:00:00Z	2B	89	26	4	22.5	26.3	23.2	1.5	NA	2020	2B89	2	B				NA	vegetative > vegetative > flowering	vegetative	vegetative	flowering	FALSE	Control	Mock rainout	2020-04-29T17:00:00Z	120	2020-04-28T19:00:00Z	119	Early	120	early	2020-04-29T18:00:00Z	125.66666666666667	-5.666666666666671	164	227	210	36.226256035394904	35.71266458143843	71.93892061683334	NA	NA	NA	NA	NA	NA	NA	NA	5.586666666666667
DC	2020-06-26T00:00:00Z	2D	204	27	3.2	27.6	26.8	25.7	1.7	NA	2020	2D204	2	D				NA	vegetative > vegetative > flowering	vegetative	vegetative	flowering	FALSE	Addition	Addition	2020-04-29T17:00:00Z	120	2020-04-28T19:00:00Z	119	Early	120	early	2020-04-29T18:00:00Z	125.66666666666667	-5.666666666666671	164	227	210	36.226256035394904	116.21266458143843	152.43892061683334	NA	NA	NA	NA	NA	NA	NA	NA	7.424444444444444
DC	2020-06-26T00:00:00Z	2D	193	28.1	4	26.6	30.3	28.2	2.1	NA	2020	2D193	2	D				NA	vegetative > vegetative > flowering	vegetative	vegetative	flowering	FALSE	Addition	Addition	2020-04-29T17:00:00Z	120	2020-04-28T19:00:00Z	119	Early	120	early	2020-04-29T18:00:00Z	125.66666666666667	-5.666666666666671	164	227	210	36.226256035394904	116.21266458143843	152.43892061683334	NA	NA	NA	NA	NA	NA	NA	NA	7.424444444444444
DC	2020-06-26T00:00:00Z	2D	194	26.4	3.8	26.8	29.6	24.3	1.9	NA	2020	2D194	2	D				NA	vegetative > vegetative > flowering	vegetative	vegetative	flowering	FALSE	Addition	Addition	2020-04-29T17:00:00Z	120	2020-04-28T19:00:00Z	119	Early	120	early	2020-04-29T18:00:00Z	125.66666666666667	-5.666666666666671	164	227	210	36.226256035394904	116.21266458143843	152.43892061683334	NA	NA	NA	NA	NA	NA	NA	NA	7.424444444444444
DC	2020-06-26T00:00:00Z	3C	875	31.7	3.7	26.6	32.8	26.4	1.4	NA	2020	3C875	3	C				NA	NA	NA	NA	NA	FALSE	Addition	Addition	2020-05-04T21:00:00Z	125	2020-05-04T15:00:00Z	125	Normal	126	normal	2020-05-05T18:00:00Z	125.66666666666667	-0.6666666666666714	164	227	210	36.06919700654431	116.21266458143843	152.28186158798275	NA	NA	NA	NA	NA	NA	NA	NA	6.5777777777777775
DC	2020-06-26T00:00:00Z	4A	114	27.3	2.9	25.1	26.8	25.5	1.3	NA	2020	4A114	4	A				NA	vegetative > vegetative > flowering	vegetative	vegetative	flowering	FALSE	Addition	Addition	2020-04-30T19:00:00Z	121	2020-04-28T18:00:00Z	119	Early	119	early	2020-04-28T18:00:00Z	125.66666666666667	-4.666666666666671	164	227	210	36.226256035394904	116.21266458143843	152.43892061683334	NA	NA	NA	NA	NA	NA	NA	NA	6.6466666666666665
DC	2020-06-26T00:00:00Z	4A	68	31.2	4.1	25.9	30.9	26.5	1.8	NA	2020	4A68	4	A		floral19		NA	vegetative > vegetative > flowering	vegetative	vegetative	flowering	FALSE	Addition	Addition	2020-04-30T19:00:00Z	121	2020-04-28T18:00:00Z	119	Early	119	early	2020-04-28T18:00:00Z	125.66666666666667	-4.666666666666671	164	227	210	36.226256035394904	116.21266458143843	152.43892061683334	NA	NA	NA	NA	NA	NA	NA	NA	6.6466666666666665
DC	2020-06-26T00:00:00Z	4A	85	26	3.3	24.8	28	26.9	1.6	NA	2020	4A85	4	A				NA	vegetative > vegetative > flowering	vegetative	vegetative	flowering	FALSE	Addition	Addition	2020-04-30T19:00:00Z	121	2020-04-28T18:00:00Z	119	Early	119	early	2020-04-28T18:00:00Z	125.66666666666667	-4.666666666666671	164	227	210	36.226256035394904	116.21266458143843	152.43892061683334	NA	NA	NA	NA	NA	NA	NA	NA	6.6466666666666665
DC	2020-06-26T00:00:00Z	4B	594	22.7	3.2	26.7	24.8	22.5	1.7	should be plant 594	2020	4B594	4	B			floral20	4B594	NA	NA	NA	NA	TRUE	Control	Mock rainout	2020-04-30T19:00:00Z	121	2020-04-28T18:00:00Z	119	Early	119	early	2020-04-28T18:00:00Z	125.66666666666667	-4.666666666666671	164	227	210	36.226256035394904	35.71266458143843	71.93892061683334	NA	NA	NA	NA	NA	NA	NA	NA	4.964444444444444
DC	2020-06-26T00:00:00Z	4B	680	21.1	2.9	19.6	21.7	20.8	1.5	NA	2020	4B680	4	B				NA	vegetative > vegetative > flowering	vegetative	vegetative	flowering	FALSE	Control	Mock rainout	2020-04-30T19:00:00Z	121	2020-04-28T18:00:00Z	119	Early	119	early	2020-04-28T18:00:00Z	125.66666666666667	-4.666666666666671	164	227	210	36.226256035394904	35.71266458143843	71.93892061683334	NA	NA	NA	NA	NA	NA	NA	NA	4.964444444444444
DC	2020-06-26T00:00:00Z	4C	195	23.7	3.4	24.8	27.1	24.5	1.5	NA	2020	4C195	4	C				NA	vegetative > vegetative > flowering	vegetative	vegetative	flowering	FALSE	Control	Control	2020-04-30T19:00:00Z	121	2020-04-28T18:00:00Z	119	Early	119	early	2020-04-28T18:00:00Z	125.66666666666667	-4.666666666666671	164	227	210	36.226256035394904	35.71266458143843	71.93892061683334	NA	NA	NA	NA	NA	NA	NA	NA	5.066666666666666
DC	2020-06-26T00:00:00Z	4C	641	25.9	3.7	23.2	28.1	25.8	1.7	NA	2020	4C641	4	C				NA	vegetative > flowering > flowering	vegetative	flowering	flowering	FALSE	Control	Control	2020-04-30T19:00:00Z	121	2020-04-28T18:00:00Z	119	Early	119	early	2020-04-28T18:00:00Z	125.66666666666667	-4.666666666666671	164	227	210	36.226256035394904	35.71266458143843	71.93892061683334	NA	NA	NA	NA	NA	NA	NA	NA	5.066666666666666
DC	2020-06-26T00:00:00Z	1C	64	29.4	3.7	27.6	29.9	25.9	1.6	NA	2020	1C64	1	C				NA	vegetative > vegetative > flowering	vegetative	vegetative	flowering	FALSE	Control	Mock rainout	2020-05-04T15:00:00Z	125	2020-05-02T18:00:00Z	123	Normal	125	normal	2020-05-04T18:00:00Z	125.66666666666667	-0.6666666666666714	164	227	210	36.06919700654431	35.71266458143843	71.78186158798275	NA	NA	NA	NA	NA	NA	NA	NA	5.58
DC	2020-06-26T00:00:00Z	1D	24	27.5	3.9	23.3	28.2	26.1	1.9	NA	2020	1D24	1	D				NA	vegetative > vegetative > flowering	vegetative	vegetative	flowering	FALSE	Reduction	Reduction	2020-05-04T15:00:00Z	125	2020-05-02T18:00:00Z	123	Normal	125	normal	2020-05-04T18:00:00Z	125.66666666666667	-0.6666666666666714	164	227	210	36.06919700654431	17.856332290719216	53.92552929726352	NA	NA	NA	NA	NA	NA	NA	NA	4.728888888888889
DC	2020-06-26T00:00:00Z	6A	165	27.5	3.4	25.8	28.6	25.8	1.5	NA	2020	6A165	6	A				NA	vegetative > vegetative > flowering	vegetative	vegetative	flowering	FALSE	Control	Control	2020-05-06T18:00:00Z	127	2020-05-05T19:00:00Z	126	Normal	127	normal	2020-05-06T18:00:00Z	125.66666666666667	1.3333333333333286	164	227	210	36.06919700654431	35.71266458143843	71.78186158798275	NA	NA	NA	NA	NA	NA	NA	NA	4.7155555555555555
DC	2020-06-26T00:00:00Z	6A	685	20.4	3.1	20.5	21.2	19.1	1.1	NA	2020	6A685	6	A				NA	vegetative > vegetative > flowering	vegetative	vegetative	flowering	FALSE	Control	Control	2020-05-06T18:00:00Z	127	2020-05-05T19:00:00Z	126	Normal	127	normal	2020-05-06T18:00:00Z	125.66666666666667	1.3333333333333286	164	227	210	36.06919700654431	35.71266458143843	71.78186158798275	NA	NA	NA	NA	NA	NA	NA	NA	4.7155555555555555
DC	2020-06-26T00:00:00Z	5B	16	26.3	3.2	23.5	26.1	25.5	1.5	NA	2020	5B16	5	B				NA	vegetative > vegetative > flowering	vegetative	vegetative	flowering	FALSE	Control	Mock rainout	2020-04-28T20:00:00Z	119	2020-04-28T17:00:00Z	119	Early	119	early	2020-04-28T18:00:00Z	125.66666666666667	-6.666666666666671	164	227	210	36.226256035394904	35.71266458143843	71.93892061683334	NA	NA	NA	NA	NA	NA	NA	NA	4.8133333333333335
DC	2020-06-26T00:00:00Z	5B	289	27.8	3.2	25	28.6	26.9	1.9	NA	2020	5B289	5	B				NA	vegetative > vegetative > flowering	vegetative	vegetative	flowering	FALSE	Control	Mock rainout	2020-04-28T20:00:00Z	119	2020-04-28T17:00:00Z	119	Early	119	early	2020-04-28T18:00:00Z	125.66666666666667	-6.666666666666671	164	227	210	36.226256035394904	35.71266458143843	71.93892061683334	NA	NA	NA	NA	NA	NA	NA	NA	4.8133333333333335
DC	2020-06-26T00:00:00Z	5C	225	21.7	2.9	26.9	23	21	1.7	NA	2020	5C225	5	C				NA	vegetative > vegetative > flowering	vegetative	vegetative	flowering	FALSE	Reduction	Reduction	2020-04-28T20:00:00Z	119	2020-04-28T17:00:00Z	119	Early	119	early	2020-04-28T18:00:00Z	125.66666666666667	-6.666666666666671	164	227	210	36.226256035394904	17.856332290719216	54.08258832611412	NA	NA	NA	NA	NA	NA	NA	NA	4.688888888888889
DC	2020-06-26T00:00:00Z	5C	224	25.6	4	26.6	26.3	22.8	1.7	NA	2020	5C224	5	C				NA	vegetative > vegetative > flowering	vegetative	vegetative	flowering	FALSE	Reduction	Reduction	2020-04-28T20:00:00Z	119	2020-04-28T17:00:00Z	119	Early	119	early	2020-04-28T18:00:00Z	125.66666666666667	-6.666666666666671	164	227	210	36.226256035394904	17.856332290719216	54.08258832611412	NA	NA	NA	NA	NA	NA	NA	NA	4.688888888888889
DC	2020-06-26T00:00:00Z	5D	268	27.1	3.7	27.5	27.9	26.6	1.9	NA	2020	5D268	5	D				NA	vegetative > vegetative > flowering	vegetative	vegetative	flowering	FALSE	Control	Control	2020-04-28T20:00:00Z	119	2020-04-28T17:00:00Z	119	Early	119	early	2020-04-28T18:00:00Z	125.66666666666667	-6.666666666666671	164	227	210	36.226256035394904	35.71266458143843	71.93892061683334	NA	NA	NA	NA	NA	NA	NA	NA	4.428888888888889
DC	2020-06-26T00:00:00Z	5D	274	26.3	3.6	24.8	26.9	25.2	1.8	NA	2020	5D274	5	D				NA	vegetative > vegetative > flowering	vegetative	vegetative	flowering	FALSE	Control	Control	2020-04-28T20:00:00Z	119	2020-04-28T17:00:00Z	119	Early	119	early	2020-04-28T18:00:00Z	125.66666666666667	-6.666666666666671	164	227	210	36.226256035394904	35.71266458143843	71.93892061683334	NA	NA	NA	NA	NA	NA	NA	NA	4.428888888888889
DC	2020-06-30T00:00:00Z	6A	165	29.5	3.1	27.9	30.4	29.6	1.3	NA	2020	6A165	6	A				NA	vegetative > vegetative > flowering	vegetative	vegetative	flowering	FALSE	Control	Control	2020-05-06T18:00:00Z	127	2020-05-05T19:00:00Z	126	Normal	127	normal	2020-05-06T18:00:00Z	125.66666666666667	1.3333333333333286	164	227	210	36.06919700654431	35.71266458143843	71.78186158798275	NA	NA	NA	NA	NA	NA	NA	NA	4.7155555555555555
DC	2020-06-30T00:00:00Z	6A	685	23.4	3.3	24.3	24.7	22.9	1.3	NA	2020	6A685	6	A				NA	vegetative > vegetative > flowering	vegetative	vegetative	flowering	FALSE	Control	Control	2020-05-06T18:00:00Z	127	2020-05-05T19:00:00Z	126	Normal	127	normal	2020-05-06T18:00:00Z	125.66666666666667	1.3333333333333286	164	227	210	36.06919700654431	35.71266458143843	71.78186158798275	NA	NA	NA	NA	NA	NA	NA	NA	4.7155555555555555
DC	2020-06-30T00:00:00Z	6B	120	30.8	3.3	27.9	32.4	32.2	1.5	NA	2020	6B120	6	B				NA	vegetative > vegetative > flowering	vegetative	vegetative	flowering	FALSE	Reduction	Reduction	2020-05-06T18:00:00Z	127	2020-05-05T19:00:00Z	126	Normal	127	normal	2020-05-06T18:00:00Z	125.66666666666667	1.3333333333333286	164	227	210	36.06919700654431	17.856332290719216	53.92552929726352	NA	NA	NA	NA	NA	NA	NA	NA	4.0488888888888885
DC	2020-06-30T00:00:00Z	6D	71	27.4	3.2	27.5	27.9	22.9	1.5	NA	2020	6D71	6	D				NA	vegetative > vegetative > flowering	vegetative	vegetative	flowering	FALSE	Addition	Addition	2020-05-06T18:00:00Z	127	2020-05-05T19:00:00Z	126	Normal	127	normal	2020-05-06T18:00:00Z	125.66666666666667	1.3333333333333286	164	227	210	36.06919700654431	116.21266458143843	152.28186158798275	NA	NA	NA	NA	NA	NA	NA	NA	7.590888888888889
DC	2020-06-30T00:00:00Z	6D	68	27.8	3.5	26.9	28.2	25.7	1.8	NA	2020	6D68	6	D				NA	vegetative > vegetative > flowering	vegetative	vegetative	flowering	FALSE	Addition	Addition	2020-05-06T18:00:00Z	127	2020-05-05T19:00:00Z	126	Normal	127	normal	2020-05-06T18:00:00Z	125.66666666666667	1.3333333333333286	164	227	210	36.06919700654431	116.21266458143843	152.28186158798275	NA	NA	NA	NA	NA	NA	NA	NA	7.590888888888889
DC	2020-06-30T00:00:00Z	6D	52	23.5	3.6	24.3	24.9	23.7	1.6	NA	2020	6D52	6	D				NA	vegetative > vegetative > flowering	vegetative	vegetative	flowering	FALSE	Addition	Addition	2020-05-06T18:00:00Z	127	2020-05-05T19:00:00Z	126	Normal	127	normal	2020-05-06T18:00:00Z	125.66666666666667	1.3333333333333286	164	227	210	36.06919700654431	116.21266458143843	152.28186158798275	NA	NA	NA	NA	NA	NA	NA	NA	7.590888888888889
DC	2020-06-30T00:00:00Z	1A	240	29	3.7	27.3	29.5	29	2.3	NA	2020	1A240	1	A				NA	vegetative > vegetative > flowering	vegetative	vegetative	flowering	FALSE	Addition	Addition	2020-05-04T15:00:00Z	125	2020-05-02T18:00:00Z	123	Normal	125	normal	2020-05-04T18:00:00Z	125.66666666666667	-0.6666666666666714	164	227	210	36.06919700654431	116.21266458143843	152.28186158798275	NA	NA	NA	NA	NA	NA	NA	NA	7.731111111111111
DC	2020-06-30T00:00:00Z	1A	244	26.6	3.6	25.4	27.1	25.8	1.7	NA	2020	1A244	1	A				NA	vegetative > vegetative > flowering	vegetative	vegetative	flowering	FALSE	Addition	Addition	2020-05-04T15:00:00Z	125	2020-05-02T18:00:00Z	123	Normal	125	normal	2020-05-04T18:00:00Z	125.66666666666667	-0.6666666666666714	164	227	210	36.06919700654431	116.21266458143843	152.28186158798275	NA	NA	NA	NA	NA	NA	NA	NA	7.731111111111111
DC	2020-06-30T00:00:00Z	1A	255	21.9	3	25.3	23.1	19.7	1.9	NA	2020	1A255	1	A				NA	vegetative > vegetative > flowering	vegetative	vegetative	flowering	FALSE	Addition	Addition	2020-05-04T15:00:00Z	125	2020-05-02T18:00:00Z	123	Normal	125	normal	2020-05-04T18:00:00Z	125.66666666666667	-0.6666666666666714	164	227	210	36.06919700654431	116.21266458143843	152.28186158798275	NA	NA	NA	NA	NA	NA	NA	NA	7.731111111111111
DC	2020-06-30T00:00:00Z	1A	257	27.6	3.4	26.4	28.9	25.1	1.7	NA	2020	1A257	1	A				NA	vegetative > vegetative > flowering	vegetative	vegetative	flowering	FALSE	Addition	Addition	2020-05-04T15:00:00Z	125	2020-05-02T18:00:00Z	123	Normal	125	normal	2020-05-04T18:00:00Z	125.66666666666667	-0.6666666666666714	164	227	210	36.06919700654431	116.21266458143843	152.28186158798275	NA	NA	NA	NA	NA	NA	NA	NA	7.731111111111111
DC	2020-06-30T00:00:00Z	1C	54	23	3.7	NA	23.1	21.8	1.8	no style length recorded	2020	1C54	1	C				NA	vegetative > vegetative > flowering	vegetative	vegetative	flowering	FALSE	Control	Mock rainout	2020-05-04T15:00:00Z	125	2020-05-02T18:00:00Z	123	Normal	125	normal	2020-05-04T18:00:00Z	125.66666666666667	-0.6666666666666714	164	227	210	36.06919700654431	35.71266458143843	71.78186158798275	NA	NA	NA	NA	NA	NA	NA	NA	5.58
DC	2020-06-30T00:00:00Z	1C	64	28	3.1	25.2	29.7	25.5	1.9	NA	2020	1C64	1	C				NA	vegetative > vegetative > flowering	vegetative	vegetative	flowering	FALSE	Control	Mock rainout	2020-05-04T15:00:00Z	125	2020-05-02T18:00:00Z	123	Normal	125	normal	2020-05-04T18:00:00Z	125.66666666666667	-0.6666666666666714	164	227	210	36.06919700654431	35.71266458143843	71.78186158798275	NA	NA	NA	NA	NA	NA	NA	NA	5.58
DC	2020-06-30T00:00:00Z	1D	24	26.9	4	23.9	28.9	25.6	1.7	NA	2020	1D24	1	D				NA	vegetative > vegetative > flowering	vegetative	vegetative	flowering	FALSE	Reduction	Reduction	2020-05-04T15:00:00Z	125	2020-05-02T18:00:00Z	123	Normal	125	normal	2020-05-04T18:00:00Z	125.66666666666667	-0.6666666666666714	164	227	210	36.06919700654431	17.856332290719216	53.92552929726352	NA	NA	NA	NA	NA	NA	NA	NA	4.728888888888889
XL	2020-06-30T00:00:00Z	4A	114	27.2	NA	25.6	28.2	26.1	1.4	NA	2020	4A114	4	A				NA	vegetative > vegetative > flowering	vegetative	vegetative	flowering	FALSE	Addition	Addition	2020-04-30T19:00:00Z	121	2020-04-28T18:00:00Z	119	Early	119	early	2020-04-28T18:00:00Z	125.66666666666667	-4.666666666666671	164	227	210	36.226256035394904	116.21266458143843	152.43892061683334	NA	NA	NA	NA	NA	NA	NA	NA	6.6466666666666665
XL	2020-06-30T00:00:00Z	4A	68	26	NA	26.5	26.6	24.5	1.4	NA	2020	4A68	4	A		floral19		NA	vegetative > vegetative > flowering	vegetative	vegetative	flowering	FALSE	Addition	Addition	2020-04-30T19:00:00Z	121	2020-04-28T18:00:00Z	119	Early	119	early	2020-04-28T18:00:00Z	125.66666666666667	-4.666666666666671	164	227	210	36.226256035394904	116.21266458143843	152.43892061683334	NA	NA	NA	NA	NA	NA	NA	NA	6.6466666666666665
XL	2020-06-30T00:00:00Z	4A	99	23.5	NA	26.1	24.9	22.1	0.8	NA	2020	4A99	4	A				NA	vegetative > vegetative > flowering	vegetative	vegetative	flowering	FALSE	Addition	Addition	2020-04-30T19:00:00Z	121	2020-04-28T18:00:00Z	119	Early	119	early	2020-04-28T18:00:00Z	125.66666666666667	-4.666666666666671	164	227	210	36.226256035394904	116.21266458143843	152.43892061683334	NA	NA	NA	NA	NA	NA	NA	NA	6.6466666666666665
XL	2020-06-30T00:00:00Z	4A	85	22.5	NA	23.6	24.4	22.5	1.8	NA	2020	4A85	4	A				NA	vegetative > vegetative > flowering	vegetative	vegetative	flowering	FALSE	Addition	Addition	2020-04-30T19:00:00Z	121	2020-04-28T18:00:00Z	119	Early	119	early	2020-04-28T18:00:00Z	125.66666666666667	-4.666666666666671	164	227	210	36.226256035394904	116.21266458143843	152.43892061683334	NA	NA	NA	NA	NA	NA	NA	NA	6.6466666666666665
XL	2020-06-30T00:00:00Z	4A	80	26.4	NA	25.9	28.5	25.2	0.6	NA	2020	4A80	4	A				NA	vegetative > vegetative > flowering	vegetative	vegetative	flowering	FALSE	Addition	Addition	2020-04-30T19:00:00Z	121	2020-04-28T18:00:00Z	119	Early	119	early	2020-04-28T18:00:00Z	125.66666666666667	-4.666666666666671	164	227	210	36.226256035394904	116.21266458143843	152.43892061683334	NA	NA	NA	NA	NA	NA	NA	NA	6.6466666666666665
XL	2020-06-30T00:00:00Z	4C	195	24	NA	23.4	27	23.4	1.4	NA	2020	4C195	4	C				NA	vegetative > vegetative > flowering	vegetative	vegetative	flowering	FALSE	Control	Control	2020-04-30T19:00:00Z	121	2020-04-28T18:00:00Z	119	Early	119	early	2020-04-28T18:00:00Z	125.66666666666667	-4.666666666666671	164	227	210	36.226256035394904	35.71266458143843	71.93892061683334	NA	NA	NA	NA	NA	NA	NA	NA	5.066666666666666
XL	2020-06-30T00:00:00Z	4C	641	24	NA	22.1	23.8	21.8	1.1	NA	2020	4C641	4	C				NA	vegetative > flowering > flowering	vegetative	flowering	flowering	FALSE	Control	Control	2020-04-30T19:00:00Z	121	2020-04-28T18:00:00Z	119	Early	119	early	2020-04-28T18:00:00Z	125.66666666666667	-4.666666666666671	164	227	210	36.226256035394904	35.71266458143843	71.93892061683334	NA	NA	NA	NA	NA	NA	NA	NA	5.066666666666666
XL	2020-06-30T00:00:00Z	4D	47	25.5	NA	20.3	25.5	23.3	1.5	NA	2020	4D47	4	D				NA	vegetative > vegetative > flowering	vegetative	vegetative	flowering	FALSE	Reduction	Reduction	2020-04-30T19:00:00Z	121	2020-04-28T18:00:00Z	119	Early	119	early	2020-04-28T18:00:00Z	125.66666666666667	-4.666666666666671	164	227	210	36.226256035394904	17.856332290719216	54.08258832611412	NA	NA	NA	NA	NA	NA	NA	NA	4.1466666666666665
XL	2020-06-30T00:00:00Z	4B	594	24.6	NA	27.1	26.8	23.1	1.5	NA	2020	4B594	4	B				NA	vegetative > vegetative > flowering	vegetative	vegetative	flowering	FALSE	Control	Mock rainout	2020-04-30T19:00:00Z	121	2020-04-28T18:00:00Z	119	Early	119	early	2020-04-28T18:00:00Z	125.66666666666667	-4.666666666666671	164	227	210	36.226256035394904	35.71266458143843	71.93892061683334	NA	NA	NA	NA	NA	NA	NA	NA	4.964444444444444
XL	2020-06-30T00:00:00Z	2A	589	22.1	NA	23.4	21.2	20	1.1	NA	2020	2A589	2	A				NA	vegetative > vegetative > flowering	vegetative	vegetative	flowering	FALSE	Control	Control	2020-04-29T17:00:00Z	120	2020-04-28T19:00:00Z	119	Early	120	early	2020-04-29T18:00:00Z	125.66666666666667	-5.666666666666671	164	227	210	36.226256035394904	35.71266458143843	71.93892061683334	NA	NA	NA	NA	NA	NA	NA	NA	5.142222222222222
XL	2020-06-30T00:00:00Z	2A	694	27	NA	25	28.8	25.3	1.6	NA	2020	2A694	2	A				NA	vegetative > vegetative > flowering	vegetative	vegetative	flowering	FALSE	Control	Control	2020-04-29T17:00:00Z	120	2020-04-28T19:00:00Z	119	Early	120	early	2020-04-29T18:00:00Z	125.66666666666667	-5.666666666666671	164	227	210	36.226256035394904	35.71266458143843	71.93892061683334	NA	NA	NA	NA	NA	NA	NA	NA	5.142222222222222
XL	2020-06-30T00:00:00Z	2A	285	28	NA	24.8	30	27	1.7	NA	2020	2A285	2	A				NA	vegetative > vegetative > flowering	vegetative	vegetative	flowering	FALSE	Control	Control	2020-04-29T17:00:00Z	120	2020-04-28T19:00:00Z	119	Early	120	early	2020-04-29T18:00:00Z	125.66666666666667	-5.666666666666671	164	227	210	36.226256035394904	35.71266458143843	71.93892061683334	NA	NA	NA	NA	NA	NA	NA	NA	5.142222222222222
XL	2020-06-30T00:00:00Z	3B	89	24.7	NA	19.98	25.7	21.6	1.6	NA	2020	3B89	3	B				NA	NA	NA	NA	NA	FALSE	Control	Mock rainout	2020-05-04T21:00:00Z	125	2020-05-04T15:00:00Z	125	Normal	126	normal	2020-05-05T18:00:00Z	125.66666666666667	-0.6666666666666714	164	227	210	36.06919700654431	35.71266458143843	71.78186158798275	NA	NA	NA	NA	NA	NA	NA	NA	5.1466666666666665
JP	2020-06-30T00:00:00Z	5D	274	25.7	NA	26.4	22.3	25.4	1.7	NA	2020	5D274	5	D				NA	vegetative > vegetative > flowering	vegetative	vegetative	flowering	FALSE	Control	Control	2020-04-28T20:00:00Z	119	2020-04-28T17:00:00Z	119	Early	119	early	2020-04-28T18:00:00Z	125.66666666666667	-6.666666666666671	164	227	210	36.226256035394904	35.71266458143843	71.93892061683334	NA	NA	NA	NA	NA	NA	NA	NA	4.428888888888889
JP	2020-06-30T00:00:00Z	5D	269_20	26.9	NA	25.9	25.4	25.6	2.1	NA	2020	5D269_20	5	D		census20 pheno20 floral20 volatiles20 seeds20		NA	vegetative > dead_nf > dead_nf	vegetative	dead_nf	dead_nf	TRUE	Control	Control	2020-04-28T20:00:00Z	119	2020-04-28T17:00:00Z	119	Early	119	early	2020-04-28T18:00:00Z	125.66666666666667	-6.666666666666671	164	227	210	36.226256035394904	35.71266458143843	71.93892061683334	NA	NA	NA	NA	NA	NA	NA	NA	4.428888888888889
ST	2020-06-30T00:00:00Z	5D	242	24.4	NA	23.7	26.2	22.9	1	NA	2020	5D242	5	D				NA	vegetative > vegetative > flowering	vegetative	vegetative	flowering	FALSE	Control	Control	2020-04-28T20:00:00Z	119	2020-04-28T17:00:00Z	119	Early	119	early	2020-04-28T18:00:00Z	125.66666666666667	-6.666666666666671	164	227	210	36.226256035394904	35.71266458143843	71.93892061683334	NA	NA	NA	NA	NA	NA	NA	NA	4.428888888888889
ST	2020-06-30T00:00:00Z	5B	16	24.8	NA	22.4	25.4	21.5	1.2	NA	2020	5B16	5	B				NA	vegetative > vegetative > flowering	vegetative	vegetative	flowering	FALSE	Control	Mock rainout	2020-04-28T20:00:00Z	119	2020-04-28T17:00:00Z	119	Early	119	early	2020-04-28T18:00:00Z	125.66666666666667	-6.666666666666671	164	227	210	36.226256035394904	35.71266458143843	71.93892061683334	NA	NA	NA	NA	NA	NA	NA	NA	4.8133333333333335
ST	2020-06-30T00:00:00Z	5B	12	28.6	NA	23.5	29.2	25.7	1.3	NA	2020	5B12	5	B				NA	vegetative > vegetative > flowering	vegetative	vegetative	flowering	FALSE	Control	Mock rainout	2020-04-28T20:00:00Z	119	2020-04-28T17:00:00Z	119	Early	119	early	2020-04-28T18:00:00Z	125.66666666666667	-6.666666666666671	164	227	210	36.226256035394904	35.71266458143843	71.93892061683334	NA	NA	NA	NA	NA	NA	NA	NA	4.8133333333333335
ST	2020-06-30T00:00:00Z	5B	20	23.9	NA	20.6	25.7	22.6	1.3	NA	2020	5B20	5	B		pheno18 pheno19		NA	vegetative > vegetative > flowering	vegetative	vegetative	flowering	FALSE	Control	Mock rainout	2020-04-28T20:00:00Z	119	2020-04-28T17:00:00Z	119	Early	119	early	2020-04-28T18:00:00Z	125.66666666666667	-6.666666666666671	164	227	210	36.226256035394904	35.71266458143843	71.93892061683334	NA	NA	NA	NA	NA	NA	NA	NA	4.8133333333333335
ST	2020-06-30T00:00:00Z	5B	4	27.1	NA	23.2	28.4	24.6	1	NA	2020	5B4	5	B				NA	vegetative > vegetative > flowering	vegetative	vegetative	flowering	FALSE	Control	Mock rainout	2020-04-28T20:00:00Z	119	2020-04-28T17:00:00Z	119	Early	119	early	2020-04-28T18:00:00Z	125.66666666666667	-6.666666666666671	164	227	210	36.226256035394904	35.71266458143843	71.93892061683334	NA	NA	NA	NA	NA	NA	NA	NA	4.8133333333333335
ST	2020-06-30T00:00:00Z	5A	185	28.7	NA	24.8	30.8	27.6	0.9	NA	2020	5A185	5	A		pheno19		NA	vegetative > vegetative > flowering	vegetative	vegetative	flowering	FALSE	Addition	Addition	2020-04-28T20:00:00Z	119	2020-04-28T17:00:00Z	119	Early	119	early	2020-04-28T18:00:00Z	125.66666666666667	-6.666666666666671	164	227	210	36.226256035394904	116.21266458143843	152.43892061683334	NA	NA	NA	NA	NA	NA	NA	NA	6.266666666666667
ST	2020-06-30T00:00:00Z	5A	196	25.3	NA	27.9	26.8	23.5	0.9	NA	2020	5A196	5	A				NA	vegetative > flowering > flowering	vegetative	flowering	flowering	FALSE	Addition	Addition	2020-04-28T20:00:00Z	119	2020-04-28T17:00:00Z	119	Early	119	early	2020-04-28T18:00:00Z	125.66666666666667	-6.666666666666671	164	227	210	36.226256035394904	116.21266458143843	152.43892061683334	NA	NA	NA	NA	NA	NA	NA	NA	6.266666666666667
ST	2020-06-30T00:00:00Z	5C	683	28.3	NA	23.6	29.2	24.6	0.6	NA	2020	5C683	5	C				NA	vegetative > vegetative > flowering	vegetative	vegetative	flowering	FALSE	Reduction	Reduction	2020-04-28T20:00:00Z	119	2020-04-28T17:00:00Z	119	Early	119	early	2020-04-28T18:00:00Z	125.66666666666667	-6.666666666666671	164	227	210	36.226256035394904	17.856332290719216	54.08258832611412	NA	NA	NA	NA	NA	NA	NA	NA	4.688888888888889
ST	2020-06-30T00:00:00Z	5C	224	23.8	NA	26.6	25.4	21.7	0.8	NA	2020	5C224	5	C				NA	vegetative > vegetative > flowering	vegetative	vegetative	flowering	FALSE	Reduction	Reduction	2020-04-28T20:00:00Z	119	2020-04-28T17:00:00Z	119	Early	119	early	2020-04-28T18:00:00Z	125.66666666666667	-6.666666666666671	164	227	210	36.226256035394904	17.856332290719216	54.08258832611412	NA	NA	NA	NA	NA	NA	NA	NA	4.688888888888889
ST	2020-06-30T00:00:00Z	5C	225	24.2	NA	26.7	25.4	22	0.7	NA	2020	5C225	5	C				NA	vegetative > vegetative > flowering	vegetative	vegetative	flowering	FALSE	Reduction	Reduction	2020-04-28T20:00:00Z	119	2020-04-28T17:00:00Z	119	Early	119	early	2020-04-28T18:00:00Z	125.66666666666667	-6.666666666666671	164	227	210	36.226256035394904	17.856332290719216	54.08258832611412	NA	NA	NA	NA	NA	NA	NA	NA	4.688888888888889
ST	2020-06-30T00:00:00Z	3A	278	28.9	NA	NA	29.5	24.7	1.1	style eaten	2020	3A278	3	A				NA	vegetative > vegetative > flowering	vegetative	vegetative	flowering	FALSE	Reduction	Reduction	2020-05-04T21:00:00Z	125	2020-05-04T15:00:00Z	125	Normal	126	normal	2020-05-05T18:00:00Z	125.66666666666667	-0.6666666666666714	164	227	210	36.06919700654431	17.856332290719216	53.92552929726352	NA	NA	NA	NA	NA	NA	NA	NA	4.573333333333333
ST	2020-06-30T00:00:00Z	3C	174	19.5	NA	27.2	24	19.1	1.3	NA	2020	3C174	3	C			floral20 seeds20	3C174	vegetative > flowering > dead_nf	vegetative	flowering	dead_nf	TRUE	Addition	Addition	2020-05-04T21:00:00Z	125	2020-05-04T15:00:00Z	125	Normal	126	normal	2020-05-05T18:00:00Z	125.66666666666667	-0.6666666666666714	164	227	210	36.06919700654431	116.21266458143843	152.28186158798275	NA	NA	NA	NA	NA	NA	NA	NA	6.5777777777777775
ST	2020-06-30T00:00:00Z	2D	219	26.1	NA	26.7	27.7	24.8	1.1	NA	2020	2D219	2	D				NA	vegetative > vegetative > flowering	vegetative	vegetative	flowering	FALSE	Addition	Addition	2020-04-29T17:00:00Z	120	2020-04-28T19:00:00Z	119	Early	120	early	2020-04-29T18:00:00Z	125.66666666666667	-5.666666666666671	164	227	210	36.226256035394904	116.21266458143843	152.43892061683334	NA	NA	NA	NA	NA	NA	NA	NA	7.424444444444444
ST	2020-06-30T00:00:00Z	2D	193	24.6	NA	26.8	27.6	24.1	1.2	NA	2020	2D193	2	D				NA	vegetative > vegetative > flowering	vegetative	vegetative	flowering	FALSE	Addition	Addition	2020-04-29T17:00:00Z	120	2020-04-28T19:00:00Z	119	Early	120	early	2020-04-29T18:00:00Z	125.66666666666667	-5.666666666666671	164	227	210	36.226256035394904	116.21266458143843	152.43892061683334	NA	NA	NA	NA	NA	NA	NA	NA	7.424444444444444
ST	2020-06-30T00:00:00Z	2D	204	28.7	NA	26.7	29.6	25.6	1.1	NA	2020	2D204	2	D				NA	vegetative > vegetative > flowering	vegetative	vegetative	flowering	FALSE	Addition	Addition	2020-04-29T17:00:00Z	120	2020-04-28T19:00:00Z	119	Early	120	early	2020-04-29T18:00:00Z	125.66666666666667	-5.666666666666671	164	227	210	36.226256035394904	116.21266458143843	152.43892061683334	NA	NA	NA	NA	NA	NA	NA	NA	7.424444444444444
ST	2020-06-30T00:00:00Z	2B	138	24.2	NA	23	25.5	21.4	1.3	NA	2020	2B138	2	B				NA	vegetative > vegetative > flowering	vegetative	vegetative	flowering	FALSE	Control	Mock rainout	2020-04-29T17:00:00Z	120	2020-04-28T19:00:00Z	119	Early	120	early	2020-04-29T18:00:00Z	125.66666666666667	-5.666666666666671	164	227	210	36.226256035394904	35.71266458143843	71.93892061683334	NA	NA	NA	NA	NA	NA	NA	NA	5.586666666666667
ST	2020-06-30T00:00:00Z	2B	86	23.5	NA	22.4	25.6	23.2	1.2	NA	2020	2B86	2	B				NA	vegetative > vegetative > flowering	vegetative	vegetative	flowering	FALSE	Control	Mock rainout	2020-04-29T17:00:00Z	120	2020-04-28T19:00:00Z	119	Early	120	early	2020-04-29T18:00:00Z	125.66666666666667	-5.666666666666671	164	227	210	36.226256035394904	35.71266458143843	71.93892061683334	NA	NA	NA	NA	NA	NA	NA	NA	5.586666666666667
ST	2020-07-06T00:00:00Z	1A	257	25.7	NA	24.8	26.9	22.3	1.3	NA	2020	1A257	1	A				NA	vegetative > vegetative > flowering	vegetative	vegetative	flowering	FALSE	Addition	Addition	2020-05-04T15:00:00Z	125	2020-05-02T18:00:00Z	123	Normal	125	normal	2020-05-04T18:00:00Z	125.66666666666667	-0.6666666666666714	164	227	210	36.06919700654431	116.21266458143843	152.28186158798275	NA	NA	NA	NA	NA	NA	NA	NA	7.731111111111111
ST	2020-07-06T00:00:00Z	1A	255	26.7	NA	22.9	27.9	25.1	0.9	NA	2020	1A255	1	A				NA	vegetative > vegetative > flowering	vegetative	vegetative	flowering	FALSE	Addition	Addition	2020-05-04T15:00:00Z	125	2020-05-02T18:00:00Z	123	Normal	125	normal	2020-05-04T18:00:00Z	125.66666666666667	-0.6666666666666714	164	227	210	36.06919700654431	116.21266458143843	152.28186158798275	NA	NA	NA	NA	NA	NA	NA	NA	7.731111111111111
ST	2020-07-06T00:00:00Z	1A	250	26.5	NA	23.9	26.7	24.7	1.2	NA	2020	1A250	1	A				NA	vegetative > vegetative > flowering	vegetative	vegetative	flowering	FALSE	Addition	Addition	2020-05-04T15:00:00Z	125	2020-05-02T18:00:00Z	123	Normal	125	normal	2020-05-04T18:00:00Z	125.66666666666667	-0.6666666666666714	164	227	210	36.06919700654431	116.21266458143843	152.28186158798275	NA	NA	NA	NA	NA	NA	NA	NA	7.731111111111111
ST	2020-07-06T00:00:00Z	1A	246	25.9	NA	26	29	26.8	1.1	NA	2020	1A246	1	A				NA	vegetative > flowering > flowering	vegetative	flowering	flowering	FALSE	Addition	Addition	2020-05-04T15:00:00Z	125	2020-05-02T18:00:00Z	123	Normal	125	normal	2020-05-04T18:00:00Z	125.66666666666667	-0.6666666666666714	164	227	210	36.06919700654431	116.21266458143843	152.28186158798275	NA	NA	NA	NA	NA	NA	NA	NA	7.731111111111111
ST	2020-07-06T00:00:00Z	1A	244	26.3	NA	26.4	27.1	24.9	1.2	NA	2020	1A244	1	A				NA	vegetative > vegetative > flowering	vegetative	vegetative	flowering	FALSE	Addition	Addition	2020-05-04T15:00:00Z	125	2020-05-02T18:00:00Z	123	Normal	125	normal	2020-05-04T18:00:00Z	125.66666666666667	-0.6666666666666714	164	227	210	36.06919700654431	116.21266458143843	152.28186158798275	NA	NA	NA	NA	NA	NA	NA	NA	7.731111111111111
ST	2020-07-06T00:00:00Z	1A	235	24.4	NA	27.9	25.5	21.1	0.8	NA	2020	1A235	1	A		floral18		NA	vegetative > vegetative > flowering	vegetative	vegetative	flowering	FALSE	Addition	Addition	2020-05-04T15:00:00Z	125	2020-05-02T18:00:00Z	123	Normal	125	normal	2020-05-04T18:00:00Z	125.66666666666667	-0.6666666666666714	164	227	210	36.06919700654431	116.21266458143843	152.28186158798275	NA	NA	NA	NA	NA	NA	NA	NA	7.731111111111111
ST	2020-07-06T00:00:00Z	1A	233	23.6	NA	21.3	26.4	22.5	0.9	NA	2020	1A233	1	A				NA	vegetative > vegetative > flowering	vegetative	vegetative	flowering	FALSE	Addition	Addition	2020-05-04T15:00:00Z	125	2020-05-02T18:00:00Z	123	Normal	125	normal	2020-05-04T18:00:00Z	125.66666666666667	-0.6666666666666714	164	227	210	36.06919700654431	116.21266458143843	152.28186158798275	NA	NA	NA	NA	NA	NA	NA	NA	7.731111111111111
ST	2020-07-06T00:00:00Z	1A	240	28.5	NA	24.7	31.3	26.5	1.1	NA	2020	1A240	1	A				NA	vegetative > vegetative > flowering	vegetative	vegetative	flowering	FALSE	Addition	Addition	2020-05-04T15:00:00Z	125	2020-05-02T18:00:00Z	123	Normal	125	normal	2020-05-04T18:00:00Z	125.66666666666667	-0.6666666666666714	164	227	210	36.06919700654431	116.21266458143843	152.28186158798275	NA	NA	NA	NA	NA	NA	NA	NA	7.731111111111111
ST	2020-07-06T00:00:00Z	1A	251	26.6	NA	27	27.1	23.1	1.4	NA	2020	1A251	1	A				NA	vegetative > vegetative > flowering	vegetative	vegetative	flowering	FALSE	Addition	Addition	2020-05-04T15:00:00Z	125	2020-05-02T18:00:00Z	123	Normal	125	normal	2020-05-04T18:00:00Z	125.66666666666667	-0.6666666666666714	164	227	210	36.06919700654431	116.21266458143843	152.28186158798275	NA	NA	NA	NA	NA	NA	NA	NA	7.731111111111111
ST	2020-07-06T00:00:00Z	1B	649	22.3	NA	27.3	26.4	24	1.2	NA	2020	1B649	1	B				NA	vegetative > vegetative > flowering	vegetative	vegetative	flowering	FALSE	Control	Control	2020-05-04T15:00:00Z	125	2020-05-02T18:00:00Z	123	Normal	125	normal	2020-05-04T18:00:00Z	125.66666666666667	-0.6666666666666714	164	227	210	36.06919700654431	35.71266458143843	71.78186158798275	NA	NA	NA	NA	NA	NA	NA	NA	5.817777777777778
DC	2020-07-06T00:00:00Z	2A	94	23.6	3.4	23.4	23.6	20.5	1.5	NA	2020	2A94	2	A				NA	no_record > vegetative > flowering	no_record	vegetative	flowering	FALSE	Control	Control	2020-04-29T17:00:00Z	120	2020-04-28T19:00:00Z	119	Early	120	early	2020-04-29T18:00:00Z	125.66666666666667	-5.666666666666671	164	227	210	36.226256035394904	35.71266458143843	71.93892061683334	NA	NA	NA	NA	NA	NA	NA	NA	5.142222222222222
DC	2020-07-06T00:00:00Z	2A	285	27.5	3.3	23.5	27.5	21.1	1.5	NA	2020	2A285	2	A				NA	vegetative > vegetative > flowering	vegetative	vegetative	flowering	FALSE	Control	Control	2020-04-29T17:00:00Z	120	2020-04-28T19:00:00Z	119	Early	120	early	2020-04-29T18:00:00Z	125.66666666666667	-5.666666666666671	164	227	210	36.226256035394904	35.71266458143843	71.93892061683334	NA	NA	NA	NA	NA	NA	NA	NA	5.142222222222222
DC	2020-07-06T00:00:00Z	2A	589	21.2	3.2	22.8	20.6	19.8	1.7	NA	2020	2A589	2	A				NA	vegetative > vegetative > flowering	vegetative	vegetative	flowering	FALSE	Control	Control	2020-04-29T17:00:00Z	120	2020-04-28T19:00:00Z	119	Early	120	early	2020-04-29T18:00:00Z	125.66666666666667	-5.666666666666671	164	227	210	36.226256035394904	35.71266458143843	71.93892061683334	NA	NA	NA	NA	NA	NA	NA	NA	5.142222222222222
DC	2020-07-06T00:00:00Z	2A	694	26.9	3.9	25.1	29.6	24.6	2	should be 694	2020	2A694	2	A			pheno20 floral20 volatiles20	2A694	NA	NA	NA	NA	TRUE	Control	Control	2020-04-29T17:00:00Z	120	2020-04-28T19:00:00Z	119	Early	120	early	2020-04-29T18:00:00Z	125.66666666666667	-5.666666666666671	164	227	210	36.226256035394904	35.71266458143843	71.93892061683334	NA	NA	NA	NA	NA	NA	NA	NA	5.142222222222222
DC	2020-07-06T00:00:00Z	2B	138	24.8	4	23.7	26.1	23.1	2	NA	2020	2B138	2	B				NA	vegetative > vegetative > flowering	vegetative	vegetative	flowering	FALSE	Control	Mock rainout	2020-04-29T17:00:00Z	120	2020-04-28T19:00:00Z	119	Early	120	early	2020-04-29T18:00:00Z	125.66666666666667	-5.666666666666671	164	227	210	36.226256035394904	35.71266458143843	71.93892061683334	NA	NA	NA	NA	NA	NA	NA	NA	5.586666666666667
DC	2020-07-06T00:00:00Z	2B	190	25.6	3.4	25.9	26.5	26.1	1.7	NA	2020	2B190	2	B				NA	vegetative > vegetative > flowering	vegetative	vegetative	flowering	FALSE	Control	Mock rainout	2020-04-29T17:00:00Z	120	2020-04-28T19:00:00Z	119	Early	120	early	2020-04-29T18:00:00Z	125.66666666666667	-5.666666666666671	164	227	210	36.226256035394904	35.71266458143843	71.93892061683334	NA	NA	NA	NA	NA	NA	NA	NA	5.586666666666667
DC	2020-07-06T00:00:00Z	2B	186	15.6	3	9.1	16.2	13.3	1.4	NA	2020	2B186	2	B				NA	vegetative > vegetative > flowering	vegetative	vegetative	flowering	FALSE	Control	Mock rainout	2020-04-29T17:00:00Z	120	2020-04-28T19:00:00Z	119	Early	120	early	2020-04-29T18:00:00Z	125.66666666666667	-5.666666666666671	164	227	210	36.226256035394904	35.71266458143843	71.93892061683334	NA	NA	NA	NA	NA	NA	NA	NA	5.586666666666667
DC	2020-07-06T00:00:00Z	2B	85	29.9	3.7	27	31	28.5	1.8	NA	2020	2B85	2	B				NA	vegetative > vegetative > flowering	vegetative	vegetative	flowering	FALSE	Control	Mock rainout	2020-04-29T17:00:00Z	120	2020-04-28T19:00:00Z	119	Early	120	early	2020-04-29T18:00:00Z	125.66666666666667	-5.666666666666671	164	227	210	36.226256035394904	35.71266458143843	71.93892061683334	NA	NA	NA	NA	NA	NA	NA	NA	5.586666666666667
DC	2020-07-06T00:00:00Z	2B	197	21.5	3	23.3	23.6	20.8	1.7	NA	2020	2B197	2	B				NA	vegetative > vegetative > flowering	vegetative	vegetative	flowering	FALSE	Control	Mock rainout	2020-04-29T17:00:00Z	120	2020-04-28T19:00:00Z	119	Early	120	early	2020-04-29T18:00:00Z	125.66666666666667	-5.666666666666671	164	227	210	36.226256035394904	35.71266458143843	71.93892061683334	NA	NA	NA	NA	NA	NA	NA	NA	5.586666666666667
DC	2020-07-06T00:00:00Z	2B	195_20	27.2	3.8	28.9	27.9	27	1.7	NA	2020	2B195_20	2	B		census20 pheno20 floral20 volatiles20 seeds20		NA	flowering > dead_nf > dead_nf	flowering	dead_nf	dead_nf	TRUE	Control	Mock rainout	2020-04-29T17:00:00Z	120	2020-04-28T19:00:00Z	119	Early	120	early	2020-04-29T18:00:00Z	125.66666666666667	-5.666666666666671	164	227	210	36.226256035394904	35.71266458143843	71.93892061683334	NA	NA	NA	NA	NA	NA	NA	NA	5.586666666666667
DC	2020-07-06T00:00:00Z	2B	97	29.5	3.4	30	30.4	27.5	2	NA	2020	2B97	2	B				NA	vegetative > vegetative > flowering	vegetative	vegetative	flowering	FALSE	Control	Mock rainout	2020-04-29T17:00:00Z	120	2020-04-28T19:00:00Z	119	Early	120	early	2020-04-29T18:00:00Z	125.66666666666667	-5.666666666666671	164	227	210	36.226256035394904	35.71266458143843	71.93892061683334	NA	NA	NA	NA	NA	NA	NA	NA	5.586666666666667
DC	2020-07-06T00:00:00Z	2B	180	32.3	3.2	32.6	32.6	30.3	1.9	NA	2020	2B180	2	B				NA	vegetative > vegetative > flowering	vegetative	vegetative	flowering	FALSE	Control	Mock rainout	2020-04-29T17:00:00Z	120	2020-04-28T19:00:00Z	119	Early	120	early	2020-04-29T18:00:00Z	125.66666666666667	-5.666666666666671	164	227	210	36.226256035394904	35.71266458143843	71.93892061683334	NA	NA	NA	NA	NA	NA	NA	NA	5.586666666666667
DC	2020-07-06T00:00:00Z	2B	83	27.7	3.3	27.5	29.4	25.3	1.9	NA	2020	2B83	2	B				NA	vegetative > vegetative > flowering	vegetative	vegetative	flowering	FALSE	Control	Mock rainout	2020-04-29T17:00:00Z	120	2020-04-28T19:00:00Z	119	Early	120	early	2020-04-29T18:00:00Z	125.66666666666667	-5.666666666666671	164	227	210	36.226256035394904	35.71266458143843	71.93892061683334	NA	NA	NA	NA	NA	NA	NA	NA	5.586666666666667
DC	2020-07-06T00:00:00Z	2B	89	24	3.2	21.5	24.8	22.4	2	NA	2020	2B89	2	B				NA	vegetative > vegetative > flowering	vegetative	vegetative	flowering	FALSE	Control	Mock rainout	2020-04-29T17:00:00Z	120	2020-04-28T19:00:00Z	119	Early	120	early	2020-04-29T18:00:00Z	125.66666666666667	-5.666666666666671	164	227	210	36.226256035394904	35.71266458143843	71.93892061683334	NA	NA	NA	NA	NA	NA	NA	NA	5.586666666666667
DC	2020-07-06T00:00:00Z	2B	86	23.4	3.3	23.5	25.8	24.3	1.7	NA	2020	2B86	2	B				NA	vegetative > vegetative > flowering	vegetative	vegetative	flowering	FALSE	Control	Mock rainout	2020-04-29T17:00:00Z	120	2020-04-28T19:00:00Z	119	Early	120	early	2020-04-29T18:00:00Z	125.66666666666667	-5.666666666666671	164	227	210	36.226256035394904	35.71266458143843	71.93892061683334	NA	NA	NA	NA	NA	NA	NA	NA	5.586666666666667
DC	2020-07-06T00:00:00Z	2D	204	31.7	3.6	31.2	31.8	29.5	1.1	NA	2020	2D204	2	D				NA	vegetative > vegetative > flowering	vegetative	vegetative	flowering	FALSE	Addition	Addition	2020-04-29T17:00:00Z	120	2020-04-28T19:00:00Z	119	Early	120	early	2020-04-29T18:00:00Z	125.66666666666667	-5.666666666666671	164	227	210	36.226256035394904	116.21266458143843	152.43892061683334	NA	NA	NA	NA	NA	NA	NA	NA	7.424444444444444
DC	2020-07-06T00:00:00Z	2D	193	27.1	3.9	26.3	27.8	24.8	2.2	NA	2020	2D193	2	D				NA	vegetative > vegetative > flowering	vegetative	vegetative	flowering	FALSE	Addition	Addition	2020-04-29T17:00:00Z	120	2020-04-28T19:00:00Z	119	Early	120	early	2020-04-29T18:00:00Z	125.66666666666667	-5.666666666666671	164	227	210	36.226256035394904	116.21266458143843	152.43892061683334	NA	NA	NA	NA	NA	NA	NA	NA	7.424444444444444
DC	2020-07-06T00:00:00Z	2D	219	26.1	3.1	27.2	27.3	26.9	1.8	NA	2020	2D219	2	D				NA	vegetative > vegetative > flowering	vegetative	vegetative	flowering	FALSE	Addition	Addition	2020-04-29T17:00:00Z	120	2020-04-28T19:00:00Z	119	Early	120	early	2020-04-29T18:00:00Z	125.66666666666667	-5.666666666666671	164	227	210	36.226256035394904	116.21266458143843	152.43892061683334	NA	NA	NA	NA	NA	NA	NA	NA	7.424444444444444
DC	2020-07-06T00:00:00Z	2D	194	26.1	2.8	26.9	27	24.9	2.2	NA	2020	2D194	2	D				NA	vegetative > vegetative > flowering	vegetative	vegetative	flowering	FALSE	Addition	Addition	2020-04-29T17:00:00Z	120	2020-04-28T19:00:00Z	119	Early	120	early	2020-04-29T18:00:00Z	125.66666666666667	-5.666666666666671	164	227	210	36.226256035394904	116.21266458143843	152.43892061683334	NA	NA	NA	NA	NA	NA	NA	NA	7.424444444444444
DC	2020-07-06T00:00:00Z	4A	124	29	2.8	29.4	29.8	28.4	2	NA	2020	4A124	4	A				NA	vegetative > flowering > flowering	vegetative	flowering	flowering	FALSE	Addition	Addition	2020-04-30T19:00:00Z	121	2020-04-28T18:00:00Z	119	Early	119	early	2020-04-28T18:00:00Z	125.66666666666667	-4.666666666666671	164	227	210	36.226256035394904	116.21266458143843	152.43892061683334	NA	NA	NA	NA	NA	NA	NA	NA	6.6466666666666665
DC	2020-07-06T00:00:00Z	4A	114	26.2	3.2	26.9	26.5	24.7	2.1	NA	2020	4A114	4	A				NA	vegetative > vegetative > flowering	vegetative	vegetative	flowering	FALSE	Addition	Addition	2020-04-30T19:00:00Z	121	2020-04-28T18:00:00Z	119	Early	119	early	2020-04-28T18:00:00Z	125.66666666666667	-4.666666666666671	164	227	210	36.226256035394904	116.21266458143843	152.43892061683334	NA	NA	NA	NA	NA	NA	NA	NA	6.6466666666666665
DC	2020-07-06T00:00:00Z	4A	110	22.6	3.6	24.4	21.5	21.5	1.5	NA	2020	4A110	4	A				NA	vegetative > vegetative > flowering	vegetative	vegetative	flowering	FALSE	Addition	Addition	2020-04-30T19:00:00Z	121	2020-04-28T18:00:00Z	119	Early	119	early	2020-04-28T18:00:00Z	125.66666666666667	-4.666666666666671	164	227	210	36.226256035394904	116.21266458143843	152.43892061683334	NA	NA	NA	NA	NA	NA	NA	NA	6.6466666666666665
DC	2020-07-06T00:00:00Z	4A	121	24.6	3.8	28.1	26.2	23.7	2	NA	2020	4A121	4	A				NA	vegetative > vegetative > flowering	vegetative	vegetative	flowering	FALSE	Addition	Addition	2020-04-30T19:00:00Z	121	2020-04-28T18:00:00Z	119	Early	119	early	2020-04-28T18:00:00Z	125.66666666666667	-4.666666666666671	164	227	210	36.226256035394904	116.21266458143843	152.43892061683334	NA	NA	NA	NA	NA	NA	NA	NA	6.6466666666666665
DC	2020-07-06T00:00:00Z	4A	85	25.1	3.2	24.2	26.7	25.1	1.8	NA	2020	4A85	4	A				NA	vegetative > vegetative > flowering	vegetative	vegetative	flowering	FALSE	Addition	Addition	2020-04-30T19:00:00Z	121	2020-04-28T18:00:00Z	119	Early	119	early	2020-04-28T18:00:00Z	125.66666666666667	-4.666666666666671	164	227	210	36.226256035394904	116.21266458143843	152.43892061683334	NA	NA	NA	NA	NA	NA	NA	NA	6.6466666666666665
DC	2020-07-06T00:00:00Z	4A	80	28.2	3	25.8	30.4	28.4	2	NA	2020	4A80	4	A				NA	vegetative > vegetative > flowering	vegetative	vegetative	flowering	FALSE	Addition	Addition	2020-04-30T19:00:00Z	121	2020-04-28T18:00:00Z	119	Early	119	early	2020-04-28T18:00:00Z	125.66666666666667	-4.666666666666671	164	227	210	36.226256035394904	116.21266458143843	152.43892061683334	NA	NA	NA	NA	NA	NA	NA	NA	6.6466666666666665
DC	2020-07-06T00:00:00Z	4B	596	28.3	4	27.5	28.1	27.7	2.3	NA	2020	4B596	4	B				NA	vegetative > vegetative > flowering	vegetative	vegetative	flowering	FALSE	Control	Mock rainout	2020-04-30T19:00:00Z	121	2020-04-28T18:00:00Z	119	Early	119	early	2020-04-28T18:00:00Z	125.66666666666667	-4.666666666666671	164	227	210	36.226256035394904	35.71266458143843	71.93892061683334	NA	NA	NA	NA	NA	NA	NA	NA	4.964444444444444
DC	2020-07-06T00:00:00Z	4B	211	26.6	3.2	25.6	25.9	25.3	1.7	NA	2020	4B211	4	B				NA	vegetative > vegetative > flowering	vegetative	vegetative	flowering	FALSE	Control	Mock rainout	2020-04-30T19:00:00Z	121	2020-04-28T18:00:00Z	119	Early	119	early	2020-04-28T18:00:00Z	125.66666666666667	-4.666666666666671	164	227	210	36.226256035394904	35.71266458143843	71.93892061683334	NA	NA	NA	NA	NA	NA	NA	NA	4.964444444444444
DC	2020-07-06T00:00:00Z	4C	213	30.5	4.3	30.4	32.9	30	2.3	NA	2020	4C213	4	C				NA	vegetative > vegetative > flowering	vegetative	vegetative	flowering	FALSE	Control	Control	2020-04-30T19:00:00Z	121	2020-04-28T18:00:00Z	119	Early	119	early	2020-04-28T18:00:00Z	125.66666666666667	-4.666666666666671	164	227	210	36.226256035394904	35.71266458143843	71.93892061683334	NA	NA	NA	NA	NA	NA	NA	NA	5.066666666666666
DC	2020-07-06T00:00:00Z	4C	195	27.3	3.3	26	29.3	27.1	2	NA	2020	4C195	4	C				NA	vegetative > vegetative > flowering	vegetative	vegetative	flowering	FALSE	Control	Control	2020-04-30T19:00:00Z	121	2020-04-28T18:00:00Z	119	Early	119	early	2020-04-28T18:00:00Z	125.66666666666667	-4.666666666666671	164	227	210	36.226256035394904	35.71266458143843	71.93892061683334	NA	NA	NA	NA	NA	NA	NA	NA	5.066666666666666
DC	2020-07-06T00:00:00Z	4D	47	29.3	3.6	19.9	28.6	23.4	1.5	NA	2020	4D47	4	D				NA	vegetative > vegetative > flowering	vegetative	vegetative	flowering	FALSE	Reduction	Reduction	2020-04-30T19:00:00Z	121	2020-04-28T18:00:00Z	119	Early	119	early	2020-04-28T18:00:00Z	125.66666666666667	-4.666666666666671	164	227	210	36.226256035394904	17.856332290719216	54.08258832611412	NA	NA	NA	NA	NA	NA	NA	NA	4.1466666666666665
XL	2020-07-06T00:00:00Z	6A	165	27.3	NA	22.9	28.3	26.2	1.2	NA	2020	6A165	6	A				NA	vegetative > vegetative > flowering	vegetative	vegetative	flowering	FALSE	Control	Control	2020-05-06T18:00:00Z	127	2020-05-05T19:00:00Z	126	Normal	127	normal	2020-05-06T18:00:00Z	125.66666666666667	1.3333333333333286	164	227	210	36.06919700654431	35.71266458143843	71.78186158798275	NA	NA	NA	NA	NA	NA	NA	NA	4.7155555555555555
XL	2020-07-06T00:00:00Z	6A	685	23.2	NA	21.9	24.9	22	1.3	NA	2020	6A685	6	A				NA	vegetative > vegetative > flowering	vegetative	vegetative	flowering	FALSE	Control	Control	2020-05-06T18:00:00Z	127	2020-05-05T19:00:00Z	126	Normal	127	normal	2020-05-06T18:00:00Z	125.66666666666667	1.3333333333333286	164	227	210	36.06919700654431	35.71266458143843	71.78186158798275	NA	NA	NA	NA	NA	NA	NA	NA	4.7155555555555555
XL	2020-07-06T00:00:00Z	6A	136	26.2	NA	23.5	27.4	25	1.7	NA	2020	6A136	6	A				NA	vegetative > vegetative > flowering	vegetative	vegetative	flowering	FALSE	Control	Control	2020-05-06T18:00:00Z	127	2020-05-05T19:00:00Z	126	Normal	127	normal	2020-05-06T18:00:00Z	125.66666666666667	1.3333333333333286	164	227	210	36.06919700654431	35.71266458143843	71.78186158798275	NA	NA	NA	NA	NA	NA	NA	NA	4.7155555555555555
XL	2020-07-06T00:00:00Z	6A	138	23.4	NA	21.4	25	23.8	1.6	NA	2020	6A138	6	A				NA	vegetative > vegetative > flowering	vegetative	vegetative	flowering	FALSE	Control	Control	2020-05-06T18:00:00Z	127	2020-05-05T19:00:00Z	126	Normal	127	normal	2020-05-06T18:00:00Z	125.66666666666667	1.3333333333333286	164	227	210	36.06919700654431	35.71266458143843	71.78186158798275	NA	NA	NA	NA	NA	NA	NA	NA	4.7155555555555555
XL	2020-07-06T00:00:00Z	6A	145	27.3	NA	26.5	27.4	24.2	1.4	NA	2020	6A145	6	A				NA	vegetative > vegetative > flowering	vegetative	vegetative	flowering	FALSE	Control	Control	2020-05-06T18:00:00Z	127	2020-05-05T19:00:00Z	126	Normal	127	normal	2020-05-06T18:00:00Z	125.66666666666667	1.3333333333333286	164	227	210	36.06919700654431	35.71266458143843	71.78186158798275	NA	NA	NA	NA	NA	NA	NA	NA	4.7155555555555555
XL	2020-07-06T00:00:00Z	6B	266	27	NA	25	39.1	38.2	1.1	NA	2020	6B266	6	B				NA	vegetative > vegetative > flowering	vegetative	vegetative	flowering	FALSE	Reduction	Reduction	2020-05-06T18:00:00Z	127	2020-05-05T19:00:00Z	126	Normal	127	normal	2020-05-06T18:00:00Z	125.66666666666667	1.3333333333333286	164	227	210	36.06919700654431	17.856332290719216	53.92552929726352	NA	NA	NA	NA	NA	NA	NA	NA	4.0488888888888885
XL	2020-07-06T00:00:00Z	6B	120	28.3	NA	27.7	30.4	27.6	1.5	NA	2020	6B120	6	B				NA	vegetative > vegetative > flowering	vegetative	vegetative	flowering	FALSE	Reduction	Reduction	2020-05-06T18:00:00Z	127	2020-05-05T19:00:00Z	126	Normal	127	normal	2020-05-06T18:00:00Z	125.66666666666667	1.3333333333333286	164	227	210	36.06919700654431	17.856332290719216	53.92552929726352	NA	NA	NA	NA	NA	NA	NA	NA	4.0488888888888885
XL	2020-07-06T00:00:00Z	6C	111	28.5	NA	29.2	29.4	27.8	1.4	NA	2020	6C111	6	C				NA	vegetative > vegetative > flowering	vegetative	vegetative	flowering	FALSE	Control	Mock rainout	2020-05-06T18:00:00Z	127	2020-05-05T19:00:00Z	126	Normal	127	normal	2020-05-06T18:00:00Z	125.66666666666667	1.3333333333333286	164	227	210	36.06919700654431	35.71266458143843	71.78186158798275	NA	NA	NA	NA	NA	NA	NA	NA	5.2444444444444445
XL	2020-07-06T00:00:00Z	6C	113	24	NA	22.8	24.4	23.2	1.6	NA	2020	6C113	6	C				NA	vegetative > vegetative > flowering	vegetative	vegetative	flowering	FALSE	Control	Mock rainout	2020-05-06T18:00:00Z	127	2020-05-05T19:00:00Z	126	Normal	127	normal	2020-05-06T18:00:00Z	125.66666666666667	1.3333333333333286	164	227	210	36.06919700654431	35.71266458143843	71.78186158798275	NA	NA	NA	NA	NA	NA	NA	NA	5.2444444444444445
XL	2020-07-06T00:00:00Z	6C	93	27	NA	22.3	26.8	24.3	0.8	NA	2020	6C93	6	C				NA	vegetative > vegetative > flowering	vegetative	vegetative	flowering	FALSE	Control	Mock rainout	2020-05-06T18:00:00Z	127	2020-05-05T19:00:00Z	126	Normal	127	normal	2020-05-06T18:00:00Z	125.66666666666667	1.3333333333333286	164	227	210	36.06919700654431	35.71266458143843	71.78186158798275	NA	NA	NA	NA	NA	NA	NA	NA	5.2444444444444445
XL	2020-07-06T00:00:00Z	6C	86	28.3	NA	22.4	31.4	28.2	1.7	NA	2020	6C86	6	C				NA	vegetative > vegetative > flowering	vegetative	vegetative	flowering	FALSE	Control	Mock rainout	2020-05-06T18:00:00Z	127	2020-05-05T19:00:00Z	126	Normal	127	normal	2020-05-06T18:00:00Z	125.66666666666667	1.3333333333333286	164	227	210	36.06919700654431	35.71266458143843	71.78186158798275	NA	NA	NA	NA	NA	NA	NA	NA	5.2444444444444445
XL	2020-07-06T00:00:00Z	6C	99	22.8	NA	24.6	24.7	24	1.8	NA	2020	6C99	6	C				NA	vegetative > vegetative > flowering	vegetative	vegetative	flowering	FALSE	Control	Mock rainout	2020-05-06T18:00:00Z	127	2020-05-05T19:00:00Z	126	Normal	127	normal	2020-05-06T18:00:00Z	125.66666666666667	1.3333333333333286	164	227	210	36.06919700654431	35.71266458143843	71.78186158798275	NA	NA	NA	NA	NA	NA	NA	NA	5.2444444444444445
XL	2020-07-06T00:00:00Z	6D	71	27.2	NA	25.6	27.5	24.9	1.3	NA	2020	6D71	6	D				NA	vegetative > vegetative > flowering	vegetative	vegetative	flowering	FALSE	Addition	Addition	2020-05-06T18:00:00Z	127	2020-05-05T19:00:00Z	126	Normal	127	normal	2020-05-06T18:00:00Z	125.66666666666667	1.3333333333333286	164	227	210	36.06919700654431	116.21266458143843	152.28186158798275	NA	NA	NA	NA	NA	NA	NA	NA	7.590888888888889
XL	2020-07-06T00:00:00Z	6D	68	23.5	NA	24.1	24.4	22.1	1.2	NA	2020	6D68	6	D				NA	vegetative > vegetative > flowering	vegetative	vegetative	flowering	FALSE	Addition	Addition	2020-05-06T18:00:00Z	127	2020-05-05T19:00:00Z	126	Normal	127	normal	2020-05-06T18:00:00Z	125.66666666666667	1.3333333333333286	164	227	210	36.06919700654431	116.21266458143843	152.28186158798275	NA	NA	NA	NA	NA	NA	NA	NA	7.590888888888889
XL	2020-07-06T00:00:00Z	6D	45	20.2	NA	21	21.5	19	1.1	NA	2020	6D45	6	D				NA	flowering > vegetative > flowering	flowering	vegetative	flowering	FALSE	Addition	Addition	2020-05-06T18:00:00Z	127	2020-05-05T19:00:00Z	126	Normal	127	normal	2020-05-06T18:00:00Z	125.66666666666667	1.3333333333333286	164	227	210	36.06919700654431	116.21266458143843	152.28186158798275	NA	NA	NA	NA	NA	NA	NA	NA	7.590888888888889
XL	2020-07-06T00:00:00Z	6D	52	23.2	NA	24.2	24.5	22.9	1.5	NA	2020	6D52	6	D				NA	vegetative > vegetative > flowering	vegetative	vegetative	flowering	FALSE	Addition	Addition	2020-05-06T18:00:00Z	127	2020-05-05T19:00:00Z	126	Normal	127	normal	2020-05-06T18:00:00Z	125.66666666666667	1.3333333333333286	164	227	210	36.06919700654431	116.21266458143843	152.28186158798275	NA	NA	NA	NA	NA	NA	NA	NA	7.590888888888889
XL	2020-07-06T00:00:00Z	6D	46	19.6	NA	20.8	20.8	17.6	1.5	NA	2020	6D46	6	D		pheno18		NA	vegetative > vegetative > flowering	vegetative	vegetative	flowering	FALSE	Addition	Addition	2020-05-06T18:00:00Z	127	2020-05-05T19:00:00Z	126	Normal	127	normal	2020-05-06T18:00:00Z	125.66666666666667	1.3333333333333286	164	227	210	36.06919700654431	116.21266458143843	152.28186158798275	NA	NA	NA	NA	NA	NA	NA	NA	7.590888888888889
XL	2020-07-06T00:00:00Z	5A	185	26	NA	23.9	27.9	25.7	1.9	NA	2020	5A185	5	A		pheno19		NA	vegetative > vegetative > flowering	vegetative	vegetative	flowering	FALSE	Addition	Addition	2020-04-28T20:00:00Z	119	2020-04-28T17:00:00Z	119	Early	119	early	2020-04-28T18:00:00Z	125.66666666666667	-6.666666666666671	164	227	210	36.226256035394904	116.21266458143843	152.43892061683334	NA	NA	NA	NA	NA	NA	NA	NA	6.266666666666667
XL	2020-07-06T00:00:00Z	5A	196	25.8	NA	26.3	26.4	24.3	2	NA	2020	5A196	5	A				NA	vegetative > flowering > flowering	vegetative	flowering	flowering	FALSE	Addition	Addition	2020-04-28T20:00:00Z	119	2020-04-28T17:00:00Z	119	Early	119	early	2020-04-28T18:00:00Z	125.66666666666667	-6.666666666666671	164	227	210	36.226256035394904	116.21266458143843	152.43892061683334	NA	NA	NA	NA	NA	NA	NA	NA	6.266666666666667
XL	2020-07-06T00:00:00Z	5B	16	24.6	NA	23.6	25.1	23.1	2.3	NA	2020	5B16	5	B				NA	vegetative > vegetative > flowering	vegetative	vegetative	flowering	FALSE	Control	Mock rainout	2020-04-28T20:00:00Z	119	2020-04-28T17:00:00Z	119	Early	119	early	2020-04-28T18:00:00Z	125.66666666666667	-6.666666666666671	164	227	210	36.226256035394904	35.71266458143843	71.93892061683334	NA	NA	NA	NA	NA	NA	NA	NA	4.8133333333333335
XL	2020-07-06T00:00:00Z	5B	20	25.4	NA	26.3	27.5	24.6	1.5	NA	2020	5B20	5	B		pheno18 pheno19		NA	vegetative > vegetative > flowering	vegetative	vegetative	flowering	FALSE	Control	Mock rainout	2020-04-28T20:00:00Z	119	2020-04-28T17:00:00Z	119	Early	119	early	2020-04-28T18:00:00Z	125.66666666666667	-6.666666666666671	164	227	210	36.226256035394904	35.71266458143843	71.93892061683334	NA	NA	NA	NA	NA	NA	NA	NA	4.8133333333333335
XL	2020-07-06T00:00:00Z	5B	4	27.9	NA	24.9	27.4	25.6	1.6	NA	2020	5B4	5	B				NA	vegetative > vegetative > flowering	vegetative	vegetative	flowering	FALSE	Control	Mock rainout	2020-04-28T20:00:00Z	119	2020-04-28T17:00:00Z	119	Early	119	early	2020-04-28T18:00:00Z	125.66666666666667	-6.666666666666671	164	227	210	36.226256035394904	35.71266458143843	71.93892061683334	NA	NA	NA	NA	NA	NA	NA	NA	4.8133333333333335
XL	2020-07-06T00:00:00Z	5B	296	21.5	NA	24.2	22.4	19.4	1.4	NA	2020	5B296	5	B				NA	vegetative > vegetative > flowering	vegetative	vegetative	flowering	FALSE	Control	Mock rainout	2020-04-28T20:00:00Z	119	2020-04-28T17:00:00Z	119	Early	119	early	2020-04-28T18:00:00Z	125.66666666666667	-6.666666666666671	164	227	210	36.226256035394904	35.71266458143843	71.93892061683334	NA	NA	NA	NA	NA	NA	NA	NA	4.8133333333333335
XL	2020-07-06T00:00:00Z	5B	289	30.4	NA	24.1	29.5	26.8	1.9	NA	2020	5B289	5	B				NA	vegetative > vegetative > flowering	vegetative	vegetative	flowering	FALSE	Control	Mock rainout	2020-04-28T20:00:00Z	119	2020-04-28T17:00:00Z	119	Early	119	early	2020-04-28T18:00:00Z	125.66666666666667	-6.666666666666671	164	227	210	36.226256035394904	35.71266458143843	71.93892061683334	NA	NA	NA	NA	NA	NA	NA	NA	4.8133333333333335
XL	2020-07-06T00:00:00Z	5B	12	26.9	NA	25	27.2	25	1.2	NA	2020	5B12	5	B				NA	vegetative > vegetative > flowering	vegetative	vegetative	flowering	FALSE	Control	Mock rainout	2020-04-28T20:00:00Z	119	2020-04-28T17:00:00Z	119	Early	119	early	2020-04-28T18:00:00Z	125.66666666666667	-6.666666666666671	164	227	210	36.226256035394904	35.71266458143843	71.93892061683334	NA	NA	NA	NA	NA	NA	NA	NA	4.8133333333333335
XL	2020-07-06T00:00:00Z	5C	224	26.5	NA	24	26.1	23.8	1	NA	2020	5C224	5	C				NA	vegetative > vegetative > flowering	vegetative	vegetative	flowering	FALSE	Reduction	Reduction	2020-04-28T20:00:00Z	119	2020-04-28T17:00:00Z	119	Early	119	early	2020-04-28T18:00:00Z	125.66666666666667	-6.666666666666671	164	227	210	36.226256035394904	17.856332290719216	54.08258832611412	NA	NA	NA	NA	NA	NA	NA	NA	4.688888888888889
XL	2020-07-06T00:00:00Z	5C	221	28.1	NA	25.7	27.6	25.5	1.2	NA	2020	5C221	5	C				NA	flowering > vegetative > flowering	flowering	vegetative	flowering	FALSE	Reduction	Reduction	2020-04-28T20:00:00Z	119	2020-04-28T17:00:00Z	119	Early	119	early	2020-04-28T18:00:00Z	125.66666666666667	-6.666666666666671	164	227	210	36.226256035394904	17.856332290719216	54.08258832611412	NA	NA	NA	NA	NA	NA	NA	NA	4.688888888888889
XL	2020-07-06T00:00:00Z	5D	242	27.4	NA	27.8	28.4	26	1.8	NA	2020	5D242	5	D				NA	vegetative > vegetative > flowering	vegetative	vegetative	flowering	FALSE	Control	Control	2020-04-28T20:00:00Z	119	2020-04-28T17:00:00Z	119	Early	119	early	2020-04-28T18:00:00Z	125.66666666666667	-6.666666666666671	164	227	210	36.226256035394904	35.71266458143843	71.93892061683334	NA	NA	NA	NA	NA	NA	NA	NA	4.428888888888889
XL	2020-07-06T00:00:00Z	5D	25	30	NA	28.2	30.9	29	1.7	NA	2020	5D25	5	D				NA	NA	NA	NA	NA	FALSE	Control	Control	2020-04-28T20:00:00Z	119	2020-04-28T17:00:00Z	119	Early	119	early	2020-04-28T18:00:00Z	125.66666666666667	-6.666666666666671	164	227	210	36.226256035394904	35.71266458143843	71.93892061683334	NA	NA	NA	NA	NA	NA	NA	NA	4.428888888888889
XL	2020-07-06T00:00:00Z	5D	274	25.8	NA	25.3	27.9	25.4	1.9	NA	2020	5D274	5	D				NA	vegetative > vegetative > flowering	vegetative	vegetative	flowering	FALSE	Control	Control	2020-04-28T20:00:00Z	119	2020-04-28T17:00:00Z	119	Early	119	early	2020-04-28T18:00:00Z	125.66666666666667	-6.666666666666671	164	227	210	36.226256035394904	35.71266458143843	71.93892061683334	NA	NA	NA	NA	NA	NA	NA	NA	4.428888888888889
XL	2020-07-06T00:00:00Z	5D	267_20	17.7	NA	23.6	14.8	11.7	0.9	NA	2020	5D267_20	5	D		floral20		NA	dead_nf > dead_nf > dead_nf	dead_nf	dead_nf	dead_nf	TRUE	Control	Control	2020-04-28T20:00:00Z	119	2020-04-28T17:00:00Z	119	Early	119	early	2020-04-28T18:00:00Z	125.66666666666667	-6.666666666666671	164	227	210	36.226256035394904	35.71266458143843	71.93892061683334	NA	NA	NA	NA	NA	NA	NA	NA	4.428888888888889
XL	2020-07-06T00:00:00Z	5D	268	23.5	NA	28.1	21.3	24.4	0.6	NA	2020	5D268	5	D				NA	vegetative > vegetative > flowering	vegetative	vegetative	flowering	FALSE	Control	Control	2020-04-28T20:00:00Z	119	2020-04-28T17:00:00Z	119	Early	119	early	2020-04-28T18:00:00Z	125.66666666666667	-6.666666666666671	164	227	210	36.226256035394904	35.71266458143843	71.93892061683334	NA	NA	NA	NA	NA	NA	NA	NA	4.428888888888889
XL	2020-07-06T00:00:00Z	3A	125	28.9	NA	31.8	30	27.6	1.9	NA	2020	3A125	3	A				NA	vegetative > vegetative > flowering	vegetative	vegetative	flowering	FALSE	Reduction	Reduction	2020-05-04T21:00:00Z	125	2020-05-04T15:00:00Z	125	Normal	126	normal	2020-05-05T18:00:00Z	125.66666666666667	-0.6666666666666714	164	227	210	36.06919700654431	17.856332290719216	53.92552929726352	NA	NA	NA	NA	NA	NA	NA	NA	4.573333333333333
XL	2020-07-06T00:00:00Z	3A	278	28	NA	28.5	29	26.8	1.6	NA	2020	3A278	3	A				NA	vegetative > vegetative > flowering	vegetative	vegetative	flowering	FALSE	Reduction	Reduction	2020-05-04T21:00:00Z	125	2020-05-04T15:00:00Z	125	Normal	126	normal	2020-05-05T18:00:00Z	125.66666666666667	-0.6666666666666714	164	227	210	36.06919700654431	17.856332290719216	53.92552929726352	NA	NA	NA	NA	NA	NA	NA	NA	4.573333333333333
XL	2020-07-06T00:00:00Z	3B	621	27.6	NA	26.1	29.8	28.7	1.9	NA	2020	3B621	3	B				NA	vegetative > vegetative > flowering	vegetative	vegetative	flowering	FALSE	Control	Mock rainout	2020-05-04T21:00:00Z	125	2020-05-04T15:00:00Z	125	Normal	126	normal	2020-05-05T18:00:00Z	125.66666666666667	-0.6666666666666714	164	227	210	36.06919700654431	35.71266458143843	71.78186158798275	NA	NA	NA	NA	NA	NA	NA	NA	5.1466666666666665
XL	2020-07-06T00:00:00Z	3C	126	29.9	NA	27.7	28.4	25.8	1.2	NA	2020	3C126	3	C				NA	vegetative > vegetative > flowering	vegetative	vegetative	flowering	FALSE	Addition	Addition	2020-05-04T21:00:00Z	125	2020-05-04T15:00:00Z	125	Normal	126	normal	2020-05-05T18:00:00Z	125.66666666666667	-0.6666666666666714	164	227	210	36.06919700654431	116.21266458143843	152.28186158798275	NA	NA	NA	NA	NA	NA	NA	NA	6.5777777777777775
XL	2020-07-06T00:00:00Z	3C	174	24.6	NA	17.8	23.5	20.8	1.6	NA	2020	3C174	3	C			pheno20 floral20 seeds20	3C174	vegetative > vegetative > flowering	vegetative	vegetative	flowering	TRUE	Addition	Addition	2020-05-04T21:00:00Z	125	2020-05-04T15:00:00Z	125	Normal	126	normal	2020-05-05T18:00:00Z	125.66666666666667	-0.6666666666666714	164	227	210	36.06919700654431	116.21266458143843	152.28186158798275	NA	NA	NA	NA	NA	NA	NA	NA	6.5777777777777775
XL	2020-07-06T00:00:00Z	3C	169	26.1	NA	22.2	25.5	24.5	1.7	NA	2020	3C169	3	C		pheno19		NA	vegetative > vegetative > flowering	vegetative	vegetative	flowering	FALSE	Addition	Addition	2020-05-04T21:00:00Z	125	2020-05-04T15:00:00Z	125	Normal	126	normal	2020-05-05T18:00:00Z	125.66666666666667	-0.6666666666666714	164	227	210	36.06919700654431	116.21266458143843	152.28186158798275	NA	NA	NA	NA	NA	NA	NA	NA	6.5777777777777775
XL	2020-07-06T00:00:00Z	3C	152	27.1	NA	18.7	19	23.2	1.3	NA	2020	3C152	3	C				NA	vegetative > vegetative > flowering	vegetative	vegetative	flowering	FALSE	Addition	Addition	2020-05-04T21:00:00Z	125	2020-05-04T15:00:00Z	125	Normal	126	normal	2020-05-05T18:00:00Z	125.66666666666667	-0.6666666666666714	164	227	210	36.06919700654431	116.21266458143843	152.28186158798275	NA	NA	NA	NA	NA	NA	NA	NA	6.5777777777777775
XL	2020-07-06T00:00:00Z	3C	154	27.4	NA	25.4	28.4	26.1	1.4	NA	2020	3C154	3	C				NA	vegetative > vegetative > flowering	vegetative	vegetative	flowering	FALSE	Addition	Addition	2020-05-04T21:00:00Z	125	2020-05-04T15:00:00Z	125	Normal	126	normal	2020-05-05T18:00:00Z	125.66666666666667	-0.6666666666666714	164	227	210	36.06919700654431	116.21266458143843	152.28186158798275	NA	NA	NA	NA	NA	NA	NA	NA	6.5777777777777775
XL	2020-07-06T00:00:00Z	3D	892	26.7	NA	25.5	26.8	24.5	1.1	NA	2020	3D892	3	D				NA	vegetative > vegetative > flowering	vegetative	vegetative	flowering	FALSE	Control	Control	2020-05-04T21:00:00Z	125	2020-05-04T15:00:00Z	125	Normal	126	normal	2020-05-05T18:00:00Z	125.66666666666667	-0.6666666666666714	164	227	210	36.06919700654431	35.71266458143843	71.78186158798275	NA	NA	NA	NA	NA	NA	NA	NA	5.737777777777778
XL	2020-07-06T00:00:00Z	3D	886	22.9	NA	22	25.7	22.2	1.9	NA	2020	3D886	3	D				NA	vegetative > vegetative > flowering	vegetative	vegetative	flowering	FALSE	Control	Control	2020-05-04T21:00:00Z	125	2020-05-04T15:00:00Z	125	Normal	126	normal	2020-05-05T18:00:00Z	125.66666666666667	-0.6666666666666714	164	227	210	36.06919700654431	35.71266458143843	71.78186158798275	NA	NA	NA	NA	NA	NA	NA	NA	5.737777777777778
XL	2020-07-06T00:00:00Z	3D	881	27	NA	29.3	27.7	25.8	1.1	NA	2020	3D881	3	D				NA	vegetative > vegetative > flowering	vegetative	vegetative	flowering	FALSE	Control	Control	2020-05-04T21:00:00Z	125	2020-05-04T15:00:00Z	125	Normal	126	normal	2020-05-05T18:00:00Z	125.66666666666667	-0.6666666666666714	164	227	210	36.06919700654431	35.71266458143843	71.78186158798275	NA	NA	NA	NA	NA	NA	NA	NA	5.737777777777778
XL	2020-07-06T00:00:00Z	1D	24	24.7	NA	21.6	25.3	23.7	1	NA	2020	1D24	1	D				NA	vegetative > vegetative > flowering	vegetative	vegetative	flowering	FALSE	Reduction	Reduction	2020-05-04T15:00:00Z	125	2020-05-02T18:00:00Z	123	Normal	125	normal	2020-05-04T18:00:00Z	125.66666666666667	-0.6666666666666714	164	227	210	36.06919700654431	17.856332290719216	53.92552929726352	NA	NA	NA	NA	NA	NA	NA	NA	4.728888888888889
XL	2020-07-06T00:00:00Z	1D	5_20	26.3	NA	23.8	26.1	24.9	1.5	NA	2020	1D5_20	1	D		census20 pheno20 floral20 seeds20		NA	vegetative > flowering > dead_nf	vegetative	flowering	dead_nf	TRUE	Reduction	Reduction	2020-05-04T15:00:00Z	125	2020-05-02T18:00:00Z	123	Normal	125	normal	2020-05-04T18:00:00Z	125.66666666666667	-0.6666666666666714	164	227	210	36.06919700654431	17.856332290719216	53.92552929726352	NA	NA	NA	NA	NA	NA	NA	NA	4.728888888888889
XL	2020-07-06T00:00:00Z	1D	14	12.4	NA	15.9	13.2	10.6	1.1	NA	2020	1D14	1	D				NA	vegetative > vegetative > flowering	vegetative	vegetative	flowering	FALSE	Reduction	Reduction	2020-05-04T15:00:00Z	125	2020-05-02T18:00:00Z	123	Normal	125	normal	2020-05-04T18:00:00Z	125.66666666666667	-0.6666666666666714	164	227	210	36.06919700654431	17.856332290719216	53.92552929726352	NA	NA	NA	NA	NA	NA	NA	NA	4.728888888888889
XL	2020-07-06T00:00:00Z	1D	20	20	NA	22.9	19.1	16.1	1.2	NA	2020	1D20	1	D				NA	vegetative > vegetative > flowering	vegetative	vegetative	flowering	FALSE	Reduction	Reduction	2020-05-04T15:00:00Z	125	2020-05-02T18:00:00Z	123	Normal	125	normal	2020-05-04T18:00:00Z	125.66666666666667	-0.6666666666666714	164	227	210	36.06919700654431	17.856332290719216	53.92552929726352	NA	NA	NA	NA	NA	NA	NA	NA	4.728888888888889
XL	2020-07-06T00:00:00Z	1D	17	22.2	NA	21.7	18.7	16.1	1.4	NA	2020	1D17	1	D				NA	vegetative > vegetative > flowering	vegetative	vegetative	flowering	FALSE	Reduction	Reduction	2020-05-04T15:00:00Z	125	2020-05-02T18:00:00Z	123	Normal	125	normal	2020-05-04T18:00:00Z	125.66666666666667	-0.6666666666666714	164	227	210	36.06919700654431	17.856332290719216	53.92552929726352	NA	NA	NA	NA	NA	NA	NA	NA	4.728888888888889
XL	2020-07-06T00:00:00Z	1C	64	27.5	NA	26.6	27.1	24.8	1.2	NA	2020	1C64	1	C				NA	vegetative > vegetative > flowering	vegetative	vegetative	flowering	FALSE	Control	Mock rainout	2020-05-04T15:00:00Z	125	2020-05-02T18:00:00Z	123	Normal	125	normal	2020-05-04T18:00:00Z	125.66666666666667	-0.6666666666666714	164	227	210	36.06919700654431	35.71266458143843	71.78186158798275	NA	NA	NA	NA	NA	NA	NA	NA	5.58
DC	2020-07-13T00:00:00Z	3A	125	27.9	4.1	30.5	28.9	26.7	2.3	NA	2020	3A125	3	A				NA	vegetative > vegetative > flowering	vegetative	vegetative	flowering	FALSE	Reduction	Reduction	2020-05-04T21:00:00Z	125	2020-05-04T15:00:00Z	125	Normal	126	normal	2020-05-05T18:00:00Z	125.66666666666667	-0.6666666666666714	164	227	210	36.06919700654431	17.856332290719216	53.92552929726352	NA	NA	NA	NA	NA	NA	NA	NA	4.573333333333333
DC	2020-07-13T00:00:00Z	3A	278	20.5	2.7	21.8	22.4	19.8	1.5	NA	2020	3A278	3	A				NA	vegetative > vegetative > flowering	vegetative	vegetative	flowering	FALSE	Reduction	Reduction	2020-05-04T21:00:00Z	125	2020-05-04T15:00:00Z	125	Normal	126	normal	2020-05-05T18:00:00Z	125.66666666666667	-0.6666666666666714	164	227	210	36.06919700654431	17.856332290719216	53.92552929726352	NA	NA	NA	NA	NA	NA	NA	NA	4.573333333333333
DC	2020-07-13T00:00:00Z	3A	638	31.9	3.5	30.8	32.9	29.7	1.5	NA	2020	3A638	3	A				NA	vegetative > vegetative > flowering	vegetative	vegetative	flowering	FALSE	Reduction	Reduction	2020-05-04T21:00:00Z	125	2020-05-04T15:00:00Z	125	Normal	126	normal	2020-05-05T18:00:00Z	125.66666666666667	-0.6666666666666714	164	227	210	36.06919700654431	17.856332290719216	53.92552929726352	NA	NA	NA	NA	NA	NA	NA	NA	4.573333333333333
DC	2020-07-13T00:00:00Z	3B	828	25	2.8	22.3	25.9	25.3	1.5	NA	2020	3B828	3	B				NA	vegetative > vegetative > flowering	vegetative	vegetative	flowering	FALSE	Control	Mock rainout	2020-05-04T21:00:00Z	125	2020-05-04T15:00:00Z	125	Normal	126	normal	2020-05-05T18:00:00Z	125.66666666666667	-0.6666666666666714	164	227	210	36.06919700654431	35.71266458143843	71.78186158798275	NA	NA	NA	NA	NA	NA	NA	NA	5.1466666666666665
DC	2020-07-13T00:00:00Z	3B	603	32.9	3.6	29.6	34.8	33.4	1.7	NA	2020	3B603	3	B				NA	vegetative > vegetative > flowering	vegetative	vegetative	flowering	FALSE	Control	Mock rainout	2020-05-04T21:00:00Z	125	2020-05-04T15:00:00Z	125	Normal	126	normal	2020-05-05T18:00:00Z	125.66666666666667	-0.6666666666666714	164	227	210	36.06919700654431	35.71266458143843	71.78186158798275	NA	NA	NA	NA	NA	NA	NA	NA	5.1466666666666665
DC	2020-07-13T00:00:00Z	3B	618	27.9	3.7	26.8	29.2	26.9	1.6	NA	2020	3B618	3	B				NA	vegetative > vegetative > flowering	vegetative	vegetative	flowering	FALSE	Control	Mock rainout	2020-05-04T21:00:00Z	125	2020-05-04T15:00:00Z	125	Normal	126	normal	2020-05-05T18:00:00Z	125.66666666666667	-0.6666666666666714	164	227	210	36.06919700654431	35.71266458143843	71.78186158798275	NA	NA	NA	NA	NA	NA	NA	NA	5.1466666666666665
DC	2020-07-13T00:00:00Z	3C	139	27.8	3.7	28.2	27.7	21.5	1.7	NA	2020	3C139	3	C				NA	vegetative > vegetative > flowering	vegetative	vegetative	flowering	FALSE	Addition	Addition	2020-05-04T21:00:00Z	125	2020-05-04T15:00:00Z	125	Normal	126	normal	2020-05-05T18:00:00Z	125.66666666666667	-0.6666666666666714	164	227	210	36.06919700654431	116.21266458143843	152.28186158798275	NA	NA	NA	NA	NA	NA	NA	NA	6.5777777777777775
DC	2020-07-13T00:00:00Z	3C	137	25.8	3.2	24.1	26.1	24.7	1.8	NA	2020	3C137	3	C				NA	vegetative > vegetative > flowering	vegetative	vegetative	flowering	FALSE	Addition	Addition	2020-05-04T21:00:00Z	125	2020-05-04T15:00:00Z	125	Normal	126	normal	2020-05-05T18:00:00Z	125.66666666666667	-0.6666666666666714	164	227	210	36.06919700654431	116.21266458143843	152.28186158798275	NA	NA	NA	NA	NA	NA	NA	NA	6.5777777777777775
DC	2020-07-13T00:00:00Z	3C	143	29.8	3.6	26.5	28.8	26.5	2.1	NA	2020	3C143	3	C				NA	vegetative > flowering > flowering	vegetative	flowering	flowering	FALSE	Addition	Addition	2020-05-04T21:00:00Z	125	2020-05-04T15:00:00Z	125	Normal	126	normal	2020-05-05T18:00:00Z	125.66666666666667	-0.6666666666666714	164	227	210	36.06919700654431	116.21266458143843	152.28186158798275	NA	NA	NA	NA	NA	NA	NA	NA	6.5777777777777775
DC	2020-07-13T00:00:00Z	3C	131	30.8	3.5	29	31.7	29.5	2	NA	2020	3C131	3	C				NA	vegetative > flowering > flowering	vegetative	flowering	flowering	FALSE	Addition	Addition	2020-05-04T21:00:00Z	125	2020-05-04T15:00:00Z	125	Normal	126	normal	2020-05-05T18:00:00Z	125.66666666666667	-0.6666666666666714	164	227	210	36.06919700654431	116.21266458143843	152.28186158798275	NA	NA	NA	NA	NA	NA	NA	NA	6.5777777777777775
DC	2020-07-13T00:00:00Z	3C	154	24.9	3.1	20	27.4	25.9	2.5	NA	2020	3C154	3	C				NA	vegetative > vegetative > flowering	vegetative	vegetative	flowering	FALSE	Addition	Addition	2020-05-04T21:00:00Z	125	2020-05-04T15:00:00Z	125	Normal	126	normal	2020-05-05T18:00:00Z	125.66666666666667	-0.6666666666666714	164	227	210	36.06919700654431	116.21266458143843	152.28186158798275	NA	NA	NA	NA	NA	NA	NA	NA	6.5777777777777775
DC	2020-07-13T00:00:00Z	3C	174	26.7	4.3	26.8	26.7	23.9	1.9	Said plant=174	2020	3C174	3	C			pheno20 floral20 seeds20	3C174	vegetative > vegetative > flowering	vegetative	vegetative	flowering	TRUE	Addition	Addition	2020-05-04T21:00:00Z	125	2020-05-04T15:00:00Z	125	Normal	126	normal	2020-05-05T18:00:00Z	125.66666666666667	-0.6666666666666714	164	227	210	36.06919700654431	116.21266458143843	152.28186158798275	NA	NA	NA	NA	NA	NA	NA	NA	6.5777777777777775
DC	2020-07-13T00:00:00Z	3C	169	27.8	3.2	24.7	30.5	28.1	1.9	NA	2020	3C169	3	C		pheno19		NA	vegetative > vegetative > flowering	vegetative	vegetative	flowering	FALSE	Addition	Addition	2020-05-04T21:00:00Z	125	2020-05-04T15:00:00Z	125	Normal	126	normal	2020-05-05T18:00:00Z	125.66666666666667	-0.6666666666666714	164	227	210	36.06919700654431	116.21266458143843	152.28186158798275	NA	NA	NA	NA	NA	NA	NA	NA	6.5777777777777775
DC	2020-07-15T00:00:00Z	3D	840	27.6	2.7	22.3	27.2	24.8	1.5	NA	2020	3D840	3	D				NA	vegetative > vegetative > flowering	vegetative	vegetative	flowering	FALSE	Control	Control	2020-05-04T21:00:00Z	125	2020-05-04T15:00:00Z	125	Normal	126	normal	2020-05-05T18:00:00Z	125.66666666666667	-0.6666666666666714	164	227	210	36.06919700654431	35.71266458143843	71.78186158798275	NA	NA	NA	NA	NA	NA	NA	NA	5.737777777777778
DC	2020-07-15T00:00:00Z	5A	185	22.3	3.3	19.6	24.8	23.4	1.7	NA	2020	5A185	5	A		pheno19		NA	vegetative > vegetative > flowering	vegetative	vegetative	flowering	FALSE	Addition	Addition	2020-04-28T20:00:00Z	119	2020-04-28T17:00:00Z	119	Early	119	early	2020-04-28T18:00:00Z	125.66666666666667	-6.666666666666671	164	227	210	36.226256035394904	116.21266458143843	152.43892061683334	NA	NA	NA	NA	NA	NA	NA	NA	6.266666666666667
DC	2020-07-15T00:00:00Z	5A	180	29.1	3.9	29	30.8	26.2	1.7	NA	2020	5A180	5	A				NA	flowering > vegetative > flowering	flowering	vegetative	flowering	FALSE	Addition	Addition	2020-04-28T20:00:00Z	119	2020-04-28T17:00:00Z	119	Early	119	early	2020-04-28T18:00:00Z	125.66666666666667	-6.666666666666671	164	227	210	36.226256035394904	116.21266458143843	152.43892061683334	NA	NA	NA	NA	NA	NA	NA	NA	6.266666666666667
XL	2020-07-13T00:00:00Z	1C	64	13.9	NA	15.8	14.9	14.1	1.4	NA	2020	1C64	1	C				NA	vegetative > vegetative > flowering	vegetative	vegetative	flowering	FALSE	Control	Mock rainout	2020-05-04T15:00:00Z	125	2020-05-02T18:00:00Z	123	Normal	125	normal	2020-05-04T18:00:00Z	125.66666666666667	-0.6666666666666714	164	227	210	36.06919700654431	35.71266458143843	71.78186158798275	NA	NA	NA	NA	NA	NA	NA	NA	5.58
XL	2020-07-13T00:00:00Z	1C	63	21.6	NA	21.1	22.7	19.7	1	NA	2020	1C63	1	C				NA	vegetative > vegetative > flowering	vegetative	vegetative	flowering	FALSE	Control	Mock rainout	2020-05-04T15:00:00Z	125	2020-05-02T18:00:00Z	123	Normal	125	normal	2020-05-04T18:00:00Z	125.66666666666667	-0.6666666666666714	164	227	210	36.06919700654431	35.71266458143843	71.78186158798275	NA	NA	NA	NA	NA	NA	NA	NA	5.58
XL	2020-07-13T00:00:00Z	1C	60	21.2	NA	22.6	20.7	19.2	1.4	NA	2020	1C60	1	C				NA	vegetative > vegetative > flowering	vegetative	vegetative	flowering	FALSE	Control	Mock rainout	2020-05-04T15:00:00Z	125	2020-05-02T18:00:00Z	123	Normal	125	normal	2020-05-04T18:00:00Z	125.66666666666667	-0.6666666666666714	164	227	210	36.06919700654431	35.71266458143843	71.78186158798275	NA	NA	NA	NA	NA	NA	NA	NA	5.58
XL	2020-07-13T00:00:00Z	1A	257	26.2	NA	25.7	26.6	23.1	1.8	NA	2020	1A257	1	A				NA	vegetative > vegetative > flowering	vegetative	vegetative	flowering	FALSE	Addition	Addition	2020-05-04T15:00:00Z	125	2020-05-02T18:00:00Z	123	Normal	125	normal	2020-05-04T18:00:00Z	125.66666666666667	-0.6666666666666714	164	227	210	36.06919700654431	116.21266458143843	152.28186158798275	NA	NA	NA	NA	NA	NA	NA	NA	7.731111111111111
XL	2020-07-13T00:00:00Z	1A	255	19.8	NA	24.3	18.2	17.9	1.7	NA	2020	1A255	1	A				NA	vegetative > vegetative > flowering	vegetative	vegetative	flowering	FALSE	Addition	Addition	2020-05-04T15:00:00Z	125	2020-05-02T18:00:00Z	123	Normal	125	normal	2020-05-04T18:00:00Z	125.66666666666667	-0.6666666666666714	164	227	210	36.06919700654431	116.21266458143843	152.28186158798275	NA	NA	NA	NA	NA	NA	NA	NA	7.731111111111111
XL	2020-07-13T00:00:00Z	1A	250	24.4	NA	25.4	25.9	22.1	1.5	NA	2020	1A250	1	A				NA	vegetative > vegetative > flowering	vegetative	vegetative	flowering	FALSE	Addition	Addition	2020-05-04T15:00:00Z	125	2020-05-02T18:00:00Z	123	Normal	125	normal	2020-05-04T18:00:00Z	125.66666666666667	-0.6666666666666714	164	227	210	36.06919700654431	116.21266458143843	152.28186158798275	NA	NA	NA	NA	NA	NA	NA	NA	7.731111111111111
XL	2020-07-13T00:00:00Z	1A	244	24.3	NA	24.9	24	22.9	1.7	NA	2020	1A244	1	A				NA	vegetative > vegetative > flowering	vegetative	vegetative	flowering	FALSE	Addition	Addition	2020-05-04T15:00:00Z	125	2020-05-02T18:00:00Z	123	Normal	125	normal	2020-05-04T18:00:00Z	125.66666666666667	-0.6666666666666714	164	227	210	36.06919700654431	116.21266458143843	152.28186158798275	NA	NA	NA	NA	NA	NA	NA	NA	7.731111111111111
XL	2020-07-13T00:00:00Z	1A	230	27.2	NA	25.9	27	25	1.6	NA	2020	1A230	1	A				NA	vegetative > vegetative > flowering	vegetative	vegetative	flowering	FALSE	Addition	Addition	2020-05-04T15:00:00Z	125	2020-05-02T18:00:00Z	123	Normal	125	normal	2020-05-04T18:00:00Z	125.66666666666667	-0.6666666666666714	164	227	210	36.06919700654431	116.21266458143843	152.28186158798275	NA	NA	NA	NA	NA	NA	NA	NA	7.731111111111111
XL	2020-07-13T00:00:00Z	1A	231	20.1	NA	21.3	19.4	18.3	1.4	should be 237	2020	1A231	1	A				NA	vegetative > vegetative > flowering	vegetative	vegetative	flowering	FALSE	Addition	Addition	2020-05-04T15:00:00Z	125	2020-05-02T18:00:00Z	123	Normal	125	normal	2020-05-04T18:00:00Z	125.66666666666667	-0.6666666666666714	164	227	210	36.06919700654431	116.21266458143843	152.28186158798275	NA	NA	NA	NA	NA	NA	NA	NA	7.731111111111111
XL	2020-07-13T00:00:00Z	1A	235	25.9	NA	29.6	26.3	24.9	1.5	NA	2020	1A235	1	A		floral18		NA	vegetative > vegetative > flowering	vegetative	vegetative	flowering	FALSE	Addition	Addition	2020-05-04T15:00:00Z	125	2020-05-02T18:00:00Z	123	Normal	125	normal	2020-05-04T18:00:00Z	125.66666666666667	-0.6666666666666714	164	227	210	36.06919700654431	116.21266458143843	152.28186158798275	NA	NA	NA	NA	NA	NA	NA	NA	7.731111111111111
XL	2020-07-13T00:00:00Z	1B	672	27.4	NA	32.6	30.3	28.3	1.9	NA	2020	1B672	1	B				NA	vegetative > vegetative > flowering	vegetative	vegetative	flowering	FALSE	Control	Control	2020-05-04T15:00:00Z	125	2020-05-02T18:00:00Z	123	Normal	125	normal	2020-05-04T18:00:00Z	125.66666666666667	-0.6666666666666714	164	227	210	36.06919700654431	35.71266458143843	71.78186158798275	NA	NA	NA	NA	NA	NA	NA	NA	5.817777777777778
XL	2020-07-13T00:00:00Z	1B	649	25.5	NA	27.4	27.1	24.6	1.5	NA	2020	1B649	1	B				NA	vegetative > vegetative > flowering	vegetative	vegetative	flowering	FALSE	Control	Control	2020-05-04T15:00:00Z	125	2020-05-02T18:00:00Z	123	Normal	125	normal	2020-05-04T18:00:00Z	125.66666666666667	-0.6666666666666714	164	227	210	36.06919700654431	35.71266458143843	71.78186158798275	NA	NA	NA	NA	NA	NA	NA	NA	5.817777777777778
XL	2020-07-13T00:00:00Z	1B	653	22.2	NA	25.7	24.1	23.4	1.5	NA	2020	1B653	1	B				NA	vegetative > vegetative > flowering	vegetative	vegetative	flowering	FALSE	Control	Control	2020-05-04T15:00:00Z	125	2020-05-02T18:00:00Z	123	Normal	125	normal	2020-05-04T18:00:00Z	125.66666666666667	-0.6666666666666714	164	227	210	36.06919700654431	35.71266458143843	71.78186158798275	NA	NA	NA	NA	NA	NA	NA	NA	5.817777777777778
XL	2020-07-13T00:00:00Z	1D	12	20.1	NA	26	21.2	20	1.6	NA	2020	1D12	1	D				NA	vegetative > vegetative > flowering	vegetative	vegetative	flowering	FALSE	Reduction	Reduction	2020-05-04T15:00:00Z	125	2020-05-02T18:00:00Z	123	Normal	125	normal	2020-05-04T18:00:00Z	125.66666666666667	-0.6666666666666714	164	227	210	36.06919700654431	17.856332290719216	53.92552929726352	NA	NA	NA	NA	NA	NA	NA	NA	4.728888888888889
XL	2020-07-13T00:00:00Z	1D	17	20.4	NA	24.9	23	21.8	1.6	NA	2020	1D17	1	D				NA	vegetative > vegetative > flowering	vegetative	vegetative	flowering	FALSE	Reduction	Reduction	2020-05-04T15:00:00Z	125	2020-05-02T18:00:00Z	123	Normal	125	normal	2020-05-04T18:00:00Z	125.66666666666667	-0.6666666666666714	164	227	210	36.06919700654431	17.856332290719216	53.92552929726352	NA	NA	NA	NA	NA	NA	NA	NA	4.728888888888889
XL	2020-07-13T00:00:00Z	1D	37	22	NA	22.6	23.3	21.8	1.6	NA	2020	1D37	1	D				NA	vegetative > vegetative > flowering	vegetative	vegetative	flowering	FALSE	Reduction	Reduction	2020-05-04T15:00:00Z	125	2020-05-02T18:00:00Z	123	Normal	125	normal	2020-05-04T18:00:00Z	125.66666666666667	-0.6666666666666714	164	227	210	36.06919700654431	17.856332290719216	53.92552929726352	NA	NA	NA	NA	NA	NA	NA	NA	4.728888888888889
DC	2020-07-21T00:00:00Z	1A	230	28.5	3.7	23.6	28.3	24.3	2.1	NA	2020	1A230	1	A				NA	vegetative > vegetative > flowering	vegetative	vegetative	flowering	FALSE	Addition	Addition	2020-05-04T15:00:00Z	125	2020-05-02T18:00:00Z	123	Normal	125	normal	2020-05-04T18:00:00Z	125.66666666666667	-0.6666666666666714	164	227	210	36.06919700654431	116.21266458143843	152.28186158798275	NA	NA	NA	NA	NA	NA	NA	NA	7.731111111111111
DC	2020-07-21T00:00:00Z	1A	231	25.6	3.9	24.5	26.9	25.2	2.4	NA	2020	1A231	1	A				NA	vegetative > vegetative > flowering	vegetative	vegetative	flowering	FALSE	Addition	Addition	2020-05-04T15:00:00Z	125	2020-05-02T18:00:00Z	123	Normal	125	normal	2020-05-04T18:00:00Z	125.66666666666667	-0.6666666666666714	164	227	210	36.06919700654431	116.21266458143843	152.28186158798275	NA	NA	NA	NA	NA	NA	NA	NA	7.731111111111111
DC	2020-07-21T00:00:00Z	1A	233	26.6	4.3	26.4	27.3	25.2	1.9	NA	2020	1A233	1	A				NA	vegetative > vegetative > flowering	vegetative	vegetative	flowering	FALSE	Addition	Addition	2020-05-04T15:00:00Z	125	2020-05-02T18:00:00Z	123	Normal	125	normal	2020-05-04T18:00:00Z	125.66666666666667	-0.6666666666666714	164	227	210	36.06919700654431	116.21266458143843	152.28186158798275	NA	NA	NA	NA	NA	NA	NA	NA	7.731111111111111
DC	2020-07-21T00:00:00Z	1A	235	25.2	3.8	27.2	26.1	23.4	1.7	NA	2020	1A235	1	A		floral18		NA	vegetative > vegetative > flowering	vegetative	vegetative	flowering	FALSE	Addition	Addition	2020-05-04T15:00:00Z	125	2020-05-02T18:00:00Z	123	Normal	125	normal	2020-05-04T18:00:00Z	125.66666666666667	-0.6666666666666714	164	227	210	36.06919700654431	116.21266458143843	152.28186158798275	NA	NA	NA	NA	NA	NA	NA	NA	7.731111111111111
DC	2020-07-21T00:00:00Z	1A	243	26.9	3.6	22.8	28.2	25.9	1.8	NA	2020	1A243	1	A				NA	vegetative > vegetative > flowering	vegetative	vegetative	flowering	FALSE	Addition	Addition	2020-05-04T15:00:00Z	125	2020-05-02T18:00:00Z	123	Normal	125	normal	2020-05-04T18:00:00Z	125.66666666666667	-0.6666666666666714	164	227	210	36.06919700654431	116.21266458143843	152.28186158798275	NA	NA	NA	NA	NA	NA	NA	NA	7.731111111111111
DC	2020-07-21T00:00:00Z	1A	244	27.5	3.7	20.5	27.7	25.6	1.6	NA	2020	1A244	1	A				NA	vegetative > vegetative > flowering	vegetative	vegetative	flowering	FALSE	Addition	Addition	2020-05-04T15:00:00Z	125	2020-05-02T18:00:00Z	123	Normal	125	normal	2020-05-04T18:00:00Z	125.66666666666667	-0.6666666666666714	164	227	210	36.06919700654431	116.21266458143843	152.28186158798275	NA	NA	NA	NA	NA	NA	NA	NA	7.731111111111111
DC	2020-07-21T00:00:00Z	1A	250	28.2	3.8	23.4	30.1	24.3	1.9	NA	2020	1A250	1	A				NA	vegetative > vegetative > flowering	vegetative	vegetative	flowering	FALSE	Addition	Addition	2020-05-04T15:00:00Z	125	2020-05-02T18:00:00Z	123	Normal	125	normal	2020-05-04T18:00:00Z	125.66666666666667	-0.6666666666666714	164	227	210	36.06919700654431	116.21266458143843	152.28186158798275	NA	NA	NA	NA	NA	NA	NA	NA	7.731111111111111
DC	2020-07-21T00:00:00Z	1A	257	20.5	3.8	16.7	20.1	17.5	1.5	NA	2020	1A257	1	A				NA	vegetative > vegetative > flowering	vegetative	vegetative	flowering	FALSE	Addition	Addition	2020-05-04T15:00:00Z	125	2020-05-02T18:00:00Z	123	Normal	125	normal	2020-05-04T18:00:00Z	125.66666666666667	-0.6666666666666714	164	227	210	36.06919700654431	116.21266458143843	152.28186158798275	NA	NA	NA	NA	NA	NA	NA	NA	7.731111111111111
DC	2020-07-21T00:00:00Z	1B	649	25.3	3.5	24.8	26.2	22.1	1.7	NA	2020	1B649	1	B				NA	vegetative > vegetative > flowering	vegetative	vegetative	flowering	FALSE	Control	Control	2020-05-04T15:00:00Z	125	2020-05-02T18:00:00Z	123	Normal	125	normal	2020-05-04T18:00:00Z	125.66666666666667	-0.6666666666666714	164	227	210	36.06919700654431	35.71266458143843	71.78186158798275	NA	NA	NA	NA	NA	NA	NA	NA	5.817777777777778
DC	2020-07-21T00:00:00Z	1B	650	25.7	3.2	25.8	26.9	25.8	1.8	Albino	2020	1B650	1	B				NA	vegetative > vegetative > flowering	vegetative	vegetative	flowering	FALSE	Control	Control	2020-05-04T15:00:00Z	125	2020-05-02T18:00:00Z	123	Normal	125	normal	2020-05-04T18:00:00Z	125.66666666666667	-0.6666666666666714	164	227	210	36.06919700654431	35.71266458143843	71.78186158798275	NA	NA	NA	NA	NA	NA	NA	NA	5.817777777777778
DC	2020-07-21T00:00:00Z	1B	653	23.1	3.6	22.1	24.7	21.8	1.7	NA	2020	1B653	1	B				NA	vegetative > vegetative > flowering	vegetative	vegetative	flowering	FALSE	Control	Control	2020-05-04T15:00:00Z	125	2020-05-02T18:00:00Z	123	Normal	125	normal	2020-05-04T18:00:00Z	125.66666666666667	-0.6666666666666714	164	227	210	36.06919700654431	35.71266458143843	71.78186158798275	NA	NA	NA	NA	NA	NA	NA	NA	5.817777777777778
DC	2020-07-21T00:00:00Z	1B	656	26.7	2.8	23.8	25.4	23.3	2	NA	2020	1B656	1	B				NA	vegetative > vegetative > flowering	vegetative	vegetative	flowering	FALSE	Control	Control	2020-05-04T15:00:00Z	125	2020-05-02T18:00:00Z	123	Normal	125	normal	2020-05-04T18:00:00Z	125.66666666666667	-0.6666666666666714	164	227	210	36.06919700654431	35.71266458143843	71.78186158798275	NA	NA	NA	NA	NA	NA	NA	NA	5.817777777777778
DC	2020-07-21T00:00:00Z	1B	672	28.1	4.3	30	30.5	27.3	1.7	NA	2020	1B672	1	B				NA	vegetative > vegetative > flowering	vegetative	vegetative	flowering	FALSE	Control	Control	2020-05-04T15:00:00Z	125	2020-05-02T18:00:00Z	123	Normal	125	normal	2020-05-04T18:00:00Z	125.66666666666667	-0.6666666666666714	164	227	210	36.06919700654431	35.71266458143843	71.78186158798275	NA	NA	NA	NA	NA	NA	NA	NA	5.817777777777778
DC	2020-07-21T00:00:00Z	1C	46	28.9	3.5	23.5	27.1	24.6	1.6	NA	2020	1C46	1	C				NA	vegetative > vegetative > flowering	vegetative	vegetative	flowering	FALSE	Control	Mock rainout	2020-05-04T15:00:00Z	125	2020-05-02T18:00:00Z	123	Normal	125	normal	2020-05-04T18:00:00Z	125.66666666666667	-0.6666666666666714	164	227	210	36.06919700654431	35.71266458143843	71.78186158798275	NA	NA	NA	NA	NA	NA	NA	NA	5.58
DC	2020-07-21T00:00:00Z	1C	60	26.7	3.4	25.1	27.4	25.8	1.5	NA	2020	1C60	1	C				NA	vegetative > vegetative > flowering	vegetative	vegetative	flowering	FALSE	Control	Mock rainout	2020-05-04T15:00:00Z	125	2020-05-02T18:00:00Z	123	Normal	125	normal	2020-05-04T18:00:00Z	125.66666666666667	-0.6666666666666714	164	227	210	36.06919700654431	35.71266458143843	71.78186158798275	NA	NA	NA	NA	NA	NA	NA	NA	5.58
DC	2020-07-21T00:00:00Z	1C	63	23.6	2.9	19.3	24.1	20.1	1.3	NA	2020	1C63	1	C				NA	vegetative > vegetative > flowering	vegetative	vegetative	flowering	FALSE	Control	Mock rainout	2020-05-04T15:00:00Z	125	2020-05-02T18:00:00Z	123	Normal	125	normal	2020-05-04T18:00:00Z	125.66666666666667	-0.6666666666666714	164	227	210	36.06919700654431	35.71266458143843	71.78186158798275	NA	NA	NA	NA	NA	NA	NA	NA	5.58
DC	2020-07-21T00:00:00Z	1D	12	26.9	3.5	25.6	28.2	26.8	1.7	NA	2020	1D12	1	D				NA	vegetative > vegetative > flowering	vegetative	vegetative	flowering	FALSE	Reduction	Reduction	2020-05-04T15:00:00Z	125	2020-05-02T18:00:00Z	123	Normal	125	normal	2020-05-04T18:00:00Z	125.66666666666667	-0.6666666666666714	164	227	210	36.06919700654431	17.856332290719216	53.92552929726352	NA	NA	NA	NA	NA	NA	NA	NA	4.728888888888889
DC	2020-07-21T00:00:00Z	1D	17	24.1	3.7	24.9	26.9	20.5	1.5	NA	2020	1D17	1	D				NA	vegetative > vegetative > flowering	vegetative	vegetative	flowering	FALSE	Reduction	Reduction	2020-05-04T15:00:00Z	125	2020-05-02T18:00:00Z	123	Normal	125	normal	2020-05-04T18:00:00Z	125.66666666666667	-0.6666666666666714	164	227	210	36.06919700654431	17.856332290719216	53.92552929726352	NA	NA	NA	NA	NA	NA	NA	NA	4.728888888888889
DC	2020-07-21T00:00:00Z	1D	9	24.9	3.7	NA	24.7	23.5	1.5	"""NA"" for style length"	2020	1D9	1	D				NA	vegetative > vegetative > flowering	vegetative	vegetative	flowering	FALSE	Reduction	Reduction	2020-05-04T15:00:00Z	125	2020-05-02T18:00:00Z	123	Normal	125	normal	2020-05-04T18:00:00Z	125.66666666666667	-0.6666666666666714	164	227	210	36.06919700654431	17.856332290719216	53.92552929726352	NA	NA	NA	NA	NA	NA	NA	NA	4.728888888888889
DC	2020-07-21T00:00:00Z	1D	20	17	2.6	19.5	18.6	17.3	1.2	NA	2020	1D20	1	D				NA	vegetative > vegetative > flowering	vegetative	vegetative	flowering	FALSE	Reduction	Reduction	2020-05-04T15:00:00Z	125	2020-05-02T18:00:00Z	123	Normal	125	normal	2020-05-04T18:00:00Z	125.66666666666667	-0.6666666666666714	164	227	210	36.06919700654431	17.856332290719216	53.92552929726352	NA	NA	NA	NA	NA	NA	NA	NA	4.728888888888889
DC	2020-07-21T00:00:00Z	1D	33	25.7	3.5	21.7	25.8	23.5	1.6	NA	2020	1D33	1	D				NA	vegetative > vegetative > flowering	vegetative	vegetative	flowering	FALSE	Reduction	Reduction	2020-05-04T15:00:00Z	125	2020-05-02T18:00:00Z	123	Normal	125	normal	2020-05-04T18:00:00Z	125.66666666666667	-0.6666666666666714	164	227	210	36.06919700654431	17.856332290719216	53.92552929726352	NA	NA	NA	NA	NA	NA	NA	NA	4.728888888888889
DC	2020-07-21T00:00:00Z	5A	185	25.8	3.3	19.1	25.9	24	1.5	NA	2020	5A185	5	A		pheno19		NA	vegetative > vegetative > flowering	vegetative	vegetative	flowering	FALSE	Addition	Addition	2020-04-28T20:00:00Z	119	2020-04-28T17:00:00Z	119	Early	119	early	2020-04-28T18:00:00Z	125.66666666666667	-6.666666666666671	164	227	210	36.226256035394904	116.21266458143843	152.43892061683334	NA	NA	NA	NA	NA	NA	NA	NA	6.266666666666667
DC	2020-07-21T00:00:00Z	5B	20	23.1	3.1	22.5	24	21.7	1.5	NA	2020	5B20	5	B		pheno18 pheno19		NA	vegetative > vegetative > flowering	vegetative	vegetative	flowering	FALSE	Control	Mock rainout	2020-04-28T20:00:00Z	119	2020-04-28T17:00:00Z	119	Early	119	early	2020-04-28T18:00:00Z	125.66666666666667	-6.666666666666671	164	227	210	36.226256035394904	35.71266458143843	71.93892061683334	NA	NA	NA	NA	NA	NA	NA	NA	4.8133333333333335
DC	2020-07-21T00:00:00Z	5B	289	26.8	3.8	24.4	27.8	25.6	1.7	NA	2020	5B289	5	B				NA	vegetative > vegetative > flowering	vegetative	vegetative	flowering	FALSE	Control	Mock rainout	2020-04-28T20:00:00Z	119	2020-04-28T17:00:00Z	119	Early	119	early	2020-04-28T18:00:00Z	125.66666666666667	-6.666666666666671	164	227	210	36.226256035394904	35.71266458143843	71.93892061683334	NA	NA	NA	NA	NA	NA	NA	NA	4.8133333333333335
DC	2020-07-21T00:00:00Z	5B	296	23.5	3	23.1	24.8	23.1	1.8	NA	2020	5B296	5	B				NA	vegetative > vegetative > flowering	vegetative	vegetative	flowering	FALSE	Control	Mock rainout	2020-04-28T20:00:00Z	119	2020-04-28T17:00:00Z	119	Early	119	early	2020-04-28T18:00:00Z	125.66666666666667	-6.666666666666671	164	227	210	36.226256035394904	35.71266458143843	71.93892061683334	NA	NA	NA	NA	NA	NA	NA	NA	4.8133333333333335
DC	2020-07-21T00:00:00Z	5C	225	27.1	3.5	26.7	27.9	24.6	1.5	NA	2020	5C225	5	C				NA	vegetative > vegetative > flowering	vegetative	vegetative	flowering	FALSE	Reduction	Reduction	2020-04-28T20:00:00Z	119	2020-04-28T17:00:00Z	119	Early	119	early	2020-04-28T18:00:00Z	125.66666666666667	-6.666666666666671	164	227	210	36.226256035394904	17.856332290719216	54.08258832611412	NA	NA	NA	NA	NA	NA	NA	NA	4.688888888888889
DC	2020-07-21T00:00:00Z	5C	221	20.6	2.3	14.2	21.3	20.8	1	NA	2020	5C221	5	C				NA	flowering > vegetative > flowering	flowering	vegetative	flowering	FALSE	Reduction	Reduction	2020-04-28T20:00:00Z	119	2020-04-28T17:00:00Z	119	Early	119	early	2020-04-28T18:00:00Z	125.66666666666667	-6.666666666666671	164	227	210	36.226256035394904	17.856332290719216	54.08258832611412	NA	NA	NA	NA	NA	NA	NA	NA	4.688888888888889
DC	2020-07-21T00:00:00Z	5D	268	23.6	3.4	24.1	23.7	20.9	1.1	NA	2020	5D268	5	D				NA	vegetative > vegetative > flowering	vegetative	vegetative	flowering	FALSE	Control	Control	2020-04-28T20:00:00Z	119	2020-04-28T17:00:00Z	119	Early	119	early	2020-04-28T18:00:00Z	125.66666666666667	-6.666666666666671	164	227	210	36.226256035394904	35.71266458143843	71.93892061683334	NA	NA	NA	NA	NA	NA	NA	NA	4.428888888888889
DC	2020-07-21T00:00:00Z	5D	269_20	29.4	3.8	26.4	29.9	29.3	1.7	NA	2020	5D269_20	5	D		census20 pheno20 floral20 volatiles20 seeds20		NA	vegetative > dead_nf > dead_nf	vegetative	dead_nf	dead_nf	TRUE	Control	Control	2020-04-28T20:00:00Z	119	2020-04-28T17:00:00Z	119	Early	119	early	2020-04-28T18:00:00Z	125.66666666666667	-6.666666666666671	164	227	210	36.226256035394904	35.71266458143843	71.93892061683334	NA	NA	NA	NA	NA	NA	NA	NA	4.428888888888889
DC	2020-07-21T00:00:00Z	5D	242	23.4	2.8	19.1	23.5	20.2	0.9	NA	2020	5D242	5	D				NA	vegetative > vegetative > flowering	vegetative	vegetative	flowering	FALSE	Control	Control	2020-04-28T20:00:00Z	119	2020-04-28T17:00:00Z	119	Early	119	early	2020-04-28T18:00:00Z	125.66666666666667	-6.666666666666671	164	227	210	36.226256035394904	35.71266458143843	71.93892061683334	NA	NA	NA	NA	NA	NA	NA	NA	4.428888888888889
AP+BV	2020-07-21T00:00:00Z	2B	189	31	NA	24.6	30.3	30	1.4	NA	2020	2B189	2	B				NA	vegetative > vegetative > flowering	vegetative	vegetative	flowering	FALSE	Control	Mock rainout	2020-04-29T17:00:00Z	120	2020-04-28T19:00:00Z	119	Early	120	early	2020-04-29T18:00:00Z	125.66666666666667	-5.666666666666671	164	227	210	36.226256035394904	35.71266458143843	71.93892061683334	NA	NA	NA	NA	NA	NA	NA	NA	5.586666666666667
AP+BV	2020-07-21T00:00:00Z	2B	186	28.2	NA	23.7	25.2	23.5	1.4	NA	2020	2B186	2	B				NA	vegetative > vegetative > flowering	vegetative	vegetative	flowering	FALSE	Control	Mock rainout	2020-04-29T17:00:00Z	120	2020-04-28T19:00:00Z	119	Early	120	early	2020-04-29T18:00:00Z	125.66666666666667	-5.666666666666671	164	227	210	36.226256035394904	35.71266458143843	71.93892061683334	NA	NA	NA	NA	NA	NA	NA	NA	5.586666666666667
AP+BV	2020-07-21T00:00:00Z	2B	190	25.4	NA	23.9	25.9	23.6	1	NA	2020	2B190	2	B				NA	vegetative > vegetative > flowering	vegetative	vegetative	flowering	FALSE	Control	Mock rainout	2020-04-29T17:00:00Z	120	2020-04-28T19:00:00Z	119	Early	120	early	2020-04-29T18:00:00Z	125.66666666666667	-5.666666666666671	164	227	210	36.226256035394904	35.71266458143843	71.93892061683334	NA	NA	NA	NA	NA	NA	NA	NA	5.586666666666667
AP+BV	2020-07-21T00:00:00Z	2B	185	25.4	NA	27.7	23.2	25.4	1.7	NA	2020	2B185	2	B				NA	vegetative > vegetative > flowering	vegetative	vegetative	flowering	FALSE	Control	Mock rainout	2020-04-29T17:00:00Z	120	2020-04-28T19:00:00Z	119	Early	120	early	2020-04-29T18:00:00Z	125.66666666666667	-5.666666666666671	164	227	210	36.226256035394904	35.71266458143843	71.93892061683334	NA	NA	NA	NA	NA	NA	NA	NA	5.586666666666667
AP+BV	2020-07-21T00:00:00Z	2B	188	27	NA	24.6	24	22.3	1	NA	2020	2B188	2	B				NA	vegetative > vegetative > flowering	vegetative	vegetative	flowering	FALSE	Control	Mock rainout	2020-04-29T17:00:00Z	120	2020-04-28T19:00:00Z	119	Early	120	early	2020-04-29T18:00:00Z	125.66666666666667	-5.666666666666671	164	227	210	36.226256035394904	35.71266458143843	71.93892061683334	NA	NA	NA	NA	NA	NA	NA	NA	5.586666666666667
AP+BV	2020-07-21T00:00:00Z	2B	97	26.5	NA	26.8	25.5	23.5	1.2	NA	2020	2B97	2	B				NA	vegetative > vegetative > flowering	vegetative	vegetative	flowering	FALSE	Control	Mock rainout	2020-04-29T17:00:00Z	120	2020-04-28T19:00:00Z	119	Early	120	early	2020-04-29T18:00:00Z	125.66666666666667	-5.666666666666671	164	227	210	36.226256035394904	35.71266458143843	71.93892061683334	NA	NA	NA	NA	NA	NA	NA	NA	5.586666666666667
AP+BV	2020-07-21T00:00:00Z	2B	184	25.8	NA	24.4	26	23.1	1.2	NA	2020	2B184	2	B				NA	vegetative > vegetative > flowering	vegetative	vegetative	flowering	FALSE	Control	Mock rainout	2020-04-29T17:00:00Z	120	2020-04-28T19:00:00Z	119	Early	120	early	2020-04-29T18:00:00Z	125.66666666666667	-5.666666666666671	164	227	210	36.226256035394904	35.71266458143843	71.93892061683334	NA	NA	NA	NA	NA	NA	NA	NA	5.586666666666667
AP+BV	2020-07-21T00:00:00Z	2B	180	27.9	NA	26.4	26.1	21.6	1.1	NA	2020	2B180	2	B				NA	vegetative > vegetative > flowering	vegetative	vegetative	flowering	FALSE	Control	Mock rainout	2020-04-29T17:00:00Z	120	2020-04-28T19:00:00Z	119	Early	120	early	2020-04-29T18:00:00Z	125.66666666666667	-5.666666666666671	164	227	210	36.226256035394904	35.71266458143843	71.93892061683334	NA	NA	NA	NA	NA	NA	NA	NA	5.586666666666667
AP+BV	2020-07-21T00:00:00Z	2B	183	29.2	NA	34.2	29.2	25	1.6	NA	2020	2B183	2	B				NA	vegetative > vegetative > flowering	vegetative	vegetative	flowering	FALSE	Control	Mock rainout	2020-04-29T17:00:00Z	120	2020-04-28T19:00:00Z	119	Early	120	early	2020-04-29T18:00:00Z	125.66666666666667	-5.666666666666671	164	227	210	36.226256035394904	35.71266458143843	71.93892061683334	NA	NA	NA	NA	NA	NA	NA	NA	5.586666666666667
AP+BV	2020-07-21T00:00:00Z	2B	81	26.4	NA	25.4	26.6	21.9	1.4	NA	2020	2B81	2	B				NA	vegetative > vegetative > flowering	vegetative	vegetative	flowering	FALSE	Control	Mock rainout	2020-04-29T17:00:00Z	120	2020-04-28T19:00:00Z	119	Early	120	early	2020-04-29T18:00:00Z	125.66666666666667	-5.666666666666671	164	227	210	36.226256035394904	35.71266458143843	71.93892061683334	NA	NA	NA	NA	NA	NA	NA	NA	5.586666666666667
AP+BV	2020-07-21T00:00:00Z	2B	85	27.9	NA	23.1	26.9	25.1	1.4	NA	2020	2B85	2	B				NA	vegetative > vegetative > flowering	vegetative	vegetative	flowering	FALSE	Control	Mock rainout	2020-04-29T17:00:00Z	120	2020-04-28T19:00:00Z	119	Early	120	early	2020-04-29T18:00:00Z	125.66666666666667	-5.666666666666671	164	227	210	36.226256035394904	35.71266458143843	71.93892061683334	NA	NA	NA	NA	NA	NA	NA	NA	5.586666666666667
AP+BV	2020-07-21T00:00:00Z	2B	89	26.5	NA	21.4	26.4	21.3	1.6	NA	2020	2B89	2	B				NA	vegetative > vegetative > flowering	vegetative	vegetative	flowering	FALSE	Control	Mock rainout	2020-04-29T17:00:00Z	120	2020-04-28T19:00:00Z	119	Early	120	early	2020-04-29T18:00:00Z	125.66666666666667	-5.666666666666671	164	227	210	36.226256035394904	35.71266458143843	71.93892061683334	NA	NA	NA	NA	NA	NA	NA	NA	5.586666666666667
AP+BV	2020-07-21T00:00:00Z	2B	83	28.9	NA	24.9	26.9	24.4	1.5	NA	2020	2B83	2	B				NA	vegetative > vegetative > flowering	vegetative	vegetative	flowering	FALSE	Control	Mock rainout	2020-04-29T17:00:00Z	120	2020-04-28T19:00:00Z	119	Early	120	early	2020-04-29T18:00:00Z	125.66666666666667	-5.666666666666671	164	227	210	36.226256035394904	35.71266458143843	71.93892061683334	NA	NA	NA	NA	NA	NA	NA	NA	5.586666666666667
AP+BV	2020-07-21T00:00:00Z	2C	274	25.2	NA	23.5	24.6	22.3	1.6	NA	2020	2C274	2	C				NA	vegetative > vegetative > flowering	vegetative	vegetative	flowering	FALSE	Reduction	Reduction	2020-04-29T17:00:00Z	120	2020-04-28T19:00:00Z	119	Early	120	early	2020-04-29T18:00:00Z	125.66666666666667	-5.666666666666671	164	227	210	36.226256035394904	17.856332290719216	54.08258832611412	NA	NA	NA	NA	NA	NA	NA	NA	4.644444444444445
AP+BV	2020-07-21T00:00:00Z	2C	262	29.1	NA	22.7	28.1	24.4	1.4	NA	2020	2C262	2	C				NA	vegetative > vegetative > flowering	vegetative	vegetative	flowering	FALSE	Reduction	Reduction	2020-04-29T17:00:00Z	120	2020-04-28T19:00:00Z	119	Early	120	early	2020-04-29T18:00:00Z	125.66666666666667	-5.666666666666671	164	227	210	36.226256035394904	17.856332290719216	54.08258832611412	NA	NA	NA	NA	NA	NA	NA	NA	4.644444444444445
AP+BV	2020-07-21T00:00:00Z	2C	297_20	24.5	NA	21	24.3	19.3	1.6	NA	2020	2C297_20	2	C		census20 pheno20 floral20 volatiles20 seeds20		NA	vegetative > dead_nf > dead_nf	vegetative	dead_nf	dead_nf	TRUE	Reduction	Reduction	2020-04-29T17:00:00Z	120	2020-04-28T19:00:00Z	119	Early	120	early	2020-04-29T18:00:00Z	125.66666666666667	-5.666666666666671	164	227	210	36.226256035394904	17.856332290719216	54.08258832611412	NA	NA	NA	NA	NA	NA	NA	NA	4.644444444444445
AP+BV	2020-07-21T00:00:00Z	2D	204	27	NA	26.9	25.8	21.4	1.9	NA	2020	2D204	2	D				NA	vegetative > vegetative > flowering	vegetative	vegetative	flowering	FALSE	Addition	Addition	2020-04-29T17:00:00Z	120	2020-04-28T19:00:00Z	119	Early	120	early	2020-04-29T18:00:00Z	125.66666666666667	-5.666666666666671	164	227	210	36.226256035394904	116.21266458143843	152.43892061683334	NA	NA	NA	NA	NA	NA	NA	NA	7.424444444444444
AP+BV	2020-07-21T00:00:00Z	2D	194	25.7	NA	24.2	22.4	25.6	1.7	NA	2020	2D194	2	D				NA	vegetative > vegetative > flowering	vegetative	vegetative	flowering	FALSE	Addition	Addition	2020-04-29T17:00:00Z	120	2020-04-28T19:00:00Z	119	Early	120	early	2020-04-29T18:00:00Z	125.66666666666667	-5.666666666666671	164	227	210	36.226256035394904	116.21266458143843	152.43892061683334	NA	NA	NA	NA	NA	NA	NA	NA	7.424444444444444
AP+BV	2020-07-21T00:00:00Z	2D	187	20.4	NA	27.7	28.6	24.4	1.4	NA	2020	2D187	2	D				NA	vegetative > vegetative > flowering	vegetative	vegetative	flowering	FALSE	Addition	Addition	2020-04-29T17:00:00Z	120	2020-04-28T19:00:00Z	119	Early	120	early	2020-04-29T18:00:00Z	125.66666666666667	-5.666666666666671	164	227	210	36.226256035394904	116.21266458143843	152.43892061683334	NA	NA	NA	NA	NA	NA	NA	NA	7.424444444444444
AP+BV	2020-07-21T00:00:00Z	2D	207	24.5	NA	27.4	23.5	19.5	1.6	NA	2020	2D207	2	D				NA	vegetative > vegetative > flowering	vegetative	vegetative	flowering	FALSE	Addition	Addition	2020-04-29T17:00:00Z	120	2020-04-28T19:00:00Z	119	Early	120	early	2020-04-29T18:00:00Z	125.66666666666667	-5.666666666666671	164	227	210	36.226256035394904	116.21266458143843	152.43892061683334	NA	NA	NA	NA	NA	NA	NA	NA	7.424444444444444
AP+BV	2020-07-21T00:00:00Z	2D	193	26.7	NA	28.3	23.2	20	1.7	NA	2020	2D193	2	D				NA	vegetative > vegetative > flowering	vegetative	vegetative	flowering	FALSE	Addition	Addition	2020-04-29T17:00:00Z	120	2020-04-28T19:00:00Z	119	Early	120	early	2020-04-29T18:00:00Z	125.66666666666667	-5.666666666666671	164	227	210	36.226256035394904	116.21266458143843	152.43892061683334	NA	NA	NA	NA	NA	NA	NA	NA	7.424444444444444
AP+BV	2020-07-21T00:00:00Z	2D	210	31.3	NA	24.1	28.6	26.6	1.3	NA	2020	2D210	2	D				NA	vegetative > vegetative > flowering	vegetative	vegetative	flowering	FALSE	Addition	Addition	2020-04-29T17:00:00Z	120	2020-04-28T19:00:00Z	119	Early	120	early	2020-04-29T18:00:00Z	125.66666666666667	-5.666666666666671	164	227	210	36.226256035394904	116.21266458143843	152.43892061683334	NA	NA	NA	NA	NA	NA	NA	NA	7.424444444444444
AP+BV	2020-07-21T00:00:00Z	3A	125	24.9	NA	27.6	24.6	22.5	1.4	NA	2020	3A125	3	A				NA	vegetative > vegetative > flowering	vegetative	vegetative	flowering	FALSE	Reduction	Reduction	2020-05-04T21:00:00Z	125	2020-05-04T15:00:00Z	125	Normal	126	normal	2020-05-05T18:00:00Z	125.66666666666667	-0.6666666666666714	164	227	210	36.06919700654431	17.856332290719216	53.92552929726352	NA	NA	NA	NA	NA	NA	NA	NA	4.573333333333333
AP+BV	2020-07-21T00:00:00Z	3A	638	29.4	NA	25.3	28.6	23.3	1.1	NA	2020	3A638	3	A				NA	vegetative > vegetative > flowering	vegetative	vegetative	flowering	FALSE	Reduction	Reduction	2020-05-04T21:00:00Z	125	2020-05-04T15:00:00Z	125	Normal	126	normal	2020-05-05T18:00:00Z	125.66666666666667	-0.6666666666666714	164	227	210	36.06919700654431	17.856332290719216	53.92552929726352	NA	NA	NA	NA	NA	NA	NA	NA	4.573333333333333
AP+BV	2020-07-21T00:00:00Z	3A	273	26.4	NA	28.7	25.9	23.9	1	NA	2020	3A273	3	A				NA	vegetative > vegetative > flowering	vegetative	vegetative	flowering	FALSE	Reduction	Reduction	2020-05-04T21:00:00Z	125	2020-05-04T15:00:00Z	125	Normal	126	normal	2020-05-05T18:00:00Z	125.66666666666667	-0.6666666666666714	164	227	210	36.06919700654431	17.856332290719216	53.92552929726352	NA	NA	NA	NA	NA	NA	NA	NA	4.573333333333333
AP+BV	2020-07-21T00:00:00Z	3B	831	29.1	NA	25	26.4	24.7	1.8	NA	2020	3B831	3	B				NA	vegetative > vegetative > flowering	vegetative	vegetative	flowering	FALSE	Control	Mock rainout	2020-05-04T21:00:00Z	125	2020-05-04T15:00:00Z	125	Normal	126	normal	2020-05-05T18:00:00Z	125.66666666666667	-0.6666666666666714	164	227	210	36.06919700654431	35.71266458143843	71.78186158798275	NA	NA	NA	NA	NA	NA	NA	NA	5.1466666666666665
AP+BV	2020-07-21T00:00:00Z	3B	618	23.9	NA	22.3	24.2	20.8	1.9	NA	2020	3B618	3	B				NA	vegetative > vegetative > flowering	vegetative	vegetative	flowering	FALSE	Control	Mock rainout	2020-05-04T21:00:00Z	125	2020-05-04T15:00:00Z	125	Normal	126	normal	2020-05-05T18:00:00Z	125.66666666666667	-0.6666666666666714	164	227	210	36.06919700654431	35.71266458143843	71.78186158798275	NA	NA	NA	NA	NA	NA	NA	NA	5.1466666666666665
AP+BV	2020-07-21T00:00:00Z	3B	838	25.3	NA	21.2	22.2	21.6	1.4	NA	2020	3B838	3	B				NA	vegetative > vegetative > flowering	vegetative	vegetative	flowering	FALSE	Control	Mock rainout	2020-05-04T21:00:00Z	125	2020-05-04T15:00:00Z	125	Normal	126	normal	2020-05-05T18:00:00Z	125.66666666666667	-0.6666666666666714	164	227	210	36.06919700654431	35.71266458143843	71.78186158798275	NA	NA	NA	NA	NA	NA	NA	NA	5.1466666666666665
AP+BV	2020-07-21T00:00:00Z	3B	603	33.4	NA	26.5	33.7	28.3	1.3	NA	2020	3B603	3	B				NA	vegetative > vegetative > flowering	vegetative	vegetative	flowering	FALSE	Control	Mock rainout	2020-05-04T21:00:00Z	125	2020-05-04T15:00:00Z	125	Normal	126	normal	2020-05-05T18:00:00Z	125.66666666666667	-0.6666666666666714	164	227	210	36.06919700654431	35.71266458143843	71.78186158798275	NA	NA	NA	NA	NA	NA	NA	NA	5.1466666666666665
AP+BV	2020-07-21T00:00:00Z	3B	828	24.7	NA	19.9	23.9	21.8	1.3	NA	2020	3B828	3	B				NA	vegetative > vegetative > flowering	vegetative	vegetative	flowering	FALSE	Control	Mock rainout	2020-05-04T21:00:00Z	125	2020-05-04T15:00:00Z	125	Normal	126	normal	2020-05-05T18:00:00Z	125.66666666666667	-0.6666666666666714	164	227	210	36.06919700654431	35.71266458143843	71.78186158798275	NA	NA	NA	NA	NA	NA	NA	NA	5.1466666666666665
AP+BV	2020-07-21T00:00:00Z	3C	153	22.1	NA	22.6	23.4	21	1.5	NA	2020	3C153	3	C				NA	vegetative > vegetative > flowering	vegetative	vegetative	flowering	FALSE	Addition	Addition	2020-05-04T21:00:00Z	125	2020-05-04T15:00:00Z	125	Normal	126	normal	2020-05-05T18:00:00Z	125.66666666666667	-0.6666666666666714	164	227	210	36.06919700654431	116.21266458143843	152.28186158798275	NA	NA	NA	NA	NA	NA	NA	NA	6.5777777777777775
AP+BV	2020-07-21T00:00:00Z	3C	143	19.3	NA	21.9	18.2	17	1.5	NA	2020	3C143	3	C				NA	vegetative > flowering > flowering	vegetative	flowering	flowering	FALSE	Addition	Addition	2020-05-04T21:00:00Z	125	2020-05-04T15:00:00Z	125	Normal	126	normal	2020-05-05T18:00:00Z	125.66666666666667	-0.6666666666666714	164	227	210	36.06919700654431	116.21266458143843	152.28186158798275	NA	NA	NA	NA	NA	NA	NA	NA	6.5777777777777775
AP+BV	2020-07-21T00:00:00Z	3C	133	31.7	NA	23.8	28.9	27.9	1.4	NA	2020	3C133	3	C				NA	vegetative > vegetative > flowering	vegetative	vegetative	flowering	FALSE	Addition	Addition	2020-05-04T21:00:00Z	125	2020-05-04T15:00:00Z	125	Normal	126	normal	2020-05-05T18:00:00Z	125.66666666666667	-0.6666666666666714	164	227	210	36.06919700654431	116.21266458143843	152.28186158798275	NA	NA	NA	NA	NA	NA	NA	NA	6.5777777777777775
AP+BV	2020-07-21T00:00:00Z	3C	169	20.1	NA	20.6	18.4	17	1.4	NA	2020	3C169	3	C		pheno19		NA	vegetative > vegetative > flowering	vegetative	vegetative	flowering	FALSE	Addition	Addition	2020-05-04T21:00:00Z	125	2020-05-04T15:00:00Z	125	Normal	126	normal	2020-05-05T18:00:00Z	125.66666666666667	-0.6666666666666714	164	227	210	36.06919700654431	116.21266458143843	152.28186158798275	NA	NA	NA	NA	NA	NA	NA	NA	6.5777777777777775
AP+BV	2020-07-21T00:00:00Z	3C	174	22.4	NA	19.6	20.7	19.9	1.3	NA	2020	3C174	3	C			pheno20 floral20 seeds20	3C174	vegetative > vegetative > flowering	vegetative	vegetative	flowering	TRUE	Addition	Addition	2020-05-04T21:00:00Z	125	2020-05-04T15:00:00Z	125	Normal	126	normal	2020-05-05T18:00:00Z	125.66666666666667	-0.6666666666666714	164	227	210	36.06919700654431	116.21266458143843	152.28186158798275	NA	NA	NA	NA	NA	NA	NA	NA	6.5777777777777775
DC	2020-07-26T00:00:00Z	2A	694	26.5	3.4	26.6	27.8	26.5	1.5	NA	2020	2A694	2	A				NA	vegetative > vegetative > flowering	vegetative	vegetative	flowering	FALSE	Control	Control	2020-04-29T17:00:00Z	120	2020-04-28T19:00:00Z	119	Early	120	early	2020-04-29T18:00:00Z	125.66666666666667	-5.666666666666671	164	227	210	36.226256035394904	35.71266458143843	71.93892061683334	NA	NA	NA	NA	NA	NA	NA	NA	5.142222222222222
DC	2020-07-26T00:00:00Z	2B	89	20.9	3.2	25.6	22.1	20.5	1.8	NA	2020	2B89	2	B				NA	vegetative > vegetative > flowering	vegetative	vegetative	flowering	FALSE	Control	Mock rainout	2020-04-29T17:00:00Z	120	2020-04-28T19:00:00Z	119	Early	120	early	2020-04-29T18:00:00Z	125.66666666666667	-5.666666666666671	164	227	210	36.226256035394904	35.71266458143843	71.93892061683334	NA	NA	NA	NA	NA	NA	NA	NA	5.586666666666667
DC	2020-07-26T00:00:00Z	2B	83	28.4	3.7	25.3	28.3	26.3	1.8	NA	2020	2B83	2	B				NA	vegetative > vegetative > flowering	vegetative	vegetative	flowering	FALSE	Control	Mock rainout	2020-04-29T17:00:00Z	120	2020-04-28T19:00:00Z	119	Early	120	early	2020-04-29T18:00:00Z	125.66666666666667	-5.666666666666671	164	227	210	36.226256035394904	35.71266458143843	71.93892061683334	NA	NA	NA	NA	NA	NA	NA	NA	5.586666666666667
DC	2020-07-26T00:00:00Z	2B	97	25.4	2.8	21.1	26.8	24.4	1.5	NA	2020	2B97	2	B				NA	vegetative > vegetative > flowering	vegetative	vegetative	flowering	FALSE	Control	Mock rainout	2020-04-29T17:00:00Z	120	2020-04-28T19:00:00Z	119	Early	120	early	2020-04-29T18:00:00Z	125.66666666666667	-5.666666666666671	164	227	210	36.226256035394904	35.71266458143843	71.93892061683334	NA	NA	NA	NA	NA	NA	NA	NA	5.586666666666667
DC	2020-07-26T00:00:00Z	2B	180	27.4	3.4	28.3	27.5	24.7	1.5	NA	2020	2B180	2	B				NA	vegetative > vegetative > flowering	vegetative	vegetative	flowering	FALSE	Control	Mock rainout	2020-04-29T17:00:00Z	120	2020-04-28T19:00:00Z	119	Early	120	early	2020-04-29T18:00:00Z	125.66666666666667	-5.666666666666671	164	227	210	36.226256035394904	35.71266458143843	71.93892061683334	NA	NA	NA	NA	NA	NA	NA	NA	5.586666666666667
DC	2020-07-26T00:00:00Z	2B	197	23.7	3.3	24.9	24.7	22.3	1.8	NA	2020	2B197	2	B				NA	vegetative > vegetative > flowering	vegetative	vegetative	flowering	FALSE	Control	Mock rainout	2020-04-29T17:00:00Z	120	2020-04-28T19:00:00Z	119	Early	120	early	2020-04-29T18:00:00Z	125.66666666666667	-5.666666666666671	164	227	210	36.226256035394904	35.71266458143843	71.93892061683334	NA	NA	NA	NA	NA	NA	NA	NA	5.586666666666667
DC	2020-07-26T00:00:00Z	2B	178	22.5	3.3	25.5	23.6	18.9	1.4	NA	2020	2B178	2	B				NA	vegetative > vegetative > flowering	vegetative	vegetative	flowering	FALSE	Control	Mock rainout	2020-04-29T17:00:00Z	120	2020-04-28T19:00:00Z	119	Early	120	early	2020-04-29T18:00:00Z	125.66666666666667	-5.666666666666671	164	227	210	36.226256035394904	35.71266458143843	71.93892061683334	NA	NA	NA	NA	NA	NA	NA	NA	5.586666666666667
DC	2020-07-26T00:00:00Z	2B	186	21.7	3.8	21.5	23.9	23.7	1.6	NA	2020	2B186	2	B				NA	vegetative > vegetative > flowering	vegetative	vegetative	flowering	FALSE	Control	Mock rainout	2020-04-29T17:00:00Z	120	2020-04-28T19:00:00Z	119	Early	120	early	2020-04-29T18:00:00Z	125.66666666666667	-5.666666666666671	164	227	210	36.226256035394904	35.71266458143843	71.93892061683334	NA	NA	NA	NA	NA	NA	NA	NA	5.586666666666667
DC	2020-07-26T00:00:00Z	2B	189	29.9	3.4	25.1	29.9	25.3	1.6	NA	2020	2B189	2	B				NA	vegetative > vegetative > flowering	vegetative	vegetative	flowering	FALSE	Control	Mock rainout	2020-04-29T17:00:00Z	120	2020-04-28T19:00:00Z	119	Early	120	early	2020-04-29T18:00:00Z	125.66666666666667	-5.666666666666671	164	227	210	36.226256035394904	35.71266458143843	71.93892061683334	NA	NA	NA	NA	NA	NA	NA	NA	5.586666666666667
DC	2020-07-26T00:00:00Z	2B	190	23.5	3.1	22.1	24.8	23.3	1.4	NA	2020	2B190	2	B				NA	vegetative > vegetative > flowering	vegetative	vegetative	flowering	FALSE	Control	Mock rainout	2020-04-29T17:00:00Z	120	2020-04-28T19:00:00Z	119	Early	120	early	2020-04-29T18:00:00Z	125.66666666666667	-5.666666666666671	164	227	210	36.226256035394904	35.71266458143843	71.93892061683334	NA	NA	NA	NA	NA	NA	NA	NA	5.586666666666667
DC	2020-07-26T00:00:00Z	2C	274	26	3.8	24.8	26.3	22.5	1.1	NA	2020	2C274	2	C				NA	vegetative > vegetative > flowering	vegetative	vegetative	flowering	FALSE	Reduction	Reduction	2020-04-29T17:00:00Z	120	2020-04-28T19:00:00Z	119	Early	120	early	2020-04-29T18:00:00Z	125.66666666666667	-5.666666666666671	164	227	210	36.226256035394904	17.856332290719216	54.08258832611412	NA	NA	NA	NA	NA	NA	NA	NA	4.644444444444445
DC	2020-07-26T00:00:00Z	2C	277	24.9	2.5	22.6	25.1	23.6	1	NA	2020	2C277	2	C				NA	vegetative > vegetative > flowering	vegetative	vegetative	flowering	FALSE	Reduction	Reduction	2020-04-29T17:00:00Z	120	2020-04-28T19:00:00Z	119	Early	120	early	2020-04-29T18:00:00Z	125.66666666666667	-5.666666666666671	164	227	210	36.226256035394904	17.856332290719216	54.08258832611412	NA	NA	NA	NA	NA	NA	NA	NA	4.644444444444445
DC	2020-07-26T00:00:00Z	2C	270	23	3.1	20.6	22.9	17.2	1.2	NA	2020	2C270	2	C				NA	vegetative > vegetative > flowering	vegetative	vegetative	flowering	FALSE	Reduction	Reduction	2020-04-29T17:00:00Z	120	2020-04-28T19:00:00Z	119	Early	120	early	2020-04-29T18:00:00Z	125.66666666666667	-5.666666666666671	164	227	210	36.226256035394904	17.856332290719216	54.08258832611412	NA	NA	NA	NA	NA	NA	NA	NA	4.644444444444445
DC	2020-07-26T00:00:00Z	2C	262	27.1	2.8	23.6	26.8	23.3	1.5	NA	2020	2C262	2	C				NA	vegetative > vegetative > flowering	vegetative	vegetative	flowering	FALSE	Reduction	Reduction	2020-04-29T17:00:00Z	120	2020-04-28T19:00:00Z	119	Early	120	early	2020-04-29T18:00:00Z	125.66666666666667	-5.666666666666671	164	227	210	36.226256035394904	17.856332290719216	54.08258832611412	NA	NA	NA	NA	NA	NA	NA	NA	4.644444444444445
DC	2020-07-26T00:00:00Z	2C	297_20	19.5	3.3	23.9	21.6	16.5	1.6	NA	2020	2C297_20	2	C		census20 pheno20 floral20 volatiles20 seeds20		NA	vegetative > dead_nf > dead_nf	vegetative	dead_nf	dead_nf	TRUE	Reduction	Reduction	2020-04-29T17:00:00Z	120	2020-04-28T19:00:00Z	119	Early	120	early	2020-04-29T18:00:00Z	125.66666666666667	-5.666666666666671	164	227	210	36.226256035394904	17.856332290719216	54.08258832611412	NA	NA	NA	NA	NA	NA	NA	NA	4.644444444444445
DC	2020-07-26T00:00:00Z	2C	289	19.5	3.1	20.2	19.3	17.4	1.5	NA	2020	2C289	2	C				NA	vegetative > vegetative > flowering	vegetative	vegetative	flowering	FALSE	Reduction	Reduction	2020-04-29T17:00:00Z	120	2020-04-28T19:00:00Z	119	Early	120	early	2020-04-29T18:00:00Z	125.66666666666667	-5.666666666666671	164	227	210	36.226256035394904	17.856332290719216	54.08258832611412	NA	NA	NA	NA	NA	NA	NA	NA	4.644444444444445
DC	2020-07-26T00:00:00Z	2C	292	22.2	3.2	21	22.6	18.3	1.5	NA	2020	2C292	2	C				NA	vegetative > vegetative > flowering	vegetative	vegetative	flowering	FALSE	Reduction	Reduction	2020-04-29T17:00:00Z	120	2020-04-28T19:00:00Z	119	Early	120	early	2020-04-29T18:00:00Z	125.66666666666667	-5.666666666666671	164	227	210	36.226256035394904	17.856332290719216	54.08258832611412	NA	NA	NA	NA	NA	NA	NA	NA	4.644444444444445
DC	2020-07-26T00:00:00Z	2C	293	25	3.1	NA	25.2	22.8	1.5	NA	2020	2C293	2	C				NA	vegetative > vegetative > flowering	vegetative	vegetative	flowering	FALSE	Reduction	Reduction	2020-04-29T17:00:00Z	120	2020-04-28T19:00:00Z	119	Early	120	early	2020-04-29T18:00:00Z	125.66666666666667	-5.666666666666671	164	227	210	36.226256035394904	17.856332290719216	54.08258832611412	NA	NA	NA	NA	NA	NA	NA	NA	4.644444444444445
DC	2020-07-26T00:00:00Z	2D	204	31.2	3.9	27.3	30.4	28.2	1.7	NA	2020	2D204	2	D				NA	vegetative > vegetative > flowering	vegetative	vegetative	flowering	FALSE	Addition	Addition	2020-04-29T17:00:00Z	120	2020-04-28T19:00:00Z	119	Early	120	early	2020-04-29T18:00:00Z	125.66666666666667	-5.666666666666671	164	227	210	36.226256035394904	116.21266458143843	152.43892061683334	NA	NA	NA	NA	NA	NA	NA	NA	7.424444444444444
DC	2020-07-26T00:00:00Z	2D	187	30.5	3.6	25.9	30.6	20.9	1.8	NA	2020	2D187	2	D				NA	vegetative > vegetative > flowering	vegetative	vegetative	flowering	FALSE	Addition	Addition	2020-04-29T17:00:00Z	120	2020-04-28T19:00:00Z	119	Early	120	early	2020-04-29T18:00:00Z	125.66666666666667	-5.666666666666671	164	227	210	36.226256035394904	116.21266458143843	152.43892061683334	NA	NA	NA	NA	NA	NA	NA	NA	7.424444444444444
DC	2020-07-26T00:00:00Z	2D	193	26.2	3.6	25	28.1	25.1	1.4	NA	2020	2D193	2	D				NA	vegetative > vegetative > flowering	vegetative	vegetative	flowering	FALSE	Addition	Addition	2020-04-29T17:00:00Z	120	2020-04-28T19:00:00Z	119	Early	120	early	2020-04-29T18:00:00Z	125.66666666666667	-5.666666666666671	164	227	210	36.226256035394904	116.21266458143843	152.43892061683334	NA	NA	NA	NA	NA	NA	NA	NA	7.424444444444444
DC	2020-07-26T00:00:00Z	2D	219	27.6	3.8	21.9	26.9	24.4	1.6	NA	2020	2D219	2	D				NA	vegetative > vegetative > flowering	vegetative	vegetative	flowering	FALSE	Addition	Addition	2020-04-29T17:00:00Z	120	2020-04-28T19:00:00Z	119	Early	120	early	2020-04-29T18:00:00Z	125.66666666666667	-5.666666666666671	164	227	210	36.226256035394904	116.21266458143843	152.43892061683334	NA	NA	NA	NA	NA	NA	NA	NA	7.424444444444444
DC	2020-07-26T00:00:00Z	2D	194	25.4	3.3	26.6	26.2	24.6	1.8	NA	2020	2D194	2	D				NA	vegetative > vegetative > flowering	vegetative	vegetative	flowering	FALSE	Addition	Addition	2020-04-29T17:00:00Z	120	2020-04-28T19:00:00Z	119	Early	120	early	2020-04-29T18:00:00Z	125.66666666666667	-5.666666666666671	164	227	210	36.226256035394904	116.21266458143843	152.43892061683334	NA	NA	NA	NA	NA	NA	NA	NA	7.424444444444444
DC	2020-07-26T00:00:00Z	2D	210	29.1	3.6	28.2	28.9	26.9	1.7	NA	2020	2D210	2	D				NA	vegetative > vegetative > flowering	vegetative	vegetative	flowering	FALSE	Addition	Addition	2020-04-29T17:00:00Z	120	2020-04-28T19:00:00Z	119	Early	120	early	2020-04-29T18:00:00Z	125.66666666666667	-5.666666666666671	164	227	210	36.226256035394904	116.21266458143843	152.43892061683334	NA	NA	NA	NA	NA	NA	NA	NA	7.424444444444444
DC	2020-07-26T00:00:00Z	2D	207	29.3	3.4	25.7	30.5	29.6	2	NA	2020	2D207	2	D				NA	vegetative > vegetative > flowering	vegetative	vegetative	flowering	FALSE	Addition	Addition	2020-04-29T17:00:00Z	120	2020-04-28T19:00:00Z	119	Early	120	early	2020-04-29T18:00:00Z	125.66666666666667	-5.666666666666671	164	227	210	36.226256035394904	116.21266458143843	152.43892061683334	NA	NA	NA	NA	NA	NA	NA	NA	7.424444444444444
DC	2020-07-27T00:00:00Z	2B	184	26.5	3.5	23.8	27.1	24.6	1.5	NA	2020	2B184	2	B				NA	vegetative > vegetative > flowering	vegetative	vegetative	flowering	FALSE	Control	Mock rainout	2020-04-29T17:00:00Z	120	2020-04-28T19:00:00Z	119	Early	120	early	2020-04-29T18:00:00Z	125.66666666666667	-5.666666666666671	164	227	210	36.226256035394904	35.71266458143843	71.93892061683334	NA	NA	NA	NA	NA	NA	NA	NA	5.586666666666667
DC	2020-07-27T00:00:00Z	2B	188	25.9	3.2	20.3	23.7	21.5	1.7	NA	2020	2B188	2	B				NA	vegetative > vegetative > flowering	vegetative	vegetative	flowering	FALSE	Control	Mock rainout	2020-04-29T17:00:00Z	120	2020-04-28T19:00:00Z	119	Early	120	early	2020-04-29T18:00:00Z	125.66666666666667	-5.666666666666671	164	227	210	36.226256035394904	35.71266458143843	71.93892061683334	NA	NA	NA	NA	NA	NA	NA	NA	5.586666666666667
DC	2020-07-27T00:00:00Z	2B	92	25.8	3.5	25.9	27.8	25.8	1.5	NA	2020	2B92	2	B				NA	vegetative > flowering > flowering	vegetative	flowering	flowering	FALSE	Control	Mock rainout	2020-04-29T17:00:00Z	120	2020-04-28T19:00:00Z	119	Early	120	early	2020-04-29T18:00:00Z	125.66666666666667	-5.666666666666671	164	227	210	36.226256035394904	35.71266458143843	71.93892061683334	NA	NA	NA	NA	NA	NA	NA	NA	5.586666666666667
DC	2020-07-27T00:00:00Z	2D	219	26.1	3.7	21.5	25.9	25	1.9	NA	2020	2D219	2	D				NA	vegetative > vegetative > flowering	vegetative	vegetative	flowering	FALSE	Addition	Addition	2020-04-29T17:00:00Z	120	2020-04-28T19:00:00Z	119	Early	120	early	2020-04-29T18:00:00Z	125.66666666666667	-5.666666666666671	164	227	210	36.226256035394904	116.21266458143843	152.43892061683334	NA	NA	NA	NA	NA	NA	NA	NA	7.424444444444444
DC	2020-07-27T00:00:00Z	2D	220	29.1	3.5	25.6	30.6	28.5	1.8	NA	2020	2D220	2	D				NA	vegetative > vegetative > flowering	vegetative	vegetative	flowering	FALSE	Addition	Addition	2020-04-29T17:00:00Z	120	2020-04-28T19:00:00Z	119	Early	120	early	2020-04-29T18:00:00Z	125.66666666666667	-5.666666666666671	164	227	210	36.226256035394904	116.21266458143843	152.43892061683334	NA	NA	NA	NA	NA	NA	NA	NA	7.424444444444444
DC	2020-07-27T00:00:00Z	4A	101	27.8	3	22.7	28.7	25.8	1.2	NA	2020	4A101	4	A				NA	vegetative > vegetative > flowering	vegetative	vegetative	flowering	FALSE	Addition	Addition	2020-04-30T19:00:00Z	121	2020-04-28T18:00:00Z	119	Early	119	early	2020-04-28T18:00:00Z	125.66666666666667	-4.666666666666671	164	227	210	36.226256035394904	116.21266458143843	152.43892061683334	NA	NA	NA	NA	NA	NA	NA	NA	6.6466666666666665
DC	2020-07-27T00:00:00Z	4A	99	23.3	3.6	13	23.5	17.7	1.5	NA	2020	4A99	4	A				NA	vegetative > vegetative > flowering	vegetative	vegetative	flowering	FALSE	Addition	Addition	2020-04-30T19:00:00Z	121	2020-04-28T18:00:00Z	119	Early	119	early	2020-04-28T18:00:00Z	125.66666666666667	-4.666666666666671	164	227	210	36.226256035394904	116.21266458143843	152.43892061683334	NA	NA	NA	NA	NA	NA	NA	NA	6.6466666666666665
DC	2020-07-27T00:00:00Z	4A	91	22.4	3.7	19.9	23.4	22.3	1.3	NA	2020	4A91	4	A				NA	vegetative > vegetative > flowering	vegetative	vegetative	flowering	FALSE	Addition	Addition	2020-04-30T19:00:00Z	121	2020-04-28T18:00:00Z	119	Early	119	early	2020-04-28T18:00:00Z	125.66666666666667	-4.666666666666671	164	227	210	36.226256035394904	116.21266458143843	152.43892061683334	NA	NA	NA	NA	NA	NA	NA	NA	6.6466666666666665
DC	2020-07-27T00:00:00Z	4A	115	27.1	3.5	23.3	28.1	26.6	1.8	NA	2020	4A115	4	A		pheno19		NA	vegetative > vegetative > flowering	vegetative	vegetative	flowering	FALSE	Addition	Addition	2020-04-30T19:00:00Z	121	2020-04-28T18:00:00Z	119	Early	119	early	2020-04-28T18:00:00Z	125.66666666666667	-4.666666666666671	164	227	210	36.226256035394904	116.21266458143843	152.43892061683334	NA	NA	NA	NA	NA	NA	NA	NA	6.6466666666666665
DC	2020-07-27T00:00:00Z	4A	114	25.5	3.5	23.6	25.4	24	1.6	NA	2020	4A114	4	A				NA	vegetative > vegetative > flowering	vegetative	vegetative	flowering	FALSE	Addition	Addition	2020-04-30T19:00:00Z	121	2020-04-28T18:00:00Z	119	Early	119	early	2020-04-28T18:00:00Z	125.66666666666667	-4.666666666666671	164	227	210	36.226256035394904	116.21266458143843	152.43892061683334	NA	NA	NA	NA	NA	NA	NA	NA	6.6466666666666665
DC	2020-07-27T00:00:00Z	4A	80	30.5	3.3	27.1	31.4	30.6	1.7	NA	2020	4A80	4	A				NA	vegetative > vegetative > flowering	vegetative	vegetative	flowering	FALSE	Addition	Addition	2020-04-30T19:00:00Z	121	2020-04-28T18:00:00Z	119	Early	119	early	2020-04-28T18:00:00Z	125.66666666666667	-4.666666666666671	164	227	210	36.226256035394904	116.21266458143843	152.43892061683334	NA	NA	NA	NA	NA	NA	NA	NA	6.6466666666666665
DC	2020-07-27T00:00:00Z	4A	85	27.2	3.5	16.1	27.6	26.7	1.9	NA	2020	4A85	4	A				NA	vegetative > vegetative > flowering	vegetative	vegetative	flowering	FALSE	Addition	Addition	2020-04-30T19:00:00Z	121	2020-04-28T18:00:00Z	119	Early	119	early	2020-04-28T18:00:00Z	125.66666666666667	-4.666666666666671	164	227	210	36.226256035394904	116.21266458143843	152.43892061683334	NA	NA	NA	NA	NA	NA	NA	NA	6.6466666666666665
DC	2020-07-27T00:00:00Z	4B	594	20.1	3	24.9	21.1	19.9	1.7	NA	2020	4B594	4	B				NA	vegetative > vegetative > flowering	vegetative	vegetative	flowering	FALSE	Control	Mock rainout	2020-04-30T19:00:00Z	121	2020-04-28T18:00:00Z	119	Early	119	early	2020-04-28T18:00:00Z	125.66666666666667	-4.666666666666671	164	227	210	36.226256035394904	35.71266458143843	71.93892061683334	NA	NA	NA	NA	NA	NA	NA	NA	4.964444444444444
DC	2020-07-27T00:00:00Z	4C	120	28.5	2.7	23.9	26.2	26.2	1.4	NA	2020	4C120	4	C				NA	vegetative > vegetative > flowering	vegetative	vegetative	flowering	FALSE	Control	Control	2020-04-30T19:00:00Z	121	2020-04-28T18:00:00Z	119	Early	119	early	2020-04-28T18:00:00Z	125.66666666666667	-4.666666666666671	164	227	210	36.226256035394904	35.71266458143843	71.93892061683334	NA	NA	NA	NA	NA	NA	NA	NA	5.066666666666666
DC	2020-07-27T00:00:00Z	4C	92	24.2	3.2	25.9	26.9	25.4	1.4	NA	2020	4C92	4	C				NA	NA	NA	NA	NA	FALSE	Control	Control	2020-04-30T19:00:00Z	121	2020-04-28T18:00:00Z	119	Early	119	early	2020-04-28T18:00:00Z	125.66666666666667	-4.666666666666671	164	227	210	36.226256035394904	35.71266458143843	71.93892061683334	NA	NA	NA	NA	NA	NA	NA	NA	5.066666666666666
DC	2020-07-27T00:00:00Z	4C	187	25.1	3.4	23.6	25.8	24.6	1.6	NA	2020	4C187	4	C				NA	vegetative > vegetative > flowering	vegetative	vegetative	flowering	FALSE	Control	Control	2020-04-30T19:00:00Z	121	2020-04-28T18:00:00Z	119	Early	119	early	2020-04-28T18:00:00Z	125.66666666666667	-4.666666666666671	164	227	210	36.226256035394904	35.71266458143843	71.93892061683334	NA	NA	NA	NA	NA	NA	NA	NA	5.066666666666666
DC	2020-07-27T00:00:00Z	4D	52	22.9	3.5	21.1	22.8	16.9	0.9	NA	2020	4D52	4	D				NA	vegetative > vegetative > flowering	vegetative	vegetative	flowering	FALSE	Reduction	Reduction	2020-04-30T19:00:00Z	121	2020-04-28T18:00:00Z	119	Early	119	early	2020-04-28T18:00:00Z	125.66666666666667	-4.666666666666671	164	227	210	36.226256035394904	17.856332290719216	54.08258832611412	NA	NA	NA	NA	NA	NA	NA	NA	4.1466666666666665
DC	2020-07-27T00:00:00Z	4D	37	23.5	3.4	22.5	22.6	20.1	1.5	NA	2020	4D37	4	D				NA	vegetative > vegetative > flowering	vegetative	vegetative	flowering	FALSE	Reduction	Reduction	2020-04-30T19:00:00Z	121	2020-04-28T18:00:00Z	119	Early	119	early	2020-04-28T18:00:00Z	125.66666666666667	-4.666666666666671	164	227	210	36.226256035394904	17.856332290719216	54.08258832611412	NA	NA	NA	NA	NA	NA	NA	NA	4.1466666666666665
DC	2020-07-27T00:00:00Z	4D	49	27.3	3.8	26.2	27.5	25.3	1.4	NA	2020	4D49	4	D				NA	vegetative > vegetative > flowering	vegetative	vegetative	flowering	FALSE	Reduction	Reduction	2020-04-30T19:00:00Z	121	2020-04-28T18:00:00Z	119	Early	119	early	2020-04-28T18:00:00Z	125.66666666666667	-4.666666666666671	164	227	210	36.226256035394904	17.856332290719216	54.08258832611412	NA	NA	NA	NA	NA	NA	NA	NA	4.1466666666666665
DC	2020-07-27T00:00:00Z	6D	45	23.7	3.5	23.1	25.4	25.1	1.6	NA	2020	6D45	6	D				NA	flowering > vegetative > flowering	flowering	vegetative	flowering	FALSE	Addition	Addition	2020-05-06T18:00:00Z	127	2020-05-05T19:00:00Z	126	Normal	127	normal	2020-05-06T18:00:00Z	125.66666666666667	1.3333333333333286	164	227	210	36.06919700654431	116.21266458143843	152.28186158798275	NA	NA	NA	NA	NA	NA	NA	NA	7.590888888888889
DC	2020-07-27T00:00:00Z	6D	46	26.8	4.3	23.3	27.9	25.5	1.5	NA	2020	6D46	6	D		pheno18		NA	vegetative > vegetative > flowering	vegetative	vegetative	flowering	FALSE	Addition	Addition	2020-05-06T18:00:00Z	127	2020-05-05T19:00:00Z	126	Normal	127	normal	2020-05-06T18:00:00Z	125.66666666666667	1.3333333333333286	164	227	210	36.06919700654431	116.21266458143843	152.28186158798275	NA	NA	NA	NA	NA	NA	NA	NA	7.590888888888889
DC	2020-07-27T00:00:00Z	6D	64	27.4	4.6	20.8	28.5	26.1	2	NA	2020	6D64	6	D				NA	vegetative > vegetative > flowering	vegetative	vegetative	flowering	FALSE	Addition	Addition	2020-05-06T18:00:00Z	127	2020-05-05T19:00:00Z	126	Normal	127	normal	2020-05-06T18:00:00Z	125.66666666666667	1.3333333333333286	164	227	210	36.06919700654431	116.21266458143843	152.28186158798275	NA	NA	NA	NA	NA	NA	NA	NA	7.590888888888889
DC	2020-07-27T00:00:00Z	6B	243	21.9	2.5	21.5	22.3	21.8	1.1	NA	2020	6B243	6	B				NA	vegetative > vegetative > flowering	vegetative	vegetative	flowering	FALSE	Reduction	Reduction	2020-05-06T18:00:00Z	127	2020-05-05T19:00:00Z	126	Normal	127	normal	2020-05-06T18:00:00Z	125.66666666666667	1.3333333333333286	164	227	210	36.06919700654431	17.856332290719216	53.92552929726352	NA	NA	NA	NA	NA	NA	NA	NA	4.0488888888888885
DC	2020-07-27T00:00:00Z	6B	120	23.5	2.9	20.6	24.7	23.5	1.2	NA	2020	6B120	6	B				NA	vegetative > vegetative > flowering	vegetative	vegetative	flowering	FALSE	Reduction	Reduction	2020-05-06T18:00:00Z	127	2020-05-05T19:00:00Z	126	Normal	127	normal	2020-05-06T18:00:00Z	125.66666666666667	1.3333333333333286	164	227	210	36.06919700654431	17.856332290719216	53.92552929726352	NA	NA	NA	NA	NA	NA	NA	NA	4.0488888888888885
ST	2020-07-27T00:00:00Z	1A	230	25.6	NA	23.8	27	20.8	1.6	NA	2020	1A230	1	A				NA	vegetative > vegetative > flowering	vegetative	vegetative	flowering	FALSE	Addition	Addition	2020-05-04T15:00:00Z	125	2020-05-02T18:00:00Z	123	Normal	125	normal	2020-05-04T18:00:00Z	125.66666666666667	-0.6666666666666714	164	227	210	36.06919700654431	116.21266458143843	152.28186158798275	NA	NA	NA	NA	NA	NA	NA	NA	7.731111111111111
ST	2020-07-27T00:00:00Z	1A	235	25.4	NA	27.9	25.6	23.3	1.5	NA	2020	1A235	1	A		floral18		NA	vegetative > vegetative > flowering	vegetative	vegetative	flowering	FALSE	Addition	Addition	2020-05-04T15:00:00Z	125	2020-05-02T18:00:00Z	123	Normal	125	normal	2020-05-04T18:00:00Z	125.66666666666667	-0.6666666666666714	164	227	210	36.06919700654431	116.21266458143843	152.28186158798275	NA	NA	NA	NA	NA	NA	NA	NA	7.731111111111111
ST	2020-07-27T00:00:00Z	1A	233	23.5	NA	23	24.2	21	1.9	NA	2020	1A233	1	A				NA	vegetative > vegetative > flowering	vegetative	vegetative	flowering	FALSE	Addition	Addition	2020-05-04T15:00:00Z	125	2020-05-02T18:00:00Z	123	Normal	125	normal	2020-05-04T18:00:00Z	125.66666666666667	-0.6666666666666714	164	227	210	36.06919700654431	116.21266458143843	152.28186158798275	NA	NA	NA	NA	NA	NA	NA	NA	7.731111111111111
ST	2020-07-27T00:00:00Z	1A	240	25.3	NA	24.3	27.1	23	1.8	NA	2020	1A240	1	A				NA	vegetative > vegetative > flowering	vegetative	vegetative	flowering	FALSE	Addition	Addition	2020-05-04T15:00:00Z	125	2020-05-02T18:00:00Z	123	Normal	125	normal	2020-05-04T18:00:00Z	125.66666666666667	-0.6666666666666714	164	227	210	36.06919700654431	116.21266458143843	152.28186158798275	NA	NA	NA	NA	NA	NA	NA	NA	7.731111111111111
ST	2020-07-27T00:00:00Z	1B	658	24	NA	28.9	25.3	24.2	1.6	NA	2020	1B658	1	B				NA	vegetative > vegetative > flowering	vegetative	vegetative	flowering	FALSE	Control	Control	2020-05-04T15:00:00Z	125	2020-05-02T18:00:00Z	123	Normal	125	normal	2020-05-04T18:00:00Z	125.66666666666667	-0.6666666666666714	164	227	210	36.06919700654431	35.71266458143843	71.78186158798275	NA	NA	NA	NA	NA	NA	NA	NA	5.817777777777778
ST	2020-07-27T00:00:00Z	1B	656	27.1	NA	24.4	26.4	23.8	1.4	NA	2020	1B656	1	B				NA	vegetative > vegetative > flowering	vegetative	vegetative	flowering	FALSE	Control	Control	2020-05-04T15:00:00Z	125	2020-05-02T18:00:00Z	123	Normal	125	normal	2020-05-04T18:00:00Z	125.66666666666667	-0.6666666666666714	164	227	210	36.06919700654431	35.71266458143843	71.78186158798275	NA	NA	NA	NA	NA	NA	NA	NA	5.817777777777778
ST	2020-07-27T00:00:00Z	1B	672	24	NA	26.4	24	22.9	1.8	NA	2020	1B672	1	B				NA	vegetative > vegetative > flowering	vegetative	vegetative	flowering	FALSE	Control	Control	2020-05-04T15:00:00Z	125	2020-05-02T18:00:00Z	123	Normal	125	normal	2020-05-04T18:00:00Z	125.66666666666667	-0.6666666666666714	164	227	210	36.06919700654431	35.71266458143843	71.78186158798275	NA	NA	NA	NA	NA	NA	NA	NA	5.817777777777778
ST	2020-07-27T00:00:00Z	1B	653	23.8	NA	23.2	24.9	23.5	1.7	NA	2020	1B653	1	B				NA	vegetative > vegetative > flowering	vegetative	vegetative	flowering	FALSE	Control	Control	2020-05-04T15:00:00Z	125	2020-05-02T18:00:00Z	123	Normal	125	normal	2020-05-04T18:00:00Z	125.66666666666667	-0.6666666666666714	164	227	210	36.06919700654431	35.71266458143843	71.78186158798275	NA	NA	NA	NA	NA	NA	NA	NA	5.817777777777778
ST	2020-07-27T00:00:00Z	1C	60	24.4	NA	26.1	24.6	22.3	1.9	NA	2020	1C60	1	C				NA	vegetative > vegetative > flowering	vegetative	vegetative	flowering	FALSE	Control	Mock rainout	2020-05-04T15:00:00Z	125	2020-05-02T18:00:00Z	123	Normal	125	normal	2020-05-04T18:00:00Z	125.66666666666667	-0.6666666666666714	164	227	210	36.06919700654431	35.71266458143843	71.78186158798275	NA	NA	NA	NA	NA	NA	NA	NA	5.58
ST	2020-07-27T00:00:00Z	1C	46	28.4	NA	23.7	29.3	25.9	1.5	NA	2020	1C46	1	C				NA	vegetative > vegetative > flowering	vegetative	vegetative	flowering	FALSE	Control	Mock rainout	2020-05-04T15:00:00Z	125	2020-05-02T18:00:00Z	123	Normal	125	normal	2020-05-04T18:00:00Z	125.66666666666667	-0.6666666666666714	164	227	210	36.06919700654431	35.71266458143843	71.78186158798275	NA	NA	NA	NA	NA	NA	NA	NA	5.58
ST	2020-07-27T00:00:00Z	1D	33	27.5	NA	23.8	27	26.1	1.8	NA	2020	1D33	1	D				NA	vegetative > vegetative > flowering	vegetative	vegetative	flowering	FALSE	Reduction	Reduction	2020-05-04T15:00:00Z	125	2020-05-02T18:00:00Z	123	Normal	125	normal	2020-05-04T18:00:00Z	125.66666666666667	-0.6666666666666714	164	227	210	36.06919700654431	17.856332290719216	53.92552929726352	NA	NA	NA	NA	NA	NA	NA	NA	4.728888888888889
ST	2020-07-27T00:00:00Z	1D	12	21	NA	24.6	23.1	20.7	1.7	NA	2020	1D12	1	D				NA	vegetative > vegetative > flowering	vegetative	vegetative	flowering	FALSE	Reduction	Reduction	2020-05-04T15:00:00Z	125	2020-05-02T18:00:00Z	123	Normal	125	normal	2020-05-04T18:00:00Z	125.66666666666667	-0.6666666666666714	164	227	210	36.06919700654431	17.856332290719216	53.92552929726352	NA	NA	NA	NA	NA	NA	NA	NA	4.728888888888889
ST	2020-07-27T00:00:00Z	1D	9	24.5	NA	20.3	26.2	25.1	1.7	NA	2020	1D9	1	D				NA	vegetative > vegetative > flowering	vegetative	vegetative	flowering	FALSE	Reduction	Reduction	2020-05-04T15:00:00Z	125	2020-05-02T18:00:00Z	123	Normal	125	normal	2020-05-04T18:00:00Z	125.66666666666667	-0.6666666666666714	164	227	210	36.06919700654431	17.856332290719216	53.92552929726352	NA	NA	NA	NA	NA	NA	NA	NA	4.728888888888889
ST	2020-07-27T00:00:00Z	2B	138	25	NA	23.4	25.2	21.6	1.8	NA	2020	2B138	2	B				NA	vegetative > vegetative > flowering	vegetative	vegetative	flowering	FALSE	Control	Mock rainout	2020-04-29T17:00:00Z	120	2020-04-28T19:00:00Z	119	Early	120	early	2020-04-29T18:00:00Z	125.66666666666667	-5.666666666666671	164	227	210	36.226256035394904	35.71266458143843	71.93892061683334	NA	NA	NA	NA	NA	NA	NA	NA	5.586666666666667
ST	2020-07-27T00:00:00Z	2B	189	26.2	NA	24.3	26.1	24.5	1.6	NA	2020	2B189	2	B				NA	vegetative > vegetative > flowering	vegetative	vegetative	flowering	FALSE	Control	Mock rainout	2020-04-29T17:00:00Z	120	2020-04-28T19:00:00Z	119	Early	120	early	2020-04-29T18:00:00Z	125.66666666666667	-5.666666666666671	164	227	210	36.226256035394904	35.71266458143843	71.93892061683334	NA	NA	NA	NA	NA	NA	NA	NA	5.586666666666667
ST	2020-07-27T00:00:00Z	2B	186	24.9	NA	25.4	27.2	24.8	1.4	NA	2020	2B186	2	B				NA	vegetative > vegetative > flowering	vegetative	vegetative	flowering	FALSE	Control	Mock rainout	2020-04-29T17:00:00Z	120	2020-04-28T19:00:00Z	119	Early	120	early	2020-04-29T18:00:00Z	125.66666666666667	-5.666666666666671	164	227	210	36.226256035394904	35.71266458143843	71.93892061683334	NA	NA	NA	NA	NA	NA	NA	NA	5.586666666666667
ST	2020-07-27T00:00:00Z	2B	188	22.3	NA	24.4	23.4	20.3	1.5	NA	2020	2B188	2	B				NA	vegetative > vegetative > flowering	vegetative	vegetative	flowering	FALSE	Control	Mock rainout	2020-04-29T17:00:00Z	120	2020-04-28T19:00:00Z	119	Early	120	early	2020-04-29T18:00:00Z	125.66666666666667	-5.666666666666671	164	227	210	36.226256035394904	35.71266458143843	71.93892061683334	NA	NA	NA	NA	NA	NA	NA	NA	5.586666666666667
ST	2020-07-27T00:00:00Z	2C	274	24.5	NA	21.9	24.9	23.4	1.4	NA	2020	2C274	2	C				NA	vegetative > vegetative > flowering	vegetative	vegetative	flowering	FALSE	Reduction	Reduction	2020-04-29T17:00:00Z	120	2020-04-28T19:00:00Z	119	Early	120	early	2020-04-29T18:00:00Z	125.66666666666667	-5.666666666666671	164	227	210	36.226256035394904	17.856332290719216	54.08258832611412	NA	NA	NA	NA	NA	NA	NA	NA	4.644444444444445
ST	2020-07-27T00:00:00Z	2C	262	27	NA	23.2	28.3	24.7	1.4	NA	2020	2C262	2	C				NA	vegetative > vegetative > flowering	vegetative	vegetative	flowering	FALSE	Reduction	Reduction	2020-04-29T17:00:00Z	120	2020-04-28T19:00:00Z	119	Early	120	early	2020-04-29T18:00:00Z	125.66666666666667	-5.666666666666671	164	227	210	36.226256035394904	17.856332290719216	54.08258832611412	NA	NA	NA	NA	NA	NA	NA	NA	4.644444444444445
ST	2020-07-27T00:00:00Z	2C	297_20	17	NA	22.8	18.3	14	1.8	NA	2020	2C297_20	2	C		census20 pheno20 floral20 volatiles20 seeds20		NA	vegetative > dead_nf > dead_nf	vegetative	dead_nf	dead_nf	TRUE	Reduction	Reduction	2020-04-29T17:00:00Z	120	2020-04-28T19:00:00Z	119	Early	120	early	2020-04-29T18:00:00Z	125.66666666666667	-5.666666666666671	164	227	210	36.226256035394904	17.856332290719216	54.08258832611412	NA	NA	NA	NA	NA	NA	NA	NA	4.644444444444445
ST	2020-07-27T00:00:00Z	3A	125	26.5	NA	25.9	25.9	24.2	1.3	NA	2020	3A125	3	A				NA	vegetative > vegetative > flowering	vegetative	vegetative	flowering	FALSE	Reduction	Reduction	2020-05-04T21:00:00Z	125	2020-05-04T15:00:00Z	125	Normal	126	normal	2020-05-05T18:00:00Z	125.66666666666667	-0.6666666666666714	164	227	210	36.06919700654431	17.856332290719216	53.92552929726352	NA	NA	NA	NA	NA	NA	NA	NA	4.573333333333333
ST	2020-07-27T00:00:00Z	3A	273	27.2	NA	30.8	28.7	25.3	1.3	NA	2020	3A273	3	A				NA	vegetative > vegetative > flowering	vegetative	vegetative	flowering	FALSE	Reduction	Reduction	2020-05-04T21:00:00Z	125	2020-05-04T15:00:00Z	125	Normal	126	normal	2020-05-05T18:00:00Z	125.66666666666667	-0.6666666666666714	164	227	210	36.06919700654431	17.856332290719216	53.92552929726352	NA	NA	NA	NA	NA	NA	NA	NA	4.573333333333333
ST	2020-07-27T00:00:00Z	3B	831	26	NA	26.6	26	25.2	1.9	NA	2020	3B831	3	B				NA	vegetative > vegetative > flowering	vegetative	vegetative	flowering	FALSE	Control	Mock rainout	2020-05-04T21:00:00Z	125	2020-05-04T15:00:00Z	125	Normal	126	normal	2020-05-05T18:00:00Z	125.66666666666667	-0.6666666666666714	164	227	210	36.06919700654431	35.71266458143843	71.78186158798275	NA	NA	NA	NA	NA	NA	NA	NA	5.1466666666666665
ST	2020-07-27T00:00:00Z	3B	838	26.7	NA	22.1	27	26.3	1.2	NA	2020	3B838	3	B				NA	vegetative > vegetative > flowering	vegetative	vegetative	flowering	FALSE	Control	Mock rainout	2020-05-04T21:00:00Z	125	2020-05-04T15:00:00Z	125	Normal	126	normal	2020-05-05T18:00:00Z	125.66666666666667	-0.6666666666666714	164	227	210	36.06919700654431	35.71266458143843	71.78186158798275	NA	NA	NA	NA	NA	NA	NA	NA	5.1466666666666665
ST	2020-07-27T00:00:00Z	3C	139	27.9	NA	26.6	27	24.6	1.6	NA	2020	3C139	3	C				NA	vegetative > vegetative > flowering	vegetative	vegetative	flowering	FALSE	Addition	Addition	2020-05-04T21:00:00Z	125	2020-05-04T15:00:00Z	125	Normal	126	normal	2020-05-05T18:00:00Z	125.66666666666667	-0.6666666666666714	164	227	210	36.06919700654431	116.21266458143843	152.28186158798275	NA	NA	NA	NA	NA	NA	NA	NA	6.5777777777777775
ST	2020-07-27T00:00:00Z	3C	154	27.3	NA	25.3	29	25.8	1.7	NA	2020	3C154	3	C				NA	vegetative > vegetative > flowering	vegetative	vegetative	flowering	FALSE	Addition	Addition	2020-05-04T21:00:00Z	125	2020-05-04T15:00:00Z	125	Normal	126	normal	2020-05-05T18:00:00Z	125.66666666666667	-0.6666666666666714	164	227	210	36.06919700654431	116.21266458143843	152.28186158798275	NA	NA	NA	NA	NA	NA	NA	NA	6.5777777777777775
ST	2020-07-27T00:00:00Z	3D	894	31.3	NA	29.3	31.7	29.7	1.4	NA	2020	3D894	3	D				NA	vegetative > vegetative > flowering	vegetative	vegetative	flowering	FALSE	Control	Control	2020-05-04T21:00:00Z	125	2020-05-04T15:00:00Z	125	Normal	126	normal	2020-05-05T18:00:00Z	125.66666666666667	-0.6666666666666714	164	227	210	36.06919700654431	35.71266458143843	71.78186158798275	NA	NA	NA	NA	NA	NA	NA	NA	5.737777777777778
ST	2020-07-27T00:00:00Z	3D	851	28.4	NA	27.7	28.9	26.5	1.8	NA	2020	3D851	3	D				NA	vegetative > vegetative > flowering	vegetative	vegetative	flowering	FALSE	Control	Control	2020-05-04T21:00:00Z	125	2020-05-04T15:00:00Z	125	Normal	126	normal	2020-05-05T18:00:00Z	125.66666666666667	-0.6666666666666714	164	227	210	36.06919700654431	35.71266458143843	71.78186158798275	NA	NA	NA	NA	NA	NA	NA	NA	5.737777777777778
ST	2020-07-27T00:00:00Z	4A	121	28.6	NA	27.3	27.9	26.5	1.7	NA	2020	4A121	4	A				NA	vegetative > vegetative > flowering	vegetative	vegetative	flowering	FALSE	Addition	Addition	2020-04-30T19:00:00Z	121	2020-04-28T18:00:00Z	119	Early	119	early	2020-04-28T18:00:00Z	125.66666666666667	-4.666666666666671	164	227	210	36.226256035394904	116.21266458143843	152.43892061683334	NA	NA	NA	NA	NA	NA	NA	NA	6.6466666666666665
ST	2020-07-27T00:00:00Z	4A	80	26.6	NA	25.7	27.7	24.9	1.6	NA	2020	4A80	4	A				NA	vegetative > vegetative > flowering	vegetative	vegetative	flowering	FALSE	Addition	Addition	2020-04-30T19:00:00Z	121	2020-04-28T18:00:00Z	119	Early	119	early	2020-04-28T18:00:00Z	125.66666666666667	-4.666666666666671	164	227	210	36.226256035394904	116.21266458143843	152.43892061683334	NA	NA	NA	NA	NA	NA	NA	NA	6.6466666666666665
ST	2020-07-27T00:00:00Z	4B	596	22	NA	25.4	24.9	21.7	1.8	NA	2020	4B596	4	B				NA	vegetative > vegetative > flowering	vegetative	vegetative	flowering	FALSE	Control	Mock rainout	2020-04-30T19:00:00Z	121	2020-04-28T18:00:00Z	119	Early	119	early	2020-04-28T18:00:00Z	125.66666666666667	-4.666666666666671	164	227	210	36.226256035394904	35.71266458143843	71.93892061683334	NA	NA	NA	NA	NA	NA	NA	NA	4.964444444444444
ST	2020-07-27T00:00:00Z	4C	196	23.5	NA	22.2	22.3	18.7	1.4	NA	2020	4C196	4	C				NA	vegetative > vegetative > flowering	vegetative	vegetative	flowering	FALSE	Control	Control	2020-04-30T19:00:00Z	121	2020-04-28T18:00:00Z	119	Early	119	early	2020-04-28T18:00:00Z	125.66666666666667	-4.666666666666671	164	227	210	36.226256035394904	35.71266458143843	71.93892061683334	NA	NA	NA	NA	NA	NA	NA	NA	5.066666666666666
ST	2020-07-27T00:00:00Z	4C	187	24.3	NA	25.5	23.7	22.8	1.5	NA	2020	4C187	4	C				NA	vegetative > vegetative > flowering	vegetative	vegetative	flowering	FALSE	Control	Control	2020-04-30T19:00:00Z	121	2020-04-28T18:00:00Z	119	Early	119	early	2020-04-28T18:00:00Z	125.66666666666667	-4.666666666666671	164	227	210	36.226256035394904	35.71266458143843	71.93892061683334	NA	NA	NA	NA	NA	NA	NA	NA	5.066666666666666
DC	2020-07-28T00:00:00Z	6A	136	26.5	3.2	23.1	26.3	23.5	1.7	NA	2020	6A136	6	A				NA	vegetative > vegetative > flowering	vegetative	vegetative	flowering	FALSE	Control	Control	2020-05-06T18:00:00Z	127	2020-05-05T19:00:00Z	126	Normal	127	normal	2020-05-06T18:00:00Z	125.66666666666667	1.3333333333333286	164	227	210	36.06919700654431	35.71266458143843	71.78186158798275	NA	NA	NA	NA	NA	NA	NA	NA	4.7155555555555555
DC	2020-07-28T00:00:00Z	6A	138	25.6	3.5	18	25.1	21.8	1.4	NA	2020	6A138	6	A				NA	vegetative > vegetative > flowering	vegetative	vegetative	flowering	FALSE	Control	Control	2020-05-06T18:00:00Z	127	2020-05-05T19:00:00Z	126	Normal	127	normal	2020-05-06T18:00:00Z	125.66666666666667	1.3333333333333286	164	227	210	36.06919700654431	35.71266458143843	71.78186158798275	NA	NA	NA	NA	NA	NA	NA	NA	4.7155555555555555
DC	2020-07-28T00:00:00Z	6A	145	27.9	3.5	28.6	27.2	25.7	1.3	NA	2020	6A145	6	A				NA	vegetative > vegetative > flowering	vegetative	vegetative	flowering	FALSE	Control	Control	2020-05-06T18:00:00Z	127	2020-05-05T19:00:00Z	126	Normal	127	normal	2020-05-06T18:00:00Z	125.66666666666667	1.3333333333333286	164	227	210	36.06919700654431	35.71266458143843	71.78186158798275	NA	NA	NA	NA	NA	NA	NA	NA	4.7155555555555555
DC	2020-07-28T00:00:00Z	6C	111	30.5	3.1	26.5	32.6	30.8	1	NA	2020	6C111	6	C				NA	vegetative > vegetative > flowering	vegetative	vegetative	flowering	FALSE	Control	Mock rainout	2020-05-06T18:00:00Z	127	2020-05-05T19:00:00Z	126	Normal	127	normal	2020-05-06T18:00:00Z	125.66666666666667	1.3333333333333286	164	227	210	36.06919700654431	35.71266458143843	71.78186158798275	NA	NA	NA	NA	NA	NA	NA	NA	5.2444444444444445
DC	2020-07-28T00:00:00Z	6C	93	29.7	3.5	25.6	29.1	26.7	1.6	NA	2020	6C93	6	C				NA	vegetative > vegetative > flowering	vegetative	vegetative	flowering	FALSE	Control	Mock rainout	2020-05-06T18:00:00Z	127	2020-05-05T19:00:00Z	126	Normal	127	normal	2020-05-06T18:00:00Z	125.66666666666667	1.3333333333333286	164	227	210	36.06919700654431	35.71266458143843	71.78186158798275	NA	NA	NA	NA	NA	NA	NA	NA	5.2444444444444445
DC	2020-07-28T00:00:00Z	6C	86	18.4	2.8	17.5	19.5	18.6	1.4	NA	2020	6C86	6	C				NA	vegetative > vegetative > flowering	vegetative	vegetative	flowering	FALSE	Control	Mock rainout	2020-05-06T18:00:00Z	127	2020-05-05T19:00:00Z	126	Normal	127	normal	2020-05-06T18:00:00Z	125.66666666666667	1.3333333333333286	164	227	210	36.06919700654431	35.71266458143843	71.78186158798275	NA	NA	NA	NA	NA	NA	NA	NA	5.2444444444444445
DC	2020-07-28T00:00:00Z	3A	125	27	3.3	28	29.1	27.2	1.6	NA	2020	3A125	3	A				NA	vegetative > vegetative > flowering	vegetative	vegetative	flowering	FALSE	Reduction	Reduction	2020-05-04T21:00:00Z	125	2020-05-04T15:00:00Z	125	Normal	126	normal	2020-05-05T18:00:00Z	125.66666666666667	-0.6666666666666714	164	227	210	36.06919700654431	17.856332290719216	53.92552929726352	NA	NA	NA	NA	NA	NA	NA	NA	4.573333333333333
DC	2020-07-28T00:00:00Z	3A	273	24.8	3.5	28.9	24.6	24.5	1.3	NA	2020	3A273	3	A				NA	vegetative > vegetative > flowering	vegetative	vegetative	flowering	FALSE	Reduction	Reduction	2020-05-04T21:00:00Z	125	2020-05-04T15:00:00Z	125	Normal	126	normal	2020-05-05T18:00:00Z	125.66666666666667	-0.6666666666666714	164	227	210	36.06919700654431	17.856332290719216	53.92552929726352	NA	NA	NA	NA	NA	NA	NA	NA	4.573333333333333
DC	2020-07-28T00:00:00Z	3A	278	23.6	2.5	22	23.1	22.8	1	NA	2020	3A278	3	A				NA	vegetative > vegetative > flowering	vegetative	vegetative	flowering	FALSE	Reduction	Reduction	2020-05-04T21:00:00Z	125	2020-05-04T15:00:00Z	125	Normal	126	normal	2020-05-05T18:00:00Z	125.66666666666667	-0.6666666666666714	164	227	210	36.06919700654431	17.856332290719216	53.92552929726352	NA	NA	NA	NA	NA	NA	NA	NA	4.573333333333333
DC	2020-07-28T00:00:00Z	3A	641	26.6	2.9	20.3	27.1	23.5	1.6	NA	2020	3A641	3	A				NA	vegetative > vegetative > flowering	vegetative	vegetative	flowering	FALSE	Reduction	Reduction	2020-05-04T21:00:00Z	125	2020-05-04T15:00:00Z	125	Normal	126	normal	2020-05-05T18:00:00Z	125.66666666666667	-0.6666666666666714	164	227	210	36.06919700654431	17.856332290719216	53.92552929726352	NA	NA	NA	NA	NA	NA	NA	NA	4.573333333333333
DC	2020-07-28T00:00:00Z	3B	831	30.1	3.3	21.5	29.1	28.5	1.5	NA	2020	3B831	3	B				NA	vegetative > vegetative > flowering	vegetative	vegetative	flowering	FALSE	Control	Mock rainout	2020-05-04T21:00:00Z	125	2020-05-04T15:00:00Z	125	Normal	126	normal	2020-05-05T18:00:00Z	125.66666666666667	-0.6666666666666714	164	227	210	36.06919700654431	35.71266458143843	71.78186158798275	NA	NA	NA	NA	NA	NA	NA	NA	5.1466666666666665
DC	2020-07-28T00:00:00Z	3B	838	25.7	3.9	23.1	25.9	23.18	1.3	NA	2020	3B838	3	B				NA	vegetative > vegetative > flowering	vegetative	vegetative	flowering	FALSE	Control	Mock rainout	2020-05-04T21:00:00Z	125	2020-05-04T15:00:00Z	125	Normal	126	normal	2020-05-05T18:00:00Z	125.66666666666667	-0.6666666666666714	164	227	210	36.06919700654431	35.71266458143843	71.78186158798275	NA	NA	NA	NA	NA	NA	NA	NA	5.1466666666666665
DC	2020-07-28T00:00:00Z	3B	618	27.3	3	23.1	25.9	23.18	1.3	NA	2020	3B618	3	B				NA	vegetative > vegetative > flowering	vegetative	vegetative	flowering	FALSE	Control	Mock rainout	2020-05-04T21:00:00Z	125	2020-05-04T15:00:00Z	125	Normal	126	normal	2020-05-05T18:00:00Z	125.66666666666667	-0.6666666666666714	164	227	210	36.06919700654431	35.71266458143843	71.78186158798275	NA	NA	NA	NA	NA	NA	NA	NA	5.1466666666666665
DC	2020-07-28T00:00:00Z	3C	133	29.8	3.5	24.5	26.2	25.6	1.7	NA	2020	3C133	3	C				NA	vegetative > vegetative > flowering	vegetative	vegetative	flowering	FALSE	Addition	Addition	2020-05-04T21:00:00Z	125	2020-05-04T15:00:00Z	125	Normal	126	normal	2020-05-05T18:00:00Z	125.66666666666667	-0.6666666666666714	164	227	210	36.06919700654431	116.21266458143843	152.28186158798275	NA	NA	NA	NA	NA	NA	NA	NA	6.5777777777777775
DC	2020-07-28T00:00:00Z	3C	143	30.2	3.5	25.4	29.8	27.2	1.6	NA	2020	3C143	3	C				NA	vegetative > flowering > flowering	vegetative	flowering	flowering	FALSE	Addition	Addition	2020-05-04T21:00:00Z	125	2020-05-04T15:00:00Z	125	Normal	126	normal	2020-05-05T18:00:00Z	125.66666666666667	-0.6666666666666714	164	227	210	36.06919700654431	116.21266458143843	152.28186158798275	NA	NA	NA	NA	NA	NA	NA	NA	6.5777777777777775
DC	2020-07-28T00:00:00Z	3C	153	29.5	4.1	27.6	31.9	29.6	1.7	NA	2020	3C153	3	C				NA	vegetative > vegetative > flowering	vegetative	vegetative	flowering	FALSE	Addition	Addition	2020-05-04T21:00:00Z	125	2020-05-04T15:00:00Z	125	Normal	126	normal	2020-05-05T18:00:00Z	125.66666666666667	-0.6666666666666714	164	227	210	36.06919700654431	116.21266458143843	152.28186158798275	NA	NA	NA	NA	NA	NA	NA	NA	6.5777777777777775
DC	2020-07-28T00:00:00Z	3C	154	27.6	4.3	26	28.5	26.5	1.5	NA	2020	3C154	3	C				NA	vegetative > vegetative > flowering	vegetative	vegetative	flowering	FALSE	Addition	Addition	2020-05-04T21:00:00Z	125	2020-05-04T15:00:00Z	125	Normal	126	normal	2020-05-05T18:00:00Z	125.66666666666667	-0.6666666666666714	164	227	210	36.06919700654431	116.21266458143843	152.28186158798275	NA	NA	NA	NA	NA	NA	NA	NA	6.5777777777777775
DC	2020-07-28T00:00:00Z	3C	177	29.5	3.8	25.9	30.3	28.2	2	NA	2020	3C177	3	C				NA	vegetative > vegetative > flowering	vegetative	vegetative	flowering	FALSE	Addition	Addition	2020-05-04T21:00:00Z	125	2020-05-04T15:00:00Z	125	Normal	126	normal	2020-05-05T18:00:00Z	125.66666666666667	-0.6666666666666714	164	227	210	36.06919700654431	116.21266458143843	152.28186158798275	NA	NA	NA	NA	NA	NA	NA	NA	6.5777777777777775
DC	2020-07-28T00:00:00Z	3C	174	30	4.3	28.9	30.5	28.3	2	NA	2020	3C174	3	C				NA	vegetative > vegetative > flowering	vegetative	vegetative	flowering	FALSE	Addition	Addition	2020-05-04T21:00:00Z	125	2020-05-04T15:00:00Z	125	Normal	126	normal	2020-05-05T18:00:00Z	125.66666666666667	-0.6666666666666714	164	227	210	36.06919700654431	116.21266458143843	152.28186158798275	NA	NA	NA	NA	NA	NA	NA	NA	6.5777777777777775
DC	2020-07-28T00:00:00Z	3C	169	28.6	3.8	25.6	28.3	27.1	1.8	NA	2020	3C169	3	C		pheno19		NA	vegetative > vegetative > flowering	vegetative	vegetative	flowering	FALSE	Addition	Addition	2020-05-04T21:00:00Z	125	2020-05-04T15:00:00Z	125	Normal	126	normal	2020-05-05T18:00:00Z	125.66666666666667	-0.6666666666666714	164	227	210	36.06919700654431	116.21266458143843	152.28186158798275	NA	NA	NA	NA	NA	NA	NA	NA	6.5777777777777775
DC	2020-07-28T00:00:00Z	3C	173	24.4	3.5	NA	21.8	20.1	1.5	NA	2020	3C173	3	C		pheno19		NA	vegetative > vegetative > flowering	vegetative	vegetative	flowering	FALSE	Addition	Addition	2020-05-04T21:00:00Z	125	2020-05-04T15:00:00Z	125	Normal	126	normal	2020-05-05T18:00:00Z	125.66666666666667	-0.6666666666666714	164	227	210	36.06919700654431	116.21266458143843	152.28186158798275	NA	NA	NA	NA	NA	NA	NA	NA	6.5777777777777775
DC	2020-07-28T00:00:00Z	3C	166	28.1	3.6	25.8	28.6	25.7	2.1	NA	2020	3C166	3	C				NA	vegetative > vegetative > flowering	vegetative	vegetative	flowering	FALSE	Addition	Addition	2020-05-04T21:00:00Z	125	2020-05-04T15:00:00Z	125	Normal	126	normal	2020-05-05T18:00:00Z	125.66666666666667	-0.6666666666666714	164	227	210	36.06919700654431	116.21266458143843	152.28186158798275	NA	NA	NA	NA	NA	NA	NA	NA	6.5777777777777775
DC	2020-07-28T00:00:00Z	3D	893	28.1	3.2	25.1	29.8	28.1	1.7	NA	2020	3D893	3	D				NA	vegetative > vegetative > flowering	vegetative	vegetative	flowering	FALSE	Control	Control	2020-05-04T21:00:00Z	125	2020-05-04T15:00:00Z	125	Normal	126	normal	2020-05-05T18:00:00Z	125.66666666666667	-0.6666666666666714	164	227	210	36.06919700654431	35.71266458143843	71.78186158798275	NA	NA	NA	NA	NA	NA	NA	NA	5.737777777777778
DC	2020-07-28T00:00:00Z	3D	886	28.1	3.6	NA	28.7	26.6	1.7	NA	2020	3D886	3	D				NA	vegetative > vegetative > flowering	vegetative	vegetative	flowering	FALSE	Control	Control	2020-05-04T21:00:00Z	125	2020-05-04T15:00:00Z	125	Normal	126	normal	2020-05-05T18:00:00Z	125.66666666666667	-0.6666666666666714	164	227	210	36.06919700654431	35.71266458143843	71.78186158798275	NA	NA	NA	NA	NA	NA	NA	NA	5.737777777777778
DC	2020-07-28T00:00:00Z	3D	895	28.9	3.5	28.6	28.9	27.2	1.4	NA	2020	3D895	3	D				NA	vegetative > vegetative > flowering	vegetative	vegetative	flowering	FALSE	Control	Control	2020-05-04T21:00:00Z	125	2020-05-04T15:00:00Z	125	Normal	126	normal	2020-05-05T18:00:00Z	125.66666666666667	-0.6666666666666714	164	227	210	36.06919700654431	35.71266458143843	71.78186158798275	NA	NA	NA	NA	NA	NA	NA	NA	5.737777777777778
DC	2020-07-28T00:00:00Z	3D	881	30.1	3.8	29.6	29.9	28.1	1.4	NA	2020	3D881	3	D				NA	vegetative > vegetative > flowering	vegetative	vegetative	flowering	FALSE	Control	Control	2020-05-04T21:00:00Z	125	2020-05-04T15:00:00Z	125	Normal	126	normal	2020-05-05T18:00:00Z	125.66666666666667	-0.6666666666666714	164	227	210	36.06919700654431	35.71266458143843	71.78186158798275	NA	NA	NA	NA	NA	NA	NA	NA	5.737777777777778
DC	2020-07-28T00:00:00Z	3D	876	29.1	3.4	23.5	28.4	25.6	1.5	NA	2020	3D876	3	D				NA	vegetative > vegetative > flowering	vegetative	vegetative	flowering	FALSE	Control	Control	2020-05-04T21:00:00Z	125	2020-05-04T15:00:00Z	125	Normal	126	normal	2020-05-05T18:00:00Z	125.66666666666667	-0.6666666666666714	164	227	210	36.06919700654431	35.71266458143843	71.78186158798275	NA	NA	NA	NA	NA	NA	NA	NA	5.737777777777778
DC	2020-07-28T00:00:00Z	3D	875	31	3.4	26.3	31.9	29.5	1.3	NA	2020	3D875	3	D				NA	vegetative > vegetative > flowering	vegetative	vegetative	flowering	FALSE	Control	Control	2020-05-04T21:00:00Z	125	2020-05-04T15:00:00Z	125	Normal	126	normal	2020-05-05T18:00:00Z	125.66666666666667	-0.6666666666666714	164	227	210	36.06919700654431	35.71266458143843	71.78186158798275	NA	NA	NA	NA	NA	NA	NA	NA	5.737777777777778
DC	2020-07-28T00:00:00Z	3B	621	17.4	2.4	NA	NA	NA	1.7	NA	2020	3B621	3	B				NA	vegetative > vegetative > flowering	vegetative	vegetative	flowering	FALSE	Control	Mock rainout	2020-05-04T21:00:00Z	125	2020-05-04T15:00:00Z	125	Normal	126	normal	2020-05-05T18:00:00Z	125.66666666666667	-0.6666666666666714	164	227	210	36.06919700654431	35.71266458143843	71.78186158798275	NA	NA	NA	NA	NA	NA	NA	NA	5.1466666666666665
XL	2020-07-27T00:00:00Z	6A	136	24.4	NA	21.2	21	18.5	1.4	NA	2020	6A136	6	A				NA	vegetative > vegetative > flowering	vegetative	vegetative	flowering	FALSE	Control	Control	2020-05-06T18:00:00Z	127	2020-05-05T19:00:00Z	126	Normal	127	normal	2020-05-06T18:00:00Z	125.66666666666667	1.3333333333333286	164	227	210	36.06919700654431	35.71266458143843	71.78186158798275	NA	NA	NA	NA	NA	NA	NA	NA	4.7155555555555555
XL	2020-07-27T00:00:00Z	6A	145	25.4	NA	23.6	25.1	22.4	1.2	NA	2020	6A145	6	A				NA	vegetative > vegetative > flowering	vegetative	vegetative	flowering	FALSE	Control	Control	2020-05-06T18:00:00Z	127	2020-05-05T19:00:00Z	126	Normal	127	normal	2020-05-06T18:00:00Z	125.66666666666667	1.3333333333333286	164	227	210	36.06919700654431	35.71266458143843	71.78186158798275	NA	NA	NA	NA	NA	NA	NA	NA	4.7155555555555555
XL	2020-07-27T00:00:00Z	6B	8	25.8	NA	25.8	27.5	25.3	1.3	Plant number had question mark: 8?	2020	6B8	6	B		pheno19		NA	vegetative > vegetative > flowering	vegetative	vegetative	flowering	FALSE	Reduction	Reduction	2020-05-06T18:00:00Z	127	2020-05-05T19:00:00Z	126	Normal	127	normal	2020-05-06T18:00:00Z	125.66666666666667	1.3333333333333286	164	227	210	36.06919700654431	17.856332290719216	53.92552929726352	NA	NA	NA	NA	NA	NA	NA	NA	4.0488888888888885
XL	2020-07-27T00:00:00Z	6C	121	27.1	NA	23.7	28.4	24.6	1.6	NA	2020	6C121	6	C				NA	vegetative > vegetative > flowering	vegetative	vegetative	flowering	FALSE	Control	Mock rainout	2020-05-06T18:00:00Z	127	2020-05-05T19:00:00Z	126	Normal	127	normal	2020-05-06T18:00:00Z	125.66666666666667	1.3333333333333286	164	227	210	36.06919700654431	35.71266458143843	71.78186158798275	NA	NA	NA	NA	NA	NA	NA	NA	5.2444444444444445
XL	2020-07-27T00:00:00Z	6C	111	27	NA	25.4	28	26.2	1.8	NA	2020	6C111	6	C				NA	vegetative > vegetative > flowering	vegetative	vegetative	flowering	FALSE	Control	Mock rainout	2020-05-06T18:00:00Z	127	2020-05-05T19:00:00Z	126	Normal	127	normal	2020-05-06T18:00:00Z	125.66666666666667	1.3333333333333286	164	227	210	36.06919700654431	35.71266458143843	71.78186158798275	NA	NA	NA	NA	NA	NA	NA	NA	5.2444444444444445
XL	2020-07-27T00:00:00Z	6D	56	24.5	NA	23.2	24.6	24.3	1.9	NA	2020	6D56	6	D				NA	vegetative > vegetative > flowering	vegetative	vegetative	flowering	FALSE	Addition	Addition	2020-05-06T18:00:00Z	127	2020-05-05T19:00:00Z	126	Normal	127	normal	2020-05-06T18:00:00Z	125.66666666666667	1.3333333333333286	164	227	210	36.06919700654431	116.21266458143843	152.28186158798275	NA	NA	NA	NA	NA	NA	NA	NA	7.590888888888889
XL	2020-07-27T00:00:00Z	6D	43_20	24.1	NA	22.2	24	23.2	1.7	NA	2020	6D43_20	6	D		floral20		NA	flowering > dead_nf > dead_nf	flowering	dead_nf	dead_nf	TRUE	Addition	Addition	2020-05-06T18:00:00Z	127	2020-05-05T19:00:00Z	126	Normal	127	normal	2020-05-06T18:00:00Z	125.66666666666667	1.3333333333333286	164	227	210	36.06919700654431	116.21266458143843	152.28186158798275	NA	NA	NA	NA	NA	NA	NA	NA	7.590888888888889
XL	2020-07-27T00:00:00Z	5A	180	29.4	NA	27.1	29.3	27.5	1.4	NA	2020	5A180	5	A				NA	flowering > vegetative > flowering	flowering	vegetative	flowering	FALSE	Addition	Addition	2020-04-28T20:00:00Z	119	2020-04-28T17:00:00Z	119	Early	119	early	2020-04-28T18:00:00Z	125.66666666666667	-6.666666666666671	164	227	210	36.226256035394904	116.21266458143843	152.43892061683334	NA	NA	NA	NA	NA	NA	NA	NA	6.266666666666667
XL	2020-07-27T00:00:00Z	5A	191	25.2	NA	25.9	24.4	22.9	1.5	NA	2020	5A191	5	A				NA	vegetative > vegetative > flowering	vegetative	vegetative	flowering	FALSE	Addition	Addition	2020-04-28T20:00:00Z	119	2020-04-28T17:00:00Z	119	Early	119	early	2020-04-28T18:00:00Z	125.66666666666667	-6.666666666666671	164	227	210	36.226256035394904	116.21266458143843	152.43892061683334	NA	NA	NA	NA	NA	NA	NA	NA	6.266666666666667
XL	2020-07-27T00:00:00Z	5B	20	24	NA	23.2	26.2	24.5	1.3	NA	2020	5B20	5	B		pheno18 pheno19		NA	vegetative > vegetative > flowering	vegetative	vegetative	flowering	FALSE	Control	Mock rainout	2020-04-28T20:00:00Z	119	2020-04-28T17:00:00Z	119	Early	119	early	2020-04-28T18:00:00Z	125.66666666666667	-6.666666666666671	164	227	210	36.226256035394904	35.71266458143843	71.93892061683334	NA	NA	NA	NA	NA	NA	NA	NA	4.8133333333333335
XL	2020-07-27T00:00:00Z	5B	289	28.4	NA	25.2	28.8	26.5	1.8	NA	2020	5B289	5	B				NA	vegetative > vegetative > flowering	vegetative	vegetative	flowering	FALSE	Control	Mock rainout	2020-04-28T20:00:00Z	119	2020-04-28T17:00:00Z	119	Early	119	early	2020-04-28T18:00:00Z	125.66666666666667	-6.666666666666671	164	227	210	36.226256035394904	35.71266458143843	71.93892061683334	NA	NA	NA	NA	NA	NA	NA	NA	4.8133333333333335
XL	2020-07-27T00:00:00Z	5C	225	26.3	NA	23.5	25.6	24.7	1.3	NA	2020	5C225	5	C				NA	vegetative > vegetative > flowering	vegetative	vegetative	flowering	FALSE	Reduction	Reduction	2020-04-28T20:00:00Z	119	2020-04-28T17:00:00Z	119	Early	119	early	2020-04-28T18:00:00Z	125.66666666666667	-6.666666666666671	164	227	210	36.226256035394904	17.856332290719216	54.08258832611412	NA	NA	NA	NA	NA	NA	NA	NA	4.688888888888889
XL	2020-07-27T00:00:00Z	5C	207	22.4	NA	22.2	22.5	21	1.3	NA	2020	5C207	5	C				NA	vegetative > vegetative > flowering	vegetative	vegetative	flowering	FALSE	Reduction	Reduction	2020-04-28T20:00:00Z	119	2020-04-28T17:00:00Z	119	Early	119	early	2020-04-28T18:00:00Z	125.66666666666667	-6.666666666666671	164	227	210	36.226256035394904	17.856332290719216	54.08258832611412	NA	NA	NA	NA	NA	NA	NA	NA	4.688888888888889
XL	2020-07-27T00:00:00Z	5D	252	29.2	NA	28.9	29.4	27.3	1.5	NA	2020	5D252	5	D				NA	vegetative > vegetative > flowering	vegetative	vegetative	flowering	FALSE	Control	Control	2020-04-28T20:00:00Z	119	2020-04-28T17:00:00Z	119	Early	119	early	2020-04-28T18:00:00Z	125.66666666666667	-6.666666666666671	164	227	210	36.226256035394904	35.71266458143843	71.93892061683334	NA	NA	NA	NA	NA	NA	NA	NA	4.428888888888889
XL	2020-07-27T00:00:00Z	5D	278	27.9	NA	27	28.3	27	1.3	NA	2020	5D278	5	D				NA	vegetative > vegetative > flowering	vegetative	vegetative	flowering	FALSE	Control	Control	2020-04-28T20:00:00Z	119	2020-04-28T17:00:00Z	119	Early	119	early	2020-04-28T18:00:00Z	125.66666666666667	-6.666666666666671	164	227	210	36.226256035394904	35.71266458143843	71.93892061683334	NA	NA	NA	NA	NA	NA	NA	NA	4.428888888888889
XL	2020-07-27T00:00:00Z	3A	278	26.7	NA	29.3	29.2	24.8	1.5	NA	2020	3A278	3	A				NA	vegetative > vegetative > flowering	vegetative	vegetative	flowering	FALSE	Reduction	Reduction	2020-05-04T21:00:00Z	125	2020-05-04T15:00:00Z	125	Normal	126	normal	2020-05-05T18:00:00Z	125.66666666666667	-0.6666666666666714	164	227	210	36.06919700654431	17.856332290719216	53.92552929726352	NA	NA	NA	NA	NA	NA	NA	NA	4.573333333333333
XL	2020-07-27T00:00:00Z	3A	638	28.6	NA	27.8	28.4	26.9	1.3	NA	2020	3A638	3	A				NA	vegetative > vegetative > flowering	vegetative	vegetative	flowering	FALSE	Reduction	Reduction	2020-05-04T21:00:00Z	125	2020-05-04T15:00:00Z	125	Normal	126	normal	2020-05-05T18:00:00Z	125.66666666666667	-0.6666666666666714	164	227	210	36.06919700654431	17.856332290719216	53.92552929726352	NA	NA	NA	NA	NA	NA	NA	NA	4.573333333333333
XL	2020-07-27T00:00:00Z	3B	831	28.5	NA	25.4	26.3	24.4	1.5	NA	2020	3B831	3	B				NA	vegetative > vegetative > flowering	vegetative	vegetative	flowering	FALSE	Control	Mock rainout	2020-05-04T21:00:00Z	125	2020-05-04T15:00:00Z	125	Normal	126	normal	2020-05-05T18:00:00Z	125.66666666666667	-0.6666666666666714	164	227	210	36.06919700654431	35.71266458143843	71.78186158798275	NA	NA	NA	NA	NA	NA	NA	NA	5.1466666666666665
XL	2020-07-27T00:00:00Z	3B	202	24.6	NA	24.1	26.1	26	1.4	NA	2020	3B202	3	B				NA	NA	NA	NA	NA	FALSE	Control	Mock rainout	2020-05-04T21:00:00Z	125	2020-05-04T15:00:00Z	125	Normal	126	normal	2020-05-05T18:00:00Z	125.66666666666667	-0.6666666666666714	164	227	210	36.06919700654431	35.71266458143843	71.78186158798275	NA	NA	NA	NA	NA	NA	NA	NA	5.1466666666666665
XL	2020-07-27T00:00:00Z	3C	133	30.4	NA	25.7	27.1	26.5	1.3	NA	2020	3C133	3	C				NA	vegetative > vegetative > flowering	vegetative	vegetative	flowering	FALSE	Addition	Addition	2020-05-04T21:00:00Z	125	2020-05-04T15:00:00Z	125	Normal	126	normal	2020-05-05T18:00:00Z	125.66666666666667	-0.6666666666666714	164	227	210	36.06919700654431	116.21266458143843	152.28186158798275	NA	NA	NA	NA	NA	NA	NA	NA	6.5777777777777775
XL	2020-07-27T00:00:00Z	3C	169	25.8	NA	23.4	25.3	23.8	1.4	NA	2020	3C169	3	C		pheno19		NA	vegetative > vegetative > flowering	vegetative	vegetative	flowering	FALSE	Addition	Addition	2020-05-04T21:00:00Z	125	2020-05-04T15:00:00Z	125	Normal	126	normal	2020-05-05T18:00:00Z	125.66666666666667	-0.6666666666666714	164	227	210	36.06919700654431	116.21266458143843	152.28186158798275	NA	NA	NA	NA	NA	NA	NA	NA	6.5777777777777775
XL	2020-07-27T00:00:00Z	3D	894	30.7	NA	30.7	31.2	30.5	1.4	NA	2020	3D894	3	D				NA	vegetative > vegetative > flowering	vegetative	vegetative	flowering	FALSE	Control	Control	2020-05-04T21:00:00Z	125	2020-05-04T15:00:00Z	125	Normal	126	normal	2020-05-05T18:00:00Z	125.66666666666667	-0.6666666666666714	164	227	210	36.06919700654431	35.71266458143843	71.78186158798275	NA	NA	NA	NA	NA	NA	NA	NA	5.737777777777778
XL	2020-07-27T00:00:00Z	3D	854	29.8	NA	32.3	29.6	27.4	1	NA	2020	3D854	3	D				NA	vegetative > vegetative > flowering	vegetative	vegetative	flowering	FALSE	Control	Control	2020-05-04T21:00:00Z	125	2020-05-04T15:00:00Z	125	Normal	126	normal	2020-05-05T18:00:00Z	125.66666666666667	-0.6666666666666714	164	227	210	36.06919700654431	35.71266458143843	71.78186158798275	NA	NA	NA	NA	NA	NA	NA	NA	5.737777777777778
XL	2020-07-27T00:00:00Z	4A	110	23.6	NA	26.5	23.4	22	1.9	NA	2020	4A110	4	A				NA	vegetative > vegetative > flowering	vegetative	vegetative	flowering	FALSE	Addition	Addition	2020-04-30T19:00:00Z	121	2020-04-28T18:00:00Z	119	Early	119	early	2020-04-28T18:00:00Z	125.66666666666667	-4.666666666666671	164	227	210	36.226256035394904	116.21266458143843	152.43892061683334	NA	NA	NA	NA	NA	NA	NA	NA	6.6466666666666665
XL	2020-07-27T00:00:00Z	4A	80	27	NA	25.4	27.3	26.9	1.4	NA	2020	4A80	4	A				NA	vegetative > vegetative > flowering	vegetative	vegetative	flowering	FALSE	Addition	Addition	2020-04-30T19:00:00Z	121	2020-04-28T18:00:00Z	119	Early	119	early	2020-04-28T18:00:00Z	125.66666666666667	-4.666666666666671	164	227	210	36.226256035394904	116.21266458143843	152.43892061683334	NA	NA	NA	NA	NA	NA	NA	NA	6.6466666666666665
XL	2020-07-27T00:00:00Z	4B	596	24.5	NA	23.8	25.2	24.1	1.3	NA	2020	4B596	4	B				NA	vegetative > vegetative > flowering	vegetative	vegetative	flowering	FALSE	Control	Mock rainout	2020-04-30T19:00:00Z	121	2020-04-28T18:00:00Z	119	Early	119	early	2020-04-28T18:00:00Z	125.66666666666667	-4.666666666666671	164	227	210	36.226256035394904	35.71266458143843	71.93892061683334	NA	NA	NA	NA	NA	NA	NA	NA	4.964444444444444
XL	2020-07-27T00:00:00Z	4B	594	15.3	NA	26.2	13.8	12.1	1.4	NA	2020	4B594	4	B				NA	vegetative > vegetative > flowering	vegetative	vegetative	flowering	FALSE	Control	Mock rainout	2020-04-30T19:00:00Z	121	2020-04-28T18:00:00Z	119	Early	119	early	2020-04-28T18:00:00Z	125.66666666666667	-4.666666666666671	164	227	210	36.226256035394904	35.71266458143843	71.93892061683334	NA	NA	NA	NA	NA	NA	NA	NA	4.964444444444444
XL	2020-07-27T00:00:00Z	4C	196	29.9	NA	23.7	29.8	27.1	1.5	NA	2020	4C196	4	C				NA	vegetative > vegetative > flowering	vegetative	vegetative	flowering	FALSE	Control	Control	2020-04-30T19:00:00Z	121	2020-04-28T18:00:00Z	119	Early	119	early	2020-04-28T18:00:00Z	125.66666666666667	-4.666666666666671	164	227	210	36.226256035394904	35.71266458143843	71.93892061683334	NA	NA	NA	NA	NA	NA	NA	NA	5.066666666666666
XL	2020-07-27T00:00:00Z	4C	187	23.4	NA	24.4	22.7	22.4	1.7	NA	2020	4C187	4	C				NA	vegetative > vegetative > flowering	vegetative	vegetative	flowering	FALSE	Control	Control	2020-04-30T19:00:00Z	121	2020-04-28T18:00:00Z	119	Early	119	early	2020-04-28T18:00:00Z	125.66666666666667	-4.666666666666671	164	227	210	36.226256035394904	35.71266458143843	71.93892061683334	NA	NA	NA	NA	NA	NA	NA	NA	5.066666666666666
XL	2020-07-27T00:00:00Z	4D	52	22.7	NA	24.2	24.7	21.5	1.3	NA	2020	4D52	4	D				NA	vegetative > vegetative > flowering	vegetative	vegetative	flowering	FALSE	Reduction	Reduction	2020-04-30T19:00:00Z	121	2020-04-28T18:00:00Z	119	Early	119	early	2020-04-28T18:00:00Z	125.66666666666667	-4.666666666666671	164	227	210	36.226256035394904	17.856332290719216	54.08258832611412	NA	NA	NA	NA	NA	NA	NA	NA	4.1466666666666665
XL	2020-07-27T00:00:00Z	4D	37	21.4	NA	22.3	22.3	20.9	1.6	NA	2020	4D37	4	D				NA	vegetative > vegetative > flowering	vegetative	vegetative	flowering	FALSE	Reduction	Reduction	2020-04-30T19:00:00Z	121	2020-04-28T18:00:00Z	119	Early	119	early	2020-04-28T18:00:00Z	125.66666666666667	-4.666666666666671	164	227	210	36.226256035394904	17.856332290719216	54.08258832611412	NA	NA	NA	NA	NA	NA	NA	NA	4.1466666666666665
XL	2020-07-27T00:00:00Z	2D	187	29.5	NA	28.3	27.3	26.6	1.7	NA	2020	2D187	2	D				NA	vegetative > vegetative > flowering	vegetative	vegetative	flowering	FALSE	Addition	Addition	2020-04-29T17:00:00Z	120	2020-04-28T19:00:00Z	119	Early	120	early	2020-04-29T18:00:00Z	125.66666666666667	-5.666666666666671	164	227	210	36.226256035394904	116.21266458143843	152.43892061683334	NA	NA	NA	NA	NA	NA	NA	NA	7.424444444444444
XL	2020-07-27T00:00:00Z	2D	193	27.1	NA	28.7	28.7	25.5	1.6	NA	2020	2D193	2	D				NA	vegetative > vegetative > flowering	vegetative	vegetative	flowering	FALSE	Addition	Addition	2020-04-29T17:00:00Z	120	2020-04-28T19:00:00Z	119	Early	120	early	2020-04-29T18:00:00Z	125.66666666666667	-5.666666666666671	164	227	210	36.226256035394904	116.21266458143843	152.43892061683334	NA	NA	NA	NA	NA	NA	NA	NA	7.424444444444444
XL	2020-07-27T00:00:00Z	2D	204	30.8	NA	29.3	30.8	28.5	2	NA	2020	2D204	2	D				NA	vegetative > vegetative > flowering	vegetative	vegetative	flowering	FALSE	Addition	Addition	2020-04-29T17:00:00Z	120	2020-04-28T19:00:00Z	119	Early	120	early	2020-04-29T18:00:00Z	125.66666666666667	-5.666666666666671	164	227	210	36.226256035394904	116.21266458143843	152.43892061683334	NA	NA	NA	NA	NA	NA	NA	NA	7.424444444444444
NA	2018-07-03T00:00:00Z	1A	232	NA	NA	NA	NA	NA	NA	NA	2018	1A232	1	A				NA	flowering > dead_nf > dead_nf	flowering	dead_nf	dead_nf	FALSE	Addition	Addition	2018-04-29T21:00:00Z	119	2018-04-29T17:00:00Z	119	Normal	119	normal	2018-04-29T18:00:00Z	119	0	157	222	212	7.3525465864861	128.45676240123066	135.80930898771678	NA	26	NA	NA	NA	1	1.171875	33.7535713125	7.1675
NA	2018-07-17T00:00:00Z	1A	234	NA	NA	NA	NA	NA	NA	NA	2018	1A234	1	A				NA	flowering > dead_nf > dead_nf	flowering	dead_nf	dead_nf	FALSE	Addition	Addition	2018-04-29T21:00:00Z	119	2018-04-29T17:00:00Z	119	Normal	119	normal	2018-04-29T18:00:00Z	119	0	157	222	212	7.3525465864861	128.45676240123066	135.80930898771678	NA	21	NA	NA	NA	1	3.90625	89.014760625	7.1675
NA	2018-07-13T00:00:00Z	1A	235_18	NA	NA	NA	NA	NA	NA	NA	2018	1A235_18	1	A		floral18		NA	vegetative > vegetative > flowering	vegetative	vegetative	flowering	TRUE	Addition	Addition	2018-04-29T21:00:00Z	119	2018-04-29T17:00:00Z	119	Normal	119	normal	2018-04-29T18:00:00Z	119	0	157	222	212	7.3525465864861	128.45676240123066	135.80930898771678	NA	27	NA	NA	NA	1	4.84375	145.4883967125	7.1675
NA	2018-07-03T00:00:00Z	1A	238	NA	NA	NA	NA	NA	NA	NA	2018	1A238	1	A				NA	flowering > dead_nf > dead_nf	flowering	dead_nf	dead_nf	FALSE	Addition	Addition	2018-04-29T21:00:00Z	119	2018-04-29T17:00:00Z	119	Normal	119	normal	2018-04-29T18:00:00Z	119	0	157	222	212	7.3525465864861	128.45676240123066	135.80930898771678	NA	NA	NA	NA	NA	4	0	NA	7.1675
NA	2018-07-13T00:00:00Z	1A	238	NA	NA	NA	NA	NA	NA	NA	2018	1A238	1	A				NA	flowering > dead_nf > dead_nf	flowering	dead_nf	dead_nf	FALSE	Addition	Addition	2018-04-29T21:00:00Z	119	2018-04-29T17:00:00Z	119	Normal	119	normal	2018-04-29T18:00:00Z	119	0	157	222	212	7.3525465864861	128.45676240123066	135.80930898771678	NA	33	NA	NA	NA	4	0.15625	5.88386535	7.1675
NA	2018-07-07T00:00:00Z	1A	238	NA	NA	NA	NA	NA	NA	NA	2018	1A238	1	A				NA	flowering > dead_nf > dead_nf	flowering	dead_nf	dead_nf	FALSE	Addition	Addition	2018-04-29T21:00:00Z	119	2018-04-29T17:00:00Z	119	Normal	119	normal	2018-04-29T18:00:00Z	119	0	157	222	212	7.3525465864861	128.45676240123066	135.80930898771678	NA	NA	NA	NA	NA	4	0.5078125	NA	7.1675
NA	2018-07-30T00:00:00Z	1A	238	NA	NA	NA	NA	NA	NA	NA	2018	1A238	1	A				NA	flowering > dead_nf > dead_nf	flowering	dead_nf	dead_nf	FALSE	Addition	Addition	2018-04-29T21:00:00Z	119	2018-04-29T17:00:00Z	119	Normal	119	normal	2018-04-29T18:00:00Z	119	0	157	222	212	7.3525465864861	128.45676240123066	135.80930898771678	NA	NA	NA	NA	NA	4	0.5078125	NA	7.1675
NA	2018-07-17T00:00:00Z	1A	253	NA	NA	NA	NA	NA	NA	NA	2018	1A253	1	A				NA	flowering > dead_nf > dead_nf	flowering	dead_nf	dead_nf	FALSE	Addition	Addition	2018-04-29T21:00:00Z	119	2018-04-29T17:00:00Z	119	Normal	119	normal	2018-04-29T18:00:00Z	119	0	157	222	212	7.3525465864861	128.45676240123066	135.80930898771678	NA	26	NA	NA	NA	1	2.03125	58.506190275	7.1675
NA	2018-07-02T00:00:00Z	1B	655	NA	NA	NA	NA	NA	NA	NA	2018	1B655	1	B			floral18	1B655	NA	NA	NA	NA	TRUE	Control	Control	2018-04-29T21:00:00Z	119	2018-04-29T17:00:00Z	119	Normal	119	normal	2018-04-29T18:00:00Z	119	0	157	222	212	7.3525465864861	32.20676240123067	39.55930898771677	NA	31	NA	NA	NA	1	3.828125	134.26686888125	4.525
NA	2018-07-03T00:00:00Z	1B	655	NA	NA	NA	NA	NA	NA	NA	2018	1B655	1	B				NA	flowering > dead_nf > dead_nf	flowering	dead_nf	dead_nf	FALSE	Control	Control	2018-04-29T21:00:00Z	119	2018-04-29T17:00:00Z	119	Normal	119	normal	2018-04-29T18:00:00Z	119	0	157	222	212	7.3525465864861	32.20676240123067	39.55930898771677	NA	50	NA	NA	NA	2	1.25	76.846875	4.525
NA	2018-07-13T00:00:00Z	1B	655	NA	NA	NA	NA	NA	NA	NA	2018	1B655	1	B				NA	flowering > dead_nf > dead_nf	flowering	dead_nf	dead_nf	FALSE	Control	Control	2018-04-29T21:00:00Z	119	2018-04-29T17:00:00Z	119	Normal	119	normal	2018-04-29T18:00:00Z	119	0	157	222	212	7.3525465864861	32.20676240123067	39.55930898771677	NA	21	NA	NA	NA	2	1.953125	44.5073803125	4.525
NA	2018-07-13T00:00:00Z	1B	664	NA	NA	NA	NA	NA	NA	NA	2018	1B664	1	B				NA	flowering > dead_nf > dead_nf	flowering	dead_nf	dead_nf	FALSE	Control	Control	2018-04-29T21:00:00Z	119	2018-04-29T17:00:00Z	119	Normal	119	normal	2018-04-29T18:00:00Z	119	0	157	222	212	7.3525465864861	32.20676240123067	39.55930898771677	NA	NA	NA	NA	NA	3	0	NA	4.525
NA	2018-07-07T00:00:00Z	1B	664	NA	NA	NA	NA	NA	NA	NA	2018	1B664	1	B				NA	flowering > dead_nf > dead_nf	flowering	dead_nf	dead_nf	FALSE	Control	Control	2018-04-29T21:00:00Z	119	2018-04-29T17:00:00Z	119	Normal	119	normal	2018-04-29T18:00:00Z	119	0	157	222	212	7.3525465864861	32.20676240123067	39.55930898771677	NA	34	NA	NA	NA	3	0.625	24.3529063	4.525
NA	2018-07-30T00:00:00Z	1B	664	NA	NA	NA	NA	NA	NA	NA	2018	1B664	1	B				NA	flowering > dead_nf > dead_nf	flowering	dead_nf	dead_nf	FALSE	Control	Control	2018-04-29T21:00:00Z	119	2018-04-29T17:00:00Z	119	Normal	119	normal	2018-04-29T18:00:00Z	119	0	157	222	212	7.3525465864861	32.20676240123067	39.55930898771677	NA	34	NA	NA	NA	3	0.625	24.3529063	4.525
NA	2018-07-03T00:00:00Z	1B	678	NA	NA	NA	NA	NA	NA	NA	2018	1B678	1	B				NA	flowering > dead_nf > dead_nf	flowering	dead_nf	dead_nf	FALSE	Control	Control	2018-04-29T21:00:00Z	119	2018-04-29T17:00:00Z	119	Normal	119	normal	2018-04-29T18:00:00Z	119	0	157	222	212	7.3525465864861	32.20676240123067	39.55930898771677	NA	29	NA	NA	NA	3	1.953125	63.5428696875	4.525
NA	2018-07-17T00:00:00Z	1B	678	NA	NA	NA	NA	NA	NA	NA	2018	1B678	1	B				NA	flowering > dead_nf > dead_nf	flowering	dead_nf	dead_nf	FALSE	Control	Control	2018-04-29T21:00:00Z	119	2018-04-29T17:00:00Z	119	Normal	119	normal	2018-04-29T18:00:00Z	119	0	157	222	212	7.3525465864861	32.20676240123067	39.55930898771677	NA	25	NA	NA	NA	3	2.03125	56.021875	4.525
NA	2018-07-02T00:00:00Z	1B	678	NA	NA	NA	NA	NA	NA	NA	2018	1B678	1	B				NA	flowering > dead_nf > dead_nf	flowering	dead_nf	dead_nf	FALSE	Control	Control	2018-04-29T21:00:00Z	119	2018-04-29T17:00:00Z	119	Normal	119	normal	2018-04-29T18:00:00Z	119	0	157	222	212	7.3525465864861	32.20676240123067	39.55930898771677	NA	33	NA	NA	NA	3	2.34375	88.25798025	4.525
NA	2018-07-03T00:00:00Z	1C	50	NA	NA	NA	NA	NA	NA	NA	2018	1C50	1	C				NA	flowering > dead_nf > dead_nf	flowering	dead_nf	dead_nf	FALSE	Control	Mock rainout	2018-04-29T21:00:00Z	119	2018-04-29T17:00:00Z	119	Normal	119	normal	2018-04-29T18:00:00Z	119	0	157	222	212	7.3525465864861	32.20676240123067	39.55930898771677	NA	39	NA	NA	NA	2	0.78125	35.6820725625	2.515
NA	2018-07-02T00:00:00Z	1C	50	NA	NA	NA	NA	NA	NA	NA	2018	1C50	1	C				NA	flowering > dead_nf > dead_nf	flowering	dead_nf	dead_nf	FALSE	Control	Mock rainout	2018-04-29T21:00:00Z	119	2018-04-29T17:00:00Z	119	Normal	119	normal	2018-04-29T18:00:00Z	119	0	157	222	212	7.3525465864861	32.20676240123067	39.55930898771677	NA	35	NA	NA	NA	2	0.9375	37.765940625	2.515
NA	2018-07-02T00:00:00Z	1C	61	NA	NA	NA	NA	NA	NA	NA	2018	1C61	1	C				NA	flowering > dead_nf > dead_nf	flowering	dead_nf	dead_nf	FALSE	Control	Mock rainout	2018-04-29T21:00:00Z	119	2018-04-29T17:00:00Z	119	Normal	119	normal	2018-04-29T18:00:00Z	119	0	157	222	212	7.3525465864861	32.20676240123067	39.55930898771677	NA	42	NA	NA	NA	1	0.859375	42.828817762499995	2.515
NA	2018-07-03T00:00:00Z	1D	29	NA	NA	NA	NA	NA	NA	NA	2018	1D29	1	D				NA	flowering > dead_nf > dead_nf	flowering	dead_nf	dead_nf	FALSE	Reduction	Reduction	2018-04-29T21:00:00Z	119	2018-04-29T17:00:00Z	119	Normal	119	normal	2018-04-29T18:00:00Z	119	0	157	222	212	7.3525465864861	16.103381200615335	23.455927787101434	NA	30	NA	NA	NA	2	2.03125	68.65328437499998	3.6075
NA	2018-07-13T00:00:00Z	1D	29	NA	NA	NA	NA	NA	NA	NA	2018	1D29	1	D				NA	flowering > dead_nf > dead_nf	flowering	dead_nf	dead_nf	FALSE	Reduction	Reduction	2018-04-29T21:00:00Z	119	2018-04-29T17:00:00Z	119	Normal	119	normal	2018-04-29T18:00:00Z	119	0	157	222	212	7.3525465864861	16.103381200615335	23.455927787101434	NA	23	NA	NA	NA	2	2.5	62.9102946	3.6075
NA	2018-07-13T00:00:00Z	2A	171	NA	NA	NA	NA	NA	NA	NA	2018	2A171	2	A				NA	no_record > dead_nf > tagnf	no_record	dead_nf	tagnf	FALSE	Control	Control	2018-04-24T21:00:00Z	114	2018-04-25T05:00:00Z	114	Early	114	early	2018-04-24T18:00:00Z	119	-5	157	222	212	7.917959090348241	32.20676240123067	40.12472149157891	NA	19	NA	NA	NA	2	1.40625	28.7579442375	3.76
NA	2018-07-03T00:00:00Z	2A	171	NA	NA	NA	NA	NA	NA	NA	2018	2A171	2	A				NA	no_record > dead_nf > tagnf	no_record	dead_nf	tagnf	FALSE	Control	Control	2018-04-24T21:00:00Z	114	2018-04-25T05:00:00Z	114	Early	114	early	2018-04-24T18:00:00Z	119	-5	157	222	212	7.917959090348241	32.20676240123067	40.12472149157891	NA	30	NA	NA	NA	2	2.109375	71.2937953125	3.76
NA	2018-07-13T00:00:00Z	2A	172	NA	NA	NA	NA	NA	NA	NA	2018	2A172	2	A				NA	no_record > dead_nf > dead_nf	no_record	dead_nf	dead_nf	FALSE	Control	Control	2018-04-24T21:00:00Z	114	2018-04-25T05:00:00Z	114	Early	114	early	2018-04-24T18:00:00Z	119	-5	157	222	212	7.917959090348241	32.20676240123067	40.12472149157891	NA	NA	NA	NA	NA	4	0	NA	3.76
NA	2018-07-03T00:00:00Z	2A	172	NA	NA	NA	NA	NA	NA	NA	2018	2A172	2	A				NA	no_record > dead_nf > dead_nf	no_record	dead_nf	dead_nf	FALSE	Control	Control	2018-04-24T21:00:00Z	114	2018-04-25T05:00:00Z	114	Early	114	early	2018-04-24T18:00:00Z	119	-5	157	222	212	7.917959090348241	32.20676240123067	40.12472149157891	NA	29	NA	NA	NA	4	2.578125	83.87658798749999	3.76
NA	2018-07-02T00:00:00Z	2A	172	NA	NA	NA	NA	NA	NA	NA	2018	2A172	2	A				NA	no_record > dead_nf > dead_nf	no_record	dead_nf	dead_nf	FALSE	Control	Control	2018-04-24T21:00:00Z	114	2018-04-25T05:00:00Z	114	Early	114	early	2018-04-24T18:00:00Z	119	-5	157	222	212	7.917959090348241	32.20676240123067	40.12472149157891	NA	32	NA	NA	NA	4	2.8125	102.2620032	3.76
NA	2018-07-17T00:00:00Z	2A	172	NA	NA	NA	NA	NA	NA	NA	2018	2A172	2	A				NA	no_record > dead_nf > dead_nf	no_record	dead_nf	dead_nf	FALSE	Control	Control	2018-04-24T21:00:00Z	114	2018-04-25T05:00:00Z	114	Early	114	early	2018-04-24T18:00:00Z	119	-5	157	222	212	7.917959090348241	32.20676240123067	40.12472149157891	NA	27	NA	NA	NA	4	3.4375	103.249829925	3.76
NA	2018-07-02T00:00:00Z	2A	275	NA	NA	NA	NA	NA	NA	NA	2018	2A275	2	A				NA	NA	NA	NA	NA	FALSE	Control	Control	2018-04-24T21:00:00Z	114	2018-04-25T05:00:00Z	114	Early	114	early	2018-04-24T18:00:00Z	119	-5	157	222	212	7.917959090348241	32.20676240123067	40.12472149157891	NA	NA	NA	NA	NA	1	0.15625	NA	3.76
NA	2018-07-02T00:00:00Z	2B	87	NA	NA	NA	NA	NA	NA	NA	2018	2B87	2	B				NA	flowering > flowering > vegetative	flowering	flowering	vegetative	FALSE	Control	Mock rainout	2018-04-24T21:00:00Z	114	2018-04-25T05:00:00Z	114	Early	114	early	2018-04-24T18:00:00Z	119	-5	157	222	212	7.917959090348241	32.20676240123067	40.12472149157891	NA	28	NA	NA	NA	1	2.1875	68.4248054	3.63
NA	2018-07-03T00:00:00Z	2B	91	NA	NA	NA	NA	NA	NA	NA	2018	2B91	2	B				NA	flowering > dead_nf > dead_nf	flowering	dead_nf	dead_nf	FALSE	Control	Mock rainout	2018-04-24T21:00:00Z	114	2018-04-25T05:00:00Z	114	Early	114	early	2018-04-24T18:00:00Z	119	-5	157	222	212	7.917959090348241	32.20676240123067	40.12472149157891	NA	28	NA	NA	NA	1	1.015625	31.768659649999996	3.63
NA	2018-07-13T00:00:00Z	2B	94	NA	NA	NA	NA	NA	NA	NA	2018	2B94	2	B				NA	flowering > dead_nf > dead_nf	flowering	dead_nf	dead_nf	FALSE	Control	Mock rainout	2018-04-24T21:00:00Z	114	2018-04-25T05:00:00Z	114	Early	114	early	2018-04-24T18:00:00Z	119	-5	157	222	212	7.917959090348241	32.20676240123067	40.12472149157891	NA	27	NA	NA	NA	1	2.109375	63.35785018125	3.63
NA	2018-07-03T00:00:00Z	2B	98	NA	NA	NA	NA	NA	NA	NA	2018	2B98	2	B				NA	flowering > dead_nf > dead_nf	flowering	dead_nf	dead_nf	FALSE	Control	Mock rainout	2018-04-24T21:00:00Z	114	2018-04-25T05:00:00Z	114	Early	114	early	2018-04-24T18:00:00Z	119	-5	157	222	212	7.917959090348241	32.20676240123067	40.12472149157891	NA	31	NA	NA	NA	1	1.25	43.8422429	3.63
NA	2018-07-02T00:00:00Z	2B	171	NA	NA	NA	NA	NA	NA	NA	2018	2B171	2	B		census20 census18		NA	no_record > no_record > vegetative	no_record	no_record	vegetative	FALSE	Control	Mock rainout	2018-04-24T21:00:00Z	114	2018-04-25T05:00:00Z	114	Early	114	early	2018-04-24T18:00:00Z	119	-5	157	222	212	7.917959090348241	32.20676240123067	40.12472149157891	NA	27	NA	NA	NA	1	2.5	75.0907854	3.63
NA	2018-07-13T00:00:00Z	2B	195	NA	NA	NA	NA	NA	NA	NA	2018	2B195	2	B		census20 pheno20 floral20 volatiles20 seeds20		NA	flowering > dead_nf > dead_nf	flowering	dead_nf	dead_nf	FALSE	Control	Mock rainout	2018-04-24T21:00:00Z	114	2018-04-25T05:00:00Z	114	Early	114	early	2018-04-24T18:00:00Z	119	-5	157	222	212	7.917959090348241	32.20676240123067	40.12472149157891	NA	20	NA	NA	NA	1	3.515625	75.98728125	3.63
NA	2018-07-03T00:00:00Z	2B	199	NA	NA	NA	NA	NA	NA	NA	2018	2B199	2	B				NA	flowering > dead_nf > dead_nf	flowering	dead_nf	dead_nf	FALSE	Control	Mock rainout	2018-04-24T21:00:00Z	114	2018-04-25T05:00:00Z	114	Early	114	early	2018-04-24T18:00:00Z	119	-5	157	222	212	7.917959090348241	32.20676240123067	40.12472149157891	NA	30	NA	NA	NA	2	1.5625	52.81021874999999	3.63
NA	2018-07-13T00:00:00Z	2B	199	NA	NA	NA	NA	NA	NA	NA	2018	2B199	2	B				NA	flowering > dead_nf > dead_nf	flowering	dead_nf	dead_nf	FALSE	Control	Mock rainout	2018-04-24T21:00:00Z	114	2018-04-25T05:00:00Z	114	Early	114	early	2018-04-24T18:00:00Z	119	-5	157	222	212	7.917959090348241	32.20676240123067	40.12472149157891	NA	17	NA	NA	NA	2	2.5	45.375434399999996	3.63
NA	2018-07-07T00:00:00Z	2C	90	NA	NA	NA	NA	NA	NA	NA	2018	2C90	2	C				NA	flowering > dead_nf > dead_nf	flowering	dead_nf	dead_nf	FALSE	Reduction	Reduction	2018-04-24T21:00:00Z	114	2018-04-25T05:00:00Z	114	Early	114	early	2018-04-24T18:00:00Z	119	-5	157	222	212	7.917959090348241	16.103381200615335	24.021340290963575	NA	40.5	NA	NA	NA	2	0.9765625	46.622853676757806	2.2399999999999998
NA	2018-07-30T00:00:00Z	2C	90	NA	NA	NA	NA	NA	NA	NA	2018	2C90	2	C				NA	flowering > dead_nf > dead_nf	flowering	dead_nf	dead_nf	FALSE	Reduction	Reduction	2018-04-24T21:00:00Z	114	2018-04-25T05:00:00Z	114	Early	114	early	2018-04-24T18:00:00Z	119	-5	157	222	212	7.917959090348241	16.103381200615335	24.021340290963575	NA	40.5	NA	NA	NA	2	0.9765625	46.622853676757806	2.2399999999999998
NA	2018-07-13T00:00:00Z	2C	100	NA	NA	NA	NA	NA	NA	NA	2018	2C100	2	C				NA	flowering > dead_nf > dead_nf	flowering	dead_nf	dead_nf	FALSE	Reduction	Reduction	2018-04-24T21:00:00Z	114	2018-04-25T05:00:00Z	114	Early	114	early	2018-04-24T18:00:00Z	119	-5	157	222	212	7.917959090348241	16.103381200615335	24.021340290963575	NA	30	NA	NA	NA	2	0.390625	13.202554687499997	2.2399999999999998
NA	2018-07-03T00:00:00Z	2C	100	NA	NA	NA	NA	NA	NA	NA	2018	2C100	2	C				NA	flowering > dead_nf > dead_nf	flowering	dead_nf	dead_nf	FALSE	Reduction	Reduction	2018-04-24T21:00:00Z	114	2018-04-25T05:00:00Z	114	Early	114	early	2018-04-24T18:00:00Z	119	-5	157	222	212	7.917959090348241	16.103381200615335	24.021340290963575	NA	31	NA	NA	NA	2	1.171875	41.10210271875	2.2399999999999998
NA	2018-07-02T00:00:00Z	2C	238	NA	NA	NA	NA	NA	NA	NA	2018	2C238	2	C				NA	NA	NA	NA	NA	FALSE	Reduction	Reduction	2018-04-24T21:00:00Z	114	2018-04-25T05:00:00Z	114	Early	114	early	2018-04-24T18:00:00Z	119	-5	157	222	212	7.917959090348241	16.103381200615335	24.021340290963575	NA	25	NA	NA	NA	1	1.71875	47.403124999999996	2.2399999999999998
NA	2018-07-17T00:00:00Z	2C	265	NA	NA	NA	NA	NA	NA	NA	2018	2C265	2	C				NA	flowering > dead_nf > dead_nf	flowering	dead_nf	dead_nf	FALSE	Reduction	Reduction	2018-04-24T21:00:00Z	114	2018-04-25T05:00:00Z	114	Early	114	early	2018-04-24T18:00:00Z	119	-5	157	222	212	7.917959090348241	16.103381200615335	24.021340290963575	NA	NA	NA	NA	NA	5	0.234375	NA	2.2399999999999998
NA	2018-07-07T00:00:00Z	2C	265	NA	NA	NA	NA	NA	NA	NA	2018	2C265	2	C				NA	flowering > dead_nf > dead_nf	flowering	dead_nf	dead_nf	FALSE	Reduction	Reduction	2018-04-24T21:00:00Z	114	2018-04-25T05:00:00Z	114	Early	114	early	2018-04-24T18:00:00Z	119	-5	157	222	212	7.917959090348241	16.103381200615335	24.021340290963575	NA	44.5	NA	NA	NA	5	0.4296875	22.940852122460935	2.2399999999999998
NA	2018-07-30T00:00:00Z	2C	265	NA	NA	NA	NA	NA	NA	NA	2018	2C265	2	C				NA	flowering > dead_nf > dead_nf	flowering	dead_nf	dead_nf	FALSE	Reduction	Reduction	2018-04-24T21:00:00Z	114	2018-04-25T05:00:00Z	114	Early	114	early	2018-04-24T18:00:00Z	119	-5	157	222	212	7.917959090348241	16.103381200615335	24.021340290963575	NA	44.5	NA	NA	NA	5	0.4296875	22.940852122460935	2.2399999999999998
NA	2018-07-13T00:00:00Z	2C	265	NA	NA	NA	NA	NA	NA	NA	2018	2C265	2	C				NA	flowering > dead_nf > dead_nf	flowering	dead_nf	dead_nf	FALSE	Reduction	Reduction	2018-04-24T21:00:00Z	114	2018-04-25T05:00:00Z	114	Early	114	early	2018-04-24T18:00:00Z	119	-5	157	222	212	7.917959090348241	16.103381200615335	24.021340290963575	NA	42	NA	NA	NA	5	0.546875	27.254702212500003	2.2399999999999998
NA	2018-07-02T00:00:00Z	2C	265	NA	NA	NA	NA	NA	NA	NA	2018	2C265	2	C				NA	flowering > dead_nf > dead_nf	flowering	dead_nf	dead_nf	FALSE	Reduction	Reduction	2018-04-24T21:00:00Z	114	2018-04-25T05:00:00Z	114	Early	114	early	2018-04-24T18:00:00Z	119	-5	157	222	212	7.917959090348241	16.103381200615335	24.021340290963575	NA	38	NA	NA	NA	5	1.015625	45.0008095875	2.2399999999999998
NA	2018-07-07T00:00:00Z	2C	276	NA	NA	NA	NA	NA	NA	NA	2018	2C276	2	C				NA	flowering > dead_nf > dead_nf	flowering	dead_nf	dead_nf	FALSE	Reduction	Reduction	2018-04-24T21:00:00Z	114	2018-04-25T05:00:00Z	114	Early	114	early	2018-04-24T18:00:00Z	119	-5	157	222	212	7.917959090348241	16.103381200615335	24.021340290963575	NA	32	NA	NA	NA	2	1.015625	36.9279456	2.2399999999999998
NA	2018-07-30T00:00:00Z	2C	276	NA	NA	NA	NA	NA	NA	NA	2018	2C276	2	C				NA	flowering > dead_nf > dead_nf	flowering	dead_nf	dead_nf	FALSE	Reduction	Reduction	2018-04-24T21:00:00Z	114	2018-04-25T05:00:00Z	114	Early	114	early	2018-04-24T18:00:00Z	119	-5	157	222	212	7.917959090348241	16.103381200615335	24.021340290963575	NA	32	NA	NA	NA	2	1.015625	36.9279456	2.2399999999999998
NA	2018-07-03T00:00:00Z	2C	279	NA	NA	NA	NA	NA	NA	NA	2018	2C279	2	C				NA	flowering > dead_nf > dead_nf	flowering	dead_nf	dead_nf	FALSE	Reduction	Reduction	2018-04-24T21:00:00Z	114	2018-04-25T05:00:00Z	114	Early	114	early	2018-04-24T18:00:00Z	119	-5	157	222	212	7.917959090348241	16.103381200615335	24.021340290963575	NA	43	NA	NA	NA	1	0.390625	20.019161968749998	2.2399999999999998
NA	2018-07-13T00:00:00Z	2C	284	NA	NA	NA	NA	NA	NA	NA	2018	2C284	2	C		census20 leaf20		NA	flowering > dead_nf > dead_nf	flowering	dead_nf	dead_nf	FALSE	Reduction	Reduction	2018-04-24T21:00:00Z	114	2018-04-25T05:00:00Z	114	Early	114	early	2018-04-24T18:00:00Z	119	-5	157	222	212	7.917959090348241	16.103381200615335	24.021340290963575	NA	23	NA	NA	NA	1	3.28125	82.5697616625	2.2399999999999998
NA	2018-07-03T00:00:00Z	2C	291	NA	NA	NA	NA	NA	NA	NA	2018	2C291	2	C		census20		NA	flowering > dead_nf > dead_nf	flowering	dead_nf	dead_nf	FALSE	Reduction	Reduction	2018-04-24T21:00:00Z	114	2018-04-25T05:00:00Z	114	Early	114	early	2018-04-24T18:00:00Z	119	-5	157	222	212	7.917959090348241	16.103381200615335	24.021340290963575	NA	30.5	NA	NA	NA	1	1.71875	59.18485936171876	2.2399999999999998
NA	2018-07-13T00:00:00Z	2D	89	NA	NA	NA	NA	NA	NA	NA	2018	2D89	2	D				NA	NA	NA	NA	NA	FALSE	Addition	Addition	2018-04-24T21:00:00Z	114	2018-04-25T05:00:00Z	114	Early	114	early	2018-04-24T18:00:00Z	119	-5	157	222	212	7.917959090348241	128.45676240123066	136.3747214915789	NA	22	NA	NA	NA	1	1.796875	43.073000162499994	6.295
NA	2018-07-07T00:00:00Z	2D	189	NA	NA	NA	NA	NA	NA	NA	2018	2D189	2	D				NA	flowering > vegetative > tagnf	flowering	vegetative	tagnf	FALSE	Addition	Addition	2018-04-24T21:00:00Z	114	2018-04-25T05:00:00Z	114	Early	114	early	2018-04-24T18:00:00Z	119	-5	157	222	212	7.917959090348241	128.45676240123066	136.3747214915789	NA	40.5	NA	NA	NA	2	1.25	59.677252706249995	6.295
NA	2018-07-30T00:00:00Z	2D	189	NA	NA	NA	NA	NA	NA	NA	2018	2D189	2	D				NA	flowering > vegetative > tagnf	flowering	vegetative	tagnf	FALSE	Addition	Addition	2018-04-24T21:00:00Z	114	2018-04-25T05:00:00Z	114	Early	114	early	2018-04-24T18:00:00Z	119	-5	157	222	212	7.917959090348241	128.45676240123066	136.3747214915789	NA	40.5	NA	NA	NA	2	1.25	59.677252706249995	6.295
NA	2018-07-02T00:00:00Z	2D	199_18	NA	NA	NA	NA	NA	NA	NA	2018	2D199_18	2	D		floral18		NA	vegetative > vegetative > vegetative	vegetative	vegetative	vegetative	TRUE	Addition	Addition	2018-04-24T21:00:00Z	114	2018-04-25T05:00:00Z	114	Early	114	early	2018-04-24T18:00:00Z	119	-5	157	222	212	7.917959090348241	128.45676240123066	136.3747214915789	NA	33.5	NA	NA	NA	1	2.421875	92.78036644101562	6.295
NA	2018-07-13T00:00:00Z	2D	212	NA	NA	NA	NA	NA	NA	NA	2018	2D212	2	D				NA	flowering > flowering > dead_nf	flowering	flowering	dead_nf	FALSE	Addition	Addition	2018-04-24T21:00:00Z	114	2018-04-25T05:00:00Z	114	Early	114	early	2018-04-24T18:00:00Z	119	-5	157	222	212	7.917959090348241	128.45676240123066	136.3747214915789	NA	22	NA	NA	NA	1	1.484375	35.582043612499994	6.295
NA	2018-07-17T00:00:00Z	2D	218	NA	NA	NA	NA	NA	NA	NA	2018	2D218	2	D				NA	flowering > dead_nf > dead_nf	flowering	dead_nf	dead_nf	FALSE	Addition	Addition	2018-04-24T21:00:00Z	114	2018-04-25T05:00:00Z	114	Early	114	early	2018-04-24T18:00:00Z	119	-5	157	222	212	7.917959090348241	128.45676240123066	136.3747214915789	NA	35	NA	NA	NA	4	0.9375	37.765940625	6.295
NA	2018-07-02T00:00:00Z	2D	218	NA	NA	NA	NA	NA	NA	NA	2018	2D218	2	D				NA	flowering > dead_nf > dead_nf	flowering	dead_nf	dead_nf	FALSE	Addition	Addition	2018-04-24T21:00:00Z	114	2018-04-25T05:00:00Z	114	Early	114	early	2018-04-24T18:00:00Z	119	-5	157	222	212	7.917959090348241	128.45676240123066	136.3747214915789	NA	33	NA	NA	NA	4	1.171875	44.128990125	6.295
NA	2018-07-03T00:00:00Z	2D	218	NA	NA	NA	NA	NA	NA	NA	2018	2D218	2	D				NA	flowering > dead_nf > dead_nf	flowering	dead_nf	dead_nf	FALSE	Addition	Addition	2018-04-24T21:00:00Z	114	2018-04-25T05:00:00Z	114	Early	114	early	2018-04-24T18:00:00Z	119	-5	157	222	212	7.917959090348241	128.45676240123066	136.3747214915789	NA	30	NA	NA	NA	4	1.328125	44.8886859375	6.295
NA	2018-07-13T00:00:00Z	2D	218	NA	NA	NA	NA	NA	NA	NA	2018	2D218	2	D				NA	flowering > dead_nf > dead_nf	flowering	dead_nf	dead_nf	FALSE	Addition	Addition	2018-04-24T21:00:00Z	114	2018-04-25T05:00:00Z	114	Early	114	early	2018-04-24T18:00:00Z	119	-5	157	222	212	7.917959090348241	128.45676240123066	136.3747214915789	NA	22	NA	NA	NA	4	2.578125	61.80039153749999	6.295
NA	2018-07-02T00:00:00Z	3A	98	NA	NA	NA	NA	NA	NA	NA	2018	3A98	3	A				NA	NA	NA	NA	NA	FALSE	Reduction	Reduction	2018-04-29T18:00:00Z	119	2018-04-28T22:00:00Z	118	Normal	119	normal	2018-04-29T18:00:00Z	119	0	157	222	212	7.3525465864861	16.103381200615335	23.455927787101434	NA	25	NA	NA	NA	1	0.625	17.2375	2.6525
NA	2018-07-03T00:00:00Z	3A	127	NA	NA	NA	NA	NA	NA	NA	2018	3A127	3	A				NA	flowering > dead_nf > dead_nf	flowering	dead_nf	dead_nf	FALSE	Reduction	Reduction	2018-04-29T18:00:00Z	119	2018-04-28T22:00:00Z	118	Normal	119	normal	2018-04-29T18:00:00Z	119	0	157	222	212	7.3525465864861	16.103381200615335	23.455927787101434	NA	32	NA	NA	NA	2	2.5	90.8995584	2.6525
NA	2018-07-13T00:00:00Z	3A	127	NA	NA	NA	NA	NA	NA	NA	2018	3A127	3	A				NA	flowering > dead_nf > dead_nf	flowering	dead_nf	dead_nf	FALSE	Reduction	Reduction	2018-04-29T18:00:00Z	119	2018-04-28T22:00:00Z	118	Normal	119	normal	2018-04-29T18:00:00Z	119	0	157	222	212	7.3525465864861	16.103381200615335	23.455927787101434	NA	25	NA	NA	NA	2	2.65625	73.25937499999999	2.6525
NA	2018-07-02T00:00:00Z	3A	128	NA	NA	NA	NA	NA	NA	NA	2018	3A128	3	A				NA	flowering > dead_nf > dead_nf	flowering	dead_nf	dead_nf	FALSE	Reduction	Reduction	2018-04-29T18:00:00Z	119	2018-04-28T22:00:00Z	118	Normal	119	normal	2018-04-29T18:00:00Z	119	0	157	222	212	7.3525465864861	16.103381200615335	23.455927787101434	NA	NA	NA	NA	NA	3	0	NA	2.6525
NA	2018-07-07T00:00:00Z	3A	128	NA	NA	NA	NA	NA	NA	NA	2018	3A128	3	A				NA	flowering > dead_nf > dead_nf	flowering	dead_nf	dead_nf	FALSE	Reduction	Reduction	2018-04-29T18:00:00Z	119	2018-04-28T22:00:00Z	118	Normal	119	normal	2018-04-29T18:00:00Z	119	0	157	222	212	7.3525465864861	16.103381200615335	23.455927787101434	NA	NA	NA	NA	NA	3	0.078125	NA	2.6525
NA	2018-07-30T00:00:00Z	3A	128	NA	NA	NA	NA	NA	NA	NA	2018	3A128	3	A				NA	flowering > dead_nf > dead_nf	flowering	dead_nf	dead_nf	FALSE	Reduction	Reduction	2018-04-29T18:00:00Z	119	2018-04-28T22:00:00Z	118	Normal	119	normal	2018-04-29T18:00:00Z	119	0	157	222	212	7.3525465864861	16.103381200615335	23.455927787101434	NA	NA	NA	NA	NA	3	0.078125	NA	2.6525
NA	2018-07-17T00:00:00Z	3A	647	NA	NA	NA	NA	NA	NA	NA	2018	3A647	3	A		census19		NA	flowering > vegetative > dead_nf	flowering	vegetative	dead_nf	FALSE	Reduction	Reduction	2018-04-29T18:00:00Z	119	2018-04-28T22:00:00Z	118	Normal	119	normal	2018-04-29T18:00:00Z	119	0	157	222	212	7.3525465864861	16.103381200615335	23.455927787101434	NA	NA	NA	NA	NA	4	0.1953125	NA	2.6525
NA	2018-07-07T00:00:00Z	3A	647	NA	NA	NA	NA	NA	NA	NA	2018	3A647	3	A		census19		NA	flowering > vegetative > dead_nf	flowering	vegetative	dead_nf	FALSE	Reduction	Reduction	2018-04-29T18:00:00Z	119	2018-04-28T22:00:00Z	118	Normal	119	normal	2018-04-29T18:00:00Z	119	0	157	222	212	7.3525465864861	16.103381200615335	23.455927787101434	NA	43.5	NA	NA	NA	4	0.390625	20.296691677734373	2.6525
NA	2018-07-30T00:00:00Z	3A	647	NA	NA	NA	NA	NA	NA	NA	2018	3A647	3	A		census19		NA	flowering > vegetative > dead_nf	flowering	vegetative	dead_nf	FALSE	Reduction	Reduction	2018-04-29T18:00:00Z	119	2018-04-28T22:00:00Z	118	Normal	119	normal	2018-04-29T18:00:00Z	119	0	157	222	212	7.3525465864861	16.103381200615335	23.455927787101434	NA	43.5	NA	NA	NA	4	0.390625	20.296691677734373	2.6525
NA	2018-07-13T00:00:00Z	3A	647	NA	NA	NA	NA	NA	NA	NA	2018	3A647	3	A		census19		NA	flowering > vegetative > dead_nf	flowering	vegetative	dead_nf	FALSE	Reduction	Reduction	2018-04-29T18:00:00Z	119	2018-04-28T22:00:00Z	118	Normal	119	normal	2018-04-29T18:00:00Z	119	0	157	222	212	7.3525465864861	16.103381200615335	23.455927787101434	NA	30	NA	NA	NA	4	1.71875	58.091240625	2.6525
NA	2018-07-02T00:00:00Z	3B	877	NA	NA	NA	NA	NA	NA	NA	2018	3B877	3	B				NA	NA	NA	NA	NA	FALSE	Control	Mock rainout	2018-04-29T18:00:00Z	119	2018-04-28T22:00:00Z	118	Normal	119	normal	2018-04-29T18:00:00Z	119	0	157	222	212	7.3525465864861	32.20676240123067	39.55930898771677	NA	27.5	NA	NA	NA	1	2.421875	74.24697231445312	3.3775
NA	2018-07-17T00:00:00Z	3C	94	NA	NA	NA	NA	NA	NA	NA	2018	3C94	3	C				NA	flowering > dead_nf > dead_nf	flowering	dead_nf	dead_nf	FALSE	Addition	Addition	2018-04-29T18:00:00Z	119	2018-04-28T22:00:00Z	118	Normal	119	normal	2018-04-29T18:00:00Z	119	0	157	222	212	7.3525465864861	128.45676240123066	135.80930898771678	NA	33	NA	NA	NA	3	1.171875	44.128990125	5.495
NA	2018-07-07T00:00:00Z	3C	94	NA	NA	NA	NA	NA	NA	NA	2018	3C94	3	C				NA	flowering > dead_nf > dead_nf	flowering	dead_nf	dead_nf	FALSE	Addition	Addition	2018-04-29T18:00:00Z	119	2018-04-28T22:00:00Z	118	Normal	119	normal	2018-04-29T18:00:00Z	119	0	157	222	212	7.3525465864861	128.45676240123066	135.80930898771678	NA	30.5	NA	NA	NA	3	1.953125	67.25552200195312	5.495
NA	2018-07-30T00:00:00Z	3C	94	NA	NA	NA	NA	NA	NA	NA	2018	3C94	3	C				NA	flowering > dead_nf > dead_nf	flowering	dead_nf	dead_nf	FALSE	Addition	Addition	2018-04-29T18:00:00Z	119	2018-04-28T22:00:00Z	118	Normal	119	normal	2018-04-29T18:00:00Z	119	0	157	222	212	7.3525465864861	128.45676240123066	135.80930898771678	NA	30.5	NA	NA	NA	3	1.953125	67.25552200195312	5.495
NA	2018-07-07T00:00:00Z	3C	98	NA	NA	NA	NA	NA	NA	NA	2018	3C98	3	C				NA	flowering > dead_nf > dead_nf	flowering	dead_nf	dead_nf	FALSE	Addition	Addition	2018-04-29T18:00:00Z	119	2018-04-28T22:00:00Z	118	Normal	119	normal	2018-04-29T18:00:00Z	119	0	157	222	212	7.3525465864861	128.45676240123066	135.80930898771678	NA	NA	NA	NA	NA	3	0.3515625	NA	5.495
NA	2018-07-30T00:00:00Z	3C	98	NA	NA	NA	NA	NA	NA	NA	2018	3C98	3	C				NA	flowering > dead_nf > dead_nf	flowering	dead_nf	dead_nf	FALSE	Addition	Addition	2018-04-29T18:00:00Z	119	2018-04-28T22:00:00Z	118	Normal	119	normal	2018-04-29T18:00:00Z	119	0	157	222	212	7.3525465864861	128.45676240123066	135.80930898771678	NA	NA	NA	NA	NA	3	0.3515625	NA	5.495
NA	2018-07-13T00:00:00Z	3C	98	NA	NA	NA	NA	NA	NA	NA	2018	3C98	3	C				NA	flowering > dead_nf > dead_nf	flowering	dead_nf	dead_nf	FALSE	Addition	Addition	2018-04-29T18:00:00Z	119	2018-04-28T22:00:00Z	118	Normal	119	normal	2018-04-29T18:00:00Z	119	0	157	222	212	7.3525465864861	128.45676240123066	135.80930898771678	NA	22	NA	NA	NA	3	2.734375	65.5458698125	5.495
NA	2018-07-13T00:00:00Z	3C	127	NA	NA	NA	NA	NA	NA	NA	2018	3C127	3	C				NA	flowering > dead_nf > dead_nf	flowering	dead_nf	dead_nf	FALSE	Addition	Addition	2018-04-29T18:00:00Z	119	2018-04-28T22:00:00Z	118	Normal	119	normal	2018-04-29T18:00:00Z	119	0	157	222	212	7.3525465864861	128.45676240123066	135.80930898771678	NA	20	NA	NA	NA	3	1.015625	21.95188125	5.495
NA	2018-07-07T00:00:00Z	3C	127	NA	NA	NA	NA	NA	NA	NA	2018	3C127	3	C				NA	flowering > dead_nf > dead_nf	flowering	dead_nf	dead_nf	FALSE	Addition	Addition	2018-04-29T18:00:00Z	119	2018-04-28T22:00:00Z	118	Normal	119	normal	2018-04-29T18:00:00Z	119	0	157	222	212	7.3525465864861	128.45676240123066	135.80930898771678	NA	27.5	NA	NA	NA	3	2.34375	71.85190869140625	5.495
NA	2018-07-30T00:00:00Z	3C	127	NA	NA	NA	NA	NA	NA	NA	2018	3C127	3	C				NA	flowering > dead_nf > dead_nf	flowering	dead_nf	dead_nf	FALSE	Addition	Addition	2018-04-29T18:00:00Z	119	2018-04-28T22:00:00Z	118	Normal	119	normal	2018-04-29T18:00:00Z	119	0	157	222	212	7.3525465864861	128.45676240123066	135.80930898771678	NA	27.5	NA	NA	NA	3	2.34375	71.85190869140625	5.495
NA	2018-07-07T00:00:00Z	3C	132	NA	NA	NA	NA	NA	NA	NA	2018	3C132	3	C				NA	flowering > dead_nf > dead_nf	flowering	dead_nf	dead_nf	FALSE	Addition	Addition	2018-04-29T18:00:00Z	119	2018-04-28T22:00:00Z	118	Normal	119	normal	2018-04-29T18:00:00Z	119	0	157	222	212	7.3525465864861	128.45676240123066	135.80930898771678	NA	NA	NA	NA	NA	2	0	NA	5.495
NA	2018-07-30T00:00:00Z	3C	132	NA	NA	NA	NA	NA	NA	NA	2018	3C132	3	C				NA	flowering > dead_nf > dead_nf	flowering	dead_nf	dead_nf	FALSE	Addition	Addition	2018-04-29T18:00:00Z	119	2018-04-28T22:00:00Z	118	Normal	119	normal	2018-04-29T18:00:00Z	119	0	157	222	212	7.3525465864861	128.45676240123066	135.80930898771678	NA	NA	NA	NA	NA	2	0	NA	5.495
NA	2018-07-13T00:00:00Z	3C	147	NA	NA	NA	NA	NA	NA	NA	2018	3C147	3	C		census20		NA	flowering > dead_nf > dead_nf	flowering	dead_nf	dead_nf	FALSE	Addition	Addition	2018-04-29T18:00:00Z	119	2018-04-28T22:00:00Z	118	Normal	119	normal	2018-04-29T18:00:00Z	119	0	157	222	212	7.3525465864861	128.45676240123066	135.80930898771678	NA	28	NA	NA	NA	2	1.171875	36.65614575	5.495
NA	2018-07-17T00:00:00Z	3C	147	NA	NA	NA	NA	NA	NA	NA	2018	3C147	3	C		census20		NA	flowering > dead_nf > dead_nf	flowering	dead_nf	dead_nf	FALSE	Addition	Addition	2018-04-29T18:00:00Z	119	2018-04-28T22:00:00Z	118	Normal	119	normal	2018-04-29T18:00:00Z	119	0	157	222	212	7.3525465864861	128.45676240123066	135.80930898771678	NA	25	NA	NA	NA	2	2.265625	62.4859375	5.495
NA	2018-07-07T00:00:00Z	3C	156	NA	NA	NA	NA	NA	NA	NA	2018	3C156	3	C				NA	flowering > dead_nf > dead_nf	flowering	dead_nf	dead_nf	FALSE	Addition	Addition	2018-04-29T18:00:00Z	119	2018-04-28T22:00:00Z	118	Normal	119	normal	2018-04-29T18:00:00Z	119	0	157	222	212	7.3525465864861	128.45676240123066	135.80930898771678	NA	28	NA	NA	NA	4	1.328125	41.54363185	5.495
NA	2018-07-30T00:00:00Z	3C	156	NA	NA	NA	NA	NA	NA	NA	2018	3C156	3	C				NA	flowering > dead_nf > dead_nf	flowering	dead_nf	dead_nf	FALSE	Addition	Addition	2018-04-29T18:00:00Z	119	2018-04-28T22:00:00Z	118	Normal	119	normal	2018-04-29T18:00:00Z	119	0	157	222	212	7.3525465864861	128.45676240123066	135.80930898771678	NA	28	NA	NA	NA	4	1.328125	41.54363185	5.495
NA	2018-07-13T00:00:00Z	3C	156	NA	NA	NA	NA	NA	NA	NA	2018	3C156	3	C				NA	flowering > dead_nf > dead_nf	flowering	dead_nf	dead_nf	FALSE	Addition	Addition	2018-04-29T18:00:00Z	119	2018-04-28T22:00:00Z	118	Normal	119	normal	2018-04-29T18:00:00Z	119	0	157	222	212	7.3525465864861	128.45676240123066	135.80930898771678	NA	19	NA	NA	NA	4	1.875	38.34392565	5.495
NA	2018-07-17T00:00:00Z	3C	156	NA	NA	NA	NA	NA	NA	NA	2018	3C156	3	C				NA	flowering > dead_nf > dead_nf	flowering	dead_nf	dead_nf	FALSE	Addition	Addition	2018-04-29T18:00:00Z	119	2018-04-28T22:00:00Z	118	Normal	119	normal	2018-04-29T18:00:00Z	119	0	157	222	212	7.3525465864861	128.45676240123066	135.80930898771678	NA	25	NA	NA	NA	4	2.03125	56.021875	5.495
NA	2018-07-03T00:00:00Z	3C	163	NA	NA	NA	NA	NA	NA	NA	2018	3C163	3	C				NA	flowering > dead_nf > dead_nf	flowering	dead_nf	dead_nf	FALSE	Addition	Addition	2018-04-29T18:00:00Z	119	2018-04-28T22:00:00Z	118	Normal	119	normal	2018-04-29T18:00:00Z	119	0	157	222	212	7.3525465864861	128.45676240123066	135.80930898771678	NA	22	NA	NA	NA	2	0.9375	22.472869649999996	5.495
NA	2018-07-13T00:00:00Z	3C	163	NA	NA	NA	NA	NA	NA	NA	2018	3C163	3	C				NA	flowering > dead_nf > dead_nf	flowering	dead_nf	dead_nf	FALSE	Addition	Addition	2018-04-29T18:00:00Z	119	2018-04-28T22:00:00Z	118	Normal	119	normal	2018-04-29T18:00:00Z	119	0	157	222	212	7.3525465864861	128.45676240123066	135.80930898771678	NA	18	NA	NA	NA	2	1.09375	21.104418825	5.495
NA	2018-07-13T00:00:00Z	3C	168	NA	NA	NA	NA	NA	NA	NA	2018	3C168	3	C				NA	flowering > dead_nf > dead_nf	flowering	dead_nf	dead_nf	FALSE	Addition	Addition	2018-04-29T18:00:00Z	119	2018-04-28T22:00:00Z	118	Normal	119	normal	2018-04-29T18:00:00Z	119	0	157	222	212	7.3525465864861	128.45676240123066	135.80930898771678	NA	21	NA	NA	NA	1	0.546875	12.4620664875	5.495
NA	2018-07-13T00:00:00Z	3C	171	NA	NA	NA	NA	NA	NA	NA	2018	3C171	3	C		pheno20		NA	flowering > dead_nf > dead_nf	flowering	dead_nf	dead_nf	FALSE	Addition	Addition	2018-04-29T18:00:00Z	119	2018-04-28T22:00:00Z	118	Normal	119	normal	2018-04-29T18:00:00Z	119	0	157	222	212	7.3525465864861	128.45676240123066	135.80930898771678	NA	NA	NA	NA	NA	2	0	NA	5.495
NA	2018-07-03T00:00:00Z	3C	171	NA	NA	NA	NA	NA	NA	NA	2018	3C171	3	C		pheno20		NA	flowering > dead_nf > dead_nf	flowering	dead_nf	dead_nf	FALSE	Addition	Addition	2018-04-29T18:00:00Z	119	2018-04-28T22:00:00Z	118	Normal	119	normal	2018-04-29T18:00:00Z	119	0	157	222	212	7.3525465864861	128.45676240123066	135.80930898771678	NA	26	NA	NA	NA	2	1.171875	33.7535713125	5.495
NA	2018-07-02T00:00:00Z	3C	206	NA	NA	NA	NA	NA	NA	NA	2018	3C206	3	C				NA	NA	NA	NA	NA	FALSE	Addition	Addition	2018-04-29T18:00:00Z	119	2018-04-28T22:00:00Z	118	Normal	119	normal	2018-04-29T18:00:00Z	119	0	157	222	212	7.3525465864861	128.45676240123066	135.80930898771678	NA	30	NA	NA	NA	1	0.625	21.124087499999998	5.495
NA	2018-07-02T00:00:00Z	3D	127	NA	NA	NA	NA	NA	NA	NA	2018	3D127	3	D				NA	NA	NA	NA	NA	FALSE	Control	Control	2018-04-29T18:00:00Z	119	2018-04-28T22:00:00Z	118	Normal	119	normal	2018-04-29T18:00:00Z	119	0	157	222	212	7.3525465864861	32.20676240123067	39.55930898771677	NA	29	NA	NA	NA	1	1.640625	53.376010537499994	3.6725
NA	2018-07-13T00:00:00Z	3D	847	NA	NA	NA	NA	NA	NA	NA	2018	3D847	3	D				NA	flowering > vegetative > dead_nf	flowering	vegetative	dead_nf	FALSE	Control	Control	2018-04-29T18:00:00Z	119	2018-04-28T22:00:00Z	118	Normal	119	normal	2018-04-29T18:00:00Z	119	0	157	222	212	7.3525465864861	32.20676240123067	39.55930898771677	NA	NA	NA	NA	NA	2	0	NA	3.6725
NA	2018-07-17T00:00:00Z	3D	847	NA	NA	NA	NA	NA	NA	NA	2018	3D847	3	D				NA	flowering > vegetative > dead_nf	flowering	vegetative	dead_nf	FALSE	Control	Control	2018-04-29T18:00:00Z	119	2018-04-28T22:00:00Z	118	Normal	119	normal	2018-04-29T18:00:00Z	119	0	157	222	212	7.3525465864861	32.20676240123067	39.55930898771677	NA	31	NA	NA	NA	2	2.5	87.6844858	3.6725
NA	2018-07-07T00:00:00Z	3D	853	NA	NA	NA	NA	NA	NA	NA	2018	3D853	3	D				NA	flowering > dead_nf > dead_nf	flowering	dead_nf	dead_nf	FALSE	Control	Control	2018-04-29T18:00:00Z	119	2018-04-28T22:00:00Z	118	Normal	119	normal	2018-04-29T18:00:00Z	119	0	157	222	212	7.3525465864861	32.20676240123067	39.55930898771677	NA	NA	NA	NA	NA	3	0	NA	3.6725
NA	2018-07-13T00:00:00Z	3D	853	NA	NA	NA	NA	NA	NA	NA	2018	3D853	3	D				NA	flowering > dead_nf > dead_nf	flowering	dead_nf	dead_nf	FALSE	Control	Control	2018-04-29T18:00:00Z	119	2018-04-28T22:00:00Z	118	Normal	119	normal	2018-04-29T18:00:00Z	119	0	157	222	212	7.3525465864861	32.20676240123067	39.55930898771677	NA	NA	NA	NA	NA	3	0	NA	3.6725
NA	2018-07-30T00:00:00Z	3D	853	NA	NA	NA	NA	NA	NA	NA	2018	3D853	3	D				NA	flowering > dead_nf > dead_nf	flowering	dead_nf	dead_nf	FALSE	Control	Control	2018-04-29T18:00:00Z	119	2018-04-28T22:00:00Z	118	Normal	119	normal	2018-04-29T18:00:00Z	119	0	157	222	212	7.3525465864861	32.20676240123067	39.55930898771677	NA	NA	NA	NA	NA	3	0	NA	3.6725
NA	2018-07-03T00:00:00Z	3D	856	NA	NA	NA	NA	NA	NA	NA	2018	3D856	3	D		census20		NA	flowering > dead_nf > dead_nf	flowering	dead_nf	dead_nf	FALSE	Control	Control	2018-04-29T18:00:00Z	119	2018-04-28T22:00:00Z	118	Normal	119	normal	2018-04-29T18:00:00Z	119	0	157	222	212	7.3525465864861	32.20676240123067	39.55930898771677	NA	42	NA	NA	NA	2	0.546875	27.254702212500003	3.6725
NA	2018-07-13T00:00:00Z	3D	856	NA	NA	NA	NA	NA	NA	NA	2018	3D856	3	D		census20		NA	flowering > dead_nf > dead_nf	flowering	dead_nf	dead_nf	FALSE	Control	Control	2018-04-29T18:00:00Z	119	2018-04-28T22:00:00Z	118	Normal	119	normal	2018-04-29T18:00:00Z	119	0	157	222	212	7.3525465864861	32.20676240123067	39.55930898771677	NA	25	NA	NA	NA	2	1.796875	49.5578125	3.6725
NA	2018-07-07T00:00:00Z	3D	858	NA	NA	NA	NA	NA	NA	NA	2018	3D858	3	D		census20		NA	flowering > dead_nf > dead_nf	flowering	dead_nf	dead_nf	FALSE	Control	Control	2018-04-29T18:00:00Z	119	2018-04-28T22:00:00Z	118	Normal	119	normal	2018-04-29T18:00:00Z	119	0	157	222	212	7.3525465864861	32.20676240123067	39.55930898771677	NA	27.5	NA	NA	NA	4	0.3125	9.5802544921875	3.6725
NA	2018-07-30T00:00:00Z	3D	858	NA	NA	NA	NA	NA	NA	NA	2018	3D858	3	D		census20		NA	flowering > dead_nf > dead_nf	flowering	dead_nf	dead_nf	FALSE	Control	Control	2018-04-29T18:00:00Z	119	2018-04-28T22:00:00Z	118	Normal	119	normal	2018-04-29T18:00:00Z	119	0	157	222	212	7.3525465864861	32.20676240123067	39.55930898771677	NA	27.5	NA	NA	NA	4	0.3125	9.5802544921875	3.6725
NA	2018-07-13T00:00:00Z	3D	858	NA	NA	NA	NA	NA	NA	NA	2018	3D858	3	D		census20		NA	flowering > dead_nf > dead_nf	flowering	dead_nf	dead_nf	FALSE	Control	Control	2018-04-29T18:00:00Z	119	2018-04-28T22:00:00Z	118	Normal	119	normal	2018-04-29T18:00:00Z	119	0	157	222	212	7.3525465864861	32.20676240123067	39.55930898771677	NA	23	NA	NA	NA	4	0.390625	9.829733531250001	3.6725
NA	2018-07-17T00:00:00Z	3D	858	NA	NA	NA	NA	NA	NA	NA	2018	3D858	3	D		census20		NA	flowering > dead_nf > dead_nf	flowering	dead_nf	dead_nf	FALSE	Control	Control	2018-04-29T18:00:00Z	119	2018-04-28T22:00:00Z	118	Normal	119	normal	2018-04-29T18:00:00Z	119	0	157	222	212	7.3525465864861	32.20676240123067	39.55930898771677	NA	32	NA	NA	NA	4	2.96875	107.9432256	3.6725
NA	2018-07-03T00:00:00Z	3D	874	NA	NA	NA	NA	NA	NA	NA	2018	3D874	3	D				NA	flowering > dead_nf > dead_nf	flowering	dead_nf	dead_nf	FALSE	Control	Control	2018-04-29T18:00:00Z	119	2018-04-28T22:00:00Z	118	Normal	119	normal	2018-04-29T18:00:00Z	119	0	157	222	212	7.3525465864861	32.20676240123067	39.55930898771677	NA	43	NA	NA	NA	1	1.015625	52.049821118749996	3.6725
NA	2018-07-13T00:00:00Z	3D	877	NA	NA	NA	NA	NA	NA	NA	2018	3D877	3	D				NA	flowering > dead_nf > dead_nf	flowering	dead_nf	dead_nf	FALSE	Control	Control	2018-04-29T18:00:00Z	119	2018-04-28T22:00:00Z	118	Normal	119	normal	2018-04-29T18:00:00Z	119	0	157	222	212	7.3525465864861	32.20676240123067	39.55930898771677	NA	21	NA	NA	NA	3	0.703125	16.0226569125	3.6725
NA	2018-07-17T00:00:00Z	3D	877	NA	NA	NA	NA	NA	NA	NA	2018	3D877	3	D				NA	flowering > dead_nf > dead_nf	flowering	dead_nf	dead_nf	FALSE	Control	Control	2018-04-29T18:00:00Z	119	2018-04-28T22:00:00Z	118	Normal	119	normal	2018-04-29T18:00:00Z	119	0	157	222	212	7.3525465864861	32.20676240123067	39.55930898771677	NA	28	NA	NA	NA	3	0.703125	21.99368745	3.6725
NA	2018-07-03T00:00:00Z	3D	877	NA	NA	NA	NA	NA	NA	NA	2018	3D877	3	D				NA	flowering > dead_nf > dead_nf	flowering	dead_nf	dead_nf	FALSE	Control	Control	2018-04-29T18:00:00Z	119	2018-04-28T22:00:00Z	118	Normal	119	normal	2018-04-29T18:00:00Z	119	0	157	222	212	7.3525465864861	32.20676240123067	39.55930898771677	NA	32.5	NA	NA	NA	3	3.359375	124.32009877929687	3.6725
NA	2018-07-07T00:00:00Z	3D	878	NA	NA	NA	NA	NA	NA	NA	2018	3D878	3	D				NA	flowering > dead_nf > dead_nf	flowering	dead_nf	dead_nf	FALSE	Control	Control	2018-04-29T18:00:00Z	119	2018-04-28T22:00:00Z	118	Normal	119	normal	2018-04-29T18:00:00Z	119	0	157	222	212	7.3525465864861	32.20676240123067	39.55930898771677	NA	21	NA	NA	NA	2	1.484375	33.8256090375	3.6725
NA	2018-07-30T00:00:00Z	3D	878	NA	NA	NA	NA	NA	NA	NA	2018	3D878	3	D				NA	flowering > dead_nf > dead_nf	flowering	dead_nf	dead_nf	FALSE	Control	Control	2018-04-29T18:00:00Z	119	2018-04-28T22:00:00Z	118	Normal	119	normal	2018-04-29T18:00:00Z	119	0	157	222	212	7.3525465864861	32.20676240123067	39.55930898771677	NA	21	NA	NA	NA	2	1.484375	33.8256090375	3.6725
NA	2018-07-13T00:00:00Z	3D	879	NA	NA	NA	NA	NA	NA	NA	2018	3D879	3	D				NA	flowering > dead_nf > dead_nf	flowering	dead_nf	dead_nf	FALSE	Control	Control	2018-04-29T18:00:00Z	119	2018-04-28T22:00:00Z	118	Normal	119	normal	2018-04-29T18:00:00Z	119	0	157	222	212	7.3525465864861	32.20676240123067	39.55930898771677	NA	NA	NA	NA	NA	2	0	NA	3.6725
NA	2018-07-17T00:00:00Z	3D	879	NA	NA	NA	NA	NA	NA	NA	2018	3D879	3	D				NA	flowering > dead_nf > dead_nf	flowering	dead_nf	dead_nf	FALSE	Control	Control	2018-04-29T18:00:00Z	119	2018-04-28T22:00:00Z	118	Normal	119	normal	2018-04-29T18:00:00Z	119	0	157	222	212	7.3525465864861	32.20676240123067	39.55930898771677	NA	27	NA	NA	NA	2	0.9375	28.159044525	3.6725
NA	2018-07-02T00:00:00Z	3D	878	NA	NA	NA	NA	NA	NA	NA	2018	3D878	3	D			floral18	3D878	NA	NA	NA	NA	TRUE	Control	Control	2018-04-29T18:00:00Z	119	2018-04-28T22:00:00Z	118	Normal	119	normal	2018-04-29T18:00:00Z	119	0	157	222	212	7.3525465864861	32.20676240123067	39.55930898771677	NA	38	NA	NA	NA	1	2.1875	96.92482065	3.6725
NA	2018-07-17T00:00:00Z	3D	833	NA	NA	NA	NA	NA	NA	NA	2018	3D833	3	D				NA	NA	NA	NA	NA	FALSE	Control	Control	2018-04-29T18:00:00Z	119	2018-04-28T22:00:00Z	118	Normal	119	normal	2018-04-29T18:00:00Z	119	0	157	222	212	7.3525465864861	32.20676240123067	39.55930898771677	NA	30	NA	NA	NA	1	0.3125	10.562043749999999	3.6725
NA	2018-07-03T00:00:00Z	4A	63	NA	NA	NA	NA	NA	NA	NA	2018	4A63	4	A		pheno20		NA	flowering > dead_nf > dead_nf	flowering	dead_nf	dead_nf	FALSE	Addition	Addition	NA	114	NA	114	Early	114	early	2018-04-24T18:00:00Z	119	-5	157	222	212	7.917959090348241	128.45676240123066	136.3747214915789	NA	36	NA	NA	NA	1	1.25	52.01738640000001	5.8500000000000005
NA	2018-07-02T00:00:00Z	4A	69	NA	NA	NA	NA	NA	NA	NA	2018	4A69	4	A				NA	flowering > dead_nf > dead_nf	flowering	dead_nf	dead_nf	FALSE	Addition	Addition	NA	114	NA	114	Early	114	early	2018-04-24T18:00:00Z	119	-5	157	222	212	7.917959090348241	128.45676240123066	136.3747214915789	NA	36.5	NA	NA	NA	1	2.34375	99.10141548046875	5.8500000000000005
NA	2018-07-07T00:00:00Z	4A	75	NA	NA	NA	NA	NA	NA	NA	2018	4A75	4	A				NA	flowering > dead_nf > dead_nf	flowering	dead_nf	dead_nf	FALSE	Addition	Addition	NA	114	NA	114	Early	114	early	2018-04-24T18:00:00Z	119	-5	157	222	212	7.917959090348241	128.45676240123066	136.3747214915789	NA	30	NA	NA	NA	3	0.9765625	33.00638671875	5.8500000000000005
NA	2018-07-30T00:00:00Z	4A	75	NA	NA	NA	NA	NA	NA	NA	2018	4A75	4	A				NA	flowering > dead_nf > dead_nf	flowering	dead_nf	dead_nf	FALSE	Addition	Addition	NA	114	NA	114	Early	114	early	2018-04-24T18:00:00Z	119	-5	157	222	212	7.917959090348241	128.45676240123066	136.3747214915789	NA	30	NA	NA	NA	3	0.9765625	33.00638671875	5.8500000000000005
NA	2018-07-02T00:00:00Z	4A	75	NA	NA	NA	NA	NA	NA	NA	2018	4A75	4	A				NA	flowering > dead_nf > dead_nf	flowering	dead_nf	dead_nf	FALSE	Addition	Addition	NA	114	NA	114	Early	114	early	2018-04-24T18:00:00Z	119	-5	157	222	212	7.917959090348241	128.45676240123066	136.3747214915789	NA	NA	NA	NA	NA	3	1.953125	NA	5.8500000000000005
NA	2018-07-03T00:00:00Z	4A	90	NA	NA	NA	NA	NA	NA	NA	2018	4A90	4	A				NA	flowering > dead_nf > dead_nf	flowering	dead_nf	dead_nf	FALSE	Addition	Addition	NA	114	NA	114	Early	114	early	2018-04-24T18:00:00Z	119	-5	157	222	212	7.917959090348241	128.45676240123066	136.3747214915789	NA	44	NA	NA	NA	2	1.484375	78.18655515	5.8500000000000005
NA	2018-07-17T00:00:00Z	4A	90	NA	NA	NA	NA	NA	NA	NA	2018	4A90	4	A				NA	flowering > dead_nf > dead_nf	flowering	dead_nf	dead_nf	FALSE	Addition	Addition	NA	114	NA	114	Early	114	early	2018-04-24T18:00:00Z	119	-5	157	222	212	7.917959090348241	128.45676240123066	136.3747214915789	NA	36	NA	NA	NA	2	2.1875	91.0304262	5.8500000000000005
NA	2018-07-07T00:00:00Z	4A	94	NA	NA	NA	NA	NA	NA	NA	2018	4A94	4	A				NA	flowering > dead_nf > dead_nf	flowering	dead_nf	dead_nf	FALSE	Addition	Addition	NA	114	NA	114	Early	114	early	2018-04-24T18:00:00Z	119	-5	157	222	212	7.917959090348241	128.45676240123066	136.3747214915789	NA	33	NA	NA	NA	3	0.9375	35.3031921	5.8500000000000005
NA	2018-07-30T00:00:00Z	4A	94	NA	NA	NA	NA	NA	NA	NA	2018	4A94	4	A				NA	flowering > dead_nf > dead_nf	flowering	dead_nf	dead_nf	FALSE	Addition	Addition	NA	114	NA	114	Early	114	early	2018-04-24T18:00:00Z	119	-5	157	222	212	7.917959090348241	128.45676240123066	136.3747214915789	NA	33	NA	NA	NA	3	0.9375	35.3031921	5.8500000000000005
NA	2018-07-03T00:00:00Z	4A	94	NA	NA	NA	NA	NA	NA	NA	2018	4A94	4	A				NA	flowering > dead_nf > dead_nf	flowering	dead_nf	dead_nf	FALSE	Addition	Addition	NA	114	NA	114	Early	114	early	2018-04-24T18:00:00Z	119	-5	157	222	212	7.917959090348241	128.45676240123066	136.3747214915789	NA	31	NA	NA	NA	3	2.734375	95.90490634374999	5.8500000000000005
NA	2018-07-17T00:00:00Z	4A	117	NA	NA	NA	NA	NA	NA	NA	2018	4A117	4	A		pheno20		NA	flowering > dead_nf > dead_nf	flowering	dead_nf	dead_nf	FALSE	Addition	Addition	NA	114	NA	114	Early	114	early	2018-04-24T18:00:00Z	119	-5	157	222	212	7.917959090348241	128.45676240123066	136.3747214915789	NA	26	NA	NA	NA	1	3.203125	92.2597615875	5.8500000000000005
NA	2018-07-02T00:00:00Z	4B	175	NA	NA	NA	NA	NA	NA	NA	2018	4B175	4	B				NA	flowering > dead_nf > dead_nf	flowering	dead_nf	dead_nf	FALSE	Control	Mock rainout	NA	114	NA	114	Early	114	early	2018-04-24T18:00:00Z	119	-5	157	222	212	7.917959090348241	32.20676240123067	40.12472149157891	NA	NA	NA	NA	NA	1	0	NA	3.38
NA	2018-07-07T00:00:00Z	4B	181	NA	NA	NA	NA	NA	NA	NA	2018	4B181	4	B				NA	flowering > dead_nf > dead_nf	flowering	dead_nf	dead_nf	FALSE	Control	Mock rainout	NA	114	NA	114	Early	114	early	2018-04-24T18:00:00Z	119	-5	157	222	212	7.917959090348241	32.20676240123067	40.12472149157891	NA	NA	NA	NA	NA	2	0	NA	3.38
NA	2018-07-30T00:00:00Z	4B	181	NA	NA	NA	NA	NA	NA	NA	2018	4B181	4	B				NA	flowering > dead_nf > dead_nf	flowering	dead_nf	dead_nf	FALSE	Control	Mock rainout	NA	114	NA	114	Early	114	early	2018-04-24T18:00:00Z	119	-5	157	222	212	7.917959090348241	32.20676240123067	40.12472149157891	NA	NA	NA	NA	NA	2	0	NA	3.38
NA	2018-07-03T00:00:00Z	4B	185	NA	NA	NA	NA	NA	NA	NA	2018	4B185	4	B				NA	flowering > dead_nf > dead_nf	flowering	dead_nf	dead_nf	FALSE	Control	Mock rainout	NA	114	NA	114	Early	114	early	2018-04-24T18:00:00Z	119	-5	157	222	212	7.917959090348241	32.20676240123067	40.12472149157891	NA	NA	NA	NA	NA	3	0	NA	3.38
NA	2018-07-07T00:00:00Z	4B	185	NA	NA	NA	NA	NA	NA	NA	2018	4B185	4	B				NA	flowering > dead_nf > dead_nf	flowering	dead_nf	dead_nf	FALSE	Control	Mock rainout	NA	114	NA	114	Early	114	early	2018-04-24T18:00:00Z	119	-5	157	222	212	7.917959090348241	32.20676240123067	40.12472149157891	NA	45	NA	NA	NA	3	0.1953125	10.56821484375	3.38
NA	2018-07-30T00:00:00Z	4B	185	NA	NA	NA	NA	NA	NA	NA	2018	4B185	4	B				NA	flowering > dead_nf > dead_nf	flowering	dead_nf	dead_nf	FALSE	Control	Mock rainout	NA	114	NA	114	Early	114	early	2018-04-24T18:00:00Z	119	-5	157	222	212	7.917959090348241	32.20676240123067	40.12472149157891	NA	45	NA	NA	NA	3	0.1953125	10.56821484375	3.38
NA	2018-07-07T00:00:00Z	4B	192	NA	NA	NA	NA	NA	NA	NA	2018	4B192	4	B				NA	flowering > dead_nf > dead_nf	flowering	dead_nf	dead_nf	FALSE	Control	Mock rainout	NA	114	NA	114	Early	114	early	2018-04-24T18:00:00Z	119	-5	157	222	212	7.917959090348241	32.20676240123067	40.12472149157891	NA	31	NA	NA	NA	3	0.8984375	31.511612084375002	3.38
NA	2018-07-30T00:00:00Z	4B	192	NA	NA	NA	NA	NA	NA	NA	2018	4B192	4	B				NA	flowering > dead_nf > dead_nf	flowering	dead_nf	dead_nf	FALSE	Control	Mock rainout	NA	114	NA	114	Early	114	early	2018-04-24T18:00:00Z	119	-5	157	222	212	7.917959090348241	32.20676240123067	40.12472149157891	NA	31	NA	NA	NA	3	0.8984375	31.511612084375002	3.38
NA	2018-07-02T00:00:00Z	4B	192	NA	NA	NA	NA	NA	NA	NA	2018	4B192	4	B				NA	flowering > dead_nf > dead_nf	flowering	dead_nf	dead_nf	FALSE	Control	Mock rainout	NA	114	NA	114	Early	114	early	2018-04-24T18:00:00Z	119	-5	157	222	212	7.917959090348241	32.20676240123067	40.12472149157891	NA	36	NA	NA	NA	3	1.953125	81.27716625	3.38
NA	2018-07-03T00:00:00Z	4B	196	NA	NA	NA	NA	NA	NA	NA	2018	4B196	4	B				NA	flowering > dead_nf > dead_nf	flowering	dead_nf	dead_nf	FALSE	Control	Mock rainout	NA	114	NA	114	Early	114	early	2018-04-24T18:00:00Z	119	-5	157	222	212	7.917959090348241	32.20676240123067	40.12472149157891	NA	43	NA	NA	NA	1	0.625	32.03065915	3.38
NA	2018-07-07T00:00:00Z	4C	118	NA	NA	NA	NA	NA	NA	NA	2018	4C118	4	C				NA	flowering > dead_nf > dead_nf	flowering	dead_nf	dead_nf	FALSE	Control	Control	NA	114	NA	114	Early	114	early	2018-04-24T18:00:00Z	119	-5	157	222	212	7.917959090348241	32.20676240123067	40.12472149157891	NA	27	NA	NA	NA	3	1.0546875	31.678925090625	4.242285714285714
NA	2018-07-30T00:00:00Z	4C	118	NA	NA	NA	NA	NA	NA	NA	2018	4C118	4	C				NA	flowering > dead_nf > dead_nf	flowering	dead_nf	dead_nf	FALSE	Control	Control	NA	114	NA	114	Early	114	early	2018-04-24T18:00:00Z	119	-5	157	222	212	7.917959090348241	32.20676240123067	40.12472149157891	NA	27	NA	NA	NA	3	1.0546875	31.678925090625	4.242285714285714
NA	2018-07-02T00:00:00Z	4C	118	NA	NA	NA	NA	NA	NA	NA	2018	4C118	4	C				NA	flowering > dead_nf > dead_nf	flowering	dead_nf	dead_nf	FALSE	Control	Control	NA	114	NA	114	Early	114	early	2018-04-24T18:00:00Z	119	-5	157	222	212	7.917959090348241	32.20676240123067	40.12472149157891	NA	35	NA	NA	NA	3	1.953125	78.67904296875	4.242285714285714
NA	2018-07-07T00:00:00Z	4C	119	NA	NA	NA	NA	NA	NA	NA	2018	4C119	4	C				NA	flowering > dead_nf > dead_nf	flowering	dead_nf	dead_nf	FALSE	Control	Control	NA	114	NA	114	Early	114	early	2018-04-24T18:00:00Z	119	-5	157	222	212	7.917959090348241	32.20676240123067	40.12472149157891	NA	33.5	NA	NA	NA	5	0.9375	35.9149805578125	4.242285714285714
NA	2018-07-30T00:00:00Z	4C	119	NA	NA	NA	NA	NA	NA	NA	2018	4C119	4	C				NA	flowering > dead_nf > dead_nf	flowering	dead_nf	dead_nf	FALSE	Control	Control	NA	114	NA	114	Early	114	early	2018-04-24T18:00:00Z	119	-5	157	222	212	7.917959090348241	32.20676240123067	40.12472149157891	NA	33.5	NA	NA	NA	5	0.9375	35.9149805578125	4.242285714285714
NA	2018-07-17T00:00:00Z	4C	119	NA	NA	NA	NA	NA	NA	NA	2018	4C119	4	C				NA	flowering > dead_nf > dead_nf	flowering	dead_nf	dead_nf	FALSE	Control	Control	NA	114	NA	114	Early	114	early	2018-04-24T18:00:00Z	119	-5	157	222	212	7.917959090348241	32.20676240123067	40.12472149157891	NA	39	NA	NA	NA	5	1.015625	46.38669433124999	4.242285714285714
NA	2018-07-13T00:00:00Z	4C	119	NA	NA	NA	NA	NA	NA	NA	2018	4C119	4	C				NA	flowering > dead_nf > dead_nf	flowering	dead_nf	dead_nf	FALSE	Control	Control	NA	114	NA	114	Early	114	early	2018-04-24T18:00:00Z	119	-5	157	222	212	7.917959090348241	32.20676240123067	40.12472149157891	NA	24	NA	NA	NA	5	1.328125	35.018752199999994	4.242285714285714
NA	2018-07-02T00:00:00Z	4C	119	NA	NA	NA	NA	NA	NA	NA	2018	4C119	4	C				NA	flowering > dead_nf > dead_nf	flowering	dead_nf	dead_nf	FALSE	Control	Control	NA	114	NA	114	Early	114	early	2018-04-24T18:00:00Z	119	-5	157	222	212	7.917959090348241	32.20676240123067	40.12472149157891	NA	42	NA	NA	NA	5	1.71875	85.65763552499999	4.242285714285714
NA	2018-07-02T00:00:00Z	4D	26	NA	NA	NA	NA	NA	NA	NA	2018	4D26	4	D				NA	flowering > dead_nf > dead_nf	flowering	dead_nf	dead_nf	FALSE	Reduction	Reduction	NA	114	NA	114	Early	114	early	2018-04-24T18:00:00Z	119	-5	157	222	212	7.917959090348241	16.103381200615335	24.021340290963575	NA	NA	NA	NA	NA	1	0	NA	3.1750000000000003
NA	2018-07-02T00:00:00Z	4D	35	NA	NA	NA	NA	NA	NA	NA	2018	4D35	4	D				NA	flowering > flowering > vegetative	flowering	flowering	vegetative	FALSE	Reduction	Reduction	NA	114	NA	114	Early	114	early	2018-04-24T18:00:00Z	119	-5	157	222	212	7.917959090348241	16.103381200615335	24.021340290963575	NA	NA	NA	NA	NA	1	0	NA	3.1750000000000003
NA	2018-07-17T00:00:00Z	4D	45	NA	NA	NA	NA	NA	NA	NA	2018	4D45	4	D				NA	flowering > vegetative > dead_nf	flowering	vegetative	dead_nf	FALSE	Reduction	Reduction	NA	114	NA	114	Early	114	early	2018-04-24T18:00:00Z	119	-5	157	222	212	7.917959090348241	16.103381200615335	24.021340290963575	NA	44	NA	NA	NA	1	0.546875	28.805572950000002	3.1750000000000003
NA	2018-07-17T00:00:00Z	5A	173	NA	NA	NA	NA	NA	NA	NA	2018	5A173	5	A				NA	flowering > vegetative > dead_nf	flowering	vegetative	dead_nf	FALSE	Addition	Addition	2018-04-24T19:00:00Z	114	2018-04-24T19:00:00Z	114	Early	114	early	2018-04-24T18:00:00Z	119	-5	157	222	212	7.917959090348241	128.45676240123066	136.3747214915789	NA	30	NA	NA	NA	2	1.484375	50.16970781249999	5.02
NA	2018-07-13T00:00:00Z	5A	173	NA	NA	NA	NA	NA	NA	NA	2018	5A173	5	A				NA	flowering > vegetative > dead_nf	flowering	vegetative	dead_nf	FALSE	Addition	Addition	2018-04-24T19:00:00Z	114	2018-04-24T19:00:00Z	114	Early	114	early	2018-04-24T18:00:00Z	119	-5	157	222	212	7.917959090348241	128.45676240123066	136.3747214915789	NA	20.5	NA	NA	NA	2	2.1875	48.5619932984375	5.02
NA	2018-07-17T00:00:00Z	5A	175	NA	NA	NA	NA	NA	NA	NA	2018	5A175	5	A				NA	flowering > dead_nf > dead_nf	flowering	dead_nf	dead_nf	FALSE	Addition	Addition	2018-04-24T19:00:00Z	114	2018-04-24T19:00:00Z	114	Early	114	early	2018-04-24T18:00:00Z	119	-5	157	222	212	7.917959090348241	128.45676240123066	136.3747214915789	NA	28	NA	NA	NA	3	0.625	19.5499444	5.02
NA	2018-07-03T00:00:00Z	5A	175	NA	NA	NA	NA	NA	NA	NA	2018	5A175	5	A				NA	flowering > dead_nf > dead_nf	flowering	dead_nf	dead_nf	FALSE	Addition	Addition	2018-04-24T19:00:00Z	114	2018-04-24T19:00:00Z	114	Early	114	early	2018-04-24T18:00:00Z	119	-5	157	222	212	7.917959090348241	128.45676240123066	136.3747214915789	NA	28	NA	NA	NA	3	2.8125	87.9747498	5.02
NA	2018-06-29T00:00:00Z	5A	175	NA	NA	NA	NA	NA	NA	NA	2018	5A175	5	A				NA	flowering > dead_nf > dead_nf	flowering	dead_nf	dead_nf	FALSE	Addition	Addition	2018-04-24T19:00:00Z	114	2018-04-24T19:00:00Z	114	Early	114	early	2018-04-24T18:00:00Z	119	-5	157	222	212	7.917959090348241	128.45676240123066	136.3747214915789	NA	33	NA	NA	NA	3	5.625	211.8191526	5.02
NA	2018-07-03T00:00:00Z	5A	176	NA	NA	NA	NA	NA	NA	NA	2018	5A176	5	A				NA	flowering > dead_nf > dead_nf	flowering	dead_nf	dead_nf	FALSE	Addition	Addition	2018-04-24T19:00:00Z	114	2018-04-24T19:00:00Z	114	Early	114	early	2018-04-24T18:00:00Z	119	-5	157	222	212	7.917959090348241	128.45676240123066	136.3747214915789	NA	29	NA	NA	NA	1	1.171875	38.1257218125	5.02
NA	2018-07-07T00:00:00Z	5A	180	NA	NA	NA	NA	NA	NA	NA	2018	5A180	5	A				NA	flowering > vegetative > flowering	flowering	vegetative	flowering	FALSE	Addition	Addition	2018-04-24T19:00:00Z	114	2018-04-24T19:00:00Z	114	Early	114	early	2018-04-24T18:00:00Z	119	-5	157	222	212	7.917959090348241	128.45676240123066	136.3747214915789	NA	NA	NA	NA	NA	3	0	NA	5.02
NA	2018-07-30T00:00:00Z	5A	180	NA	NA	NA	NA	NA	NA	NA	2018	5A180	5	A				NA	flowering > vegetative > flowering	flowering	vegetative	flowering	FALSE	Addition	Addition	2018-04-24T19:00:00Z	114	2018-04-24T19:00:00Z	114	Early	114	early	2018-04-24T18:00:00Z	119	-5	157	222	212	7.917959090348241	128.45676240123066	136.3747214915789	NA	NA	NA	NA	NA	3	0	NA	5.02
NA	2018-06-29T00:00:00Z	5A	180	NA	NA	NA	NA	NA	NA	NA	2018	5A180	5	A				NA	flowering > vegetative > flowering	flowering	vegetative	flowering	FALSE	Addition	Addition	2018-04-24T19:00:00Z	114	2018-04-24T19:00:00Z	114	Early	114	early	2018-04-24T18:00:00Z	119	-5	157	222	212	7.917959090348241	128.45676240123066	136.3747214915789	NA	16.5	NA	NA	NA	3	4.3359375	76.23007558417969	5.02
NA	2018-07-03T00:00:00Z	5A	181	NA	NA	NA	NA	NA	NA	NA	2018	5A181	5	A				NA	flowering > dead_nf > dead_nf	flowering	dead_nf	dead_nf	FALSE	Addition	Addition	2018-04-24T19:00:00Z	114	2018-04-24T19:00:00Z	114	Early	114	early	2018-04-24T18:00:00Z	119	-5	157	222	212	7.917959090348241	128.45676240123066	136.3747214915789	NA	27.5	NA	NA	NA	1	4.21875	129.33343564453125	5.02
NA	2018-07-03T00:00:00Z	5A	182	NA	NA	NA	NA	NA	NA	NA	2018	5A182	5	A				NA	flowering > dead_nf > dead_nf	flowering	dead_nf	dead_nf	FALSE	Addition	Addition	2018-04-24T19:00:00Z	114	2018-04-24T19:00:00Z	114	Early	114	early	2018-04-24T18:00:00Z	119	-5	157	222	212	7.917959090348241	128.45676240123066	136.3747214915789	NA	31	NA	NA	NA	1	1.953125	68.50350453125	5.02
NA	2018-07-17T00:00:00Z	5A	189	NA	NA	NA	NA	NA	NA	NA	2018	5A189	5	A				NA	flowering > vegetative > flowering	flowering	vegetative	flowering	FALSE	Addition	Addition	2018-04-24T19:00:00Z	114	2018-04-24T19:00:00Z	114	Early	114	early	2018-04-24T18:00:00Z	119	-5	157	222	212	7.917959090348241	128.45676240123066	136.3747214915789	NA	NA	NA	NA	NA	4	0.703125	NA	5.02
NA	2018-07-13T00:00:00Z	5A	189	NA	NA	NA	NA	NA	NA	NA	2018	5A189	5	A				NA	flowering > vegetative > flowering	flowering	vegetative	flowering	FALSE	Addition	Addition	2018-04-24T19:00:00Z	114	2018-04-24T19:00:00Z	114	Early	114	early	2018-04-24T18:00:00Z	119	-5	157	222	212	7.917959090348241	128.45676240123066	136.3747214915789	NA	23	NA	NA	NA	4	2.421875	60.94434789375	5.02
NA	2018-07-03T00:00:00Z	5A	189	NA	NA	NA	NA	NA	NA	NA	2018	5A189	5	A				NA	flowering > vegetative > flowering	flowering	vegetative	flowering	FALSE	Addition	Addition	2018-04-24T19:00:00Z	114	2018-04-24T19:00:00Z	114	Early	114	early	2018-04-24T18:00:00Z	119	-5	157	222	212	7.917959090348241	128.45676240123066	136.3747214915789	NA	32	NA	NA	NA	4	4.453125	161.9148384	5.02
NA	2018-06-29T00:00:00Z	5A	189	NA	NA	NA	NA	NA	NA	NA	2018	5A189	5	A				NA	flowering > vegetative > flowering	flowering	vegetative	flowering	FALSE	Addition	Addition	2018-04-24T19:00:00Z	114	2018-04-24T19:00:00Z	114	Early	114	early	2018-04-24T18:00:00Z	119	-5	157	222	212	7.917959090348241	128.45676240123066	136.3747214915789	NA	41	NA	NA	NA	4	5.859375	283.81219875	5.02
NA	2018-07-13T00:00:00Z	5A	194	NA	NA	NA	NA	NA	NA	NA	2018	5A194	5	A				NA	vegetative > vegetative > vegetative	vegetative	vegetative	vegetative	FALSE	Addition	Addition	2018-04-24T19:00:00Z	114	2018-04-24T19:00:00Z	114	Early	114	early	2018-04-24T18:00:00Z	119	-5	157	222	212	7.917959090348241	128.45676240123066	136.3747214915789	NA	33.5	NA	NA	NA	1	1.015625	38.907895604296876	5.02
NA	2018-07-03T00:00:00Z	5B	15	NA	NA	NA	NA	NA	NA	NA	2018	5B15	5	B				NA	flowering > vegetative > dead_nf	flowering	vegetative	dead_nf	FALSE	Control	Mock rainout	2018-04-24T19:00:00Z	114	2018-04-24T19:00:00Z	114	Early	114	early	2018-04-24T18:00:00Z	119	-5	157	222	212	7.917959090348241	32.20676240123067	40.12472149157891	NA	42	NA	NA	NA	1	1.484375	73.9770488625	3.7775
NA	2018-07-07T00:00:00Z	5B	22	NA	NA	NA	NA	NA	NA	NA	2018	5B22	5	B				NA	flowering > dead_nf > dead_nf	flowering	dead_nf	dead_nf	FALSE	Control	Mock rainout	2018-04-24T19:00:00Z	114	2018-04-24T19:00:00Z	114	Early	114	early	2018-04-24T18:00:00Z	119	-5	157	222	212	7.917959090348241	32.20676240123067	40.12472149157891	NA	NA	NA	NA	NA	2	0	NA	3.7775
NA	2018-07-30T00:00:00Z	5B	22	NA	NA	NA	NA	NA	NA	NA	2018	5B22	5	B				NA	flowering > dead_nf > dead_nf	flowering	dead_nf	dead_nf	FALSE	Control	Mock rainout	2018-04-24T19:00:00Z	114	2018-04-24T19:00:00Z	114	Early	114	early	2018-04-24T18:00:00Z	119	-5	157	222	212	7.917959090348241	32.20676240123067	40.12472149157891	NA	NA	NA	NA	NA	2	0	NA	3.7775
NA	2018-07-13T00:00:00Z	5B	284	NA	NA	NA	NA	NA	NA	NA	2018	5B284	5	B				NA	flowering > dead_nf > dead_nf	flowering	dead_nf	dead_nf	FALSE	Control	Mock rainout	2018-04-24T19:00:00Z	114	2018-04-24T19:00:00Z	114	Early	114	early	2018-04-24T18:00:00Z	119	-5	157	222	212	7.917959090348241	32.20676240123067	40.12472149157891	NA	26.5	NA	NA	NA	3	0.46875	13.789873361718751	3.7775
NA	2018-07-07T00:00:00Z	5B	284	NA	NA	NA	NA	NA	NA	NA	2018	5B284	5	B				NA	flowering > dead_nf > dead_nf	flowering	dead_nf	dead_nf	FALSE	Control	Mock rainout	2018-04-24T19:00:00Z	114	2018-04-24T19:00:00Z	114	Early	114	early	2018-04-24T18:00:00Z	119	-5	157	222	212	7.917959090348241	32.20676240123067	40.12472149157891	NA	6	NA	NA	NA	3	1.953125	11.984258437500001	3.7775
NA	2018-07-30T00:00:00Z	5B	284	NA	NA	NA	NA	NA	NA	NA	2018	5B284	5	B				NA	flowering > dead_nf > dead_nf	flowering	dead_nf	dead_nf	FALSE	Control	Mock rainout	2018-04-24T19:00:00Z	114	2018-04-24T19:00:00Z	114	Early	114	early	2018-04-24T18:00:00Z	119	-5	157	222	212	7.917959090348241	32.20676240123067	40.12472149157891	NA	6	NA	NA	NA	3	1.953125	11.984258437500001	3.7775
NA	2018-07-07T00:00:00Z	5B	292	NA	NA	NA	NA	NA	NA	NA	2018	5B292	5	B				NA	flowering > dead_nf > dead_nf	flowering	dead_nf	dead_nf	FALSE	Control	Mock rainout	2018-04-24T19:00:00Z	114	2018-04-24T19:00:00Z	114	Early	114	early	2018-04-24T18:00:00Z	119	-5	157	222	212	7.917959090348241	32.20676240123067	40.12472149157891	NA	NA	NA	NA	NA	3	0	NA	3.7775
NA	2018-07-30T00:00:00Z	5B	292	NA	NA	NA	NA	NA	NA	NA	2018	5B292	5	B				NA	flowering > dead_nf > dead_nf	flowering	dead_nf	dead_nf	FALSE	Control	Mock rainout	2018-04-24T19:00:00Z	114	2018-04-24T19:00:00Z	114	Early	114	early	2018-04-24T18:00:00Z	119	-5	157	222	212	7.917959090348241	32.20676240123067	40.12472149157891	NA	NA	NA	NA	NA	3	0	NA	3.7775
NA	2018-07-02T00:00:00Z	5B	292	NA	NA	NA	NA	NA	NA	NA	2018	5B292	5	B				NA	flowering > dead_nf > dead_nf	flowering	dead_nf	dead_nf	FALSE	Control	Mock rainout	2018-04-24T19:00:00Z	114	2018-04-24T19:00:00Z	114	Early	114	early	2018-04-24T18:00:00Z	119	-5	157	222	212	7.917959090348241	32.20676240123067	40.12472149157891	NA	36.5	NA	NA	NA	3	0.625	26.427044128125	3.7775
NA	2018-07-07T00:00:00Z	5C	205	NA	NA	NA	NA	NA	NA	NA	2018	5C205	5	C				NA	flowering > dead_nf > dead_nf	flowering	dead_nf	dead_nf	FALSE	Reduction	Reduction	2018-04-24T19:00:00Z	114	2018-04-24T19:00:00Z	114	Early	114	early	2018-04-24T18:00:00Z	119	-5	157	222	212	7.917959090348241	16.103381200615335	24.021340290963575	NA	NA	NA	NA	NA	2	0	NA	3.12
NA	2018-07-30T00:00:00Z	5C	205	NA	NA	NA	NA	NA	NA	NA	2018	5C205	5	C				NA	flowering > dead_nf > dead_nf	flowering	dead_nf	dead_nf	FALSE	Reduction	Reduction	2018-04-24T19:00:00Z	114	2018-04-24T19:00:00Z	114	Early	114	early	2018-04-24T18:00:00Z	119	-5	157	222	212	7.917959090348241	16.103381200615335	24.021340290963575	NA	NA	NA	NA	NA	2	0	NA	3.12
NA	2018-06-29T00:00:00Z	5C	206	NA	NA	NA	NA	NA	NA	NA	2018	5C206	5	C				NA	flowering > dead_nf > dead_nf	flowering	dead_nf	dead_nf	FALSE	Reduction	Reduction	2018-04-24T19:00:00Z	114	2018-04-24T19:00:00Z	114	Early	114	early	2018-04-24T18:00:00Z	119	-5	157	222	212	7.917959090348241	16.103381200615335	24.021340290963575	NA	NA	NA	NA	NA	3	0	NA	3.12
NA	2018-07-07T00:00:00Z	5C	206	NA	NA	NA	NA	NA	NA	NA	2018	5C206	5	C				NA	flowering > dead_nf > dead_nf	flowering	dead_nf	dead_nf	FALSE	Reduction	Reduction	2018-04-24T19:00:00Z	114	2018-04-24T19:00:00Z	114	Early	114	early	2018-04-24T18:00:00Z	119	-5	157	222	212	7.917959090348241	16.103381200615335	24.021340290963575	NA	NA	NA	NA	NA	3	0	NA	3.12
NA	2018-07-30T00:00:00Z	5C	206	NA	NA	NA	NA	NA	NA	NA	2018	5C206	5	C				NA	flowering > dead_nf > dead_nf	flowering	dead_nf	dead_nf	FALSE	Reduction	Reduction	2018-04-24T19:00:00Z	114	2018-04-24T19:00:00Z	114	Early	114	early	2018-04-24T18:00:00Z	119	-5	157	222	212	7.917959090348241	16.103381200615335	24.021340290963575	NA	NA	NA	NA	NA	3	0	NA	3.12
NA	2018-07-02T00:00:00Z	5C	213	NA	NA	NA	NA	NA	NA	NA	2018	5C213	5	C				NA	flowering > dead_nf > dead_nf	flowering	dead_nf	dead_nf	FALSE	Reduction	Reduction	2018-04-24T19:00:00Z	114	2018-04-24T19:00:00Z	114	Early	114	early	2018-04-24T18:00:00Z	119	-5	157	222	212	7.917959090348241	16.103381200615335	24.021340290963575	NA	31	NA	NA	NA	1	1.5625	54.802803624999996	3.12
NA	2018-07-02T00:00:00Z	5C	215	NA	NA	NA	NA	NA	NA	NA	2018	5C215	5	C				NA	flowering > dead_nf > dead_nf	flowering	dead_nf	dead_nf	FALSE	Reduction	Reduction	2018-04-24T19:00:00Z	114	2018-04-24T19:00:00Z	114	Early	114	early	2018-04-24T18:00:00Z	119	-5	157	222	212	7.917959090348241	16.103381200615335	24.021340290963575	NA	33	NA	NA	NA	1	2.109375	79.43218222499999	3.12
NA	2018-07-07T00:00:00Z	5C	216	NA	NA	NA	NA	NA	NA	NA	2018	5C216	5	C				NA	flowering > dead_nf > dead_nf	flowering	dead_nf	dead_nf	FALSE	Reduction	Reduction	2018-04-24T19:00:00Z	114	2018-04-24T19:00:00Z	114	Early	114	early	2018-04-24T18:00:00Z	119	-5	157	222	212	7.917959090348241	16.103381200615335	24.021340290963575	NA	36	NA	NA	NA	3	0.3125	13.004346600000002	3.12
NA	2018-07-30T00:00:00Z	5C	216	NA	NA	NA	NA	NA	NA	NA	2018	5C216	5	C				NA	flowering > dead_nf > dead_nf	flowering	dead_nf	dead_nf	FALSE	Reduction	Reduction	2018-04-24T19:00:00Z	114	2018-04-24T19:00:00Z	114	Early	114	early	2018-04-24T18:00:00Z	119	-5	157	222	212	7.917959090348241	16.103381200615335	24.021340290963575	NA	36	NA	NA	NA	3	0.3125	13.004346600000002	3.12
NA	2018-07-13T00:00:00Z	5C	216	NA	NA	NA	NA	NA	NA	NA	2018	5C216	5	C				NA	flowering > dead_nf > dead_nf	flowering	dead_nf	dead_nf	FALSE	Reduction	Reduction	2018-04-24T19:00:00Z	114	2018-04-24T19:00:00Z	114	Early	114	early	2018-04-24T18:00:00Z	119	-5	157	222	212	7.917959090348241	16.103381200615335	24.021340290963575	NA	21	NA	NA	NA	3	1.09375	24.924132975	3.12
NA	2018-06-29T00:00:00Z	5C	220	NA	NA	NA	NA	NA	NA	NA	2018	5C220	5	C				NA	flowering > dead_nf > dead_nf	flowering	dead_nf	dead_nf	FALSE	Reduction	Reduction	2018-04-24T19:00:00Z	114	2018-04-24T19:00:00Z	114	Early	114	early	2018-04-24T18:00:00Z	119	-5	157	222	212	7.917959090348241	16.103381200615335	24.021340290963575	NA	NA	NA	NA	NA	1	1.6796875	NA	3.12
NA	2018-06-29T00:00:00Z	5C	222	NA	NA	NA	NA	NA	NA	NA	2018	5C222	5	C				NA	flowering > dead_nf > dead_nf	flowering	dead_nf	dead_nf	FALSE	Reduction	Reduction	2018-04-24T19:00:00Z	114	2018-04-24T19:00:00Z	114	Early	114	early	2018-04-24T18:00:00Z	119	-5	157	222	212	7.917959090348241	16.103381200615335	24.021340290963575	NA	NA	NA	NA	NA	1	1.1328125	NA	3.12
NA	2018-07-13T00:00:00Z	5D	226	NA	NA	NA	NA	NA	NA	NA	2018	5D226	5	D				NA	NA	NA	NA	NA	FALSE	Control	Control	2018-04-24T19:00:00Z	114	2018-04-24T19:00:00Z	114	Early	114	early	2018-04-24T18:00:00Z	119	-5	157	222	212	7.917959090348241	32.20676240123067	40.12472149157891	NA	28	NA	NA	NA	1	1.015625	31.768659649999996	3.7725
NA	2018-07-07T00:00:00Z	5D	228	NA	NA	NA	NA	NA	NA	NA	2018	5D228	5	D				NA	flowering > flowering > dead_nf	flowering	flowering	dead_nf	FALSE	Control	Control	2018-04-24T19:00:00Z	114	2018-04-24T19:00:00Z	114	Early	114	early	2018-04-24T18:00:00Z	119	-5	157	222	212	7.917959090348241	32.20676240123067	40.12472149157891	NA	NA	NA	NA	NA	2	0.2734375	NA	3.7725
NA	2018-07-30T00:00:00Z	5D	228	NA	NA	NA	NA	NA	NA	NA	2018	5D228	5	D				NA	flowering > flowering > dead_nf	flowering	flowering	dead_nf	FALSE	Control	Control	2018-04-24T19:00:00Z	114	2018-04-24T19:00:00Z	114	Early	114	early	2018-04-24T18:00:00Z	119	-5	157	222	212	7.917959090348241	32.20676240123067	40.12472149157891	NA	NA	NA	NA	NA	2	0.2734375	NA	3.7725
NA	2018-07-07T00:00:00Z	5D	232	NA	NA	NA	NA	NA	NA	NA	2018	5D232	5	D				NA	flowering > dead_nf > dead_nf	flowering	dead_nf	dead_nf	FALSE	Control	Control	2018-04-24T19:00:00Z	114	2018-04-24T19:00:00Z	114	Early	114	early	2018-04-24T18:00:00Z	119	-5	157	222	212	7.917959090348241	32.20676240123067	40.12472149157891	NA	34	NA	NA	NA	2	1.171875	45.661699312500005	3.7725
NA	2018-07-30T00:00:00Z	5D	232	NA	NA	NA	NA	NA	NA	NA	2018	5D232	5	D				NA	flowering > dead_nf > dead_nf	flowering	dead_nf	dead_nf	FALSE	Control	Control	2018-04-24T19:00:00Z	114	2018-04-24T19:00:00Z	114	Early	114	early	2018-04-24T18:00:00Z	119	-5	157	222	212	7.917959090348241	32.20676240123067	40.12472149157891	NA	34	NA	NA	NA	2	1.171875	45.661699312500005	3.7725
NA	2018-07-07T00:00:00Z	5D	245	NA	NA	NA	NA	NA	NA	NA	2018	5D245	5	D				NA	flowering > dead_nf > dead_nf	flowering	dead_nf	dead_nf	FALSE	Control	Control	2018-04-24T19:00:00Z	114	2018-04-24T19:00:00Z	114	Early	114	early	2018-04-24T18:00:00Z	119	-5	157	222	212	7.917959090348241	32.20676240123067	40.12472149157891	NA	NA	NA	NA	NA	3	0	NA	3.7725
NA	2018-07-30T00:00:00Z	5D	245	NA	NA	NA	NA	NA	NA	NA	2018	5D245	5	D				NA	flowering > dead_nf > dead_nf	flowering	dead_nf	dead_nf	FALSE	Control	Control	2018-04-24T19:00:00Z	114	2018-04-24T19:00:00Z	114	Early	114	early	2018-04-24T18:00:00Z	119	-5	157	222	212	7.917959090348241	32.20676240123067	40.12472149157891	NA	NA	NA	NA	NA	3	0	NA	3.7725
NA	2018-06-29T00:00:00Z	5D	245	NA	NA	NA	NA	NA	NA	NA	2018	5D245	5	D				NA	flowering > dead_nf > dead_nf	flowering	dead_nf	dead_nf	FALSE	Control	Control	2018-04-24T19:00:00Z	114	2018-04-24T19:00:00Z	114	Early	114	early	2018-04-24T18:00:00Z	119	-5	157	222	212	7.917959090348241	32.20676240123067	40.12472149157891	NA	34	NA	NA	NA	3	1.7578125	68.49254896875	3.7725
NA	2018-07-13T00:00:00Z	5D	258	NA	NA	NA	NA	NA	NA	NA	2018	5D258	5	D				NA	flowering > dead_nf > dead_nf	flowering	dead_nf	dead_nf	FALSE	Control	Control	2018-04-24T19:00:00Z	114	2018-04-24T19:00:00Z	114	Early	114	early	2018-04-24T18:00:00Z	119	-5	157	222	212	7.917959090348241	32.20676240123067	40.12472149157891	NA	20	NA	NA	NA	4	0.390625	8.44303125	3.7725
NA	2018-07-07T00:00:00Z	5D	258	NA	NA	NA	NA	NA	NA	NA	2018	5D258	5	D				NA	flowering > dead_nf > dead_nf	flowering	dead_nf	dead_nf	FALSE	Control	Control	2018-04-24T19:00:00Z	114	2018-04-24T19:00:00Z	114	Early	114	early	2018-04-24T18:00:00Z	119	-5	157	222	212	7.917959090348241	32.20676240123067	40.12472149157891	NA	20	NA	NA	NA	4	1.09375	23.6404875	3.7725
NA	2018-07-30T00:00:00Z	5D	258	NA	NA	NA	NA	NA	NA	NA	2018	5D258	5	D				NA	flowering > dead_nf > dead_nf	flowering	dead_nf	dead_nf	FALSE	Control	Control	2018-04-24T19:00:00Z	114	2018-04-24T19:00:00Z	114	Early	114	early	2018-04-24T18:00:00Z	119	-5	157	222	212	7.917959090348241	32.20676240123067	40.12472149157891	NA	20	NA	NA	NA	4	1.09375	23.6404875	3.7725
NA	2018-07-02T00:00:00Z	5D	258	NA	NA	NA	NA	NA	NA	NA	2018	5D258	5	D				NA	flowering > dead_nf > dead_nf	flowering	dead_nf	dead_nf	FALSE	Control	Control	2018-04-24T19:00:00Z	114	2018-04-24T19:00:00Z	114	Early	114	early	2018-04-24T18:00:00Z	119	-5	157	222	212	7.917959090348241	32.20676240123067	40.12472149157891	NA	31.5	NA	NA	NA	4	2.34375	83.70809778515624	3.7725
NA	2018-07-07T00:00:00Z	5D	283	NA	NA	NA	NA	NA	NA	NA	2018	5D283	5	D				NA	flowering > dead_nf > dead_nf	flowering	dead_nf	dead_nf	FALSE	Control	Control	2018-04-24T19:00:00Z	114	2018-04-24T19:00:00Z	114	Early	114	early	2018-04-24T18:00:00Z	119	-5	157	222	212	7.917959090348241	32.20676240123067	40.12472149157891	NA	42.5	NA	NA	NA	3	0.390625	19.742814697265626	3.7725
NA	2018-07-30T00:00:00Z	5D	283	NA	NA	NA	NA	NA	NA	NA	2018	5D283	5	D				NA	flowering > dead_nf > dead_nf	flowering	dead_nf	dead_nf	FALSE	Control	Control	2018-04-24T19:00:00Z	114	2018-04-24T19:00:00Z	114	Early	114	early	2018-04-24T18:00:00Z	119	-5	157	222	212	7.917959090348241	32.20676240123067	40.12472149157891	NA	42.5	NA	NA	NA	3	0.390625	19.742814697265626	3.7725
NA	2018-06-29T00:00:00Z	5D	283	NA	NA	NA	NA	NA	NA	NA	2018	5D283	5	D				NA	flowering > dead_nf > dead_nf	flowering	dead_nf	dead_nf	FALSE	Control	Control	2018-04-24T19:00:00Z	114	2018-04-24T19:00:00Z	114	Early	114	early	2018-04-24T18:00:00Z	119	-5	157	222	212	7.917959090348241	32.20676240123067	40.12472149157891	NA	36.5	NA	NA	NA	3	5.390625	227.9332556050781	3.7725
NA	2018-07-03T00:00:00Z	6A	125	NA	NA	NA	NA	NA	NA	NA	2018	6A125	6	A				NA	flowering > dead_nf > dead_nf	flowering	dead_nf	dead_nf	FALSE	Control	Control	2018-04-29T19:00:00Z	119	2018-04-29T19:00:00Z	119	Normal	119	normal	2018-04-29T18:00:00Z	119	0	157	222	212	7.3525465864861	32.20676240123067	39.55930898771677	NA	NA	NA	NA	NA	1	0.3125	NA	3.79525
NA	2018-07-07T00:00:00Z	6A	135	NA	NA	NA	NA	NA	NA	NA	2018	6A135	6	A				NA	flowering > dead_nf > dead_nf	flowering	dead_nf	dead_nf	FALSE	Control	Control	2018-04-29T19:00:00Z	119	2018-04-29T19:00:00Z	119	Normal	119	normal	2018-04-29T18:00:00Z	119	0	157	222	212	7.3525465864861	32.20676240123067	39.55930898771677	NA	NA	NA	NA	NA	2	0.2734375	NA	3.79525
NA	2018-07-30T00:00:00Z	6A	135	NA	NA	NA	NA	NA	NA	NA	2018	6A135	6	A				NA	flowering > dead_nf > dead_nf	flowering	dead_nf	dead_nf	FALSE	Control	Control	2018-04-29T19:00:00Z	119	2018-04-29T19:00:00Z	119	Normal	119	normal	2018-04-29T18:00:00Z	119	0	157	222	212	7.3525465864861	32.20676240123067	39.55930898771677	NA	NA	NA	NA	NA	2	0.2734375	NA	3.79525
NA	2018-07-02T00:00:00Z	6A	143	NA	NA	NA	NA	NA	NA	NA	2018	6A143	6	A				NA	flowering > dead_nf > dead_nf	flowering	dead_nf	dead_nf	FALSE	Control	Control	2018-04-29T19:00:00Z	119	2018-04-29T19:00:00Z	119	Normal	119	normal	2018-04-29T18:00:00Z	119	0	157	222	212	7.3525465864861	32.20676240123067	39.55930898771677	NA	NA	NA	NA	NA	2	0.390625	NA	3.79525
NA	2018-07-03T00:00:00Z	6A	143	NA	NA	NA	NA	NA	NA	NA	2018	6A143	6	A				NA	flowering > dead_nf > dead_nf	flowering	dead_nf	dead_nf	FALSE	Control	Control	2018-04-29T19:00:00Z	119	2018-04-29T19:00:00Z	119	Normal	119	normal	2018-04-29T18:00:00Z	119	0	157	222	212	7.3525465864861	32.20676240123067	39.55930898771677	NA	45	NA	NA	NA	2	0.390625	21.1364296875	3.79525
NA	2018-07-07T00:00:00Z	6A	151	NA	NA	NA	NA	NA	NA	NA	2018	6A151	6	A				NA	flowering > dead_nf > dead_nf	flowering	dead_nf	dead_nf	FALSE	Control	Control	2018-04-29T19:00:00Z	119	2018-04-29T19:00:00Z	119	Normal	119	normal	2018-04-29T18:00:00Z	119	0	157	222	212	7.3525465864861	32.20676240123067	39.55930898771677	NA	38	NA	NA	NA	3	0.703125	31.1544066375	3.79525
NA	2018-07-30T00:00:00Z	6A	151	NA	NA	NA	NA	NA	NA	NA	2018	6A151	6	A				NA	flowering > dead_nf > dead_nf	flowering	dead_nf	dead_nf	FALSE	Control	Control	2018-04-29T19:00:00Z	119	2018-04-29T19:00:00Z	119	Normal	119	normal	2018-04-29T18:00:00Z	119	0	157	222	212	7.3525465864861	32.20676240123067	39.55930898771677	NA	38	NA	NA	NA	3	0.703125	31.1544066375	3.79525
NA	2018-07-02T00:00:00Z	6A	151	NA	NA	NA	NA	NA	NA	NA	2018	6A151	6	A				NA	flowering > dead_nf > dead_nf	flowering	dead_nf	dead_nf	FALSE	Control	Control	2018-04-29T19:00:00Z	119	2018-04-29T19:00:00Z	119	Normal	119	normal	2018-04-29T18:00:00Z	119	0	157	222	212	7.3525465864861	32.20676240123067	39.55930898771677	NA	42.5	NA	NA	NA	3	1.328125	67.12556997070313	3.79525
NA	2018-07-07T00:00:00Z	6A	160	NA	NA	NA	NA	NA	NA	NA	2018	6A160	6	A				NA	flowering > dead_nf > dead_nf	flowering	dead_nf	dead_nf	FALSE	Control	Control	2018-04-29T19:00:00Z	119	2018-04-29T19:00:00Z	119	Normal	119	normal	2018-04-29T18:00:00Z	119	0	157	222	212	7.3525465864861	32.20676240123067	39.55930898771677	NA	NA	NA	NA	NA	2	0.078125	NA	3.79525
NA	2018-07-30T00:00:00Z	6A	160	NA	NA	NA	NA	NA	NA	NA	2018	6A160	6	A				NA	flowering > dead_nf > dead_nf	flowering	dead_nf	dead_nf	FALSE	Control	Control	2018-04-29T19:00:00Z	119	2018-04-29T19:00:00Z	119	Normal	119	normal	2018-04-29T18:00:00Z	119	0	157	222	212	7.3525465864861	32.20676240123067	39.55930898771677	NA	NA	NA	NA	NA	2	0.078125	NA	3.79525
NA	2018-07-07T00:00:00Z	6A	166	NA	NA	NA	NA	NA	NA	NA	2018	6A166	6	A				NA	flowering > dead_nf > dead_nf	flowering	dead_nf	dead_nf	FALSE	Control	Control	2018-04-29T19:00:00Z	119	2018-04-29T19:00:00Z	119	Normal	119	normal	2018-04-29T18:00:00Z	119	0	157	222	212	7.3525465864861	32.20676240123067	39.55930898771677	NA	NA	NA	NA	NA	2	0	NA	3.79525
NA	2018-07-30T00:00:00Z	6A	166	NA	NA	NA	NA	NA	NA	NA	2018	6A166	6	A				NA	flowering > dead_nf > dead_nf	flowering	dead_nf	dead_nf	FALSE	Control	Control	2018-04-29T19:00:00Z	119	2018-04-29T19:00:00Z	119	Normal	119	normal	2018-04-29T18:00:00Z	119	0	157	222	212	7.3525465864861	32.20676240123067	39.55930898771677	NA	NA	NA	NA	NA	2	0	NA	3.79525
NA	2018-07-07T00:00:00Z	6A	167	NA	NA	NA	NA	NA	NA	NA	2018	6A167	6	A				NA	flowering > dead_nf > dead_nf	flowering	dead_nf	dead_nf	FALSE	Control	Control	2018-04-29T19:00:00Z	119	2018-04-29T19:00:00Z	119	Normal	119	normal	2018-04-29T18:00:00Z	119	0	157	222	212	7.3525465864861	32.20676240123067	39.55930898771677	NA	35.5	NA	NA	NA	2	0.7421875	30.390633753320312	3.79525
NA	2018-07-30T00:00:00Z	6A	167	NA	NA	NA	NA	NA	NA	NA	2018	6A167	6	A				NA	flowering > dead_nf > dead_nf	flowering	dead_nf	dead_nf	FALSE	Control	Control	2018-04-29T19:00:00Z	119	2018-04-29T19:00:00Z	119	Normal	119	normal	2018-04-29T18:00:00Z	119	0	157	222	212	7.3525465864861	32.20676240123067	39.55930898771677	NA	35.5	NA	NA	NA	2	0.7421875	30.390633753320312	3.79525
NA	2018-07-07T00:00:00Z	6B	1	NA	NA	NA	NA	NA	NA	NA	2018	6B1	6	B				NA	flowering > dead_nf > dead_nf	flowering	dead_nf	dead_nf	FALSE	Reduction	Reduction	2018-04-29T19:00:00Z	119	2018-04-29T19:00:00Z	119	Normal	119	normal	2018-04-29T18:00:00Z	119	0	157	222	212	7.3525465864861	16.103381200615335	23.455927787101434	NA	NA	NA	NA	NA	2	0.15625	NA	2.9975
NA	2018-07-02T00:00:00Z	6B	1	NA	NA	NA	NA	NA	NA	NA	2018	6B1	6	B				NA	flowering > dead_nf > dead_nf	flowering	dead_nf	dead_nf	FALSE	Reduction	Reduction	2018-04-29T19:00:00Z	119	2018-04-29T19:00:00Z	119	Normal	119	normal	2018-04-29T18:00:00Z	119	0	157	222	212	7.3525465864861	16.103381200615335	23.455927787101434	NA	NA	NA	NA	NA	2	0.234375	NA	2.9975
NA	2018-07-03T00:00:00Z	6B	6	NA	NA	NA	NA	NA	NA	NA	2018	6B6	6	B				NA	flowering > dead_nf > dead_nf	flowering	dead_nf	dead_nf	FALSE	Reduction	Reduction	2018-04-29T19:00:00Z	119	2018-04-29T19:00:00Z	119	Normal	119	normal	2018-04-29T18:00:00Z	119	0	157	222	212	7.3525465864861	16.103381200615335	23.455927787101434	NA	33	NA	NA	NA	1	1.25	47.0709228	2.9975
NA	2018-07-07T00:00:00Z	6B	20	NA	NA	NA	NA	NA	NA	NA	2018	6B20	6	B				NA	flowering > dead_nf > dead_nf	flowering	dead_nf	dead_nf	FALSE	Reduction	Reduction	2018-04-29T19:00:00Z	119	2018-04-29T19:00:00Z	119	Normal	119	normal	2018-04-29T18:00:00Z	119	0	157	222	212	7.3525465864861	16.103381200615335	23.455927787101434	NA	NA	NA	NA	NA	2	0.546875	NA	2.9975
NA	2018-07-30T00:00:00Z	6B	20	NA	NA	NA	NA	NA	NA	NA	2018	6B20	6	B				NA	flowering > dead_nf > dead_nf	flowering	dead_nf	dead_nf	FALSE	Reduction	Reduction	2018-04-29T19:00:00Z	119	2018-04-29T19:00:00Z	119	Normal	119	normal	2018-04-29T18:00:00Z	119	0	157	222	212	7.3525465864861	16.103381200615335	23.455927787101434	NA	NA	NA	NA	NA	2	0.546875	NA	2.9975
NA	2018-07-17T00:00:00Z	6B	25	NA	NA	NA	NA	NA	NA	NA	2018	6B25	6	B				NA	flowering > dead_nf > dead_nf	flowering	dead_nf	dead_nf	FALSE	Reduction	Reduction	2018-04-29T19:00:00Z	119	2018-04-29T19:00:00Z	119	Normal	119	normal	2018-04-29T18:00:00Z	119	0	157	222	212	7.3525465864861	16.103381200615335	23.455927787101434	NA	26	NA	NA	NA	1	1.875	54.0057141	2.9975
NA	2018-06-29T00:00:00Z	6B	26	NA	NA	NA	NA	NA	NA	NA	2018	6B26	6	B				NA	flowering > dead_nf > dead_nf	flowering	dead_nf	dead_nf	FALSE	Reduction	Reduction	2018-04-29T19:00:00Z	119	2018-04-29T19:00:00Z	119	Normal	119	normal	2018-04-29T18:00:00Z	119	0	157	222	212	7.3525465864861	16.103381200615335	23.455927787101434	NA	45	NA	NA	NA	1	0.7421875	40.15921640625	2.9975
NA	2018-07-07T00:00:00Z	6B	28	NA	NA	NA	NA	NA	NA	NA	2018	6B28	6	B				NA	flowering > dead_nf > dead_nf	flowering	dead_nf	dead_nf	FALSE	Reduction	Reduction	2018-04-29T19:00:00Z	119	2018-04-29T19:00:00Z	119	Normal	119	normal	2018-04-29T18:00:00Z	119	0	157	222	212	7.3525465864861	16.103381200615335	23.455927787101434	NA	25.5	NA	NA	NA	3	0.46875	13.214181241406251	2.9975
NA	2018-07-30T00:00:00Z	6B	28	NA	NA	NA	NA	NA	NA	NA	2018	6B28	6	B				NA	flowering > dead_nf > dead_nf	flowering	dead_nf	dead_nf	FALSE	Reduction	Reduction	2018-04-29T19:00:00Z	119	2018-04-29T19:00:00Z	119	Normal	119	normal	2018-04-29T18:00:00Z	119	0	157	222	212	7.3525465864861	16.103381200615335	23.455927787101434	NA	25.5	NA	NA	NA	3	0.46875	13.214181241406251	2.9975
NA	2018-07-13T00:00:00Z	6B	28	NA	NA	NA	NA	NA	NA	NA	2018	6B28	6	B				NA	flowering > dead_nf > dead_nf	flowering	dead_nf	dead_nf	FALSE	Reduction	Reduction	2018-04-29T19:00:00Z	119	2018-04-29T19:00:00Z	119	Normal	119	normal	2018-04-29T18:00:00Z	119	0	157	222	212	7.3525465864861	16.103381200615335	23.455927787101434	NA	27	NA	NA	NA	3	1.5625	46.931740875	2.9975
NA	2018-07-03T00:00:00Z	6B	32	NA	NA	NA	NA	NA	NA	NA	2018	6B32	6	B				NA	flowering > dead_nf > dead_nf	flowering	dead_nf	dead_nf	FALSE	Reduction	Reduction	2018-04-29T19:00:00Z	119	2018-04-29T19:00:00Z	119	Normal	119	normal	2018-04-29T18:00:00Z	119	0	157	222	212	7.3525465864861	16.103381200615335	23.455927787101434	NA	31	NA	NA	NA	2	0.625	21.92112145	2.9975
NA	2018-07-02T00:00:00Z	6B	32	NA	NA	NA	NA	NA	NA	NA	2018	6B32	6	B				NA	flowering > dead_nf > dead_nf	flowering	dead_nf	dead_nf	FALSE	Reduction	Reduction	2018-04-29T19:00:00Z	119	2018-04-29T19:00:00Z	119	Normal	119	normal	2018-04-29T18:00:00Z	119	0	157	222	212	7.3525465864861	16.103381200615335	23.455927787101434	NA	33	NA	NA	NA	2	1.328125	50.012855474999995	2.9975
NA	2018-07-03T00:00:00Z	6B	34	NA	NA	NA	NA	NA	NA	NA	2018	6B34	6	B				NA	flowering > dead_nf > dead_nf	flowering	dead_nf	dead_nf	FALSE	Reduction	Reduction	2018-04-29T19:00:00Z	119	2018-04-29T19:00:00Z	119	Normal	119	normal	2018-04-29T18:00:00Z	119	0	157	222	212	7.3525465864861	16.103381200615335	23.455927787101434	NA	NA	NA	NA	NA	2	0	NA	2.9975
NA	2018-06-29T00:00:00Z	6B	34	NA	NA	NA	NA	NA	NA	NA	2018	6B34	6	B				NA	flowering > dead_nf > dead_nf	flowering	dead_nf	dead_nf	FALSE	Reduction	Reduction	2018-04-29T19:00:00Z	119	2018-04-29T19:00:00Z	119	Normal	119	normal	2018-04-29T18:00:00Z	119	0	157	222	212	7.3525465864861	16.103381200615335	23.455927787101434	NA	43	NA	NA	NA	2	1.171875	60.057485906249994	2.9975
NA	2018-07-17T00:00:00Z	6C	87	NA	NA	NA	NA	NA	NA	NA	2018	6C87	6	C				NA	flowering > dead_nf > dead_nf	flowering	dead_nf	dead_nf	FALSE	Control	Mock rainout	2018-04-29T19:00:00Z	119	2018-04-29T19:00:00Z	119	Normal	119	normal	2018-04-29T18:00:00Z	119	0	157	222	212	7.3525465864861	32.20676240123067	39.55930898771677	NA	27	NA	NA	NA	1	2.1875	65.704437225	3.9375
NA	2018-07-03T00:00:00Z	6C	103	NA	NA	NA	NA	NA	NA	NA	2018	6C103	6	C				NA	flowering > dead_nf > dead_nf	flowering	dead_nf	dead_nf	FALSE	Control	Mock rainout	2018-04-29T19:00:00Z	119	2018-04-29T19:00:00Z	119	Normal	119	normal	2018-04-29T18:00:00Z	119	0	157	222	212	7.3525465864861	32.20676240123067	39.55930898771677	NA	52	NA	NA	NA	2	1.796875	115.92398935	3.9375
NA	2018-07-02T00:00:00Z	6C	103	NA	NA	NA	NA	NA	NA	NA	2018	6C103	6	C				NA	flowering > dead_nf > dead_nf	flowering	dead_nf	dead_nf	FALSE	Control	Mock rainout	2018-04-29T19:00:00Z	119	2018-04-29T19:00:00Z	119	Normal	119	normal	2018-04-29T18:00:00Z	119	0	157	222	212	7.3525465864861	32.20676240123067	39.55930898771677	NA	36	NA	NA	NA	2	2.5	104.03477280000001	3.9375
NA	2018-07-17T00:00:00Z	6C	106	NA	NA	NA	NA	NA	NA	NA	2018	6C106	6	C				NA	flowering > dead_nf > dead_nf	flowering	dead_nf	dead_nf	FALSE	Control	Mock rainout	2018-04-29T19:00:00Z	119	2018-04-29T19:00:00Z	119	Normal	119	normal	2018-04-29T18:00:00Z	119	0	157	222	212	7.3525465864861	32.20676240123067	39.55930898771677	NA	31	NA	NA	NA	2	0.46875	16.440841087499997	3.9375
NA	2018-07-03T00:00:00Z	6C	106	NA	NA	NA	NA	NA	NA	NA	2018	6C106	6	C				NA	flowering > dead_nf > dead_nf	flowering	dead_nf	dead_nf	FALSE	Control	Mock rainout	2018-04-29T19:00:00Z	119	2018-04-29T19:00:00Z	119	Normal	119	normal	2018-04-29T18:00:00Z	119	0	157	222	212	7.3525465864861	32.20676240123067	39.55930898771677	NA	28	NA	NA	NA	2	3.671875	114.85592335000001	3.9375
NA	2018-07-17T00:00:00Z	6C	109	NA	NA	NA	NA	NA	NA	NA	2018	6C109	6	C				NA	flowering > dead_nf > dead_nf	flowering	dead_nf	dead_nf	FALSE	Control	Mock rainout	2018-04-29T19:00:00Z	119	2018-04-29T19:00:00Z	119	Normal	119	normal	2018-04-29T18:00:00Z	119	0	157	222	212	7.3525465864861	32.20676240123067	39.55930898771677	NA	29	NA	NA	NA	1	2.1875	71.16801405	3.9375
NA	2018-07-13T00:00:00Z	6D	38	NA	NA	NA	NA	NA	NA	NA	2018	6D38	6	D				NA	flowering > dead_nf > dead_nf	flowering	dead_nf	dead_nf	FALSE	Addition	Addition	2018-04-29T19:00:00Z	119	2018-04-29T19:00:00Z	119	Normal	119	normal	2018-04-29T18:00:00Z	119	0	157	222	212	7.3525465864861	128.45676240123066	135.80930898771678	NA	18	NA	NA	NA	2	1.484375	28.6417112625	6.1325
NA	2018-07-07T00:00:00Z	6D	38	NA	NA	NA	NA	NA	NA	NA	2018	6D38	6	D				NA	flowering > dead_nf > dead_nf	flowering	dead_nf	dead_nf	FALSE	Addition	Addition	2018-04-29T19:00:00Z	119	2018-04-29T19:00:00Z	119	Normal	119	normal	2018-04-29T18:00:00Z	119	0	157	222	212	7.3525465864861	128.45676240123066	135.80930898771678	NA	29	NA	NA	NA	2	1.875	61.001154899999996	6.1325
NA	2018-07-07T00:00:00Z	6D	44	NA	NA	NA	NA	NA	NA	NA	2018	6D44	6	D				NA	flowering > dead_nf > dead_nf	flowering	dead_nf	dead_nf	FALSE	Addition	Addition	2018-04-29T19:00:00Z	119	2018-04-29T19:00:00Z	119	Normal	119	normal	2018-04-29T18:00:00Z	119	0	157	222	212	7.3525465864861	128.45676240123066	135.80930898771678	NA	29.5	NA	NA	NA	2	1.3671875	45.34266219628907	6.1325
NA	2018-07-02T00:00:00Z	6D	44	NA	NA	NA	NA	NA	NA	NA	2018	6D44	6	D				NA	flowering > dead_nf > dead_nf	flowering	dead_nf	dead_nf	FALSE	Addition	Addition	2018-04-29T19:00:00Z	119	2018-04-29T19:00:00Z	119	Normal	119	normal	2018-04-29T18:00:00Z	119	0	157	222	212	7.3525465864861	128.45676240123066	135.80930898771678	NA	49	NA	NA	NA	2	2.5	149.9463112	6.1325
NA	2018-07-03T00:00:00Z	6D	47	NA	NA	NA	NA	NA	NA	NA	2018	6D47	6	D				NA	flowering > dead_nf > dead_nf	flowering	dead_nf	dead_nf	FALSE	Addition	Addition	2018-04-29T19:00:00Z	119	2018-04-29T19:00:00Z	119	Normal	119	normal	2018-04-29T18:00:00Z	119	0	157	222	212	7.3525465864861	128.45676240123066	135.80930898771678	NA	37.5	NA	NA	NA	1	1.484375	64.76409301757813	6.1325
NA	2018-07-03T00:00:00Z	6D	51	NA	NA	NA	NA	NA	NA	NA	2018	6D51	6	D				NA	flowering > dead_nf > dead_nf	flowering	dead_nf	dead_nf	FALSE	Addition	Addition	2018-04-29T19:00:00Z	119	2018-04-29T19:00:00Z	119	Normal	119	normal	2018-04-29T18:00:00Z	119	0	157	222	212	7.3525465864861	128.45676240123066	135.80930898771678	NA	NA	NA	NA	NA	1	0	NA	6.1325
NA	2018-06-29T00:00:00Z	6D	54	NA	NA	NA	NA	NA	NA	NA	2018	6D54	6	D				NA	flowering > dead_nf > dead_nf	flowering	dead_nf	dead_nf	FALSE	Addition	Addition	2018-04-29T19:00:00Z	119	2018-04-29T19:00:00Z	119	Normal	119	normal	2018-04-29T18:00:00Z	119	0	157	222	212	7.3525465864861	128.45676240123066	135.80930898771678	NA	32.5	NA	NA	NA	2	2.109375	78.06145737304688	6.1325
NA	2018-07-03T00:00:00Z	6D	54	NA	NA	NA	NA	NA	NA	NA	2018	6D54	6	D				NA	flowering > dead_nf > dead_nf	flowering	dead_nf	dead_nf	FALSE	Addition	Addition	2018-04-29T19:00:00Z	119	2018-04-29T19:00:00Z	119	Normal	119	normal	2018-04-29T18:00:00Z	119	0	157	222	212	7.3525465864861	128.45676240123066	135.80930898771678	NA	25	NA	NA	NA	2	2.109375	58.176562499999996	6.1325
NA	2018-07-07T00:00:00Z	6D	55	NA	NA	NA	NA	NA	NA	NA	2018	6D55	6	D				NA	flowering > dead_nf > dead_nf	flowering	dead_nf	dead_nf	FALSE	Addition	Addition	2018-04-29T19:00:00Z	119	2018-04-29T19:00:00Z	119	Normal	119	normal	2018-04-29T18:00:00Z	119	0	157	222	212	7.3525465864861	128.45676240123066	135.80930898771678	NA	NA	NA	NA	NA	2	0.234375	NA	6.1325
NA	2018-07-13T00:00:00Z	6D	55	NA	NA	NA	NA	NA	NA	NA	2018	6D55	6	D				NA	flowering > dead_nf > dead_nf	flowering	dead_nf	dead_nf	FALSE	Addition	Addition	2018-04-29T19:00:00Z	119	2018-04-29T19:00:00Z	119	Normal	119	normal	2018-04-29T18:00:00Z	119	0	157	222	212	7.3525465864861	128.45676240123066	135.80930898771678	NA	20	NA	NA	NA	2	1.171875	25.32909375	6.1325
NA	2018-07-02T00:00:00Z	6D	66	NA	NA	NA	NA	NA	NA	NA	2018	6D66	6	D				NA	flowering > dead_nf > dead_nf	flowering	dead_nf	dead_nf	FALSE	Addition	Addition	2018-04-29T19:00:00Z	119	2018-04-29T19:00:00Z	119	Normal	119	normal	2018-04-29T18:00:00Z	119	0	157	222	212	7.3525465864861	128.45676240123066	135.80930898771678	NA	NA	NA	NA	NA	2	0	NA	6.1325
NA	2018-07-07T00:00:00Z	6D	66	NA	NA	NA	NA	NA	NA	NA	2018	6D66	6	D				NA	flowering > dead_nf > dead_nf	flowering	dead_nf	dead_nf	FALSE	Addition	Addition	2018-04-29T19:00:00Z	119	2018-04-29T19:00:00Z	119	Normal	119	normal	2018-04-29T18:00:00Z	119	0	157	222	212	7.3525465864861	128.45676240123066	135.80930898771678	NA	NA	NA	NA	NA	2	0	NA	6.1325
NA	2018-07-07T00:00:00Z	6D	271	NA	NA	NA	NA	NA	NA	NA	2018	6D271	6	D				NA	NA	NA	NA	NA	FALSE	Addition	Addition	2018-04-29T19:00:00Z	119	2018-04-29T19:00:00Z	119	Normal	119	normal	2018-04-29T18:00:00Z	119	0	157	222	212	7.3525465864861	128.45676240123066	135.80930898771678	NA	47	NA	NA	NA	1	0.5078125	28.954852753125	6.1325
NA	2019-08-07T00:00:00Z	1B	648	NA	NA	NA	NA	NA	NA	NA	2019	1B648	1	B				NA	vegetative > flowering > dead_nf	vegetative	flowering	dead_nf	FALSE	Control	Control	2019-06-06T17:00:00Z	157	2019-06-06T15:00:00Z	157	Normal	157	normal	2019-06-06T18:00:00Z	157.75	-0.75	175	227	219	18.420841963803518	26.20513324528178	44.6259752090853	NA	NA	NA	NA	NA	NA	0	NA	5.908571428571428
NA	NA	1A	236	NA	NA	NA	NA	NA	NA	NA	2019	1A236	1	A				NA	vegetative > flowering > dead_nf	vegetative	flowering	dead_nf	FALSE	Addition	Addition	2019-06-06T17:00:00Z	157	2019-06-06T15:00:00Z	157	Normal	157	normal	2019-06-06T18:00:00Z	157.75	-0.75	175	227	219	18.420841963803518	103.20513324528179	121.62597520908531	NA	NA	NA	NA	NA	NA	0	NA	6.9775
NA	NA	3D	896	NA	NA	NA	NA	NA	NA	Date was 2020-08-23 - error? Removed for now	2019	3D896	3	D				NA	vegetative > flowering > dead_nf	vegetative	flowering	dead_nf	FALSE	Control	Control	2019-06-07T14:00:00Z	158	2019-06-06T19:00:00Z	157	Normal	158	normal	2019-06-07T18:00:00Z	157.75	0.25	175	227	219	18.420841963803518	26.20513324528178	44.6259752090853	NA	32	NA	NA	NA	NA	0.078125	2.8406112	3.9875
NA	2019-07-31T00:00:00Z	5C	214	NA	NA	NA	NA	NA	NA	NA	2019	5C214	5	C				NA	vegetative > flowering > dead_nf	vegetative	flowering	dead_nf	FALSE	Reduction	Reduction	2019-06-04T15:00:00Z	155	2019-06-03T17:00:00Z	154	Early	155	early	2019-06-04T18:00:00Z	157.75	-2.75	175	227	219	18.73496002150471	13.10256662264089	31.837526644145598	NA	28	NA	NA	NA	NA	0.078125	2.44374305	3.26
NA	2019-07-26T00:00:00Z	6B	7	NA	NA	NA	NA	NA	NA	NA	2019	6B7	6	B				NA	vegetative > flowering > dead_nf	vegetative	flowering	dead_nf	FALSE	Reduction	Reduction	2019-06-05T19:00:00Z	156	2019-06-05T17:00:00Z	156	Normal	156	normal	2019-06-05T18:00:00Z	157.75	-1.75	175	227	219	18.420841963803518	13.10256662264089	31.523408586444408	NA	2	NA	NA	NA	NA	0.078125	0.15740688749999998	3.89
NA	NA	1A	246	NA	NA	NA	NA	NA	NA	NA	2019	1A246	1	A				NA	vegetative > flowering > flowering	vegetative	flowering	flowering	FALSE	Addition	Addition	2019-06-06T17:00:00Z	157	2019-06-06T15:00:00Z	157	Normal	157	normal	2019-06-06T18:00:00Z	157.75	-0.75	175	227	219	18.420841963803518	103.20513324528179	121.62597520908531	NA	28.5	NA	NA	NA	NA	0.15625	4.985252819531251	6.9775
NA	2019-07-19T00:00:00Z	4C	109	NA	NA	NA	NA	NA	NA	NA	2019	4C109	4	C				NA	vegetative > flowering > dead_nf	vegetative	flowering	dead_nf	FALSE	Control	Control	2019-05-27T22:00:00Z	147	2019-05-26T18:00:00Z	146	Early	147	early	2019-05-27T18:00:00Z	157.75	-10.75	175	227	219	21.750493375436122	26.20513324528178	47.9556266207179	NA	18	NA	NA	NA	NA	0.15625	3.0149169750000002	3.5275
NA	2019-07-26T00:00:00Z	4A	123	NA	NA	NA	NA	NA	NA	NA	2019	4A123	4	A				NA	vegetative > flowering > dead_nf	vegetative	flowering	dead_nf	FALSE	Addition	Addition	2019-05-27T22:00:00Z	147	2019-05-26T18:00:00Z	146	Early	147	early	2019-05-27T18:00:00Z	157.75	-10.75	175	227	219	21.750493375436122	103.20513324528179	124.95562662071791	NA	17	NA	NA	NA	NA	0.15625	2.8359646499999998	4.335
NA	2019-07-31T00:00:00Z	5B	1	NA	NA	NA	NA	NA	NA	NA	2019	5B1	5	B		pheno18		NA	vegetative > flowering > dead_nf	vegetative	flowering	dead_nf	FALSE	Control	Mock rainout	2019-06-04T15:00:00Z	155	2019-06-03T17:00:00Z	154	Early	155	early	2019-06-04T18:00:00Z	157.75	-2.75	175	227	219	18.73496002150471	26.20513324528178	44.94009326678649	NA	27	NA	NA	NA	NA	0.15625	4.6931740875	3.5500000000000003
NA	NA	1A	258	NA	NA	NA	NA	NA	NA	NA	2019	1A258	1	A				NA	vegetative > flowering > dead_nf	vegetative	flowering	dead_nf	FALSE	Addition	Addition	2019-06-06T17:00:00Z	157	2019-06-06T15:00:00Z	157	Normal	157	normal	2019-06-06T18:00:00Z	157.75	-0.75	175	227	219	18.420841963803518	103.20513324528179	121.62597520908531	NA	26.5	NA	NA	NA	NA	0.234375	6.8949366808593755	6.9775
NA	2019-07-31T00:00:00Z	4C	36	NA	NA	NA	NA	NA	NA	NA	2019	4C36	4	C				NA	vegetative > flowering > dead_nf	vegetative	flowering	dead_nf	FALSE	Control	Control	2019-05-27T22:00:00Z	147	2019-05-26T18:00:00Z	146	Early	147	early	2019-05-27T18:00:00Z	157.75	-10.75	175	227	219	21.750493375436122	26.20513324528178	47.9556266207179	NA	24.5	NA	NA	NA	NA	0.234375	6.321626644921874	3.5275
NA	2019-07-31T00:00:00Z	5B	27	NA	NA	NA	NA	NA	NA	NA	2019	5B27	5	B				NA	vegetative > flowering > dead_nf	vegetative	flowering	dead_nf	FALSE	Control	Mock rainout	2019-06-04T15:00:00Z	155	2019-06-03T17:00:00Z	154	Early	155	early	2019-06-04T18:00:00Z	157.75	-2.75	175	227	219	18.73496002150471	26.20513324528178	44.94009326678649	NA	20	NA	NA	NA	NA	0.234375	5.06581875	3.5500000000000003
NA	2019-08-07T00:00:00Z	5D	240	NA	NA	NA	NA	NA	NA	NA	2019	5D240	5	D				NA	vegetative > flowering > dead_nf	vegetative	flowering	dead_nf	FALSE	Control	Control	2019-06-04T15:00:00Z	155	2019-06-03T17:00:00Z	154	Early	155	early	2019-06-04T18:00:00Z	157.75	-2.75	175	227	219	18.73496002150471	26.20513324528178	44.94009326678649	NA	25	NA	NA	NA	NA	0.234375	6.464062499999999	3.6275000000000004
NA	2019-08-02T00:00:00Z	5D	257	NA	NA	NA	NA	NA	NA	NA	2019	5D257	5	D				NA	vegetative > flowering > dead_nf	vegetative	flowering	dead_nf	FALSE	Control	Control	2019-06-04T15:00:00Z	155	2019-06-03T17:00:00Z	154	Early	155	early	2019-06-04T18:00:00Z	157.75	-2.75	175	227	219	18.73496002150471	26.20513324528178	44.94009326678649	NA	36	NA	NA	NA	NA	0.234375	9.75325995	3.6275000000000004
NA	2019-07-31T00:00:00Z	5D	287	NA	NA	NA	NA	NA	NA	NA	2019	5D287	5	D				NA	vegetative > flowering > dead_nf	vegetative	flowering	dead_nf	FALSE	Control	Control	2019-06-04T15:00:00Z	155	2019-06-03T17:00:00Z	154	Early	155	early	2019-06-04T18:00:00Z	157.75	-2.75	175	227	219	18.73496002150471	26.20513324528178	44.94009326678649	NA	8	NA	NA	NA	NA	0.234375	1.9321974000000002	3.6275000000000004
NA	2019-07-26T00:00:00Z	6B	2	NA	NA	NA	NA	NA	NA	NA	2019	6B2	6	B				NA	vegetative > flowering > dead_nf	vegetative	flowering	dead_nf	FALSE	Reduction	Reduction	2019-06-05T19:00:00Z	156	2019-06-05T17:00:00Z	156	Normal	156	normal	2019-06-05T18:00:00Z	157.75	-1.75	175	227	219	18.420841963803518	13.10256662264089	31.523408586444408	NA	5	NA	NA	NA	NA	0.234375	1.1938921875	3.89
NA	2019-07-26T00:00:00Z	6A	123	NA	NA	NA	NA	NA	NA	NA	2019	6A123	6	A				NA	vegetative > flowering > dead_nf	vegetative	flowering	dead_nf	FALSE	Control	Control	2019-06-05T19:00:00Z	156	2019-06-05T17:00:00Z	156	Normal	156	normal	2019-06-05T18:00:00Z	157.75	-1.75	175	227	219	18.420841963803518	26.20513324528178	44.6259752090853	NA	41	NA	NA	NA	NA	0.234375	11.35248795	4.09
NA	2019-07-19T00:00:00Z	6C	80	NA	NA	NA	NA	NA	NA	NA	2019	6C80	6	C				NA	vegetative > flowering > vegetative	vegetative	flowering	vegetative	FALSE	Control	Mock rainout	2019-06-05T19:00:00Z	156	2019-06-05T17:00:00Z	156	Normal	156	normal	2019-06-05T18:00:00Z	157.75	-1.75	175	227	219	18.420841963803518	26.20513324528178	44.6259752090853	NA	23	NA	NA	NA	NA	0.2734375	6.880813471875	3.995
NA	2019-08-02T00:00:00Z	3A	120	NA	NA	NA	NA	NA	NA	NA	2019	3A120	3	A				NA	vegetative > flowering > dead_nf	vegetative	flowering	dead_nf	FALSE	Reduction	Reduction	2019-06-07T14:00:00Z	158	2019-06-06T19:00:00Z	157	Normal	158	normal	2019-06-07T18:00:00Z	157.75	0.25	175	227	219	18.420841963803518	13.10256662264089	31.523408586444408	NA	23	NA	NA	NA	NA	0.3125	7.863786825	4.465
NA	2019-07-31T00:00:00Z	4D	46	NA	NA	NA	NA	NA	NA	NA	2019	4D46	4	D				NA	vegetative > flowering > dead_nf	vegetative	flowering	dead_nf	FALSE	Reduction	Reduction	2019-05-27T22:00:00Z	147	2019-05-26T18:00:00Z	146	Early	147	early	2019-05-27T18:00:00Z	157.75	-10.75	175	227	219	21.750493375436122	13.10256662264089	34.853059998077015	NA	27	NA	NA	NA	NA	0.3125	9.386348175	3.8274999999999997
NA	2019-07-31T00:00:00Z	5D	256	NA	NA	NA	NA	NA	NA	NA	2019	5D256	5	D				NA	vegetative > flowering > dead_nf	vegetative	flowering	dead_nf	FALSE	Control	Control	2019-06-04T15:00:00Z	155	2019-06-03T17:00:00Z	154	Early	155	early	2019-06-04T18:00:00Z	157.75	-2.75	175	227	219	18.73496002150471	26.20513324528178	44.94009326678649	NA	29	NA	NA	NA	NA	0.3125	10.166859149999999	3.6275000000000004
NA	2019-07-26T00:00:00Z	6A	124	NA	NA	NA	NA	NA	NA	NA	2019	6A124	6	A				NA	vegetative > flowering > vegetative	vegetative	flowering	vegetative	FALSE	Control	Control	2019-06-05T19:00:00Z	156	2019-06-05T17:00:00Z	156	Normal	156	normal	2019-06-05T18:00:00Z	157.75	-1.75	175	227	219	18.420841963803518	26.20513324528178	44.6259752090853	NA	33	NA	NA	NA	NA	0.3125	11.7677307	4.09
NA	2019-07-19T00:00:00Z	3C	150	NA	NA	NA	NA	NA	NA	NA	2019	3C150	3	C				NA	vegetative > flowering > dead_nf	vegetative	flowering	dead_nf	FALSE	Addition	Addition	2019-06-07T14:00:00Z	158	2019-06-06T19:00:00Z	157	Normal	158	normal	2019-06-07T18:00:00Z	157.75	0.25	175	227	219	18.420841963803518	103.20513324528179	121.62597520908531	NA	17	NA	NA	NA	NA	0.3515625	6.3809204625	5.7625
NA	2019-07-24T00:00:00Z	1C	72	NA	NA	NA	NA	NA	NA	NA	2019	1C72	1	C				NA	vegetative > flowering > dead_nf	vegetative	flowering	dead_nf	FALSE	Control	Mock rainout	2019-06-06T17:00:00Z	157	2019-06-06T15:00:00Z	157	Normal	157	normal	2019-06-06T18:00:00Z	157.75	-0.75	175	227	219	18.420841963803518	26.20513324528178	44.6259752090853	NA	37.5	NA	NA	NA	NA	0.390625	17.043182373046875	5.485714285714286
NA	2019-07-26T00:00:00Z	2C	202	NA	NA	NA	NA	NA	NA	NA	2019	2C202	2	C				NA	vegetative > flowering > vegetative	vegetative	flowering	vegetative	FALSE	Reduction	Reduction	2019-06-09T15:00:00Z	160	2019-06-08T20:00:00Z	159	Normal	160	normal	2019-06-09T18:00:00Z	157.75	2.25	175	227	219	18.420841963803518	13.10256662264089	31.523408586444408	NA	11	NA	NA	NA	NA	0.390625	4.47973246875	5.1775
NA	2019-08-02T00:00:00Z	2D	256	NA	NA	NA	NA	NA	NA	NA	2019	2D256	2	D				NA	vegetative > flowering > dead_nf	vegetative	flowering	dead_nf	FALSE	Addition	Addition	2019-06-09T15:00:00Z	160	2019-06-08T20:00:00Z	159	Normal	160	normal	2019-06-09T18:00:00Z	157.75	2.25	175	227	219	18.420841963803518	103.20513324528179	121.62597520908531	NA	20	NA	NA	NA	NA	0.390625	8.44303125	6.6425
NA	2019-07-31T00:00:00Z	4D	46	NA	NA	NA	NA	NA	NA	NA	2019	4D46	4	D				NA	vegetative > flowering > dead_nf	vegetative	flowering	dead_nf	FALSE	Reduction	Reduction	2019-05-27T22:00:00Z	147	2019-05-26T18:00:00Z	146	Early	147	early	2019-05-27T18:00:00Z	157.75	-10.75	175	227	219	21.750493375436122	13.10256662264089	34.853059998077015	NA	22	NA	NA	NA	NA	0.390625	9.363695687499998	3.8274999999999997
NA	2019-07-31T00:00:00Z	5B	290	NA	NA	NA	NA	NA	NA	NA	2019	5B290	5	B				NA	vegetative > flowering > dead_nf	vegetative	flowering	dead_nf	FALSE	Control	Mock rainout	2019-06-04T15:00:00Z	155	2019-06-03T17:00:00Z	154	Early	155	early	2019-06-04T18:00:00Z	157.75	-2.75	175	227	219	18.73496002150471	26.20513324528178	44.94009326678649	NA	24	NA	NA	NA	NA	0.390625	10.299633	3.5500000000000003
NA	2019-07-31T00:00:00Z	5D	264	NA	NA	NA	NA	NA	NA	NA	2019	5D264	5	D				NA	vegetative > flowering > dead_nf	vegetative	flowering	dead_nf	FALSE	Control	Control	2019-06-04T15:00:00Z	155	2019-06-03T17:00:00Z	154	Early	155	early	2019-06-04T18:00:00Z	157.75	-2.75	175	227	219	18.73496002150471	26.20513324528178	44.94009326678649	NA	27.5	NA	NA	NA	NA	0.390625	11.975318115234375	3.6275000000000004
NA	2019-07-26T00:00:00Z	6A	123	NA	NA	NA	NA	NA	NA	NA	2019	6A123	6	A				NA	vegetative > flowering > dead_nf	vegetative	flowering	dead_nf	FALSE	Control	Control	2019-06-05T19:00:00Z	156	2019-06-05T17:00:00Z	156	Normal	156	normal	2019-06-05T18:00:00Z	157.75	-1.75	175	227	219	18.420841963803518	26.20513324528178	44.6259752090853	NA	25	NA	NA	NA	NA	0.390625	10.7734375	4.09
NA	2019-07-26T00:00:00Z	1D	5	NA	NA	NA	NA	NA	NA	NA	2019	1D5	1	D		census20 pheno20 floral20 seeds20		NA	vegetative > flowering > dead_nf	vegetative	flowering	dead_nf	FALSE	Reduction	Reduction	2019-06-06T17:00:00Z	157	2019-06-06T15:00:00Z	157	Normal	157	normal	2019-06-06T18:00:00Z	157.75	-0.75	175	227	219	18.420841963803518	13.10256662264089	31.523408586444408	NA	21	NA	NA	NA	NA	0.46875	10.681771275000001	4.875
NA	2019-08-07T00:00:00Z	3A	274	NA	NA	NA	NA	NA	NA	NA	2019	3A274	3	A				NA	vegetative > flowering > dead_nf	vegetative	flowering	dead_nf	FALSE	Reduction	Reduction	2019-06-07T14:00:00Z	158	2019-06-06T19:00:00Z	157	Normal	158	normal	2019-06-07T18:00:00Z	157.75	0.25	175	227	219	18.420841963803518	13.10256662264089	31.523408586444408	NA	23	NA	NA	NA	NA	0.46875	11.795680237500001	4.465
NA	2019-07-31T00:00:00Z	4C	36	NA	NA	NA	NA	NA	NA	NA	2019	4C36	4	C				NA	vegetative > flowering > dead_nf	vegetative	flowering	dead_nf	FALSE	Control	Control	2019-05-27T22:00:00Z	147	2019-05-26T18:00:00Z	146	Early	147	early	2019-05-27T18:00:00Z	157.75	-10.75	175	227	219	21.750493375436122	26.20513324528178	47.9556266207179	NA	31	NA	NA	NA	NA	0.46875	16.440841087499997	3.5275
NA	2019-08-07T00:00:00Z	4A	168	NA	NA	NA	NA	NA	NA	NA	2019	4A168	4	A				NA	flowering > dead_nf > dead_nf	flowering	dead_nf	dead_nf	FALSE	Addition	Addition	2019-05-27T22:00:00Z	147	2019-05-26T18:00:00Z	146	Early	147	early	2019-05-27T18:00:00Z	157.75	-10.75	175	227	219	21.750493375436122	103.20513324528179	124.95562662071791	NA	24	NA	NA	NA	NA	0.46875	12.359559599999999	4.335
NA	2019-07-31T00:00:00Z	5C	217	NA	NA	NA	NA	NA	NA	NA	2019	5C217	5	C				NA	vegetative > flowering > flowering	vegetative	flowering	flowering	FALSE	Reduction	Reduction	2019-06-04T15:00:00Z	155	2019-06-03T17:00:00Z	154	Early	155	early	2019-06-04T18:00:00Z	157.75	-2.75	175	227	219	18.73496002150471	13.10256662264089	31.837526644145598	NA	25	NA	NA	NA	NA	0.46875	12.928124999999998	3.26
NA	2019-07-31T00:00:00Z	5C	229	NA	NA	NA	NA	NA	NA	NA	2019	5C229	5	C				NA	vegetative > flowering > dead_nf	vegetative	flowering	dead_nf	FALSE	Reduction	Reduction	2019-06-04T15:00:00Z	155	2019-06-03T17:00:00Z	154	Early	155	early	2019-06-04T18:00:00Z	157.75	-2.75	175	227	219	18.73496002150471	13.10256662264089	31.837526644145598	NA	25	NA	NA	NA	NA	0.46875	12.928124999999998	3.26
NA	2019-07-24T00:00:00Z	4B	173	NA	NA	NA	NA	NA	NA	NA	2019	4B173	4	B				NA	vegetative > flowering > dead_nf	vegetative	flowering	dead_nf	FALSE	Control	Mock rainout	2019-05-27T22:00:00Z	147	2019-05-26T18:00:00Z	146	Early	147	early	2019-05-27T18:00:00Z	157.75	-10.75	175	227	219	21.750493375436122	26.20513324528178	47.9556266207179	NA	NA	NA	NA	NA	NA	0.5078125	NA	3.6175
NA	2019-07-26T00:00:00Z	2B	84	NA	NA	NA	NA	NA	NA	NA	2019	2B84	2	B				NA	vegetative > flowering > flowering	vegetative	flowering	flowering	FALSE	Control	Mock rainout	2019-06-09T15:00:00Z	160	2019-06-08T20:00:00Z	159	Normal	160	normal	2019-06-09T18:00:00Z	157.75	2.25	175	227	219	18.420841963803518	26.20513324528178	44.6259752090853	NA	25	NA	NA	NA	NA	0.546875	15.082812500000001	5.22
NA	2019-08-07T00:00:00Z	4A	168	NA	NA	NA	NA	NA	NA	NA	2019	4A168	4	A				NA	flowering > dead_nf > dead_nf	flowering	dead_nf	dead_nf	FALSE	Addition	Addition	2019-05-27T22:00:00Z	147	2019-05-26T18:00:00Z	146	Early	147	early	2019-05-27T18:00:00Z	157.75	-10.75	175	227	219	21.750493375436122	103.20513324528179	124.95562662071791	NA	NA	NA	NA	NA	NA	0.546875	NA	4.335
NA	2019-07-31T00:00:00Z	5D	261	NA	NA	NA	NA	NA	NA	NA	2019	5D261	5	D				NA	vegetative > flowering > dead_nf	vegetative	flowering	dead_nf	FALSE	Control	Control	2019-06-04T15:00:00Z	155	2019-06-03T17:00:00Z	154	Early	155	early	2019-06-04T18:00:00Z	157.75	-2.75	175	227	219	18.73496002150471	26.20513324528178	44.94009326678649	NA	21	NA	NA	NA	NA	0.625	14.2423617	3.6275000000000004
NA	2019-07-31T00:00:00Z	5D	262	NA	NA	NA	NA	NA	NA	NA	2019	5D262	5	D				NA	vegetative > flowering > dead_nf	vegetative	flowering	dead_nf	FALSE	Control	Control	2019-06-04T15:00:00Z	155	2019-06-03T17:00:00Z	154	Early	155	early	2019-06-04T18:00:00Z	157.75	-2.75	175	227	219	18.73496002150471	26.20513324528178	44.94009326678649	NA	19	NA	NA	NA	NA	0.625	12.78130855	3.6275000000000004
NA	2019-07-26T00:00:00Z	4D	54	NA	NA	NA	NA	NA	NA	NA	2019	4D54	4	D				NA	vegetative > flowering > vegetative	vegetative	flowering	vegetative	FALSE	Reduction	Reduction	2019-05-27T22:00:00Z	147	2019-05-26T18:00:00Z	146	Early	147	early	2019-05-27T18:00:00Z	157.75	-10.75	175	227	219	21.750493375436122	13.10256662264089	34.853059998077015	NA	21	NA	NA	NA	NA	0.703125	16.0226569125	3.8274999999999997
NA	2019-07-19T00:00:00Z	4D	62	NA	NA	NA	NA	NA	NA	NA	2019	4D62	4	D				NA	vegetative > flowering > dead_nf	vegetative	flowering	dead_nf	FALSE	Reduction	Reduction	2019-05-27T22:00:00Z	147	2019-05-26T18:00:00Z	146	Early	147	early	2019-05-27T18:00:00Z	157.75	-10.75	175	227	219	21.750493375436122	13.10256662264089	34.853059998077015	NA	21	NA	NA	NA	NA	0.703125	16.0226569125	3.8274999999999997
NA	2019-08-07T00:00:00Z	6D	81	NA	NA	NA	NA	NA	NA	NA	2019	6D81	6	D				NA	vegetative > flowering > vegetative	vegetative	flowering	vegetative	FALSE	Addition	Addition	2019-06-05T19:00:00Z	156	2019-06-05T17:00:00Z	156	Normal	156	normal	2019-06-05T18:00:00Z	157.75	-1.75	175	227	219	18.420841963803518	103.20513324528179	121.62597520908531	NA	21.5	NA	NA	NA	NA	0.703125	16.437800358984376	5.4175
NA	NA	4D	62	NA	NA	NA	NA	NA	NA	NA	2019	4D62	4	D				NA	vegetative > flowering > dead_nf	vegetative	flowering	dead_nf	FALSE	Reduction	Reduction	2019-05-27T22:00:00Z	147	2019-05-26T18:00:00Z	146	Early	147	early	2019-05-27T18:00:00Z	157.75	-10.75	175	227	219	21.750493375436122	13.10256662264089	34.853059998077015	NA	38	NA	NA	NA	NA	0.7421875	32.88520700625	3.8274999999999997
NA	2019-07-26T00:00:00Z	2C	268	NA	NA	NA	NA	NA	NA	NA	2019	2C268	2	C				NA	vegetative > flowering > dead_nf	vegetative	flowering	dead_nf	FALSE	Reduction	Reduction	2019-06-09T15:00:00Z	160	2019-06-08T20:00:00Z	159	Normal	160	normal	2019-06-09T18:00:00Z	157.75	2.25	175	227	219	18.420841963803518	13.10256662264089	31.523408586444408	NA	24	NA	NA	NA	NA	0.78125	20.599266	5.1775
NA	2019-07-26T00:00:00Z	2A	679	NA	NA	NA	NA	NA	NA	NA	2019	2A679	2	A				NA	no_record > flowering > dead_nf	no_record	flowering	dead_nf	FALSE	Control	Control	2019-06-09T15:00:00Z	160	2019-06-08T20:00:00Z	159	Normal	160	normal	2019-06-09T18:00:00Z	157.75	2.25	175	227	219	18.420841963803518	26.20513324528178	44.6259752090853	NA	24.5	NA	NA	NA	NA	0.78125	21.07208881640625	4.7525
NA	2019-08-07T00:00:00Z	3C	148	NA	NA	NA	NA	NA	NA	NA	2019	3C148	3	C				NA	vegetative > flowering > dead_nf	vegetative	flowering	dead_nf	FALSE	Addition	Addition	2019-06-07T14:00:00Z	158	2019-06-06T19:00:00Z	157	Normal	158	normal	2019-06-07T18:00:00Z	157.75	0.25	175	227	219	18.420841963803518	103.20513324528179	121.62597520908531	NA	31.5	NA	NA	NA	NA	0.78125	27.902699261718748	5.7625
NA	2019-07-26T00:00:00Z	4B	168	NA	NA	NA	NA	NA	NA	NA	2019	4B168	4	B		census20		NA	vegetative > flowering > dead_nf	vegetative	flowering	dead_nf	FALSE	Control	Mock rainout	2019-05-27T22:00:00Z	147	2019-05-26T18:00:00Z	146	Early	147	early	2019-05-27T18:00:00Z	157.75	-10.75	175	227	219	21.750493375436122	26.20513324528178	47.9556266207179	NA	25	NA	NA	NA	NA	0.78125	21.546875	3.6175
NA	2019-07-31T00:00:00Z	4C	111	NA	NA	NA	NA	NA	NA	NA	2019	4C111	4	C				NA	vegetative > flowering > dead_nf	vegetative	flowering	dead_nf	FALSE	Control	Control	2019-05-27T22:00:00Z	147	2019-05-26T18:00:00Z	146	Early	147	early	2019-05-27T18:00:00Z	157.75	-10.75	175	227	219	21.750493375436122	26.20513324528178	47.9556266207179	NA	22	NA	NA	NA	NA	0.78125	18.727391374999996	3.5275
NA	2019-07-26T00:00:00Z	4C	115	NA	NA	NA	NA	NA	NA	NA	2019	4C115	4	C				NA	vegetative > flowering > dead_nf	vegetative	flowering	dead_nf	FALSE	Control	Control	2019-05-27T22:00:00Z	147	2019-05-26T18:00:00Z	146	Early	147	early	2019-05-27T18:00:00Z	157.75	-10.75	175	227	219	21.750493375436122	26.20513324528178	47.9556266207179	NA	34.5	NA	NA	NA	NA	0.78125	30.955284832031253	3.5275
NA	2019-07-31T00:00:00Z	4D	35	NA	NA	NA	NA	NA	NA	NA	2019	4D35	4	D				NA	flowering > flowering > vegetative	flowering	flowering	vegetative	FALSE	Reduction	Reduction	2019-05-27T22:00:00Z	147	2019-05-26T18:00:00Z	146	Early	147	early	2019-05-27T18:00:00Z	157.75	-10.75	175	227	219	21.750493375436122	13.10256662264089	34.853059998077015	NA	24	NA	NA	NA	NA	0.78125	20.599266	3.8274999999999997
NA	2019-07-31T00:00:00Z	5D	264	NA	NA	NA	NA	NA	NA	NA	2019	5D264	5	D				NA	vegetative > flowering > dead_nf	vegetative	flowering	dead_nf	FALSE	Control	Control	2019-06-04T15:00:00Z	155	2019-06-03T17:00:00Z	154	Early	155	early	2019-06-04T18:00:00Z	157.75	-2.75	175	227	219	18.73496002150471	26.20513324528178	44.94009326678649	NA	26.5	NA	NA	NA	NA	0.78125	22.983122269531254	3.6275000000000004
NA	2019-07-26T00:00:00Z	6C	122	NA	NA	NA	NA	NA	NA	NA	2019	6C122	6	C				NA	vegetative > flowering > vegetative	vegetative	flowering	vegetative	FALSE	Control	Mock rainout	2019-06-05T19:00:00Z	156	2019-06-05T17:00:00Z	156	Normal	156	normal	2019-06-05T18:00:00Z	157.75	-1.75	175	227	219	18.420841963803518	26.20513324528178	44.6259752090853	NA	30	NA	NA	NA	NA	0.78125	26.405109374999995	3.995
NA	2019-07-26T00:00:00Z	2B	92	NA	NA	NA	NA	NA	NA	NA	2019	2B92	2	B				NA	vegetative > flowering > flowering	vegetative	flowering	flowering	FALSE	Control	Mock rainout	2019-06-09T15:00:00Z	160	2019-06-08T20:00:00Z	159	Normal	160	normal	2019-06-09T18:00:00Z	157.75	2.25	175	227	219	18.420841963803518	26.20513324528178	44.6259752090853	NA	25	NA	NA	NA	NA	0.859375	23.701562499999998	5.22
NA	2019-08-07T00:00:00Z	3B	605	NA	NA	NA	NA	NA	NA	NA	2019	3B605	3	B				NA	vegetative > flowering > dead_nf	vegetative	flowering	dead_nf	FALSE	Control	Mock rainout	2019-06-07T14:00:00Z	158	2019-06-06T19:00:00Z	157	Normal	158	normal	2019-06-07T18:00:00Z	157.75	0.25	175	227	219	18.420841963803518	26.20513324528178	44.6259752090853	NA	18.5	NA	NA	NA	NA	0.859375	17.077163077734376	4.6325
NA	2019-08-07T00:00:00Z	5B	26	NA	NA	NA	NA	NA	NA	NA	2019	5B26	5	B		pheno19		NA	vegetative > flowering > dead_nf	vegetative	flowering	dead_nf	FALSE	Control	Mock rainout	2019-06-04T15:00:00Z	155	2019-06-03T17:00:00Z	154	Early	155	early	2019-06-04T18:00:00Z	157.75	-2.75	175	227	219	18.73496002150471	26.20513324528178	44.94009326678649	NA	22.5	NA	NA	NA	NA	0.859375	21.111716162109374	3.5500000000000003
NA	2019-08-07T00:00:00Z	6B	36	NA	NA	NA	NA	NA	NA	NA	2019	6B36	6	B				NA	vegetative > flowering > flowering	vegetative	flowering	flowering	FALSE	Reduction	Reduction	2019-06-05T19:00:00Z	156	2019-06-05T17:00:00Z	156	Normal	156	normal	2019-06-05T18:00:00Z	157.75	-1.75	175	227	219	18.420841963803518	13.10256662264089	31.523408586444408	NA	32	NA	NA	NA	NA	0.859375	31.2467232	3.89
NA	2019-08-07T00:00:00Z	6D	39	NA	NA	NA	NA	NA	NA	NA	2019	6D39	6	D				NA	vegetative > flowering > dead_nf	vegetative	flowering	dead_nf	FALSE	Addition	Addition	2019-06-05T19:00:00Z	156	2019-06-05T17:00:00Z	156	Normal	156	normal	2019-06-05T18:00:00Z	157.75	-1.75	175	227	219	18.420841963803518	103.20513324528179	121.62597520908531	NA	32	NA	NA	NA	NA	0.859375	31.2467232	5.4175
NA	NA	3D	896	NA	NA	NA	NA	NA	NA	Date was 2020-08-23 - error? Removed for now	2019	3D896	3	D				NA	vegetative > flowering > dead_nf	vegetative	flowering	dead_nf	FALSE	Control	Control	2019-06-07T14:00:00Z	158	2019-06-06T19:00:00Z	157	Normal	158	normal	2019-06-07T18:00:00Z	157.75	0.25	175	227	219	18.420841963803518	26.20513324528178	44.6259752090853	NA	35	NA	NA	NA	NA	0.9375	37.765940625	3.9875
NA	NA	4D	61	NA	NA	NA	NA	NA	NA	NA	2019	4D61	4	D				NA	vegetative > flowering > dead_nf	vegetative	flowering	dead_nf	FALSE	Reduction	Reduction	2019-05-27T22:00:00Z	147	2019-05-26T18:00:00Z	146	Early	147	early	2019-05-27T18:00:00Z	157.75	-10.75	175	227	219	21.750493375436122	13.10256662264089	34.853059998077015	NA	24	NA	NA	NA	NA	0.9375	24.719119199999998	3.8274999999999997
NA	2019-07-19T00:00:00Z	5B	66	NA	NA	NA	NA	NA	NA	NA	2019	5B66	5	B				NA	NA	NA	NA	NA	FALSE	Control	Mock rainout	2019-06-04T15:00:00Z	155	2019-06-03T17:00:00Z	154	Early	155	early	2019-06-04T18:00:00Z	157.75	-2.75	175	227	219	18.73496002150471	26.20513324528178	44.94009326678649	NA	29	NA	NA	NA	NA	0.9375	30.500577449999998	3.5500000000000003
NA	2019-07-31T00:00:00Z	5D	261	NA	NA	NA	NA	NA	NA	NA	2019	5D261	5	D				NA	vegetative > flowering > dead_nf	vegetative	flowering	dead_nf	FALSE	Control	Control	2019-06-04T15:00:00Z	155	2019-06-03T17:00:00Z	154	Early	155	early	2019-06-04T18:00:00Z	157.75	-2.75	175	227	219	18.73496002150471	26.20513324528178	44.94009326678649	NA	22	NA	NA	NA	NA	0.9375	22.472869649999996	3.6275000000000004
NA	2019-07-26T00:00:00Z	6C	96	NA	NA	NA	NA	NA	NA	NA	2019	6C96	6	C				NA	vegetative > flowering > flowering	vegetative	flowering	flowering	FALSE	Control	Mock rainout	2019-06-05T19:00:00Z	156	2019-06-05T17:00:00Z	156	Normal	156	normal	2019-06-05T18:00:00Z	157.75	-1.75	175	227	219	18.420841963803518	26.20513324528178	44.6259752090853	NA	28.5	NA	NA	NA	NA	0.9375	29.911516917187505	3.995
NA	2019-07-26T00:00:00Z	1C	72	NA	NA	NA	NA	NA	NA	NA	2019	1C72	1	C				NA	vegetative > flowering > dead_nf	vegetative	flowering	dead_nf	FALSE	Control	Mock rainout	2019-06-06T17:00:00Z	157	2019-06-06T15:00:00Z	157	Normal	157	normal	2019-06-06T18:00:00Z	157.75	-0.75	175	227	219	18.420841963803518	26.20513324528178	44.6259752090853	NA	30	NA	NA	NA	NA	0.9765625	33.00638671875	5.485714285714286
NA	NA	1D	5	NA	NA	NA	NA	NA	NA	NA	2019	1D5	1	D		census20 pheno20 floral20 seeds20		NA	vegetative > flowering > dead_nf	vegetative	flowering	dead_nf	FALSE	Reduction	Reduction	2019-06-06T17:00:00Z	157	2019-06-06T15:00:00Z	157	Normal	157	normal	2019-06-06T18:00:00Z	157.75	-0.75	175	227	219	18.420841963803518	13.10256662264089	31.523408586444408	NA	29.5	NA	NA	NA	NA	1.015625	33.683120488671875	4.875
NA	2019-07-26T00:00:00Z	2C	298	NA	NA	NA	NA	NA	NA	NA	2019	2C298	2	C				NA	vegetative > flowering > dead_nf	vegetative	flowering	dead_nf	FALSE	Reduction	Reduction	2019-06-09T15:00:00Z	160	2019-06-08T20:00:00Z	159	Normal	160	normal	2019-06-09T18:00:00Z	157.75	2.25	175	227	219	18.420841963803518	13.10256662264089	31.523408586444408	NA	24.5	NA	NA	NA	NA	1.015625	27.393715461328128	5.1775
NA	2019-08-02T00:00:00Z	2D	209	NA	NA	NA	NA	NA	NA	NA	2019	2D209	2	D				NA	vegetative > flowering > dead_nf	vegetative	flowering	dead_nf	FALSE	Addition	Addition	2019-06-09T15:00:00Z	160	2019-06-08T20:00:00Z	159	Normal	160	normal	2019-06-09T18:00:00Z	157.75	2.25	175	227	219	18.420841963803518	103.20513324528179	121.62597520908531	NA	20	NA	NA	NA	NA	1.015625	21.95188125	6.6425
NA	2019-08-07T00:00:00Z	2D	222	NA	NA	NA	NA	NA	NA	NA	2019	2D222	2	D				NA	vegetative > flowering > dead_nf	vegetative	flowering	dead_nf	FALSE	Addition	Addition	2019-06-09T15:00:00Z	160	2019-06-08T20:00:00Z	159	Normal	160	normal	2019-06-09T18:00:00Z	157.75	2.25	175	227	219	18.420841963803518	103.20513324528179	121.62597520908531	NA	32.5	NA	NA	NA	NA	1.015625	37.585146142578125	6.6425
NA	2019-08-07T00:00:00Z	3A	274	NA	NA	NA	NA	NA	NA	NA	2019	3A274	3	A				NA	vegetative > flowering > dead_nf	vegetative	flowering	dead_nf	FALSE	Reduction	Reduction	2019-06-07T14:00:00Z	158	2019-06-06T19:00:00Z	157	Normal	158	normal	2019-06-07T18:00:00Z	157.75	0.25	175	227	219	18.420841963803518	13.10256662264089	31.523408586444408	NA	23.5	NA	NA	NA	NA	1.015625	26.166914408984375	4.465
NA	2019-07-26T00:00:00Z	4C	115	NA	NA	NA	NA	NA	NA	NA	2019	4C115	4	C				NA	vegetative > flowering > dead_nf	vegetative	flowering	dead_nf	FALSE	Control	Control	2019-05-27T22:00:00Z	147	2019-05-26T18:00:00Z	146	Early	147	early	2019-05-27T18:00:00Z	157.75	-10.75	175	227	219	21.750493375436122	26.20513324528178	47.9556266207179	NA	35	NA	NA	NA	NA	1.015625	40.913102343750005	3.5275
NA	2019-07-31T00:00:00Z	4D	35	NA	NA	NA	NA	NA	NA	NA	2019	4D35	4	D				NA	flowering > flowering > vegetative	flowering	flowering	vegetative	FALSE	Reduction	Reduction	2019-05-27T22:00:00Z	147	2019-05-26T18:00:00Z	146	Early	147	early	2019-05-27T18:00:00Z	157.75	-10.75	175	227	219	21.750493375436122	13.10256662264089	34.853059998077015	NA	22.5	NA	NA	NA	NA	1.015625	24.95021000976562	3.8274999999999997
NA	2019-07-31T00:00:00Z	5B	13	NA	NA	NA	NA	NA	NA	NA	2019	5B13	5	B				NA	vegetative > flowering > dead_nf	vegetative	flowering	dead_nf	FALSE	Control	Mock rainout	2019-06-04T15:00:00Z	155	2019-06-03T17:00:00Z	154	Early	155	early	2019-06-04T18:00:00Z	157.75	-2.75	175	227	219	18.73496002150471	26.20513324528178	44.94009326678649	NA	25	NA	NA	NA	NA	1.015625	28.0109375	3.5500000000000003
NA	2019-07-31T00:00:00Z	5D	249	NA	NA	NA	NA	NA	NA	NA	2019	5D249	5	D				NA	vegetative > flowering > dead_nf	vegetative	flowering	dead_nf	FALSE	Control	Control	2019-06-04T15:00:00Z	155	2019-06-03T17:00:00Z	154	Early	155	early	2019-06-04T18:00:00Z	157.75	-2.75	175	227	219	18.73496002150471	26.20513324528178	44.94009326678649	NA	30	NA	NA	NA	NA	1.015625	34.32664218749999	3.6275000000000004
NA	2019-07-26T00:00:00Z	6C	96	NA	NA	NA	NA	NA	NA	NA	2019	6C96	6	C				NA	vegetative > flowering > flowering	vegetative	flowering	flowering	FALSE	Control	Mock rainout	2019-06-05T19:00:00Z	156	2019-06-05T17:00:00Z	156	Normal	156	normal	2019-06-05T18:00:00Z	157.75	-1.75	175	227	219	18.420841963803518	26.20513324528178	44.6259752090853	NA	27	NA	NA	NA	NA	1.015625	30.50563156875	3.995
NA	2019-07-26T00:00:00Z	1C	72	NA	NA	NA	NA	NA	NA	NA	2019	1C72	1	C				NA	vegetative > flowering > dead_nf	vegetative	flowering	dead_nf	FALSE	Control	Mock rainout	2019-06-06T17:00:00Z	157	2019-06-06T15:00:00Z	157	Normal	157	normal	2019-06-06T18:00:00Z	157.75	-0.75	175	227	219	18.420841963803518	26.20513324528178	44.6259752090853	NA	30	NA	NA	NA	NA	1.09375	36.967153124999996	5.485714285714286
NA	2019-08-02T00:00:00Z	2D	225	NA	NA	NA	NA	NA	NA	NA	2019	2D225	2	D				NA	vegetative > flowering > dead_nf	vegetative	flowering	dead_nf	FALSE	Addition	Addition	2019-06-09T15:00:00Z	160	2019-06-08T20:00:00Z	159	Normal	160	normal	2019-06-09T18:00:00Z	157.75	2.25	175	227	219	18.420841963803518	103.20513324528179	121.62597520908531	NA	7	NA	NA	NA	NA	1.09375	7.859618987499999	6.6425
NA	2019-07-26T00:00:00Z	2D	277	NA	NA	NA	NA	NA	NA	NA	2019	2D277	2	D				NA	NA	NA	NA	NA	FALSE	Addition	Addition	2019-06-09T15:00:00Z	160	2019-06-08T20:00:00Z	159	Normal	160	normal	2019-06-09T18:00:00Z	157.75	2.25	175	227	219	18.420841963803518	103.20513324528179	121.62597520908531	NA	27.5	NA	NA	NA	NA	1.09375	33.53089072265625	6.6425
NA	2019-08-02T00:00:00Z	3C	167	NA	NA	NA	NA	NA	NA	NA	2019	3C167	3	C				NA	vegetative > flowering > dead_nf	vegetative	flowering	dead_nf	FALSE	Addition	Addition	2019-06-07T14:00:00Z	158	2019-06-06T19:00:00Z	157	Normal	158	normal	2019-06-07T18:00:00Z	157.75	0.25	175	227	219	18.420841963803518	103.20513324528179	121.62597520908531	NA	16	NA	NA	NA	NA	1.09375	18.6091696	5.7625
NA	2019-07-31T00:00:00Z	4C	111	NA	NA	NA	NA	NA	NA	NA	2019	4C111	4	C				NA	vegetative > flowering > dead_nf	vegetative	flowering	dead_nf	FALSE	Control	Control	2019-05-27T22:00:00Z	147	2019-05-26T18:00:00Z	146	Early	147	early	2019-05-27T18:00:00Z	157.75	-10.75	175	227	219	21.750493375436122	26.20513324528178	47.9556266207179	NA	23	NA	NA	NA	NA	1.09375	27.5232538875	3.5275
NA	NA	4D	60	NA	NA	NA	NA	NA	NA	NA	2019	4D60	4	D				NA	vegetative > flowering > dead_nf	vegetative	flowering	dead_nf	FALSE	Reduction	Reduction	2019-05-27T22:00:00Z	147	2019-05-26T18:00:00Z	146	Early	147	early	2019-05-27T18:00:00Z	157.75	-10.75	175	227	219	21.750493375436122	13.10256662264089	34.853059998077015	NA	27.3	NA	NA	NA	NA	1.09375	33.25908194529375	3.8274999999999997
NA	2019-07-26T00:00:00Z	4A	123	NA	NA	NA	NA	NA	NA	NA	2019	4A123	4	A				NA	vegetative > flowering > dead_nf	vegetative	flowering	dead_nf	FALSE	Addition	Addition	2019-05-27T22:00:00Z	147	2019-05-26T18:00:00Z	146	Early	147	early	2019-05-27T18:00:00Z	157.75	-10.75	175	227	219	21.750493375436122	103.20513324528179	124.95562662071791	NA	27	NA	NA	NA	NA	1.09375	32.8522186125	4.335
NA	2019-07-31T00:00:00Z	5B	13	NA	NA	NA	NA	NA	NA	NA	2019	5B13	5	B				NA	vegetative > flowering > dead_nf	vegetative	flowering	dead_nf	FALSE	Control	Mock rainout	2019-06-04T15:00:00Z	155	2019-06-03T17:00:00Z	154	Early	155	early	2019-06-04T18:00:00Z	157.75	-2.75	175	227	219	18.73496002150471	26.20513324528178	44.94009326678649	NA	22	NA	NA	NA	NA	1.09375	26.218347924999996	3.5500000000000003
NA	2019-07-19T00:00:00Z	5D	272	NA	NA	NA	NA	NA	NA	NA	2019	5D272	5	D				NA	vegetative > flowering > dead_nf	vegetative	flowering	dead_nf	FALSE	Control	Control	2019-06-04T15:00:00Z	155	2019-06-03T17:00:00Z	154	Early	155	early	2019-06-04T18:00:00Z	157.75	-2.75	175	227	219	18.73496002150471	26.20513324528178	44.94009326678649	NA	24	NA	NA	NA	NA	1.09375	28.838972400000003	3.6275000000000004
NA	2019-07-19T00:00:00Z	1B	657	NA	NA	NA	NA	NA	NA	NA	2019	1B657	1	B				NA	vegetative > flowering > dead_nf	vegetative	flowering	dead_nf	FALSE	Control	Control	2019-06-06T17:00:00Z	157	2019-06-06T15:00:00Z	157	Normal	157	normal	2019-06-06T18:00:00Z	157.75	-0.75	175	227	219	18.420841963803518	26.20513324528178	44.6259752090853	NA	24.5	NA	NA	NA	NA	1.171875	31.608133224609375	5.908571428571428
NA	NA	1B	684	NA	NA	NA	NA	NA	NA	NA	2019	1B684	1	B				NA	vegetative > flowering > vegetative	vegetative	flowering	vegetative	FALSE	Control	Control	2019-06-06T17:00:00Z	157	2019-06-06T15:00:00Z	157	Normal	157	normal	2019-06-06T18:00:00Z	157.75	-0.75	175	227	219	18.420841963803518	26.20513324528178	44.6259752090853	NA	27.5	NA	NA	NA	NA	1.171875	35.925954345703126	5.908571428571428
NA	2019-08-02T00:00:00Z	2D	258	NA	NA	NA	NA	NA	NA	NA	2019	2D258	2	D		pheno19		NA	vegetative > flowering > dead_nf	vegetative	flowering	dead_nf	FALSE	Addition	Addition	2019-06-09T15:00:00Z	160	2019-06-08T20:00:00Z	159	Normal	160	normal	2019-06-09T18:00:00Z	157.75	2.25	175	227	219	18.420841963803518	103.20513324528179	121.62597520908531	NA	21	NA	NA	NA	NA	1.171875	26.7044281875	6.6425
NA	2019-08-07T00:00:00Z	3B	605	NA	NA	NA	NA	NA	NA	NA	2019	3B605	3	B				NA	vegetative > flowering > dead_nf	vegetative	flowering	dead_nf	FALSE	Control	Mock rainout	2019-06-07T14:00:00Z	158	2019-06-06T19:00:00Z	157	Normal	158	normal	2019-06-07T18:00:00Z	157.75	0.25	175	227	219	18.420841963803518	26.20513324528178	44.6259752090853	NA	28.5	NA	NA	NA	NA	1.171875	37.38939614648437	4.6325
NA	2019-08-02T00:00:00Z	3A	120	NA	NA	NA	NA	NA	NA	NA	2019	3A120	3	A				NA	vegetative > flowering > dead_nf	vegetative	flowering	dead_nf	FALSE	Reduction	Reduction	2019-06-07T14:00:00Z	158	2019-06-06T19:00:00Z	157	Normal	158	normal	2019-06-07T18:00:00Z	157.75	0.25	175	227	219	18.420841963803518	13.10256662264089	31.523408586444408	NA	18	NA	NA	NA	NA	1.171875	22.611877312500003	4.465
NA	2019-08-07T00:00:00Z	3C	142	NA	NA	NA	NA	NA	NA	NA	2019	3C142	3	C				NA	vegetative > flowering > flowering	vegetative	flowering	flowering	FALSE	Addition	Addition	2019-06-07T14:00:00Z	158	2019-06-06T19:00:00Z	157	Normal	158	normal	2019-06-07T18:00:00Z	157.75	0.25	175	227	219	18.420841963803518	103.20513324528179	121.62597520908531	NA	26.5	NA	NA	NA	NA	1.171875	34.474683404296876	5.7625
NA	NA	3D	896	NA	NA	NA	NA	NA	NA	Date was 2020-08-23 - error? Removed for now	2019	3D896	3	D				NA	vegetative > flowering > dead_nf	vegetative	flowering	dead_nf	FALSE	Control	Control	2019-06-07T14:00:00Z	158	2019-06-06T19:00:00Z	157	Normal	158	normal	2019-06-07T18:00:00Z	157.75	0.25	175	227	219	18.420841963803518	26.20513324528178	44.6259752090853	NA	33.5	NA	NA	NA	NA	1.171875	44.89372569726562	3.9875
NA	NA	4D	60	NA	NA	NA	NA	NA	NA	NA	2019	4D60	4	D				NA	vegetative > flowering > dead_nf	vegetative	flowering	dead_nf	FALSE	Reduction	Reduction	2019-05-27T22:00:00Z	147	2019-05-26T18:00:00Z	146	Early	147	early	2019-05-27T18:00:00Z	157.75	-10.75	175	227	219	21.750493375436122	13.10256662264089	34.853059998077015	NA	31	NA	NA	NA	NA	1.171875	41.10210271875	3.8274999999999997
NA	2019-07-31T00:00:00Z	5B	3	NA	NA	NA	NA	NA	NA	NA	2019	5B3	5	B				NA	vegetative > flowering > dead_nf	vegetative	flowering	dead_nf	FALSE	Control	Mock rainout	2019-06-04T15:00:00Z	155	2019-06-03T17:00:00Z	154	Early	155	early	2019-06-04T18:00:00Z	157.75	-2.75	175	227	219	18.73496002150471	26.20513324528178	44.94009326678649	NA	24	NA	NA	NA	NA	1.171875	30.898899	3.5500000000000003
NA	2019-07-31T00:00:00Z	5D	241	NA	NA	NA	NA	NA	NA	NA	2019	5D241	5	D				NA	vegetative > flowering > dead_nf	vegetative	flowering	dead_nf	FALSE	Control	Control	2019-06-04T15:00:00Z	155	2019-06-03T17:00:00Z	154	Early	155	early	2019-06-04T18:00:00Z	157.75	-2.75	175	227	219	18.73496002150471	26.20513324528178	44.94009326678649	NA	23	NA	NA	NA	NA	1.171875	29.48920059375	3.6275000000000004
NA	2019-07-31T00:00:00Z	5A	179	NA	NA	NA	NA	NA	NA	NA	2019	5A179	5	A				NA	vegetative > flowering > dead_nf	vegetative	flowering	dead_nf	FALSE	Addition	Addition	2019-06-04T15:00:00Z	155	2019-06-03T17:00:00Z	154	Early	155	early	2019-06-04T18:00:00Z	157.75	-2.75	175	227	219	18.73496002150471	103.20513324528179	121.94009326678649	NA	21	NA	NA	NA	NA	1.171875	26.7044281875	4.8725
NA	2019-07-31T00:00:00Z	5A	179	NA	NA	NA	NA	NA	NA	NA	2019	5A179	5	A				NA	vegetative > flowering > dead_nf	vegetative	flowering	dead_nf	FALSE	Addition	Addition	2019-06-04T15:00:00Z	155	2019-06-03T17:00:00Z	154	Early	155	early	2019-06-04T18:00:00Z	157.75	-2.75	175	227	219	18.73496002150471	103.20513324528179	121.94009326678649	NA	20	NA	NA	NA	NA	1.171875	25.32909375	4.8725
NA	2019-08-07T00:00:00Z	6C	83	NA	NA	NA	NA	NA	NA	NA	2019	6C83	6	C				NA	vegetative > flowering > dead_nf	vegetative	flowering	dead_nf	FALSE	Control	Mock rainout	2019-06-05T19:00:00Z	156	2019-06-05T17:00:00Z	156	Normal	156	normal	2019-06-05T18:00:00Z	157.75	-1.75	175	227	219	18.420841963803518	26.20513324528178	44.6259752090853	NA	26	NA	NA	NA	NA	1.171875	33.7535713125	3.995
NA	2019-07-26T00:00:00Z	1D	19	NA	NA	NA	NA	NA	NA	NA	2019	1D19	1	D				NA	vegetative > flowering > dead_nf	vegetative	flowering	dead_nf	FALSE	Reduction	Reduction	2019-06-06T17:00:00Z	157	2019-06-06T15:00:00Z	157	Normal	157	normal	2019-06-06T18:00:00Z	157.75	-0.75	175	227	219	18.420841963803518	13.10256662264089	31.523408586444408	NA	17.5	NA	NA	NA	NA	1.25	23.40207734375	4.875
NA	2019-07-26T00:00:00Z	1C	47	NA	NA	NA	NA	NA	NA	NA	2019	1C47	1	C				NA	vegetative > flowering > dead_nf	vegetative	flowering	dead_nf	FALSE	Control	Mock rainout	2019-06-06T17:00:00Z	157	2019-06-06T15:00:00Z	157	Normal	157	normal	2019-06-06T18:00:00Z	157.75	-0.75	175	227	219	18.420841963803518	26.20513324528178	44.6259752090853	NA	26	NA	NA	NA	NA	1.25	36.0038094	5.485714285714286
NA	2019-07-26T00:00:00Z	2B	177	NA	NA	NA	NA	NA	NA	NA	2019	2B177	2	B				NA	vegetative > flowering > dead_nf	vegetative	flowering	dead_nf	FALSE	Control	Mock rainout	2019-06-09T15:00:00Z	160	2019-06-08T20:00:00Z	159	Normal	160	normal	2019-06-09T18:00:00Z	157.75	2.25	175	227	219	18.420841963803518	26.20513324528178	44.6259752090853	NA	24.5	NA	NA	NA	NA	1.25	33.71534210625	5.22
NA	2019-08-02T00:00:00Z	3A	276	NA	NA	NA	NA	NA	NA	NA	2019	3A276	3	A				NA	vegetative > flowering > dead_nf	vegetative	flowering	dead_nf	FALSE	Reduction	Reduction	2019-06-07T14:00:00Z	158	2019-06-06T19:00:00Z	157	Normal	158	normal	2019-06-07T18:00:00Z	157.75	0.25	175	227	219	18.420841963803518	13.10256662264089	31.523408586444408	NA	19	NA	NA	NA	NA	1.25	25.5626171	4.465
NA	2019-07-26T00:00:00Z	4D	58	NA	NA	NA	NA	NA	NA	NA	2019	4D58	4	D				NA	vegetative > flowering > dead_nf	vegetative	flowering	dead_nf	FALSE	Reduction	Reduction	2019-05-27T22:00:00Z	147	2019-05-26T18:00:00Z	146	Early	147	early	2019-05-27T18:00:00Z	157.75	-10.75	175	227	219	21.750493375436122	13.10256662264089	34.853059998077015	NA	23.5	NA	NA	NA	NA	1.25	32.20543311875	3.8274999999999997
NA	2019-08-07T00:00:00Z	5D	257	NA	NA	NA	NA	NA	NA	NA	2019	5D257	5	D				NA	vegetative > flowering > dead_nf	vegetative	flowering	dead_nf	FALSE	Control	Control	2019-06-04T15:00:00Z	155	2019-06-03T17:00:00Z	154	Early	155	early	2019-06-04T18:00:00Z	157.75	-2.75	175	227	219	18.73496002150471	26.20513324528178	44.94009326678649	NA	32	NA	NA	NA	NA	1.25	45.4497792	3.6275000000000004
NA	2019-07-31T00:00:00Z	5D	266	NA	NA	NA	NA	NA	NA	NA	2019	5D266	5	D				NA	vegetative > flowering > dead_nf	vegetative	flowering	dead_nf	FALSE	Control	Control	2019-06-04T15:00:00Z	155	2019-06-03T17:00:00Z	154	Early	155	early	2019-06-04T18:00:00Z	157.75	-2.75	175	227	219	18.73496002150471	26.20513324528178	44.94009326678649	NA	22	NA	NA	NA	NA	1.25	29.9638262	3.6275000000000004
NA	2019-07-19T00:00:00Z	5C	214	NA	NA	NA	NA	NA	NA	NA	2019	5C214	5	C				NA	vegetative > flowering > dead_nf	vegetative	flowering	dead_nf	FALSE	Reduction	Reduction	2019-06-04T15:00:00Z	155	2019-06-03T17:00:00Z	154	Early	155	early	2019-06-04T18:00:00Z	157.75	-2.75	175	227	219	18.73496002150471	13.10256662264089	31.837526644145598	NA	33	NA	NA	NA	NA	1.25	47.0709228	3.26
NA	2019-07-31T00:00:00Z	5C	214	NA	NA	NA	NA	NA	NA	NA	2019	5C214	5	C				NA	vegetative > flowering > dead_nf	vegetative	flowering	dead_nf	FALSE	Reduction	Reduction	2019-06-04T15:00:00Z	155	2019-06-03T17:00:00Z	154	Early	155	early	2019-06-04T18:00:00Z	157.75	-2.75	175	227	219	18.73496002150471	13.10256662264089	31.837526644145598	NA	5	NA	NA	NA	NA	1.25	6.367425	3.26
NA	2019-07-26T00:00:00Z	6C	122	NA	NA	NA	NA	NA	NA	NA	2019	6C122	6	C				NA	vegetative > flowering > vegetative	vegetative	flowering	vegetative	FALSE	Control	Mock rainout	2019-06-05T19:00:00Z	156	2019-06-05T17:00:00Z	156	Normal	156	normal	2019-06-05T18:00:00Z	157.75	-1.75	175	227	219	18.420841963803518	26.20513324528178	44.6259752090853	NA	25	NA	NA	NA	NA	1.25	34.475	3.995
NA	2019-07-19T00:00:00Z	4B	168	NA	NA	NA	NA	NA	NA	NA	2019	4B168	4	B		census20		NA	vegetative > flowering > dead_nf	vegetative	flowering	dead_nf	FALSE	Control	Mock rainout	2019-05-27T22:00:00Z	147	2019-05-26T18:00:00Z	146	Early	147	early	2019-05-27T18:00:00Z	157.75	-10.75	175	227	219	21.750493375436122	26.20513324528178	47.9556266207179	NA	31	NA	NA	NA	NA	1.2890625	45.212312990624994	3.6175
NA	2019-08-02T00:00:00Z	2C	277	NA	NA	NA	NA	NA	NA	NA	2019	2C277	2	C				NA	vegetative > vegetative > flowering	vegetative	vegetative	flowering	FALSE	Reduction	Reduction	2019-06-09T15:00:00Z	160	2019-06-08T20:00:00Z	159	Normal	160	normal	2019-06-09T18:00:00Z	157.75	2.25	175	227	219	18.420841963803518	13.10256662264089	31.523408586444408	NA	20	NA	NA	NA	NA	1.328125	28.70630625	5.1775
NA	2019-08-02T00:00:00Z	3A	272	NA	NA	NA	NA	NA	NA	NA	2019	3A272	3	A				NA	vegetative > flowering > dead_nf	vegetative	flowering	dead_nf	FALSE	Reduction	Reduction	2019-06-07T14:00:00Z	158	2019-06-06T19:00:00Z	157	Normal	158	normal	2019-06-07T18:00:00Z	157.75	0.25	175	227	219	18.420841963803518	13.10256662264089	31.523408586444408	NA	21	NA	NA	NA	NA	1.328125	30.265018612500004	4.465
NA	2019-08-02T00:00:00Z	3C	172	NA	NA	NA	NA	NA	NA	NA	2019	3C172	3	C				NA	vegetative > flowering > dead_nf	vegetative	flowering	dead_nf	FALSE	Addition	Addition	2019-06-07T14:00:00Z	158	2019-06-06T19:00:00Z	157	Normal	158	normal	2019-06-07T18:00:00Z	157.75	0.25	175	227	219	18.420841963803518	103.20513324528179	121.62597520908531	NA	22	NA	NA	NA	NA	1.328125	31.836565337499998	5.7625
NA	2019-08-02T00:00:00Z	4B	173	NA	NA	NA	NA	NA	NA	Changed date's year to 2019	2019	4B173	4	B				NA	vegetative > flowering > dead_nf	vegetative	flowering	dead_nf	FALSE	Control	Mock rainout	2019-05-27T22:00:00Z	147	2019-05-26T18:00:00Z	146	Early	147	early	2019-05-27T18:00:00Z	157.75	-10.75	175	227	219	21.750493375436122	26.20513324528178	47.9556266207179	NA	NA	NA	NA	NA	NA	1.328125	NA	3.6175
NA	2019-07-19T00:00:00Z	4D	61	NA	NA	NA	NA	NA	NA	NA	2019	4D61	4	D				NA	vegetative > flowering > dead_nf	vegetative	flowering	dead_nf	FALSE	Reduction	Reduction	2019-05-27T22:00:00Z	147	2019-05-26T18:00:00Z	146	Early	147	early	2019-05-27T18:00:00Z	157.75	-10.75	175	227	219	21.750493375436122	13.10256662264089	34.853059998077015	NA	26	NA	NA	NA	NA	1.328125	38.2540474875	3.8274999999999997
NA	2019-07-19T00:00:00Z	5D	286	NA	NA	NA	NA	NA	NA	NA	2019	5D286	5	D				NA	vegetative > flowering > dead_nf	vegetative	flowering	dead_nf	FALSE	Control	Control	2019-06-04T15:00:00Z	155	2019-06-03T17:00:00Z	154	Early	155	early	2019-06-04T18:00:00Z	157.75	-2.75	175	227	219	18.73496002150471	26.20513324528178	44.94009326678649	NA	33	NA	NA	NA	NA	1.328125	50.012855474999995	3.6275000000000004
NA	2019-07-26T00:00:00Z	6C	80	NA	NA	NA	NA	NA	NA	NA	2019	6C80	6	C				NA	vegetative > flowering > vegetative	vegetative	flowering	vegetative	FALSE	Control	Mock rainout	2019-06-05T19:00:00Z	156	2019-06-05T17:00:00Z	156	Normal	156	normal	2019-06-05T18:00:00Z	157.75	-1.75	175	227	219	18.420841963803518	26.20513324528178	44.6259752090853	NA	25	NA	NA	NA	NA	1.328125	36.629687499999996	3.995
NA	2019-07-26T00:00:00Z	2C	298	NA	NA	NA	NA	NA	NA	NA	2019	2C298	2	C				NA	vegetative > flowering > dead_nf	vegetative	flowering	dead_nf	FALSE	Reduction	Reduction	2019-06-09T15:00:00Z	160	2019-06-08T20:00:00Z	159	Normal	160	normal	2019-06-09T18:00:00Z	157.75	2.25	175	227	219	18.420841963803518	13.10256662264089	31.523408586444408	NA	21	NA	NA	NA	NA	1.40625	32.045313825	5.1775
NA	2019-08-07T00:00:00Z	3C	140	NA	NA	NA	NA	NA	NA	NA	2019	3C140	3	C				NA	vegetative > flowering > dead_nf	vegetative	flowering	dead_nf	FALSE	Addition	Addition	2019-06-07T14:00:00Z	158	2019-06-06T19:00:00Z	157	Normal	158	normal	2019-06-07T18:00:00Z	157.75	0.25	175	227	219	18.420841963803518	103.20513324528179	121.62597520908531	NA	22	NA	NA	NA	NA	1.40625	33.709304474999996	5.7625
NA	2019-07-26T00:00:00Z	4A	124	NA	NA	NA	NA	NA	NA	NA	2019	4A124	4	A				NA	vegetative > flowering > flowering	vegetative	flowering	flowering	FALSE	Addition	Addition	2019-05-27T22:00:00Z	147	2019-05-26T18:00:00Z	146	Early	147	early	2019-05-27T18:00:00Z	157.75	-10.75	175	227	219	21.750493375436122	103.20513324528179	124.95562662071791	NA	23	NA	NA	NA	NA	1.40625	35.3870407125	4.335
NA	2019-08-07T00:00:00Z	5B	27	NA	NA	NA	NA	NA	NA	NA	2019	5B27	5	B				NA	vegetative > flowering > dead_nf	vegetative	flowering	dead_nf	FALSE	Control	Mock rainout	2019-06-04T15:00:00Z	155	2019-06-03T17:00:00Z	154	Early	155	early	2019-06-04T18:00:00Z	157.75	-2.75	175	227	219	18.73496002150471	26.20513324528178	44.94009326678649	NA	21	NA	NA	NA	NA	1.40625	32.045313825	3.5500000000000003
NA	2019-07-31T00:00:00Z	5D	239	NA	NA	NA	NA	NA	NA	NA	2019	5D239	5	D				NA	vegetative > flowering > dead_nf	vegetative	flowering	dead_nf	FALSE	Control	Control	2019-06-04T15:00:00Z	155	2019-06-03T17:00:00Z	154	Early	155	early	2019-06-04T18:00:00Z	157.75	-2.75	175	227	219	18.73496002150471	26.20513324528178	44.94009326678649	NA	23	NA	NA	NA	NA	1.40625	35.3870407125	3.6275000000000004
NA	2019-08-07T00:00:00Z	5D	266	NA	NA	NA	NA	NA	NA	NA	2019	5D266	5	D				NA	vegetative > flowering > dead_nf	vegetative	flowering	dead_nf	FALSE	Control	Control	2019-06-04T15:00:00Z	155	2019-06-03T17:00:00Z	154	Early	155	early	2019-06-04T18:00:00Z	157.75	-2.75	175	227	219	18.73496002150471	26.20513324528178	44.94009326678649	NA	25	NA	NA	NA	NA	1.40625	38.784375	3.6275000000000004
NA	2019-07-31T00:00:00Z	5A	201	NA	NA	NA	NA	NA	NA	NA	2019	5A201	5	A				NA	vegetative > flowering > dead_nf	vegetative	flowering	dead_nf	FALSE	Addition	Addition	2019-06-04T15:00:00Z	155	2019-06-03T17:00:00Z	154	Early	155	early	2019-06-04T18:00:00Z	157.75	-2.75	175	227	219	18.73496002150471	103.20513324528179	121.94009326678649	NA	20	NA	NA	NA	NA	1.40625	30.394912500000004	4.8725
NA	2019-07-26T00:00:00Z	6B	2	NA	NA	NA	NA	NA	NA	NA	2019	6B2	6	B				NA	vegetative > flowering > dead_nf	vegetative	flowering	dead_nf	FALSE	Reduction	Reduction	2019-06-05T19:00:00Z	156	2019-06-05T17:00:00Z	156	Normal	156	normal	2019-06-05T18:00:00Z	157.75	-1.75	175	227	219	18.420841963803518	13.10256662264089	31.523408586444408	NA	24	NA	NA	NA	NA	1.40625	37.0786788	3.89
NA	2019-07-19T00:00:00Z	4D	43	NA	NA	NA	NA	NA	NA	NA	2019	4D43	4	D				NA	vegetative > flowering > vegetative	vegetative	flowering	vegetative	FALSE	Reduction	Reduction	2019-05-27T22:00:00Z	147	2019-05-26T18:00:00Z	146	Early	147	early	2019-05-27T18:00:00Z	157.75	-10.75	175	227	219	21.750493375436122	13.10256662264089	34.853059998077015	NA	39	NA	NA	NA	NA	1.484375	67.79593786875	3.8274999999999997
NA	NA	4A	124	NA	NA	NA	NA	NA	NA	NA	2019	4A124	4	A				NA	vegetative > flowering > flowering	vegetative	flowering	flowering	FALSE	Addition	Addition	2019-05-27T22:00:00Z	147	2019-05-26T18:00:00Z	146	Early	147	early	2019-05-27T18:00:00Z	157.75	-10.75	175	227	219	21.750493375436122	103.20513324528179	124.95562662071791	NA	17.5	NA	NA	NA	NA	1.484375	27.789966845703123	4.335
NA	2019-07-31T00:00:00Z	5D	230	NA	NA	NA	NA	NA	NA	NA	2019	5D230	5	D				NA	vegetative > flowering > flowering	vegetative	flowering	flowering	FALSE	Control	Control	2019-06-04T15:00:00Z	155	2019-06-03T17:00:00Z	154	Early	155	early	2019-06-04T18:00:00Z	157.75	-2.75	175	227	219	18.73496002150471	26.20513324528178	44.94009326678649	NA	22	NA	NA	NA	NA	1.484375	35.582043612499994	3.6275000000000004
NA	2019-07-31T00:00:00Z	5D	240	NA	NA	NA	NA	NA	NA	NA	2019	5D240	5	D				NA	vegetative > flowering > dead_nf	vegetative	flowering	dead_nf	FALSE	Control	Control	2019-06-04T15:00:00Z	155	2019-06-03T17:00:00Z	154	Early	155	early	2019-06-04T18:00:00Z	157.75	-2.75	175	227	219	18.73496002150471	26.20513324528178	44.94009326678649	NA	21	NA	NA	NA	NA	1.484375	33.8256090375	3.6275000000000004
NA	2019-07-31T00:00:00Z	5D	262	NA	NA	NA	NA	NA	NA	NA	2019	5D262	5	D				NA	vegetative > flowering > dead_nf	vegetative	flowering	dead_nf	FALSE	Control	Control	2019-06-04T15:00:00Z	155	2019-06-03T17:00:00Z	154	Early	155	early	2019-06-04T18:00:00Z	157.75	-2.75	175	227	219	18.73496002150471	26.20513324528178	44.94009326678649	NA	25.5	NA	NA	NA	NA	1.484375	41.84490726445313	3.6275000000000004
NA	2019-07-26T00:00:00Z	2B	130	NA	NA	NA	NA	NA	NA	NA	2019	2B130	2	B				NA	vegetative > flowering > dead_nf	vegetative	flowering	dead_nf	FALSE	Control	Mock rainout	2019-06-09T15:00:00Z	160	2019-06-08T20:00:00Z	159	Normal	160	normal	2019-06-09T18:00:00Z	157.75	2.25	175	227	219	18.420841963803518	26.20513324528178	44.6259752090853	NA	21.5	NA	NA	NA	NA	1.5625	36.5284452421875	5.22
NA	2019-07-26T00:00:00Z	2B	177	NA	NA	NA	NA	NA	NA	NA	2019	2B177	2	B				NA	vegetative > flowering > dead_nf	vegetative	flowering	dead_nf	FALSE	Control	Mock rainout	2019-06-09T15:00:00Z	160	2019-06-08T20:00:00Z	159	Normal	160	normal	2019-06-09T18:00:00Z	157.75	2.25	175	227	219	18.420841963803518	26.20513324528178	44.6259752090853	NA	25	NA	NA	NA	NA	1.5625	43.09375	5.22
NA	2019-07-26T00:00:00Z	4D	62	NA	NA	NA	NA	NA	NA	NA	2019	4D62	4	D				NA	vegetative > flowering > dead_nf	vegetative	flowering	dead_nf	FALSE	Reduction	Reduction	2019-05-27T22:00:00Z	147	2019-05-26T18:00:00Z	146	Early	147	early	2019-05-27T18:00:00Z	157.75	-10.75	175	227	219	21.750493375436122	13.10256662264089	34.853059998077015	NA	32.5	NA	NA	NA	NA	1.5625	57.8233017578125	3.8274999999999997
NA	2019-08-02T00:00:00Z	2C	288	NA	NA	NA	NA	NA	NA	NA	2019	2C288	2	C				NA	vegetative > flowering > dead_nf	vegetative	flowering	dead_nf	FALSE	Reduction	Reduction	2019-06-09T15:00:00Z	160	2019-06-08T20:00:00Z	159	Normal	160	normal	2019-06-09T18:00:00Z	157.75	2.25	175	227	219	18.420841963803518	13.10256662264089	31.523408586444408	NA	19	NA	NA	NA	NA	1.640625	33.55093494375	5.1775
NA	2019-08-02T00:00:00Z	3C	183	NA	NA	NA	NA	NA	NA	NA	2019	3C183	3	C				NA	vegetative > flowering > dead_nf	vegetative	flowering	dead_nf	FALSE	Addition	Addition	2019-06-07T14:00:00Z	158	2019-06-06T19:00:00Z	157	Normal	158	normal	2019-06-07T18:00:00Z	157.75	0.25	175	227	219	18.420841963803518	103.20513324528179	121.62597520908531	NA	17	NA	NA	NA	NA	1.640625	29.777628825	5.7625
NA	2019-07-31T00:00:00Z	5B	17	NA	NA	NA	NA	NA	NA	NA	2019	5B17	5	B				NA	vegetative > flowering > dead_nf	vegetative	flowering	dead_nf	FALSE	Control	Mock rainout	2019-06-04T15:00:00Z	155	2019-06-03T17:00:00Z	154	Early	155	early	2019-06-04T18:00:00Z	157.75	-2.75	175	227	219	18.73496002150471	26.20513324528178	44.94009326678649	NA	25	NA	NA	NA	NA	1.640625	45.2484375	3.5500000000000003
NA	2019-08-02T00:00:00Z	5B	19	NA	NA	NA	NA	NA	NA	NA	2019	5B19	5	B				NA	vegetative > flowering > vegetative	vegetative	flowering	vegetative	FALSE	Control	Mock rainout	2019-06-04T15:00:00Z	155	2019-06-03T17:00:00Z	154	Early	155	early	2019-06-04T18:00:00Z	157.75	-2.75	175	227	219	18.73496002150471	26.20513324528178	44.94009326678649	NA	23	NA	NA	NA	NA	1.640625	41.28488083125	3.5500000000000003
NA	2019-07-31T00:00:00Z	5B	30	NA	NA	NA	NA	NA	NA	NA	2019	5B30	5	B				NA	vegetative > flowering > dead_nf	vegetative	flowering	dead_nf	FALSE	Control	Mock rainout	2019-06-04T15:00:00Z	155	2019-06-03T17:00:00Z	154	Early	155	early	2019-06-04T18:00:00Z	157.75	-2.75	175	227	219	18.73496002150471	26.20513324528178	44.94009326678649	NA	25.5	NA	NA	NA	NA	1.640625	46.24963434492187	3.5500000000000003
NA	2019-07-31T00:00:00Z	5D	249	NA	NA	NA	NA	NA	NA	NA	2019	5D249	5	D				NA	vegetative > flowering > dead_nf	vegetative	flowering	dead_nf	FALSE	Control	Control	2019-06-04T15:00:00Z	155	2019-06-03T17:00:00Z	154	Early	155	early	2019-06-04T18:00:00Z	157.75	-2.75	175	227	219	18.73496002150471	26.20513324528178	44.94009326678649	NA	23	NA	NA	NA	NA	1.640625	41.28488083125	3.6275000000000004
NA	2019-07-31T00:00:00Z	5C	229	NA	NA	NA	NA	NA	NA	NA	2019	5C229	5	C				NA	vegetative > flowering > dead_nf	vegetative	flowering	dead_nf	FALSE	Reduction	Reduction	2019-06-04T15:00:00Z	155	2019-06-03T17:00:00Z	154	Early	155	early	2019-06-04T18:00:00Z	157.75	-2.75	175	227	219	18.73496002150471	13.10256662264089	31.837526644145598	NA	22	NA	NA	NA	NA	1.640625	39.3275218875	3.26
NA	2019-08-06T00:00:00Z	5A	196	NA	NA	NA	NA	NA	NA	NA	2019	5A196	5	A				NA	vegetative > flowering > flowering	vegetative	flowering	flowering	FALSE	Addition	Addition	2019-06-04T15:00:00Z	155	2019-06-03T17:00:00Z	154	Early	155	early	2019-06-04T18:00:00Z	157.75	-2.75	175	227	219	18.73496002150471	103.20513324528179	121.94009326678649	NA	23	NA	NA	NA	NA	1.640625	41.28488083125	4.8725
NA	2019-07-26T00:00:00Z	6C	80	NA	NA	NA	NA	NA	NA	NA	2019	6C80	6	C				NA	vegetative > flowering > vegetative	vegetative	flowering	vegetative	FALSE	Control	Mock rainout	2019-06-05T19:00:00Z	156	2019-06-05T17:00:00Z	156	Normal	156	normal	2019-06-05T18:00:00Z	157.75	-1.75	175	227	219	18.420841963803518	26.20513324528178	44.6259752090853	NA	23	NA	NA	NA	NA	1.640625	41.28488083125	3.995
NA	2019-08-07T00:00:00Z	6D	39	NA	NA	NA	NA	NA	NA	NA	2019	6D39	6	D				NA	vegetative > flowering > dead_nf	vegetative	flowering	dead_nf	FALSE	Addition	Addition	2019-06-05T19:00:00Z	156	2019-06-05T17:00:00Z	156	Normal	156	normal	2019-06-05T18:00:00Z	157.75	-1.75	175	227	219	18.420841963803518	103.20513324528179	121.62597520908531	NA	18	NA	NA	NA	NA	1.640625	31.6566282375	5.4175
NA	2019-07-26T00:00:00Z	1B	657	NA	NA	NA	NA	NA	NA	NA	2019	1B657	1	B				NA	vegetative > flowering > dead_nf	vegetative	flowering	dead_nf	FALSE	Control	Control	2019-06-06T17:00:00Z	157	2019-06-06T15:00:00Z	157	Normal	157	normal	2019-06-06T18:00:00Z	157.75	-0.75	175	227	219	18.420841963803518	26.20513324528178	44.6259752090853	NA	24.5	NA	NA	NA	NA	1.71875	46.35859539609375	5.908571428571428
NA	2019-07-26T00:00:00Z	1C	43	NA	NA	NA	NA	NA	NA	NA	2019	1C43	1	C				NA	vegetative > flowering > dead_nf	vegetative	flowering	dead_nf	FALSE	Control	Mock rainout	2019-06-06T17:00:00Z	157	2019-06-06T15:00:00Z	157	Normal	157	normal	2019-06-06T18:00:00Z	157.75	-0.75	175	227	219	18.420841963803518	26.20513324528178	44.6259752090853	NA	23	NA	NA	NA	NA	1.71875	43.2508275375	5.485714285714286
NA	2019-08-02T00:00:00Z	2D	258	NA	NA	NA	NA	NA	NA	NA	2019	2D258	2	D		pheno19		NA	vegetative > flowering > dead_nf	vegetative	flowering	dead_nf	FALSE	Addition	Addition	2019-06-09T15:00:00Z	160	2019-06-08T20:00:00Z	159	Normal	160	normal	2019-06-09T18:00:00Z	157.75	2.25	175	227	219	18.420841963803518	103.20513324528179	121.62597520908531	NA	17	NA	NA	NA	NA	1.71875	31.195611149999998	6.6425
NA	2019-07-24T00:00:00Z	4D	60	NA	NA	NA	NA	NA	NA	NA	2019	4D60	4	D				NA	vegetative > flowering > dead_nf	vegetative	flowering	dead_nf	FALSE	Reduction	Reduction	2019-05-27T22:00:00Z	147	2019-05-26T18:00:00Z	146	Early	147	early	2019-05-27T18:00:00Z	157.75	-10.75	175	227	219	21.750493375436122	13.10256662264089	34.853059998077015	NA	35	NA	NA	NA	NA	1.71875	69.2375578125	3.8274999999999997
NA	2019-08-07T00:00:00Z	5B	301	NA	NA	NA	NA	NA	NA	NA	2019	5B301	5	B				NA	vegetative > flowering > dead_nf	vegetative	flowering	dead_nf	FALSE	Control	Mock rainout	2019-06-04T15:00:00Z	155	2019-06-03T17:00:00Z	154	Early	155	early	2019-06-04T18:00:00Z	157.75	-2.75	175	227	219	18.73496002150471	26.20513324528178	44.94009326678649	NA	26	NA	NA	NA	NA	1.71875	49.505237924999996	3.5500000000000003
NA	2019-07-31T00:00:00Z	5D	272	NA	NA	NA	NA	NA	NA	NA	2019	5D272	5	D				NA	vegetative > flowering > dead_nf	vegetative	flowering	dead_nf	FALSE	Control	Control	2019-06-04T15:00:00Z	155	2019-06-03T17:00:00Z	154	Early	155	early	2019-06-04T18:00:00Z	157.75	-2.75	175	227	219	18.73496002150471	26.20513324528178	44.94009326678649	NA	22	NA	NA	NA	NA	1.71875	41.200261024999996	3.6275000000000004
NA	2019-07-31T00:00:00Z	5C	228	NA	NA	NA	NA	NA	NA	NA	2019	5C228	5	C				NA	vegetative > flowering > dead_nf	vegetative	flowering	dead_nf	FALSE	Reduction	Reduction	2019-06-04T15:00:00Z	155	2019-06-03T17:00:00Z	154	Early	155	early	2019-06-04T18:00:00Z	157.75	-2.75	175	227	219	18.73496002150471	13.10256662264089	31.837526644145598	NA	28	NA	NA	NA	NA	1.71875	53.7623471	3.26
NA	2019-07-26T00:00:00Z	2C	202	NA	NA	NA	NA	NA	NA	NA	2019	2C202	2	C				NA	vegetative > flowering > vegetative	vegetative	flowering	vegetative	FALSE	Reduction	Reduction	2019-06-09T15:00:00Z	160	2019-06-08T20:00:00Z	159	Normal	160	normal	2019-06-09T18:00:00Z	157.75	2.25	175	227	219	18.420841963803518	13.10256662264089	31.523408586444408	NA	22	NA	NA	NA	NA	1.796875	43.073000162499994	5.1775
NA	2019-07-19T00:00:00Z	2D	221	NA	NA	NA	NA	NA	NA	NA	2019	2D221	2	D				NA	vegetative > flowering > dead_nf	vegetative	flowering	dead_nf	FALSE	Addition	Addition	2019-06-09T15:00:00Z	160	2019-06-08T20:00:00Z	159	Normal	160	normal	2019-06-09T18:00:00Z	157.75	2.25	175	227	219	18.420841963803518	103.20513324528179	121.62597520908531	NA	31	NA	NA	NA	NA	1.796875	63.023224168750005	6.6425
NA	2019-08-07T00:00:00Z	3A	659	NA	NA	NA	NA	NA	NA	NA	2019	3A659	3	A				NA	vegetative > flowering > dead_nf	vegetative	flowering	dead_nf	FALSE	Reduction	Reduction	2019-06-07T14:00:00Z	158	2019-06-06T19:00:00Z	157	Normal	158	normal	2019-06-07T18:00:00Z	157.75	0.25	175	227	219	18.420841963803518	13.10256662264089	31.523408586444408	NA	27.5	NA	NA	NA	NA	1.796875	55.086463330078125	4.465
NA	2019-08-07T00:00:00Z	3C	146	NA	NA	NA	NA	NA	NA	NA	2019	3C146	3	C				NA	vegetative > flowering > dead_nf	vegetative	flowering	dead_nf	FALSE	Addition	Addition	2019-06-07T14:00:00Z	158	2019-06-06T19:00:00Z	157	Normal	158	normal	2019-06-07T18:00:00Z	157.75	0.25	175	227	219	18.420841963803518	103.20513324528179	121.62597520908531	NA	24	NA	NA	NA	NA	1.796875	47.3783118	5.7625
NA	2019-07-31T00:00:00Z	5D	228	NA	NA	NA	NA	NA	NA	NA	2019	5D228	5	D				NA	flowering > flowering > dead_nf	flowering	flowering	dead_nf	FALSE	Control	Control	2019-06-04T15:00:00Z	155	2019-06-03T17:00:00Z	154	Early	155	early	2019-06-04T18:00:00Z	157.75	-2.75	175	227	219	18.73496002150471	26.20513324528178	44.94009326678649	NA	23	NA	NA	NA	NA	1.796875	45.21677424375	3.6275000000000004
NA	2019-07-31T00:00:00Z	5D	256	NA	NA	NA	NA	NA	NA	NA	2019	5D256	5	D				NA	vegetative > flowering > dead_nf	vegetative	flowering	dead_nf	FALSE	Control	Control	2019-06-04T15:00:00Z	155	2019-06-03T17:00:00Z	154	Early	155	early	2019-06-04T18:00:00Z	157.75	-2.75	175	227	219	18.73496002150471	26.20513324528178	44.94009326678649	NA	23.5	NA	NA	NA	NA	1.796875	46.295310108203125	3.6275000000000004
NA	2019-08-02T00:00:00Z	5C	209	NA	NA	NA	NA	NA	NA	NA	2019	5C209	5	C				NA	vegetative > flowering > dead_nf	vegetative	flowering	dead_nf	FALSE	Reduction	Reduction	2019-06-04T15:00:00Z	155	2019-06-03T17:00:00Z	154	Early	155	early	2019-06-04T18:00:00Z	157.75	-2.75	175	227	219	18.73496002150471	13.10256662264089	31.837526644145598	NA	22	NA	NA	NA	NA	1.796875	43.073000162499994	3.26
NA	2019-07-26T00:00:00Z	6B	7	NA	NA	NA	NA	NA	NA	NA	2019	6B7	6	B				NA	vegetative > flowering > dead_nf	vegetative	flowering	dead_nf	FALSE	Reduction	Reduction	2019-06-05T19:00:00Z	156	2019-06-05T17:00:00Z	156	Normal	156	normal	2019-06-05T18:00:00Z	157.75	-1.75	175	227	219	18.420841963803518	13.10256662264089	31.523408586444408	NA	29	NA	NA	NA	NA	1.796875	58.45944011249999	3.89
NA	2019-08-07T00:00:00Z	2D	212	NA	NA	NA	NA	NA	NA	NA	2019	2D212	2	D				NA	flowering > flowering > dead_nf	flowering	flowering	dead_nf	FALSE	Addition	Addition	2019-06-09T15:00:00Z	160	2019-06-08T20:00:00Z	159	Normal	160	normal	2019-06-09T18:00:00Z	157.75	2.25	175	227	219	18.420841963803518	103.20513324528179	121.62597520908531	NA	20.5	NA	NA	NA	NA	1.875	41.62456568437499	6.6425
NA	2019-08-02T00:00:00Z	5B	301	NA	NA	NA	NA	NA	NA	NA	2019	5B301	5	B				NA	vegetative > flowering > dead_nf	vegetative	flowering	dead_nf	FALSE	Control	Mock rainout	2019-06-04T15:00:00Z	155	2019-06-03T17:00:00Z	154	Early	155	early	2019-06-04T18:00:00Z	157.75	-2.75	175	227	219	18.73496002150471	26.20513324528178	44.94009326678649	NA	19	NA	NA	NA	NA	1.875	38.34392565	3.5500000000000003
NA	2019-07-31T00:00:00Z	5A	193	NA	NA	NA	NA	NA	NA	NA	2019	5A193	5	A				NA	vegetative > flowering > dead_nf	vegetative	flowering	dead_nf	FALSE	Addition	Addition	2019-06-04T15:00:00Z	155	2019-06-03T17:00:00Z	154	Early	155	early	2019-06-04T18:00:00Z	157.75	-2.75	175	227	219	18.73496002150471	103.20513324528179	121.94009326678649	NA	20	NA	NA	NA	NA	1.875	40.52655	4.8725
NA	2019-07-26T00:00:00Z	6B	29	NA	NA	NA	NA	NA	NA	NA	2019	6B29	6	B		seeds18		NA	vegetative > flowering > dead_nf	vegetative	flowering	dead_nf	FALSE	Reduction	Reduction	2019-06-05T19:00:00Z	156	2019-06-05T17:00:00Z	156	Normal	156	normal	2019-06-05T18:00:00Z	157.75	-1.75	175	227	219	18.420841963803518	13.10256662264089	31.523408586444408	NA	24	NA	NA	NA	NA	1.875	49.438238399999996	3.89
NA	2019-07-26T00:00:00Z	1B	684	NA	NA	NA	NA	NA	NA	NA	2019	1B684	1	B				NA	vegetative > flowering > vegetative	vegetative	flowering	vegetative	FALSE	Control	Control	2019-06-06T17:00:00Z	157	2019-06-06T15:00:00Z	157	Normal	157	normal	2019-06-06T18:00:00Z	157.75	-0.75	175	227	219	18.420841963803518	26.20513324528178	44.6259752090853	NA	24	NA	NA	NA	NA	1.953125	51.498165	5.908571428571428
NA	2019-08-02T00:00:00Z	2D	213	NA	NA	NA	NA	NA	NA	NA	2019	2D213	2	D				NA	vegetative > flowering > dead_nf	vegetative	flowering	dead_nf	FALSE	Addition	Addition	2019-06-09T15:00:00Z	160	2019-06-08T20:00:00Z	159	Normal	160	normal	2019-06-09T18:00:00Z	157.75	2.25	175	227	219	18.420841963803518	103.20513324528179	121.62597520908531	NA	21	NA	NA	NA	NA	1.953125	44.5073803125	6.6425
NA	2019-08-02T00:00:00Z	2D	217	NA	NA	NA	NA	NA	NA	NA	2019	2D217	2	D		pheno18		NA	vegetative > flowering > vegetative	vegetative	flowering	vegetative	FALSE	Addition	Addition	2019-06-09T15:00:00Z	160	2019-06-08T20:00:00Z	159	Normal	160	normal	2019-06-09T18:00:00Z	157.75	2.25	175	227	219	18.420841963803518	103.20513324528179	121.62597520908531	NA	24	NA	NA	NA	NA	1.953125	51.498165	6.6425
NA	2019-08-02T00:00:00Z	2D	217	NA	NA	NA	NA	NA	NA	NA	2019	2D217	2	D		pheno18		NA	vegetative > flowering > vegetative	vegetative	flowering	vegetative	FALSE	Addition	Addition	2019-06-09T15:00:00Z	160	2019-06-08T20:00:00Z	159	Normal	160	normal	2019-06-09T18:00:00Z	157.75	2.25	175	227	219	18.420841963803518	103.20513324528179	121.62597520908531	NA	22	NA	NA	NA	NA	1.953125	46.8184784375	6.6425
NA	2019-08-02T00:00:00Z	3C	161	NA	NA	NA	NA	NA	NA	NA	2019	3C161	3	C				NA	vegetative > flowering > dead_nf	vegetative	flowering	dead_nf	FALSE	Addition	Addition	2019-06-07T14:00:00Z	158	2019-06-06T19:00:00Z	157	Normal	158	normal	2019-06-07T18:00:00Z	157.75	0.25	175	227	219	18.420841963803518	103.20513324528179	121.62597520908531	NA	15	NA	NA	NA	NA	1.953125	31.029550781250002	5.7625
NA	2019-07-24T00:00:00Z	4A	89	NA	NA	NA	NA	NA	NA	NA	2019	4A89	4	A				NA	vegetative > flowering > dead_nf	vegetative	flowering	dead_nf	FALSE	Addition	Addition	2019-05-27T22:00:00Z	147	2019-05-26T18:00:00Z	146	Early	147	early	2019-05-27T18:00:00Z	157.75	-10.75	175	227	219	21.750493375436122	103.20513324528179	124.95562662071791	NA	31.5	NA	NA	NA	NA	1.953125	69.75674815429687	4.335
NA	2019-07-31T00:00:00Z	5B	1	NA	NA	NA	NA	NA	NA	NA	2019	5B1	5	B		pheno18		NA	vegetative > flowering > dead_nf	vegetative	flowering	dead_nf	FALSE	Control	Mock rainout	2019-06-04T15:00:00Z	155	2019-06-03T17:00:00Z	154	Early	155	early	2019-06-04T18:00:00Z	157.75	-2.75	175	227	219	18.73496002150471	26.20513324528178	44.94009326678649	NA	21	NA	NA	NA	NA	1.953125	44.5073803125	3.5500000000000003
NA	2019-07-31T00:00:00Z	5B	31	NA	NA	NA	NA	NA	NA	NA	2019	5B31	5	B				NA	vegetative > flowering > dead_nf	vegetative	flowering	dead_nf	FALSE	Control	Mock rainout	2019-06-04T15:00:00Z	155	2019-06-03T17:00:00Z	154	Early	155	early	2019-06-04T18:00:00Z	157.75	-2.75	175	227	219	18.73496002150471	26.20513324528178	44.94009326678649	NA	20	NA	NA	NA	NA	1.953125	42.21515625000001	3.5500000000000003
NA	2019-07-31T00:00:00Z	5D	287	NA	NA	NA	NA	NA	NA	NA	2019	5D287	5	D				NA	vegetative > flowering > dead_nf	vegetative	flowering	dead_nf	FALSE	Control	Control	2019-06-04T15:00:00Z	155	2019-06-03T17:00:00Z	154	Early	155	early	2019-06-04T18:00:00Z	157.75	-2.75	175	227	219	18.73496002150471	26.20513324528178	44.94009326678649	NA	26.5	NA	NA	NA	NA	1.953125	57.45780567382813	3.6275000000000004
NA	NA	1C	43	NA	NA	NA	NA	NA	NA	NA	2019	1C43	1	C				NA	vegetative > flowering > dead_nf	vegetative	flowering	dead_nf	FALSE	Control	Mock rainout	2019-06-06T17:00:00Z	157	2019-06-06T15:00:00Z	157	Normal	157	normal	2019-06-06T18:00:00Z	157.75	-0.75	175	227	219	18.420841963803518	26.20513324528178	44.6259752090853	NA	30	NA	NA	NA	NA	2.03125	68.65328437499998	5.485714285714286
NA	2019-07-19T00:00:00Z	1C	47	NA	NA	NA	NA	NA	NA	NA	2019	1C47	1	C				NA	vegetative > flowering > dead_nf	vegetative	flowering	dead_nf	FALSE	Control	Mock rainout	2019-06-06T17:00:00Z	157	2019-06-06T15:00:00Z	157	Normal	157	normal	2019-06-06T18:00:00Z	157.75	-0.75	175	227	219	18.420841963803518	26.20513324528178	44.6259752090853	NA	31.5	NA	NA	NA	NA	2.03125	72.54701808046873	5.485714285714286
NA	2019-07-26T00:00:00Z	2C	268	NA	NA	NA	NA	NA	NA	NA	2019	2C268	2	C				NA	vegetative > flowering > dead_nf	vegetative	flowering	dead_nf	FALSE	Reduction	Reduction	2019-06-09T15:00:00Z	160	2019-06-08T20:00:00Z	159	Normal	160	normal	2019-06-09T18:00:00Z	157.75	2.25	175	227	219	18.420841963803518	13.10256662264089	31.523408586444408	NA	21	NA	NA	NA	NA	2.03125	46.287675525000004	5.1775
NA	NA	2D	211	NA	NA	NA	NA	NA	NA	NA	2019	2D211	2	D				NA	vegetative > flowering > vegetative	vegetative	flowering	vegetative	FALSE	Addition	Addition	2019-06-09T15:00:00Z	160	2019-06-08T20:00:00Z	159	Normal	160	normal	2019-06-09T18:00:00Z	157.75	2.25	175	227	219	18.420841963803518	103.20513324528179	121.62597520908531	NA	34	NA	NA	NA	NA	2.03125	79.14694547500001	6.6425
NA	2019-08-07T00:00:00Z	3C	150	NA	NA	NA	NA	NA	NA	NA	2019	3C150	3	C				NA	vegetative > flowering > dead_nf	vegetative	flowering	dead_nf	FALSE	Addition	Addition	2019-06-07T14:00:00Z	158	2019-06-06T19:00:00Z	157	Normal	158	normal	2019-06-07T18:00:00Z	157.75	0.25	175	227	219	18.420841963803518	103.20513324528179	121.62597520908531	NA	28	NA	NA	NA	NA	2.03125	63.53731929999999	5.7625
NA	2019-07-24T00:00:00Z	4D	61	NA	NA	NA	NA	NA	NA	NA	2019	4D61	4	D				NA	vegetative > flowering > dead_nf	vegetative	flowering	dead_nf	FALSE	Reduction	Reduction	2019-05-27T22:00:00Z	147	2019-05-26T18:00:00Z	146	Early	147	early	2019-05-27T18:00:00Z	157.75	-10.75	175	227	219	21.750493375436122	13.10256662264089	34.853059998077015	NA	31.5	NA	NA	NA	NA	2.03125	72.54701808046873	3.8274999999999997
NA	2019-07-31T00:00:00Z	5B	290	NA	NA	NA	NA	NA	NA	NA	2019	5B290	5	B				NA	vegetative > flowering > dead_nf	vegetative	flowering	dead_nf	FALSE	Control	Mock rainout	2019-06-04T15:00:00Z	155	2019-06-03T17:00:00Z	154	Early	155	early	2019-06-04T18:00:00Z	157.75	-2.75	175	227	219	18.73496002150471	26.20513324528178	44.94009326678649	NA	25	NA	NA	NA	NA	2.03125	56.021875	3.5500000000000003
NA	2019-07-31T00:00:00Z	5A	200	NA	NA	NA	NA	NA	NA	NA	2019	5A200	5	A				NA	vegetative > flowering > dead_nf	vegetative	flowering	dead_nf	FALSE	Addition	Addition	2019-06-04T15:00:00Z	155	2019-06-03T17:00:00Z	154	Early	155	early	2019-06-04T18:00:00Z	157.75	-2.75	175	227	219	18.73496002150471	103.20513324528179	121.94009326678649	NA	19	NA	NA	NA	NA	2.03125	41.5392527875	4.8725
NA	2019-07-26T00:00:00Z	2B	87	NA	NA	NA	NA	NA	NA	NA	2019	2B87	2	B				NA	flowering > flowering > vegetative	flowering	flowering	vegetative	FALSE	Control	Mock rainout	2019-06-09T15:00:00Z	160	2019-06-08T20:00:00Z	159	Normal	160	normal	2019-06-09T18:00:00Z	157.75	2.25	175	227	219	18.420841963803518	26.20513324528178	44.6259752090853	NA	22.5	NA	NA	NA	NA	2.109375	51.819666943359366	5.22
NA	2019-07-26T00:00:00Z	2A	679	NA	NA	NA	NA	NA	NA	NA	2019	2A679	2	A				NA	no_record > flowering > dead_nf	no_record	flowering	dead_nf	FALSE	Control	Control	2019-06-09T15:00:00Z	160	2019-06-08T20:00:00Z	159	Normal	160	normal	2019-06-09T18:00:00Z	157.75	2.25	175	227	219	18.420841963803518	26.20513324528178	44.6259752090853	NA	22.5	NA	NA	NA	NA	2.109375	51.819666943359366	4.7525
NA	NA	3C	151	NA	NA	NA	NA	NA	NA	NA	2019	3C151	3	C				NA	vegetative > flowering > dead_nf	vegetative	flowering	dead_nf	FALSE	Addition	Addition	2019-06-07T14:00:00Z	158	2019-06-06T19:00:00Z	157	Normal	158	normal	2019-06-07T18:00:00Z	157.75	0.25	175	227	219	18.420841963803518	103.20513324528179	121.62597520908531	NA	29	NA	NA	NA	NA	2.109375	68.6262992625	5.7625
NA	2019-07-26T00:00:00Z	4D	54	NA	NA	NA	NA	NA	NA	NA	2019	4D54	4	D				NA	vegetative > flowering > vegetative	vegetative	flowering	vegetative	FALSE	Reduction	Reduction	2019-05-27T22:00:00Z	147	2019-05-26T18:00:00Z	146	Early	147	early	2019-05-27T18:00:00Z	157.75	-10.75	175	227	219	21.750493375436122	13.10256662264089	34.853059998077015	NA	33	NA	NA	NA	NA	2.109375	79.43218222499999	3.8274999999999997
NA	2019-07-31T00:00:00Z	5D	262	NA	NA	NA	NA	NA	NA	NA	2019	5D262	5	D				NA	vegetative > flowering > dead_nf	vegetative	flowering	dead_nf	FALSE	Control	Control	2019-06-04T15:00:00Z	155	2019-06-03T17:00:00Z	154	Early	155	early	2019-06-04T18:00:00Z	157.75	-2.75	175	227	219	18.73496002150471	26.20513324528178	44.94009326678649	NA	23	NA	NA	NA	NA	2.109375	53.08056106875	3.6275000000000004
NA	2019-07-31T00:00:00Z	5D	272	NA	NA	NA	NA	NA	NA	NA	2019	5D272	5	D				NA	vegetative > flowering > dead_nf	vegetative	flowering	dead_nf	FALSE	Control	Control	2019-06-04T15:00:00Z	155	2019-06-03T17:00:00Z	154	Early	155	early	2019-06-04T18:00:00Z	157.75	-2.75	175	227	219	18.73496002150471	26.20513324528178	44.94009326678649	NA	24	NA	NA	NA	NA	2.109375	55.618018199999995	3.6275000000000004
NA	2019-08-07T00:00:00Z	5D	288	NA	NA	NA	NA	NA	NA	NA	2019	5D288	5	D		census20		NA	vegetative > flowering > dead_nf	vegetative	flowering	dead_nf	FALSE	Control	Control	2019-06-04T15:00:00Z	155	2019-06-03T17:00:00Z	154	Early	155	early	2019-06-04T18:00:00Z	157.75	-2.75	175	227	219	18.73496002150471	26.20513324528178	44.94009326678649	NA	26.5	NA	NA	NA	NA	2.109375	62.05443012773438	3.6275000000000004
NA	2019-08-02T00:00:00Z	5C	209	NA	NA	NA	NA	NA	NA	NA	2019	5C209	5	C				NA	vegetative > flowering > dead_nf	vegetative	flowering	dead_nf	FALSE	Reduction	Reduction	2019-06-04T15:00:00Z	155	2019-06-03T17:00:00Z	154	Early	155	early	2019-06-04T18:00:00Z	157.75	-2.75	175	227	219	18.73496002150471	13.10256662264089	31.837526644145598	NA	20	NA	NA	NA	NA	2.109375	45.59236875	3.26
NA	2019-07-19T00:00:00Z	5C	217	NA	NA	NA	NA	NA	NA	NA	2019	5C217	5	C				NA	vegetative > flowering > flowering	vegetative	flowering	flowering	FALSE	Reduction	Reduction	2019-06-04T15:00:00Z	155	2019-06-03T17:00:00Z	154	Early	155	early	2019-06-04T18:00:00Z	157.75	-2.75	175	227	219	18.73496002150471	13.10256662264089	31.837526644145598	NA	25	NA	NA	NA	NA	2.109375	58.176562499999996	3.26
NA	2019-07-31T00:00:00Z	5A	193	NA	NA	NA	NA	NA	NA	NA	2019	5A193	5	A				NA	vegetative > flowering > dead_nf	vegetative	flowering	dead_nf	FALSE	Addition	Addition	2019-06-04T15:00:00Z	155	2019-06-03T17:00:00Z	154	Early	155	early	2019-06-04T18:00:00Z	157.75	-2.75	175	227	219	18.73496002150471	103.20513324528179	121.94009326678649	NA	18.5	NA	NA	NA	NA	2.109375	41.916673008984375	4.8725
NA	2019-07-26T00:00:00Z	4A	89	NA	NA	NA	NA	NA	NA	NA	2019	4A89	4	A				NA	vegetative > flowering > dead_nf	vegetative	flowering	dead_nf	FALSE	Addition	Addition	2019-05-27T22:00:00Z	147	2019-05-26T18:00:00Z	146	Early	147	early	2019-05-27T18:00:00Z	157.75	-10.75	175	227	219	21.750493375436122	103.20513324528179	124.95562662071791	NA	26.5	NA	NA	NA	NA	2.1875	64.3527423546875	4.335
NA	2019-07-31T00:00:00Z	5B	3	NA	NA	NA	NA	NA	NA	NA	2019	5B3	5	B				NA	vegetative > flowering > dead_nf	vegetative	flowering	dead_nf	FALSE	Control	Mock rainout	2019-06-04T15:00:00Z	155	2019-06-03T17:00:00Z	154	Early	155	early	2019-06-04T18:00:00Z	157.75	-2.75	175	227	219	18.73496002150471	26.20513324528178	44.94009326678649	NA	24	NA	NA	NA	NA	2.1875	57.677944800000006	3.5500000000000003
NA	2019-07-31T00:00:00Z	5B	6	NA	NA	NA	NA	NA	NA	NA	2019	5B6	5	B		pheno18		NA	vegetative > flowering > dead_nf	vegetative	flowering	dead_nf	FALSE	Control	Mock rainout	2019-06-04T15:00:00Z	155	2019-06-03T17:00:00Z	154	Early	155	early	2019-06-04T18:00:00Z	157.75	-2.75	175	227	219	18.73496002150471	26.20513324528178	44.94009326678649	NA	23	NA	NA	NA	NA	2.1875	55.046507775	3.5500000000000003
NA	2019-07-31T00:00:00Z	5C	228	NA	NA	NA	NA	NA	NA	NA	2019	5C228	5	C				NA	vegetative > flowering > dead_nf	vegetative	flowering	dead_nf	FALSE	Reduction	Reduction	2019-06-04T15:00:00Z	155	2019-06-03T17:00:00Z	154	Early	155	early	2019-06-04T18:00:00Z	157.75	-2.75	175	227	219	18.73496002150471	13.10256662264089	31.837526644145598	NA	26	NA	NA	NA	NA	2.1875	63.00666645	3.26
NA	2019-07-26T00:00:00Z	1D	5	NA	NA	NA	NA	NA	NA	NA	2019	1D5	1	D		census20 pheno20 floral20 seeds20		NA	vegetative > flowering > dead_nf	vegetative	flowering	dead_nf	FALSE	Reduction	Reduction	2019-06-06T17:00:00Z	157	2019-06-06T15:00:00Z	157	Normal	157	normal	2019-06-06T18:00:00Z	157.75	-0.75	175	227	219	18.420841963803518	13.10256662264089	31.523408586444408	NA	20	NA	NA	NA	NA	2.265625	48.969581250000005	4.875
NA	NA	1C	47	NA	NA	NA	NA	NA	NA	NA	2019	1C47	1	C				NA	vegetative > flowering > dead_nf	vegetative	flowering	dead_nf	FALSE	Control	Mock rainout	2019-06-06T17:00:00Z	157	2019-06-06T15:00:00Z	157	Normal	157	normal	2019-06-06T18:00:00Z	157.75	-0.75	175	227	219	18.420841963803518	26.20513324528178	44.6259752090853	NA	29	NA	NA	NA	NA	2.265625	73.7097288375	5.485714285714286
NA	2019-07-26T00:00:00Z	2B	84	NA	NA	NA	NA	NA	NA	NA	2019	2B84	2	B				NA	vegetative > flowering > flowering	vegetative	flowering	flowering	FALSE	Control	Mock rainout	2019-06-09T15:00:00Z	160	2019-06-08T20:00:00Z	159	Normal	160	normal	2019-06-09T18:00:00Z	157.75	2.25	175	227	219	18.420841963803518	26.20513324528178	44.6259752090853	NA	23	NA	NA	NA	NA	2.265625	57.01245448125	5.22
NA	2019-07-26T00:00:00Z	2B	200	NA	NA	NA	NA	NA	NA	NA	2019	2B200	2	B				NA	vegetative > flowering > dead_nf	vegetative	flowering	dead_nf	FALSE	Control	Mock rainout	2019-06-09T15:00:00Z	160	2019-06-08T20:00:00Z	159	Normal	160	normal	2019-06-09T18:00:00Z	157.75	2.25	175	227	219	18.420841963803518	26.20513324528178	44.6259752090853	NA	21	NA	NA	NA	NA	2.265625	51.628561162500006	5.22
NA	2019-08-07T00:00:00Z	3C	150	NA	NA	NA	NA	NA	NA	NA	2019	3C150	3	C				NA	vegetative > flowering > dead_nf	vegetative	flowering	dead_nf	FALSE	Addition	Addition	2019-06-07T14:00:00Z	158	2019-06-06T19:00:00Z	157	Normal	158	normal	2019-06-07T18:00:00Z	157.75	0.25	175	227	219	18.420841963803518	103.20513324528179	121.62597520908531	NA	25	NA	NA	NA	NA	2.265625	62.4859375	5.7625
NA	2019-07-31T00:00:00Z	5B	26	NA	NA	NA	NA	NA	NA	NA	2019	5B26	5	B		pheno19		NA	vegetative > flowering > dead_nf	vegetative	flowering	dead_nf	FALSE	Control	Mock rainout	2019-06-04T15:00:00Z	155	2019-06-03T17:00:00Z	154	Early	155	early	2019-06-04T18:00:00Z	157.75	-2.75	175	227	219	18.73496002150471	26.20513324528178	44.94009326678649	NA	22	NA	NA	NA	NA	2.265625	54.3094349875	3.5500000000000003
NA	2019-07-31T00:00:00Z	5D	282	NA	NA	NA	NA	NA	NA	NA	2019	5D282	5	D				NA	vegetative > flowering > dead_nf	vegetative	flowering	dead_nf	FALSE	Control	Control	2019-06-04T15:00:00Z	155	2019-06-03T17:00:00Z	154	Early	155	early	2019-06-04T18:00:00Z	157.75	-2.75	175	227	219	18.73496002150471	26.20513324528178	44.94009326678649	NA	27	NA	NA	NA	NA	2.265625	68.05102426875001	3.6275000000000004
NA	2019-07-31T00:00:00Z	5A	203	NA	NA	NA	NA	NA	NA	NA	2019	5A203	5	A				NA	vegetative > flowering > dead_nf	vegetative	flowering	dead_nf	FALSE	Addition	Addition	2019-06-04T15:00:00Z	155	2019-06-03T17:00:00Z	154	Early	155	early	2019-06-04T18:00:00Z	157.75	-2.75	175	227	219	18.73496002150471	103.20513324528179	121.94009326678649	NA	21	NA	NA	NA	NA	2.265625	51.628561162500006	4.8725
NA	2019-07-26T00:00:00Z	6B	29	NA	NA	NA	NA	NA	NA	NA	2019	6B29	6	B		seeds18		NA	vegetative > flowering > dead_nf	vegetative	flowering	dead_nf	FALSE	Reduction	Reduction	2019-06-05T19:00:00Z	156	2019-06-05T17:00:00Z	156	Normal	156	normal	2019-06-05T18:00:00Z	157.75	-1.75	175	227	219	18.420841963803518	13.10256662264089	31.523408586444408	NA	22.5	NA	NA	NA	NA	2.265625	55.65816079101562	3.89
NA	2019-08-07T00:00:00Z	6D	40	NA	NA	NA	NA	NA	NA	NA	2019	6D40	6	D		pheno18		NA	vegetative > flowering > dead_nf	vegetative	flowering	dead_nf	FALSE	Addition	Addition	2019-06-05T19:00:00Z	156	2019-06-05T17:00:00Z	156	Normal	156	normal	2019-06-05T18:00:00Z	157.75	-1.75	175	227	219	18.420841963803518	103.20513324528179	121.62597520908531	NA	17	NA	NA	NA	NA	2.265625	41.121487425	5.4175
NA	NA	1C	43	NA	NA	NA	NA	NA	NA	NA	2019	1C43	1	C				NA	vegetative > flowering > dead_nf	vegetative	flowering	dead_nf	FALSE	Control	Mock rainout	2019-06-06T17:00:00Z	157	2019-06-06T15:00:00Z	157	Normal	157	normal	2019-06-06T18:00:00Z	157.75	-0.75	175	227	219	18.420841963803518	26.20513324528178	44.6259752090853	NA	28	NA	NA	NA	NA	2.34375	73.3122915	5.485714285714286
NA	2019-08-02T00:00:00Z	3A	642	NA	NA	NA	NA	NA	NA	NA	2019	3A642	3	A				NA	vegetative > flowering > dead_nf	vegetative	flowering	dead_nf	FALSE	Reduction	Reduction	2019-06-07T14:00:00Z	158	2019-06-06T19:00:00Z	157	Normal	158	normal	2019-06-07T18:00:00Z	157.75	0.25	175	227	219	18.420841963803518	13.10256662264089	31.523408586444408	NA	25	NA	NA	NA	NA	2.34375	64.640625	4.465
NA	2019-08-07T00:00:00Z	3A	659	NA	NA	NA	NA	NA	NA	NA	2019	3A659	3	A				NA	vegetative > flowering > dead_nf	vegetative	flowering	dead_nf	FALSE	Reduction	Reduction	2019-06-07T14:00:00Z	158	2019-06-06T19:00:00Z	157	Normal	158	normal	2019-06-07T18:00:00Z	157.75	0.25	175	227	219	18.420841963803518	13.10256662264089	31.523408586444408	NA	28	NA	NA	NA	NA	2.34375	73.3122915	4.465
NA	2019-08-02T00:00:00Z	3C	161	NA	NA	NA	NA	NA	NA	NA	2019	3C161	3	C				NA	vegetative > flowering > dead_nf	vegetative	flowering	dead_nf	FALSE	Addition	Addition	2019-06-07T14:00:00Z	158	2019-06-06T19:00:00Z	157	Normal	158	normal	2019-06-07T18:00:00Z	157.75	0.25	175	227	219	18.420841963803518	103.20513324528179	121.62597520908531	NA	19	NA	NA	NA	NA	2.34375	47.9299070625	5.7625
NA	2019-08-07T00:00:00Z	5B	17	NA	NA	NA	NA	NA	NA	NA	2019	5B17	5	B				NA	vegetative > flowering > dead_nf	vegetative	flowering	dead_nf	FALSE	Control	Mock rainout	2019-06-04T15:00:00Z	155	2019-06-03T17:00:00Z	154	Early	155	early	2019-06-04T18:00:00Z	157.75	-2.75	175	227	219	18.73496002150471	26.20513324528178	44.94009326678649	NA	26	NA	NA	NA	NA	2.34375	67.507142625	3.5500000000000003
NA	2019-08-02T00:00:00Z	5C	201	NA	NA	NA	NA	NA	NA	NA	2019	5C201	5	C				NA	vegetative > flowering > dead_nf	vegetative	flowering	dead_nf	FALSE	Reduction	Reduction	2019-06-04T15:00:00Z	155	2019-06-03T17:00:00Z	154	Early	155	early	2019-06-04T18:00:00Z	157.75	-2.75	175	227	219	18.73496002150471	13.10256662264089	31.837526644145598	NA	20	NA	NA	NA	NA	2.34375	50.6581875	3.26
NA	2019-07-31T00:00:00Z	5A	193	NA	NA	NA	NA	NA	NA	NA	2019	5A193	5	A				NA	vegetative > flowering > dead_nf	vegetative	flowering	dead_nf	FALSE	Addition	Addition	2019-06-04T15:00:00Z	155	2019-06-03T17:00:00Z	154	Early	155	early	2019-06-04T18:00:00Z	157.75	-2.75	175	227	219	18.73496002150471	103.20513324528179	121.94009326678649	NA	18	NA	NA	NA	NA	2.34375	45.223754625000005	4.8725
NA	2019-07-26T00:00:00Z	6A	156	NA	NA	NA	NA	NA	NA	NA	2019	6A156	6	A				NA	vegetative > flowering > dead_nf	vegetative	flowering	dead_nf	FALSE	Control	Control	2019-06-05T19:00:00Z	156	2019-06-05T17:00:00Z	156	Normal	156	normal	2019-06-05T18:00:00Z	157.75	-1.75	175	227	219	18.420841963803518	26.20513324528178	44.6259752090853	NA	27	NA	NA	NA	NA	2.34375	70.3976113125	4.09
NA	2019-08-07T00:00:00Z	6D	50	NA	NA	NA	NA	NA	NA	NA	2019	6D50	6	D				NA	vegetative > flowering > dead_nf	vegetative	flowering	dead_nf	FALSE	Addition	Addition	2019-06-05T19:00:00Z	156	2019-06-05T17:00:00Z	156	Normal	156	normal	2019-06-05T18:00:00Z	157.75	-1.75	175	227	219	18.420841963803518	103.20513324528179	121.62597520908531	NA	19	NA	NA	NA	NA	2.34375	47.9299070625	5.4175
NA	NA	1A	239	NA	NA	NA	NA	NA	NA	NA	2019	1A239	1	A				NA	vegetative > flowering > dead_nf	vegetative	flowering	dead_nf	FALSE	Addition	Addition	2019-06-06T17:00:00Z	157	2019-06-06T15:00:00Z	157	Normal	157	normal	2019-06-06T18:00:00Z	157.75	-0.75	175	227	219	18.420841963803518	103.20513324528179	121.62597520908531	NA	27	NA	NA	NA	NA	2.421875	72.74419835625	6.9775
NA	2019-07-26T00:00:00Z	2C	286	NA	NA	NA	NA	NA	NA	NA	2019	2C286	2	C				NA	vegetative > flowering > dead_nf	vegetative	flowering	dead_nf	FALSE	Reduction	Reduction	2019-06-09T15:00:00Z	160	2019-06-08T20:00:00Z	159	Normal	160	normal	2019-06-09T18:00:00Z	157.75	2.25	175	227	219	18.420841963803518	13.10256662264089	31.523408586444408	NA	21	NA	NA	NA	NA	2.421875	55.1891515875	5.1775
NA	2019-07-26T00:00:00Z	2A	686	NA	NA	NA	NA	NA	NA	NA	2019	2A686	2	A				NA	vegetative > flowering > dead_nf	vegetative	flowering	dead_nf	FALSE	Control	Control	2019-06-09T15:00:00Z	160	2019-06-08T20:00:00Z	159	Normal	160	normal	2019-06-09T18:00:00Z	157.75	2.25	175	227	219	18.420841963803518	26.20513324528178	44.6259752090853	NA	21	NA	NA	NA	NA	2.421875	55.1891515875	4.7525
NA	2019-08-07T00:00:00Z	3C	172	NA	NA	NA	NA	NA	NA	NA	2019	3C172	3	C				NA	vegetative > flowering > dead_nf	vegetative	flowering	dead_nf	FALSE	Addition	Addition	2019-06-07T14:00:00Z	158	2019-06-06T19:00:00Z	157	Normal	158	normal	2019-06-07T18:00:00Z	157.75	0.25	175	227	219	18.420841963803518	103.20513324528179	121.62597520908531	NA	27.5	NA	NA	NA	NA	2.421875	74.24697231445312	5.7625
NA	2019-08-02T00:00:00Z	5D	234	NA	NA	NA	NA	NA	NA	NA	2019	5D234	5	D		pheno18 seeds18		NA	vegetative > flowering > dead_nf	vegetative	flowering	dead_nf	FALSE	Control	Control	2019-06-04T15:00:00Z	155	2019-06-03T17:00:00Z	154	Early	155	early	2019-06-04T18:00:00Z	157.75	-2.75	175	227	219	18.73496002150471	26.20513324528178	44.94009326678649	NA	26	NA	NA	NA	NA	2.421875	69.7573807125	3.6275000000000004
NA	2019-08-02T00:00:00Z	5D	282	NA	NA	NA	NA	NA	NA	NA	2019	5D282	5	D				NA	vegetative > flowering > dead_nf	vegetative	flowering	dead_nf	FALSE	Control	Control	2019-06-04T15:00:00Z	155	2019-06-03T17:00:00Z	154	Early	155	early	2019-06-04T18:00:00Z	157.75	-2.75	175	227	219	18.73496002150471	26.20513324528178	44.94009326678649	NA	27	NA	NA	NA	NA	2.421875	72.74419835625	3.6275000000000004
NA	2019-07-26T00:00:00Z	1B	684	NA	NA	NA	NA	NA	NA	NA	2019	1B684	1	B				NA	vegetative > flowering > vegetative	vegetative	flowering	vegetative	FALSE	Control	Control	2019-06-06T17:00:00Z	157	2019-06-06T15:00:00Z	157	Normal	157	normal	2019-06-06T18:00:00Z	157.75	-0.75	175	227	219	18.420841963803518	26.20513324528178	44.6259752090853	NA	27.5	NA	NA	NA	NA	2.5	76.6420359375	5.908571428571428
NA	NA	2B	130	NA	NA	NA	NA	NA	NA	NA	2019	2B130	2	B				NA	vegetative > flowering > dead_nf	vegetative	flowering	dead_nf	FALSE	Control	Mock rainout	2019-06-09T15:00:00Z	160	2019-06-08T20:00:00Z	159	Normal	160	normal	2019-06-09T18:00:00Z	157.75	2.25	175	227	219	18.420841963803518	26.20513324528178	44.6259752090853	NA	23	NA	NA	NA	NA	2.5	62.9102946	5.22
NA	NA	2B	200	NA	NA	NA	NA	NA	NA	NA	2019	2B200	2	B				NA	vegetative > flowering > dead_nf	vegetative	flowering	dead_nf	FALSE	Control	Mock rainout	2019-06-09T15:00:00Z	160	2019-06-08T20:00:00Z	159	Normal	160	normal	2019-06-09T18:00:00Z	157.75	2.25	175	227	219	18.420841963803518	26.20513324528178	44.6259752090853	NA	21.5	NA	NA	NA	NA	2.5	58.4455123875	5.22
NA	2019-08-02T00:00:00Z	3C	179	NA	NA	NA	NA	NA	NA	NA	2019	3C179	3	C				NA	vegetative > flowering > dead_nf	vegetative	flowering	dead_nf	FALSE	Addition	Addition	2019-06-07T14:00:00Z	158	2019-06-06T19:00:00Z	157	Normal	158	normal	2019-06-07T18:00:00Z	157.75	0.25	175	227	219	18.420841963803518	103.20513324528179	121.62597520908531	NA	17	NA	NA	NA	NA	2.5	45.375434399999996	5.7625
NA	2019-08-07T00:00:00Z	5D	239	NA	NA	NA	NA	NA	NA	NA	2019	5D239	5	D				NA	vegetative > flowering > dead_nf	vegetative	flowering	dead_nf	FALSE	Control	Control	2019-06-04T15:00:00Z	155	2019-06-03T17:00:00Z	154	Early	155	early	2019-06-04T18:00:00Z	157.75	-2.75	175	227	219	18.73496002150471	26.20513324528178	44.94009326678649	NA	21.5	NA	NA	NA	NA	2.5	58.4455123875	3.6275000000000004
NA	2019-07-31T00:00:00Z	5A	183	NA	NA	NA	NA	NA	NA	NA	2019	5A183	5	A				NA	vegetative > flowering > dead_nf	vegetative	flowering	dead_nf	FALSE	Addition	Addition	2019-06-04T15:00:00Z	155	2019-06-03T17:00:00Z	154	Early	155	early	2019-06-04T18:00:00Z	157.75	-2.75	175	227	219	18.73496002150471	103.20513324528179	121.94009326678649	NA	22.5	NA	NA	NA	NA	2.5	61.4159015625	4.8725
NA	2019-07-26T00:00:00Z	6C	108	NA	NA	NA	NA	NA	NA	NA	2019	6C108	6	C				NA	vegetative > flowering > dead_nf	vegetative	flowering	dead_nf	FALSE	Control	Mock rainout	2019-06-05T19:00:00Z	156	2019-06-05T17:00:00Z	156	Normal	156	normal	2019-06-05T18:00:00Z	157.75	-1.75	175	227	219	18.420841963803518	26.20513324528178	44.6259752090853	NA	20.5	NA	NA	NA	NA	2.5	55.4994209125	3.995
NA	2019-08-07T00:00:00Z	6A	124	NA	NA	NA	NA	NA	NA	NA	2019	6A124	6	A				NA	vegetative > flowering > vegetative	vegetative	flowering	vegetative	FALSE	Control	Control	2019-06-05T19:00:00Z	156	2019-06-05T17:00:00Z	156	Normal	156	normal	2019-06-05T18:00:00Z	157.75	-1.75	175	227	219	18.420841963803518	26.20513324528178	44.6259752090853	NA	23	NA	NA	NA	NA	2.5	62.9102946	4.09
NA	2019-08-06T00:00:00Z	6D	80	NA	NA	NA	NA	NA	NA	NA	2019	6D80	6	D				NA	vegetative > flowering > dead_nf	vegetative	flowering	dead_nf	FALSE	Addition	Addition	2019-06-05T19:00:00Z	156	2019-06-05T17:00:00Z	156	Normal	156	normal	2019-06-05T18:00:00Z	157.75	-1.75	175	227	219	18.420841963803518	103.20513324528179	121.62597520908531	NA	24	NA	NA	NA	NA	2.5	65.9176512	5.4175
NA	2019-08-02T00:00:00Z	2C	277	NA	NA	NA	NA	NA	NA	NA	2019	2C277	2	C				NA	vegetative > vegetative > flowering	vegetative	vegetative	flowering	FALSE	Reduction	Reduction	2019-06-09T15:00:00Z	160	2019-06-08T20:00:00Z	159	Normal	160	normal	2019-06-09T18:00:00Z	157.75	2.25	175	227	219	18.420841963803518	13.10256662264089	31.523408586444408	NA	17	NA	NA	NA	NA	2.578125	46.793416725	5.1775
NA	2019-07-26T00:00:00Z	2A	686	NA	NA	NA	NA	NA	NA	NA	2019	2A686	2	A				NA	vegetative > flowering > dead_nf	vegetative	flowering	dead_nf	FALSE	Control	Control	2019-06-09T15:00:00Z	160	2019-06-08T20:00:00Z	159	Normal	160	normal	2019-06-09T18:00:00Z	157.75	2.25	175	227	219	18.420841963803518	26.20513324528178	44.6259752090853	NA	22.5	NA	NA	NA	NA	2.578125	63.335148486328116	4.7525
NA	2019-08-02T00:00:00Z	3A	276	NA	NA	NA	NA	NA	NA	NA	2019	3A276	3	A				NA	vegetative > flowering > dead_nf	vegetative	flowering	dead_nf	FALSE	Reduction	Reduction	2019-06-07T14:00:00Z	158	2019-06-06T19:00:00Z	157	Normal	158	normal	2019-06-07T18:00:00Z	157.75	0.25	175	227	219	18.420841963803518	13.10256662264089	31.523408586444408	NA	21	NA	NA	NA	NA	2.578125	58.7497420125	4.465
NA	2019-08-02T00:00:00Z	3C	179	NA	NA	NA	NA	NA	NA	NA	2019	3C179	3	C				NA	vegetative > flowering > dead_nf	vegetative	flowering	dead_nf	FALSE	Addition	Addition	2019-06-07T14:00:00Z	158	2019-06-06T19:00:00Z	157	Normal	158	normal	2019-06-07T18:00:00Z	157.75	0.25	175	227	219	18.420841963803518	103.20513324528179	121.62597520908531	NA	21	NA	NA	NA	NA	2.578125	58.7497420125	5.7625
NA	2019-08-02T00:00:00Z	3C	184	NA	NA	NA	NA	NA	NA	NA	2019	3C184	3	C			floral20 seeds20	3C174	vegetative > flowering > dead_nf	vegetative	flowering	dead_nf	FALSE	Addition	Addition	2019-06-07T14:00:00Z	158	2019-06-06T19:00:00Z	157	Normal	158	normal	2019-06-07T18:00:00Z	157.75	0.25	175	227	219	18.420841963803518	103.20513324528179	121.62597520908531	NA	20.5	NA	NA	NA	NA	2.578125	57.23377781601562	5.7625
NA	2019-08-02T00:00:00Z	4D	53	NA	NA	NA	NA	NA	NA	NA	2019	4D53	4	D				NA	vegetative > flowering > dead_nf	vegetative	flowering	dead_nf	FALSE	Reduction	Reduction	2019-05-27T22:00:00Z	147	2019-05-26T18:00:00Z	146	Early	147	early	2019-05-27T18:00:00Z	157.75	-10.75	175	227	219	21.750493375436122	13.10256662264089	34.853059998077015	NA	19	NA	NA	NA	NA	2.578125	52.72289776875	3.8274999999999997
NA	2019-08-02T00:00:00Z	5D	286	NA	NA	NA	NA	NA	NA	NA	2019	5D286	5	D				NA	vegetative > flowering > dead_nf	vegetative	flowering	dead_nf	FALSE	Control	Control	2019-06-04T15:00:00Z	155	2019-06-03T17:00:00Z	154	Early	155	early	2019-06-04T18:00:00Z	157.75	-2.75	175	227	219	18.73496002150471	26.20513324528178	44.94009326678649	NA	21	NA	NA	NA	NA	2.578125	58.7497420125	3.6275000000000004
NA	2019-07-26T00:00:00Z	6B	23	NA	NA	NA	NA	NA	NA	NA	2019	6B23	6	B				NA	vegetative > flowering > dead_nf	vegetative	flowering	dead_nf	FALSE	Reduction	Reduction	2019-06-05T19:00:00Z	156	2019-06-05T17:00:00Z	156	Normal	156	normal	2019-06-05T18:00:00Z	157.75	-1.75	175	227	219	18.420841963803518	13.10256662264089	31.523408586444408	NA	22	NA	NA	NA	NA	2.578125	61.80039153749999	3.89
NA	2019-07-26T00:00:00Z	2B	99	NA	NA	NA	NA	NA	NA	NA	2019	2B99	2	B				NA	vegetative > flowering > dead_nf	vegetative	flowering	dead_nf	FALSE	Control	Mock rainout	2019-06-09T15:00:00Z	160	2019-06-08T20:00:00Z	159	Normal	160	normal	2019-06-09T18:00:00Z	157.75	2.25	175	227	219	18.420841963803518	26.20513324528178	44.6259752090853	NA	25	NA	NA	NA	NA	2.65625	73.25937499999999	5.22
NA	2019-08-02T00:00:00Z	2C	300	NA	NA	NA	NA	NA	NA	NA	2019	2C300	2	C				NA	vegetative > flowering > vegetative	vegetative	flowering	vegetative	FALSE	Reduction	Reduction	2019-06-09T15:00:00Z	160	2019-06-08T20:00:00Z	159	Normal	160	normal	2019-06-09T18:00:00Z	157.75	2.25	175	227	219	18.420841963803518	13.10256662264089	31.523408586444408	NA	22	NA	NA	NA	NA	2.65625	63.673130674999996	5.1775
NA	2019-07-26T00:00:00Z	2C	285	NA	NA	NA	NA	NA	NA	NA	2019	2C285	2	C				NA	vegetative > flowering > vegetative	vegetative	flowering	vegetative	FALSE	Reduction	Reduction	2019-06-09T15:00:00Z	160	2019-06-08T20:00:00Z	159	Normal	160	normal	2019-06-09T18:00:00Z	157.75	2.25	175	227	219	18.420841963803518	13.10256662264089	31.523408586444408	NA	25	NA	NA	NA	NA	2.65625	73.25937499999999	5.1775
NA	2019-08-07T00:00:00Z	5A	183	NA	NA	NA	NA	NA	NA	NA	2019	5A183	5	A				NA	vegetative > flowering > dead_nf	vegetative	flowering	dead_nf	FALSE	Addition	Addition	2019-06-04T15:00:00Z	155	2019-06-03T17:00:00Z	154	Early	155	early	2019-06-04T18:00:00Z	157.75	-2.75	175	227	219	18.73496002150471	103.20513324528179	121.94009326678649	NA	26.5	NA	NA	NA	NA	2.65625	78.14261571640625	4.8725
NA	2019-07-31T00:00:00Z	5A	200	NA	NA	NA	NA	NA	NA	NA	2019	5A200	5	A				NA	vegetative > flowering > dead_nf	vegetative	flowering	dead_nf	FALSE	Addition	Addition	2019-06-04T15:00:00Z	155	2019-06-03T17:00:00Z	154	Early	155	early	2019-06-04T18:00:00Z	157.75	-2.75	175	227	219	18.73496002150471	103.20513324528179	121.94009326678649	NA	19	NA	NA	NA	NA	2.65625	54.3205613375	4.8725
NA	2019-07-26T00:00:00Z	6A	171	NA	NA	NA	NA	NA	NA	NA	2019	6A171	6	A				NA	vegetative > flowering > dead_nf	vegetative	flowering	dead_nf	FALSE	Control	Control	2019-06-05T19:00:00Z	156	2019-06-05T17:00:00Z	156	Normal	156	normal	2019-06-05T18:00:00Z	157.75	-1.75	175	227	219	18.420841963803518	26.20513324528178	44.6259752090853	NA	23	NA	NA	NA	NA	2.65625	66.8421880125	4.09
NA	2019-08-07T00:00:00Z	1A	259	NA	NA	NA	NA	NA	NA	NA	2019	1A259	1	A				NA	vegetative > flowering > dead_nf	vegetative	flowering	dead_nf	FALSE	Addition	Addition	2019-06-06T17:00:00Z	157	2019-06-06T15:00:00Z	157	Normal	157	normal	2019-06-06T18:00:00Z	157.75	-0.75	175	227	219	18.420841963803518	103.20513324528179	121.62597520908531	NA	17.5	NA	NA	NA	NA	2.734375	51.19204418945313	6.9775
NA	2019-08-07T00:00:00Z	2C	268	NA	NA	NA	NA	NA	NA	NA	2019	2C268	2	C				NA	vegetative > flowering > dead_nf	vegetative	flowering	dead_nf	FALSE	Reduction	Reduction	2019-06-09T15:00:00Z	160	2019-06-08T20:00:00Z	159	Normal	160	normal	2019-06-09T18:00:00Z	157.75	2.25	175	227	219	18.420841963803518	13.10256662264089	31.523408586444408	NA	24	NA	NA	NA	NA	2.734375	72.097431	5.1775
NA	2019-08-02T00:00:00Z	2D	221	NA	NA	NA	NA	NA	NA	NA	2019	2D221	2	D				NA	vegetative > flowering > dead_nf	vegetative	flowering	dead_nf	FALSE	Addition	Addition	2019-06-09T15:00:00Z	160	2019-06-08T20:00:00Z	159	Normal	160	normal	2019-06-09T18:00:00Z	157.75	2.25	175	227	219	18.420841963803518	103.20513324528179	121.62597520908531	NA	22	NA	NA	NA	NA	2.734375	65.5458698125	6.6425
NA	2019-08-02T00:00:00Z	2D	225	NA	NA	NA	NA	NA	NA	NA	2019	2D225	2	D				NA	vegetative > flowering > dead_nf	vegetative	flowering	dead_nf	FALSE	Addition	Addition	2019-06-09T15:00:00Z	160	2019-06-08T20:00:00Z	159	Normal	160	normal	2019-06-09T18:00:00Z	157.75	2.25	175	227	219	18.420841963803518	103.20513324528179	121.62597520908531	NA	18	NA	NA	NA	NA	2.734375	52.761047062500005	6.6425
NA	2019-08-07T00:00:00Z	3C	167	NA	NA	NA	NA	NA	NA	NA	2019	3C167	3	C				NA	vegetative > flowering > dead_nf	vegetative	flowering	dead_nf	FALSE	Addition	Addition	2019-06-07T14:00:00Z	158	2019-06-06T19:00:00Z	157	Normal	158	normal	2019-06-07T18:00:00Z	157.75	0.25	175	227	219	18.420841963803518	103.20513324528179	121.62597520908531	NA	26	NA	NA	NA	NA	2.734375	78.7583330625	5.7625
NA	2019-08-02T00:00:00Z	4D	58	NA	NA	NA	NA	NA	NA	NA	2019	4D58	4	D				NA	vegetative > flowering > dead_nf	vegetative	flowering	dead_nf	FALSE	Reduction	Reduction	2019-05-27T22:00:00Z	147	2019-05-26T18:00:00Z	146	Early	147	early	2019-05-27T18:00:00Z	157.75	-10.75	175	227	219	21.750493375436122	13.10256662264089	34.853059998077015	NA	25	NA	NA	NA	NA	2.734375	75.4140625	3.8274999999999997
NA	2019-08-02T00:00:00Z	5D	234	NA	NA	NA	NA	NA	NA	NA	2019	5D234	5	D		pheno18 seeds18		NA	vegetative > flowering > dead_nf	vegetative	flowering	dead_nf	FALSE	Control	Control	2019-06-04T15:00:00Z	155	2019-06-03T17:00:00Z	154	Early	155	early	2019-06-04T18:00:00Z	157.75	-2.75	175	227	219	18.73496002150471	26.20513324528178	44.94009326678649	NA	27	NA	NA	NA	NA	2.734375	82.13054653125	3.6275000000000004
NA	2019-07-31T00:00:00Z	5D	241	NA	NA	NA	NA	NA	NA	NA	2019	5D241	5	D				NA	vegetative > flowering > dead_nf	vegetative	flowering	dead_nf	FALSE	Control	Control	2019-06-04T15:00:00Z	155	2019-06-03T17:00:00Z	154	Early	155	early	2019-06-04T18:00:00Z	157.75	-2.75	175	227	219	18.73496002150471	26.20513324528178	44.94009326678649	NA	23	NA	NA	NA	NA	2.734375	68.80813471875	3.6275000000000004
NA	2019-08-02T00:00:00Z	5A	201	NA	NA	NA	NA	NA	NA	NA	2019	5A201	5	A				NA	vegetative > flowering > dead_nf	vegetative	flowering	dead_nf	FALSE	Addition	Addition	2019-06-04T15:00:00Z	155	2019-06-03T17:00:00Z	154	Early	155	early	2019-06-04T18:00:00Z	157.75	-2.75	175	227	219	18.73496002150471	103.20513324528179	121.94009326678649	NA	18	NA	NA	NA	NA	2.734375	52.761047062500005	4.8725
NA	2019-07-26T00:00:00Z	6A	156	NA	NA	NA	NA	NA	NA	NA	2019	6A156	6	A				NA	vegetative > flowering > dead_nf	vegetative	flowering	dead_nf	FALSE	Control	Control	2019-06-05T19:00:00Z	156	2019-06-05T17:00:00Z	156	Normal	156	normal	2019-06-05T18:00:00Z	157.75	-1.75	175	227	219	18.420841963803518	26.20513324528178	44.6259752090853	NA	26	NA	NA	NA	NA	2.734375	78.7583330625	4.09
NA	2019-08-02T00:00:00Z	2C	288	NA	NA	NA	NA	NA	NA	NA	2019	2C288	2	C				NA	vegetative > flowering > dead_nf	vegetative	flowering	dead_nf	FALSE	Reduction	Reduction	2019-06-09T15:00:00Z	160	2019-06-08T20:00:00Z	159	Normal	160	normal	2019-06-09T18:00:00Z	157.75	2.25	175	227	219	18.420841963803518	13.10256662264089	31.523408586444408	NA	26	NA	NA	NA	NA	2.8125	81.00857115000001	5.1775
NA	2019-07-19T00:00:00Z	2A	686	NA	NA	NA	NA	NA	NA	NA	2019	2A686	2	A				NA	vegetative > flowering > dead_nf	vegetative	flowering	dead_nf	FALSE	Control	Control	2019-06-09T15:00:00Z	160	2019-06-08T20:00:00Z	159	Normal	160	normal	2019-06-09T18:00:00Z	157.75	2.25	175	227	219	18.420841963803518	26.20513324528178	44.6259752090853	NA	27	NA	NA	NA	NA	2.8125	84.47713357500001	4.7525
NA	2019-08-02T00:00:00Z	3C	182	NA	NA	NA	NA	NA	NA	NA	2019	3C182	3	C				NA	vegetative > flowering > dead_nf	vegetative	flowering	dead_nf	FALSE	Addition	Addition	2019-06-07T14:00:00Z	158	2019-06-06T19:00:00Z	157	Normal	158	normal	2019-06-07T18:00:00Z	157.75	0.25	175	227	219	18.420841963803518	103.20513324528179	121.62597520908531	NA	26	NA	NA	NA	NA	2.8125	81.00857115000001	5.7625
NA	NA	1D	34	NA	NA	NA	NA	NA	NA	NA	2019	1D34	1	D				NA	vegetative > flowering > dead_nf	vegetative	flowering	dead_nf	FALSE	Reduction	Reduction	2019-06-06T17:00:00Z	157	2019-06-06T15:00:00Z	157	Normal	157	normal	2019-06-06T18:00:00Z	157.75	-0.75	175	227	219	18.420841963803518	13.10256662264089	31.523408586444408	NA	23	NA	NA	NA	NA	2.890625	72.74002813125	4.875
NA	2019-07-26T00:00:00Z	1A	236	NA	NA	NA	NA	NA	NA	NA	2019	1A236	1	A				NA	vegetative > flowering > dead_nf	vegetative	flowering	dead_nf	FALSE	Addition	Addition	2019-06-06T17:00:00Z	157	2019-06-06T15:00:00Z	157	Normal	157	normal	2019-06-06T18:00:00Z	157.75	-0.75	175	227	219	18.420841963803518	103.20513324528179	121.62597520908531	NA	20	NA	NA	NA	NA	2.890625	62.47843125	6.9775
NA	2019-08-07T00:00:00Z	3C	146	NA	NA	NA	NA	NA	NA	NA	2019	3C146	3	C				NA	vegetative > flowering > dead_nf	vegetative	flowering	dead_nf	FALSE	Addition	Addition	2019-06-07T14:00:00Z	158	2019-06-06T19:00:00Z	157	Normal	158	normal	2019-06-07T18:00:00Z	157.75	0.25	175	227	219	18.420841963803518	103.20513324528179	121.62597520908531	NA	22	NA	NA	NA	NA	2.890625	69.29134808749998	5.7625
NA	2019-08-07T00:00:00Z	3C	151	NA	NA	NA	NA	NA	NA	NA	2019	3C151	3	C				NA	vegetative > flowering > dead_nf	vegetative	flowering	dead_nf	FALSE	Addition	Addition	2019-06-07T14:00:00Z	158	2019-06-06T19:00:00Z	157	Normal	158	normal	2019-06-07T18:00:00Z	157.75	0.25	175	227	219	18.420841963803518	103.20513324528179	121.62597520908531	NA	29	NA	NA	NA	NA	2.890625	94.0434471375	5.7625
NA	2019-08-07T00:00:00Z	5B	19	NA	NA	NA	NA	NA	NA	NA	2019	5B19	5	B				NA	vegetative > flowering > vegetative	vegetative	flowering	vegetative	FALSE	Control	Mock rainout	2019-06-04T15:00:00Z	155	2019-06-03T17:00:00Z	154	Early	155	early	2019-06-04T18:00:00Z	157.75	-2.75	175	227	219	18.73496002150471	26.20513324528178	44.94009326678649	NA	24	NA	NA	NA	NA	2.890625	76.2172842	3.5500000000000003
NA	2019-08-07T00:00:00Z	5D	288	NA	NA	NA	NA	NA	NA	NA	2019	5D288	5	D		census20		NA	vegetative > flowering > dead_nf	vegetative	flowering	dead_nf	FALSE	Control	Control	2019-06-04T15:00:00Z	155	2019-06-03T17:00:00Z	154	Early	155	early	2019-06-04T18:00:00Z	157.75	-2.75	175	227	219	18.73496002150471	26.20513324528178	44.94009326678649	NA	22	NA	NA	NA	NA	2.890625	69.29134808749998	3.6275000000000004
NA	NA	1B	670	NA	NA	NA	NA	NA	NA	NA	2019	1B670	1	B				NA	vegetative > flowering > dead_nf	vegetative	flowering	dead_nf	FALSE	Control	Control	2019-06-06T17:00:00Z	157	2019-06-06T15:00:00Z	157	Normal	157	normal	2019-06-06T18:00:00Z	157.75	-0.75	175	227	219	18.420841963803518	26.20513324528178	44.6259752090853	NA	24	NA	NA	NA	NA	2.96875	78.2772108	5.908571428571428
NA	2019-07-26T00:00:00Z	2C	285	NA	NA	NA	NA	NA	NA	NA	2019	2C285	2	C				NA	vegetative > flowering > vegetative	vegetative	flowering	vegetative	FALSE	Reduction	Reduction	2019-06-09T15:00:00Z	160	2019-06-08T20:00:00Z	159	Normal	160	normal	2019-06-09T18:00:00Z	157.75	2.25	175	227	219	18.420841963803518	13.10256662264089	31.523408586444408	NA	32	NA	NA	NA	NA	2.96875	107.9432256	5.1775
NA	2019-08-02T00:00:00Z	2D	256	NA	NA	NA	NA	NA	NA	NA	2019	2D256	2	D				NA	vegetative > flowering > dead_nf	vegetative	flowering	dead_nf	FALSE	Addition	Addition	2019-06-09T15:00:00Z	160	2019-06-08T20:00:00Z	159	Normal	160	normal	2019-06-09T18:00:00Z	157.75	2.25	175	227	219	18.420841963803518	103.20513324528179	121.62597520908531	NA	18	NA	NA	NA	NA	2.96875	57.283422525	6.6425
NA	2019-08-02T00:00:00Z	2D	258	NA	NA	NA	NA	NA	NA	NA	2019	2D258	2	D		pheno19		NA	vegetative > flowering > dead_nf	vegetative	flowering	dead_nf	FALSE	Addition	Addition	2019-06-09T15:00:00Z	160	2019-06-08T20:00:00Z	159	Normal	160	normal	2019-06-09T18:00:00Z	157.75	2.25	175	227	219	18.420841963803518	103.20513324528179	121.62597520908531	NA	17	NA	NA	NA	NA	2.96875	53.88332835	6.6425
NA	2019-07-26T00:00:00Z	6B	10	NA	NA	NA	NA	NA	NA	NA	2019	6B10	6	B				NA	vegetative > flowering > vegetative	vegetative	flowering	vegetative	FALSE	Reduction	Reduction	2019-06-05T19:00:00Z	156	2019-06-05T17:00:00Z	156	Normal	156	normal	2019-06-05T18:00:00Z	157.75	-1.75	175	227	219	18.420841963803518	13.10256662264089	31.523408586444408	NA	30	NA	NA	NA	NA	2.96875	100.33941562499999	3.89
NA	2019-07-26T00:00:00Z	6B	10	NA	NA	NA	NA	NA	NA	NA	2019	6B10	6	B				NA	vegetative > flowering > vegetative	vegetative	flowering	vegetative	FALSE	Reduction	Reduction	2019-06-05T19:00:00Z	156	2019-06-05T17:00:00Z	156	Normal	156	normal	2019-06-05T18:00:00Z	157.75	-1.75	175	227	219	18.420841963803518	13.10256662264089	31.523408586444408	NA	26	NA	NA	NA	NA	3.046875	87.75928541249999	3.89
NA	2019-08-02T00:00:00Z	2B	202	NA	NA	NA	NA	NA	NA	NA	2019	2B202	2	B				NA	vegetative > flowering > dead_nf	vegetative	flowering	dead_nf	FALSE	Control	Mock rainout	2019-06-09T15:00:00Z	160	2019-06-08T20:00:00Z	159	Normal	160	normal	2019-06-09T18:00:00Z	157.75	2.25	175	227	219	18.420841963803518	26.20513324528178	44.6259752090853	NA	18	NA	NA	NA	NA	3.125	60.298339500000004	5.22
NA	2019-08-02T00:00:00Z	2D	212	NA	NA	NA	NA	NA	NA	NA	2019	2D212	2	D				NA	flowering > flowering > dead_nf	flowering	flowering	dead_nf	FALSE	Addition	Addition	2019-06-09T15:00:00Z	160	2019-06-08T20:00:00Z	159	Normal	160	normal	2019-06-09T18:00:00Z	157.75	2.25	175	227	219	18.420841963803518	103.20513324528179	121.62597520908531	NA	19	NA	NA	NA	NA	3.125	63.90654275	6.6425
NA	2019-08-02T00:00:00Z	2D	222	NA	NA	NA	NA	NA	NA	NA	2019	2D222	2	D				NA	vegetative > flowering > dead_nf	vegetative	flowering	dead_nf	FALSE	Addition	Addition	2019-06-09T15:00:00Z	160	2019-06-08T20:00:00Z	159	Normal	160	normal	2019-06-09T18:00:00Z	157.75	2.25	175	227	219	18.420841963803518	103.20513324528179	121.62597520908531	NA	26	NA	NA	NA	NA	3.125	90.0095235	6.6425
NA	2019-08-02T00:00:00Z	3A	272	NA	NA	NA	NA	NA	NA	NA	2019	3A272	3	A				NA	vegetative > flowering > dead_nf	vegetative	flowering	dead_nf	FALSE	Reduction	Reduction	2019-06-07T14:00:00Z	158	2019-06-06T19:00:00Z	157	Normal	158	normal	2019-06-07T18:00:00Z	157.75	0.25	175	227	219	18.420841963803518	13.10256662264089	31.523408586444408	NA	21	NA	NA	NA	NA	3.125	71.2118085	4.465
NA	2019-07-26T00:00:00Z	1D	19	NA	NA	NA	NA	NA	NA	NA	2019	1D19	1	D				NA	vegetative > flowering > dead_nf	vegetative	flowering	dead_nf	FALSE	Reduction	Reduction	2019-06-06T17:00:00Z	157	2019-06-06T15:00:00Z	157	Normal	157	normal	2019-06-06T18:00:00Z	157.75	-0.75	175	227	219	18.420841963803518	13.10256662264089	31.523408586444408	NA	23	NA	NA	NA	NA	3.203125	80.60381495624999	4.875
NA	2019-07-26T00:00:00Z	2A	158	NA	NA	NA	NA	NA	NA	NA	2019	2A158	2	A				NA	no_record > flowering > dead_nf	no_record	flowering	dead_nf	FALSE	Control	Control	2019-06-09T15:00:00Z	160	2019-06-08T20:00:00Z	159	Normal	160	normal	2019-06-09T18:00:00Z	157.75	2.25	175	227	219	18.420841963803518	26.20513324528178	44.6259752090853	NA	22	NA	NA	NA	NA	3.203125	76.78230463749999	4.7525
NA	2019-07-26T00:00:00Z	1B	657	NA	NA	NA	NA	NA	NA	NA	2019	1B657	1	B				NA	vegetative > flowering > dead_nf	vegetative	flowering	dead_nf	FALSE	Control	Control	2019-06-06T17:00:00Z	157	2019-06-06T15:00:00Z	157	Normal	157	normal	2019-06-06T18:00:00Z	157.75	-0.75	175	227	219	18.420841963803518	26.20513324528178	44.6259752090853	NA	26	NA	NA	NA	NA	3.28125	94.509999675	5.908571428571428
NA	2019-07-26T00:00:00Z	1A	246	NA	NA	NA	NA	NA	NA	NA	2019	1A246	1	A				NA	vegetative > flowering > flowering	vegetative	flowering	flowering	FALSE	Addition	Addition	2019-06-06T17:00:00Z	157	2019-06-06T15:00:00Z	157	Normal	157	normal	2019-06-06T18:00:00Z	157.75	-0.75	175	227	219	18.420841963803518	103.20513324528179	121.62597520908531	NA	23.5	NA	NA	NA	NA	3.28125	84.539261936718745	6.9775
NA	2019-07-26T00:00:00Z	2A	166	NA	NA	NA	NA	NA	NA	NA	2019	2A166	2	A				NA	no_record > vegetative > dead_nf	no_record	vegetative	dead_nf	FALSE	Control	Control	2019-06-09T15:00:00Z	160	2019-06-08T20:00:00Z	159	Normal	160	normal	2019-06-09T18:00:00Z	157.75	2.25	175	227	219	18.420841963803518	26.20513324528178	44.6259752090853	NA	23	NA	NA	NA	NA	3.28125	82.5697616625	4.7525
NA	2019-08-07T00:00:00Z	5B	30	NA	NA	NA	NA	NA	NA	NA	2019	5B30	5	B				NA	vegetative > flowering > dead_nf	vegetative	flowering	dead_nf	FALSE	Control	Mock rainout	2019-06-04T15:00:00Z	155	2019-06-03T17:00:00Z	154	Early	155	early	2019-06-04T18:00:00Z	157.75	-2.75	175	227	219	18.73496002150471	26.20513324528178	44.94009326678649	NA	21	NA	NA	NA	NA	3.28125	74.772398925	3.5500000000000003
NA	2019-07-26T00:00:00Z	6C	83	NA	NA	NA	NA	NA	NA	NA	2019	6C83	6	C				NA	vegetative > flowering > dead_nf	vegetative	flowering	dead_nf	FALSE	Control	Mock rainout	2019-06-05T19:00:00Z	156	2019-06-05T17:00:00Z	156	Normal	156	normal	2019-06-05T18:00:00Z	157.75	-1.75	175	227	219	18.420841963803518	26.20513324528178	44.6259752090853	NA	21	NA	NA	NA	NA	3.28125	74.772398925	3.995
NA	2019-08-07T00:00:00Z	1A	259	NA	NA	NA	NA	NA	NA	NA	2019	1A259	1	A				NA	vegetative > flowering > dead_nf	vegetative	flowering	dead_nf	FALSE	Addition	Addition	2019-06-06T17:00:00Z	157	2019-06-06T15:00:00Z	157	Normal	157	normal	2019-06-06T18:00:00Z	157.75	-0.75	175	227	219	18.420841963803518	103.20513324528179	121.62597520908531	NA	27	NA	NA	NA	NA	3.359375	100.90324288125001	6.9775
NA	2019-08-02T00:00:00Z	2C	300	NA	NA	NA	NA	NA	NA	NA	2019	2C300	2	C				NA	vegetative > flowering > vegetative	vegetative	flowering	vegetative	FALSE	Reduction	Reduction	2019-06-09T15:00:00Z	160	2019-06-08T20:00:00Z	159	Normal	160	normal	2019-06-09T18:00:00Z	157.75	2.25	175	227	219	18.420841963803518	13.10256662264089	31.523408586444408	NA	24	NA	NA	NA	NA	3.359375	88.5768438	5.1775
NA	2019-07-26T00:00:00Z	6D	40	NA	NA	NA	NA	NA	NA	NA	2019	6D40	6	D		pheno18		NA	vegetative > flowering > dead_nf	vegetative	flowering	dead_nf	FALSE	Addition	Addition	2019-06-05T19:00:00Z	156	2019-06-05T17:00:00Z	156	Normal	156	normal	2019-06-05T18:00:00Z	157.75	-1.75	175	227	219	18.420841963803518	103.20513324528179	121.62597520908531	NA	15	NA	NA	NA	NA	3.359375	53.37082734375	5.4175
NA	2019-07-26T00:00:00Z	6D	80	NA	NA	NA	NA	NA	NA	NA	2019	6D80	6	D				NA	vegetative > flowering > dead_nf	vegetative	flowering	dead_nf	FALSE	Addition	Addition	2019-06-05T19:00:00Z	156	2019-06-05T17:00:00Z	156	Normal	156	normal	2019-06-05T18:00:00Z	157.75	-1.75	175	227	219	18.420841963803518	103.20513324528179	121.62597520908531	NA	23	NA	NA	NA	NA	3.359375	84.53570836875001	5.4175
NA	2019-07-26T00:00:00Z	1D	34	NA	NA	NA	NA	NA	NA	NA	2019	1D34	1	D				NA	vegetative > flowering > dead_nf	vegetative	flowering	dead_nf	FALSE	Reduction	Reduction	2019-06-06T17:00:00Z	157	2019-06-06T15:00:00Z	157	Normal	157	normal	2019-06-06T18:00:00Z	157.75	-0.75	175	227	219	18.420841963803518	13.10256662264089	31.523408586444408	NA	22.5	NA	NA	NA	NA	3.4375	84.4468646484375	4.875
NA	NA	2B	201	NA	NA	NA	NA	NA	NA	NA	2019	2B201	2	B				NA	vegetative > flowering > dead_nf	vegetative	flowering	dead_nf	FALSE	Control	Mock rainout	2019-06-09T15:00:00Z	160	2019-06-08T20:00:00Z	159	Normal	160	normal	2019-06-09T18:00:00Z	157.75	2.25	175	227	219	18.420841963803518	26.20513324528178	44.6259752090853	NA	15.5	NA	NA	NA	NA	3.4375	56.54509580156251	5.22
NA	NA	2C	285	NA	NA	NA	NA	NA	NA	NA	2019	2C285	2	C				NA	vegetative > flowering > vegetative	vegetative	flowering	vegetative	FALSE	Reduction	Reduction	2019-06-09T15:00:00Z	160	2019-06-08T20:00:00Z	159	Normal	160	normal	2019-06-09T18:00:00Z	157.75	2.25	175	227	219	18.420841963803518	13.10256662264089	31.523408586444408	NA	26.5	NA	NA	NA	NA	3.4375	101.1257379859375	5.1775
NA	NA	2B	201	NA	NA	NA	NA	NA	NA	NA	2019	2B201	2	B				NA	vegetative > flowering > dead_nf	vegetative	flowering	dead_nf	FALSE	Control	Mock rainout	2019-06-09T15:00:00Z	160	2019-06-08T20:00:00Z	159	Normal	160	normal	2019-06-09T18:00:00Z	157.75	2.25	175	227	219	18.420841963803518	26.20513324528178	44.6259752090853	NA	20	NA	NA	NA	NA	3.515625	75.98728125	5.22
NA	NA	2C	300	NA	NA	NA	NA	NA	NA	NA	2019	2C300	2	C				NA	vegetative > flowering > vegetative	vegetative	flowering	vegetative	FALSE	Reduction	Reduction	2019-06-09T15:00:00Z	160	2019-06-08T20:00:00Z	159	Normal	160	normal	2019-06-09T18:00:00Z	157.75	2.25	175	227	219	18.420841963803518	13.10256662264089	31.523408586444408	NA	32	NA	NA	NA	NA	3.515625	127.827504	5.1775
NA	2019-08-02T00:00:00Z	3A	642	NA	NA	NA	NA	NA	NA	NA	2019	3A642	3	A				NA	vegetative > flowering > dead_nf	vegetative	flowering	dead_nf	FALSE	Reduction	Reduction	2019-06-07T14:00:00Z	158	2019-06-06T19:00:00Z	157	Normal	158	normal	2019-06-07T18:00:00Z	157.75	0.25	175	227	219	18.420841963803518	13.10256662264089	31.523408586444408	NA	24	NA	NA	NA	NA	3.515625	92.696697	4.465
NA	2019-07-26T00:00:00Z	4D	35	NA	NA	NA	NA	NA	NA	NA	2019	4D35	4	D				NA	flowering > flowering > vegetative	flowering	flowering	vegetative	FALSE	Reduction	Reduction	2019-05-27T22:00:00Z	147	2019-05-26T18:00:00Z	146	Early	147	early	2019-05-27T18:00:00Z	157.75	-10.75	175	227	219	21.750493375436122	13.10256662264089	34.853059998077015	NA	32	NA	NA	NA	NA	3.515625	127.827504	3.8274999999999997
NA	2019-08-07T00:00:00Z	6D	79	NA	NA	NA	NA	NA	NA	NA	2019	6D79	6	D				NA	vegetative > flowering > dead_nf	vegetative	flowering	dead_nf	FALSE	Addition	Addition	2019-06-05T19:00:00Z	156	2019-06-05T17:00:00Z	156	Normal	156	normal	2019-06-05T18:00:00Z	157.75	-1.75	175	227	219	18.420841963803518	103.20513324528179	121.62597520908531	NA	22.5	NA	NA	NA	NA	3.59375	88.28535849609375	5.4175
NA	2019-07-26T00:00:00Z	1A	246	NA	NA	NA	NA	NA	NA	NA	2019	1A246	1	A				NA	vegetative > flowering > flowering	vegetative	flowering	flowering	FALSE	Addition	Addition	2019-06-06T17:00:00Z	157	2019-06-06T15:00:00Z	157	Normal	157	normal	2019-06-06T18:00:00Z	157.75	-0.75	175	227	219	18.420841963803518	103.20513324528179	121.62597520908531	NA	20.5	NA	NA	NA	NA	3.671875	81.51477446523437	6.9775
NA	NA	2B	201	NA	NA	NA	NA	NA	NA	NA	2019	2B201	2	B				NA	vegetative > flowering > dead_nf	vegetative	flowering	dead_nf	FALSE	Control	Mock rainout	2019-06-09T15:00:00Z	160	2019-06-08T20:00:00Z	159	Normal	160	normal	2019-06-09T18:00:00Z	157.75	2.25	175	227	219	18.420841963803518	26.20513324528178	44.6259752090853	NA	28	NA	NA	NA	NA	3.671875	114.85592335000001	5.22
NA	2019-08-02T00:00:00Z	2D	205	NA	NA	NA	NA	NA	NA	NA	2019	2D205	2	D				NA	vegetative > flowering > dead_nf	vegetative	flowering	dead_nf	FALSE	Addition	Addition	2019-06-09T15:00:00Z	160	2019-06-08T20:00:00Z	159	Normal	160	normal	2019-06-09T18:00:00Z	157.75	2.25	175	227	219	18.420841963803518	103.20513324528179	121.62597520908531	NA	26	NA	NA	NA	NA	3.671875	105.7611901125	6.6425
NA	2019-08-07T00:00:00Z	3C	140	NA	NA	NA	NA	NA	NA	NA	2019	3C140	3	C				NA	vegetative > flowering > dead_nf	vegetative	flowering	dead_nf	FALSE	Addition	Addition	2019-06-07T14:00:00Z	158	2019-06-06T19:00:00Z	157	Normal	158	normal	2019-06-07T18:00:00Z	157.75	0.25	175	227	219	18.420841963803518	103.20513324528179	121.62597520908531	NA	22	NA	NA	NA	NA	3.671875	88.0187394625	5.7625
NA	2019-08-02T00:00:00Z	4C	199	NA	NA	NA	NA	NA	NA	NA	2019	4C199	4	C				NA	vegetative > flowering > dead_nf	vegetative	flowering	dead_nf	FALSE	Control	Control	2019-05-27T22:00:00Z	147	2019-05-26T18:00:00Z	146	Early	147	early	2019-05-27T18:00:00Z	157.75	-10.75	175	227	219	21.750493375436122	26.20513324528178	47.9556266207179	NA	23	NA	NA	NA	NA	3.671875	92.39949519375	3.5275
NA	2019-07-26T00:00:00Z	6C	108	NA	NA	NA	NA	NA	NA	NA	2019	6C108	6	C				NA	vegetative > flowering > dead_nf	vegetative	flowering	dead_nf	FALSE	Control	Mock rainout	2019-06-05T19:00:00Z	156	2019-06-05T17:00:00Z	156	Normal	156	normal	2019-06-05T18:00:00Z	157.75	-1.75	175	227	219	18.420841963803518	26.20513324528178	44.6259752090853	NA	20	NA	NA	NA	NA	3.671875	79.36449375	3.995
NA	2019-08-02T00:00:00Z	3C	184	NA	NA	NA	NA	NA	NA	NA	2019	3C184	3	C			floral20 seeds20	3C174	vegetative > flowering > dead_nf	vegetative	flowering	dead_nf	FALSE	Addition	Addition	2019-06-07T14:00:00Z	158	2019-06-06T19:00:00Z	157	Normal	158	normal	2019-06-07T18:00:00Z	157.75	0.25	175	227	219	18.420841963803518	103.20513324528179	121.62597520908531	NA	21	NA	NA	NA	NA	3.75	85.45417020000001	5.7625
NA	2019-07-26T00:00:00Z	2B	11	NA	NA	NA	NA	NA	NA	NA	2019	2B11	2	B				NA	NA	NA	NA	NA	FALSE	Control	Mock rainout	2019-06-09T15:00:00Z	160	2019-06-08T20:00:00Z	159	Normal	160	normal	2019-06-09T18:00:00Z	157.75	2.25	175	227	219	18.420841963803518	26.20513324528178	44.6259752090853	NA	26	NA	NA	NA	NA	3.828125	110.2616662875	5.22
NA	2019-08-07T00:00:00Z	3B	686	NA	NA	NA	NA	NA	NA	NA	2019	3B686	3	B				NA	vegetative > flowering > dead_nf	vegetative	flowering	dead_nf	FALSE	Control	Mock rainout	2019-06-07T14:00:00Z	158	2019-06-06T19:00:00Z	157	Normal	158	normal	2019-06-07T18:00:00Z	157.75	0.25	175	227	219	18.420841963803518	26.20513324528178	44.6259752090853	NA	26.5	NA	NA	NA	NA	3.828125	112.61729912070312	4.6325
NA	2019-07-31T00:00:00Z	5D	228	NA	NA	NA	NA	NA	NA	NA	2019	5D228	5	D				NA	flowering > flowering > dead_nf	flowering	flowering	dead_nf	FALSE	Control	Control	2019-06-04T15:00:00Z	155	2019-06-03T17:00:00Z	154	Early	155	early	2019-06-04T18:00:00Z	157.75	-2.75	175	227	219	18.73496002150471	26.20513324528178	44.94009326678649	NA	20	NA	NA	NA	NA	3.828125	82.74170625	3.6275000000000004
NA	2019-07-26T00:00:00Z	6C	123	NA	NA	NA	NA	NA	NA	NA	2019	6C123	6	C				NA	vegetative > flowering > dead_nf	vegetative	flowering	dead_nf	FALSE	Control	Mock rainout	2019-06-05T19:00:00Z	156	2019-06-05T17:00:00Z	156	Normal	156	normal	2019-06-05T18:00:00Z	157.75	-1.75	175	227	219	18.420841963803518	26.20513324528178	44.6259752090853	NA	19	NA	NA	NA	NA	3.828125	78.28551486875	3.995
NA	2019-08-02T00:00:00Z	3C	161	NA	NA	NA	NA	NA	NA	NA	2019	3C161	3	C				NA	vegetative > flowering > dead_nf	vegetative	flowering	dead_nf	FALSE	Addition	Addition	2019-06-07T14:00:00Z	158	2019-06-06T19:00:00Z	157	Normal	158	normal	2019-06-07T18:00:00Z	157.75	0.25	175	227	219	18.420841963803518	103.20513324528179	121.62597520908531	NA	18	NA	NA	NA	NA	3.90625	75.372924375	5.7625
NA	2019-07-31T00:00:00Z	5D	230	NA	NA	NA	NA	NA	NA	NA	2019	5D230	5	D				NA	vegetative > flowering > flowering	vegetative	flowering	flowering	FALSE	Control	Control	2019-06-04T15:00:00Z	155	2019-06-03T17:00:00Z	154	Early	155	early	2019-06-04T18:00:00Z	157.75	-2.75	175	227	219	18.73496002150471	26.20513324528178	44.94009326678649	NA	21.5	NA	NA	NA	NA	3.90625	91.32111310546874	3.6275000000000004
NA	2019-08-02T00:00:00Z	2B	202	NA	NA	NA	NA	NA	NA	NA	2019	2B202	2	B				NA	vegetative > flowering > dead_nf	vegetative	flowering	dead_nf	FALSE	Control	Mock rainout	2019-06-09T15:00:00Z	160	2019-06-08T20:00:00Z	159	Normal	160	normal	2019-06-09T18:00:00Z	157.75	2.25	175	227	219	18.420841963803518	26.20513324528178	44.6259752090853	NA	21	NA	NA	NA	NA	4.0625	92.57535105000001	5.22
NA	2019-08-02T00:00:00Z	5A	203	NA	NA	NA	NA	NA	NA	NA	2019	5A203	5	A				NA	vegetative > flowering > dead_nf	vegetative	flowering	dead_nf	FALSE	Addition	Addition	2019-06-04T15:00:00Z	155	2019-06-03T17:00:00Z	154	Early	155	early	2019-06-04T18:00:00Z	157.75	-2.75	175	227	219	18.73496002150471	103.20513324528179	121.94009326678649	NA	20	NA	NA	NA	NA	4.140625	89.49613125	4.8725
NA	2019-08-02T00:00:00Z	3C	183	NA	NA	NA	NA	NA	NA	NA	2019	3C183	3	C				NA	vegetative > flowering > dead_nf	vegetative	flowering	dead_nf	FALSE	Addition	Addition	2019-06-07T14:00:00Z	158	2019-06-06T19:00:00Z	157	Normal	158	normal	2019-06-07T18:00:00Z	157.75	0.25	175	227	219	18.420841963803518	103.20513324528179	121.62597520908531	NA	20	NA	NA	NA	NA	4.21875	91.1847375	5.7625
NA	NA	2C	202	NA	NA	NA	NA	NA	NA	NA	2019	2C202	2	C				NA	vegetative > flowering > vegetative	vegetative	flowering	vegetative	FALSE	Reduction	Reduction	2019-06-09T15:00:00Z	160	2019-06-08T20:00:00Z	159	Normal	160	normal	2019-06-09T18:00:00Z	157.75	2.25	175	227	219	18.420841963803518	13.10256662264089	31.523408586444408	NA	20	NA	NA	NA	NA	4.296875	92.87334375	5.1775
NA	NA	2B	130	NA	NA	NA	NA	NA	NA	NA	2019	2B130	2	B				NA	vegetative > flowering > dead_nf	vegetative	flowering	dead_nf	FALSE	Control	Mock rainout	2019-06-09T15:00:00Z	160	2019-06-08T20:00:00Z	159	Normal	160	normal	2019-06-09T18:00:00Z	157.75	2.25	175	227	219	18.420841963803518	26.20513324528178	44.6259752090853	NA	20	NA	NA	NA	NA	4.453125	96.25055625	5.22
NA	2019-08-02T00:00:00Z	2D	257	NA	NA	NA	NA	NA	NA	NA	2019	2D257	2	D				NA	vegetative > flowering > dead_nf	vegetative	flowering	dead_nf	FALSE	Addition	Addition	2019-06-09T15:00:00Z	160	2019-06-08T20:00:00Z	159	Normal	160	normal	2019-06-09T18:00:00Z	157.75	2.25	175	227	219	18.420841963803518	103.20513324528179	121.62597520908531	NA	22	NA	NA	NA	NA	4.6875	112.36434824999998	6.6425
NA	2019-07-26T00:00:00Z	1A	236	NA	NA	NA	NA	NA	NA	NA	2019	1A236	1	A				NA	vegetative > flowering > dead_nf	vegetative	flowering	dead_nf	FALSE	Addition	Addition	2019-06-06T17:00:00Z	157	2019-06-06T15:00:00Z	157	Normal	157	normal	2019-06-06T18:00:00Z	157.75	-0.75	175	227	219	18.420841963803518	103.20513324528179	121.62597520908531	NA	21.5	NA	NA	NA	NA	4.765625	111.41175798867188	6.9775
NA	2019-07-26T00:00:00Z	1A	239	NA	NA	NA	NA	NA	NA	NA	2019	1A239	1	A				NA	vegetative > flowering > dead_nf	vegetative	flowering	dead_nf	FALSE	Addition	Addition	2019-06-06T17:00:00Z	157	2019-06-06T15:00:00Z	157	Normal	157	normal	2019-06-06T18:00:00Z	157.75	-0.75	175	227	219	18.420841963803518	103.20513324528179	121.62597520908531	NA	22	NA	NA	NA	NA	4.765625	114.2370873875	6.9775
NA	2019-08-07T00:00:00Z	3B	823	NA	NA	NA	NA	NA	NA	NA	2019	3B823	3	B				NA	vegetative > flowering > vegetative	vegetative	flowering	vegetative	FALSE	Control	Mock rainout	2019-06-07T14:00:00Z	158	2019-06-06T19:00:00Z	157	Normal	158	normal	2019-06-07T18:00:00Z	157.75	0.25	175	227	219	18.420841963803518	26.20513324528178	44.6259752090853	NA	22.5	NA	NA	NA	NA	4.84375	118.99330927734374	4.6325
NA	2019-08-02T00:00:00Z	2D	209	NA	NA	NA	NA	NA	NA	NA	2019	2D209	2	D				NA	vegetative > flowering > dead_nf	vegetative	flowering	dead_nf	FALSE	Addition	Addition	2019-06-09T15:00:00Z	160	2019-06-08T20:00:00Z	159	Normal	160	normal	2019-06-09T18:00:00Z	157.75	2.25	175	227	219	18.420841963803518	103.20513324528179	121.62597520908531	NA	18	NA	NA	NA	NA	4.921875	94.9698847125	6.6425
NA	2019-08-02T00:00:00Z	2D	257	NA	NA	NA	NA	NA	NA	NA	2019	2D257	2	D				NA	vegetative > flowering > dead_nf	vegetative	flowering	dead_nf	FALSE	Addition	Addition	2019-06-09T15:00:00Z	160	2019-06-08T20:00:00Z	159	Normal	160	normal	2019-06-09T18:00:00Z	157.75	2.25	175	227	219	18.420841963803518	103.20513324528179	121.62597520908531	NA	21	NA	NA	NA	NA	4.921875	112.1585983875	6.6425
NA	NA	2B	99	NA	NA	NA	NA	NA	NA	NA	2019	2B99	2	B				NA	vegetative > flowering > dead_nf	vegetative	flowering	dead_nf	FALSE	Control	Mock rainout	2019-06-09T15:00:00Z	160	2019-06-08T20:00:00Z	159	Normal	160	normal	2019-06-09T18:00:00Z	157.75	2.25	175	227	219	18.420841963803518	26.20513324528178	44.6259752090853	NA	26.5	NA	NA	NA	NA	5	147.09198252500002	5.22
NA	2019-07-26T00:00:00Z	6C	123	NA	NA	NA	NA	NA	NA	NA	2019	6C123	6	C				NA	vegetative > flowering > dead_nf	vegetative	flowering	dead_nf	FALSE	Control	Mock rainout	2019-06-05T19:00:00Z	156	2019-06-05T17:00:00Z	156	Normal	156	normal	2019-06-05T18:00:00Z	157.75	-1.75	175	227	219	18.420841963803518	26.20513324528178	44.6259752090853	NA	24	NA	NA	NA	NA	5	131.8353024	3.995
NA	NA	1B	670	NA	NA	NA	NA	NA	NA	NA	2019	1B670	1	B				NA	vegetative > flowering > dead_nf	vegetative	flowering	dead_nf	FALSE	Control	Control	2019-06-06T17:00:00Z	157	2019-06-06T15:00:00Z	157	Normal	157	normal	2019-06-06T18:00:00Z	157.75	-0.75	175	227	219	18.420841963803518	26.20513324528178	44.6259752090853	NA	21	NA	NA	NA	NA	5.078125	115.7191888125	5.908571428571428
NA	2019-08-02T00:00:00Z	3C	182	NA	NA	NA	NA	NA	NA	NA	2019	3C182	3	C				NA	vegetative > flowering > dead_nf	vegetative	flowering	dead_nf	FALSE	Addition	Addition	2019-06-07T14:00:00Z	158	2019-06-06T19:00:00Z	157	Normal	158	normal	2019-06-07T18:00:00Z	157.75	0.25	175	227	219	18.420841963803518	103.20513324528179	121.62597520908531	NA	21	NA	NA	NA	NA	5.078125	115.7191888125	5.7625
NA	2019-08-07T00:00:00Z	1B	648	NA	NA	NA	NA	NA	NA	NA	2019	1B648	1	B				NA	vegetative > flowering > dead_nf	vegetative	flowering	dead_nf	FALSE	Control	Control	2019-06-06T17:00:00Z	157	2019-06-06T15:00:00Z	157	Normal	157	normal	2019-06-06T18:00:00Z	157.75	-0.75	175	227	219	18.420841963803518	26.20513324528178	44.6259752090853	NA	19	NA	NA	NA	NA	5.15625	105.4457955375	5.908571428571428
NA	2019-08-02T00:00:00Z	2D	205	NA	NA	NA	NA	NA	NA	NA	2019	2D205	2	D				NA	vegetative > flowering > dead_nf	vegetative	flowering	dead_nf	FALSE	Addition	Addition	2019-06-09T15:00:00Z	160	2019-06-08T20:00:00Z	159	Normal	160	normal	2019-06-09T18:00:00Z	157.75	2.25	175	227	219	18.420841963803518	103.20513324528179	121.62597520908531	NA	21	NA	NA	NA	NA	5.15625	117.499484025	6.6425
NA	2019-08-02T00:00:00Z	2D	211	NA	NA	NA	NA	NA	NA	NA	2019	2D211	2	D				NA	vegetative > flowering > vegetative	vegetative	flowering	vegetative	FALSE	Addition	Addition	2019-06-09T15:00:00Z	160	2019-06-08T20:00:00Z	159	Normal	160	normal	2019-06-09T18:00:00Z	157.75	2.25	175	227	219	18.420841963803518	103.20513324528179	121.62597520908531	NA	17	NA	NA	NA	NA	5.3125	96.4227981	6.6425
NA	2019-08-02T00:00:00Z	3C	149	NA	NA	NA	NA	NA	NA	NA	2019	3C149	3	C		pheno20		NA	vegetative > flowering > vegetative	vegetative	flowering	vegetative	FALSE	Addition	Addition	2019-06-07T14:00:00Z	158	2019-06-06T19:00:00Z	157	Normal	158	normal	2019-06-07T18:00:00Z	157.75	0.25	175	227	219	18.420841963803518	103.20513324528179	121.62597520908531	NA	23	NA	NA	NA	NA	5.3125	133.684376025	5.7625
NA	NA	1A	239	NA	NA	NA	NA	NA	NA	NA	2019	1A239	1	A				NA	vegetative > flowering > dead_nf	vegetative	flowering	dead_nf	FALSE	Addition	Addition	2019-06-06T17:00:00Z	157	2019-06-06T15:00:00Z	157	Normal	157	normal	2019-06-06T18:00:00Z	157.75	-0.75	175	227	219	18.420841963803518	103.20513324528179	121.62597520908531	NA	18	NA	NA	NA	NA	7.5	144.7160148	6.9775
NA	2019-08-02T00:00:00Z	3C	149	NA	NA	NA	NA	NA	NA	NA	2019	3C149	3	C		pheno20		NA	vegetative > flowering > vegetative	vegetative	flowering	vegetative	FALSE	Addition	Addition	2019-06-07T14:00:00Z	158	2019-06-06T19:00:00Z	157	Normal	158	normal	2019-06-07T18:00:00Z	157.75	0.25	175	227	219	18.420841963803518	103.20513324528179	121.62597520908531	NA	20	NA	NA	NA	NA	7.5	162.1062	5.7625
AP	2020-07-15T00:00:00Z	1A	244	NA	NA	NA	NA	NA	NA	NA	2020	1A244	1	A				NA	vegetative > vegetative > flowering	vegetative	vegetative	flowering	FALSE	Addition	Addition	2020-05-04T15:00:00Z	125	2020-05-02T18:00:00Z	123	Normal	125	normal	2020-05-04T18:00:00Z	125.66666666666667	-0.6666666666666714	164	227	210	36.06919700654431	116.21266458143843	152.28186158798275	1899-12-30T10:45:00Z	20.5	NA	NA	NA	NA	2.109375	46.827636394921875	7.731111111111111
AP	2020-07-15T00:00:00Z	1A	246	NA	NA	NA	NA	NA	NA	NA	2020	1A246	1	A				NA	vegetative > flowering > flowering	vegetative	flowering	flowering	FALSE	Addition	Addition	2020-05-04T15:00:00Z	125	2020-05-02T18:00:00Z	123	Normal	125	normal	2020-05-04T18:00:00Z	125.66666666666667	-0.6666666666666714	164	227	210	36.06919700654431	116.21266458143843	152.28186158798275	1899-12-30T10:45:00Z	23	NA	NA	NA	NA	3.59375	90.4335484875	7.731111111111111
AP	2020-07-15T00:00:00Z	1A	257	NA	NA	NA	NA	NA	NA	not enough for conc	2020	1A257	1	A				NA	vegetative > vegetative > flowering	vegetative	vegetative	flowering	FALSE	Addition	Addition	2020-05-04T15:00:00Z	125	2020-05-02T18:00:00Z	123	Normal	125	normal	2020-05-04T18:00:00Z	125.66666666666667	-0.6666666666666714	164	227	210	36.06919700654431	116.21266458143843	152.28186158798275	1899-12-30T11:00:00Z	NA	NA	NA	NA	NA	0.703125	NA	7.731111111111111
AP	2020-07-15T00:00:00Z	1A	250	NA	NA	NA	NA	NA	NA	NA	2020	1A250	1	A				NA	vegetative > vegetative > flowering	vegetative	vegetative	flowering	FALSE	Addition	Addition	2020-05-04T15:00:00Z	125	2020-05-02T18:00:00Z	123	Normal	125	normal	2020-05-04T18:00:00Z	125.66666666666667	-0.6666666666666714	164	227	210	36.06919700654431	116.21266458143843	152.28186158798275	1899-12-30T11:00:00Z	25.5	NA	NA	NA	NA	2.03125	57.26145204609375	7.731111111111111
AP	2020-07-15T00:00:00Z	6A	136	NA	NA	NA	NA	NA	NA	NA	2020	6A136	6	A				NA	vegetative > vegetative > flowering	vegetative	vegetative	flowering	FALSE	Control	Control	2020-05-06T18:00:00Z	127	2020-05-05T19:00:00Z	126	Normal	127	normal	2020-05-06T18:00:00Z	125.66666666666667	1.3333333333333286	164	227	210	36.06919700654431	35.71266458143843	71.78186158798275	NA	24	1899-12-30T13:00:00Z	1899-12-30T14:00:00Z	Measured between 13:00- 14:00pm	NA	3.28125	86.5169172	4.7155555555555555
AP	2020-07-15T00:00:00Z	6A	169	NA	NA	NA	NA	NA	NA	NA	2020	6A169	6	A				NA	vegetative > vegetative > flowering	vegetative	vegetative	flowering	FALSE	Control	Control	2020-05-06T18:00:00Z	127	2020-05-05T19:00:00Z	126	Normal	127	normal	2020-05-06T18:00:00Z	125.66666666666667	1.3333333333333286	164	227	210	36.06919700654431	35.71266458143843	71.78186158798275	NA	36.5	1899-12-30T13:00:00Z	1899-12-30T14:00:00Z	Measured between 13:00- 14:00pm	NA	1.25	52.85408825625	4.7155555555555555
AP	2020-07-15T00:00:00Z	6A	165	NA	NA	NA	NA	NA	NA	bent	2020	6A165	6	A				NA	vegetative > vegetative > flowering	vegetative	vegetative	flowering	FALSE	Control	Control	2020-05-06T18:00:00Z	127	2020-05-05T19:00:00Z	126	Normal	127	normal	2020-05-06T18:00:00Z	125.66666666666667	1.3333333333333286	164	227	210	36.06919700654431	35.71266458143843	71.78186158798275	NA	26	1899-12-30T13:00:00Z	1899-12-30T14:00:00Z	Measured between 13:00- 14:00pm (Bent)	NA	0.390625	11.2511904375	4.7155555555555555
AP	2020-07-15T00:00:00Z	6B	266	NA	NA	NA	NA	NA	NA	NA	2020	6B266	6	B				NA	vegetative > vegetative > flowering	vegetative	vegetative	flowering	FALSE	Reduction	Reduction	2020-05-06T18:00:00Z	127	2020-05-05T19:00:00Z	126	Normal	127	normal	2020-05-06T18:00:00Z	125.66666666666667	1.3333333333333286	164	227	210	36.06919700654431	17.856332290719216	53.92552929726352	NA	30	1899-12-30T13:00:00Z	1899-12-30T14:00:00Z	Measured between 13:00- 14:00pm	NA	1.09375	36.967153124999996	4.0488888888888885
AP	2020-07-15T00:00:00Z	6B	243	NA	NA	NA	NA	NA	NA	NA	2020	6B243	6	B				NA	vegetative > vegetative > flowering	vegetative	vegetative	flowering	FALSE	Reduction	Reduction	2020-05-06T18:00:00Z	127	2020-05-05T19:00:00Z	126	Normal	127	normal	2020-05-06T18:00:00Z	125.66666666666667	1.3333333333333286	164	227	210	36.06919700654431	17.856332290719216	53.92552929726352	NA	31	1899-12-30T13:00:00Z	1899-12-30T14:00:00Z	Measured between 13:00- 14:00pm	NA	4.21875	147.96756978749997	4.0488888888888885
AP	2020-07-15T00:00:00Z	6B	21	NA	NA	NA	NA	NA	NA	NA	2020	6B21	6	B				NA	vegetative > vegetative > flowering	vegetative	vegetative	flowering	FALSE	Reduction	Reduction	2020-05-06T18:00:00Z	127	2020-05-05T19:00:00Z	126	Normal	127	normal	2020-05-06T18:00:00Z	125.66666666666667	1.3333333333333286	164	227	210	36.06919700654431	17.856332290719216	53.92552929726352	NA	25	1899-12-30T13:00:00Z	1899-12-30T14:00:00Z	Measured between 13:00- 14:00pm	NA	1.171875	32.3203125	4.0488888888888885
AP	2020-07-15T00:00:00Z	6C	116	NA	NA	NA	NA	NA	NA	NA	2020	6C116	6	C				NA	vegetative > vegetative > flowering	vegetative	vegetative	flowering	FALSE	Control	Mock rainout	2020-05-06T18:00:00Z	127	2020-05-05T19:00:00Z	126	Normal	127	normal	2020-05-06T18:00:00Z	125.66666666666667	1.3333333333333286	164	227	210	36.06919700654431	35.71266458143843	71.78186158798275	NA	26.5	1899-12-30T12:00:00Z	1899-12-30T13:00:00Z	Measured approxmiately between 12-13:00	NA	3.125	91.93248907812502	5.2444444444444445
AP	2020-07-15T00:00:00Z	6C	113	NA	NA	NA	NA	NA	NA	bent	2020	6C113	6	C				NA	vegetative > vegetative > flowering	vegetative	vegetative	flowering	FALSE	Control	Mock rainout	2020-05-06T18:00:00Z	127	2020-05-05T19:00:00Z	126	Normal	127	normal	2020-05-06T18:00:00Z	125.66666666666667	1.3333333333333286	164	227	210	36.06919700654431	35.71266458143843	71.78186158798275	NA	26.5	1899-12-30T12:00:00Z	1899-12-30T13:00:00Z	Measured approxmiately between 12-13:00 (bent)	NA	0.234375	6.8949366808593755	5.2444444444444445
AP	2020-07-15T00:00:00Z	6C	111	NA	NA	NA	NA	NA	NA	NA	2020	6C111	6	C				NA	vegetative > vegetative > flowering	vegetative	vegetative	flowering	FALSE	Control	Mock rainout	2020-05-06T18:00:00Z	127	2020-05-05T19:00:00Z	126	Normal	127	normal	2020-05-06T18:00:00Z	125.66666666666667	1.3333333333333286	164	227	210	36.06919700654431	35.71266458143843	71.78186158798275	NA	31	1899-12-30T12:00:00Z	1899-12-30T13:00:00Z	Measured approxmiately between 12-13:00	NA	4.453125	156.18799033125	5.2444444444444445
AP	2020-07-15T00:00:00Z	6C	93	NA	NA	NA	NA	NA	NA	NA	2020	6C93	6	C				NA	vegetative > vegetative > flowering	vegetative	vegetative	flowering	FALSE	Control	Mock rainout	2020-05-06T18:00:00Z	127	2020-05-05T19:00:00Z	126	Normal	127	normal	2020-05-06T18:00:00Z	125.66666666666667	1.3333333333333286	164	227	210	36.06919700654431	35.71266458143843	71.78186158798275	NA	36	1899-12-30T12:00:00Z	1899-12-30T13:00:00Z	Measured approxmiately between 12-13:00	NA	0.703125	29.259779850000005	5.2444444444444445
AP	2020-07-15T00:00:00Z	6C	86	NA	NA	NA	NA	NA	NA	NA	2020	6C86	6	C				NA	vegetative > vegetative > flowering	vegetative	vegetative	flowering	FALSE	Control	Mock rainout	2020-05-06T18:00:00Z	127	2020-05-05T19:00:00Z	126	Normal	127	normal	2020-05-06T18:00:00Z	125.66666666666667	1.3333333333333286	164	227	210	36.06919700654431	35.71266458143843	71.78186158798275	NA	29	1899-12-30T12:00:00Z	1899-12-30T13:00:00Z	Measured approxmiately between 12-13:00	NA	3.046875	99.12687671249999	5.2444444444444445
AP	2020-07-15T00:00:00Z	6C	99	NA	NA	NA	NA	NA	NA	NA	2020	6C99	6	C				NA	vegetative > vegetative > flowering	vegetative	vegetative	flowering	FALSE	Control	Mock rainout	2020-05-06T18:00:00Z	127	2020-05-05T19:00:00Z	126	Normal	127	normal	2020-05-06T18:00:00Z	125.66666666666667	1.3333333333333286	164	227	210	36.06919700654431	35.71266458143843	71.78186158798275	NA	22.5	1899-12-30T11:00:00Z	1899-12-30T12:00:00Z	Measured approximately between 11-12:00AM	NA	3.984375	97.88159311523435	5.2444444444444445
AP	2020-07-15T00:00:00Z	6D	59	NA	NA	NA	NA	NA	NA	NA	2020	6D59	6	D				NA	vegetative > vegetative > flowering	vegetative	vegetative	flowering	FALSE	Addition	Addition	2020-05-06T18:00:00Z	127	2020-05-05T19:00:00Z	126	Normal	127	normal	2020-05-06T18:00:00Z	125.66666666666667	1.3333333333333286	164	227	210	36.06919700654431	116.21266458143843	152.28186158798275	NA	34	1899-12-30T12:00:00Z	1899-12-30T13:00:00Z	Measured approximately between 11-12:00AM	NA	3.125	121.7645315	7.590888888888889
AP	2020-07-15T00:00:00Z	6D	56	NA	NA	NA	NA	NA	NA	NA	2020	6D56	6	D				NA	vegetative > vegetative > flowering	vegetative	vegetative	flowering	FALSE	Addition	Addition	2020-05-06T18:00:00Z	127	2020-05-05T19:00:00Z	126	Normal	127	normal	2020-05-06T18:00:00Z	125.66666666666667	1.3333333333333286	164	227	210	36.06919700654431	116.21266458143843	152.28186158798275	NA	35	1899-12-30T13:00:00Z	1899-12-30T14:00:00Z	Measured approximately between 11-12:00AM	NA	1.5625	62.943234375	7.590888888888889
AP	2020-07-15T00:00:00Z	6D	68	NA	NA	NA	NA	NA	NA	NA	2020	6D68	6	D				NA	vegetative > vegetative > flowering	vegetative	vegetative	flowering	FALSE	Addition	Addition	2020-05-06T18:00:00Z	127	2020-05-05T19:00:00Z	126	Normal	127	normal	2020-05-06T18:00:00Z	125.66666666666667	1.3333333333333286	164	227	210	36.06919700654431	116.21266458143843	152.28186158798275	NA	30.5	1899-12-30T14:00:00Z	1899-12-30T15:00:00Z	Measured approximately between 11-12:00AM	NA	2.734375	94.15773080273439	7.590888888888889
AP	2020-07-15T00:00:00Z	6D	52	NA	NA	NA	NA	NA	NA	NA	2020	6D52	6	D				NA	vegetative > vegetative > flowering	vegetative	vegetative	flowering	FALSE	Addition	Addition	2020-05-06T18:00:00Z	127	2020-05-05T19:00:00Z	126	Normal	127	normal	2020-05-06T18:00:00Z	125.66666666666667	1.3333333333333286	164	227	210	36.06919700654431	116.21266458143843	152.28186158798275	NA	29	1899-12-30T14:03:00Z	1899-12-30T15:09:00Z	Measured between 14:13-15:09	NA	1.5625	50.834295749999995	7.590888888888889
AP	2020-07-15T00:00:00Z	5A	180	NA	NA	NA	NA	NA	NA	NA	2020	5A180	5	A				NA	flowering > vegetative > flowering	flowering	vegetative	flowering	FALSE	Addition	Addition	2020-04-28T20:00:00Z	119	2020-04-28T17:00:00Z	119	Early	119	early	2020-04-28T18:00:00Z	125.66666666666667	-6.666666666666671	164	227	210	36.226256035394904	116.21266458143843	152.43892061683334	NA	17	1899-12-30T14:03:00Z	1899-12-30T15:09:00Z	Measured between 14:13-15:10	NA	9.140625	165.903932025	6.266666666666667
AP	2020-07-15T00:00:00Z	5A	185	NA	NA	NA	NA	NA	NA	NA	2020	5A185	5	A		pheno19		NA	vegetative > vegetative > flowering	vegetative	vegetative	flowering	FALSE	Addition	Addition	2020-04-28T20:00:00Z	119	2020-04-28T17:00:00Z	119	Early	119	early	2020-04-28T18:00:00Z	125.66666666666667	-6.666666666666671	164	227	210	36.226256035394904	116.21266458143843	152.43892061683334	NA	33	1899-12-30T14:03:00Z	1899-12-30T15:09:00Z	Measured between 14:13-15:11	NA	1.09375	41.18705744999999	6.266666666666667
AP	2020-07-15T00:00:00Z	5A	191	NA	NA	NA	NA	NA	NA	NA	2020	5A191	5	A				NA	vegetative > vegetative > flowering	vegetative	vegetative	flowering	FALSE	Addition	Addition	2020-04-28T20:00:00Z	119	2020-04-28T17:00:00Z	119	Early	119	early	2020-04-28T18:00:00Z	125.66666666666667	-6.666666666666671	164	227	210	36.226256035394904	116.21266458143843	152.43892061683334	NA	23	1899-12-30T14:03:00Z	1899-12-30T15:09:00Z	Measured between 14:13-15:12	NA	0.859375	21.62541376875	6.266666666666667
AP	2020-07-15T00:00:00Z	5A	196	NA	NA	NA	NA	NA	NA	NA	2020	5A196	5	A				NA	vegetative > flowering > flowering	vegetative	flowering	flowering	FALSE	Addition	Addition	2020-04-28T20:00:00Z	119	2020-04-28T17:00:00Z	119	Early	119	early	2020-04-28T18:00:00Z	125.66666666666667	-6.666666666666671	164	227	210	36.226256035394904	116.21266458143843	152.43892061683334	NA	30	1899-12-30T14:03:00Z	1899-12-30T15:09:00Z	Measured between 14:13-15:13	NA	0.78125	26.405109374999995	6.266666666666667
AP	2020-07-15T00:00:00Z	5B	16	NA	NA	NA	NA	NA	NA	NA	2020	5B16	5	B				NA	vegetative > vegetative > flowering	vegetative	vegetative	flowering	FALSE	Control	Mock rainout	2020-04-28T20:00:00Z	119	2020-04-28T17:00:00Z	119	Early	119	early	2020-04-28T18:00:00Z	125.66666666666667	-6.666666666666671	164	227	210	36.226256035394904	35.71266458143843	71.93892061683334	NA	32	1899-12-30T14:03:00Z	1899-12-30T15:09:00Z	Measured between 14:13-15:14	NA	0.3125	11.3624448	4.8133333333333335
AP	2020-07-15T00:00:00Z	5B	20	NA	NA	NA	NA	NA	NA	NA	2020	5B20	5	B		pheno18 pheno19		NA	vegetative > vegetative > flowering	vegetative	vegetative	flowering	FALSE	Control	Mock rainout	2020-04-28T20:00:00Z	119	2020-04-28T17:00:00Z	119	Early	119	early	2020-04-28T18:00:00Z	125.66666666666667	-6.666666666666671	164	227	210	36.226256035394904	35.71266458143843	71.93892061683334	NA	28	1899-12-30T14:03:00Z	1899-12-30T15:09:00Z	Measured between 14:13-15:15	NA	1.71875	53.7623471	4.8133333333333335
AP	2020-07-16T00:00:00Z	3B	831	NA	NA	NA	NA	NA	NA	NA	2020	3B831	3	B				NA	vegetative > vegetative > flowering	vegetative	vegetative	flowering	FALSE	Control	Mock rainout	2020-05-04T21:00:00Z	125	2020-05-04T15:00:00Z	125	Normal	126	normal	2020-05-05T18:00:00Z	125.66666666666667	-0.6666666666666714	164	227	210	36.06919700654431	35.71266458143843	71.78186158798275	1899-12-30T10:20:00Z	26	NA	NA	NA	NA	2.421875	69.7573807125	5.1466666666666665
AP	2020-07-16T00:00:00Z	3B	228	NA	NA	NA	NA	NA	NA	NA	2020	3B228	3	B				NA	NA	NA	NA	NA	FALSE	Control	Mock rainout	2020-05-04T21:00:00Z	125	2020-05-04T15:00:00Z	125	Normal	126	normal	2020-05-05T18:00:00Z	125.66666666666667	-0.6666666666666714	164	227	210	36.06919700654431	35.71266458143843	71.78186158798275	1899-12-30T10:20:00Z	28	NA	NA	NA	NA	2.65625	83.0872637	5.1466666666666665
AP	2020-07-16T00:00:00Z	3B	618	NA	NA	NA	NA	NA	NA	NA	2020	3B618	3	B				NA	vegetative > vegetative > flowering	vegetative	vegetative	flowering	FALSE	Control	Mock rainout	2020-05-04T21:00:00Z	125	2020-05-04T15:00:00Z	125	Normal	126	normal	2020-05-05T18:00:00Z	125.66666666666667	-0.6666666666666714	164	227	210	36.06919700654431	35.71266458143843	71.78186158798275	1899-12-30T10:20:00Z	25.5	NA	NA	NA	NA	3.203125	90.29690514960937	5.1466666666666665
AP	2020-07-16T00:00:00Z	3A	638	NA	NA	NA	NA	NA	NA	NA	2020	3A638	3	A				NA	vegetative > vegetative > flowering	vegetative	vegetative	flowering	FALSE	Reduction	Reduction	2020-05-04T21:00:00Z	125	2020-05-04T15:00:00Z	125	Normal	126	normal	2020-05-05T18:00:00Z	125.66666666666667	-0.6666666666666714	164	227	210	36.06919700654431	17.856332290719216	53.92552929726352	1899-12-30T10:20:00Z	31.5	NA	NA	NA	NA	3.203125	114.40106697304687	4.573333333333333
AP	2020-07-16T00:00:00Z	3C	173	NA	NA	NA	NA	NA	NA	NA	2020	3C173	3	C		pheno19		NA	vegetative > vegetative > flowering	vegetative	vegetative	flowering	FALSE	Addition	Addition	2020-05-04T21:00:00Z	125	2020-05-04T15:00:00Z	125	Normal	126	normal	2020-05-05T18:00:00Z	125.66666666666667	-0.6666666666666714	164	227	210	36.06919700654431	116.21266458143843	152.28186158798275	1899-12-30T10:20:00Z	25	NA	NA	NA	NA	2.65625	73.25937499999999	6.5777777777777775
AP	2020-07-16T00:00:00Z	3C	169	NA	NA	NA	NA	NA	NA	no nectar	2020	3C169	3	C		pheno19		NA	vegetative > vegetative > flowering	vegetative	vegetative	flowering	FALSE	Addition	Addition	2020-05-04T21:00:00Z	125	2020-05-04T15:00:00Z	125	Normal	126	normal	2020-05-05T18:00:00Z	125.66666666666667	-0.6666666666666714	164	227	210	36.06919700654431	116.21266458143843	152.28186158798275	1899-12-30T10:20:00Z	NA	NA	NA	no nectar	NA	0	NA	6.5777777777777775
AP	2020-07-16T00:00:00Z	3A	125	NA	NA	NA	NA	NA	NA	NA	2020	3A125	3	A				NA	vegetative > vegetative > flowering	vegetative	vegetative	flowering	FALSE	Reduction	Reduction	2020-05-04T21:00:00Z	125	2020-05-04T15:00:00Z	125	Normal	126	normal	2020-05-05T18:00:00Z	125.66666666666667	-0.6666666666666714	164	227	210	36.06919700654431	17.856332290719216	53.92552929726352	1899-12-30T10:20:00Z	26	NA	NA	NA	NA	2.8125	81.00857115000001	4.573333333333333
AP	2020-07-16T00:00:00Z	3A	278	NA	NA	NA	NA	NA	NA	NA	2020	3A278	3	A				NA	vegetative > vegetative > flowering	vegetative	vegetative	flowering	FALSE	Reduction	Reduction	2020-05-04T21:00:00Z	125	2020-05-04T15:00:00Z	125	Normal	126	normal	2020-05-05T18:00:00Z	125.66666666666667	-0.6666666666666714	164	227	210	36.06919700654431	17.856332290719216	53.92552929726352	1899-12-30T10:20:00Z	27	NA	NA	NA	NA	0.78125	23.4658704375	4.573333333333333
AP	2020-07-16T00:00:00Z	3C	137	NA	NA	NA	NA	NA	NA	NA	2020	3C137	3	C				NA	vegetative > vegetative > flowering	vegetative	vegetative	flowering	FALSE	Addition	Addition	2020-05-04T21:00:00Z	125	2020-05-04T15:00:00Z	125	Normal	126	normal	2020-05-05T18:00:00Z	125.66666666666667	-0.6666666666666714	164	227	210	36.06919700654431	116.21266458143843	152.28186158798275	1899-12-30T10:20:00Z	26	NA	NA	NA	NA	2.65625	76.508094975	6.5777777777777775
AP	2020-07-16T00:00:00Z	3C	153	NA	NA	NA	NA	NA	NA	NA	2020	3C153	3	C				NA	vegetative > vegetative > flowering	vegetative	vegetative	flowering	FALSE	Addition	Addition	2020-05-04T21:00:00Z	125	2020-05-04T15:00:00Z	125	Normal	126	normal	2020-05-05T18:00:00Z	125.66666666666667	-0.6666666666666714	164	227	210	36.06919700654431	116.21266458143843	152.28186158798275	1899-12-30T10:20:00Z	21.5	1899-12-30T10:58:00Z	NA	Measured at 10:58	NA	2.96875	69.40404596015625	6.5777777777777775
AP	2020-07-16T00:00:00Z	3D	893	NA	NA	NA	NA	NA	NA	not enough for conc	2020	3D893	3	D				NA	vegetative > vegetative > flowering	vegetative	vegetative	flowering	FALSE	Control	Control	2020-05-04T21:00:00Z	125	2020-05-04T15:00:00Z	125	Normal	126	normal	2020-05-05T18:00:00Z	125.66666666666667	-0.6666666666666714	164	227	210	36.06919700654431	35.71266458143843	71.78186158798275	1899-12-30T10:20:00Z	NA	1899-12-30T11:14:00Z	NA	Measured at 11:14	NA	0.390625	NA	5.737777777777778
AP	2020-07-16T00:00:00Z	3C	133	NA	NA	NA	NA	NA	NA	NA	2020	3C133	3	C				NA	vegetative > vegetative > flowering	vegetative	vegetative	flowering	FALSE	Addition	Addition	2020-05-04T21:00:00Z	125	2020-05-04T15:00:00Z	125	Normal	126	normal	2020-05-05T18:00:00Z	125.66666666666667	-0.6666666666666714	164	227	210	36.06919700654431	116.21266458143843	152.28186158798275	1899-12-30T10:20:00Z	20	NA	NA	NA	NA	4.921875	106.38219375	6.5777777777777775
AP	2020-07-16T00:00:00Z	3C	139	NA	NA	NA	NA	NA	NA	NA	2020	3C139	3	C				NA	vegetative > vegetative > flowering	vegetative	vegetative	flowering	FALSE	Addition	Addition	2020-05-04T21:00:00Z	125	2020-05-04T15:00:00Z	125	Normal	126	normal	2020-05-05T18:00:00Z	125.66666666666667	-0.6666666666666714	164	227	210	36.06919700654431	116.21266458143843	152.28186158798275	1899-12-30T10:20:00Z	21	NA	NA	NA	NA	1.09375	24.924132975	6.5777777777777775
AP	2020-07-16T00:00:00Z	2D	207	NA	NA	NA	NA	NA	NA	NA	2020	2D207	2	D				NA	vegetative > vegetative > flowering	vegetative	vegetative	flowering	FALSE	Addition	Addition	2020-04-29T17:00:00Z	120	2020-04-28T19:00:00Z	119	Early	120	early	2020-04-29T18:00:00Z	125.66666666666667	-5.666666666666671	164	227	210	36.226256035394904	116.21266458143843	152.43892061683334	1899-12-30T10:20:00Z	27	1899-12-30T09:35:00Z	NA	Measured at 9:35	NA	2.03125	61.0112631375	7.424444444444444
AP	2020-07-16T00:00:00Z	2D	210	NA	NA	NA	NA	NA	NA	NA	2020	2D210	2	D				NA	vegetative > vegetative > flowering	vegetative	vegetative	flowering	FALSE	Addition	Addition	2020-04-29T17:00:00Z	120	2020-04-28T19:00:00Z	119	Early	120	early	2020-04-29T18:00:00Z	125.66666666666667	-5.666666666666671	164	227	210	36.226256035394904	116.21266458143843	152.43892061683334	1899-12-30T10:30:00Z	27	1899-12-30T09:33:00Z	NA	Measured at 9:33	NA	1.796875	53.971502006250006	7.424444444444444
AP	2020-07-16T00:00:00Z	2D	219	NA	NA	NA	NA	NA	NA	NA	2020	2D219	2	D				NA	vegetative > vegetative > flowering	vegetative	vegetative	flowering	FALSE	Addition	Addition	2020-04-29T17:00:00Z	120	2020-04-28T19:00:00Z	119	Early	120	early	2020-04-29T18:00:00Z	125.66666666666667	-5.666666666666671	164	227	210	36.226256035394904	116.21266458143843	152.43892061683334	1899-12-30T10:30:00Z	21.5	1899-12-30T09:25:00Z	NA	Measured at 9:25	NA	2.65625	62.09835691171875	7.424444444444444
AP	2020-07-16T00:00:00Z	2D	193	NA	NA	NA	NA	NA	NA	bud has a hole	2020	2D193	2	D				NA	vegetative > vegetative > flowering	vegetative	vegetative	flowering	FALSE	Addition	Addition	2020-04-29T17:00:00Z	120	2020-04-28T19:00:00Z	119	Early	120	early	2020-04-29T18:00:00Z	125.66666666666667	-5.666666666666671	164	227	210	36.226256035394904	116.21266458143843	152.43892061683334	1899-12-30T10:30:00Z	23	1899-12-30T09:22:00Z	NA	Measured at 9:22 (bud has hole)	NA	1.328125	33.42109400625	7.424444444444444
AP	2020-07-16T00:00:00Z	2D	204	NA	NA	NA	NA	NA	NA	NA	2020	2D204	2	D				NA	vegetative > vegetative > flowering	vegetative	vegetative	flowering	FALSE	Addition	Addition	2020-04-29T17:00:00Z	120	2020-04-28T19:00:00Z	119	Early	120	early	2020-04-29T18:00:00Z	125.66666666666667	-5.666666666666671	164	227	210	36.226256035394904	116.21266458143843	152.43892061683334	1899-12-30T10:30:00Z	23	1899-12-30T09:42:00Z	NA	Measured at 9:42	NA	2.65625	66.8421880125	7.424444444444444
AP	2020-07-16T00:00:00Z	2C	274	NA	NA	NA	NA	NA	NA	NA	2020	2C274	2	C				NA	vegetative > vegetative > flowering	vegetative	vegetative	flowering	FALSE	Reduction	Reduction	2020-04-29T17:00:00Z	120	2020-04-28T19:00:00Z	119	Early	120	early	2020-04-29T18:00:00Z	125.66666666666667	-5.666666666666671	164	227	210	36.226256035394904	17.856332290719216	54.08258832611412	NA	20	1899-12-30T09:05:00Z	NA	Measured at 9:05	NA	3.125	67.54425	4.644444444444445
AP	2020-07-16T00:00:00Z	2C	277	NA	NA	NA	NA	NA	NA	NA	2020	2C277	2	C				NA	vegetative > vegetative > flowering	vegetative	vegetative	flowering	FALSE	Reduction	Reduction	2020-04-29T17:00:00Z	120	2020-04-28T19:00:00Z	119	Early	120	early	2020-04-29T18:00:00Z	125.66666666666667	-5.666666666666671	164	227	210	36.226256035394904	17.856332290719216	54.08258832611412	NA	24	1899-12-30T09:14:00Z	NA	Measured at 9:14	NA	1.796875	47.3783118	4.644444444444445
AP	2020-07-16T00:00:00Z	3C	159	NA	NA	NA	NA	NA	NA	NA	2020	3C159	3	C				NA	vegetative > vegetative > flowering	vegetative	vegetative	flowering	FALSE	Addition	Addition	2020-05-04T21:00:00Z	125	2020-05-04T15:00:00Z	125	Normal	126	normal	2020-05-05T18:00:00Z	125.66666666666667	-0.6666666666666714	164	227	210	36.06919700654431	116.21266458143843	152.28186158798275	NA	22	NA	NA	NA	NA	3.75	89.89147859999999	6.5777777777777775
BV	2020-07-16T00:00:00Z	5B	296	NA	NA	NA	NA	NA	NA	NA	2020	5B296	5	B				NA	vegetative > vegetative > flowering	vegetative	vegetative	flowering	FALSE	Control	Mock rainout	2020-04-28T20:00:00Z	119	2020-04-28T17:00:00Z	119	Early	119	early	2020-04-28T18:00:00Z	125.66666666666667	-6.666666666666671	164	227	210	36.226256035394904	35.71266458143843	71.93892061683334	1899-12-30T09:32:00Z	33	1899-12-30T09:35:00Z	NA	NA	NA	1.640625	61.780586174999996	4.8133333333333335
BV	2020-07-16T00:00:00Z	5B	288	NA	NA	NA	NA	NA	NA	bud popped out	2020	5B288	5	B				NA	vegetative > vegetative > flowering	vegetative	vegetative	flowering	FALSE	Control	Mock rainout	2020-04-28T20:00:00Z	119	2020-04-28T17:00:00Z	119	Early	119	early	2020-04-28T18:00:00Z	125.66666666666667	-6.666666666666671	164	227	210	36.226256035394904	35.71266458143843	71.93892061683334	1899-12-30T09:34:00Z	NA	NA	NA	NA	NA	NA	NA	4.8133333333333335
BV	2020-07-16T00:00:00Z	5B	289	NA	NA	NA	NA	NA	NA	NA	2020	5B289	5	B				NA	vegetative > vegetative > flowering	vegetative	vegetative	flowering	FALSE	Control	Mock rainout	2020-04-28T20:00:00Z	119	2020-04-28T17:00:00Z	119	Early	119	early	2020-04-28T18:00:00Z	125.66666666666667	-6.666666666666671	164	227	210	36.226256035394904	35.71266458143843	71.93892061683334	1899-12-30T09:34:00Z	22	NA	NA	NA	NA	3.203125	76.78230463749999	4.8133333333333335
BV	2020-07-16T00:00:00Z	5C	224	NA	NA	NA	NA	NA	NA	NA	2020	5C224	5	C				NA	vegetative > vegetative > flowering	vegetative	vegetative	flowering	FALSE	Reduction	Reduction	2020-04-28T20:00:00Z	119	2020-04-28T17:00:00Z	119	Early	119	early	2020-04-28T18:00:00Z	125.66666666666667	-6.666666666666671	164	227	210	36.226256035394904	17.856332290719216	54.08258832611412	1899-12-30T09:40:00Z	25	NA	NA	NA	NA	1.953125	53.8671875	4.688888888888889
BV	2020-07-16T00:00:00Z	5C	683	NA	NA	NA	NA	NA	NA	NA	2020	5C683	5	C				NA	vegetative > vegetative > flowering	vegetative	vegetative	flowering	FALSE	Reduction	Reduction	2020-04-28T20:00:00Z	119	2020-04-28T17:00:00Z	119	Early	119	early	2020-04-28T18:00:00Z	125.66666666666667	-6.666666666666671	164	227	210	36.226256035394904	17.856332290719216	54.08258832611412	NA	25	NA	NA	NA	NA	1.25	34.475	4.688888888888889
BV	2020-07-16T00:00:00Z	5C	202	NA	NA	NA	NA	NA	NA	NA	2020	5C202	5	C				NA	vegetative > vegetative > flowering	vegetative	vegetative	flowering	FALSE	Reduction	Reduction	2020-04-28T20:00:00Z	119	2020-04-28T17:00:00Z	119	Early	119	early	2020-04-28T18:00:00Z	125.66666666666667	-6.666666666666671	164	227	210	36.226256035394904	17.856332290719216	54.08258832611412	NA	26	NA	NA	NA	NA	3.671875	105.7611901125	4.688888888888889
BV	2020-07-16T00:00:00Z	5C	217	NA	NA	NA	NA	NA	NA	NA	2020	5C217	5	C				NA	vegetative > flowering > flowering	vegetative	flowering	flowering	FALSE	Reduction	Reduction	2020-04-28T20:00:00Z	119	2020-04-28T17:00:00Z	119	Early	119	early	2020-04-28T18:00:00Z	125.66666666666667	-6.666666666666671	164	227	210	36.226256035394904	17.856332290719216	54.08258832611412	NA	25.5	NA	NA	NA	NA	4.21875	118.92763117265625	4.688888888888889
BV	2020-07-16T00:00:00Z	5B	20	NA	NA	NA	NA	NA	NA	NA	2020	5B20	5	B		pheno18 pheno19		NA	vegetative > vegetative > flowering	vegetative	vegetative	flowering	FALSE	Control	Mock rainout	2020-04-28T20:00:00Z	119	2020-04-28T17:00:00Z	119	Early	119	early	2020-04-28T18:00:00Z	125.66666666666667	-6.666666666666671	164	227	210	36.226256035394904	35.71266458143843	71.93892061683334	NA	26	NA	NA	NA	NA	1.640625	47.2549998375	4.8133333333333335
BV	2020-07-16T00:00:00Z	5D	247	NA	NA	NA	NA	NA	NA	no nectar	2020	5D247	5	D				NA	vegetative > vegetative > flowering	vegetative	vegetative	flowering	FALSE	Control	Control	2020-04-28T20:00:00Z	119	2020-04-28T17:00:00Z	119	Early	119	early	2020-04-28T18:00:00Z	125.66666666666667	-6.666666666666671	164	227	210	36.226256035394904	35.71266458143843	71.93892061683334	NA	NA	NA	NA	NA	NA	0	NA	4.428888888888889
BV	2020-07-16T00:00:00Z	5D	252	NA	NA	NA	NA	NA	NA	NA	2020	5D252	5	D				NA	vegetative > vegetative > flowering	vegetative	vegetative	flowering	FALSE	Control	Control	2020-04-28T20:00:00Z	119	2020-04-28T17:00:00Z	119	Early	119	early	2020-04-28T18:00:00Z	125.66666666666667	-6.666666666666671	164	227	210	36.226256035394904	35.71266458143843	71.93892061683334	NA	27	NA	NA	NA	NA	6.171875	185.38037645625002	4.428888888888889
BV	2020-07-16T00:00:00Z	5D	242	NA	NA	NA	NA	NA	NA	bud popped out	2020	5D242	5	D				NA	vegetative > vegetative > flowering	vegetative	vegetative	flowering	FALSE	Control	Control	2020-04-28T20:00:00Z	119	2020-04-28T17:00:00Z	119	Early	119	early	2020-04-28T18:00:00Z	125.66666666666667	-6.666666666666671	164	227	210	36.226256035394904	35.71266458143843	71.93892061683334	NA	NA	NA	NA	NA	NA	NA	NA	4.428888888888889
BV	2020-07-16T00:00:00Z	5B	300	NA	NA	NA	NA	NA	NA	NA	2020	5B300	5	B				NA	vegetative > vegetative > flowering	vegetative	vegetative	flowering	FALSE	Control	Mock rainout	2020-04-28T20:00:00Z	119	2020-04-28T17:00:00Z	119	Early	119	early	2020-04-28T18:00:00Z	125.66666666666667	-6.666666666666671	164	227	210	36.226256035394904	35.71266458143843	71.93892061683334	NA	27	NA	NA	NA	NA	2.03125	61.0112631375	4.8133333333333335
BV	2020-07-16T00:00:00Z	5D	250	NA	NA	NA	NA	NA	NA	NA	2020	5D250	5	D				NA	vegetative > vegetative > flowering	vegetative	vegetative	flowering	FALSE	Control	Control	2020-04-28T20:00:00Z	119	2020-04-28T17:00:00Z	119	Early	119	early	2020-04-28T18:00:00Z	125.66666666666667	-6.666666666666671	164	227	210	36.226256035394904	35.71266458143843	71.93892061683334	NA	29	1899-12-30T10:30:00Z	NA	NA	NA	1.328125	43.2091513875	4.428888888888889
BV	2020-07-16T00:00:00Z	5D	268	NA	NA	NA	NA	NA	NA	NA	2020	5D268	5	D				NA	vegetative > vegetative > flowering	vegetative	vegetative	flowering	FALSE	Control	Control	2020-04-28T20:00:00Z	119	2020-04-28T17:00:00Z	119	Early	119	early	2020-04-28T18:00:00Z	125.66666666666667	-6.666666666666671	164	227	210	36.226256035394904	35.71266458143843	71.93892061683334	NA	27	NA	NA	NA	NA	1.484375	44.585153831250004	4.428888888888889
BV	2020-07-16T00:00:00Z	5D	269_20	NA	NA	NA	NA	NA	NA	NA	2020	5D269_20	5	D		census20 pheno20 floral20 volatiles20 seeds20		NA	vegetative > dead_nf > dead_nf	vegetative	dead_nf	dead_nf	TRUE	Control	Control	2020-04-28T20:00:00Z	119	2020-04-28T17:00:00Z	119	Early	119	early	2020-04-28T18:00:00Z	125.66666666666667	-6.666666666666671	164	227	210	36.226256035394904	35.71266458143843	71.93892061683334	NA	42.5	NA	NA	NA	NA	0.15625	7.89712587890625	4.428888888888889
BV	2020-07-16T00:00:00Z	5D	274	NA	NA	NA	NA	NA	NA	no nectar	2020	5D274	5	D				NA	vegetative > vegetative > flowering	vegetative	vegetative	flowering	FALSE	Control	Control	2020-04-28T20:00:00Z	119	2020-04-28T17:00:00Z	119	Early	119	early	2020-04-28T18:00:00Z	125.66666666666667	-6.666666666666671	164	227	210	36.226256035394904	35.71266458143843	71.93892061683334	NA	NA	NA	NA	NA	NA	0	NA	4.428888888888889
BV	2020-07-16T00:00:00Z	4A	107	NA	NA	NA	NA	NA	NA	broken flower	2020	4A107	4	A				NA	vegetative > vegetative > flowering	vegetative	vegetative	flowering	FALSE	Addition	Addition	2020-04-30T19:00:00Z	121	2020-04-28T18:00:00Z	119	Early	119	early	2020-04-28T18:00:00Z	125.66666666666667	-4.666666666666671	164	227	210	36.226256035394904	116.21266458143843	152.43892061683334	1899-12-30T09:50:00Z	23	NA	NA	NA	NA	1.171875	29.48920059375	6.6466666666666665
BV	2020-07-16T00:00:00Z	4B	596	NA	NA	NA	NA	NA	NA	NA	2020	4B596	4	B				NA	vegetative > vegetative > flowering	vegetative	vegetative	flowering	FALSE	Control	Mock rainout	2020-04-30T19:00:00Z	121	2020-04-28T18:00:00Z	119	Early	119	early	2020-04-28T18:00:00Z	125.66666666666667	-4.666666666666671	164	227	210	36.226256035394904	35.71266458143843	71.93892061683334	NA	24	NA	NA	NA	NA	2.265625	59.737871399999996	4.964444444444444
BV	2020-07-16T00:00:00Z	4B	594	NA	NA	NA	NA	NA	NA	NA	2020	4B594	4	B				NA	vegetative > vegetative > flowering	vegetative	vegetative	flowering	FALSE	Control	Mock rainout	2020-04-30T19:00:00Z	121	2020-04-28T18:00:00Z	119	Early	119	early	2020-04-28T18:00:00Z	125.66666666666667	-4.666666666666671	164	227	210	36.226256035394904	35.71266458143843	71.93892061683334	NA	35	1899-12-30T11:36:00Z	NA	NA	NA	2.8125	113.297821875	4.964444444444444
BV	2020-07-16T00:00:00Z	4A	110	NA	NA	NA	NA	NA	NA	NA	2020	4A110	4	A				NA	vegetative > vegetative > flowering	vegetative	vegetative	flowering	FALSE	Addition	Addition	2020-04-30T19:00:00Z	121	2020-04-28T18:00:00Z	119	Early	119	early	2020-04-28T18:00:00Z	125.66666666666667	-4.666666666666671	164	227	210	36.226256035394904	116.21266458143843	152.43892061683334	NA	28	NA	NA	NA	NA	2.109375	65.98106235	6.6466666666666665
BV	2020-07-16T00:00:00Z	4A	121	NA	NA	NA	NA	NA	NA	bud popped out	2020	4A121	4	A				NA	vegetative > vegetative > flowering	vegetative	vegetative	flowering	FALSE	Addition	Addition	2020-04-30T19:00:00Z	121	2020-04-28T18:00:00Z	119	Early	119	early	2020-04-28T18:00:00Z	125.66666666666667	-4.666666666666671	164	227	210	36.226256035394904	116.21266458143843	152.43892061683334	NA	NA	NA	NA	NA	NA	NA	NA	6.6466666666666665
BV	2020-07-16T00:00:00Z	4A	91	NA	NA	NA	NA	NA	NA	NA	2020	4A91	4	A				NA	vegetative > vegetative > flowering	vegetative	vegetative	flowering	FALSE	Addition	Addition	2020-04-30T19:00:00Z	121	2020-04-28T18:00:00Z	119	Early	119	early	2020-04-28T18:00:00Z	125.66666666666667	-4.666666666666671	164	227	210	36.226256035394904	116.21266458143843	152.43892061683334	NA	29	NA	NA	NA	NA	1.796875	58.45944011249999	6.6466666666666665
BV	2020-07-16T00:00:00Z	4C	192	NA	NA	NA	NA	NA	NA	NA	2020	4C192	4	C				NA	vegetative > vegetative > flowering	vegetative	vegetative	flowering	FALSE	Control	Control	2020-04-30T19:00:00Z	121	2020-04-28T18:00:00Z	119	Early	119	early	2020-04-28T18:00:00Z	125.66666666666667	-4.666666666666671	164	227	210	36.226256035394904	35.71266458143843	71.93892061683334	NA	31	NA	NA	NA	NA	4.84375	169.88869123749998	5.066666666666666
BV	2020-07-16T00:00:00Z	4C	195	NA	NA	NA	NA	NA	NA	not enough for conc	2020	4C195	4	C				NA	vegetative > vegetative > flowering	vegetative	vegetative	flowering	FALSE	Control	Control	2020-04-30T19:00:00Z	121	2020-04-28T18:00:00Z	119	Early	119	early	2020-04-28T18:00:00Z	125.66666666666667	-4.666666666666671	164	227	210	36.226256035394904	35.71266458143843	71.93892061683334	NA	NA	NA	NA	NA	NA	0.15625	NA	5.066666666666666
BV	2020-07-16T00:00:00Z	4C	196	NA	NA	NA	NA	NA	NA	NA	2020	4C196	4	C				NA	vegetative > vegetative > flowering	vegetative	vegetative	flowering	FALSE	Control	Control	2020-04-30T19:00:00Z	121	2020-04-28T18:00:00Z	119	Early	119	early	2020-04-28T18:00:00Z	125.66666666666667	-4.666666666666671	164	227	210	36.226256035394904	35.71266458143843	71.93892061683334	NA	26	NA	NA	NA	NA	1.25	36.0038094	5.066666666666666
BV	2020-07-16T00:00:00Z	4C	120	NA	NA	NA	NA	NA	NA	NA	2020	4C120	4	C				NA	vegetative > vegetative > flowering	vegetative	vegetative	flowering	FALSE	Control	Control	2020-04-30T19:00:00Z	121	2020-04-28T18:00:00Z	119	Early	119	early	2020-04-28T18:00:00Z	125.66666666666667	-4.666666666666671	164	227	210	36.226256035394904	35.71266458143843	71.93892061683334	1899-12-30T10:00:00Z	41	NA	NA	NA	NA	2.34375	113.5248795	5.066666666666666
BV	2020-07-16T00:00:00Z	4C	213	NA	NA	NA	NA	NA	NA	NA	2020	4C213	4	C				NA	vegetative > vegetative > flowering	vegetative	vegetative	flowering	FALSE	Control	Control	2020-04-30T19:00:00Z	121	2020-04-28T18:00:00Z	119	Early	119	early	2020-04-28T18:00:00Z	125.66666666666667	-4.666666666666671	164	227	210	36.226256035394904	35.71266458143843	71.93892061683334	NA	30.5	NA	NA	NA	NA	2.734375	94.15773080273439	5.066666666666666
BV	2020-07-16T00:00:00Z	4A	85	NA	NA	NA	NA	NA	NA	bud popped out	2020	4A85	4	A				NA	vegetative > vegetative > flowering	vegetative	vegetative	flowering	FALSE	Addition	Addition	2020-04-30T19:00:00Z	121	2020-04-28T18:00:00Z	119	Early	119	early	2020-04-28T18:00:00Z	125.66666666666667	-4.666666666666671	164	227	210	36.226256035394904	116.21266458143843	152.43892061683334	NA	NA	NA	NA	NA	NA	NA	NA	6.6466666666666665
BV	2020-07-16T00:00:00Z	4A	80	NA	NA	NA	NA	NA	NA	NA	2020	4A80	4	A				NA	vegetative > vegetative > flowering	vegetative	vegetative	flowering	FALSE	Addition	Addition	2020-04-30T19:00:00Z	121	2020-04-28T18:00:00Z	119	Early	119	early	2020-04-28T18:00:00Z	125.66666666666667	-4.666666666666671	164	227	210	36.226256035394904	116.21266458143843	152.43892061683334	NA	22	NA	NA	NA	NA	2.65625	63.673130674999996	6.6466666666666665
BV	2020-07-16T00:00:00Z	4A	124	NA	NA	NA	NA	NA	NA	NA	2020	4A124	4	A				NA	vegetative > flowering > flowering	vegetative	flowering	flowering	FALSE	Addition	Addition	2020-04-30T19:00:00Z	121	2020-04-28T18:00:00Z	119	Early	119	early	2020-04-28T18:00:00Z	125.66666666666667	-4.666666666666671	164	227	210	36.226256035394904	116.21266458143843	152.43892061683334	NA	24	NA	NA	NA	NA	1.171875	30.898899	6.6466666666666665
BV	2020-07-16T00:00:00Z	4D	36_20	NA	NA	NA	NA	NA	NA	NA	2020	4D36_20	4	D		floral20		NA	flowering > dead_nf > dead_nf	flowering	dead_nf	dead_nf	TRUE	Reduction	Reduction	2020-04-30T19:00:00Z	121	2020-04-28T18:00:00Z	119	Early	119	early	2020-04-28T18:00:00Z	125.66666666666667	-4.666666666666671	164	227	210	36.226256035394904	17.856332290719216	54.08258832611412	NA	27.5	1899-12-30T11:51:00Z	NA	NA	NA	2.890625	88.61735405273437	4.1466666666666665
BV	2020-07-16T00:00:00Z	4D	52	NA	NA	NA	NA	NA	NA	NA	2020	4D52	4	D				NA	vegetative > vegetative > flowering	vegetative	vegetative	flowering	FALSE	Reduction	Reduction	2020-04-30T19:00:00Z	121	2020-04-28T18:00:00Z	119	Early	119	early	2020-04-28T18:00:00Z	125.66666666666667	-4.666666666666671	164	227	210	36.226256035394904	17.856332290719216	54.08258832611412	NA	38	NA	NA	NA	NA	3.203125	141.9256302375	4.1466666666666665
BV	2020-07-16T00:00:00Z	4D	49	NA	NA	NA	NA	NA	NA	dead bud	2020	4D49	4	D				NA	vegetative > vegetative > flowering	vegetative	vegetative	flowering	FALSE	Reduction	Reduction	2020-04-30T19:00:00Z	121	2020-04-28T18:00:00Z	119	Early	119	early	2020-04-28T18:00:00Z	125.66666666666667	-4.666666666666671	164	227	210	36.226256035394904	17.856332290719216	54.08258832611412	NA	NA	1899-12-30T11:59:00Z	NA	NA	NA	NA	NA	4.1466666666666665
BV	2020-07-16T00:00:00Z	1B	649	NA	NA	NA	NA	NA	NA	bent stalk	2020	1B649	1	B				NA	vegetative > vegetative > flowering	vegetative	vegetative	flowering	FALSE	Control	Control	2020-05-04T15:00:00Z	125	2020-05-02T18:00:00Z	123	Normal	125	normal	2020-05-04T18:00:00Z	125.66666666666667	-0.6666666666666714	164	227	210	36.06919700654431	35.71266458143843	71.78186158798275	1899-12-30T10:08:00Z	25	1899-12-30T08:30:00Z	NA	NA	NA	0.625	17.2375	5.817777777777778
BV	2020-07-16T00:00:00Z	1C	60	NA	NA	NA	NA	NA	NA	NA	2020	1C60	1	C				NA	vegetative > vegetative > flowering	vegetative	vegetative	flowering	FALSE	Control	Mock rainout	2020-05-04T15:00:00Z	125	2020-05-02T18:00:00Z	123	Normal	125	normal	2020-05-04T18:00:00Z	125.66666666666667	-0.6666666666666714	164	227	210	36.06919700654431	35.71266458143843	71.78186158798275	1899-12-30T10:13:00Z	28	NA	NA	NA	NA	1.484375	46.43111795	5.58
BV	2020-07-16T00:00:00Z	1C	46	NA	NA	NA	NA	NA	NA	NA	2020	1C46	1	C				NA	vegetative > vegetative > flowering	vegetative	vegetative	flowering	FALSE	Control	Mock rainout	2020-05-04T15:00:00Z	125	2020-05-02T18:00:00Z	123	Normal	125	normal	2020-05-04T18:00:00Z	125.66666666666667	-0.6666666666666714	164	227	210	36.06919700654431	35.71266458143843	71.78186158798275	1899-12-30T10:16:00Z	28.5	1899-12-30T08:41:00Z	NA	NA	NA	2.34375	74.77879229296875	5.58
BV	2020-07-16T00:00:00Z	1C	63	NA	NA	NA	NA	NA	NA	bud popped out	2020	1C63	1	C				NA	vegetative > vegetative > flowering	vegetative	vegetative	flowering	FALSE	Control	Mock rainout	2020-05-04T15:00:00Z	125	2020-05-02T18:00:00Z	123	Normal	125	normal	2020-05-04T18:00:00Z	125.66666666666667	-0.6666666666666714	164	227	210	36.06919700654431	35.71266458143843	71.78186158798275	1899-12-30T10:16:00Z	NA	NA	NA	NA	NA	NA	NA	5.58
BV	2020-07-16T00:00:00Z	1D	20	NA	NA	NA	NA	NA	NA	NA	2020	1D20	1	D				NA	vegetative > vegetative > flowering	vegetative	vegetative	flowering	FALSE	Reduction	Reduction	2020-05-04T15:00:00Z	125	2020-05-02T18:00:00Z	123	Normal	125	normal	2020-05-04T18:00:00Z	125.66666666666667	-0.6666666666666714	164	227	210	36.06919700654431	17.856332290719216	53.92552929726352	1899-12-30T10:18:00Z	23	NA	NA	NA	NA	0.46875	11.795680237500001	4.728888888888889
BV	2020-07-16T00:00:00Z	2B	81	NA	NA	NA	NA	NA	NA	NA	2020	2B81	2	B				NA	vegetative > vegetative > flowering	vegetative	vegetative	flowering	FALSE	Control	Mock rainout	2020-04-29T17:00:00Z	120	2020-04-28T19:00:00Z	119	Early	120	early	2020-04-29T18:00:00Z	125.66666666666667	-5.666666666666671	164	227	210	36.226256035394904	35.71266458143843	71.93892061683334	1899-12-30T10:22:00Z	20	NA	NA	NA	NA	1.953125	42.21515625000001	5.586666666666667
BV	2020-07-16T00:00:00Z	2B	89	NA	NA	NA	NA	NA	NA	NA	2020	2B89	2	B				NA	vegetative > vegetative > flowering	vegetative	vegetative	flowering	FALSE	Control	Mock rainout	2020-04-29T17:00:00Z	120	2020-04-28T19:00:00Z	119	Early	120	early	2020-04-29T18:00:00Z	125.66666666666667	-5.666666666666671	164	227	210	36.226256035394904	35.71266458143843	71.93892061683334	1899-12-30T10:23:00Z	25.5	NA	NA	NA	NA	2.265625	63.868542666796884	5.586666666666667
BV	2020-07-16T00:00:00Z	2B	185	NA	NA	NA	NA	NA	NA	NA	2020	2B185	2	B				NA	vegetative > vegetative > flowering	vegetative	vegetative	flowering	FALSE	Control	Mock rainout	2020-04-29T17:00:00Z	120	2020-04-28T19:00:00Z	119	Early	120	early	2020-04-29T18:00:00Z	125.66666666666667	-5.666666666666671	164	227	210	36.226256035394904	35.71266458143843	71.93892061683334	1899-12-30T10:26:00Z	23.5	NA	NA	NA	NA	1.71875	44.28247053828125	5.586666666666667
BV	2020-07-16T00:00:00Z	2B	190	NA	NA	NA	NA	NA	NA	NA	2020	2B190	2	B				NA	vegetative > vegetative > flowering	vegetative	vegetative	flowering	FALSE	Control	Mock rainout	2020-04-29T17:00:00Z	120	2020-04-28T19:00:00Z	119	Early	120	early	2020-04-29T18:00:00Z	125.66666666666667	-5.666666666666671	164	227	210	36.226256035394904	35.71266458143843	71.93892061683334	1899-12-30T10:28:00Z	27	1899-12-30T09:00:00Z	NA	NA	NA	3.046875	91.51689470625001	5.586666666666667
BV	2020-07-16T00:00:00Z	2C	297_20	NA	NA	NA	NA	NA	NA	NA	2020	2C297_20	2	C		census20 pheno20 floral20 volatiles20 seeds20		NA	vegetative > dead_nf > dead_nf	vegetative	dead_nf	dead_nf	TRUE	Reduction	Reduction	2020-04-29T17:00:00Z	120	2020-04-28T19:00:00Z	119	Early	120	early	2020-04-29T18:00:00Z	125.66666666666667	-5.666666666666671	164	227	210	36.226256035394904	17.856332290719216	54.08258832611412	1899-12-30T10:28:00Z	29	NA	NA	NA	NA	4.53125	147.419457675	4.644444444444445
BV	2020-07-16T00:00:00Z	2D	187	NA	NA	NA	NA	NA	NA	NA	2020	2D187	2	D				NA	vegetative > vegetative > flowering	vegetative	vegetative	flowering	FALSE	Addition	Addition	2020-04-29T17:00:00Z	120	2020-04-28T19:00:00Z	119	Early	120	early	2020-04-29T18:00:00Z	125.66666666666667	-5.666666666666671	164	227	210	36.226256035394904	116.21266458143843	152.43892061683334	1899-12-30T10:30:00Z	29	NA	NA	NA	NA	3.125	101.66859149999999	7.424444444444444
AP	2020-07-22T00:00:00Z	6A	188	NA	NA	NA	NA	NA	NA	NA	2020	6A188	6	A				NA	NA	NA	NA	NA	FALSE	Control	Control	2020-05-06T18:00:00Z	127	2020-05-05T19:00:00Z	126	Normal	127	normal	2020-05-06T18:00:00Z	125.66666666666667	1.3333333333333286	164	227	210	36.06919700654431	35.71266458143843	71.78186158798275	1899-12-30T09:40:00Z	32.5	1899-12-30T10:43:00Z	NA	NA	NA	1.09375	40.47631123046875	4.7155555555555555
AP	2020-07-22T00:00:00Z	6C	96	NA	NA	NA	NA	NA	NA	plant could have been 99	2020	6C96	6	C				NA	vegetative > flowering > flowering	vegetative	flowering	flowering	FALSE	Control	Mock rainout	2020-05-06T18:00:00Z	127	2020-05-05T19:00:00Z	126	Normal	127	normal	2020-05-06T18:00:00Z	125.66666666666667	1.3333333333333286	164	227	210	36.06919700654431	35.71266458143843	71.78186158798275	1899-12-30T09:48:00Z	32.5	1899-12-30T10:39:00Z	NA	NA	NA	2.34375	86.73495263671876	5.2444444444444445
AP	2020-07-22T00:00:00Z	6C	121	NA	NA	NA	NA	NA	NA	NA	2020	6C121	6	C				NA	vegetative > vegetative > flowering	vegetative	vegetative	flowering	FALSE	Control	Mock rainout	2020-05-06T18:00:00Z	127	2020-05-05T19:00:00Z	126	Normal	127	normal	2020-05-06T18:00:00Z	125.66666666666667	1.3333333333333286	164	227	210	36.06919700654431	35.71266458143843	71.78186158798275	1899-12-30T09:49:00Z	30.5	NA	NA	NA	NA	2.34375	80.70662640234376	5.2444444444444445
AP	2020-07-22T00:00:00Z	6D	48	NA	NA	NA	NA	NA	NA	NA	2020	6D48	6	D				NA	vegetative > vegetative > flowering	vegetative	vegetative	flowering	FALSE	Addition	Addition	2020-05-06T18:00:00Z	127	2020-05-05T19:00:00Z	126	Normal	127	normal	2020-05-06T18:00:00Z	125.66666666666667	1.3333333333333286	164	227	210	36.06919700654431	116.21266458143843	152.28186158798275	1899-12-30T09:54:00Z	19	1899-12-30T10:37:00Z	NA	NA	NA	3.28125	67.1018698875	7.590888888888889
AP	2020-07-22T00:00:00Z	5A	202	NA	NA	NA	NA	NA	NA	NA	2020	5A202	5	A				NA	vegetative > flowering > flowering	vegetative	flowering	flowering	FALSE	Addition	Addition	2020-04-28T20:00:00Z	119	2020-04-28T17:00:00Z	119	Early	119	early	2020-04-28T18:00:00Z	125.66666666666667	-6.666666666666671	164	227	210	36.226256035394904	116.21266458143843	152.43892061683334	1899-12-30T09:59:00Z	30	1899-12-30T10:25:00Z	NA	NA	NA	3.125	105.62043749999998	6.266666666666667
AP	2020-07-22T00:00:00Z	5B	289	NA	NA	NA	NA	NA	NA	NA	2020	5B289	5	B				NA	vegetative > vegetative > flowering	vegetative	vegetative	flowering	FALSE	Control	Mock rainout	2020-04-28T20:00:00Z	119	2020-04-28T17:00:00Z	119	Early	119	early	2020-04-28T18:00:00Z	125.66666666666667	-6.666666666666671	164	227	210	36.226256035394904	35.71266458143843	71.93892061683334	1899-12-30T10:01:00Z	28	1899-12-30T10:27:00Z	NA	NA	NA	3.59375	112.4121803	4.8133333333333335
AP	2020-07-22T00:00:00Z	5C	217	NA	NA	NA	NA	NA	NA	NA	2020	5C217	5	C				NA	vegetative > flowering > flowering	vegetative	flowering	flowering	FALSE	Reduction	Reduction	2020-04-28T20:00:00Z	119	2020-04-28T17:00:00Z	119	Early	119	early	2020-04-28T18:00:00Z	125.66666666666667	-6.666666666666671	164	227	210	36.226256035394904	17.856332290719216	54.08258832611412	1899-12-30T10:07:00Z	29	1899-12-30T10:32:00Z	NA	NA	NA	1.09375	35.584007025	4.688888888888889
AP	2020-07-22T00:00:00Z	5D	273	NA	NA	NA	NA	NA	NA	NA	2020	5D273	5	D		pheno19		NA	vegetative > vegetative > flowering	vegetative	vegetative	flowering	FALSE	Control	Control	2020-04-28T20:00:00Z	119	2020-04-28T17:00:00Z	119	Early	119	early	2020-04-28T18:00:00Z	125.66666666666667	-6.666666666666671	164	227	210	36.226256035394904	35.71266458143843	71.93892061683334	1899-12-30T10:12:00Z	30	1899-12-30T10:31:00Z	NA	NA	NA	2.578125	87.13686093749999	4.428888888888889
AP	2020-07-22T00:00:00Z	4A	101	NA	NA	NA	NA	NA	NA	NA	2020	4A101	4	A				NA	vegetative > vegetative > flowering	vegetative	vegetative	flowering	FALSE	Addition	Addition	2020-04-30T19:00:00Z	121	2020-04-28T18:00:00Z	119	Early	119	early	2020-04-28T18:00:00Z	125.66666666666667	-4.666666666666671	164	227	210	36.226256035394904	116.21266458143843	152.43892061683334	1899-12-30T10:15:00Z	27	1899-12-30T10:19:00Z	NA	NA	NA	1.796875	53.971502006250006	6.6466666666666665
AP	2020-07-22T00:00:00Z	4C	187	NA	NA	NA	NA	NA	NA	no nectar	2020	4C187	4	C				NA	vegetative > vegetative > flowering	vegetative	vegetative	flowering	FALSE	Control	Control	2020-04-30T19:00:00Z	121	2020-04-28T18:00:00Z	119	Early	119	early	2020-04-28T18:00:00Z	125.66666666666667	-4.666666666666671	164	227	210	36.226256035394904	35.71266458143843	71.93892061683334	1899-12-30T10:20:00Z	NA	NA	NA	NA	NA	0	NA	5.066666666666666
AP	2020-07-22T00:00:00Z	4D	37	NA	NA	NA	NA	NA	NA	NA	2020	4D37	4	D				NA	vegetative > vegetative > flowering	vegetative	vegetative	flowering	FALSE	Reduction	Reduction	2020-04-30T19:00:00Z	121	2020-04-28T18:00:00Z	119	Early	119	early	2020-04-28T18:00:00Z	125.66666666666667	-4.666666666666671	164	227	210	36.226256035394904	17.856332290719216	54.08258832611412	1899-12-30T10:22:00Z	31	1899-12-30T09:56:00Z	NA	NA	NA	3.28125	115.08588761249999	4.1466666666666665
AP	2020-07-22T00:00:00Z	3A	273	NA	NA	NA	NA	NA	NA	NA	2020	3A273	3	A				NA	vegetative > vegetative > flowering	vegetative	vegetative	flowering	FALSE	Reduction	Reduction	2020-05-04T21:00:00Z	125	2020-05-04T15:00:00Z	125	Normal	126	normal	2020-05-05T18:00:00Z	125.66666666666667	-0.6666666666666714	164	227	210	36.06919700654431	17.856332290719216	53.92552929726352	1899-12-30T10:26:00Z	38.5	1899-12-30T09:57:00Z	NA	NA	NA	3.203125	144.10641608945312	4.573333333333333
AP	2020-07-22T00:00:00Z	3A	641	NA	NA	NA	NA	NA	NA	NA	2020	3A641	3	A				NA	vegetative > vegetative > flowering	vegetative	vegetative	flowering	FALSE	Reduction	Reduction	2020-05-04T21:00:00Z	125	2020-05-04T15:00:00Z	125	Normal	126	normal	2020-05-05T18:00:00Z	125.66666666666667	-0.6666666666666714	164	227	210	36.06919700654431	17.856332290719216	53.92552929726352	1899-12-30T10:31:00Z	32	1899-12-30T10:01:00Z	NA	NA	NA	2.265625	82.3777248	4.573333333333333
AP	2020-07-22T00:00:00Z	3B	828	NA	NA	NA	NA	NA	NA	NA	2020	3B828	3	B				NA	vegetative > vegetative > flowering	vegetative	vegetative	flowering	FALSE	Control	Mock rainout	2020-05-04T21:00:00Z	125	2020-05-04T15:00:00Z	125	Normal	126	normal	2020-05-05T18:00:00Z	125.66666666666667	-0.6666666666666714	164	227	210	36.06919700654431	35.71266458143843	71.78186158798275	1899-12-30T10:34:00Z	28	1899-12-30T10:07:00Z	NA	NA	NA	2.734375	85.53100674999999	5.1466666666666665
AP	2020-07-22T00:00:00Z	3B	603	NA	NA	NA	NA	NA	NA	NA	2020	3B603	3	B				NA	vegetative > vegetative > flowering	vegetative	vegetative	flowering	FALSE	Control	Mock rainout	2020-05-04T21:00:00Z	125	2020-05-04T15:00:00Z	125	Normal	126	normal	2020-05-05T18:00:00Z	125.66666666666667	-0.6666666666666714	164	227	210	36.06919700654431	35.71266458143843	71.78186158798275	1899-12-30T10:36:00Z	26.5	1899-12-30T10:08:00Z	NA	NA	NA	3.984375	117.21392357460938	5.1466666666666665
AP	2020-07-22T00:00:00Z	3C	174	NA	NA	NA	NA	NA	NA	NA	2020	3C174	3	C			pheno20 floral20	3C174	vegetative > vegetative > flowering	vegetative	vegetative	flowering	TRUE	Addition	Addition	2020-05-04T21:00:00Z	125	2020-05-04T15:00:00Z	125	Normal	126	normal	2020-05-05T18:00:00Z	125.66666666666667	-0.6666666666666714	164	227	210	36.06919700654431	116.21266458143843	152.28186158798275	1899-12-30T10:39:00Z	22.5	1899-12-30T10:11:00Z	NA	NA	NA	2.265625	55.65816079101562	6.5777777777777775
AP	2020-07-22T00:00:00Z	3C	166	NA	NA	NA	NA	NA	NA	NA	2020	3C166	3	C				NA	vegetative > vegetative > flowering	vegetative	vegetative	flowering	FALSE	Addition	Addition	2020-05-04T21:00:00Z	125	2020-05-04T15:00:00Z	125	Normal	126	normal	2020-05-05T18:00:00Z	125.66666666666667	-0.6666666666666714	164	227	210	36.06919700654431	116.21266458143843	152.28186158798275	1899-12-30T10:42:00Z	26	1899-12-30T10:12:00Z	NA	NA	NA	1.40625	40.504285575000004	6.5777777777777775
AP	2020-07-22T00:00:00Z	3D	876	NA	NA	NA	NA	NA	NA	NA	2020	3D876	3	D				NA	vegetative > vegetative > flowering	vegetative	vegetative	flowering	FALSE	Control	Control	2020-05-04T21:00:00Z	125	2020-05-04T15:00:00Z	125	Normal	126	normal	2020-05-05T18:00:00Z	125.66666666666667	-0.6666666666666714	164	227	210	36.06919700654431	35.71266458143843	71.78186158798275	1899-12-30T10:45:00Z	27	1899-12-30T10:13:00Z	NA	NA	NA	3.59375	107.94300401250001	5.737777777777778
BV	2020-07-22T00:00:00Z	1A	235	NA	NA	NA	NA	NA	NA	NA	2020	1A235	1	A		floral18		NA	vegetative > vegetative > flowering	vegetative	vegetative	flowering	FALSE	Addition	Addition	2020-05-04T15:00:00Z	125	2020-05-02T18:00:00Z	123	Normal	125	normal	2020-05-04T18:00:00Z	125.66666666666667	-0.6666666666666714	164	227	210	36.06919700654431	116.21266458143843	152.28186158798275	1899-12-30T09:11:00Z	29	1899-12-30T08:20:00Z	NA	NA	NA	2.578125	83.87658798749999	7.731111111111111
BV	2020-07-22T00:00:00Z	1A	233	NA	NA	NA	NA	NA	NA	NA	2020	1A233	1	A				NA	vegetative > vegetative > flowering	vegetative	vegetative	flowering	FALSE	Addition	Addition	2020-05-04T15:00:00Z	125	2020-05-02T18:00:00Z	123	Normal	125	normal	2020-05-04T18:00:00Z	125.66666666666667	-0.6666666666666714	164	227	210	36.06919700654431	116.21266458143843	152.28186158798275	1899-12-30T09:12:00Z	19.5	1899-12-30T08:21:00Z	NA	NA	NA	0.546875	11.501295167578125	7.731111111111111
BV	2020-07-22T00:00:00Z	1A	231	NA	NA	NA	NA	NA	NA	NA	2020	1A231	1	A				NA	vegetative > vegetative > flowering	vegetative	vegetative	flowering	FALSE	Addition	Addition	2020-05-04T15:00:00Z	125	2020-05-02T18:00:00Z	123	Normal	125	normal	2020-05-04T18:00:00Z	125.66666666666667	-0.6666666666666714	164	227	210	36.06919700654431	116.21266458143843	152.28186158798275	1899-12-30T09:14:00Z	29	1899-12-30T08:22:00Z	NA	NA	NA	4.0625	132.16916894999997	7.731111111111111
BV	2020-07-22T00:00:00Z	1A	240	NA	NA	NA	NA	NA	NA	NA	2020	1A240	1	A				NA	vegetative > vegetative > flowering	vegetative	vegetative	flowering	FALSE	Addition	Addition	2020-05-04T15:00:00Z	125	2020-05-02T18:00:00Z	123	Normal	125	normal	2020-05-04T18:00:00Z	125.66666666666667	-0.6666666666666714	164	227	210	36.06919700654431	116.21266458143843	152.28186158798275	1899-12-30T09:15:00Z	29	1899-12-30T08:25:00Z	NA	NA	NA	4.296875	139.79431331249998	7.731111111111111
BV	2020-07-22T00:00:00Z	1A	230	NA	NA	NA	NA	NA	NA	NA	2020	1A230	1	A				NA	vegetative > vegetative > flowering	vegetative	vegetative	flowering	FALSE	Addition	Addition	2020-05-04T15:00:00Z	125	2020-05-02T18:00:00Z	123	Normal	125	normal	2020-05-04T18:00:00Z	125.66666666666667	-0.6666666666666714	164	227	210	36.06919700654431	116.21266458143843	152.28186158798275	1899-12-30T09:17:00Z	26	1899-12-30T08:31:00Z	NA	NA	NA	1.875	54.0057141	7.731111111111111
BV	2020-07-22T00:00:00Z	1A	243	NA	NA	NA	NA	NA	NA	NA	2020	1A243	1	A				NA	vegetative > vegetative > flowering	vegetative	vegetative	flowering	FALSE	Addition	Addition	2020-05-04T15:00:00Z	125	2020-05-02T18:00:00Z	123	Normal	125	normal	2020-05-04T18:00:00Z	125.66666666666667	-0.6666666666666714	164	227	210	36.06919700654431	116.21266458143843	152.28186158798275	1899-12-30T09:18:00Z	30.5	1899-12-30T08:32:00Z	NA	NA	NA	2.890625	99.53817256289064	7.731111111111111
BV	2020-07-22T00:00:00Z	1A	255	NA	NA	NA	NA	NA	NA	NO NECTAR	2020	1A255	1	A				NA	vegetative > vegetative > flowering	vegetative	vegetative	flowering	FALSE	Addition	Addition	2020-05-04T15:00:00Z	125	2020-05-02T18:00:00Z	123	Normal	125	normal	2020-05-04T18:00:00Z	125.66666666666667	-0.6666666666666714	164	227	210	36.06919700654431	116.21266458143843	152.28186158798275	1899-12-30T09:18:00Z	NA	NA	NA	NA	NA	0	NA	7.731111111111111
BV	2020-07-22T00:00:00Z	1A	251	NA	NA	NA	NA	NA	NA	NO NECTAR	2020	1A251	1	A				NA	vegetative > vegetative > flowering	vegetative	vegetative	flowering	FALSE	Addition	Addition	2020-05-04T15:00:00Z	125	2020-05-02T18:00:00Z	123	Normal	125	normal	2020-05-04T18:00:00Z	125.66666666666667	-0.6666666666666714	164	227	210	36.06919700654431	116.21266458143843	152.28186158798275	1899-12-30T09:25:00Z	NA	NA	NA	NA	NA	0	NA	7.731111111111111
BV	2020-07-22T00:00:00Z	1B	658	NA	NA	NA	NA	NA	NA	NA	2020	1B658	1	B				NA	vegetative > vegetative > flowering	vegetative	vegetative	flowering	FALSE	Control	Control	2020-05-04T15:00:00Z	125	2020-05-02T18:00:00Z	123	Normal	125	normal	2020-05-04T18:00:00Z	125.66666666666667	-0.6666666666666714	164	227	210	36.06919700654431	35.71266458143843	71.78186158798275	1899-12-30T09:26:00Z	28	NA	NA	NA	NA	1.171875	36.65614575	5.817777777777778
BV	2020-07-22T00:00:00Z	1B	656	NA	NA	NA	NA	NA	NA	NA	2020	1B656	1	B				NA	vegetative > vegetative > flowering	vegetative	vegetative	flowering	FALSE	Control	Control	2020-05-04T15:00:00Z	125	2020-05-02T18:00:00Z	123	Normal	125	normal	2020-05-04T18:00:00Z	125.66666666666667	-0.6666666666666714	164	227	210	36.06919700654431	35.71266458143843	71.78186158798275	1899-12-30T09:27:00Z	26	NA	NA	NA	NA	1.015625	29.2530951375	5.817777777777778
BV	2020-07-22T00:00:00Z	1B	672	NA	NA	NA	NA	NA	NA	NA	2020	1B672	1	B				NA	vegetative > vegetative > flowering	vegetative	vegetative	flowering	FALSE	Control	Control	2020-05-04T15:00:00Z	125	2020-05-02T18:00:00Z	123	Normal	125	normal	2020-05-04T18:00:00Z	125.66666666666667	-0.6666666666666714	164	227	210	36.06919700654431	35.71266458143843	71.78186158798275	1899-12-30T09:29:00Z	32.5	NA	NA	NA	NA	3.046875	112.75543842773438	5.817777777777778
BV	2020-07-22T00:00:00Z	1B	650	NA	NA	NA	NA	NA	NA	NA	2020	1B650	1	B				NA	vegetative > vegetative > flowering	vegetative	vegetative	flowering	FALSE	Control	Control	2020-05-04T15:00:00Z	125	2020-05-02T18:00:00Z	123	Normal	125	normal	2020-05-04T18:00:00Z	125.66666666666667	-0.6666666666666714	164	227	210	36.06919700654431	35.71266458143843	71.78186158798275	1899-12-30T09:30:00Z	24.5	NA	NA	NA	NA	0.9375	25.286506579687497	5.817777777777778
BV	2020-07-22T00:00:00Z	1B	653	NA	NA	NA	NA	NA	NA	NA	2020	1B653	1	B				NA	vegetative > vegetative > flowering	vegetative	vegetative	flowering	FALSE	Control	Control	2020-05-04T15:00:00Z	125	2020-05-02T18:00:00Z	123	Normal	125	normal	2020-05-04T18:00:00Z	125.66666666666667	-0.6666666666666714	164	227	210	36.06919700654431	35.71266458143843	71.78186158798275	1899-12-30T09:34:00Z	35	1899-12-30T08:45:00Z	NA	NA	NA	1.5625	62.943234375	5.817777777777778
BV	2020-07-22T00:00:00Z	1C	54	NA	NA	NA	NA	NA	NA	NA	2020	1C54	1	C				NA	vegetative > vegetative > flowering	vegetative	vegetative	flowering	FALSE	Control	Mock rainout	2020-05-04T15:00:00Z	125	2020-05-02T18:00:00Z	123	Normal	125	normal	2020-05-04T18:00:00Z	125.66666666666667	-0.6666666666666714	164	227	210	36.06919700654431	35.71266458143843	71.78186158798275	1899-12-30T09:40:00Z	NA	NA	NA	NA	NA	NA	NA	5.58
BV	2020-07-22T00:00:00Z	1D	33	NA	NA	NA	NA	NA	NA	NA	2020	1D33	1	D				NA	vegetative > vegetative > flowering	vegetative	vegetative	flowering	FALSE	Reduction	Reduction	2020-05-04T15:00:00Z	125	2020-05-02T18:00:00Z	123	Normal	125	normal	2020-05-04T18:00:00Z	125.66666666666667	-0.6666666666666714	164	227	210	36.06919700654431	17.856332290719216	53.92552929726352	1899-12-30T09:46:00Z	29	1899-12-30T08:47:00Z	NA	NA	NA	1.640625	53.376010537499994	4.728888888888889
BV	2020-07-22T00:00:00Z	1D	9	NA	NA	NA	NA	NA	NA	NA	2020	1D9	1	D				NA	vegetative > vegetative > flowering	vegetative	vegetative	flowering	FALSE	Reduction	Reduction	2020-05-04T15:00:00Z	125	2020-05-02T18:00:00Z	123	Normal	125	normal	2020-05-04T18:00:00Z	125.66666666666667	-0.6666666666666714	164	227	210	36.06919700654431	17.856332290719216	53.92552929726352	1899-12-30T09:50:00Z	29	1899-12-30T08:50:00Z	NA	NA	NA	1.484375	48.2925809625	4.728888888888889
BV	2020-07-22T00:00:00Z	1D	17	NA	NA	NA	NA	NA	NA	NA	2020	1D17	1	D				NA	vegetative > vegetative > flowering	vegetative	vegetative	flowering	FALSE	Reduction	Reduction	2020-05-04T15:00:00Z	125	2020-05-02T18:00:00Z	123	Normal	125	normal	2020-05-04T18:00:00Z	125.66666666666667	-0.6666666666666714	164	227	210	36.06919700654431	17.856332290719216	53.92552929726352	1899-12-30T09:51:00Z	23	1899-12-30T09:03:00Z	NA	NA	NA	1.25	31.4551473	4.728888888888889
BV	2020-07-22T00:00:00Z	1D	12	NA	NA	NA	NA	NA	NA	NA	2020	1D12	1	D				NA	vegetative > vegetative > flowering	vegetative	vegetative	flowering	FALSE	Reduction	Reduction	2020-05-04T15:00:00Z	125	2020-05-02T18:00:00Z	123	Normal	125	normal	2020-05-04T18:00:00Z	125.66666666666667	-0.6666666666666714	164	227	210	36.06919700654431	17.856332290719216	53.92552929726352	1899-12-30T09:54:00Z	26.5	1899-12-30T08:56:00Z	NA	NA	NA	1.796875	52.861181219921875	4.728888888888889
BV	2020-07-22T00:00:00Z	2A	694	NA	NA	NA	NA	NA	NA	NA	2020	2A694	2	A				NA	vegetative > vegetative > flowering	vegetative	vegetative	flowering	FALSE	Control	Control	2020-04-29T17:00:00Z	120	2020-04-28T19:00:00Z	119	Early	120	early	2020-04-29T18:00:00Z	125.66666666666667	-5.666666666666671	164	227	210	36.226256035394904	35.71266458143843	71.93892061683334	1899-12-30T09:56:00Z	35	1899-12-30T09:10:00Z	NA	NA	NA	0.3125	12.588646875	5.142222222222222
BV	2020-07-22T00:00:00Z	2B	138	NA	NA	NA	NA	NA	NA	NA	2020	2B138	2	B				NA	vegetative > vegetative > flowering	vegetative	vegetative	flowering	FALSE	Control	Mock rainout	2020-04-29T17:00:00Z	120	2020-04-28T19:00:00Z	119	Early	120	early	2020-04-29T18:00:00Z	125.66666666666667	-5.666666666666671	164	227	210	36.226256035394904	35.71266458143843	71.93892061683334	1899-12-30T09:58:00Z	38	1899-12-30T09:14:00Z	NA	NA	NA	2.265625	100.3864213875	5.586666666666667
BV	2020-07-22T00:00:00Z	2B	83	NA	NA	NA	NA	NA	NA	NA	2020	2B83	2	B				NA	vegetative > vegetative > flowering	vegetative	vegetative	flowering	FALSE	Control	Mock rainout	2020-04-29T17:00:00Z	120	2020-04-28T19:00:00Z	119	Early	120	early	2020-04-29T18:00:00Z	125.66666666666667	-5.666666666666671	164	227	210	36.226256035394904	35.71266458143843	71.93892061683334	1899-12-30T10:02:00Z	32	1899-12-30T09:17:00Z	NA	NA	NA	1.640625	59.6528352	5.586666666666667
BV	2020-07-22T00:00:00Z	2B	85	NA	NA	NA	NA	NA	NA	POPPED OUT	2020	2B85	2	B				NA	vegetative > vegetative > flowering	vegetative	vegetative	flowering	FALSE	Control	Mock rainout	2020-04-29T17:00:00Z	120	2020-04-28T19:00:00Z	119	Early	120	early	2020-04-29T18:00:00Z	125.66666666666667	-5.666666666666671	164	227	210	36.226256035394904	35.71266458143843	71.93892061683334	1899-12-30T10:02:00Z	NA	NA	NA	NA	NA	NA	NA	5.586666666666667
BV	2020-07-22T00:00:00Z	2B	97	NA	NA	NA	NA	NA	NA	NA	2020	2B97	2	B				NA	vegetative > vegetative > flowering	vegetative	vegetative	flowering	FALSE	Control	Mock rainout	2020-04-29T17:00:00Z	120	2020-04-28T19:00:00Z	119	Early	120	early	2020-04-29T18:00:00Z	125.66666666666667	-5.666666666666671	164	227	210	36.226256035394904	35.71266458143843	71.93892061683334	1899-12-30T10:05:00Z	44	1899-12-30T09:19:00Z	NA	NA	NA	0.859375	45.26590035	5.586666666666667
BV	2020-07-22T00:00:00Z	2B	183	NA	NA	NA	NA	NA	NA	NA	2020	2B183	2	B				NA	vegetative > vegetative > flowering	vegetative	vegetative	flowering	FALSE	Control	Mock rainout	2020-04-29T17:00:00Z	120	2020-04-28T19:00:00Z	119	Early	120	early	2020-04-29T18:00:00Z	125.66666666666667	-5.666666666666671	164	227	210	36.226256035394904	35.71266458143843	71.93892061683334	1899-12-30T10:07:00Z	25	1899-12-30T09:20:00Z	NA	NA	NA	2.890625	79.72343749999999	5.586666666666667
BV	2020-07-22T00:00:00Z	2B	180	NA	NA	NA	NA	NA	NA	NA	2020	2B180	2	B				NA	vegetative > vegetative > flowering	vegetative	vegetative	flowering	FALSE	Control	Mock rainout	2020-04-29T17:00:00Z	120	2020-04-28T19:00:00Z	119	Early	120	early	2020-04-29T18:00:00Z	125.66666666666667	-5.666666666666671	164	227	210	36.226256035394904	35.71266458143843	71.93892061683334	1899-12-30T10:08:00Z	28.5	1899-12-30T09:25:00Z	NA	NA	NA	2.265625	72.28616588320313	5.586666666666667
BV	2020-07-22T00:00:00Z	2B	84	NA	NA	NA	NA	NA	NA	NA	2020	2B84	2	B				NA	vegetative > flowering > flowering	vegetative	flowering	flowering	FALSE	Control	Mock rainout	2020-04-29T17:00:00Z	120	2020-04-28T19:00:00Z	119	Early	120	early	2020-04-29T18:00:00Z	125.66666666666667	-5.666666666666671	164	227	210	36.226256035394904	35.71266458143843	71.93892061683334	1899-12-30T10:09:00Z	24	1899-12-30T09:26:00Z	NA	NA	NA	3.4375	90.63677039999999	5.586666666666667
BV	2020-07-22T00:00:00Z	2B	185	NA	NA	NA	NA	NA	NA	NA	2020	2B185	2	B				NA	vegetative > vegetative > flowering	vegetative	vegetative	flowering	FALSE	Control	Mock rainout	2020-04-29T17:00:00Z	120	2020-04-28T19:00:00Z	119	Early	120	early	2020-04-29T18:00:00Z	125.66666666666667	-5.666666666666671	164	227	210	36.226256035394904	35.71266458143843	71.93892061683334	1899-12-30T10:10:00Z	20	1899-12-30T09:30:00Z	NA	NA	NA	0.9375	20.263275	5.586666666666667
BV	2020-07-22T00:00:00Z	2B	188	NA	NA	NA	NA	NA	NA	NO NECTAR	2020	2B188	2	B				NA	vegetative > vegetative > flowering	vegetative	vegetative	flowering	FALSE	Control	Mock rainout	2020-04-29T17:00:00Z	120	2020-04-28T19:00:00Z	119	Early	120	early	2020-04-29T18:00:00Z	125.66666666666667	-5.666666666666671	164	227	210	36.226256035394904	35.71266458143843	71.93892061683334	1899-12-30T10:10:00Z	NA	NA	NA	NA	NA	0	NA	5.586666666666667
BV	2020-07-22T00:00:00Z	2B	189	NA	NA	NA	NA	NA	NA	DIDNT OPEN	2020	2B189	2	B				NA	vegetative > vegetative > flowering	vegetative	vegetative	flowering	FALSE	Control	Mock rainout	2020-04-29T17:00:00Z	120	2020-04-28T19:00:00Z	119	Early	120	early	2020-04-29T18:00:00Z	125.66666666666667	-5.666666666666671	164	227	210	36.226256035394904	35.71266458143843	71.93892061683334	1899-12-30T10:11:00Z	NA	NA	NA	NA	NA	NA	NA	5.586666666666667
BV	2020-07-22T00:00:00Z	2B	186	NA	NA	NA	NA	NA	NA	NA	2020	2B186	2	B				NA	vegetative > vegetative > flowering	vegetative	vegetative	flowering	FALSE	Control	Mock rainout	2020-04-29T17:00:00Z	120	2020-04-28T19:00:00Z	119	Early	120	early	2020-04-29T18:00:00Z	125.66666666666667	-5.666666666666671	164	227	210	36.226256035394904	35.71266458143843	71.93892061683334	1899-12-30T10:13:00Z	28	1899-12-30T09:34:00Z	NA	NA	NA	1.484375	46.43111795	5.586666666666667
BV	2020-07-22T00:00:00Z	2B	92	NA	NA	NA	NA	NA	NA	NA	2020	2B92	2	B				NA	vegetative > flowering > flowering	vegetative	flowering	flowering	FALSE	Control	Mock rainout	2020-04-29T17:00:00Z	120	2020-04-28T19:00:00Z	119	Early	120	early	2020-04-29T18:00:00Z	125.66666666666667	-5.666666666666671	164	227	210	36.226256035394904	35.71266458143843	71.93892061683334	1899-12-30T10:15:00Z	30.5	1899-12-30T09:37:00Z	NA	NA	NA	1.875	64.565301121875	5.586666666666667
BV	2020-07-22T00:00:00Z	2C	270	NA	NA	NA	NA	NA	NA	NA	2020	2C270	2	C				NA	vegetative > vegetative > flowering	vegetative	vegetative	flowering	FALSE	Reduction	Reduction	2020-04-29T17:00:00Z	120	2020-04-28T19:00:00Z	119	Early	120	early	2020-04-29T18:00:00Z	125.66666666666667	-5.666666666666671	164	227	210	36.226256035394904	17.856332290719216	54.08258832611412	1899-12-30T10:23:00Z	32	1899-12-30T09:41:00Z	NA	NA	NA	2.421875	88.0589472	4.644444444444445
BV	2020-07-22T00:00:00Z	2C	262	NA	NA	NA	NA	NA	NA	NA	2020	2C262	2	C				NA	vegetative > vegetative > flowering	vegetative	vegetative	flowering	FALSE	Reduction	Reduction	2020-04-29T17:00:00Z	120	2020-04-28T19:00:00Z	119	Early	120	early	2020-04-29T18:00:00Z	125.66666666666667	-5.666666666666671	164	227	210	36.226256035394904	17.856332290719216	54.08258832611412	1899-12-30T10:24:00Z	28	1899-12-30T09:40:00Z	NA	NA	NA	2.34375	73.3122915	4.644444444444445
BV	2020-07-22T00:00:00Z	2C	289	NA	NA	NA	NA	NA	NA	NA	2020	2C289	2	C				NA	vegetative > vegetative > flowering	vegetative	vegetative	flowering	FALSE	Reduction	Reduction	2020-04-29T17:00:00Z	120	2020-04-28T19:00:00Z	119	Early	120	early	2020-04-29T18:00:00Z	125.66666666666667	-5.666666666666671	164	227	210	36.226256035394904	17.856332290719216	54.08258832611412	1899-12-30T10:25:00Z	29	1899-12-30T09:44:00Z	NA	NA	NA	1.640625	53.376010537499994	4.644444444444445
BV	2020-07-22T00:00:00Z	2C	292	NA	NA	NA	NA	NA	NA	NA	2020	2C292	2	C				NA	vegetative > vegetative > flowering	vegetative	vegetative	flowering	FALSE	Reduction	Reduction	2020-04-29T17:00:00Z	120	2020-04-28T19:00:00Z	119	Early	120	early	2020-04-29T18:00:00Z	125.66666666666667	-5.666666666666671	164	227	210	36.226256035394904	17.856332290719216	54.08258832611412	1899-12-30T10:27:00Z	29.5	1899-12-30T09:43:00Z	NA	NA	NA	1.015625	33.683120488671875	4.644444444444445
BV	2020-07-22T00:00:00Z	2C	293	NA	NA	NA	NA	NA	NA	NA	2020	2C293	2	C				NA	vegetative > vegetative > flowering	vegetative	vegetative	flowering	FALSE	Reduction	Reduction	2020-04-29T17:00:00Z	120	2020-04-28T19:00:00Z	119	Early	120	early	2020-04-29T18:00:00Z	125.66666666666667	-5.666666666666671	164	227	210	36.226256035394904	17.856332290719216	54.08258832611412	1899-12-30T10:28:00Z	34.5	1899-12-30T09:48:00Z	NA	NA	NA	1.71875	68.10162663046876	4.644444444444445
BV	2020-07-22T00:00:00Z	2D	194	NA	NA	NA	NA	NA	NA	NA	2020	2D194	2	D				NA	vegetative > vegetative > flowering	vegetative	vegetative	flowering	FALSE	Addition	Addition	2020-04-29T17:00:00Z	120	2020-04-28T19:00:00Z	119	Early	120	early	2020-04-29T18:00:00Z	125.66666666666667	-5.666666666666671	164	227	210	36.226256035394904	116.21266458143843	152.43892061683334	1899-12-30T10:32:00Z	26	NA	NA	NA	NA	2.890625	83.25880923749999	7.424444444444444
BV	2020-07-22T00:00:00Z	6A	685	NA	NA	NA	NA	NA	NA	NO BUDS	2020	6A685	6	A				NA	vegetative > vegetative > flowering	vegetative	vegetative	flowering	FALSE	Control	Control	2020-05-06T18:00:00Z	127	2020-05-05T19:00:00Z	126	Normal	127	normal	2020-05-06T18:00:00Z	125.66666666666667	1.3333333333333286	164	227	210	36.06919700654431	35.71266458143843	71.78186158798275	NA	NA	NA	NA	NA	NA	NA	NA	4.7155555555555555
BV	2020-07-22T00:00:00Z	6A	145	NA	NA	NA	NA	NA	NA	POPPED OUT	2020	6A145	6	A				NA	vegetative > vegetative > flowering	vegetative	vegetative	flowering	FALSE	Control	Control	2020-05-06T18:00:00Z	127	2020-05-05T19:00:00Z	126	Normal	127	normal	2020-05-06T18:00:00Z	125.66666666666667	1.3333333333333286	164	227	210	36.06919700654431	35.71266458143843	71.78186158798275	1899-12-30T10:51:00Z	NA	NA	NA	NA	NA	NA	NA	4.7155555555555555
BV	2020-07-22T00:00:00Z	6B	21	NA	NA	NA	NA	NA	NA	POPPED OUT	2020	6B21	6	B				NA	vegetative > vegetative > flowering	vegetative	vegetative	flowering	FALSE	Reduction	Reduction	2020-05-06T18:00:00Z	127	2020-05-05T19:00:00Z	126	Normal	127	normal	2020-05-06T18:00:00Z	125.66666666666667	1.3333333333333286	164	227	210	36.06919700654431	17.856332290719216	53.92552929726352	1899-12-30T10:52:00Z	NA	NA	NA	NA	NA	NA	NA	4.0488888888888885
BV	2020-07-22T00:00:00Z	6D	46	NA	NA	NA	NA	NA	NA	NA	2020	6D46	6	D		pheno18		NA	vegetative > vegetative > flowering	vegetative	vegetative	flowering	FALSE	Addition	Addition	2020-05-06T18:00:00Z	127	2020-05-05T19:00:00Z	126	Normal	127	normal	2020-05-06T18:00:00Z	125.66666666666667	1.3333333333333286	164	227	210	36.06919700654431	116.21266458143843	152.28186158798275	1899-12-30T10:54:00Z	25.5	NA	NA	NA	NA	1.71875	48.45199788515625	7.590888888888889
BV	2020-07-22T00:00:00Z	6D	45,71	NA	NA	NA	NA	NA	NA	NA	2020	6D45,71	6	D				NA	NA	NA	NA	NA	FALSE	Addition	Addition	2020-05-06T18:00:00Z	127	2020-05-05T19:00:00Z	126	Normal	127	normal	2020-05-06T18:00:00Z	125.66666666666667	1.3333333333333286	164	227	210	36.06919700654431	116.21266458143843	152.28186158798275	1899-12-30T10:54:00Z	22.5	NA	NA	NA	NA	3.75	92.12385234375	7.590888888888889
BV	2020-07-22T00:00:00Z	4C	187	NA	NA	NA	NA	NA	NA	NA	2020	4C187	4	C				NA	vegetative > vegetative > flowering	vegetative	vegetative	flowering	FALSE	Control	Control	2020-04-30T19:00:00Z	121	2020-04-28T18:00:00Z	119	Early	119	early	2020-04-28T18:00:00Z	125.66666666666667	-4.666666666666671	164	227	210	36.226256035394904	35.71266458143843	71.93892061683334	1899-12-30T10:58:00Z	23.5	1899-12-30T09:10:00Z	NA	NA	NA	1.484375	38.24395182851563	5.066666666666666
BV	2020-07-22T00:00:00Z	3A	657	NA	NA	NA	NA	NA	NA	NOT FOUND	2020	3A657	3	A		pheno19		NA	vegetative > vegetative > flowering	vegetative	vegetative	flowering	FALSE	Reduction	Reduction	2020-05-04T21:00:00Z	125	2020-05-04T15:00:00Z	125	Normal	126	normal	2020-05-05T18:00:00Z	125.66666666666667	-0.6666666666666714	164	227	210	36.06919700654431	17.856332290719216	53.92552929726352	NA	NA	NA	NA	NA	NA	NA	NA	4.573333333333333
BV	2020-07-22T00:00:00Z	2B	188	NA	NA	NA	NA	NA	NA	NA	2020	2B188	2	B				NA	vegetative > vegetative > flowering	vegetative	vegetative	flowering	FALSE	Control	Mock rainout	2020-04-29T17:00:00Z	120	2020-04-28T19:00:00Z	119	Early	120	early	2020-04-29T18:00:00Z	125.66666666666667	-5.666666666666671	164	227	210	36.226256035394904	35.71266458143843	71.93892061683334	1899-12-30T11:18:00Z	21.5	1899-12-30T09:07:00Z	NA	NA	NA	1.328125	31.049178455859376	5.586666666666667
BV	2020-07-22T00:00:00Z	2B	189	NA	NA	NA	NA	NA	NA	NA	2020	2B189	2	B				NA	vegetative > vegetative > flowering	vegetative	vegetative	flowering	FALSE	Control	Mock rainout	2020-04-29T17:00:00Z	120	2020-04-28T19:00:00Z	119	Early	120	early	2020-04-29T18:00:00Z	125.66666666666667	-5.666666666666671	164	227	210	36.226256035394904	35.71266458143843	71.93892061683334	1899-12-30T11:19:00Z	18	1899-12-30T09:07:00Z	NA	NA	NA	2.65625	51.253588575	5.586666666666667
BV	2020-07-22T00:00:00Z	2B	85	NA	NA	NA	NA	NA	NA	NA	2020	2B85	2	B				NA	vegetative > vegetative > flowering	vegetative	vegetative	flowering	FALSE	Control	Mock rainout	2020-04-29T17:00:00Z	120	2020-04-28T19:00:00Z	119	Early	120	early	2020-04-29T18:00:00Z	125.66666666666667	-5.666666666666671	164	227	210	36.226256035394904	35.71266458143843	71.93892061683334	NA	NA	NA	NA	NA	NA	NA	NA	5.586666666666667
BV	2020-07-22T00:00:00Z	1A	255	NA	NA	NA	NA	NA	NA	NA	2020	1A255	1	A				NA	vegetative > vegetative > flowering	vegetative	vegetative	flowering	FALSE	Addition	Addition	2020-05-04T15:00:00Z	125	2020-05-02T18:00:00Z	123	Normal	125	normal	2020-05-04T18:00:00Z	125.66666666666667	-0.6666666666666714	164	227	210	36.06919700654431	116.21266458143843	152.28186158798275	1899-12-30T11:01:00Z	19	1899-12-30T09:01:00Z	NA	NA	NA	3.203125	65.50420631875	7.731111111111111
BV	2020-07-22T00:00:00Z	1A	251	NA	NA	NA	NA	NA	NA	NA	2020	1A251	1	A				NA	vegetative > vegetative > flowering	vegetative	vegetative	flowering	FALSE	Addition	Addition	2020-05-04T15:00:00Z	125	2020-05-02T18:00:00Z	123	Normal	125	normal	2020-05-04T18:00:00Z	125.66666666666667	-0.6666666666666714	164	227	210	36.06919700654431	116.21266458143843	152.28186158798275	1899-12-30T11:03:00Z	15.5	1899-12-30T09:01:00Z	NA	NA	NA	0.9375	15.4213897640625	7.731111111111111
DC	2020-08-05T00:00:00Z	1A	233	NA	NA	NA	NA	NA	NA	NA	2020	1A233	1	A				NA	vegetative > vegetative > flowering	vegetative	vegetative	flowering	FALSE	Addition	Addition	2020-05-04T15:00:00Z	125	2020-05-02T18:00:00Z	123	Normal	125	normal	2020-05-04T18:00:00Z	125.66666666666667	-0.6666666666666714	164	227	210	36.06919700654431	116.21266458143843	152.28186158798275	1899-12-30T09:45:00Z	22	NA	NA	NA	NA	3.4375	82.40052204999999	7.731111111111111
DC	2020-08-05T00:00:00Z	1B	672	NA	NA	NA	NA	NA	NA	NA	2020	1B672	1	B				NA	vegetative > vegetative > flowering	vegetative	vegetative	flowering	FALSE	Control	Control	2020-05-04T15:00:00Z	125	2020-05-02T18:00:00Z	123	Normal	125	normal	2020-05-04T18:00:00Z	125.66666666666667	-0.6666666666666714	164	227	210	36.06919700654431	35.71266458143843	71.78186158798275	1899-12-30T09:45:00Z	30	NA	NA	NA	NA	0.859375	29.0456203125	5.817777777777778
DC	2020-08-05T00:00:00Z	1C	54	NA	NA	NA	NA	NA	NA	POPPED OUT	2020	1C54	1	C				NA	vegetative > vegetative > flowering	vegetative	vegetative	flowering	FALSE	Control	Mock rainout	2020-05-04T15:00:00Z	125	2020-05-02T18:00:00Z	123	Normal	125	normal	2020-05-04T18:00:00Z	125.66666666666667	-0.6666666666666714	164	227	210	36.06919700654431	35.71266458143843	71.78186158798275	1899-12-30T09:45:00Z	NA	NA	NA	NA	NA	NA	NA	5.58
DC	2020-08-05T00:00:00Z	1C	46	NA	NA	NA	NA	NA	NA	NA	2020	1C46	1	C				NA	vegetative > vegetative > flowering	vegetative	vegetative	flowering	FALSE	Control	Mock rainout	2020-05-04T15:00:00Z	125	2020-05-02T18:00:00Z	123	Normal	125	normal	2020-05-04T18:00:00Z	125.66666666666667	-0.6666666666666714	164	227	210	36.06919700654431	35.71266458143843	71.78186158798275	1899-12-30T09:45:00Z	28	NA	NA	NA	NA	2.265625	70.86854844999999	5.58
DC	2020-08-05T00:00:00Z	1D	12	NA	NA	NA	NA	NA	NA	no nectar	2020	1D12	1	D				NA	vegetative > vegetative > flowering	vegetative	vegetative	flowering	FALSE	Reduction	Reduction	2020-05-04T15:00:00Z	125	2020-05-02T18:00:00Z	123	Normal	125	normal	2020-05-04T18:00:00Z	125.66666666666667	-0.6666666666666714	164	227	210	36.06919700654431	17.856332290719216	53.92552929726352	1899-12-30T09:45:00Z	NA	NA	NA	NA	NA	0	NA	4.728888888888889
DC	2020-08-05T00:00:00Z	2A	589	NA	NA	NA	NA	NA	NA	could not measure conc	2020	2A589	2	A				NA	vegetative > vegetative > flowering	vegetative	vegetative	flowering	FALSE	Control	Control	2020-04-29T17:00:00Z	120	2020-04-28T19:00:00Z	119	Early	120	early	2020-04-29T18:00:00Z	125.66666666666667	-5.666666666666671	164	227	210	36.226256035394904	35.71266458143843	71.93892061683334	1899-12-30T09:45:00Z	NA	NA	NA	NA	NA	0.078125	NA	5.142222222222222
DC	2020-08-05T00:00:00Z	2B	189	NA	NA	NA	NA	NA	NA	NA	2020	2B189	2	B				NA	vegetative > vegetative > flowering	vegetative	vegetative	flowering	FALSE	Control	Mock rainout	2020-04-29T17:00:00Z	120	2020-04-28T19:00:00Z	119	Early	120	early	2020-04-29T18:00:00Z	125.66666666666667	-5.666666666666671	164	227	210	36.226256035394904	35.71266458143843	71.93892061683334	1899-12-30T09:45:00Z	23	NA	NA	NA	NA	0.46875	11.795680237500001	5.586666666666667
DC	2020-08-05T00:00:00Z	2C	292	NA	NA	NA	NA	NA	NA	POPPED OUT	2020	2C292	2	C				NA	vegetative > vegetative > flowering	vegetative	vegetative	flowering	FALSE	Reduction	Reduction	2020-04-29T17:00:00Z	120	2020-04-28T19:00:00Z	119	Early	120	early	2020-04-29T18:00:00Z	125.66666666666667	-5.666666666666671	164	227	210	36.226256035394904	17.856332290719216	54.08258832611412	1899-12-30T10:00:00Z	NA	NA	NA	NA	NA	NA	NA	4.644444444444445
DC	2020-08-05T00:00:00Z	2C	293	NA	NA	NA	NA	NA	NA	could not measure conc	2020	2C293	2	C				NA	vegetative > vegetative > flowering	vegetative	vegetative	flowering	FALSE	Reduction	Reduction	2020-04-29T17:00:00Z	120	2020-04-28T19:00:00Z	119	Early	120	early	2020-04-29T18:00:00Z	125.66666666666667	-5.666666666666671	164	227	210	36.226256035394904	17.856332290719216	54.08258832611412	1899-12-30T10:00:00Z	NA	NA	NA	NA	NA	0.3125	NA	4.644444444444445
DC	2020-08-05T00:00:00Z	2C	297_20	NA	NA	NA	NA	NA	NA	no nectar	2020	2C297_20	2	C		census20 pheno20 floral20 volatiles20 seeds20		NA	vegetative > dead_nf > dead_nf	vegetative	dead_nf	dead_nf	TRUE	Reduction	Reduction	2020-04-29T17:00:00Z	120	2020-04-28T19:00:00Z	119	Early	120	early	2020-04-29T18:00:00Z	125.66666666666667	-5.666666666666671	164	227	210	36.226256035394904	17.856332290719216	54.08258832611412	1899-12-30T10:00:00Z	NA	NA	NA	NA	NA	0	NA	4.644444444444445
DC	2020-08-05T00:00:00Z	2D	210	NA	NA	NA	NA	NA	NA	NA	2020	2D210	2	D				NA	vegetative > vegetative > flowering	vegetative	vegetative	flowering	FALSE	Addition	Addition	2020-04-29T17:00:00Z	120	2020-04-28T19:00:00Z	119	Early	120	early	2020-04-29T18:00:00Z	125.66666666666667	-5.666666666666671	164	227	210	36.226256035394904	116.21266458143843	152.43892061683334	1899-12-30T10:00:00Z	36	NA	NA	NA	NA	1.328125	55.268473050000004	7.424444444444444
DC	2020-08-05T00:00:00Z	2D	204	NA	NA	NA	NA	NA	NA	NA	2020	2D204	2	D				NA	vegetative > vegetative > flowering	vegetative	vegetative	flowering	FALSE	Addition	Addition	2020-04-29T17:00:00Z	120	2020-04-28T19:00:00Z	119	Early	120	early	2020-04-29T18:00:00Z	125.66666666666667	-5.666666666666671	164	227	210	36.226256035394904	116.21266458143843	152.43892061683334	1899-12-30T10:00:00Z	27	NA	NA	NA	NA	2.890625	86.82372061875	7.424444444444444
DC	2020-08-05T00:00:00Z	2D	187	NA	NA	NA	NA	NA	NA	NA	2020	2D187	2	D				NA	vegetative > vegetative > flowering	vegetative	vegetative	flowering	FALSE	Addition	Addition	2020-04-29T17:00:00Z	120	2020-04-28T19:00:00Z	119	Early	120	early	2020-04-29T18:00:00Z	125.66666666666667	-5.666666666666671	164	227	210	36.226256035394904	116.21266458143843	152.43892061683334	1899-12-30T10:00:00Z	39	NA	NA	NA	NA	0.703125	32.11386530625	7.424444444444444
DC	2020-08-05T00:00:00Z	3A	638	NA	NA	NA	NA	NA	NA	NA	2020	3A638	3	A				NA	vegetative > vegetative > flowering	vegetative	vegetative	flowering	FALSE	Reduction	Reduction	2020-05-04T21:00:00Z	125	2020-05-04T15:00:00Z	125	Normal	126	normal	2020-05-05T18:00:00Z	125.66666666666667	-0.6666666666666714	164	227	210	36.06919700654431	17.856332290719216	53.92552929726352	1899-12-30T10:00:00Z	32	NA	NA	NA	NA	1.484375	53.9716128	4.573333333333333
DC	2020-08-05T00:00:00Z	3A	278	NA	NA	NA	NA	NA	NA	NA	2020	3A278	3	A				NA	vegetative > vegetative > flowering	vegetative	vegetative	flowering	FALSE	Reduction	Reduction	2020-05-04T21:00:00Z	125	2020-05-04T15:00:00Z	125	Normal	126	normal	2020-05-05T18:00:00Z	125.66666666666667	-0.6666666666666714	164	227	210	36.06919700654431	17.856332290719216	53.92552929726352	1899-12-30T10:00:00Z	39	NA	NA	NA	NA	0.625	28.54565805	4.573333333333333
DC	2020-08-05T00:00:00Z	3B	603	NA	NA	NA	NA	NA	NA	could not measure conc	2020	3B603	3	B				NA	vegetative > vegetative > flowering	vegetative	vegetative	flowering	FALSE	Control	Mock rainout	2020-05-04T21:00:00Z	125	2020-05-04T15:00:00Z	125	Normal	126	normal	2020-05-05T18:00:00Z	125.66666666666667	-0.6666666666666714	164	227	210	36.06919700654431	35.71266458143843	71.78186158798275	1899-12-30T10:00:00Z	NA	NA	NA	NA	NA	0.78125	NA	5.1466666666666665
DC	2020-08-05T00:00:00Z	3C	139	NA	NA	NA	NA	NA	NA	NA	2020	3C139	3	C				NA	vegetative > vegetative > flowering	vegetative	vegetative	flowering	FALSE	Addition	Addition	2020-05-04T21:00:00Z	125	2020-05-04T15:00:00Z	125	Normal	126	normal	2020-05-05T18:00:00Z	125.66666666666667	-0.6666666666666714	164	227	210	36.06919700654431	116.21266458143843	152.28186158798275	1899-12-30T10:00:00Z	37	NA	NA	NA	NA	1.25	53.69434819999999	6.5777777777777775
DC	2020-08-05T00:00:00Z	3C	137	NA	NA	NA	NA	NA	NA	NA	2020	3C137	3	C				NA	vegetative > vegetative > flowering	vegetative	vegetative	flowering	FALSE	Addition	Addition	2020-05-04T21:00:00Z	125	2020-05-04T15:00:00Z	125	Normal	126	normal	2020-05-05T18:00:00Z	125.66666666666667	-0.6666666666666714	164	227	210	36.06919700654431	116.21266458143843	152.28186158798275	1899-12-30T10:15:00Z	41	NA	NA	NA	NA	1.796875	87.03574094999999	6.5777777777777775
DC	2020-08-05T00:00:00Z	3C	159	NA	NA	NA	NA	NA	NA	POPPED OUT	2020	3C159	3	C				NA	vegetative > vegetative > flowering	vegetative	vegetative	flowering	FALSE	Addition	Addition	2020-05-04T21:00:00Z	125	2020-05-04T15:00:00Z	125	Normal	126	normal	2020-05-05T18:00:00Z	125.66666666666667	-0.6666666666666714	164	227	210	36.06919700654431	116.21266458143843	152.28186158798275	1899-12-30T10:15:00Z	NA	NA	NA	NA	NA	NA	NA	6.5777777777777775
DC	2020-08-05T00:00:00Z	3D	894	NA	NA	NA	NA	NA	NA	NA	2020	3D894	3	D				NA	vegetative > vegetative > flowering	vegetative	vegetative	flowering	FALSE	Control	Control	2020-05-04T21:00:00Z	125	2020-05-04T15:00:00Z	125	Normal	126	normal	2020-05-05T18:00:00Z	125.66666666666667	-0.6666666666666714	164	227	210	36.06919700654431	35.71266458143843	71.78186158798275	1899-12-30T10:15:00Z	33	NA	NA	NA	NA	2.1875	82.37411489999998	5.737777777777778
DC	2020-08-05T00:00:00Z	3D	854	NA	NA	NA	NA	NA	NA	NA	2020	3D854	3	D				NA	vegetative > vegetative > flowering	vegetative	vegetative	flowering	FALSE	Control	Control	2020-05-04T21:00:00Z	125	2020-05-04T15:00:00Z	125	Normal	126	normal	2020-05-05T18:00:00Z	125.66666666666667	-0.6666666666666714	164	227	210	36.06919700654431	35.71266458143843	71.78186158798275	1899-12-30T10:15:00Z	29	NA	NA	NA	NA	2.109375	68.6262992625	5.737777777777778
DC	2020-08-05T00:00:00Z	4A	114	NA	NA	NA	NA	NA	NA	NA	2020	4A114	4	A				NA	vegetative > vegetative > flowering	vegetative	vegetative	flowering	FALSE	Addition	Addition	2020-04-30T19:00:00Z	121	2020-04-28T18:00:00Z	119	Early	119	early	2020-04-28T18:00:00Z	125.66666666666667	-4.666666666666671	164	227	210	36.226256035394904	116.21266458143843	152.43892061683334	1899-12-30T10:15:00Z	34	NA	NA	NA	NA	1.953125	76.10283218750001	6.6466666666666665
DC	2020-08-05T00:00:00Z	4A	101	NA	NA	NA	NA	NA	NA	NA	2020	4A101	4	A				NA	vegetative > vegetative > flowering	vegetative	vegetative	flowering	FALSE	Addition	Addition	2020-04-30T19:00:00Z	121	2020-04-28T18:00:00Z	119	Early	119	early	2020-04-28T18:00:00Z	125.66666666666667	-4.666666666666671	164	227	210	36.226256035394904	116.21266458143843	152.43892061683334	1899-12-30T10:15:00Z	30	NA	NA	NA	NA	3.125	105.62043749999998	6.6466666666666665
DC	2020-08-05T00:00:00Z	4B	680	NA	NA	NA	NA	NA	NA	POPPED OUT	2020	4B680	4	B				NA	vegetative > vegetative > flowering	vegetative	vegetative	flowering	FALSE	Control	Mock rainout	2020-04-30T19:00:00Z	121	2020-04-28T18:00:00Z	119	Early	119	early	2020-04-28T18:00:00Z	125.66666666666667	-4.666666666666671	164	227	210	36.226256035394904	35.71266458143843	71.93892061683334	1899-12-30T10:15:00Z	NA	NA	NA	NA	NA	NA	NA	4.964444444444444
DC	2020-08-05T00:00:00Z	4B	596	NA	NA	NA	NA	NA	NA	NA	2020	4B596	4	B				NA	vegetative > vegetative > flowering	vegetative	vegetative	flowering	FALSE	Control	Mock rainout	2020-04-30T19:00:00Z	121	2020-04-28T18:00:00Z	119	Early	119	early	2020-04-28T18:00:00Z	125.66666666666667	-4.666666666666671	164	227	210	36.226256035394904	35.71266458143843	71.93892061683334	1899-12-30T10:15:00Z	40	NA	NA	NA	NA	1.484375	69.838775	4.964444444444444
DC	2020-08-05T00:00:00Z	4C	196	NA	NA	NA	NA	NA	NA	could not measure conc	2020	4C196	4	C				NA	vegetative > vegetative > flowering	vegetative	vegetative	flowering	FALSE	Control	Control	2020-04-30T19:00:00Z	121	2020-04-28T18:00:00Z	119	Early	119	early	2020-04-28T18:00:00Z	125.66666666666667	-4.666666666666671	164	227	210	36.226256035394904	35.71266458143843	71.93892061683334	1899-12-30T10:15:00Z	NA	NA	NA	NA	NA	0.078125	NA	5.066666666666666
DC	2020-08-05T00:00:00Z	4C	195	NA	NA	NA	NA	NA	NA	POPPED OUT	2020	4C195	4	C				NA	vegetative > vegetative > flowering	vegetative	vegetative	flowering	FALSE	Control	Control	2020-04-30T19:00:00Z	121	2020-04-28T18:00:00Z	119	Early	119	early	2020-04-28T18:00:00Z	125.66666666666667	-4.666666666666671	164	227	210	36.226256035394904	35.71266458143843	71.93892061683334	1899-12-30T10:15:00Z	NA	NA	NA	NA	NA	NA	NA	5.066666666666666
DC	2020-08-05T00:00:00Z	4D	37	NA	NA	NA	NA	NA	NA	no nectar	2020	4D37	4	D				NA	vegetative > vegetative > flowering	vegetative	vegetative	flowering	FALSE	Reduction	Reduction	2020-04-30T19:00:00Z	121	2020-04-28T18:00:00Z	119	Early	119	early	2020-04-28T18:00:00Z	125.66666666666667	-4.666666666666671	164	227	210	36.226256035394904	17.856332290719216	54.08258832611412	1899-12-30T10:15:00Z	NA	NA	NA	NA	NA	0	NA	4.1466666666666665
DC	2020-08-05T00:00:00Z	5A	180	NA	NA	NA	NA	NA	NA	NA	2020	5A180	5	A				NA	flowering > vegetative > flowering	flowering	vegetative	flowering	FALSE	Addition	Addition	2020-04-28T20:00:00Z	119	2020-04-28T17:00:00Z	119	Early	119	early	2020-04-28T18:00:00Z	125.66666666666667	-6.666666666666671	164	227	210	36.226256035394904	116.21266458143843	152.43892061683334	1899-12-30T10:30:00Z	36	NA	NA	NA	NA	1.40625	58.51955970000001	6.266666666666667
DC	2020-08-05T00:00:00Z	5B	299	NA	NA	NA	NA	NA	NA	could not measure conc	2020	5B299	5	B				NA	vegetative > vegetative > flowering	vegetative	vegetative	flowering	FALSE	Control	Mock rainout	2020-04-28T20:00:00Z	119	2020-04-28T17:00:00Z	119	Early	119	early	2020-04-28T18:00:00Z	125.66666666666667	-6.666666666666671	164	227	210	36.226256035394904	35.71266458143843	71.93892061683334	1899-12-30T10:30:00Z	NA	NA	NA	NA	NA	0.546875	NA	4.8133333333333335
DC	2020-08-05T00:00:00Z	5C	683	NA	NA	NA	NA	NA	NA	no nectar	2020	5C683	5	C				NA	vegetative > vegetative > flowering	vegetative	vegetative	flowering	FALSE	Reduction	Reduction	2020-04-28T20:00:00Z	119	2020-04-28T17:00:00Z	119	Early	119	early	2020-04-28T18:00:00Z	125.66666666666667	-6.666666666666671	164	227	210	36.226256035394904	17.856332290719216	54.08258832611412	1899-12-30T10:30:00Z	NA	NA	NA	NA	NA	0	NA	4.688888888888889
DC	2020-08-05T00:00:00Z	5C	208	NA	NA	NA	NA	NA	NA	NA	2020	5C208	5	C				NA	vegetative > vegetative > flowering	vegetative	vegetative	flowering	FALSE	Reduction	Reduction	2020-04-28T20:00:00Z	119	2020-04-28T17:00:00Z	119	Early	119	early	2020-04-28T18:00:00Z	125.66666666666667	-6.666666666666671	164	227	210	36.226256035394904	17.856332290719216	54.08258832611412	1899-12-30T10:30:00Z	32	NA	NA	NA	NA	1.796875	65.3340576	4.688888888888889
DC	2020-08-05T00:00:00Z	5D	278	NA	NA	NA	NA	NA	NA	NA	2020	5D278	5	D				NA	vegetative > vegetative > flowering	vegetative	vegetative	flowering	FALSE	Control	Control	2020-04-28T20:00:00Z	119	2020-04-28T17:00:00Z	119	Early	119	early	2020-04-28T18:00:00Z	125.66666666666667	-6.666666666666671	164	227	210	36.226256035394904	35.71266458143843	71.93892061683334	1899-12-30T10:30:00Z	37	NA	NA	NA	NA	1.875	80.5415223	4.428888888888889
DC	2020-08-05T00:00:00Z	5D	275	NA	NA	NA	NA	NA	NA	NA	2020	5D275	5	D				NA	vegetative > vegetative > flowering	vegetative	vegetative	flowering	FALSE	Control	Control	2020-04-28T20:00:00Z	119	2020-04-28T17:00:00Z	119	Early	119	early	2020-04-28T18:00:00Z	125.66666666666667	-6.666666666666671	164	227	210	36.226256035394904	35.71266458143843	71.93892061683334	1899-12-30T10:30:00Z	34	NA	NA	NA	NA	1.171875	45.661699312500005	4.428888888888889
DC	2020-08-05T00:00:00Z	6B	643	NA	NA	NA	NA	NA	NA	bud not open	2020	6B643	6	B				NA	NA	NA	NA	NA	FALSE	Reduction	Reduction	2020-05-06T18:00:00Z	127	2020-05-05T19:00:00Z	126	Normal	127	normal	2020-05-06T18:00:00Z	125.66666666666667	1.3333333333333286	164	227	210	36.06919700654431	17.856332290719216	53.92552929726352	1899-12-30T10:30:00Z	NA	NA	NA	NA	NA	NA	NA	4.0488888888888885
DC	2020-08-05T00:00:00Z	6C	121	NA	NA	NA	NA	NA	NA	could not measure conc	2020	6C121	6	C				NA	vegetative > vegetative > flowering	vegetative	vegetative	flowering	FALSE	Control	Mock rainout	2020-05-06T18:00:00Z	127	2020-05-05T19:00:00Z	126	Normal	127	normal	2020-05-06T18:00:00Z	125.66666666666667	1.3333333333333286	164	227	210	36.06919700654431	35.71266458143843	71.78186158798275	1899-12-30T10:45:00Z	NA	NA	NA	NA	NA	0.234375	NA	5.2444444444444445
DC	2020-08-05T00:00:00Z	6C	96	NA	NA	NA	NA	NA	NA	bud not open	2020	6C96	6	C				NA	vegetative > flowering > flowering	vegetative	flowering	flowering	FALSE	Control	Mock rainout	2020-05-06T18:00:00Z	127	2020-05-05T19:00:00Z	126	Normal	127	normal	2020-05-06T18:00:00Z	125.66666666666667	1.3333333333333286	164	227	210	36.06919700654431	35.71266458143843	71.78186158798275	1899-12-30T10:45:00Z	NA	NA	NA	NA	NA	NA	NA	5.2444444444444445
DC	2020-08-05T00:00:00Z	6D	64	NA	NA	NA	NA	NA	NA	NA	2020	6D64	6	D				NA	vegetative > vegetative > flowering	vegetative	vegetative	flowering	FALSE	Addition	Addition	2020-05-06T18:00:00Z	127	2020-05-05T19:00:00Z	126	Normal	127	normal	2020-05-06T18:00:00Z	125.66666666666667	1.3333333333333286	164	227	210	36.06919700654431	116.21266458143843	152.28186158798275	1899-12-30T10:45:00Z	36	NA	NA	NA	NA	2.5	104.03477280000001	7.590888888888889
DC	2020-08-05T00:00:00Z	6D	45	NA	NA	NA	NA	NA	NA	bud not open	2020	6D45	6	D				NA	flowering > vegetative > flowering	flowering	vegetative	flowering	FALSE	Addition	Addition	2020-05-06T18:00:00Z	127	2020-05-05T19:00:00Z	126	Normal	127	normal	2020-05-06T18:00:00Z	125.66666666666667	1.3333333333333286	164	227	210	36.06919700654431	116.21266458143843	152.28186158798275	1899-12-30T10:45:00Z	NA	NA	NA	NA	NA	NA	NA	7.590888888888889
