observer	date	plot	subplot	plant	inflor	height_cm	open_1	buds_1	eggs_1	open_2	buds_2	eggs_2	open_3	buds_3	eggs_3	open_4	buds_4	eggs_4	open_5	buds_5	eggs_5	open_6	buds_6	eggs_6	open_7	buds_7	eggs_7	damage	notes	plotid	plantid	julian	open	buds	eggs	water	snow	water4
XL	2020-06-19T00:00:00Z	4	A	68	1	32	2	3	5	NA	NA	NA	NA	NA	NA	NA	NA	NA	NA	NA	NA	NA	NA	NA	NA	NA	NA	NA	NA	4A	4A68	171	2	3	5	Addition	Early	Addition
XL	2020-06-19T00:00:00Z	4	C	195	2	53	3	0	6	NA	NA	NA	NA	NA	NA	NA	NA	NA	NA	NA	NA	NA	NA	NA	NA	NA	NA	NA	NA	4C	4C195	171	3	0	6	Control	Early	Control
XL	2020-06-19T00:00:00Z	2	A	285	1	42	1	1	0	NA	NA	NA	NA	NA	NA	NA	NA	NA	NA	NA	NA	NA	NA	NA	NA	NA	NA	NA	NA	2A	2A285	171	1	1	0	Control	Early	Control
XL	2020-06-19T00:00:00Z	2	D	194	3	39	1	1	2	NA	NA	NA	NA	NA	NA	NA	NA	NA	NA	NA	NA	NA	NA	NA	NA	NA	NA	NA	NA	2D	2D194	171	1	1	2	Addition	Early	Addition
XL	2020-06-19T00:00:00Z	2	D	191	2	31	0	1	0	NA	NA	NA	NA	NA	NA	NA	NA	NA	NA	NA	NA	NA	NA	NA	NA	NA	NA	NA	NA	2D	2D191	171	0	1	0	Addition	Early	Addition
XL	2020-06-19T00:00:00Z	5	D	268	1	37	2	0	4	NA	NA	NA	NA	NA	NA	NA	NA	NA	NA	NA	NA	NA	NA	NA	NA	NA	NA	NA	NA	5D	5D268	171	2	0	4	Control	Early	Control
XL	2020-06-26T00:00:00Z	1	C	64	2	37	3	3	5	10	2	6	NA	NA	NA	NA	NA	NA	NA	NA	NA	NA	NA	NA	NA	NA	NA	NA	NA	1C	1C64	178	13	5	11	Control	Normal	Mock rainout
XL	2020-06-26T00:00:00Z	1	D	24	1	34	3	2	9	NA	NA	NA	NA	NA	NA	NA	NA	NA	NA	NA	NA	NA	NA	NA	NA	NA	NA	NA	NA	1D	1D24	178	3	2	9	Reduction	Normal	Reduction
XL	2020-06-26T00:00:00Z	2	A	94	1	34	1	0	1	NA	NA	NA	NA	NA	NA	NA	NA	NA	NA	NA	NA	NA	NA	NA	NA	NA	NA	NA	NA	2A	2A94	178	1	0	1	Control	Early	Control
XL	2020-06-26T00:00:00Z	2	A	284	1	42	7	3	5	NA	NA	NA	NA	NA	NA	NA	NA	NA	NA	NA	NA	NA	NA	NA	NA	NA	NA	NA	NA	2A	2A284	178	7	3	5	Control	Early	Control
XL	2020-06-26T00:00:00Z	2	A	589	1	43	2	5	1	NA	NA	NA	NA	NA	NA	NA	NA	NA	NA	NA	NA	NA	NA	NA	NA	NA	NA	NA	NA	2A	2A589	178	2	5	1	Control	Early	Control
XL	2020-06-26T00:00:00Z	2	A	694	1	40	7	3	8	NA	NA	NA	NA	NA	NA	NA	NA	NA	NA	NA	NA	NA	NA	NA	NA	NA	NA	NA	NA	2A	2A694	178	7	3	8	Control	Early	Control
XL	2020-06-26T00:00:00Z	2	B	138	1	43	3	2	3	NA	NA	NA	NA	NA	NA	NA	NA	NA	NA	NA	NA	NA	NA	NA	NA	NA	NA	NA	NA	2B	2B138	178	3	2	3	Control	Early	Mock rainout
XL	2020-06-26T00:00:00Z	2	B	86	1	33	1	2	0	NA	NA	NA	NA	NA	NA	NA	NA	NA	NA	NA	NA	NA	NA	NA	NA	NA	NA	chewed	NA	2B	2B86	178	1	2	0	Control	Early	Mock rainout
XL	2020-06-26T00:00:00Z	2	B	89	1	30	5	1	4	NA	NA	NA	NA	NA	NA	NA	NA	NA	NA	NA	NA	NA	NA	NA	NA	NA	NA	NA	NA	2B	2B89	178	5	1	4	Control	Early	Mock rainout
XL	2020-06-26T00:00:00Z	2	B	180	1	35	0	1	1	NA	NA	NA	NA	NA	NA	NA	NA	NA	NA	NA	NA	NA	NA	NA	NA	NA	NA	chewed	NA	2B	2B180	178	0	1	1	Control	Early	Mock rainout
XL	2020-06-26T00:00:00Z	2	C	274	2	28	1	0	0	NA	NA	NA	NA	NA	NA	NA	NA	NA	NA	NA	NA	NA	NA	NA	NA	NA	NA	NA	NA	2C	2C274	178	1	0	0	Reduction	Early	Reduction
XL	2020-06-26T00:00:00Z	2	D	204	1	61	0	2	3	NA	NA	NA	NA	NA	NA	NA	NA	NA	NA	NA	NA	NA	NA	NA	NA	NA	NA	NA	NA	2D	2D204	178	0	2	3	Addition	Early	Addition
XL	2020-06-26T00:00:00Z	2	D	210	1	27	2	0	2	NA	NA	NA	NA	NA	NA	NA	NA	NA	NA	NA	NA	NA	NA	NA	NA	NA	NA	NA	NA	2D	2D210	178	2	0	2	Addition	Early	Addition
XL	2020-06-26T00:00:00Z	2	D	194	3	40	2	0	3	1	0	0	NA	NA	NA	NA	NA	NA	NA	NA	NA	NA	NA	NA	NA	NA	NA	chewed	NA	2D	2D194	178	3	0	3	Addition	Early	Addition
XL	2020-06-26T00:00:00Z	2	D	219	1	39	0	2	1	3	1	6	NA	NA	NA	NA	NA	NA	NA	NA	NA	NA	NA	NA	NA	NA	NA	NA	NA	2D	2D219	178	3	3	7	Addition	Early	Addition
XL	2020-06-26T00:00:00Z	2	D	193	3	39	0	2	0	NA	NA	NA	NA	NA	NA	NA	NA	NA	NA	NA	NA	NA	NA	NA	NA	NA	NA	NA	NA	2D	2D193	178	0	2	0	Addition	Early	Addition
XL	2020-06-26T00:00:00Z	4	A	114	1	48	5	5	11	NA	NA	NA	NA	NA	NA	NA	NA	NA	NA	NA	NA	NA	NA	NA	NA	NA	NA	NA	NA	4A	4A114	178	5	5	11	Addition	Early	Addition
XL	2020-06-26T00:00:00Z	4	A	68	1	35	3	2	1	NA	NA	NA	NA	NA	NA	NA	NA	NA	NA	NA	NA	NA	NA	NA	NA	NA	NA	NA	NA	4A	4A68	178	3	2	1	Addition	Early	Addition
XL	2020-06-26T00:00:00Z	4	A	85	4	40	3	1	3	1	2	1	2	0	NA	NA	NA	NA	NA	NA	NA	NA	NA	NA	NA	NA	NA	NA	NA	4A	4A85	178	6	3	4	Addition	Early	Addition
XL	2020-06-26T00:00:00Z	4	A	124	3	23	1	2	1	NA	NA	NA	NA	NA	NA	NA	NA	NA	NA	NA	NA	NA	NA	NA	NA	NA	NA	NA	NA	4A	4A124	178	1	2	1	Addition	Early	Addition
XL	2020-06-26T00:00:00Z	4	B	594	1	45	14	3	2	NA	NA	NA	NA	NA	NA	NA	NA	NA	NA	NA	NA	NA	NA	NA	NA	NA	NA	NA	NA	4B	4B594	178	14	3	2	Control	Early	Mock rainout
XL	2020-06-26T00:00:00Z	4	B	596	1	20	0	1	0	NA	NA	NA	NA	NA	NA	NA	NA	NA	NA	NA	NA	NA	NA	NA	NA	NA	NA	chewed	NA	4B	4B596	178	0	1	0	Control	Early	Mock rainout
JP	2020-06-26T00:00:00Z	1	A	133	1	34	0	1	0	NA	NA	NA	NA	NA	NA	NA	NA	NA	NA	NA	NA	NA	NA	NA	NA	NA	NA	NA	NA	1A	1A133	178	0	1	0	Addition	Normal	Addition
JP	2020-06-26T00:00:00Z	1	A	231	1	44	0	1	0	NA	NA	NA	NA	NA	NA	NA	NA	NA	NA	NA	NA	NA	NA	NA	NA	NA	NA	NA	NA	1A	1A231	178	0	1	0	Addition	Normal	Addition
JP	2020-06-26T00:00:00Z	1	A	257	1	NA	0	2	1	NA	NA	NA	NA	NA	NA	NA	NA	NA	NA	NA	NA	NA	NA	NA	NA	NA	NA	NA	no height recorded. fly photo.	1A	1A257	178	0	2	1	Addition	Normal	Addition
JP	2020-06-26T00:00:00Z	1	A	280	3	22	0	1	0	NA	NA	NA	NA	NA	NA	NA	NA	NA	NA	NA	NA	NA	NA	NA	NA	NA	NA	NA	NA	1A	1A280	178	0	1	0	Addition	Normal	Addition
JP	2020-06-26T00:00:00Z	5	A	191	1	32	1	1	1	NA	NA	NA	NA	NA	NA	NA	NA	NA	NA	NA	NA	NA	NA	NA	NA	NA	NA	NA	NA	5A	5A191	178	1	1	1	Addition	Early	Addition
JP	2020-06-26T00:00:00Z	5	A	185	2	33	0	0	NA	NA	NA	NA	NA	NA	NA	NA	NA	NA	NA	NA	NA	NA	NA	NA	NA	NA	NA	NA	NA	5A	5A185	178	0	0	0	Addition	Early	Addition
JP	2020-06-26T00:00:00Z	5	B	16	1	40	4	3	0	NA	NA	NA	NA	NA	NA	NA	NA	NA	NA	NA	NA	NA	NA	NA	NA	NA	NA	NA	NA	5B	5B16	178	4	3	0	Control	Early	Mock rainout
JP	2020-06-26T00:00:00Z	5	B	20	6	34	1	0	0	NA	NA	NA	NA	NA	NA	NA	NA	NA	NA	NA	NA	NA	NA	NA	NA	NA	NA	NA	NA	5B	5B20	178	1	0	0	Control	Early	Mock rainout
JP	2020-06-26T00:00:00Z	5	B	12	1	39	2	1	0	NA	NA	NA	NA	NA	NA	NA	NA	NA	NA	NA	NA	NA	NA	NA	NA	NA	NA	NA	NA	5B	5B12	178	2	1	0	Control	Early	Mock rainout
JP	2020-06-26T00:00:00Z	5	B	89	1	33	4	1	1	NA	NA	NA	NA	NA	NA	NA	NA	NA	NA	NA	NA	NA	NA	NA	NA	NA	NA	NA	NA	5B	5B89	178	4	1	1	Control	Early	Mock rainout
JP	2020-06-26T00:00:00Z	6	D	71	3	34	0	0	NA	NA	NA	NA	NA	NA	NA	NA	NA	NA	NA	NA	NA	NA	NA	NA	NA	NA	NA	NA	NA	6D	6D71	178	0	0	0	Addition	Normal	Addition
JP	2020-06-26T00:00:00Z	6	D	68	2	31	0	3	1	NA	NA	NA	NA	NA	NA	NA	NA	NA	NA	NA	NA	NA	NA	NA	NA	NA	NA	NA	NA	6D	6D68	178	0	3	1	Addition	Normal	Addition
JP	2020-06-26T00:00:00Z	6	D	52	1	35	2	2	0	NA	NA	NA	NA	NA	NA	NA	NA	NA	NA	NA	NA	NA	NA	NA	NA	NA	NA	NA	NA	6D	6D52	178	2	2	0	Addition	Normal	Addition
JP	2020-06-26T00:00:00Z	4	D	47	2	32	0	1	1	NA	NA	NA	NA	NA	NA	NA	NA	NA	NA	NA	NA	NA	NA	NA	NA	NA	NA	chewed	NA	4D	4D47	178	0	1	1	Reduction	Early	Reduction
JP	2020-06-26T00:00:00Z	4	C	213	1	35	2	0	2	NA	NA	NA	NA	NA	NA	NA	NA	NA	NA	NA	NA	NA	NA	NA	NA	NA	NA	NA	NA	4C	4C213	178	2	0	2	Control	Early	Control
JP	2020-06-26T00:00:00Z	4	C	195	1	56	3	4	2	NA	NA	NA	NA	NA	NA	NA	NA	NA	NA	NA	NA	NA	NA	NA	NA	NA	NA	NA	NA	4C	4C195	178	3	4	2	Control	Early	Control
JP	2020-06-26T00:00:00Z	4	C	641	3	23	3	2	1	NA	NA	NA	NA	NA	NA	NA	NA	NA	NA	NA	NA	NA	NA	NA	NA	NA	NA	NA	outside plot	4C	4C641	178	3	2	1	Control	Early	Control
JP	2020-07-03T00:00:00Z	2	A	94	1	35	5	2	1	NA	NA	NA	NA	NA	NA	NA	NA	NA	NA	NA	NA	NA	NA	NA	NA	NA	NA	NA	NA	2A	2A94	185	5	2	1	Control	Early	Control
JP	2020-07-03T00:00:00Z	2	A	285	1	44	5	3	0	NA	NA	NA	NA	NA	NA	NA	NA	NA	NA	NA	NA	NA	NA	NA	NA	NA	NA	NA	NA	2A	2A285	185	5	3	0	Control	Early	Control
JP	2020-07-03T00:00:00Z	2	A	589	1	41	2	1	0	NA	NA	NA	NA	NA	NA	NA	NA	NA	NA	NA	NA	NA	NA	NA	NA	NA	NA	bent	NA	2A	2A589	185	2	1	0	Control	Early	Control
JP	2020-07-03T00:00:00Z	2	A	694	1	40	4	1	1	NA	NA	NA	NA	NA	NA	NA	NA	NA	NA	NA	NA	NA	NA	NA	NA	NA	NA	NA	knocked out egg	2A	2A694	185	4	1	1	Control	Early	Control
JP	2020-07-03T00:00:00Z	2	B	138	1	39	4	0	1	NA	NA	NA	NA	NA	NA	NA	NA	NA	NA	NA	NA	NA	NA	NA	NA	NA	NA	NA	NA	2B	2B138	185	4	0	1	Control	Early	Mock rainout
JP	2020-07-03T00:00:00Z	2	B	81	1	25	1	1	0	NA	NA	NA	NA	NA	NA	NA	NA	NA	NA	NA	NA	NA	NA	NA	NA	NA	NA	chewed	NA	2B	2B81	185	1	1	0	Control	Early	Mock rainout
JP	2020-07-03T00:00:00Z	2	B	86	1	32	4	1	0	NA	NA	NA	NA	NA	NA	NA	NA	NA	NA	NA	NA	NA	NA	NA	NA	NA	NA	NA	NA	2B	2B86	185	4	1	0	Control	Early	Mock rainout
JP	2020-07-03T00:00:00Z	2	B	83	1	29	2	1	1	NA	NA	NA	NA	NA	NA	NA	NA	NA	NA	NA	NA	NA	NA	NA	NA	NA	NA	chewed	NA	2B	2B83	185	2	1	1	Control	Early	Mock rainout
JP	2020-07-03T00:00:00Z	2	B	89	1	27	0	1	0	NA	NA	NA	NA	NA	NA	NA	NA	NA	NA	NA	NA	NA	NA	NA	NA	NA	NA	NA	NA	2B	2B89	185	0	1	0	Control	Early	Mock rainout
JP	2020-07-03T00:00:00Z	2	B	92	1	24	3	0	1	NA	NA	NA	NA	NA	NA	NA	NA	NA	NA	NA	NA	NA	NA	NA	NA	NA	NA	NA	NA	2B	2B92	185	3	0	1	Control	Early	Mock rainout
JP	2020-07-03T00:00:00Z	2	B	190	11	28	1	0	1	1	1	0	0	1	1	1	0	1	1	0	0	1	1	0	NA	NA	NA	NA	all growing from 1 rosette	2B	2B190	185	5	3	3	Control	Early	Mock rainout
JP	2020-07-03T00:00:00Z	2	B	185	1	31	1	1	1	NA	NA	NA	NA	NA	NA	NA	NA	NA	NA	NA	NA	NA	NA	NA	NA	NA	NA	chewed	NA	2B	2B185	185	1	1	1	Control	Early	Mock rainout
JP	2020-07-03T00:00:00Z	2	B	180	1	37	5	2	0	NA	NA	NA	NA	NA	NA	NA	NA	NA	NA	NA	NA	NA	NA	NA	NA	NA	NA	NA	NA	2B	2B180	185	5	2	0	Control	Early	Mock rainout
JP	2020-07-03T00:00:00Z	2	B	97	1	34	1	2	0	NA	NA	NA	NA	NA	NA	NA	NA	NA	NA	NA	NA	NA	NA	NA	NA	NA	NA	NA	NA	2B	2B97	185	1	2	0	Control	Early	Mock rainout
JP	2020-07-03T00:00:00Z	2	D	187	3	52	3	1	0	7	6	1	NA	NA	NA	NA	NA	NA	NA	NA	NA	NA	NA	NA	NA	NA	NA	NA	3 rosettes	2D	2D187	185	10	7	1	Addition	Early	Addition
JP	2020-07-03T00:00:00Z	2	D	204	1	60	4	5	0	NA	NA	NA	NA	NA	NA	NA	NA	NA	NA	NA	NA	NA	NA	NA	NA	NA	NA	NA	NA	2D	2D204	185	4	5	0	Addition	Early	Addition
JP	2020-07-03T00:00:00Z	2	D	219	1	29	1	0	0	NA	NA	NA	NA	NA	NA	NA	NA	NA	NA	NA	NA	NA	NA	NA	NA	NA	NA	NA	NA	2D	2D219	185	1	0	0	Addition	Early	Addition
JP	2020-07-03T00:00:00Z	2	D	93	3	38	5	3	0	NA	NA	NA	NA	NA	NA	NA	NA	NA	NA	NA	NA	NA	NA	NA	NA	NA	NA	NA	NA	2D	2D93	185	5	3	0	Addition	Early	Addition
XL	2020-07-03T00:00:00Z	1	A	230	1	30	1	1	0	NA	NA	NA	NA	NA	NA	NA	NA	NA	NA	NA	NA	NA	NA	NA	NA	NA	NA	chewed	NA	1A	1A230	185	1	1	0	Addition	Normal	Addition
XL	2020-07-03T00:00:00Z	1	A	231	1	48	6	4	4	NA	NA	NA	NA	NA	NA	NA	NA	NA	NA	NA	NA	NA	NA	NA	NA	NA	NA	NA	NA	1A	1A231	185	6	4	4	Addition	Normal	Addition
XL	2020-07-03T00:00:00Z	1	A	233	1	35	1	2	0	NA	NA	NA	NA	NA	NA	NA	NA	NA	NA	NA	NA	NA	NA	NA	NA	NA	NA	NA	NA	1A	1A233	185	1	2	0	Addition	Normal	Addition
XL	2020-07-03T00:00:00Z	1	A	235	1	27	1	1	0	NA	NA	NA	NA	NA	NA	NA	NA	NA	NA	NA	NA	NA	NA	NA	NA	NA	NA	bent	NA	1A	1A235	185	1	1	0	Addition	Normal	Addition
XL	2020-07-03T00:00:00Z	1	A	255	1	32	4	3	0	NA	NA	NA	NA	NA	NA	NA	NA	NA	NA	NA	NA	NA	NA	NA	NA	NA	NA	NA	NA	1A	1A255	185	4	3	0	Addition	Normal	Addition
XL	2020-07-03T00:00:00Z	1	A	250	3	24	2	1	1	1	0	0	1	1	0	NA	NA	NA	NA	NA	NA	NA	NA	NA	NA	NA	NA	NA	NA	1A	1A250	185	4	2	1	Addition	Normal	Addition
XL	2020-07-03T00:00:00Z	1	A	251	1	42	3	3	0	NA	NA	NA	NA	NA	NA	NA	NA	NA	NA	NA	NA	NA	NA	NA	NA	NA	NA	NA	NA	1A	1A251	185	3	3	0	Addition	Normal	Addition
XL	2020-07-03T00:00:00Z	1	A	246	1	32	7	2	0	NA	NA	NA	NA	NA	NA	NA	NA	NA	NA	NA	NA	NA	NA	NA	NA	NA	NA	NA	NA	1A	1A246	185	7	2	0	Addition	Normal	Addition
XL	2020-07-03T00:00:00Z	1	A	244	2	27	2	2	0	1	1	0	NA	NA	NA	NA	NA	NA	NA	NA	NA	NA	NA	NA	NA	NA	NA	NA	NA	1A	1A244	185	3	3	0	Addition	Normal	Addition
XL	2020-07-03T00:00:00Z	1	A	243	1	30	1	0	0	NA	NA	NA	NA	NA	NA	NA	NA	NA	NA	NA	NA	NA	NA	NA	NA	NA	NA	bent	NA	1A	1A243	185	1	0	0	Addition	Normal	Addition
XL	2020-07-03T00:00:00Z	1	B	649	1	28	1	1	0	NA	NA	NA	NA	NA	NA	NA	NA	NA	NA	NA	NA	NA	NA	NA	NA	NA	NA	chewed	NA	1B	1B649	185	1	1	0	Control	Normal	Control
XL	2020-07-03T00:00:00Z	1	C	64	2	38	3	3	3	8	5	1	NA	NA	NA	NA	NA	NA	NA	NA	NA	NA	NA	NA	NA	NA	NA	NA	NA	1C	1C64	185	11	8	4	Control	Normal	Mock rainout
XL	2020-07-03T00:00:00Z	1	C	54	1	45	1	0	0	NA	NA	NA	NA	NA	NA	NA	NA	NA	NA	NA	NA	NA	NA	NA	NA	NA	NA	NA	NA	1C	1C54	185	1	0	0	Control	Normal	Mock rainout
XL	2020-07-03T00:00:00Z	1	D	20	1	40	2	2	2	NA	NA	NA	NA	NA	NA	NA	NA	NA	NA	NA	NA	NA	NA	NA	NA	NA	NA	NA	NA	1D	1D20	185	2	2	2	Reduction	Normal	Reduction
XL	2020-07-03T00:00:00Z	1	D	5	1	26	2	1	2	NA	NA	NA	NA	NA	NA	NA	NA	NA	NA	NA	NA	NA	NA	NA	NA	NA	NA	NA	NA	1D	1D5	185	2	1	2	Reduction	Normal	Reduction
XL	2020-07-03T00:00:00Z	1	D	24	1	36	12	6	8	NA	NA	NA	NA	NA	NA	NA	NA	NA	NA	NA	NA	NA	NA	NA	NA	NA	NA	NA	NA	1D	1D24	185	12	6	8	Reduction	Normal	Reduction
XL	2020-07-03T00:00:00Z	5	A	196	1	21	2	2	0	NA	NA	NA	NA	NA	NA	NA	NA	NA	NA	NA	NA	NA	NA	NA	NA	NA	NA	NA	NA	5A	5A196	185	2	2	0	Addition	Early	Addition
XL	2020-07-03T00:00:00Z	5	A	191	1	34	5	4	1	NA	NA	NA	NA	NA	NA	NA	NA	NA	NA	NA	NA	NA	NA	NA	NA	NA	NA	NA	NA	5A	5A191	185	5	4	1	Addition	Early	Addition
XL	2020-07-03T00:00:00Z	5	A	185	2	36	2	1	0	4	2	5	NA	NA	NA	NA	NA	NA	NA	NA	NA	NA	NA	NA	NA	NA	NA	NA	NA	5A	5A185	185	6	3	5	Addition	Early	Addition
XL	2020-07-03T00:00:00Z	5	B	16	1	41	8	3	2	NA	NA	NA	NA	NA	NA	NA	NA	NA	NA	NA	NA	NA	NA	NA	NA	NA	NA	NA	NA	5B	5B16	185	8	3	2	Control	Early	Mock rainout
XL	2020-07-03T00:00:00Z	5	B	12	1	42	3	6	2	NA	NA	NA	NA	NA	NA	NA	NA	NA	NA	NA	NA	NA	NA	NA	NA	NA	NA	NA	NA	5B	5B12	185	3	6	2	Control	Early	Mock rainout
XL	2020-07-03T00:00:00Z	5	B	288	3	26	2	1	3	NA	NA	NA	NA	NA	NA	NA	NA	NA	NA	NA	NA	NA	NA	NA	NA	NA	NA	NA	NA	5B	5B288	185	2	1	3	Control	Early	Mock rainout
XL	2020-07-03T00:00:00Z	5	B	289	1	33	5	0	2	NA	NA	NA	NA	NA	NA	NA	NA	NA	NA	NA	NA	NA	NA	NA	NA	NA	NA	NA	NA	5B	5B289	185	5	0	2	Control	Early	Mock rainout
XL	2020-07-03T00:00:00Z	5	B	296	4	31	1	3	1	NA	NA	NA	NA	NA	NA	NA	NA	NA	NA	NA	NA	NA	NA	NA	NA	NA	NA	NA	NA	5B	5B296	185	1	3	1	Control	Early	Mock rainout
XL	2020-07-03T00:00:00Z	5	B	4	1	46	9	3	4	NA	NA	NA	NA	NA	NA	NA	NA	NA	NA	NA	NA	NA	NA	NA	NA	NA	NA	NA	NA	5B	5B4	185	9	3	4	Control	Early	Mock rainout
XL	2020-07-03T00:00:00Z	5	B	20	7	42	4	2	2	0	2	0	2	2	1	5	3	1	5	5	2	5	3	0	NA	NA	NA	NA	NA	5B	5B20	185	21	17	6	Control	Early	Mock rainout
XL	2020-07-03T00:00:00Z	5	C	225	1	40	4	0	0	NA	NA	NA	NA	NA	NA	NA	NA	NA	NA	NA	NA	NA	NA	NA	NA	NA	NA	NA	NA	5C	5C225	185	4	0	0	Reduction	Early	Reduction
XL	2020-07-03T00:00:00Z	5	C	683	6	35	1	0	0	1	0	1	1	0	0	3	2	2	1	0	0	3	2	0	NA	NA	NA	NA	NA	5C	5C683	185	10	4	3	Reduction	Early	Reduction
XL	2020-07-03T00:00:00Z	5	C	224	6	34	3	1	0	3	2	0	NA	NA	NA	NA	NA	NA	NA	NA	NA	NA	NA	NA	NA	NA	NA	NA	NA	5C	5C224	185	6	3	0	Reduction	Early	Reduction
XL	2020-07-03T00:00:00Z	5	C	221	3	27	4	0	1	3	0	0	NA	NA	NA	NA	NA	NA	NA	NA	NA	NA	NA	NA	NA	NA	NA	NA	NA	5C	5C221	185	7	0	1	Reduction	Early	Reduction
XL	2020-07-03T00:00:00Z	5	C	202	1	32	1	0	1	NA	NA	NA	NA	NA	NA	NA	NA	NA	NA	NA	NA	NA	NA	NA	NA	NA	NA	NA	NA	5C	5C202	185	1	0	1	Reduction	Early	Reduction
XL	2020-07-03T00:00:00Z	5	C	242	1	34	5	5	0	NA	NA	NA	NA	NA	NA	NA	NA	NA	NA	NA	NA	NA	NA	NA	NA	NA	NA	NA	NA	5C	5C242	185	5	5	0	Reduction	Early	Reduction
XL	2020-07-03T00:00:00Z	5	C	250	2	33	3	1	0	NA	NA	NA	NA	NA	NA	NA	NA	NA	NA	NA	NA	NA	NA	NA	NA	NA	NA	NA	NA	5C	5C250	185	3	1	0	Reduction	Early	Reduction
XL	2020-07-03T00:00:00Z	5	C	268	1	37	9	2	2	NA	NA	NA	NA	NA	NA	NA	NA	NA	NA	NA	NA	NA	NA	NA	NA	NA	NA	NA	NA	5C	5C268	185	9	2	2	Reduction	Early	Reduction
XL	2020-07-03T00:00:00Z	5	C	269	1	32	6	0	2	NA	NA	NA	NA	NA	NA	NA	NA	NA	NA	NA	NA	NA	NA	NA	NA	NA	NA	NA	NA	5C	5C269	185	6	0	2	Reduction	Early	Reduction
XL	2020-07-03T00:00:00Z	5	C	274	1	37	10	4	4	NA	NA	NA	NA	NA	NA	NA	NA	NA	NA	NA	NA	NA	NA	NA	NA	NA	NA	NA	NA	5C	5C274	185	10	4	4	Reduction	Early	Reduction
ST	2020-06-23T00:00:00Z	5	C	225	1	41	1	1	2	NA	NA	NA	NA	NA	NA	NA	NA	NA	NA	NA	NA	NA	NA	NA	NA	NA	NA	NA	NA	5C	5C225	175	1	1	2	Reduction	Early	Reduction
ST	2020-06-23T00:00:00Z	5	C	683	5	31	2	1	0	NA	NA	NA	NA	NA	NA	NA	NA	NA	NA	NA	NA	NA	NA	NA	NA	NA	NA	NA	NA	5C	5C683	175	2	1	0	Reduction	Early	Reduction
ST	2020-06-23T00:00:00Z	5	C	224	6	34	0	1	0	NA	NA	NA	NA	NA	NA	NA	NA	NA	NA	NA	NA	NA	NA	NA	NA	NA	NA	NA	NA	5C	5C224	175	0	1	0	Reduction	Early	Reduction
ST	2020-06-23T00:00:00Z	5	C	221	3	26	0	1	0	NA	NA	NA	NA	NA	NA	NA	NA	NA	NA	NA	NA	NA	NA	NA	NA	NA	NA	chewed	NA	5C	5C221	175	0	1	0	Reduction	Early	Reduction
ST	2020-06-23T00:00:00Z	5	D	242	1	34	1	0	0	NA	NA	NA	NA	NA	NA	NA	NA	NA	NA	NA	NA	NA	NA	NA	NA	NA	NA	NA	NA	5D	5D242	175	1	0	0	Control	Early	Control
ST	2020-06-23T00:00:00Z	5	D	230	3	29	1	0	0	NA	NA	NA	NA	NA	NA	NA	NA	NA	NA	NA	NA	NA	NA	NA	NA	NA	NA	NA	NA	5D	5D230	175	1	0	0	Control	Early	Control
ST	2020-06-23T00:00:00Z	5	D	274	1	37	2	4	1	NA	NA	NA	NA	NA	NA	NA	NA	NA	NA	NA	NA	NA	NA	NA	NA	NA	NA	NA	NA	5D	5D274	175	2	4	1	Control	Early	Control
ST	2020-06-23T00:00:00Z	5	D	269	1	32	3	2	2	NA	NA	NA	NA	NA	NA	NA	NA	NA	NA	NA	NA	NA	NA	NA	NA	NA	NA	NA	NA	5D	5D269	175	3	2	2	Control	Early	Control
ST	2020-06-23T00:00:00Z	5	D	268	1	38	6	1	3	NA	NA	NA	NA	NA	NA	NA	NA	NA	NA	NA	NA	NA	NA	NA	NA	NA	NA	NA	NA	5D	5D268	175	6	1	3	Control	Early	Control
ST	2020-06-23T00:00:00Z	3	D	886	2	35	1	3	1	NA	NA	NA	NA	NA	NA	NA	NA	NA	NA	NA	NA	NA	NA	NA	NA	NA	NA	NA	NA	3D	3D886	175	1	3	1	Control	Normal	Control
ST	2020-06-23T00:00:00Z	3	D	30	2	36	0	1	0	NA	NA	NA	NA	NA	NA	NA	NA	NA	NA	NA	NA	NA	NA	NA	NA	NA	NA	NA	NA	3D	3D30	175	0	1	0	Control	Normal	Control
ST	2020-06-23T00:00:00Z	3	D	875	2	37	3	1	3	NA	NA	NA	NA	NA	NA	NA	NA	NA	NA	NA	NA	NA	NA	NA	NA	NA	NA	NA	NA	3D	3D875	175	3	1	3	Control	Normal	Control
ST	2020-06-23T00:00:00Z	6	A	685	2	33	3	2	5	1	1	1	NA	NA	NA	NA	NA	NA	NA	NA	NA	NA	NA	NA	NA	NA	NA	NA	NA	6A	6A685	175	4	3	6	Control	Normal	Control
ST	2020-06-23T00:00:00Z	6	A	165	1	36	1	2	1	NA	NA	NA	NA	NA	NA	NA	NA	NA	NA	NA	NA	NA	NA	NA	NA	NA	NA	NA	NA	6A	6A165	175	1	2	1	Control	Normal	Control
ST	2020-07-03T00:00:00Z	3	A	125	1	35	2	1	2	NA	NA	NA	NA	NA	NA	NA	NA	NA	NA	NA	NA	NA	NA	NA	NA	NA	NA	NA	NA	3A	3A125	185	2	1	2	Reduction	Normal	Reduction
ST	2020-07-03T00:00:00Z	3	A	278	1	43	6	4	2	NA	NA	NA	NA	NA	NA	NA	NA	NA	NA	NA	NA	NA	NA	NA	NA	NA	NA	NA	NA	3A	3A278	185	6	4	2	Reduction	Normal	Reduction
ST	2020-07-03T00:00:00Z	3	A	638	1	64	1	2	3	NA	NA	NA	NA	NA	NA	NA	NA	NA	NA	NA	NA	NA	NA	NA	NA	NA	NA	NA	NA	3A	3A638	185	1	2	3	Reduction	Normal	Reduction
ST	2020-07-03T00:00:00Z	3	B	621	1	55	6	2	0	NA	NA	NA	NA	NA	NA	NA	NA	NA	NA	NA	NA	NA	NA	NA	NA	NA	NA	NA	NA	3B	3B621	185	6	2	0	Control	Normal	Mock rainout
ST	2020-07-03T00:00:00Z	3	B	831	1	38	2	0	0	NA	NA	NA	NA	NA	NA	NA	NA	NA	NA	NA	NA	NA	NA	NA	NA	NA	NA	NA	NA	3B	3B831	185	2	0	0	Control	Normal	Mock rainout
ST	2020-07-03T00:00:00Z	3	B	828	1	27	4	2	0	NA	NA	NA	NA	NA	NA	NA	NA	NA	NA	NA	NA	NA	NA	NA	NA	NA	NA	NA	NA	3B	3B828	185	4	2	0	Control	Normal	Mock rainout
ST	2020-07-03T00:00:00Z	3	B	603	1	42	2	1	2	NA	NA	NA	NA	NA	NA	NA	NA	NA	NA	NA	NA	NA	NA	NA	NA	NA	NA	NA	NA	3B	3B603	185	2	1	2	Control	Normal	Mock rainout
ST	2020-07-03T00:00:00Z	3	C	174184	1	49	4	3	2	NA	NA	NA	NA	NA	NA	NA	NA	NA	NA	NA	NA	NA	NA	NA	NA	NA	NA	NA	Said plant = 174	3C	3C174184	185	4	3	2	Addition	Normal	Addition
ST	2020-07-03T00:00:00Z	3	C	173	2	35	1	1	1	0	0	0	NA	NA	NA	NA	NA	NA	NA	NA	NA	NA	NA	NA	NA	NA	NA	NA	NA	3C	3C173	185	1	1	1	Addition	Normal	Addition
ST	2020-07-03T00:00:00Z	3	C	169	2	28	1	1	0	0	0	0	NA	NA	NA	NA	NA	NA	NA	NA	NA	NA	NA	NA	NA	NA	NA	NA	NA	3C	3C169	185	1	1	0	Addition	Normal	Addition
ST	2020-07-03T00:00:00Z	3	C	152	1	33	1	1	0	NA	NA	NA	NA	NA	NA	NA	NA	NA	NA	NA	NA	NA	NA	NA	NA	NA	NA	NA	NA	3C	3C152	185	1	1	0	Addition	Normal	Addition
ST	2020-07-03T00:00:00Z	3	C	154	1	27	1	0	0	NA	NA	NA	NA	NA	NA	NA	NA	NA	NA	NA	NA	NA	NA	NA	NA	NA	NA	NA	NA	3C	3C154	185	1	0	0	Addition	Normal	Addition
ST	2020-07-03T00:00:00Z	3	C	133	1	36	0	1	0	NA	NA	NA	NA	NA	NA	NA	NA	NA	NA	NA	NA	NA	NA	NA	NA	NA	NA	NA	NA	3C	3C133	185	0	1	0	Addition	Normal	Addition
ST	2020-07-03T00:00:00Z	3	C	149	1	17	0	1	0	NA	NA	NA	NA	NA	NA	NA	NA	NA	NA	NA	NA	NA	NA	NA	NA	NA	NA	NA	NA	3C	3C149	185	0	1	0	Addition	Normal	Addition
ST	2020-07-03T00:00:00Z	3	D	892	1	35	1	1	0	NA	NA	NA	NA	NA	NA	NA	NA	NA	NA	NA	NA	NA	NA	NA	NA	NA	NA	NA	NA	3D	3D892	185	1	1	0	Control	Normal	Control
ST	2020-07-03T00:00:00Z	3	D	893	1	24	0	1	1	NA	NA	NA	NA	NA	NA	NA	NA	NA	NA	NA	NA	NA	NA	NA	NA	NA	NA	chewed	NA	3D	3D893	185	0	1	1	Control	Normal	Control
ST	2020-07-03T00:00:00Z	3	D	886	2	36	6	3	3	3	1	1	NA	NA	NA	NA	NA	NA	NA	NA	NA	NA	NA	NA	NA	NA	NA	NA	NA	3D	3D886	185	9	4	4	Control	Normal	Control
ST	2020-07-03T00:00:00Z	3	D	881	1	29	0	1	0	NA	NA	NA	NA	NA	NA	NA	NA	NA	NA	NA	NA	NA	NA	NA	NA	NA	NA	NA	NA	3D	3D881	185	0	1	0	Control	Normal	Control
ST	2020-07-03T00:00:00Z	3	D	895	1	26	1	0	0	NA	NA	NA	NA	NA	NA	NA	NA	NA	NA	NA	NA	NA	NA	NA	NA	NA	NA	NA	NA	3D	3D895	185	1	0	0	Control	Normal	Control
ST	2020-07-03T00:00:00Z	3	D	876	1	27	1	0	1	NA	NA	NA	NA	NA	NA	NA	NA	NA	NA	NA	NA	NA	NA	NA	NA	NA	NA	NA	NA	3D	3D876	185	1	0	1	Control	Normal	Control
ST	2020-07-03T00:00:00Z	3	D	875	3	39	6	2	2	0	2	0	0	0	0	NA	NA	NA	NA	NA	NA	NA	NA	NA	NA	NA	NA	NA	NA	3D	3D875	185	6	4	2	Control	Normal	Control
ST	2020-07-03T00:00:00Z	6	A	165	1	42	10	2	6	NA	NA	NA	NA	NA	NA	NA	NA	NA	NA	NA	NA	NA	NA	NA	NA	NA	NA	NA	NA	6A	6A165	185	10	2	6	Control	Normal	Control
ST	2020-07-03T00:00:00Z	6	A	685	2	41	7	4	5	7	1	3	NA	NA	NA	NA	NA	NA	NA	NA	NA	NA	NA	NA	NA	NA	NA	NA	NA	6A	6A685	185	14	5	8	Control	Normal	Control
ST	2020-07-03T00:00:00Z	6	A	136	6	33	0	1	1	0	1	1	0	0	0	0	0	0	0	0	0	0	0	0	NA	NA	NA	NA	NA	6A	6A136	185	0	2	2	Control	Normal	Control
ST	2020-07-03T00:00:00Z	6	A	138	1	37	0	1	0	NA	NA	NA	NA	NA	NA	NA	NA	NA	NA	NA	NA	NA	NA	NA	NA	NA	NA	NA	NA	6A	6A138	185	0	1	0	Control	Normal	Control
ST	2020-07-03T00:00:00Z	6	A	145	1	30	1	1	1	NA	NA	NA	NA	NA	NA	NA	NA	NA	NA	NA	NA	NA	NA	NA	NA	NA	NA	NA	NA	6A	6A145	185	1	1	1	Control	Normal	Control
ST	2020-07-03T00:00:00Z	6	B	266	1	46	1	0	1	NA	NA	NA	NA	NA	NA	NA	NA	NA	NA	NA	NA	NA	NA	NA	NA	NA	NA	NA	NA	6B	6B266	185	1	0	1	Reduction	Normal	Reduction
ST	2020-07-03T00:00:00Z	6	B	120	1	59	16	10	5	NA	NA	NA	NA	NA	NA	NA	NA	NA	NA	NA	NA	NA	NA	NA	NA	NA	NA	NA	NA	6B	6B120	185	16	10	5	Reduction	Normal	Reduction
ST	2020-07-03T00:00:00Z	6	C	113	1	28	12	1	2	NA	NA	NA	NA	NA	NA	NA	NA	NA	NA	NA	NA	NA	NA	NA	NA	NA	NA	NA	NA	6C	6C113	185	12	1	2	Control	Normal	Mock rainout
ST	2020-07-03T00:00:00Z	6	C	93	5	37	1	1	0	2	3	0	3	2	0	0	0	0	0	0	0	NA	NA	NA	NA	NA	NA	NA	NA	6C	6C93	185	6	6	0	Control	Normal	Mock rainout
ST	2020-07-03T00:00:00Z	6	C	86	1	31	5	2	0	NA	NA	NA	NA	NA	NA	NA	NA	NA	NA	NA	NA	NA	NA	NA	NA	NA	NA	NA	NA	6C	6C86	185	5	2	0	Control	Normal	Mock rainout
ST	2020-07-03T00:00:00Z	6	D	68	2	32	7	2	0	NA	NA	NA	NA	NA	NA	NA	NA	NA	NA	NA	NA	NA	NA	NA	NA	NA	NA	NA	NA	6D	6D68	185	7	2	0	Addition	Normal	Addition
ST	2020-07-03T00:00:00Z	6	D	71	3	38	7	1	3	3	0	2	4	1	2	NA	NA	NA	NA	NA	NA	NA	NA	NA	NA	NA	NA	NA	NA	6D	6D71	185	14	2	7	Addition	Normal	Addition
ST	2020-07-03T00:00:00Z	6	D	46	6	29	3	1	0	0	0	0	0	0	0	0	0	0	0	0	0	0	0	0	NA	NA	NA	NA	NA	6D	6D46	185	3	1	0	Addition	Normal	Addition
ST	2020-07-03T00:00:00Z	6	D	52	1	36	4	0	1	NA	NA	NA	NA	NA	NA	NA	NA	NA	NA	NA	NA	NA	NA	NA	NA	NA	NA	NA	NA	6D	6D52	185	4	0	1	Addition	Normal	Addition
ST	2020-07-03T00:00:00Z	3	C	219	4	36	0	1	0	1	0	0	1	0	0	0	0	0	NA	NA	NA	NA	NA	NA	NA	NA	NA	NA	NA	3C	3C219	185	2	1	0	Addition	Normal	Addition
ST	2020-07-03T00:00:00Z	3	C	195	2	56	9	4	5	NA	NA	NA	NA	NA	NA	NA	NA	NA	NA	NA	NA	NA	NA	NA	NA	NA	NA	NA	NA	3C	3C195	185	9	4	5	Addition	Normal	Addition
BV	2020-06-23T00:00:00Z	3	C	152	1	31.5	3	2	3	NA	NA	NA	NA	NA	NA	NA	NA	NA	NA	NA	NA	NA	NA	NA	NA	NA	NA	NA	NA	3C	3C152	175	3	2	3	Addition	Normal	Addition
BV	2020-06-23T00:00:00Z	3	A	278	1	43.5	0	2	0	NA	NA	NA	NA	NA	NA	NA	NA	NA	NA	NA	NA	NA	NA	NA	NA	NA	NA	NA	NA	3A	3A278	175	0	2	0	Reduction	Normal	Reduction
BV	2020-06-23T00:00:00Z	3	B	129	1	51.5	1	7	4	NA	NA	NA	NA	NA	NA	NA	NA	NA	NA	NA	NA	NA	NA	NA	NA	NA	NA	NA	NA	3B	3B129	175	1	7	4	Control	Normal	Mock rainout
BV	2020-06-23T00:00:00Z	3	B	603	1	42.3	0	1	1	NA	NA	NA	NA	NA	NA	NA	NA	NA	NA	NA	NA	NA	NA	NA	NA	NA	NA	NA	NA	3B	3B603	175	0	1	1	Control	Normal	Mock rainout
BV	2020-06-23T00:00:00Z	4	B	295	1	29.5	5	3	11	NA	NA	NA	NA	NA	NA	NA	NA	NA	NA	NA	NA	NA	NA	NA	NA	NA	NA	NA	NA	4B	4B295	175	5	3	11	Control	Early	Mock rainout
BV	2020-07-03T00:00:00Z	4	B	680	1	30	10	1	2	NA	NA	NA	NA	NA	NA	NA	NA	NA	NA	NA	NA	NA	NA	NA	NA	NA	NA	NA	NA	4B	4B680	185	10	1	2	Control	Early	Mock rainout
BV	2020-07-03T00:00:00Z	4	B	594	1	45	10	2	0	NA	NA	NA	NA	NA	NA	NA	NA	NA	NA	NA	NA	NA	NA	NA	NA	NA	NA	NA	NA	4B	4B594	185	10	2	0	Control	Early	Mock rainout
BV	2020-07-03T00:00:00Z	4	B	596	1	31	4	3	3	NA	NA	NA	NA	NA	NA	NA	NA	NA	NA	NA	NA	NA	NA	NA	NA	NA	NA	NA	NA	4B	4B596	185	4	3	3	Control	Early	Mock rainout
BV	2020-07-03T00:00:00Z	4	D	47	1	33	3	1	1	NA	NA	NA	NA	NA	NA	NA	NA	NA	NA	NA	NA	NA	NA	NA	NA	NA	NA	NA	NA	4D	4D47	185	3	1	1	Reduction	Early	Reduction
BV	2020-07-03T00:00:00Z	4	D	37	1	22	1	2	0	NA	NA	NA	NA	NA	NA	NA	NA	NA	NA	NA	NA	NA	NA	NA	NA	NA	NA	NA	NA	4D	4D37	185	1	2	0	Reduction	Early	Reduction
BV	2020-07-03T00:00:00Z	4	A	85	1	40	5	2	1	NA	NA	NA	NA	NA	NA	NA	NA	NA	NA	NA	NA	NA	NA	NA	NA	NA	NA	NA	NA	4A	4A85	185	5	2	1	Addition	Early	Addition
BV	2020-07-03T00:00:00Z	4	A	80	2	35	1	0	0	5	4	1	NA	NA	NA	NA	NA	NA	NA	NA	NA	NA	NA	NA	NA	NA	NA	NA	NA	4A	4A80	185	6	4	1	Addition	Early	Addition
BV	2020-07-03T00:00:00Z	4	A	124	3	23	2	3	1	1	3	0	1	0	1	NA	NA	NA	NA	NA	NA	NA	NA	NA	NA	NA	NA	NA	NA	4A	4A124	185	4	6	2	Addition	Early	Addition
BV	2020-07-03T00:00:00Z	4	A	101	1	21	1	2	1	NA	NA	NA	NA	NA	NA	NA	NA	NA	NA	NA	NA	NA	NA	NA	NA	NA	NA	NA	NA	4A	4A101	185	1	2	1	Addition	Early	Addition
BV	2020-07-03T00:00:00Z	4	A	91	1	27	1	1	1	NA	NA	NA	NA	NA	NA	NA	NA	NA	NA	NA	NA	NA	NA	NA	NA	NA	NA	NA	NA	4A	4A91	185	1	1	1	Addition	Early	Addition
BV	2020-07-03T00:00:00Z	4	A	107	1	28	2	2	0	NA	NA	NA	NA	NA	NA	NA	NA	NA	NA	NA	NA	NA	NA	NA	NA	NA	NA	NA	NA	4A	4A107	185	2	2	0	Addition	Early	Addition
BV	2020-07-03T00:00:00Z	4	A	114	1	48	14	5	4	NA	NA	NA	NA	NA	NA	NA	NA	NA	NA	NA	NA	NA	NA	NA	NA	NA	NA	NA	NA	4A	4A114	185	14	5	4	Addition	Early	Addition
BV	2020-07-03T00:00:00Z	4	A	110	6	32	1	2	0	1	1	0	3	1	0	NA	NA	NA	NA	NA	NA	NA	NA	NA	NA	NA	NA	NA	NA	4A	4A110	185	5	4	0	Addition	Early	Addition
BV	2020-07-03T00:00:00Z	4	A	68	1	34	3	3	0	NA	NA	NA	NA	NA	NA	NA	NA	NA	NA	NA	NA	NA	NA	NA	NA	NA	NA	NA	NA	4A	4A68	185	3	3	0	Addition	Early	Addition
BV	2020-07-03T00:00:00Z	4	C	641	2	25	2	5	0	12	13	6	NA	NA	NA	NA	NA	NA	NA	NA	NA	NA	NA	NA	NA	NA	NA	NA	NA	4C	4C641	185	14	18	6	Control	Early	Control
BV	2020-07-10T00:00:00Z	4	A	124	3	24	3	0	0	3	3	1	3	1	1	NA	NA	NA	NA	NA	NA	NA	NA	NA	NA	NA	NA	NA	NA	4A	4A124	192	9	4	2	Addition	Early	Addition
BV	2020-07-10T00:00:00Z	4	A	101	1	21	3	3	5	NA	NA	NA	NA	NA	NA	NA	NA	NA	NA	NA	NA	NA	NA	NA	NA	NA	NA	NA	NA	4A	4A101	192	3	3	5	Addition	Early	Addition
BV	2020-07-10T00:00:00Z	4	A	107	1	28	4	2	2	NA	NA	NA	NA	NA	NA	NA	NA	NA	NA	NA	NA	NA	NA	NA	NA	NA	NA	NA	NA	4A	4A107	192	4	2	2	Addition	Early	Addition
BV	2020-07-10T00:00:00Z	4	A	114	1	49	1	2	1	NA	NA	NA	NA	NA	NA	NA	NA	NA	NA	NA	NA	NA	NA	NA	NA	NA	NA	NA	NA	4A	4A114	192	1	2	1	Addition	Early	Addition
BV	2020-07-10T00:00:00Z	4	A	109	1	24	1	1	0	NA	NA	NA	NA	NA	NA	NA	NA	NA	NA	NA	NA	NA	NA	NA	NA	NA	NA	NA	NA	4A	4A109	192	1	1	0	Addition	Early	Addition
BV	2020-07-10T00:00:00Z	4	A	110	6	33	3	2	1	5	1	1	3	0	0	NA	NA	NA	NA	NA	NA	NA	NA	NA	NA	NA	NA	NA	NA	4A	4A110	192	11	3	2	Addition	Early	Addition
BV	2020-07-10T00:00:00Z	4	A	68	1	34	1	1	0	NA	NA	NA	NA	NA	NA	NA	NA	NA	NA	NA	NA	NA	NA	NA	NA	NA	NA	NA	NA	4A	4A68	192	1	1	0	Addition	Early	Addition
BV	2020-07-10T00:00:00Z	4	A	85	4	40	2	2	0	5	2	1	0	2	0	NA	NA	NA	NA	NA	NA	NA	NA	NA	NA	NA	NA	NA	NA	4A	4A85	192	7	6	1	Addition	Early	Addition
BV	2020-07-10T00:00:00Z	4	A	80	4	36	1	0	0	3	1	1	0	1	0	NA	NA	NA	NA	NA	NA	NA	NA	NA	NA	NA	NA	NA	NA	4A	4A80	192	4	2	1	Addition	Early	Addition
BV	2020-07-10T00:00:00Z	4	A	99	1	28	1	0	0	NA	NA	NA	NA	NA	NA	NA	NA	NA	NA	NA	NA	NA	NA	NA	NA	NA	NA	NA	NA	4A	4A99	192	1	0	0	Addition	Early	Addition
BV	2020-07-10T00:00:00Z	4	A	91	1	28	6	0	0	NA	NA	NA	NA	NA	NA	NA	NA	NA	NA	NA	NA	NA	NA	NA	NA	NA	NA	NA	NA	4A	4A91	192	6	0	0	Addition	Early	Addition
BV	2020-07-10T00:00:00Z	4	B	596	1	32	14	8	6	NA	NA	NA	NA	NA	NA	NA	NA	NA	NA	NA	NA	NA	NA	NA	NA	NA	NA	NA	NA	4B	4B596	192	14	8	6	Control	Early	Mock rainout
BV	2020-07-10T00:00:00Z	4	B	594	1	24	8	2	0	NA	NA	NA	NA	NA	NA	NA	NA	NA	NA	NA	NA	NA	NA	NA	NA	NA	NA	NA	NA	4B	4B594	192	8	2	0	Control	Early	Mock rainout
BV	2020-07-10T00:00:00Z	4	C	213	1	26	4	0	1	NA	NA	NA	NA	NA	NA	NA	NA	NA	NA	NA	NA	NA	NA	NA	NA	NA	NA	NA	NA	4C	4C213	192	4	0	1	Control	Early	Control
BV	2020-07-10T00:00:00Z	4	C	195	2	60	4	5	0	1	3	2	NA	NA	NA	NA	NA	NA	NA	NA	NA	NA	NA	NA	NA	NA	NA	NA	NA	4C	4C195	192	5	8	2	Control	Early	Control
BV	2020-07-10T00:00:00Z	4	C	196	3	24	0	2	0	0	0	0	0	0	0	NA	NA	NA	NA	NA	NA	NA	NA	NA	NA	NA	NA	NA	NA	4C	4C196	192	0	2	0	Control	Early	Control
BV	2020-07-10T00:00:00Z	4	C	641	2	25	2	1	0	0	1	0	NA	NA	NA	NA	NA	NA	NA	NA	NA	NA	NA	NA	NA	NA	NA	NA	NA	4C	4C641	192	2	2	0	Control	Early	Control
BV	2020-07-10T00:00:00Z	4	C	187	1	27	0	1	0	NA	NA	NA	NA	NA	NA	NA	NA	NA	NA	NA	NA	NA	NA	NA	NA	NA	NA	NA	NA	4C	4C187	192	0	1	0	Control	Early	Control
BV	2020-07-10T00:00:00Z	4	C	192	1	29	4	4	4	NA	NA	NA	NA	NA	NA	NA	NA	NA	NA	NA	NA	NA	NA	NA	NA	NA	NA	NA	NA	4C	4C192	192	4	4	4	Control	Early	Control
BV	2020-07-10T00:00:00Z	4	D	47	2	36	5	3	0	NA	NA	NA	NA	NA	NA	NA	NA	NA	NA	NA	NA	NA	NA	NA	NA	NA	NA	NA	NA	4D	4D47	192	5	3	0	Reduction	Early	Reduction
BV	2020-07-10T00:00:00Z	4	D	37	2	26	1	0	0	0	1	0	NA	NA	NA	NA	NA	NA	NA	NA	NA	NA	NA	NA	NA	NA	NA	NA	NA	4D	4D37	192	1	1	0	Reduction	Early	Reduction
BV	2020-07-10T00:00:00Z	2	D	219	1	40	7	1	1	NA	NA	NA	NA	NA	NA	NA	NA	NA	NA	NA	NA	NA	NA	NA	NA	NA	NA	NA	NA	2D	2D219	192	7	1	1	Addition	Early	Addition
BV	2020-07-10T00:00:00Z	2	D	214	1	27	2	1	0	NA	NA	NA	NA	NA	NA	NA	NA	NA	NA	NA	NA	NA	NA	NA	NA	NA	NA	NA	NA	2D	2D214	192	2	1	0	Addition	Early	Addition
BV	2020-07-10T00:00:00Z	2	D	193	2	39	2	2	3	3	1	1	NA	NA	NA	NA	NA	NA	NA	NA	NA	NA	NA	NA	NA	NA	NA	NA	NA	2D	2D193	192	5	3	4	Addition	Early	Addition
BV	2020-07-10T00:00:00Z	2	D	194	3	40	2	2	0	NA	NA	NA	NA	NA	NA	NA	NA	NA	NA	NA	NA	NA	NA	NA	NA	NA	NA	NA	NA	2D	2D194	192	2	2	0	Addition	Early	Addition
BV	2020-07-10T00:00:00Z	2	D	207	2	26	2	4	0	NA	NA	NA	NA	NA	NA	NA	NA	NA	NA	NA	NA	NA	NA	NA	NA	NA	NA	NA	NA	2D	2D207	192	2	4	0	Addition	Early	Addition
BV	2020-07-10T00:00:00Z	2	D	210	1	27	1	0	0	NA	NA	NA	NA	NA	NA	NA	NA	NA	NA	NA	NA	NA	NA	NA	NA	NA	NA	NA	NA	2D	2D210	192	1	0	0	Addition	Early	Addition
BV	2020-07-10T00:00:00Z	2	D	204	1	62	1	3	0	NA	NA	NA	NA	NA	NA	NA	NA	NA	NA	NA	NA	NA	NA	NA	NA	NA	NA	NA	NA	2D	2D204	192	1	3	0	Addition	Early	Addition
BV	2020-07-10T00:00:00Z	2	D	187	3	53	3	0	2	1	2	0	NA	NA	NA	NA	NA	NA	NA	NA	NA	NA	NA	NA	NA	NA	NA	NA	NA	2D	2D187	192	4	2	2	Addition	Early	Addition
ST	2020-07-10T00:00:00Z	1	A	257	2	40	2	3	0	5	2	0	NA	NA	NA	NA	NA	NA	NA	NA	NA	NA	NA	NA	NA	NA	NA	NA	NA	1A	1A257	192	7	5	0	Addition	Normal	Addition
ST	2020-07-10T00:00:00Z	1	A	255	1	33	1	0	0	NA	NA	NA	NA	NA	NA	NA	NA	NA	NA	NA	NA	NA	NA	NA	NA	NA	NA	NA	NA	1A	1A255	192	1	0	0	Addition	Normal	Addition
ST	2020-07-10T00:00:00Z	1	A	246	1	35	5	1	0	NA	NA	NA	NA	NA	NA	NA	NA	NA	NA	NA	NA	NA	NA	NA	NA	NA	NA	NA	NA	1A	1A246	192	5	1	0	Addition	Normal	Addition
ST	2020-07-10T00:00:00Z	1	A	250	3	25	4	2	0	4	1	0	0	0	0	NA	NA	NA	NA	NA	NA	NA	NA	NA	NA	NA	NA	NA	NA	1A	1A250	192	8	3	0	Addition	Normal	Addition
ST	2020-07-10T00:00:00Z	1	A	251	1	38	1	1	0	NA	NA	NA	NA	NA	NA	NA	NA	NA	NA	NA	NA	NA	NA	NA	NA	NA	NA	NA	NA	1A	1A251	192	1	1	0	Addition	Normal	Addition
ST	2020-07-10T00:00:00Z	1	A	235	1	29	2	1	1	NA	NA	NA	NA	NA	NA	NA	NA	NA	NA	NA	NA	NA	NA	NA	NA	NA	NA	NA	NA	1A	1A235	192	2	1	1	Addition	Normal	Addition
ST	2020-07-10T00:00:00Z	1	A	231	1	49	8	0	0	NA	NA	NA	NA	NA	NA	NA	NA	NA	NA	NA	NA	NA	NA	NA	NA	NA	NA	NA	NA	1A	1A231	192	8	0	0	Addition	Normal	Addition
ST	2020-07-10T00:00:00Z	1	A	244	2	27	4	1	1	0	0	0	NA	NA	NA	NA	NA	NA	NA	NA	NA	NA	NA	NA	NA	NA	NA	NA	NA	1A	1A244	192	4	1	1	Addition	Normal	Addition
ST	2020-07-10T00:00:00Z	1	A	243	1	30	4	2	1	NA	NA	NA	NA	NA	NA	NA	NA	NA	NA	NA	NA	NA	NA	NA	NA	NA	NA	NA	NA	1A	1A243	192	4	2	1	Addition	Normal	Addition
ST	2020-07-10T00:00:00Z	1	B	672	1	32	1	0	0	NA	NA	NA	NA	NA	NA	NA	NA	NA	NA	NA	NA	NA	NA	NA	NA	NA	NA	NA	NA	1B	1B672	192	1	0	0	Control	Normal	Control
ST	2020-07-10T00:00:00Z	1	C	63	1	33	1	5	1	NA	NA	NA	NA	NA	NA	NA	NA	NA	NA	NA	NA	NA	NA	NA	NA	NA	NA	NA	NA	1C	1C63	192	1	5	1	Control	Normal	Mock rainout
ST	2020-07-10T00:00:00Z	1	C	54	2	35	4	0	0	0	0	0	NA	NA	NA	NA	NA	NA	NA	NA	NA	NA	NA	NA	NA	NA	NA	NA	NA	1C	1C54	192	4	0	0	Control	Normal	Mock rainout
ST	2020-07-10T00:00:00Z	1	C	60	7	36	2	0	2	0	2	0	2	2	0	0	0	0	0	0	0	0	0	0	NA	NA	NA	NA	NA	1C	1C60	192	4	4	2	Control	Normal	Mock rainout
ST	2020-07-10T00:00:00Z	1	C	46	5	26	2	0	0	1	0	0	2	1	1	0	0	0	0	0	0	NA	NA	NA	NA	NA	NA	NA	NA	1C	1C46	192	5	1	1	Control	Normal	Mock rainout
ST	2020-07-10T00:00:00Z	1	D	37	1	27	5	2	0	NA	NA	NA	NA	NA	NA	NA	NA	NA	NA	NA	NA	NA	NA	NA	NA	NA	NA	NA	NA	1D	1D37	192	5	2	0	Reduction	Normal	Reduction
ST	2020-07-10T00:00:00Z	1	D	41	1	20	3	2	3	NA	NA	NA	NA	NA	NA	NA	NA	NA	NA	NA	NA	NA	NA	NA	NA	NA	NA	NA	NA	1D	1D41	192	3	2	3	Reduction	Normal	Reduction
ST	2020-07-10T00:00:00Z	1	D	17	2	32	3	1	1	0	0	0	NA	NA	NA	NA	NA	NA	NA	NA	NA	NA	NA	NA	NA	NA	NA	NA	NA	1D	1D17	192	3	1	1	Reduction	Normal	Reduction
ST	2020-07-10T00:00:00Z	1	D	24	1	33	7	2	2	NA	NA	NA	NA	NA	NA	NA	NA	NA	NA	NA	NA	NA	NA	NA	NA	NA	NA	NA	NA	1D	1D24	192	7	2	2	Reduction	Normal	Reduction
ST	2020-07-10T00:00:00Z	1	D	5	1	28	4	2	0	NA	NA	NA	NA	NA	NA	NA	NA	NA	NA	NA	NA	NA	NA	NA	NA	NA	NA	NA	NA	1D	1D5	192	4	2	0	Reduction	Normal	Reduction
ST	2020-07-10T00:00:00Z	1	D	20	1	41	3	0	2	NA	NA	NA	NA	NA	NA	NA	NA	NA	NA	NA	NA	NA	NA	NA	NA	NA	NA	NA	NA	1D	1D20	192	3	0	2	Reduction	Normal	Reduction
ST	2020-07-10T00:00:00Z	5	D	250	2	33	0	1	0	0	0	0	NA	NA	NA	NA	NA	NA	NA	NA	NA	NA	NA	NA	NA	NA	NA	NA	NA	5D	5D250	192	0	1	0	Control	Early	Control
ST	2020-07-10T00:00:00Z	5	D	252	2	29	2	1	2	0	0	0	NA	NA	NA	NA	NA	NA	NA	NA	NA	NA	NA	NA	NA	NA	NA	NA	NA	5D	5D252	192	2	1	2	Control	Early	Control
ST	2020-07-10T00:00:00Z	5	D	247	6	32	3	2	0	0	1	0	3	2	1	0	0	0	0	0	0	0	0	0	NA	NA	NA	NA	NA	5D	5D247	192	6	5	1	Control	Early	Control
ST	2020-07-10T00:00:00Z	5	D	242	1	34	11	2	0	NA	NA	NA	NA	NA	NA	NA	NA	NA	NA	NA	NA	NA	NA	NA	NA	NA	NA	NA	NA	5D	5D242	192	11	2	0	Control	Early	Control
ST	2020-07-10T00:00:00Z	5	D	268	1	37	1	0	0	NA	NA	NA	NA	NA	NA	NA	NA	NA	NA	NA	NA	NA	NA	NA	NA	NA	NA	NA	NA	5D	5D268	192	1	0	0	Control	Early	Control
ST	2020-07-10T00:00:00Z	5	D	274	1	37	9	3	0	NA	NA	NA	NA	NA	NA	NA	NA	NA	NA	NA	NA	NA	NA	NA	NA	NA	NA	NA	NA	5D	5D274	192	9	3	0	Control	Early	Control
ST	2020-07-10T00:00:00Z	5	D	269	1	34	2	2	0	NA	NA	NA	NA	NA	NA	NA	NA	NA	NA	NA	NA	NA	NA	NA	NA	NA	NA	NA	NA	5D	5D269	192	2	2	0	Control	Early	Control
ST	2020-07-10T00:00:00Z	2	C	277	1	24	3	2	0	NA	NA	NA	NA	NA	NA	NA	NA	NA	NA	NA	NA	NA	NA	NA	NA	NA	NA	NA	this had 12 little tiny stems off of one large one	2C	2C277	192	3	2	0	Reduction	Early	Reduction
JP	2020-07-10T00:00:00Z	3	A	278	1	41	6	5	0	NA	NA	NA	NA	NA	NA	NA	NA	NA	NA	NA	NA	NA	NA	NA	NA	NA	NA	NA	NA	3A	3A278	192	6	5	0	Reduction	Normal	Reduction
JP	2020-07-10T00:00:00Z	3	A	125	1	36	6	4	1	NA	NA	NA	NA	NA	NA	NA	NA	NA	NA	NA	NA	NA	NA	NA	NA	NA	NA	NA	NA	3A	3A125	192	6	4	1	Reduction	Normal	Reduction
JP	2020-07-10T00:00:00Z	3	A	638	1	63	9	1	2	NA	NA	NA	NA	NA	NA	NA	NA	NA	NA	NA	NA	NA	NA	NA	NA	NA	NA	NA	NA	3A	3A638	192	9	1	2	Reduction	Normal	Reduction
JP	2020-07-10T00:00:00Z	3	B	621	1	48	2	1	0	NA	NA	NA	NA	NA	NA	NA	NA	NA	NA	NA	NA	NA	NA	NA	NA	NA	NA	NA	NA	3B	3B621	192	2	1	0	Control	Normal	Mock rainout
JP	2020-07-10T00:00:00Z	3	B	831	1	38	5	0	0	NA	NA	NA	NA	NA	NA	NA	NA	NA	NA	NA	NA	NA	NA	NA	NA	NA	NA	NA	NA	3B	3B831	192	5	0	0	Control	Normal	Mock rainout
JP	2020-07-10T00:00:00Z	3	B	228	4	27	2	1	0	NA	NA	NA	NA	NA	NA	NA	NA	NA	NA	NA	NA	NA	NA	NA	NA	NA	NA	NA	NA	3B	3B228	192	2	1	0	Control	Normal	Mock rainout
JP	2020-07-10T00:00:00Z	3	C	133	1	38	3	1	0	NA	NA	NA	NA	NA	NA	NA	NA	NA	NA	NA	NA	NA	NA	NA	NA	NA	NA	NA	curly stalk - this is the strsightened length	3C	3C133	192	3	1	0	Addition	Normal	Addition
JP	2020-07-10T00:00:00Z	3	C	139	1	43	2	1	0	NA	NA	NA	NA	NA	NA	NA	NA	NA	NA	NA	NA	NA	NA	NA	NA	NA	NA	NA	NA	3C	3C139	192	2	1	0	Addition	Normal	Addition
JP	2020-07-10T00:00:00Z	3	C	137	3	29	1	1	0	NA	NA	NA	NA	NA	NA	NA	NA	NA	NA	NA	NA	NA	NA	NA	NA	NA	NA	NA	NA	3C	3C137	192	1	1	0	Addition	Normal	Addition
JP	2020-07-10T00:00:00Z	3	C	153	5	19	0	1	0	NA	NA	NA	NA	NA	NA	NA	NA	NA	NA	NA	NA	NA	NA	NA	NA	NA	NA	NA	NA	3C	3C153	192	0	1	0	Addition	Normal	Addition
JP	2020-07-10T00:00:00Z	3	C	154	1	29	0	1	0	NA	NA	NA	NA	NA	NA	NA	NA	NA	NA	NA	NA	NA	NA	NA	NA	NA	NA	NA	NA	3C	3C154	192	0	1	0	Addition	Normal	Addition
JP	2020-07-10T00:00:00Z	3	C	125	1	31	1	0	0	NA	NA	NA	NA	NA	NA	NA	NA	NA	NA	NA	NA	NA	NA	NA	NA	NA	NA	NA	NA	3C	3C125	192	1	0	0	Addition	Normal	Addition
JP	2020-07-10T00:00:00Z	3	C	171	1	50	8	4	1	NA	NA	NA	NA	NA	NA	NA	NA	NA	NA	NA	NA	NA	NA	NA	NA	NA	NA	NA	NA	3C	3C171	192	8	4	1	Addition	Normal	Addition
JP	2020-07-10T00:00:00Z	3	C	169	1	27	1	0	0	NA	NA	NA	NA	NA	NA	NA	NA	NA	NA	NA	NA	NA	NA	NA	NA	NA	NA	NA	NA	3C	3C169	192	1	0	0	Addition	Normal	Addition
JP	2020-07-10T00:00:00Z	3	C	173	2	35	2	1	0	NA	NA	NA	NA	NA	NA	NA	NA	NA	NA	NA	NA	NA	NA	NA	NA	NA	NA	NA	NA	3C	3C173	192	2	1	0	Addition	Normal	Addition
JP	2020-07-10T00:00:00Z	3	C	131	2	32	2	0	0	NA	NA	NA	NA	NA	NA	NA	NA	NA	NA	NA	NA	NA	NA	NA	NA	NA	NA	NA	NA	3C	3C131	192	2	0	0	Addition	Normal	Addition
JP	2020-07-10T00:00:00Z	3	C	26	1	17	5	0	0	NA	NA	NA	NA	NA	NA	NA	NA	NA	NA	NA	NA	NA	NA	NA	NA	NA	NA	NA	tiny rosette	3C	3C26	192	5	0	0	Addition	Normal	Addition
JP	2020-07-10T00:00:00Z	3	D	886	2	34	1	1	0	3	0	0	NA	NA	NA	NA	NA	NA	NA	NA	NA	NA	NA	NA	NA	NA	NA	NA	NA	3D	3D886	192	4	1	0	Control	Normal	Control
JP	2020-07-10T00:00:00Z	3	D	895	1	26	0	0	0	NA	NA	NA	NA	NA	NA	NA	NA	NA	NA	NA	NA	NA	NA	NA	NA	NA	NA	NA	NA	3D	3D895	192	0	0	0	Control	Normal	Control
JP	2020-07-10T00:00:00Z	3	D	76	1	26	1	1	0	NA	NA	NA	NA	NA	NA	NA	NA	NA	NA	NA	NA	NA	NA	NA	NA	NA	NA	NA	NA	3D	3D76	192	1	1	0	Control	Normal	Control
JP	2020-07-10T00:00:00Z	3	D	881	1	30	4	2	0	NA	NA	NA	NA	NA	NA	NA	NA	NA	NA	NA	NA	NA	NA	NA	NA	NA	NA	NA	NA	3D	3D881	192	4	2	0	Control	Normal	Control
JP	2020-07-10T00:00:00Z	3	D	875	3	36	1	1	0	2	0	0	NA	NA	NA	NA	NA	NA	NA	NA	NA	NA	NA	NA	NA	NA	NA	NA	NA	3D	3D875	192	3	1	0	Control	Normal	Control
JP	2020-07-10T00:00:00Z	3	D	851	1	19	3	0	0	NA	NA	NA	NA	NA	NA	NA	NA	NA	NA	NA	NA	NA	NA	NA	NA	NA	NA	NA	NA	3D	3D851	192	3	0	0	Control	Normal	Control
JP	2020-07-10T00:00:00Z	3	D	840	2	19	1	1	0	NA	NA	NA	NA	NA	NA	NA	NA	NA	NA	NA	NA	NA	NA	NA	NA	NA	NA	NA	NA	3D	3D840	192	1	1	0	Control	Normal	Control
JP	2020-07-10T00:00:00Z	2	A	94	1	36	7	2	0	NA	NA	NA	NA	NA	NA	NA	NA	NA	NA	NA	NA	NA	NA	NA	NA	NA	NA	NA	NA	2A	2A94	192	7	2	0	Control	Early	Control
JP	2020-07-10T00:00:00Z	2	A	285	1	44	6	0	0	NA	NA	NA	NA	NA	NA	NA	NA	NA	NA	NA	NA	NA	NA	NA	NA	NA	NA	NA	NA	2A	2A285	192	6	0	0	Control	Early	Control
JP	2020-07-10T00:00:00Z	2	A	587	1	39	4	0	0	NA	NA	NA	NA	NA	NA	NA	NA	NA	NA	NA	NA	NA	NA	NA	NA	NA	NA	NA	NA	2A	2A587	192	4	0	0	Control	Early	Control
JP	2020-07-10T00:00:00Z	2	A	674	1	41	2	2	0	NA	NA	NA	NA	NA	NA	NA	NA	NA	NA	NA	NA	NA	NA	NA	NA	NA	NA	NA	NA	2A	2A674	192	2	2	0	Control	Early	Control
JP	2020-07-10T00:00:00Z	2	B	138	1	36	1	0	0	NA	NA	NA	NA	NA	NA	NA	NA	NA	NA	NA	NA	NA	NA	NA	NA	NA	NA	NA	NA	2B	2B138	192	1	0	0	Control	Early	Mock rainout
JP	2020-07-10T00:00:00Z	2	B	86	1	33	0	1	0	NA	NA	NA	NA	NA	NA	NA	NA	NA	NA	NA	NA	NA	NA	NA	NA	NA	NA	NA	duplicate for this day	2B	2B86	192	0	1	0	Control	Early	Mock rainout
JP	2020-07-10T00:00:00Z	2	B	83	1	29	0	1	0	NA	NA	NA	NA	NA	NA	NA	NA	NA	NA	NA	NA	NA	NA	NA	NA	NA	NA	NA	NA	2B	2B83	192	0	1	0	Control	Early	Mock rainout
JP	2020-07-10T00:00:00Z	2	B	195	1	34	4	0	0	NA	NA	NA	NA	NA	NA	NA	NA	NA	NA	NA	NA	NA	NA	NA	NA	NA	NA	NA	1 round big egg (not fly egg)	2B	2B195	192	4	0	0	Control	Early	Mock rainout
JP	2020-07-10T00:00:00Z	2	B	290	11	29	1	0	0	3	0	0	1	1	0	1	0	0	1	0	0	10	2	0	NA	NA	NA	NA	Data summed for inflos 6-10	2B	2B290	192	17	3	0	Control	Early	Mock rainout
JP	2020-07-10T00:00:00Z	2	B	92	1	25	5	1	0	NA	NA	NA	NA	NA	NA	NA	NA	NA	NA	NA	NA	NA	NA	NA	NA	NA	NA	NA	NA	2B	2B92	192	5	1	0	Control	Early	Mock rainout
JP	2020-07-10T00:00:00Z	2	B	97	1	33	6	0	0	NA	NA	NA	NA	NA	NA	NA	NA	NA	NA	NA	NA	NA	NA	NA	NA	NA	NA	NA	NA	2B	2B97	192	6	0	0	Control	Early	Mock rainout
JP	2020-07-10T00:00:00Z	2	B	180	1	37	4	1	0	NA	NA	NA	NA	NA	NA	NA	NA	NA	NA	NA	NA	NA	NA	NA	NA	NA	NA	NA	NA	2B	2B180	192	4	1	0	Control	Early	Mock rainout
JP	2020-07-10T00:00:00Z	2	B	89	1	28	1	0	0	NA	NA	NA	NA	NA	NA	NA	NA	NA	NA	NA	NA	NA	NA	NA	NA	NA	NA	NA	NA	2B	2B89	192	1	0	0	Control	Early	Mock rainout
JP	2020-07-10T00:00:00Z	2	B	85	1	27	1	0	0	NA	NA	NA	NA	NA	NA	NA	NA	NA	NA	NA	NA	NA	NA	NA	NA	NA	NA	NA	NA	2B	2B85	192	1	0	0	Control	Early	Mock rainout
JP	2020-07-10T00:00:00Z	2	B	86	1	31	1	1	0	NA	NA	NA	NA	NA	NA	NA	NA	NA	NA	NA	NA	NA	NA	NA	NA	NA	NA	NA	duplicate for this day	2B	2B86	192	1	1	0	Control	Early	Mock rainout
ST	2020-07-17T00:00:00Z	2	A	94	1	36	1	0	0	NA	NA	NA	NA	NA	NA	NA	NA	NA	NA	NA	NA	NA	NA	NA	NA	NA	NA	NA	NA	2A	2A94	199	1	0	0	Control	Early	Control
ST	2020-07-17T00:00:00Z	2	A	285	1	43	1	0	0	NA	NA	NA	NA	NA	NA	NA	NA	NA	NA	NA	NA	NA	NA	NA	NA	NA	NA	NA	NA	2A	2A285	199	1	0	0	Control	Early	Control
ST	2020-07-17T00:00:00Z	2	A	589	1	42	1	0	0	NA	NA	NA	NA	NA	NA	NA	NA	NA	NA	NA	NA	NA	NA	NA	NA	NA	NA	NA	NA	2A	2A589	199	1	0	0	Control	Early	Control
ST	2020-07-17T00:00:00Z	2	A	694	1	40	1	1	2	NA	NA	NA	NA	NA	NA	NA	NA	NA	NA	NA	NA	NA	NA	NA	NA	NA	NA	NA	NA	2A	2A694	199	1	1	2	Control	Early	Control
ST	2020-07-17T00:00:00Z	2	B	189	1	25	2	0	2	NA	NA	NA	NA	NA	NA	NA	NA	NA	NA	NA	NA	NA	NA	NA	NA	NA	NA	NA	NA	2B	2B189	199	2	0	2	Control	Early	Mock rainout
ST	2020-07-17T00:00:00Z	2	B	178	1	19	1	0	0	NA	NA	NA	NA	NA	NA	NA	NA	NA	NA	NA	NA	NA	NA	NA	NA	NA	NA	NA	NA	2B	2B178	199	1	0	0	Control	Early	Mock rainout
ST	2020-07-17T00:00:00Z	2	B	195	1	33	3	0	0	NA	NA	NA	NA	NA	NA	NA	NA	NA	NA	NA	NA	NA	NA	NA	NA	NA	NA	NA	NA	2B	2B195	199	3	0	0	Control	Early	Mock rainout
ST	2020-07-17T00:00:00Z	2	B	188	2	36	1	1	0	1	0	0	NA	NA	NA	NA	NA	NA	NA	NA	NA	NA	NA	NA	NA	NA	NA	NA	NA	2B	2B188	199	2	1	0	Control	Early	Mock rainout
ST	2020-07-17T00:00:00Z	2	B	186	1	27	2	1	2	NA	NA	NA	NA	NA	NA	NA	NA	NA	NA	NA	NA	NA	NA	NA	NA	NA	NA	NA	NA	2B	2B186	199	2	1	2	Control	Early	Mock rainout
ST	2020-07-17T00:00:00Z	2	B	92	1	25	1	1	0	NA	NA	NA	NA	NA	NA	NA	NA	NA	NA	NA	NA	NA	NA	NA	NA	NA	NA	NA	NA	2B	2B92	199	1	1	0	Control	Early	Mock rainout
ST	2020-07-17T00:00:00Z	2	B	97	1	26	3	0	0	NA	NA	NA	NA	NA	NA	NA	NA	NA	NA	NA	NA	NA	NA	NA	NA	NA	NA	NA	NA	2B	2B97	199	3	0	0	Control	Early	Mock rainout
ST	2020-07-17T00:00:00Z	2	B	180	1	41	4	1	0	NA	NA	NA	NA	NA	NA	NA	NA	NA	NA	NA	NA	NA	NA	NA	NA	NA	NA	NA	NA	2B	2B180	199	4	1	0	Control	Early	Mock rainout
ST	2020-07-17T00:00:00Z	2	B	184	1	32	8	1	1	NA	NA	NA	NA	NA	NA	NA	NA	NA	NA	NA	NA	NA	NA	NA	NA	NA	NA	NA	NA	2B	2B184	199	8	1	1	Control	Early	Mock rainout
ST	2020-07-17T00:00:00Z	2	B	83	1	33	2	4	0	NA	NA	NA	NA	NA	NA	NA	NA	NA	NA	NA	NA	NA	NA	NA	NA	NA	NA	NA	NA	2B	2B83	199	2	4	0	Control	Early	Mock rainout
ST	2020-07-17T00:00:00Z	2	B	89	1	29	3	0	0	NA	NA	NA	NA	NA	NA	NA	NA	NA	NA	NA	NA	NA	NA	NA	NA	NA	NA	NA	NA	2B	2B89	199	3	0	0	Control	Early	Mock rainout
ST	2020-07-17T00:00:00Z	2	B	85	1	28	2	0	0	NA	NA	NA	NA	NA	NA	NA	NA	NA	NA	NA	NA	NA	NA	NA	NA	NA	NA	NA	NA	2B	2B85	199	2	0	0	Control	Early	Mock rainout
ST	2020-07-17T00:00:00Z	2	B	81	1	28	5	0	1	NA	NA	NA	NA	NA	NA	NA	NA	NA	NA	NA	NA	NA	NA	NA	NA	NA	NA	NA	NA	2B	2B81	199	5	0	1	Control	Early	Mock rainout
ST	2020-07-17T00:00:00Z	2	B	86	1	34	5	0	0	NA	NA	NA	NA	NA	NA	NA	NA	NA	NA	NA	NA	NA	NA	NA	NA	NA	NA	NA	NA	2B	2B86	199	5	0	0	Control	Early	Mock rainout
AP	2020-07-17T00:00:00Z	1	A	243	1	29	11	5	0	NA	NA	NA	NA	NA	NA	NA	NA	NA	NA	NA	NA	NA	NA	NA	NA	NA	NA	NA	NA	1A	1A243	199	11	5	0	Addition	Normal	Addition
AP	2020-07-17T00:00:00Z	1	A	244	2	28	0	1	0	3	0	0	NA	NA	NA	NA	NA	NA	NA	NA	NA	NA	NA	NA	NA	NA	NA	NA	NA	1A	1A244	199	3	1	0	Addition	Normal	Addition
AP	2020-07-17T00:00:00Z	1	A	246	1	34	1	0	0	NA	NA	NA	NA	NA	NA	NA	NA	NA	NA	NA	NA	NA	NA	NA	NA	NA	NA	NA	NA	1A	1A246	199	1	0	0	Addition	Normal	Addition
AP	2020-07-17T00:00:00Z	1	A	255	1	34	2	0	0	NA	NA	NA	NA	NA	NA	NA	NA	NA	NA	NA	NA	NA	NA	NA	NA	NA	NA	NA	NA	1A	1A255	199	2	0	0	Addition	Normal	Addition
AP	2020-07-17T00:00:00Z	1	A	257	1	31	1	2	0	NA	NA	NA	NA	NA	NA	NA	NA	NA	NA	NA	NA	NA	NA	NA	NA	NA	NA	NA	NA	1A	1A257	199	1	2	0	Addition	Normal	Addition
AP	2020-07-17T00:00:00Z	1	A	251	1	36	4	0	1	NA	NA	NA	NA	NA	NA	NA	NA	NA	NA	NA	NA	NA	NA	NA	NA	NA	NA	NA	NA	1A	1A251	199	4	0	1	Addition	Normal	Addition
AP	2020-07-17T00:00:00Z	1	A	250	3	24	0	0	0	2	2	0	0	0	0	NA	NA	NA	NA	NA	NA	NA	NA	NA	NA	NA	NA	NA	NA	1A	1A250	199	2	2	0	Addition	Normal	Addition
AP	2020-07-17T00:00:00Z	1	A	235	1	29	6	1	0	NA	NA	NA	NA	NA	NA	NA	NA	NA	NA	NA	NA	NA	NA	NA	NA	NA	NA	NA	NA	1A	1A235	199	6	1	0	Addition	Normal	Addition
AP	2020-07-17T00:00:00Z	1	A	233	1	35	1	4	1	NA	NA	NA	NA	NA	NA	NA	NA	NA	NA	NA	NA	NA	NA	NA	NA	NA	NA	NA	NA	1A	1A233	199	1	4	1	Addition	Normal	Addition
AP	2020-07-17T00:00:00Z	1	A	230	1	32	3	2	1	NA	NA	NA	NA	NA	NA	NA	NA	NA	NA	NA	NA	NA	NA	NA	NA	NA	NA	NA	NA	1A	1A230	199	3	2	1	Addition	Normal	Addition
AP	2020-07-17T00:00:00Z	1	A	231	1	50	5	1	0	NA	NA	NA	NA	NA	NA	NA	NA	NA	NA	NA	NA	NA	NA	NA	NA	NA	NA	NA	NA	1A	1A231	199	5	1	0	Addition	Normal	Addition
AP	2020-07-17T00:00:00Z	1	A	240	1	27	1	1	0	NA	NA	NA	NA	NA	NA	NA	NA	NA	NA	NA	NA	NA	NA	NA	NA	NA	NA	NA	NA	1A	1A240	199	1	1	0	Addition	Normal	Addition
AP	2020-07-17T00:00:00Z	1	B	658	1	33	0	0	0	NA	NA	NA	NA	NA	NA	NA	NA	NA	NA	NA	NA	NA	NA	NA	NA	NA	NA	Plant stem broke	NA	1B	1B658	199	0	0	0	Control	Normal	Control
AP	2020-07-17T00:00:00Z	1	B	656	1	25	0	1	1	NA	NA	NA	NA	NA	NA	NA	NA	NA	NA	NA	NA	NA	NA	NA	NA	NA	NA	NA	NA	1B	1B656	199	0	1	1	Control	Normal	Control
AP	2020-07-17T00:00:00Z	1	B	672	1	33	6	2	5	NA	NA	NA	NA	NA	NA	NA	NA	NA	NA	NA	NA	NA	NA	NA	NA	NA	NA	NA	NA	1B	1B672	199	6	2	5	Control	Normal	Control
AP	2020-07-17T00:00:00Z	1	B	653	1	24	1	0	1	NA	NA	NA	NA	NA	NA	NA	NA	NA	NA	NA	NA	NA	NA	NA	NA	NA	NA	NA	NA	1B	1B653	199	1	0	1	Control	Normal	Control
AP	2020-07-17T00:00:00Z	1	B	649	1	30	5	4	1	NA	NA	NA	NA	NA	NA	NA	NA	NA	NA	NA	NA	NA	NA	NA	NA	NA	NA	one part of inflor. broke	NA	1B	1B649	199	5	4	1	Control	Normal	Control
AP	2020-07-17T00:00:00Z	1	B	650	1	22	1	2	0	NA	NA	NA	NA	NA	NA	NA	NA	NA	NA	NA	NA	NA	NA	NA	NA	NA	NA	NA	Albino Ipo. !	1B	1B650	199	1	2	0	Control	Normal	Control
AP	2020-07-17T00:00:00Z	1	C	63	1	36	1	1	0	NA	NA	NA	NA	NA	NA	NA	NA	NA	NA	NA	NA	NA	NA	NA	NA	NA	NA	NA	NA	1C	1C63	199	1	1	0	Control	Normal	Mock rainout
AP	2020-07-17T00:00:00Z	1	C	64	2	38	1	0	0	1	0	0	NA	NA	NA	NA	NA	NA	NA	NA	NA	NA	NA	NA	NA	NA	NA	NA	NA	1C	1C64	199	2	0	0	Control	Normal	Mock rainout
AP	2020-07-17T00:00:00Z	1	C	60	7	39	3	1	1	5	0	0	4	1	0	NA	NA	NA	NA	NA	NA	NA	NA	NA	NA	NA	NA	NA	NA	1C	1C60	199	12	2	1	Control	Normal	Mock rainout
AP	2020-07-17T00:00:00Z	1	C	46	2	25	2	0	1	0	1	0	NA	NA	NA	NA	NA	NA	NA	NA	NA	NA	NA	NA	NA	NA	NA	NA	NA	1C	1C46	199	2	1	1	Control	Normal	Mock rainout
AP	2020-07-17T00:00:00Z	1	C	54	1	43	1	0	0	NA	NA	NA	NA	NA	NA	NA	NA	NA	NA	NA	NA	NA	NA	NA	NA	NA	NA	NA	NA	1C	1C54	199	1	0	0	Control	Normal	Mock rainout
AP	2020-07-17T00:00:00Z	1	D	37	1	26	1	0	0	NA	NA	NA	NA	NA	NA	NA	NA	NA	NA	NA	NA	NA	NA	NA	NA	NA	NA	NA	NA	1D	1D37	199	1	0	0	Reduction	Normal	Reduction
AP	2020-07-17T00:00:00Z	1	D	33	1	39	4	2	0	NA	NA	NA	NA	NA	NA	NA	NA	NA	NA	NA	NA	NA	NA	NA	NA	NA	NA	NA	NA	1D	1D33	199	4	2	0	Reduction	Normal	Reduction
AP	2020-07-17T00:00:00Z	1	D	9	2	29	4	1	1	0	0	0	NA	NA	NA	NA	NA	NA	NA	NA	NA	NA	NA	NA	NA	NA	NA	NA	NA	1D	1D9	199	4	1	1	Reduction	Normal	Reduction
AP	2020-07-17T00:00:00Z	1	D	17	3	30	3	2	0	1	0	0	0	0	0	NA	NA	NA	NA	NA	NA	NA	NA	NA	NA	NA	NA	NA	NA	1D	1D17	199	4	2	0	Reduction	Normal	Reduction
AP	2020-07-17T00:00:00Z	1	D	20	1	41	2	1	0	NA	NA	NA	NA	NA	NA	NA	NA	NA	NA	NA	NA	NA	NA	NA	NA	NA	NA	NA	NA	1D	1D20	199	2	1	0	Reduction	Normal	Reduction
AP	2020-07-17T00:00:00Z	1	D	24	1	38	1	1	0	NA	NA	NA	NA	NA	NA	NA	NA	NA	NA	NA	NA	NA	NA	NA	NA	NA	NA	NA	NA	1D	1D24	199	1	1	0	Reduction	Normal	Reduction
AP	2020-07-17T00:00:00Z	1	D	5	1	27	0	0	0	NA	NA	NA	NA	NA	NA	NA	NA	NA	NA	NA	NA	NA	NA	NA	NA	NA	NA	NA	NA	1D	1D5	199	0	0	0	Reduction	Normal	Reduction
AP	2020-07-17T00:00:00Z	1	D	12	1	43	8	2	4	NA	NA	NA	NA	NA	NA	NA	NA	NA	NA	NA	NA	NA	NA	NA	NA	NA	NA	NA	NA	1D	1D12	199	8	2	4	Reduction	Normal	Reduction
AP	2020-07-17T00:00:00Z	2	C	274	2	30	2	1	0	2	1	0	NA	NA	NA	NA	NA	NA	NA	NA	NA	NA	NA	NA	NA	NA	NA	NA	NA	2C	2C274	199	4	2	0	Reduction	Early	Reduction
AP	2020-07-17T00:00:00Z	2	C	277	1	24	8	5	0	NA	NA	NA	NA	NA	NA	NA	NA	NA	NA	NA	NA	NA	NA	NA	NA	NA	NA	NA	NA	2C	2C277	199	8	5	0	Reduction	Early	Reduction
AP	2020-07-17T00:00:00Z	2	C	270	1	25	0	0	0	NA	NA	NA	NA	NA	NA	NA	NA	NA	NA	NA	NA	NA	NA	NA	NA	NA	NA	NA	NA	2C	2C270	199	0	0	0	Reduction	Early	Reduction
AP	2020-07-17T00:00:00Z	2	C	262	7	24	1	0	0	0	0	0	0	0	0	NA	NA	NA	NA	NA	NA	NA	NA	NA	NA	NA	NA	NA	NA	2C	2C262	199	1	0	0	Reduction	Early	Reduction
AP	2020-07-17T00:00:00Z	2	C	297	1	24	2	0	0	NA	NA	NA	NA	NA	NA	NA	NA	NA	NA	NA	NA	NA	NA	NA	NA	NA	NA	NA	NA	2C	2C297	199	2	0	0	Reduction	Early	Reduction
AP	2020-07-17T00:00:00Z	2	C	289	4	24	1	0	0	1	1	0	2	0	0	NA	NA	NA	NA	NA	NA	NA	NA	NA	NA	NA	NA	NA	NA	2C	2C289	199	4	1	0	Reduction	Early	Reduction
AP	2020-07-17T00:00:00Z	2	C	292	1	35	1	0	1	NA	NA	NA	NA	NA	NA	NA	NA	NA	NA	NA	NA	NA	NA	NA	NA	NA	NA	NA	NA	2C	2C292	199	1	0	1	Reduction	Early	Reduction
AP	2020-07-17T00:00:00Z	2	C	293	1	30	1	0	1	NA	NA	NA	NA	NA	NA	NA	NA	NA	NA	NA	NA	NA	NA	NA	NA	NA	NA	NA	NA	2C	2C293	199	1	0	1	Reduction	Early	Reduction
XL	2020-07-10T00:00:00Z	6	A	165	1	42	7	0	0	NA	NA	NA	NA	NA	NA	NA	NA	NA	NA	NA	NA	NA	NA	NA	NA	NA	NA	NA	NA	6A	6A165	192	7	0	0	Control	Normal	Control
XL	2020-07-10T00:00:00Z	6	A	685	2	39	7	1	1	9	3	0	NA	NA	NA	NA	NA	NA	NA	NA	NA	NA	NA	NA	NA	NA	NA	NA	NA	6A	6A685	192	16	4	1	Control	Normal	Control
XL	2020-07-10T00:00:00Z	6	A	169	3	38	1	1	0	4	0	0	7	0	1	NA	NA	NA	NA	NA	NA	NA	NA	NA	NA	NA	NA	NA	NA	6A	6A169	192	12	1	1	Control	Normal	Control
XL	2020-07-10T00:00:00Z	6	A	138	1	38	1	0	0	NA	NA	NA	NA	NA	NA	NA	NA	NA	NA	NA	NA	NA	NA	NA	NA	NA	NA	NA	NA	6A	6A138	192	1	0	0	Control	Normal	Control
XL	2020-07-10T00:00:00Z	6	A	136	3	42	1	0	1	1	2	0	2	2	0	NA	NA	NA	NA	NA	NA	NA	NA	NA	NA	NA	NA	NA	NA	6A	6A136	192	4	4	1	Control	Normal	Control
XL	2020-07-10T00:00:00Z	6	B	266	1	49	5	1	0	NA	NA	NA	NA	NA	NA	NA	NA	NA	NA	NA	NA	NA	NA	NA	NA	NA	NA	NA	NA	6B	6B266	192	5	1	0	Reduction	Normal	Reduction
XL	2020-07-10T00:00:00Z	6	B	243	2	52	7	1	4	NA	NA	NA	NA	NA	NA	NA	NA	NA	NA	NA	NA	NA	NA	NA	NA	NA	NA	NA	NA	6B	6B243	192	7	1	4	Reduction	Normal	Reduction
XL	2020-07-10T00:00:00Z	6	B	120	1	60	21	5	1	NA	NA	NA	NA	NA	NA	NA	NA	NA	NA	NA	NA	NA	NA	NA	NA	NA	NA	NA	NA	6B	6B120	192	21	5	1	Reduction	Normal	Reduction
XL	2020-07-10T00:00:00Z	6	C	96	4	24	1	2	0	NA	NA	NA	NA	NA	NA	NA	NA	NA	NA	NA	NA	NA	NA	NA	NA	NA	NA	NA	NA	6C	6C96	192	1	2	0	Control	Normal	Mock rainout
XL	2020-07-10T00:00:00Z	6	C	86	1	39	8	3	1	NA	NA	NA	NA	NA	NA	NA	NA	NA	NA	NA	NA	NA	NA	NA	NA	NA	NA	bent	NA	6C	6C86	192	8	3	1	Control	Normal	Mock rainout
XL	2020-07-10T00:00:00Z	6	C	93	5	29	5	0	0	1	1	0	6	0	0	6	1	0	NA	NA	NA	NA	NA	NA	NA	NA	NA	NA	NA	6C	6C93	192	18	2	0	Control	Normal	Mock rainout
XL	2020-07-10T00:00:00Z	6	C	113	1	29	6	2	0	NA	NA	NA	NA	NA	NA	NA	NA	NA	NA	NA	NA	NA	NA	NA	NA	NA	NA	NA	NA	6C	6C113	192	6	2	0	Control	Normal	Mock rainout
XL	2020-07-10T00:00:00Z	6	C	111	4	34	1	0	0	NA	NA	NA	NA	NA	NA	NA	NA	NA	NA	NA	NA	NA	NA	NA	NA	NA	NA	chewed	NA	6C	6C111	192	1	0	0	Control	Normal	Mock rainout
XL	2020-07-10T00:00:00Z	6	D	59	1	40	12	3	1	NA	NA	NA	NA	NA	NA	NA	NA	NA	NA	NA	NA	NA	NA	NA	NA	NA	NA	NA	NA	6D	6D59	192	12	3	1	Addition	Normal	Addition
XL	2020-07-10T00:00:00Z	6	D	56	4	24	1	0	1	1	0	0	1	0	0	1	0	0	NA	NA	NA	NA	NA	NA	NA	NA	NA	NA	NA	6D	6D56	192	4	0	1	Addition	Normal	Addition
XL	2020-07-10T00:00:00Z	6	D	46	5	30	1	0	0	0	1	1	0	1	0	NA	NA	NA	NA	NA	NA	NA	NA	NA	NA	NA	NA	NA	NA	6D	6D46	192	1	2	1	Addition	Normal	Addition
XL	2020-07-10T00:00:00Z	6	D	52	1	37	5	1	0	NA	NA	NA	NA	NA	NA	NA	NA	NA	NA	NA	NA	NA	NA	NA	NA	NA	NA	NA	NA	6D	6D52	192	5	1	0	Addition	Normal	Addition
XL	2020-07-10T00:00:00Z	6	D	68	2	34	3	2	0	10	2	0	NA	NA	NA	NA	NA	NA	NA	NA	NA	NA	NA	NA	NA	NA	NA	NA	NA	6D	6D68	192	13	4	0	Addition	Normal	Addition
XL	2020-07-10T00:00:00Z	6	D	71	3	37	3	1	0	4	3	1	5	1	0	NA	NA	NA	NA	NA	NA	NA	NA	NA	NA	NA	NA	NA	NA	6D	6D71	192	12	5	1	Addition	Normal	Addition
XL	2020-07-10T00:00:00Z	5	A	189	4	21	0	1	0	4	2	0	NA	NA	NA	NA	NA	NA	NA	NA	NA	NA	NA	NA	NA	NA	NA	NA	NA	5A	5A189	192	4	3	0	Addition	Early	Addition
XL	2020-07-10T00:00:00Z	5	A	180	2	25	0	1	0	NA	NA	NA	NA	NA	NA	NA	NA	NA	NA	NA	NA	NA	NA	NA	NA	NA	NA	NA	NA	5A	5A180	192	0	1	0	Addition	Early	Addition
XL	2020-07-10T00:00:00Z	5	A	185	2	27	4	1	1	2	0	0	NA	NA	NA	NA	NA	NA	NA	NA	NA	NA	NA	NA	NA	NA	NA	NA	NA	5A	5A185	192	6	1	1	Addition	Early	Addition
XL	2020-07-10T00:00:00Z	5	A	191	2	14	1	0	0	NA	NA	NA	NA	NA	NA	NA	NA	NA	NA	NA	NA	NA	NA	NA	NA	NA	NA	NA	NA	5A	5A191	192	1	0	0	Addition	Early	Addition
XL	2020-07-10T00:00:00Z	5	A	196	1	22	4	0	0	NA	NA	NA	NA	NA	NA	NA	NA	NA	NA	NA	NA	NA	NA	NA	NA	NA	NA	NA	NA	5A	5A196	192	4	0	0	Addition	Early	Addition
XL	2020-07-10T00:00:00Z	5	B	16	1	43	9	1	1	NA	NA	NA	NA	NA	NA	NA	NA	NA	NA	NA	NA	NA	NA	NA	NA	NA	NA	NA	NA	5B	5B16	192	9	1	1	Control	Early	Mock rainout
XL	2020-07-10T00:00:00Z	5	B	20	7	43	4	1	1	2	3	0	1	3	0	1	1	0	2	1	1	4	1	0	NA	NA	NA	NA	NA	5B	5B20	192	14	10	2	Control	Early	Mock rainout
XL	2020-07-10T00:00:00Z	5	B	296	4	33	4	1	1	NA	NA	NA	NA	NA	NA	NA	NA	NA	NA	NA	NA	NA	NA	NA	NA	NA	NA	NA	NA	5B	5B296	192	4	1	1	Control	Early	Mock rainout
XL	2020-07-10T00:00:00Z	5	B	300	1	20	1	0	0	NA	NA	NA	NA	NA	NA	NA	NA	NA	NA	NA	NA	NA	NA	NA	NA	NA	NA	NA	NA	5B	5B300	192	1	0	0	Control	Early	Mock rainout
XL	2020-07-10T00:00:00Z	5	B	289	1	34	1	0	0	NA	NA	NA	NA	NA	NA	NA	NA	NA	NA	NA	NA	NA	NA	NA	NA	NA	NA	NA	NA	5B	5B289	192	1	0	0	Control	Early	Mock rainout
XL	2020-07-10T00:00:00Z	5	B	288	3	21	3	0	1	4	1	2	NA	NA	NA	NA	NA	NA	NA	NA	NA	NA	NA	NA	NA	NA	NA	NA	NA	5B	5B288	192	7	1	3	Control	Early	Mock rainout
XL	2020-07-10T00:00:00Z	5	B	4	1	47	7	3	4	NA	NA	NA	NA	NA	NA	NA	NA	NA	NA	NA	NA	NA	NA	NA	NA	NA	NA	NA	NA	5B	5B4	192	7	3	4	Control	Early	Mock rainout
XL	2020-07-10T00:00:00Z	5	B	12	1	43	4	1	1	NA	NA	NA	NA	NA	NA	NA	NA	NA	NA	NA	NA	NA	NA	NA	NA	NA	NA	NA	NA	5B	5B12	192	4	1	1	Control	Early	Mock rainout
XL	2020-07-10T00:00:00Z	5	C	224	1	40	2	0	0	NA	NA	NA	NA	NA	NA	NA	NA	NA	NA	NA	NA	NA	NA	NA	NA	NA	NA	NA	duplicate for this day	5C	5C224	192	2	0	0	Reduction	Early	Reduction
XL	2020-07-10T00:00:00Z	5	C	683	5	36	1	0	1	1	0	0	NA	NA	NA	NA	NA	NA	NA	NA	NA	NA	NA	NA	NA	NA	NA	2 chewed	NA	5C	5C683	192	2	0	1	Reduction	Early	Reduction
XL	2020-07-10T00:00:00Z	5	C	224	6	34	5	0	0	3	0	0	4	0	0	5	1	0	2	0	0	1	0	0	NA	NA	NA	NA	duplicate for this day	5C	5C224	192	20	1	0	Reduction	Early	Reduction
XL	2020-07-10T00:00:00Z	5	C	221	3	27	2	0	0	1	0	0	NA	NA	NA	NA	NA	NA	NA	NA	NA	NA	NA	NA	NA	NA	NA	NA	NA	5C	5C221	192	3	0	0	Reduction	Early	Reduction
XL	2020-07-10T00:00:00Z	5	C	217	2	35	1	2	1	NA	NA	NA	NA	NA	NA	NA	NA	NA	NA	NA	NA	NA	NA	NA	NA	NA	NA	NA	NA	5C	5C217	192	1	2	1	Reduction	Early	Reduction
XL	2020-07-10T00:00:00Z	5	C	207	3	21	2	0	0	NA	NA	NA	NA	NA	NA	NA	NA	NA	NA	NA	NA	NA	NA	NA	NA	NA	NA	1 chewed	NA	5C	5C207	192	2	0	0	Reduction	Early	Reduction
XL	2020-07-10T00:00:00Z	5	C	202	1	33	2	0	1	NA	NA	NA	NA	NA	NA	NA	NA	NA	NA	NA	NA	NA	NA	NA	NA	NA	NA	chewed	NA	5C	5C202	192	2	0	1	Reduction	Early	Reduction
XL	2020-07-17T00:00:00Z	4	A	124	3	24	4	0	0	4	2	0	NA	NA	NA	NA	NA	NA	NA	NA	NA	NA	NA	NA	NA	NA	NA	NA	NA	4A	4A124	199	8	2	0	Addition	Early	Addition
XL	2020-07-17T00:00:00Z	4	A	101	4	20	2	0	0	2	1	0	NA	NA	NA	NA	NA	NA	NA	NA	NA	NA	NA	NA	NA	NA	NA	NA	NA	4A	4A101	199	4	1	0	Addition	Early	Addition
XL	2020-07-17T00:00:00Z	4	A	99	1	30	6	0	0	NA	NA	NA	NA	NA	NA	NA	NA	NA	NA	NA	NA	NA	NA	NA	NA	NA	NA	NA	NA	4A	4A99	199	6	0	0	Addition	Early	Addition
XL	2020-07-17T00:00:00Z	4	A	91	1	30	11	2	1	NA	NA	NA	NA	NA	NA	NA	NA	NA	NA	NA	NA	NA	NA	NA	NA	NA	NA	NA	NA	4A	4A91	199	11	2	1	Addition	Early	Addition
XL	2020-07-17T00:00:00Z	4	A	85	4	37	3	1	0	4	1	0	6	0	0	1	1	0	NA	NA	NA	NA	NA	NA	NA	NA	NA	NA	NA	4A	4A85	199	14	3	0	Addition	Early	Addition
XL	2020-07-17T00:00:00Z	4	A	80	4	37	4	3	0	3	0	0	0	2	0	2	1	1	NA	NA	NA	NA	NA	NA	NA	NA	NA	NA	NA	4A	4A80	199	9	6	1	Addition	Early	Addition
XL	2020-07-17T00:00:00Z	4	A	121	1	29	5	1	2	NA	NA	NA	NA	NA	NA	NA	NA	NA	NA	NA	NA	NA	NA	NA	NA	NA	NA	NA	NA	4A	4A121	199	5	1	2	Addition	Early	Addition
XL	2020-07-17T00:00:00Z	4	A	68	1	35	2	0	0	NA	NA	NA	NA	NA	NA	NA	NA	NA	NA	NA	NA	NA	NA	NA	NA	NA	NA	NA	NA	4A	4A68	199	2	0	0	Addition	Early	Addition
XL	2020-07-17T00:00:00Z	4	A	63	2	18	2	0	0	3	0	0	NA	NA	NA	NA	NA	NA	NA	NA	NA	NA	NA	NA	NA	NA	NA	NA	NA	4A	4A63	199	5	0	0	Addition	Early	Addition
XL	2020-07-17T00:00:00Z	4	A	109	1	25	2	1	1	NA	NA	NA	NA	NA	NA	NA	NA	NA	NA	NA	NA	NA	NA	NA	NA	NA	NA	bent	NA	4A	4A109	199	2	1	1	Addition	Early	Addition
XL	2020-07-17T00:00:00Z	4	A	110	6	33	2	0	0	3	0	2	2	0	2	1	2	0	1	1	0	NA	NA	NA	NA	NA	NA	NA	NA	4A	4A110	199	9	3	4	Addition	Early	Addition
XL	2020-07-17T00:00:00Z	4	A	115	4	29	3	0	0	2	0	0	0	1	0	NA	NA	NA	NA	NA	NA	NA	NA	NA	NA	NA	NA	NA	check with other measurements whether it is 4 infloresences or 1	4A	4A115	199	5	1	0	Addition	Early	Addition
XL	2020-07-17T00:00:00Z	4	A	107	1	27	2	0	1	NA	NA	NA	NA	NA	NA	NA	NA	NA	NA	NA	NA	NA	NA	NA	NA	NA	NA	snapped	NA	4A	4A107	199	2	0	1	Addition	Early	Addition
XL	2020-07-17T00:00:00Z	4	A	114	1	48	4	1	0	NA	NA	NA	NA	NA	NA	NA	NA	NA	NA	NA	NA	NA	NA	NA	NA	NA	NA	snapped	NA	4A	4A114	199	4	1	0	Addition	Early	Addition
XL	2020-07-17T00:00:00Z	4	B	596	1	34	19	10	4	NA	NA	NA	NA	NA	NA	NA	NA	NA	NA	NA	NA	NA	NA	NA	NA	NA	NA	NA	NA	4B	4B596	199	19	10	4	Control	Early	Mock rainout
XL	2020-07-17T00:00:00Z	4	B	594	1	30	3	4	0	NA	NA	NA	NA	NA	NA	NA	NA	NA	NA	NA	NA	NA	NA	NA	NA	NA	NA	chewed	NA	4B	4B594	199	3	4	0	Control	Early	Mock rainout
XL	2020-07-17T00:00:00Z	4	B	211	1	26	1	1	0	NA	NA	NA	NA	NA	NA	NA	NA	NA	NA	NA	NA	NA	NA	NA	NA	NA	NA	bent	NA	4B	4B211	199	1	1	0	Control	Early	Mock rainout
XL	2020-07-17T00:00:00Z	4	C	213	1	36	9	1	2	NA	NA	NA	NA	NA	NA	NA	NA	NA	NA	NA	NA	NA	NA	NA	NA	NA	NA	NA	NA	4C	4C213	199	9	1	2	Control	Early	Control
XL	2020-07-17T00:00:00Z	4	C	187	1	29	4	1	0	NA	NA	NA	NA	NA	NA	NA	NA	NA	NA	NA	NA	NA	NA	NA	NA	NA	NA	NA	NA	4C	4C187	199	4	1	0	Control	Early	Control
XL	2020-07-17T00:00:00Z	4	C	192	3	30	4	0	0	NA	NA	NA	NA	NA	NA	NA	NA	NA	NA	NA	NA	NA	NA	NA	NA	NA	NA	NA	NA	4C	4C192	199	4	0	0	Control	Early	Control
XL	2020-07-17T00:00:00Z	4	C	195	2	60	6	1	2	8	0	0	NA	NA	NA	NA	NA	NA	NA	NA	NA	NA	NA	NA	NA	NA	NA	NA	NA	4C	4C195	199	14	1	2	Control	Early	Control
XL	2020-07-17T00:00:00Z	4	C	120	6	16	2	0	0	0	1	0	2	0	0	NA	NA	NA	NA	NA	NA	NA	NA	NA	NA	NA	NA	NA	check if 6 or 1 infloresences	4C	4C120	199	4	1	0	Control	Early	Control
XL	2020-07-17T00:00:00Z	4	D	49	1	33	1	1	0	NA	NA	NA	NA	NA	NA	NA	NA	NA	NA	NA	NA	NA	NA	NA	NA	NA	NA	NA	NA	4D	4D49	199	1	1	0	Reduction	Early	Reduction
XL	2020-07-17T00:00:00Z	4	D	52	1	40	5	1	1	NA	NA	NA	NA	NA	NA	NA	NA	NA	NA	NA	NA	NA	NA	NA	NA	NA	NA	chewed	NA	4D	4D52	199	5	1	1	Reduction	Early	Reduction
XL	2020-07-17T00:00:00Z	4	D	47	2	37	3	1	0	NA	NA	NA	NA	NA	NA	NA	NA	NA	NA	NA	NA	NA	NA	NA	NA	NA	NA	NA	NA	4D	4D47	199	3	1	0	Reduction	Early	Reduction
XL	2020-07-17T00:00:00Z	4	D	37	3	38	3	0	1	1	1	0	1	0	0	NA	NA	NA	NA	NA	NA	NA	NA	NA	NA	NA	NA	NA	NA	4D	4D37	199	5	1	1	Reduction	Early	Reduction
XL	2020-07-17T00:00:00Z	3	A	125	1	36	8	2	2	NA	NA	NA	NA	NA	NA	NA	NA	NA	NA	NA	NA	NA	NA	NA	NA	NA	NA	NA	NA	3A	3A125	199	8	2	2	Reduction	Normal	Reduction
XL	2020-07-17T00:00:00Z	3	A	278	1	44	4	0	0	NA	NA	NA	NA	NA	NA	NA	NA	NA	NA	NA	NA	NA	NA	NA	NA	NA	NA	NA	NA	3A	3A278	199	4	0	0	Reduction	Normal	Reduction
XL	2020-07-17T00:00:00Z	3	A	273	1	29	5	2	1	NA	NA	NA	NA	NA	NA	NA	NA	NA	NA	NA	NA	NA	NA	NA	NA	NA	NA	NA	NA	3A	3A273	199	5	2	1	Reduction	Normal	Reduction
XL	2020-07-17T00:00:00Z	3	A	641	2	19	1	0	0	0	1	0	NA	NA	NA	NA	NA	NA	NA	NA	NA	NA	NA	NA	NA	NA	NA	NA	NA	3A	3A641	199	1	1	0	Reduction	Normal	Reduction
XL	2020-07-17T00:00:00Z	3	A	636	1	33	5	4	3	NA	NA	NA	NA	NA	NA	NA	NA	NA	NA	NA	NA	NA	NA	NA	NA	NA	NA	NA	NA	3A	3A636	199	5	4	3	Reduction	Normal	Reduction
XL	2020-07-17T00:00:00Z	3	A	638	1	66	8	3	2	NA	NA	NA	NA	NA	NA	NA	NA	NA	NA	NA	NA	NA	NA	NA	NA	NA	NA	NA	NA	3A	3A638	199	8	3	2	Reduction	Normal	Reduction
XL	2020-07-17T00:00:00Z	3	B	831	1	39	2	1	0	NA	NA	NA	NA	NA	NA	NA	NA	NA	NA	NA	NA	NA	NA	NA	NA	NA	NA	NA	NA	3B	3B831	199	2	1	0	Control	Normal	Mock rainout
XL	2020-07-17T00:00:00Z	3	B	838	1	34	6	0	1	NA	NA	NA	NA	NA	NA	NA	NA	NA	NA	NA	NA	NA	NA	NA	NA	NA	NA	NA	NA	3B	3B838	199	6	0	1	Control	Normal	Mock rainout
XL	2020-07-17T00:00:00Z	3	B	822	1	18	3	1	0	NA	NA	NA	NA	NA	NA	NA	NA	NA	NA	NA	NA	NA	NA	NA	NA	NA	NA	NA	NA	3B	3B822	199	3	1	0	Control	Normal	Mock rainout
XL	2020-07-17T00:00:00Z	3	B	828	3	23	2	3	0	0	1	0	NA	NA	NA	NA	NA	NA	NA	NA	NA	NA	NA	NA	NA	NA	NA	NA	NA	3B	3B828	199	2	4	0	Control	Normal	Mock rainout
XL	2020-07-17T00:00:00Z	3	B	603	1	43	4	1	0	NA	NA	NA	NA	NA	NA	NA	NA	NA	NA	NA	NA	NA	NA	NA	NA	NA	NA	chewed	NA	3B	3B603	199	4	1	0	Control	Normal	Mock rainout
XL	2020-07-17T00:00:00Z	3	B	618	1	29	6	5	3	NA	NA	NA	NA	NA	NA	NA	NA	NA	NA	NA	NA	NA	NA	NA	NA	NA	NA	NA	NA	3B	3B618	199	6	5	3	Control	Normal	Mock rainout
XL	2020-07-17T00:00:00Z	3	C	133	1	47	5	1	0	NA	NA	NA	NA	NA	NA	NA	NA	NA	NA	NA	NA	NA	NA	NA	NA	NA	NA	bent	NA	3C	3C133	199	5	1	0	Addition	Normal	Addition
XL	2020-07-17T00:00:00Z	3	C	139	1	44	6	1	3	NA	NA	NA	NA	NA	NA	NA	NA	NA	NA	NA	NA	NA	NA	NA	NA	NA	NA	NA	NA	3C	3C139	199	6	1	3	Addition	Normal	Addition
XL	2020-07-17T00:00:00Z	3	C	137	2	31	1	2	0	NA	NA	NA	NA	NA	NA	NA	NA	NA	NA	NA	NA	NA	NA	NA	NA	NA	NA	NA	NA	3C	3C137	199	1	2	0	Addition	Normal	Addition
XL	2020-07-17T00:00:00Z	3	C	153	5	25	4	0	1	1	0	0	1	0	0	NA	NA	NA	NA	NA	NA	NA	NA	NA	NA	NA	NA	NA	NA	3C	3C153	199	6	0	1	Addition	Normal	Addition
XL	2020-07-17T00:00:00Z	3	C	177	3	27	2	0	0	0	1	1	NA	NA	NA	NA	NA	NA	NA	NA	NA	NA	NA	NA	NA	NA	NA	NA	NA	3C	3C177	199	2	1	1	Addition	Normal	Addition
XL	2020-07-17T00:00:00Z	3	C	166	2	35	2	1	0	0	2	0	NA	NA	NA	NA	NA	NA	NA	NA	NA	NA	NA	NA	NA	NA	NA	NA	NA	3C	3C166	199	2	3	0	Addition	Normal	Addition
XL	2020-07-17T00:00:00Z	3	C	173	2	35	5	0	3	1	0	1	NA	NA	NA	NA	NA	NA	NA	NA	NA	NA	NA	NA	NA	NA	NA	NA	NA	3C	3C173	199	6	0	4	Addition	Normal	Addition
XL	2020-07-17T00:00:00Z	3	C	174184	1	51	6	0	3	NA	NA	NA	NA	NA	NA	NA	NA	NA	NA	NA	NA	NA	NA	NA	NA	NA	NA	NA	"plant said ""174/184"". Got rid of the slash to make R happy. XL says that the flowering plant is between tags 174 and 184."	3C	3C174184	199	6	0	3	Addition	Normal	Addition
XL	2020-07-17T00:00:00Z	3	D	892	1	36	1	0	0	NA	NA	NA	NA	NA	NA	NA	NA	NA	NA	NA	NA	NA	NA	NA	NA	NA	NA	NA	NA	3D	3D892	199	1	0	0	Control	Normal	Control
XL	2020-07-17T00:00:00Z	3	D	893	1	22	2	2	2	NA	NA	NA	NA	NA	NA	NA	NA	NA	NA	NA	NA	NA	NA	NA	NA	NA	NA	NA	NA	3D	3D893	199	2	2	2	Control	Normal	Control
XL	2020-07-17T00:00:00Z	3	D	886	2	37	1	1	1	NA	NA	NA	NA	NA	NA	NA	NA	NA	NA	NA	NA	NA	NA	NA	NA	NA	NA	NA	NA	3D	3D886	199	1	1	1	Control	Normal	Control
XL	2020-07-17T00:00:00Z	3	D	881	1	30	0	2	1	NA	NA	NA	NA	NA	NA	NA	NA	NA	NA	NA	NA	NA	NA	NA	NA	NA	NA	NA	NA	3D	3D881	199	0	2	1	Control	Normal	Control
XL	2020-07-17T00:00:00Z	3	D	895	1	26	0	1	0	NA	NA	NA	NA	NA	NA	NA	NA	NA	NA	NA	NA	NA	NA	NA	NA	NA	NA	NA	NA	3D	3D895	199	0	1	0	Control	Normal	Control
XL	2020-07-17T00:00:00Z	3	D	876	1	27	4	1	2	NA	NA	NA	NA	NA	NA	NA	NA	NA	NA	NA	NA	NA	NA	NA	NA	NA	NA	NA	NA	3D	3D876	199	4	1	2	Control	Normal	Control
XL	2020-07-17T00:00:00Z	3	D	875	2	38	3	1	0	NA	NA	NA	NA	NA	NA	NA	NA	NA	NA	NA	NA	NA	NA	NA	NA	NA	NA	NA	NA	3D	3D875	199	3	1	0	Control	Normal	Control
XL	2020-07-17T00:00:00Z	2	D	193	3	41	2	2	1	1	0	0	NA	NA	NA	NA	NA	NA	NA	NA	NA	NA	NA	NA	NA	NA	NA	NA	NA	2D	2D193	199	3	2	1	Addition	Early	Addition
XL	2020-07-17T00:00:00Z	2	D	220	1	32	1	0	0	NA	NA	NA	NA	NA	NA	NA	NA	NA	NA	NA	NA	NA	NA	NA	NA	NA	NA	NA	NA	2D	2D220	199	1	0	0	Addition	Early	Addition
XL	2020-07-17T00:00:00Z	2	D	219	1	39	5	1	2	NA	NA	NA	NA	NA	NA	NA	NA	NA	NA	NA	NA	NA	NA	NA	NA	NA	NA	NA	NA	2D	2D219	199	5	1	2	Addition	Early	Addition
XL	2020-07-17T00:00:00Z	2	D	194	3	41	6	1	2	2	0	0	0	2	0	NA	NA	NA	NA	NA	NA	NA	NA	NA	NA	NA	NA	NA	NA	2D	2D194	199	8	3	2	Addition	Early	Addition
XL	2020-07-17T00:00:00Z	2	D	207	2	27	1	1	0	1	1	0	NA	NA	NA	NA	NA	NA	NA	NA	NA	NA	NA	NA	NA	NA	NA	NA	NA	2D	2D207	199	2	2	0	Addition	Early	Addition
XL	2020-07-17T00:00:00Z	2	D	210	1	27	1	1	0	NA	NA	NA	NA	NA	NA	NA	NA	NA	NA	NA	NA	NA	NA	NA	NA	NA	NA	NA	NA	2D	2D210	199	1	1	0	Addition	Early	Addition
XL	2020-07-17T00:00:00Z	2	D	204	1	63	7	1	2	NA	NA	NA	NA	NA	NA	NA	NA	NA	NA	NA	NA	NA	NA	NA	NA	NA	NA	NA	NA	2D	2D204	199	7	1	2	Addition	Early	Addition
XL	2020-07-17T00:00:00Z	2	D	187	3	54	6	2	3	2	1	0	2	0	0	NA	NA	NA	NA	NA	NA	NA	NA	NA	NA	NA	NA	NA	NA	2D	2D187	199	10	3	3	Addition	Early	Addition
ST	2020-07-23T00:00:00Z	1	A	230	1	31	4	0	0	NA	NA	NA	NA	NA	NA	NA	NA	NA	NA	NA	NA	NA	NA	NA	NA	NA	NA	NA	NA	1A	1A230	205	4	0	0	Addition	Normal	Addition
ST	2020-07-23T00:00:00Z	1	A	235	1	29	2	0	0	NA	NA	NA	NA	NA	NA	NA	NA	NA	NA	NA	NA	NA	NA	NA	NA	NA	NA	NA	NA	1A	1A235	205	2	0	0	Addition	Normal	Addition
ST	2020-07-23T00:00:00Z	1	A	231	1	50	1	1	0	NA	NA	NA	NA	NA	NA	NA	NA	NA	NA	NA	NA	NA	NA	NA	NA	NA	NA	NA	NA	1A	1A231	205	1	1	0	Addition	Normal	Addition
ST	2020-07-23T00:00:00Z	1	A	255	1	34	0	1	0	NA	NA	NA	NA	NA	NA	NA	NA	NA	NA	NA	NA	NA	NA	NA	NA	NA	NA	NA	NA	1A	1A255	205	0	1	0	Addition	Normal	Addition
ST	2020-07-23T00:00:00Z	1	A	250	3	23	1	0	0	0	0	0	0	0	0	NA	NA	NA	NA	NA	NA	NA	NA	NA	NA	NA	NA	NA	NA	1A	1A250	205	1	0	0	Addition	Normal	Addition
ST	2020-07-23T00:00:00Z	1	B	658	1	22	0	1	0	NA	NA	NA	NA	NA	NA	NA	NA	NA	NA	NA	NA	NA	NA	NA	NA	NA	NA	NA	NA	1B	1B658	205	0	1	0	Control	Normal	Control
ST	2020-07-23T00:00:00Z	1	B	656	2	27	1	2	0	0	0	0	NA	NA	NA	NA	NA	NA	NA	NA	NA	NA	NA	NA	NA	NA	NA	NA	NA	1B	1B656	205	1	2	0	Control	Normal	Control
ST	2020-07-23T00:00:00Z	1	B	672	1	34	3	4	1	NA	NA	NA	NA	NA	NA	NA	NA	NA	NA	NA	NA	NA	NA	NA	NA	NA	NA	NA	NA	1B	1B672	205	3	4	1	Control	Normal	Control
ST	2020-07-23T00:00:00Z	1	C	60	7	34	3	1	0	2	1	0	1	0	0	1	0	0	5	0	0	0	0	0	NA	NA	NA	NA	NA	1C	1C60	205	12	2	0	Control	Normal	Mock rainout
ST	2020-07-23T00:00:00Z	1	C	46	6	26	1	0	0	0	0	0	0	0	0	0	0	0	0	0	0	0	0	0	NA	NA	NA	NA	NA	1C	1C46	205	1	0	0	Control	Normal	Mock rainout
ST	2020-07-23T00:00:00Z	1	D	33	1	37	6	3	1	NA	NA	NA	NA	NA	NA	NA	NA	NA	NA	NA	NA	NA	NA	NA	NA	NA	NA	NA	NA	1D	1D33	205	6	3	1	Reduction	Normal	Reduction
ST	2020-07-23T00:00:00Z	1	D	9	1	29	4	0	0	NA	NA	NA	NA	NA	NA	NA	NA	NA	NA	NA	NA	NA	NA	NA	NA	NA	NA	NA	NA	1D	1D9	205	4	0	0	Reduction	Normal	Reduction
ST	2020-07-23T00:00:00Z	1	D	12	1	41	8	2	0	NA	NA	NA	NA	NA	NA	NA	NA	NA	NA	NA	NA	NA	NA	NA	NA	NA	NA	NA	NA	1D	1D12	205	8	2	0	Reduction	Normal	Reduction
ST	2020-07-23T00:00:00Z	4	A	124	3	24	5	0	0	0	0	0	0	0	0	0	0	0	0	0	0	NA	NA	NA	NA	NA	NA	NA	NA	4A	4A124	205	5	0	0	Addition	Early	Addition
ST	2020-07-23T00:00:00Z	4	A	85	4	39	3	1	0	2	1	0	1	0	0	6	1	0	NA	NA	NA	NA	NA	NA	NA	NA	NA	NA	NA	4A	4A85	205	12	3	0	Addition	Early	Addition
ST	2020-07-23T00:00:00Z	4	A	80	4	37	4	3	0	2	1	0	1	1	1	8	0	1	NA	NA	NA	NA	NA	NA	NA	NA	NA	NA	NA	4A	4A80	205	15	5	2	Addition	Early	Addition
ST	2020-07-23T00:00:00Z	4	A	121	1	28	4	0	0	NA	NA	NA	NA	NA	NA	NA	NA	NA	NA	NA	NA	NA	NA	NA	NA	NA	NA	NA	NA	4A	4A121	205	4	0	0	Addition	Early	Addition
ST	2020-07-23T00:00:00Z	4	A	63	2	19	1	0	0	1	0	0	NA	NA	NA	NA	NA	NA	NA	NA	NA	NA	NA	NA	NA	NA	NA	NA	NA	4A	4A63	205	2	0	0	Addition	Early	Addition
ST	2020-07-23T00:00:00Z	4	A	109	1	24	1	0	0	NA	NA	NA	NA	NA	NA	NA	NA	NA	NA	NA	NA	NA	NA	NA	NA	NA	NA	NA	NA	4A	4A109	205	1	0	0	Addition	Early	Addition
ST	2020-07-23T00:00:00Z	4	A	110	6	32	1	0	0	1	0	0	0	0	0	0	0	0	0	0	0	0	0	0	NA	NA	NA	NA	NA	4A	4A110	205	2	0	0	Addition	Early	Addition
ST	2020-07-23T00:00:00Z	4	A	101	3	21	1	0	0	NA	NA	NA	NA	NA	NA	NA	NA	NA	NA	NA	NA	NA	NA	NA	NA	NA	NA	NA	NA	4A	4A101	205	1	0	0	Addition	Early	Addition
ST	2020-07-23T00:00:00Z	4	A	99	1	31	2	0	0	NA	NA	NA	NA	NA	NA	NA	NA	NA	NA	NA	NA	NA	NA	NA	NA	NA	NA	NA	NA	4A	4A99	205	2	0	0	Addition	Early	Addition
ST	2020-07-23T00:00:00Z	4	A	91	1	33	4	0	0	NA	NA	NA	NA	NA	NA	NA	NA	NA	NA	NA	NA	NA	NA	NA	NA	NA	NA	NA	NA	4A	4A91	205	4	0	0	Addition	Early	Addition
ST	2020-07-23T00:00:00Z	4	B	596	1	36	18	5	5	NA	NA	NA	NA	NA	NA	NA	NA	NA	NA	NA	NA	NA	NA	NA	NA	NA	NA	NA	NA	4B	4B596	205	18	5	5	Control	Early	Mock rainout
ST	2020-07-23T00:00:00Z	4	B	594	1	28	2	2	0	NA	NA	NA	NA	NA	NA	NA	NA	NA	NA	NA	NA	NA	NA	NA	NA	NA	NA	NA	NA	4B	4B594	205	2	2	0	Control	Early	Mock rainout
ST	2020-07-23T00:00:00Z	4	C	213	1	35	2	1	0	NA	NA	NA	NA	NA	NA	NA	NA	NA	NA	NA	NA	NA	NA	NA	NA	NA	NA	NA	NA	4C	4C213	205	2	1	0	Control	Early	Control
ST	2020-07-23T00:00:00Z	4	C	120	6	16	1	1	0	2	0	0	4	0	0	2	0	0	NA	NA	NA	NA	NA	NA	NA	NA	NA	NA	NA	4C	4C120	205	9	1	0	Control	Early	Control
ST	2020-07-23T00:00:00Z	4	C	196	3	22	1	0	0	3	0	1	0	0	0	NA	NA	NA	NA	NA	NA	NA	NA	NA	NA	NA	NA	NA	NA	4C	4C196	205	4	0	1	Control	Early	Control
ST	2020-07-23T00:00:00Z	4	C	195	4	56	1	0	0	2	0	0	2	0	0	3	0	0	NA	NA	NA	NA	NA	NA	NA	NA	NA	NA	NA	4C	4C195	205	8	0	0	Control	Early	Control
ST	2020-07-23T00:00:00Z	4	C	187	3	28	1	1	0	0	0	0	0	0	0	NA	NA	NA	NA	NA	NA	NA	NA	NA	NA	NA	NA	NA	NA	4C	4C187	205	1	1	0	Control	Early	Control
ST	2020-07-23T00:00:00Z	4	D	37	3	27	3	1	1	2	0	0	2	3	0	NA	NA	NA	NA	NA	NA	NA	NA	NA	NA	NA	NA	NA	NA	4D	4D37	205	7	4	1	Reduction	Early	Reduction
ST	2020-07-23T00:00:00Z	4	D	52	1	38	13	2	2	NA	NA	NA	NA	NA	NA	NA	NA	NA	NA	NA	NA	NA	NA	NA	NA	NA	NA	NA	NA	4D	4D52	205	13	2	2	Reduction	Early	Reduction
ST	2020-07-23T00:00:00Z	3	D	840	3	18	1	0	1	1	0	0	1	0	0	NA	NA	NA	NA	NA	NA	NA	NA	NA	NA	NA	NA	NA	NA	3D	3D840	205	3	0	1	Control	Normal	Control
ST	2020-07-23T00:00:00Z	3	D	892	1	36	1	0	0	NA	NA	NA	NA	NA	NA	NA	NA	NA	NA	NA	NA	NA	NA	NA	NA	NA	NA	NA	NA	3D	3D892	205	1	0	0	Control	Normal	Control
ST	2020-07-23T00:00:00Z	3	D	893	1	26	2	1	0	NA	NA	NA	NA	NA	NA	NA	NA	NA	NA	NA	NA	NA	NA	NA	NA	NA	NA	NA	NA	3D	3D893	205	2	1	0	Control	Normal	Control
ST	2020-07-23T00:00:00Z	3	D	894	1	30	1	0	1	NA	NA	NA	NA	NA	NA	NA	NA	NA	NA	NA	NA	NA	NA	NA	NA	NA	NA	NA	NA	3D	3D894	205	1	0	1	Control	Normal	Control
ST	2020-07-23T00:00:00Z	3	D	864	1	24	0	2	0	NA	NA	NA	NA	NA	NA	NA	NA	NA	NA	NA	NA	NA	NA	NA	NA	NA	NA	NA	NA	3D	3D864	205	0	2	0	Control	Normal	Control
ST	2020-07-23T00:00:00Z	3	D	881	1	29	3	1	3	NA	NA	NA	NA	NA	NA	NA	NA	NA	NA	NA	NA	NA	NA	NA	NA	NA	NA	NA	NA	3D	3D881	205	3	1	3	Control	Normal	Control
ST	2020-07-23T00:00:00Z	3	D	895	1	24	3	2	0	NA	NA	NA	NA	NA	NA	NA	NA	NA	NA	NA	NA	NA	NA	NA	NA	NA	NA	NA	NA	3D	3D895	205	3	2	0	Control	Normal	Control
ST	2020-07-23T00:00:00Z	3	D	876	1	27	4	3	0	NA	NA	NA	NA	NA	NA	NA	NA	NA	NA	NA	NA	NA	NA	NA	NA	NA	NA	NA	NA	3D	3D876	205	4	3	0	Control	Normal	Control
ST	2020-07-23T00:00:00Z	3	D	875	2	39	1	1	0	0	0	0	NA	NA	NA	NA	NA	NA	NA	NA	NA	NA	NA	NA	NA	NA	NA	NA	NA	3D	3D875	205	1	1	0	Control	Normal	Control
ST	2020-07-23T00:00:00Z	3	B	828	5	24	2	0	0	0	1	0	2	0	0	0	0	0	0	0	NA	NA	NA	NA	NA	NA	NA	NA	NA	3B	3B828	205	4	1	0	Control	Normal	Mock rainout
ST	2020-07-23T00:00:00Z	3	B	838	1	35	3	4	0	NA	NA	NA	NA	NA	NA	NA	NA	NA	NA	NA	NA	NA	NA	NA	NA	NA	NA	NA	NA	3B	3B838	205	3	4	0	Control	Normal	Mock rainout
ST	2020-07-23T00:00:00Z	3	B	603	1	43	3	0	0	NA	NA	NA	NA	NA	NA	NA	NA	NA	NA	NA	NA	NA	NA	NA	NA	NA	NA	NA	NA	3B	3B603	205	3	0	0	Control	Normal	Mock rainout
ST	2020-07-23T00:00:00Z	3	B	618	1	31	9	2	0	NA	NA	NA	NA	NA	NA	NA	NA	NA	NA	NA	NA	NA	NA	NA	NA	NA	NA	NA	NA	3B	3B618	205	9	2	0	Control	Normal	Mock rainout
ST	2020-07-23T00:00:00Z	3	B	831	1	39	1	6	0	NA	NA	NA	NA	NA	NA	NA	NA	NA	NA	NA	NA	NA	NA	NA	NA	NA	NA	NA	NA	3B	3B831	205	1	6	0	Control	Normal	Mock rainout
ST	2020-07-23T00:00:00Z	3	C	174184	1	50	7	3	1	NA	NA	NA	NA	NA	NA	NA	NA	NA	NA	NA	NA	NA	NA	NA	NA	NA	NA	NA	NA	3C	3C174184	205	7	3	1	Addition	Normal	Addition
ST	2020-07-23T00:00:00Z	3	C	152	1	31	0	2	0	NA	NA	NA	NA	NA	NA	NA	NA	NA	NA	NA	NA	NA	NA	NA	NA	NA	NA	NA	NA	3C	3C152	205	0	2	0	Addition	Normal	Addition
ST	2020-07-23T00:00:00Z	3	C	166	2	36	5	1	0	3	1	3	NA	NA	NA	NA	NA	NA	NA	NA	NA	NA	NA	NA	NA	NA	NA	NA	NA	3C	3C166	205	8	2	3	Addition	Normal	Addition
ST	2020-07-23T00:00:00Z	3	C	177	3	28	2	0	0	3	1	0	NA	NA	NA	NA	NA	NA	NA	NA	NA	NA	NA	NA	NA	NA	NA	NA	NA	3C	3C177	205	5	1	0	Addition	Normal	Addition
ST	2020-07-23T00:00:00Z	3	C	173	2	37	1	0	0	6	2	1	NA	NA	NA	NA	NA	NA	NA	NA	NA	NA	NA	NA	NA	NA	NA	NA	NA	3C	3C173	205	7	2	1	Addition	Normal	Addition
ST	2020-07-23T00:00:00Z	3	C	169	2	27	4	1	2	0	0	0	NA	NA	NA	NA	NA	NA	NA	NA	NA	NA	NA	NA	NA	NA	NA	NA	NA	3C	3C169	205	4	1	2	Addition	Normal	Addition
ST	2020-07-23T00:00:00Z	3	C	153	4	25	1	0	1	5	0	0	1	1	0	0	0	0	NA	NA	NA	NA	NA	NA	NA	NA	NA	NA	NA	3C	3C153	205	7	1	1	Addition	Normal	Addition
XL	2020-07-23T00:00:00Z	6	A	685	2	39	1	0	0	NA	NA	NA	NA	NA	NA	NA	NA	NA	NA	NA	NA	NA	NA	NA	NA	NA	NA	snapped	NA	6A	6A685	205	1	0	0	Control	Normal	Control
XL	2020-07-23T00:00:00Z	6	A	169	3	29	2	0	0	0	1	0	NA	NA	NA	NA	NA	NA	NA	NA	NA	NA	NA	NA	NA	NA	NA	NA	NA	6A	6A169	205	2	1	0	Control	Normal	Control
XL	2020-07-23T00:00:00Z	6	A	136	6	42	2	1	0	1	1	0	3	1	1	1	0	0	3	1	1	3	0	0	NA	NA	NA	NA	NA	6A	6A136	205	13	4	2	Control	Normal	Control
XL	2020-07-23T00:00:00Z	6	A	145	1	32	4	0	0	NA	NA	NA	NA	NA	NA	NA	NA	NA	NA	NA	NA	NA	NA	NA	NA	NA	NA	NA	NA	6A	6A145	205	4	0	0	Control	Normal	Control
XL	2020-07-23T00:00:00Z	6	B	243	2	54	2	1	0	NA	NA	NA	NA	NA	NA	NA	NA	NA	NA	NA	NA	NA	NA	NA	NA	NA	NA	snapped	NA	6B	6B243	205	2	1	0	Reduction	Normal	Reduction
XL	2020-07-23T00:00:00Z	6	B	21	3	21	0	1	0	1	0	0	NA	NA	NA	NA	NA	NA	NA	NA	NA	NA	NA	NA	NA	NA	NA	NA	NA	6B	6B21	205	1	1	0	Reduction	Normal	Reduction
XL	2020-07-23T00:00:00Z	6	B	14	2	27	2	0	0	0	1	0	0	1	0	NA	NA	NA	NA	NA	NA	NA	NA	NA	NA	NA	NA	NA	9 infloresences, continued below	6B	6B14	205	2	2	0	Reduction	Normal	Reduction
XL	2020-07-23T00:00:00Z	6	C	121	9	48	7	2	4	7	2	2	3	3	2	6	1	2	0	3	0	6	3	1	NA	NA	NA	NA	NA	6C	6C121	205	29	14	11	Control	Normal	Mock rainout
XL	2020-07-23T00:00:00Z	6	C	121	9	48	6	0	1	2	2	1	3	2	1	NA	NA	NA	NA	NA	NA	NA	NA	NA	NA	NA	NA	NA	NA	6C	6C121	205	11	4	3	Control	Normal	Mock rainout
XL	2020-07-23T00:00:00Z	6	C	86	1	39	4	1	0	NA	NA	NA	NA	NA	NA	NA	NA	NA	NA	NA	NA	NA	NA	NA	NA	NA	NA	bent	NA	6C	6C86	205	4	1	0	Control	Normal	Mock rainout
XL	2020-07-23T00:00:00Z	6	C	93	5	41	1	1	0	6	0	0	1	0	0	NA	NA	NA	NA	NA	NA	NA	NA	NA	NA	NA	NA	NA	NA	6C	6C93	205	8	1	0	Control	Normal	Mock rainout
XL	2020-07-23T00:00:00Z	6	C	96	4	27	4	0	2	NA	NA	NA	NA	NA	NA	NA	NA	NA	NA	NA	NA	NA	NA	NA	NA	NA	NA	NA	NA	6C	6C96	205	4	0	2	Control	Normal	Mock rainout
XL	2020-07-23T00:00:00Z	6	C	99	1	38	3	0	1	NA	NA	NA	NA	NA	NA	NA	NA	NA	NA	NA	NA	NA	NA	NA	NA	NA	NA	NA	NA	6C	6C99	205	3	0	1	Control	Normal	Mock rainout
XL	2020-07-23T00:00:00Z	6	C	116	1	18	4	0	0	NA	NA	NA	NA	NA	NA	NA	NA	NA	NA	NA	NA	NA	NA	NA	NA	NA	NA	NA	NA	6C	6C116	205	4	0	0	Control	Normal	Mock rainout
XL	2020-07-23T00:00:00Z	6	C	111	4	34	1	0	0	2	0	0	5	2	1	1	1	0	NA	NA	NA	NA	NA	NA	NA	NA	NA	NA	NA	6C	6C111	205	9	3	1	Control	Normal	Mock rainout
XL	2020-07-23T00:00:00Z	6	D	59	1	42	7	0	0	NA	NA	NA	NA	NA	NA	NA	NA	NA	NA	NA	NA	NA	NA	NA	NA	NA	NA	NA	NA	6D	6D59	205	7	0	0	Addition	Normal	Addition
XL	2020-07-23T00:00:00Z	6	D	56	4	26	1	1	0	4	0	0	3	1	0	1	1	0	NA	NA	NA	NA	NA	NA	NA	NA	NA	NA	NA	6D	6D56	205	9	3	0	Addition	Normal	Addition
XL	2020-07-23T00:00:00Z	6	D	64	6	22	1	0	1	0	1	0	1	1	1	2	0	1	1	0	1	NA	NA	NA	NA	NA	NA	NA	NA	6D	6D64	205	5	2	4	Addition	Normal	Addition
XL	2020-07-23T00:00:00Z	6	D	45	1	28	13	3	3	NA	NA	NA	NA	NA	NA	NA	NA	NA	NA	NA	NA	NA	NA	NA	NA	NA	NA	NA	NA	6D	6D45	205	13	3	3	Addition	Normal	Addition
XL	2020-07-23T00:00:00Z	6	D	52	1	36	3	0	0	NA	NA	NA	NA	NA	NA	NA	NA	NA	NA	NA	NA	NA	NA	NA	NA	NA	NA	NA	NA	6D	6D52	205	3	0	0	Addition	Normal	Addition
XL	2020-07-23T00:00:00Z	6	D	46	4	31	2	1	0	2	0	0	2	0	0	NA	NA	NA	NA	NA	NA	NA	NA	NA	NA	NA	NA	NA	NA	6D	6D46	205	6	1	0	Addition	Normal	Addition
XL	2020-07-23T00:00:00Z	6	D	48	2	37	3	1	0	3	0	0	NA	NA	NA	NA	NA	NA	NA	NA	NA	NA	NA	NA	NA	NA	NA	NA	NA	6D	6D48	205	6	1	0	Addition	Normal	Addition
XL	2020-07-23T00:00:00Z	5	A	180	3	30	1	0	1	4	2	1	NA	NA	NA	NA	NA	NA	NA	NA	NA	NA	NA	NA	NA	NA	NA	NA	NA	5A	5A180	205	5	2	2	Addition	Early	Addition
XL	2020-07-23T00:00:00Z	5	A	202	1	36	4	4	0	NA	NA	NA	NA	NA	NA	NA	NA	NA	NA	NA	NA	NA	NA	NA	NA	NA	NA	snapped	NA	5A	5A202	205	4	4	0	Addition	Early	Addition
XL	2020-07-23T00:00:00Z	5	A	185	2	38	1	0	0	1	0	0	NA	NA	NA	NA	NA	NA	NA	NA	NA	NA	NA	NA	NA	NA	NA	NA	NA	5A	5A185	205	2	0	0	Addition	Early	Addition
XL	2020-07-23T00:00:00Z	5	B	16	1	29	9	1	0	NA	NA	NA	NA	NA	NA	NA	NA	NA	NA	NA	NA	NA	NA	NA	NA	NA	NA	bent/snapped	NA	5B	5B16	205	9	1	0	Control	Early	Mock rainout
XL	2020-07-23T00:00:00Z	5	B	20	6	43	1	1	0	1	0	0	NA	NA	NA	NA	NA	NA	NA	NA	NA	NA	NA	NA	NA	NA	NA	NA	NA	5B	5B20	205	2	1	0	Control	Early	Mock rainout
XL	2020-07-23T00:00:00Z	5	B	296	4	23	2	0	0	1	0	0	NA	NA	NA	NA	NA	NA	NA	NA	NA	NA	NA	NA	NA	NA	NA	NA	NA	5B	5B296	205	3	0	0	Control	Early	Mock rainout
XL	2020-07-23T00:00:00Z	5	B	300	1	21	5	0	0	NA	NA	NA	NA	NA	NA	NA	NA	NA	NA	NA	NA	NA	NA	NA	NA	NA	NA	NA	NA	5B	5B300	205	5	0	0	Control	Early	Mock rainout
XL	2020-07-23T00:00:00Z	5	B	289	1	33	4	1	2	NA	NA	NA	NA	NA	NA	NA	NA	NA	NA	NA	NA	NA	NA	NA	NA	NA	NA	NA	NA	5B	5B289	205	4	1	2	Control	Early	Mock rainout
XL	2020-07-23T00:00:00Z	5	B	288	3	27	1	0	0	1	0	0	NA	NA	NA	NA	NA	NA	NA	NA	NA	NA	NA	NA	NA	NA	NA	NA	NA	5B	5B288	205	2	0	0	Control	Early	Mock rainout
XL	2020-07-23T00:00:00Z	5	B	5	1	19	2	0	0	NA	NA	NA	NA	NA	NA	NA	NA	NA	NA	NA	NA	NA	NA	NA	NA	NA	NA	NA	NA	5B	5B5	205	2	0	0	Control	Early	Mock rainout
XL	2020-07-23T00:00:00Z	5	B	299	7	21	1	0	1	1	0	0	1	0	0	NA	NA	NA	NA	NA	NA	NA	NA	NA	NA	NA	NA	NA	NA	5B	5B299	205	3	0	1	Control	Early	Mock rainout
XL	2020-07-23T00:00:00Z	5	C	683	4	37	1	0	0	1	0	0	0	1	0	NA	NA	NA	NA	NA	NA	NA	NA	NA	NA	NA	NA	NA	NA	5C	5C683	205	2	1	0	Reduction	Early	Reduction
XL	2020-07-23T00:00:00Z	5	C	225	1	41	3	3	1	NA	NA	NA	NA	NA	NA	NA	NA	NA	NA	NA	NA	NA	NA	NA	NA	NA	NA	NA	NA	5C	5C225	205	3	3	1	Reduction	Early	Reduction
XL	2020-07-23T00:00:00Z	5	C	202	1	34	8	5	1	NA	NA	NA	NA	NA	NA	NA	NA	NA	NA	NA	NA	NA	NA	NA	NA	NA	NA	NA	NA	5C	5C202	205	8	5	1	Reduction	Early	Reduction
XL	2020-07-23T00:00:00Z	5	C	207	3	22	3	1	0	6	1	0	1	1	0	NA	NA	NA	NA	NA	NA	NA	NA	NA	NA	NA	NA	NA	NA	5C	5C207	205	10	3	0	Reduction	Early	Reduction
XL	2020-07-23T00:00:00Z	5	C	208	1	31	6	1	0	NA	NA	NA	NA	NA	NA	NA	NA	NA	NA	NA	NA	NA	NA	NA	NA	NA	NA	chewed	NA	5C	5C208	205	6	1	0	Reduction	Early	Reduction
XL	2020-07-23T00:00:00Z	5	C	217	2	35	9	3	2	4	1	2	NA	NA	NA	NA	NA	NA	NA	NA	NA	NA	NA	NA	NA	NA	NA	NA	NA	5C	5C217	205	13	4	4	Reduction	Early	Reduction
XL	2020-07-23T00:00:00Z	3	C	139	1	46	6	0	2	NA	NA	NA	NA	NA	NA	NA	NA	NA	NA	NA	NA	NA	NA	NA	NA	NA	NA	NA	NA	3C	3C139	205	6	0	2	Addition	Normal	Addition
XL	2020-07-23T00:00:00Z	3	C	133	1	43	7	2	0	NA	NA	NA	NA	NA	NA	NA	NA	NA	NA	NA	NA	NA	NA	NA	NA	NA	NA	bent	NA	3C	3C133	205	7	2	0	Addition	Normal	Addition
XL	2020-07-23T00:00:00Z	3	C	142	1	27	0	2	0	NA	NA	NA	NA	NA	NA	NA	NA	NA	NA	NA	NA	NA	NA	NA	NA	NA	NA	chewed	NA	3C	3C142	205	0	2	0	Addition	Normal	Addition
XL	2020-07-23T00:00:00Z	3	C	143	2	24	1	0	0	1	0	0	NA	NA	NA	NA	NA	NA	NA	NA	NA	NA	NA	NA	NA	NA	NA	NA	NA	3C	3C143	205	2	0	0	Addition	Normal	Addition
BV	2020-07-17T00:00:00Z	6	A	136	6	43	3	0	1	5	2	1	2	0	0	NA	NA	NA	NA	NA	NA	NA	NA	NA	NA	NA	NA	NA	NA	6A	6A136	199	10	2	2	Control	Normal	Control
BV	2020-07-17T00:00:00Z	6	A	138	1	40	2	1	0	NA	NA	NA	NA	NA	NA	NA	NA	NA	NA	NA	NA	NA	NA	NA	NA	NA	NA	NA	NA	6A	6A138	199	2	1	0	Control	Normal	Control
BV	2020-07-17T00:00:00Z	6	A	685	2	39	2	0	0	2	1	0	NA	NA	NA	NA	NA	NA	NA	NA	NA	NA	NA	NA	NA	NA	NA	NA	NA	6A	6A685	199	4	1	0	Control	Normal	Control
BV	2020-07-17T00:00:00Z	6	A	169	3	24	2	0	1	2	1	0	1	2	1	NA	NA	NA	NA	NA	NA	NA	NA	NA	NA	NA	NA	NA	NA	6A	6A169	199	5	3	2	Control	Normal	Control
BV	2020-07-17T00:00:00Z	6	A	165	1	41	3	0	0	NA	NA	NA	NA	NA	NA	NA	NA	NA	NA	NA	NA	NA	NA	NA	NA	NA	NA	NA	NA	6A	6A165	199	3	0	0	Control	Normal	Control
BV	2020-07-17T00:00:00Z	6	B	243	1	54	5	2	0	NA	NA	NA	NA	NA	NA	NA	NA	NA	NA	NA	NA	NA	NA	NA	NA	NA	NA	NA	NA	6B	6B243	199	5	2	0	Reduction	Normal	Reduction
BV	2020-07-17T00:00:00Z	6	B	266	1	49	2	1	0	NA	NA	NA	NA	NA	NA	NA	NA	NA	NA	NA	NA	NA	NA	NA	NA	NA	NA	NA	NA	6B	6B266	199	2	1	0	Reduction	Normal	Reduction
BV	2020-07-17T00:00:00Z	6	B	21	3	22	2	0	0	2	2	0	4	1	0	NA	NA	NA	NA	NA	NA	NA	NA	NA	NA	NA	NA	NA	NA	6B	6B21	199	8	3	0	Reduction	Normal	Reduction
BV	2020-07-17T00:00:00Z	6	B	120	1	59	9	3	0	NA	NA	NA	NA	NA	NA	NA	NA	NA	NA	NA	NA	NA	NA	NA	NA	NA	NA	NA	NA	6B	6B120	199	9	3	0	Reduction	Normal	Reduction
BV	2020-07-17T00:00:00Z	6	B	8	1	25	2	0	1	NA	NA	NA	NA	NA	NA	NA	NA	NA	NA	NA	NA	NA	NA	NA	NA	NA	NA	NA	NA	6B	6B8	199	2	0	1	Reduction	Normal	Reduction
BV	2020-07-17T00:00:00Z	6	C	121	1	45	2	3	1	NA	NA	NA	NA	NA	NA	NA	NA	NA	NA	NA	NA	NA	NA	NA	NA	NA	NA	NA	NA	6C	6C121	199	2	3	1	Control	Normal	Mock rainout
BV	2020-07-17T00:00:00Z	6	C	116	1	17	2	1	2	NA	NA	NA	NA	NA	NA	NA	NA	NA	NA	NA	NA	NA	NA	NA	NA	NA	NA	NA	NA	6C	6C116	199	2	1	2	Control	Normal	Mock rainout
BV	2020-07-17T00:00:00Z	6	C	111	4	23	2	1	1	1	0	1	NA	NA	NA	NA	NA	NA	NA	NA	NA	NA	NA	NA	NA	NA	NA	NA	NA	6C	6C111	199	3	1	2	Control	Normal	Mock rainout
BV	2020-07-17T00:00:00Z	6	C	113	1	29	3	0	0	NA	NA	NA	NA	NA	NA	NA	NA	NA	NA	NA	NA	NA	NA	NA	NA	NA	NA	NA	NA	6C	6C113	199	3	0	0	Control	Normal	Mock rainout
BV	2020-07-17T00:00:00Z	6	C	93	5	38	4	2	0	2	2	0	1	1	0	NA	NA	NA	NA	NA	NA	NA	NA	NA	NA	NA	NA	NA	NA	6C	6C93	199	7	5	0	Control	Normal	Mock rainout
BV	2020-07-17T00:00:00Z	6	C	86	1	41	4	3	2	NA	NA	NA	NA	NA	NA	NA	NA	NA	NA	NA	NA	NA	NA	NA	NA	NA	NA	NA	NA	6C	6C86	199	4	3	2	Control	Normal	Mock rainout
BV	2020-07-17T00:00:00Z	6	C	99	1	37	11	3	3	NA	NA	NA	NA	NA	NA	NA	NA	NA	NA	NA	NA	NA	NA	NA	NA	NA	NA	NA	NA	6C	6C99	199	11	3	3	Control	Normal	Mock rainout
BV	2020-07-17T00:00:00Z	6	C	96	4	28	4	1	2	5	0	0	NA	NA	NA	NA	NA	NA	NA	NA	NA	NA	NA	NA	NA	NA	NA	NA	NA	6C	6C96	199	9	1	2	Control	Normal	Mock rainout
BV	2020-07-17T00:00:00Z	6	D	46	5	30	1	3	0	2	1	0	2	0	0	NA	NA	NA	NA	NA	NA	NA	NA	NA	NA	NA	NA	NA	NA	6D	6D46	199	5	4	0	Addition	Normal	Addition
BV	2020-07-17T00:00:00Z	6	D	52	1	37	3	3	1	NA	NA	NA	NA	NA	NA	NA	NA	NA	NA	NA	NA	NA	NA	NA	NA	NA	NA	NA	NA	6D	6D52	199	3	3	1	Addition	Normal	Addition
BV	2020-07-17T00:00:00Z	6	D	45	2	28	7	1	2	3	2	1	NA	NA	NA	NA	NA	NA	NA	NA	NA	NA	NA	NA	NA	NA	NA	NA	NA	6D	6D45	199	10	3	3	Addition	Normal	Addition
BV	2020-07-17T00:00:00Z	6	D	68	2	33	5	1	0	4	0	0	NA	NA	NA	NA	NA	NA	NA	NA	NA	NA	NA	NA	NA	NA	NA	NA	NA	6D	6D68	199	9	1	0	Addition	Normal	Addition
BV	2020-07-17T00:00:00Z	6	D	71	3	39	5	0	0	6	0	0	6	0	0	NA	NA	NA	NA	NA	NA	NA	NA	NA	NA	NA	NA	NA	NA	6D	6D71	199	17	0	0	Addition	Normal	Addition
BV	2020-07-17T00:00:00Z	6	D	59	1	41	6	1	0	NA	NA	NA	NA	NA	NA	NA	NA	NA	NA	NA	NA	NA	NA	NA	NA	NA	NA	NA	NA	6D	6D59	199	6	1	0	Addition	Normal	Addition
BV	2020-07-17T00:00:00Z	5	A	180	1	27	3	1	1	NA	NA	NA	NA	NA	NA	NA	NA	NA	NA	NA	NA	NA	NA	NA	NA	NA	NA	NA	NA	5A	5A180	199	3	1	1	Addition	Early	Addition
BV	2020-07-17T00:00:00Z	5	A	202	1	34	0	1	0	NA	NA	NA	NA	NA	NA	NA	NA	NA	NA	NA	NA	NA	NA	NA	NA	NA	NA	NA	NA	5A	5A202	199	0	1	0	Addition	Early	Addition
BV	2020-07-17T00:00:00Z	5	A	185	2	37	5	1	2	1	2	1	NA	NA	NA	NA	NA	NA	NA	NA	NA	NA	NA	NA	NA	NA	NA	NA	NA	5A	5A185	199	6	3	3	Addition	Early	Addition
BV	2020-07-17T00:00:00Z	5	A	191	2	34	3	0	0	0	2	0	NA	NA	NA	NA	NA	NA	NA	NA	NA	NA	NA	NA	NA	NA	NA	NA	NA	5A	5A191	199	3	2	0	Addition	Early	Addition
BV	2020-07-17T00:00:00Z	5	B	16	1	42	1	0	0	NA	NA	NA	NA	NA	NA	NA	NA	NA	NA	NA	NA	NA	NA	NA	NA	NA	NA	NA	NA	5B	5B16	199	1	0	0	Control	Early	Mock rainout
BV	2020-07-17T00:00:00Z	5	B	20	7	43	1	1	1	2	1	0	2	1	0	NA	NA	NA	NA	NA	NA	NA	NA	NA	NA	NA	NA	NA	NA	5B	5B20	199	5	3	1	Control	Early	Mock rainout
BV	2020-07-17T00:00:00Z	5	B	5	1	19	5	1	1	3	2	0	4	0	0	NA	NA	NA	NA	NA	NA	NA	NA	NA	NA	NA	NA	NA	NA	5B	5B5	199	12	3	1	Control	Early	Mock rainout
BV	2020-07-17T00:00:00Z	5	B	288	5	30	2	3	0	1	1	0	NA	NA	NA	NA	NA	NA	NA	NA	NA	NA	NA	NA	NA	NA	NA	NA	NA	5B	5B288	199	3	4	0	Control	Early	Mock rainout
BV	2020-07-17T00:00:00Z	5	B	299	2	20	1	1	0	NA	NA	NA	NA	NA	NA	NA	NA	NA	NA	NA	NA	NA	NA	NA	NA	NA	NA	NA	NA	5B	5B299	199	1	1	0	Control	Early	Mock rainout
BV	2020-07-17T00:00:00Z	5	B	289	1	33	1	0	0	NA	NA	NA	NA	NA	NA	NA	NA	NA	NA	NA	NA	NA	NA	NA	NA	NA	NA	NA	NA	5B	5B289	199	1	0	0	Control	Early	Mock rainout
BV	2020-07-17T00:00:00Z	5	B	4	1	48	3	0	2	NA	NA	NA	NA	NA	NA	NA	NA	NA	NA	NA	NA	NA	NA	NA	NA	NA	NA	NA	NA	5B	5B4	199	3	0	2	Control	Early	Mock rainout
BV	2020-07-17T00:00:00Z	5	B	300	1	22	8	2	0	3	0	0	1	2	1	NA	NA	NA	NA	NA	NA	NA	NA	NA	NA	NA	NA	NA	NA	5B	5B300	199	12	4	1	Control	Early	Mock rainout
BV	2020-07-17T00:00:00Z	5	B	296	4	33	2	1	0	0	2	0	NA	NA	NA	NA	NA	NA	NA	NA	NA	NA	NA	NA	NA	NA	NA	NA	NA	5B	5B296	199	2	3	0	Control	Early	Mock rainout
BV	2020-07-17T00:00:00Z	5	C	683	2	36	1	0	0	NA	NA	NA	NA	NA	NA	NA	NA	NA	NA	NA	NA	NA	NA	NA	NA	NA	NA	NA	NA	5C	5C683	199	1	0	0	Reduction	Early	Reduction
BV	2020-07-17T00:00:00Z	5	C	202	1	35	12	3	5	NA	NA	NA	NA	NA	NA	NA	NA	NA	NA	NA	NA	NA	NA	NA	NA	NA	NA	NA	NA	5C	5C202	199	12	3	5	Reduction	Early	Reduction
BV	2020-07-17T00:00:00Z	5	C	208	1	35	0	6	0	NA	NA	NA	NA	NA	NA	NA	NA	NA	NA	NA	NA	NA	NA	NA	NA	NA	NA	NA	NA	5C	5C208	199	0	6	0	Reduction	Early	Reduction
BV	2020-07-17T00:00:00Z	5	C	221	3	26	1	0	0	5	2	2	NA	NA	NA	NA	NA	NA	NA	NA	NA	NA	NA	NA	NA	NA	NA	NA	NA	5C	5C221	199	6	2	2	Reduction	Early	Reduction
BV	2020-07-17T00:00:00Z	5	C	217	2	37	1	2	0	3	0	0	1	0	0	NA	NA	NA	NA	NA	NA	NA	NA	NA	NA	NA	NA	NA	NA	5C	5C217	199	5	2	0	Reduction	Early	Reduction
BV	2020-07-17T00:00:00Z	5	D	247	5	33	2	2	0	NA	NA	NA	NA	NA	NA	NA	NA	NA	NA	NA	NA	NA	NA	NA	NA	NA	NA	NA	NA	5D	5D247	199	2	2	0	Control	Early	Control
BV	2020-07-17T00:00:00Z	5	D	252	1	30	1	1	1	NA	NA	NA	NA	NA	NA	NA	NA	NA	NA	NA	NA	NA	NA	NA	NA	NA	NA	NA	NA	5D	5D252	199	1	1	1	Control	Early	Control
BV	2020-07-17T00:00:00Z	5	D	242	1	35	5	0	3	NA	NA	NA	NA	NA	NA	NA	NA	NA	NA	NA	NA	NA	NA	NA	NA	NA	NA	NA	NA	5D	5D242	199	5	0	3	Control	Early	Control
BV	2020-07-17T00:00:00Z	5	D	250	1	24	3	4	2	NA	NA	NA	NA	NA	NA	NA	NA	NA	NA	NA	NA	NA	NA	NA	NA	NA	NA	NA	NA	5D	5D250	199	3	4	2	Control	Early	Control
BV	2020-07-17T00:00:00Z	5	D	268	1	37	1	2	0	NA	NA	NA	NA	NA	NA	NA	NA	NA	NA	NA	NA	NA	NA	NA	NA	NA	NA	NA	NA	5D	5D268	199	1	2	0	Control	Early	Control
BV	2020-07-17T00:00:00Z	5	D	269	1	33	14	3	2	NA	NA	NA	NA	NA	NA	NA	NA	NA	NA	NA	NA	NA	NA	NA	NA	NA	NA	NA	NA	5D	5D269	199	14	3	2	Control	Early	Control
BV	2020-07-17T00:00:00Z	5	D	274	1	38	4	0	0	NA	NA	NA	NA	NA	NA	NA	NA	NA	NA	NA	NA	NA	NA	NA	NA	NA	NA	NA	NA	5D	5D274	199	4	0	0	Control	Early	Control
BV	2020-07-17T00:00:00Z	5	D	273	1	26	1	0	0	NA	NA	NA	NA	NA	NA	NA	NA	NA	NA	NA	NA	NA	NA	NA	NA	NA	NA	NA	NA	5D	5D273	199	1	0	0	Control	Early	Control
BV	2020-07-17T00:00:00Z	5	D	278	5	26	0	3	0	0	1	0	NA	NA	NA	NA	NA	NA	NA	NA	NA	NA	NA	NA	NA	NA	NA	NA	NA	5D	5D278	199	0	4	0	Control	Early	Control
BV	2020-07-23T00:00:00Z	2	A	694	1	42	1	1	1	NA	NA	NA	NA	NA	NA	NA	NA	NA	NA	NA	NA	NA	NA	NA	NA	NA	NA	NA	NA	2A	2A694	205	1	1	1	Control	Early	Control
BV	2020-07-23T00:00:00Z	2	B	138	1	43	1	2	1	NA	NA	NA	NA	NA	NA	NA	NA	NA	NA	NA	NA	NA	NA	NA	NA	NA	NA	NA	NA	2B	2B138	205	1	2	1	Control	Early	Mock rainout
BV	2020-07-23T00:00:00Z	2	B	195	1	34	3	1	1	NA	NA	NA	NA	NA	NA	NA	NA	NA	NA	NA	NA	NA	NA	NA	NA	NA	NA	NA	NA	2B	2B195	205	3	1	1	Control	Early	Mock rainout
BV	2020-07-23T00:00:00Z	2	B	178	1	20	2	1	0	NA	NA	NA	NA	NA	NA	NA	NA	NA	NA	NA	NA	NA	NA	NA	NA	NA	NA	NA	NA	2B	2B178	205	2	1	0	Control	Early	Mock rainout
BV	2020-07-23T00:00:00Z	2	B	188	1	18	2	3	0	NA	NA	NA	NA	NA	NA	NA	NA	NA	NA	NA	NA	NA	NA	NA	NA	NA	NA	NA	NA	2B	2B188	205	2	3	0	Control	Early	Mock rainout
BV	2020-07-23T00:00:00Z	2	B	197	1	36	1	2	1	NA	NA	NA	NA	NA	NA	NA	NA	NA	NA	NA	NA	NA	NA	NA	NA	NA	NA	NA	NA	2B	2B197	205	1	2	1	Control	Early	Mock rainout
BV	2020-07-23T00:00:00Z	2	B	189	1	24	9	3	2	NA	NA	NA	NA	NA	NA	NA	NA	NA	NA	NA	NA	NA	NA	NA	NA	NA	NA	NA	NA	2B	2B189	205	9	3	2	Control	Early	Mock rainout
BV	2020-07-23T00:00:00Z	2	B	186	1	28	5	3	1	NA	NA	NA	NA	NA	NA	NA	NA	NA	NA	NA	NA	NA	NA	NA	NA	NA	NA	NA	NA	2B	2B186	205	5	3	1	Control	Early	Mock rainout
BV	2020-07-23T00:00:00Z	2	B	84	1	33	8	2	3	NA	NA	NA	NA	NA	NA	NA	NA	NA	NA	NA	NA	NA	NA	NA	NA	NA	NA	NA	NA	2B	2B84	205	8	2	3	Control	Early	Mock rainout
BV	2020-07-23T00:00:00Z	2	B	190	1	29	8	4	0	NA	NA	NA	NA	NA	NA	NA	NA	NA	NA	NA	NA	NA	NA	NA	NA	NA	NA	NA	NA	2B	2B190	205	8	4	0	Control	Early	Mock rainout
BV	2020-07-23T00:00:00Z	2	B	97	1	26	3	0	0	NA	NA	NA	NA	NA	NA	NA	NA	NA	NA	NA	NA	NA	NA	NA	NA	NA	NA	NA	NA	2B	2B97	205	3	0	0	Control	Early	Mock rainout
BV	2020-07-23T00:00:00Z	2	B	180	1	28	1	1	0	NA	NA	NA	NA	NA	NA	NA	NA	NA	NA	NA	NA	NA	NA	NA	NA	NA	NA	NA	NA	2B	2B180	205	1	1	0	Control	Early	Mock rainout
BV	2020-07-23T00:00:00Z	2	B	183	3	27	2	0	0	0	2	0	NA	NA	NA	NA	NA	NA	NA	NA	NA	NA	NA	NA	NA	NA	NA	NA	NA	2B	2B183	205	2	2	0	Control	Early	Mock rainout
BV	2020-07-23T00:00:00Z	2	B	81	1	29	1	0	0	NA	NA	NA	NA	NA	NA	NA	NA	NA	NA	NA	NA	NA	NA	NA	NA	NA	NA	NA	NA	2B	2B81	205	1	0	0	Control	Early	Mock rainout
BV	2020-07-23T00:00:00Z	2	B	83	1	33	1	0	1	NA	NA	NA	NA	NA	NA	NA	NA	NA	NA	NA	NA	NA	NA	NA	NA	NA	NA	NA	NA	2B	2B83	205	1	0	1	Control	Early	Mock rainout
BV	2020-07-23T00:00:00Z	2	B	86	1	34	1	2	0	NA	NA	NA	NA	NA	NA	NA	NA	NA	NA	NA	NA	NA	NA	NA	NA	NA	NA	NA	NA	2B	2B86	205	1	2	0	Control	Early	Mock rainout
BV	2020-07-23T00:00:00Z	2	B	85	1	29	1	1	0	NA	NA	NA	NA	NA	NA	NA	NA	NA	NA	NA	NA	NA	NA	NA	NA	NA	NA	NA	NA	2B	2B85	205	1	1	0	Control	Early	Mock rainout
BV	2020-07-23T00:00:00Z	2	B	89	1	30	2	0	0	NA	NA	NA	NA	NA	NA	NA	NA	NA	NA	NA	NA	NA	NA	NA	NA	NA	NA	NA	NA	2B	2B89	205	2	0	0	Control	Early	Mock rainout
BV	2020-07-23T00:00:00Z	2	C	262	5	26	2	2	0	2	0	1	NA	NA	NA	NA	NA	NA	NA	NA	NA	NA	NA	NA	NA	NA	NA	NA	NA	2C	2C262	205	4	2	1	Reduction	Early	Reduction
BV	2020-07-23T00:00:00Z	2	C	277	1	24	5	1	0	NA	NA	NA	NA	NA	NA	NA	NA	NA	NA	NA	NA	NA	NA	NA	NA	NA	NA	NA	NA	2C	2C277	205	5	1	0	Reduction	Early	Reduction
BV	2020-07-23T00:00:00Z	2	C	274	2	31	3	4	0	1	2	0	NA	NA	NA	NA	NA	NA	NA	NA	NA	NA	NA	NA	NA	NA	NA	NA	NA	2C	2C274	205	4	6	0	Reduction	Early	Reduction
BV	2020-07-23T00:00:00Z	2	C	297	2	25	1	0	0	1	1	0	NA	NA	NA	NA	NA	NA	NA	NA	NA	NA	NA	NA	NA	NA	NA	NA	NA	2C	2C297	205	2	1	0	Reduction	Early	Reduction
BV	2020-07-23T00:00:00Z	2	C	292	1	35	2	1	0	NA	NA	NA	NA	NA	NA	NA	NA	NA	NA	NA	NA	NA	NA	NA	NA	NA	NA	NA	NA	2C	2C292	205	2	1	0	Reduction	Early	Reduction
BV	2020-07-23T00:00:00Z	2	C	293	1	31	1	0	0	NA	NA	NA	NA	NA	NA	NA	NA	NA	NA	NA	NA	NA	NA	NA	NA	NA	NA	NA	NA	2C	2C293	205	1	0	0	Reduction	Early	Reduction
BV	2020-07-23T00:00:00Z	2	C	289	4	22	2	2	0	3	2	0	NA	NA	NA	NA	NA	NA	NA	NA	NA	NA	NA	NA	NA	NA	NA	NA	NA	2C	2C289	205	5	4	0	Reduction	Early	Reduction
BV	2020-07-23T00:00:00Z	2	D	220	1	32	4	2	2	NA	NA	NA	NA	NA	NA	NA	NA	NA	NA	NA	NA	NA	NA	NA	NA	NA	NA	NA	NA	2D	2D220	205	4	2	2	Addition	Early	Addition
BV	2020-07-23T00:00:00Z	2	D	219	1	39	9	1	4	NA	NA	NA	NA	NA	NA	NA	NA	NA	NA	NA	NA	NA	NA	NA	NA	NA	NA	NA	NA	2D	2D219	205	9	1	4	Addition	Early	Addition
BV	2020-07-23T00:00:00Z	2	D	94	3	40	3	0	0	3	1	0	NA	NA	NA	NA	NA	NA	NA	NA	NA	NA	NA	NA	NA	NA	NA	NA	NA	2D	2D94	205	6	1	0	Addition	Early	Addition
BV	2020-07-23T00:00:00Z	2	D	210	1	28	7	3	3	NA	NA	NA	NA	NA	NA	NA	NA	NA	NA	NA	NA	NA	NA	NA	NA	NA	NA	NA	NA	2D	2D210	205	7	3	3	Addition	Early	Addition
BV	2020-07-23T00:00:00Z	2	D	207	2	27	2	0	0	0	2	2	NA	NA	NA	NA	NA	NA	NA	NA	NA	NA	NA	NA	NA	NA	NA	NA	NA	2D	2D207	205	2	2	2	Addition	Early	Addition
BV	2020-07-23T00:00:00Z	2	D	193	3	41	8	3	1	8	3	3	NA	NA	NA	NA	NA	NA	NA	NA	NA	NA	NA	NA	NA	NA	NA	NA	NA	2D	2D193	205	16	6	4	Addition	Early	Addition
BV	2020-07-23T00:00:00Z	2	D	187	3	54	7	6	1	1	4	0	NA	NA	NA	NA	NA	NA	NA	NA	NA	NA	NA	NA	NA	NA	NA	NA	NA	2D	2D187	205	8	10	1	Addition	Early	Addition
BV	2020-07-23T00:00:00Z	2	D	191	2	31	3	1	1	1	1	1	NA	NA	NA	NA	NA	NA	NA	NA	NA	NA	NA	NA	NA	NA	NA	NA	NA	2D	2D191	205	4	2	2	Addition	Early	Addition
BV	2020-07-23T00:00:00Z	2	D	204	1	63	2	3	0	NA	NA	NA	NA	NA	NA	NA	NA	NA	NA	NA	NA	NA	NA	NA	NA	NA	NA	NA	NA	2D	2D204	205	2	3	0	Addition	Early	Addition
BV	2020-07-23T00:00:00Z	3	A	125	1	35	6	2	0	NA	NA	NA	NA	NA	NA	NA	NA	NA	NA	NA	NA	NA	NA	NA	NA	NA	NA	NA	NA	3A	3A125	205	6	2	0	Reduction	Normal	Reduction
BV	2020-07-23T00:00:00Z	3	A	278	1	42	2	1	0	NA	NA	NA	NA	NA	NA	NA	NA	NA	NA	NA	NA	NA	NA	NA	NA	NA	NA	NA	NA	3A	3A278	205	2	1	0	Reduction	Normal	Reduction
BV	2020-07-23T00:00:00Z	3	A	273	1	29	9	4	2	NA	NA	NA	NA	NA	NA	NA	NA	NA	NA	NA	NA	NA	NA	NA	NA	NA	NA	NA	NA	3A	3A273	205	9	4	2	Reduction	Normal	Reduction
BV	2020-07-23T00:00:00Z	3	A	641	2	22	1	1	0	NA	NA	NA	NA	NA	NA	NA	NA	NA	NA	NA	NA	NA	NA	NA	NA	NA	NA	NA	NA	3A	3A641	205	1	1	0	Reduction	Normal	Reduction
BV	2020-07-23T00:00:00Z	3	A	636	1	35	4	1	1	NA	NA	NA	NA	NA	NA	NA	NA	NA	NA	NA	NA	NA	NA	NA	NA	NA	NA	NA	NA	3A	3A636	205	4	1	1	Reduction	Normal	Reduction
BV	2020-07-23T00:00:00Z	3	A	638	2	66	4	8	0	4	2	1	NA	NA	NA	NA	NA	NA	NA	NA	NA	NA	NA	NA	NA	NA	NA	NA	NA	3A	3A638	205	8	10	1	Reduction	Normal	Reduction
BV	2020-07-23T00:00:00Z	5	D	247	6	34	4	1	0	2	1	0	NA	NA	NA	NA	NA	NA	NA	NA	NA	NA	NA	NA	NA	NA	NA	NA	NA	5D	5D247	205	6	2	0	Control	Early	Control
BV	2020-07-23T00:00:00Z	5	D	252	2	32	2	3	4	NA	NA	NA	NA	NA	NA	NA	NA	NA	NA	NA	NA	NA	NA	NA	NA	NA	NA	NA	NA	5D	5D252	205	2	3	4	Control	Early	Control
BV	2020-07-23T00:00:00Z	5	D	250	2	34	3	1	0	4	1	0	NA	NA	NA	NA	NA	NA	NA	NA	NA	NA	NA	NA	NA	NA	NA	NA	NA	5D	5D250	205	7	2	0	Control	Early	Control
BV	2020-07-23T00:00:00Z	5	D	268	1	38	2	2	0	NA	NA	NA	NA	NA	NA	NA	NA	NA	NA	NA	NA	NA	NA	NA	NA	NA	NA	NA	NA	5D	5D268	205	2	2	0	Control	Early	Control
BV	2020-07-23T00:00:00Z	5	D	269	1	32	8	3	0	NA	NA	NA	NA	NA	NA	NA	NA	NA	NA	NA	NA	NA	NA	NA	NA	NA	NA	NA	NA	5D	5D269	205	8	3	0	Control	Early	Control
BV	2020-07-23T00:00:00Z	5	D	273	2	28	1	2	1	0	2	0	NA	NA	NA	NA	NA	NA	NA	NA	NA	NA	NA	NA	NA	NA	NA	NA	NA	5D	5D273	205	1	4	1	Control	Early	Control
BV	2020-07-23T00:00:00Z	5	D	275	2	28	2	0	1	3	0	1	NA	NA	NA	NA	NA	NA	NA	NA	NA	NA	NA	NA	NA	NA	NA	NA	NA	5D	5D275	205	5	0	2	Control	Early	Control
BV	2020-07-23T00:00:00Z	5	D	278	3	24	1	1	1	2	1	1	NA	NA	NA	NA	NA	NA	NA	NA	NA	NA	NA	NA	NA	NA	NA	NA	NA	5D	5D278	205	3	2	2	Control	Early	Control
ST	2020-07-31T00:00:00Z	1	A	230	1	32	1	1	0	NA	NA	NA	NA	NA	NA	NA	NA	NA	NA	NA	NA	NA	NA	NA	NA	NA	NA	NA	NA	1A	1A230	213	1	1	0	Addition	Normal	Addition
ST	2020-07-31T00:00:00Z	1	A	231	1	50	2	1	2	NA	NA	NA	NA	NA	NA	NA	NA	NA	NA	NA	NA	NA	NA	NA	NA	NA	NA	NA	NA	1A	1A231	213	2	1	2	Addition	Normal	Addition
ST	2020-07-31T00:00:00Z	1	A	244	5	27	1	0	0	0	0	0	0	0	0	0	0	0	0	0	0	NA	NA	NA	NA	NA	NA	NA	NA	1A	1A244	213	1	0	0	Addition	Normal	Addition
ST	2020-07-31T00:00:00Z	1	A	235	1	29	1	0	0	NA	NA	NA	NA	NA	NA	NA	NA	NA	NA	NA	NA	NA	NA	NA	NA	NA	NA	NA	NA	1A	1A235	213	1	0	0	Addition	Normal	Addition
ST	2020-07-31T00:00:00Z	1	A	233	1	35	1	0	0	NA	NA	NA	NA	NA	NA	NA	NA	NA	NA	NA	NA	NA	NA	NA	NA	NA	NA	NA	NA	1A	1A233	213	1	0	0	Addition	Normal	Addition
ST	2020-07-31T00:00:00Z	1	B	658	1	23	4	1	0	NA	NA	NA	NA	NA	NA	NA	NA	NA	NA	NA	NA	NA	NA	NA	NA	NA	NA	NA	NA	1B	1B658	213	4	1	0	Control	Normal	Control
ST	2020-07-31T00:00:00Z	1	B	656	2	28	1	2	1	2	2	0	NA	NA	NA	NA	NA	NA	NA	NA	NA	NA	NA	NA	NA	NA	NA	NA	NA	1B	1B656	213	3	4	1	Control	Normal	Control
ST	2020-07-31T00:00:00Z	1	B	672	1	32	2	2	1	NA	NA	NA	NA	NA	NA	NA	NA	NA	NA	NA	NA	NA	NA	NA	NA	NA	NA	NA	NA	1B	1B672	213	2	2	1	Control	Normal	Control
ST	2020-07-31T00:00:00Z	1	B	653	1	24	4	1	2	NA	NA	NA	NA	NA	NA	NA	NA	NA	NA	NA	NA	NA	NA	NA	NA	NA	NA	NA	NA	1B	1B653	213	4	1	2	Control	Normal	Control
ST	2020-07-31T00:00:00Z	1	B	650	1	22	6	1	0	NA	NA	NA	NA	NA	NA	NA	NA	NA	NA	NA	NA	NA	NA	NA	NA	NA	NA	NA	NA	1B	1B650	213	6	1	0	Control	Normal	Control
ST	2020-07-31T00:00:00Z	1	C	64	2	32	3	1	0	0	0	0	NA	NA	NA	NA	NA	NA	NA	NA	NA	NA	NA	NA	NA	NA	NA	NA	NA	1C	1C64	213	3	1	0	Control	Normal	Mock rainout
ST	2020-07-31T00:00:00Z	1	C	60	7	37	1	0	0	0	2	0	0	0	0	0	0	0	0	0	0	0	0	0	NA	NA	NA	NA	NA	1C	1C60	213	1	2	0	Control	Normal	Mock rainout
ST	2020-07-31T00:00:00Z	1	C	46	6	26	1	0	0	1	0	0	0	0	0	0	0	0	0	0	0	0	0	0	NA	NA	NA	NA	NA	1C	1C46	213	2	0	0	Control	Normal	Mock rainout
ST	2020-07-31T00:00:00Z	1	D	33	1	38	3	3	0	NA	NA	NA	NA	NA	NA	NA	NA	NA	NA	NA	NA	NA	NA	NA	NA	NA	NA	NA	NA	1D	1D33	213	3	3	0	Reduction	Normal	Reduction
ST	2020-07-31T00:00:00Z	1	D	12	1	41	6	0	0	NA	NA	NA	NA	NA	NA	NA	NA	NA	NA	NA	NA	NA	NA	NA	NA	NA	NA	NA	NA	1D	1D12	213	6	0	0	Reduction	Normal	Reduction
ST	2020-07-31T00:00:00Z	5	D	278	6	24	1	0	0	2	0	1	2	1	0	2	1	0	1	0	0	1	0	0	NA	NA	NA	NA	NA	5D	5D278	213	9	2	1	Control	Early	Control
ST	2020-07-31T00:00:00Z	5	D	273	2	25	1	0	0	NA	NA	NA	NA	NA	NA	NA	NA	NA	NA	NA	NA	NA	NA	NA	NA	NA	NA	NA	NA	5D	5D273	213	1	0	0	Control	Early	Control
ST	2020-07-31T00:00:00Z	5	D	275	5	28	1	0	0	1	0	0	1	0	0	2	0	0	1	0	0	NA	NA	NA	NA	NA	NA	NA	NA	5D	5D275	213	6	0	0	Control	Early	Control
ST	2020-07-31T00:00:00Z	5	D	269	3	40	2	0	0	4	1	1	0	0	0	NA	NA	NA	NA	NA	NA	NA	NA	NA	NA	NA	NA	NA	NA	5D	5D269	213	6	1	1	Control	Early	Control
ST	2020-07-31T00:00:00Z	5	D	250	2	34	1	0	0	0	0	0	NA	NA	NA	NA	NA	NA	NA	NA	NA	NA	NA	NA	NA	NA	NA	NA	NA	5D	5D250	213	1	0	0	Control	Early	Control
ST	2020-07-31T00:00:00Z	5	D	247	5	31	2	0	0	1	0	0	1	0	0	0	0	0	0	0	0	NA	NA	NA	NA	NA	NA	NA	NA	5D	5D247	213	4	0	0	Control	Early	Control
ST	2020-07-31T00:00:00Z	5	D	252	2	32	1	0	0	3	3	2	NA	NA	NA	NA	NA	NA	NA	NA	NA	NA	NA	NA	NA	NA	NA	NA	NA	5D	5D252	213	4	3	2	Control	Early	Control
ST	2020-07-31T00:00:00Z	5	C	225	1	51	3	0	0	NA	NA	NA	NA	NA	NA	NA	NA	NA	NA	NA	NA	NA	NA	NA	NA	NA	NA	NA	NA	5C	5C225	213	3	0	0	Reduction	Early	Reduction
ST	2020-07-31T00:00:00Z	5	C	683	2	37	3	0	0	0	0	0	NA	NA	NA	NA	NA	NA	NA	NA	NA	NA	NA	NA	NA	NA	NA	NA	NA	5C	5C683	213	3	0	0	Reduction	Early	Reduction
ST	2020-07-31T00:00:00Z	5	C	217	2	35	3	0	0	9	2	3	NA	NA	NA	NA	NA	NA	NA	NA	NA	NA	NA	NA	NA	NA	NA	NA	NA	5C	5C217	213	12	2	3	Reduction	Early	Reduction
ST	2020-07-31T00:00:00Z	5	C	211	1	13	1	0	0	NA	NA	NA	NA	NA	NA	NA	NA	NA	NA	NA	NA	NA	NA	NA	NA	NA	NA	NA	NA	5C	5C211	213	1	0	0	Reduction	Early	Reduction
ST	2020-07-31T00:00:00Z	5	C	208	1	32	2	0	0	NA	NA	NA	NA	NA	NA	NA	NA	NA	NA	NA	NA	NA	NA	NA	NA	NA	NA	NA	NA	5C	5C208	213	2	0	0	Reduction	Early	Reduction
ST	2020-07-31T00:00:00Z	5	C	207	1	15	2	0	0	2	0	0	1	0	0	NA	NA	NA	NA	NA	NA	NA	NA	NA	NA	NA	NA	NA	NA	5C	5C207	213	5	0	0	Reduction	Early	Reduction
XL	2020-07-31T00:00:00Z	6	A	136	6	42	1	0	0	2	0	1	NA	NA	NA	NA	NA	NA	NA	NA	NA	NA	NA	NA	NA	NA	NA	snapped	NA	6A	6A136	213	3	0	1	Control	Normal	Control
XL	2020-07-31T00:00:00Z	6	B	12	2	30	1	1	0	1	0	0	NA	NA	NA	NA	NA	NA	NA	NA	NA	NA	NA	NA	NA	NA	NA	NA	NA	6B	6B12	213	2	1	0	Reduction	Normal	Reduction
XL	2020-07-31T00:00:00Z	6	B	8	1	28	4	3	0	NA	NA	NA	NA	NA	NA	NA	NA	NA	NA	NA	NA	NA	NA	NA	NA	NA	NA	NA	NA	6B	6B8	213	4	3	0	Reduction	Normal	Reduction
XL	2020-07-31T00:00:00Z	6	C	121	9	48	9	2	1	6	0	0	1	1	0	5	3	0	3	1	0	1	3	0	4	2	0	NA	NA	6C	6C121	213	29	12	1	Control	Normal	Mock rainout
XL	2020-07-31T00:00:00Z	6	C	111	5	34	3	2	0	1	0	0	0	1	0	0	1	0	NA	NA	NA	NA	NA	NA	NA	NA	NA	NA	NA	6C	6C111	213	4	4	0	Control	Normal	Mock rainout
XL	2020-07-31T00:00:00Z	6	C	93	5	38	2	0	0	3	2	0	1	0	0	NA	NA	NA	NA	NA	NA	NA	NA	NA	NA	NA	NA	NA	NA	6C	6C93	213	6	2	0	Control	Normal	Mock rainout
XL	2020-07-31T00:00:00Z	6	C	96	4	28	1	2	1	2	2	2	1	1	1	NA	NA	NA	NA	NA	NA	NA	NA	NA	NA	NA	NA	NA	NA	6C	6C96	213	4	5	4	Control	Normal	Mock rainout
XL	2020-07-31T00:00:00Z	6	D	59	1	41	1	0	0	NA	NA	NA	NA	NA	NA	NA	NA	NA	NA	NA	NA	NA	NA	NA	NA	NA	NA	NA	NA	6D	6D59	213	1	0	0	Addition	Normal	Addition
XL	2020-07-31T00:00:00Z	6	D	64	6	22	1	0	1	1	0	1	1	0	1	2	1	2	1	0	0	1	1	2	NA	NA	NA	NA	NA	6D	6D64	213	7	2	7	Addition	Normal	Addition
XL	2020-07-31T00:00:00Z	6	D	45	1	2	4	1	NA	NA	NA	NA	NA	NA	NA	NA	NA	NA	NA	NA	NA	NA	NA	NA	NA	NA	NA	NA	NA	6D	6D45	213	4	1	0	Addition	Normal	Addition
XL	2020-07-31T00:00:00Z	6	D	48	3	38	4	2	2	NA	NA	NA	NA	NA	NA	NA	NA	NA	NA	NA	NA	NA	NA	NA	NA	NA	NA	NA	NA	6D	6D48	213	4	2	2	Addition	Normal	Addition
XL	2020-07-31T00:00:00Z	5	A	180	3	30	0	1	1	1	0	1	4	1	1	NA	NA	NA	NA	NA	NA	NA	NA	NA	NA	NA	NA	NA	NA	5A	5A180	213	5	2	3	Addition	Early	Addition
XL	2020-07-31T00:00:00Z	5	A	202	1	34	2	2	0	NA	NA	NA	NA	NA	NA	NA	NA	NA	NA	NA	NA	NA	NA	NA	NA	NA	NA	snapped	NA	5A	5A202	213	2	2	0	Addition	Early	Addition
XL	2020-07-31T00:00:00Z	5	A	185	2	3	3	0	0	NA	NA	NA	NA	NA	NA	NA	NA	NA	NA	NA	NA	NA	NA	NA	NA	NA	NA	NA	NA	5A	5A185	213	3	0	0	Addition	Early	Addition
XL	2020-07-31T00:00:00Z	5	B	20	7	43	2	0	0	1	0	0	NA	NA	NA	NA	NA	NA	NA	NA	NA	NA	NA	NA	NA	NA	NA	NA	NA	5B	5B20	213	3	0	0	Control	Early	Mock rainout
XL	2020-07-31T00:00:00Z	5	B	5	1	20	1	0	0	NA	NA	NA	NA	NA	NA	NA	NA	NA	NA	NA	NA	NA	NA	NA	NA	NA	NA	NA	NA	5B	5B5	213	1	0	0	Control	Early	Mock rainout
XL	2020-07-31T00:00:00Z	5	B	288	3	32	2	0	0	1	0	0	NA	NA	NA	NA	NA	NA	NA	NA	NA	NA	NA	NA	NA	NA	NA	NA	this one was labeled, but now looking at it it's quite far from the tag	5B	5B288	213	3	0	0	Control	Early	Mock rainout
XL	2020-07-31T00:00:00Z	5	B	289	1	33	0	1	0	NA	NA	NA	NA	NA	NA	NA	NA	NA	NA	NA	NA	NA	NA	NA	NA	NA	NA	NA	NA	5B	5B289	213	0	1	0	Control	Early	Mock rainout
XL	2020-07-31T00:00:00Z	5	B	296	4	33	1	0	0	NA	NA	NA	NA	NA	NA	NA	NA	NA	NA	NA	NA	NA	NA	NA	NA	NA	NA	NA	NA	5B	5B296	213	1	0	0	Control	Early	Mock rainout
XL	2020-07-31T00:00:00Z	5	B	299	7	21	1	0	1	0	1	1	1	0	0	NA	NA	NA	NA	NA	NA	NA	NA	NA	NA	NA	NA	NA	NA	5B	5B299	213	2	1	2	Control	Early	Mock rainout
XL	2020-07-31T00:00:00Z	3	D	892	1	36	1	0	0	NA	NA	NA	NA	NA	NA	NA	NA	NA	NA	NA	NA	NA	NA	NA	NA	NA	NA	NA	NA	3D	3D892	213	1	0	0	Control	Normal	Control
XL	2020-07-31T00:00:00Z	3	D	889	1	18	1	0	0	NA	NA	NA	NA	NA	NA	NA	NA	NA	NA	NA	NA	NA	NA	NA	NA	NA	NA	bent	NA	3D	3D889	213	1	0	0	Control	Normal	Control
XL	2020-07-31T00:00:00Z	3	D	894	1	31	3	1	1	NA	NA	NA	NA	NA	NA	NA	NA	NA	NA	NA	NA	NA	NA	NA	NA	NA	NA	NA	NA	3D	3D894	213	3	1	1	Control	Normal	Control
XL	2020-07-31T00:00:00Z	3	D	895	1	27	1	0	1	NA	NA	NA	NA	NA	NA	NA	NA	NA	NA	NA	NA	NA	NA	NA	NA	NA	NA	NA	NA	3D	3D895	213	1	0	1	Control	Normal	Control
XL	2020-07-31T00:00:00Z	3	D	876	1	28	7	0	0	NA	NA	NA	NA	NA	NA	NA	NA	NA	NA	NA	NA	NA	NA	NA	NA	NA	NA	NA	caterpillar eggs	3D	3D876	213	7	0	0	Control	Normal	Control
XL	2020-07-31T00:00:00Z	3	D	893	1	29	0	1	0	NA	NA	NA	NA	NA	NA	NA	NA	NA	NA	NA	NA	NA	NA	NA	NA	NA	NA	bent	NA	3D	3D893	213	0	1	0	Control	Normal	Control
XL	2020-07-31T00:00:00Z	3	D	864	1	26	2	2	0	NA	NA	NA	NA	NA	NA	NA	NA	NA	NA	NA	NA	NA	NA	NA	NA	NA	NA	NA	NA	3D	3D864	213	2	2	0	Control	Normal	Control
XL	2020-07-31T00:00:00Z	3	D	881	1	31	1	1	0	NA	NA	NA	NA	NA	NA	NA	NA	NA	NA	NA	NA	NA	NA	NA	NA	NA	NA	NA	NA	3D	3D881	213	1	1	0	Control	Normal	Control
AP	2020-07-31T00:00:00Z	3	A	125	1	37	0	0	0	NA	NA	NA	NA	NA	NA	NA	NA	NA	NA	NA	NA	NA	NA	NA	NA	NA	NA	NA	NA	3A	3A125	213	0	0	0	Reduction	Normal	Reduction
AP	2020-07-31T00:00:00Z	3	A	273	1	30	9	3	1	NA	NA	NA	NA	NA	NA	NA	NA	NA	NA	NA	NA	NA	NA	NA	NA	NA	NA	NA	NA	3A	3A273	213	9	3	1	Reduction	Normal	Reduction
AP	2020-07-31T00:00:00Z	3	A	278	1	43	3	0	0	NA	NA	NA	NA	NA	NA	NA	NA	NA	NA	NA	NA	NA	NA	NA	NA	NA	NA	NA	NA	3A	3A278	213	3	0	0	Reduction	Normal	Reduction
AP	2020-07-31T00:00:00Z	3	A	641	2	21	1	1	0	3	0	0	NA	NA	NA	NA	NA	NA	NA	NA	NA	NA	NA	NA	NA	NA	NA	NA	NA	3A	3A641	213	4	1	0	Reduction	Normal	Reduction
AP	2020-07-31T00:00:00Z	3	A	643	1	22	0	0	0	NA	NA	NA	NA	NA	NA	NA	NA	NA	NA	NA	NA	NA	NA	NA	NA	NA	NA	NA	NA	3A	3A643	213	0	0	0	Reduction	Normal	Reduction
AP	2020-07-31T00:00:00Z	3	A	638	1	69	0	3	0	NA	NA	NA	NA	NA	NA	NA	NA	NA	NA	NA	NA	NA	NA	NA	NA	NA	NA	NA	2 directly next to each other	3A	3A638	213	0	3	0	Reduction	Normal	Reduction
AP	2020-07-31T00:00:00Z	3	A	636	1	35	0	0	0	NA	NA	NA	NA	NA	NA	NA	NA	NA	NA	NA	NA	NA	NA	NA	NA	NA	NA	NA	NA	3A	3A636	213	0	0	0	Reduction	Normal	Reduction
AP	2020-07-31T00:00:00Z	3	B	831	1	39	4	4	0	NA	NA	NA	NA	NA	NA	NA	NA	NA	NA	NA	NA	NA	NA	NA	NA	NA	NA	NA	NA	3B	3B831	213	4	4	0	Control	Normal	Mock rainout
AP	2020-07-31T00:00:00Z	3	B	621	1	54	0	1	0	NA	NA	NA	NA	NA	NA	NA	NA	NA	NA	NA	NA	NA	NA	NA	NA	NA	NA	NA	NA	3B	3B621	213	0	1	0	Control	Normal	Mock rainout
AP	2020-07-31T00:00:00Z	3	B	822	2	19	0	0	0	0	0	0	NA	NA	NA	NA	NA	NA	NA	NA	NA	NA	NA	NA	NA	NA	NA	NA	NA	3B	3B822	213	0	0	0	Control	Normal	Mock rainout
AP	2020-07-31T00:00:00Z	3	B	828	3	28	1	0	0	0	0	0	0	0	0	NA	NA	NA	NA	NA	NA	NA	NA	NA	NA	NA	NA	NA	NA	3B	3B828	213	1	0	0	Control	Normal	Mock rainout
AP	2020-07-31T00:00:00Z	3	B	603	1	43	2	1	1	NA	NA	NA	NA	NA	NA	NA	NA	NA	NA	NA	NA	NA	NA	NA	NA	NA	NA	NA	NA	3B	3B603	213	2	1	1	Control	Normal	Mock rainout
AP	2020-07-31T00:00:00Z	3	B	618	1	31	1	0	0	NA	NA	NA	NA	NA	NA	NA	NA	NA	NA	NA	NA	NA	NA	NA	NA	NA	NA	NA	NA	3B	3B618	213	1	0	0	Control	Normal	Mock rainout
AP	2020-07-31T00:00:00Z	3	B	838	2	36	13	0	0	0	0	0	NA	NA	NA	NA	NA	NA	NA	NA	NA	NA	NA	NA	NA	NA	NA	NA	NA	3B	3B838	213	13	0	0	Control	Normal	Mock rainout
AP	2020-07-31T00:00:00Z	3	C	139	1	45	3	4	1	NA	NA	NA	NA	NA	NA	NA	NA	NA	NA	NA	NA	NA	NA	NA	NA	NA	NA	NA	NA	3C	3C139	213	3	4	1	Addition	Normal	Addition
AP	2020-07-31T00:00:00Z	3	C	142	1	26	2	0	0	NA	NA	NA	NA	NA	NA	NA	NA	NA	NA	NA	NA	NA	NA	NA	NA	NA	NA	NA	NA	3C	3C142	213	2	0	0	Addition	Normal	Addition
AP	2020-07-31T00:00:00Z	3	C	143	1	25	1	2	0	NA	NA	NA	NA	NA	NA	NA	NA	NA	NA	NA	NA	NA	NA	NA	NA	NA	NA	NA	NA	3C	3C143	213	1	2	0	Addition	Normal	Addition
AP	2020-07-31T00:00:00Z	3	C	137	1	32	0	0	0	NA	NA	NA	NA	NA	NA	NA	NA	NA	NA	NA	NA	NA	NA	NA	NA	NA	NA	NA	NA	3C	3C137	213	0	0	0	Addition	Normal	Addition
AP	2020-07-31T00:00:00Z	3	C	159	1	24	0	0	0	NA	NA	NA	NA	NA	NA	NA	NA	NA	NA	NA	NA	NA	NA	NA	NA	NA	NA	NA	NA	3C	3C159	213	0	0	0	Addition	Normal	Addition
AP	2020-07-31T00:00:00Z	3	C	153	6	25	5	0	1	1	0	0	0	1	0	NA	NA	NA	NA	NA	NA	NA	NA	NA	NA	NA	NA	1 inflor chewed	NA	3C	3C153	213	6	1	1	Addition	Normal	Addition
AP	2020-07-31T00:00:00Z	3	C	154	1	29	4	0	3	NA	NA	NA	NA	NA	NA	NA	NA	NA	NA	NA	NA	NA	NA	NA	NA	NA	NA	NA	NA	3C	3C154	213	4	0	3	Addition	Normal	Addition
AP	2020-07-31T00:00:00Z	3	C	152	1	31	1	0	0	NA	NA	NA	NA	NA	NA	NA	NA	NA	NA	NA	NA	NA	NA	NA	NA	NA	NA	NA	NA	3C	3C152	213	1	0	0	Addition	Normal	Addition
AP	2020-07-31T00:00:00Z	3	C	174/184	1	49	0	0	0	NA	NA	NA	NA	NA	NA	NA	NA	NA	NA	NA	NA	NA	NA	NA	NA	NA	NA	NA	NA	3C	3C174/184	213	0	0	0	Addition	Normal	Addition
AP	2020-07-31T00:00:00Z	3	C	177	3	28	1	1	0	2	2	1	4	1	2	NA	NA	NA	NA	NA	NA	NA	NA	NA	NA	NA	NA	NA	NA	3C	3C177	213	7	4	3	Addition	Normal	Addition
AP	2020-07-31T00:00:00Z	3	C	173	2	36	2	1	1	0	1	0	NA	NA	NA	NA	NA	NA	NA	NA	NA	NA	NA	NA	NA	NA	NA	NA	NA	3C	3C173	213	2	2	1	Addition	Normal	Addition
AP	2020-07-31T00:00:00Z	3	C	166	2	36	1	1	0	2	1	0	NA	NA	NA	NA	NA	NA	NA	NA	NA	NA	NA	NA	NA	NA	NA	one of open 2 flowers chewed	NA	3C	3C166	213	3	2	0	Addition	Normal	Addition
AP	2020-07-31T00:00:00Z	3	C	126	1	17	0	0	0	NA	NA	NA	NA	NA	NA	NA	NA	NA	NA	NA	NA	NA	NA	NA	NA	NA	NA	NA	NA	3C	3C126	213	0	0	0	Addition	Normal	Addition
AP	2020-07-31T00:00:00Z	3	C	133	1	37	3	1	0	NA	NA	NA	NA	NA	NA	NA	NA	NA	NA	NA	NA	NA	NA	NA	NA	NA	NA	NA	NA	3C	3C133	213	3	1	0	Addition	Normal	Addition
JP	2020-07-31T00:00:00Z	4	A	80	4	36	3	1	0	1	0	0	2	0	0	NA	NA	NA	NA	NA	NA	NA	NA	NA	NA	NA	NA	NA	NA	4A	4A80	213	6	1	0	Addition	Early	Addition
JP	2020-07-31T00:00:00Z	4	A	85	4	38	1	0	0	NA	NA	NA	NA	NA	NA	NA	NA	NA	NA	NA	NA	NA	NA	NA	NA	NA	NA	NA	NA	4A	4A85	213	1	0	0	Addition	Early	Addition
JP	2020-07-31T00:00:00Z	4	A	124	3	24	3	0	0	NA	NA	NA	NA	NA	NA	NA	NA	NA	NA	NA	NA	NA	NA	NA	NA	NA	NA	NA	NA	4A	4A124	213	3	0	0	Addition	Early	Addition
JP	2020-07-31T00:00:00Z	4	A	101	4	20	1	1	0	1	0	1	2	1	0	1	0	0	NA	NA	NA	NA	NA	NA	NA	NA	NA	NA	NA	4A	4A101	213	5	2	1	Addition	Early	Addition
JP	2020-07-31T00:00:00Z	4	A	99	1	28	1	0	0	NA	NA	NA	NA	NA	NA	NA	NA	NA	NA	NA	NA	NA	NA	NA	NA	NA	NA	NA	NA	4A	4A99	213	1	0	0	Addition	Early	Addition
JP	2020-07-31T00:00:00Z	4	A	91	1	30	3	1	0	NA	NA	NA	NA	NA	NA	NA	NA	NA	NA	NA	NA	NA	NA	NA	NA	NA	NA	NA	NA	4A	4A91	213	3	1	0	Addition	Early	Addition
JP	2020-07-31T00:00:00Z	4	A	117	2	27	2	0	0	NA	NA	NA	NA	NA	NA	NA	NA	NA	NA	NA	NA	NA	NA	NA	NA	NA	NA	NA	NA	4A	4A117	213	2	0	0	Addition	Early	Addition
JP	2020-07-31T00:00:00Z	4	A	110	5	32	1	0	0	NA	NA	NA	NA	NA	NA	NA	NA	NA	NA	NA	NA	NA	NA	NA	NA	NA	NA	NA	NA	4A	4A110	213	1	0	0	Addition	Early	Addition
JP	2020-07-31T00:00:00Z	4	B	596	1	34	7	2	0	NA	NA	NA	NA	NA	NA	NA	NA	NA	NA	NA	NA	NA	NA	NA	NA	NA	NA	NA	NA	4B	4B596	213	7	2	0	Control	Early	Mock rainout
JP	2020-07-31T00:00:00Z	4	B	599	1	28	0	1	0	NA	NA	NA	NA	NA	NA	NA	NA	NA	NA	NA	NA	NA	NA	NA	NA	NA	NA	NA	NA	4B	4B599	213	0	1	0	Control	Early	Mock rainout
JP	2020-07-31T00:00:00Z	4	C	213	1	34	4	0	0	NA	NA	NA	NA	NA	NA	NA	NA	NA	NA	NA	NA	NA	NA	NA	NA	NA	NA	NA	NA	4C	4C213	213	4	0	0	Control	Early	Control
JP	2020-07-31T00:00:00Z	4	C	181	3	29	1	2	0	NA	NA	NA	NA	NA	NA	NA	NA	NA	NA	NA	NA	NA	NA	NA	NA	NA	NA	NA	NA	4C	4C181	213	1	2	0	Control	Early	Control
JP	2020-07-31T00:00:00Z	4	C	200	1	23	2	3	1	NA	NA	NA	NA	NA	NA	NA	NA	NA	NA	NA	NA	NA	NA	NA	NA	NA	NA	far frm tag (5 cm), no flag	NA	4C	4C200	213	2	3	1	Control	Early	Control
JP	2020-07-31T00:00:00Z	4	C	192	3	30	2	0	0	NA	NA	NA	NA	NA	NA	NA	NA	NA	NA	NA	NA	NA	NA	NA	NA	NA	NA	NA	NA	4C	4C192	213	2	0	0	Control	Early	Control
JP	2020-07-31T00:00:00Z	4	C	195	4	56	1	0	0	NA	NA	NA	NA	NA	NA	NA	NA	NA	NA	NA	NA	NA	NA	NA	NA	NA	NA	NA	NA	4C	4C195	213	1	0	0	Control	Early	Control
JP	2020-07-31T00:00:00Z	4	C	641	2	26	0	1	0	NA	NA	NA	NA	NA	NA	NA	NA	NA	NA	NA	NA	NA	NA	NA	NA	NA	NA	NA	NA	4C	4C641	213	0	1	0	Control	Early	Control
JP	2020-07-31T00:00:00Z	4	C	196	3	25	6	1	0	NA	NA	NA	NA	NA	NA	NA	NA	NA	NA	NA	NA	NA	NA	NA	NA	NA	NA	NA	NA	4C	4C196	213	6	1	0	Control	Early	Control
JP	2020-07-31T00:00:00Z	4	C	120	6	15	2	0	0	1	0	0	3	1	0	NA	NA	NA	NA	NA	NA	NA	NA	NA	NA	NA	NA	NA	NA	4C	4C120	213	6	1	0	Control	Early	Control
JP	2020-07-31T00:00:00Z	4	D	52	1	36	1	0	0	NA	NA	NA	NA	NA	NA	NA	NA	NA	NA	NA	NA	NA	NA	NA	NA	NA	NA	NA	NA	4D	4D52	213	1	0	0	Reduction	Early	Reduction
JP	2020-07-31T00:00:00Z	4	D	37	3	28	2	0	0	NA	NA	NA	NA	NA	NA	NA	NA	NA	NA	NA	NA	NA	NA	NA	NA	NA	NA	NA	NA	4D	4D37	213	2	0	0	Reduction	Early	Reduction
JP	2020-07-31T00:00:00Z	4	D	49	1	28	1	0	0	NA	NA	NA	NA	NA	NA	NA	NA	NA	NA	NA	NA	NA	NA	NA	NA	NA	NA	NA	NA	4D	4D49	213	1	0	0	Reduction	Early	Reduction
JP	2020-07-31T00:00:00Z	3	D	854	2	35	2	2	0	NA	NA	NA	NA	NA	NA	NA	NA	NA	NA	NA	NA	NA	NA	NA	NA	NA	NA	NA	NA	3D	3D854	213	2	2	0	Control	Normal	Control
JP	2020-07-31T00:00:00Z	3	D	875	7	36	2	0	0	NA	NA	NA	NA	NA	NA	NA	NA	NA	NA	NA	NA	NA	NA	NA	NA	NA	NA	NA	NA	3D	3D875	213	2	0	0	Control	Normal	Control
BV	2020-07-31T00:00:00Z	2	A	589	1	44	0	1	0	NA	NA	NA	NA	NA	NA	NA	NA	NA	NA	NA	NA	NA	NA	NA	NA	NA	NA	NA	NA	2A	2A589	213	0	1	0	Control	Early	Control
BV	2020-07-31T00:00:00Z	2	B	138	1	42	1	0	0	NA	NA	NA	NA	NA	NA	NA	NA	NA	NA	NA	NA	NA	NA	NA	NA	NA	NA	NA	NA	2B	2B138	213	1	0	0	Control	Early	Mock rainout
BV	2020-07-31T00:00:00Z	2	B	189	1	26	15	1	3	NA	NA	NA	NA	NA	NA	NA	NA	NA	NA	NA	NA	NA	NA	NA	NA	NA	NA	NA	NA	2B	2B189	213	15	1	3	Control	Early	Mock rainout
BV	2020-07-31T00:00:00Z	2	B	186	1	29	2	0	2	NA	NA	NA	NA	NA	NA	NA	NA	NA	NA	NA	NA	NA	NA	NA	NA	NA	NA	NA	NA	2B	2B186	213	2	0	2	Control	Early	Mock rainout
BV	2020-07-31T00:00:00Z	2	B	190	1	29	4	0	0	NA	NA	NA	NA	NA	NA	NA	NA	NA	NA	NA	NA	NA	NA	NA	NA	NA	NA	NA	NA	2B	2B190	213	4	0	0	Control	Early	Mock rainout
BV	2020-07-31T00:00:00Z	2	B	184	1	34	4	1	0	NA	NA	NA	NA	NA	NA	NA	NA	NA	NA	NA	NA	NA	NA	NA	NA	NA	NA	NA	NA	2B	2B184	213	4	1	0	Control	Early	Mock rainout
BV	2020-07-31T00:00:00Z	2	B	183	2	28	2	0	0	0	2	0	NA	NA	NA	NA	NA	NA	NA	NA	NA	NA	NA	NA	NA	NA	NA	NA	NA	2B	2B183	213	2	2	0	Control	Early	Mock rainout
BV	2020-07-31T00:00:00Z	2	B	180	1	41	1	1	0	NA	NA	NA	NA	NA	NA	NA	NA	NA	NA	NA	NA	NA	NA	NA	NA	NA	NA	NA	NA	2B	2B180	213	1	1	0	Control	Early	Mock rainout
BV	2020-07-31T00:00:00Z	2	B	83	1	33	1	0	0	NA	NA	NA	NA	NA	NA	NA	NA	NA	NA	NA	NA	NA	NA	NA	NA	NA	NA	NA	NA	2B	2B83	213	1	0	0	Control	Early	Mock rainout
BV	2020-07-31T00:00:00Z	2	B	85	1	28	1	0	0	NA	NA	NA	NA	NA	NA	NA	NA	NA	NA	NA	NA	NA	NA	NA	NA	NA	NA	NA	NA	2B	2B85	213	1	0	0	Control	Early	Mock rainout
BV	2020-07-31T00:00:00Z	2	C	270	1	30	0	2	1	NA	NA	NA	NA	NA	NA	NA	NA	NA	NA	NA	NA	NA	NA	NA	NA	NA	NA	NA	NA	2C	2C270	213	0	2	1	Reduction	Early	Reduction
BV	2020-07-31T00:00:00Z	2	C	262	7	27	2	0	2	4	0	0	1	0	0	NA	NA	NA	NA	NA	NA	NA	NA	NA	NA	NA	NA	NA	NA	2C	2C262	213	7	0	2	Reduction	Early	Reduction
BV	2020-07-31T00:00:00Z	2	C	297	7	25	1	0	0	NA	NA	NA	NA	NA	NA	NA	NA	NA	NA	NA	NA	NA	NA	NA	NA	NA	NA	NA	NA	2C	2C297	213	1	0	0	Reduction	Early	Reduction
BV	2020-07-31T00:00:00Z	2	C	293	1	31	9	5	1	NA	NA	NA	NA	NA	NA	NA	NA	NA	NA	NA	NA	NA	NA	NA	NA	NA	NA	NA	NA	2C	2C293	213	9	5	1	Reduction	Early	Reduction
BV	2020-07-31T00:00:00Z	2	C	277	1	24	1	0	0	NA	NA	NA	NA	NA	NA	NA	NA	NA	NA	NA	NA	NA	NA	NA	NA	NA	NA	NA	NA	2C	2C277	213	1	0	0	Reduction	Early	Reduction
BV	2020-07-31T00:00:00Z	2	C	289	4	22	1	1	0	NA	NA	NA	NA	NA	NA	NA	NA	NA	NA	NA	NA	NA	NA	NA	NA	NA	NA	NA	NA	2C	2C289	213	1	1	0	Reduction	Early	Reduction
BV	2020-07-31T00:00:00Z	2	C	292	1	37	3	2	1	NA	NA	NA	NA	NA	NA	NA	NA	NA	NA	NA	NA	NA	NA	NA	NA	NA	NA	NA	NA	2C	2C292	213	3	2	1	Reduction	Early	Reduction
BV	2020-07-31T00:00:00Z	2	C	274	2	30	2	0	0	5	0	0	NA	NA	NA	NA	NA	NA	NA	NA	NA	NA	NA	NA	NA	NA	NA	NA	NA	2C	2C274	213	7	0	0	Reduction	Early	Reduction
BV	2020-07-31T00:00:00Z	2	D	219	1	41	4	1	0	NA	NA	NA	NA	NA	NA	NA	NA	NA	NA	NA	NA	NA	NA	NA	NA	NA	NA	NA	NA	2D	2D219	213	4	1	0	Addition	Early	Addition
BV	2020-07-31T00:00:00Z	2	D	220	1	34	2	2	3	NA	NA	NA	NA	NA	NA	NA	NA	NA	NA	NA	NA	NA	NA	NA	NA	NA	NA	NA	NA	2D	2D220	213	2	2	3	Addition	Early	Addition
BV	2020-07-31T00:00:00Z	2	D	194	3	41	3	1	0	2	0	2	4	1	0	NA	NA	NA	NA	NA	NA	NA	NA	NA	NA	NA	NA	NA	NA	2D	2D194	213	9	2	2	Addition	Early	Addition
BV	2020-07-31T00:00:00Z	2	D	204	1	63	0	2	0	NA	NA	NA	NA	NA	NA	NA	NA	NA	NA	NA	NA	NA	NA	NA	NA	NA	NA	NA	NA	2D	2D204	213	0	2	0	Addition	Early	Addition
BV	2020-07-31T00:00:00Z	2	D	187	3	54	2	2	0	2	2	0	8	4	1	NA	NA	NA	NA	NA	NA	NA	NA	NA	NA	NA	NA	NA	NA	2D	2D187	213	12	8	1	Addition	Early	Addition
BV	2020-07-31T00:00:00Z	2	D	193	3	40	3	1	1	1	0	0	3	2	0	NA	NA	NA	NA	NA	NA	NA	NA	NA	NA	NA	NA	NA	NA	2D	2D193	213	7	3	1	Addition	Early	Addition
BV	2020-07-31T00:00:00Z	2	D	207	2	28	0	1	0	NA	NA	NA	NA	NA	NA	NA	NA	NA	NA	NA	NA	NA	NA	NA	NA	NA	NA	NA	NA	2D	2D207	213	0	1	0	Addition	Early	Addition
BV	2020-07-31T00:00:00Z	2	D	210	1	27	6	5	1	NA	NA	NA	NA	NA	NA	NA	NA	NA	NA	NA	NA	NA	NA	NA	NA	NA	NA	NA	NA	2D	2D210	213	6	5	1	Addition	Early	Addition
AP	2020-08-07T00:00:00Z	1	A	230	1	33	0	0	0	NA	NA	NA	NA	NA	NA	NA	NA	NA	NA	NA	NA	NA	NA	NA	NA	NA	NA	NA	NA	1A	1A230	220	0	0	0	Addition	Normal	Addition
AP	2020-08-07T00:00:00Z	1	A	240	1	26	0	0	0	NA	NA	NA	NA	NA	NA	NA	NA	NA	NA	NA	NA	NA	NA	NA	NA	NA	NA	NA	NA	1A	1A240	220	0	0	0	Addition	Normal	Addition
AP	2020-08-07T00:00:00Z	1	A	231	1	50	0	0	0	NA	NA	NA	NA	NA	NA	NA	NA	NA	NA	NA	NA	NA	NA	NA	NA	NA	NA	NA	NA	1A	1A231	220	0	0	0	Addition	Normal	Addition
AP	2020-08-07T00:00:00Z	1	A	233	1	38	1	1	1	NA	NA	NA	NA	NA	NA	NA	NA	NA	NA	NA	NA	NA	NA	NA	NA	NA	NA	NA	NA	1A	1A233	220	1	1	1	Addition	Normal	Addition
AP	2020-08-07T00:00:00Z	1	A	235	1	29	0	0	0	NA	NA	NA	NA	NA	NA	NA	NA	NA	NA	NA	NA	NA	NA	NA	NA	NA	NA	NA	NA	1A	1A235	220	0	0	0	Addition	Normal	Addition
AP	2020-08-07T00:00:00Z	1	A	243	1	28	0	0	0	NA	NA	NA	NA	NA	NA	NA	NA	NA	NA	NA	NA	NA	NA	NA	NA	NA	NA	NA	NA	1A	1A243	220	0	0	0	Addition	Normal	Addition
AP	2020-08-07T00:00:00Z	1	A	244	6	28	0	0	0	0	0	0	0	0	0	NA	NA	NA	NA	NA	NA	NA	NA	NA	NA	NA	NA	NA	NA	1A	1A244	220	0	0	0	Addition	Normal	Addition
AP	2020-08-07T00:00:00Z	1	A	246	1	34	0	0	0	NA	NA	NA	NA	NA	NA	NA	NA	NA	NA	NA	NA	NA	NA	NA	NA	NA	NA	NA	NA	1A	1A246	220	0	0	0	Addition	Normal	Addition
AP	2020-08-07T00:00:00Z	1	A	255	1	34	0	0	0	NA	NA	NA	NA	NA	NA	NA	NA	NA	NA	NA	NA	NA	NA	NA	NA	NA	NA	NA	NA	1A	1A255	220	0	0	0	Addition	Normal	Addition
AP	2020-08-07T00:00:00Z	1	A	257	2	40	0	0	0	0	0	0	NA	NA	NA	NA	NA	NA	NA	NA	NA	NA	NA	NA	NA	NA	NA	NA	NA	1A	1A257	220	0	0	0	Addition	Normal	Addition
AP	2020-08-07T00:00:00Z	1	A	250	3	24	0	0	0	0	0	0	0	0	0	NA	NA	NA	NA	NA	NA	NA	NA	NA	NA	NA	NA	NA	NA	1A	1A250	220	0	0	0	Addition	Normal	Addition
AP	2020-08-07T00:00:00Z	1	A	251	1	38	0	0	0	NA	NA	NA	NA	NA	NA	NA	NA	NA	NA	NA	NA	NA	NA	NA	NA	NA	NA	NA	Plant was a little off from the tag	1A	1A251	220	0	0	0	Addition	Normal	Addition
AP	2020-08-07T00:00:00Z	1	B	653	1	24	1	0	0	NA	NA	NA	NA	NA	NA	NA	NA	NA	NA	NA	NA	NA	NA	NA	NA	NA	NA	NA	NA	1B	1B653	220	1	0	0	Control	Normal	Control
AP	2020-08-07T00:00:00Z	1	B	650	1	21	2	0	0	NA	NA	NA	NA	NA	NA	NA	NA	NA	NA	NA	NA	NA	NA	NA	NA	NA	NA	NA	NA	1B	1B650	220	2	0	0	Control	Normal	Control
AP	2020-08-07T00:00:00Z	1	B	649	2	31	1	0	0	0	0	0	NA	NA	NA	NA	NA	NA	NA	NA	NA	NA	NA	NA	NA	NA	NA	NA	NA	1B	1B649	220	1	0	0	Control	Normal	Control
AP	2020-08-07T00:00:00Z	1	B	658	1	28	0	0	0	NA	NA	NA	NA	NA	NA	NA	NA	NA	NA	NA	NA	NA	NA	NA	NA	NA	NA	NA	NA	1B	1B658	220	0	0	0	Control	Normal	Control
AP	2020-08-07T00:00:00Z	1	B	656	1	27	1	2	0	NA	NA	NA	NA	NA	NA	NA	NA	NA	NA	NA	NA	NA	NA	NA	NA	NA	NA	NA	NA	1B	1B656	220	1	2	0	Control	Normal	Control
AP	2020-08-07T00:00:00Z	1	B	672	1	33	1	0	0	NA	NA	NA	NA	NA	NA	NA	NA	NA	NA	NA	NA	NA	NA	NA	NA	NA	NA	NA	NA	1B	1B672	220	1	0	0	Control	Normal	Control
AP	2020-08-07T00:00:00Z	1	C	63	1	36	0	0	0	NA	NA	NA	NA	NA	NA	NA	NA	NA	NA	NA	NA	NA	NA	NA	NA	NA	NA	NA	NA	1C	1C63	220	0	0	0	Control	Normal	Mock rainout
AP	2020-08-07T00:00:00Z	1	C	64	2	33	6	2	0	0	0	0	NA	NA	NA	NA	NA	NA	NA	NA	NA	NA	NA	NA	NA	NA	NA	NA	NA	1C	1C64	220	6	2	0	Control	Normal	Mock rainout
AP	2020-08-07T00:00:00Z	1	C	60	8	37	0	0	0	0	0	0	0	0	0	NA	NA	NA	NA	NA	NA	NA	NA	NA	NA	NA	NA	NA	NA	1C	1C60	220	0	0	0	Control	Normal	Mock rainout
AP	2020-08-07T00:00:00Z	1	C	46	2	28	1	3	0	0	0	0	NA	NA	NA	NA	NA	NA	NA	NA	NA	NA	NA	NA	NA	NA	NA	NA	NA	1C	1C46	220	1	3	0	Control	Normal	Mock rainout
AP	2020-08-07T00:00:00Z	1	C	54	1	41	0	0	0	NA	NA	NA	NA	NA	NA	NA	NA	NA	NA	NA	NA	NA	NA	NA	NA	NA	NA	NA	NA	1C	1C54	220	0	0	0	Control	Normal	Mock rainout
AP	2020-08-07T00:00:00Z	1	D	37	1	27	0	0	0	NA	NA	NA	NA	NA	NA	NA	NA	NA	NA	NA	NA	NA	NA	NA	NA	NA	NA	NA	NA	1D	1D37	220	0	0	0	Reduction	Normal	Reduction
AP	2020-08-07T00:00:00Z	1	D	33	1	39	0	0	0	NA	NA	NA	NA	NA	NA	NA	NA	NA	NA	NA	NA	NA	NA	NA	NA	NA	NA	NA	NA	1D	1D33	220	0	0	0	Reduction	Normal	Reduction
AP	2020-08-07T00:00:00Z	1	D	17	3	32	0	0	0	0	0	0	0	0	0	NA	NA	NA	NA	NA	NA	NA	NA	NA	NA	NA	NA	NA	NA	1D	1D17	220	0	0	0	Reduction	Normal	Reduction
AP	2020-08-07T00:00:00Z	1	D	20	1	39	0	0	0	NA	NA	NA	NA	NA	NA	NA	NA	NA	NA	NA	NA	NA	NA	NA	NA	NA	NA	NA	NA	1D	1D20	220	0	0	0	Reduction	Normal	Reduction
AP	2020-08-07T00:00:00Z	1	D	9	1	31	0	0	0	NA	NA	NA	NA	NA	NA	NA	NA	NA	NA	NA	NA	NA	NA	NA	NA	NA	NA	NA	NA	1D	1D9	220	0	0	0	Reduction	Normal	Reduction
AP	2020-08-07T00:00:00Z	1	D	12	1	42	1	0	0	NA	NA	NA	NA	NA	NA	NA	NA	NA	NA	NA	NA	NA	NA	NA	NA	NA	NA	NA	NA	1D	1D12	220	1	0	0	Reduction	Normal	Reduction
AP	2020-08-07T00:00:00Z	1	D	5	NA	NA	NA	NA	NA	NA	NA	NA	NA	NA	NA	NA	NA	NA	NA	NA	NA	NA	NA	NA	NA	NA	NA	DEAD	NA	1D	1D5	220	0	0	0	Reduction	Normal	Reduction
AP	2020-08-07T00:00:00Z	1	D	24	1	38	0	0	0	NA	NA	NA	NA	NA	NA	NA	NA	NA	NA	NA	NA	NA	NA	NA	NA	NA	NA	chewed/bent	NA	1D	1D24	220	0	0	0	Reduction	Normal	Reduction
JP	2020-08-07T00:00:00Z	5	A	591	1	34	1	0	0	NA	NA	NA	NA	NA	NA	NA	NA	NA	NA	NA	NA	NA	NA	NA	NA	NA	NA	NA	NA	5A	5A591	220	1	0	0	Addition	Early	Addition
JP	2020-08-07T00:00:00Z	5	B	289	1	32	1	1	0	NA	NA	NA	NA	NA	NA	NA	NA	NA	NA	NA	NA	NA	NA	NA	NA	NA	NA	NA	NA	5B	5B289	220	1	1	0	Control	Early	Mock rainout
JP	2020-08-07T00:00:00Z	5	C	683	6	33	1	0	0	NA	NA	NA	NA	NA	NA	NA	NA	NA	NA	NA	NA	NA	NA	NA	NA	NA	NA	NA	NA	5C	5C683	220	1	0	0	Reduction	Early	Reduction
JP	2020-08-07T00:00:00Z	5	C	217	2	33	2	0	0	NA	NA	NA	NA	NA	NA	NA	NA	NA	NA	NA	NA	NA	NA	NA	NA	NA	NA	NA	NA	5C	5C217	220	2	0	0	Reduction	Early	Reduction
JP	2020-08-07T00:00:00Z	5	D	252	2	31	1	1	0	NA	NA	NA	NA	NA	NA	NA	NA	NA	NA	NA	NA	NA	NA	NA	NA	NA	NA	NA	NA	5D	5D252	220	1	1	0	Control	Early	Control
JP	2020-08-07T00:00:00Z	5	D	278	9	23	2	0	0	NA	NA	NA	NA	NA	NA	NA	NA	NA	NA	NA	NA	NA	NA	NA	NA	NA	NA	NA	NA	5D	5D278	220	2	0	0	Control	Early	Control
JP	2020-08-07T00:00:00Z	5	D	275	7	26	2	1	0	NA	NA	NA	NA	NA	NA	NA	NA	NA	NA	NA	NA	NA	NA	NA	NA	NA	NA	NA	NA	5D	5D275	220	2	1	0	Control	Early	Control
JP	2020-08-07T00:00:00Z	2	D	219	1	38	1	0	0	NA	NA	NA	NA	NA	NA	NA	NA	NA	NA	NA	NA	NA	NA	NA	NA	NA	NA	bent	NA	2D	2D219	220	1	0	0	Addition	Early	Addition
JP	2020-08-07T00:00:00Z	2	D	215	5	28	2	1	0	NA	NA	NA	NA	NA	NA	NA	NA	NA	NA	NA	NA	NA	NA	NA	NA	NA	NA	no flag	NA	2D	2D215	220	2	1	0	Addition	Early	Addition
JP	2020-08-07T00:00:00Z	2	D	207	3	40	3	0	1	NA	NA	NA	NA	NA	NA	NA	NA	NA	NA	NA	NA	NA	NA	NA	NA	NA	NA	NA	NA	2D	2D207	220	3	0	1	Addition	Early	Addition
JP	2020-08-07T00:00:00Z	2	D	210	1	26	7	8	0	NA	NA	NA	NA	NA	NA	NA	NA	NA	NA	NA	NA	NA	NA	NA	NA	NA	NA	chewed	NA	2D	2D210	220	7	8	0	Addition	Early	Addition
XL	2020-08-07T00:00:00Z	6	B	8	1	27	2	0	0	NA	NA	NA	NA	NA	NA	NA	NA	NA	NA	NA	NA	NA	NA	NA	NA	NA	NA	NA	NA	6B	6B8	220	2	0	0	Reduction	Normal	Reduction
XL	2020-08-07T00:00:00Z	6	B	36	1	20	1	0	0	NA	NA	NA	NA	NA	NA	NA	NA	NA	NA	NA	NA	NA	NA	NA	NA	NA	NA	NA	NA	6B	6B36	220	1	0	0	Reduction	Normal	Reduction
XL	2020-08-07T00:00:00Z	6	C	111	5	35	2	0	0	2	0	0	NA	NA	NA	NA	NA	NA	NA	NA	NA	NA	NA	NA	NA	NA	NA	NA	NA	6C	6C111	220	4	0	0	Control	Normal	Mock rainout
XL	2020-08-07T00:00:00Z	6	C	96	4	29	2	1	0	0	1	0	1	0	0	NA	NA	NA	NA	NA	NA	NA	NA	NA	NA	NA	NA	NA	NA	6C	6C96	220	3	2	0	Control	Normal	Mock rainout
XL	2020-08-07T00:00:00Z	6	C	121	9	48	1	1	0	NA	NA	NA	NA	NA	NA	NA	NA	NA	NA	NA	NA	NA	NA	NA	NA	NA	NA	NA	NA	6C	6C121	220	1	1	0	Control	Normal	Mock rainout
XL	2020-08-07T00:00:00Z	6	D	48	2	33	4	0	0	1	0	0	NA	NA	NA	NA	NA	NA	NA	NA	NA	NA	NA	NA	NA	NA	NA	NA	NA	6D	6D48	220	5	0	0	Addition	Normal	Addition
XL	2020-08-07T00:00:00Z	6	D	64	5	21	1	0	0	NA	NA	NA	NA	NA	NA	NA	NA	NA	NA	NA	NA	NA	NA	NA	NA	NA	NA	NA	NA	6D	6D64	220	1	0	0	Addition	Normal	Addition
XL	2020-08-07T00:00:00Z	6	D	45	1	31	2	1	0	NA	NA	NA	NA	NA	NA	NA	NA	NA	NA	NA	NA	NA	NA	NA	NA	NA	NA	NA	NA	6D	6D45	220	2	1	0	Addition	Normal	Addition
XL	2020-08-07T00:00:00Z	2	B	189	1	26	2	0	0	NA	NA	NA	NA	NA	NA	NA	NA	NA	NA	NA	NA	NA	NA	NA	NA	NA	NA	NA	NA	2B	2B189	220	2	0	0	Control	Early	Mock rainout
XL	2020-08-07T00:00:00Z	2	B	183	3	28	1	0	0	NA	NA	NA	NA	NA	NA	NA	NA	NA	NA	NA	NA	NA	NA	NA	NA	NA	NA	NA	NA	2B	2B183	220	1	0	0	Control	Early	Mock rainout
XL	2020-08-07T00:00:00Z	2	C	274	2	31	2	0	0	NA	NA	NA	NA	NA	NA	NA	NA	NA	NA	NA	NA	NA	NA	NA	NA	NA	NA	NA	NA	2C	2C274	220	2	0	0	Reduction	Early	Reduction
XL	2020-08-07T00:00:00Z	2	C	277	1	24	1	0	0	NA	NA	NA	NA	NA	NA	NA	NA	NA	NA	NA	NA	NA	NA	NA	NA	NA	NA	chewed	NA	2C	2C277	220	1	0	0	Reduction	Early	Reduction
XL	2020-08-07T00:00:00Z	2	C	280	1	35	2	0	0	NA	NA	NA	NA	NA	NA	NA	NA	NA	NA	NA	NA	NA	NA	NA	NA	NA	NA	chewed	NA	2C	2C280	220	2	0	0	Reduction	Early	Reduction
XL	2020-08-07T00:00:00Z	2	C	271	4	32	2	0	0	1	0	0	1	0	0	NA	NA	NA	NA	NA	NA	NA	NA	NA	NA	NA	NA	NA	NA	2C	2C271	220	4	0	0	Reduction	Early	Reduction
XL	2020-08-07T00:00:00Z	2	C	262	7	27	0	1	0	NA	NA	NA	NA	NA	NA	NA	NA	NA	NA	NA	NA	NA	NA	NA	NA	NA	NA	NA	NA	2C	2C262	220	0	1	0	Reduction	Early	Reduction
XL	2020-08-07T00:00:00Z	2	C	292	1	37	4	2	0	NA	NA	NA	NA	NA	NA	NA	NA	NA	NA	NA	NA	NA	NA	NA	NA	NA	NA	NA	NA	2C	2C292	220	4	2	0	Reduction	Early	Reduction
XL	2020-08-07T00:00:00Z	2	C	293	1	30	2	0	0	NA	NA	NA	NA	NA	NA	NA	NA	NA	NA	NA	NA	NA	NA	NA	NA	NA	NA	NA	NA	2C	2C293	220	2	0	0	Reduction	Early	Reduction
XL	2020-08-07T00:00:00Z	2	C	287	1	27	5	2	1	NA	NA	NA	NA	NA	NA	NA	NA	NA	NA	NA	NA	NA	NA	NA	NA	NA	NA	NA	NA	2C	2C287	220	5	2	1	Reduction	Early	Reduction
XL	2020-08-07T00:00:00Z	2	D	187	1	55	2	1	1	1	2	1	NA	NA	NA	NA	NA	NA	NA	NA	NA	NA	NA	NA	NA	NA	NA	NA	NA	2D	2D187	220	3	3	2	Addition	Early	Addition
XL	2020-08-07T00:00:00Z	2	D	204	1	65	2	1	0	NA	NA	NA	NA	NA	NA	NA	NA	NA	NA	NA	NA	NA	NA	NA	NA	NA	NA	NA	NA	2D	2D204	220	2	1	0	Addition	Early	Addition
BV	2020-08-07T00:00:00Z	4	A	80	4	37	1	0	0	1	2	0	NA	NA	NA	NA	NA	NA	NA	NA	NA	NA	NA	NA	NA	NA	NA	NA	NA	4A	4A80	220	2	2	0	Addition	Early	Addition
BV	2020-08-07T00:00:00Z	4	A	101	4	20	1	0	0	NA	NA	NA	NA	NA	NA	NA	NA	NA	NA	NA	NA	NA	NA	NA	NA	NA	NA	NA	NA	4A	4A101	220	1	0	0	Addition	Early	Addition
BV	2020-08-07T00:00:00Z	4	A	114	1	48	2	0	0	NA	NA	NA	NA	NA	NA	NA	NA	NA	NA	NA	NA	NA	NA	NA	NA	NA	NA	NA	NA	4A	4A114	220	2	0	0	Addition	Early	Addition
BV	2020-08-07T00:00:00Z	4	B	596	1	36	2	0	0	NA	NA	NA	NA	NA	NA	NA	NA	NA	NA	NA	NA	NA	NA	NA	NA	NA	NA	NA	NA	4B	4B596	220	2	0	0	Control	Early	Mock rainout
BV	2020-08-07T00:00:00Z	4	B	680	1	24	1	0	0	NA	NA	NA	NA	NA	NA	NA	NA	NA	NA	NA	NA	NA	NA	NA	NA	NA	NA	NA	NA	4B	4B680	220	1	0	0	Control	Early	Mock rainout
BV	2020-08-07T00:00:00Z	4	C	195	2	60	1	0	0	NA	NA	NA	NA	NA	NA	NA	NA	NA	NA	NA	NA	NA	NA	NA	NA	NA	NA	NA	NA	4C	4C195	220	1	0	0	Control	Early	Control
BV	2020-08-07T00:00:00Z	3	A	273	1	30	2	0	0	NA	NA	NA	NA	NA	NA	NA	NA	NA	NA	NA	NA	NA	NA	NA	NA	NA	NA	NA	NA	3A	3A273	220	2	0	0	Reduction	Normal	Reduction
BV	2020-08-07T00:00:00Z	3	A	278	1	29	2	0	0	NA	NA	NA	NA	NA	NA	NA	NA	NA	NA	NA	NA	NA	NA	NA	NA	NA	NA	NA	NA	3A	3A278	220	2	0	0	Reduction	Normal	Reduction
BV	2020-08-07T00:00:00Z	3	A	643	1	22	0	1	0	NA	NA	NA	NA	NA	NA	NA	NA	NA	NA	NA	NA	NA	NA	NA	NA	NA	NA	NA	NA	3A	3A643	220	0	1	0	Reduction	Normal	Reduction
BV	2020-08-07T00:00:00Z	3	A	641	1	23	1	0	0	NA	NA	NA	NA	NA	NA	NA	NA	NA	NA	NA	NA	NA	NA	NA	NA	NA	NA	NA	NA	3A	3A641	220	1	0	0	Reduction	Normal	Reduction
BV	2020-08-07T00:00:00Z	3	A	638	1	68	0	6	0	NA	NA	NA	NA	NA	NA	NA	NA	NA	NA	NA	NA	NA	NA	NA	NA	NA	NA	NA	NA	3A	3A638	220	0	6	0	Reduction	Normal	Reduction
BV	2020-08-07T00:00:00Z	3	B	603	1	41	2	1	0	NA	NA	NA	NA	NA	NA	NA	NA	NA	NA	NA	NA	NA	NA	NA	NA	NA	NA	NA	NA	3B	3B603	220	2	1	0	Control	Normal	Mock rainout
BV	2020-08-07T00:00:00Z	3	B	831	1	41	1	0	0	NA	NA	NA	NA	NA	NA	NA	NA	NA	NA	NA	NA	NA	NA	NA	NA	NA	NA	NA	NA	3B	3B831	220	1	0	0	Control	Normal	Mock rainout
BV	2020-08-07T00:00:00Z	3	D	854	2	37	2	0	0	NA	NA	NA	NA	NA	NA	NA	NA	NA	NA	NA	NA	NA	NA	NA	NA	NA	NA	NA	NA	3D	3D854	220	2	0	0	Control	Normal	Control
BV	2020-08-07T00:00:00Z	3	D	864	1	26	2	0	0	NA	NA	NA	NA	NA	NA	NA	NA	NA	NA	NA	NA	NA	NA	NA	NA	NA	NA	NA	NA	3D	3D864	220	2	0	0	Control	Normal	Control
BV	2020-08-07T00:00:00Z	3	D	895	1	27	3	0	0	NA	NA	NA	NA	NA	NA	NA	NA	NA	NA	NA	NA	NA	NA	NA	NA	NA	NA	NA	NA	3D	3D895	220	3	0	0	Control	Normal	Control
BV	2020-08-07T00:00:00Z	3	D	893	1	28	1	0	0	NA	NA	NA	NA	NA	NA	NA	NA	NA	NA	NA	NA	NA	NA	NA	NA	NA	NA	NA	NA	3D	3D893	220	1	0	0	Control	Normal	Control
BV	2020-08-07T00:00:00Z	3	D	893	1	30	1	2	0	NA	NA	NA	NA	NA	NA	NA	NA	NA	NA	NA	NA	NA	NA	NA	NA	NA	NA	NA	NA	3D	3D893	220	1	2	0	Control	Normal	Control
BV	2020-08-07T00:00:00Z	3	C	139	1	45	3	0	0	NA	NA	NA	NA	NA	NA	NA	NA	NA	NA	NA	NA	NA	NA	NA	NA	NA	NA	NA	NA	3C	3C139	220	3	0	0	Addition	Normal	Addition
BV	2020-08-07T00:00:00Z	3	C	142	1	25	2	0	0	NA	NA	NA	NA	NA	NA	NA	NA	NA	NA	NA	NA	NA	NA	NA	NA	NA	NA	NA	NA	3C	3C142	220	2	0	0	Addition	Normal	Addition
BV	2020-08-07T00:00:00Z	3	C	177	2	29	1	0	0	NA	NA	NA	NA	NA	NA	NA	NA	NA	NA	NA	NA	NA	NA	NA	NA	NA	NA	NA	NA	3C	3C177	220	1	0	0	Addition	Normal	Addition
BV	2020-08-07T00:00:00Z	3	C	169	2	29	1	0	0	NA	NA	NA	NA	NA	NA	NA	NA	NA	NA	NA	NA	NA	NA	NA	NA	NA	NA	NA	NA	3C	3C169	220	1	0	0	Addition	Normal	Addition
BV	2020-08-07T00:00:00Z	3	C	166	2	37	1	0	0	NA	NA	NA	NA	NA	NA	NA	NA	NA	NA	NA	NA	NA	NA	NA	NA	NA	NA	NA	NA	3C	3C166	220	1	0	0	Addition	Normal	Addition
