plantid	notes	observer	date	plot	subplot	plant	inflor	height_cm	open_1	buds_1	eggs_1	open_2	buds_2	eggs_2	open_3	buds_3	eggs_3	open_4	buds_4	eggs_4	open_5	buds_5	eggs_5	open_6	buds_6	eggs_6	open_7	buds_7	eggs_7	damage	plotid	julian	year	discard	separate	modify	plantid_new	transition_fixed	status_18_fixed	status_19_fixed	status_20_fixed	status_21_fixed	modified	flowered	survived
4A68	NA	XL	2020-06-19T00:00:00Z	4	A	68	1	32	2	3	5	NA	NA	NA	NA	NA	NA	NA	NA	NA	NA	NA	NA	NA	NA	NA	NA	NA	NA	NA	4A	171	2020		floral19		NA	vegetative > vegetative > flowering	vegetative	vegetative	flowering	dead_nf	FALSE	0	0
4C195	NA	XL	2020-06-19T00:00:00Z	4	C	195	2	53	3	0	6	NA	NA	NA	NA	NA	NA	NA	NA	NA	NA	NA	NA	NA	NA	NA	NA	NA	NA	NA	4C	171	2020				NA	vegetative > vegetative > flowering	vegetative	vegetative	flowering	dead_nf	FALSE	0	0
2A285	NA	XL	2020-06-19T00:00:00Z	2	A	285	1	42	1	1	0	NA	NA	NA	NA	NA	NA	NA	NA	NA	NA	NA	NA	NA	NA	NA	NA	NA	NA	NA	2A	171	2020				NA	vegetative > vegetative > flowering	vegetative	vegetative	flowering	dead_nf	FALSE	0	0
2D194	NA	XL	2020-06-19T00:00:00Z	2	D	194	3	39	1	1	2	NA	NA	NA	NA	NA	NA	NA	NA	NA	NA	NA	NA	NA	NA	NA	NA	NA	NA	NA	2D	171	2020				NA	vegetative > vegetative > flowering	vegetative	vegetative	flowering	dead_nf	FALSE	0	0
2D191	NA	XL	2020-06-19T00:00:00Z	2	D	191	2	31	0	1	0	NA	NA	NA	NA	NA	NA	NA	NA	NA	NA	NA	NA	NA	NA	NA	NA	NA	NA	NA	2D	171	2020				NA	vegetative > vegetative > flowering	vegetative	vegetative	flowering	dead_nf	FALSE	0	0
5D268	NA	XL	2020-06-19T00:00:00Z	5	D	268	1	37	2	0	4	NA	NA	NA	NA	NA	NA	NA	NA	NA	NA	NA	NA	NA	NA	NA	NA	NA	NA	NA	5D	171	2020				NA	vegetative > vegetative > flowering	vegetative	vegetative	flowering	dead_nf	FALSE	0	0
1C64	NA	XL	2020-06-26T00:00:00Z	1	C	64	2	37	3	3	5	10	2	6	NA	NA	NA	NA	NA	NA	NA	NA	NA	NA	NA	NA	NA	NA	NA	NA	1C	178	2020				NA	vegetative > vegetative > flowering	vegetative	vegetative	flowering	dead_nf	FALSE	0	0
1D24	NA	XL	2020-06-26T00:00:00Z	1	D	24	1	34	3	2	9	NA	NA	NA	NA	NA	NA	NA	NA	NA	NA	NA	NA	NA	NA	NA	NA	NA	NA	NA	1D	178	2020				NA	vegetative > vegetative > flowering	vegetative	vegetative	flowering	dead_nf	FALSE	0	0
2A94	NA	XL	2020-06-26T00:00:00Z	2	A	94	1	34	1	0	1	NA	NA	NA	NA	NA	NA	NA	NA	NA	NA	NA	NA	NA	NA	NA	NA	NA	NA	NA	2A	178	2020				NA	no_record > vegetative > flowering	no_record	vegetative	flowering	dead_nf	FALSE	0	0
2A284	NA	XL	2020-06-26T00:00:00Z	2	A	284	1	42	7	3	5	NA	NA	NA	NA	NA	NA	NA	NA	NA	NA	NA	NA	NA	NA	NA	NA	NA	NA	NA	2A	178	2020				NA	NA	NA	NA	NA	NA	FALSE	NA	NA
2A589	NA	XL	2020-06-26T00:00:00Z	2	A	589	1	43	2	5	1	NA	NA	NA	NA	NA	NA	NA	NA	NA	NA	NA	NA	NA	NA	NA	NA	NA	NA	NA	2A	178	2020				NA	vegetative > vegetative > flowering	vegetative	vegetative	flowering	dead_nf	FALSE	0	0
2A694	NA	XL	2020-06-26T00:00:00Z	2	A	694	1	40	7	3	8	NA	NA	NA	NA	NA	NA	NA	NA	NA	NA	NA	NA	NA	NA	NA	NA	NA	NA	NA	2A	178	2020				NA	vegetative > vegetative > flowering	vegetative	vegetative	flowering	dead_nf	FALSE	0	0
2B138	NA	XL	2020-06-26T00:00:00Z	2	B	138	1	43	3	2	3	NA	NA	NA	NA	NA	NA	NA	NA	NA	NA	NA	NA	NA	NA	NA	NA	NA	NA	NA	2B	178	2020				NA	vegetative > vegetative > flowering	vegetative	vegetative	flowering	dead_nf	FALSE	0	0
2B86	NA	XL	2020-06-26T00:00:00Z	2	B	86	1	33	1	2	0	NA	NA	NA	NA	NA	NA	NA	NA	NA	NA	NA	NA	NA	NA	NA	NA	NA	NA	chewed	2B	178	2020				NA	vegetative > vegetative > flowering	vegetative	vegetative	flowering	dead_nf	FALSE	0	0
2B89	NA	XL	2020-06-26T00:00:00Z	2	B	89	1	30	5	1	4	NA	NA	NA	NA	NA	NA	NA	NA	NA	NA	NA	NA	NA	NA	NA	NA	NA	NA	NA	2B	178	2020				NA	vegetative > vegetative > flowering	vegetative	vegetative	flowering	dead_nf	FALSE	0	0
2B180	NA	XL	2020-06-26T00:00:00Z	2	B	180	1	35	0	1	1	NA	NA	NA	NA	NA	NA	NA	NA	NA	NA	NA	NA	NA	NA	NA	NA	NA	NA	chewed	2B	178	2020				NA	vegetative > vegetative > flowering	vegetative	vegetative	flowering	vegetative	FALSE	0	1
2C274	NA	XL	2020-06-26T00:00:00Z	2	C	274	2	28	1	0	0	NA	NA	NA	NA	NA	NA	NA	NA	NA	NA	NA	NA	NA	NA	NA	NA	NA	NA	NA	2C	178	2020				NA	vegetative > vegetative > flowering	vegetative	vegetative	flowering	dead_nf	FALSE	0	0
2D204	NA	XL	2020-06-26T00:00:00Z	2	D	204	1	61	0	2	3	NA	NA	NA	NA	NA	NA	NA	NA	NA	NA	NA	NA	NA	NA	NA	NA	NA	NA	NA	2D	178	2020				NA	vegetative > vegetative > flowering	vegetative	vegetative	flowering	dead_nf	FALSE	0	0
2D210	NA	XL	2020-06-26T00:00:00Z	2	D	210	1	27	2	0	2	NA	NA	NA	NA	NA	NA	NA	NA	NA	NA	NA	NA	NA	NA	NA	NA	NA	NA	NA	2D	178	2020				NA	vegetative > vegetative > flowering	vegetative	vegetative	flowering	dead_nf	FALSE	0	0
2D194	NA	XL	2020-06-26T00:00:00Z	2	D	194	3	40	2	0	3	1	0	0	NA	NA	NA	NA	NA	NA	NA	NA	NA	NA	NA	NA	NA	NA	NA	chewed	2D	178	2020				NA	vegetative > vegetative > flowering	vegetative	vegetative	flowering	dead_nf	FALSE	0	0
2D219	NA	XL	2020-06-26T00:00:00Z	2	D	219	1	39	0	2	1	3	1	6	NA	NA	NA	NA	NA	NA	NA	NA	NA	NA	NA	NA	NA	NA	NA	NA	2D	178	2020				NA	vegetative > vegetative > flowering	vegetative	vegetative	flowering	dead_nf	FALSE	0	0
2D193	NA	XL	2020-06-26T00:00:00Z	2	D	193	3	39	0	2	0	NA	NA	NA	NA	NA	NA	NA	NA	NA	NA	NA	NA	NA	NA	NA	NA	NA	NA	NA	2D	178	2020				NA	vegetative > vegetative > flowering	vegetative	vegetative	flowering	dead_nf	FALSE	0	0
4A114	NA	XL	2020-06-26T00:00:00Z	4	A	114	1	48	5	5	11	NA	NA	NA	NA	NA	NA	NA	NA	NA	NA	NA	NA	NA	NA	NA	NA	NA	NA	NA	4A	178	2020				NA	vegetative > vegetative > flowering	vegetative	vegetative	flowering	dead_nf	FALSE	0	0
4A68	NA	XL	2020-06-26T00:00:00Z	4	A	68	1	35	3	2	1	NA	NA	NA	NA	NA	NA	NA	NA	NA	NA	NA	NA	NA	NA	NA	NA	NA	NA	NA	4A	178	2020		floral19		NA	vegetative > vegetative > flowering	vegetative	vegetative	flowering	dead_nf	FALSE	0	0
4A85	NA	XL	2020-06-26T00:00:00Z	4	A	85	4	40	3	1	3	1	2	1	2	0	NA	NA	NA	NA	NA	NA	NA	NA	NA	NA	NA	NA	NA	NA	4A	178	2020				NA	vegetative > vegetative > flowering	vegetative	vegetative	flowering	dead_nf	FALSE	0	0
4A124	NA	XL	2020-06-26T00:00:00Z	4	A	124	3	23	1	2	1	NA	NA	NA	NA	NA	NA	NA	NA	NA	NA	NA	NA	NA	NA	NA	NA	NA	NA	NA	4A	178	2020				NA	vegetative > flowering > flowering	vegetative	flowering	flowering	dead_nf	FALSE	0	0
4B594	NA	XL	2020-06-26T00:00:00Z	4	B	594	1	45	14	3	2	NA	NA	NA	NA	NA	NA	NA	NA	NA	NA	NA	NA	NA	NA	NA	NA	NA	NA	NA	4B	178	2020				NA	vegetative > vegetative > flowering	vegetative	vegetative	flowering	dead_nf	FALSE	0	0
4B596	NA	XL	2020-06-26T00:00:00Z	4	B	596	1	20	0	1	0	NA	NA	NA	NA	NA	NA	NA	NA	NA	NA	NA	NA	NA	NA	NA	NA	NA	NA	chewed	4B	178	2020				NA	vegetative > vegetative > flowering	vegetative	vegetative	flowering	dead_nf	FALSE	0	0
1A133	NA	JP	2020-06-26T00:00:00Z	1	A	133	1	34	0	1	0	NA	NA	NA	NA	NA	NA	NA	NA	NA	NA	NA	NA	NA	NA	NA	NA	NA	NA	NA	1A	178	2020				NA	NA	NA	NA	NA	NA	FALSE	NA	NA
1A231	NA	JP	2020-06-26T00:00:00Z	1	A	231	1	44	0	1	0	NA	NA	NA	NA	NA	NA	NA	NA	NA	NA	NA	NA	NA	NA	NA	NA	NA	NA	NA	1A	178	2020				NA	vegetative > vegetative > flowering	vegetative	vegetative	flowering	flowering	FALSE	1	1
1A257	no height recorded. fly photo.	JP	2020-06-26T00:00:00Z	1	A	257	1	NA	0	2	1	NA	NA	NA	NA	NA	NA	NA	NA	NA	NA	NA	NA	NA	NA	NA	NA	NA	NA	NA	1A	178	2020				NA	vegetative > vegetative > flowering	vegetative	vegetative	flowering	dead_nf	FALSE	0	0
1A280	NA	JP	2020-06-26T00:00:00Z	1	A	280	3	22	0	1	0	NA	NA	NA	NA	NA	NA	NA	NA	NA	NA	NA	NA	NA	NA	NA	NA	NA	NA	NA	1A	178	2020				NA	NA	NA	NA	NA	NA	FALSE	NA	NA
5A191	NA	JP	2020-06-26T00:00:00Z	5	A	191	1	32	1	1	1	NA	NA	NA	NA	NA	NA	NA	NA	NA	NA	NA	NA	NA	NA	NA	NA	NA	NA	NA	5A	178	2020				NA	vegetative > vegetative > flowering	vegetative	vegetative	flowering	dead_nf	FALSE	0	0
5A185	NA	JP	2020-06-26T00:00:00Z	5	A	185	2	33	0	0	NA	NA	NA	NA	NA	NA	NA	NA	NA	NA	NA	NA	NA	NA	NA	NA	NA	NA	NA	NA	5A	178	2020		pheno19		NA	vegetative > vegetative > flowering	vegetative	vegetative	flowering	dead_nf	FALSE	0	0
5B16	NA	JP	2020-06-26T00:00:00Z	5	B	16	1	40	4	3	0	NA	NA	NA	NA	NA	NA	NA	NA	NA	NA	NA	NA	NA	NA	NA	NA	NA	NA	NA	5B	178	2020				NA	vegetative > vegetative > flowering	vegetative	vegetative	flowering	dead_nf	FALSE	0	0
5B20	NA	JP	2020-06-26T00:00:00Z	5	B	20	6	34	1	0	0	NA	NA	NA	NA	NA	NA	NA	NA	NA	NA	NA	NA	NA	NA	NA	NA	NA	NA	NA	5B	178	2020		pheno18 pheno19		NA	vegetative > vegetative > flowering	vegetative	vegetative	flowering	dead_nf	FALSE	0	0
5B12	NA	JP	2020-06-26T00:00:00Z	5	B	12	1	39	2	1	0	NA	NA	NA	NA	NA	NA	NA	NA	NA	NA	NA	NA	NA	NA	NA	NA	NA	NA	NA	5B	178	2020				NA	vegetative > vegetative > flowering	vegetative	vegetative	flowering	dead_nf	FALSE	0	0
5B89	NA	JP	2020-06-26T00:00:00Z	5	B	89	1	33	4	1	1	NA	NA	NA	NA	NA	NA	NA	NA	NA	NA	NA	NA	NA	NA	NA	NA	NA	NA	NA	5B	178	2020				NA	NA	NA	NA	NA	NA	FALSE	NA	NA
6D71	NA	JP	2020-06-26T00:00:00Z	6	D	71	3	34	0	0	NA	NA	NA	NA	NA	NA	NA	NA	NA	NA	NA	NA	NA	NA	NA	NA	NA	NA	NA	NA	6D	178	2020				NA	vegetative > vegetative > flowering	vegetative	vegetative	flowering	dead_nf	FALSE	0	0
6D68	NA	JP	2020-06-26T00:00:00Z	6	D	68	2	31	0	3	1	NA	NA	NA	NA	NA	NA	NA	NA	NA	NA	NA	NA	NA	NA	NA	NA	NA	NA	NA	6D	178	2020				NA	vegetative > vegetative > flowering	vegetative	vegetative	flowering	dead_nf	FALSE	0	0
6D52	NA	JP	2020-06-26T00:00:00Z	6	D	52	1	35	2	2	0	NA	NA	NA	NA	NA	NA	NA	NA	NA	NA	NA	NA	NA	NA	NA	NA	NA	NA	NA	6D	178	2020				NA	vegetative > vegetative > flowering	vegetative	vegetative	flowering	dead_nf	FALSE	0	0
4D47	NA	JP	2020-06-26T00:00:00Z	4	D	47	2	32	0	1	1	NA	NA	NA	NA	NA	NA	NA	NA	NA	NA	NA	NA	NA	NA	NA	NA	NA	NA	chewed	4D	178	2020				NA	vegetative > vegetative > flowering	vegetative	vegetative	flowering	dead_nf	FALSE	0	0
4C213	NA	JP	2020-06-26T00:00:00Z	4	C	213	1	35	2	0	2	NA	NA	NA	NA	NA	NA	NA	NA	NA	NA	NA	NA	NA	NA	NA	NA	NA	NA	NA	4C	178	2020				NA	vegetative > vegetative > flowering	vegetative	vegetative	flowering	vegetative	FALSE	0	1
4C195	NA	JP	2020-06-26T00:00:00Z	4	C	195	1	56	3	4	2	NA	NA	NA	NA	NA	NA	NA	NA	NA	NA	NA	NA	NA	NA	NA	NA	NA	NA	NA	4C	178	2020				NA	vegetative > vegetative > flowering	vegetative	vegetative	flowering	dead_nf	FALSE	0	0
4C641	outside plot	JP	2020-06-26T00:00:00Z	4	C	641	3	23	3	2	1	NA	NA	NA	NA	NA	NA	NA	NA	NA	NA	NA	NA	NA	NA	NA	NA	NA	NA	NA	4C	178	2020				NA	vegetative > flowering > flowering	vegetative	flowering	flowering	dead_nf	FALSE	0	0
2A94	NA	JP	2020-07-03T00:00:00Z	2	A	94	1	35	5	2	1	NA	NA	NA	NA	NA	NA	NA	NA	NA	NA	NA	NA	NA	NA	NA	NA	NA	NA	NA	2A	185	2020				NA	no_record > vegetative > flowering	no_record	vegetative	flowering	dead_nf	FALSE	0	0
2A285	NA	JP	2020-07-03T00:00:00Z	2	A	285	1	44	5	3	0	NA	NA	NA	NA	NA	NA	NA	NA	NA	NA	NA	NA	NA	NA	NA	NA	NA	NA	NA	2A	185	2020				NA	vegetative > vegetative > flowering	vegetative	vegetative	flowering	dead_nf	FALSE	0	0
2A589	NA	JP	2020-07-03T00:00:00Z	2	A	589	1	41	2	1	0	NA	NA	NA	NA	NA	NA	NA	NA	NA	NA	NA	NA	NA	NA	NA	NA	NA	NA	bent	2A	185	2020				NA	vegetative > vegetative > flowering	vegetative	vegetative	flowering	dead_nf	FALSE	0	0
2A694	knocked out egg	JP	2020-07-03T00:00:00Z	2	A	694	1	40	4	1	1	NA	NA	NA	NA	NA	NA	NA	NA	NA	NA	NA	NA	NA	NA	NA	NA	NA	NA	NA	2A	185	2020				NA	vegetative > vegetative > flowering	vegetative	vegetative	flowering	dead_nf	FALSE	0	0
2B138	NA	JP	2020-07-03T00:00:00Z	2	B	138	1	39	4	0	1	NA	NA	NA	NA	NA	NA	NA	NA	NA	NA	NA	NA	NA	NA	NA	NA	NA	NA	NA	2B	185	2020				NA	vegetative > vegetative > flowering	vegetative	vegetative	flowering	dead_nf	FALSE	0	0
2B81	NA	JP	2020-07-03T00:00:00Z	2	B	81	1	25	1	1	0	NA	NA	NA	NA	NA	NA	NA	NA	NA	NA	NA	NA	NA	NA	NA	NA	NA	NA	chewed	2B	185	2020				NA	vegetative > vegetative > flowering	vegetative	vegetative	flowering	dead_nf	FALSE	0	0
2B86	NA	JP	2020-07-03T00:00:00Z	2	B	86	1	32	4	1	0	NA	NA	NA	NA	NA	NA	NA	NA	NA	NA	NA	NA	NA	NA	NA	NA	NA	NA	NA	2B	185	2020				NA	vegetative > vegetative > flowering	vegetative	vegetative	flowering	dead_nf	FALSE	0	0
2B83	NA	JP	2020-07-03T00:00:00Z	2	B	83	1	29	2	1	1	NA	NA	NA	NA	NA	NA	NA	NA	NA	NA	NA	NA	NA	NA	NA	NA	NA	NA	chewed	2B	185	2020				NA	vegetative > vegetative > flowering	vegetative	vegetative	flowering	dead_nf	FALSE	0	0
2B89	NA	JP	2020-07-03T00:00:00Z	2	B	89	1	27	0	1	0	NA	NA	NA	NA	NA	NA	NA	NA	NA	NA	NA	NA	NA	NA	NA	NA	NA	NA	NA	2B	185	2020				NA	vegetative > vegetative > flowering	vegetative	vegetative	flowering	dead_nf	FALSE	0	0
2B92	NA	JP	2020-07-03T00:00:00Z	2	B	92	1	24	3	0	1	NA	NA	NA	NA	NA	NA	NA	NA	NA	NA	NA	NA	NA	NA	NA	NA	NA	NA	NA	2B	185	2020				NA	vegetative > flowering > flowering	vegetative	flowering	flowering	dead_nf	FALSE	0	0
2B190	all growing from 1 rosette	JP	2020-07-03T00:00:00Z	2	B	190	11	28	1	0	1	1	1	0	0	1	1	1	0	1	1	0	0	1	1	0	NA	NA	NA	NA	2B	185	2020				NA	vegetative > vegetative > flowering	vegetative	vegetative	flowering	dead_nf	FALSE	0	0
2B185	NA	JP	2020-07-03T00:00:00Z	2	B	185	1	31	1	1	1	NA	NA	NA	NA	NA	NA	NA	NA	NA	NA	NA	NA	NA	NA	NA	NA	NA	NA	chewed	2B	185	2020				NA	vegetative > vegetative > flowering	vegetative	vegetative	flowering	vegetative	FALSE	0	1
2B180	NA	JP	2020-07-03T00:00:00Z	2	B	180	1	37	5	2	0	NA	NA	NA	NA	NA	NA	NA	NA	NA	NA	NA	NA	NA	NA	NA	NA	NA	NA	NA	2B	185	2020				NA	vegetative > vegetative > flowering	vegetative	vegetative	flowering	vegetative	FALSE	0	1
2B97	NA	JP	2020-07-03T00:00:00Z	2	B	97	1	34	1	2	0	NA	NA	NA	NA	NA	NA	NA	NA	NA	NA	NA	NA	NA	NA	NA	NA	NA	NA	NA	2B	185	2020				NA	vegetative > vegetative > flowering	vegetative	vegetative	flowering	dead_nf	FALSE	0	0
2D187	3 rosettes	JP	2020-07-03T00:00:00Z	2	D	187	3	52	3	1	0	7	6	1	NA	NA	NA	NA	NA	NA	NA	NA	NA	NA	NA	NA	NA	NA	NA	NA	2D	185	2020				NA	vegetative > vegetative > flowering	vegetative	vegetative	flowering	dead_nf	FALSE	0	0
2D204	NA	JP	2020-07-03T00:00:00Z	2	D	204	1	60	4	5	0	NA	NA	NA	NA	NA	NA	NA	NA	NA	NA	NA	NA	NA	NA	NA	NA	NA	NA	NA	2D	185	2020				NA	vegetative > vegetative > flowering	vegetative	vegetative	flowering	dead_nf	FALSE	0	0
2D219	NA	JP	2020-07-03T00:00:00Z	2	D	219	1	29	1	0	0	NA	NA	NA	NA	NA	NA	NA	NA	NA	NA	NA	NA	NA	NA	NA	NA	NA	NA	NA	2D	185	2020				NA	vegetative > vegetative > flowering	vegetative	vegetative	flowering	dead_nf	FALSE	0	0
2D93	NA	JP	2020-07-03T00:00:00Z	2	D	93	3	38	5	3	0	NA	NA	NA	NA	NA	NA	NA	NA	NA	NA	NA	NA	NA	NA	NA	NA	NA	NA	NA	2D	185	2020				NA	NA	NA	NA	NA	NA	FALSE	NA	NA
1A230	NA	XL	2020-07-03T00:00:00Z	1	A	230	1	30	1	1	0	NA	NA	NA	NA	NA	NA	NA	NA	NA	NA	NA	NA	NA	NA	NA	NA	NA	NA	chewed	1A	185	2020				NA	vegetative > vegetative > flowering	vegetative	vegetative	flowering	dead_nf	FALSE	0	0
1A231	NA	XL	2020-07-03T00:00:00Z	1	A	231	1	48	6	4	4	NA	NA	NA	NA	NA	NA	NA	NA	NA	NA	NA	NA	NA	NA	NA	NA	NA	NA	NA	1A	185	2020				NA	vegetative > vegetative > flowering	vegetative	vegetative	flowering	flowering	FALSE	1	1
1A233	NA	XL	2020-07-03T00:00:00Z	1	A	233	1	35	1	2	0	NA	NA	NA	NA	NA	NA	NA	NA	NA	NA	NA	NA	NA	NA	NA	NA	NA	NA	NA	1A	185	2020				NA	vegetative > vegetative > flowering	vegetative	vegetative	flowering	dead_nf	FALSE	0	0
1A235	NA	XL	2020-07-03T00:00:00Z	1	A	235	1	27	1	1	0	NA	NA	NA	NA	NA	NA	NA	NA	NA	NA	NA	NA	NA	NA	NA	NA	NA	NA	bent	1A	185	2020		floral18		NA	vegetative > vegetative > flowering	vegetative	vegetative	flowering	dead_nf	FALSE	0	0
1A255	NA	XL	2020-07-03T00:00:00Z	1	A	255	1	32	4	3	0	NA	NA	NA	NA	NA	NA	NA	NA	NA	NA	NA	NA	NA	NA	NA	NA	NA	NA	NA	1A	185	2020				NA	vegetative > vegetative > flowering	vegetative	vegetative	flowering	vegetative	FALSE	0	1
1A250	NA	XL	2020-07-03T00:00:00Z	1	A	250	3	24	2	1	1	1	0	0	1	1	0	NA	NA	NA	NA	NA	NA	NA	NA	NA	NA	NA	NA	NA	1A	185	2020				NA	vegetative > vegetative > flowering	vegetative	vegetative	flowering	dead_nf	FALSE	0	0
1A251	NA	XL	2020-07-03T00:00:00Z	1	A	251	1	42	3	3	0	NA	NA	NA	NA	NA	NA	NA	NA	NA	NA	NA	NA	NA	NA	NA	NA	NA	NA	NA	1A	185	2020				NA	vegetative > vegetative > flowering	vegetative	vegetative	flowering	vegetative	FALSE	0	1
1A246	NA	XL	2020-07-03T00:00:00Z	1	A	246	1	32	7	2	0	NA	NA	NA	NA	NA	NA	NA	NA	NA	NA	NA	NA	NA	NA	NA	NA	NA	NA	NA	1A	185	2020				NA	vegetative > flowering > flowering	vegetative	flowering	flowering	dead_nf	FALSE	0	0
1A244	NA	XL	2020-07-03T00:00:00Z	1	A	244	2	27	2	2	0	1	1	0	NA	NA	NA	NA	NA	NA	NA	NA	NA	NA	NA	NA	NA	NA	NA	NA	1A	185	2020				NA	vegetative > vegetative > flowering	vegetative	vegetative	flowering	flowering	FALSE	1	1
1A243	NA	XL	2020-07-03T00:00:00Z	1	A	243	1	30	1	0	0	NA	NA	NA	NA	NA	NA	NA	NA	NA	NA	NA	NA	NA	NA	NA	NA	NA	NA	bent	1A	185	2020				NA	vegetative > vegetative > flowering	vegetative	vegetative	flowering	dead_nf	FALSE	0	0
1B649	NA	XL	2020-07-03T00:00:00Z	1	B	649	1	28	1	1	0	NA	NA	NA	NA	NA	NA	NA	NA	NA	NA	NA	NA	NA	NA	NA	NA	NA	NA	chewed	1B	185	2020				NA	vegetative > vegetative > flowering	vegetative	vegetative	flowering	dead_nf	FALSE	0	0
1C64	NA	XL	2020-07-03T00:00:00Z	1	C	64	2	38	3	3	3	8	5	1	NA	NA	NA	NA	NA	NA	NA	NA	NA	NA	NA	NA	NA	NA	NA	NA	1C	185	2020				NA	vegetative > vegetative > flowering	vegetative	vegetative	flowering	dead_nf	FALSE	0	0
1C54	NA	XL	2020-07-03T00:00:00Z	1	C	54	1	45	1	0	0	NA	NA	NA	NA	NA	NA	NA	NA	NA	NA	NA	NA	NA	NA	NA	NA	NA	NA	NA	1C	185	2020				NA	vegetative > vegetative > flowering	vegetative	vegetative	flowering	dead_nf	FALSE	0	0
1D20	NA	XL	2020-07-03T00:00:00Z	1	D	20	1	40	2	2	2	NA	NA	NA	NA	NA	NA	NA	NA	NA	NA	NA	NA	NA	NA	NA	NA	NA	NA	NA	1D	185	2020				NA	vegetative > vegetative > flowering	vegetative	vegetative	flowering	dead_nf	FALSE	0	0
1D5_20	NA	XL	2020-07-03T00:00:00Z	1	D	5_20	1	26	2	1	2	NA	NA	NA	NA	NA	NA	NA	NA	NA	NA	NA	NA	NA	NA	NA	NA	NA	NA	NA	1D	185	2020		census20 pheno20 floral20 seeds20		NA	vegetative > flowering > dead_nf	vegetative	flowering	dead_nf	dead_nf	TRUE	0	0
1D24	NA	XL	2020-07-03T00:00:00Z	1	D	24	1	36	12	6	8	NA	NA	NA	NA	NA	NA	NA	NA	NA	NA	NA	NA	NA	NA	NA	NA	NA	NA	NA	1D	185	2020				NA	vegetative > vegetative > flowering	vegetative	vegetative	flowering	dead_nf	FALSE	0	0
5A196	NA	XL	2020-07-03T00:00:00Z	5	A	196	1	21	2	2	0	NA	NA	NA	NA	NA	NA	NA	NA	NA	NA	NA	NA	NA	NA	NA	NA	NA	NA	NA	5A	185	2020				NA	vegetative > flowering > flowering	vegetative	flowering	flowering	dead_nf	FALSE	0	0
5A191	NA	XL	2020-07-03T00:00:00Z	5	A	191	1	34	5	4	1	NA	NA	NA	NA	NA	NA	NA	NA	NA	NA	NA	NA	NA	NA	NA	NA	NA	NA	NA	5A	185	2020				NA	vegetative > vegetative > flowering	vegetative	vegetative	flowering	dead_nf	FALSE	0	0
5A185	NA	XL	2020-07-03T00:00:00Z	5	A	185	2	36	2	1	0	4	2	5	NA	NA	NA	NA	NA	NA	NA	NA	NA	NA	NA	NA	NA	NA	NA	NA	5A	185	2020		pheno19		NA	vegetative > vegetative > flowering	vegetative	vegetative	flowering	dead_nf	FALSE	0	0
5B16	NA	XL	2020-07-03T00:00:00Z	5	B	16	1	41	8	3	2	NA	NA	NA	NA	NA	NA	NA	NA	NA	NA	NA	NA	NA	NA	NA	NA	NA	NA	NA	5B	185	2020				NA	vegetative > vegetative > flowering	vegetative	vegetative	flowering	dead_nf	FALSE	0	0
5B12	NA	XL	2020-07-03T00:00:00Z	5	B	12	1	42	3	6	2	NA	NA	NA	NA	NA	NA	NA	NA	NA	NA	NA	NA	NA	NA	NA	NA	NA	NA	NA	5B	185	2020				NA	vegetative > vegetative > flowering	vegetative	vegetative	flowering	dead_nf	FALSE	0	0
5B288	NA	XL	2020-07-03T00:00:00Z	5	B	288	3	26	2	1	3	NA	NA	NA	NA	NA	NA	NA	NA	NA	NA	NA	NA	NA	NA	NA	NA	NA	NA	NA	5B	185	2020				NA	vegetative > vegetative > flowering	vegetative	vegetative	flowering	dead_nf	FALSE	0	0
5B289	NA	XL	2020-07-03T00:00:00Z	5	B	289	1	33	5	0	2	NA	NA	NA	NA	NA	NA	NA	NA	NA	NA	NA	NA	NA	NA	NA	NA	NA	NA	NA	5B	185	2020				NA	vegetative > vegetative > flowering	vegetative	vegetative	flowering	dead_nf	FALSE	0	0
5B296	NA	XL	2020-07-03T00:00:00Z	5	B	296	4	31	1	3	1	NA	NA	NA	NA	NA	NA	NA	NA	NA	NA	NA	NA	NA	NA	NA	NA	NA	NA	NA	5B	185	2020				NA	vegetative > vegetative > flowering	vegetative	vegetative	flowering	dead_nf	FALSE	0	0
5B4	NA	XL	2020-07-03T00:00:00Z	5	B	4	1	46	9	3	4	NA	NA	NA	NA	NA	NA	NA	NA	NA	NA	NA	NA	NA	NA	NA	NA	NA	NA	NA	5B	185	2020				NA	vegetative > vegetative > flowering	vegetative	vegetative	flowering	dead_nf	FALSE	0	0
5B20	NA	XL	2020-07-03T00:00:00Z	5	B	20	7	42	4	2	2	0	2	0	2	2	1	5	3	1	5	5	2	5	3	0	NA	NA	NA	NA	5B	185	2020		pheno18 pheno19		NA	vegetative > vegetative > flowering	vegetative	vegetative	flowering	dead_nf	FALSE	0	0
5C225	NA	XL	2020-07-03T00:00:00Z	5	C	225	1	40	4	0	0	NA	NA	NA	NA	NA	NA	NA	NA	NA	NA	NA	NA	NA	NA	NA	NA	NA	NA	NA	5C	185	2020				NA	vegetative > vegetative > flowering	vegetative	vegetative	flowering	dead_nf	FALSE	0	0
5C683	NA	XL	2020-07-03T00:00:00Z	5	C	683	6	35	1	0	0	1	0	1	1	0	0	3	2	2	1	0	0	3	2	0	NA	NA	NA	NA	5C	185	2020				NA	vegetative > vegetative > flowering	vegetative	vegetative	flowering	vegetative	FALSE	0	1
5C224	NA	XL	2020-07-03T00:00:00Z	5	C	224	6	34	3	1	0	3	2	0	NA	NA	NA	NA	NA	NA	NA	NA	NA	NA	NA	NA	NA	NA	NA	NA	5C	185	2020				NA	vegetative > vegetative > flowering	vegetative	vegetative	flowering	dead_nf	FALSE	0	0
5C221	NA	XL	2020-07-03T00:00:00Z	5	C	221	3	27	4	0	1	3	0	0	NA	NA	NA	NA	NA	NA	NA	NA	NA	NA	NA	NA	NA	NA	NA	NA	5C	185	2020				NA	flowering > vegetative > flowering	flowering	vegetative	flowering	dead_nf	FALSE	0	0
5C202	NA	XL	2020-07-03T00:00:00Z	5	C	202	1	32	1	0	1	NA	NA	NA	NA	NA	NA	NA	NA	NA	NA	NA	NA	NA	NA	NA	NA	NA	NA	NA	5C	185	2020				NA	vegetative > vegetative > flowering	vegetative	vegetative	flowering	dead_nf	FALSE	0	0
5C242	NA	XL	2020-07-03T00:00:00Z	5	C	242	1	34	5	5	0	NA	NA	NA	NA	NA	NA	NA	NA	NA	NA	NA	NA	NA	NA	NA	NA	NA	NA	NA	5C	185	2020				NA	NA	NA	NA	NA	NA	FALSE	NA	NA
5C250	NA	XL	2020-07-03T00:00:00Z	5	C	250	2	33	3	1	0	NA	NA	NA	NA	NA	NA	NA	NA	NA	NA	NA	NA	NA	NA	NA	NA	NA	NA	NA	5C	185	2020				NA	NA	NA	NA	NA	NA	FALSE	NA	NA
5C268	NA	XL	2020-07-03T00:00:00Z	5	C	268	1	37	9	2	2	NA	NA	NA	NA	NA	NA	NA	NA	NA	NA	NA	NA	NA	NA	NA	NA	NA	NA	NA	5C	185	2020				NA	NA	NA	NA	NA	NA	FALSE	NA	NA
5C269	NA	XL	2020-07-03T00:00:00Z	5	C	269	1	32	6	0	2	NA	NA	NA	NA	NA	NA	NA	NA	NA	NA	NA	NA	NA	NA	NA	NA	NA	NA	NA	5C	185	2020				NA	NA	NA	NA	NA	NA	FALSE	NA	NA
5C274	NA	XL	2020-07-03T00:00:00Z	5	C	274	1	37	10	4	4	NA	NA	NA	NA	NA	NA	NA	NA	NA	NA	NA	NA	NA	NA	NA	NA	NA	NA	NA	5C	185	2020				NA	NA	NA	NA	NA	NA	FALSE	NA	NA
5C225	NA	ST	2020-06-23T00:00:00Z	5	C	225	1	41	1	1	2	NA	NA	NA	NA	NA	NA	NA	NA	NA	NA	NA	NA	NA	NA	NA	NA	NA	NA	NA	5C	175	2020				NA	vegetative > vegetative > flowering	vegetative	vegetative	flowering	dead_nf	FALSE	0	0
5C683	NA	ST	2020-06-23T00:00:00Z	5	C	683	5	31	2	1	0	NA	NA	NA	NA	NA	NA	NA	NA	NA	NA	NA	NA	NA	NA	NA	NA	NA	NA	NA	5C	175	2020				NA	vegetative > vegetative > flowering	vegetative	vegetative	flowering	vegetative	FALSE	0	1
5C224	NA	ST	2020-06-23T00:00:00Z	5	C	224	6	34	0	1	0	NA	NA	NA	NA	NA	NA	NA	NA	NA	NA	NA	NA	NA	NA	NA	NA	NA	NA	NA	5C	175	2020				NA	vegetative > vegetative > flowering	vegetative	vegetative	flowering	dead_nf	FALSE	0	0
5C221	NA	ST	2020-06-23T00:00:00Z	5	C	221	3	26	0	1	0	NA	NA	NA	NA	NA	NA	NA	NA	NA	NA	NA	NA	NA	NA	NA	NA	NA	NA	chewed	5C	175	2020				NA	flowering > vegetative > flowering	flowering	vegetative	flowering	dead_nf	FALSE	0	0
5D242	NA	ST	2020-06-23T00:00:00Z	5	D	242	1	34	1	0	0	NA	NA	NA	NA	NA	NA	NA	NA	NA	NA	NA	NA	NA	NA	NA	NA	NA	NA	NA	5D	175	2020				NA	vegetative > vegetative > flowering	vegetative	vegetative	flowering	dead_nf	FALSE	0	0
5D230	NA	ST	2020-06-23T00:00:00Z	5	D	230	3	29	1	0	0	NA	NA	NA	NA	NA	NA	NA	NA	NA	NA	NA	NA	NA	NA	NA	NA	NA	NA	NA	5D	175	2020				NA	vegetative > flowering > flowering	vegetative	flowering	flowering	dead_nf	FALSE	0	0
5D274	NA	ST	2020-06-23T00:00:00Z	5	D	274	1	37	2	4	1	NA	NA	NA	NA	NA	NA	NA	NA	NA	NA	NA	NA	NA	NA	NA	NA	NA	NA	NA	5D	175	2020				NA	vegetative > vegetative > flowering	vegetative	vegetative	flowering	vegetative	FALSE	0	1
5D269_20	NA	ST	2020-06-23T00:00:00Z	5	D	269_20	1	32	3	2	2	NA	NA	NA	NA	NA	NA	NA	NA	NA	NA	NA	NA	NA	NA	NA	NA	NA	NA	NA	5D	175	2020		census20 pheno20 floral20 volatiles20 seeds20		NA	vegetative > dead_nf > dead_nf	vegetative	dead_nf	dead_nf	dead_nf	TRUE	0	0
5D268	NA	ST	2020-06-23T00:00:00Z	5	D	268	1	38	6	1	3	NA	NA	NA	NA	NA	NA	NA	NA	NA	NA	NA	NA	NA	NA	NA	NA	NA	NA	NA	5D	175	2020				NA	vegetative > vegetative > flowering	vegetative	vegetative	flowering	dead_nf	FALSE	0	0
3D886	NA	ST	2020-06-23T00:00:00Z	3	D	886	2	35	1	3	1	NA	NA	NA	NA	NA	NA	NA	NA	NA	NA	NA	NA	NA	NA	NA	NA	NA	NA	NA	3D	175	2020				NA	vegetative > vegetative > flowering	vegetative	vegetative	flowering	dead_nf	FALSE	0	0
3D30	NA	ST	2020-06-23T00:00:00Z	3	D	30	2	36	0	1	0	NA	NA	NA	NA	NA	NA	NA	NA	NA	NA	NA	NA	NA	NA	NA	NA	NA	NA	NA	3D	175	2020				NA	NA	NA	NA	NA	NA	FALSE	NA	NA
3D875	NA	ST	2020-06-23T00:00:00Z	3	D	875	2	37	3	1	3	NA	NA	NA	NA	NA	NA	NA	NA	NA	NA	NA	NA	NA	NA	NA	NA	NA	NA	NA	3D	175	2020				NA	vegetative > vegetative > flowering	vegetative	vegetative	flowering	dead_nf	FALSE	0	0
6A685	NA	ST	2020-06-23T00:00:00Z	6	A	685	2	33	3	2	5	1	1	1	NA	NA	NA	NA	NA	NA	NA	NA	NA	NA	NA	NA	NA	NA	NA	NA	6A	175	2020				NA	vegetative > vegetative > flowering	vegetative	vegetative	flowering	dead_nf	FALSE	0	0
6A165	NA	ST	2020-06-23T00:00:00Z	6	A	165	1	36	1	2	1	NA	NA	NA	NA	NA	NA	NA	NA	NA	NA	NA	NA	NA	NA	NA	NA	NA	NA	NA	6A	175	2020				NA	vegetative > vegetative > flowering	vegetative	vegetative	flowering	dead_nf	FALSE	0	0
3A125	NA	ST	2020-07-03T00:00:00Z	3	A	125	1	35	2	1	2	NA	NA	NA	NA	NA	NA	NA	NA	NA	NA	NA	NA	NA	NA	NA	NA	NA	NA	NA	3A	185	2020				NA	vegetative > vegetative > flowering	vegetative	vegetative	flowering	dead_nf	FALSE	0	0
3A278	NA	ST	2020-07-03T00:00:00Z	3	A	278	1	43	6	4	2	NA	NA	NA	NA	NA	NA	NA	NA	NA	NA	NA	NA	NA	NA	NA	NA	NA	NA	NA	3A	185	2020				NA	vegetative > vegetative > flowering	vegetative	vegetative	flowering	dead_nf	FALSE	0	0
3A638	NA	ST	2020-07-03T00:00:00Z	3	A	638	1	64	1	2	3	NA	NA	NA	NA	NA	NA	NA	NA	NA	NA	NA	NA	NA	NA	NA	NA	NA	NA	NA	3A	185	2020				NA	vegetative > vegetative > flowering	vegetative	vegetative	flowering	dead_nf	FALSE	0	0
3B621	NA	ST	2020-07-03T00:00:00Z	3	B	621	1	55	6	2	0	NA	NA	NA	NA	NA	NA	NA	NA	NA	NA	NA	NA	NA	NA	NA	NA	NA	NA	NA	3B	185	2020				NA	vegetative > vegetative > flowering	vegetative	vegetative	flowering	dead_nf	FALSE	0	0
3B831	NA	ST	2020-07-03T00:00:00Z	3	B	831	1	38	2	0	0	NA	NA	NA	NA	NA	NA	NA	NA	NA	NA	NA	NA	NA	NA	NA	NA	NA	NA	NA	3B	185	2020				NA	vegetative > vegetative > flowering	vegetative	vegetative	flowering	dead_nf	FALSE	0	0
3B828	NA	ST	2020-07-03T00:00:00Z	3	B	828	1	27	4	2	0	NA	NA	NA	NA	NA	NA	NA	NA	NA	NA	NA	NA	NA	NA	NA	NA	NA	NA	NA	3B	185	2020				NA	vegetative > vegetative > flowering	vegetative	vegetative	flowering	dead_nf	FALSE	0	0
3B603	NA	ST	2020-07-03T00:00:00Z	3	B	603	1	42	2	1	2	NA	NA	NA	NA	NA	NA	NA	NA	NA	NA	NA	NA	NA	NA	NA	NA	NA	NA	NA	3B	185	2020				NA	vegetative > vegetative > flowering	vegetative	vegetative	flowering	dead_nf	FALSE	0	0
3C174	Said plant = 174	ST	2020-07-03T00:00:00Z	3	C	174	1	49	4	3	2	NA	NA	NA	NA	NA	NA	NA	NA	NA	NA	NA	NA	NA	NA	NA	NA	NA	NA	NA	3C	185	2020			pheno20 floral20 seeds20	3C174	vegetative > vegetative > flowering	vegetative	vegetative	flowering	dead_nf	TRUE	0	0
3C173	NA	ST	2020-07-03T00:00:00Z	3	C	173	2	35	1	1	1	0	0	0	NA	NA	NA	NA	NA	NA	NA	NA	NA	NA	NA	NA	NA	NA	NA	NA	3C	185	2020		pheno19		NA	vegetative > vegetative > flowering	vegetative	vegetative	flowering	dead_nf	FALSE	0	0
3C169	NA	ST	2020-07-03T00:00:00Z	3	C	169	2	28	1	1	0	0	0	0	NA	NA	NA	NA	NA	NA	NA	NA	NA	NA	NA	NA	NA	NA	NA	NA	3C	185	2020		pheno19		NA	vegetative > vegetative > flowering	vegetative	vegetative	flowering	dead_nf	FALSE	0	0
3C152	NA	ST	2020-07-03T00:00:00Z	3	C	152	1	33	1	1	0	NA	NA	NA	NA	NA	NA	NA	NA	NA	NA	NA	NA	NA	NA	NA	NA	NA	NA	NA	3C	185	2020				NA	vegetative > vegetative > flowering	vegetative	vegetative	flowering	dead_nf	FALSE	0	0
3C154	NA	ST	2020-07-03T00:00:00Z	3	C	154	1	27	1	0	0	NA	NA	NA	NA	NA	NA	NA	NA	NA	NA	NA	NA	NA	NA	NA	NA	NA	NA	NA	3C	185	2020				NA	vegetative > vegetative > flowering	vegetative	vegetative	flowering	dead_nf	FALSE	0	0
3C133	NA	ST	2020-07-03T00:00:00Z	3	C	133	1	36	0	1	0	NA	NA	NA	NA	NA	NA	NA	NA	NA	NA	NA	NA	NA	NA	NA	NA	NA	NA	NA	3C	185	2020				NA	vegetative > vegetative > flowering	vegetative	vegetative	flowering	vegetative	FALSE	0	1
3C149_20	NA	ST	2020-07-03T00:00:00Z	3	C	149_20	1	17	0	1	0	NA	NA	NA	NA	NA	NA	NA	NA	NA	NA	NA	NA	NA	NA	NA	NA	NA	NA	NA	3C	185	2020		pheno20		NA	vegetative > flowering > vegetative	vegetative	flowering	vegetative	flowering	TRUE	1	1
3D892	NA	ST	2020-07-03T00:00:00Z	3	D	892	1	35	1	1	0	NA	NA	NA	NA	NA	NA	NA	NA	NA	NA	NA	NA	NA	NA	NA	NA	NA	NA	NA	3D	185	2020				NA	vegetative > vegetative > flowering	vegetative	vegetative	flowering	dead_nf	FALSE	0	0
3D893	NA	ST	2020-07-03T00:00:00Z	3	D	893	1	24	0	1	1	NA	NA	NA	NA	NA	NA	NA	NA	NA	NA	NA	NA	NA	NA	NA	NA	NA	NA	chewed	3D	185	2020				NA	vegetative > vegetative > flowering	vegetative	vegetative	flowering	dead_nf	FALSE	0	0
3D886	NA	ST	2020-07-03T00:00:00Z	3	D	886	2	36	6	3	3	3	1	1	NA	NA	NA	NA	NA	NA	NA	NA	NA	NA	NA	NA	NA	NA	NA	NA	3D	185	2020				NA	vegetative > vegetative > flowering	vegetative	vegetative	flowering	dead_nf	FALSE	0	0
3D881	NA	ST	2020-07-03T00:00:00Z	3	D	881	1	29	0	1	0	NA	NA	NA	NA	NA	NA	NA	NA	NA	NA	NA	NA	NA	NA	NA	NA	NA	NA	NA	3D	185	2020				NA	vegetative > vegetative > flowering	vegetative	vegetative	flowering	dead_nf	FALSE	0	0
3D895	NA	ST	2020-07-03T00:00:00Z	3	D	895	1	26	1	0	0	NA	NA	NA	NA	NA	NA	NA	NA	NA	NA	NA	NA	NA	NA	NA	NA	NA	NA	NA	3D	185	2020				NA	vegetative > vegetative > flowering	vegetative	vegetative	flowering	flowering	FALSE	1	1
3D876	NA	ST	2020-07-03T00:00:00Z	3	D	876	1	27	1	0	1	NA	NA	NA	NA	NA	NA	NA	NA	NA	NA	NA	NA	NA	NA	NA	NA	NA	NA	NA	3D	185	2020				NA	vegetative > vegetative > flowering	vegetative	vegetative	flowering	dead_nf	FALSE	0	0
3D875	NA	ST	2020-07-03T00:00:00Z	3	D	875	3	39	6	2	2	0	2	0	0	0	0	NA	NA	NA	NA	NA	NA	NA	NA	NA	NA	NA	NA	NA	3D	185	2020				NA	vegetative > vegetative > flowering	vegetative	vegetative	flowering	dead_nf	FALSE	0	0
6A165	NA	ST	2020-07-03T00:00:00Z	6	A	165	1	42	10	2	6	NA	NA	NA	NA	NA	NA	NA	NA	NA	NA	NA	NA	NA	NA	NA	NA	NA	NA	NA	6A	185	2020				NA	vegetative > vegetative > flowering	vegetative	vegetative	flowering	dead_nf	FALSE	0	0
6A685	NA	ST	2020-07-03T00:00:00Z	6	A	685	2	41	7	4	5	7	1	3	NA	NA	NA	NA	NA	NA	NA	NA	NA	NA	NA	NA	NA	NA	NA	NA	6A	185	2020				NA	vegetative > vegetative > flowering	vegetative	vegetative	flowering	dead_nf	FALSE	0	0
6A136	NA	ST	2020-07-03T00:00:00Z	6	A	136	6	33	0	1	1	0	1	1	0	0	0	0	0	0	0	0	0	0	0	0	NA	NA	NA	NA	6A	185	2020				NA	vegetative > vegetative > flowering	vegetative	vegetative	flowering	dead_nf	FALSE	0	0
6A138	NA	ST	2020-07-03T00:00:00Z	6	A	138	1	37	0	1	0	NA	NA	NA	NA	NA	NA	NA	NA	NA	NA	NA	NA	NA	NA	NA	NA	NA	NA	NA	6A	185	2020				NA	vegetative > vegetative > flowering	vegetative	vegetative	flowering	dead_nf	FALSE	0	0
6A145	NA	ST	2020-07-03T00:00:00Z	6	A	145	1	30	1	1	1	NA	NA	NA	NA	NA	NA	NA	NA	NA	NA	NA	NA	NA	NA	NA	NA	NA	NA	NA	6A	185	2020				NA	vegetative > vegetative > flowering	vegetative	vegetative	flowering	dead_nf	FALSE	0	0
6B266	NA	ST	2020-07-03T00:00:00Z	6	B	266	1	46	1	0	1	NA	NA	NA	NA	NA	NA	NA	NA	NA	NA	NA	NA	NA	NA	NA	NA	NA	NA	NA	6B	185	2020				NA	vegetative > vegetative > flowering	vegetative	vegetative	flowering	dead_nf	FALSE	0	0
6B120	NA	ST	2020-07-03T00:00:00Z	6	B	120	1	59	16	10	5	NA	NA	NA	NA	NA	NA	NA	NA	NA	NA	NA	NA	NA	NA	NA	NA	NA	NA	NA	6B	185	2020				NA	vegetative > vegetative > flowering	vegetative	vegetative	flowering	dead_nf	FALSE	0	0
6C113	NA	ST	2020-07-03T00:00:00Z	6	C	113	1	28	12	1	2	NA	NA	NA	NA	NA	NA	NA	NA	NA	NA	NA	NA	NA	NA	NA	NA	NA	NA	NA	6C	185	2020				NA	vegetative > vegetative > flowering	vegetative	vegetative	flowering	dead_nf	FALSE	0	0
6C93	NA	ST	2020-07-03T00:00:00Z	6	C	93	5	37	1	1	0	2	3	0	3	2	0	0	0	0	0	0	0	NA	NA	NA	NA	NA	NA	NA	6C	185	2020				NA	vegetative > vegetative > flowering	vegetative	vegetative	flowering	dead_nf	FALSE	0	0
6C86	NA	ST	2020-07-03T00:00:00Z	6	C	86	1	31	5	2	0	NA	NA	NA	NA	NA	NA	NA	NA	NA	NA	NA	NA	NA	NA	NA	NA	NA	NA	NA	6C	185	2020				NA	vegetative > vegetative > flowering	vegetative	vegetative	flowering	dead_nf	FALSE	0	0
6D68	NA	ST	2020-07-03T00:00:00Z	6	D	68	2	32	7	2	0	NA	NA	NA	NA	NA	NA	NA	NA	NA	NA	NA	NA	NA	NA	NA	NA	NA	NA	NA	6D	185	2020				NA	vegetative > vegetative > flowering	vegetative	vegetative	flowering	dead_nf	FALSE	0	0
6D71	NA	ST	2020-07-03T00:00:00Z	6	D	71	3	38	7	1	3	3	0	2	4	1	2	NA	NA	NA	NA	NA	NA	NA	NA	NA	NA	NA	NA	NA	6D	185	2020				NA	vegetative > vegetative > flowering	vegetative	vegetative	flowering	dead_nf	FALSE	0	0
6D46	NA	ST	2020-07-03T00:00:00Z	6	D	46	6	29	3	1	0	0	0	0	0	0	0	0	0	0	0	0	0	0	0	0	NA	NA	NA	NA	6D	185	2020		pheno18		NA	vegetative > vegetative > flowering	vegetative	vegetative	flowering	dead_nf	FALSE	0	0
6D52	NA	ST	2020-07-03T00:00:00Z	6	D	52	1	36	4	0	1	NA	NA	NA	NA	NA	NA	NA	NA	NA	NA	NA	NA	NA	NA	NA	NA	NA	NA	NA	6D	185	2020				NA	vegetative > vegetative > flowering	vegetative	vegetative	flowering	dead_nf	FALSE	0	0
3C219	NA	ST	2020-07-03T00:00:00Z	3	C	219	4	36	0	1	0	1	0	0	1	0	0	0	0	0	NA	NA	NA	NA	NA	NA	NA	NA	NA	NA	3C	185	2020				NA	NA	NA	NA	NA	NA	FALSE	NA	NA
3C195	NA	ST	2020-07-03T00:00:00Z	3	C	195	2	56	9	4	5	NA	NA	NA	NA	NA	NA	NA	NA	NA	NA	NA	NA	NA	NA	NA	NA	NA	NA	NA	3C	185	2020				NA	NA	NA	NA	NA	NA	FALSE	NA	NA
3C152	NA	BV	2020-06-23T00:00:00Z	3	C	152	1	31.5	3	2	3	NA	NA	NA	NA	NA	NA	NA	NA	NA	NA	NA	NA	NA	NA	NA	NA	NA	NA	NA	3C	175	2020				NA	vegetative > vegetative > flowering	vegetative	vegetative	flowering	dead_nf	FALSE	0	0
3A278	NA	BV	2020-06-23T00:00:00Z	3	A	278	1	43.5	0	2	0	NA	NA	NA	NA	NA	NA	NA	NA	NA	NA	NA	NA	NA	NA	NA	NA	NA	NA	NA	3A	175	2020				NA	vegetative > vegetative > flowering	vegetative	vegetative	flowering	dead_nf	FALSE	0	0
3B129	NA	BV	2020-06-23T00:00:00Z	3	B	129	1	51.5	1	7	4	NA	NA	NA	NA	NA	NA	NA	NA	NA	NA	NA	NA	NA	NA	NA	NA	NA	NA	NA	3B	175	2020				NA	NA	NA	NA	NA	NA	FALSE	NA	NA
3B603	NA	BV	2020-06-23T00:00:00Z	3	B	603	1	42.3	0	1	1	NA	NA	NA	NA	NA	NA	NA	NA	NA	NA	NA	NA	NA	NA	NA	NA	NA	NA	NA	3B	175	2020				NA	vegetative > vegetative > flowering	vegetative	vegetative	flowering	dead_nf	FALSE	0	0
4B295	JP: changed eggs_1 from 11 to 1 (likely typo, can't find scan)	BV	2020-06-23T00:00:00Z	4	B	295	1	29.5	5	3	1	NA	NA	NA	NA	NA	NA	NA	NA	NA	NA	NA	NA	NA	NA	NA	NA	NA	NA	NA	4B	175	2020				NA	NA	NA	NA	NA	NA	FALSE	NA	NA
4B680	NA	BV	2020-07-03T00:00:00Z	4	B	680	1	30	10	1	2	NA	NA	NA	NA	NA	NA	NA	NA	NA	NA	NA	NA	NA	NA	NA	NA	NA	NA	NA	4B	185	2020				NA	vegetative > vegetative > flowering	vegetative	vegetative	flowering	vegetative	FALSE	0	1
4B594	NA	BV	2020-07-03T00:00:00Z	4	B	594	1	45	10	2	0	NA	NA	NA	NA	NA	NA	NA	NA	NA	NA	NA	NA	NA	NA	NA	NA	NA	NA	NA	4B	185	2020				NA	vegetative > vegetative > flowering	vegetative	vegetative	flowering	dead_nf	FALSE	0	0
4B596	NA	BV	2020-07-03T00:00:00Z	4	B	596	1	31	4	3	3	NA	NA	NA	NA	NA	NA	NA	NA	NA	NA	NA	NA	NA	NA	NA	NA	NA	NA	NA	4B	185	2020				NA	vegetative > vegetative > flowering	vegetative	vegetative	flowering	dead_nf	FALSE	0	0
4D47	NA	BV	2020-07-03T00:00:00Z	4	D	47	1	33	3	1	1	NA	NA	NA	NA	NA	NA	NA	NA	NA	NA	NA	NA	NA	NA	NA	NA	NA	NA	NA	4D	185	2020				NA	vegetative > vegetative > flowering	vegetative	vegetative	flowering	dead_nf	FALSE	0	0
4D37	NA	BV	2020-07-03T00:00:00Z	4	D	37	1	22	1	2	0	NA	NA	NA	NA	NA	NA	NA	NA	NA	NA	NA	NA	NA	NA	NA	NA	NA	NA	NA	4D	185	2020				NA	vegetative > vegetative > flowering	vegetative	vegetative	flowering	dead_nf	FALSE	0	0
4A85	NA	BV	2020-07-03T00:00:00Z	4	A	85	1	40	5	2	1	NA	NA	NA	NA	NA	NA	NA	NA	NA	NA	NA	NA	NA	NA	NA	NA	NA	NA	NA	4A	185	2020				NA	vegetative > vegetative > flowering	vegetative	vegetative	flowering	dead_nf	FALSE	0	0
4A80	NA	BV	2020-07-03T00:00:00Z	4	A	80	2	35	1	0	0	5	4	1	NA	NA	NA	NA	NA	NA	NA	NA	NA	NA	NA	NA	NA	NA	NA	NA	4A	185	2020				NA	vegetative > vegetative > flowering	vegetative	vegetative	flowering	dead_nf	FALSE	0	0
4A124	NA	BV	2020-07-03T00:00:00Z	4	A	124	3	23	2	3	1	1	3	0	1	0	1	NA	NA	NA	NA	NA	NA	NA	NA	NA	NA	NA	NA	NA	4A	185	2020				NA	vegetative > flowering > flowering	vegetative	flowering	flowering	dead_nf	FALSE	0	0
4A101	NA	BV	2020-07-03T00:00:00Z	4	A	101	1	21	1	2	1	NA	NA	NA	NA	NA	NA	NA	NA	NA	NA	NA	NA	NA	NA	NA	NA	NA	NA	NA	4A	185	2020				NA	vegetative > vegetative > flowering	vegetative	vegetative	flowering	dead_nf	FALSE	0	0
4A91	NA	BV	2020-07-03T00:00:00Z	4	A	91	1	27	1	1	1	NA	NA	NA	NA	NA	NA	NA	NA	NA	NA	NA	NA	NA	NA	NA	NA	NA	NA	NA	4A	185	2020				NA	vegetative > vegetative > flowering	vegetative	vegetative	flowering	dead_nf	FALSE	0	0
4A107	NA	BV	2020-07-03T00:00:00Z	4	A	107	1	28	2	2	0	NA	NA	NA	NA	NA	NA	NA	NA	NA	NA	NA	NA	NA	NA	NA	NA	NA	NA	NA	4A	185	2020				NA	vegetative > vegetative > flowering	vegetative	vegetative	flowering	dead_nf	FALSE	0	0
4A114	NA	BV	2020-07-03T00:00:00Z	4	A	114	1	48	14	5	4	NA	NA	NA	NA	NA	NA	NA	NA	NA	NA	NA	NA	NA	NA	NA	NA	NA	NA	NA	4A	185	2020				NA	vegetative > vegetative > flowering	vegetative	vegetative	flowering	dead_nf	FALSE	0	0
4A110	NA	BV	2020-07-03T00:00:00Z	4	A	110	6	32	1	2	0	1	1	0	3	1	0	NA	NA	NA	NA	NA	NA	NA	NA	NA	NA	NA	NA	NA	4A	185	2020				NA	vegetative > vegetative > flowering	vegetative	vegetative	flowering	dead_nf	FALSE	0	0
4A68	NA	BV	2020-07-03T00:00:00Z	4	A	68	1	34	3	3	0	NA	NA	NA	NA	NA	NA	NA	NA	NA	NA	NA	NA	NA	NA	NA	NA	NA	NA	NA	4A	185	2020		floral19		NA	vegetative > vegetative > flowering	vegetative	vegetative	flowering	dead_nf	FALSE	0	0
4C641	NA	BV	2020-07-03T00:00:00Z	4	C	641	2	25	2	5	0	12	13	6	NA	NA	NA	NA	NA	NA	NA	NA	NA	NA	NA	NA	NA	NA	NA	NA	4C	185	2020				NA	vegetative > flowering > flowering	vegetative	flowering	flowering	dead_nf	FALSE	0	0
4A124	NA	BV	2020-07-10T00:00:00Z	4	A	124	3	24	3	0	0	3	3	1	3	1	1	NA	NA	NA	NA	NA	NA	NA	NA	NA	NA	NA	NA	NA	4A	192	2020				NA	vegetative > flowering > flowering	vegetative	flowering	flowering	dead_nf	FALSE	0	0
4A101	NA	BV	2020-07-10T00:00:00Z	4	A	101	1	21	3	3	5	NA	NA	NA	NA	NA	NA	NA	NA	NA	NA	NA	NA	NA	NA	NA	NA	NA	NA	NA	4A	192	2020				NA	vegetative > vegetative > flowering	vegetative	vegetative	flowering	dead_nf	FALSE	0	0
4A107	NA	BV	2020-07-10T00:00:00Z	4	A	107	1	28	4	2	2	NA	NA	NA	NA	NA	NA	NA	NA	NA	NA	NA	NA	NA	NA	NA	NA	NA	NA	NA	4A	192	2020				NA	vegetative > vegetative > flowering	vegetative	vegetative	flowering	dead_nf	FALSE	0	0
4A114	NA	BV	2020-07-10T00:00:00Z	4	A	114	1	49	1	2	1	NA	NA	NA	NA	NA	NA	NA	NA	NA	NA	NA	NA	NA	NA	NA	NA	NA	NA	NA	4A	192	2020				NA	vegetative > vegetative > flowering	vegetative	vegetative	flowering	dead_nf	FALSE	0	0
4A109	NA	BV	2020-07-10T00:00:00Z	4	A	109	1	24	1	1	0	NA	NA	NA	NA	NA	NA	NA	NA	NA	NA	NA	NA	NA	NA	NA	NA	NA	NA	NA	4A	192	2020				NA	vegetative > vegetative > flowering	vegetative	vegetative	flowering	dead_nf	FALSE	0	0
4A110	NA	BV	2020-07-10T00:00:00Z	4	A	110	6	33	3	2	1	5	1	1	3	0	0	NA	NA	NA	NA	NA	NA	NA	NA	NA	NA	NA	NA	NA	4A	192	2020				NA	vegetative > vegetative > flowering	vegetative	vegetative	flowering	dead_nf	FALSE	0	0
4A68	NA	BV	2020-07-10T00:00:00Z	4	A	68	1	34	1	1	0	NA	NA	NA	NA	NA	NA	NA	NA	NA	NA	NA	NA	NA	NA	NA	NA	NA	NA	NA	4A	192	2020		floral19		NA	vegetative > vegetative > flowering	vegetative	vegetative	flowering	dead_nf	FALSE	0	0
4A85	NA	BV	2020-07-10T00:00:00Z	4	A	85	4	40	2	2	0	5	2	1	0	2	0	NA	NA	NA	NA	NA	NA	NA	NA	NA	NA	NA	NA	NA	4A	192	2020				NA	vegetative > vegetative > flowering	vegetative	vegetative	flowering	dead_nf	FALSE	0	0
4A80	NA	BV	2020-07-10T00:00:00Z	4	A	80	4	36	1	0	0	3	1	1	0	1	0	NA	NA	NA	NA	NA	NA	NA	NA	NA	NA	NA	NA	NA	4A	192	2020				NA	vegetative > vegetative > flowering	vegetative	vegetative	flowering	dead_nf	FALSE	0	0
4A99	NA	BV	2020-07-10T00:00:00Z	4	A	99	1	28	1	0	0	NA	NA	NA	NA	NA	NA	NA	NA	NA	NA	NA	NA	NA	NA	NA	NA	NA	NA	NA	4A	192	2020				NA	vegetative > vegetative > flowering	vegetative	vegetative	flowering	dead_nf	FALSE	0	0
4A91	NA	BV	2020-07-10T00:00:00Z	4	A	91	1	28	6	0	0	NA	NA	NA	NA	NA	NA	NA	NA	NA	NA	NA	NA	NA	NA	NA	NA	NA	NA	NA	4A	192	2020				NA	vegetative > vegetative > flowering	vegetative	vegetative	flowering	dead_nf	FALSE	0	0
4B596	NA	BV	2020-07-10T00:00:00Z	4	B	596	1	32	14	8	6	NA	NA	NA	NA	NA	NA	NA	NA	NA	NA	NA	NA	NA	NA	NA	NA	NA	NA	NA	4B	192	2020				NA	vegetative > vegetative > flowering	vegetative	vegetative	flowering	dead_nf	FALSE	0	0
4B594	NA	BV	2020-07-10T00:00:00Z	4	B	594	1	24	8	2	0	NA	NA	NA	NA	NA	NA	NA	NA	NA	NA	NA	NA	NA	NA	NA	NA	NA	NA	NA	4B	192	2020				NA	vegetative > vegetative > flowering	vegetative	vegetative	flowering	dead_nf	FALSE	0	0
4C213	NA	BV	2020-07-10T00:00:00Z	4	C	213	1	26	4	0	1	NA	NA	NA	NA	NA	NA	NA	NA	NA	NA	NA	NA	NA	NA	NA	NA	NA	NA	NA	4C	192	2020				NA	vegetative > vegetative > flowering	vegetative	vegetative	flowering	vegetative	FALSE	0	1
4C195	NA	BV	2020-07-10T00:00:00Z	4	C	195	2	60	4	5	0	1	3	2	NA	NA	NA	NA	NA	NA	NA	NA	NA	NA	NA	NA	NA	NA	NA	NA	4C	192	2020				NA	vegetative > vegetative > flowering	vegetative	vegetative	flowering	dead_nf	FALSE	0	0
4C196	NA	BV	2020-07-10T00:00:00Z	4	C	196	3	24	0	2	0	0	0	0	0	0	0	NA	NA	NA	NA	NA	NA	NA	NA	NA	NA	NA	NA	NA	4C	192	2020				NA	vegetative > vegetative > flowering	vegetative	vegetative	flowering	dead_nf	FALSE	0	0
4C641	NA	BV	2020-07-10T00:00:00Z	4	C	641	2	25	2	1	0	0	1	0	NA	NA	NA	NA	NA	NA	NA	NA	NA	NA	NA	NA	NA	NA	NA	NA	4C	192	2020				NA	vegetative > flowering > flowering	vegetative	flowering	flowering	dead_nf	FALSE	0	0
4C187	NA	BV	2020-07-10T00:00:00Z	4	C	187	1	27	0	1	0	NA	NA	NA	NA	NA	NA	NA	NA	NA	NA	NA	NA	NA	NA	NA	NA	NA	NA	NA	4C	192	2020				NA	vegetative > vegetative > flowering	vegetative	vegetative	flowering	dead_nf	FALSE	0	0
4C192	NA	BV	2020-07-10T00:00:00Z	4	C	192	1	29	4	4	4	NA	NA	NA	NA	NA	NA	NA	NA	NA	NA	NA	NA	NA	NA	NA	NA	NA	NA	NA	4C	192	2020				NA	vegetative > vegetative > flowering	vegetative	vegetative	flowering	dead_nf	FALSE	0	0
4D47	NA	BV	2020-07-10T00:00:00Z	4	D	47	2	36	5	3	0	NA	NA	NA	NA	NA	NA	NA	NA	NA	NA	NA	NA	NA	NA	NA	NA	NA	NA	NA	4D	192	2020				NA	vegetative > vegetative > flowering	vegetative	vegetative	flowering	dead_nf	FALSE	0	0
4D37	NA	BV	2020-07-10T00:00:00Z	4	D	37	2	26	1	0	0	0	1	0	NA	NA	NA	NA	NA	NA	NA	NA	NA	NA	NA	NA	NA	NA	NA	NA	4D	192	2020				NA	vegetative > vegetative > flowering	vegetative	vegetative	flowering	dead_nf	FALSE	0	0
2D219	NA	BV	2020-07-10T00:00:00Z	2	D	219	1	40	7	1	1	NA	NA	NA	NA	NA	NA	NA	NA	NA	NA	NA	NA	NA	NA	NA	NA	NA	NA	NA	2D	192	2020				NA	vegetative > vegetative > flowering	vegetative	vegetative	flowering	dead_nf	FALSE	0	0
2D214	NA	BV	2020-07-10T00:00:00Z	2	D	214	1	27	2	1	0	NA	NA	NA	NA	NA	NA	NA	NA	NA	NA	NA	NA	NA	NA	NA	NA	NA	NA	NA	2D	192	2020				NA	vegetative > vegetative > flowering	vegetative	vegetative	flowering	dead_nf	FALSE	0	0
2D193	NA	BV	2020-07-10T00:00:00Z	2	D	193	2	39	2	2	3	3	1	1	NA	NA	NA	NA	NA	NA	NA	NA	NA	NA	NA	NA	NA	NA	NA	NA	2D	192	2020				NA	vegetative > vegetative > flowering	vegetative	vegetative	flowering	dead_nf	FALSE	0	0
2D194	NA	BV	2020-07-10T00:00:00Z	2	D	194	3	40	2	2	0	NA	NA	NA	NA	NA	NA	NA	NA	NA	NA	NA	NA	NA	NA	NA	NA	NA	NA	NA	2D	192	2020				NA	vegetative > vegetative > flowering	vegetative	vegetative	flowering	dead_nf	FALSE	0	0
2D207	NA	BV	2020-07-10T00:00:00Z	2	D	207	2	26	2	4	0	NA	NA	NA	NA	NA	NA	NA	NA	NA	NA	NA	NA	NA	NA	NA	NA	NA	NA	NA	2D	192	2020				NA	vegetative > vegetative > flowering	vegetative	vegetative	flowering	dead_nf	FALSE	0	0
2D210	NA	BV	2020-07-10T00:00:00Z	2	D	210	1	27	1	0	0	NA	NA	NA	NA	NA	NA	NA	NA	NA	NA	NA	NA	NA	NA	NA	NA	NA	NA	NA	2D	192	2020				NA	vegetative > vegetative > flowering	vegetative	vegetative	flowering	dead_nf	FALSE	0	0
2D204	NA	BV	2020-07-10T00:00:00Z	2	D	204	1	62	1	3	0	NA	NA	NA	NA	NA	NA	NA	NA	NA	NA	NA	NA	NA	NA	NA	NA	NA	NA	NA	2D	192	2020				NA	vegetative > vegetative > flowering	vegetative	vegetative	flowering	dead_nf	FALSE	0	0
2D187	NA	BV	2020-07-10T00:00:00Z	2	D	187	3	53	3	0	2	1	2	0	NA	NA	NA	NA	NA	NA	NA	NA	NA	NA	NA	NA	NA	NA	NA	NA	2D	192	2020				NA	vegetative > vegetative > flowering	vegetative	vegetative	flowering	dead_nf	FALSE	0	0
1A257	NA	ST	2020-07-10T00:00:00Z	1	A	257	2	40	2	3	0	5	2	0	NA	NA	NA	NA	NA	NA	NA	NA	NA	NA	NA	NA	NA	NA	NA	NA	1A	192	2020				NA	vegetative > vegetative > flowering	vegetative	vegetative	flowering	dead_nf	FALSE	0	0
1A255	NA	ST	2020-07-10T00:00:00Z	1	A	255	1	33	1	0	0	NA	NA	NA	NA	NA	NA	NA	NA	NA	NA	NA	NA	NA	NA	NA	NA	NA	NA	NA	1A	192	2020				NA	vegetative > vegetative > flowering	vegetative	vegetative	flowering	vegetative	FALSE	0	1
1A246	NA	ST	2020-07-10T00:00:00Z	1	A	246	1	35	5	1	0	NA	NA	NA	NA	NA	NA	NA	NA	NA	NA	NA	NA	NA	NA	NA	NA	NA	NA	NA	1A	192	2020				NA	vegetative > flowering > flowering	vegetative	flowering	flowering	dead_nf	FALSE	0	0
1A250	NA	ST	2020-07-10T00:00:00Z	1	A	250	3	25	4	2	0	4	1	0	0	0	0	NA	NA	NA	NA	NA	NA	NA	NA	NA	NA	NA	NA	NA	1A	192	2020				NA	vegetative > vegetative > flowering	vegetative	vegetative	flowering	dead_nf	FALSE	0	0
1A251	NA	ST	2020-07-10T00:00:00Z	1	A	251	1	38	1	1	0	NA	NA	NA	NA	NA	NA	NA	NA	NA	NA	NA	NA	NA	NA	NA	NA	NA	NA	NA	1A	192	2020				NA	vegetative > vegetative > flowering	vegetative	vegetative	flowering	vegetative	FALSE	0	1
1A235	NA	ST	2020-07-10T00:00:00Z	1	A	235	1	29	2	1	1	NA	NA	NA	NA	NA	NA	NA	NA	NA	NA	NA	NA	NA	NA	NA	NA	NA	NA	NA	1A	192	2020		floral18		NA	vegetative > vegetative > flowering	vegetative	vegetative	flowering	dead_nf	FALSE	0	0
1A231	NA	ST	2020-07-10T00:00:00Z	1	A	231	1	49	8	0	0	NA	NA	NA	NA	NA	NA	NA	NA	NA	NA	NA	NA	NA	NA	NA	NA	NA	NA	NA	1A	192	2020				NA	vegetative > vegetative > flowering	vegetative	vegetative	flowering	flowering	FALSE	1	1
1A244	NA	ST	2020-07-10T00:00:00Z	1	A	244	2	27	4	1	1	0	0	0	NA	NA	NA	NA	NA	NA	NA	NA	NA	NA	NA	NA	NA	NA	NA	NA	1A	192	2020				NA	vegetative > vegetative > flowering	vegetative	vegetative	flowering	flowering	FALSE	1	1
1A243	NA	ST	2020-07-10T00:00:00Z	1	A	243	1	30	4	2	1	NA	NA	NA	NA	NA	NA	NA	NA	NA	NA	NA	NA	NA	NA	NA	NA	NA	NA	NA	1A	192	2020				NA	vegetative > vegetative > flowering	vegetative	vegetative	flowering	dead_nf	FALSE	0	0
1B672	NA	ST	2020-07-10T00:00:00Z	1	B	672	1	32	1	0	0	NA	NA	NA	NA	NA	NA	NA	NA	NA	NA	NA	NA	NA	NA	NA	NA	NA	NA	NA	1B	192	2020				NA	vegetative > vegetative > flowering	vegetative	vegetative	flowering	dead_nf	FALSE	0	0
1C63	NA	ST	2020-07-10T00:00:00Z	1	C	63	1	33	1	5	1	NA	NA	NA	NA	NA	NA	NA	NA	NA	NA	NA	NA	NA	NA	NA	NA	NA	NA	NA	1C	192	2020				NA	vegetative > vegetative > flowering	vegetative	vegetative	flowering	dead_nf	FALSE	0	0
1C54	NA	ST	2020-07-10T00:00:00Z	1	C	54	2	35	4	0	0	0	0	0	NA	NA	NA	NA	NA	NA	NA	NA	NA	NA	NA	NA	NA	NA	NA	NA	1C	192	2020				NA	vegetative > vegetative > flowering	vegetative	vegetative	flowering	dead_nf	FALSE	0	0
1C60	NA	ST	2020-07-10T00:00:00Z	1	C	60	7	36	2	0	2	0	2	0	2	2	0	0	0	0	0	0	0	0	0	0	NA	NA	NA	NA	1C	192	2020				NA	vegetative > vegetative > flowering	vegetative	vegetative	flowering	dead_nf	FALSE	0	0
1C46	NA	ST	2020-07-10T00:00:00Z	1	C	46	5	26	2	0	0	1	0	0	2	1	1	0	0	0	0	0	0	NA	NA	NA	NA	NA	NA	NA	1C	192	2020				NA	vegetative > vegetative > flowering	vegetative	vegetative	flowering	dead_nf	FALSE	0	0
1D37	NA	ST	2020-07-10T00:00:00Z	1	D	37	1	27	5	2	0	NA	NA	NA	NA	NA	NA	NA	NA	NA	NA	NA	NA	NA	NA	NA	NA	NA	NA	NA	1D	192	2020				NA	vegetative > vegetative > flowering	vegetative	vegetative	flowering	dead_nf	FALSE	0	0
1D41_20	NA	ST	2020-07-10T00:00:00Z	1	D	41_20	1	20	3	2	3	NA	NA	NA	NA	NA	NA	NA	NA	NA	NA	NA	NA	NA	NA	NA	NA	NA	NA	NA	1D	192	2020		pheno20		NA	vegetative > vegetative > vegetative	vegetative	vegetative	vegetative	vegetative	TRUE	0	1
1D17	NA	ST	2020-07-10T00:00:00Z	1	D	17	2	32	3	1	1	0	0	0	NA	NA	NA	NA	NA	NA	NA	NA	NA	NA	NA	NA	NA	NA	NA	NA	1D	192	2020				NA	vegetative > vegetative > flowering	vegetative	vegetative	flowering	dead_nf	FALSE	0	0
1D24	NA	ST	2020-07-10T00:00:00Z	1	D	24	1	33	7	2	2	NA	NA	NA	NA	NA	NA	NA	NA	NA	NA	NA	NA	NA	NA	NA	NA	NA	NA	NA	1D	192	2020				NA	vegetative > vegetative > flowering	vegetative	vegetative	flowering	dead_nf	FALSE	0	0
1D5_20	NA	ST	2020-07-10T00:00:00Z	1	D	5_20	1	28	4	2	0	NA	NA	NA	NA	NA	NA	NA	NA	NA	NA	NA	NA	NA	NA	NA	NA	NA	NA	NA	1D	192	2020		census20 pheno20 floral20 seeds20		NA	vegetative > flowering > dead_nf	vegetative	flowering	dead_nf	dead_nf	TRUE	0	0
1D20	NA	ST	2020-07-10T00:00:00Z	1	D	20	1	41	3	0	2	NA	NA	NA	NA	NA	NA	NA	NA	NA	NA	NA	NA	NA	NA	NA	NA	NA	NA	NA	1D	192	2020				NA	vegetative > vegetative > flowering	vegetative	vegetative	flowering	dead_nf	FALSE	0	0
5D250	NA	ST	2020-07-10T00:00:00Z	5	D	250	2	33	0	1	0	0	0	0	NA	NA	NA	NA	NA	NA	NA	NA	NA	NA	NA	NA	NA	NA	NA	NA	5D	192	2020				NA	vegetative > vegetative > flowering	vegetative	vegetative	flowering	dead_nf	FALSE	0	0
5D252	NA	ST	2020-07-10T00:00:00Z	5	D	252	2	29	2	1	2	0	0	0	NA	NA	NA	NA	NA	NA	NA	NA	NA	NA	NA	NA	NA	NA	NA	NA	5D	192	2020				NA	vegetative > vegetative > flowering	vegetative	vegetative	flowering	dead_nf	FALSE	0	0
5D247	NA	ST	2020-07-10T00:00:00Z	5	D	247	6	32	3	2	0	0	1	0	3	2	1	0	0	0	0	0	0	0	0	0	NA	NA	NA	NA	5D	192	2020				NA	vegetative > vegetative > flowering	vegetative	vegetative	flowering	dead_nf	FALSE	0	0
5D242	NA	ST	2020-07-10T00:00:00Z	5	D	242	1	34	11	2	0	NA	NA	NA	NA	NA	NA	NA	NA	NA	NA	NA	NA	NA	NA	NA	NA	NA	NA	NA	5D	192	2020				NA	vegetative > vegetative > flowering	vegetative	vegetative	flowering	dead_nf	FALSE	0	0
5D268	NA	ST	2020-07-10T00:00:00Z	5	D	268	1	37	1	0	0	NA	NA	NA	NA	NA	NA	NA	NA	NA	NA	NA	NA	NA	NA	NA	NA	NA	NA	NA	5D	192	2020				NA	vegetative > vegetative > flowering	vegetative	vegetative	flowering	dead_nf	FALSE	0	0
5D274	NA	ST	2020-07-10T00:00:00Z	5	D	274	1	37	9	3	0	NA	NA	NA	NA	NA	NA	NA	NA	NA	NA	NA	NA	NA	NA	NA	NA	NA	NA	NA	5D	192	2020				NA	vegetative > vegetative > flowering	vegetative	vegetative	flowering	vegetative	FALSE	0	1
5D269_20	NA	ST	2020-07-10T00:00:00Z	5	D	269_20	1	34	2	2	0	NA	NA	NA	NA	NA	NA	NA	NA	NA	NA	NA	NA	NA	NA	NA	NA	NA	NA	NA	5D	192	2020		census20 pheno20 floral20 volatiles20 seeds20		NA	vegetative > dead_nf > dead_nf	vegetative	dead_nf	dead_nf	dead_nf	TRUE	0	0
2C277	this had 12 little tiny stems off of one large one	ST	2020-07-10T00:00:00Z	2	C	277	1	24	3	2	0	NA	NA	NA	NA	NA	NA	NA	NA	NA	NA	NA	NA	NA	NA	NA	NA	NA	NA	NA	2C	192	2020				NA	vegetative > vegetative > flowering	vegetative	vegetative	flowering	dead_nf	FALSE	0	0
3A278	NA	JP	2020-07-10T00:00:00Z	3	A	278	1	41	6	5	0	NA	NA	NA	NA	NA	NA	NA	NA	NA	NA	NA	NA	NA	NA	NA	NA	NA	NA	NA	3A	192	2020				NA	vegetative > vegetative > flowering	vegetative	vegetative	flowering	dead_nf	FALSE	0	0
3A125	NA	JP	2020-07-10T00:00:00Z	3	A	125	1	36	6	4	1	NA	NA	NA	NA	NA	NA	NA	NA	NA	NA	NA	NA	NA	NA	NA	NA	NA	NA	NA	3A	192	2020				NA	vegetative > vegetative > flowering	vegetative	vegetative	flowering	dead_nf	FALSE	0	0
3A638	NA	JP	2020-07-10T00:00:00Z	3	A	638	1	63	9	1	2	NA	NA	NA	NA	NA	NA	NA	NA	NA	NA	NA	NA	NA	NA	NA	NA	NA	NA	NA	3A	192	2020				NA	vegetative > vegetative > flowering	vegetative	vegetative	flowering	dead_nf	FALSE	0	0
3B621	NA	JP	2020-07-10T00:00:00Z	3	B	621	1	48	2	1	0	NA	NA	NA	NA	NA	NA	NA	NA	NA	NA	NA	NA	NA	NA	NA	NA	NA	NA	NA	3B	192	2020				NA	vegetative > vegetative > flowering	vegetative	vegetative	flowering	dead_nf	FALSE	0	0
3B831	NA	JP	2020-07-10T00:00:00Z	3	B	831	1	38	5	0	0	NA	NA	NA	NA	NA	NA	NA	NA	NA	NA	NA	NA	NA	NA	NA	NA	NA	NA	NA	3B	192	2020				NA	vegetative > vegetative > flowering	vegetative	vegetative	flowering	dead_nf	FALSE	0	0
3B228	NA	JP	2020-07-10T00:00:00Z	3	B	228	4	27	2	1	0	NA	NA	NA	NA	NA	NA	NA	NA	NA	NA	NA	NA	NA	NA	NA	NA	NA	NA	NA	3B	192	2020				NA	NA	NA	NA	NA	NA	FALSE	NA	NA
3C133	curly stalk - this is the strsightened length	JP	2020-07-10T00:00:00Z	3	C	133	1	38	3	1	0	NA	NA	NA	NA	NA	NA	NA	NA	NA	NA	NA	NA	NA	NA	NA	NA	NA	NA	NA	3C	192	2020				NA	vegetative > vegetative > flowering	vegetative	vegetative	flowering	vegetative	FALSE	0	1
3C139	NA	JP	2020-07-10T00:00:00Z	3	C	139	1	43	2	1	0	NA	NA	NA	NA	NA	NA	NA	NA	NA	NA	NA	NA	NA	NA	NA	NA	NA	NA	NA	3C	192	2020				NA	vegetative > vegetative > flowering	vegetative	vegetative	flowering	dead_nf	FALSE	0	0
3C137	NA	JP	2020-07-10T00:00:00Z	3	C	137	3	29	1	1	0	NA	NA	NA	NA	NA	NA	NA	NA	NA	NA	NA	NA	NA	NA	NA	NA	NA	NA	NA	3C	192	2020				NA	vegetative > vegetative > flowering	vegetative	vegetative	flowering	dead_nf	FALSE	0	0
3C153	NA	JP	2020-07-10T00:00:00Z	3	C	153	5	19	0	1	0	NA	NA	NA	NA	NA	NA	NA	NA	NA	NA	NA	NA	NA	NA	NA	NA	NA	NA	NA	3C	192	2020				NA	vegetative > vegetative > flowering	vegetative	vegetative	flowering	dead_nf	FALSE	0	0
3C154	NA	JP	2020-07-10T00:00:00Z	3	C	154	1	29	0	1	0	NA	NA	NA	NA	NA	NA	NA	NA	NA	NA	NA	NA	NA	NA	NA	NA	NA	NA	NA	3C	192	2020				NA	vegetative > vegetative > flowering	vegetative	vegetative	flowering	dead_nf	FALSE	0	0
3C125_20	NA	JP	2020-07-10T00:00:00Z	3	C	125_20	1	31	1	0	0	NA	NA	NA	NA	NA	NA	NA	NA	NA	NA	NA	NA	NA	NA	NA	NA	NA	NA	NA	3C	192	2020		pheno20		NA	vegetative > vegetative > dead_nf	vegetative	vegetative	dead_nf	dead_nf	TRUE	0	0
3C171_20	NA	JP	2020-07-10T00:00:00Z	3	C	171_20	1	50	8	4	1	NA	NA	NA	NA	NA	NA	NA	NA	NA	NA	NA	NA	NA	NA	NA	NA	NA	NA	NA	3C	192	2020		pheno20		NA	flowering > dead_nf > dead_nf	flowering	dead_nf	dead_nf	dead_nf	TRUE	0	0
3C169	NA	JP	2020-07-10T00:00:00Z	3	C	169	1	27	1	0	0	NA	NA	NA	NA	NA	NA	NA	NA	NA	NA	NA	NA	NA	NA	NA	NA	NA	NA	NA	3C	192	2020		pheno19		NA	vegetative > vegetative > flowering	vegetative	vegetative	flowering	dead_nf	FALSE	0	0
3C173	NA	JP	2020-07-10T00:00:00Z	3	C	173	2	35	2	1	0	NA	NA	NA	NA	NA	NA	NA	NA	NA	NA	NA	NA	NA	NA	NA	NA	NA	NA	NA	3C	192	2020		pheno19		NA	vegetative > vegetative > flowering	vegetative	vegetative	flowering	dead_nf	FALSE	0	0
3C131	NA	JP	2020-07-10T00:00:00Z	3	C	131	2	32	2	0	0	NA	NA	NA	NA	NA	NA	NA	NA	NA	NA	NA	NA	NA	NA	NA	NA	NA	NA	NA	3C	192	2020				NA	vegetative > flowering > flowering	vegetative	flowering	flowering	dead_nf	FALSE	0	0
3C26	tiny rosette	JP	2020-07-10T00:00:00Z	3	C	26	1	17	5	0	0	NA	NA	NA	NA	NA	NA	NA	NA	NA	NA	NA	NA	NA	NA	NA	NA	NA	NA	NA	3C	192	2020				NA	NA	NA	NA	NA	NA	FALSE	NA	NA
3D886	NA	JP	2020-07-10T00:00:00Z	3	D	886	2	34	1	1	0	3	0	0	NA	NA	NA	NA	NA	NA	NA	NA	NA	NA	NA	NA	NA	NA	NA	NA	3D	192	2020				NA	vegetative > vegetative > flowering	vegetative	vegetative	flowering	dead_nf	FALSE	0	0
3D895	NA	JP	2020-07-10T00:00:00Z	3	D	895	1	26	0	0	0	NA	NA	NA	NA	NA	NA	NA	NA	NA	NA	NA	NA	NA	NA	NA	NA	NA	NA	NA	3D	192	2020				NA	vegetative > vegetative > flowering	vegetative	vegetative	flowering	flowering	FALSE	1	1
3D76	NA	JP	2020-07-10T00:00:00Z	3	D	76	1	26	1	1	0	NA	NA	NA	NA	NA	NA	NA	NA	NA	NA	NA	NA	NA	NA	NA	NA	NA	NA	NA	3D	192	2020				NA	NA	NA	NA	NA	NA	FALSE	NA	NA
3D881	NA	JP	2020-07-10T00:00:00Z	3	D	881	1	30	4	2	0	NA	NA	NA	NA	NA	NA	NA	NA	NA	NA	NA	NA	NA	NA	NA	NA	NA	NA	NA	3D	192	2020				NA	vegetative > vegetative > flowering	vegetative	vegetative	flowering	dead_nf	FALSE	0	0
3D875	NA	JP	2020-07-10T00:00:00Z	3	D	875	3	36	1	1	0	2	0	0	NA	NA	NA	NA	NA	NA	NA	NA	NA	NA	NA	NA	NA	NA	NA	NA	3D	192	2020				NA	vegetative > vegetative > flowering	vegetative	vegetative	flowering	dead_nf	FALSE	0	0
3D851	NA	JP	2020-07-10T00:00:00Z	3	D	851	1	19	3	0	0	NA	NA	NA	NA	NA	NA	NA	NA	NA	NA	NA	NA	NA	NA	NA	NA	NA	NA	NA	3D	192	2020				NA	vegetative > vegetative > flowering	vegetative	vegetative	flowering	dead_nf	FALSE	0	0
3D840	NA	JP	2020-07-10T00:00:00Z	3	D	840	2	19	1	1	0	NA	NA	NA	NA	NA	NA	NA	NA	NA	NA	NA	NA	NA	NA	NA	NA	NA	NA	NA	3D	192	2020				NA	vegetative > vegetative > flowering	vegetative	vegetative	flowering	dead_nf	FALSE	0	0
2A94	NA	JP	2020-07-10T00:00:00Z	2	A	94	1	36	7	2	0	NA	NA	NA	NA	NA	NA	NA	NA	NA	NA	NA	NA	NA	NA	NA	NA	NA	NA	NA	2A	192	2020				NA	no_record > vegetative > flowering	no_record	vegetative	flowering	dead_nf	FALSE	0	0
2A285	NA	JP	2020-07-10T00:00:00Z	2	A	285	1	44	6	0	0	NA	NA	NA	NA	NA	NA	NA	NA	NA	NA	NA	NA	NA	NA	NA	NA	NA	NA	NA	2A	192	2020				NA	vegetative > vegetative > flowering	vegetative	vegetative	flowering	dead_nf	FALSE	0	0
2A587	NA	JP	2020-07-10T00:00:00Z	2	A	587	1	39	4	0	0	NA	NA	NA	NA	NA	NA	NA	NA	NA	NA	NA	NA	NA	NA	NA	NA	NA	NA	NA	2A	192	2020				NA	NA	NA	NA	NA	NA	FALSE	NA	NA
2A694	NA	JP	2020-07-10T00:00:00Z	2	A	694	1	41	2	2	0	NA	NA	NA	NA	NA	NA	NA	NA	NA	NA	NA	NA	NA	NA	NA	NA	NA	NA	NA	2A	192	2020			pheno20 floral20 volatiles20	2A694	NA	NA	NA	NA	NA	TRUE	NA	NA
2B138	NA	JP	2020-07-10T00:00:00Z	2	B	138	1	36	1	0	0	NA	NA	NA	NA	NA	NA	NA	NA	NA	NA	NA	NA	NA	NA	NA	NA	NA	NA	NA	2B	192	2020				NA	vegetative > vegetative > flowering	vegetative	vegetative	flowering	dead_nf	FALSE	0	0
2B86	duplicate for this day	JP	2020-07-10T00:00:00Z	2	B	86	1	33	0	1	0	NA	NA	NA	NA	NA	NA	NA	NA	NA	NA	NA	NA	NA	NA	NA	NA	NA	NA	NA	2B	192	2020				NA	vegetative > vegetative > flowering	vegetative	vegetative	flowering	dead_nf	FALSE	0	0
2B83	NA	JP	2020-07-10T00:00:00Z	2	B	83	1	29	0	1	0	NA	NA	NA	NA	NA	NA	NA	NA	NA	NA	NA	NA	NA	NA	NA	NA	NA	NA	NA	2B	192	2020				NA	vegetative > vegetative > flowering	vegetative	vegetative	flowering	dead_nf	FALSE	0	0
2B195_20	1 round big egg (not fly egg)	JP	2020-07-10T00:00:00Z	2	B	195_20	1	34	4	0	0	NA	NA	NA	NA	NA	NA	NA	NA	NA	NA	NA	NA	NA	NA	NA	NA	NA	NA	NA	2B	192	2020		census20 pheno20 floral20 volatiles20 seeds20		NA	flowering > dead_nf > dead_nf	flowering	dead_nf	dead_nf	dead_nf	TRUE	0	0
2B290	Data summed for inflos 6-10	JP	2020-07-10T00:00:00Z	2	B	290	11	29	1	0	0	3	0	0	1	1	0	1	0	0	1	0	0	10	2	0	NA	NA	NA	NA	2B	192	2020				NA	NA	NA	NA	NA	NA	FALSE	NA	NA
2B92	NA	JP	2020-07-10T00:00:00Z	2	B	92	1	25	5	1	0	NA	NA	NA	NA	NA	NA	NA	NA	NA	NA	NA	NA	NA	NA	NA	NA	NA	NA	NA	2B	192	2020				NA	vegetative > flowering > flowering	vegetative	flowering	flowering	dead_nf	FALSE	0	0
2B97	NA	JP	2020-07-10T00:00:00Z	2	B	97	1	33	6	0	0	NA	NA	NA	NA	NA	NA	NA	NA	NA	NA	NA	NA	NA	NA	NA	NA	NA	NA	NA	2B	192	2020				NA	vegetative > vegetative > flowering	vegetative	vegetative	flowering	dead_nf	FALSE	0	0
2B180	NA	JP	2020-07-10T00:00:00Z	2	B	180	1	37	4	1	0	NA	NA	NA	NA	NA	NA	NA	NA	NA	NA	NA	NA	NA	NA	NA	NA	NA	NA	NA	2B	192	2020				NA	vegetative > vegetative > flowering	vegetative	vegetative	flowering	vegetative	FALSE	0	1
2B89	NA	JP	2020-07-10T00:00:00Z	2	B	89	1	28	1	0	0	NA	NA	NA	NA	NA	NA	NA	NA	NA	NA	NA	NA	NA	NA	NA	NA	NA	NA	NA	2B	192	2020				NA	vegetative > vegetative > flowering	vegetative	vegetative	flowering	dead_nf	FALSE	0	0
2B85	NA	JP	2020-07-10T00:00:00Z	2	B	85	1	27	1	0	0	NA	NA	NA	NA	NA	NA	NA	NA	NA	NA	NA	NA	NA	NA	NA	NA	NA	NA	NA	2B	192	2020				NA	vegetative > vegetative > flowering	vegetative	vegetative	flowering	dead_nf	FALSE	0	0
2B86	duplicate for this day	JP	2020-07-10T00:00:00Z	2	B	86	1	31	1	1	0	NA	NA	NA	NA	NA	NA	NA	NA	NA	NA	NA	NA	NA	NA	NA	NA	NA	NA	NA	2B	192	2020				NA	vegetative > vegetative > flowering	vegetative	vegetative	flowering	dead_nf	FALSE	0	0
2A94	NA	ST	2020-07-17T00:00:00Z	2	A	94	1	36	1	0	0	NA	NA	NA	NA	NA	NA	NA	NA	NA	NA	NA	NA	NA	NA	NA	NA	NA	NA	NA	2A	199	2020				NA	no_record > vegetative > flowering	no_record	vegetative	flowering	dead_nf	FALSE	0	0
2A285	NA	ST	2020-07-17T00:00:00Z	2	A	285	1	43	1	0	0	NA	NA	NA	NA	NA	NA	NA	NA	NA	NA	NA	NA	NA	NA	NA	NA	NA	NA	NA	2A	199	2020				NA	vegetative > vegetative > flowering	vegetative	vegetative	flowering	dead_nf	FALSE	0	0
2A589	NA	ST	2020-07-17T00:00:00Z	2	A	589	1	42	1	0	0	NA	NA	NA	NA	NA	NA	NA	NA	NA	NA	NA	NA	NA	NA	NA	NA	NA	NA	NA	2A	199	2020				NA	vegetative > vegetative > flowering	vegetative	vegetative	flowering	dead_nf	FALSE	0	0
2A694	NA	ST	2020-07-17T00:00:00Z	2	A	694	1	40	1	1	2	NA	NA	NA	NA	NA	NA	NA	NA	NA	NA	NA	NA	NA	NA	NA	NA	NA	NA	NA	2A	199	2020				NA	vegetative > vegetative > flowering	vegetative	vegetative	flowering	dead_nf	FALSE	0	0
2B189	NA	ST	2020-07-17T00:00:00Z	2	B	189	1	25	2	0	2	NA	NA	NA	NA	NA	NA	NA	NA	NA	NA	NA	NA	NA	NA	NA	NA	NA	NA	NA	2B	199	2020				NA	vegetative > vegetative > flowering	vegetative	vegetative	flowering	dead_nf	FALSE	0	0
2B178	NA	ST	2020-07-17T00:00:00Z	2	B	178	1	19	1	0	0	NA	NA	NA	NA	NA	NA	NA	NA	NA	NA	NA	NA	NA	NA	NA	NA	NA	NA	NA	2B	199	2020				NA	vegetative > vegetative > flowering	vegetative	vegetative	flowering	vegetative	FALSE	0	1
2B195_20	NA	ST	2020-07-17T00:00:00Z	2	B	195_20	1	33	3	0	0	NA	NA	NA	NA	NA	NA	NA	NA	NA	NA	NA	NA	NA	NA	NA	NA	NA	NA	NA	2B	199	2020		census20 pheno20 floral20 volatiles20 seeds20		NA	flowering > dead_nf > dead_nf	flowering	dead_nf	dead_nf	dead_nf	TRUE	0	0
2B188	NA	ST	2020-07-17T00:00:00Z	2	B	188	2	36	1	1	0	1	0	0	NA	NA	NA	NA	NA	NA	NA	NA	NA	NA	NA	NA	NA	NA	NA	NA	2B	199	2020				NA	vegetative > vegetative > flowering	vegetative	vegetative	flowering	vegetative	FALSE	0	1
2B186	NA	ST	2020-07-17T00:00:00Z	2	B	186	1	27	2	1	2	NA	NA	NA	NA	NA	NA	NA	NA	NA	NA	NA	NA	NA	NA	NA	NA	NA	NA	NA	2B	199	2020				NA	vegetative > vegetative > flowering	vegetative	vegetative	flowering	vegetative	FALSE	0	1
2B92	NA	ST	2020-07-17T00:00:00Z	2	B	92	1	25	1	1	0	NA	NA	NA	NA	NA	NA	NA	NA	NA	NA	NA	NA	NA	NA	NA	NA	NA	NA	NA	2B	199	2020				NA	vegetative > flowering > flowering	vegetative	flowering	flowering	dead_nf	FALSE	0	0
2B97	NA	ST	2020-07-17T00:00:00Z	2	B	97	1	26	3	0	0	NA	NA	NA	NA	NA	NA	NA	NA	NA	NA	NA	NA	NA	NA	NA	NA	NA	NA	NA	2B	199	2020				NA	vegetative > vegetative > flowering	vegetative	vegetative	flowering	dead_nf	FALSE	0	0
2B180	NA	ST	2020-07-17T00:00:00Z	2	B	180	1	41	4	1	0	NA	NA	NA	NA	NA	NA	NA	NA	NA	NA	NA	NA	NA	NA	NA	NA	NA	NA	NA	2B	199	2020				NA	vegetative > vegetative > flowering	vegetative	vegetative	flowering	vegetative	FALSE	0	1
2B184	NA	ST	2020-07-17T00:00:00Z	2	B	184	1	32	8	1	1	NA	NA	NA	NA	NA	NA	NA	NA	NA	NA	NA	NA	NA	NA	NA	NA	NA	NA	NA	2B	199	2020				NA	vegetative > vegetative > flowering	vegetative	vegetative	flowering	flowering	FALSE	1	1
2B83	NA	ST	2020-07-17T00:00:00Z	2	B	83	1	33	2	4	0	NA	NA	NA	NA	NA	NA	NA	NA	NA	NA	NA	NA	NA	NA	NA	NA	NA	NA	NA	2B	199	2020				NA	vegetative > vegetative > flowering	vegetative	vegetative	flowering	dead_nf	FALSE	0	0
2B89	NA	ST	2020-07-17T00:00:00Z	2	B	89	1	29	3	0	0	NA	NA	NA	NA	NA	NA	NA	NA	NA	NA	NA	NA	NA	NA	NA	NA	NA	NA	NA	2B	199	2020				NA	vegetative > vegetative > flowering	vegetative	vegetative	flowering	dead_nf	FALSE	0	0
2B85	NA	ST	2020-07-17T00:00:00Z	2	B	85	1	28	2	0	0	NA	NA	NA	NA	NA	NA	NA	NA	NA	NA	NA	NA	NA	NA	NA	NA	NA	NA	NA	2B	199	2020				NA	vegetative > vegetative > flowering	vegetative	vegetative	flowering	dead_nf	FALSE	0	0
2B81	NA	ST	2020-07-17T00:00:00Z	2	B	81	1	28	5	0	1	NA	NA	NA	NA	NA	NA	NA	NA	NA	NA	NA	NA	NA	NA	NA	NA	NA	NA	NA	2B	199	2020				NA	vegetative > vegetative > flowering	vegetative	vegetative	flowering	dead_nf	FALSE	0	0
2B86	NA	ST	2020-07-17T00:00:00Z	2	B	86	1	34	5	0	0	NA	NA	NA	NA	NA	NA	NA	NA	NA	NA	NA	NA	NA	NA	NA	NA	NA	NA	NA	2B	199	2020				NA	vegetative > vegetative > flowering	vegetative	vegetative	flowering	dead_nf	FALSE	0	0
1A243	NA	AP	2020-07-17T00:00:00Z	1	A	243	1	29	11	5	0	NA	NA	NA	NA	NA	NA	NA	NA	NA	NA	NA	NA	NA	NA	NA	NA	NA	NA	NA	1A	199	2020				NA	vegetative > vegetative > flowering	vegetative	vegetative	flowering	dead_nf	FALSE	0	0
1A244	NA	AP	2020-07-17T00:00:00Z	1	A	244	2	28	0	1	0	3	0	0	NA	NA	NA	NA	NA	NA	NA	NA	NA	NA	NA	NA	NA	NA	NA	NA	1A	199	2020				NA	vegetative > vegetative > flowering	vegetative	vegetative	flowering	flowering	FALSE	1	1
1A246	NA	AP	2020-07-17T00:00:00Z	1	A	246	1	34	1	0	0	NA	NA	NA	NA	NA	NA	NA	NA	NA	NA	NA	NA	NA	NA	NA	NA	NA	NA	NA	1A	199	2020				NA	vegetative > flowering > flowering	vegetative	flowering	flowering	dead_nf	FALSE	0	0
1A255	NA	AP	2020-07-17T00:00:00Z	1	A	255	1	34	2	0	0	NA	NA	NA	NA	NA	NA	NA	NA	NA	NA	NA	NA	NA	NA	NA	NA	NA	NA	NA	1A	199	2020				NA	vegetative > vegetative > flowering	vegetative	vegetative	flowering	vegetative	FALSE	0	1
1A257	NA	AP	2020-07-17T00:00:00Z	1	A	257	1	31	1	2	0	NA	NA	NA	NA	NA	NA	NA	NA	NA	NA	NA	NA	NA	NA	NA	NA	NA	NA	NA	1A	199	2020				NA	vegetative > vegetative > flowering	vegetative	vegetative	flowering	dead_nf	FALSE	0	0
1A251	NA	AP	2020-07-17T00:00:00Z	1	A	251	1	36	4	0	1	NA	NA	NA	NA	NA	NA	NA	NA	NA	NA	NA	NA	NA	NA	NA	NA	NA	NA	NA	1A	199	2020				NA	vegetative > vegetative > flowering	vegetative	vegetative	flowering	vegetative	FALSE	0	1
1A250	NA	AP	2020-07-17T00:00:00Z	1	A	250	3	24	0	0	0	2	2	0	0	0	0	NA	NA	NA	NA	NA	NA	NA	NA	NA	NA	NA	NA	NA	1A	199	2020				NA	vegetative > vegetative > flowering	vegetative	vegetative	flowering	dead_nf	FALSE	0	0
1A235	NA	AP	2020-07-17T00:00:00Z	1	A	235	1	29	6	1	0	NA	NA	NA	NA	NA	NA	NA	NA	NA	NA	NA	NA	NA	NA	NA	NA	NA	NA	NA	1A	199	2020		floral18		NA	vegetative > vegetative > flowering	vegetative	vegetative	flowering	dead_nf	FALSE	0	0
1A233	NA	AP	2020-07-17T00:00:00Z	1	A	233	1	35	1	4	1	NA	NA	NA	NA	NA	NA	NA	NA	NA	NA	NA	NA	NA	NA	NA	NA	NA	NA	NA	1A	199	2020				NA	vegetative > vegetative > flowering	vegetative	vegetative	flowering	dead_nf	FALSE	0	0
1A230	NA	AP	2020-07-17T00:00:00Z	1	A	230	1	32	3	2	1	NA	NA	NA	NA	NA	NA	NA	NA	NA	NA	NA	NA	NA	NA	NA	NA	NA	NA	NA	1A	199	2020				NA	vegetative > vegetative > flowering	vegetative	vegetative	flowering	dead_nf	FALSE	0	0
1A231	NA	AP	2020-07-17T00:00:00Z	1	A	231	1	50	5	1	0	NA	NA	NA	NA	NA	NA	NA	NA	NA	NA	NA	NA	NA	NA	NA	NA	NA	NA	NA	1A	199	2020				NA	vegetative > vegetative > flowering	vegetative	vegetative	flowering	flowering	FALSE	1	1
1A240	NA	AP	2020-07-17T00:00:00Z	1	A	240	1	27	1	1	0	NA	NA	NA	NA	NA	NA	NA	NA	NA	NA	NA	NA	NA	NA	NA	NA	NA	NA	NA	1A	199	2020				NA	vegetative > vegetative > flowering	vegetative	vegetative	flowering	dead_nf	FALSE	0	0
1B658	NA	AP	2020-07-17T00:00:00Z	1	B	658	1	33	0	0	0	NA	NA	NA	NA	NA	NA	NA	NA	NA	NA	NA	NA	NA	NA	NA	NA	NA	NA	Plant stem broke	1B	199	2020				NA	vegetative > vegetative > flowering	vegetative	vegetative	flowering	dead_nf	FALSE	0	0
1B656	NA	AP	2020-07-17T00:00:00Z	1	B	656	1	25	0	1	1	NA	NA	NA	NA	NA	NA	NA	NA	NA	NA	NA	NA	NA	NA	NA	NA	NA	NA	NA	1B	199	2020				NA	vegetative > vegetative > flowering	vegetative	vegetative	flowering	dead_nf	FALSE	0	0
1B672	NA	AP	2020-07-17T00:00:00Z	1	B	672	1	33	6	2	5	NA	NA	NA	NA	NA	NA	NA	NA	NA	NA	NA	NA	NA	NA	NA	NA	NA	NA	NA	1B	199	2020				NA	vegetative > vegetative > flowering	vegetative	vegetative	flowering	dead_nf	FALSE	0	0
1B653	NA	AP	2020-07-17T00:00:00Z	1	B	653	1	24	1	0	1	NA	NA	NA	NA	NA	NA	NA	NA	NA	NA	NA	NA	NA	NA	NA	NA	NA	NA	NA	1B	199	2020				NA	vegetative > vegetative > flowering	vegetative	vegetative	flowering	dead_nf	FALSE	0	0
1B649	NA	AP	2020-07-17T00:00:00Z	1	B	649	1	30	5	4	1	NA	NA	NA	NA	NA	NA	NA	NA	NA	NA	NA	NA	NA	NA	NA	NA	NA	NA	one part of inflor. broke	1B	199	2020				NA	vegetative > vegetative > flowering	vegetative	vegetative	flowering	dead_nf	FALSE	0	0
1B650	Albino Ipo. !	AP	2020-07-17T00:00:00Z	1	B	650	1	22	1	2	0	NA	NA	NA	NA	NA	NA	NA	NA	NA	NA	NA	NA	NA	NA	NA	NA	NA	NA	NA	1B	199	2020				NA	vegetative > vegetative > flowering	vegetative	vegetative	flowering	dead_nf	FALSE	0	0
1C63	NA	AP	2020-07-17T00:00:00Z	1	C	63	1	36	1	1	0	NA	NA	NA	NA	NA	NA	NA	NA	NA	NA	NA	NA	NA	NA	NA	NA	NA	NA	NA	1C	199	2020				NA	vegetative > vegetative > flowering	vegetative	vegetative	flowering	dead_nf	FALSE	0	0
1C64	NA	AP	2020-07-17T00:00:00Z	1	C	64	2	38	1	0	0	1	0	0	NA	NA	NA	NA	NA	NA	NA	NA	NA	NA	NA	NA	NA	NA	NA	NA	1C	199	2020				NA	vegetative > vegetative > flowering	vegetative	vegetative	flowering	dead_nf	FALSE	0	0
1C60	NA	AP	2020-07-17T00:00:00Z	1	C	60	7	39	3	1	1	5	0	0	4	1	0	NA	NA	NA	NA	NA	NA	NA	NA	NA	NA	NA	NA	NA	1C	199	2020				NA	vegetative > vegetative > flowering	vegetative	vegetative	flowering	dead_nf	FALSE	0	0
1C46	NA	AP	2020-07-17T00:00:00Z	1	C	46	2	25	2	0	1	0	1	0	NA	NA	NA	NA	NA	NA	NA	NA	NA	NA	NA	NA	NA	NA	NA	NA	1C	199	2020				NA	vegetative > vegetative > flowering	vegetative	vegetative	flowering	dead_nf	FALSE	0	0
1C54	NA	AP	2020-07-17T00:00:00Z	1	C	54	1	43	1	0	0	NA	NA	NA	NA	NA	NA	NA	NA	NA	NA	NA	NA	NA	NA	NA	NA	NA	NA	NA	1C	199	2020				NA	vegetative > vegetative > flowering	vegetative	vegetative	flowering	dead_nf	FALSE	0	0
1D37	NA	AP	2020-07-17T00:00:00Z	1	D	37	1	26	1	0	0	NA	NA	NA	NA	NA	NA	NA	NA	NA	NA	NA	NA	NA	NA	NA	NA	NA	NA	NA	1D	199	2020				NA	vegetative > vegetative > flowering	vegetative	vegetative	flowering	dead_nf	FALSE	0	0
1D33	NA	AP	2020-07-17T00:00:00Z	1	D	33	1	39	4	2	0	NA	NA	NA	NA	NA	NA	NA	NA	NA	NA	NA	NA	NA	NA	NA	NA	NA	NA	NA	1D	199	2020				NA	vegetative > vegetative > flowering	vegetative	vegetative	flowering	dead_nf	FALSE	0	0
1D9	NA	AP	2020-07-17T00:00:00Z	1	D	9	2	29	4	1	1	0	0	0	NA	NA	NA	NA	NA	NA	NA	NA	NA	NA	NA	NA	NA	NA	NA	NA	1D	199	2020				NA	vegetative > vegetative > flowering	vegetative	vegetative	flowering	dead_nf	FALSE	0	0
1D17	NA	AP	2020-07-17T00:00:00Z	1	D	17	3	30	3	2	0	1	0	0	0	0	0	NA	NA	NA	NA	NA	NA	NA	NA	NA	NA	NA	NA	NA	1D	199	2020				NA	vegetative > vegetative > flowering	vegetative	vegetative	flowering	dead_nf	FALSE	0	0
1D20	NA	AP	2020-07-17T00:00:00Z	1	D	20	1	41	2	1	0	NA	NA	NA	NA	NA	NA	NA	NA	NA	NA	NA	NA	NA	NA	NA	NA	NA	NA	NA	1D	199	2020				NA	vegetative > vegetative > flowering	vegetative	vegetative	flowering	dead_nf	FALSE	0	0
1D24	NA	AP	2020-07-17T00:00:00Z	1	D	24	1	38	1	1	0	NA	NA	NA	NA	NA	NA	NA	NA	NA	NA	NA	NA	NA	NA	NA	NA	NA	NA	NA	1D	199	2020				NA	vegetative > vegetative > flowering	vegetative	vegetative	flowering	dead_nf	FALSE	0	0
1D5_20	NA	AP	2020-07-17T00:00:00Z	1	D	5_20	1	27	0	0	0	NA	NA	NA	NA	NA	NA	NA	NA	NA	NA	NA	NA	NA	NA	NA	NA	NA	NA	NA	1D	199	2020		census20 pheno20 floral20 seeds20		NA	vegetative > flowering > dead_nf	vegetative	flowering	dead_nf	dead_nf	TRUE	0	0
1D12	NA	AP	2020-07-17T00:00:00Z	1	D	12	1	43	8	2	4	NA	NA	NA	NA	NA	NA	NA	NA	NA	NA	NA	NA	NA	NA	NA	NA	NA	NA	NA	1D	199	2020				NA	vegetative > vegetative > flowering	vegetative	vegetative	flowering	flowering	FALSE	1	1
2C274	NA	AP	2020-07-17T00:00:00Z	2	C	274	2	30	2	1	0	2	1	0	NA	NA	NA	NA	NA	NA	NA	NA	NA	NA	NA	NA	NA	NA	NA	NA	2C	199	2020				NA	vegetative > vegetative > flowering	vegetative	vegetative	flowering	dead_nf	FALSE	0	0
2C277	NA	AP	2020-07-17T00:00:00Z	2	C	277	1	24	8	5	0	NA	NA	NA	NA	NA	NA	NA	NA	NA	NA	NA	NA	NA	NA	NA	NA	NA	NA	NA	2C	199	2020				NA	vegetative > vegetative > flowering	vegetative	vegetative	flowering	dead_nf	FALSE	0	0
2C270	NA	AP	2020-07-17T00:00:00Z	2	C	270	1	25	0	0	0	NA	NA	NA	NA	NA	NA	NA	NA	NA	NA	NA	NA	NA	NA	NA	NA	NA	NA	NA	2C	199	2020				NA	vegetative > vegetative > flowering	vegetative	vegetative	flowering	dead_nf	FALSE	0	0
2C262	NA	AP	2020-07-17T00:00:00Z	2	C	262	7	24	1	0	0	0	0	0	0	0	0	NA	NA	NA	NA	NA	NA	NA	NA	NA	NA	NA	NA	NA	2C	199	2020				NA	vegetative > vegetative > flowering	vegetative	vegetative	flowering	dead_nf	FALSE	0	0
2C297_20	NA	AP	2020-07-17T00:00:00Z	2	C	297_20	1	24	2	0	0	NA	NA	NA	NA	NA	NA	NA	NA	NA	NA	NA	NA	NA	NA	NA	NA	NA	NA	NA	2C	199	2020		census20 pheno20 floral20 volatiles20 seeds20		NA	vegetative > dead_nf > dead_nf	vegetative	dead_nf	dead_nf	dead_nf	TRUE	0	0
2C289	NA	AP	2020-07-17T00:00:00Z	2	C	289	4	24	1	0	0	1	1	0	2	0	0	NA	NA	NA	NA	NA	NA	NA	NA	NA	NA	NA	NA	NA	2C	199	2020				NA	vegetative > vegetative > flowering	vegetative	vegetative	flowering	dead_nf	FALSE	0	0
2C292	NA	AP	2020-07-17T00:00:00Z	2	C	292	1	35	1	0	1	NA	NA	NA	NA	NA	NA	NA	NA	NA	NA	NA	NA	NA	NA	NA	NA	NA	NA	NA	2C	199	2020				NA	vegetative > vegetative > flowering	vegetative	vegetative	flowering	vegetative	FALSE	0	1
2C293	NA	AP	2020-07-17T00:00:00Z	2	C	293	1	30	1	0	1	NA	NA	NA	NA	NA	NA	NA	NA	NA	NA	NA	NA	NA	NA	NA	NA	NA	NA	NA	2C	199	2020				NA	vegetative > vegetative > flowering	vegetative	vegetative	flowering	dead_nf	FALSE	0	0
6A165	NA	XL	2020-07-10T00:00:00Z	6	A	165	1	42	7	0	0	NA	NA	NA	NA	NA	NA	NA	NA	NA	NA	NA	NA	NA	NA	NA	NA	NA	NA	NA	6A	192	2020				NA	vegetative > vegetative > flowering	vegetative	vegetative	flowering	dead_nf	FALSE	0	0
6A685	NA	XL	2020-07-10T00:00:00Z	6	A	685	2	39	7	1	1	9	3	0	NA	NA	NA	NA	NA	NA	NA	NA	NA	NA	NA	NA	NA	NA	NA	NA	6A	192	2020				NA	vegetative > vegetative > flowering	vegetative	vegetative	flowering	dead_nf	FALSE	0	0
6A169	NA	XL	2020-07-10T00:00:00Z	6	A	169	3	38	1	1	0	4	0	0	7	0	1	NA	NA	NA	NA	NA	NA	NA	NA	NA	NA	NA	NA	NA	6A	192	2020				NA	vegetative > vegetative > flowering	vegetative	vegetative	flowering	vegetative	FALSE	0	1
6A138	NA	XL	2020-07-10T00:00:00Z	6	A	138	1	38	1	0	0	NA	NA	NA	NA	NA	NA	NA	NA	NA	NA	NA	NA	NA	NA	NA	NA	NA	NA	NA	6A	192	2020				NA	vegetative > vegetative > flowering	vegetative	vegetative	flowering	dead_nf	FALSE	0	0
6A136	NA	XL	2020-07-10T00:00:00Z	6	A	136	3	42	1	0	1	1	2	0	2	2	0	NA	NA	NA	NA	NA	NA	NA	NA	NA	NA	NA	NA	NA	6A	192	2020				NA	vegetative > vegetative > flowering	vegetative	vegetative	flowering	dead_nf	FALSE	0	0
6B266	NA	XL	2020-07-10T00:00:00Z	6	B	266	1	49	5	1	0	NA	NA	NA	NA	NA	NA	NA	NA	NA	NA	NA	NA	NA	NA	NA	NA	NA	NA	NA	6B	192	2020				NA	vegetative > vegetative > flowering	vegetative	vegetative	flowering	dead_nf	FALSE	0	0
6B243	NA	XL	2020-07-10T00:00:00Z	6	B	243	2	52	7	1	4	NA	NA	NA	NA	NA	NA	NA	NA	NA	NA	NA	NA	NA	NA	NA	NA	NA	NA	NA	6B	192	2020				NA	vegetative > vegetative > flowering	vegetative	vegetative	flowering	dead_nf	FALSE	0	0
6B120	NA	XL	2020-07-10T00:00:00Z	6	B	120	1	60	21	5	1	NA	NA	NA	NA	NA	NA	NA	NA	NA	NA	NA	NA	NA	NA	NA	NA	NA	NA	NA	6B	192	2020				NA	vegetative > vegetative > flowering	vegetative	vegetative	flowering	dead_nf	FALSE	0	0
6C96	NA	XL	2020-07-10T00:00:00Z	6	C	96	4	24	1	2	0	NA	NA	NA	NA	NA	NA	NA	NA	NA	NA	NA	NA	NA	NA	NA	NA	NA	NA	NA	6C	192	2020				NA	vegetative > flowering > flowering	vegetative	flowering	flowering	dead_nf	FALSE	0	0
6C86	NA	XL	2020-07-10T00:00:00Z	6	C	86	1	39	8	3	1	NA	NA	NA	NA	NA	NA	NA	NA	NA	NA	NA	NA	NA	NA	NA	NA	NA	NA	bent	6C	192	2020				NA	vegetative > vegetative > flowering	vegetative	vegetative	flowering	dead_nf	FALSE	0	0
6C93	NA	XL	2020-07-10T00:00:00Z	6	C	93	5	29	5	0	0	1	1	0	6	0	0	6	1	0	NA	NA	NA	NA	NA	NA	NA	NA	NA	NA	6C	192	2020				NA	vegetative > vegetative > flowering	vegetative	vegetative	flowering	dead_nf	FALSE	0	0
6C113	NA	XL	2020-07-10T00:00:00Z	6	C	113	1	29	6	2	0	NA	NA	NA	NA	NA	NA	NA	NA	NA	NA	NA	NA	NA	NA	NA	NA	NA	NA	NA	6C	192	2020				NA	vegetative > vegetative > flowering	vegetative	vegetative	flowering	dead_nf	FALSE	0	0
6C111	NA	XL	2020-07-10T00:00:00Z	6	C	111	4	34	1	0	0	NA	NA	NA	NA	NA	NA	NA	NA	NA	NA	NA	NA	NA	NA	NA	NA	NA	NA	chewed	6C	192	2020				NA	vegetative > vegetative > flowering	vegetative	vegetative	flowering	dead_nf	FALSE	0	0
6D59	NA	XL	2020-07-10T00:00:00Z	6	D	59	1	40	12	3	1	NA	NA	NA	NA	NA	NA	NA	NA	NA	NA	NA	NA	NA	NA	NA	NA	NA	NA	NA	6D	192	2020				NA	vegetative > vegetative > flowering	vegetative	vegetative	flowering	dead_nf	FALSE	0	0
6D56	NA	XL	2020-07-10T00:00:00Z	6	D	56	4	24	1	0	1	1	0	0	1	0	0	1	0	0	NA	NA	NA	NA	NA	NA	NA	NA	NA	NA	6D	192	2020				NA	vegetative > vegetative > flowering	vegetative	vegetative	flowering	dead_nf	FALSE	0	0
6D46	NA	XL	2020-07-10T00:00:00Z	6	D	46	5	30	1	0	0	0	1	1	0	1	0	NA	NA	NA	NA	NA	NA	NA	NA	NA	NA	NA	NA	NA	6D	192	2020		pheno18		NA	vegetative > vegetative > flowering	vegetative	vegetative	flowering	dead_nf	FALSE	0	0
6D52	NA	XL	2020-07-10T00:00:00Z	6	D	52	1	37	5	1	0	NA	NA	NA	NA	NA	NA	NA	NA	NA	NA	NA	NA	NA	NA	NA	NA	NA	NA	NA	6D	192	2020				NA	vegetative > vegetative > flowering	vegetative	vegetative	flowering	dead_nf	FALSE	0	0
6D68	NA	XL	2020-07-10T00:00:00Z	6	D	68	2	34	3	2	0	10	2	0	NA	NA	NA	NA	NA	NA	NA	NA	NA	NA	NA	NA	NA	NA	NA	NA	6D	192	2020				NA	vegetative > vegetative > flowering	vegetative	vegetative	flowering	dead_nf	FALSE	0	0
6D71	NA	XL	2020-07-10T00:00:00Z	6	D	71	3	37	3	1	0	4	3	1	5	1	0	NA	NA	NA	NA	NA	NA	NA	NA	NA	NA	NA	NA	NA	6D	192	2020				NA	vegetative > vegetative > flowering	vegetative	vegetative	flowering	dead_nf	FALSE	0	0
5A189	NA	XL	2020-07-10T00:00:00Z	5	A	189	4	21	0	1	0	4	2	0	NA	NA	NA	NA	NA	NA	NA	NA	NA	NA	NA	NA	NA	NA	NA	NA	5A	192	2020				NA	flowering > vegetative > flowering	flowering	vegetative	flowering	dead_nf	FALSE	0	0
5A180	NA	XL	2020-07-10T00:00:00Z	5	A	180	2	25	0	1	0	NA	NA	NA	NA	NA	NA	NA	NA	NA	NA	NA	NA	NA	NA	NA	NA	NA	NA	NA	5A	192	2020				NA	flowering > vegetative > flowering	flowering	vegetative	flowering	dead_nf	FALSE	0	0
5A185	NA	XL	2020-07-10T00:00:00Z	5	A	185	2	27	4	1	1	2	0	0	NA	NA	NA	NA	NA	NA	NA	NA	NA	NA	NA	NA	NA	NA	NA	NA	5A	192	2020		pheno19		NA	vegetative > vegetative > flowering	vegetative	vegetative	flowering	dead_nf	FALSE	0	0
5A191	NA	XL	2020-07-10T00:00:00Z	5	A	191	2	14	1	0	0	NA	NA	NA	NA	NA	NA	NA	NA	NA	NA	NA	NA	NA	NA	NA	NA	NA	NA	NA	5A	192	2020				NA	vegetative > vegetative > flowering	vegetative	vegetative	flowering	dead_nf	FALSE	0	0
5A196	NA	XL	2020-07-10T00:00:00Z	5	A	196	1	22	4	0	0	NA	NA	NA	NA	NA	NA	NA	NA	NA	NA	NA	NA	NA	NA	NA	NA	NA	NA	NA	5A	192	2020				NA	vegetative > flowering > flowering	vegetative	flowering	flowering	dead_nf	FALSE	0	0
5B16	NA	XL	2020-07-10T00:00:00Z	5	B	16	1	43	9	1	1	NA	NA	NA	NA	NA	NA	NA	NA	NA	NA	NA	NA	NA	NA	NA	NA	NA	NA	NA	5B	192	2020				NA	vegetative > vegetative > flowering	vegetative	vegetative	flowering	dead_nf	FALSE	0	0
5B20	NA	XL	2020-07-10T00:00:00Z	5	B	20	7	43	4	1	1	2	3	0	1	3	0	1	1	0	2	1	1	4	1	0	NA	NA	NA	NA	5B	192	2020		pheno18 pheno19		NA	vegetative > vegetative > flowering	vegetative	vegetative	flowering	dead_nf	FALSE	0	0
5B296	NA	XL	2020-07-10T00:00:00Z	5	B	296	4	33	4	1	1	NA	NA	NA	NA	NA	NA	NA	NA	NA	NA	NA	NA	NA	NA	NA	NA	NA	NA	NA	5B	192	2020				NA	vegetative > vegetative > flowering	vegetative	vegetative	flowering	dead_nf	FALSE	0	0
5B300	NA	XL	2020-07-10T00:00:00Z	5	B	300	1	20	1	0	0	NA	NA	NA	NA	NA	NA	NA	NA	NA	NA	NA	NA	NA	NA	NA	NA	NA	NA	NA	5B	192	2020				NA	vegetative > vegetative > flowering	vegetative	vegetative	flowering	dead_nf	FALSE	0	0
5B289	NA	XL	2020-07-10T00:00:00Z	5	B	289	1	34	1	0	0	NA	NA	NA	NA	NA	NA	NA	NA	NA	NA	NA	NA	NA	NA	NA	NA	NA	NA	NA	5B	192	2020				NA	vegetative > vegetative > flowering	vegetative	vegetative	flowering	dead_nf	FALSE	0	0
5B288	NA	XL	2020-07-10T00:00:00Z	5	B	288	3	21	3	0	1	4	1	2	NA	NA	NA	NA	NA	NA	NA	NA	NA	NA	NA	NA	NA	NA	NA	NA	5B	192	2020				NA	vegetative > vegetative > flowering	vegetative	vegetative	flowering	dead_nf	FALSE	0	0
5B4	NA	XL	2020-07-10T00:00:00Z	5	B	4	1	47	7	3	4	NA	NA	NA	NA	NA	NA	NA	NA	NA	NA	NA	NA	NA	NA	NA	NA	NA	NA	NA	5B	192	2020				NA	vegetative > vegetative > flowering	vegetative	vegetative	flowering	dead_nf	FALSE	0	0
5B12	NA	XL	2020-07-10T00:00:00Z	5	B	12	1	43	4	1	1	NA	NA	NA	NA	NA	NA	NA	NA	NA	NA	NA	NA	NA	NA	NA	NA	NA	NA	NA	5B	192	2020				NA	vegetative > vegetative > flowering	vegetative	vegetative	flowering	dead_nf	FALSE	0	0
5C224	duplicate for this day	XL	2020-07-10T00:00:00Z	5	C	224	1	40	2	0	0	NA	NA	NA	NA	NA	NA	NA	NA	NA	NA	NA	NA	NA	NA	NA	NA	NA	NA	NA	5C	192	2020				NA	vegetative > vegetative > flowering	vegetative	vegetative	flowering	dead_nf	FALSE	0	0
5C683	NA	XL	2020-07-10T00:00:00Z	5	C	683	5	36	1	0	1	1	0	0	NA	NA	NA	NA	NA	NA	NA	NA	NA	NA	NA	NA	NA	NA	NA	2 chewed	5C	192	2020				NA	vegetative > vegetative > flowering	vegetative	vegetative	flowering	vegetative	FALSE	0	1
5C224	duplicate for this day	XL	2020-07-10T00:00:00Z	5	C	224	6	34	5	0	0	3	0	0	4	0	0	5	1	0	2	0	0	1	0	0	NA	NA	NA	NA	5C	192	2020				NA	vegetative > vegetative > flowering	vegetative	vegetative	flowering	dead_nf	FALSE	0	0
5C221	NA	XL	2020-07-10T00:00:00Z	5	C	221	3	27	2	0	0	1	0	0	NA	NA	NA	NA	NA	NA	NA	NA	NA	NA	NA	NA	NA	NA	NA	NA	5C	192	2020				NA	flowering > vegetative > flowering	flowering	vegetative	flowering	dead_nf	FALSE	0	0
5C217	NA	XL	2020-07-10T00:00:00Z	5	C	217	2	35	1	2	1	NA	NA	NA	NA	NA	NA	NA	NA	NA	NA	NA	NA	NA	NA	NA	NA	NA	NA	NA	5C	192	2020				NA	vegetative > flowering > flowering	vegetative	flowering	flowering	dead_nf	FALSE	0	0
5C207	NA	XL	2020-07-10T00:00:00Z	5	C	207	3	21	2	0	0	NA	NA	NA	NA	NA	NA	NA	NA	NA	NA	NA	NA	NA	NA	NA	NA	NA	NA	1 chewed	5C	192	2020				NA	vegetative > vegetative > flowering	vegetative	vegetative	flowering	dead_nf	FALSE	0	0
5C202	NA	XL	2020-07-10T00:00:00Z	5	C	202	1	33	2	0	1	NA	NA	NA	NA	NA	NA	NA	NA	NA	NA	NA	NA	NA	NA	NA	NA	NA	NA	chewed	5C	192	2020				NA	vegetative > vegetative > flowering	vegetative	vegetative	flowering	dead_nf	FALSE	0	0
4A124	NA	XL	2020-07-17T00:00:00Z	4	A	124	3	24	4	0	0	4	2	0	NA	NA	NA	NA	NA	NA	NA	NA	NA	NA	NA	NA	NA	NA	NA	NA	4A	199	2020				NA	vegetative > flowering > flowering	vegetative	flowering	flowering	dead_nf	FALSE	0	0
4A101	NA	XL	2020-07-17T00:00:00Z	4	A	101	4	20	2	0	0	2	1	0	NA	NA	NA	NA	NA	NA	NA	NA	NA	NA	NA	NA	NA	NA	NA	NA	4A	199	2020				NA	vegetative > vegetative > flowering	vegetative	vegetative	flowering	dead_nf	FALSE	0	0
4A99	NA	XL	2020-07-17T00:00:00Z	4	A	99	1	30	6	0	0	NA	NA	NA	NA	NA	NA	NA	NA	NA	NA	NA	NA	NA	NA	NA	NA	NA	NA	NA	4A	199	2020				NA	vegetative > vegetative > flowering	vegetative	vegetative	flowering	dead_nf	FALSE	0	0
4A91	NA	XL	2020-07-17T00:00:00Z	4	A	91	1	30	11	2	1	NA	NA	NA	NA	NA	NA	NA	NA	NA	NA	NA	NA	NA	NA	NA	NA	NA	NA	NA	4A	199	2020				NA	vegetative > vegetative > flowering	vegetative	vegetative	flowering	dead_nf	FALSE	0	0
4A85	NA	XL	2020-07-17T00:00:00Z	4	A	85	4	37	3	1	0	4	1	0	6	0	0	1	1	0	NA	NA	NA	NA	NA	NA	NA	NA	NA	NA	4A	199	2020				NA	vegetative > vegetative > flowering	vegetative	vegetative	flowering	dead_nf	FALSE	0	0
4A80	NA	XL	2020-07-17T00:00:00Z	4	A	80	4	37	4	3	0	3	0	0	0	2	0	2	1	1	NA	NA	NA	NA	NA	NA	NA	NA	NA	NA	4A	199	2020				NA	vegetative > vegetative > flowering	vegetative	vegetative	flowering	dead_nf	FALSE	0	0
4A121	NA	XL	2020-07-17T00:00:00Z	4	A	121	1	29	5	1	2	NA	NA	NA	NA	NA	NA	NA	NA	NA	NA	NA	NA	NA	NA	NA	NA	NA	NA	NA	4A	199	2020				NA	vegetative > vegetative > flowering	vegetative	vegetative	flowering	dead_nf	FALSE	0	0
4A68	NA	XL	2020-07-17T00:00:00Z	4	A	68	1	35	2	0	0	NA	NA	NA	NA	NA	NA	NA	NA	NA	NA	NA	NA	NA	NA	NA	NA	NA	NA	NA	4A	199	2020		floral19		NA	vegetative > vegetative > flowering	vegetative	vegetative	flowering	dead_nf	FALSE	0	0
4A63_20	NA	XL	2020-07-17T00:00:00Z	4	A	63_20	2	18	2	0	0	3	0	0	NA	NA	NA	NA	NA	NA	NA	NA	NA	NA	NA	NA	NA	NA	NA	NA	4A	199	2020		pheno20		NA	flowering > dead_nf > dead_nf	flowering	dead_nf	dead_nf	dead_nf	TRUE	0	0
4A109	NA	XL	2020-07-17T00:00:00Z	4	A	109	1	25	2	1	1	NA	NA	NA	NA	NA	NA	NA	NA	NA	NA	NA	NA	NA	NA	NA	NA	NA	NA	bent	4A	199	2020				NA	vegetative > vegetative > flowering	vegetative	vegetative	flowering	dead_nf	FALSE	0	0
4A110	NA	XL	2020-07-17T00:00:00Z	4	A	110	6	33	2	0	0	3	0	2	2	0	2	1	2	0	1	1	0	NA	NA	NA	NA	NA	NA	NA	4A	199	2020				NA	vegetative > vegetative > flowering	vegetative	vegetative	flowering	dead_nf	FALSE	0	0
4A115	check with other measurements whether it is 4 infloresences or 1	XL	2020-07-17T00:00:00Z	4	A	115	4	29	3	0	0	2	0	0	0	1	0	NA	NA	NA	NA	NA	NA	NA	NA	NA	NA	NA	NA	NA	4A	199	2020		pheno19		NA	vegetative > vegetative > flowering	vegetative	vegetative	flowering	dead_nf	FALSE	0	0
4A107	NA	XL	2020-07-17T00:00:00Z	4	A	107	1	27	2	0	1	NA	NA	NA	NA	NA	NA	NA	NA	NA	NA	NA	NA	NA	NA	NA	NA	NA	NA	snapped	4A	199	2020				NA	vegetative > vegetative > flowering	vegetative	vegetative	flowering	dead_nf	FALSE	0	0
4A114	NA	XL	2020-07-17T00:00:00Z	4	A	114	1	48	4	1	0	NA	NA	NA	NA	NA	NA	NA	NA	NA	NA	NA	NA	NA	NA	NA	NA	NA	NA	snapped	4A	199	2020				NA	vegetative > vegetative > flowering	vegetative	vegetative	flowering	dead_nf	FALSE	0	0
4B596	NA	XL	2020-07-17T00:00:00Z	4	B	596	1	34	19	10	4	NA	NA	NA	NA	NA	NA	NA	NA	NA	NA	NA	NA	NA	NA	NA	NA	NA	NA	NA	4B	199	2020				NA	vegetative > vegetative > flowering	vegetative	vegetative	flowering	dead_nf	FALSE	0	0
4B594	NA	XL	2020-07-17T00:00:00Z	4	B	594	1	30	3	4	0	NA	NA	NA	NA	NA	NA	NA	NA	NA	NA	NA	NA	NA	NA	NA	NA	NA	NA	chewed	4B	199	2020				NA	vegetative > vegetative > flowering	vegetative	vegetative	flowering	dead_nf	FALSE	0	0
4B211	NA	XL	2020-07-17T00:00:00Z	4	B	211	1	26	1	1	0	NA	NA	NA	NA	NA	NA	NA	NA	NA	NA	NA	NA	NA	NA	NA	NA	NA	NA	bent	4B	199	2020				NA	vegetative > vegetative > flowering	vegetative	vegetative	flowering	dead_nf	FALSE	0	0
4C213	NA	XL	2020-07-17T00:00:00Z	4	C	213	1	36	9	1	2	NA	NA	NA	NA	NA	NA	NA	NA	NA	NA	NA	NA	NA	NA	NA	NA	NA	NA	NA	4C	199	2020				NA	vegetative > vegetative > flowering	vegetative	vegetative	flowering	vegetative	FALSE	0	1
4C187	NA	XL	2020-07-17T00:00:00Z	4	C	187	1	29	4	1	0	NA	NA	NA	NA	NA	NA	NA	NA	NA	NA	NA	NA	NA	NA	NA	NA	NA	NA	NA	4C	199	2020				NA	vegetative > vegetative > flowering	vegetative	vegetative	flowering	dead_nf	FALSE	0	0
4C192	NA	XL	2020-07-17T00:00:00Z	4	C	192	3	30	4	0	0	NA	NA	NA	NA	NA	NA	NA	NA	NA	NA	NA	NA	NA	NA	NA	NA	NA	NA	NA	4C	199	2020				NA	vegetative > vegetative > flowering	vegetative	vegetative	flowering	dead_nf	FALSE	0	0
4C195	NA	XL	2020-07-17T00:00:00Z	4	C	195	2	60	6	1	2	8	0	0	NA	NA	NA	NA	NA	NA	NA	NA	NA	NA	NA	NA	NA	NA	NA	NA	4C	199	2020				NA	vegetative > vegetative > flowering	vegetative	vegetative	flowering	dead_nf	FALSE	0	0
4C120	check if 6 or 1 infloresences	XL	2020-07-17T00:00:00Z	4	C	120	6	16	2	0	0	0	1	0	2	0	0	NA	NA	NA	NA	NA	NA	NA	NA	NA	NA	NA	NA	NA	4C	199	2020				NA	vegetative > vegetative > flowering	vegetative	vegetative	flowering	flowering	FALSE	1	1
4D49	NA	XL	2020-07-17T00:00:00Z	4	D	49	1	33	1	1	0	NA	NA	NA	NA	NA	NA	NA	NA	NA	NA	NA	NA	NA	NA	NA	NA	NA	NA	NA	4D	199	2020				NA	vegetative > vegetative > flowering	vegetative	vegetative	flowering	dead_nf	FALSE	0	0
4D52	NA	XL	2020-07-17T00:00:00Z	4	D	52	1	40	5	1	1	NA	NA	NA	NA	NA	NA	NA	NA	NA	NA	NA	NA	NA	NA	NA	NA	NA	NA	chewed	4D	199	2020				NA	vegetative > vegetative > flowering	vegetative	vegetative	flowering	dead_nf	FALSE	0	0
4D47	NA	XL	2020-07-17T00:00:00Z	4	D	47	2	37	3	1	0	NA	NA	NA	NA	NA	NA	NA	NA	NA	NA	NA	NA	NA	NA	NA	NA	NA	NA	NA	4D	199	2020				NA	vegetative > vegetative > flowering	vegetative	vegetative	flowering	dead_nf	FALSE	0	0
4D37	NA	XL	2020-07-17T00:00:00Z	4	D	37	3	38	3	0	1	1	1	0	1	0	0	NA	NA	NA	NA	NA	NA	NA	NA	NA	NA	NA	NA	NA	4D	199	2020				NA	vegetative > vegetative > flowering	vegetative	vegetative	flowering	dead_nf	FALSE	0	0
3A125	NA	XL	2020-07-17T00:00:00Z	3	A	125	1	36	8	2	2	NA	NA	NA	NA	NA	NA	NA	NA	NA	NA	NA	NA	NA	NA	NA	NA	NA	NA	NA	3A	199	2020				NA	vegetative > vegetative > flowering	vegetative	vegetative	flowering	dead_nf	FALSE	0	0
3A278	NA	XL	2020-07-17T00:00:00Z	3	A	278	1	44	4	0	0	NA	NA	NA	NA	NA	NA	NA	NA	NA	NA	NA	NA	NA	NA	NA	NA	NA	NA	NA	3A	199	2020				NA	vegetative > vegetative > flowering	vegetative	vegetative	flowering	dead_nf	FALSE	0	0
3A273	NA	XL	2020-07-17T00:00:00Z	3	A	273	1	29	5	2	1	NA	NA	NA	NA	NA	NA	NA	NA	NA	NA	NA	NA	NA	NA	NA	NA	NA	NA	NA	3A	199	2020				NA	vegetative > vegetative > flowering	vegetative	vegetative	flowering	dead_nf	FALSE	0	0
3A641	NA	XL	2020-07-17T00:00:00Z	3	A	641	2	19	1	0	0	0	1	0	NA	NA	NA	NA	NA	NA	NA	NA	NA	NA	NA	NA	NA	NA	NA	NA	3A	199	2020				NA	vegetative > vegetative > flowering	vegetative	vegetative	flowering	dead_nf	FALSE	0	0
3A636	NA	XL	2020-07-17T00:00:00Z	3	A	636	1	33	5	4	3	NA	NA	NA	NA	NA	NA	NA	NA	NA	NA	NA	NA	NA	NA	NA	NA	NA	NA	NA	3A	199	2020				NA	vegetative > vegetative > flowering	vegetative	vegetative	flowering	dead_nf	FALSE	0	0
3A638	NA	XL	2020-07-17T00:00:00Z	3	A	638	1	66	8	3	2	NA	NA	NA	NA	NA	NA	NA	NA	NA	NA	NA	NA	NA	NA	NA	NA	NA	NA	NA	3A	199	2020				NA	vegetative > vegetative > flowering	vegetative	vegetative	flowering	dead_nf	FALSE	0	0
3B831	NA	XL	2020-07-17T00:00:00Z	3	B	831	1	39	2	1	0	NA	NA	NA	NA	NA	NA	NA	NA	NA	NA	NA	NA	NA	NA	NA	NA	NA	NA	NA	3B	199	2020				NA	vegetative > vegetative > flowering	vegetative	vegetative	flowering	dead_nf	FALSE	0	0
3B838	NA	XL	2020-07-17T00:00:00Z	3	B	838	1	34	6	0	1	NA	NA	NA	NA	NA	NA	NA	NA	NA	NA	NA	NA	NA	NA	NA	NA	NA	NA	NA	3B	199	2020				NA	vegetative > vegetative > flowering	vegetative	vegetative	flowering	dead_nf	FALSE	0	0
3B822	NA	XL	2020-07-17T00:00:00Z	3	B	822	1	18	3	1	0	NA	NA	NA	NA	NA	NA	NA	NA	NA	NA	NA	NA	NA	NA	NA	NA	NA	NA	NA	3B	199	2020				NA	vegetative > vegetative > flowering	vegetative	vegetative	flowering	vegetative	FALSE	0	1
3B828	NA	XL	2020-07-17T00:00:00Z	3	B	828	3	23	2	3	0	0	1	0	NA	NA	NA	NA	NA	NA	NA	NA	NA	NA	NA	NA	NA	NA	NA	NA	3B	199	2020				NA	vegetative > vegetative > flowering	vegetative	vegetative	flowering	dead_nf	FALSE	0	0
3B603	NA	XL	2020-07-17T00:00:00Z	3	B	603	1	43	4	1	0	NA	NA	NA	NA	NA	NA	NA	NA	NA	NA	NA	NA	NA	NA	NA	NA	NA	NA	chewed	3B	199	2020				NA	vegetative > vegetative > flowering	vegetative	vegetative	flowering	dead_nf	FALSE	0	0
3B618	NA	XL	2020-07-17T00:00:00Z	3	B	618	1	29	6	5	3	NA	NA	NA	NA	NA	NA	NA	NA	NA	NA	NA	NA	NA	NA	NA	NA	NA	NA	NA	3B	199	2020				NA	vegetative > vegetative > flowering	vegetative	vegetative	flowering	dead_nf	FALSE	0	0
3C133	NA	XL	2020-07-17T00:00:00Z	3	C	133	1	47	5	1	0	NA	NA	NA	NA	NA	NA	NA	NA	NA	NA	NA	NA	NA	NA	NA	NA	NA	NA	bent	3C	199	2020				NA	vegetative > vegetative > flowering	vegetative	vegetative	flowering	vegetative	FALSE	0	1
3C139	NA	XL	2020-07-17T00:00:00Z	3	C	139	1	44	6	1	3	NA	NA	NA	NA	NA	NA	NA	NA	NA	NA	NA	NA	NA	NA	NA	NA	NA	NA	NA	3C	199	2020				NA	vegetative > vegetative > flowering	vegetative	vegetative	flowering	dead_nf	FALSE	0	0
3C137	NA	XL	2020-07-17T00:00:00Z	3	C	137	2	31	1	2	0	NA	NA	NA	NA	NA	NA	NA	NA	NA	NA	NA	NA	NA	NA	NA	NA	NA	NA	NA	3C	199	2020				NA	vegetative > vegetative > flowering	vegetative	vegetative	flowering	dead_nf	FALSE	0	0
3C153	NA	XL	2020-07-17T00:00:00Z	3	C	153	5	25	4	0	1	1	0	0	1	0	0	NA	NA	NA	NA	NA	NA	NA	NA	NA	NA	NA	NA	NA	3C	199	2020				NA	vegetative > vegetative > flowering	vegetative	vegetative	flowering	dead_nf	FALSE	0	0
3C177	NA	XL	2020-07-17T00:00:00Z	3	C	177	3	27	2	0	0	0	1	1	NA	NA	NA	NA	NA	NA	NA	NA	NA	NA	NA	NA	NA	NA	NA	NA	3C	199	2020				NA	vegetative > vegetative > flowering	vegetative	vegetative	flowering	dead_nf	FALSE	0	0
3C166	NA	XL	2020-07-17T00:00:00Z	3	C	166	2	35	2	1	0	0	2	0	NA	NA	NA	NA	NA	NA	NA	NA	NA	NA	NA	NA	NA	NA	NA	NA	3C	199	2020				NA	vegetative > vegetative > flowering	vegetative	vegetative	flowering	dead_nf	FALSE	0	0
3C173	NA	XL	2020-07-17T00:00:00Z	3	C	173	2	35	5	0	3	1	0	1	NA	NA	NA	NA	NA	NA	NA	NA	NA	NA	NA	NA	NA	NA	NA	NA	3C	199	2020		pheno19		NA	vegetative > vegetative > flowering	vegetative	vegetative	flowering	dead_nf	FALSE	0	0
3C174	plant said ""174/184"". Got rid of the slash to make R happy. XL says that the flowering plant is between tags 174 and 184.	XL	2020-07-17T00:00:00Z	3	C	174	1	51	6	0	3	NA	NA	NA	NA	NA	NA	NA	NA	NA	NA	NA	NA	NA	NA	NA	NA	NA	NA	NA	3C	199	2020			pheno20 floral20 seeds20	3C174	vegetative > vegetative > flowering	vegetative	vegetative	flowering	dead_nf	TRUE	0	0
3D892	NA	XL	2020-07-17T00:00:00Z	3	D	892	1	36	1	0	0	NA	NA	NA	NA	NA	NA	NA	NA	NA	NA	NA	NA	NA	NA	NA	NA	NA	NA	NA	3D	199	2020				NA	vegetative > vegetative > flowering	vegetative	vegetative	flowering	dead_nf	FALSE	0	0
3D893	NA	XL	2020-07-17T00:00:00Z	3	D	893	1	22	2	2	2	NA	NA	NA	NA	NA	NA	NA	NA	NA	NA	NA	NA	NA	NA	NA	NA	NA	NA	NA	3D	199	2020				NA	vegetative > vegetative > flowering	vegetative	vegetative	flowering	dead_nf	FALSE	0	0
3D886	NA	XL	2020-07-17T00:00:00Z	3	D	886	2	37	1	1	1	NA	NA	NA	NA	NA	NA	NA	NA	NA	NA	NA	NA	NA	NA	NA	NA	NA	NA	NA	3D	199	2020				NA	vegetative > vegetative > flowering	vegetative	vegetative	flowering	dead_nf	FALSE	0	0
3D881	NA	XL	2020-07-17T00:00:00Z	3	D	881	1	30	0	2	1	NA	NA	NA	NA	NA	NA	NA	NA	NA	NA	NA	NA	NA	NA	NA	NA	NA	NA	NA	3D	199	2020				NA	vegetative > vegetative > flowering	vegetative	vegetative	flowering	dead_nf	FALSE	0	0
3D895	NA	XL	2020-07-17T00:00:00Z	3	D	895	1	26	0	1	0	NA	NA	NA	NA	NA	NA	NA	NA	NA	NA	NA	NA	NA	NA	NA	NA	NA	NA	NA	3D	199	2020				NA	vegetative > vegetative > flowering	vegetative	vegetative	flowering	flowering	FALSE	1	1
3D876	NA	XL	2020-07-17T00:00:00Z	3	D	876	1	27	4	1	2	NA	NA	NA	NA	NA	NA	NA	NA	NA	NA	NA	NA	NA	NA	NA	NA	NA	NA	NA	3D	199	2020				NA	vegetative > vegetative > flowering	vegetative	vegetative	flowering	dead_nf	FALSE	0	0
3D875	NA	XL	2020-07-17T00:00:00Z	3	D	875	2	38	3	1	0	NA	NA	NA	NA	NA	NA	NA	NA	NA	NA	NA	NA	NA	NA	NA	NA	NA	NA	NA	3D	199	2020				NA	vegetative > vegetative > flowering	vegetative	vegetative	flowering	dead_nf	FALSE	0	0
2D193	NA	XL	2020-07-17T00:00:00Z	2	D	193	3	41	2	2	1	1	0	0	NA	NA	NA	NA	NA	NA	NA	NA	NA	NA	NA	NA	NA	NA	NA	NA	2D	199	2020				NA	vegetative > vegetative > flowering	vegetative	vegetative	flowering	dead_nf	FALSE	0	0
2D220	NA	XL	2020-07-17T00:00:00Z	2	D	220	1	32	1	0	0	NA	NA	NA	NA	NA	NA	NA	NA	NA	NA	NA	NA	NA	NA	NA	NA	NA	NA	NA	2D	199	2020				NA	vegetative > vegetative > flowering	vegetative	vegetative	flowering	dead_nf	FALSE	0	0
2D219	NA	XL	2020-07-17T00:00:00Z	2	D	219	1	39	5	1	2	NA	NA	NA	NA	NA	NA	NA	NA	NA	NA	NA	NA	NA	NA	NA	NA	NA	NA	NA	2D	199	2020				NA	vegetative > vegetative > flowering	vegetative	vegetative	flowering	dead_nf	FALSE	0	0
2D194	NA	XL	2020-07-17T00:00:00Z	2	D	194	3	41	6	1	2	2	0	0	0	2	0	NA	NA	NA	NA	NA	NA	NA	NA	NA	NA	NA	NA	NA	2D	199	2020				NA	vegetative > vegetative > flowering	vegetative	vegetative	flowering	dead_nf	FALSE	0	0
2D207	NA	XL	2020-07-17T00:00:00Z	2	D	207	2	27	1	1	0	1	1	0	NA	NA	NA	NA	NA	NA	NA	NA	NA	NA	NA	NA	NA	NA	NA	NA	2D	199	2020				NA	vegetative > vegetative > flowering	vegetative	vegetative	flowering	dead_nf	FALSE	0	0
2D210	NA	XL	2020-07-17T00:00:00Z	2	D	210	1	27	1	1	0	NA	NA	NA	NA	NA	NA	NA	NA	NA	NA	NA	NA	NA	NA	NA	NA	NA	NA	NA	2D	199	2020				NA	vegetative > vegetative > flowering	vegetative	vegetative	flowering	dead_nf	FALSE	0	0
2D204	NA	XL	2020-07-17T00:00:00Z	2	D	204	1	63	7	1	2	NA	NA	NA	NA	NA	NA	NA	NA	NA	NA	NA	NA	NA	NA	NA	NA	NA	NA	NA	2D	199	2020				NA	vegetative > vegetative > flowering	vegetative	vegetative	flowering	dead_nf	FALSE	0	0
2D187	NA	XL	2020-07-17T00:00:00Z	2	D	187	3	54	6	2	3	2	1	0	2	0	0	NA	NA	NA	NA	NA	NA	NA	NA	NA	NA	NA	NA	NA	2D	199	2020				NA	vegetative > vegetative > flowering	vegetative	vegetative	flowering	dead_nf	FALSE	0	0
1A230	NA	ST	2020-07-23T00:00:00Z	1	A	230	1	31	4	0	0	NA	NA	NA	NA	NA	NA	NA	NA	NA	NA	NA	NA	NA	NA	NA	NA	NA	NA	NA	1A	205	2020				NA	vegetative > vegetative > flowering	vegetative	vegetative	flowering	dead_nf	FALSE	0	0
1A235	NA	ST	2020-07-23T00:00:00Z	1	A	235	1	29	2	0	0	NA	NA	NA	NA	NA	NA	NA	NA	NA	NA	NA	NA	NA	NA	NA	NA	NA	NA	NA	1A	205	2020		floral18		NA	vegetative > vegetative > flowering	vegetative	vegetative	flowering	dead_nf	FALSE	0	0
1A231	NA	ST	2020-07-23T00:00:00Z	1	A	231	1	50	1	1	0	NA	NA	NA	NA	NA	NA	NA	NA	NA	NA	NA	NA	NA	NA	NA	NA	NA	NA	NA	1A	205	2020				NA	vegetative > vegetative > flowering	vegetative	vegetative	flowering	flowering	FALSE	1	1
1A255	NA	ST	2020-07-23T00:00:00Z	1	A	255	1	34	0	1	0	NA	NA	NA	NA	NA	NA	NA	NA	NA	NA	NA	NA	NA	NA	NA	NA	NA	NA	NA	1A	205	2020				NA	vegetative > vegetative > flowering	vegetative	vegetative	flowering	vegetative	FALSE	0	1
1A250	NA	ST	2020-07-23T00:00:00Z	1	A	250	3	23	1	0	0	0	0	0	0	0	0	NA	NA	NA	NA	NA	NA	NA	NA	NA	NA	NA	NA	NA	1A	205	2020				NA	vegetative > vegetative > flowering	vegetative	vegetative	flowering	dead_nf	FALSE	0	0
1B658	NA	ST	2020-07-23T00:00:00Z	1	B	658	1	22	0	1	0	NA	NA	NA	NA	NA	NA	NA	NA	NA	NA	NA	NA	NA	NA	NA	NA	NA	NA	NA	1B	205	2020				NA	vegetative > vegetative > flowering	vegetative	vegetative	flowering	dead_nf	FALSE	0	0
1B656	NA	ST	2020-07-23T00:00:00Z	1	B	656	2	27	1	2	0	0	0	0	NA	NA	NA	NA	NA	NA	NA	NA	NA	NA	NA	NA	NA	NA	NA	NA	1B	205	2020				NA	vegetative > vegetative > flowering	vegetative	vegetative	flowering	dead_nf	FALSE	0	0
1B672	NA	ST	2020-07-23T00:00:00Z	1	B	672	1	34	3	4	1	NA	NA	NA	NA	NA	NA	NA	NA	NA	NA	NA	NA	NA	NA	NA	NA	NA	NA	NA	1B	205	2020				NA	vegetative > vegetative > flowering	vegetative	vegetative	flowering	dead_nf	FALSE	0	0
1C60	NA	ST	2020-07-23T00:00:00Z	1	C	60	7	34	3	1	0	2	1	0	1	0	0	1	0	0	5	0	0	0	0	0	NA	NA	NA	NA	1C	205	2020				NA	vegetative > vegetative > flowering	vegetative	vegetative	flowering	dead_nf	FALSE	0	0
1C46	NA	ST	2020-07-23T00:00:00Z	1	C	46	6	26	1	0	0	0	0	0	0	0	0	0	0	0	0	0	0	0	0	0	NA	NA	NA	NA	1C	205	2020				NA	vegetative > vegetative > flowering	vegetative	vegetative	flowering	dead_nf	FALSE	0	0
1D33	NA	ST	2020-07-23T00:00:00Z	1	D	33	1	37	6	3	1	NA	NA	NA	NA	NA	NA	NA	NA	NA	NA	NA	NA	NA	NA	NA	NA	NA	NA	NA	1D	205	2020				NA	vegetative > vegetative > flowering	vegetative	vegetative	flowering	dead_nf	FALSE	0	0
1D9	NA	ST	2020-07-23T00:00:00Z	1	D	9	1	29	4	0	0	NA	NA	NA	NA	NA	NA	NA	NA	NA	NA	NA	NA	NA	NA	NA	NA	NA	NA	NA	1D	205	2020				NA	vegetative > vegetative > flowering	vegetative	vegetative	flowering	dead_nf	FALSE	0	0
1D12	NA	ST	2020-07-23T00:00:00Z	1	D	12	1	41	8	2	0	NA	NA	NA	NA	NA	NA	NA	NA	NA	NA	NA	NA	NA	NA	NA	NA	NA	NA	NA	1D	205	2020				NA	vegetative > vegetative > flowering	vegetative	vegetative	flowering	flowering	FALSE	1	1
4A124	NA	ST	2020-07-23T00:00:00Z	4	A	124	3	24	5	0	0	0	0	0	0	0	0	0	0	0	0	0	0	NA	NA	NA	NA	NA	NA	NA	4A	205	2020				NA	vegetative > flowering > flowering	vegetative	flowering	flowering	dead_nf	FALSE	0	0
4A85	NA	ST	2020-07-23T00:00:00Z	4	A	85	4	39	3	1	0	2	1	0	1	0	0	6	1	0	NA	NA	NA	NA	NA	NA	NA	NA	NA	NA	4A	205	2020				NA	vegetative > vegetative > flowering	vegetative	vegetative	flowering	dead_nf	FALSE	0	0
4A80	NA	ST	2020-07-23T00:00:00Z	4	A	80	4	37	4	3	0	2	1	0	1	1	1	8	0	1	NA	NA	NA	NA	NA	NA	NA	NA	NA	NA	4A	205	2020				NA	vegetative > vegetative > flowering	vegetative	vegetative	flowering	dead_nf	FALSE	0	0
4A121	NA	ST	2020-07-23T00:00:00Z	4	A	121	1	28	4	0	0	NA	NA	NA	NA	NA	NA	NA	NA	NA	NA	NA	NA	NA	NA	NA	NA	NA	NA	NA	4A	205	2020				NA	vegetative > vegetative > flowering	vegetative	vegetative	flowering	dead_nf	FALSE	0	0
4A63_20	NA	ST	2020-07-23T00:00:00Z	4	A	63_20	2	19	1	0	0	1	0	0	NA	NA	NA	NA	NA	NA	NA	NA	NA	NA	NA	NA	NA	NA	NA	NA	4A	205	2020		pheno20		NA	flowering > dead_nf > dead_nf	flowering	dead_nf	dead_nf	dead_nf	TRUE	0	0
4A109	NA	ST	2020-07-23T00:00:00Z	4	A	109	1	24	1	0	0	NA	NA	NA	NA	NA	NA	NA	NA	NA	NA	NA	NA	NA	NA	NA	NA	NA	NA	NA	4A	205	2020				NA	vegetative > vegetative > flowering	vegetative	vegetative	flowering	dead_nf	FALSE	0	0
4A110	NA	ST	2020-07-23T00:00:00Z	4	A	110	6	32	1	0	0	1	0	0	0	0	0	0	0	0	0	0	0	0	0	0	NA	NA	NA	NA	4A	205	2020				NA	vegetative > vegetative > flowering	vegetative	vegetative	flowering	dead_nf	FALSE	0	0
4A101	NA	ST	2020-07-23T00:00:00Z	4	A	101	3	21	1	0	0	NA	NA	NA	NA	NA	NA	NA	NA	NA	NA	NA	NA	NA	NA	NA	NA	NA	NA	NA	4A	205	2020				NA	vegetative > vegetative > flowering	vegetative	vegetative	flowering	dead_nf	FALSE	0	0
4A99	NA	ST	2020-07-23T00:00:00Z	4	A	99	1	31	2	0	0	NA	NA	NA	NA	NA	NA	NA	NA	NA	NA	NA	NA	NA	NA	NA	NA	NA	NA	NA	4A	205	2020				NA	vegetative > vegetative > flowering	vegetative	vegetative	flowering	dead_nf	FALSE	0	0
4A91	NA	ST	2020-07-23T00:00:00Z	4	A	91	1	33	4	0	0	NA	NA	NA	NA	NA	NA	NA	NA	NA	NA	NA	NA	NA	NA	NA	NA	NA	NA	NA	4A	205	2020				NA	vegetative > vegetative > flowering	vegetative	vegetative	flowering	dead_nf	FALSE	0	0
4B596	NA	ST	2020-07-23T00:00:00Z	4	B	596	1	36	18	5	5	NA	NA	NA	NA	NA	NA	NA	NA	NA	NA	NA	NA	NA	NA	NA	NA	NA	NA	NA	4B	205	2020				NA	vegetative > vegetative > flowering	vegetative	vegetative	flowering	dead_nf	FALSE	0	0
4B594	NA	ST	2020-07-23T00:00:00Z	4	B	594	1	28	2	2	0	NA	NA	NA	NA	NA	NA	NA	NA	NA	NA	NA	NA	NA	NA	NA	NA	NA	NA	NA	4B	205	2020				NA	vegetative > vegetative > flowering	vegetative	vegetative	flowering	dead_nf	FALSE	0	0
4C213	NA	ST	2020-07-23T00:00:00Z	4	C	213	1	35	2	1	0	NA	NA	NA	NA	NA	NA	NA	NA	NA	NA	NA	NA	NA	NA	NA	NA	NA	NA	NA	4C	205	2020				NA	vegetative > vegetative > flowering	vegetative	vegetative	flowering	vegetative	FALSE	0	1
4C120	NA	ST	2020-07-23T00:00:00Z	4	C	120	6	16	1	1	0	2	0	0	4	0	0	2	0	0	NA	NA	NA	NA	NA	NA	NA	NA	NA	NA	4C	205	2020				NA	vegetative > vegetative > flowering	vegetative	vegetative	flowering	flowering	FALSE	1	1
4C196	NA	ST	2020-07-23T00:00:00Z	4	C	196	3	22	1	0	0	3	0	1	0	0	0	NA	NA	NA	NA	NA	NA	NA	NA	NA	NA	NA	NA	NA	4C	205	2020				NA	vegetative > vegetative > flowering	vegetative	vegetative	flowering	dead_nf	FALSE	0	0
4C195	NA	ST	2020-07-23T00:00:00Z	4	C	195	4	56	1	0	0	2	0	0	2	0	0	3	0	0	NA	NA	NA	NA	NA	NA	NA	NA	NA	NA	4C	205	2020				NA	vegetative > vegetative > flowering	vegetative	vegetative	flowering	dead_nf	FALSE	0	0
4C187	NA	ST	2020-07-23T00:00:00Z	4	C	187	3	28	1	1	0	0	0	0	0	0	0	NA	NA	NA	NA	NA	NA	NA	NA	NA	NA	NA	NA	NA	4C	205	2020				NA	vegetative > vegetative > flowering	vegetative	vegetative	flowering	dead_nf	FALSE	0	0
4D37	NA	ST	2020-07-23T00:00:00Z	4	D	37	3	27	3	1	1	2	0	0	2	3	0	NA	NA	NA	NA	NA	NA	NA	NA	NA	NA	NA	NA	NA	4D	205	2020				NA	vegetative > vegetative > flowering	vegetative	vegetative	flowering	dead_nf	FALSE	0	0
4D52	NA	ST	2020-07-23T00:00:00Z	4	D	52	1	38	13	2	2	NA	NA	NA	NA	NA	NA	NA	NA	NA	NA	NA	NA	NA	NA	NA	NA	NA	NA	NA	4D	205	2020				NA	vegetative > vegetative > flowering	vegetative	vegetative	flowering	dead_nf	FALSE	0	0
3D840	NA	ST	2020-07-23T00:00:00Z	3	D	840	3	18	1	0	1	1	0	0	1	0	0	NA	NA	NA	NA	NA	NA	NA	NA	NA	NA	NA	NA	NA	3D	205	2020				NA	vegetative > vegetative > flowering	vegetative	vegetative	flowering	dead_nf	FALSE	0	0
3D892	NA	ST	2020-07-23T00:00:00Z	3	D	892	1	36	1	0	0	NA	NA	NA	NA	NA	NA	NA	NA	NA	NA	NA	NA	NA	NA	NA	NA	NA	NA	NA	3D	205	2020				NA	vegetative > vegetative > flowering	vegetative	vegetative	flowering	dead_nf	FALSE	0	0
3D893	NA	ST	2020-07-23T00:00:00Z	3	D	893	1	26	2	1	0	NA	NA	NA	NA	NA	NA	NA	NA	NA	NA	NA	NA	NA	NA	NA	NA	NA	NA	NA	3D	205	2020				NA	vegetative > vegetative > flowering	vegetative	vegetative	flowering	dead_nf	FALSE	0	0
3D894	NA	ST	2020-07-23T00:00:00Z	3	D	894	1	30	1	0	1	NA	NA	NA	NA	NA	NA	NA	NA	NA	NA	NA	NA	NA	NA	NA	NA	NA	NA	NA	3D	205	2020				NA	vegetative > vegetative > flowering	vegetative	vegetative	flowering	flowering	FALSE	1	1
3D864	NA	ST	2020-07-23T00:00:00Z	3	D	864	1	24	0	2	0	NA	NA	NA	NA	NA	NA	NA	NA	NA	NA	NA	NA	NA	NA	NA	NA	NA	NA	NA	3D	205	2020				NA	vegetative > vegetative > flowering	vegetative	vegetative	flowering	dead_nf	FALSE	0	0
3D881	NA	ST	2020-07-23T00:00:00Z	3	D	881	1	29	3	1	3	NA	NA	NA	NA	NA	NA	NA	NA	NA	NA	NA	NA	NA	NA	NA	NA	NA	NA	NA	3D	205	2020				NA	vegetative > vegetative > flowering	vegetative	vegetative	flowering	dead_nf	FALSE	0	0
3D895	NA	ST	2020-07-23T00:00:00Z	3	D	895	1	24	3	2	0	NA	NA	NA	NA	NA	NA	NA	NA	NA	NA	NA	NA	NA	NA	NA	NA	NA	NA	NA	3D	205	2020				NA	vegetative > vegetative > flowering	vegetative	vegetative	flowering	flowering	FALSE	1	1
3D876	NA	ST	2020-07-23T00:00:00Z	3	D	876	1	27	4	3	0	NA	NA	NA	NA	NA	NA	NA	NA	NA	NA	NA	NA	NA	NA	NA	NA	NA	NA	NA	3D	205	2020				NA	vegetative > vegetative > flowering	vegetative	vegetative	flowering	dead_nf	FALSE	0	0
3D875	NA	ST	2020-07-23T00:00:00Z	3	D	875	2	39	1	1	0	0	0	0	NA	NA	NA	NA	NA	NA	NA	NA	NA	NA	NA	NA	NA	NA	NA	NA	3D	205	2020				NA	vegetative > vegetative > flowering	vegetative	vegetative	flowering	dead_nf	FALSE	0	0
3B828	NA	ST	2020-07-23T00:00:00Z	3	B	828	5	24	2	0	0	0	1	0	2	0	0	0	0	0	0	0	NA	NA	NA	NA	NA	NA	NA	NA	3B	205	2020				NA	vegetative > vegetative > flowering	vegetative	vegetative	flowering	dead_nf	FALSE	0	0
3B838	NA	ST	2020-07-23T00:00:00Z	3	B	838	1	35	3	4	0	NA	NA	NA	NA	NA	NA	NA	NA	NA	NA	NA	NA	NA	NA	NA	NA	NA	NA	NA	3B	205	2020				NA	vegetative > vegetative > flowering	vegetative	vegetative	flowering	dead_nf	FALSE	0	0
3B603	NA	ST	2020-07-23T00:00:00Z	3	B	603	1	43	3	0	0	NA	NA	NA	NA	NA	NA	NA	NA	NA	NA	NA	NA	NA	NA	NA	NA	NA	NA	NA	3B	205	2020				NA	vegetative > vegetative > flowering	vegetative	vegetative	flowering	dead_nf	FALSE	0	0
3B618	NA	ST	2020-07-23T00:00:00Z	3	B	618	1	31	9	2	0	NA	NA	NA	NA	NA	NA	NA	NA	NA	NA	NA	NA	NA	NA	NA	NA	NA	NA	NA	3B	205	2020				NA	vegetative > vegetative > flowering	vegetative	vegetative	flowering	dead_nf	FALSE	0	0
3B831	NA	ST	2020-07-23T00:00:00Z	3	B	831	1	39	1	6	0	NA	NA	NA	NA	NA	NA	NA	NA	NA	NA	NA	NA	NA	NA	NA	NA	NA	NA	NA	3B	205	2020				NA	vegetative > vegetative > flowering	vegetative	vegetative	flowering	dead_nf	FALSE	0	0
3C174	NA	ST	2020-07-23T00:00:00Z	3	C	174	1	50	7	3	1	NA	NA	NA	NA	NA	NA	NA	NA	NA	NA	NA	NA	NA	NA	NA	NA	NA	NA	NA	3C	205	2020			pheno20 floral20 seeds20	3C174	vegetative > vegetative > flowering	vegetative	vegetative	flowering	dead_nf	TRUE	0	0
3C152	NA	ST	2020-07-23T00:00:00Z	3	C	152	1	31	0	2	0	NA	NA	NA	NA	NA	NA	NA	NA	NA	NA	NA	NA	NA	NA	NA	NA	NA	NA	NA	3C	205	2020				NA	vegetative > vegetative > flowering	vegetative	vegetative	flowering	dead_nf	FALSE	0	0
3C166	NA	ST	2020-07-23T00:00:00Z	3	C	166	2	36	5	1	0	3	1	3	NA	NA	NA	NA	NA	NA	NA	NA	NA	NA	NA	NA	NA	NA	NA	NA	3C	205	2020				NA	vegetative > vegetative > flowering	vegetative	vegetative	flowering	dead_nf	FALSE	0	0
3C177	NA	ST	2020-07-23T00:00:00Z	3	C	177	3	28	2	0	0	3	1	0	NA	NA	NA	NA	NA	NA	NA	NA	NA	NA	NA	NA	NA	NA	NA	NA	3C	205	2020				NA	vegetative > vegetative > flowering	vegetative	vegetative	flowering	dead_nf	FALSE	0	0
3C173	NA	ST	2020-07-23T00:00:00Z	3	C	173	2	37	1	0	0	6	2	1	NA	NA	NA	NA	NA	NA	NA	NA	NA	NA	NA	NA	NA	NA	NA	NA	3C	205	2020		pheno19		NA	vegetative > vegetative > flowering	vegetative	vegetative	flowering	dead_nf	FALSE	0	0
3C169	NA	ST	2020-07-23T00:00:00Z	3	C	169	2	27	4	1	2	0	0	0	NA	NA	NA	NA	NA	NA	NA	NA	NA	NA	NA	NA	NA	NA	NA	NA	3C	205	2020		pheno19		NA	vegetative > vegetative > flowering	vegetative	vegetative	flowering	dead_nf	FALSE	0	0
3C153	NA	ST	2020-07-23T00:00:00Z	3	C	153	4	25	1	0	1	5	0	0	1	1	0	0	0	0	NA	NA	NA	NA	NA	NA	NA	NA	NA	NA	3C	205	2020				NA	vegetative > vegetative > flowering	vegetative	vegetative	flowering	dead_nf	FALSE	0	0
6A685	NA	XL	2020-07-23T00:00:00Z	6	A	685	2	39	1	0	0	NA	NA	NA	NA	NA	NA	NA	NA	NA	NA	NA	NA	NA	NA	NA	NA	NA	NA	snapped	6A	205	2020				NA	vegetative > vegetative > flowering	vegetative	vegetative	flowering	dead_nf	FALSE	0	0
6A169	NA	XL	2020-07-23T00:00:00Z	6	A	169	3	29	2	0	0	0	1	0	NA	NA	NA	NA	NA	NA	NA	NA	NA	NA	NA	NA	NA	NA	NA	NA	6A	205	2020				NA	vegetative > vegetative > flowering	vegetative	vegetative	flowering	vegetative	FALSE	0	1
6A136	NA	XL	2020-07-23T00:00:00Z	6	A	136	6	42	2	1	0	1	1	0	3	1	1	1	0	0	3	1	1	3	0	0	NA	NA	NA	NA	6A	205	2020				NA	vegetative > vegetative > flowering	vegetative	vegetative	flowering	dead_nf	FALSE	0	0
6A145	NA	XL	2020-07-23T00:00:00Z	6	A	145	1	32	4	0	0	NA	NA	NA	NA	NA	NA	NA	NA	NA	NA	NA	NA	NA	NA	NA	NA	NA	NA	NA	6A	205	2020				NA	vegetative > vegetative > flowering	vegetative	vegetative	flowering	dead_nf	FALSE	0	0
6B243	NA	XL	2020-07-23T00:00:00Z	6	B	243	2	54	2	1	0	NA	NA	NA	NA	NA	NA	NA	NA	NA	NA	NA	NA	NA	NA	NA	NA	NA	NA	snapped	6B	205	2020				NA	vegetative > vegetative > flowering	vegetative	vegetative	flowering	dead_nf	FALSE	0	0
6B21	NA	XL	2020-07-23T00:00:00Z	6	B	21	3	21	0	1	0	1	0	0	NA	NA	NA	NA	NA	NA	NA	NA	NA	NA	NA	NA	NA	NA	NA	NA	6B	205	2020				NA	vegetative > vegetative > flowering	vegetative	vegetative	flowering	dead_nf	FALSE	0	0
6B14	9 infloresences, continued below	XL	2020-07-23T00:00:00Z	6	B	14	2	27	2	0	0	0	1	0	0	1	0	NA	NA	NA	NA	NA	NA	NA	NA	NA	NA	NA	NA	NA	6B	205	2020				NA	vegetative > vegetative > flowering	vegetative	vegetative	flowering	dead_nf	FALSE	0	0
6C121	NA	XL	2020-07-23T00:00:00Z	6	C	121	9	48	7	2	4	7	2	2	3	3	2	6	1	2	0	3	0	6	3	1	NA	NA	NA	NA	6C	205	2020				NA	vegetative > vegetative > flowering	vegetative	vegetative	flowering	dead_nf	FALSE	0	0
6C121	NA	XL	2020-07-23T00:00:00Z	6	C	121	9	48	6	0	1	2	2	1	3	2	1	NA	NA	NA	NA	NA	NA	NA	NA	NA	NA	NA	NA	NA	6C	205	2020				NA	vegetative > vegetative > flowering	vegetative	vegetative	flowering	dead_nf	FALSE	0	0
6C86	NA	XL	2020-07-23T00:00:00Z	6	C	86	1	39	4	1	0	NA	NA	NA	NA	NA	NA	NA	NA	NA	NA	NA	NA	NA	NA	NA	NA	NA	NA	bent	6C	205	2020				NA	vegetative > vegetative > flowering	vegetative	vegetative	flowering	dead_nf	FALSE	0	0
6C93	NA	XL	2020-07-23T00:00:00Z	6	C	93	5	41	1	1	0	6	0	0	1	0	0	NA	NA	NA	NA	NA	NA	NA	NA	NA	NA	NA	NA	NA	6C	205	2020				NA	vegetative > vegetative > flowering	vegetative	vegetative	flowering	dead_nf	FALSE	0	0
6C96	NA	XL	2020-07-23T00:00:00Z	6	C	96	4	27	4	0	2	NA	NA	NA	NA	NA	NA	NA	NA	NA	NA	NA	NA	NA	NA	NA	NA	NA	NA	NA	6C	205	2020				NA	vegetative > flowering > flowering	vegetative	flowering	flowering	dead_nf	FALSE	0	0
6C99	NA	XL	2020-07-23T00:00:00Z	6	C	99	1	38	3	0	1	NA	NA	NA	NA	NA	NA	NA	NA	NA	NA	NA	NA	NA	NA	NA	NA	NA	NA	NA	6C	205	2020				NA	vegetative > vegetative > flowering	vegetative	vegetative	flowering	dead_nf	FALSE	0	0
6C116	NA	XL	2020-07-23T00:00:00Z	6	C	116	1	18	4	0	0	NA	NA	NA	NA	NA	NA	NA	NA	NA	NA	NA	NA	NA	NA	NA	NA	NA	NA	NA	6C	205	2020				NA	vegetative > vegetative > flowering	vegetative	vegetative	flowering	dead_nf	FALSE	0	0
6C111	NA	XL	2020-07-23T00:00:00Z	6	C	111	4	34	1	0	0	2	0	0	5	2	1	1	1	0	NA	NA	NA	NA	NA	NA	NA	NA	NA	NA	6C	205	2020				NA	vegetative > vegetative > flowering	vegetative	vegetative	flowering	dead_nf	FALSE	0	0
6D59	NA	XL	2020-07-23T00:00:00Z	6	D	59	1	42	7	0	0	NA	NA	NA	NA	NA	NA	NA	NA	NA	NA	NA	NA	NA	NA	NA	NA	NA	NA	NA	6D	205	2020				NA	vegetative > vegetative > flowering	vegetative	vegetative	flowering	dead_nf	FALSE	0	0
6D56	NA	XL	2020-07-23T00:00:00Z	6	D	56	4	26	1	1	0	4	0	0	3	1	0	1	1	0	NA	NA	NA	NA	NA	NA	NA	NA	NA	NA	6D	205	2020				NA	vegetative > vegetative > flowering	vegetative	vegetative	flowering	dead_nf	FALSE	0	0
6D64	NA	XL	2020-07-23T00:00:00Z	6	D	64	6	22	1	0	1	0	1	0	1	1	1	2	0	1	1	0	1	NA	NA	NA	NA	NA	NA	NA	6D	205	2020				NA	vegetative > vegetative > flowering	vegetative	vegetative	flowering	dead_nf	FALSE	0	0
6D45	NA	XL	2020-07-23T00:00:00Z	6	D	45	1	28	13	3	3	NA	NA	NA	NA	NA	NA	NA	NA	NA	NA	NA	NA	NA	NA	NA	NA	NA	NA	NA	6D	205	2020				NA	flowering > vegetative > flowering	flowering	vegetative	flowering	dead_nf	FALSE	0	0
6D52	NA	XL	2020-07-23T00:00:00Z	6	D	52	1	36	3	0	0	NA	NA	NA	NA	NA	NA	NA	NA	NA	NA	NA	NA	NA	NA	NA	NA	NA	NA	NA	6D	205	2020				NA	vegetative > vegetative > flowering	vegetative	vegetative	flowering	dead_nf	FALSE	0	0
6D46	NA	XL	2020-07-23T00:00:00Z	6	D	46	4	31	2	1	0	2	0	0	2	0	0	NA	NA	NA	NA	NA	NA	NA	NA	NA	NA	NA	NA	NA	6D	205	2020		pheno18		NA	vegetative > vegetative > flowering	vegetative	vegetative	flowering	dead_nf	FALSE	0	0
6D48	NA	XL	2020-07-23T00:00:00Z	6	D	48	2	37	3	1	0	3	0	0	NA	NA	NA	NA	NA	NA	NA	NA	NA	NA	NA	NA	NA	NA	NA	NA	6D	205	2020				NA	vegetative > vegetative > flowering	vegetative	vegetative	flowering	dead_nf	FALSE	0	0
5A180	NA	XL	2020-07-23T00:00:00Z	5	A	180	3	30	1	0	1	4	2	1	NA	NA	NA	NA	NA	NA	NA	NA	NA	NA	NA	NA	NA	NA	NA	NA	5A	205	2020				NA	flowering > vegetative > flowering	flowering	vegetative	flowering	dead_nf	FALSE	0	0
5A202	NA	XL	2020-07-23T00:00:00Z	5	A	202	1	36	4	4	0	NA	NA	NA	NA	NA	NA	NA	NA	NA	NA	NA	NA	NA	NA	NA	NA	NA	NA	snapped	5A	205	2020				NA	vegetative > flowering > flowering	vegetative	flowering	flowering	dead_nf	FALSE	0	0
5A185	NA	XL	2020-07-23T00:00:00Z	5	A	185	2	38	1	0	0	1	0	0	NA	NA	NA	NA	NA	NA	NA	NA	NA	NA	NA	NA	NA	NA	NA	NA	5A	205	2020		pheno19		NA	vegetative > vegetative > flowering	vegetative	vegetative	flowering	dead_nf	FALSE	0	0
5B16	NA	XL	2020-07-23T00:00:00Z	5	B	16	1	29	9	1	0	NA	NA	NA	NA	NA	NA	NA	NA	NA	NA	NA	NA	NA	NA	NA	NA	NA	NA	bent/snapped	5B	205	2020				NA	vegetative > vegetative > flowering	vegetative	vegetative	flowering	dead_nf	FALSE	0	0
5B20	NA	XL	2020-07-23T00:00:00Z	5	B	20	6	43	1	1	0	1	0	0	NA	NA	NA	NA	NA	NA	NA	NA	NA	NA	NA	NA	NA	NA	NA	NA	5B	205	2020		pheno18 pheno19		NA	vegetative > vegetative > flowering	vegetative	vegetative	flowering	dead_nf	FALSE	0	0
5B296	NA	XL	2020-07-23T00:00:00Z	5	B	296	4	23	2	0	0	1	0	0	NA	NA	NA	NA	NA	NA	NA	NA	NA	NA	NA	NA	NA	NA	NA	NA	5B	205	2020				NA	vegetative > vegetative > flowering	vegetative	vegetative	flowering	dead_nf	FALSE	0	0
5B300	NA	XL	2020-07-23T00:00:00Z	5	B	300	1	21	5	0	0	NA	NA	NA	NA	NA	NA	NA	NA	NA	NA	NA	NA	NA	NA	NA	NA	NA	NA	NA	5B	205	2020				NA	vegetative > vegetative > flowering	vegetative	vegetative	flowering	dead_nf	FALSE	0	0
5B289	NA	XL	2020-07-23T00:00:00Z	5	B	289	1	33	4	1	2	NA	NA	NA	NA	NA	NA	NA	NA	NA	NA	NA	NA	NA	NA	NA	NA	NA	NA	NA	5B	205	2020				NA	vegetative > vegetative > flowering	vegetative	vegetative	flowering	dead_nf	FALSE	0	0
5B288	NA	XL	2020-07-23T00:00:00Z	5	B	288	3	27	1	0	0	1	0	0	NA	NA	NA	NA	NA	NA	NA	NA	NA	NA	NA	NA	NA	NA	NA	NA	5B	205	2020				NA	vegetative > vegetative > flowering	vegetative	vegetative	flowering	dead_nf	FALSE	0	0
5B5	NA	XL	2020-07-23T00:00:00Z	5	B	5	1	19	2	0	0	NA	NA	NA	NA	NA	NA	NA	NA	NA	NA	NA	NA	NA	NA	NA	NA	NA	NA	NA	5B	205	2020				NA	vegetative > vegetative > flowering	vegetative	vegetative	flowering	dead_nf	FALSE	0	0
5B299	NA	XL	2020-07-23T00:00:00Z	5	B	299	7	21	1	0	1	1	0	0	1	0	0	NA	NA	NA	NA	NA	NA	NA	NA	NA	NA	NA	NA	NA	5B	205	2020				NA	vegetative > vegetative > flowering	vegetative	vegetative	flowering	dead_nf	FALSE	0	0
5C683	NA	XL	2020-07-23T00:00:00Z	5	C	683	4	37	1	0	0	1	0	0	0	1	0	NA	NA	NA	NA	NA	NA	NA	NA	NA	NA	NA	NA	NA	5C	205	2020				NA	vegetative > vegetative > flowering	vegetative	vegetative	flowering	vegetative	FALSE	0	1
5C225	NA	XL	2020-07-23T00:00:00Z	5	C	225	1	41	3	3	1	NA	NA	NA	NA	NA	NA	NA	NA	NA	NA	NA	NA	NA	NA	NA	NA	NA	NA	NA	5C	205	2020				NA	vegetative > vegetative > flowering	vegetative	vegetative	flowering	dead_nf	FALSE	0	0
5C202	NA	XL	2020-07-23T00:00:00Z	5	C	202	1	34	8	5	1	NA	NA	NA	NA	NA	NA	NA	NA	NA	NA	NA	NA	NA	NA	NA	NA	NA	NA	NA	5C	205	2020				NA	vegetative > vegetative > flowering	vegetative	vegetative	flowering	dead_nf	FALSE	0	0
5C207	NA	XL	2020-07-23T00:00:00Z	5	C	207	3	22	3	1	0	6	1	0	1	1	0	NA	NA	NA	NA	NA	NA	NA	NA	NA	NA	NA	NA	NA	5C	205	2020				NA	vegetative > vegetative > flowering	vegetative	vegetative	flowering	dead_nf	FALSE	0	0
5C208	NA	XL	2020-07-23T00:00:00Z	5	C	208	1	31	6	1	0	NA	NA	NA	NA	NA	NA	NA	NA	NA	NA	NA	NA	NA	NA	NA	NA	NA	NA	chewed	5C	205	2020				NA	vegetative > vegetative > flowering	vegetative	vegetative	flowering	dead_nf	FALSE	0	0
5C217	NA	XL	2020-07-23T00:00:00Z	5	C	217	2	35	9	3	2	4	1	2	NA	NA	NA	NA	NA	NA	NA	NA	NA	NA	NA	NA	NA	NA	NA	NA	5C	205	2020				NA	vegetative > flowering > flowering	vegetative	flowering	flowering	dead_nf	FALSE	0	0
3C139	NA	XL	2020-07-23T00:00:00Z	3	C	139	1	46	6	0	2	NA	NA	NA	NA	NA	NA	NA	NA	NA	NA	NA	NA	NA	NA	NA	NA	NA	NA	NA	3C	205	2020				NA	vegetative > vegetative > flowering	vegetative	vegetative	flowering	dead_nf	FALSE	0	0
3C133	NA	XL	2020-07-23T00:00:00Z	3	C	133	1	43	7	2	0	NA	NA	NA	NA	NA	NA	NA	NA	NA	NA	NA	NA	NA	NA	NA	NA	NA	NA	bent	3C	205	2020				NA	vegetative > vegetative > flowering	vegetative	vegetative	flowering	vegetative	FALSE	0	1
3C142	NA	XL	2020-07-23T00:00:00Z	3	C	142	1	27	0	2	0	NA	NA	NA	NA	NA	NA	NA	NA	NA	NA	NA	NA	NA	NA	NA	NA	NA	NA	chewed	3C	205	2020				NA	vegetative > flowering > flowering	vegetative	flowering	flowering	dead_nf	FALSE	0	0
3C143	NA	XL	2020-07-23T00:00:00Z	3	C	143	2	24	1	0	0	1	0	0	NA	NA	NA	NA	NA	NA	NA	NA	NA	NA	NA	NA	NA	NA	NA	NA	3C	205	2020				NA	vegetative > flowering > flowering	vegetative	flowering	flowering	dead_nf	FALSE	0	0
6A136	NA	BV	2020-07-17T00:00:00Z	6	A	136	6	43	3	0	1	5	2	1	2	0	0	NA	NA	NA	NA	NA	NA	NA	NA	NA	NA	NA	NA	NA	6A	199	2020				NA	vegetative > vegetative > flowering	vegetative	vegetative	flowering	dead_nf	FALSE	0	0
6A138	NA	BV	2020-07-17T00:00:00Z	6	A	138	1	40	2	1	0	NA	NA	NA	NA	NA	NA	NA	NA	NA	NA	NA	NA	NA	NA	NA	NA	NA	NA	NA	6A	199	2020				NA	vegetative > vegetative > flowering	vegetative	vegetative	flowering	dead_nf	FALSE	0	0
6A685	NA	BV	2020-07-17T00:00:00Z	6	A	685	2	39	2	0	0	2	1	0	NA	NA	NA	NA	NA	NA	NA	NA	NA	NA	NA	NA	NA	NA	NA	NA	6A	199	2020				NA	vegetative > vegetative > flowering	vegetative	vegetative	flowering	dead_nf	FALSE	0	0
6A169	NA	BV	2020-07-17T00:00:00Z	6	A	169	3	24	2	0	1	2	1	0	1	2	1	NA	NA	NA	NA	NA	NA	NA	NA	NA	NA	NA	NA	NA	6A	199	2020				NA	vegetative > vegetative > flowering	vegetative	vegetative	flowering	vegetative	FALSE	0	1
6A165	NA	BV	2020-07-17T00:00:00Z	6	A	165	1	41	3	0	0	NA	NA	NA	NA	NA	NA	NA	NA	NA	NA	NA	NA	NA	NA	NA	NA	NA	NA	NA	6A	199	2020				NA	vegetative > vegetative > flowering	vegetative	vegetative	flowering	dead_nf	FALSE	0	0
6B243	NA	BV	2020-07-17T00:00:00Z	6	B	243	1	54	5	2	0	NA	NA	NA	NA	NA	NA	NA	NA	NA	NA	NA	NA	NA	NA	NA	NA	NA	NA	NA	6B	199	2020				NA	vegetative > vegetative > flowering	vegetative	vegetative	flowering	dead_nf	FALSE	0	0
6B266	NA	BV	2020-07-17T00:00:00Z	6	B	266	1	49	2	1	0	NA	NA	NA	NA	NA	NA	NA	NA	NA	NA	NA	NA	NA	NA	NA	NA	NA	NA	NA	6B	199	2020				NA	vegetative > vegetative > flowering	vegetative	vegetative	flowering	dead_nf	FALSE	0	0
6B21	NA	BV	2020-07-17T00:00:00Z	6	B	21	3	22	2	0	0	2	2	0	4	1	0	NA	NA	NA	NA	NA	NA	NA	NA	NA	NA	NA	NA	NA	6B	199	2020				NA	vegetative > vegetative > flowering	vegetative	vegetative	flowering	dead_nf	FALSE	0	0
6B120	NA	BV	2020-07-17T00:00:00Z	6	B	120	1	59	9	3	0	NA	NA	NA	NA	NA	NA	NA	NA	NA	NA	NA	NA	NA	NA	NA	NA	NA	NA	NA	6B	199	2020				NA	vegetative > vegetative > flowering	vegetative	vegetative	flowering	dead_nf	FALSE	0	0
6B8	NA	BV	2020-07-17T00:00:00Z	6	B	8	1	25	2	0	1	NA	NA	NA	NA	NA	NA	NA	NA	NA	NA	NA	NA	NA	NA	NA	NA	NA	NA	NA	6B	199	2020		pheno19		NA	vegetative > vegetative > flowering	vegetative	vegetative	flowering	dead_nf	FALSE	0	0
6C121	NA	BV	2020-07-17T00:00:00Z	6	C	121	1	45	2	3	1	NA	NA	NA	NA	NA	NA	NA	NA	NA	NA	NA	NA	NA	NA	NA	NA	NA	NA	NA	6C	199	2020				NA	vegetative > vegetative > flowering	vegetative	vegetative	flowering	dead_nf	FALSE	0	0
6C116	NA	BV	2020-07-17T00:00:00Z	6	C	116	1	17	2	1	2	NA	NA	NA	NA	NA	NA	NA	NA	NA	NA	NA	NA	NA	NA	NA	NA	NA	NA	NA	6C	199	2020				NA	vegetative > vegetative > flowering	vegetative	vegetative	flowering	dead_nf	FALSE	0	0
6C111	NA	BV	2020-07-17T00:00:00Z	6	C	111	4	23	2	1	1	1	0	1	NA	NA	NA	NA	NA	NA	NA	NA	NA	NA	NA	NA	NA	NA	NA	NA	6C	199	2020				NA	vegetative > vegetative > flowering	vegetative	vegetative	flowering	dead_nf	FALSE	0	0
6C113	NA	BV	2020-07-17T00:00:00Z	6	C	113	1	29	3	0	0	NA	NA	NA	NA	NA	NA	NA	NA	NA	NA	NA	NA	NA	NA	NA	NA	NA	NA	NA	6C	199	2020				NA	vegetative > vegetative > flowering	vegetative	vegetative	flowering	dead_nf	FALSE	0	0
6C93	NA	BV	2020-07-17T00:00:00Z	6	C	93	5	38	4	2	0	2	2	0	1	1	0	NA	NA	NA	NA	NA	NA	NA	NA	NA	NA	NA	NA	NA	6C	199	2020				NA	vegetative > vegetative > flowering	vegetative	vegetative	flowering	dead_nf	FALSE	0	0
6C86	NA	BV	2020-07-17T00:00:00Z	6	C	86	1	41	4	3	2	NA	NA	NA	NA	NA	NA	NA	NA	NA	NA	NA	NA	NA	NA	NA	NA	NA	NA	NA	6C	199	2020				NA	vegetative > vegetative > flowering	vegetative	vegetative	flowering	dead_nf	FALSE	0	0
6C99	NA	BV	2020-07-17T00:00:00Z	6	C	99	1	37	11	3	3	NA	NA	NA	NA	NA	NA	NA	NA	NA	NA	NA	NA	NA	NA	NA	NA	NA	NA	NA	6C	199	2020				NA	vegetative > vegetative > flowering	vegetative	vegetative	flowering	dead_nf	FALSE	0	0
6C96	NA	BV	2020-07-17T00:00:00Z	6	C	96	4	28	4	1	2	5	0	0	NA	NA	NA	NA	NA	NA	NA	NA	NA	NA	NA	NA	NA	NA	NA	NA	6C	199	2020				NA	vegetative > flowering > flowering	vegetative	flowering	flowering	dead_nf	FALSE	0	0
6D46	NA	BV	2020-07-17T00:00:00Z	6	D	46	5	30	1	3	0	2	1	0	2	0	0	NA	NA	NA	NA	NA	NA	NA	NA	NA	NA	NA	NA	NA	6D	199	2020		pheno18		NA	vegetative > vegetative > flowering	vegetative	vegetative	flowering	dead_nf	FALSE	0	0
6D52	NA	BV	2020-07-17T00:00:00Z	6	D	52	1	37	3	3	1	NA	NA	NA	NA	NA	NA	NA	NA	NA	NA	NA	NA	NA	NA	NA	NA	NA	NA	NA	6D	199	2020				NA	vegetative > vegetative > flowering	vegetative	vegetative	flowering	dead_nf	FALSE	0	0
6D45	NA	BV	2020-07-17T00:00:00Z	6	D	45	2	28	7	1	2	3	2	1	NA	NA	NA	NA	NA	NA	NA	NA	NA	NA	NA	NA	NA	NA	NA	NA	6D	199	2020				NA	flowering > vegetative > flowering	flowering	vegetative	flowering	dead_nf	FALSE	0	0
6D68	NA	BV	2020-07-17T00:00:00Z	6	D	68	2	33	5	1	0	4	0	0	NA	NA	NA	NA	NA	NA	NA	NA	NA	NA	NA	NA	NA	NA	NA	NA	6D	199	2020				NA	vegetative > vegetative > flowering	vegetative	vegetative	flowering	dead_nf	FALSE	0	0
6D71	NA	BV	2020-07-17T00:00:00Z	6	D	71	3	39	5	0	0	6	0	0	6	0	0	NA	NA	NA	NA	NA	NA	NA	NA	NA	NA	NA	NA	NA	6D	199	2020				NA	vegetative > vegetative > flowering	vegetative	vegetative	flowering	dead_nf	FALSE	0	0
6D59	NA	BV	2020-07-17T00:00:00Z	6	D	59	1	41	6	1	0	NA	NA	NA	NA	NA	NA	NA	NA	NA	NA	NA	NA	NA	NA	NA	NA	NA	NA	NA	6D	199	2020				NA	vegetative > vegetative > flowering	vegetative	vegetative	flowering	dead_nf	FALSE	0	0
5A180	NA	BV	2020-07-17T00:00:00Z	5	A	180	1	27	3	1	1	NA	NA	NA	NA	NA	NA	NA	NA	NA	NA	NA	NA	NA	NA	NA	NA	NA	NA	NA	5A	199	2020				NA	flowering > vegetative > flowering	flowering	vegetative	flowering	dead_nf	FALSE	0	0
5A202	NA	BV	2020-07-17T00:00:00Z	5	A	202	1	34	0	1	0	NA	NA	NA	NA	NA	NA	NA	NA	NA	NA	NA	NA	NA	NA	NA	NA	NA	NA	NA	5A	199	2020				NA	vegetative > flowering > flowering	vegetative	flowering	flowering	dead_nf	FALSE	0	0
5A185	NA	BV	2020-07-17T00:00:00Z	5	A	185	2	37	5	1	2	1	2	1	NA	NA	NA	NA	NA	NA	NA	NA	NA	NA	NA	NA	NA	NA	NA	NA	5A	199	2020		pheno19		NA	vegetative > vegetative > flowering	vegetative	vegetative	flowering	dead_nf	FALSE	0	0
5A191	NA	BV	2020-07-17T00:00:00Z	5	A	191	2	34	3	0	0	0	2	0	NA	NA	NA	NA	NA	NA	NA	NA	NA	NA	NA	NA	NA	NA	NA	NA	5A	199	2020				NA	vegetative > vegetative > flowering	vegetative	vegetative	flowering	dead_nf	FALSE	0	0
5B16	NA	BV	2020-07-17T00:00:00Z	5	B	16	1	42	1	0	0	NA	NA	NA	NA	NA	NA	NA	NA	NA	NA	NA	NA	NA	NA	NA	NA	NA	NA	NA	5B	199	2020				NA	vegetative > vegetative > flowering	vegetative	vegetative	flowering	dead_nf	FALSE	0	0
5B20	NA	BV	2020-07-17T00:00:00Z	5	B	20	7	43	1	1	1	2	1	0	2	1	0	NA	NA	NA	NA	NA	NA	NA	NA	NA	NA	NA	NA	NA	5B	199	2020		pheno18 pheno19		NA	vegetative > vegetative > flowering	vegetative	vegetative	flowering	dead_nf	FALSE	0	0
5B5	NA	BV	2020-07-17T00:00:00Z	5	B	5	1	19	5	1	1	3	2	0	4	0	0	NA	NA	NA	NA	NA	NA	NA	NA	NA	NA	NA	NA	NA	5B	199	2020				NA	vegetative > vegetative > flowering	vegetative	vegetative	flowering	dead_nf	FALSE	0	0
5B288	NA	BV	2020-07-17T00:00:00Z	5	B	288	5	30	2	3	0	1	1	0	NA	NA	NA	NA	NA	NA	NA	NA	NA	NA	NA	NA	NA	NA	NA	NA	5B	199	2020				NA	vegetative > vegetative > flowering	vegetative	vegetative	flowering	dead_nf	FALSE	0	0
5B299	NA	BV	2020-07-17T00:00:00Z	5	B	299	2	20	1	1	0	NA	NA	NA	NA	NA	NA	NA	NA	NA	NA	NA	NA	NA	NA	NA	NA	NA	NA	NA	5B	199	2020				NA	vegetative > vegetative > flowering	vegetative	vegetative	flowering	dead_nf	FALSE	0	0
5B289	NA	BV	2020-07-17T00:00:00Z	5	B	289	1	33	1	0	0	NA	NA	NA	NA	NA	NA	NA	NA	NA	NA	NA	NA	NA	NA	NA	NA	NA	NA	NA	5B	199	2020				NA	vegetative > vegetative > flowering	vegetative	vegetative	flowering	dead_nf	FALSE	0	0
5B4	NA	BV	2020-07-17T00:00:00Z	5	B	4	1	48	3	0	2	NA	NA	NA	NA	NA	NA	NA	NA	NA	NA	NA	NA	NA	NA	NA	NA	NA	NA	NA	5B	199	2020				NA	vegetative > vegetative > flowering	vegetative	vegetative	flowering	dead_nf	FALSE	0	0
5B300	NA	BV	2020-07-17T00:00:00Z	5	B	300	1	22	8	2	0	3	0	0	1	2	1	NA	NA	NA	NA	NA	NA	NA	NA	NA	NA	NA	NA	NA	5B	199	2020				NA	vegetative > vegetative > flowering	vegetative	vegetative	flowering	dead_nf	FALSE	0	0
5B296	NA	BV	2020-07-17T00:00:00Z	5	B	296	4	33	2	1	0	0	2	0	NA	NA	NA	NA	NA	NA	NA	NA	NA	NA	NA	NA	NA	NA	NA	NA	5B	199	2020				NA	vegetative > vegetative > flowering	vegetative	vegetative	flowering	dead_nf	FALSE	0	0
5C683	NA	BV	2020-07-17T00:00:00Z	5	C	683	2	36	1	0	0	NA	NA	NA	NA	NA	NA	NA	NA	NA	NA	NA	NA	NA	NA	NA	NA	NA	NA	NA	5C	199	2020				NA	vegetative > vegetative > flowering	vegetative	vegetative	flowering	vegetative	FALSE	0	1
5C202	NA	BV	2020-07-17T00:00:00Z	5	C	202	1	35	12	3	5	NA	NA	NA	NA	NA	NA	NA	NA	NA	NA	NA	NA	NA	NA	NA	NA	NA	NA	NA	5C	199	2020				NA	vegetative > vegetative > flowering	vegetative	vegetative	flowering	dead_nf	FALSE	0	0
5C208	NA	BV	2020-07-17T00:00:00Z	5	C	208	1	35	0	6	0	NA	NA	NA	NA	NA	NA	NA	NA	NA	NA	NA	NA	NA	NA	NA	NA	NA	NA	NA	5C	199	2020				NA	vegetative > vegetative > flowering	vegetative	vegetative	flowering	dead_nf	FALSE	0	0
5C221	NA	BV	2020-07-17T00:00:00Z	5	C	221	3	26	1	0	0	5	2	2	NA	NA	NA	NA	NA	NA	NA	NA	NA	NA	NA	NA	NA	NA	NA	NA	5C	199	2020				NA	flowering > vegetative > flowering	flowering	vegetative	flowering	dead_nf	FALSE	0	0
5C217	NA	BV	2020-07-17T00:00:00Z	5	C	217	2	37	1	2	0	3	0	0	1	0	0	NA	NA	NA	NA	NA	NA	NA	NA	NA	NA	NA	NA	NA	5C	199	2020				NA	vegetative > flowering > flowering	vegetative	flowering	flowering	dead_nf	FALSE	0	0
5D247	NA	BV	2020-07-17T00:00:00Z	5	D	247	5	33	2	2	0	NA	NA	NA	NA	NA	NA	NA	NA	NA	NA	NA	NA	NA	NA	NA	NA	NA	NA	NA	5D	199	2020				NA	vegetative > vegetative > flowering	vegetative	vegetative	flowering	dead_nf	FALSE	0	0
5D252	NA	BV	2020-07-17T00:00:00Z	5	D	252	1	30	1	1	1	NA	NA	NA	NA	NA	NA	NA	NA	NA	NA	NA	NA	NA	NA	NA	NA	NA	NA	NA	5D	199	2020				NA	vegetative > vegetative > flowering	vegetative	vegetative	flowering	dead_nf	FALSE	0	0
5D242	NA	BV	2020-07-17T00:00:00Z	5	D	242	1	35	5	0	3	NA	NA	NA	NA	NA	NA	NA	NA	NA	NA	NA	NA	NA	NA	NA	NA	NA	NA	NA	5D	199	2020				NA	vegetative > vegetative > flowering	vegetative	vegetative	flowering	dead_nf	FALSE	0	0
5D250	NA	BV	2020-07-17T00:00:00Z	5	D	250	1	24	3	4	2	NA	NA	NA	NA	NA	NA	NA	NA	NA	NA	NA	NA	NA	NA	NA	NA	NA	NA	NA	5D	199	2020				NA	vegetative > vegetative > flowering	vegetative	vegetative	flowering	dead_nf	FALSE	0	0
5D268	NA	BV	2020-07-17T00:00:00Z	5	D	268	1	37	1	2	0	NA	NA	NA	NA	NA	NA	NA	NA	NA	NA	NA	NA	NA	NA	NA	NA	NA	NA	NA	5D	199	2020				NA	vegetative > vegetative > flowering	vegetative	vegetative	flowering	dead_nf	FALSE	0	0
5D269_20	NA	BV	2020-07-17T00:00:00Z	5	D	269_20	1	33	14	3	2	NA	NA	NA	NA	NA	NA	NA	NA	NA	NA	NA	NA	NA	NA	NA	NA	NA	NA	NA	5D	199	2020		census20 pheno20 floral20 volatiles20 seeds20		NA	vegetative > dead_nf > dead_nf	vegetative	dead_nf	dead_nf	dead_nf	TRUE	0	0
5D274	NA	BV	2020-07-17T00:00:00Z	5	D	274	1	38	4	0	0	NA	NA	NA	NA	NA	NA	NA	NA	NA	NA	NA	NA	NA	NA	NA	NA	NA	NA	NA	5D	199	2020				NA	vegetative > vegetative > flowering	vegetative	vegetative	flowering	vegetative	FALSE	0	1
5D273	NA	BV	2020-07-17T00:00:00Z	5	D	273	1	26	1	0	0	NA	NA	NA	NA	NA	NA	NA	NA	NA	NA	NA	NA	NA	NA	NA	NA	NA	NA	NA	5D	199	2020		pheno19		NA	vegetative > vegetative > flowering	vegetative	vegetative	flowering	dead_nf	FALSE	0	0
5D278	NA	BV	2020-07-17T00:00:00Z	5	D	278	5	26	0	3	0	0	1	0	NA	NA	NA	NA	NA	NA	NA	NA	NA	NA	NA	NA	NA	NA	NA	NA	5D	199	2020				NA	vegetative > vegetative > flowering	vegetative	vegetative	flowering	dead_nf	FALSE	0	0
2A694	NA	BV	2020-07-23T00:00:00Z	2	A	694	1	42	1	1	1	NA	NA	NA	NA	NA	NA	NA	NA	NA	NA	NA	NA	NA	NA	NA	NA	NA	NA	NA	2A	205	2020				NA	vegetative > vegetative > flowering	vegetative	vegetative	flowering	dead_nf	FALSE	0	0
2B138	NA	BV	2020-07-23T00:00:00Z	2	B	138	1	43	1	2	1	NA	NA	NA	NA	NA	NA	NA	NA	NA	NA	NA	NA	NA	NA	NA	NA	NA	NA	NA	2B	205	2020				NA	vegetative > vegetative > flowering	vegetative	vegetative	flowering	dead_nf	FALSE	0	0
2B195_20	NA	BV	2020-07-23T00:00:00Z	2	B	195_20	1	34	3	1	1	NA	NA	NA	NA	NA	NA	NA	NA	NA	NA	NA	NA	NA	NA	NA	NA	NA	NA	NA	2B	205	2020		census20 pheno20 floral20 volatiles20 seeds20		NA	flowering > dead_nf > dead_nf	flowering	dead_nf	dead_nf	dead_nf	TRUE	0	0
2B178	NA	BV	2020-07-23T00:00:00Z	2	B	178	1	20	2	1	0	NA	NA	NA	NA	NA	NA	NA	NA	NA	NA	NA	NA	NA	NA	NA	NA	NA	NA	NA	2B	205	2020				NA	vegetative > vegetative > flowering	vegetative	vegetative	flowering	vegetative	FALSE	0	1
2B188	NA	BV	2020-07-23T00:00:00Z	2	B	188	1	18	2	3	0	NA	NA	NA	NA	NA	NA	NA	NA	NA	NA	NA	NA	NA	NA	NA	NA	NA	NA	NA	2B	205	2020				NA	vegetative > vegetative > flowering	vegetative	vegetative	flowering	vegetative	FALSE	0	1
2B197	NA	BV	2020-07-23T00:00:00Z	2	B	197	1	36	1	2	1	NA	NA	NA	NA	NA	NA	NA	NA	NA	NA	NA	NA	NA	NA	NA	NA	NA	NA	NA	2B	205	2020				NA	vegetative > vegetative > flowering	vegetative	vegetative	flowering	dead_nf	FALSE	0	0
2B189	NA	BV	2020-07-23T00:00:00Z	2	B	189	1	24	9	3	2	NA	NA	NA	NA	NA	NA	NA	NA	NA	NA	NA	NA	NA	NA	NA	NA	NA	NA	NA	2B	205	2020				NA	vegetative > vegetative > flowering	vegetative	vegetative	flowering	dead_nf	FALSE	0	0
2B186	NA	BV	2020-07-23T00:00:00Z	2	B	186	1	28	5	3	1	NA	NA	NA	NA	NA	NA	NA	NA	NA	NA	NA	NA	NA	NA	NA	NA	NA	NA	NA	2B	205	2020				NA	vegetative > vegetative > flowering	vegetative	vegetative	flowering	vegetative	FALSE	0	1
2B84	NA	BV	2020-07-23T00:00:00Z	2	B	84	1	33	8	2	3	NA	NA	NA	NA	NA	NA	NA	NA	NA	NA	NA	NA	NA	NA	NA	NA	NA	NA	NA	2B	205	2020				NA	vegetative > flowering > flowering	vegetative	flowering	flowering	dead_nf	FALSE	0	0
2B190	NA	BV	2020-07-23T00:00:00Z	2	B	190	1	29	8	4	0	NA	NA	NA	NA	NA	NA	NA	NA	NA	NA	NA	NA	NA	NA	NA	NA	NA	NA	NA	2B	205	2020				NA	vegetative > vegetative > flowering	vegetative	vegetative	flowering	dead_nf	FALSE	0	0
2B97	NA	BV	2020-07-23T00:00:00Z	2	B	97	1	26	3	0	0	NA	NA	NA	NA	NA	NA	NA	NA	NA	NA	NA	NA	NA	NA	NA	NA	NA	NA	NA	2B	205	2020				NA	vegetative > vegetative > flowering	vegetative	vegetative	flowering	dead_nf	FALSE	0	0
2B180	NA	BV	2020-07-23T00:00:00Z	2	B	180	1	28	1	1	0	NA	NA	NA	NA	NA	NA	NA	NA	NA	NA	NA	NA	NA	NA	NA	NA	NA	NA	NA	2B	205	2020				NA	vegetative > vegetative > flowering	vegetative	vegetative	flowering	vegetative	FALSE	0	1
2B183	NA	BV	2020-07-23T00:00:00Z	2	B	183	3	27	2	0	0	0	2	0	NA	NA	NA	NA	NA	NA	NA	NA	NA	NA	NA	NA	NA	NA	NA	NA	2B	205	2020				NA	vegetative > vegetative > flowering	vegetative	vegetative	flowering	dead_nf	FALSE	0	0
2B81	NA	BV	2020-07-23T00:00:00Z	2	B	81	1	29	1	0	0	NA	NA	NA	NA	NA	NA	NA	NA	NA	NA	NA	NA	NA	NA	NA	NA	NA	NA	NA	2B	205	2020				NA	vegetative > vegetative > flowering	vegetative	vegetative	flowering	dead_nf	FALSE	0	0
2B83	NA	BV	2020-07-23T00:00:00Z	2	B	83	1	33	1	0	1	NA	NA	NA	NA	NA	NA	NA	NA	NA	NA	NA	NA	NA	NA	NA	NA	NA	NA	NA	2B	205	2020				NA	vegetative > vegetative > flowering	vegetative	vegetative	flowering	dead_nf	FALSE	0	0
2B86	NA	BV	2020-07-23T00:00:00Z	2	B	86	1	34	1	2	0	NA	NA	NA	NA	NA	NA	NA	NA	NA	NA	NA	NA	NA	NA	NA	NA	NA	NA	NA	2B	205	2020				NA	vegetative > vegetative > flowering	vegetative	vegetative	flowering	dead_nf	FALSE	0	0
2B85	NA	BV	2020-07-23T00:00:00Z	2	B	85	1	29	1	1	0	NA	NA	NA	NA	NA	NA	NA	NA	NA	NA	NA	NA	NA	NA	NA	NA	NA	NA	NA	2B	205	2020				NA	vegetative > vegetative > flowering	vegetative	vegetative	flowering	dead_nf	FALSE	0	0
2B89	NA	BV	2020-07-23T00:00:00Z	2	B	89	1	30	2	0	0	NA	NA	NA	NA	NA	NA	NA	NA	NA	NA	NA	NA	NA	NA	NA	NA	NA	NA	NA	2B	205	2020				NA	vegetative > vegetative > flowering	vegetative	vegetative	flowering	dead_nf	FALSE	0	0
2C262	NA	BV	2020-07-23T00:00:00Z	2	C	262	5	26	2	2	0	2	0	1	NA	NA	NA	NA	NA	NA	NA	NA	NA	NA	NA	NA	NA	NA	NA	NA	2C	205	2020				NA	vegetative > vegetative > flowering	vegetative	vegetative	flowering	dead_nf	FALSE	0	0
2C277	NA	BV	2020-07-23T00:00:00Z	2	C	277	1	24	5	1	0	NA	NA	NA	NA	NA	NA	NA	NA	NA	NA	NA	NA	NA	NA	NA	NA	NA	NA	NA	2C	205	2020				NA	vegetative > vegetative > flowering	vegetative	vegetative	flowering	dead_nf	FALSE	0	0
2C274	NA	BV	2020-07-23T00:00:00Z	2	C	274	2	31	3	4	0	1	2	0	NA	NA	NA	NA	NA	NA	NA	NA	NA	NA	NA	NA	NA	NA	NA	NA	2C	205	2020				NA	vegetative > vegetative > flowering	vegetative	vegetative	flowering	dead_nf	FALSE	0	0
2C297_20	NA	BV	2020-07-23T00:00:00Z	2	C	297_20	2	25	1	0	0	1	1	0	NA	NA	NA	NA	NA	NA	NA	NA	NA	NA	NA	NA	NA	NA	NA	NA	2C	205	2020		census20 pheno20 floral20 volatiles20 seeds20		NA	vegetative > dead_nf > dead_nf	vegetative	dead_nf	dead_nf	dead_nf	TRUE	0	0
2C292	NA	BV	2020-07-23T00:00:00Z	2	C	292	1	35	2	1	0	NA	NA	NA	NA	NA	NA	NA	NA	NA	NA	NA	NA	NA	NA	NA	NA	NA	NA	NA	2C	205	2020				NA	vegetative > vegetative > flowering	vegetative	vegetative	flowering	vegetative	FALSE	0	1
2C293	NA	BV	2020-07-23T00:00:00Z	2	C	293	1	31	1	0	0	NA	NA	NA	NA	NA	NA	NA	NA	NA	NA	NA	NA	NA	NA	NA	NA	NA	NA	NA	2C	205	2020				NA	vegetative > vegetative > flowering	vegetative	vegetative	flowering	dead_nf	FALSE	0	0
2C289	NA	BV	2020-07-23T00:00:00Z	2	C	289	4	22	2	2	0	3	2	0	NA	NA	NA	NA	NA	NA	NA	NA	NA	NA	NA	NA	NA	NA	NA	NA	2C	205	2020				NA	vegetative > vegetative > flowering	vegetative	vegetative	flowering	dead_nf	FALSE	0	0
2D220	NA	BV	2020-07-23T00:00:00Z	2	D	220	1	32	4	2	2	NA	NA	NA	NA	NA	NA	NA	NA	NA	NA	NA	NA	NA	NA	NA	NA	NA	NA	NA	2D	205	2020				NA	vegetative > vegetative > flowering	vegetative	vegetative	flowering	dead_nf	FALSE	0	0
2D219	NA	BV	2020-07-23T00:00:00Z	2	D	219	1	39	9	1	4	NA	NA	NA	NA	NA	NA	NA	NA	NA	NA	NA	NA	NA	NA	NA	NA	NA	NA	NA	2D	205	2020				NA	vegetative > vegetative > flowering	vegetative	vegetative	flowering	dead_nf	FALSE	0	0
2D94	NA	BV	2020-07-23T00:00:00Z	2	D	94	3	40	3	0	0	3	1	0	NA	NA	NA	NA	NA	NA	NA	NA	NA	NA	NA	NA	NA	NA	NA	NA	2D	205	2020				NA	NA	NA	NA	NA	NA	FALSE	NA	NA
2D210	NA	BV	2020-07-23T00:00:00Z	2	D	210	1	28	7	3	3	NA	NA	NA	NA	NA	NA	NA	NA	NA	NA	NA	NA	NA	NA	NA	NA	NA	NA	NA	2D	205	2020				NA	vegetative > vegetative > flowering	vegetative	vegetative	flowering	dead_nf	FALSE	0	0
2D207	NA	BV	2020-07-23T00:00:00Z	2	D	207	2	27	2	0	0	0	2	2	NA	NA	NA	NA	NA	NA	NA	NA	NA	NA	NA	NA	NA	NA	NA	NA	2D	205	2020				NA	vegetative > vegetative > flowering	vegetative	vegetative	flowering	dead_nf	FALSE	0	0
2D193	NA	BV	2020-07-23T00:00:00Z	2	D	193	3	41	8	3	1	8	3	3	NA	NA	NA	NA	NA	NA	NA	NA	NA	NA	NA	NA	NA	NA	NA	NA	2D	205	2020				NA	vegetative > vegetative > flowering	vegetative	vegetative	flowering	dead_nf	FALSE	0	0
2D187	NA	BV	2020-07-23T00:00:00Z	2	D	187	3	54	7	6	1	1	4	0	NA	NA	NA	NA	NA	NA	NA	NA	NA	NA	NA	NA	NA	NA	NA	NA	2D	205	2020				NA	vegetative > vegetative > flowering	vegetative	vegetative	flowering	dead_nf	FALSE	0	0
2D191	NA	BV	2020-07-23T00:00:00Z	2	D	191	2	31	3	1	1	1	1	1	NA	NA	NA	NA	NA	NA	NA	NA	NA	NA	NA	NA	NA	NA	NA	NA	2D	205	2020				NA	vegetative > vegetative > flowering	vegetative	vegetative	flowering	dead_nf	FALSE	0	0
2D204	NA	BV	2020-07-23T00:00:00Z	2	D	204	1	63	2	3	0	NA	NA	NA	NA	NA	NA	NA	NA	NA	NA	NA	NA	NA	NA	NA	NA	NA	NA	NA	2D	205	2020				NA	vegetative > vegetative > flowering	vegetative	vegetative	flowering	dead_nf	FALSE	0	0
3A125	NA	BV	2020-07-23T00:00:00Z	3	A	125	1	35	6	2	0	NA	NA	NA	NA	NA	NA	NA	NA	NA	NA	NA	NA	NA	NA	NA	NA	NA	NA	NA	3A	205	2020				NA	vegetative > vegetative > flowering	vegetative	vegetative	flowering	dead_nf	FALSE	0	0
3A278	NA	BV	2020-07-23T00:00:00Z	3	A	278	1	42	2	1	0	NA	NA	NA	NA	NA	NA	NA	NA	NA	NA	NA	NA	NA	NA	NA	NA	NA	NA	NA	3A	205	2020				NA	vegetative > vegetative > flowering	vegetative	vegetative	flowering	dead_nf	FALSE	0	0
3A273	NA	BV	2020-07-23T00:00:00Z	3	A	273	1	29	9	4	2	NA	NA	NA	NA	NA	NA	NA	NA	NA	NA	NA	NA	NA	NA	NA	NA	NA	NA	NA	3A	205	2020				NA	vegetative > vegetative > flowering	vegetative	vegetative	flowering	dead_nf	FALSE	0	0
3A641	NA	BV	2020-07-23T00:00:00Z	3	A	641	2	22	1	1	0	NA	NA	NA	NA	NA	NA	NA	NA	NA	NA	NA	NA	NA	NA	NA	NA	NA	NA	NA	3A	205	2020				NA	vegetative > vegetative > flowering	vegetative	vegetative	flowering	dead_nf	FALSE	0	0
3A636	NA	BV	2020-07-23T00:00:00Z	3	A	636	1	35	4	1	1	NA	NA	NA	NA	NA	NA	NA	NA	NA	NA	NA	NA	NA	NA	NA	NA	NA	NA	NA	3A	205	2020				NA	vegetative > vegetative > flowering	vegetative	vegetative	flowering	dead_nf	FALSE	0	0
3A638	NA	BV	2020-07-23T00:00:00Z	3	A	638	2	66	4	8	0	4	2	1	NA	NA	NA	NA	NA	NA	NA	NA	NA	NA	NA	NA	NA	NA	NA	NA	3A	205	2020				NA	vegetative > vegetative > flowering	vegetative	vegetative	flowering	dead_nf	FALSE	0	0
5D247	NA	BV	2020-07-23T00:00:00Z	5	D	247	6	34	4	1	0	2	1	0	NA	NA	NA	NA	NA	NA	NA	NA	NA	NA	NA	NA	NA	NA	NA	NA	5D	205	2020				NA	vegetative > vegetative > flowering	vegetative	vegetative	flowering	dead_nf	FALSE	0	0
5D252	NA	BV	2020-07-23T00:00:00Z	5	D	252	2	32	2	3	4	NA	NA	NA	NA	NA	NA	NA	NA	NA	NA	NA	NA	NA	NA	NA	NA	NA	NA	NA	5D	205	2020				NA	vegetative > vegetative > flowering	vegetative	vegetative	flowering	dead_nf	FALSE	0	0
5D250	NA	BV	2020-07-23T00:00:00Z	5	D	250	2	34	3	1	0	4	1	0	NA	NA	NA	NA	NA	NA	NA	NA	NA	NA	NA	NA	NA	NA	NA	NA	5D	205	2020				NA	vegetative > vegetative > flowering	vegetative	vegetative	flowering	dead_nf	FALSE	0	0
5D268	NA	BV	2020-07-23T00:00:00Z	5	D	268	1	38	2	2	0	NA	NA	NA	NA	NA	NA	NA	NA	NA	NA	NA	NA	NA	NA	NA	NA	NA	NA	NA	5D	205	2020				NA	vegetative > vegetative > flowering	vegetative	vegetative	flowering	dead_nf	FALSE	0	0
5D269_20	NA	BV	2020-07-23T00:00:00Z	5	D	269_20	1	32	8	3	0	NA	NA	NA	NA	NA	NA	NA	NA	NA	NA	NA	NA	NA	NA	NA	NA	NA	NA	NA	5D	205	2020		census20 pheno20 floral20 volatiles20 seeds20		NA	vegetative > dead_nf > dead_nf	vegetative	dead_nf	dead_nf	dead_nf	TRUE	0	0
5D273	NA	BV	2020-07-23T00:00:00Z	5	D	273	2	28	1	2	1	0	2	0	NA	NA	NA	NA	NA	NA	NA	NA	NA	NA	NA	NA	NA	NA	NA	NA	5D	205	2020		pheno19		NA	vegetative > vegetative > flowering	vegetative	vegetative	flowering	dead_nf	FALSE	0	0
5D275	NA	BV	2020-07-23T00:00:00Z	5	D	275	2	28	2	0	1	3	0	1	NA	NA	NA	NA	NA	NA	NA	NA	NA	NA	NA	NA	NA	NA	NA	NA	5D	205	2020				NA	vegetative > vegetative > flowering	vegetative	vegetative	flowering	dead_nf	FALSE	0	0
5D278	NA	BV	2020-07-23T00:00:00Z	5	D	278	3	24	1	1	1	2	1	1	NA	NA	NA	NA	NA	NA	NA	NA	NA	NA	NA	NA	NA	NA	NA	NA	5D	205	2020				NA	vegetative > vegetative > flowering	vegetative	vegetative	flowering	dead_nf	FALSE	0	0
1A230	NA	ST	2020-07-31T00:00:00Z	1	A	230	1	32	1	1	0	NA	NA	NA	NA	NA	NA	NA	NA	NA	NA	NA	NA	NA	NA	NA	NA	NA	NA	NA	1A	213	2020				NA	vegetative > vegetative > flowering	vegetative	vegetative	flowering	dead_nf	FALSE	0	0
1A231	NA	ST	2020-07-31T00:00:00Z	1	A	231	1	50	2	1	2	NA	NA	NA	NA	NA	NA	NA	NA	NA	NA	NA	NA	NA	NA	NA	NA	NA	NA	NA	1A	213	2020				NA	vegetative > vegetative > flowering	vegetative	vegetative	flowering	flowering	FALSE	1	1
1A244	NA	ST	2020-07-31T00:00:00Z	1	A	244	5	27	1	0	0	0	0	0	0	0	0	0	0	0	0	0	0	NA	NA	NA	NA	NA	NA	NA	1A	213	2020				NA	vegetative > vegetative > flowering	vegetative	vegetative	flowering	flowering	FALSE	1	1
1A235	NA	ST	2020-07-31T00:00:00Z	1	A	235	1	29	1	0	0	NA	NA	NA	NA	NA	NA	NA	NA	NA	NA	NA	NA	NA	NA	NA	NA	NA	NA	NA	1A	213	2020		floral18		NA	vegetative > vegetative > flowering	vegetative	vegetative	flowering	dead_nf	FALSE	0	0
1A233	NA	ST	2020-07-31T00:00:00Z	1	A	233	1	35	1	0	0	NA	NA	NA	NA	NA	NA	NA	NA	NA	NA	NA	NA	NA	NA	NA	NA	NA	NA	NA	1A	213	2020				NA	vegetative > vegetative > flowering	vegetative	vegetative	flowering	dead_nf	FALSE	0	0
1B658	NA	ST	2020-07-31T00:00:00Z	1	B	658	1	23	4	1	0	NA	NA	NA	NA	NA	NA	NA	NA	NA	NA	NA	NA	NA	NA	NA	NA	NA	NA	NA	1B	213	2020				NA	vegetative > vegetative > flowering	vegetative	vegetative	flowering	dead_nf	FALSE	0	0
1B656	NA	ST	2020-07-31T00:00:00Z	1	B	656	2	28	1	2	1	2	2	0	NA	NA	NA	NA	NA	NA	NA	NA	NA	NA	NA	NA	NA	NA	NA	NA	1B	213	2020				NA	vegetative > vegetative > flowering	vegetative	vegetative	flowering	dead_nf	FALSE	0	0
1B672	NA	ST	2020-07-31T00:00:00Z	1	B	672	1	32	2	2	1	NA	NA	NA	NA	NA	NA	NA	NA	NA	NA	NA	NA	NA	NA	NA	NA	NA	NA	NA	1B	213	2020				NA	vegetative > vegetative > flowering	vegetative	vegetative	flowering	dead_nf	FALSE	0	0
1B653	NA	ST	2020-07-31T00:00:00Z	1	B	653	1	24	4	1	2	NA	NA	NA	NA	NA	NA	NA	NA	NA	NA	NA	NA	NA	NA	NA	NA	NA	NA	NA	1B	213	2020				NA	vegetative > vegetative > flowering	vegetative	vegetative	flowering	dead_nf	FALSE	0	0
1B650	NA	ST	2020-07-31T00:00:00Z	1	B	650	1	22	6	1	0	NA	NA	NA	NA	NA	NA	NA	NA	NA	NA	NA	NA	NA	NA	NA	NA	NA	NA	NA	1B	213	2020				NA	vegetative > vegetative > flowering	vegetative	vegetative	flowering	dead_nf	FALSE	0	0
1C64	NA	ST	2020-07-31T00:00:00Z	1	C	64	2	32	3	1	0	0	0	0	NA	NA	NA	NA	NA	NA	NA	NA	NA	NA	NA	NA	NA	NA	NA	NA	1C	213	2020				NA	vegetative > vegetative > flowering	vegetative	vegetative	flowering	dead_nf	FALSE	0	0
1C60	NA	ST	2020-07-31T00:00:00Z	1	C	60	7	37	1	0	0	0	2	0	0	0	0	0	0	0	0	0	0	0	0	0	NA	NA	NA	NA	1C	213	2020				NA	vegetative > vegetative > flowering	vegetative	vegetative	flowering	dead_nf	FALSE	0	0
1C46	NA	ST	2020-07-31T00:00:00Z	1	C	46	6	26	1	0	0	1	0	0	0	0	0	0	0	0	0	0	0	0	0	0	NA	NA	NA	NA	1C	213	2020				NA	vegetative > vegetative > flowering	vegetative	vegetative	flowering	dead_nf	FALSE	0	0
1D33	NA	ST	2020-07-31T00:00:00Z	1	D	33	1	38	3	3	0	NA	NA	NA	NA	NA	NA	NA	NA	NA	NA	NA	NA	NA	NA	NA	NA	NA	NA	NA	1D	213	2020				NA	vegetative > vegetative > flowering	vegetative	vegetative	flowering	dead_nf	FALSE	0	0
1D12	NA	ST	2020-07-31T00:00:00Z	1	D	12	1	41	6	0	0	NA	NA	NA	NA	NA	NA	NA	NA	NA	NA	NA	NA	NA	NA	NA	NA	NA	NA	NA	1D	213	2020				NA	vegetative > vegetative > flowering	vegetative	vegetative	flowering	flowering	FALSE	1	1
5D278	NA	ST	2020-07-31T00:00:00Z	5	D	278	6	24	1	0	0	2	0	1	2	1	0	2	1	0	1	0	0	1	0	0	NA	NA	NA	NA	5D	213	2020				NA	vegetative > vegetative > flowering	vegetative	vegetative	flowering	dead_nf	FALSE	0	0
5D273	NA	ST	2020-07-31T00:00:00Z	5	D	273	2	25	1	0	0	NA	NA	NA	NA	NA	NA	NA	NA	NA	NA	NA	NA	NA	NA	NA	NA	NA	NA	NA	5D	213	2020		pheno19		NA	vegetative > vegetative > flowering	vegetative	vegetative	flowering	dead_nf	FALSE	0	0
5D275	NA	ST	2020-07-31T00:00:00Z	5	D	275	5	28	1	0	0	1	0	0	1	0	0	2	0	0	1	0	0	NA	NA	NA	NA	NA	NA	NA	5D	213	2020				NA	vegetative > vegetative > flowering	vegetative	vegetative	flowering	dead_nf	FALSE	0	0
5D269_20	NA	ST	2020-07-31T00:00:00Z	5	D	269_20	3	40	2	0	0	4	1	1	0	0	0	NA	NA	NA	NA	NA	NA	NA	NA	NA	NA	NA	NA	NA	5D	213	2020		census20 pheno20 floral20 volatiles20 seeds20		NA	vegetative > dead_nf > dead_nf	vegetative	dead_nf	dead_nf	dead_nf	TRUE	0	0
5D250	NA	ST	2020-07-31T00:00:00Z	5	D	250	2	34	1	0	0	0	0	0	NA	NA	NA	NA	NA	NA	NA	NA	NA	NA	NA	NA	NA	NA	NA	NA	5D	213	2020				NA	vegetative > vegetative > flowering	vegetative	vegetative	flowering	dead_nf	FALSE	0	0
5D247	NA	ST	2020-07-31T00:00:00Z	5	D	247	5	31	2	0	0	1	0	0	1	0	0	0	0	0	0	0	0	NA	NA	NA	NA	NA	NA	NA	5D	213	2020				NA	vegetative > vegetative > flowering	vegetative	vegetative	flowering	dead_nf	FALSE	0	0
5D252	NA	ST	2020-07-31T00:00:00Z	5	D	252	2	32	1	0	0	3	3	2	NA	NA	NA	NA	NA	NA	NA	NA	NA	NA	NA	NA	NA	NA	NA	NA	5D	213	2020				NA	vegetative > vegetative > flowering	vegetative	vegetative	flowering	dead_nf	FALSE	0	0
5C225	NA	ST	2020-07-31T00:00:00Z	5	C	225	1	51	3	0	0	NA	NA	NA	NA	NA	NA	NA	NA	NA	NA	NA	NA	NA	NA	NA	NA	NA	NA	NA	5C	213	2020				NA	vegetative > vegetative > flowering	vegetative	vegetative	flowering	dead_nf	FALSE	0	0
5C683	NA	ST	2020-07-31T00:00:00Z	5	C	683	2	37	3	0	0	0	0	0	NA	NA	NA	NA	NA	NA	NA	NA	NA	NA	NA	NA	NA	NA	NA	NA	5C	213	2020				NA	vegetative > vegetative > flowering	vegetative	vegetative	flowering	vegetative	FALSE	0	1
5C217	NA	ST	2020-07-31T00:00:00Z	5	C	217	2	35	3	0	0	9	2	3	NA	NA	NA	NA	NA	NA	NA	NA	NA	NA	NA	NA	NA	NA	NA	NA	5C	213	2020				NA	vegetative > flowering > flowering	vegetative	flowering	flowering	dead_nf	FALSE	0	0
5C211	NA	ST	2020-07-31T00:00:00Z	5	C	211	1	13	1	0	0	NA	NA	NA	NA	NA	NA	NA	NA	NA	NA	NA	NA	NA	NA	NA	NA	NA	NA	NA	5C	213	2020				NA	vegetative > vegetative > flowering	vegetative	vegetative	flowering	dead_nf	FALSE	0	0
5C208	NA	ST	2020-07-31T00:00:00Z	5	C	208	1	32	2	0	0	NA	NA	NA	NA	NA	NA	NA	NA	NA	NA	NA	NA	NA	NA	NA	NA	NA	NA	NA	5C	213	2020				NA	vegetative > vegetative > flowering	vegetative	vegetative	flowering	dead_nf	FALSE	0	0
5C207	NA	ST	2020-07-31T00:00:00Z	5	C	207	1	15	2	0	0	2	0	0	1	0	0	NA	NA	NA	NA	NA	NA	NA	NA	NA	NA	NA	NA	NA	5C	213	2020				NA	vegetative > vegetative > flowering	vegetative	vegetative	flowering	dead_nf	FALSE	0	0
6A136	NA	XL	2020-07-31T00:00:00Z	6	A	136	6	42	1	0	0	2	0	1	NA	NA	NA	NA	NA	NA	NA	NA	NA	NA	NA	NA	NA	NA	NA	snapped	6A	213	2020				NA	vegetative > vegetative > flowering	vegetative	vegetative	flowering	dead_nf	FALSE	0	0
6B12	NA	XL	2020-07-31T00:00:00Z	6	B	12	2	30	1	1	0	1	0	0	NA	NA	NA	NA	NA	NA	NA	NA	NA	NA	NA	NA	NA	NA	NA	NA	6B	213	2020				NA	vegetative > vegetative > vegetative	vegetative	vegetative	vegetative	vegetative	FALSE	0	1
6B8	NA	XL	2020-07-31T00:00:00Z	6	B	8	1	28	4	3	0	NA	NA	NA	NA	NA	NA	NA	NA	NA	NA	NA	NA	NA	NA	NA	NA	NA	NA	NA	6B	213	2020		pheno19		NA	vegetative > vegetative > flowering	vegetative	vegetative	flowering	dead_nf	FALSE	0	0
6C121	NA	XL	2020-07-31T00:00:00Z	6	C	121	9	48	9	2	1	6	0	0	1	1	0	5	3	0	3	1	0	1	3	0	4	2	0	NA	6C	213	2020				NA	vegetative > vegetative > flowering	vegetative	vegetative	flowering	dead_nf	FALSE	0	0
6C111	NA	XL	2020-07-31T00:00:00Z	6	C	111	5	34	3	2	0	1	0	0	0	1	0	0	1	0	NA	NA	NA	NA	NA	NA	NA	NA	NA	NA	6C	213	2020				NA	vegetative > vegetative > flowering	vegetative	vegetative	flowering	dead_nf	FALSE	0	0
6C93	NA	XL	2020-07-31T00:00:00Z	6	C	93	5	38	2	0	0	3	2	0	1	0	0	NA	NA	NA	NA	NA	NA	NA	NA	NA	NA	NA	NA	NA	6C	213	2020				NA	vegetative > vegetative > flowering	vegetative	vegetative	flowering	dead_nf	FALSE	0	0
6C96	NA	XL	2020-07-31T00:00:00Z	6	C	96	4	28	1	2	1	2	2	2	1	1	1	NA	NA	NA	NA	NA	NA	NA	NA	NA	NA	NA	NA	NA	6C	213	2020				NA	vegetative > flowering > flowering	vegetative	flowering	flowering	dead_nf	FALSE	0	0
6D59	NA	XL	2020-07-31T00:00:00Z	6	D	59	1	41	1	0	0	NA	NA	NA	NA	NA	NA	NA	NA	NA	NA	NA	NA	NA	NA	NA	NA	NA	NA	NA	6D	213	2020				NA	vegetative > vegetative > flowering	vegetative	vegetative	flowering	dead_nf	FALSE	0	0
6D64	NA	XL	2020-07-31T00:00:00Z	6	D	64	6	22	1	0	1	1	0	1	1	0	1	2	1	2	1	0	0	1	1	2	NA	NA	NA	NA	6D	213	2020				NA	vegetative > vegetative > flowering	vegetative	vegetative	flowering	dead_nf	FALSE	0	0
6D45	NA	XL	2020-07-31T00:00:00Z	6	D	45	1	2	4	1	NA	NA	NA	NA	NA	NA	NA	NA	NA	NA	NA	NA	NA	NA	NA	NA	NA	NA	NA	NA	6D	213	2020				NA	flowering > vegetative > flowering	flowering	vegetative	flowering	dead_nf	FALSE	0	0
6D48	NA	XL	2020-07-31T00:00:00Z	6	D	48	3	38	4	2	2	NA	NA	NA	NA	NA	NA	NA	NA	NA	NA	NA	NA	NA	NA	NA	NA	NA	NA	NA	6D	213	2020				NA	vegetative > vegetative > flowering	vegetative	vegetative	flowering	dead_nf	FALSE	0	0
5A180	NA	XL	2020-07-31T00:00:00Z	5	A	180	3	30	0	1	1	1	0	1	4	1	1	NA	NA	NA	NA	NA	NA	NA	NA	NA	NA	NA	NA	NA	5A	213	2020				NA	flowering > vegetative > flowering	flowering	vegetative	flowering	dead_nf	FALSE	0	0
5A202	NA	XL	2020-07-31T00:00:00Z	5	A	202	1	34	2	2	0	NA	NA	NA	NA	NA	NA	NA	NA	NA	NA	NA	NA	NA	NA	NA	NA	NA	NA	snapped	5A	213	2020				NA	vegetative > flowering > flowering	vegetative	flowering	flowering	dead_nf	FALSE	0	0
5A185	NA	XL	2020-07-31T00:00:00Z	5	A	185	2	3	3	0	0	NA	NA	NA	NA	NA	NA	NA	NA	NA	NA	NA	NA	NA	NA	NA	NA	NA	NA	NA	5A	213	2020		pheno19		NA	vegetative > vegetative > flowering	vegetative	vegetative	flowering	dead_nf	FALSE	0	0
5B20	NA	XL	2020-07-31T00:00:00Z	5	B	20	7	43	2	0	0	1	0	0	NA	NA	NA	NA	NA	NA	NA	NA	NA	NA	NA	NA	NA	NA	NA	NA	5B	213	2020		pheno18 pheno19		NA	vegetative > vegetative > flowering	vegetative	vegetative	flowering	dead_nf	FALSE	0	0
5B5	NA	XL	2020-07-31T00:00:00Z	5	B	5	1	20	1	0	0	NA	NA	NA	NA	NA	NA	NA	NA	NA	NA	NA	NA	NA	NA	NA	NA	NA	NA	NA	5B	213	2020				NA	vegetative > vegetative > flowering	vegetative	vegetative	flowering	dead_nf	FALSE	0	0
5B288	this one was labeled, but now looking at it it's quite far from the tag	XL	2020-07-31T00:00:00Z	5	B	288	3	32	2	0	0	1	0	0	NA	NA	NA	NA	NA	NA	NA	NA	NA	NA	NA	NA	NA	NA	NA	NA	5B	213	2020				NA	vegetative > vegetative > flowering	vegetative	vegetative	flowering	dead_nf	FALSE	0	0
5B289	NA	XL	2020-07-31T00:00:00Z	5	B	289	1	33	0	1	0	NA	NA	NA	NA	NA	NA	NA	NA	NA	NA	NA	NA	NA	NA	NA	NA	NA	NA	NA	5B	213	2020				NA	vegetative > vegetative > flowering	vegetative	vegetative	flowering	dead_nf	FALSE	0	0
5B296	NA	XL	2020-07-31T00:00:00Z	5	B	296	4	33	1	0	0	NA	NA	NA	NA	NA	NA	NA	NA	NA	NA	NA	NA	NA	NA	NA	NA	NA	NA	NA	5B	213	2020				NA	vegetative > vegetative > flowering	vegetative	vegetative	flowering	dead_nf	FALSE	0	0
5B299	NA	XL	2020-07-31T00:00:00Z	5	B	299	7	21	1	0	1	0	1	1	1	0	0	NA	NA	NA	NA	NA	NA	NA	NA	NA	NA	NA	NA	NA	5B	213	2020				NA	vegetative > vegetative > flowering	vegetative	vegetative	flowering	dead_nf	FALSE	0	0
3D892	NA	XL	2020-07-31T00:00:00Z	3	D	892	1	36	1	0	0	NA	NA	NA	NA	NA	NA	NA	NA	NA	NA	NA	NA	NA	NA	NA	NA	NA	NA	NA	3D	213	2020				NA	vegetative > vegetative > flowering	vegetative	vegetative	flowering	dead_nf	FALSE	0	0
3D889	NA	XL	2020-07-31T00:00:00Z	3	D	889	1	18	1	0	0	NA	NA	NA	NA	NA	NA	NA	NA	NA	NA	NA	NA	NA	NA	NA	NA	NA	NA	bent	3D	213	2020				NA	vegetative > vegetative > flowering	vegetative	vegetative	flowering	dead_nf	FALSE	0	0
3D894	NA	XL	2020-07-31T00:00:00Z	3	D	894	1	31	3	1	1	NA	NA	NA	NA	NA	NA	NA	NA	NA	NA	NA	NA	NA	NA	NA	NA	NA	NA	NA	3D	213	2020				NA	vegetative > vegetative > flowering	vegetative	vegetative	flowering	flowering	FALSE	1	1
3D895	NA	XL	2020-07-31T00:00:00Z	3	D	895	1	27	1	0	1	NA	NA	NA	NA	NA	NA	NA	NA	NA	NA	NA	NA	NA	NA	NA	NA	NA	NA	NA	3D	213	2020				NA	vegetative > vegetative > flowering	vegetative	vegetative	flowering	flowering	FALSE	1	1
3D876	caterpillar eggs	XL	2020-07-31T00:00:00Z	3	D	876	1	28	7	0	0	NA	NA	NA	NA	NA	NA	NA	NA	NA	NA	NA	NA	NA	NA	NA	NA	NA	NA	NA	3D	213	2020				NA	vegetative > vegetative > flowering	vegetative	vegetative	flowering	dead_nf	FALSE	0	0
3D893	NA	XL	2020-07-31T00:00:00Z	3	D	893	1	29	0	1	0	NA	NA	NA	NA	NA	NA	NA	NA	NA	NA	NA	NA	NA	NA	NA	NA	NA	NA	bent	3D	213	2020				NA	vegetative > vegetative > flowering	vegetative	vegetative	flowering	dead_nf	FALSE	0	0
3D864	NA	XL	2020-07-31T00:00:00Z	3	D	864	1	26	2	2	0	NA	NA	NA	NA	NA	NA	NA	NA	NA	NA	NA	NA	NA	NA	NA	NA	NA	NA	NA	3D	213	2020				NA	vegetative > vegetative > flowering	vegetative	vegetative	flowering	dead_nf	FALSE	0	0
3D881	NA	XL	2020-07-31T00:00:00Z	3	D	881	1	31	1	1	0	NA	NA	NA	NA	NA	NA	NA	NA	NA	NA	NA	NA	NA	NA	NA	NA	NA	NA	NA	3D	213	2020				NA	vegetative > vegetative > flowering	vegetative	vegetative	flowering	dead_nf	FALSE	0	0
3A125	NA	AP	2020-07-31T00:00:00Z	3	A	125	1	37	0	0	0	NA	NA	NA	NA	NA	NA	NA	NA	NA	NA	NA	NA	NA	NA	NA	NA	NA	NA	NA	3A	213	2020				NA	vegetative > vegetative > flowering	vegetative	vegetative	flowering	dead_nf	FALSE	0	0
3A273	NA	AP	2020-07-31T00:00:00Z	3	A	273	1	30	9	3	1	NA	NA	NA	NA	NA	NA	NA	NA	NA	NA	NA	NA	NA	NA	NA	NA	NA	NA	NA	3A	213	2020				NA	vegetative > vegetative > flowering	vegetative	vegetative	flowering	dead_nf	FALSE	0	0
3A278	NA	AP	2020-07-31T00:00:00Z	3	A	278	1	43	3	0	0	NA	NA	NA	NA	NA	NA	NA	NA	NA	NA	NA	NA	NA	NA	NA	NA	NA	NA	NA	3A	213	2020				NA	vegetative > vegetative > flowering	vegetative	vegetative	flowering	dead_nf	FALSE	0	0
3A641	NA	AP	2020-07-31T00:00:00Z	3	A	641	2	21	1	1	0	3	0	0	NA	NA	NA	NA	NA	NA	NA	NA	NA	NA	NA	NA	NA	NA	NA	NA	3A	213	2020				NA	vegetative > vegetative > flowering	vegetative	vegetative	flowering	dead_nf	FALSE	0	0
3A643	NA	AP	2020-07-31T00:00:00Z	3	A	643	1	22	0	0	0	NA	NA	NA	NA	NA	NA	NA	NA	NA	NA	NA	NA	NA	NA	NA	NA	NA	NA	NA	3A	213	2020				NA	vegetative > vegetative > flowering	vegetative	vegetative	flowering	dead_nf	FALSE	0	0
3A638	2 directly next to each other	AP	2020-07-31T00:00:00Z	3	A	638	1	69	0	3	0	NA	NA	NA	NA	NA	NA	NA	NA	NA	NA	NA	NA	NA	NA	NA	NA	NA	NA	NA	3A	213	2020				NA	vegetative > vegetative > flowering	vegetative	vegetative	flowering	dead_nf	FALSE	0	0
3A636	NA	AP	2020-07-31T00:00:00Z	3	A	636	1	35	0	0	0	NA	NA	NA	NA	NA	NA	NA	NA	NA	NA	NA	NA	NA	NA	NA	NA	NA	NA	NA	3A	213	2020				NA	vegetative > vegetative > flowering	vegetative	vegetative	flowering	dead_nf	FALSE	0	0
3B831	NA	AP	2020-07-31T00:00:00Z	3	B	831	1	39	4	4	0	NA	NA	NA	NA	NA	NA	NA	NA	NA	NA	NA	NA	NA	NA	NA	NA	NA	NA	NA	3B	213	2020				NA	vegetative > vegetative > flowering	vegetative	vegetative	flowering	dead_nf	FALSE	0	0
3B621	NA	AP	2020-07-31T00:00:00Z	3	B	621	1	54	0	1	0	NA	NA	NA	NA	NA	NA	NA	NA	NA	NA	NA	NA	NA	NA	NA	NA	NA	NA	NA	3B	213	2020				NA	vegetative > vegetative > flowering	vegetative	vegetative	flowering	dead_nf	FALSE	0	0
3B822	NA	AP	2020-07-31T00:00:00Z	3	B	822	2	19	0	0	0	0	0	0	NA	NA	NA	NA	NA	NA	NA	NA	NA	NA	NA	NA	NA	NA	NA	NA	3B	213	2020				NA	vegetative > vegetative > flowering	vegetative	vegetative	flowering	vegetative	FALSE	0	1
3B828	NA	AP	2020-07-31T00:00:00Z	3	B	828	3	28	1	0	0	0	0	0	0	0	0	NA	NA	NA	NA	NA	NA	NA	NA	NA	NA	NA	NA	NA	3B	213	2020				NA	vegetative > vegetative > flowering	vegetative	vegetative	flowering	dead_nf	FALSE	0	0
3B603	NA	AP	2020-07-31T00:00:00Z	3	B	603	1	43	2	1	1	NA	NA	NA	NA	NA	NA	NA	NA	NA	NA	NA	NA	NA	NA	NA	NA	NA	NA	NA	3B	213	2020				NA	vegetative > vegetative > flowering	vegetative	vegetative	flowering	dead_nf	FALSE	0	0
3B618	NA	AP	2020-07-31T00:00:00Z	3	B	618	1	31	1	0	0	NA	NA	NA	NA	NA	NA	NA	NA	NA	NA	NA	NA	NA	NA	NA	NA	NA	NA	NA	3B	213	2020				NA	vegetative > vegetative > flowering	vegetative	vegetative	flowering	dead_nf	FALSE	0	0
3B838	NA	AP	2020-07-31T00:00:00Z	3	B	838	2	36	13	0	0	0	0	0	NA	NA	NA	NA	NA	NA	NA	NA	NA	NA	NA	NA	NA	NA	NA	NA	3B	213	2020				NA	vegetative > vegetative > flowering	vegetative	vegetative	flowering	dead_nf	FALSE	0	0
3C139	NA	AP	2020-07-31T00:00:00Z	3	C	139	1	45	3	4	1	NA	NA	NA	NA	NA	NA	NA	NA	NA	NA	NA	NA	NA	NA	NA	NA	NA	NA	NA	3C	213	2020				NA	vegetative > vegetative > flowering	vegetative	vegetative	flowering	dead_nf	FALSE	0	0
3C142	NA	AP	2020-07-31T00:00:00Z	3	C	142	1	26	2	0	0	NA	NA	NA	NA	NA	NA	NA	NA	NA	NA	NA	NA	NA	NA	NA	NA	NA	NA	NA	3C	213	2020				NA	vegetative > flowering > flowering	vegetative	flowering	flowering	dead_nf	FALSE	0	0
3C143	NA	AP	2020-07-31T00:00:00Z	3	C	143	1	25	1	2	0	NA	NA	NA	NA	NA	NA	NA	NA	NA	NA	NA	NA	NA	NA	NA	NA	NA	NA	NA	3C	213	2020				NA	vegetative > flowering > flowering	vegetative	flowering	flowering	dead_nf	FALSE	0	0
3C137	NA	AP	2020-07-31T00:00:00Z	3	C	137	1	32	0	0	0	NA	NA	NA	NA	NA	NA	NA	NA	NA	NA	NA	NA	NA	NA	NA	NA	NA	NA	NA	3C	213	2020				NA	vegetative > vegetative > flowering	vegetative	vegetative	flowering	dead_nf	FALSE	0	0
3C159	NA	AP	2020-07-31T00:00:00Z	3	C	159	1	24	0	0	0	NA	NA	NA	NA	NA	NA	NA	NA	NA	NA	NA	NA	NA	NA	NA	NA	NA	NA	NA	3C	213	2020				NA	vegetative > vegetative > flowering	vegetative	vegetative	flowering	dead_nf	FALSE	0	0
3C153	NA	AP	2020-07-31T00:00:00Z	3	C	153	6	25	5	0	1	1	0	0	0	1	0	NA	NA	NA	NA	NA	NA	NA	NA	NA	NA	NA	NA	1 inflor chewed	3C	213	2020				NA	vegetative > vegetative > flowering	vegetative	vegetative	flowering	dead_nf	FALSE	0	0
3C154	NA	AP	2020-07-31T00:00:00Z	3	C	154	1	29	4	0	3	NA	NA	NA	NA	NA	NA	NA	NA	NA	NA	NA	NA	NA	NA	NA	NA	NA	NA	NA	3C	213	2020				NA	vegetative > vegetative > flowering	vegetative	vegetative	flowering	dead_nf	FALSE	0	0
3C152	NA	AP	2020-07-31T00:00:00Z	3	C	152	1	31	1	0	0	NA	NA	NA	NA	NA	NA	NA	NA	NA	NA	NA	NA	NA	NA	NA	NA	NA	NA	NA	3C	213	2020				NA	vegetative > vegetative > flowering	vegetative	vegetative	flowering	dead_nf	FALSE	0	0
3C174	NA	AP	2020-07-31T00:00:00Z	3	C	174	1	49	0	0	0	NA	NA	NA	NA	NA	NA	NA	NA	NA	NA	NA	NA	NA	NA	NA	NA	NA	NA	NA	3C	213	2020			pheno20 floral20	3C174	vegetative > vegetative > flowering	vegetative	vegetative	flowering	dead_nf	TRUE	0	0
3C177	NA	AP	2020-07-31T00:00:00Z	3	C	177	3	28	1	1	0	2	2	1	4	1	2	NA	NA	NA	NA	NA	NA	NA	NA	NA	NA	NA	NA	NA	3C	213	2020				NA	vegetative > vegetative > flowering	vegetative	vegetative	flowering	dead_nf	FALSE	0	0
3C173	NA	AP	2020-07-31T00:00:00Z	3	C	173	2	36	2	1	1	0	1	0	NA	NA	NA	NA	NA	NA	NA	NA	NA	NA	NA	NA	NA	NA	NA	NA	3C	213	2020		pheno19		NA	vegetative > vegetative > flowering	vegetative	vegetative	flowering	dead_nf	FALSE	0	0
3C166	NA	AP	2020-07-31T00:00:00Z	3	C	166	2	36	1	1	0	2	1	0	NA	NA	NA	NA	NA	NA	NA	NA	NA	NA	NA	NA	NA	NA	NA	one of open 2 flowers chewed	3C	213	2020				NA	vegetative > vegetative > flowering	vegetative	vegetative	flowering	dead_nf	FALSE	0	0
3C126	NA	AP	2020-07-31T00:00:00Z	3	C	126	1	17	0	0	0	NA	NA	NA	NA	NA	NA	NA	NA	NA	NA	NA	NA	NA	NA	NA	NA	NA	NA	NA	3C	213	2020				NA	vegetative > vegetative > flowering	vegetative	vegetative	flowering	dead_nf	FALSE	0	0
3C133	NA	AP	2020-07-31T00:00:00Z	3	C	133	1	37	3	1	0	NA	NA	NA	NA	NA	NA	NA	NA	NA	NA	NA	NA	NA	NA	NA	NA	NA	NA	NA	3C	213	2020				NA	vegetative > vegetative > flowering	vegetative	vegetative	flowering	vegetative	FALSE	0	1
4A80	NA	JP	2020-07-31T00:00:00Z	4	A	80	4	36	3	1	0	1	0	0	2	0	0	NA	NA	NA	NA	NA	NA	NA	NA	NA	NA	NA	NA	NA	4A	213	2020				NA	vegetative > vegetative > flowering	vegetative	vegetative	flowering	dead_nf	FALSE	0	0
4A85	NA	JP	2020-07-31T00:00:00Z	4	A	85	4	38	1	0	0	NA	NA	NA	NA	NA	NA	NA	NA	NA	NA	NA	NA	NA	NA	NA	NA	NA	NA	NA	4A	213	2020				NA	vegetative > vegetative > flowering	vegetative	vegetative	flowering	dead_nf	FALSE	0	0
4A124	NA	JP	2020-07-31T00:00:00Z	4	A	124	3	24	3	0	0	NA	NA	NA	NA	NA	NA	NA	NA	NA	NA	NA	NA	NA	NA	NA	NA	NA	NA	NA	4A	213	2020				NA	vegetative > flowering > flowering	vegetative	flowering	flowering	dead_nf	FALSE	0	0
4A101	NA	JP	2020-07-31T00:00:00Z	4	A	101	4	20	1	1	0	1	0	1	2	1	0	1	0	0	NA	NA	NA	NA	NA	NA	NA	NA	NA	NA	4A	213	2020				NA	vegetative > vegetative > flowering	vegetative	vegetative	flowering	dead_nf	FALSE	0	0
4A99	NA	JP	2020-07-31T00:00:00Z	4	A	99	1	28	1	0	0	NA	NA	NA	NA	NA	NA	NA	NA	NA	NA	NA	NA	NA	NA	NA	NA	NA	NA	NA	4A	213	2020				NA	vegetative > vegetative > flowering	vegetative	vegetative	flowering	dead_nf	FALSE	0	0
4A91	NA	JP	2020-07-31T00:00:00Z	4	A	91	1	30	3	1	0	NA	NA	NA	NA	NA	NA	NA	NA	NA	NA	NA	NA	NA	NA	NA	NA	NA	NA	NA	4A	213	2020				NA	vegetative > vegetative > flowering	vegetative	vegetative	flowering	dead_nf	FALSE	0	0
4A117_20	NA	JP	2020-07-31T00:00:00Z	4	A	117_20	2	27	2	0	0	NA	NA	NA	NA	NA	NA	NA	NA	NA	NA	NA	NA	NA	NA	NA	NA	NA	NA	NA	4A	213	2020		pheno20		NA	flowering > dead_nf > dead_nf	flowering	dead_nf	dead_nf	dead_nf	TRUE	0	0
4A110	NA	JP	2020-07-31T00:00:00Z	4	A	110	5	32	1	0	0	NA	NA	NA	NA	NA	NA	NA	NA	NA	NA	NA	NA	NA	NA	NA	NA	NA	NA	NA	4A	213	2020				NA	vegetative > vegetative > flowering	vegetative	vegetative	flowering	dead_nf	FALSE	0	0
4B596	NA	JP	2020-07-31T00:00:00Z	4	B	596	1	34	7	2	0	NA	NA	NA	NA	NA	NA	NA	NA	NA	NA	NA	NA	NA	NA	NA	NA	NA	NA	NA	4B	213	2020				NA	vegetative > vegetative > flowering	vegetative	vegetative	flowering	dead_nf	FALSE	0	0
4B599	NA	JP	2020-07-31T00:00:00Z	4	B	599	1	28	0	1	0	NA	NA	NA	NA	NA	NA	NA	NA	NA	NA	NA	NA	NA	NA	NA	NA	NA	NA	NA	4B	213	2020				NA	NA	NA	NA	NA	NA	FALSE	NA	NA
4C213	NA	JP	2020-07-31T00:00:00Z	4	C	213	1	34	4	0	0	NA	NA	NA	NA	NA	NA	NA	NA	NA	NA	NA	NA	NA	NA	NA	NA	NA	NA	NA	4C	213	2020				NA	vegetative > vegetative > flowering	vegetative	vegetative	flowering	vegetative	FALSE	0	1
4C181	NA	JP	2020-07-31T00:00:00Z	4	C	181	3	29	1	2	0	NA	NA	NA	NA	NA	NA	NA	NA	NA	NA	NA	NA	NA	NA	NA	NA	NA	NA	NA	4C	213	2020				NA	NA	NA	NA	NA	NA	FALSE	NA	NA
4C200	NA	JP	2020-07-31T00:00:00Z	4	C	200	1	23	2	3	1	NA	NA	NA	NA	NA	NA	NA	NA	NA	NA	NA	NA	NA	NA	NA	NA	NA	NA	far frm tag (5 cm), no flag	4C	213	2020				NA	vegetative > vegetative > flowering	vegetative	vegetative	flowering	dead_nf	FALSE	0	0
4C192	NA	JP	2020-07-31T00:00:00Z	4	C	192	3	30	2	0	0	NA	NA	NA	NA	NA	NA	NA	NA	NA	NA	NA	NA	NA	NA	NA	NA	NA	NA	NA	4C	213	2020				NA	vegetative > vegetative > flowering	vegetative	vegetative	flowering	dead_nf	FALSE	0	0
4C195	NA	JP	2020-07-31T00:00:00Z	4	C	195	4	56	1	0	0	NA	NA	NA	NA	NA	NA	NA	NA	NA	NA	NA	NA	NA	NA	NA	NA	NA	NA	NA	4C	213	2020				NA	vegetative > vegetative > flowering	vegetative	vegetative	flowering	dead_nf	FALSE	0	0
4C641	NA	JP	2020-07-31T00:00:00Z	4	C	641	2	26	0	1	0	NA	NA	NA	NA	NA	NA	NA	NA	NA	NA	NA	NA	NA	NA	NA	NA	NA	NA	NA	4C	213	2020				NA	vegetative > flowering > flowering	vegetative	flowering	flowering	dead_nf	FALSE	0	0
4C196	NA	JP	2020-07-31T00:00:00Z	4	C	196	3	25	6	1	0	NA	NA	NA	NA	NA	NA	NA	NA	NA	NA	NA	NA	NA	NA	NA	NA	NA	NA	NA	4C	213	2020				NA	vegetative > vegetative > flowering	vegetative	vegetative	flowering	dead_nf	FALSE	0	0
4C120	NA	JP	2020-07-31T00:00:00Z	4	C	120	6	15	2	0	0	1	0	0	3	1	0	NA	NA	NA	NA	NA	NA	NA	NA	NA	NA	NA	NA	NA	4C	213	2020				NA	vegetative > vegetative > flowering	vegetative	vegetative	flowering	flowering	FALSE	1	1
4D52	NA	JP	2020-07-31T00:00:00Z	4	D	52	1	36	1	0	0	NA	NA	NA	NA	NA	NA	NA	NA	NA	NA	NA	NA	NA	NA	NA	NA	NA	NA	NA	4D	213	2020				NA	vegetative > vegetative > flowering	vegetative	vegetative	flowering	dead_nf	FALSE	0	0
4D37	NA	JP	2020-07-31T00:00:00Z	4	D	37	3	28	2	0	0	NA	NA	NA	NA	NA	NA	NA	NA	NA	NA	NA	NA	NA	NA	NA	NA	NA	NA	NA	4D	213	2020				NA	vegetative > vegetative > flowering	vegetative	vegetative	flowering	dead_nf	FALSE	0	0
4D49	NA	JP	2020-07-31T00:00:00Z	4	D	49	1	28	1	0	0	NA	NA	NA	NA	NA	NA	NA	NA	NA	NA	NA	NA	NA	NA	NA	NA	NA	NA	NA	4D	213	2020				NA	vegetative > vegetative > flowering	vegetative	vegetative	flowering	dead_nf	FALSE	0	0
3D854	NA	JP	2020-07-31T00:00:00Z	3	D	854	2	35	2	2	0	NA	NA	NA	NA	NA	NA	NA	NA	NA	NA	NA	NA	NA	NA	NA	NA	NA	NA	NA	3D	213	2020				NA	vegetative > vegetative > flowering	vegetative	vegetative	flowering	flowering	FALSE	1	1
3D875	NA	JP	2020-07-31T00:00:00Z	3	D	875	7	36	2	0	0	NA	NA	NA	NA	NA	NA	NA	NA	NA	NA	NA	NA	NA	NA	NA	NA	NA	NA	NA	3D	213	2020				NA	vegetative > vegetative > flowering	vegetative	vegetative	flowering	dead_nf	FALSE	0	0
2A589	NA	BV	2020-07-31T00:00:00Z	2	A	589	1	44	0	1	0	NA	NA	NA	NA	NA	NA	NA	NA	NA	NA	NA	NA	NA	NA	NA	NA	NA	NA	NA	2A	213	2020				NA	vegetative > vegetative > flowering	vegetative	vegetative	flowering	dead_nf	FALSE	0	0
2B138	NA	BV	2020-07-31T00:00:00Z	2	B	138	1	42	1	0	0	NA	NA	NA	NA	NA	NA	NA	NA	NA	NA	NA	NA	NA	NA	NA	NA	NA	NA	NA	2B	213	2020				NA	vegetative > vegetative > flowering	vegetative	vegetative	flowering	dead_nf	FALSE	0	0
2B189	NA	BV	2020-07-31T00:00:00Z	2	B	189	1	26	15	1	3	NA	NA	NA	NA	NA	NA	NA	NA	NA	NA	NA	NA	NA	NA	NA	NA	NA	NA	NA	2B	213	2020				NA	vegetative > vegetative > flowering	vegetative	vegetative	flowering	dead_nf	FALSE	0	0
2B186	NA	BV	2020-07-31T00:00:00Z	2	B	186	1	29	2	0	2	NA	NA	NA	NA	NA	NA	NA	NA	NA	NA	NA	NA	NA	NA	NA	NA	NA	NA	NA	2B	213	2020				NA	vegetative > vegetative > flowering	vegetative	vegetative	flowering	vegetative	FALSE	0	1
2B190	NA	BV	2020-07-31T00:00:00Z	2	B	190	1	29	4	0	0	NA	NA	NA	NA	NA	NA	NA	NA	NA	NA	NA	NA	NA	NA	NA	NA	NA	NA	NA	2B	213	2020				NA	vegetative > vegetative > flowering	vegetative	vegetative	flowering	dead_nf	FALSE	0	0
2B184	NA	BV	2020-07-31T00:00:00Z	2	B	184	1	34	4	1	0	NA	NA	NA	NA	NA	NA	NA	NA	NA	NA	NA	NA	NA	NA	NA	NA	NA	NA	NA	2B	213	2020				NA	vegetative > vegetative > flowering	vegetative	vegetative	flowering	flowering	FALSE	1	1
2B183	NA	BV	2020-07-31T00:00:00Z	2	B	183	2	28	2	0	0	0	2	0	NA	NA	NA	NA	NA	NA	NA	NA	NA	NA	NA	NA	NA	NA	NA	NA	2B	213	2020				NA	vegetative > vegetative > flowering	vegetative	vegetative	flowering	dead_nf	FALSE	0	0
2B180	NA	BV	2020-07-31T00:00:00Z	2	B	180	1	41	1	1	0	NA	NA	NA	NA	NA	NA	NA	NA	NA	NA	NA	NA	NA	NA	NA	NA	NA	NA	NA	2B	213	2020				NA	vegetative > vegetative > flowering	vegetative	vegetative	flowering	vegetative	FALSE	0	1
2B83	NA	BV	2020-07-31T00:00:00Z	2	B	83	1	33	1	0	0	NA	NA	NA	NA	NA	NA	NA	NA	NA	NA	NA	NA	NA	NA	NA	NA	NA	NA	NA	2B	213	2020				NA	vegetative > vegetative > flowering	vegetative	vegetative	flowering	dead_nf	FALSE	0	0
2B85	NA	BV	2020-07-31T00:00:00Z	2	B	85	1	28	1	0	0	NA	NA	NA	NA	NA	NA	NA	NA	NA	NA	NA	NA	NA	NA	NA	NA	NA	NA	NA	2B	213	2020				NA	vegetative > vegetative > flowering	vegetative	vegetative	flowering	dead_nf	FALSE	0	0
2C270	NA	BV	2020-07-31T00:00:00Z	2	C	270	1	30	0	2	1	NA	NA	NA	NA	NA	NA	NA	NA	NA	NA	NA	NA	NA	NA	NA	NA	NA	NA	NA	2C	213	2020				NA	vegetative > vegetative > flowering	vegetative	vegetative	flowering	dead_nf	FALSE	0	0
2C262	NA	BV	2020-07-31T00:00:00Z	2	C	262	7	27	2	0	2	4	0	0	1	0	0	NA	NA	NA	NA	NA	NA	NA	NA	NA	NA	NA	NA	NA	2C	213	2020				NA	vegetative > vegetative > flowering	vegetative	vegetative	flowering	dead_nf	FALSE	0	0
2C297_20	NA	BV	2020-07-31T00:00:00Z	2	C	297_20	7	25	1	0	0	NA	NA	NA	NA	NA	NA	NA	NA	NA	NA	NA	NA	NA	NA	NA	NA	NA	NA	NA	2C	213	2020		census20 pheno20 floral20 volatiles20 seeds20		NA	vegetative > dead_nf > dead_nf	vegetative	dead_nf	dead_nf	dead_nf	TRUE	0	0
2C293	NA	BV	2020-07-31T00:00:00Z	2	C	293	1	31	9	5	1	NA	NA	NA	NA	NA	NA	NA	NA	NA	NA	NA	NA	NA	NA	NA	NA	NA	NA	NA	2C	213	2020				NA	vegetative > vegetative > flowering	vegetative	vegetative	flowering	dead_nf	FALSE	0	0
2C277	NA	BV	2020-07-31T00:00:00Z	2	C	277	1	24	1	0	0	NA	NA	NA	NA	NA	NA	NA	NA	NA	NA	NA	NA	NA	NA	NA	NA	NA	NA	NA	2C	213	2020				NA	vegetative > vegetative > flowering	vegetative	vegetative	flowering	dead_nf	FALSE	0	0
2C289	NA	BV	2020-07-31T00:00:00Z	2	C	289	4	22	1	1	0	NA	NA	NA	NA	NA	NA	NA	NA	NA	NA	NA	NA	NA	NA	NA	NA	NA	NA	NA	2C	213	2020				NA	vegetative > vegetative > flowering	vegetative	vegetative	flowering	dead_nf	FALSE	0	0
2C292	NA	BV	2020-07-31T00:00:00Z	2	C	292	1	37	3	2	1	NA	NA	NA	NA	NA	NA	NA	NA	NA	NA	NA	NA	NA	NA	NA	NA	NA	NA	NA	2C	213	2020				NA	vegetative > vegetative > flowering	vegetative	vegetative	flowering	vegetative	FALSE	0	1
2C274	NA	BV	2020-07-31T00:00:00Z	2	C	274	2	30	2	0	0	5	0	0	NA	NA	NA	NA	NA	NA	NA	NA	NA	NA	NA	NA	NA	NA	NA	NA	2C	213	2020				NA	vegetative > vegetative > flowering	vegetative	vegetative	flowering	dead_nf	FALSE	0	0
2D219	NA	BV	2020-07-31T00:00:00Z	2	D	219	1	41	4	1	0	NA	NA	NA	NA	NA	NA	NA	NA	NA	NA	NA	NA	NA	NA	NA	NA	NA	NA	NA	2D	213	2020				NA	vegetative > vegetative > flowering	vegetative	vegetative	flowering	dead_nf	FALSE	0	0
2D220	NA	BV	2020-07-31T00:00:00Z	2	D	220	1	34	2	2	3	NA	NA	NA	NA	NA	NA	NA	NA	NA	NA	NA	NA	NA	NA	NA	NA	NA	NA	NA	2D	213	2020				NA	vegetative > vegetative > flowering	vegetative	vegetative	flowering	dead_nf	FALSE	0	0
2D194	NA	BV	2020-07-31T00:00:00Z	2	D	194	3	41	3	1	0	2	0	2	4	1	0	NA	NA	NA	NA	NA	NA	NA	NA	NA	NA	NA	NA	NA	2D	213	2020				NA	vegetative > vegetative > flowering	vegetative	vegetative	flowering	dead_nf	FALSE	0	0
2D204	NA	BV	2020-07-31T00:00:00Z	2	D	204	1	63	0	2	0	NA	NA	NA	NA	NA	NA	NA	NA	NA	NA	NA	NA	NA	NA	NA	NA	NA	NA	NA	2D	213	2020				NA	vegetative > vegetative > flowering	vegetative	vegetative	flowering	dead_nf	FALSE	0	0
2D187	NA	BV	2020-07-31T00:00:00Z	2	D	187	3	54	2	2	0	2	2	0	8	4	1	NA	NA	NA	NA	NA	NA	NA	NA	NA	NA	NA	NA	NA	2D	213	2020				NA	vegetative > vegetative > flowering	vegetative	vegetative	flowering	dead_nf	FALSE	0	0
2D193	NA	BV	2020-07-31T00:00:00Z	2	D	193	3	40	3	1	1	1	0	0	3	2	0	NA	NA	NA	NA	NA	NA	NA	NA	NA	NA	NA	NA	NA	2D	213	2020				NA	vegetative > vegetative > flowering	vegetative	vegetative	flowering	dead_nf	FALSE	0	0
2D207	NA	BV	2020-07-31T00:00:00Z	2	D	207	2	28	0	1	0	NA	NA	NA	NA	NA	NA	NA	NA	NA	NA	NA	NA	NA	NA	NA	NA	NA	NA	NA	2D	213	2020				NA	vegetative > vegetative > flowering	vegetative	vegetative	flowering	dead_nf	FALSE	0	0
2D210	NA	BV	2020-07-31T00:00:00Z	2	D	210	1	27	6	5	1	NA	NA	NA	NA	NA	NA	NA	NA	NA	NA	NA	NA	NA	NA	NA	NA	NA	NA	NA	2D	213	2020				NA	vegetative > vegetative > flowering	vegetative	vegetative	flowering	dead_nf	FALSE	0	0
1A230	NA	AP	2020-08-07T00:00:00Z	1	A	230	1	33	0	0	0	NA	NA	NA	NA	NA	NA	NA	NA	NA	NA	NA	NA	NA	NA	NA	NA	NA	NA	NA	1A	220	2020				NA	vegetative > vegetative > flowering	vegetative	vegetative	flowering	dead_nf	FALSE	0	0
1A240	NA	AP	2020-08-07T00:00:00Z	1	A	240	1	26	0	0	0	NA	NA	NA	NA	NA	NA	NA	NA	NA	NA	NA	NA	NA	NA	NA	NA	NA	NA	NA	1A	220	2020				NA	vegetative > vegetative > flowering	vegetative	vegetative	flowering	dead_nf	FALSE	0	0
1A231	NA	AP	2020-08-07T00:00:00Z	1	A	231	1	50	0	0	0	NA	NA	NA	NA	NA	NA	NA	NA	NA	NA	NA	NA	NA	NA	NA	NA	NA	NA	NA	1A	220	2020				NA	vegetative > vegetative > flowering	vegetative	vegetative	flowering	flowering	FALSE	1	1
1A233	NA	AP	2020-08-07T00:00:00Z	1	A	233	1	38	1	1	1	NA	NA	NA	NA	NA	NA	NA	NA	NA	NA	NA	NA	NA	NA	NA	NA	NA	NA	NA	1A	220	2020				NA	vegetative > vegetative > flowering	vegetative	vegetative	flowering	dead_nf	FALSE	0	0
1A235	NA	AP	2020-08-07T00:00:00Z	1	A	235	1	29	0	0	0	NA	NA	NA	NA	NA	NA	NA	NA	NA	NA	NA	NA	NA	NA	NA	NA	NA	NA	NA	1A	220	2020		floral18		NA	vegetative > vegetative > flowering	vegetative	vegetative	flowering	dead_nf	FALSE	0	0
1A243	NA	AP	2020-08-07T00:00:00Z	1	A	243	1	28	0	0	0	NA	NA	NA	NA	NA	NA	NA	NA	NA	NA	NA	NA	NA	NA	NA	NA	NA	NA	NA	1A	220	2020				NA	vegetative > vegetative > flowering	vegetative	vegetative	flowering	dead_nf	FALSE	0	0
1A244	NA	AP	2020-08-07T00:00:00Z	1	A	244	6	28	0	0	0	0	0	0	0	0	0	NA	NA	NA	NA	NA	NA	NA	NA	NA	NA	NA	NA	NA	1A	220	2020				NA	vegetative > vegetative > flowering	vegetative	vegetative	flowering	flowering	FALSE	1	1
1A246	NA	AP	2020-08-07T00:00:00Z	1	A	246	1	34	0	0	0	NA	NA	NA	NA	NA	NA	NA	NA	NA	NA	NA	NA	NA	NA	NA	NA	NA	NA	NA	1A	220	2020				NA	vegetative > flowering > flowering	vegetative	flowering	flowering	dead_nf	FALSE	0	0
1A255	NA	AP	2020-08-07T00:00:00Z	1	A	255	1	34	0	0	0	NA	NA	NA	NA	NA	NA	NA	NA	NA	NA	NA	NA	NA	NA	NA	NA	NA	NA	NA	1A	220	2020				NA	vegetative > vegetative > flowering	vegetative	vegetative	flowering	vegetative	FALSE	0	1
1A257	NA	AP	2020-08-07T00:00:00Z	1	A	257	2	40	0	0	0	0	0	0	NA	NA	NA	NA	NA	NA	NA	NA	NA	NA	NA	NA	NA	NA	NA	NA	1A	220	2020				NA	vegetative > vegetative > flowering	vegetative	vegetative	flowering	dead_nf	FALSE	0	0
1A250	NA	AP	2020-08-07T00:00:00Z	1	A	250	3	24	0	0	0	0	0	0	0	0	0	NA	NA	NA	NA	NA	NA	NA	NA	NA	NA	NA	NA	NA	1A	220	2020				NA	vegetative > vegetative > flowering	vegetative	vegetative	flowering	dead_nf	FALSE	0	0
1A251	Plant was a little off from the tag	AP	2020-08-07T00:00:00Z	1	A	251	1	38	0	0	0	NA	NA	NA	NA	NA	NA	NA	NA	NA	NA	NA	NA	NA	NA	NA	NA	NA	NA	NA	1A	220	2020				NA	vegetative > vegetative > flowering	vegetative	vegetative	flowering	vegetative	FALSE	0	1
1B653	NA	AP	2020-08-07T00:00:00Z	1	B	653	1	24	1	0	0	NA	NA	NA	NA	NA	NA	NA	NA	NA	NA	NA	NA	NA	NA	NA	NA	NA	NA	NA	1B	220	2020				NA	vegetative > vegetative > flowering	vegetative	vegetative	flowering	dead_nf	FALSE	0	0
1B650	NA	AP	2020-08-07T00:00:00Z	1	B	650	1	21	2	0	0	NA	NA	NA	NA	NA	NA	NA	NA	NA	NA	NA	NA	NA	NA	NA	NA	NA	NA	NA	1B	220	2020				NA	vegetative > vegetative > flowering	vegetative	vegetative	flowering	dead_nf	FALSE	0	0
1B649	NA	AP	2020-08-07T00:00:00Z	1	B	649	2	31	1	0	0	0	0	0	NA	NA	NA	NA	NA	NA	NA	NA	NA	NA	NA	NA	NA	NA	NA	NA	1B	220	2020				NA	vegetative > vegetative > flowering	vegetative	vegetative	flowering	dead_nf	FALSE	0	0
1B658	NA	AP	2020-08-07T00:00:00Z	1	B	658	1	28	0	0	0	NA	NA	NA	NA	NA	NA	NA	NA	NA	NA	NA	NA	NA	NA	NA	NA	NA	NA	NA	1B	220	2020				NA	vegetative > vegetative > flowering	vegetative	vegetative	flowering	dead_nf	FALSE	0	0
1B656	NA	AP	2020-08-07T00:00:00Z	1	B	656	1	27	1	2	0	NA	NA	NA	NA	NA	NA	NA	NA	NA	NA	NA	NA	NA	NA	NA	NA	NA	NA	NA	1B	220	2020				NA	vegetative > vegetative > flowering	vegetative	vegetative	flowering	dead_nf	FALSE	0	0
1B672	NA	AP	2020-08-07T00:00:00Z	1	B	672	1	33	1	0	0	NA	NA	NA	NA	NA	NA	NA	NA	NA	NA	NA	NA	NA	NA	NA	NA	NA	NA	NA	1B	220	2020				NA	vegetative > vegetative > flowering	vegetative	vegetative	flowering	dead_nf	FALSE	0	0
1C63	NA	AP	2020-08-07T00:00:00Z	1	C	63	1	36	0	0	0	NA	NA	NA	NA	NA	NA	NA	NA	NA	NA	NA	NA	NA	NA	NA	NA	NA	NA	NA	1C	220	2020				NA	vegetative > vegetative > flowering	vegetative	vegetative	flowering	dead_nf	FALSE	0	0
1C64	NA	AP	2020-08-07T00:00:00Z	1	C	64	2	33	6	2	0	0	0	0	NA	NA	NA	NA	NA	NA	NA	NA	NA	NA	NA	NA	NA	NA	NA	NA	1C	220	2020				NA	vegetative > vegetative > flowering	vegetative	vegetative	flowering	dead_nf	FALSE	0	0
1C60	NA	AP	2020-08-07T00:00:00Z	1	C	60	8	37	0	0	0	0	0	0	0	0	0	NA	NA	NA	NA	NA	NA	NA	NA	NA	NA	NA	NA	NA	1C	220	2020				NA	vegetative > vegetative > flowering	vegetative	vegetative	flowering	dead_nf	FALSE	0	0
1C46	NA	AP	2020-08-07T00:00:00Z	1	C	46	2	28	1	3	0	0	0	0	NA	NA	NA	NA	NA	NA	NA	NA	NA	NA	NA	NA	NA	NA	NA	NA	1C	220	2020				NA	vegetative > vegetative > flowering	vegetative	vegetative	flowering	dead_nf	FALSE	0	0
1C54	NA	AP	2020-08-07T00:00:00Z	1	C	54	1	41	0	0	0	NA	NA	NA	NA	NA	NA	NA	NA	NA	NA	NA	NA	NA	NA	NA	NA	NA	NA	NA	1C	220	2020				NA	vegetative > vegetative > flowering	vegetative	vegetative	flowering	dead_nf	FALSE	0	0
1D37	NA	AP	2020-08-07T00:00:00Z	1	D	37	1	27	0	0	0	NA	NA	NA	NA	NA	NA	NA	NA	NA	NA	NA	NA	NA	NA	NA	NA	NA	NA	NA	1D	220	2020				NA	vegetative > vegetative > flowering	vegetative	vegetative	flowering	dead_nf	FALSE	0	0
1D33	NA	AP	2020-08-07T00:00:00Z	1	D	33	1	39	0	0	0	NA	NA	NA	NA	NA	NA	NA	NA	NA	NA	NA	NA	NA	NA	NA	NA	NA	NA	NA	1D	220	2020				NA	vegetative > vegetative > flowering	vegetative	vegetative	flowering	dead_nf	FALSE	0	0
1D17	NA	AP	2020-08-07T00:00:00Z	1	D	17	3	32	0	0	0	0	0	0	0	0	0	NA	NA	NA	NA	NA	NA	NA	NA	NA	NA	NA	NA	NA	1D	220	2020				NA	vegetative > vegetative > flowering	vegetative	vegetative	flowering	dead_nf	FALSE	0	0
1D20	NA	AP	2020-08-07T00:00:00Z	1	D	20	1	39	0	0	0	NA	NA	NA	NA	NA	NA	NA	NA	NA	NA	NA	NA	NA	NA	NA	NA	NA	NA	NA	1D	220	2020				NA	vegetative > vegetative > flowering	vegetative	vegetative	flowering	dead_nf	FALSE	0	0
1D9	NA	AP	2020-08-07T00:00:00Z	1	D	9	1	31	0	0	0	NA	NA	NA	NA	NA	NA	NA	NA	NA	NA	NA	NA	NA	NA	NA	NA	NA	NA	NA	1D	220	2020				NA	vegetative > vegetative > flowering	vegetative	vegetative	flowering	dead_nf	FALSE	0	0
1D12	NA	AP	2020-08-07T00:00:00Z	1	D	12	1	42	1	0	0	NA	NA	NA	NA	NA	NA	NA	NA	NA	NA	NA	NA	NA	NA	NA	NA	NA	NA	NA	1D	220	2020				NA	vegetative > vegetative > flowering	vegetative	vegetative	flowering	flowering	FALSE	1	1
1D5_20	NA	AP	2020-08-07T00:00:00Z	1	D	5_20	NA	NA	NA	NA	NA	NA	NA	NA	NA	NA	NA	NA	NA	NA	NA	NA	NA	NA	NA	NA	NA	NA	NA	DEAD	1D	220	2020		census20 pheno20 floral20 seeds20		NA	vegetative > flowering > dead_nf	vegetative	flowering	dead_nf	dead_nf	TRUE	0	0
1D24	NA	AP	2020-08-07T00:00:00Z	1	D	24	1	38	0	0	0	NA	NA	NA	NA	NA	NA	NA	NA	NA	NA	NA	NA	NA	NA	NA	NA	NA	NA	chewed/bent	1D	220	2020				NA	vegetative > vegetative > flowering	vegetative	vegetative	flowering	dead_nf	FALSE	0	0
5A591	NA	JP	2020-08-07T00:00:00Z	5	A	591	1	34	1	0	0	NA	NA	NA	NA	NA	NA	NA	NA	NA	NA	NA	NA	NA	NA	NA	NA	NA	NA	NA	5A	220	2020				NA	NA	NA	NA	NA	NA	FALSE	NA	NA
5B289	NA	JP	2020-08-07T00:00:00Z	5	B	289	1	32	1	1	0	NA	NA	NA	NA	NA	NA	NA	NA	NA	NA	NA	NA	NA	NA	NA	NA	NA	NA	NA	5B	220	2020				NA	vegetative > vegetative > flowering	vegetative	vegetative	flowering	dead_nf	FALSE	0	0
5C683	NA	JP	2020-08-07T00:00:00Z	5	C	683	6	33	1	0	0	NA	NA	NA	NA	NA	NA	NA	NA	NA	NA	NA	NA	NA	NA	NA	NA	NA	NA	NA	5C	220	2020				NA	vegetative > vegetative > flowering	vegetative	vegetative	flowering	vegetative	FALSE	0	1
5C217	NA	JP	2020-08-07T00:00:00Z	5	C	217	2	33	2	0	0	NA	NA	NA	NA	NA	NA	NA	NA	NA	NA	NA	NA	NA	NA	NA	NA	NA	NA	NA	5C	220	2020				NA	vegetative > flowering > flowering	vegetative	flowering	flowering	dead_nf	FALSE	0	0
5D252	NA	JP	2020-08-07T00:00:00Z	5	D	252	2	31	1	1	0	NA	NA	NA	NA	NA	NA	NA	NA	NA	NA	NA	NA	NA	NA	NA	NA	NA	NA	NA	5D	220	2020				NA	vegetative > vegetative > flowering	vegetative	vegetative	flowering	dead_nf	FALSE	0	0
5D278	NA	JP	2020-08-07T00:00:00Z	5	D	278	9	23	2	0	0	NA	NA	NA	NA	NA	NA	NA	NA	NA	NA	NA	NA	NA	NA	NA	NA	NA	NA	NA	5D	220	2020				NA	vegetative > vegetative > flowering	vegetative	vegetative	flowering	dead_nf	FALSE	0	0
5D275	NA	JP	2020-08-07T00:00:00Z	5	D	275	7	26	2	1	0	NA	NA	NA	NA	NA	NA	NA	NA	NA	NA	NA	NA	NA	NA	NA	NA	NA	NA	NA	5D	220	2020				NA	vegetative > vegetative > flowering	vegetative	vegetative	flowering	dead_nf	FALSE	0	0
2D219	NA	JP	2020-08-07T00:00:00Z	2	D	219	1	38	1	0	0	NA	NA	NA	NA	NA	NA	NA	NA	NA	NA	NA	NA	NA	NA	NA	NA	NA	NA	bent	2D	220	2020				NA	vegetative > vegetative > flowering	vegetative	vegetative	flowering	dead_nf	FALSE	0	0
2D215_20	NA	JP	2020-08-07T00:00:00Z	2	D	215_20	5	28	2	1	0	NA	NA	NA	NA	NA	NA	NA	NA	NA	NA	NA	NA	NA	NA	NA	NA	NA	NA	no flag	2D	220	2020		pheno20		NA	vegetative > vegetative > vegetative	vegetative	vegetative	vegetative	dead_nf	TRUE	0	0
2D207	NA	JP	2020-08-07T00:00:00Z	2	D	207	3	40	3	0	1	NA	NA	NA	NA	NA	NA	NA	NA	NA	NA	NA	NA	NA	NA	NA	NA	NA	NA	NA	2D	220	2020				NA	vegetative > vegetative > flowering	vegetative	vegetative	flowering	dead_nf	FALSE	0	0
2D210	NA	JP	2020-08-07T00:00:00Z	2	D	210	1	26	7	8	0	NA	NA	NA	NA	NA	NA	NA	NA	NA	NA	NA	NA	NA	NA	NA	NA	NA	NA	chewed	2D	220	2020				NA	vegetative > vegetative > flowering	vegetative	vegetative	flowering	dead_nf	FALSE	0	0
6B8	NA	XL	2020-08-07T00:00:00Z	6	B	8	1	27	2	0	0	NA	NA	NA	NA	NA	NA	NA	NA	NA	NA	NA	NA	NA	NA	NA	NA	NA	NA	NA	6B	220	2020		pheno19		NA	vegetative > vegetative > flowering	vegetative	vegetative	flowering	dead_nf	FALSE	0	0
6B36	NA	XL	2020-08-07T00:00:00Z	6	B	36	1	20	1	0	0	NA	NA	NA	NA	NA	NA	NA	NA	NA	NA	NA	NA	NA	NA	NA	NA	NA	NA	NA	6B	220	2020				NA	vegetative > flowering > flowering	vegetative	flowering	flowering	dead_nf	FALSE	0	0
6C111	NA	XL	2020-08-07T00:00:00Z	6	C	111	5	35	2	0	0	2	0	0	NA	NA	NA	NA	NA	NA	NA	NA	NA	NA	NA	NA	NA	NA	NA	NA	6C	220	2020				NA	vegetative > vegetative > flowering	vegetative	vegetative	flowering	dead_nf	FALSE	0	0
6C96	NA	XL	2020-08-07T00:00:00Z	6	C	96	4	29	2	1	0	0	1	0	1	0	0	NA	NA	NA	NA	NA	NA	NA	NA	NA	NA	NA	NA	NA	6C	220	2020				NA	vegetative > flowering > flowering	vegetative	flowering	flowering	dead_nf	FALSE	0	0
6C121	NA	XL	2020-08-07T00:00:00Z	6	C	121	9	48	1	1	0	NA	NA	NA	NA	NA	NA	NA	NA	NA	NA	NA	NA	NA	NA	NA	NA	NA	NA	NA	6C	220	2020				NA	vegetative > vegetative > flowering	vegetative	vegetative	flowering	dead_nf	FALSE	0	0
6D48	NA	XL	2020-08-07T00:00:00Z	6	D	48	2	33	4	0	0	1	0	0	NA	NA	NA	NA	NA	NA	NA	NA	NA	NA	NA	NA	NA	NA	NA	NA	6D	220	2020				NA	vegetative > vegetative > flowering	vegetative	vegetative	flowering	dead_nf	FALSE	0	0
6D64	NA	XL	2020-08-07T00:00:00Z	6	D	64	5	21	1	0	0	NA	NA	NA	NA	NA	NA	NA	NA	NA	NA	NA	NA	NA	NA	NA	NA	NA	NA	NA	6D	220	2020				NA	vegetative > vegetative > flowering	vegetative	vegetative	flowering	dead_nf	FALSE	0	0
6D45	NA	XL	2020-08-07T00:00:00Z	6	D	45	1	31	2	1	0	NA	NA	NA	NA	NA	NA	NA	NA	NA	NA	NA	NA	NA	NA	NA	NA	NA	NA	NA	6D	220	2020				NA	flowering > vegetative > flowering	flowering	vegetative	flowering	dead_nf	FALSE	0	0
2B189	NA	XL	2020-08-07T00:00:00Z	2	B	189	1	26	2	0	0	NA	NA	NA	NA	NA	NA	NA	NA	NA	NA	NA	NA	NA	NA	NA	NA	NA	NA	NA	2B	220	2020				NA	vegetative > vegetative > flowering	vegetative	vegetative	flowering	dead_nf	FALSE	0	0
2B183	NA	XL	2020-08-07T00:00:00Z	2	B	183	3	28	1	0	0	NA	NA	NA	NA	NA	NA	NA	NA	NA	NA	NA	NA	NA	NA	NA	NA	NA	NA	NA	2B	220	2020				NA	vegetative > vegetative > flowering	vegetative	vegetative	flowering	dead_nf	FALSE	0	0
2C274	NA	XL	2020-08-07T00:00:00Z	2	C	274	2	31	2	0	0	NA	NA	NA	NA	NA	NA	NA	NA	NA	NA	NA	NA	NA	NA	NA	NA	NA	NA	NA	2C	220	2020				NA	vegetative > vegetative > flowering	vegetative	vegetative	flowering	dead_nf	FALSE	0	0
2C277	NA	XL	2020-08-07T00:00:00Z	2	C	277	1	24	1	0	0	NA	NA	NA	NA	NA	NA	NA	NA	NA	NA	NA	NA	NA	NA	NA	NA	NA	NA	chewed	2C	220	2020				NA	vegetative > vegetative > flowering	vegetative	vegetative	flowering	dead_nf	FALSE	0	0
2C280_20	NA	XL	2020-08-07T00:00:00Z	2	C	280_20	1	35	2	0	0	NA	NA	NA	NA	NA	NA	NA	NA	NA	NA	NA	NA	NA	NA	NA	NA	NA	NA	chewed	2C	220	2020		pheno20		NA	vegetative > vegetative > tagnf	vegetative	vegetative	tagnf	dead_nf	TRUE	0	0
2C271	NA	XL	2020-08-07T00:00:00Z	2	C	271	4	32	2	0	0	1	0	0	1	0	0	NA	NA	NA	NA	NA	NA	NA	NA	NA	NA	NA	NA	NA	2C	220	2020				NA	vegetative > vegetative > flowering	vegetative	vegetative	flowering	dead_nf	FALSE	0	0
2C262	NA	XL	2020-08-07T00:00:00Z	2	C	262	7	27	0	1	0	NA	NA	NA	NA	NA	NA	NA	NA	NA	NA	NA	NA	NA	NA	NA	NA	NA	NA	NA	2C	220	2020				NA	vegetative > vegetative > flowering	vegetative	vegetative	flowering	dead_nf	FALSE	0	0
2C292	NA	XL	2020-08-07T00:00:00Z	2	C	292	1	37	4	2	0	NA	NA	NA	NA	NA	NA	NA	NA	NA	NA	NA	NA	NA	NA	NA	NA	NA	NA	NA	2C	220	2020				NA	vegetative > vegetative > flowering	vegetative	vegetative	flowering	vegetative	FALSE	0	1
2C293	NA	XL	2020-08-07T00:00:00Z	2	C	293	1	30	2	0	0	NA	NA	NA	NA	NA	NA	NA	NA	NA	NA	NA	NA	NA	NA	NA	NA	NA	NA	NA	2C	220	2020				NA	vegetative > vegetative > flowering	vegetative	vegetative	flowering	dead_nf	FALSE	0	0
2C287	NA	XL	2020-08-07T00:00:00Z	2	C	287	1	27	5	2	1	NA	NA	NA	NA	NA	NA	NA	NA	NA	NA	NA	NA	NA	NA	NA	NA	NA	NA	NA	2C	220	2020				NA	vegetative > vegetative > flowering	vegetative	vegetative	flowering	vegetative	FALSE	0	1
2D187	NA	XL	2020-08-07T00:00:00Z	2	D	187	1	55	2	1	1	1	2	1	NA	NA	NA	NA	NA	NA	NA	NA	NA	NA	NA	NA	NA	NA	NA	NA	2D	220	2020				NA	vegetative > vegetative > flowering	vegetative	vegetative	flowering	dead_nf	FALSE	0	0
2D204	NA	XL	2020-08-07T00:00:00Z	2	D	204	1	65	2	1	0	NA	NA	NA	NA	NA	NA	NA	NA	NA	NA	NA	NA	NA	NA	NA	NA	NA	NA	NA	2D	220	2020				NA	vegetative > vegetative > flowering	vegetative	vegetative	flowering	dead_nf	FALSE	0	0
4A80	NA	BV	2020-08-07T00:00:00Z	4	A	80	4	37	1	0	0	1	2	0	NA	NA	NA	NA	NA	NA	NA	NA	NA	NA	NA	NA	NA	NA	NA	NA	4A	220	2020				NA	vegetative > vegetative > flowering	vegetative	vegetative	flowering	dead_nf	FALSE	0	0
4A101	NA	BV	2020-08-07T00:00:00Z	4	A	101	4	20	1	0	0	NA	NA	NA	NA	NA	NA	NA	NA	NA	NA	NA	NA	NA	NA	NA	NA	NA	NA	NA	4A	220	2020				NA	vegetative > vegetative > flowering	vegetative	vegetative	flowering	dead_nf	FALSE	0	0
4A114	NA	BV	2020-08-07T00:00:00Z	4	A	114	1	48	2	0	0	NA	NA	NA	NA	NA	NA	NA	NA	NA	NA	NA	NA	NA	NA	NA	NA	NA	NA	NA	4A	220	2020				NA	vegetative > vegetative > flowering	vegetative	vegetative	flowering	dead_nf	FALSE	0	0
4B596	NA	BV	2020-08-07T00:00:00Z	4	B	596	1	36	2	0	0	NA	NA	NA	NA	NA	NA	NA	NA	NA	NA	NA	NA	NA	NA	NA	NA	NA	NA	NA	4B	220	2020				NA	vegetative > vegetative > flowering	vegetative	vegetative	flowering	dead_nf	FALSE	0	0
4B680	NA	BV	2020-08-07T00:00:00Z	4	B	680	1	24	1	0	0	NA	NA	NA	NA	NA	NA	NA	NA	NA	NA	NA	NA	NA	NA	NA	NA	NA	NA	NA	4B	220	2020				NA	vegetative > vegetative > flowering	vegetative	vegetative	flowering	vegetative	FALSE	0	1
4C195	NA	BV	2020-08-07T00:00:00Z	4	C	195	2	60	1	0	0	NA	NA	NA	NA	NA	NA	NA	NA	NA	NA	NA	NA	NA	NA	NA	NA	NA	NA	NA	4C	220	2020				NA	vegetative > vegetative > flowering	vegetative	vegetative	flowering	dead_nf	FALSE	0	0
3A273	NA	BV	2020-08-07T00:00:00Z	3	A	273	1	30	2	0	0	NA	NA	NA	NA	NA	NA	NA	NA	NA	NA	NA	NA	NA	NA	NA	NA	NA	NA	NA	3A	220	2020				NA	vegetative > vegetative > flowering	vegetative	vegetative	flowering	dead_nf	FALSE	0	0
3A278	NA	BV	2020-08-07T00:00:00Z	3	A	278	1	29	2	0	0	NA	NA	NA	NA	NA	NA	NA	NA	NA	NA	NA	NA	NA	NA	NA	NA	NA	NA	NA	3A	220	2020				NA	vegetative > vegetative > flowering	vegetative	vegetative	flowering	dead_nf	FALSE	0	0
3A643	NA	BV	2020-08-07T00:00:00Z	3	A	643	1	22	0	1	0	NA	NA	NA	NA	NA	NA	NA	NA	NA	NA	NA	NA	NA	NA	NA	NA	NA	NA	NA	3A	220	2020				NA	vegetative > vegetative > flowering	vegetative	vegetative	flowering	dead_nf	FALSE	0	0
3A641	NA	BV	2020-08-07T00:00:00Z	3	A	641	1	23	1	0	0	NA	NA	NA	NA	NA	NA	NA	NA	NA	NA	NA	NA	NA	NA	NA	NA	NA	NA	NA	3A	220	2020				NA	vegetative > vegetative > flowering	vegetative	vegetative	flowering	dead_nf	FALSE	0	0
3A638	NA	BV	2020-08-07T00:00:00Z	3	A	638	1	68	0	6	0	NA	NA	NA	NA	NA	NA	NA	NA	NA	NA	NA	NA	NA	NA	NA	NA	NA	NA	NA	3A	220	2020				NA	vegetative > vegetative > flowering	vegetative	vegetative	flowering	dead_nf	FALSE	0	0
3B603	NA	BV	2020-08-07T00:00:00Z	3	B	603	1	41	2	1	0	NA	NA	NA	NA	NA	NA	NA	NA	NA	NA	NA	NA	NA	NA	NA	NA	NA	NA	NA	3B	220	2020				NA	vegetative > vegetative > flowering	vegetative	vegetative	flowering	dead_nf	FALSE	0	0
3B831	NA	BV	2020-08-07T00:00:00Z	3	B	831	1	41	1	0	0	NA	NA	NA	NA	NA	NA	NA	NA	NA	NA	NA	NA	NA	NA	NA	NA	NA	NA	NA	3B	220	2020				NA	vegetative > vegetative > flowering	vegetative	vegetative	flowering	dead_nf	FALSE	0	0
3D854	NA	BV	2020-08-07T00:00:00Z	3	D	854	2	37	2	0	0	NA	NA	NA	NA	NA	NA	NA	NA	NA	NA	NA	NA	NA	NA	NA	NA	NA	NA	NA	3D	220	2020				NA	vegetative > vegetative > flowering	vegetative	vegetative	flowering	flowering	FALSE	1	1
3D864	NA	BV	2020-08-07T00:00:00Z	3	D	864	1	26	2	0	0	NA	NA	NA	NA	NA	NA	NA	NA	NA	NA	NA	NA	NA	NA	NA	NA	NA	NA	NA	3D	220	2020				NA	vegetative > vegetative > flowering	vegetative	vegetative	flowering	dead_nf	FALSE	0	0
3D895	NA	BV	2020-08-07T00:00:00Z	3	D	895	1	27	3	0	0	NA	NA	NA	NA	NA	NA	NA	NA	NA	NA	NA	NA	NA	NA	NA	NA	NA	NA	NA	3D	220	2020				NA	vegetative > vegetative > flowering	vegetative	vegetative	flowering	flowering	FALSE	1	1
3D893	NA	BV	2020-08-07T00:00:00Z	3	D	893	1	28	1	0	0	NA	NA	NA	NA	NA	NA	NA	NA	NA	NA	NA	NA	NA	NA	NA	NA	NA	NA	NA	3D	220	2020				NA	vegetative > vegetative > flowering	vegetative	vegetative	flowering	dead_nf	FALSE	0	0
3D893	NA	BV	2020-08-07T00:00:00Z	3	D	893	1	30	1	2	0	NA	NA	NA	NA	NA	NA	NA	NA	NA	NA	NA	NA	NA	NA	NA	NA	NA	NA	NA	3D	220	2020				NA	vegetative > vegetative > flowering	vegetative	vegetative	flowering	dead_nf	FALSE	0	0
3C139	NA	BV	2020-08-07T00:00:00Z	3	C	139	1	45	3	0	0	NA	NA	NA	NA	NA	NA	NA	NA	NA	NA	NA	NA	NA	NA	NA	NA	NA	NA	NA	3C	220	2020				NA	vegetative > vegetative > flowering	vegetative	vegetative	flowering	dead_nf	FALSE	0	0
3C142	NA	BV	2020-08-07T00:00:00Z	3	C	142	1	25	2	0	0	NA	NA	NA	NA	NA	NA	NA	NA	NA	NA	NA	NA	NA	NA	NA	NA	NA	NA	NA	3C	220	2020				NA	vegetative > flowering > flowering	vegetative	flowering	flowering	dead_nf	FALSE	0	0
3C177	NA	BV	2020-08-07T00:00:00Z	3	C	177	2	29	1	0	0	NA	NA	NA	NA	NA	NA	NA	NA	NA	NA	NA	NA	NA	NA	NA	NA	NA	NA	NA	3C	220	2020				NA	vegetative > vegetative > flowering	vegetative	vegetative	flowering	dead_nf	FALSE	0	0
3C169	NA	BV	2020-08-07T00:00:00Z	3	C	169	2	29	1	0	0	NA	NA	NA	NA	NA	NA	NA	NA	NA	NA	NA	NA	NA	NA	NA	NA	NA	NA	NA	3C	220	2020		pheno19		NA	vegetative > vegetative > flowering	vegetative	vegetative	flowering	dead_nf	FALSE	0	0
3C166	NA	BV	2020-08-07T00:00:00Z	3	C	166	2	37	1	0	0	NA	NA	NA	NA	NA	NA	NA	NA	NA	NA	NA	NA	NA	NA	NA	NA	NA	NA	NA	3C	220	2020				NA	vegetative > vegetative > flowering	vegetative	vegetative	flowering	dead_nf	FALSE	0	0
