date	plot	subplot	plant	inflor	height_cm	buds_1	open_1	nr_1	buds_2	open_2	nr_2	buds_3	open_3	nr_3	buds_4	open_4	nr_4	buds_5	open_5	nr_5	buds_6	open_6	nr_6	buds_7	open_7	nr_7	buds_8	open_8	nr_8	buds_9	open_9	nr_9	buds_10	open_10	nr_10	eggs_delia_flies	eggs_small_flies	eggs_total	flowers_with_eggs	notes	plotid	plantid	julian	open	buds	water	snow	water4
2018-06-20T00:00:00Z	5	B	1	1	32	21	1	NA	NA	NA	NA	NA	NA	NA	NA	NA	NA	NA	NA	NA	NA	NA	NA	NA	NA	NA	NA	NA	NA	NA	NA	NA	NA	NA	NA	NA	NA	NA	NA	NA	5B	5B1	171	1	21	Control	Early	Mock rainout
2018-06-15T00:00:00Z	6	B	1	1	33.5	4	0	NA	NA	NA	NA	NA	NA	NA	NA	NA	NA	NA	NA	NA	NA	NA	NA	NA	NA	NA	NA	NA	NA	NA	NA	NA	NA	NA	NA	NA	NA	NA	NA	NA	6B	6B1	166	0	4	Reduction	Normal	Reduction
2018-06-18T00:00:00Z	6	B	1	1	35	7	0	NA	NA	NA	NA	NA	NA	NA	NA	NA	NA	NA	NA	NA	NA	NA	NA	NA	NA	NA	NA	NA	NA	NA	NA	NA	NA	NA	NA	NA	NA	NA	NA	NA	6B	6B1	169	0	7	Reduction	Normal	Reduction
2018-06-21T00:00:00Z	6	B	1	NA	NA	NA	NA	NA	NA	NA	NA	NA	NA	NA	NA	NA	NA	NA	NA	NA	NA	NA	NA	NA	NA	NA	NA	NA	NA	NA	NA	NA	NA	NA	NA	NA	NA	0	NA	NA	6B	6B1	172	0	0	Reduction	Normal	Reduction
2018-06-22T00:00:00Z	6	B	1	1	NA	20	4	NA	NA	NA	NA	NA	NA	NA	NA	NA	NA	NA	NA	NA	NA	NA	NA	NA	NA	NA	NA	NA	NA	NA	NA	NA	NA	NA	NA	NA	NA	NA	NA	NA	6B	6B1	173	4	20	Reduction	Normal	Reduction
2018-06-25T00:00:00Z	6	B	1	1	NA	15	8	NA	NA	NA	NA	NA	NA	NA	NA	NA	NA	NA	NA	NA	NA	NA	NA	NA	NA	NA	NA	NA	NA	NA	NA	NA	NA	NA	NA	NA	NA	NA	NA	NA	6B	6B1	176	8	15	Reduction	Normal	Reduction
2018-06-27T00:00:00Z	6	B	1	1	35	26	8	NA	NA	NA	NA	NA	NA	NA	NA	NA	NA	NA	NA	NA	NA	NA	NA	NA	NA	NA	NA	NA	NA	NA	NA	NA	NA	NA	NA	NA	NA	3	3	NA	6B	6B1	178	8	26	Reduction	Normal	Reduction
2018-06-29T00:00:00Z	6	B	1	1	NA	13	8	5	NA	NA	NA	NA	NA	NA	NA	NA	NA	NA	NA	NA	NA	NA	NA	NA	NA	NA	NA	NA	NA	NA	NA	NA	NA	NA	NA	NA	NA	NA	NA	NA	6B	6B1	180	8	13	Reduction	Normal	Reduction
2018-07-05T00:00:00Z	6	B	1	1	NA	2	7	2	NA	NA	NA	NA	NA	NA	NA	NA	NA	NA	NA	NA	NA	NA	NA	NA	NA	NA	NA	NA	NA	NA	NA	NA	NA	NA	NA	NA	NA	0	NA	NA	6B	6B1	186	7	2	Reduction	Normal	Reduction
2018-07-09T00:00:00Z	6	B	1	1	NA	0	2	0	NA	NA	NA	NA	NA	NA	NA	NA	NA	NA	NA	NA	NA	NA	NA	NA	NA	NA	NA	NA	NA	NA	NA	NA	NA	NA	NA	NA	NA	NA	NA	NA	6B	6B1	190	2	0	Reduction	Normal	Reduction
2018-07-11T00:00:00Z	6	B	1	1	NA	0	0	NA	NA	NA	NA	NA	NA	NA	NA	NA	NA	NA	NA	NA	NA	NA	NA	NA	NA	NA	NA	NA	NA	NA	NA	NA	NA	NA	NA	NA	NA	NA	NA	NA	6B	6B1	192	0	0	Reduction	Normal	Reduction
2018-07-16T00:00:00Z	6	B	1	1	36	0	0	NA	NA	NA	NA	NA	NA	NA	NA	NA	NA	NA	NA	NA	NA	NA	NA	NA	NA	NA	NA	NA	NA	NA	NA	NA	NA	NA	NA	NA	NA	0	NA	NA	6B	6B1	197	0	0	Reduction	Normal	Reduction
2018-07-20T00:00:00Z	6	B	1	1	NA	0	0	NA	NA	NA	NA	NA	NA	NA	NA	NA	NA	NA	NA	NA	NA	NA	NA	NA	NA	NA	NA	NA	NA	NA	NA	NA	NA	NA	NA	NA	0	0	NA	NA	6B	6B1	201	0	0	Reduction	Normal	Reduction
2018-07-25T00:00:00Z	6	B	1	1	NA	0	0	NA	NA	NA	NA	NA	NA	NA	NA	NA	NA	NA	NA	NA	NA	NA	NA	NA	NA	NA	NA	NA	NA	NA	NA	NA	NA	NA	NA	NA	NA	NA	NA	NA	6B	6B1	206	0	0	Reduction	Normal	Reduction
2018-06-18T00:00:00Z	4	D	5	1	54	7	12	NA	NA	NA	NA	NA	NA	NA	NA	NA	NA	NA	NA	NA	NA	NA	NA	NA	NA	NA	NA	NA	NA	NA	NA	NA	NA	NA	NA	NA	NA	NA	NA	NA	4D	4D5	169	12	7	Reduction	Early	Reduction
2018-06-20T00:00:00Z	5	B	6	2	31	5	0	NA	10	1	NA	NA	NA	NA	NA	NA	NA	NA	NA	NA	NA	NA	NA	NA	NA	NA	NA	NA	NA	NA	NA	NA	NA	NA	NA	NA	NA	NA	NA	NA	5B	5B6	171	1	15	Control	Early	Mock rainout
2018-06-21T00:00:00Z	6	B	6	NA	NA	NA	NA	NA	NA	NA	NA	NA	NA	NA	NA	NA	NA	NA	NA	NA	NA	NA	NA	NA	NA	NA	NA	NA	NA	NA	NA	NA	NA	NA	NA	NA	NA	1	1	NA	6B	6B6	172	0	0	Reduction	Normal	Reduction
2018-06-22T00:00:00Z	6	B	6	2	NA	14	0	NA	10	1	NA	NA	NA	NA	NA	NA	NA	NA	NA	NA	NA	NA	NA	NA	NA	NA	NA	NA	NA	NA	NA	NA	NA	NA	NA	NA	NA	NA	NA	NA	6B	6B6	173	1	24	Reduction	Normal	Reduction
2018-06-25T00:00:00Z	6	B	6	2	NA	6	5	NA	9	1	NA	NA	NA	NA	NA	NA	NA	NA	NA	NA	NA	NA	NA	NA	NA	NA	NA	NA	NA	NA	NA	NA	NA	NA	NA	NA	NA	NA	NA	NA	6B	6B6	176	6	15	Reduction	Normal	Reduction
2018-06-27T00:00:00Z	6	B	6	2	40	18	2	NA	14	2	NA	NA	NA	NA	NA	NA	NA	NA	NA	NA	NA	NA	NA	NA	NA	NA	NA	NA	NA	NA	NA	NA	NA	NA	NA	NA	NA	3	3	nectar robbing	6B	6B6	178	4	32	Reduction	Normal	Reduction
2018-06-29T00:00:00Z	6	B	6	2	NA	10	2	0	13	6	0	NA	NA	NA	NA	NA	NA	NA	NA	NA	NA	NA	NA	NA	NA	NA	NA	NA	NA	NA	NA	NA	NA	NA	NA	NA	NA	NA	NA	NA	6B	6B6	180	8	23	Reduction	Normal	Reduction
2018-07-05T00:00:00Z	6	B	6	2	NA	2	0	0	6	3	3	NA	NA	NA	NA	NA	NA	NA	NA	NA	NA	NA	NA	NA	NA	NA	NA	NA	NA	NA	NA	NA	NA	NA	NA	NA	NA	1	1	NA	6B	6B6	186	3	8	Reduction	Normal	Reduction
2018-07-09T00:00:00Z	6	B	6	1	NA	0	0	0	NA	NA	NA	NA	NA	NA	NA	NA	NA	NA	NA	NA	NA	NA	NA	NA	NA	NA	NA	NA	NA	NA	NA	NA	NA	NA	NA	NA	NA	NA	NA	NA	6B	6B6	190	0	0	Reduction	Normal	Reduction
2018-07-11T00:00:00Z	6	B	6	1	NA	1	0	0	1	1	0	NA	NA	NA	NA	NA	NA	NA	NA	NA	NA	NA	NA	NA	NA	NA	NA	NA	NA	NA	NA	NA	NA	NA	NA	NA	NA	0	NA	NA	6B	6B6	192	1	2	Reduction	Normal	Reduction
2018-07-16T00:00:00Z	6	B	6	2	39	0	0	NA	NA	NA	NA	NA	NA	NA	NA	NA	NA	NA	NA	NA	NA	NA	NA	NA	NA	NA	NA	NA	NA	NA	NA	NA	NA	NA	NA	NA	NA	0	NA	NA	6B	6B6	197	0	0	Reduction	Normal	Reduction
2018-07-20T00:00:00Z	6	B	6	1	NA	0	0	NA	NA	NA	NA	NA	NA	NA	NA	NA	NA	NA	NA	NA	NA	NA	NA	NA	NA	NA	NA	NA	NA	NA	NA	NA	NA	NA	NA	NA	0	0	NA	NA	6B	6B6	201	0	0	Reduction	Normal	Reduction
2018-07-25T00:00:00Z	6	B	6	2	NA	0	0	NA	NA	NA	NA	NA	NA	NA	NA	NA	NA	NA	NA	NA	NA	NA	NA	NA	NA	NA	NA	NA	NA	NA	NA	NA	NA	NA	NA	NA	NA	NA	NA	NA	6B	6B6	206	0	0	Reduction	Normal	Reduction
2018-06-15T00:00:00Z	5	B	7	1	26	7	NA	NA	NA	NA	NA	NA	NA	NA	NA	NA	NA	NA	NA	NA	NA	NA	NA	NA	NA	NA	NA	NA	NA	NA	NA	NA	NA	NA	NA	NA	NA	NA	NA	NA	5B	5B7	166	0	7	Control	Early	Mock rainout
2018-06-15T00:00:00Z	5	B	7	1	NA	3	0	NA	NA	NA	NA	NA	NA	NA	NA	NA	NA	NA	NA	NA	NA	NA	NA	NA	NA	NA	NA	NA	NA	NA	NA	NA	NA	NA	NA	NA	NA	NA	NA	NA	5B	5B7	166	0	3	Control	Early	Mock rainout
2018-06-18T00:00:00Z	5	B	7	1	25.5	9	0	NA	NA	NA	NA	NA	NA	NA	NA	NA	NA	NA	NA	NA	NA	NA	NA	NA	NA	NA	NA	NA	NA	NA	NA	NA	NA	NA	NA	1	NA	NA	NA	NA	5B	5B7	169	0	9	Control	Early	Mock rainout
2018-06-20T00:00:00Z	5	B	7	1	26	11	2	NA	NA	NA	NA	NA	NA	NA	NA	NA	NA	NA	NA	NA	NA	NA	NA	NA	NA	NA	NA	NA	NA	NA	NA	NA	NA	NA	NA	NA	NA	NA	NA	NA	5B	5B7	171	2	11	Control	Early	Mock rainout
2018-06-21T00:00:00Z	5	B	7	NA	NA	NA	NA	NA	NA	NA	NA	NA	NA	NA	NA	NA	NA	NA	NA	NA	NA	NA	NA	NA	NA	NA	NA	NA	NA	NA	NA	NA	NA	NA	NA	NA	NA	1	1	NA	5B	5B7	172	0	0	Control	Early	Mock rainout
2018-06-22T00:00:00Z	5	B	7	1	NA	7	4	NA	NA	NA	NA	NA	NA	NA	NA	NA	NA	NA	NA	NA	NA	NA	NA	NA	NA	NA	NA	NA	NA	NA	NA	NA	NA	NA	NA	NA	NA	NA	NA	NA	5B	5B7	173	4	7	Control	Early	Mock rainout
2018-06-25T00:00:00Z	5	B	7	1	NA	10	4	4	NA	NA	NA	NA	NA	NA	NA	NA	NA	NA	NA	NA	NA	NA	NA	NA	NA	NA	NA	NA	NA	NA	NA	NA	NA	NA	NA	NA	NA	NA	NA	NA	5B	5B7	176	4	10	Control	Early	Mock rainout
2018-06-29T00:00:00Z	5	B	7	1	NA	7	5	1	NA	NA	NA	NA	NA	NA	NA	NA	NA	NA	NA	NA	NA	NA	NA	NA	NA	NA	NA	NA	NA	NA	NA	NA	NA	NA	NA	NA	NA	NA	NA	NA	5B	5B7	180	5	7	Control	Early	Mock rainout
2018-07-05T00:00:00Z	5	B	7	1	NA	4	3	3	NA	NA	NA	NA	NA	NA	NA	NA	NA	NA	NA	NA	NA	NA	NA	NA	NA	NA	NA	NA	NA	NA	NA	NA	NA	NA	NA	NA	NA	0	NA	NA	5B	5B7	186	3	4	Control	Early	Mock rainout
2018-07-09T00:00:00Z	5	B	7	1	NA	1	3	3	NA	NA	NA	NA	NA	NA	NA	NA	NA	NA	NA	NA	NA	NA	NA	NA	NA	NA	NA	NA	NA	NA	NA	NA	NA	NA	NA	NA	NA	0	NA	NA	5B	5B7	190	3	1	Control	Early	Mock rainout
2018-07-16T00:00:00Z	5	B	7	1	30	0	0	NA	NA	NA	NA	NA	NA	NA	NA	NA	NA	NA	NA	NA	NA	NA	NA	NA	NA	NA	NA	NA	NA	NA	NA	NA	NA	NA	NA	NA	NA	0	NA	NA	5B	5B7	197	0	0	Control	Early	Mock rainout
2018-07-20T00:00:00Z	5	B	7	1	NA	0	0	NA	NA	NA	NA	NA	NA	NA	NA	NA	NA	NA	NA	NA	NA	NA	NA	NA	NA	NA	NA	NA	NA	NA	NA	NA	NA	NA	NA	NA	0	0	NA	NA	5B	5B7	201	0	0	Control	Early	Mock rainout
2018-07-25T00:00:00Z	5	B	7	1	NA	0	0	NA	NA	NA	NA	NA	NA	NA	NA	NA	NA	NA	NA	NA	NA	NA	NA	NA	NA	NA	NA	NA	NA	NA	NA	NA	NA	NA	NA	NA	NA	NA	NA	NA	5B	5B7	206	0	0	Control	Early	Mock rainout
2018-06-27T00:00:00Z	5	B	7	1	19.5	13	1	NA	NA	NA	NA	NA	NA	NA	NA	NA	NA	NA	NA	NA	NA	NA	NA	NA	NA	NA	NA	NA	NA	NA	NA	NA	NA	NA	NA	NA	NA	0	NA	NR	5B	5B7	178	1	13	Control	Early	Mock rainout
2018-06-27T00:00:00Z	5	B	7	1	34	11	5	NA	NA	NA	NA	NA	NA	NA	NA	NA	NA	NA	NA	NA	NA	NA	NA	NA	NA	NA	NA	NA	NA	NA	NA	NA	NA	NA	NA	NA	NA	0	NA	NA	5B	5B7	178	5	11	Control	Early	Mock rainout
2018-06-15T00:00:00Z	5	B	8	1	47	13	NA	NA	NA	NA	NA	NA	NA	NA	NA	NA	NA	NA	NA	NA	NA	NA	NA	NA	NA	NA	NA	NA	NA	NA	NA	NA	NA	NA	NA	NA	NA	NA	NA	NA	5B	5B8	166	0	13	Control	Early	Mock rainout
2018-06-18T00:00:00Z	5	B	8	1	29.5	17	1	NA	NA	NA	NA	NA	NA	NA	NA	NA	NA	NA	NA	NA	NA	NA	NA	NA	NA	NA	NA	NA	NA	NA	NA	NA	NA	NA	NA	NA	NA	NA	NA	NA	5B	5B8	169	1	17	Control	Early	Mock rainout
2018-06-20T00:00:00Z	5	B	8	1	34	21	1	NA	NA	NA	NA	NA	NA	NA	NA	NA	NA	NA	NA	NA	NA	NA	NA	NA	NA	NA	NA	NA	NA	NA	NA	NA	NA	NA	NA	NA	NA	NA	NA	NA	5B	5B8	171	1	21	Control	Early	Mock rainout
2018-06-21T00:00:00Z	5	B	8	NA	NA	NA	NA	NA	NA	NA	NA	NA	NA	NA	NA	NA	NA	NA	NA	NA	NA	NA	NA	NA	NA	NA	NA	NA	NA	NA	NA	NA	NA	NA	NA	NA	NA	0	NA	NA	5B	5B8	172	0	0	Control	Early	Mock rainout
2018-06-22T00:00:00Z	5	B	8	1	NA	4	11	NA	NA	NA	NA	NA	NA	NA	NA	NA	NA	NA	NA	NA	NA	NA	NA	NA	NA	NA	NA	NA	NA	NA	NA	NA	NA	NA	NA	NA	NA	NA	NA	NA	5B	5B8	173	11	4	Control	Early	Mock rainout
2018-06-25T00:00:00Z	5	B	8	1	NA	15	5	4	NA	NA	NA	NA	NA	NA	NA	NA	NA	NA	NA	NA	NA	NA	NA	NA	NA	NA	NA	NA	NA	NA	NA	NA	NA	NA	NA	NA	NA	NA	NA	NA	5B	5B8	176	5	15	Control	Early	Mock rainout
2018-06-29T00:00:00Z	5	B	8	1	NA	5	6	1	NA	NA	NA	NA	NA	NA	NA	NA	NA	NA	NA	NA	NA	NA	NA	NA	NA	NA	NA	NA	NA	NA	NA	NA	NA	NA	NA	NA	NA	NA	NA	NA	5B	5B8	180	6	5	Control	Early	Mock rainout
2018-07-05T00:00:00Z	5	B	8	1	NA	1	1	0	NA	NA	NA	NA	NA	NA	NA	NA	NA	NA	NA	NA	NA	NA	NA	NA	NA	NA	NA	NA	NA	NA	NA	NA	NA	NA	NA	NA	NA	0	NA	NA	5B	5B8	186	1	1	Control	Early	Mock rainout
2018-07-09T00:00:00Z	5	B	8	1	NA	0	1	1	NA	NA	NA	NA	NA	NA	NA	NA	NA	NA	NA	NA	NA	NA	NA	NA	NA	NA	NA	NA	NA	NA	NA	NA	NA	NA	NA	NA	NA	0	NA	NA	5B	5B8	190	1	0	Control	Early	Mock rainout
2018-07-16T00:00:00Z	5	B	8	1	26	0	0	NA	NA	NA	NA	NA	NA	NA	NA	NA	NA	NA	NA	NA	NA	NA	NA	NA	NA	NA	NA	NA	NA	NA	NA	NA	NA	NA	NA	NA	NA	0	NA	NA	5B	5B8	197	0	0	Control	Early	Mock rainout
2018-07-20T00:00:00Z	5	B	8	2	NA	0	0	NA	NA	NA	NA	NA	NA	NA	NA	NA	NA	NA	NA	NA	NA	NA	NA	NA	NA	NA	NA	NA	NA	NA	NA	NA	NA	NA	NA	NA	0	0	NA	NA	5B	5B8	201	0	0	Control	Early	Mock rainout
2018-07-25T00:00:00Z	5	B	8	1	NA	0	0	NA	NA	NA	NA	NA	NA	NA	NA	NA	NA	NA	NA	NA	NA	NA	NA	NA	NA	NA	NA	NA	NA	NA	NA	NA	NA	NA	NA	NA	NA	NA	NA	NA	5B	5B8	206	0	0	Control	Early	Mock rainout
2018-06-15T00:00:00Z	5	B	14	1	NA	28	0	NA	NA	NA	NA	NA	NA	NA	NA	NA	NA	NA	NA	NA	NA	NA	NA	NA	NA	NA	NA	NA	NA	NA	NA	NA	NA	NA	NA	NA	NA	NA	NA	NA	5B	5B14	166	0	28	Control	Early	Mock rainout
2018-06-20T00:00:00Z	5	B	14	1	55	38	8	NA	NA	NA	NA	NA	NA	NA	NA	NA	NA	NA	NA	NA	NA	NA	NA	NA	NA	NA	NA	NA	NA	NA	NA	NA	NA	NA	NA	NA	NA	NA	NA	NA	5B	5B14	171	8	38	Control	Early	Mock rainout
2018-06-22T00:00:00Z	5	B	14	1	NA	6	19	NA	NA	NA	NA	NA	NA	NA	NA	NA	NA	NA	NA	NA	NA	NA	NA	NA	NA	NA	NA	NA	NA	NA	NA	NA	NA	NA	NA	NA	NA	NA	NA	NA	5B	5B14	173	19	6	Control	Early	Mock rainout
2018-06-25T00:00:00Z	5	B	14	1	NA	22	7	NA	NA	NA	NA	NA	NA	NA	NA	NA	NA	NA	NA	NA	NA	NA	NA	NA	NA	NA	NA	NA	NA	NA	NA	NA	NA	NA	NA	NA	NA	NA	NA	NA	5B	5B14	176	7	22	Control	Early	Mock rainout
2018-06-29T00:00:00Z	5	B	14	1	NA	16	7	5	NA	NA	NA	NA	NA	NA	NA	NA	NA	NA	NA	NA	NA	NA	NA	NA	NA	NA	NA	NA	NA	NA	NA	NA	NA	NA	NA	NA	NA	NA	NA	NA	5B	5B14	180	7	16	Control	Early	Mock rainout
2018-07-05T00:00:00Z	5	B	14	1	NA	9	3	1	NA	NA	NA	NA	NA	NA	NA	NA	NA	NA	NA	NA	NA	NA	NA	NA	NA	NA	NA	NA	NA	NA	NA	NA	NA	NA	NA	NA	NA	0	NA	NA	5B	5B14	186	3	9	Control	Early	Mock rainout
2018-07-09T00:00:00Z	5	B	14	1	NA	3	3	3	NA	NA	NA	NA	NA	NA	NA	NA	NA	NA	NA	NA	NA	NA	NA	NA	NA	NA	NA	NA	NA	NA	NA	NA	NA	NA	NA	NA	NA	NA	NA	NA	5B	5B14	190	3	3	Control	Early	Mock rainout
2018-07-16T00:00:00Z	5	B	14	1	43	0	0	NA	NA	NA	NA	NA	NA	NA	NA	NA	NA	NA	NA	NA	NA	NA	NA	NA	NA	NA	NA	NA	NA	NA	NA	NA	NA	NA	NA	NA	NA	0	NA	NA	5B	5B14	197	0	0	Control	Early	Mock rainout
2018-07-20T00:00:00Z	5	B	14	1	NA	0	0	0	NA	NA	NA	NA	NA	NA	NA	NA	NA	NA	NA	NA	NA	NA	NA	NA	NA	NA	NA	NA	NA	NA	NA	NA	NA	NA	NA	NA	0	0	NA	NA	5B	5B14	201	0	0	Control	Early	Mock rainout
2018-07-25T00:00:00Z	5	B	14	1	NA	0	0	NA	NA	NA	NA	NA	NA	NA	NA	NA	NA	NA	NA	NA	NA	NA	NA	NA	NA	NA	NA	NA	NA	NA	NA	NA	NA	NA	NA	NA	NA	NA	NA	NA	5B	5B14	206	0	0	Control	Early	Mock rainout
2018-06-27T00:00:00Z	5	B	14	1	43.5	22	10	NA	NA	NA	NA	NA	NA	NA	NA	NA	NA	NA	NA	NA	NA	NA	NA	NA	NA	NA	NA	NA	NA	NA	NA	NA	NA	NA	NA	NA	NA	2	2	NA	5B	5B14	178	10	22	Control	Early	Mock rainout
2018-06-15T00:00:00Z	5	B	15	1	25	23	NA	NA	NA	NA	NA	NA	NA	NA	NA	NA	NA	NA	NA	NA	NA	NA	NA	NA	NA	NA	NA	NA	NA	NA	NA	NA	NA	NA	NA	NA	NA	NA	NA	NA	5B	5B15	166	0	23	Control	Early	Mock rainout
2018-06-18T00:00:00Z	5	B	15	1	38	26	2	NA	NA	NA	NA	NA	NA	NA	NA	NA	NA	NA	NA	NA	NA	NA	NA	NA	NA	NA	NA	NA	NA	NA	NA	NA	NA	NA	NA	1	NA	NA	NA	NA	5B	5B15	169	2	26	Control	Early	Mock rainout
2018-06-21T00:00:00Z	5	B	15	NA	NA	NA	NA	NA	NA	NA	NA	NA	NA	NA	NA	NA	NA	NA	NA	NA	NA	NA	NA	NA	NA	NA	NA	NA	NA	NA	NA	NA	NA	NA	NA	NA	NA	3	3	NA	5B	5B15	172	0	0	Control	Early	Mock rainout
2018-07-09T00:00:00Z	5	B	15	1	NA	4	0	NA	NA	NA	NA	NA	NA	NA	NA	NA	NA	NA	NA	NA	NA	NA	NA	NA	NA	NA	NA	NA	NA	NA	NA	NA	NA	NA	NA	NA	NA	0	NA	NA	5B	5B15	190	0	4	Control	Early	Mock rainout
2018-06-20T00:00:00Z	4	A	16	1	18	11	2	NA	NA	NA	NA	NA	NA	NA	NA	NA	NA	NA	NA	NA	NA	NA	NA	NA	NA	NA	NA	NA	NA	NA	NA	NA	NA	NA	NA	NA	NA	NA	2	NA	4A	4A16	171	2	11	Addition	Early	Addition
2018-08-10T00:00:00Z	5	A	18	4	NA	4	4	NA	NA	NA	NA	NA	NA	NA	NA	NA	NA	NA	NA	NA	NA	NA	NA	NA	NA	NA	NA	NA	NA	NA	NA	NA	NA	NA	NA	NA	1	2	1	NA	5A	5A18	222	4	4	Addition	Early	Addition
2018-06-20T00:00:00Z	5	B	20	1	25	1	0	NA	NA	NA	NA	NA	NA	NA	NA	NA	NA	NA	NA	NA	NA	NA	NA	NA	NA	NA	NA	NA	NA	NA	NA	NA	NA	NA	NA	NA	NA	NA	NA	NA	5B	5B20	171	0	1	Control	Early	Mock rainout
2018-06-22T00:00:00Z	6	B	20	1	NA	1	0	NA	NA	NA	NA	NA	NA	NA	NA	NA	NA	NA	NA	NA	NA	NA	NA	NA	NA	NA	NA	NA	NA	NA	NA	NA	NA	NA	NA	NA	NA	NA	NA	NA	6B	6B20	173	0	1	Reduction	Normal	Reduction
2018-06-25T00:00:00Z	6	B	20	1	NA	9	0	NA	NA	NA	NA	NA	NA	NA	NA	NA	NA	NA	NA	NA	NA	NA	NA	NA	NA	NA	NA	NA	NA	NA	NA	NA	NA	NA	NA	NA	NA	NA	NA	NA	6B	6B20	176	0	9	Reduction	Normal	Reduction
2018-06-27T00:00:00Z	6	B	20	1	26	17	0	NA	NA	NA	NA	NA	NA	NA	NA	NA	NA	NA	NA	NA	NA	NA	NA	NA	NA	NA	NA	NA	NA	NA	NA	NA	NA	NA	NA	NA	NA	0	0	nectar robbing	6B	6B20	178	0	17	Reduction	Normal	Reduction
2018-06-29T00:00:00Z	6	B	20	1	NA	10	7	1	NA	NA	NA	NA	NA	NA	NA	NA	NA	NA	NA	NA	NA	NA	NA	NA	NA	NA	NA	NA	NA	NA	NA	NA	NA	NA	NA	NA	NA	NA	NA	NA	6B	6B20	180	7	10	Reduction	Normal	Reduction
2018-07-05T00:00:00Z	6	B	20	1	NA	11	6	4	NA	NA	NA	NA	NA	NA	NA	NA	NA	NA	NA	NA	NA	NA	NA	NA	NA	NA	NA	NA	NA	NA	NA	NA	NA	NA	NA	NA	NA	0	NA	NA	6B	6B20	186	6	11	Reduction	Normal	Reduction
2018-07-09T00:00:00Z	6	B	20	1	NA	0	0	0	NA	NA	NA	NA	NA	NA	NA	NA	NA	NA	NA	NA	NA	NA	NA	NA	NA	NA	NA	NA	NA	NA	NA	NA	NA	NA	NA	NA	NA	NA	NA	NA	6B	6B20	190	0	0	Reduction	Normal	Reduction
2018-07-11T00:00:00Z	6	B	20	1	NA	4	2	0	NA	NA	NA	NA	NA	NA	NA	NA	NA	NA	NA	NA	NA	NA	NA	NA	NA	NA	NA	NA	NA	NA	NA	NA	NA	NA	NA	NA	NA	0	NA	NA	6B	6B20	192	2	4	Reduction	Normal	Reduction
2018-07-16T00:00:00Z	6	B	20	1	31	1	1	NA	NA	NA	NA	NA	NA	NA	NA	NA	NA	NA	NA	NA	NA	NA	NA	NA	NA	NA	NA	NA	NA	NA	NA	NA	NA	NA	NA	NA	NA	NA	NA	NA	6B	6B20	197	1	1	Reduction	Normal	Reduction
2018-07-20T00:00:00Z	6	B	20	1	NA	0	0	NA	NA	NA	NA	NA	NA	NA	NA	NA	NA	NA	NA	NA	NA	NA	NA	NA	NA	NA	NA	NA	NA	NA	NA	NA	NA	NA	NA	NA	0	0	NA	NA	6B	6B20	201	0	0	Reduction	Normal	Reduction
2018-07-25T00:00:00Z	6	B	20	1	NA	0	0	NA	NA	NA	NA	NA	NA	NA	NA	NA	NA	NA	NA	NA	NA	NA	NA	NA	NA	NA	NA	NA	NA	NA	NA	NA	NA	NA	NA	NA	NA	NA	NA	NA	6B	6B20	206	0	0	Reduction	Normal	Reduction
2018-06-15T00:00:00Z	5	B	22	1	29	16	NA	NA	NA	NA	NA	NA	NA	NA	NA	NA	NA	NA	NA	NA	NA	NA	NA	NA	NA	NA	NA	NA	NA	NA	NA	NA	NA	NA	NA	NA	NA	NA	NA	NA	5B	5B22	166	0	16	Control	Early	Mock rainout
2018-06-15T00:00:00Z	5	B	22	1	NA	1	0	NA	NA	NA	NA	NA	NA	NA	NA	NA	NA	NA	NA	NA	NA	NA	NA	NA	NA	NA	NA	NA	NA	NA	NA	NA	NA	NA	NA	NA	NA	NA	NA	NA	5B	5B22	166	0	1	Control	Early	Mock rainout
2018-06-18T00:00:00Z	5	B	22	1	28	11	1	NA	NA	NA	NA	NA	NA	NA	NA	NA	NA	NA	NA	NA	NA	NA	NA	NA	NA	NA	NA	NA	NA	NA	NA	NA	NA	NA	NA	NA	NA	NA	NA	NA	5B	5B22	169	1	11	Control	Early	Mock rainout
2018-06-20T00:00:00Z	5	B	22	1	30	24	1	NA	NA	NA	NA	NA	NA	NA	NA	NA	NA	NA	NA	NA	NA	NA	NA	NA	NA	NA	NA	NA	NA	NA	NA	NA	NA	NA	NA	NA	NA	NA	NA	NA	5B	5B22	171	1	24	Control	Early	Mock rainout
2018-06-21T00:00:00Z	5	B	22	NA	NA	NA	NA	NA	NA	NA	NA	NA	NA	NA	NA	NA	NA	NA	NA	NA	NA	NA	NA	NA	NA	NA	NA	NA	NA	NA	NA	NA	NA	NA	NA	NA	NA	1	1	NA	5B	5B22	172	0	0	Control	Early	Mock rainout
2018-06-22T00:00:00Z	5	B	22	1	NA	10	8	NA	NA	NA	NA	NA	NA	NA	NA	NA	NA	NA	NA	NA	NA	NA	NA	NA	NA	NA	NA	NA	NA	NA	NA	NA	NA	NA	NA	NA	NA	NA	NA	NA	5B	5B22	173	8	10	Control	Early	Mock rainout
2018-06-25T00:00:00Z	5	B	22	1	NA	17	6	1	NA	NA	NA	NA	NA	NA	NA	NA	NA	NA	NA	NA	NA	NA	NA	NA	NA	NA	NA	NA	NA	NA	NA	NA	NA	NA	NA	NA	NA	NA	NA	NA	5B	5B22	176	6	17	Control	Early	Mock rainout
2018-06-29T00:00:00Z	5	B	22	1	NA	10	4	3	NA	NA	NA	NA	NA	NA	NA	NA	NA	NA	NA	NA	NA	NA	NA	NA	NA	NA	NA	NA	NA	NA	NA	NA	NA	NA	NA	NA	NA	NA	NA	NA	5B	5B22	180	4	10	Control	Early	Mock rainout
2018-07-05T00:00:00Z	5	B	22	1	NA	7	3	2	NA	NA	NA	NA	NA	NA	NA	NA	NA	NA	NA	NA	NA	NA	NA	NA	NA	NA	NA	NA	NA	NA	NA	NA	NA	NA	NA	NA	NA	0	NA	NA	5B	5B22	186	3	7	Control	Early	Mock rainout
2018-07-09T00:00:00Z	5	B	22	1	NA	2	3	2	NA	NA	NA	NA	NA	NA	NA	NA	NA	NA	NA	NA	NA	NA	NA	NA	NA	NA	NA	NA	NA	NA	NA	NA	NA	NA	NA	NA	NA	0	NA	NA	5B	5B22	190	3	2	Control	Early	Mock rainout
2018-07-16T00:00:00Z	5	B	22	1	36	0	0	NA	NA	NA	NA	NA	NA	NA	NA	NA	NA	NA	NA	NA	NA	NA	NA	NA	NA	NA	NA	NA	NA	NA	NA	NA	NA	NA	NA	NA	NA	0	NA	NA	5B	5B22	197	0	0	Control	Early	Mock rainout
2018-07-20T00:00:00Z	5	B	22	1	NA	0	0	0	NA	NA	NA	NA	NA	NA	NA	NA	NA	NA	NA	NA	NA	NA	NA	NA	NA	NA	NA	NA	NA	NA	NA	NA	NA	NA	NA	NA	0	0	NA	NA	5B	5B22	201	0	0	Control	Early	Mock rainout
2018-07-25T00:00:00Z	5	B	22	1	NA	0	0	NA	NA	NA	NA	NA	NA	NA	NA	NA	NA	NA	NA	NA	NA	NA	NA	NA	NA	NA	NA	NA	NA	NA	NA	NA	NA	NA	NA	NA	NA	NA	NA	NA	5B	5B22	206	0	0	Control	Early	Mock rainout
2018-06-27T00:00:00Z	5	B	22	1	37	12	9	NA	NA	NA	NA	NA	NA	NA	NA	NA	NA	NA	NA	NA	NA	NA	NA	NA	NA	NA	NA	NA	NA	NA	NA	NA	NA	NA	NA	NA	NA	3	3	NR	5B	5B22	178	9	12	Control	Early	Mock rainout
2018-06-15T00:00:00Z	5	B	23	1	24	16	NA	NA	NA	NA	NA	NA	NA	NA	NA	NA	NA	NA	NA	NA	NA	NA	NA	NA	NA	NA	NA	NA	NA	NA	NA	NA	NA	NA	NA	NA	NA	NA	NA	NA	5B	5B23	166	0	16	Control	Early	Mock rainout
2018-06-15T00:00:00Z	5	B	23	1	NA	7	0	NA	NA	NA	NA	NA	NA	NA	NA	NA	NA	NA	NA	NA	NA	NA	NA	NA	NA	NA	NA	NA	NA	NA	NA	NA	NA	NA	NA	NA	NA	NA	NA	NA	5B	5B23	166	0	7	Control	Early	Mock rainout
2018-06-18T00:00:00Z	5	B	23	1	23	15	1	NA	NA	NA	NA	NA	NA	NA	NA	NA	NA	NA	NA	NA	NA	NA	NA	NA	NA	NA	NA	NA	NA	NA	NA	NA	NA	NA	NA	NA	NA	NA	NA	NA	5B	5B23	169	1	15	Control	Early	Mock rainout
2018-06-20T00:00:00Z	5	B	23	1	25	21	5	NA	NA	NA	NA	NA	NA	NA	NA	NA	NA	NA	NA	NA	NA	NA	NA	NA	NA	NA	NA	NA	NA	NA	NA	NA	NA	NA	NA	NA	NA	NA	NA	NA	5B	5B23	171	5	21	Control	Early	Mock rainout
2018-06-21T00:00:00Z	5	B	23	NA	NA	NA	NA	NA	NA	NA	NA	NA	NA	NA	NA	NA	NA	NA	NA	NA	NA	NA	NA	NA	NA	NA	NA	NA	NA	NA	NA	NA	NA	NA	NA	NA	NA	0	NA	NA	5B	5B23	172	0	0	Control	Early	Mock rainout
2018-06-22T00:00:00Z	5	B	23	1	NA	8	3	NA	NA	NA	NA	NA	NA	NA	NA	NA	NA	NA	NA	NA	NA	NA	NA	NA	NA	NA	NA	NA	NA	NA	NA	NA	NA	NA	NA	NA	NA	NA	NA	NA	5B	5B23	173	3	8	Control	Early	Mock rainout
2018-06-25T00:00:00Z	5	B	23	1	NA	10	4	NA	NA	NA	NA	NA	NA	NA	NA	NA	NA	NA	NA	NA	NA	NA	NA	NA	NA	NA	NA	NA	NA	NA	NA	NA	NA	NA	NA	NA	NA	NA	NA	NA	5B	5B23	176	4	10	Control	Early	Mock rainout
2018-06-29T00:00:00Z	5	B	23	1	NA	3	4	4	NA	NA	NA	NA	NA	NA	NA	NA	NA	NA	NA	NA	NA	NA	NA	NA	NA	NA	NA	NA	NA	NA	NA	NA	NA	NA	NA	NA	NA	NA	NA	NA	5B	5B23	180	4	3	Control	Early	Mock rainout
2018-07-09T00:00:00Z	5	B	23	1	NA	NA	NA	NA	NA	NA	NA	NA	NA	NA	NA	NA	NA	NA	NA	NA	NA	NA	NA	NA	NA	NA	NA	NA	NA	NA	NA	NA	NA	NA	NA	NA	NA	NA	NA	SF	5B	5B23	190	0	0	Control	Early	Mock rainout
2018-07-16T00:00:00Z	5	B	23	1	28	0	0	NA	NA	NA	NA	NA	NA	NA	NA	NA	NA	NA	NA	NA	NA	NA	NA	NA	NA	NA	NA	NA	NA	NA	NA	NA	NA	NA	NA	NA	NA	0	NA	NA	5B	5B23	197	0	0	Control	Early	Mock rainout
2018-07-20T00:00:00Z	5	B	23	1	NA	0	0	0	NA	NA	NA	NA	NA	NA	NA	NA	NA	NA	NA	NA	NA	NA	NA	NA	NA	NA	NA	NA	NA	NA	NA	NA	NA	NA	NA	NA	0	0	NA	NA	5B	5B23	201	0	0	Control	Early	Mock rainout
2018-07-25T00:00:00Z	5	B	23	1	NA	0	0	NA	NA	NA	NA	NA	NA	NA	NA	NA	NA	NA	NA	NA	NA	NA	NA	NA	NA	NA	NA	NA	NA	NA	NA	NA	NA	NA	NA	NA	NA	NA	NA	NA	5B	5B23	206	0	0	Control	Early	Mock rainout
2018-06-27T00:00:00Z	5	B	23	1	23	4	9	NA	NA	NA	NA	NA	NA	NA	NA	NA	NA	NA	NA	NA	NA	NA	NA	NA	NA	NA	NA	NA	NA	NA	NA	NA	NA	NA	NA	NA	NA	1	1	NA	5B	5B23	178	9	4	Control	Early	Mock rainout
2018-06-27T00:00:00Z	6	B	25	1	24	2	0	NA	NA	NA	NA	NA	NA	NA	NA	NA	NA	NA	NA	NA	NA	NA	NA	NA	NA	NA	NA	NA	NA	NA	NA	NA	NA	NA	NA	NA	NA	0	0	NA	6B	6B25	178	0	2	Reduction	Normal	Reduction
2018-07-05T00:00:00Z	6	B	25	1	NA	9	2	0	NA	NA	NA	NA	NA	NA	NA	NA	NA	NA	NA	NA	NA	NA	NA	NA	NA	NA	NA	NA	NA	NA	NA	NA	NA	NA	NA	NA	NA	2	2	NA	6B	6B25	186	2	9	Reduction	Normal	Reduction
2018-07-09T00:00:00Z	6	B	25	1	NA	3	4	0	NA	NA	NA	NA	NA	NA	NA	NA	NA	NA	NA	NA	NA	NA	NA	NA	NA	NA	NA	NA	NA	NA	NA	NA	NA	NA	NA	NA	NA	NA	NA	NA	6B	6B25	190	4	3	Reduction	Normal	Reduction
2018-07-11T00:00:00Z	6	B	25	1	NA	2	0	NA	NA	NA	NA	NA	NA	NA	NA	NA	NA	NA	NA	NA	NA	NA	NA	NA	NA	NA	NA	NA	NA	NA	NA	NA	NA	NA	NA	NA	NA	NA	NA	NA	6B	6B25	192	0	2	Reduction	Normal	Reduction
2018-07-20T00:00:00Z	6	B	25	1	NA	2	0	NA	NA	NA	NA	NA	NA	NA	NA	NA	NA	NA	NA	NA	NA	NA	NA	NA	NA	NA	NA	NA	NA	NA	NA	NA	NA	NA	NA	NA	0	0	NA	NA	6B	6B25	201	0	2	Reduction	Normal	Reduction
2018-07-25T00:00:00Z	6	B	25	1	NA	4	0	NA	NA	NA	NA	NA	NA	NA	NA	NA	NA	NA	NA	NA	NA	NA	NA	NA	NA	NA	NA	NA	NA	NA	NA	NA	NA	NA	NA	NA	NA	NA	NA	NA	6B	6B25	206	0	4	Reduction	Normal	Reduction
2018-07-31T00:00:00Z	6	B	25	1	NA	11	2	0	NA	NA	NA	NA	NA	NA	NA	NA	NA	NA	NA	NA	NA	NA	NA	NA	NA	NA	NA	NA	NA	NA	NA	NA	NA	NA	NA	0	NA	1	1	NA	6B	6B25	212	2	11	Reduction	Normal	Reduction
2018-08-15T00:00:00Z	6	B	25	1	NA	1	0	0	NA	NA	NA	NA	NA	NA	NA	NA	NA	NA	NA	NA	NA	NA	NA	NA	NA	NA	NA	NA	NA	NA	NA	NA	NA	NA	NA	0	0	NA	NA	NA	6B	6B25	227	0	1	Reduction	Normal	Reduction
2018-06-10T00:00:00Z	4	D	26	NA	NA	8	0	NA	NA	NA	NA	NA	NA	NA	NA	NA	NA	NA	NA	NA	NA	NA	NA	NA	NA	NA	NA	NA	NA	NA	NA	NA	NA	NA	NA	NA	NA	NA	NA	NA	4D	4D26	161	0	8	Reduction	Early	Reduction
2018-06-15T00:00:00Z	4	D	26	1	NA	13	NA	NA	NA	NA	NA	NA	NA	NA	NA	NA	NA	NA	NA	NA	NA	NA	NA	NA	NA	NA	NA	NA	NA	NA	NA	NA	NA	NA	NA	NA	NA	NA	NA	NA	4D	4D26	166	0	13	Reduction	Early	Reduction
2018-06-15T00:00:00Z	4	D	26	1	28	15	1	NA	NA	NA	NA	NA	NA	NA	NA	NA	NA	NA	NA	NA	NA	NA	NA	NA	NA	NA	NA	NA	NA	NA	NA	NA	NA	NA	NA	NA	NA	NA	NA	NA	4D	4D26	166	1	15	Reduction	Early	Reduction
2018-06-18T00:00:00Z	4	D	26	1	29	6	3	NA	NA	NA	NA	NA	NA	NA	NA	NA	NA	NA	NA	NA	NA	NA	NA	NA	NA	NA	NA	NA	NA	NA	NA	NA	NA	NA	NA	NA	1	NA	NA	NA	4D	4D26	169	3	6	Reduction	Early	Reduction
2018-06-20T00:00:00Z	4	D	26	1	31	19	6	NA	NA	NA	NA	NA	NA	NA	NA	NA	NA	NA	NA	NA	NA	NA	NA	NA	NA	NA	NA	NA	NA	NA	NA	NA	NA	NA	NA	NA	NA	1	1	NA	4D	4D26	171	6	19	Reduction	Early	Reduction
2018-06-22T00:00:00Z	4	D	26	1	NA	10	3	NA	NA	NA	NA	NA	NA	NA	NA	NA	NA	NA	NA	NA	NA	NA	NA	NA	NA	NA	NA	NA	NA	NA	NA	NA	NA	NA	NA	NA	NA	NA	NA	NA	4D	4D26	173	3	10	Reduction	Early	Reduction
2018-06-25T00:00:00Z	4	D	26	1	NA	7	3	NA	NA	NA	NA	NA	NA	NA	NA	NA	NA	NA	NA	NA	NA	NA	NA	NA	NA	NA	NA	NA	NA	NA	NA	NA	NA	NA	NA	NA	1	NA	NA	NA	4D	4D26	176	3	7	Reduction	Early	Reduction
2018-06-27T00:00:00Z	4	D	26	1	29	13	6	NA	NA	NA	NA	NA	NA	NA	NA	NA	NA	NA	NA	NA	NA	NA	NA	NA	NA	NA	NA	NA	NA	NA	NA	NA	NA	NA	NA	NA	NA	0	0	NA	4D	4D26	178	6	13	Reduction	Early	Reduction
2018-07-02T00:00:00Z	4	D	26	1	NA	1	1	0	NA	NA	NA	NA	NA	NA	NA	NA	NA	NA	NA	NA	NA	NA	NA	NA	NA	NA	NA	NA	NA	NA	NA	NA	NA	NA	NA	NA	NA	0	NA	NA	4D	4D26	183	1	1	Reduction	Early	Reduction
2018-07-06T00:00:00Z	4	D	26	1	NA	0	1	0	NA	NA	NA	NA	NA	NA	NA	NA	NA	NA	NA	NA	NA	NA	NA	NA	NA	NA	NA	NA	NA	NA	NA	NA	NA	NA	NA	NA	NA	NA	NA	NA	4D	4D26	187	1	0	Reduction	Early	Reduction
2018-07-16T00:00:00Z	4	D	26	1	27.5	0	0	NA	NA	NA	NA	NA	NA	NA	NA	NA	NA	NA	NA	NA	NA	NA	NA	NA	NA	NA	NA	NA	NA	NA	NA	NA	NA	NA	NA	NA	NA	0	NA	NA	4D	4D26	197	0	0	Reduction	Early	Reduction
2018-07-20T00:00:00Z	4	D	26	1	NA	0	0	NA	NA	NA	NA	NA	NA	NA	NA	NA	NA	NA	NA	NA	NA	NA	NA	NA	NA	NA	NA	NA	NA	NA	NA	NA	NA	NA	NA	NA	0	0	NA	NA	4D	4D26	201	0	0	Reduction	Early	Reduction
2018-07-25T00:00:00Z	4	D	26	1	NA	0	0	NA	NA	NA	NA	NA	NA	NA	NA	NA	NA	NA	NA	NA	NA	NA	NA	NA	NA	NA	NA	NA	NA	NA	NA	NA	NA	NA	NA	NA	NA	NA	NA	NA	4D	4D26	206	0	0	Reduction	Early	Reduction
2018-06-20T00:00:00Z	5	B	26	1	24.5	16	2	NA	NA	NA	NA	NA	NA	NA	NA	NA	NA	NA	NA	NA	NA	NA	NA	NA	NA	NA	NA	NA	NA	NA	NA	NA	NA	NA	NA	NA	NA	NA	NA	NA	5B	5B26	171	2	16	Control	Early	Mock rainout
2018-06-15T00:00:00Z	6	B	26	1	22.5	11	0	NA	NA	NA	NA	NA	NA	NA	NA	NA	NA	NA	NA	NA	NA	NA	NA	NA	NA	NA	NA	NA	NA	NA	NA	NA	NA	NA	NA	NA	NA	NA	NA	NA	6B	6B26	166	0	11	Reduction	Normal	Reduction
2018-06-15T00:00:00Z	6	B	26	1	NA	1	0	NA	NA	NA	NA	NA	NA	NA	NA	NA	NA	NA	NA	NA	NA	NA	NA	NA	NA	NA	NA	NA	NA	NA	NA	NA	NA	NA	NA	NA	NA	NA	NA	NA	6B	6B26	166	0	1	Reduction	Normal	Reduction
2018-06-18T00:00:00Z	6	B	26	1	22	6	1	NA	NA	NA	NA	NA	NA	NA	NA	NA	NA	NA	NA	NA	NA	NA	NA	NA	NA	NA	NA	NA	NA	NA	NA	NA	NA	NA	NA	NA	NA	NA	NA	NA	6B	6B26	169	1	6	Reduction	Normal	Reduction
2018-06-21T00:00:00Z	6	B	26	NA	NA	NA	NA	NA	NA	NA	NA	NA	NA	NA	NA	NA	NA	NA	NA	NA	NA	NA	NA	NA	NA	NA	NA	NA	NA	NA	NA	NA	NA	NA	NA	NA	NA	0	NA	NA	6B	6B26	172	0	0	Reduction	Normal	Reduction
2018-06-22T00:00:00Z	6	B	26	1	NA	12	4	NA	NA	NA	NA	NA	NA	NA	NA	NA	NA	NA	NA	NA	NA	NA	NA	NA	NA	NA	NA	NA	NA	NA	NA	NA	NA	NA	NA	NA	NA	NA	NA	NA	6B	6B26	173	4	12	Reduction	Normal	Reduction
2018-06-25T00:00:00Z	6	B	26	1	NA	13	7	NA	NA	NA	NA	NA	NA	NA	NA	NA	NA	NA	NA	NA	NA	NA	NA	NA	NA	NA	NA	NA	NA	NA	NA	NA	NA	NA	NA	NA	NA	NA	NA	NA	6B	6B26	176	7	13	Reduction	Normal	Reduction
2018-06-27T00:00:00Z	6	B	26	1	25	15	3	NA	NA	NA	NA	NA	NA	NA	NA	NA	NA	NA	NA	NA	NA	NA	NA	NA	NA	NA	NA	NA	NA	NA	NA	NA	NA	NA	NA	NA	NA	2	2	NA	6B	6B26	178	3	15	Reduction	Normal	Reduction
2018-06-29T00:00:00Z	6	B	26	1	NA	9	4	1	NA	NA	NA	NA	NA	NA	NA	NA	NA	NA	NA	NA	NA	NA	NA	NA	NA	NA	NA	NA	NA	NA	NA	NA	NA	NA	NA	NA	NA	NA	NA	NA	6B	6B26	180	4	9	Reduction	Normal	Reduction
2018-07-05T00:00:00Z	6	B	26	1	NA	0	2	0	NA	NA	NA	NA	NA	NA	NA	NA	NA	NA	NA	NA	NA	NA	NA	NA	NA	NA	NA	NA	NA	NA	NA	NA	NA	NA	NA	NA	NA	0	NA	NA	6B	6B26	186	2	0	Reduction	Normal	Reduction
2018-07-09T00:00:00Z	6	B	26	1	NA	0	1	1	NA	NA	NA	NA	NA	NA	NA	NA	NA	NA	NA	NA	NA	NA	NA	NA	NA	NA	NA	NA	NA	NA	NA	NA	NA	NA	NA	NA	NA	NA	NA	NA	6B	6B26	190	1	0	Reduction	Normal	Reduction
2018-07-11T00:00:00Z	6	B	26	1	NA	0	0	NA	NA	NA	NA	NA	NA	NA	NA	NA	NA	NA	NA	NA	NA	NA	NA	NA	NA	NA	NA	NA	NA	NA	NA	NA	NA	NA	NA	NA	NA	NA	NA	NA	6B	6B26	192	0	0	Reduction	Normal	Reduction
2018-07-25T00:00:00Z	6	B	26	1	NA	0	0	NA	NA	NA	NA	NA	NA	NA	NA	NA	NA	NA	NA	NA	NA	NA	NA	NA	NA	NA	NA	NA	NA	NA	NA	NA	NA	NA	NA	NA	NA	NA	NA	NA	6B	6B26	206	0	0	Reduction	Normal	Reduction
2018-06-22T00:00:00Z	6	B	27	1	NA	7	0	NA	NA	NA	NA	NA	NA	NA	NA	NA	NA	NA	NA	NA	NA	NA	NA	NA	NA	NA	NA	NA	NA	NA	NA	NA	NA	NA	NA	NA	NA	NA	NA	NA	6B	6B27	173	0	7	Reduction	Normal	Reduction
2018-06-25T00:00:00Z	6	B	27	1	NA	9	0	NA	NA	NA	NA	NA	NA	NA	NA	NA	NA	NA	NA	NA	NA	NA	NA	NA	NA	NA	NA	NA	NA	NA	NA	NA	NA	NA	NA	NA	NA	NA	NA	NA	6B	6B27	176	0	9	Reduction	Normal	Reduction
2018-06-27T00:00:00Z	6	B	27	1	23	16	5	NA	NA	NA	NA	NA	NA	NA	NA	NA	NA	NA	NA	NA	NA	NA	NA	NA	NA	NA	NA	NA	NA	NA	NA	NA	NA	NA	NA	NA	NA	NA	NA	NA	6B	6B27	178	5	16	Reduction	Normal	Reduction
2018-06-29T00:00:00Z	6	B	27	1	NA	10	8	2	NA	NA	NA	NA	NA	NA	NA	NA	NA	NA	NA	NA	NA	NA	NA	NA	NA	NA	NA	NA	NA	NA	NA	NA	NA	NA	NA	NA	NA	NA	NA	NA	6B	6B27	180	8	10	Reduction	Normal	Reduction
2018-07-05T00:00:00Z	6	B	27	1	NA	0	4	0	NA	NA	NA	NA	NA	NA	NA	NA	NA	NA	NA	NA	NA	NA	NA	NA	NA	NA	NA	NA	NA	NA	NA	NA	NA	NA	NA	NA	NA	1	1	NA	6B	6B27	186	4	0	Reduction	Normal	Reduction
2018-07-09T00:00:00Z	6	B	27	1	NA	0	0	0	NA	NA	NA	NA	NA	NA	NA	NA	NA	NA	NA	NA	NA	NA	NA	NA	NA	NA	NA	NA	NA	NA	NA	NA	NA	NA	NA	NA	NA	NA	NA	NA	6B	6B27	190	0	0	Reduction	Normal	Reduction
2018-07-11T00:00:00Z	6	B	27	1	NA	0	0	NA	NA	NA	NA	NA	NA	NA	NA	NA	NA	NA	NA	NA	NA	NA	NA	NA	NA	NA	NA	NA	NA	NA	NA	NA	NA	NA	NA	NA	NA	NA	NA	NA	6B	6B27	192	0	0	Reduction	Normal	Reduction
2018-07-16T00:00:00Z	6	B	27	1	24.5	0	0	NA	NA	NA	NA	NA	NA	NA	NA	NA	NA	NA	NA	NA	NA	NA	NA	NA	NA	NA	NA	NA	NA	NA	NA	NA	NA	NA	NA	NA	NA	0	NA	NA	6B	6B27	197	0	0	Reduction	Normal	Reduction
2018-07-20T00:00:00Z	6	B	27	1	NA	0	0	NA	NA	NA	NA	NA	NA	NA	NA	NA	NA	NA	NA	NA	NA	NA	NA	NA	NA	NA	NA	NA	NA	NA	NA	NA	NA	NA	NA	NA	0	0	NA	NA	6B	6B27	201	0	0	Reduction	Normal	Reduction
2018-07-31T00:00:00Z	1	D	28	2	NA	6	1	NA	NA	NA	NA	NA	NA	NA	NA	NA	NA	NA	NA	NA	NA	NA	NA	NA	NA	NA	NA	NA	NA	NA	NA	NA	NA	NA	NA	NA	NA	0	NA	NA	1D	1D28	212	1	6	Reduction	Normal	Reduction
2018-07-11T00:00:00Z	4	D	28	1	NA	0	0	NA	NA	NA	NA	NA	NA	NA	NA	NA	NA	NA	NA	NA	NA	NA	NA	NA	NA	NA	NA	NA	NA	NA	NA	NA	NA	NA	NA	NA	NA	0	NA	NA	4D	4D28	192	0	0	Reduction	Early	Reduction
2018-06-25T00:00:00Z	6	B	28	1	NA	1	0	NA	NA	NA	NA	NA	NA	NA	NA	NA	NA	NA	NA	NA	NA	NA	NA	NA	NA	NA	NA	NA	NA	NA	NA	NA	NA	NA	NA	NA	NA	NA	NA	NA	6B	6B28	176	0	1	Reduction	Normal	Reduction
2018-06-27T00:00:00Z	6	B	28	1	27	3	0	NA	NA	NA	NA	NA	NA	NA	NA	NA	NA	NA	NA	NA	NA	NA	NA	NA	NA	NA	NA	NA	NA	NA	NA	NA	NA	NA	NA	NA	NA	NA	NA	NA	6B	6B28	178	0	3	Reduction	Normal	Reduction
2018-06-29T00:00:00Z	6	B	28	1	NA	5	1	0	NA	NA	NA	NA	NA	NA	NA	NA	NA	NA	NA	NA	NA	NA	NA	NA	NA	NA	NA	NA	NA	NA	NA	NA	NA	NA	NA	NA	NA	NA	NA	NA	6B	6B28	180	1	5	Reduction	Normal	Reduction
2018-07-05T00:00:00Z	6	B	28	1	NA	11	9	3	NA	NA	NA	NA	NA	NA	NA	NA	NA	NA	NA	NA	NA	NA	NA	NA	NA	NA	NA	NA	NA	NA	NA	NA	NA	NA	NA	NA	NA	0	NA	NA	6B	6B28	186	9	11	Reduction	Normal	Reduction
2018-07-09T00:00:00Z	6	B	28	1	NA	0	0	0	NA	NA	NA	NA	NA	NA	NA	NA	NA	NA	NA	NA	NA	NA	NA	NA	NA	NA	NA	NA	NA	NA	NA	NA	NA	NA	NA	NA	NA	NA	NA	plant broken	6B	6B28	190	0	0	Reduction	Normal	Reduction
2018-07-11T00:00:00Z	6	B	28	1	NA	0	4	2	NA	NA	NA	NA	NA	NA	NA	NA	NA	NA	NA	NA	NA	NA	NA	NA	NA	NA	NA	NA	NA	NA	NA	NA	NA	NA	NA	1	NA	NA	NA	NA	6B	6B28	192	4	0	Reduction	Normal	Reduction
2018-07-16T00:00:00Z	6	B	28	1	38	0	2	NA	NA	NA	NA	NA	NA	NA	NA	NA	NA	NA	NA	NA	NA	NA	NA	NA	NA	NA	NA	NA	NA	NA	NA	NA	NA	NA	NA	NA	NA	0	NA	NA	6B	6B28	197	2	0	Reduction	Normal	Reduction
2018-07-20T00:00:00Z	6	B	28	1	NA	0	1	NA	NA	NA	NA	NA	NA	NA	NA	NA	NA	NA	NA	NA	NA	NA	NA	NA	NA	NA	NA	NA	NA	NA	NA	NA	NA	NA	NA	NA	0	0	NA	NA	6B	6B28	201	1	0	Reduction	Normal	Reduction
2018-07-25T00:00:00Z	6	B	28	1	NA	2	0	NA	NA	NA	NA	NA	NA	NA	NA	NA	NA	NA	NA	NA	NA	NA	NA	NA	NA	NA	NA	NA	NA	NA	NA	NA	NA	NA	NA	NA	NA	NA	NA	NA	6B	6B28	206	0	2	Reduction	Normal	Reduction
2018-07-31T00:00:00Z	6	B	28	1	NA	6	0	NA	NA	NA	NA	NA	NA	NA	NA	NA	NA	NA	NA	NA	NA	NA	NA	NA	NA	NA	NA	NA	NA	NA	NA	NA	NA	NA	NA	NA	NA	NA	NA	NA	6B	6B28	212	0	6	Reduction	Normal	Reduction
2018-08-07T00:00:00Z	6	B	28	1	NA	2	2	NA	NA	NA	NA	NA	NA	NA	NA	NA	NA	NA	NA	NA	NA	NA	NA	NA	NA	NA	NA	NA	NA	NA	NA	NA	NA	NA	NA	NA	NA	NA	NA	NA	6B	6B28	219	2	2	Reduction	Normal	Reduction
2018-08-10T00:00:00Z	6	B	28	1	NA	1	2	NA	NA	NA	NA	NA	NA	NA	NA	NA	NA	NA	NA	NA	NA	NA	NA	NA	NA	NA	NA	NA	NA	NA	NA	NA	NA	NA	NA	NA	NA	0	NA	NA	6B	6B28	222	2	1	Reduction	Normal	Reduction
2018-08-15T00:00:00Z	6	B	28	1	NA	0	1	0	NA	NA	NA	NA	NA	NA	NA	NA	NA	NA	NA	NA	NA	NA	NA	NA	NA	NA	NA	NA	NA	NA	NA	NA	NA	NA	NA	0	0	0	NA	NA	6B	6B28	227	1	0	Reduction	Normal	Reduction
2018-08-24T00:00:00Z	6	B	28	1	NA	1	0	NA	NA	NA	NA	NA	NA	NA	NA	NA	NA	NA	NA	NA	NA	NA	NA	NA	NA	NA	NA	NA	NA	NA	NA	NA	NA	NA	NA	NA	NA	NA	NA	NA	6B	6B28	236	0	1	Reduction	Normal	Reduction
2018-07-06T00:00:00Z	1	C	29	2	NA	16	6	2	13	4	1	NA	NA	NA	NA	NA	NA	NA	NA	NA	NA	NA	NA	NA	NA	NA	NA	NA	NA	NA	NA	NA	NA	NA	NA	NA	NA	NA	NA	NA	1C	1C29	187	10	29	Control	Normal	Mock rainout
2018-06-22T00:00:00Z	1	D	29	1	NA	1	0	NA	NA	NA	NA	NA	NA	NA	NA	NA	NA	NA	NA	NA	NA	NA	NA	NA	NA	NA	NA	NA	NA	NA	NA	NA	NA	NA	NA	NA	NA	NA	NA	NA	1D	1D29	173	0	1	Reduction	Normal	Reduction
2018-07-02T00:00:00Z	1	D	29	2	NA	17	3	1	21	8	4	NA	NA	NA	NA	NA	NA	NA	NA	NA	NA	NA	NA	NA	NA	NA	NA	NA	NA	NA	NA	NA	NA	NA	NA	NA	NA	0	NA	NA	1D	1D29	183	11	38	Reduction	Normal	Reduction
2018-07-09T00:00:00Z	1	D	29	2	NA	10	10	5	11	10	8	NA	NA	NA	NA	NA	NA	NA	NA	NA	NA	NA	NA	NA	NA	NA	NA	NA	NA	NA	NA	NA	NA	NA	NA	NA	NA	1	1	NA	1D	1D29	190	20	21	Reduction	Normal	Reduction
2018-07-16T00:00:00Z	1	D	29	2	35	2	2	0	1	4	1	NA	NA	NA	NA	NA	NA	NA	NA	NA	NA	NA	NA	NA	NA	NA	NA	NA	NA	NA	NA	NA	NA	NA	NA	NA	NA	0	NA	NA	1D	1D29	197	6	3	Reduction	Normal	Reduction
2018-07-20T00:00:00Z	1	D	29	2	NA	1	0	NA	1	0	NA	NA	NA	NA	NA	NA	NA	NA	NA	NA	NA	NA	NA	NA	NA	NA	NA	NA	NA	NA	NA	NA	NA	NA	NA	NA	NA	NA	NA	NA	1D	1D29	201	0	2	Reduction	Normal	Reduction
2018-07-20T00:00:00Z	1	D	29	2	NA	1	1	0	NA	NA	NA	NA	NA	NA	NA	NA	NA	NA	NA	NA	NA	NA	NA	NA	NA	NA	NA	NA	NA	NA	NA	NA	NA	NA	NA	NA	0	0	NA	NA	1D	1D29	201	1	1	Reduction	Normal	Reduction
2018-06-29T00:00:00Z	1	D	29	1	NA	23	1	0	16	0	0	NA	NA	NA	NA	NA	NA	NA	NA	NA	NA	NA	NA	NA	NA	NA	NA	NA	NA	NA	NA	NA	NA	NA	NA	NA	NA	NA	NA	"eggs-- no number listed, just a note that says ""eggs"""	1D	1D29	180	1	39	Reduction	Normal	Reduction
2018-08-07T00:00:00Z	1	D	29	2	NA	0	1	NA	NA	NA	NA	NA	NA	NA	NA	NA	NA	NA	NA	NA	NA	NA	NA	NA	NA	NA	NA	NA	NA	NA	NA	NA	NA	NA	NA	NA	NA	NA	NA	NA	1D	1D29	219	1	0	Reduction	Normal	Reduction
2018-08-10T00:00:00Z	1	D	29	2	NA	2	0	NA	NA	NA	NA	NA	NA	NA	NA	NA	NA	NA	NA	NA	NA	NA	NA	NA	NA	NA	NA	NA	NA	NA	NA	NA	NA	NA	NA	NA	NA	NA	NA	NA	1D	1D29	222	0	2	Reduction	Normal	Reduction
2018-06-27T00:00:00Z	1	D	29	2	32.5	18	1	NA	11	1	NA	NA	NA	NA	NA	NA	NA	NA	NA	NA	NA	NA	NA	NA	NA	NA	NA	NA	NA	NA	NA	NA	NA	NA	NA	NA	NA	1	NA	NA	1D	1D29	178	2	29	Reduction	Normal	Reduction
2018-06-15T00:00:00Z	4	D	29	1	NA	5	NA	NA	NA	NA	NA	NA	NA	NA	NA	NA	NA	NA	NA	NA	NA	NA	NA	NA	NA	NA	NA	NA	NA	NA	NA	NA	NA	NA	NA	NA	NA	NA	NA	NA	4D	4D29	166	0	5	Reduction	Early	Reduction
2018-06-15T00:00:00Z	4	D	29	1	35	18	0	NA	NA	NA	NA	NA	NA	NA	NA	NA	NA	NA	NA	NA	NA	NA	NA	NA	NA	NA	NA	NA	NA	NA	NA	NA	NA	NA	NA	NA	1	NA	NA	NA	4D	4D29	166	0	18	Reduction	Early	Reduction
2018-06-18T00:00:00Z	4	D	29	1	29	8	1	NA	NA	NA	NA	NA	NA	NA	NA	NA	NA	NA	NA	NA	NA	NA	NA	NA	NA	NA	NA	NA	NA	NA	NA	NA	NA	NA	NA	NA	NA	NA	NA	NA	4D	4D29	169	1	8	Reduction	Early	Reduction
2018-06-20T00:00:00Z	4	D	29	1	41	32	3	NA	NA	NA	NA	NA	NA	NA	NA	NA	NA	NA	NA	NA	NA	NA	NA	NA	NA	NA	NA	NA	NA	NA	NA	NA	NA	NA	NA	NA	NA	2	2	NA	4D	4D29	171	3	32	Reduction	Early	Reduction
2018-06-22T00:00:00Z	4	D	29	1	NA	22	9	NA	NA	NA	NA	NA	NA	NA	NA	NA	NA	NA	NA	NA	NA	NA	NA	NA	NA	NA	NA	NA	NA	NA	NA	NA	NA	NA	NA	NA	NA	NA	NA	NA	4D	4D29	173	9	22	Reduction	Early	Reduction
2018-06-25T00:00:00Z	4	D	29	1	NA	18	10	NA	NA	NA	NA	NA	NA	NA	NA	NA	NA	NA	NA	NA	NA	NA	NA	NA	NA	NA	NA	NA	NA	NA	NA	NA	NA	NA	NA	NA	NA	NA	NA	NA	4D	4D29	176	10	18	Reduction	Early	Reduction
2018-06-27T00:00:00Z	4	D	29	1	32	28	16	NA	NA	NA	NA	NA	NA	NA	NA	NA	NA	NA	NA	NA	NA	NA	NA	NA	NA	NA	NA	NA	NA	NA	NA	NA	NA	NA	NA	NA	NA	1	1	NA	4D	4D29	178	16	28	Reduction	Early	Reduction
2018-06-29T00:00:00Z	4	D	29	1	NA	4	14	4	NA	NA	NA	NA	NA	NA	NA	NA	NA	NA	NA	NA	NA	NA	NA	NA	NA	NA	NA	NA	NA	NA	NA	NA	NA	NA	NA	NA	NA	NA	NA	broken	4D	4D29	180	14	4	Reduction	Early	Reduction
2018-07-02T00:00:00Z	4	D	29	1	NA	3	7	3	NA	NA	NA	NA	NA	NA	NA	NA	NA	NA	NA	NA	NA	NA	NA	NA	NA	NA	NA	NA	NA	NA	NA	NA	NA	NA	NA	NA	NA	2	2	broken	4D	4D29	183	7	3	Reduction	Early	Reduction
2018-07-06T00:00:00Z	4	D	29	1	NA	0	3	2	NA	NA	NA	NA	NA	NA	NA	NA	NA	NA	NA	NA	NA	NA	NA	NA	NA	NA	NA	NA	NA	NA	NA	NA	NA	NA	NA	NA	NA	NA	NA	NA	4D	4D29	187	3	0	Reduction	Early	Reduction
2018-07-11T00:00:00Z	4	D	29	1	NA	0	0	NA	NA	NA	NA	NA	NA	NA	NA	NA	NA	NA	NA	NA	NA	NA	NA	NA	NA	NA	NA	NA	NA	NA	NA	NA	NA	NA	NA	NA	NA	0	NA	NA	4D	4D29	192	0	0	Reduction	Early	Reduction
2018-07-20T00:00:00Z	4	D	29	1	NA	0	0	NA	NA	NA	NA	NA	NA	NA	NA	NA	NA	NA	NA	NA	NA	NA	NA	NA	NA	NA	NA	NA	NA	NA	NA	NA	NA	NA	NA	NA	0	0	NA	NA	4D	4D29	201	0	0	Reduction	Early	Reduction
2018-07-25T00:00:00Z	4	D	29	1	NA	2	0	NA	NA	NA	NA	NA	NA	NA	NA	NA	NA	NA	NA	NA	NA	NA	NA	NA	NA	NA	NA	NA	NA	NA	NA	NA	NA	NA	NA	NA	NA	NA	NA	NA	4D	4D29	206	0	2	Reduction	Early	Reduction
2018-07-31T00:00:00Z	4	D	29	1	NA	1	1	0	NA	NA	NA	NA	NA	NA	NA	NA	NA	NA	NA	NA	NA	NA	NA	NA	NA	NA	NA	NA	NA	NA	NA	NA	NA	NA	NA	0	NA	0	NA	NA	4D	4D29	212	1	1	Reduction	Early	Reduction
2018-06-20T00:00:00Z	4	D	30	1	31	12	0	NA	NA	NA	NA	NA	NA	NA	NA	NA	NA	NA	NA	NA	NA	NA	NA	NA	NA	NA	NA	NA	NA	NA	NA	NA	NA	NA	NA	NA	NA	0	0	NA	4D	4D30	171	0	12	Reduction	Early	Reduction
2018-06-15T00:00:00Z	4	D	31	1	32	15	0	NA	NA	NA	NA	NA	NA	NA	NA	NA	NA	NA	NA	NA	NA	NA	NA	NA	NA	NA	NA	NA	NA	NA	NA	NA	NA	NA	NA	NA	NA	NA	NA	NA	4D	4D31	166	0	15	Reduction	Early	Reduction
2018-06-18T00:00:00Z	4	D	31	1	34	10	0	NA	NA	NA	NA	NA	NA	NA	NA	NA	NA	NA	NA	NA	NA	NA	NA	NA	NA	NA	NA	NA	NA	NA	NA	NA	NA	NA	NA	NA	NA	NA	NA	NA	4D	4D31	169	0	10	Reduction	Early	Reduction
2018-06-20T00:00:00Z	4	D	31	1	35	24	1	NA	NA	NA	NA	NA	NA	NA	NA	NA	NA	NA	NA	NA	NA	NA	NA	NA	NA	NA	NA	NA	NA	NA	NA	NA	NA	NA	NA	NA	NA	2	2	NA	4D	4D31	171	1	24	Reduction	Early	Reduction
2018-06-22T00:00:00Z	4	D	31	1	NA	18	7	NA	NA	NA	NA	NA	NA	NA	NA	NA	NA	NA	NA	NA	NA	NA	NA	NA	NA	NA	NA	NA	NA	NA	NA	NA	NA	NA	NA	NA	NA	NA	NA	NA	4D	4D31	173	7	18	Reduction	Early	Reduction
2018-06-25T00:00:00Z	4	D	31	1	NA	13	11	NA	NA	NA	NA	NA	NA	NA	NA	NA	NA	NA	NA	NA	NA	NA	NA	NA	NA	NA	NA	NA	NA	NA	NA	NA	NA	NA	NA	NA	NA	NA	NA	NA	4D	4D31	176	11	13	Reduction	Early	Reduction
2018-06-27T00:00:00Z	4	D	31	1	29	21	10	NA	NA	NA	NA	NA	NA	NA	NA	NA	NA	NA	NA	NA	NA	NA	NA	NA	NA	NA	NA	NA	NA	NA	NA	NA	NA	NA	NA	NA	NA	2	2	NA	4D	4D31	178	10	21	Reduction	Early	Reduction
2018-06-29T00:00:00Z	4	D	31	1	NA	6	10	2	NA	NA	NA	NA	NA	NA	NA	NA	NA	NA	NA	NA	NA	NA	NA	NA	NA	NA	NA	NA	NA	NA	NA	NA	NA	NA	NA	NA	NA	NA	NA	NA	4D	4D31	180	10	6	Reduction	Early	Reduction
2018-07-02T00:00:00Z	4	D	31	1	NA	4	2	2	NA	NA	NA	NA	NA	NA	NA	NA	NA	NA	NA	NA	NA	NA	NA	NA	NA	NA	NA	NA	NA	NA	NA	NA	NA	NA	NA	NA	NA	NA	NA	broken	4D	4D31	183	2	4	Reduction	Early	Reduction
2018-07-06T00:00:00Z	4	D	31	1	NA	0	4	2	NA	NA	NA	NA	NA	NA	NA	NA	NA	NA	NA	NA	NA	NA	NA	NA	NA	NA	NA	NA	NA	NA	NA	NA	NA	NA	NA	NA	NA	NA	NA	NA	4D	4D31	187	4	0	Reduction	Early	Reduction
2018-07-11T00:00:00Z	4	D	31	1	NA	1	0	NA	NA	NA	NA	NA	NA	NA	NA	NA	NA	NA	NA	NA	NA	NA	NA	NA	NA	NA	NA	NA	NA	NA	NA	NA	NA	NA	NA	NA	NA	0	NA	NA	4D	4D31	192	0	1	Reduction	Early	Reduction
2018-07-16T00:00:00Z	4	D	31	1	40	0	0	NA	NA	NA	NA	NA	NA	NA	NA	NA	NA	NA	NA	NA	NA	NA	NA	NA	NA	NA	NA	NA	NA	NA	NA	NA	NA	NA	NA	NA	NA	0	NA	NA	4D	4D31	197	0	0	Reduction	Early	Reduction
2018-07-20T00:00:00Z	4	D	31	1	NA	0	0	NA	NA	NA	NA	NA	NA	NA	NA	NA	NA	NA	NA	NA	NA	NA	NA	NA	NA	NA	NA	NA	NA	NA	NA	NA	NA	NA	NA	NA	0	0	NA	NA	4D	4D31	201	0	0	Reduction	Early	Reduction
2018-07-25T00:00:00Z	4	D	31	1	NA	2	0	NA	NA	NA	NA	NA	NA	NA	NA	NA	NA	NA	NA	NA	NA	NA	NA	NA	NA	NA	NA	NA	NA	NA	NA	NA	NA	NA	NA	NA	NA	NA	NA	NA	4D	4D31	206	0	2	Reduction	Early	Reduction
2018-07-31T00:00:00Z	4	D	31	1	NA	6	1	0	NA	NA	NA	NA	NA	NA	NA	NA	NA	NA	NA	NA	NA	NA	NA	NA	NA	NA	NA	NA	NA	NA	NA	NA	NA	NA	NA	0	NA	1	1	NA	4D	4D31	212	1	6	Reduction	Early	Reduction
2018-08-07T00:00:00Z	4	D	31	1	NA	3	0	NA	NA	NA	NA	NA	NA	NA	NA	NA	NA	NA	NA	NA	NA	NA	NA	NA	NA	NA	NA	NA	NA	NA	NA	NA	NA	NA	NA	NA	NA	NA	NA	NA	4D	4D31	219	0	3	Reduction	Early	Reduction
2018-08-10T00:00:00Z	4	D	31	1	NA	2	0	NA	NA	NA	NA	NA	NA	NA	NA	NA	NA	NA	NA	NA	NA	NA	NA	NA	NA	NA	NA	NA	NA	NA	NA	NA	NA	NA	NA	NA	NA	NA	NA	NA	4D	4D31	222	0	2	Reduction	Early	Reduction
2018-08-15T00:00:00Z	4	D	31	1	NA	1	0	0	NA	NA	NA	NA	NA	NA	NA	NA	NA	NA	NA	NA	NA	NA	NA	NA	NA	NA	NA	NA	NA	NA	NA	NA	NA	NA	NA	0	0	NA	NA	NA	4D	4D31	227	0	1	Reduction	Early	Reduction
2018-08-24T00:00:00Z	4	D	31	1	NA	1	0	NA	NA	NA	NA	NA	NA	NA	NA	NA	NA	NA	NA	NA	NA	NA	NA	NA	NA	NA	NA	NA	NA	NA	NA	NA	NA	NA	NA	NA	NA	NA	NA	NA	4D	4D31	236	0	1	Reduction	Early	Reduction
2018-06-20T00:00:00Z	6	D	31	1	38	2	0	NA	NA	NA	NA	NA	NA	NA	NA	NA	NA	NA	NA	NA	NA	NA	NA	NA	NA	NA	NA	NA	NA	NA	NA	NA	NA	NA	NA	NA	NA	0	NA	NA	6D	6D31	171	0	2	Addition	Normal	Addition
2018-06-18T00:00:00Z	4	D	32	1	28	6	0	NA	NA	NA	NA	NA	NA	NA	NA	NA	NA	NA	NA	NA	NA	NA	NA	NA	NA	NA	NA	NA	NA	NA	NA	NA	NA	NA	NA	NA	NA	NA	NA	NA	4D	4D32	169	0	6	Reduction	Early	Reduction
2018-06-20T00:00:00Z	5	B	32	1	19.5	3	0	NA	NA	NA	NA	NA	NA	NA	NA	NA	NA	NA	NA	NA	NA	NA	NA	NA	NA	NA	NA	NA	NA	NA	NA	NA	NA	NA	NA	NA	NA	NA	NA	NA	5B	5B32	171	0	3	Control	Early	Mock rainout
2018-06-25T00:00:00Z	6	B	32	1	NA	18	1	NA	NA	NA	NA	NA	NA	NA	NA	NA	NA	NA	NA	NA	NA	NA	NA	NA	NA	NA	NA	NA	NA	NA	NA	NA	NA	NA	NA	NA	NA	NA	NA	NA	6B	6B32	176	1	18	Reduction	Normal	Reduction
2018-06-27T00:00:00Z	6	B	32	1	40	24	7	NA	NA	NA	NA	NA	NA	NA	NA	NA	NA	NA	NA	NA	NA	NA	NA	NA	NA	NA	NA	NA	NA	NA	NA	NA	NA	NA	NA	NA	NA	4	4	NA	6B	6B32	178	7	24	Reduction	Normal	Reduction
2018-06-29T00:00:00Z	6	B	32	1	NA	21	4	2	NA	NA	NA	NA	NA	NA	NA	NA	NA	NA	NA	NA	NA	NA	NA	NA	NA	NA	NA	NA	NA	NA	NA	NA	NA	NA	NA	NA	NA	NA	NA	NA	6B	6B32	180	4	21	Reduction	Normal	Reduction
2018-07-05T00:00:00Z	6	B	32	1	NA	6	6	1	NA	NA	NA	NA	NA	NA	NA	NA	NA	NA	NA	NA	NA	NA	NA	NA	NA	NA	NA	NA	NA	NA	NA	NA	NA	NA	NA	NA	NA	2	2	NA	6B	6B32	186	6	6	Reduction	Normal	Reduction
2018-07-09T00:00:00Z	6	B	32	1	NA	0	0	0	NA	NA	NA	NA	NA	NA	NA	NA	NA	NA	NA	NA	NA	NA	NA	NA	NA	NA	NA	NA	NA	NA	NA	NA	NA	NA	NA	NA	NA	NA	NA	NA	6B	6B32	190	0	0	Reduction	Normal	Reduction
2018-07-11T00:00:00Z	6	B	32	1	NA	2	3	3	NA	NA	NA	NA	NA	NA	NA	NA	NA	NA	NA	NA	NA	NA	NA	NA	NA	NA	NA	NA	NA	NA	NA	NA	NA	NA	NA	NA	NA	0	NA	NA	6B	6B32	192	3	2	Reduction	Normal	Reduction
2018-07-16T00:00:00Z	6	B	32	1	39	1	1	NA	NA	NA	NA	NA	NA	NA	NA	NA	NA	NA	NA	NA	NA	NA	NA	NA	NA	NA	NA	NA	NA	NA	NA	NA	NA	NA	NA	NA	NA	0	NA	NA	6B	6B32	197	1	1	Reduction	Normal	Reduction
2018-07-20T00:00:00Z	6	B	32	1	NA	0	0	NA	NA	NA	NA	NA	NA	NA	NA	NA	NA	NA	NA	NA	NA	NA	NA	NA	NA	NA	NA	NA	NA	NA	NA	NA	NA	NA	NA	NA	0	0	NA	NA	6B	6B32	201	0	0	Reduction	Normal	Reduction
2018-07-25T00:00:00Z	6	B	32	1	NA	0	0	NA	NA	NA	NA	NA	NA	NA	NA	NA	NA	NA	NA	NA	NA	NA	NA	NA	NA	NA	NA	NA	NA	NA	NA	NA	NA	NA	NA	NA	NA	NA	NA	NA	6B	6B32	206	0	0	Reduction	Normal	Reduction
2018-08-07T00:00:00Z	6	B	32	1	NA	2	0	NA	NA	NA	NA	NA	NA	NA	NA	NA	NA	NA	NA	NA	NA	NA	NA	NA	NA	NA	NA	NA	NA	NA	NA	NA	NA	NA	NA	NA	NA	NA	NA	NA	6B	6B32	219	0	2	Reduction	Normal	Reduction
2018-08-10T00:00:00Z	6	B	32	1	NA	0	1	NA	NA	NA	NA	NA	NA	NA	NA	NA	NA	NA	NA	NA	NA	NA	NA	NA	NA	NA	NA	NA	NA	NA	NA	NA	NA	NA	NA	NA	NA	0	NA	NA	6B	6B32	222	1	0	Reduction	Normal	Reduction
2018-08-15T00:00:00Z	6	B	32	1	NA	1	0	0	NA	NA	NA	NA	NA	NA	NA	NA	NA	NA	NA	NA	NA	NA	NA	NA	NA	NA	NA	NA	NA	NA	NA	NA	NA	NA	NA	0	0	NA	NA	NA	6B	6B32	227	0	1	Reduction	Normal	Reduction
2018-06-10T00:00:00Z	4	D	33	NA	NA	7	0	NA	NA	NA	NA	NA	NA	NA	NA	NA	NA	NA	NA	NA	NA	NA	NA	NA	NA	NA	NA	NA	NA	NA	NA	NA	NA	NA	NA	NA	NA	NA	NA	NA	4D	4D33	161	0	7	Reduction	Early	Reduction
2018-06-15T00:00:00Z	4	D	33	1	NA	12	NA	NA	NA	NA	NA	NA	NA	NA	NA	NA	NA	NA	NA	NA	NA	NA	NA	NA	NA	NA	NA	NA	NA	NA	NA	NA	NA	NA	NA	NA	NA	NA	NA	NA	4D	4D33	166	0	12	Reduction	Early	Reduction
2018-06-15T00:00:00Z	4	D	33	1	23	13	0	NA	NA	NA	NA	NA	NA	NA	NA	NA	NA	NA	NA	NA	NA	NA	NA	NA	NA	NA	NA	NA	NA	NA	NA	NA	NA	NA	NA	NA	NA	NA	NA	NA	4D	4D33	166	0	13	Reduction	Early	Reduction
2018-06-18T00:00:00Z	4	D	33	1	25	7	7	NA	NA	NA	NA	NA	NA	NA	NA	NA	NA	NA	NA	NA	NA	NA	NA	NA	NA	NA	NA	NA	NA	NA	NA	NA	NA	NA	NA	NA	NA	NA	NA	NA	4D	4D33	169	7	7	Reduction	Early	Reduction
2018-06-20T00:00:00Z	4	D	33	1	26	22	9	NA	NA	NA	NA	NA	NA	NA	NA	NA	NA	NA	NA	NA	NA	NA	NA	NA	NA	NA	NA	NA	NA	NA	NA	NA	NA	NA	NA	NA	NA	3	3	NA	4D	4D33	171	9	22	Reduction	Early	Reduction
2018-06-22T00:00:00Z	4	D	33	1	NA	11	8	NA	NA	NA	NA	NA	NA	NA	NA	NA	NA	NA	NA	NA	NA	NA	NA	NA	NA	NA	NA	NA	NA	NA	NA	NA	NA	NA	NA	NA	NA	NA	NA	NA	4D	4D33	173	8	11	Reduction	Early	Reduction
2018-06-25T00:00:00Z	4	D	33	1	NA	9	9	NA	NA	NA	NA	NA	NA	NA	NA	NA	NA	NA	NA	NA	NA	NA	NA	NA	NA	NA	NA	NA	NA	NA	NA	NA	NA	NA	NA	NA	NA	NA	NA	NA	4D	4D33	176	9	9	Reduction	Early	Reduction
2018-06-27T00:00:00Z	4	D	33	1	27	18	10	NA	NA	NA	NA	NA	NA	NA	NA	NA	NA	NA	NA	NA	NA	NA	NA	NA	NA	NA	NA	NA	NA	NA	NA	NA	NA	NA	NA	NA	NA	1	1	NA	4D	4D33	178	10	18	Reduction	Early	Reduction
2018-06-29T00:00:00Z	4	D	33	1	NA	3	6	6	NA	NA	NA	NA	NA	NA	NA	NA	NA	NA	NA	NA	NA	NA	NA	NA	NA	NA	NA	NA	NA	NA	NA	NA	NA	NA	NA	NA	NA	NA	NA	NA	4D	4D33	180	6	3	Reduction	Early	Reduction
2018-07-02T00:00:00Z	4	D	33	1	NA	1	5	3	NA	NA	NA	NA	NA	NA	NA	NA	NA	NA	NA	NA	NA	NA	NA	NA	NA	NA	NA	NA	NA	NA	NA	NA	NA	NA	NA	NA	NA	0	NA	NA	4D	4D33	183	5	1	Reduction	Early	Reduction
2018-07-06T00:00:00Z	4	D	33	1	NA	0	1	1	NA	NA	NA	NA	NA	NA	NA	NA	NA	NA	NA	NA	NA	NA	NA	NA	NA	NA	NA	NA	NA	NA	NA	NA	NA	NA	NA	NA	NA	NA	NA	NA	4D	4D33	187	1	0	Reduction	Early	Reduction
2018-07-11T00:00:00Z	4	D	33	1	NA	1	0	NA	NA	NA	NA	NA	NA	NA	NA	NA	NA	NA	NA	NA	NA	NA	NA	NA	NA	NA	NA	NA	NA	NA	NA	NA	NA	NA	NA	NA	NA	0	NA	NA	4D	4D33	192	0	1	Reduction	Early	Reduction
2018-07-16T00:00:00Z	4	D	33	1	29	0	0	NA	NA	NA	NA	NA	NA	NA	NA	NA	NA	NA	NA	NA	NA	NA	NA	NA	NA	NA	NA	NA	NA	NA	NA	NA	NA	NA	NA	NA	NA	0	NA	NA	4D	4D33	197	0	0	Reduction	Early	Reduction
2018-07-20T00:00:00Z	4	D	33	1	NA	0	0	NA	NA	NA	NA	NA	NA	NA	NA	NA	NA	NA	NA	NA	NA	NA	NA	NA	NA	NA	NA	NA	NA	NA	NA	NA	NA	NA	NA	NA	0	0	NA	NA	4D	4D33	201	0	0	Reduction	Early	Reduction
2018-07-25T00:00:00Z	4	D	33	1	NA	0	0	NA	NA	NA	NA	NA	NA	NA	NA	NA	NA	NA	NA	NA	NA	NA	NA	NA	NA	NA	NA	NA	NA	NA	NA	NA	NA	NA	NA	NA	NA	NA	NA	NA	4D	4D33	206	0	0	Reduction	Early	Reduction
2018-06-18T00:00:00Z	2	C	34	1	16	1	0	NA	NA	NA	NA	NA	NA	NA	NA	NA	NA	NA	NA	NA	NA	NA	NA	NA	NA	NA	NA	NA	NA	NA	NA	NA	NA	NA	NA	NA	NA	NA	NA	NA	2C	2C34	169	0	1	Reduction	Early	Reduction
2018-06-10T00:00:00Z	4	D	34	NA	NA	1	0	NA	NA	NA	NA	NA	NA	NA	NA	NA	NA	NA	NA	NA	NA	NA	NA	NA	NA	NA	NA	NA	NA	NA	NA	NA	NA	NA	NA	NA	NA	NA	NA	NA	4D	4D34	161	0	1	Reduction	Early	Reduction
2018-06-15T00:00:00Z	4	D	34	1	26	9	0	NA	NA	NA	NA	NA	NA	NA	NA	NA	NA	NA	NA	NA	NA	NA	NA	NA	NA	NA	NA	NA	NA	NA	NA	NA	NA	NA	NA	NA	NA	NA	NA	NA	4D	4D34	166	0	9	Reduction	Early	Reduction
2018-06-18T00:00:00Z	4	D	34	1	37	12	1	NA	NA	NA	NA	NA	NA	NA	NA	NA	NA	NA	NA	NA	NA	NA	NA	NA	NA	NA	NA	NA	NA	NA	NA	NA	NA	NA	NA	NA	NA	NA	NA	wasp	4D	4D34	169	1	12	Reduction	Early	Reduction
2018-06-20T00:00:00Z	4	D	34	1	30	26	6	NA	NA	NA	NA	NA	NA	NA	NA	NA	NA	NA	NA	NA	NA	NA	NA	NA	NA	NA	NA	NA	NA	NA	NA	NA	NA	NA	NA	NA	NA	0	0	NA	4D	4D34	171	6	26	Reduction	Early	Reduction
2018-06-22T00:00:00Z	4	D	34	1	NA	21	6	NA	NA	NA	NA	NA	NA	NA	NA	NA	NA	NA	NA	NA	NA	NA	NA	NA	NA	NA	NA	NA	NA	NA	NA	NA	NA	NA	NA	NA	NA	NA	NA	NA	4D	4D34	173	6	21	Reduction	Early	Reduction
2018-06-25T00:00:00Z	4	D	34	1	NA	11	13	NA	NA	NA	NA	NA	NA	NA	NA	NA	NA	NA	NA	NA	NA	NA	NA	NA	NA	NA	NA	NA	NA	NA	NA	NA	NA	NA	NA	NA	NA	NA	NA	NA	4D	4D34	176	13	11	Reduction	Early	Reduction
2018-06-27T00:00:00Z	4	D	34	1	31	20	16	NA	NA	NA	NA	NA	NA	NA	NA	NA	NA	NA	NA	NA	NA	NA	NA	NA	NA	NA	NA	NA	NA	NA	NA	NA	NA	NA	NA	NA	NA	NA	NA	NA	4D	4D34	178	16	20	Reduction	Early	Reduction
2018-06-29T00:00:00Z	4	D	34	1	NA	7	12	8	NA	NA	NA	NA	NA	NA	NA	NA	NA	NA	NA	NA	NA	NA	NA	NA	NA	NA	NA	NA	NA	NA	NA	NA	NA	NA	NA	NA	NA	NA	NA	NA	4D	4D34	180	12	7	Reduction	Early	Reduction
2018-07-02T00:00:00Z	4	D	34	1	NA	5	8	6	NA	NA	NA	NA	NA	NA	NA	NA	NA	NA	NA	NA	NA	NA	NA	NA	NA	NA	NA	NA	NA	NA	NA	NA	NA	NA	NA	NA	NA	3	3	NA	4D	4D34	183	8	5	Reduction	Early	Reduction
2018-07-06T00:00:00Z	4	D	34	1	NA	0	4	3	NA	NA	NA	NA	NA	NA	NA	NA	NA	NA	NA	NA	NA	NA	NA	NA	NA	NA	NA	NA	NA	NA	NA	NA	NA	NA	NA	NA	NA	NA	NA	NA	4D	4D34	187	4	0	Reduction	Early	Reduction
2018-07-11T00:00:00Z	4	D	34	1	NA	0	0	NA	NA	NA	NA	NA	NA	NA	NA	NA	NA	NA	NA	NA	NA	NA	NA	NA	NA	NA	NA	NA	NA	NA	NA	NA	NA	NA	NA	NA	NA	0	NA	NA	4D	4D34	192	0	0	Reduction	Early	Reduction
2018-07-16T00:00:00Z	4	D	34	1	32	0	0	NA	NA	NA	NA	NA	NA	NA	NA	NA	NA	NA	NA	NA	NA	NA	NA	NA	NA	NA	NA	NA	NA	NA	NA	NA	NA	NA	NA	NA	NA	0	NA	NA	4D	4D34	197	0	0	Reduction	Early	Reduction
2018-07-20T00:00:00Z	4	D	34	1	NA	0	0	NA	NA	NA	NA	NA	NA	NA	NA	NA	NA	NA	NA	NA	NA	NA	NA	NA	NA	NA	NA	NA	NA	NA	NA	NA	NA	NA	NA	NA	0	0	NA	NA	4D	4D34	201	0	0	Reduction	Early	Reduction
2018-07-25T00:00:00Z	4	D	34	1	NA	0	0	NA	NA	NA	NA	NA	NA	NA	NA	NA	NA	NA	NA	NA	NA	NA	NA	NA	NA	NA	NA	NA	NA	NA	NA	NA	NA	NA	NA	NA	NA	NA	NA	NA	4D	4D34	206	0	0	Reduction	Early	Reduction
2018-06-20T00:00:00Z	5	B	34	1	43	31	9	NA	NA	NA	NA	NA	NA	NA	NA	NA	NA	NA	NA	NA	NA	NA	NA	NA	NA	NA	NA	NA	NA	NA	NA	NA	NA	NA	NA	NA	NA	NA	NA	NA	5B	5B34	171	9	31	Control	Early	Mock rainout
2018-06-10T00:00:00Z	6	B	34	NA	NA	8	0	NA	NA	NA	NA	NA	NA	NA	NA	NA	NA	NA	NA	NA	NA	NA	NA	NA	NA	NA	NA	NA	NA	NA	NA	NA	NA	NA	NA	NA	NA	NA	NA	NA	6B	6B34	161	0	8	Reduction	Normal	Reduction
2018-06-15T00:00:00Z	6	B	34	1	38.5	22	0	NA	NA	NA	NA	NA	NA	NA	NA	NA	NA	NA	NA	NA	NA	NA	NA	NA	NA	NA	NA	NA	NA	NA	NA	NA	NA	NA	NA	NA	NA	NA	NA	NA	6B	6B34	166	0	22	Reduction	Normal	Reduction
2018-06-15T00:00:00Z	6	B	34	1	NA	14	0	NA	NA	NA	NA	NA	NA	NA	NA	NA	NA	NA	NA	NA	NA	NA	NA	NA	NA	NA	NA	NA	NA	NA	NA	NA	NA	NA	NA	NA	NA	NA	NA	NA	6B	6B34	166	0	14	Reduction	Normal	Reduction
2018-06-18T00:00:00Z	6	B	34	1	40	10	3	NA	NA	NA	NA	NA	NA	NA	NA	NA	NA	NA	NA	NA	NA	NA	NA	NA	NA	NA	NA	NA	NA	NA	NA	NA	NA	NA	NA	NA	NA	NA	NA	NA	6B	6B34	169	3	10	Reduction	Normal	Reduction
2018-06-21T00:00:00Z	6	B	34	NA	NA	NA	NA	NA	NA	NA	NA	NA	NA	NA	NA	NA	NA	NA	NA	NA	NA	NA	NA	NA	NA	NA	NA	NA	NA	NA	NA	NA	NA	NA	NA	NA	NA	2	2	NA	6B	6B34	172	0	0	Reduction	Normal	Reduction
2018-06-22T00:00:00Z	6	B	34	1	NA	25	8	NA	NA	NA	NA	NA	NA	NA	NA	NA	NA	NA	NA	NA	NA	NA	NA	NA	NA	NA	NA	NA	NA	NA	NA	NA	NA	NA	NA	NA	NA	NA	NA	NA	6B	6B34	173	8	25	Reduction	Normal	Reduction
2018-06-25T00:00:00Z	6	B	34	1	NA	26	12	NA	NA	NA	NA	NA	NA	NA	NA	NA	NA	NA	NA	NA	NA	NA	NA	NA	NA	NA	NA	NA	NA	NA	NA	NA	NA	NA	NA	NA	NA	NA	NA	NA	6B	6B34	176	12	26	Reduction	Normal	Reduction
2018-06-27T00:00:00Z	6	B	34	1	42	41	9	NA	NA	NA	NA	NA	NA	NA	NA	NA	NA	NA	NA	NA	NA	NA	NA	NA	NA	NA	NA	NA	NA	NA	NA	NA	NA	NA	NA	NA	NA	2	2	NA	6B	6B34	178	9	41	Reduction	Normal	Reduction
2018-06-29T00:00:00Z	6	B	34	1	NA	26	8	2	NA	NA	NA	NA	NA	NA	NA	NA	NA	NA	NA	NA	NA	NA	NA	NA	NA	NA	NA	NA	NA	NA	NA	NA	NA	NA	NA	NA	NA	NA	NA	NA	6B	6B34	180	8	26	Reduction	Normal	Reduction
2018-07-05T00:00:00Z	6	B	34	1	NA	11	12	2	NA	NA	NA	NA	NA	NA	NA	NA	NA	NA	NA	NA	NA	NA	NA	NA	NA	NA	NA	NA	NA	NA	NA	NA	NA	NA	NA	NA	NA	2	2	NA	6B	6B34	186	12	11	Reduction	Normal	Reduction
2018-07-09T00:00:00Z	6	B	34	1	NA	8	7	1	NA	NA	NA	NA	NA	NA	NA	NA	NA	NA	NA	NA	NA	NA	NA	NA	NA	NA	NA	NA	NA	NA	NA	NA	NA	NA	NA	NA	NA	NA	NA	NA	6B	6B34	190	7	8	Reduction	Normal	Reduction
2018-07-11T00:00:00Z	6	B	34	1	NA	8	4	1	NA	NA	NA	NA	NA	NA	NA	NA	NA	NA	NA	NA	NA	NA	NA	NA	NA	NA	NA	NA	NA	NA	NA	NA	NA	NA	NA	NA	NA	0	NA	NA	6B	6B34	192	4	8	Reduction	Normal	Reduction
2018-07-16T00:00:00Z	6	B	34	1	45	2	4	2	NA	NA	NA	NA	NA	NA	NA	NA	NA	NA	NA	NA	NA	NA	NA	NA	NA	NA	NA	NA	NA	NA	NA	NA	NA	NA	NA	NA	NA	0	NA	NA	6B	6B34	197	4	2	Reduction	Normal	Reduction
2018-07-20T00:00:00Z	6	B	34	1	NA	1	1	NA	NA	NA	NA	NA	NA	NA	NA	NA	NA	NA	NA	NA	NA	NA	NA	NA	NA	NA	NA	NA	NA	NA	NA	NA	NA	NA	NA	NA	0	0	NA	NA	6B	6B34	201	1	1	Reduction	Normal	Reduction
2018-07-25T00:00:00Z	6	B	34	1	NA	2	0	NA	NA	NA	NA	NA	NA	NA	NA	NA	NA	NA	NA	NA	NA	NA	NA	NA	NA	NA	NA	NA	NA	NA	NA	NA	NA	NA	NA	NA	NA	NA	NA	NA	6B	6B34	206	0	2	Reduction	Normal	Reduction
2018-07-31T00:00:00Z	6	B	34	1	NA	7	1	0	NA	NA	NA	NA	NA	NA	NA	NA	NA	NA	NA	NA	NA	NA	NA	NA	NA	NA	NA	NA	NA	NA	NA	NA	NA	NA	NA	0	NA	0	NA	NA	6B	6B34	212	1	7	Reduction	Normal	Reduction
2018-08-10T00:00:00Z	6	B	34	1	NA	2	4	NA	NA	NA	NA	NA	NA	NA	NA	NA	NA	NA	NA	NA	NA	NA	NA	NA	NA	NA	NA	NA	NA	NA	NA	NA	NA	NA	NA	NA	NA	0	NA	NA	6B	6B34	222	4	2	Reduction	Normal	Reduction
2018-08-07T00:00:00Z	6	D	34	1	NA	4	4	NA	NA	NA	NA	NA	NA	NA	NA	NA	NA	NA	NA	NA	NA	NA	NA	NA	NA	NA	NA	NA	NA	NA	NA	NA	NA	NA	NA	NA	NA	NA	NA	NA	6D	6D34	219	4	4	Addition	Normal	Addition
2018-06-15T00:00:00Z	4	D	35	1	22	2	0	NA	NA	NA	NA	NA	NA	NA	NA	NA	NA	NA	NA	NA	NA	NA	NA	NA	NA	NA	NA	NA	NA	NA	NA	NA	NA	NA	NA	NA	NA	NA	NA	NA	4D	4D35	166	0	2	Reduction	Early	Reduction
2018-06-18T00:00:00Z	4	D	35	1	26	1	0	NA	NA	NA	NA	NA	NA	NA	NA	NA	NA	NA	NA	NA	NA	NA	NA	NA	NA	NA	NA	NA	NA	NA	NA	NA	NA	NA	NA	NA	NA	NA	NA	NA	4D	4D35	169	0	1	Reduction	Early	Reduction
2018-06-20T00:00:00Z	4	D	35	1	26	10	0	NA	NA	NA	NA	NA	NA	NA	NA	NA	NA	NA	NA	NA	NA	NA	NA	NA	NA	NA	NA	NA	NA	NA	NA	NA	NA	NA	NA	NA	NA	0	0	NA	4D	4D35	171	0	10	Reduction	Early	Reduction
2018-06-22T00:00:00Z	4	D	35	1	NA	8	1	NA	NA	NA	NA	NA	NA	NA	NA	NA	NA	NA	NA	NA	NA	NA	NA	NA	NA	NA	NA	NA	NA	NA	NA	NA	NA	NA	NA	NA	NA	NA	NA	NA	4D	4D35	173	1	8	Reduction	Early	Reduction
2018-06-25T00:00:00Z	4	D	35	1	NA	9	2	NA	NA	NA	NA	NA	NA	NA	NA	NA	NA	NA	NA	NA	NA	NA	NA	NA	NA	NA	NA	NA	NA	NA	NA	NA	NA	NA	NA	NA	1	4	4	NA	4D	4D35	176	2	9	Reduction	Early	Reduction
2018-06-27T00:00:00Z	4	D	35	1	33	16	4	NA	NA	NA	NA	NA	NA	NA	NA	NA	NA	NA	NA	NA	NA	NA	NA	NA	NA	NA	NA	NA	NA	NA	NA	NA	NA	NA	NA	NA	NA	2	2	NA	4D	4D35	178	4	16	Reduction	Early	Reduction
2018-06-29T00:00:00Z	4	D	35	1	NA	10	7	6	NA	NA	NA	NA	NA	NA	NA	NA	NA	NA	NA	NA	NA	NA	NA	NA	NA	NA	NA	NA	NA	NA	NA	NA	NA	NA	NA	NA	NA	NA	NA	NA	4D	4D35	180	7	10	Reduction	Early	Reduction
2018-07-02T00:00:00Z	4	D	35	1	NA	10	2	2	NA	NA	NA	NA	NA	NA	NA	NA	NA	NA	NA	NA	NA	NA	NA	NA	NA	NA	NA	NA	NA	NA	NA	NA	NA	NA	NA	NA	NA	0	NA	NA	4D	4D35	183	2	10	Reduction	Early	Reduction
2018-07-06T00:00:00Z	4	D	35	1	NA	3	8	6	NA	NA	NA	NA	NA	NA	NA	NA	NA	NA	NA	NA	NA	NA	NA	NA	NA	NA	NA	NA	NA	NA	NA	NA	NA	NA	NA	NA	NA	NA	NA	NA	4D	4D35	187	8	3	Reduction	Early	Reduction
2018-07-11T00:00:00Z	4	D	35	1	NA	1	2	NA	NA	NA	NA	NA	NA	NA	NA	NA	NA	NA	NA	NA	NA	NA	NA	NA	NA	NA	NA	NA	NA	NA	NA	NA	NA	NA	NA	NA	NA	0	NA	NA	4D	4D35	192	2	1	Reduction	Early	Reduction
2018-07-16T00:00:00Z	4	D	35	1	31	0	0	NA	NA	NA	NA	NA	NA	NA	NA	NA	NA	NA	NA	NA	NA	NA	NA	NA	NA	NA	NA	NA	NA	NA	NA	NA	NA	NA	NA	NA	NA	0	NA	NA	4D	4D35	197	0	0	Reduction	Early	Reduction
2018-07-25T00:00:00Z	4	D	35	1	NA	0	0	NA	NA	NA	NA	NA	NA	NA	NA	NA	NA	NA	NA	NA	NA	NA	NA	NA	NA	NA	NA	NA	NA	NA	NA	NA	NA	NA	NA	NA	NA	NA	NA	NA	4D	4D35	206	0	0	Reduction	Early	Reduction
2018-07-31T00:00:00Z	4	D	35	1	NA	3	0	NA	NA	NA	NA	NA	NA	NA	NA	NA	NA	NA	NA	NA	NA	NA	NA	NA	NA	NA	NA	NA	NA	NA	NA	NA	NA	NA	NA	NA	NA	NA	NA	NA	4D	4D35	212	0	3	Reduction	Early	Reduction
2018-08-07T00:00:00Z	4	D	35	1	NA	3	0	NA	NA	NA	NA	NA	NA	NA	NA	NA	NA	NA	NA	NA	NA	NA	NA	NA	NA	NA	NA	NA	NA	NA	NA	NA	NA	NA	NA	NA	NA	NA	NA	NA	4D	4D35	219	0	3	Reduction	Early	Reduction
2018-08-10T00:00:00Z	4	D	35	1	NA	1	0	NA	NA	NA	NA	NA	NA	NA	NA	NA	NA	NA	NA	NA	NA	NA	NA	NA	NA	NA	NA	NA	NA	NA	NA	NA	NA	NA	NA	NA	NA	NA	NA	NA	4D	4D35	222	0	1	Reduction	Early	Reduction
2018-06-22T00:00:00Z	4	D	36	1	NA	11	3	NA	NA	NA	NA	NA	NA	NA	NA	NA	NA	NA	NA	NA	NA	NA	NA	NA	NA	NA	NA	NA	NA	NA	NA	NA	NA	NA	NA	NA	NA	NA	NA	NA	4D	4D36	173	3	11	Reduction	Early	Reduction
2018-06-25T00:00:00Z	4	D	36	1	NA	10	6	NA	NA	NA	NA	NA	NA	NA	NA	NA	NA	NA	NA	NA	NA	NA	NA	NA	NA	NA	NA	NA	NA	NA	NA	NA	NA	NA	NA	NA	NA	NA	NA	ichnuemonid wasp ovipositing	4D	4D36	176	6	10	Reduction	Early	Reduction
2018-06-27T00:00:00Z	4	D	36	1	32	15	5	NA	NA	NA	NA	NA	NA	NA	NA	NA	NA	NA	NA	NA	NA	NA	NA	NA	NA	NA	NA	NA	NA	NA	NA	NA	NA	NA	NA	NA	NA	0	0	NA	4D	4D36	178	5	15	Reduction	Early	Reduction
2018-06-29T00:00:00Z	4	D	36	1	NA	6	4	1	NA	NA	NA	NA	NA	NA	NA	NA	NA	NA	NA	NA	NA	NA	NA	NA	NA	NA	NA	NA	NA	NA	NA	NA	NA	NA	NA	NA	NA	NA	NA	NA	4D	4D36	180	4	6	Reduction	Early	Reduction
2018-07-02T00:00:00Z	4	D	36	1	NA	0	5	3	NA	NA	NA	NA	NA	NA	NA	NA	NA	NA	NA	NA	NA	NA	NA	NA	NA	NA	NA	NA	NA	NA	NA	NA	NA	NA	NA	NA	NA	0	NA	NA	4D	4D36	183	5	0	Reduction	Early	Reduction
2018-07-06T00:00:00Z	4	D	36	1	NA	0	0	NA	NA	NA	NA	NA	NA	NA	NA	NA	NA	NA	NA	NA	NA	NA	NA	NA	NA	NA	NA	NA	NA	NA	NA	NA	NA	NA	NA	NA	NA	NA	NA	S	4D	4D36	187	0	0	Reduction	Early	Reduction
2018-07-11T00:00:00Z	4	D	36	1	NA	0	0	NA	NA	NA	NA	NA	NA	NA	NA	NA	NA	NA	NA	NA	NA	NA	NA	NA	NA	NA	NA	NA	NA	NA	NA	NA	NA	NA	NA	NA	NA	0	NA	NA	4D	4D36	192	0	0	Reduction	Early	Reduction
2018-07-16T00:00:00Z	4	D	36	1	33	0	0	NA	NA	NA	NA	NA	NA	NA	NA	NA	NA	NA	NA	NA	NA	NA	NA	NA	NA	NA	NA	NA	NA	NA	NA	NA	NA	NA	NA	NA	NA	0	NA	NA	4D	4D36	197	0	0	Reduction	Early	Reduction
2018-07-20T00:00:00Z	4	D	36	1	NA	0	0	NA	NA	NA	NA	NA	NA	NA	NA	NA	NA	NA	NA	NA	NA	NA	NA	NA	NA	NA	NA	NA	NA	NA	NA	NA	NA	NA	NA	NA	0	0	NA	NA	4D	4D36	201	0	0	Reduction	Early	Reduction
2018-07-25T00:00:00Z	4	D	36	1	NA	0	0	NA	NA	NA	NA	NA	NA	NA	NA	NA	NA	NA	NA	NA	NA	NA	NA	NA	NA	NA	NA	NA	NA	NA	NA	NA	NA	NA	NA	NA	NA	NA	NA	NA	4D	4D36	206	0	0	Reduction	Early	Reduction
2018-06-15T00:00:00Z	4	D	38	1	NA	14	NA	NA	NA	NA	NA	NA	NA	NA	NA	NA	NA	NA	NA	NA	NA	NA	NA	NA	NA	NA	NA	NA	NA	NA	NA	NA	NA	NA	NA	NA	NA	NA	NA	NA	4D	4D38	166	0	14	Reduction	Early	Reduction
2018-06-22T00:00:00Z	4	D	38	1	NA	12	13	NA	NA	NA	NA	NA	NA	NA	NA	NA	NA	NA	NA	NA	NA	NA	NA	NA	NA	NA	NA	NA	NA	NA	NA	NA	NA	NA	NA	NA	NA	NA	NA	NA	4D	4D38	173	13	12	Reduction	Early	Reduction
2018-06-25T00:00:00Z	6	D	38	1	NA	10	0	NA	NA	NA	NA	NA	NA	NA	NA	NA	NA	NA	NA	NA	NA	NA	NA	NA	NA	NA	NA	NA	NA	NA	NA	NA	NA	NA	NA	NA	NA	NA	NA	NA	6D	6D38	176	0	10	Addition	Normal	Addition
2018-06-27T00:00:00Z	6	D	38	1	39	12	0	NA	NA	NA	NA	NA	NA	NA	NA	NA	NA	NA	NA	NA	NA	NA	NA	NA	NA	NA	NA	NA	NA	NA	NA	NA	NA	NA	NA	NA	NA	NA	NA	NA	6D	6D38	178	0	12	Addition	Normal	Addition
2018-06-29T00:00:00Z	6	D	38	1	NA	9	1	0	NA	NA	NA	NA	NA	NA	NA	NA	NA	NA	NA	NA	NA	NA	NA	NA	NA	NA	NA	NA	NA	NA	NA	NA	NA	NA	NA	NA	NA	NA	NA	NA	6D	6D38	180	1	9	Addition	Normal	Addition
2018-07-11T00:00:00Z	6	D	38	1	NA	3	1	1	NA	NA	NA	NA	NA	NA	NA	NA	NA	NA	NA	NA	NA	NA	NA	NA	NA	NA	NA	NA	NA	NA	NA	NA	NA	NA	NA	1	NA	0	NA	NA	6D	6D38	192	1	3	Addition	Normal	Addition
2018-07-16T00:00:00Z	6	D	38	1	37	0	0	NA	NA	NA	NA	NA	NA	NA	NA	NA	NA	NA	NA	NA	NA	NA	NA	NA	NA	NA	NA	NA	NA	NA	NA	NA	NA	NA	NA	NA	NA	0	NA	NA	6D	6D38	197	0	0	Addition	Normal	Addition
2018-07-20T00:00:00Z	6	D	38	1	NA	2	0	NA	NA	NA	NA	NA	NA	NA	NA	NA	NA	NA	NA	NA	NA	NA	NA	NA	NA	NA	NA	NA	NA	NA	NA	NA	NA	NA	NA	NA	0	0	NA	NA	6D	6D38	201	0	2	Addition	Normal	Addition
2018-07-25T00:00:00Z	6	D	38	1	NA	6	0	NA	NA	NA	NA	NA	NA	NA	NA	NA	NA	NA	NA	NA	NA	NA	NA	NA	NA	NA	NA	NA	NA	NA	NA	NA	NA	NA	NA	NA	NA	NA	NA	NA	6D	6D38	206	0	6	Addition	Normal	Addition
2018-07-31T00:00:00Z	6	D	38	1	NA	3	1	0	NA	NA	NA	NA	NA	NA	NA	NA	NA	NA	NA	NA	NA	NA	NA	NA	NA	NA	NA	NA	NA	NA	NA	NA	NA	NA	NA	0	NA	0	NA	NA	6D	6D38	212	1	3	Addition	Normal	Addition
2018-08-07T00:00:00Z	6	D	38	1	NA	6	0	NA	NA	NA	NA	NA	NA	NA	NA	NA	NA	NA	NA	NA	NA	NA	NA	NA	NA	NA	NA	NA	NA	NA	NA	NA	NA	NA	NA	NA	NA	NA	NA	NA	6D	6D38	219	0	6	Addition	Normal	Addition
2018-08-10T00:00:00Z	6	D	38	1	NA	1	6	NA	NA	NA	NA	NA	NA	NA	NA	NA	NA	NA	NA	NA	NA	NA	NA	NA	NA	NA	NA	NA	NA	NA	NA	NA	NA	NA	NA	NA	NA	0	NA	NA	6D	6D38	222	6	1	Addition	Normal	Addition
2018-06-15T00:00:00Z	4	D	40	1	29	8	0	NA	NA	NA	NA	NA	NA	NA	NA	NA	NA	NA	NA	NA	NA	NA	NA	NA	NA	NA	NA	NA	NA	NA	NA	NA	NA	NA	NA	NA	NA	NA	NA	NA	4D	4D40	166	0	8	Reduction	Early	Reduction
2018-06-18T00:00:00Z	4	D	40	1	28	6	1	NA	NA	NA	NA	NA	NA	NA	NA	NA	NA	NA	NA	NA	NA	NA	NA	NA	NA	NA	NA	NA	NA	NA	NA	NA	NA	NA	NA	NA	NA	1	1	NA	4D	4D40	169	1	6	Reduction	Early	Reduction
2018-06-20T00:00:00Z	4	D	40	1	32	17	4	NA	NA	NA	NA	NA	NA	NA	NA	NA	NA	NA	NA	NA	NA	NA	NA	NA	NA	NA	NA	NA	NA	NA	NA	NA	NA	NA	NA	NA	NA	3	3	NA	4D	4D40	171	4	17	Reduction	Early	Reduction
2018-06-22T00:00:00Z	4	D	40	1	NA	13	6	NA	NA	NA	NA	NA	NA	NA	NA	NA	NA	NA	NA	NA	NA	NA	NA	NA	NA	NA	NA	NA	NA	NA	NA	NA	NA	NA	NA	NA	NA	NA	NA	NA	4D	4D40	173	6	13	Reduction	Early	Reduction
2018-06-25T00:00:00Z	4	D	40	1	NA	9	7	NA	NA	NA	NA	NA	NA	NA	NA	NA	NA	NA	NA	NA	NA	NA	NA	NA	NA	NA	NA	NA	NA	NA	NA	NA	NA	NA	NA	NA	NA	NA	NA	NA	4D	4D40	176	7	9	Reduction	Early	Reduction
2018-06-27T00:00:00Z	4	D	40	1	30	11	9	NA	NA	NA	NA	NA	NA	NA	NA	NA	NA	NA	NA	NA	NA	NA	NA	NA	NA	NA	NA	NA	NA	NA	NA	NA	NA	NA	NA	NA	NA	4	4	NA	4D	4D40	178	9	11	Reduction	Early	Reduction
2018-06-29T00:00:00Z	4	D	40	1	NA	3	4	3	NA	NA	NA	NA	NA	NA	NA	NA	NA	NA	NA	NA	NA	NA	NA	NA	NA	NA	NA	NA	NA	NA	NA	NA	NA	NA	NA	NA	NA	NA	NA	NA	4D	4D40	180	4	3	Reduction	Early	Reduction
2018-07-02T00:00:00Z	4	D	40	1	NA	0	4	4	NA	NA	NA	NA	NA	NA	NA	NA	NA	NA	NA	NA	NA	NA	NA	NA	NA	NA	NA	NA	NA	NA	NA	NA	NA	NA	NA	NA	NA	0	NA	NA	4D	4D40	183	4	0	Reduction	Early	Reduction
2018-07-06T00:00:00Z	4	D	40	1	NA	0	0	NA	NA	NA	NA	NA	NA	NA	NA	NA	NA	NA	NA	NA	NA	NA	NA	NA	NA	NA	NA	NA	NA	NA	NA	NA	NA	NA	NA	NA	NA	NA	NA	S	4D	4D40	187	0	0	Reduction	Early	Reduction
2018-07-11T00:00:00Z	4	D	40	1	NA	0	0	NA	NA	NA	NA	NA	NA	NA	NA	NA	NA	NA	NA	NA	NA	NA	NA	NA	NA	NA	NA	NA	NA	NA	NA	NA	NA	NA	NA	NA	NA	0	NA	NA	4D	4D40	192	0	0	Reduction	Early	Reduction
2018-07-16T00:00:00Z	4	D	40	1	31	0	0	NA	NA	NA	NA	NA	NA	NA	NA	NA	NA	NA	NA	NA	NA	NA	NA	NA	NA	NA	NA	NA	NA	NA	NA	NA	NA	NA	NA	NA	NA	0	NA	NA	4D	4D40	197	0	0	Reduction	Early	Reduction
2018-07-20T00:00:00Z	4	D	40	1	NA	0	0	NA	NA	NA	NA	NA	NA	NA	NA	NA	NA	NA	NA	NA	NA	NA	NA	NA	NA	NA	NA	NA	NA	NA	NA	NA	NA	NA	NA	NA	0	0	NA	NA	4D	4D40	201	0	0	Reduction	Early	Reduction
2018-07-25T00:00:00Z	4	D	40	1	NA	0	0	NA	NA	NA	NA	NA	NA	NA	NA	NA	NA	NA	NA	NA	NA	NA	NA	NA	NA	NA	NA	NA	NA	NA	NA	NA	NA	NA	NA	NA	NA	NA	NA	NA	4D	4D40	206	0	0	Reduction	Early	Reduction
2018-06-18T00:00:00Z	6	D	40	1	54	11	3	NA	NA	NA	NA	NA	NA	NA	NA	NA	NA	NA	NA	NA	NA	NA	NA	NA	NA	NA	NA	NA	NA	NA	NA	NA	NA	NA	NA	NA	NA	NA	NA	NA	6D	6D40	169	3	11	Addition	Normal	Addition
2018-07-16T00:00:00Z	4	D	42	1	29	0	0	NA	NA	NA	NA	NA	NA	NA	NA	NA	NA	NA	NA	NA	NA	NA	NA	NA	NA	NA	NA	NA	NA	NA	NA	NA	NA	NA	NA	NA	NA	0	NA	NA	4D	4D42	197	0	0	Reduction	Early	Reduction
2018-06-10T00:00:00Z	6	D	42	NA	NA	9	0	NA	NA	NA	NA	NA	NA	NA	NA	NA	NA	NA	NA	NA	NA	NA	NA	NA	NA	NA	NA	NA	NA	NA	NA	NA	NA	NA	NA	NA	NA	NA	NA	NA	6D	6D42	161	0	9	Addition	Normal	Addition
2018-06-15T00:00:00Z	6	D	42	1	25	15	NA	NA	NA	NA	NA	NA	NA	NA	NA	NA	NA	NA	NA	NA	NA	NA	NA	NA	NA	NA	NA	NA	NA	NA	NA	NA	NA	NA	NA	NA	NA	NA	NA	1 damaged buds	6D	6D42	166	0	15	Addition	Normal	Addition
2018-06-15T00:00:00Z	6	D	42	1	NA	7	0	NA	NA	NA	NA	NA	NA	NA	NA	NA	NA	NA	NA	NA	NA	NA	NA	NA	NA	NA	NA	NA	NA	NA	NA	NA	NA	NA	NA	NA	NA	NA	NA	NA	6D	6D42	166	0	7	Addition	Normal	Addition
2018-06-18T00:00:00Z	6	D	42	1	25	5	4	NA	NA	NA	NA	NA	NA	NA	NA	NA	NA	NA	NA	NA	NA	NA	NA	NA	NA	NA	NA	NA	NA	NA	NA	NA	NA	NA	NA	NA	NA	NA	NA	NA	6D	6D42	169	4	5	Addition	Normal	Addition
2018-06-20T00:00:00Z	6	D	42	1	27	27	7	NA	NA	NA	NA	NA	NA	NA	NA	NA	NA	NA	NA	NA	NA	NA	NA	NA	NA	NA	NA	NA	NA	NA	NA	NA	NA	NA	NA	NA	NA	NA	NA	NA	6D	6D42	171	7	27	Addition	Normal	Addition
2018-06-22T00:00:00Z	6	D	42	1	NA	14	9	NA	NA	NA	NA	NA	NA	NA	NA	NA	NA	NA	NA	NA	NA	NA	NA	NA	NA	NA	NA	NA	NA	NA	NA	NA	NA	NA	NA	NA	NA	NA	NA	NA	6D	6D42	173	9	14	Addition	Normal	Addition
2018-06-27T00:00:00Z	6	D	42	1	26	16	7	NA	NA	NA	NA	NA	NA	NA	NA	NA	NA	NA	NA	NA	NA	NA	NA	NA	NA	NA	NA	NA	NA	NA	NA	NA	NA	NA	NA	NA	NA	3	3	nectar robbing	6D	6D42	178	7	16	Addition	Normal	Addition
2018-06-29T00:00:00Z	6	D	42	1	NA	4	5	3	NA	NA	NA	NA	NA	NA	NA	NA	NA	NA	NA	NA	NA	NA	NA	NA	NA	NA	NA	NA	NA	NA	NA	NA	NA	NA	NA	1	NA	NA	NA	NA	6D	6D42	180	5	4	Addition	Normal	Addition
2018-07-11T00:00:00Z	6	D	42	1	NA	0	0	NA	NA	NA	NA	NA	NA	NA	NA	NA	NA	NA	NA	NA	NA	NA	NA	NA	NA	NA	NA	NA	NA	NA	NA	NA	NA	NA	NA	NA	NA	NA	NA	NA	6D	6D42	192	0	0	Addition	Normal	Addition
2018-07-16T00:00:00Z	6	D	42	1	27	0	0	NA	NA	NA	NA	NA	NA	NA	NA	NA	NA	NA	NA	NA	NA	NA	NA	NA	NA	NA	NA	NA	NA	NA	NA	NA	NA	NA	NA	NA	NA	0	NA	NA	6D	6D42	197	0	0	Addition	Normal	Addition
2018-07-20T00:00:00Z	6	D	42	1	NA	0	0	NA	NA	NA	NA	NA	NA	NA	NA	NA	NA	NA	NA	NA	NA	NA	NA	NA	NA	NA	NA	NA	NA	NA	NA	NA	NA	NA	NA	NA	0	0	NA	NA	6D	6D42	201	0	0	Addition	Normal	Addition
2018-08-24T00:00:00Z	6	D	42	1	NA	0	2	NA	NA	NA	NA	NA	NA	NA	NA	NA	NA	NA	NA	NA	NA	NA	NA	NA	NA	NA	NA	NA	NA	NA	NA	NA	NA	NA	NA	NA	NA	0	NA	NA	6D	6D42	236	2	0	Addition	Normal	Addition
2018-06-22T00:00:00Z	6	D	43	1	NA	1	0	NA	NA	NA	NA	NA	NA	NA	NA	NA	NA	NA	NA	NA	NA	NA	NA	NA	NA	NA	NA	NA	NA	NA	NA	NA	NA	NA	NA	NA	NA	NA	NA	NA	6D	6D43	173	0	1	Addition	Normal	Addition
2018-06-25T00:00:00Z	6	D	43	1	NA	2	0	NA	NA	NA	NA	NA	NA	NA	NA	NA	NA	NA	NA	NA	NA	NA	NA	NA	NA	NA	NA	NA	NA	NA	NA	NA	NA	NA	NA	NA	NA	NA	NA	NA	6D	6D43	176	0	2	Addition	Normal	Addition
2018-06-27T00:00:00Z	6	D	43	1	24	6	0	NA	NA	NA	NA	NA	NA	NA	NA	NA	NA	NA	NA	NA	NA	NA	NA	NA	NA	NA	NA	NA	NA	NA	NA	NA	NA	NA	NA	NA	NA	NA	NA	NA	6D	6D43	178	0	6	Addition	Normal	Addition
2018-07-11T00:00:00Z	6	D	43	1	NA	0	3	NA	NA	NA	NA	NA	NA	NA	NA	NA	NA	NA	NA	NA	NA	NA	NA	NA	NA	NA	NA	NA	NA	NA	NA	NA	NA	NA	NA	NA	NA	0	NA	NA	6D	6D43	192	3	0	Addition	Normal	Addition
2018-08-07T00:00:00Z	6	D	43	1	NA	5	1	NA	NA	NA	NA	NA	NA	NA	NA	NA	NA	NA	NA	NA	NA	NA	NA	NA	NA	NA	NA	NA	NA	NA	NA	NA	NA	NA	NA	NA	NA	NA	NA	NA	6D	6D43	219	1	5	Addition	Normal	Addition
2018-08-10T00:00:00Z	6	D	43	1	NA	1	1	NA	NA	NA	NA	NA	NA	NA	NA	NA	NA	NA	NA	NA	NA	NA	NA	NA	NA	NA	NA	NA	NA	NA	NA	NA	NA	NA	NA	NA	NA	NA	NA	NA	6D	6D43	222	1	1	Addition	Normal	Addition
2018-06-10T00:00:00Z	4	D	44	NA	NA	5	1	NA	NA	NA	NA	NA	NA	NA	NA	NA	NA	NA	NA	NA	NA	NA	NA	NA	NA	NA	NA	NA	NA	NA	NA	NA	NA	NA	NA	NA	2	NA	NA	2 flies	4D	4D44	161	1	5	Reduction	Early	Reduction
2018-06-15T00:00:00Z	4	D	44	1	NA	10	NA	NA	NA	NA	NA	NA	NA	NA	NA	NA	NA	NA	NA	NA	NA	NA	NA	NA	NA	NA	NA	NA	NA	NA	NA	NA	NA	NA	NA	NA	NA	NA	NA	1 shriveled	4D	4D44	166	0	10	Reduction	Early	Reduction
2018-06-15T00:00:00Z	4	D	44	1	30	11	4	NA	NA	NA	NA	NA	NA	NA	NA	NA	NA	NA	NA	NA	NA	NA	NA	NA	NA	NA	NA	NA	NA	NA	NA	NA	NA	NA	NA	NA	NA	NA	NA	NA	4D	4D44	166	4	11	Reduction	Early	Reduction
2018-06-18T00:00:00Z	4	D	44	1	21	3	8	NA	NA	NA	NA	NA	NA	NA	NA	NA	NA	NA	NA	NA	NA	NA	NA	NA	NA	NA	NA	NA	NA	NA	NA	NA	NA	NA	NA	NA	NA	NA	NA	NA	4D	4D44	169	8	3	Reduction	Early	Reduction
2018-06-20T00:00:00Z	4	D	44	1	21	15	12	NA	NA	NA	NA	NA	NA	NA	NA	NA	NA	NA	NA	NA	NA	NA	NA	NA	NA	NA	NA	NA	NA	NA	NA	NA	NA	NA	NA	NA	NA	0	0	NA	4D	4D44	171	12	15	Reduction	Early	Reduction
2018-06-22T00:00:00Z	4	D	44	1	NA	4	5	NA	NA	NA	NA	NA	NA	NA	NA	NA	NA	NA	NA	NA	NA	NA	NA	NA	NA	NA	NA	NA	NA	NA	NA	NA	NA	NA	NA	NA	NA	NA	NA	NA	4D	4D44	173	5	4	Reduction	Early	Reduction
2018-06-25T00:00:00Z	4	D	44	1	NA	0	4	NA	NA	NA	NA	NA	NA	NA	NA	NA	NA	NA	NA	NA	NA	NA	NA	NA	NA	NA	NA	NA	NA	NA	NA	NA	NA	NA	NA	NA	NA	NA	NA	NA	4D	4D44	176	4	0	Reduction	Early	Reduction
2018-06-27T00:00:00Z	4	D	44	1	23	7	4	NA	NA	NA	NA	NA	NA	NA	NA	NA	NA	NA	NA	NA	NA	NA	NA	NA	NA	NA	NA	NA	NA	NA	NA	NA	NA	NA	NA	NA	NA	NA	NA	NA	4D	4D44	178	4	7	Reduction	Early	Reduction
2018-06-29T00:00:00Z	4	D	44	1	NA	0	2	0	NA	NA	NA	NA	NA	NA	NA	NA	NA	NA	NA	NA	NA	NA	NA	NA	NA	NA	NA	NA	NA	NA	NA	NA	NA	NA	NA	NA	NA	0	0	NA	4D	4D44	180	2	0	Reduction	Early	Reduction
2018-07-06T00:00:00Z	4	D	44	1	NA	0	0	NA	NA	NA	NA	NA	NA	NA	NA	NA	NA	NA	NA	NA	NA	NA	NA	NA	NA	NA	NA	NA	NA	NA	NA	NA	NA	NA	NA	NA	NA	NA	NA	S	4D	4D44	187	0	0	Reduction	Early	Reduction
2018-07-11T00:00:00Z	4	D	44	1	NA	0	0	NA	NA	NA	NA	NA	NA	NA	NA	NA	NA	NA	NA	NA	NA	NA	NA	NA	NA	NA	NA	NA	NA	NA	NA	NA	NA	NA	NA	NA	NA	0	NA	NA	4D	4D44	192	0	0	Reduction	Early	Reduction
2018-07-16T00:00:00Z	4	D	44	1	22.5	0	0	NA	NA	NA	NA	NA	NA	NA	NA	NA	NA	NA	NA	NA	NA	NA	NA	NA	NA	NA	NA	NA	NA	NA	NA	NA	NA	NA	NA	NA	NA	0	NA	NA	4D	4D44	197	0	0	Reduction	Early	Reduction
2018-07-20T00:00:00Z	4	D	44	1	NA	0	0	NA	NA	NA	NA	NA	NA	NA	NA	NA	NA	NA	NA	NA	NA	NA	NA	NA	NA	NA	NA	NA	NA	NA	NA	NA	NA	NA	NA	NA	0	0	NA	NA	4D	4D44	201	0	0	Reduction	Early	Reduction
2018-06-15T00:00:00Z	6	D	44	1	32	18	NA	NA	NA	NA	NA	NA	NA	NA	NA	NA	NA	NA	NA	NA	NA	NA	NA	NA	NA	NA	NA	NA	NA	NA	NA	NA	NA	NA	NA	NA	NA	NA	NA	damaged buds	6D	6D44	166	0	18	Addition	Normal	Addition
2018-06-15T00:00:00Z	6	D	44	1	NA	14	0	NA	NA	NA	NA	NA	NA	NA	NA	NA	NA	NA	NA	NA	NA	NA	NA	NA	NA	NA	NA	NA	NA	NA	NA	NA	NA	NA	NA	NA	2	NA	NA	2 flies present, 1 bud on top damaged	6D	6D44	166	0	14	Addition	Normal	Addition
2018-06-18T00:00:00Z	6	D	44	1	37	2	6	NA	NA	NA	NA	NA	NA	NA	NA	NA	NA	NA	NA	NA	NA	NA	NA	NA	NA	NA	NA	NA	NA	NA	NA	NA	NA	NA	NA	NA	NA	NA	NA	NA	6D	6D44	169	6	2	Addition	Normal	Addition
2018-06-20T00:00:00Z	6	D	44	1	29	26	10	NA	NA	NA	NA	NA	NA	NA	NA	NA	NA	NA	NA	NA	NA	NA	NA	NA	NA	NA	NA	NA	NA	NA	NA	NA	NA	NA	NA	NA	NA	NA	NA	NA	6D	6D44	171	10	26	Addition	Normal	Addition
2018-06-21T00:00:00Z	6	D	44	NA	NA	NA	NA	NA	NA	NA	NA	NA	NA	NA	NA	NA	NA	NA	NA	NA	NA	NA	NA	NA	NA	NA	NA	NA	NA	NA	NA	NA	NA	NA	NA	NA	NA	1	1	NA	6D	6D44	172	0	0	Addition	Normal	Addition
2018-06-22T00:00:00Z	6	D	44	1	NA	18	11	NA	NA	NA	NA	NA	NA	NA	NA	NA	NA	NA	NA	NA	NA	NA	NA	NA	NA	NA	NA	NA	NA	NA	NA	NA	NA	NA	NA	NA	NA	NA	NA	NA	6D	6D44	173	11	18	Addition	Normal	Addition
2018-06-25T00:00:00Z	6	D	44	1	NA	14	8	NA	NA	NA	NA	NA	NA	NA	NA	NA	NA	NA	NA	NA	NA	NA	NA	NA	NA	NA	NA	NA	NA	NA	NA	NA	NA	NA	NA	NA	NA	NA	NA	NA	6D	6D44	176	8	14	Addition	Normal	Addition
2018-06-27T00:00:00Z	6	D	44	1	46	17	6	NA	NA	NA	NA	NA	NA	NA	NA	NA	NA	NA	NA	NA	NA	NA	NA	NA	NA	NA	NA	NA	NA	NA	NA	NA	NA	NA	NA	NA	NA	4	4	nectar robbing	6D	6D44	178	6	17	Addition	Normal	Addition
2018-06-29T00:00:00Z	6	D	44	1	NA	15	6	0	NA	NA	NA	NA	NA	NA	NA	NA	NA	NA	NA	NA	NA	NA	NA	NA	NA	NA	NA	NA	NA	NA	NA	NA	NA	NA	NA	NA	NA	NA	NA	NA	6D	6D44	180	6	15	Addition	Normal	Addition
2018-07-11T00:00:00Z	6	D	44	1	NA	1	1	1	NA	NA	NA	NA	NA	NA	NA	NA	NA	NA	NA	NA	NA	NA	NA	NA	NA	NA	NA	NA	NA	NA	NA	NA	NA	NA	NA	NA	NA	0	NA	NA	6D	6D44	192	1	1	Addition	Normal	Addition
2018-07-16T00:00:00Z	6	D	44	1	45	0	0	NA	NA	NA	NA	NA	NA	NA	NA	NA	NA	NA	NA	NA	NA	NA	NA	NA	NA	NA	NA	NA	NA	NA	NA	NA	NA	NA	NA	NA	NA	0	NA	NA	6D	6D44	197	0	0	Addition	Normal	Addition
2018-07-20T00:00:00Z	6	D	44	1	NA	0	0	NA	NA	NA	NA	NA	NA	NA	NA	NA	NA	NA	NA	NA	NA	NA	NA	NA	NA	NA	NA	NA	NA	NA	NA	NA	NA	NA	NA	NA	0	0	NA	NA	6D	6D44	201	0	0	Addition	Normal	Addition
2018-07-25T00:00:00Z	6	D	44	1	NA	0	0	NA	NA	NA	NA	NA	NA	NA	NA	NA	NA	NA	NA	NA	NA	NA	NA	NA	NA	NA	NA	NA	NA	NA	NA	NA	NA	NA	NA	NA	NA	NA	NA	NA	6D	6D44	206	0	0	Addition	Normal	Addition
2018-06-10T00:00:00Z	4	D	45	NA	NA	13	0	NA	NA	NA	NA	NA	NA	NA	NA	NA	NA	NA	NA	NA	NA	NA	NA	NA	NA	NA	NA	NA	NA	NA	NA	NA	NA	NA	NA	NA	NA	NA	NA	wo	4D	4D45	161	0	13	Reduction	Early	Reduction
2018-06-15T00:00:00Z	4	D	45	1	NA	23	NA	NA	NA	NA	NA	NA	NA	NA	NA	NA	NA	NA	NA	NA	NA	NA	NA	NA	NA	NA	NA	NA	NA	NA	NA	NA	NA	NA	NA	NA	NA	NA	NA	1 shriveled	4D	4D45	166	0	23	Reduction	Early	Reduction
2018-06-15T00:00:00Z	4	D	45	1	56	31	1	NA	NA	NA	NA	NA	NA	NA	NA	NA	NA	NA	NA	NA	NA	NA	NA	NA	NA	NA	NA	NA	NA	NA	NA	NA	NA	NA	NA	NA	NA	NA	NA	NA	4D	4D45	166	1	31	Reduction	Early	Reduction
2018-06-18T00:00:00Z	4	D	45	1	53	1	11	NA	NA	NA	NA	NA	NA	NA	NA	NA	NA	NA	NA	NA	NA	NA	NA	NA	NA	NA	NA	NA	NA	NA	NA	NA	NA	NA	NA	NA	NA	NA	NA	NA	4D	4D45	169	11	1	Reduction	Early	Reduction
2018-06-20T00:00:00Z	4	D	45	1	45	46	19	NA	NA	NA	NA	NA	NA	NA	NA	NA	NA	NA	NA	NA	NA	NA	NA	NA	NA	NA	NA	NA	NA	NA	NA	NA	NA	NA	NA	NA	NA	NA	NA	NA	4D	4D45	171	19	46	Reduction	Early	Reduction
2018-06-22T00:00:00Z	4	D	45	1	NA	17	10	NA	NA	NA	NA	NA	NA	NA	NA	NA	NA	NA	NA	NA	NA	NA	NA	NA	NA	NA	NA	NA	NA	NA	NA	NA	NA	NA	NA	NA	NA	NA	NA	NA	4D	4D45	173	10	17	Reduction	Early	Reduction
2018-06-25T00:00:00Z	4	D	45	1	NA	17	7	NA	NA	NA	NA	NA	NA	NA	NA	NA	NA	NA	NA	NA	NA	NA	NA	NA	NA	NA	NA	NA	NA	NA	NA	NA	NA	NA	NA	NA	NA	NA	NA	NA	4D	4D45	176	7	17	Reduction	Early	Reduction
2018-06-27T00:00:00Z	4	D	45	1	60	35	9	NA	NA	NA	NA	NA	NA	NA	NA	NA	NA	NA	NA	NA	NA	NA	NA	NA	NA	NA	NA	NA	NA	NA	NA	NA	NA	NA	NA	NA	NA	NA	NA	NA	4D	4D45	178	9	35	Reduction	Early	Reduction
2018-06-29T00:00:00Z	4	D	45	1	NA	15	4	0	NA	NA	NA	NA	NA	NA	NA	NA	NA	NA	NA	NA	NA	NA	NA	NA	NA	NA	NA	NA	NA	NA	NA	NA	NA	NA	NA	NA	NA	NA	NA	NA	4D	4D45	180	4	15	Reduction	Early	Reduction
2018-07-02T00:00:00Z	4	D	45	1	NA	8	7	4	NA	NA	NA	NA	NA	NA	NA	NA	NA	NA	NA	NA	NA	NA	NA	NA	NA	NA	NA	NA	NA	NA	NA	NA	NA	NA	NA	NA	NA	1	1	NA	4D	4D45	183	7	8	Reduction	Early	Reduction
2018-07-06T00:00:00Z	4	D	45	1	NA	6	6	2	NA	NA	NA	NA	NA	NA	NA	NA	NA	NA	NA	NA	NA	NA	NA	NA	NA	NA	NA	NA	NA	NA	NA	NA	NA	NA	NA	NA	NA	NA	NA	NA	4D	4D45	187	6	6	Reduction	Early	Reduction
2018-07-11T00:00:00Z	4	D	45	1	NA	1	1	NA	NA	NA	NA	NA	NA	NA	NA	NA	NA	NA	NA	NA	NA	NA	NA	NA	NA	NA	NA	NA	NA	NA	NA	NA	NA	NA	NA	NA	NA	0	NA	NA	4D	4D45	192	1	1	Reduction	Early	Reduction
2018-07-16T00:00:00Z	4	D	45	1	62	1	2	NA	NA	NA	NA	NA	NA	NA	NA	NA	NA	NA	NA	NA	NA	NA	NA	NA	NA	NA	NA	NA	NA	NA	NA	NA	NA	NA	NA	NA	NA	1	1	NA	4D	4D45	197	2	1	Reduction	Early	Reduction
2018-07-20T00:00:00Z	4	D	45	1	NA	0	0	NA	NA	NA	NA	NA	NA	NA	NA	NA	NA	NA	NA	NA	NA	NA	NA	NA	NA	NA	NA	NA	NA	NA	NA	NA	NA	NA	NA	NA	0	0	NA	NA	4D	4D45	201	0	0	Reduction	Early	Reduction
2018-07-25T00:00:00Z	4	D	45	1	NA	0	0	NA	NA	NA	NA	NA	NA	NA	NA	NA	NA	NA	NA	NA	NA	NA	NA	NA	NA	NA	NA	NA	NA	NA	NA	NA	NA	NA	NA	NA	NA	NA	NA	NA	4D	4D45	206	0	0	Reduction	Early	Reduction
2018-08-24T00:00:00Z	4	D	45	1	NA	2	1	NA	NA	NA	NA	NA	NA	NA	NA	NA	NA	NA	NA	NA	NA	NA	NA	NA	NA	NA	NA	NA	NA	NA	NA	NA	NA	NA	NA	NA	1	0	NA	NA	4D	4D45	236	1	2	Reduction	Early	Reduction
2018-06-10T00:00:00Z	5	C	45	NA	NA	10	1	NA	NA	NA	NA	NA	NA	NA	NA	NA	NA	NA	NA	NA	NA	NA	NA	NA	NA	NA	NA	NA	NA	NA	NA	NA	NA	NA	NA	NA	0	NA	NA	next to 45; no flies	5C	5C45	161	1	10	Reduction	Early	Reduction
2018-06-15T00:00:00Z	6	D	45	1	26	17	NA	NA	NA	NA	NA	NA	NA	NA	NA	NA	NA	NA	NA	NA	NA	NA	NA	NA	NA	NA	NA	NA	NA	NA	NA	NA	NA	NA	NA	NA	NA	NA	NA	NA	6D	6D45	166	0	17	Addition	Normal	Addition
2018-06-15T00:00:00Z	6	D	45	1	NA	21	0	NA	NA	NA	NA	NA	NA	NA	NA	NA	NA	NA	NA	NA	NA	NA	NA	NA	NA	NA	NA	NA	NA	NA	NA	NA	NA	NA	NA	NA	NA	NA	NA	NA	6D	6D45	166	0	21	Addition	Normal	Addition
2018-06-18T00:00:00Z	6	D	45	1	27	13	1	NA	NA	NA	NA	NA	NA	NA	NA	NA	NA	NA	NA	NA	NA	NA	NA	NA	NA	NA	NA	NA	NA	NA	NA	NA	NA	NA	NA	NA	NA	NA	NA	NA	6D	6D45	169	1	13	Addition	Normal	Addition
2018-06-20T00:00:00Z	6	D	45	1	28	26	2	NA	NA	NA	NA	NA	NA	NA	NA	NA	NA	NA	NA	NA	NA	NA	NA	NA	NA	NA	NA	NA	NA	NA	NA	NA	NA	NA	NA	NA	NA	7	7	NA	6D	6D45	171	2	26	Addition	Normal	Addition
2018-06-21T00:00:00Z	6	D	45	NA	NA	NA	NA	NA	NA	NA	NA	NA	NA	NA	NA	NA	NA	NA	NA	NA	NA	NA	NA	NA	NA	NA	NA	NA	NA	NA	NA	NA	NA	NA	NA	NA	NA	0	NA	NA	6D	6D45	172	0	0	Addition	Normal	Addition
2018-06-22T00:00:00Z	6	D	45	1	NA	18	17	NA	NA	NA	NA	NA	NA	NA	NA	NA	NA	NA	NA	NA	NA	NA	NA	NA	NA	NA	NA	NA	NA	NA	NA	NA	NA	NA	NA	NA	NA	NA	NA	NA	6D	6D45	173	17	18	Addition	Normal	Addition
2018-06-25T00:00:00Z	6	D	45	1	NA	14	10	NA	NA	NA	NA	NA	NA	NA	NA	NA	NA	NA	NA	NA	NA	NA	NA	NA	NA	NA	NA	NA	NA	NA	NA	NA	NA	NA	NA	NA	NA	NA	NA	broken	6D	6D45	176	10	14	Addition	Normal	Addition
2018-06-27T00:00:00Z	6	D	45	1	16	15	6	NA	NA	NA	NA	NA	NA	NA	NA	NA	NA	NA	NA	NA	NA	NA	NA	NA	NA	NA	NA	NA	NA	NA	NA	NA	NA	NA	NA	NA	NA	NA	NA	nectar robbing	6D	6D45	178	6	15	Addition	Normal	Addition
2018-06-29T00:00:00Z	6	D	45	1	NA	1	10	1	NA	NA	NA	NA	NA	NA	NA	NA	NA	NA	NA	NA	NA	NA	NA	NA	NA	NA	NA	NA	NA	NA	NA	NA	NA	NA	NA	NA	NA	NA	NA	bent	6D	6D45	180	10	1	Addition	Normal	Addition
2018-07-16T00:00:00Z	6	D	45	1	31	0	0	NA	NA	NA	NA	NA	NA	NA	NA	NA	NA	NA	NA	NA	NA	NA	NA	NA	NA	NA	NA	NA	NA	NA	NA	NA	NA	NA	NA	NA	NA	0	NA	NA	6D	6D45	197	0	0	Addition	Normal	Addition
2018-07-20T00:00:00Z	6	D	45	1	NA	6	1	NA	NA	NA	NA	NA	NA	NA	NA	NA	NA	NA	NA	NA	NA	NA	NA	NA	NA	NA	NA	NA	NA	NA	NA	NA	NA	NA	NA	NA	0	0	NA	NA	6D	6D45	201	1	6	Addition	Normal	Addition
2018-07-25T00:00:00Z	6	D	45	1	NA	2	3	NA	NA	NA	NA	NA	NA	NA	NA	NA	NA	NA	NA	NA	NA	NA	NA	NA	NA	NA	NA	NA	NA	NA	NA	NA	NA	NA	NA	NA	NA	1	1	NA	6D	6D45	206	3	2	Addition	Normal	Addition
2018-07-31T00:00:00Z	6	D	45	1	NA	5	2	0	NA	NA	NA	NA	NA	NA	NA	NA	NA	NA	NA	NA	NA	NA	NA	NA	NA	NA	NA	NA	NA	NA	NA	NA	NA	NA	NA	NA	NA	0	NA	NA	6D	6D45	212	2	5	Addition	Normal	Addition
2018-07-11T00:00:00Z	6	D	46	1	NA	0	0	NA	NA	NA	NA	NA	NA	NA	NA	NA	NA	NA	NA	NA	NA	NA	NA	NA	NA	NA	NA	NA	NA	NA	NA	NA	NA	NA	NA	NA	NA	NA	NA	NA	6D	6D46	192	0	0	Addition	Normal	Addition
2018-06-18T00:00:00Z	6	D	47	1	36	1	0	NA	NA	NA	NA	NA	NA	NA	NA	NA	NA	NA	NA	NA	NA	NA	NA	NA	NA	NA	NA	NA	NA	NA	NA	NA	NA	NA	NA	NA	NA	NA	NA	NA	6D	6D47	169	0	1	Addition	Normal	Addition
2018-06-20T00:00:00Z	6	D	47	1	38	16	1	NA	NA	NA	NA	NA	NA	NA	NA	NA	NA	NA	NA	NA	NA	NA	NA	NA	NA	NA	NA	NA	NA	NA	NA	NA	NA	NA	NA	NA	NA	NA	NA	NA	6D	6D47	171	1	16	Addition	Normal	Addition
2018-06-22T00:00:00Z	6	D	47	1	NA	11	2	NA	NA	NA	NA	NA	NA	NA	NA	NA	NA	NA	NA	NA	NA	NA	NA	NA	NA	NA	NA	NA	NA	NA	NA	NA	NA	NA	NA	NA	NA	NA	NA	NA	6D	6D47	173	2	11	Addition	Normal	Addition
2018-06-25T00:00:00Z	6	D	47	1	NA	11	4	NA	NA	NA	NA	NA	NA	NA	NA	NA	NA	NA	NA	NA	NA	NA	NA	NA	NA	NA	NA	NA	NA	NA	NA	NA	NA	NA	NA	NA	NA	NA	NA	NA	6D	6D47	176	4	11	Addition	Normal	Addition
2018-06-27T00:00:00Z	6	D	47	1	47	21	3	NA	NA	NA	NA	NA	NA	NA	NA	NA	NA	NA	NA	NA	NA	NA	NA	NA	NA	NA	NA	NA	NA	NA	NA	NA	NA	NA	NA	NA	NA	1	1	nectar robbing	6D	6D47	178	3	21	Addition	Normal	Addition
2018-06-29T00:00:00Z	6	D	47	1	NA	10	6	0	NA	NA	NA	NA	NA	NA	NA	NA	NA	NA	NA	NA	NA	NA	NA	NA	NA	NA	NA	NA	NA	NA	NA	NA	NA	NA	NA	NA	NA	NA	NA	NA	6D	6D47	180	6	10	Addition	Normal	Addition
2018-07-11T00:00:00Z	6	D	47	1	NA	3	1	NA	NA	NA	NA	NA	NA	NA	NA	NA	NA	NA	NA	NA	NA	NA	NA	NA	NA	NA	NA	NA	NA	NA	NA	NA	NA	NA	NA	NA	NA	0	NA	NA	6D	6D47	192	1	3	Addition	Normal	Addition
2018-07-16T00:00:00Z	6	D	47	1	45	0	2	2	NA	NA	NA	NA	NA	NA	NA	NA	NA	NA	NA	NA	NA	NA	NA	NA	NA	NA	NA	NA	NA	NA	NA	NA	NA	NA	NA	NA	NA	0	NA	NA	6D	6D47	197	2	0	Addition	Normal	Addition
2018-07-20T00:00:00Z	6	D	47	1	NA	0	0	NA	NA	NA	NA	NA	NA	NA	NA	NA	NA	NA	NA	NA	NA	NA	NA	NA	NA	NA	NA	NA	NA	NA	NA	NA	NA	NA	NA	NA	0	0	NA	NA	6D	6D47	201	0	0	Addition	Normal	Addition
2018-07-25T00:00:00Z	6	D	47	1	NA	0	0	NA	NA	NA	NA	NA	NA	NA	NA	NA	NA	NA	NA	NA	NA	NA	NA	NA	NA	NA	NA	NA	NA	NA	NA	NA	NA	NA	NA	NA	NA	NA	NA	NA	6D	6D47	206	0	0	Addition	Normal	Addition
2018-06-15T00:00:00Z	1	C	50	1	37	1	0	NA	NA	NA	NA	NA	NA	NA	NA	NA	NA	NA	NA	NA	NA	NA	NA	NA	NA	NA	NA	NA	NA	NA	NA	NA	NA	NA	NA	NA	NA	NA	NA	NA	1C	1C50	166	0	1	Control	Normal	Mock rainout
2018-06-18T00:00:00Z	1	C	50	1	38.5	4	0	NA	NA	NA	NA	NA	NA	NA	NA	NA	NA	NA	NA	NA	NA	NA	NA	NA	NA	NA	NA	NA	NA	NA	NA	NA	NA	NA	NA	NA	NA	NA	NA	NA	1C	1C50	169	0	4	Control	Normal	Mock rainout
2018-06-20T00:00:00Z	1	C	50	1	39	17	0	NA	NA	NA	NA	NA	NA	NA	NA	NA	NA	NA	NA	NA	NA	NA	NA	NA	NA	NA	NA	NA	NA	NA	NA	NA	NA	NA	NA	NA	NA	NA	NA	NA	1C	1C50	171	0	17	Control	Normal	Mock rainout
2018-06-22T00:00:00Z	1	C	50	1	NA	13	1	NA	NA	NA	NA	NA	NA	NA	NA	NA	NA	NA	NA	NA	NA	NA	NA	NA	NA	NA	NA	NA	NA	NA	NA	NA	NA	NA	NA	NA	NA	NA	NA	NA	1C	1C50	173	1	13	Control	Normal	Mock rainout
2018-06-25T00:00:00Z	1	C	50	1	NA	27	3	NA	NA	NA	NA	NA	NA	NA	NA	NA	NA	NA	NA	NA	NA	NA	NA	NA	NA	NA	NA	NA	NA	NA	NA	NA	NA	NA	NA	NA	NA	NA	NA	NA	1C	1C50	176	3	27	Control	Normal	Mock rainout
2018-07-02T00:00:00Z	1	C	50	1	NA	17	6	1	NA	NA	NA	NA	NA	NA	NA	NA	NA	NA	NA	NA	NA	NA	NA	NA	NA	NA	NA	NA	NA	NA	NA	NA	NA	NA	NA	NA	NA	3	3	NA	1C	1C50	183	6	17	Control	Normal	Mock rainout
2018-07-09T00:00:00Z	1	C	50	1	NA	4	5	2	NA	NA	NA	NA	NA	NA	NA	NA	NA	NA	NA	NA	NA	NA	NA	NA	NA	NA	NA	NA	NA	NA	NA	NA	NA	NA	NA	NA	NA	0	NA	NA	1C	1C50	190	5	4	Control	Normal	Mock rainout
2018-07-16T00:00:00Z	1	C	50	1	41	0	0	NA	NA	NA	NA	NA	NA	NA	NA	NA	NA	NA	NA	NA	NA	NA	NA	NA	NA	NA	NA	NA	NA	NA	NA	NA	NA	NA	NA	NA	NA	0	NA	NA	1C	1C50	197	0	0	Control	Normal	Mock rainout
2018-07-20T00:00:00Z	1	C	50	1	NA	0	0	NA	NA	NA	NA	NA	NA	NA	NA	NA	NA	NA	NA	NA	NA	NA	NA	NA	NA	NA	NA	NA	NA	NA	NA	NA	NA	NA	NA	NA	NA	NA	NA	NA	1C	1C50	201	0	0	Control	Normal	Mock rainout
2018-07-20T00:00:00Z	1	C	50	1	NA	0	0	0	NA	NA	NA	NA	NA	NA	NA	NA	NA	NA	NA	NA	NA	NA	NA	NA	NA	NA	NA	NA	NA	NA	NA	NA	NA	NA	NA	NA	0	0	NA	NA	1C	1C50	201	0	0	Control	Normal	Mock rainout
2018-06-29T00:00:00Z	1	C	50	1	NA	29	8	5	NA	NA	NA	NA	NA	NA	NA	NA	NA	NA	NA	NA	NA	NA	NA	NA	NA	NA	NA	NA	NA	NA	NA	NA	NA	NA	NA	NA	NA	NA	NA	NA	1C	1C50	180	8	29	Control	Normal	Mock rainout
2018-06-27T00:00:00Z	1	C	50	1	42	24	11	NA	NA	NA	NA	NA	NA	NA	NA	NA	NA	NA	NA	NA	NA	NA	NA	NA	NA	NA	NA	NA	NA	NA	NA	NA	NA	NA	NA	NA	NA	4	4	NA	1C	1C50	178	11	24	Control	Normal	Mock rainout
2018-07-06T00:00:00Z	1	D	50	1	NA	8	5	3	NA	NA	NA	NA	NA	NA	NA	NA	NA	NA	NA	NA	NA	NA	NA	NA	NA	NA	NA	NA	NA	NA	NA	NA	NA	NA	NA	NA	NA	NA	NA	NA	1D	1D50	187	5	8	Reduction	Normal	Reduction
2018-06-22T00:00:00Z	6	D	51	1	NA	5	0	NA	NA	NA	NA	NA	NA	NA	NA	NA	NA	NA	NA	NA	NA	NA	NA	NA	NA	NA	NA	NA	NA	NA	NA	NA	NA	NA	NA	NA	NA	NA	NA	NA	6D	6D51	173	0	5	Addition	Normal	Addition
2018-06-25T00:00:00Z	6	D	51	1	NA	9	1	NA	NA	NA	NA	NA	NA	NA	NA	NA	NA	NA	NA	NA	NA	NA	NA	NA	NA	NA	NA	NA	NA	NA	NA	NA	NA	NA	NA	NA	NA	NA	NA	NA	6D	6D51	176	1	9	Addition	Normal	Addition
2018-06-27T00:00:00Z	6	D	51	1	27	13	3	NA	NA	NA	NA	NA	NA	NA	NA	NA	NA	NA	NA	NA	NA	NA	NA	NA	NA	NA	NA	NA	NA	NA	NA	NA	NA	NA	NA	NA	NA	NA	NA	nectar robbing	6D	6D51	178	3	13	Addition	Normal	Addition
2018-06-29T00:00:00Z	6	D	51	1	NA	9	3	2	NA	NA	NA	NA	NA	NA	NA	NA	NA	NA	NA	NA	NA	NA	NA	NA	NA	NA	NA	NA	NA	NA	NA	NA	NA	NA	NA	NA	NA	NA	NA	NA	6D	6D51	180	3	9	Addition	Normal	Addition
2018-07-11T00:00:00Z	6	D	51	1	NA	0	0	NA	NA	NA	NA	NA	NA	NA	NA	NA	NA	NA	NA	NA	NA	NA	NA	NA	NA	NA	NA	NA	NA	NA	NA	NA	NA	NA	NA	NA	NA	NA	NA	NA	6D	6D51	192	0	0	Addition	Normal	Addition
2018-07-20T00:00:00Z	6	D	51	1	NA	0	0	NA	NA	NA	NA	NA	NA	NA	NA	NA	NA	NA	NA	NA	NA	NA	NA	NA	NA	NA	NA	NA	NA	NA	NA	NA	NA	NA	NA	NA	0	0	NA	NA	6D	6D51	201	0	0	Addition	Normal	Addition
2018-07-25T00:00:00Z	6	D	51	1	NA	0	0	NA	NA	NA	NA	NA	NA	NA	NA	NA	NA	NA	NA	NA	NA	NA	NA	NA	NA	NA	NA	NA	NA	NA	NA	NA	NA	NA	NA	NA	NA	NA	NA	NA	6D	6D51	206	0	0	Addition	Normal	Addition
2018-08-10T00:00:00Z	6	D	51	1	NA	1	1	NA	NA	NA	NA	NA	NA	NA	NA	NA	NA	NA	NA	NA	NA	NA	NA	NA	NA	NA	NA	NA	NA	NA	NA	NA	NA	NA	NA	NA	NA	0	NA	NA	6D	6D51	222	1	1	Addition	Normal	Addition
2018-06-10T00:00:00Z	6	D	54	NA	NA	5	0	NA	NA	NA	NA	NA	NA	NA	NA	NA	NA	NA	NA	NA	NA	NA	NA	NA	NA	NA	NA	NA	NA	NA	NA	NA	NA	NA	NA	NA	1	NA	NA	fly	6D	6D54	161	0	5	Addition	Normal	Addition
2018-06-15T00:00:00Z	6	D	54	1	35	17	NA	NA	NA	NA	NA	NA	NA	NA	NA	NA	NA	NA	NA	NA	NA	NA	NA	NA	NA	NA	NA	NA	NA	NA	NA	NA	NA	NA	NA	NA	NA	NA	NA	NA	6D	6D54	166	0	17	Addition	Normal	Addition
2018-06-15T00:00:00Z	6	D	54	1	NA	12	0	NA	NA	NA	NA	NA	NA	NA	NA	NA	NA	NA	NA	NA	NA	NA	NA	NA	NA	NA	NA	NA	NA	NA	NA	NA	NA	NA	NA	NA	NA	NA	NA	1 bud damaged on top slightly	6D	6D54	166	0	12	Addition	Normal	Addition
2018-06-20T00:00:00Z	6	D	54	1	42	36	6	NA	NA	NA	NA	NA	NA	NA	NA	NA	NA	NA	NA	NA	NA	NA	NA	NA	NA	NA	NA	NA	NA	NA	NA	NA	NA	NA	NA	NA	NA	NA	NA	NA	6D	6D54	171	6	36	Addition	Normal	Addition
2018-06-21T00:00:00Z	6	D	54	NA	NA	NA	NA	NA	NA	NA	NA	NA	NA	NA	NA	NA	NA	NA	NA	NA	NA	NA	NA	NA	NA	NA	NA	NA	NA	NA	NA	NA	NA	NA	NA	NA	NA	3	3	NA	6D	6D54	172	0	0	Addition	Normal	Addition
2018-06-22T00:00:00Z	6	D	54	1	NA	25	8	NA	NA	NA	NA	NA	NA	NA	NA	NA	NA	NA	NA	NA	NA	NA	NA	NA	NA	NA	NA	NA	NA	NA	NA	NA	NA	NA	NA	NA	NA	NA	NA	NA	6D	6D54	173	8	25	Addition	Normal	Addition
2018-06-25T00:00:00Z	6	D	54	1	NA	18	8	1	NA	NA	NA	NA	NA	NA	NA	NA	NA	NA	NA	NA	NA	NA	NA	NA	NA	NA	NA	NA	NA	NA	NA	NA	NA	NA	NA	NA	NA	NA	NA	NA	6D	6D54	176	8	18	Addition	Normal	Addition
2018-06-27T00:00:00Z	6	D	54	1	45	30	14	NA	NA	NA	NA	NA	NA	NA	NA	NA	NA	NA	NA	NA	NA	NA	NA	NA	NA	NA	NA	NA	NA	NA	NA	NA	NA	NA	NA	NA	NA	6	6	NA	6D	6D54	178	14	30	Addition	Normal	Addition
2018-06-29T00:00:00Z	6	D	54	1	NA	17	7	7	NA	NA	NA	NA	NA	NA	NA	NA	NA	NA	NA	NA	NA	NA	NA	NA	NA	NA	NA	NA	NA	NA	NA	NA	NA	NA	NA	NA	NA	NA	NA	NA	6D	6D54	180	7	17	Addition	Normal	Addition
2018-07-11T00:00:00Z	6	D	54	1	NA	5	4	4	NA	NA	NA	NA	NA	NA	NA	NA	NA	NA	NA	NA	NA	NA	NA	NA	NA	NA	NA	NA	NA	NA	NA	NA	NA	NA	NA	NA	NA	0	NA	NA	6D	6D54	192	4	5	Addition	Normal	Addition
2018-07-16T00:00:00Z	6	D	54	1	44	0	3	3	NA	NA	NA	NA	NA	NA	NA	NA	NA	NA	NA	NA	NA	NA	NA	NA	NA	NA	NA	NA	NA	NA	NA	NA	NA	NA	NA	NA	NA	0	NA	NA	6D	6D54	197	3	0	Addition	Normal	Addition
2018-07-20T00:00:00Z	6	D	54	1	NA	0	0	NA	NA	NA	NA	NA	NA	NA	NA	NA	NA	NA	NA	NA	NA	NA	NA	NA	NA	NA	NA	NA	NA	NA	NA	NA	NA	NA	NA	NA	0	0	NA	NA	6D	6D54	201	0	0	Addition	Normal	Addition
2018-07-25T00:00:00Z	6	D	54	1	NA	0	0	NA	NA	NA	NA	NA	NA	NA	NA	NA	NA	NA	NA	NA	NA	NA	NA	NA	NA	NA	NA	NA	NA	NA	NA	NA	NA	NA	NA	NA	NA	NA	NA	NA	6D	6D54	206	0	0	Addition	Normal	Addition
2018-06-25T00:00:00Z	6	D	55	1	NA	2	0	NA	NA	NA	NA	NA	NA	NA	NA	NA	NA	NA	NA	NA	NA	NA	NA	NA	NA	NA	NA	NA	NA	NA	NA	NA	NA	NA	NA	NA	NA	NA	NA	NA	6D	6D55	176	0	2	Addition	Normal	Addition
2018-06-27T00:00:00Z	6	D	55	1	31	7	0	NA	NA	NA	NA	NA	NA	NA	NA	NA	NA	NA	NA	NA	NA	NA	NA	NA	NA	NA	NA	NA	NA	NA	NA	NA	NA	NA	NA	NA	NA	NA	NA	NA	6D	6D55	178	0	7	Addition	Normal	Addition
2018-06-29T00:00:00Z	6	D	55	1	NA	8	0	0	NA	NA	NA	NA	NA	NA	NA	NA	NA	NA	NA	NA	NA	NA	NA	NA	NA	NA	NA	NA	NA	NA	NA	NA	NA	NA	NA	NA	NA	NA	NA	NA	6D	6D55	180	0	8	Addition	Normal	Addition
2018-07-11T00:00:00Z	6	D	55	1	NA	5	4	4	NA	NA	NA	NA	NA	NA	NA	NA	NA	NA	NA	NA	NA	NA	NA	NA	NA	NA	NA	NA	NA	NA	NA	NA	NA	NA	NA	1	NA	NA	NA	NA	6D	6D55	192	4	5	Addition	Normal	Addition
2018-07-16T00:00:00Z	6	D	55	1	33.5	1	2	NA	NA	NA	NA	NA	NA	NA	NA	NA	NA	NA	NA	NA	NA	NA	NA	NA	NA	NA	NA	NA	NA	NA	NA	NA	NA	NA	NA	NA	NA	1	1	NA	6D	6D55	197	2	1	Addition	Normal	Addition
2018-07-20T00:00:00Z	6	D	55	1	NA	0	0	NA	NA	NA	NA	NA	NA	NA	NA	NA	NA	NA	NA	NA	NA	NA	NA	NA	NA	NA	NA	NA	NA	NA	NA	NA	NA	NA	NA	NA	0	0	NA	NA	6D	6D55	201	0	0	Addition	Normal	Addition
2018-07-25T00:00:00Z	6	D	55	1	NA	0	0	NA	NA	NA	NA	NA	NA	NA	NA	NA	NA	NA	NA	NA	NA	NA	NA	NA	NA	NA	NA	NA	NA	NA	NA	NA	NA	NA	NA	NA	NA	NA	NA	NA	6D	6D55	206	0	0	Addition	Normal	Addition
2018-06-20T00:00:00Z	1	C	61	1	17.5	1	0	NA	NA	NA	NA	NA	NA	NA	NA	NA	NA	NA	NA	NA	NA	NA	NA	NA	NA	NA	NA	NA	NA	NA	NA	NA	NA	NA	NA	NA	NA	NA	NA	NA	1C	1C61	171	0	1	Control	Normal	Mock rainout
2018-06-22T00:00:00Z	1	C	61	1	NA	5	1	NA	NA	NA	NA	NA	NA	NA	NA	NA	NA	NA	NA	NA	NA	NA	NA	NA	NA	NA	NA	NA	NA	NA	NA	NA	NA	NA	NA	NA	NA	NA	NA	NA	1C	1C61	173	1	5	Control	Normal	Mock rainout
2018-06-25T00:00:00Z	1	C	61	1	NA	9	1	NA	NA	NA	NA	NA	NA	NA	NA	NA	NA	NA	NA	NA	NA	NA	NA	NA	NA	NA	NA	NA	NA	NA	NA	NA	NA	NA	NA	NA	NA	NA	NA	NA	1C	1C61	176	1	9	Control	Normal	Mock rainout
2018-07-02T00:00:00Z	1	C	61	1	NA	1	3	2	NA	NA	NA	NA	NA	NA	NA	NA	NA	NA	NA	NA	NA	NA	NA	NA	NA	NA	NA	NA	NA	NA	NA	NA	NA	NA	NA	NA	NA	0	NA	NA	1C	1C61	183	3	1	Control	Normal	Mock rainout
2018-07-09T00:00:00Z	1	C	61	1	NA	0	0	0	NA	NA	NA	NA	NA	NA	NA	NA	NA	NA	NA	NA	NA	NA	NA	NA	NA	NA	NA	NA	NA	NA	NA	NA	NA	NA	NA	NA	NA	NA	NA	NA	1C	1C61	190	0	0	Control	Normal	Mock rainout
2018-07-16T00:00:00Z	1	C	61	1	19	0	0	NA	NA	NA	NA	NA	NA	NA	NA	NA	NA	NA	NA	NA	NA	NA	NA	NA	NA	NA	NA	NA	NA	NA	NA	NA	NA	NA	NA	NA	NA	0	NA	NA	1C	1C61	197	0	0	Control	Normal	Mock rainout
2018-07-20T00:00:00Z	1	C	61	1	NA	0	0	NA	NA	NA	NA	NA	NA	NA	NA	NA	NA	NA	NA	NA	NA	NA	NA	NA	NA	NA	NA	NA	NA	NA	NA	NA	NA	NA	NA	NA	NA	NA	NA	NA	1C	1C61	201	0	0	Control	Normal	Mock rainout
2018-07-20T00:00:00Z	1	C	61	1	NA	0	0	0	NA	NA	NA	NA	NA	NA	NA	NA	NA	NA	NA	NA	NA	NA	NA	NA	NA	NA	NA	NA	NA	NA	NA	NA	NA	NA	NA	NA	0	0	NA	NA	1C	1C61	201	0	0	Control	Normal	Mock rainout
2018-06-29T00:00:00Z	1	C	61	1	NA	9	3	0	NA	NA	NA	NA	NA	NA	NA	NA	NA	NA	NA	NA	NA	NA	NA	NA	NA	NA	NA	NA	NA	NA	NA	NA	NA	NA	NA	NA	NA	NA	NA	NA	1C	1C61	180	3	9	Control	Normal	Mock rainout
2018-06-27T00:00:00Z	1	C	61	1	20.5	7	5	NA	NA	NA	NA	NA	NA	NA	NA	NA	NA	NA	NA	NA	NA	NA	NA	NA	NA	NA	NA	NA	NA	NA	NA	NA	NA	NA	NA	NA	NA	0	NA	NA	1C	1C61	178	5	7	Control	Normal	Mock rainout
2018-07-06T00:00:00Z	1	D	61	1	NA	0	2	0	NA	NA	NA	NA	NA	NA	NA	NA	NA	NA	NA	NA	NA	NA	NA	NA	NA	NA	NA	NA	NA	NA	NA	NA	NA	NA	NA	NA	NA	NA	NA	NA	1D	1D61	187	2	0	Reduction	Normal	Reduction
2018-06-20T00:00:00Z	1	C	62	1	22	1	0	NA	NA	NA	NA	NA	NA	NA	NA	NA	NA	NA	NA	NA	NA	NA	NA	NA	NA	NA	NA	NA	NA	NA	NA	NA	NA	NA	NA	NA	NA	NA	NA	NA	1C	1C62	171	0	1	Control	Normal	Mock rainout
2018-06-22T00:00:00Z	1	C	62	1	NA	4	0	NA	NA	NA	NA	NA	NA	NA	NA	NA	NA	NA	NA	NA	NA	NA	NA	NA	NA	NA	NA	NA	NA	NA	NA	NA	NA	NA	NA	NA	NA	NA	NA	NA	1C	1C62	173	0	4	Control	Normal	Mock rainout
2018-06-25T00:00:00Z	1	C	62	1	NA	8	0	NA	NA	NA	NA	NA	NA	NA	NA	NA	NA	NA	NA	NA	NA	NA	NA	NA	NA	NA	NA	NA	NA	NA	NA	NA	NA	NA	NA	NA	NA	NA	NA	NA	1C	1C62	176	0	8	Control	Normal	Mock rainout
2018-07-02T00:00:00Z	1	C	62	1	NA	8	4	0	NA	NA	NA	NA	NA	NA	NA	NA	NA	NA	NA	NA	NA	NA	NA	NA	NA	NA	NA	NA	NA	NA	NA	NA	NA	NA	NA	NA	NA	0	NA	NA	1C	1C62	183	4	8	Control	Normal	Mock rainout
2018-07-09T00:00:00Z	1	C	62	1	NA	3	2	0	NA	NA	NA	NA	NA	NA	NA	NA	NA	NA	NA	NA	NA	NA	NA	NA	NA	NA	NA	NA	NA	NA	NA	NA	NA	NA	NA	NA	NA	0	NA	NA	1C	1C62	190	2	3	Control	Normal	Mock rainout
2018-07-20T00:00:00Z	1	C	62	1	NA	0	0	NA	NA	NA	NA	NA	NA	NA	NA	NA	NA	NA	NA	NA	NA	NA	NA	NA	NA	NA	NA	NA	NA	NA	NA	NA	NA	NA	NA	NA	NA	NA	NA	NA	1C	1C62	201	0	0	Control	Normal	Mock rainout
2018-07-20T00:00:00Z	1	C	62	1	NA	0	0	0	NA	NA	NA	NA	NA	NA	NA	NA	NA	NA	NA	NA	NA	NA	NA	NA	NA	NA	NA	NA	NA	NA	NA	NA	NA	NA	NA	NA	0	0	NA	broken	1C	1C62	201	0	0	Control	Normal	Mock rainout
2018-06-29T00:00:00Z	1	C	62	1	NA	13	3	3	NA	NA	NA	NA	NA	NA	NA	NA	NA	NA	NA	NA	NA	NA	NA	NA	NA	NA	NA	NA	NA	NA	NA	NA	NA	NA	NA	NA	NA	NA	NA	NA	1C	1C62	180	3	13	Control	Normal	Mock rainout
2018-06-27T00:00:00Z	1	C	62	1	26.5	11	0	NA	NA	NA	NA	NA	NA	NA	NA	NA	NA	NA	NA	NA	NA	NA	NA	NA	NA	NA	NA	NA	NA	NA	NA	NA	NA	NA	NA	NA	NA	NA	NA	NA	1C	1C62	178	0	11	Control	Normal	Mock rainout
2018-07-06T00:00:00Z	1	D	62	1	NA	4	2	0	NA	NA	NA	NA	NA	NA	NA	NA	NA	NA	NA	NA	NA	NA	NA	NA	NA	NA	NA	NA	NA	NA	NA	NA	NA	NA	NA	NA	NA	NA	NA	NA	1D	1D62	187	2	4	Reduction	Normal	Reduction
2018-06-10T00:00:00Z	4	A	63	NA	NA	1	0	NA	NA	NA	NA	NA	NA	NA	NA	NA	NA	NA	NA	NA	NA	NA	NA	NA	NA	NA	NA	NA	NA	NA	NA	NA	NA	NA	NA	NA	NA	NA	NA	NA	4A	4A63	161	0	1	Addition	Early	Addition
2018-06-15T00:00:00Z	4	A	63	1	NA	7	NA	NA	NA	NA	NA	NA	NA	NA	NA	NA	NA	NA	NA	NA	NA	NA	NA	NA	NA	NA	NA	NA	NA	NA	NA	NA	NA	NA	NA	NA	NA	NA	NA	NA	4A	4A63	166	0	7	Addition	Early	Addition
2018-06-15T00:00:00Z	4	A	63	1	33	13	0	NA	NA	NA	NA	NA	NA	NA	NA	NA	NA	NA	NA	NA	NA	NA	NA	NA	NA	NA	NA	NA	NA	NA	NA	NA	NA	NA	NA	NA	NA	NA	NA	NA	4A	4A63	166	0	13	Addition	Early	Addition
2018-06-18T00:00:00Z	4	A	63	1	37	11	2	NA	NA	NA	NA	NA	NA	NA	NA	NA	NA	NA	NA	NA	NA	NA	NA	NA	NA	NA	NA	NA	NA	NA	NA	NA	NA	NA	NA	NA	NA	NA	NA	NA	4A	4A63	169	2	11	Addition	Early	Addition
2018-06-20T00:00:00Z	4	A	63	1	41	19	4	NA	NA	NA	NA	NA	NA	NA	NA	NA	NA	NA	NA	NA	NA	NA	NA	NA	NA	NA	NA	NA	NA	NA	NA	NA	NA	NA	NA	NA	NA	0	0	NA	4A	4A63	171	4	19	Addition	Early	Addition
2018-06-22T00:00:00Z	4	A	63	1	NA	13	6	NA	NA	NA	NA	NA	NA	NA	NA	NA	NA	NA	NA	NA	NA	NA	NA	NA	NA	NA	NA	NA	NA	NA	NA	NA	NA	NA	NA	NA	NA	NA	NA	NA	4A	4A63	173	6	13	Addition	Early	Addition
2018-06-25T00:00:00Z	4	A	63	1	NA	12	8	NA	NA	NA	NA	NA	NA	NA	NA	NA	NA	NA	NA	NA	NA	NA	NA	NA	NA	NA	NA	NA	NA	NA	NA	NA	NA	NA	NA	NA	NA	NA	NA	NA	4A	4A63	176	8	12	Addition	Early	Addition
2018-06-27T00:00:00Z	4	A	63	1	44	20	8	NA	NA	NA	NA	NA	NA	NA	NA	NA	NA	NA	NA	NA	NA	NA	NA	NA	NA	NA	NA	NA	NA	NA	NA	NA	NA	NA	NA	NA	NA	1	1	nectar robbing	4A	4A63	178	8	20	Addition	Early	Addition
2018-06-29T00:00:00Z	4	A	63	1	NA	8	13	4	NA	NA	NA	NA	NA	NA	NA	NA	NA	NA	NA	NA	NA	NA	NA	NA	NA	NA	NA	NA	NA	NA	NA	NA	NA	NA	NA	NA	NA	NA	NA	NA	4A	4A63	180	13	8	Addition	Early	Addition
2018-07-02T00:00:00Z	4	A	63	1	NA	5	6	6	NA	NA	NA	NA	NA	NA	NA	NA	NA	NA	NA	NA	NA	NA	NA	NA	NA	NA	NA	NA	NA	NA	NA	NA	NA	NA	NA	NA	NA	1	1	NA	4A	4A63	183	6	5	Addition	Early	Addition
2018-07-06T00:00:00Z	4	A	63	1	NA	1	4	4	NA	NA	NA	NA	NA	NA	NA	NA	NA	NA	NA	NA	NA	NA	NA	NA	NA	NA	NA	NA	NA	NA	NA	NA	NA	NA	NA	NA	NA	NA	NA	NA	4A	4A63	187	4	1	Addition	Early	Addition
2018-07-11T00:00:00Z	4	A	63	1	NA	0	1	1	NA	NA	NA	NA	NA	NA	NA	NA	NA	NA	NA	NA	NA	NA	NA	NA	NA	NA	NA	NA	NA	NA	NA	NA	NA	NA	NA	NA	NA	NA	NA	NA	4A	4A63	192	1	0	Addition	Early	Addition
2018-07-16T00:00:00Z	4	A	63	1	43	0	0	NA	NA	NA	NA	NA	NA	NA	NA	NA	NA	NA	NA	NA	NA	NA	NA	NA	NA	NA	NA	NA	NA	NA	NA	NA	NA	NA	NA	NA	NA	0	NA	NA	4A	4A63	197	0	0	Addition	Early	Addition
2018-07-20T00:00:00Z	4	A	63	1	NA	0	0	NA	NA	NA	NA	NA	NA	NA	NA	NA	NA	NA	NA	NA	NA	NA	NA	NA	NA	NA	NA	NA	NA	NA	NA	NA	NA	NA	NA	NA	0	0	NA	NA	4A	4A63	201	0	0	Addition	Early	Addition
2018-07-31T00:00:00Z	4	A	63	1	NA	2	0	NA	NA	NA	NA	NA	NA	NA	NA	NA	NA	NA	NA	NA	NA	NA	NA	NA	NA	NA	NA	NA	NA	NA	NA	NA	NA	NA	NA	NA	NA	NA	NA	NA	4A	4A63	212	0	2	Addition	Early	Addition
2018-08-07T00:00:00Z	4	A	63	1	NA	3	0	NA	NA	NA	NA	NA	NA	NA	NA	NA	NA	NA	NA	NA	NA	NA	NA	NA	NA	NA	NA	NA	NA	NA	NA	NA	NA	NA	NA	NA	NA	NA	NA	NA	4A	4A63	219	0	3	Addition	Early	Addition
2018-06-15T00:00:00Z	6	D	66	1	24	1	NA	NA	NA	NA	NA	NA	NA	NA	NA	NA	NA	NA	NA	NA	NA	NA	NA	NA	NA	NA	NA	NA	NA	NA	NA	NA	NA	NA	NA	NA	NA	NA	NA	NA	6D	6D66	166	0	1	Addition	Normal	Addition
2018-06-20T00:00:00Z	6	D	66	1	30	10	0	NA	NA	NA	NA	NA	NA	NA	NA	NA	NA	NA	NA	NA	NA	NA	NA	NA	NA	NA	NA	NA	NA	NA	NA	NA	NA	NA	NA	NA	NA	0	NA	NA	6D	6D66	171	0	10	Addition	Normal	Addition
2018-06-22T00:00:00Z	6	D	66	1	NA	15	0	NA	NA	NA	NA	NA	NA	NA	NA	NA	NA	NA	NA	NA	NA	NA	NA	NA	NA	NA	NA	NA	NA	NA	NA	NA	NA	NA	NA	NA	NA	NA	NA	NA	6D	6D66	173	0	15	Addition	Normal	Addition
2018-06-25T00:00:00Z	6	D	66	1	NA	16	3	NA	NA	NA	NA	NA	NA	NA	NA	NA	NA	NA	NA	NA	NA	NA	NA	NA	NA	NA	NA	NA	NA	NA	NA	NA	NA	NA	NA	NA	NA	NA	NA	NA	6D	6D66	176	3	16	Addition	Normal	Addition
2018-06-27T00:00:00Z	6	D	66	1	33	22	6	NA	NA	NA	NA	NA	NA	NA	NA	NA	NA	NA	NA	NA	NA	NA	NA	NA	NA	NA	NA	NA	NA	NA	NA	NA	NA	NA	NA	NA	NA	5	5	nectar robbing	6D	6D66	178	6	22	Addition	Normal	Addition
2018-06-29T00:00:00Z	6	D	66	1	NA	16	8	0	NA	NA	NA	NA	NA	NA	NA	NA	NA	NA	NA	NA	NA	NA	NA	NA	NA	NA	NA	NA	NA	NA	NA	NA	NA	NA	NA	NA	NA	NA	NA	NA	6D	6D66	180	8	16	Addition	Normal	Addition
2018-07-11T00:00:00Z	6	D	66	1	NA	0	0	NA	NA	NA	NA	NA	NA	NA	NA	NA	NA	NA	NA	NA	NA	NA	NA	NA	NA	NA	NA	NA	NA	NA	NA	NA	NA	NA	NA	NA	NA	NA	NA	NA	6D	6D66	192	0	0	Addition	Normal	Addition
2018-07-16T00:00:00Z	6	D	66	1	34	0	0	NA	NA	NA	NA	NA	NA	NA	NA	NA	NA	NA	NA	NA	NA	NA	NA	NA	NA	NA	NA	NA	NA	NA	NA	NA	NA	NA	NA	NA	NA	0	NA	NA	6D	6D66	197	0	0	Addition	Normal	Addition
2018-07-25T00:00:00Z	6	D	66	1	NA	0	0	NA	NA	NA	NA	NA	NA	NA	NA	NA	NA	NA	NA	NA	NA	NA	NA	NA	NA	NA	NA	NA	NA	NA	NA	NA	NA	NA	NA	NA	NA	NA	NA	NA	6D	6D66	206	0	0	Addition	Normal	Addition
2018-07-31T00:00:00Z	6	D	66	1	NA	2	0	NA	NA	NA	NA	NA	NA	NA	NA	NA	NA	NA	NA	NA	NA	NA	NA	NA	NA	NA	NA	NA	NA	NA	NA	NA	NA	NA	NA	NA	NA	NA	NA	NA	6D	6D66	212	0	2	Addition	Normal	Addition
2018-08-07T00:00:00Z	6	D	66	1	NA	4	1	NA	NA	NA	NA	NA	NA	NA	NA	NA	NA	NA	NA	NA	NA	NA	NA	NA	NA	NA	NA	NA	NA	NA	NA	NA	NA	NA	NA	NA	NA	NA	NA	NA	6D	6D66	219	1	4	Addition	Normal	Addition
2018-08-10T00:00:00Z	6	D	66	1	NA	4	1	NA	NA	NA	NA	NA	NA	NA	NA	NA	NA	NA	NA	NA	NA	NA	NA	NA	NA	NA	NA	NA	NA	NA	NA	NA	NA	NA	NA	NA	NA	0	NA	NA	6D	6D66	222	1	4	Addition	Normal	Addition
2018-08-15T00:00:00Z	6	D	66	1	NA	1	1	0	NA	NA	NA	NA	NA	NA	NA	NA	NA	NA	NA	NA	NA	NA	NA	NA	NA	NA	NA	NA	NA	NA	NA	NA	NA	NA	NA	0	0	0	NA	NA	6D	6D66	227	1	1	Addition	Normal	Addition
2018-07-16T00:00:00Z	1	C	67	1	26	0	0	NA	NA	NA	NA	NA	NA	NA	NA	NA	NA	NA	NA	NA	NA	NA	NA	NA	NA	NA	NA	NA	NA	NA	NA	NA	NA	NA	NA	NA	NA	0	NA	NA	1C	1C67	197	0	0	Control	Normal	Mock rainout
2018-06-15T00:00:00Z	4	A	69	1	NA	1	NA	NA	NA	NA	NA	NA	NA	NA	NA	NA	NA	NA	NA	NA	NA	NA	NA	NA	NA	NA	NA	NA	NA	NA	NA	NA	NA	NA	NA	NA	NA	NA	NA	NA	4A	4A69	166	0	1	Addition	Early	Addition
2018-06-15T00:00:00Z	4	A	69	1	36	6	0	NA	NA	NA	NA	NA	NA	NA	NA	NA	NA	NA	NA	NA	NA	NA	NA	NA	NA	NA	NA	NA	NA	NA	NA	NA	NA	NA	NA	NA	NA	NA	NA	NA	4A	4A69	166	0	6	Addition	Early	Addition
2018-06-18T00:00:00Z	4	A	69	1	36	7	0	NA	NA	NA	NA	NA	NA	NA	NA	NA	NA	NA	NA	NA	NA	NA	NA	NA	NA	NA	NA	NA	NA	NA	NA	NA	NA	NA	NA	NA	NA	NA	NA	NA	4A	4A69	169	0	7	Addition	Early	Addition
2018-06-20T00:00:00Z	4	A	69	1	42	21	1	NA	NA	NA	NA	NA	NA	NA	NA	NA	NA	NA	NA	NA	NA	NA	NA	NA	NA	NA	NA	NA	NA	NA	NA	NA	NA	NA	NA	NA	NA	1	1	NA	4A	4A69	171	1	21	Addition	Early	Addition
2018-06-22T00:00:00Z	4	A	69	1	NA	19	3	NA	NA	NA	NA	NA	NA	NA	NA	NA	NA	NA	NA	NA	NA	NA	NA	NA	NA	NA	NA	NA	NA	NA	NA	NA	NA	NA	NA	NA	NA	NA	NA	NA	4A	4A69	173	3	19	Addition	Early	Addition
2018-06-25T00:00:00Z	4	A	69	1	NA	17	5	NA	NA	NA	NA	NA	NA	NA	NA	NA	NA	NA	NA	NA	NA	NA	NA	NA	NA	NA	NA	NA	NA	NA	NA	NA	NA	NA	NA	NA	NA	NA	NA	NA	4A	4A69	176	5	17	Addition	Early	Addition
2018-06-27T00:00:00Z	4	A	69	1	43	21	6	NA	NA	NA	NA	NA	NA	NA	NA	NA	NA	NA	NA	NA	NA	NA	NA	NA	NA	NA	NA	NA	NA	NA	NA	NA	NA	NA	NA	1	NA	0	0	nectar robbing	4A	4A69	178	6	21	Addition	Early	Addition
2018-06-29T00:00:00Z	4	A	69	1	NA	11	7	5	NA	NA	NA	NA	NA	NA	NA	NA	NA	NA	NA	NA	NA	NA	NA	NA	NA	NA	NA	NA	NA	NA	NA	NA	NA	NA	NA	NA	NA	NA	NA	NA	4A	4A69	180	7	11	Addition	Early	Addition
2018-07-02T00:00:00Z	4	A	69	1	NA	6	5	2	NA	NA	NA	NA	NA	NA	NA	NA	NA	NA	NA	NA	NA	NA	NA	NA	NA	NA	NA	NA	NA	NA	NA	NA	NA	NA	NA	NA	NA	0	NA	NA	4A	4A69	183	5	6	Addition	Early	Addition
2018-07-06T00:00:00Z	4	A	69	1	NA	4	2	2	NA	NA	NA	NA	NA	NA	NA	NA	NA	NA	NA	NA	NA	NA	NA	NA	NA	NA	NA	NA	NA	NA	NA	NA	NA	NA	NA	NA	NA	NA	NA	NA	4A	4A69	187	2	4	Addition	Early	Addition
2018-07-16T00:00:00Z	4	A	69	1	43	0	0	NA	NA	NA	NA	NA	NA	NA	NA	NA	NA	NA	NA	NA	NA	NA	NA	NA	NA	NA	NA	NA	NA	NA	NA	NA	NA	NA	NA	NA	NA	0	NA	NA	4A	4A69	197	0	0	Addition	Early	Addition
2018-07-20T00:00:00Z	4	A	69	1	NA	0	0	NA	NA	NA	NA	NA	NA	NA	NA	NA	NA	NA	NA	NA	NA	NA	NA	NA	NA	NA	NA	NA	NA	NA	NA	NA	NA	NA	NA	NA	0	0	NA	NA	4A	4A69	201	0	0	Addition	Early	Addition
2018-07-25T00:00:00Z	4	A	69	1	NA	0	0	NA	NA	NA	NA	NA	NA	NA	NA	NA	NA	NA	NA	NA	NA	NA	NA	NA	NA	NA	NA	NA	NA	NA	NA	NA	NA	NA	NA	NA	NA	NA	NA	NA	4A	4A69	206	0	0	Addition	Early	Addition
2018-06-15T00:00:00Z	4	A	70	1	14	8	0	NA	NA	NA	NA	NA	NA	NA	NA	NA	NA	NA	NA	NA	NA	NA	NA	NA	NA	NA	NA	NA	NA	NA	NA	NA	NA	NA	NA	NA	NA	NA	NA	NA	4A	4A70	166	0	8	Addition	Early	Addition
2018-06-15T00:00:00Z	4	A	75	1	NA	1	NA	NA	NA	NA	NA	NA	NA	NA	NA	NA	NA	NA	NA	NA	NA	NA	NA	NA	NA	NA	NA	NA	NA	NA	NA	NA	NA	NA	NA	NA	NA	NA	NA	NA	4A	4A75	166	0	1	Addition	Early	Addition
2018-06-15T00:00:00Z	4	A	75	1	29	1	0	NA	NA	NA	NA	NA	NA	NA	NA	NA	NA	NA	NA	NA	NA	NA	NA	NA	NA	NA	NA	NA	NA	NA	NA	NA	NA	NA	NA	NA	NA	NA	NA	NA	4A	4A75	166	0	1	Addition	Early	Addition
2018-06-20T00:00:00Z	4	A	75	1	32	11	0	NA	NA	NA	NA	NA	NA	NA	NA	NA	NA	NA	NA	NA	NA	NA	NA	NA	NA	NA	NA	NA	NA	NA	NA	NA	NA	NA	NA	NA	NA	0	0	NA	4A	4A75	171	0	11	Addition	Early	Addition
2018-06-22T00:00:00Z	4	A	75	1	NA	5	1	NA	NA	NA	NA	NA	NA	NA	NA	NA	NA	NA	NA	NA	NA	NA	NA	NA	NA	NA	NA	NA	NA	NA	NA	NA	NA	NA	NA	NA	NA	NA	NA	NA	4A	4A75	173	1	5	Addition	Early	Addition
2018-06-25T00:00:00Z	4	A	75	1	NA	4	2	NA	NA	NA	NA	NA	NA	NA	NA	NA	NA	NA	NA	NA	NA	NA	NA	NA	NA	NA	NA	NA	NA	NA	NA	NA	NA	NA	NA	NA	NA	NA	NA	NA	4A	4A75	176	2	4	Addition	Early	Addition
2018-06-27T00:00:00Z	4	A	75	1	38	7	2	NA	NA	NA	NA	NA	NA	NA	NA	NA	NA	NA	NA	NA	NA	NA	NA	NA	NA	NA	NA	NA	NA	NA	NA	NA	NA	NA	NA	NA	NA	0	0	NA	4A	4A75	178	2	7	Addition	Early	Addition
2018-06-29T00:00:00Z	4	A	75	1	NA	8	3	2	NA	NA	NA	NA	NA	NA	NA	NA	NA	NA	NA	NA	NA	NA	NA	NA	NA	NA	NA	NA	NA	NA	NA	NA	NA	NA	NA	NA	NA	NA	NA	NA	4A	4A75	180	3	8	Addition	Early	Addition
2018-07-02T00:00:00Z	4	A	75	1	NA	6	4	2	NA	NA	NA	NA	NA	NA	NA	NA	NA	NA	NA	NA	NA	NA	NA	NA	NA	NA	NA	NA	NA	NA	NA	NA	NA	NA	NA	NA	NA	1	1	NA	4A	4A75	183	4	6	Addition	Early	Addition
2018-07-06T00:00:00Z	4	A	75	1	NA	6	2	2	NA	NA	NA	NA	NA	NA	NA	NA	NA	NA	NA	NA	NA	NA	NA	NA	NA	NA	NA	NA	NA	NA	NA	NA	NA	NA	NA	NA	NA	NA	NA	NA	4A	4A75	187	2	6	Addition	Early	Addition
2018-07-11T00:00:00Z	4	A	75	1	NA	1	3	3	NA	NA	NA	NA	NA	NA	NA	NA	NA	NA	NA	NA	NA	NA	NA	NA	NA	NA	NA	NA	NA	NA	NA	NA	NA	NA	NA	NA	NA	NA	NA	NA	4A	4A75	192	3	1	Addition	Early	Addition
2018-07-16T00:00:00Z	4	A	75	1	39	0	0	NA	NA	NA	NA	NA	NA	NA	NA	NA	NA	NA	NA	NA	NA	NA	NA	NA	NA	NA	NA	NA	NA	NA	NA	NA	NA	NA	NA	NA	NA	0	NA	NA	4A	4A75	197	0	0	Addition	Early	Addition
2018-07-20T00:00:00Z	4	A	75	1	NA	0	0	NA	NA	NA	NA	NA	NA	NA	NA	NA	NA	NA	NA	NA	NA	NA	NA	NA	NA	NA	NA	NA	NA	NA	NA	NA	NA	NA	NA	NA	0	0	NA	NA	4A	4A75	201	0	0	Addition	Early	Addition
2018-07-25T00:00:00Z	4	A	75	1	NA	0	0	NA	NA	NA	NA	NA	NA	NA	NA	NA	NA	NA	NA	NA	NA	NA	NA	NA	NA	NA	NA	NA	NA	NA	NA	NA	NA	NA	NA	NA	NA	NA	NA	NA	4A	4A75	206	0	0	Addition	Early	Addition
2018-06-10T00:00:00Z	4	A	76	NA	NA	3	0	NA	NA	NA	NA	NA	NA	NA	NA	NA	NA	NA	NA	NA	NA	NA	NA	NA	NA	NA	NA	NA	NA	NA	NA	NA	NA	NA	NA	NA	NA	NA	NA	NA	4A	4A76	161	0	3	Addition	Early	Addition
2018-06-15T00:00:00Z	4	A	76	1	NA	4	NA	NA	NA	NA	NA	NA	NA	NA	NA	NA	NA	NA	NA	NA	NA	NA	NA	NA	NA	NA	NA	NA	NA	NA	NA	NA	NA	NA	NA	NA	NA	NA	NA	NA	4A	4A76	166	0	4	Addition	Early	Addition
2018-06-18T00:00:00Z	4	A	76	1	15	5	2	NA	NA	NA	NA	NA	NA	NA	NA	NA	NA	NA	NA	NA	NA	NA	NA	NA	NA	NA	NA	NA	NA	NA	NA	NA	NA	NA	NA	NA	NA	NA	NA	NA	4A	4A76	169	2	5	Addition	Early	Addition
2018-06-20T00:00:00Z	4	A	76	1	16	13	2	NA	NA	NA	NA	NA	NA	NA	NA	NA	NA	NA	NA	NA	NA	NA	NA	NA	NA	NA	NA	NA	NA	NA	NA	NA	NA	NA	NA	NA	NA	0	0	NA	4A	4A76	171	2	13	Addition	Early	Addition
2018-06-22T00:00:00Z	4	A	76	1	NA	9	2	NA	NA	NA	NA	NA	NA	NA	NA	NA	NA	NA	NA	NA	NA	NA	NA	NA	NA	NA	NA	NA	NA	NA	NA	NA	NA	NA	NA	NA	NA	NA	NA	NA	4A	4A76	173	2	9	Addition	Early	Addition
2018-06-25T00:00:00Z	4	A	76	1	NA	6	4	NA	NA	NA	NA	NA	NA	NA	NA	NA	NA	NA	NA	NA	NA	NA	NA	NA	NA	NA	NA	NA	NA	NA	NA	NA	NA	NA	NA	NA	NA	NA	NA	NA	4A	4A76	176	4	6	Addition	Early	Addition
2018-06-27T00:00:00Z	4	A	76	1	18	8	3	NA	NA	NA	NA	NA	NA	NA	NA	NA	NA	NA	NA	NA	NA	NA	NA	NA	NA	NA	NA	NA	NA	NA	NA	NA	NA	NA	NA	NA	NA	0	0	NA	4A	4A76	178	3	8	Addition	Early	Addition
2018-06-29T00:00:00Z	4	A	76	1	NA	4	5	5	NA	NA	NA	NA	NA	NA	NA	NA	NA	NA	NA	NA	NA	NA	NA	NA	NA	NA	NA	NA	NA	NA	NA	NA	NA	NA	NA	NA	NA	NA	NA	NA	4A	4A76	180	5	4	Addition	Early	Addition
2018-07-02T00:00:00Z	4	A	76	1	NA	1	3	1	NA	NA	NA	NA	NA	NA	NA	NA	NA	NA	NA	NA	NA	NA	NA	NA	NA	NA	NA	NA	NA	NA	NA	NA	NA	NA	NA	NA	NA	0	NA	NA	4A	4A76	183	3	1	Addition	Early	Addition
2018-07-06T00:00:00Z	4	A	76	1	NA	1	1	NA	NA	NA	NA	NA	NA	NA	NA	NA	NA	NA	NA	NA	NA	NA	NA	NA	NA	NA	NA	NA	NA	NA	NA	NA	NA	NA	NA	NA	NA	NA	NA	NA	4A	4A76	187	1	1	Addition	Early	Addition
2018-07-20T00:00:00Z	4	A	76	1	NA	0	0	NA	NA	NA	NA	NA	NA	NA	NA	NA	NA	NA	NA	NA	NA	NA	NA	NA	NA	NA	NA	NA	NA	NA	NA	NA	NA	NA	NA	NA	0	0	NA	NA	4A	4A76	201	0	0	Addition	Early	Addition
2018-07-25T00:00:00Z	4	A	76	1	NA	0	0	NA	NA	NA	NA	NA	NA	NA	NA	NA	NA	NA	NA	NA	NA	NA	NA	NA	NA	NA	NA	NA	NA	NA	NA	NA	NA	NA	NA	NA	NA	NA	NA	NA	4A	4A76	206	0	0	Addition	Early	Addition
2018-08-10T00:00:00Z	4	A	76	1	NA	5	1	NA	NA	NA	NA	NA	NA	NA	NA	NA	NA	NA	NA	NA	NA	NA	NA	NA	NA	NA	NA	NA	NA	NA	NA	NA	NA	NA	NA	NA	NA	0	NA	NA	4A	4A76	222	1	5	Addition	Early	Addition
2018-08-15T00:00:00Z	4	A	76	1	NA	1	3	0	NA	NA	NA	NA	NA	NA	NA	NA	NA	NA	NA	NA	NA	NA	NA	NA	NA	NA	NA	NA	NA	NA	NA	NA	NA	NA	NA	0	0	1	NA	NA	4A	4A76	227	3	1	Addition	Early	Addition
2018-06-15T00:00:00Z	6	C	78	1	26	6	NA	NA	NA	NA	NA	NA	NA	NA	NA	NA	NA	NA	NA	NA	NA	NA	NA	NA	NA	NA	NA	NA	NA	NA	NA	NA	NA	NA	NA	NA	NA	NA	NA	NA	6C	6C78	166	0	6	Control	Normal	Mock rainout
2018-06-20T00:00:00Z	6	C	78	1	31	33	0	NA	NA	NA	NA	NA	NA	NA	NA	NA	NA	NA	NA	NA	NA	NA	NA	NA	NA	NA	NA	NA	NA	NA	NA	NA	NA	NA	NA	NA	NA	0	NA	NA	6C	6C78	171	0	33	Control	Normal	Mock rainout
2018-06-22T00:00:00Z	6	C	78	1	NA	26	1	NA	NA	NA	NA	NA	NA	NA	NA	NA	NA	NA	NA	NA	NA	NA	NA	NA	NA	NA	NA	NA	NA	NA	NA	NA	NA	NA	NA	NA	NA	NA	NA	NA	6C	6C78	173	1	26	Control	Normal	Mock rainout
2018-06-25T00:00:00Z	6	C	78	1	NA	23	7	NA	NA	NA	NA	NA	NA	NA	NA	NA	NA	NA	NA	NA	NA	NA	NA	NA	NA	NA	NA	NA	NA	NA	NA	NA	NA	NA	NA	NA	NA	NA	NA	NA	6C	6C78	176	7	23	Control	Normal	Mock rainout
2018-06-27T00:00:00Z	6	C	78	1	36	41	8	NA	NA	NA	NA	NA	NA	NA	NA	NA	NA	NA	NA	NA	NA	NA	NA	NA	NA	NA	NA	NA	NA	NA	NA	NA	NA	NA	NA	NA	NA	2	2	nectar robbing	6C	6C78	178	8	41	Control	Normal	Mock rainout
2018-06-29T00:00:00Z	6	C	78	1	NA	25	6	3	NA	NA	NA	NA	NA	NA	NA	NA	NA	NA	NA	NA	NA	NA	NA	NA	NA	NA	NA	NA	NA	NA	NA	NA	NA	NA	NA	NA	NA	NA	NA	NA	6C	6C78	180	6	25	Control	Normal	Mock rainout
2018-07-05T00:00:00Z	6	C	78	1	NA	6	8	0	NA	NA	NA	NA	NA	NA	NA	NA	NA	NA	NA	NA	NA	NA	NA	NA	NA	NA	NA	NA	NA	NA	NA	NA	NA	NA	NA	NA	NA	0	NA	NA	6C	6C78	186	8	6	Control	Normal	Mock rainout
2018-07-11T00:00:00Z	6	C	78	1	NA	2	1	0	NA	NA	NA	NA	NA	NA	NA	NA	NA	NA	NA	NA	NA	NA	NA	NA	NA	NA	NA	NA	NA	NA	NA	NA	NA	NA	NA	NA	NA	0	NA	NA	6C	6C78	192	1	2	Control	Normal	Mock rainout
2018-07-16T00:00:00Z	6	C	78	1	36	0	0	NA	NA	NA	NA	NA	NA	NA	NA	NA	NA	NA	NA	NA	NA	NA	NA	NA	NA	NA	NA	NA	NA	NA	NA	NA	NA	NA	NA	NA	NA	0	NA	NA	6C	6C78	197	0	0	Control	Normal	Mock rainout
2018-07-20T00:00:00Z	6	C	78	1	NA	0	0	NA	NA	NA	NA	NA	NA	NA	NA	NA	NA	NA	NA	NA	NA	NA	NA	NA	NA	NA	NA	NA	NA	NA	NA	NA	NA	NA	NA	NA	0	0	NA	NA	6C	6C78	201	0	0	Control	Normal	Mock rainout
2018-07-25T00:00:00Z	6	C	78	1	NA	0	0	NA	NA	NA	NA	NA	NA	NA	NA	NA	NA	NA	NA	NA	NA	NA	NA	NA	NA	NA	NA	NA	NA	NA	NA	NA	NA	NA	NA	NA	NA	NA	NA	NA	6C	6C78	206	0	0	Control	Normal	Mock rainout
2018-07-16T00:00:00Z	4	A	79	1	17	1	2	NA	NA	NA	NA	NA	NA	NA	NA	NA	NA	NA	NA	NA	NA	NA	NA	NA	NA	NA	NA	NA	NA	NA	NA	NA	NA	NA	NA	NA	NA	0	NA	NA	4A	4A79	197	2	1	Addition	Early	Addition
2018-06-20T00:00:00Z	6	C	82	1	17	3	0	NA	NA	NA	NA	NA	NA	NA	NA	NA	NA	NA	NA	NA	NA	NA	NA	NA	NA	NA	NA	NA	NA	NA	NA	NA	NA	NA	NA	NA	NA	0	NA	NA	6C	6C82	171	0	3	Control	Normal	Mock rainout
2018-06-22T00:00:00Z	6	C	82	1	NA	7	0	NA	NA	NA	NA	NA	NA	NA	NA	NA	NA	NA	NA	NA	NA	NA	NA	NA	NA	NA	NA	NA	NA	NA	NA	NA	NA	NA	NA	NA	NA	NA	NA	NA	6C	6C82	173	0	7	Control	Normal	Mock rainout
2018-06-25T00:00:00Z	6	C	82	1	NA	9	1	NA	NA	NA	NA	NA	NA	NA	NA	NA	NA	NA	NA	NA	NA	NA	NA	NA	NA	NA	NA	NA	NA	NA	NA	NA	NA	NA	NA	NA	NA	NA	NA	NA	6C	6C82	176	1	9	Control	Normal	Mock rainout
2018-06-27T00:00:00Z	6	C	82	1	23	11	1	NA	NA	NA	NA	NA	NA	NA	NA	NA	NA	NA	NA	NA	NA	NA	NA	NA	NA	NA	NA	NA	NA	NA	NA	NA	NA	NA	NA	NA	NA	NA	NA	NA	6C	6C82	178	1	11	Control	Normal	Mock rainout
2018-06-29T00:00:00Z	6	C	82	1	NA	8	4	0	NA	NA	NA	NA	NA	NA	NA	NA	NA	NA	NA	NA	NA	NA	NA	NA	NA	NA	NA	NA	NA	NA	NA	NA	NA	NA	NA	NA	NA	NA	NA	NA	6C	6C82	180	4	8	Control	Normal	Mock rainout
2018-07-05T00:00:00Z	6	C	82	1	NA	6	4	4	NA	NA	NA	NA	NA	NA	NA	NA	NA	NA	NA	NA	NA	NA	NA	NA	NA	NA	NA	NA	NA	NA	NA	NA	NA	NA	NA	NA	NA	1	NA	NA	6C	6C82	186	4	6	Control	Normal	Mock rainout
2018-07-11T00:00:00Z	6	C	82	1	NA	6	1	1	NA	NA	NA	NA	NA	NA	NA	NA	NA	NA	NA	NA	NA	NA	NA	NA	NA	NA	NA	NA	NA	NA	NA	NA	NA	NA	NA	NA	NA	0	NA	NA	6C	6C82	192	1	6	Control	Normal	Mock rainout
2018-07-16T00:00:00Z	6	C	82	1	26	2	1	NA	NA	NA	NA	NA	NA	NA	NA	NA	NA	NA	NA	NA	NA	NA	NA	NA	NA	NA	NA	NA	NA	NA	NA	NA	NA	NA	NA	NA	NA	0	NA	NA	6C	6C82	197	1	2	Control	Normal	Mock rainout
2018-07-20T00:00:00Z	6	C	82	1	NA	1	0	NA	NA	NA	NA	NA	NA	NA	NA	NA	NA	NA	NA	NA	NA	NA	NA	NA	NA	NA	NA	NA	NA	NA	NA	NA	NA	NA	NA	NA	0	0	NA	NA	6C	6C82	201	0	1	Control	Normal	Mock rainout
2018-07-25T00:00:00Z	6	C	82	1	NA	1	0	NA	NA	NA	NA	NA	NA	NA	NA	NA	NA	NA	NA	NA	NA	NA	NA	NA	NA	NA	NA	NA	NA	NA	NA	NA	NA	NA	NA	NA	NA	NA	NA	NA	6C	6C82	206	0	1	Control	Normal	Mock rainout
2018-07-31T00:00:00Z	6	C	82	1	NA	0	1	0	NA	NA	NA	NA	NA	NA	NA	NA	NA	NA	NA	NA	NA	NA	NA	NA	NA	NA	NA	NA	NA	NA	NA	NA	NA	NA	NA	NA	NA	0	NA	NA	6C	6C82	212	1	0	Control	Normal	Mock rainout
2018-06-10T00:00:00Z	4	A	83	NA	NA	9	1	NA	NA	NA	NA	NA	NA	NA	NA	NA	NA	NA	NA	NA	NA	NA	NA	NA	NA	NA	NA	NA	NA	NA	NA	NA	NA	NA	NA	NA	3	NA	NA	flies-3	4A	4A83	161	1	9	Addition	Early	Addition
2018-06-15T00:00:00Z	4	A	83	1	NA	18	5	NA	NA	NA	NA	NA	NA	NA	NA	NA	NA	NA	NA	NA	NA	NA	NA	NA	NA	NA	NA	NA	NA	NA	NA	NA	NA	NA	NA	NA	NA	NA	NA	2 have darker regions	4A	4A83	166	5	18	Addition	Early	Addition
2018-06-15T00:00:00Z	4	A	83	1	34	29	13	NA	NA	NA	NA	NA	NA	NA	NA	NA	NA	NA	NA	NA	NA	NA	NA	NA	NA	NA	NA	NA	NA	NA	NA	NA	NA	NA	NA	NA	NA	NA	NA	NA	4A	4A83	166	13	29	Addition	Early	Addition
2018-06-18T00:00:00Z	4	A	83	1	31	3	6	NA	NA	NA	NA	NA	NA	NA	NA	NA	NA	NA	NA	NA	NA	NA	NA	NA	NA	NA	NA	NA	NA	NA	NA	NA	NA	NA	NA	NA	NA	NA	NA	NA	4A	4A83	169	6	3	Addition	Early	Addition
2018-06-20T00:00:00Z	4	A	83	1	33	16	9	NA	NA	NA	NA	NA	NA	NA	NA	NA	NA	NA	NA	NA	NA	NA	NA	NA	NA	NA	NA	NA	NA	NA	NA	NA	NA	NA	NA	NA	NA	NA	1	NA	4A	4A83	171	9	16	Addition	Early	Addition
2018-06-22T00:00:00Z	4	A	83	1	NA	3	7	NA	NA	NA	NA	NA	NA	NA	NA	NA	NA	NA	NA	NA	NA	NA	NA	NA	NA	NA	NA	NA	NA	NA	NA	NA	NA	NA	NA	NA	NA	NA	NA	NA	4A	4A83	173	7	3	Addition	Early	Addition
2018-06-25T00:00:00Z	4	A	83	1	NA	5	0	NA	NA	NA	NA	NA	NA	NA	NA	NA	NA	NA	NA	NA	NA	NA	NA	NA	NA	NA	NA	NA	NA	NA	NA	NA	NA	NA	NA	NA	NA	NA	NA	NA	4A	4A83	176	0	5	Addition	Early	Addition
2018-06-27T00:00:00Z	4	A	83	1	13	3	3	NA	NA	NA	NA	NA	NA	NA	NA	NA	NA	NA	NA	NA	NA	NA	NA	NA	NA	NA	NA	NA	NA	NA	NA	NA	NA	NA	NA	NA	NA	0	0	NA	4A	4A83	178	3	3	Addition	Early	Addition
2018-07-06T00:00:00Z	4	A	83	1	NA	0	0	NA	NA	NA	NA	NA	NA	NA	NA	NA	NA	NA	NA	NA	NA	NA	NA	NA	NA	NA	NA	NA	NA	NA	NA	NA	NA	NA	NA	NA	NA	NA	NA	NA	4A	4A83	187	0	0	Addition	Early	Addition
2018-07-11T00:00:00Z	4	A	83	1	NA	0	0	NA	NA	NA	NA	NA	NA	NA	NA	NA	NA	NA	NA	NA	NA	NA	NA	NA	NA	NA	NA	NA	NA	NA	NA	NA	NA	NA	NA	NA	NA	NA	NA	NA	4A	4A83	192	0	0	Addition	Early	Addition
2018-07-16T00:00:00Z	4	A	83	1	32.5	0	0	NA	NA	NA	NA	NA	NA	NA	NA	NA	NA	NA	NA	NA	NA	NA	NA	NA	NA	NA	NA	NA	NA	NA	NA	NA	NA	NA	NA	NA	NA	0	NA	NA	4A	4A83	197	0	0	Addition	Early	Addition
2018-07-20T00:00:00Z	4	A	83	1	NA	1	0	NA	NA	NA	NA	NA	NA	NA	NA	NA	NA	NA	NA	NA	NA	NA	NA	NA	NA	NA	NA	NA	NA	NA	NA	NA	NA	NA	NA	NA	0	0	NA	NA	4A	4A83	201	0	1	Addition	Early	Addition
2018-07-25T00:00:00Z	4	A	83	1	NA	1	1	NA	NA	NA	NA	NA	NA	NA	NA	NA	NA	NA	NA	NA	NA	NA	NA	NA	NA	NA	NA	NA	NA	NA	NA	NA	NA	NA	NA	NA	NA	NA	NA	NA	4A	4A83	206	1	1	Addition	Early	Addition
2018-06-10T00:00:00Z	2	B	87	NA	NA	3	0	NA	NA	NA	NA	NA	NA	NA	NA	NA	NA	NA	NA	NA	NA	NA	NA	NA	NA	NA	NA	NA	NA	NA	NA	NA	NA	NA	NA	NA	NA	NA	NA	NA	2B	2B87	161	0	3	Control	Early	Mock rainout
2018-06-15T00:00:00Z	2	B	87	2	NA	5	0	NA	0	0	NA	NA	NA	NA	NA	NA	NA	NA	NA	NA	NA	NA	NA	NA	NA	NA	NA	NA	NA	NA	NA	NA	NA	NA	NA	NA	NA	NA	NA	1 in open	2B	2B87	166	0	5	Control	Early	Mock rainout
2018-06-22T00:00:00Z	2	B	87	1	NA	9	6	NA	NA	NA	NA	NA	NA	NA	NA	NA	NA	NA	NA	NA	NA	NA	NA	NA	NA	NA	NA	NA	NA	NA	NA	NA	NA	NA	NA	NA	NA	NA	NA	NA	2B	2B87	173	6	9	Control	Early	Mock rainout
2018-06-22T00:00:00Z	6	C	87	2	NA	2	0	NA	NA	NA	NA	NA	NA	NA	NA	NA	NA	NA	NA	NA	NA	NA	NA	NA	NA	NA	NA	NA	NA	NA	NA	NA	NA	NA	NA	NA	NA	NA	NA	NA	6C	6C87	173	0	2	Control	Normal	Mock rainout
2018-06-25T00:00:00Z	6	C	87	2	NA	1	0	NA	0	0	NA	NA	NA	NA	NA	NA	NA	NA	NA	NA	NA	NA	NA	NA	NA	NA	NA	NA	NA	NA	NA	NA	NA	NA	NA	NA	NA	NA	NA	NA	6C	6C87	176	0	1	Control	Normal	Mock rainout
2018-06-27T00:00:00Z	6	C	87	2	21	2	0	NA	10	1	NA	NA	NA	NA	NA	NA	NA	NA	NA	NA	NA	NA	NA	NA	NA	NA	NA	NA	NA	NA	NA	NA	NA	NA	NA	NA	NA	NA	NA	NA	6C	6C87	178	1	12	Control	Normal	Mock rainout
2018-06-29T00:00:00Z	6	C	87	3	NA	13	1	0	0	0	0	1	0	0	NA	NA	NA	NA	NA	NA	NA	NA	NA	NA	NA	NA	NA	NA	NA	NA	NA	NA	NA	NA	NA	NA	NA	NA	NA	NA	6C	6C87	180	1	14	Control	Normal	Mock rainout
2018-07-05T00:00:00Z	6	C	87	2	NA	13	2	1	10	4	4	NA	NA	NA	NA	NA	NA	NA	NA	NA	NA	NA	NA	NA	NA	NA	NA	NA	NA	NA	NA	NA	NA	NA	NA	NA	NA	1	NA	NA	6C	6C87	186	6	23	Control	Normal	Mock rainout
2018-07-11T00:00:00Z	6	C	87	2	NA	3	3	3	2	8	8	NA	NA	NA	NA	NA	NA	NA	NA	NA	NA	NA	NA	NA	NA	NA	NA	NA	NA	NA	NA	NA	NA	NA	NA	NA	NA	0	NA	NA	6C	6C87	192	11	5	Control	Normal	Mock rainout
2018-07-16T00:00:00Z	6	C	87	2	33.5	4	0	NA	1	1	1	NA	NA	NA	NA	NA	NA	NA	NA	NA	NA	NA	NA	NA	NA	NA	NA	NA	NA	NA	NA	NA	NA	NA	NA	NA	NA	1	1	NA	6C	6C87	197	1	5	Control	Normal	Mock rainout
2018-07-20T00:00:00Z	6	C	87	2	NA	5	0	NA	0	0	NA	NA	NA	NA	NA	NA	NA	NA	NA	NA	NA	NA	NA	NA	NA	NA	NA	NA	NA	NA	NA	NA	NA	NA	NA	NA	NA	NA	NA	NA	6C	6C87	201	0	5	Control	Normal	Mock rainout
2018-07-25T00:00:00Z	6	C	87	2	NA	1	0	NA	0	0	NA	NA	NA	NA	NA	NA	NA	NA	NA	NA	NA	NA	NA	NA	NA	NA	NA	NA	NA	NA	NA	NA	NA	NA	NA	NA	NA	NA	NA	NA	6C	6C87	206	0	1	Control	Normal	Mock rainout
2018-07-31T00:00:00Z	6	C	87	2	NA	0	1	0	NA	NA	NA	NA	NA	NA	NA	NA	NA	NA	NA	NA	NA	NA	NA	NA	NA	NA	NA	NA	NA	NA	NA	NA	NA	NA	NA	NA	NA	0	NA	NA	6C	6C87	212	1	0	Control	Normal	Mock rainout
2018-06-10T00:00:00Z	2	C	89	NA	NA	9	1	NA	NA	NA	NA	NA	NA	NA	NA	NA	NA	NA	NA	NA	NA	NA	NA	NA	NA	NA	NA	NA	NA	NA	NA	NA	NA	NA	NA	NA	NA	NA	NA	flies since Wed.	2C	2C89	161	1	9	Reduction	Early	Reduction
2018-06-15T00:00:00Z	2	C	89	1	40	18	7	NA	NA	NA	NA	NA	NA	NA	NA	NA	NA	NA	NA	NA	NA	NA	NA	NA	NA	NA	NA	NA	NA	NA	NA	NA	NA	NA	NA	NA	1	NA	NA	1 fly, 3 eggs, 2 buds damaged, fallen off, 1 black on corrolla tube, 5 flowers damaged	2C	2C89	166	7	18	Reduction	Early	Reduction
2018-06-15T00:00:00Z	2	C	89	1	NA	22	0	NA	NA	NA	NA	NA	NA	NA	NA	NA	NA	NA	NA	NA	NA	NA	NA	NA	NA	NA	NA	NA	NA	NA	NA	NA	NA	NA	NA	NA	NA	NA	NA	NA	2C	2C89	166	0	22	Reduction	Early	Reduction
2018-06-18T00:00:00Z	2	C	89	1	38	13	10	NA	NA	NA	NA	NA	NA	NA	NA	NA	NA	NA	NA	NA	NA	NA	NA	NA	NA	NA	NA	NA	NA	NA	NA	NA	NA	NA	NA	1	NA	NA	NA	NA	2C	2C89	169	10	13	Reduction	Early	Reduction
2018-06-20T00:00:00Z	2	C	89	1	19.5	7	11	NA	NA	NA	NA	NA	NA	NA	NA	NA	NA	NA	NA	NA	NA	NA	NA	NA	NA	NA	NA	NA	NA	NA	NA	NA	NA	NA	NA	NA	NA	0	NA	NA	2C	2C89	171	11	7	Reduction	Early	Reduction
2018-06-22T00:00:00Z	2	C	89	1	NA	3	6	NA	NA	NA	NA	NA	NA	NA	NA	NA	NA	NA	NA	NA	NA	NA	NA	NA	NA	NA	NA	NA	NA	NA	NA	NA	NA	NA	NA	NA	NA	NA	NA	NA	2C	2C89	173	6	3	Reduction	Early	Reduction
2018-06-25T00:00:00Z	2	C	89	1	NA	7	3	NA	NA	NA	NA	NA	NA	NA	NA	NA	NA	NA	NA	NA	NA	NA	NA	NA	NA	NA	NA	NA	NA	NA	NA	NA	NA	NA	NA	NA	NA	NA	NA	NA	2C	2C89	176	3	7	Reduction	Early	Reduction
2018-07-03T00:00:00Z	2	C	89	1	NA	0	1	1	NA	NA	NA	NA	NA	NA	NA	NA	NA	NA	NA	NA	NA	NA	NA	NA	NA	NA	NA	NA	NA	NA	NA	NA	NA	NA	NA	0	NA	0	NA	NA	2C	2C89	184	1	0	Reduction	Early	Reduction
2018-07-09T00:00:00Z	2	C	89	1	NA	0	0	0	NA	NA	NA	NA	NA	NA	NA	NA	NA	NA	NA	NA	NA	NA	NA	NA	NA	NA	NA	NA	NA	NA	NA	NA	NA	NA	NA	NA	NA	NA	NA	NA	2C	2C89	190	0	0	Reduction	Early	Reduction
2018-07-16T00:00:00Z	2	C	89	1	38	0	0	NA	NA	NA	NA	NA	NA	NA	NA	NA	NA	NA	NA	NA	NA	NA	NA	NA	NA	NA	NA	NA	NA	NA	NA	NA	NA	NA	NA	NA	NA	0	NA	NA	2C	2C89	197	0	0	Reduction	Early	Reduction
2018-07-20T00:00:00Z	2	C	89	1	NA	0	0	0	NA	NA	NA	NA	NA	NA	NA	NA	NA	NA	NA	NA	NA	NA	NA	NA	NA	NA	NA	NA	NA	NA	NA	NA	NA	NA	NA	NA	0	0	NA	NA	2C	2C89	201	0	0	Reduction	Early	Reduction
2018-06-29T00:00:00Z	2	C	89	1	NA	7	4	3	NA	NA	NA	NA	NA	NA	NA	NA	NA	NA	NA	NA	NA	NA	NA	NA	NA	NA	NA	NA	NA	NA	NA	NA	NA	NA	NA	NA	NA	NA	NA	NA	2C	2C89	180	4	7	Reduction	Early	Reduction
2018-06-27T00:00:00Z	2	C	89	1	37.5	5	3	NA	NA	NA	NA	NA	NA	NA	NA	NA	NA	NA	NA	NA	NA	NA	NA	NA	NA	NA	NA	NA	NA	NA	NA	NA	NA	NA	NA	NA	NA	0	NA	NR	2C	2C89	178	3	5	Reduction	Early	Reduction
2018-06-20T00:00:00Z	6	C	89	1	10	7	0	NA	NA	NA	NA	NA	NA	NA	NA	NA	NA	NA	NA	NA	NA	NA	NA	NA	NA	NA	NA	NA	NA	NA	NA	NA	NA	NA	NA	NA	NA	NA	NA	NA	6C	6C89	171	0	7	Control	Normal	Mock rainout
2018-06-22T00:00:00Z	6	C	89	1	NA	0	0	NA	NA	NA	NA	NA	NA	NA	NA	NA	NA	NA	NA	NA	NA	NA	NA	NA	NA	NA	NA	NA	NA	NA	NA	NA	NA	NA	NA	NA	NA	NA	NA	broken	6C	6C89	173	0	0	Control	Normal	Mock rainout
2018-06-15T00:00:00Z	2	C	90	1	35.5	5	0	NA	NA	NA	NA	NA	NA	NA	NA	NA	NA	NA	NA	NA	NA	NA	NA	NA	NA	NA	NA	NA	NA	NA	NA	NA	NA	NA	NA	NA	NA	NA	NA	NA	2C	2C90	166	0	5	Reduction	Early	Reduction
2018-06-18T00:00:00Z	2	C	90	1	28	8	3	NA	NA	NA	NA	NA	NA	NA	NA	NA	NA	NA	NA	NA	NA	NA	NA	NA	NA	NA	NA	NA	NA	NA	NA	NA	NA	NA	NA	NA	NA	NA	NA	stem flopped	2C	2C90	169	3	8	Reduction	Early	Reduction
2018-06-20T00:00:00Z	2	C	90	1	28	9	4	NA	NA	NA	NA	NA	NA	NA	NA	NA	NA	NA	NA	NA	NA	NA	NA	NA	NA	NA	NA	NA	NA	NA	NA	NA	NA	NA	NA	NA	NA	2	2	stalk flopped	2C	2C90	171	4	9	Reduction	Early	Reduction
2018-06-22T00:00:00Z	2	C	90	1	NA	7	4	NA	NA	NA	NA	NA	NA	NA	NA	NA	NA	NA	NA	NA	NA	NA	NA	NA	NA	NA	NA	NA	NA	NA	NA	NA	NA	NA	NA	NA	NA	NA	NA	NA	2C	2C90	173	4	7	Reduction	Early	Reduction
2018-06-25T00:00:00Z	2	C	90	1	NA	11	8	NA	NA	NA	NA	NA	NA	NA	NA	NA	NA	NA	NA	NA	NA	NA	NA	NA	NA	NA	NA	NA	NA	NA	NA	NA	NA	NA	NA	NA	NA	NA	NA	NA	2C	2C90	176	8	11	Reduction	Early	Reduction
2018-07-03T00:00:00Z	2	C	90	1	NA	12	0	0	NA	NA	NA	NA	NA	NA	NA	NA	NA	NA	NA	NA	NA	NA	NA	NA	NA	NA	NA	NA	NA	NA	NA	NA	NA	NA	NA	0	NA	NA	NA	SF	2C	2C90	184	0	12	Reduction	Early	Reduction
2018-07-09T00:00:00Z	2	C	90	1	NA	10	5	5	NA	NA	NA	NA	NA	NA	NA	NA	NA	NA	NA	NA	NA	NA	NA	NA	NA	NA	NA	NA	NA	NA	NA	NA	NA	NA	NA	NA	NA	2	2	NA	2C	2C90	190	5	10	Reduction	Early	Reduction
2018-07-16T00:00:00Z	2	C	90	1	34	3	6	0	0	0	0	NA	NA	NA	NA	NA	NA	NA	NA	NA	NA	NA	NA	NA	NA	NA	NA	NA	NA	NA	NA	NA	NA	NA	NA	NA	NA	2	1	NA	2C	2C90	197	6	3	Reduction	Early	Reduction
2018-07-20T00:00:00Z	2	C	90	1	NA	0	0	NA	NA	NA	NA	NA	NA	NA	NA	NA	NA	NA	NA	NA	NA	NA	NA	NA	NA	NA	NA	NA	NA	NA	NA	NA	NA	NA	NA	NA	NA	NA	NA	NA	2C	2C90	201	0	0	Reduction	Early	Reduction
2018-07-20T00:00:00Z	2	C	90	1	NA	2	2	0	NA	NA	NA	NA	NA	NA	NA	NA	NA	NA	NA	NA	NA	NA	NA	NA	NA	NA	NA	NA	NA	NA	NA	NA	NA	NA	NA	NA	0	1	1	NA	2C	2C90	201	2	2	Reduction	Early	Reduction
2018-06-29T00:00:00Z	2	C	90	1	NA	21	6	3	NA	NA	NA	NA	NA	NA	NA	NA	NA	NA	NA	NA	NA	NA	NA	NA	NA	NA	NA	NA	NA	NA	NA	NA	NA	NA	NA	NA	NA	NA	NA	NA	2C	2C90	180	6	21	Reduction	Early	Reduction
2018-06-27T00:00:00Z	2	C	90	1	30	11	6	NA	NA	NA	NA	NA	NA	NA	NA	NA	NA	NA	NA	NA	NA	NA	NA	NA	NA	NA	NA	NA	NA	NA	NA	NA	NA	NA	NA	NA	NA	5	5	stalk is flopped	2C	2C90	178	6	11	Reduction	Early	Reduction
2018-07-06T00:00:00Z	2	D	90	1	NA	11	5	5	NA	NA	NA	NA	NA	NA	NA	NA	NA	NA	NA	NA	NA	NA	NA	NA	NA	NA	NA	NA	NA	NA	NA	NA	NA	NA	NA	NA	NA	NA	NA	NA	2D	2D90	187	5	11	Addition	Early	Addition
2018-06-22T00:00:00Z	4	A	90	2	NA	2	1	NA	NA	NA	NA	NA	NA	NA	NA	NA	NA	NA	NA	NA	NA	NA	NA	NA	NA	NA	NA	NA	NA	NA	NA	NA	NA	NA	NA	NA	NA	NA	NA	NA	4A	4A90	173	1	2	Addition	Early	Addition
2018-06-25T00:00:00Z	4	A	90	2	NA	6	0	NA	3	1	NA	NA	NA	NA	NA	NA	NA	NA	NA	NA	NA	NA	NA	NA	NA	NA	NA	NA	NA	NA	NA	NA	NA	NA	NA	NA	NA	NA	NA	NA	4A	4A90	176	1	9	Addition	Early	Addition
2018-06-27T00:00:00Z	4	A	90	2	25	4	7	NA	NA	NA	NA	NA	NA	NA	NA	NA	NA	NA	NA	NA	NA	NA	NA	NA	NA	NA	NA	NA	NA	NA	NA	NA	NA	NA	NA	NA	NA	0	0	NA	4A	4A90	178	7	4	Addition	Early	Addition
2018-06-29T00:00:00Z	4	A	90	2	NA	3	2	2	4	4	4	NA	NA	NA	NA	NA	NA	NA	NA	NA	NA	NA	NA	NA	NA	NA	NA	NA	NA	NA	NA	NA	NA	NA	NA	NA	NA	NA	NA	NA	4A	4A90	180	6	7	Addition	Early	Addition
2018-07-02T00:00:00Z	4	A	90	2	NA	4	2	1	4	3	1	NA	NA	NA	NA	NA	NA	NA	NA	NA	NA	NA	NA	NA	NA	NA	NA	NA	NA	NA	NA	NA	NA	NA	NA	NA	NA	1	1	NA	4A	4A90	183	5	8	Addition	Early	Addition
2018-07-06T00:00:00Z	4	A	90	2	NA	3	3	3	3	3	3	NA	NA	NA	NA	NA	NA	NA	NA	NA	NA	NA	NA	NA	NA	NA	NA	NA	NA	NA	NA	NA	NA	NA	NA	NA	NA	NA	NA	NA	4A	4A90	187	6	6	Addition	Early	Addition
2018-07-11T00:00:00Z	4	A	90	2	NA	3	2	0	2	2	2	NA	NA	NA	NA	NA	NA	NA	NA	NA	NA	NA	NA	NA	NA	NA	NA	NA	NA	NA	NA	NA	NA	NA	NA	NA	NA	1	1	NA	4A	4A90	192	4	5	Addition	Early	Addition
2018-07-16T00:00:00Z	4	A	90	2	31	2	2	2	1	2	2	NA	NA	NA	NA	NA	NA	NA	NA	NA	NA	NA	NA	NA	NA	NA	NA	NA	NA	NA	NA	NA	NA	NA	NA	NA	NA	2	2	NA	4A	4A90	197	4	3	Addition	Early	Addition
2018-07-20T00:00:00Z	4	A	90	2	NA	3	0	NA	NA	NA	NA	NA	NA	NA	NA	NA	NA	NA	NA	NA	NA	NA	NA	NA	NA	NA	NA	NA	NA	NA	NA	NA	NA	NA	NA	NA	0	0	NA	NA	4A	4A90	201	0	3	Addition	Early	Addition
2018-07-25T00:00:00Z	4	A	90	2	NA	1	0	NA	1	0	NA	NA	NA	NA	NA	NA	NA	NA	NA	NA	NA	NA	NA	NA	NA	NA	NA	NA	NA	NA	NA	NA	NA	NA	NA	NA	NA	NA	NA	NA	4A	4A90	206	0	2	Addition	Early	Addition
2018-07-31T00:00:00Z	4	A	90	2	NA	1	0	NA	1	0	NA	NA	NA	NA	NA	NA	NA	NA	NA	NA	NA	NA	NA	NA	NA	NA	NA	NA	NA	NA	NA	NA	NA	NA	NA	NA	NA	NA	NA	NA	4A	4A90	212	0	2	Addition	Early	Addition
2018-08-07T00:00:00Z	4	A	90	1	NA	4	0	NA	NA	NA	NA	NA	NA	NA	NA	NA	NA	NA	NA	NA	NA	NA	NA	NA	NA	NA	NA	NA	NA	NA	NA	NA	NA	NA	NA	NA	NA	NA	NA	NA	4A	4A90	219	0	4	Addition	Early	Addition
2018-08-10T00:00:00Z	4	A	90	1	NA	2	0	NA	NA	NA	NA	NA	NA	NA	NA	NA	NA	NA	NA	NA	NA	NA	NA	NA	NA	NA	NA	NA	NA	NA	NA	NA	NA	NA	NA	NA	NA	NA	NA	NA	4A	4A90	222	0	2	Addition	Early	Addition
2018-06-10T00:00:00Z	2	B	91	NA	NA	4	0	NA	NA	NA	NA	NA	NA	NA	NA	NA	NA	NA	NA	NA	NA	NA	NA	NA	NA	NA	NA	NA	NA	NA	NA	NA	NA	NA	NA	NA	NA	NA	NA	NA	2B	2B91	161	0	4	Control	Early	Mock rainout
2018-06-15T00:00:00Z	2	B	91	1	9.5	1	0	NA	NA	NA	NA	NA	NA	NA	NA	NA	NA	NA	NA	NA	NA	NA	NA	NA	NA	NA	NA	NA	NA	NA	NA	NA	NA	NA	NA	NA	NA	NA	NA	NA	2B	2B91	166	0	1	Control	Early	Mock rainout
2018-06-18T00:00:00Z	2	B	91	1	13.5	3	0	NA	NA	NA	NA	NA	NA	NA	NA	NA	NA	NA	NA	NA	NA	NA	NA	NA	NA	NA	NA	NA	NA	NA	NA	NA	NA	NA	NA	NA	NA	NA	NA	stem crooked	2B	2B91	169	0	3	Control	Early	Mock rainout
2018-06-20T00:00:00Z	2	B	91	1	14	6	1	NA	NA	NA	NA	NA	NA	NA	NA	NA	NA	NA	NA	NA	NA	NA	NA	NA	NA	NA	NA	NA	NA	NA	NA	NA	NA	NA	NA	NA	NA	0	NA	stalk crooked	2B	2B91	171	1	6	Control	Early	Mock rainout
2018-06-22T00:00:00Z	2	B	91	1	NA	5	1	NA	NA	NA	NA	NA	NA	NA	NA	NA	NA	NA	NA	NA	NA	NA	NA	NA	NA	NA	NA	NA	NA	NA	NA	NA	NA	NA	NA	NA	NA	NA	NA	NA	2B	2B91	173	1	5	Control	Early	Mock rainout
2018-06-25T00:00:00Z	2	B	91	1	NA	6	6	NA	NA	NA	NA	NA	NA	NA	NA	NA	NA	NA	NA	NA	NA	NA	NA	NA	NA	NA	NA	NA	NA	NA	NA	NA	NA	NA	NA	NA	NA	NA	NA	NA	2B	2B91	176	6	6	Control	Early	Mock rainout
2018-07-03T00:00:00Z	2	B	91	1	NA	1	6	4	NA	NA	NA	NA	NA	NA	NA	NA	NA	NA	NA	NA	NA	NA	NA	NA	NA	NA	NA	NA	NA	NA	NA	NA	NA	NA	NA	0	NA	0	NA	NA	2B	2B91	184	6	1	Control	Early	Mock rainout
2018-07-06T00:00:00Z	2	B	91	1	NA	0	1	1	NA	NA	NA	NA	NA	NA	NA	NA	NA	NA	NA	NA	NA	NA	NA	NA	NA	NA	NA	NA	NA	NA	NA	NA	NA	NA	NA	NA	NA	NA	NA	NA	2B	2B91	187	1	0	Control	Early	Mock rainout
2018-07-09T00:00:00Z	2	B	91	1	NA	0	0	0	NA	NA	NA	NA	NA	NA	NA	NA	NA	NA	NA	NA	NA	NA	NA	NA	NA	NA	NA	NA	NA	NA	NA	NA	NA	NA	NA	NA	NA	NA	NA	NA	2B	2B91	190	0	0	Control	Early	Mock rainout
2018-06-29T00:00:00Z	2	B	91	1	NA	8	3	1	NA	NA	NA	NA	NA	NA	NA	NA	NA	NA	NA	NA	NA	NA	NA	NA	NA	NA	NA	NA	NA	NA	NA	NA	NA	NA	NA	NA	NA	NA	NA	NA	2B	2B91	180	3	8	Control	Early	Mock rainout
2018-06-27T00:00:00Z	2	B	91	1	19.5	7	6	NA	NA	NA	NA	NA	NA	NA	NA	NA	NA	NA	NA	NA	NA	NA	NA	NA	NA	NA	NA	NA	NA	NA	NA	NA	NA	NA	NA	NA	NA	0	NA	NR	2B	2B91	178	6	7	Control	Early	Mock rainout
2018-06-15T00:00:00Z	2	B	94	2	29.5	7	0	NA	NA	NA	NA	NA	NA	NA	NA	NA	NA	NA	NA	NA	NA	NA	NA	NA	NA	NA	NA	NA	NA	NA	NA	NA	NA	NA	NA	NA	NA	NA	NA	1 bud damaged	2B	2B94	166	0	7	Control	Early	Mock rainout
2018-06-15T00:00:00Z	2	B	94	2	NA	4	0	NA	0	8	NA	NA	NA	NA	NA	NA	NA	NA	NA	NA	NA	NA	NA	NA	NA	NA	NA	NA	NA	NA	NA	NA	NA	NA	NA	NA	NA	NA	NA	NA	2B	2B94	166	8	4	Control	Early	Mock rainout
2018-06-18T00:00:00Z	2	B	94	2	30	8	1	NA	NA	NA	NA	NA	NA	NA	NA	NA	NA	NA	NA	NA	NA	NA	NA	NA	NA	NA	NA	NA	NA	NA	NA	NA	NA	NA	NA	NA	NA	NA	NA	NA	2B	2B94	169	1	8	Control	Early	Mock rainout
2018-06-20T00:00:00Z	2	B	94	2	31.5	11	3	NA	14	6	NA	NA	NA	NA	NA	NA	NA	NA	NA	NA	NA	NA	NA	NA	NA	NA	NA	NA	NA	NA	NA	NA	NA	NA	NA	NA	NA	5	5	NA	2B	2B94	171	9	25	Control	Early	Mock rainout
2018-06-22T00:00:00Z	2	B	94	2	NA	8	1	NA	7	3	NA	NA	NA	NA	NA	NA	NA	NA	NA	NA	NA	NA	NA	NA	NA	NA	NA	NA	NA	NA	NA	NA	NA	NA	NA	NA	NA	NA	NA	NA	2B	2B94	173	4	15	Control	Early	Mock rainout
2018-06-25T00:00:00Z	2	B	94	2	NA	8	4	NA	12	9	NA	NA	NA	NA	NA	NA	NA	NA	NA	NA	NA	NA	NA	NA	NA	NA	NA	NA	NA	NA	NA	NA	NA	NA	NA	NA	NA	NA	NA	NA	2B	2B94	176	13	20	Control	Early	Mock rainout
2018-07-03T00:00:00Z	2	B	94	2	NA	1	2	2	2	5	5	NA	NA	NA	NA	NA	NA	NA	NA	NA	NA	NA	NA	NA	NA	NA	NA	NA	NA	NA	NA	NA	NA	NA	NA	0	NA	0	NA	NA	2B	2B94	184	7	3	Control	Early	Mock rainout
2018-07-06T00:00:00Z	2	B	94	2	NA	1	0	0	3	2	2	NA	NA	NA	NA	NA	NA	NA	NA	NA	NA	NA	NA	NA	NA	NA	NA	NA	NA	NA	NA	NA	NA	NA	NA	NA	NA	NA	NA	NA	2B	2B94	187	2	4	Control	Early	Mock rainout
2018-07-09T00:00:00Z	2	B	94	2	NA	0	1	1	3	1	0	NA	NA	NA	NA	NA	NA	NA	NA	NA	NA	NA	NA	NA	NA	NA	NA	NA	NA	NA	NA	NA	NA	NA	NA	NA	NA	0	NA	NA	2B	2B94	190	2	3	Control	Early	Mock rainout
2018-07-16T00:00:00Z	2	B	94	2	31	0	0	NA	NA	NA	NA	NA	NA	NA	NA	NA	NA	NA	NA	NA	NA	NA	NA	NA	NA	NA	NA	NA	NA	NA	NA	NA	NA	NA	NA	NA	NA	0	NA	NA	2B	2B94	197	0	0	Control	Early	Mock rainout
2018-07-20T00:00:00Z	2	B	94	2	NA	0	0	NA	NA	NA	NA	NA	NA	NA	NA	NA	NA	NA	NA	NA	NA	NA	NA	NA	NA	NA	NA	NA	NA	NA	NA	NA	NA	NA	NA	NA	NA	NA	NA	NA	2B	2B94	201	0	0	Control	Early	Mock rainout
2018-07-20T00:00:00Z	2	B	94	2	NA	0	0	0	NA	NA	NA	NA	NA	NA	NA	NA	NA	NA	NA	NA	NA	NA	NA	NA	NA	NA	NA	NA	NA	NA	NA	NA	NA	NA	NA	NA	0	0	NA	NA	2B	2B94	201	0	0	Control	Early	Mock rainout
2018-06-29T00:00:00Z	2	B	94	2	NA	6	2	0	9	2	2	NA	NA	NA	NA	NA	NA	NA	NA	NA	NA	NA	NA	NA	NA	NA	NA	NA	NA	NA	NA	NA	NA	NA	NA	NA	NA	NA	NA	NA	2B	2B94	180	4	15	Control	Early	Mock rainout
2018-06-27T00:00:00Z	2	B	94	2	31	7	4	NA	11	5	NA	NA	NA	NA	NA	NA	NA	NA	NA	NA	NA	NA	NA	NA	NA	NA	NA	NA	NA	NA	NA	NA	NA	NA	NA	NA	NA	3	3	ovipositing ichnuemonidae, NR	2B	2B94	178	9	18	Control	Early	Mock rainout
2018-06-22T00:00:00Z	3	C	94	1	NA	3	0	NA	NA	NA	NA	NA	NA	NA	NA	NA	NA	NA	NA	NA	NA	NA	NA	NA	NA	NA	NA	NA	NA	NA	NA	NA	NA	NA	NA	NA	NA	NA	NA	NA	3C	3C94	173	0	3	Addition	Normal	Addition
2018-06-25T00:00:00Z	3	C	94	1	NA	8	0	NA	NA	NA	NA	NA	NA	NA	NA	NA	NA	NA	NA	NA	NA	NA	NA	NA	NA	NA	NA	NA	NA	NA	NA	NA	NA	NA	NA	NA	NA	NA	NA	NA	3C	3C94	176	0	8	Addition	Normal	Addition
2018-07-03T00:00:00Z	3	C	94	1	NA	15	3	3	NA	NA	NA	NA	NA	NA	NA	NA	NA	NA	NA	NA	NA	NA	NA	NA	NA	NA	NA	NA	NA	NA	NA	NA	NA	NA	NA	NA	NA	1	1	NA	3C	3C94	184	3	15	Addition	Normal	Addition
2018-07-06T00:00:00Z	3	C	94	1	NA	11	6	6	NA	NA	NA	NA	NA	NA	NA	NA	NA	NA	NA	NA	NA	NA	NA	NA	NA	NA	NA	NA	NA	NA	NA	NA	NA	NA	NA	NA	NA	NA	NA	NA	3C	3C94	187	6	11	Addition	Normal	Addition
2018-07-09T00:00:00Z	3	C	94	1	NA	4	5	1	NA	NA	NA	NA	NA	NA	NA	NA	NA	NA	NA	NA	NA	NA	NA	NA	NA	NA	NA	NA	NA	NA	NA	NA	NA	NA	NA	1	NA	0	NA	NA	3C	3C94	190	5	4	Addition	Normal	Addition
2018-07-16T00:00:00Z	3	C	94	1	43	8	3	3	NA	NA	NA	NA	NA	NA	NA	NA	NA	NA	NA	NA	NA	NA	NA	NA	NA	NA	NA	NA	NA	NA	NA	NA	NA	NA	NA	NA	NA	0	NA	NA	3C	3C94	197	3	8	Addition	Normal	Addition
2018-07-20T00:00:00Z	3	C	94	1	NA	1	0	NA	NA	NA	NA	NA	NA	NA	NA	NA	NA	NA	NA	NA	NA	NA	NA	NA	NA	NA	NA	NA	NA	NA	NA	NA	NA	NA	NA	NA	NA	NA	NA	NA	3C	3C94	201	0	1	Addition	Normal	Addition
2018-07-20T00:00:00Z	3	C	94	1	NA	0	3	1	NA	NA	NA	NA	NA	NA	NA	NA	NA	NA	NA	NA	NA	NA	NA	NA	NA	NA	NA	NA	NA	NA	NA	NA	NA	NA	NA	NA	0	0	NA	NA	3C	3C94	201	3	0	Addition	Normal	Addition
2018-06-29T00:00:00Z	3	C	94	1	NA	10	3	2	NA	NA	NA	NA	NA	NA	NA	NA	NA	NA	NA	NA	NA	NA	NA	NA	NA	NA	NA	NA	NA	NA	NA	NA	NA	NA	NA	NA	NA	NA	NA	NA	3C	3C94	180	3	10	Addition	Normal	Addition
2018-06-27T00:00:00Z	3	C	94	1	37	10	1	NA	NA	NA	NA	NA	NA	NA	NA	NA	NA	NA	NA	NA	NA	NA	NA	NA	NA	NA	NA	NA	NA	NA	NA	NA	NA	NA	NA	NA	NA	1	NA	NR	3C	3C94	178	1	10	Addition	Normal	Addition
2018-06-15T00:00:00Z	4	A	94	3	14	3	0	NA	2	0	NA	1	0	NA	NA	NA	NA	NA	NA	NA	NA	NA	NA	NA	NA	NA	NA	NA	NA	NA	NA	NA	NA	NA	NA	NA	NA	NA	NA	NA	4A	4A94	166	0	6	Addition	Early	Addition
2018-06-18T00:00:00Z	4	A	94	4	16	3	1	NA	2	0	NA	3	2	NA	NA	NA	NA	NA	NA	NA	NA	NA	NA	NA	NA	4	NA	NA	NA	NA	NA	NA	NA	NA	NA	1	NA	NA	NA	NA	4A	4A94	169	3	8	Addition	Early	Addition
2018-06-20T00:00:00Z	4	A	94	5	28	7	1	NA	6	1	NA	7	0	NA	8	0	NA	3	1	NA	NA	NA	NA	NA	NA	NA	NA	NA	NA	NA	NA	NA	NA	NA	NA	NA	NA	0	0	NA	4A	4A94	171	3	31	Addition	Early	Addition
2018-06-22T00:00:00Z	4	A	94	5	NA	5	1	NA	3	0	NA	8	0	NA	2	1	NA	7	0	NA	NA	NA	NA	NA	NA	NA	NA	NA	NA	NA	NA	NA	NA	NA	NA	NA	NA	NA	NA	NA	4A	4A94	173	2	25	Addition	Early	Addition
2018-06-25T00:00:00Z	4	A	94	5	NA	9	0	NA	6	0	NA	6	3	NA	1	1	NA	8	0	NA	NA	NA	NA	NA	NA	NA	NA	NA	NA	NA	NA	NA	NA	NA	NA	NA	NA	NA	NA	NA	4A	4A94	176	4	30	Addition	Early	Addition
2018-06-27T00:00:00Z	4	A	94	5	21	1	3	NA	2	2	NA	11	1	NA	6	3	NA	5	2	NA	NA	NA	NA	NA	NA	NA	NA	NA	NA	NA	NA	NA	NA	NA	NA	NA	NA	0	0	nectar robbing	4A	4A94	178	11	25	Addition	Early	Addition
2018-06-29T00:00:00Z	4	A	94	3	NA	7	3	3	7	3	2	2	1	1	NA	NA	NA	NA	NA	NA	NA	NA	NA	NA	NA	NA	NA	NA	NA	NA	NA	NA	NA	NA	NA	NA	NA	NA	NA	NA	4A	4A94	180	7	16	Addition	Early	Addition
2018-07-02T00:00:00Z	4	A	94	4	NA	1	3	1	NA	NA	NA	NA	NA	NA	NA	NA	NA	NA	NA	NA	NA	NA	NA	NA	NA	NA	NA	NA	NA	NA	NA	NA	NA	NA	NA	NA	NA	0	NA	NA	4A	4A94	183	3	1	Addition	Early	Addition
2018-07-06T00:00:00Z	4	A	94	3	NA	0	0	0	0	1	0	1	2	2	NA	NA	NA	NA	NA	NA	NA	NA	NA	NA	NA	NA	NA	NA	NA	NA	NA	NA	NA	NA	NA	NA	NA	NA	NA	NA	4A	4A94	187	3	1	Addition	Early	Addition
2018-07-16T00:00:00Z	4	A	94	4	20	0	0	NA	NA	NA	NA	NA	NA	NA	NA	NA	NA	NA	NA	NA	NA	NA	NA	NA	NA	NA	NA	NA	NA	NA	NA	NA	NA	NA	NA	NA	NA	0	NA	NA	4A	4A94	197	0	0	Addition	Early	Addition
2018-07-20T00:00:00Z	4	A	94	4	NA	0	0	NA	NA	NA	NA	NA	NA	NA	NA	NA	NA	NA	NA	NA	NA	NA	NA	NA	NA	NA	NA	NA	NA	NA	NA	NA	NA	NA	NA	NA	0	0	NA	NA	4A	4A94	201	0	0	Addition	Early	Addition
2018-07-25T00:00:00Z	4	A	94	4	NA	0	0	NA	NA	NA	NA	NA	NA	NA	NA	NA	NA	NA	NA	NA	NA	NA	NA	NA	NA	NA	NA	NA	NA	NA	NA	NA	NA	NA	NA	NA	NA	NA	NA	NA	4A	4A94	206	0	0	Addition	Early	Addition
2018-07-31T00:00:00Z	4	A	94	5	NA	2	0	NA	NA	NA	NA	NA	NA	NA	NA	NA	NA	NA	NA	NA	NA	NA	NA	NA	NA	NA	NA	NA	NA	NA	NA	NA	NA	NA	NA	NA	NA	NA	NA	all other inflorescences are 0/0	4A	4A94	212	0	2	Addition	Early	Addition
2018-08-10T00:00:00Z	4	A	94	1	NA	0	1	NA	NA	NA	NA	NA	NA	NA	NA	NA	NA	NA	NA	NA	NA	NA	NA	NA	NA	NA	NA	NA	NA	NA	NA	NA	NA	NA	NA	NA	NA	0	NA	NA	4A	4A94	222	1	0	Addition	Early	Addition
2018-06-15T00:00:00Z	2	B	98	2	27	13	1	NA	NA	NA	NA	NA	NA	NA	NA	NA	NA	NA	NA	NA	NA	NA	NA	NA	NA	NA	NA	NA	NA	NA	NA	NA	NA	NA	NA	NA	NA	NA	NA	NA	2B	2B98	166	1	13	Control	Early	Mock rainout
2018-06-18T00:00:00Z	2	B	98	2	29.5	2	0	NA	NA	NA	NA	NA	NA	NA	NA	NA	NA	NA	NA	NA	NA	NA	NA	NA	NA	NA	NA	NA	NA	NA	NA	NA	NA	NA	NA	NA	NA	NA	NA	NA	2B	2B98	169	0	2	Control	Early	Mock rainout
2018-06-20T00:00:00Z	2	B	98	2	30.5	4	0	NA	10	9	NA	NA	NA	NA	NA	NA	NA	NA	NA	NA	NA	NA	NA	NA	NA	NA	NA	NA	NA	NA	NA	NA	NA	NA	NA	NA	NA	4	4	NA	2B	2B98	171	9	14	Control	Early	Mock rainout
2018-06-25T00:00:00Z	2	B	98	2	NA	8	5	NA	6	5	NA	NA	NA	NA	NA	NA	NA	NA	NA	NA	NA	NA	NA	NA	NA	NA	NA	NA	NA	NA	NA	NA	NA	NA	NA	NA	NA	NA	NA	NA	2B	2B98	176	10	14	Control	Early	Mock rainout
2018-07-03T00:00:00Z	2	B	98	2	NA	2	3	3	0	5	4	NA	NA	NA	NA	NA	NA	NA	NA	NA	NA	NA	NA	NA	NA	NA	NA	NA	NA	NA	NA	NA	NA	NA	NA	0	NA	0	NA	NA	2B	2B98	184	8	2	Control	Early	Mock rainout
2018-07-06T00:00:00Z	2	B	98	2	NA	0	2	2	NA	NA	NA	NA	NA	NA	NA	NA	NA	NA	NA	NA	NA	NA	NA	NA	NA	NA	NA	NA	NA	NA	NA	NA	NA	NA	NA	NA	NA	NA	NA	NA	2B	2B98	187	2	0	Control	Early	Mock rainout
2018-07-09T00:00:00Z	2	B	98	2	NA	0	0	0	0	0	0	NA	NA	NA	NA	NA	NA	NA	NA	NA	NA	NA	NA	NA	NA	NA	NA	NA	NA	NA	NA	NA	NA	NA	NA	NA	NA	NA	NA	NA	2B	2B98	190	0	0	Control	Early	Mock rainout
2018-07-16T00:00:00Z	2	B	98	2	29.5	0	0	NA	NA	NA	NA	NA	NA	NA	NA	NA	NA	NA	NA	NA	NA	NA	NA	NA	NA	NA	NA	NA	NA	NA	NA	NA	NA	NA	NA	NA	NA	0	NA	NA	2B	2B98	197	0	0	Control	Early	Mock rainout
2018-07-20T00:00:00Z	2	B	98	2	NA	2	0	NA	NA	NA	NA	NA	NA	NA	NA	NA	NA	NA	NA	NA	NA	NA	NA	NA	NA	NA	NA	NA	NA	NA	NA	NA	NA	NA	NA	NA	NA	NA	NA	NA	2B	2B98	201	0	2	Control	Early	Mock rainout
2018-07-20T00:00:00Z	2	B	98	2	NA	0	0	0	NA	NA	NA	NA	NA	NA	NA	NA	NA	NA	NA	NA	NA	NA	NA	NA	NA	NA	NA	NA	NA	NA	NA	NA	NA	NA	NA	NA	0	0	NA	NA	2B	2B98	201	0	0	Control	Early	Mock rainout
2018-06-29T00:00:00Z	2	B	98	2	NA	12	7	7	NA	NA	NA	NA	NA	NA	NA	NA	NA	NA	NA	NA	NA	NA	NA	NA	NA	NA	NA	NA	NA	NA	NA	NA	NA	NA	NA	NA	NA	NA	NA	NA	2B	2B98	180	7	12	Control	Early	Mock rainout
2018-06-27T00:00:00Z	2	B	98	2	16	8	6	NA	8	4	NA	NA	NA	NA	NA	NA	NA	NA	NA	NA	NA	NA	NA	NA	NA	NA	NA	NA	NA	NA	NA	NA	NA	NA	NA	NA	NA	1	1	stalk is flopped over, NR	2B	2B98	178	10	16	Control	Early	Mock rainout
2018-06-20T00:00:00Z	3	C	98	1	46	3	0	NA	NA	NA	NA	NA	NA	NA	NA	NA	NA	NA	NA	NA	NA	NA	NA	NA	NA	NA	NA	NA	NA	NA	NA	NA	NA	NA	NA	NA	NA	NA	NA	NA	3C	3C98	171	0	3	Addition	Normal	Addition
2018-06-22T00:00:00Z	3	C	98	1	NA	13	0	NA	NA	NA	NA	NA	NA	NA	NA	NA	NA	NA	NA	NA	NA	NA	NA	NA	NA	NA	NA	NA	NA	NA	NA	NA	NA	NA	NA	NA	NA	NA	NA	NA	3C	3C98	173	0	13	Addition	Normal	Addition
2018-06-25T00:00:00Z	3	C	98	1	NA	13	1	NA	NA	NA	NA	NA	NA	NA	NA	NA	NA	NA	NA	NA	NA	NA	NA	NA	NA	NA	NA	NA	NA	NA	NA	NA	NA	NA	NA	NA	NA	NA	NA	NA	3C	3C98	176	1	13	Addition	Normal	Addition
2018-07-03T00:00:00Z	3	C	98	1	NA	10	10	7	NA	NA	NA	NA	NA	NA	NA	NA	NA	NA	NA	NA	NA	NA	NA	NA	NA	NA	NA	NA	NA	NA	NA	NA	NA	NA	NA	NA	NA	0	0	NA	3C	3C98	184	10	10	Addition	Normal	Addition
2018-07-06T00:00:00Z	3	C	98	1	NA	8	3	3	NA	NA	NA	NA	NA	NA	NA	NA	NA	NA	NA	NA	NA	NA	NA	NA	NA	NA	NA	NA	NA	NA	NA	NA	NA	NA	NA	NA	NA	NA	NA	NA	3C	3C98	187	3	8	Addition	Normal	Addition
2018-07-09T00:00:00Z	3	C	98	1	NA	4	2	1	NA	NA	NA	NA	NA	NA	NA	NA	NA	NA	NA	NA	NA	NA	NA	NA	NA	NA	NA	NA	NA	NA	NA	NA	NA	NA	NA	NA	NA	0	NA	NA	3C	3C98	190	2	4	Addition	Normal	Addition
2018-07-16T00:00:00Z	3	C	98	1	52	1	0	NA	NA	NA	NA	NA	NA	NA	NA	NA	NA	NA	NA	NA	NA	NA	NA	NA	NA	NA	NA	NA	NA	NA	NA	NA	NA	NA	NA	NA	NA	0	NA	NA	3C	3C98	197	0	1	Addition	Normal	Addition
2018-07-20T00:00:00Z	3	C	98	1	NA	1	1	NA	NA	NA	NA	NA	NA	NA	NA	NA	NA	NA	NA	NA	NA	NA	NA	NA	NA	NA	NA	NA	NA	NA	NA	NA	NA	NA	NA	NA	NA	1	1	NA	3C	3C98	201	1	1	Addition	Normal	Addition
2018-06-29T00:00:00Z	3	C	98	1	NA	24	4	3	NA	NA	NA	NA	NA	NA	NA	NA	NA	NA	NA	NA	NA	NA	NA	NA	NA	NA	NA	NA	NA	NA	NA	NA	NA	NA	NA	NA	NA	NA	NA	NA	3C	3C98	180	4	24	Addition	Normal	Addition
2018-07-31T00:00:00Z	3	C	98	1	NA	8	0	NA	NA	NA	NA	NA	NA	NA	NA	NA	NA	NA	NA	NA	NA	NA	NA	NA	NA	NA	NA	NA	NA	NA	NA	NA	NA	NA	NA	0	NA	NA	NA	NA	3C	3C98	212	0	8	Addition	Normal	Addition
2018-08-07T00:00:00Z	3	C	98	1	NA	2	0	NA	NA	NA	NA	NA	NA	NA	NA	NA	NA	NA	NA	NA	NA	NA	NA	NA	NA	NA	NA	NA	NA	NA	NA	NA	NA	NA	NA	NA	NA	NA	NA	NA	3C	3C98	219	0	2	Addition	Normal	Addition
2018-08-10T00:00:00Z	3	C	98	1	NA	0	1	NA	NA	NA	NA	NA	NA	NA	NA	NA	NA	NA	NA	NA	NA	NA	NA	NA	NA	NA	NA	NA	NA	NA	NA	NA	NA	NA	NA	NA	NA	NA	0	NA	3C	3C98	222	1	0	Addition	Normal	Addition
2018-06-27T00:00:00Z	3	C	98	1	51	21	4	NA	NA	NA	NA	NA	NA	NA	NA	NA	NA	NA	NA	NA	NA	NA	NA	NA	NA	NA	NA	NA	NA	NA	NA	NA	NA	NA	NA	NA	NA	0	NA	NA	3C	3C98	178	4	21	Addition	Normal	Addition
2018-06-20T00:00:00Z	1	B	99	1	30.5	12	1	NA	NA	NA	NA	NA	NA	NA	NA	NA	NA	NA	NA	NA	NA	NA	NA	NA	NA	NA	NA	NA	NA	NA	NA	NA	NA	NA	NA	NA	NA	0	NA	NA	1B	1B99	171	1	12	Control	Normal	Control
2018-06-22T00:00:00Z	1	B	99	1	NA	7	1	NA	NA	NA	NA	NA	NA	NA	NA	NA	NA	NA	NA	NA	NA	NA	NA	NA	NA	NA	NA	NA	NA	NA	NA	NA	NA	NA	NA	NA	NA	NA	NA	NA	1B	1B99	173	1	7	Control	Normal	Control
2018-06-25T00:00:00Z	1	B	99	1	NA	12	7	NA	NA	NA	NA	NA	NA	NA	NA	NA	NA	NA	NA	NA	NA	NA	NA	NA	NA	NA	NA	NA	NA	NA	NA	NA	NA	NA	NA	NA	NA	NA	NA	NA	1B	1B99	176	7	12	Control	Normal	Control
2018-07-02T00:00:00Z	1	B	99	1	NA	0	7	5	NA	NA	NA	NA	NA	NA	NA	NA	NA	NA	NA	NA	NA	NA	NA	NA	NA	NA	NA	NA	NA	NA	NA	NA	NA	NA	NA	NA	NA	0	NA	NA	1B	1B99	183	7	0	Control	Normal	Control
2018-07-06T00:00:00Z	1	B	99	1	NA	0	0	0	NA	NA	NA	NA	NA	NA	NA	NA	NA	NA	NA	NA	NA	NA	NA	NA	NA	NA	NA	NA	NA	NA	NA	NA	NA	NA	NA	NA	NA	NA	NA	SF	1B	1B99	187	0	0	Control	Normal	Control
2018-07-09T00:00:00Z	1	B	99	1	NA	0	0	0	NA	NA	NA	NA	NA	NA	NA	NA	NA	NA	NA	NA	NA	NA	NA	NA	NA	NA	NA	NA	NA	NA	NA	NA	NA	NA	NA	NA	NA	NA	NA	NA	1B	1B99	190	0	0	Control	Normal	Control
2018-07-16T00:00:00Z	1	B	99	1	32.5	0	0	NA	NA	NA	NA	NA	NA	NA	NA	NA	NA	NA	NA	NA	NA	NA	NA	NA	NA	NA	NA	NA	NA	NA	NA	NA	NA	NA	NA	NA	NA	0	NA	NA	1B	1B99	197	0	0	Control	Normal	Control
2018-07-20T00:00:00Z	1	B	99	1	NA	0	0	NA	NA	NA	NA	NA	NA	NA	NA	NA	NA	NA	NA	NA	NA	NA	NA	NA	NA	NA	NA	NA	NA	NA	NA	NA	NA	NA	NA	NA	NA	NA	NA	NA	1B	1B99	201	0	0	Control	Normal	Control
2018-07-20T00:00:00Z	1	B	99	1	NA	0	0	0	NA	NA	NA	NA	NA	NA	NA	NA	NA	NA	NA	NA	NA	NA	NA	NA	NA	NA	NA	NA	NA	NA	NA	NA	NA	NA	NA	NA	0	0	NA	NA	1B	1B99	201	0	0	Control	Normal	Control
2018-06-29T00:00:00Z	1	B	99	1	NA	11	4	2	NA	NA	NA	NA	NA	NA	NA	NA	NA	NA	NA	NA	NA	NA	NA	NA	NA	NA	NA	NA	NA	NA	NA	NA	NA	NA	NA	NA	NA	NA	NA	NA	1B	1B99	180	4	11	Control	Normal	Control
2018-06-27T00:00:00Z	1	B	99	1	34	11	4	NA	NA	NA	NA	NA	NA	NA	NA	NA	NA	NA	NA	NA	NA	NA	NA	NA	NA	NA	NA	NA	NA	NA	NA	NA	NA	NA	NA	NA	NA	0	NA	NA	1B	1B99	178	4	11	Control	Normal	Control
2018-07-03T00:00:00Z	2	C	100	1	NA	22	1	0	NA	NA	NA	NA	NA	NA	NA	NA	NA	NA	NA	NA	NA	NA	NA	NA	NA	NA	NA	NA	NA	NA	NA	NA	NA	NA	NA	0	NA	0	NA	NA	2C	2C100	184	1	22	Reduction	Early	Reduction
2018-07-09T00:00:00Z	2	C	100	1	NA	8	11	4	NA	NA	NA	NA	NA	NA	NA	NA	NA	NA	NA	NA	NA	NA	NA	NA	NA	NA	NA	NA	NA	NA	NA	NA	NA	NA	NA	NA	NA	0	NA	NA	2C	2C100	190	11	8	Reduction	Early	Reduction
2018-07-16T00:00:00Z	2	C	100	1	42	6	5	NA	NA	NA	NA	NA	NA	NA	NA	NA	NA	NA	NA	NA	NA	NA	NA	NA	NA	NA	NA	NA	NA	NA	NA	NA	NA	NA	NA	NA	NA	0	NA	NA	2C	2C100	197	5	6	Reduction	Early	Reduction
2018-07-20T00:00:00Z	2	C	100	1	NA	0	0	NA	NA	NA	NA	NA	NA	NA	NA	NA	NA	NA	NA	NA	NA	NA	NA	NA	NA	NA	NA	NA	NA	NA	NA	NA	NA	NA	NA	NA	NA	NA	NA	NA	2C	2C100	201	0	0	Reduction	Early	Reduction
2018-07-20T00:00:00Z	2	C	100	1	NA	0	3	0	NA	NA	NA	NA	NA	NA	NA	NA	NA	NA	NA	NA	NA	NA	NA	NA	NA	NA	NA	NA	NA	NA	NA	NA	NA	NA	NA	NA	0	0	NA	NA	2C	2C100	201	3	0	Reduction	Early	Reduction
2018-06-29T00:00:00Z	2	C	100	1	NA	9	0	0	NA	NA	NA	NA	NA	NA	NA	NA	NA	NA	NA	NA	NA	NA	NA	NA	NA	NA	NA	NA	NA	NA	NA	NA	NA	NA	NA	NA	NA	NA	NA	NA	2C	2C100	180	0	9	Reduction	Early	Reduction
2018-08-24T00:00:00Z	2	C	100	1	NA	1	0	NA	NA	NA	NA	NA	NA	NA	NA	NA	NA	NA	NA	NA	NA	NA	NA	NA	NA	NA	NA	NA	NA	NA	NA	NA	NA	NA	NA	NA	NA	NA	NA	NA	2C	2C100	236	0	1	Reduction	Early	Reduction
2018-06-27T00:00:00Z	2	C	100	1	33	1	0	NA	NA	NA	NA	NA	NA	NA	NA	NA	NA	NA	NA	NA	NA	NA	NA	NA	NA	NA	NA	NA	NA	NA	NA	NA	NA	NA	NA	NA	NA	NA	NA	NA	2C	2C100	178	0	1	Reduction	Early	Reduction
2018-07-06T00:00:00Z	2	D	100	1	NA	14	10	6	NA	NA	NA	NA	NA	NA	NA	NA	NA	NA	NA	NA	NA	NA	NA	NA	NA	NA	NA	NA	NA	NA	NA	NA	NA	NA	NA	NA	NA	NA	NA	NA	2D	2D100	187	10	14	Addition	Early	Addition
2018-06-15T00:00:00Z	4	A	102	1	NA	8	NA	NA	NA	NA	NA	NA	NA	NA	NA	NA	NA	NA	NA	NA	NA	NA	NA	NA	NA	NA	NA	NA	NA	NA	NA	NA	NA	NA	NA	NA	NA	NA	NA	NA	4A	4A102	166	0	8	Addition	Early	Addition
2018-07-20T00:00:00Z	6	C	102	3	NA	2	1	NA	1	1	NA	NA	NA	NA	NA	NA	NA	NA	NA	NA	NA	NA	NA	NA	NA	NA	NA	NA	NA	NA	NA	NA	NA	NA	NA	NA	0	0	NA	NA	6C	6C102	201	2	3	Control	Normal	Mock rainout
2018-07-25T00:00:00Z	6	C	102	3	NA	0	3	NA	3	1	NA	4	0	NA	NA	NA	NA	NA	NA	NA	NA	NA	NA	NA	NA	NA	NA	NA	NA	NA	NA	NA	NA	NA	NA	NA	NA	NA	NA	NA	6C	6C102	206	4	7	Control	Normal	Mock rainout
2018-07-31T00:00:00Z	6	C	102	4	NA	0	1	0	0	1	0	2	3	0	1	2	2	NA	NA	NA	NA	NA	NA	NA	NA	NA	NA	NA	NA	NA	NA	NA	NA	NA	NA	NA	NA	0	NA	NA	6C	6C102	212	7	3	Control	Normal	Mock rainout
2018-08-07T00:00:00Z	6	C	102	2	NA	0	1	NA	NA	NA	NA	NA	NA	NA	NA	NA	NA	NA	NA	NA	NA	NA	NA	NA	NA	NA	NA	NA	NA	NA	NA	NA	NA	NA	NA	NA	NA	NA	NA	NA	6C	6C102	219	1	0	Control	Normal	Mock rainout
2018-06-25T00:00:00Z	6	B	103	1	NA	8	0	NA	NA	NA	NA	NA	NA	NA	NA	NA	NA	NA	NA	NA	NA	NA	NA	NA	NA	NA	NA	NA	NA	NA	NA	NA	NA	NA	NA	NA	NA	NA	NA	NA	6B	6B103	176	0	8	Reduction	Normal	Reduction
2018-06-20T00:00:00Z	6	C	103	1	35	2	0	NA	NA	NA	NA	NA	NA	NA	NA	NA	NA	NA	NA	NA	NA	NA	NA	NA	NA	NA	NA	NA	NA	NA	NA	NA	NA	NA	NA	NA	NA	0	NA	NA	6C	6C103	171	0	2	Control	Normal	Mock rainout
2018-06-22T00:00:00Z	6	C	103	1	NA	2	0	NA	NA	NA	NA	NA	NA	NA	NA	NA	NA	NA	NA	NA	NA	NA	NA	NA	NA	NA	NA	NA	NA	NA	NA	NA	NA	NA	NA	NA	NA	NA	NA	NA	6C	6C103	173	0	2	Control	Normal	Mock rainout
2018-06-27T00:00:00Z	6	C	103	1	42	14	1	NA	NA	NA	NA	NA	NA	NA	NA	NA	NA	NA	NA	NA	NA	NA	NA	NA	NA	NA	NA	NA	NA	NA	NA	NA	NA	NA	NA	NA	NA	NA	NA	NA	6C	6C103	178	1	14	Control	Normal	Mock rainout
2018-06-29T00:00:00Z	6	C	103	1	NA	20	3	1	NA	NA	NA	NA	NA	NA	NA	NA	NA	NA	NA	NA	NA	NA	NA	NA	NA	NA	NA	NA	NA	NA	NA	NA	NA	NA	NA	NA	NA	NA	NA	NA	6C	6C103	180	3	20	Control	Normal	Mock rainout
2018-07-05T00:00:00Z	6	C	103	1	NA	10	8	8	NA	NA	NA	NA	NA	NA	NA	NA	NA	NA	NA	NA	NA	NA	NA	NA	NA	NA	NA	NA	NA	NA	NA	NA	NA	NA	NA	NA	NA	1	NA	NA	6C	6C103	186	8	10	Control	Normal	Mock rainout
2018-07-11T00:00:00Z	6	C	103	1	NA	2	3	3	NA	NA	NA	NA	NA	NA	NA	NA	NA	NA	NA	NA	NA	NA	NA	NA	NA	NA	NA	NA	NA	NA	NA	NA	NA	NA	NA	NA	NA	NA	NA	NA	6C	6C103	192	3	2	Control	Normal	Mock rainout
2018-07-16T00:00:00Z	6	C	103	1	48	0	0	NA	NA	NA	NA	NA	NA	NA	NA	NA	NA	NA	NA	NA	NA	NA	NA	NA	NA	NA	NA	NA	NA	NA	NA	NA	NA	NA	NA	NA	NA	0	NA	NA	6C	6C103	197	0	0	Control	Normal	Mock rainout
2018-07-20T00:00:00Z	6	C	103	1	NA	0	0	NA	NA	NA	NA	NA	NA	NA	NA	NA	NA	NA	NA	NA	NA	NA	NA	NA	NA	NA	NA	NA	NA	NA	NA	NA	NA	NA	NA	NA	0	0	NA	NA	6C	6C103	201	0	0	Control	Normal	Mock rainout
2018-07-25T00:00:00Z	6	C	103	1	NA	1	0	NA	NA	NA	NA	NA	NA	NA	NA	NA	NA	NA	NA	NA	NA	NA	NA	NA	NA	NA	NA	NA	NA	NA	NA	NA	NA	NA	NA	NA	NA	NA	NA	NA	6C	6C103	206	0	1	Control	Normal	Mock rainout
2018-06-27T00:00:00Z	6	C	106	1	32	1	0	NA	NA	NA	NA	NA	NA	NA	NA	NA	NA	NA	NA	NA	NA	NA	NA	NA	NA	NA	NA	NA	NA	NA	NA	NA	NA	NA	NA	NA	NA	NA	NA	NA	6C	6C106	178	0	1	Control	Normal	Mock rainout
2018-06-29T00:00:00Z	6	C	106	1	NA	2	0	0	NA	NA	NA	NA	NA	NA	NA	NA	NA	NA	NA	NA	NA	NA	NA	NA	NA	NA	NA	NA	NA	NA	NA	NA	NA	NA	NA	NA	NA	NA	NA	NA	6C	6C106	180	0	2	Control	Normal	Mock rainout
2018-07-05T00:00:00Z	6	C	106	1	NA	6	5	5	NA	NA	NA	NA	NA	NA	NA	NA	NA	NA	NA	NA	NA	NA	NA	NA	NA	NA	NA	NA	NA	NA	NA	NA	NA	NA	NA	NA	NA	3	3	NA	6C	6C106	186	5	6	Control	Normal	Mock rainout
2018-07-11T00:00:00Z	6	C	106	1	NA	6	4	3	NA	NA	NA	NA	NA	NA	NA	NA	NA	NA	NA	NA	NA	NA	NA	NA	NA	NA	NA	NA	NA	NA	NA	NA	NA	NA	NA	NA	NA	NA	NA	NA	6C	6C106	192	4	6	Control	Normal	Mock rainout
2018-07-16T00:00:00Z	6	C	106	1	33	7	3	3	NA	NA	NA	NA	NA	NA	NA	NA	NA	NA	NA	NA	NA	NA	NA	NA	NA	NA	NA	NA	NA	NA	NA	NA	NA	NA	NA	NA	NA	1	NA	NA	6C	6C106	197	3	7	Control	Normal	Mock rainout
2018-07-20T00:00:00Z	6	C	106	1	NA	4	4	NA	NA	NA	NA	NA	NA	NA	NA	NA	NA	NA	NA	NA	NA	NA	NA	NA	NA	NA	NA	NA	NA	NA	NA	NA	NA	NA	NA	NA	0	0	NA	NA	6C	6C106	201	4	4	Control	Normal	Mock rainout
2018-07-25T00:00:00Z	6	C	106	1	NA	3	1	NA	NA	NA	NA	NA	NA	NA	NA	NA	NA	NA	NA	NA	NA	NA	NA	NA	NA	NA	NA	NA	NA	NA	NA	NA	NA	NA	NA	NA	0	0	NA	NA	6C	6C106	206	1	3	Control	Normal	Mock rainout
2018-07-31T00:00:00Z	6	C	106	1	NA	1	0	NA	NA	NA	NA	NA	NA	NA	NA	NA	NA	NA	NA	NA	NA	NA	NA	NA	NA	NA	NA	NA	NA	NA	NA	NA	NA	NA	NA	NA	NA	NA	NA	NA	6C	6C106	212	0	1	Control	Normal	Mock rainout
2018-08-07T00:00:00Z	5	A	108	1	NA	2	3	NA	NA	NA	NA	NA	NA	NA	NA	NA	NA	NA	NA	NA	NA	NA	NA	NA	NA	NA	NA	NA	NA	NA	NA	NA	NA	NA	NA	NA	NA	NA	NA	NA	5A	5A108	219	3	2	Addition	Early	Addition
2018-06-25T00:00:00Z	6	C	109	1	NA	1	0	NA	NA	NA	NA	NA	NA	NA	NA	NA	NA	NA	NA	NA	NA	NA	NA	NA	NA	NA	NA	NA	NA	NA	NA	NA	NA	NA	NA	NA	NA	NA	NA	NA	6C	6C109	176	0	1	Control	Normal	Mock rainout
2018-07-05T00:00:00Z	6	C	109	1	NA	9	4	4	NA	NA	NA	NA	NA	NA	NA	NA	NA	NA	NA	NA	NA	NA	NA	NA	NA	NA	NA	NA	NA	NA	NA	NA	NA	NA	NA	NA	NA	3	3	NA	6C	6C109	186	4	9	Control	Normal	Mock rainout
2018-07-11T00:00:00Z	6	C	109	1	NA	6	2	1	NA	NA	NA	NA	NA	NA	NA	NA	NA	NA	NA	NA	NA	NA	NA	NA	NA	NA	NA	NA	NA	NA	NA	NA	NA	NA	NA	NA	NA	NA	NA	NA	6C	6C109	192	2	6	Control	Normal	Mock rainout
2018-07-16T00:00:00Z	6	C	109	1	26	3	0	NA	NA	NA	NA	NA	NA	NA	NA	NA	NA	NA	NA	NA	NA	NA	NA	NA	NA	NA	NA	NA	NA	NA	NA	NA	NA	NA	NA	NA	NA	0	NA	NA	6C	6C109	197	0	3	Control	Normal	Mock rainout
2018-07-20T00:00:00Z	6	C	109	1	NA	0	1	NA	NA	NA	NA	NA	NA	NA	NA	NA	NA	NA	NA	NA	NA	NA	NA	NA	NA	NA	NA	NA	NA	NA	NA	NA	NA	NA	NA	NA	0	0	NA	NA	6C	6C109	201	1	0	Control	Normal	Mock rainout
2018-08-07T00:00:00Z	6	C	109	1	NA	3	0	NA	NA	NA	NA	NA	NA	NA	NA	NA	NA	NA	NA	NA	NA	NA	NA	NA	NA	NA	NA	NA	NA	NA	NA	NA	NA	NA	NA	NA	NA	NA	NA	NA	6C	6C109	219	0	3	Control	Normal	Mock rainout
2018-08-10T00:00:00Z	6	C	109	1	NA	1	1	NA	NA	NA	NA	NA	NA	NA	NA	NA	NA	NA	NA	NA	NA	NA	NA	NA	NA	NA	NA	NA	NA	NA	NA	NA	NA	NA	NA	NA	NA	0	NA	NA	6C	6C109	222	1	1	Control	Normal	Mock rainout
2018-06-10T00:00:00Z	4	A	112	NA	NA	6	0	NA	NA	NA	NA	NA	NA	NA	NA	NA	NA	NA	NA	NA	NA	NA	NA	NA	NA	NA	NA	NA	NA	NA	NA	NA	NA	NA	NA	NA	NA	NA	NA	NA	4A	4A112	161	0	6	Addition	Early	Addition
2018-06-15T00:00:00Z	4	A	112	1	26	11	0	NA	NA	NA	NA	NA	NA	NA	NA	NA	NA	NA	NA	NA	NA	NA	NA	NA	NA	NA	NA	NA	NA	NA	NA	NA	NA	NA	NA	NA	NA	NA	NA	NA	4A	4A112	166	0	11	Addition	Early	Addition
2018-06-18T00:00:00Z	4	A	112	1	27	6	2	NA	NA	NA	NA	NA	NA	NA	NA	NA	NA	NA	NA	NA	NA	NA	NA	NA	NA	NA	NA	NA	NA	NA	NA	NA	NA	NA	NA	NA	NA	NA	NA	NA	4A	4A112	169	2	6	Addition	Early	Addition
2018-06-20T00:00:00Z	4	A	112	1	28	13	7	NA	NA	NA	NA	NA	NA	NA	NA	NA	NA	NA	NA	NA	NA	NA	NA	NA	NA	NA	NA	NA	NA	NA	NA	NA	NA	NA	NA	NA	NA	5	5	NA	4A	4A112	171	7	13	Addition	Early	Addition
2018-06-22T00:00:00Z	4	A	112	1	NA	8	5	NA	NA	NA	NA	NA	NA	NA	NA	NA	NA	NA	NA	NA	NA	NA	NA	NA	NA	NA	NA	NA	NA	NA	NA	NA	NA	NA	NA	NA	NA	NA	NA	NA	4A	4A112	173	5	8	Addition	Early	Addition
2018-06-25T00:00:00Z	4	A	112	1	NA	5	3	NA	NA	NA	NA	NA	NA	NA	NA	NA	NA	NA	NA	NA	NA	NA	NA	NA	NA	NA	NA	NA	NA	NA	NA	NA	NA	NA	NA	NA	NA	NA	NA	NA	4A	4A112	176	3	5	Addition	Early	Addition
2018-06-27T00:00:00Z	4	A	112	1	31	4	2	NA	NA	NA	NA	NA	NA	NA	NA	NA	NA	NA	NA	NA	NA	NA	NA	NA	NA	NA	NA	NA	NA	NA	NA	NA	NA	NA	NA	NA	NA	0	0	NA	4A	4A112	178	2	4	Addition	Early	Addition
2018-06-29T00:00:00Z	4	A	112	1	NA	1	3	3	NA	NA	NA	NA	NA	NA	NA	NA	NA	NA	NA	NA	NA	NA	NA	NA	NA	NA	NA	NA	NA	NA	NA	NA	NA	NA	NA	NA	NA	NA	NA	NA	4A	4A112	180	3	1	Addition	Early	Addition
2018-07-06T00:00:00Z	4	A	112	1	NA	0	0	NA	NA	NA	NA	NA	NA	NA	NA	NA	NA	NA	NA	NA	NA	NA	NA	NA	NA	NA	NA	NA	NA	NA	NA	NA	NA	NA	NA	NA	NA	NA	NA	S	4A	4A112	187	0	0	Addition	Early	Addition
2018-07-16T00:00:00Z	4	A	112	1	32.5	0	0	NA	NA	NA	NA	NA	NA	NA	NA	NA	NA	NA	NA	NA	NA	NA	NA	NA	NA	NA	NA	NA	NA	NA	NA	NA	NA	NA	NA	NA	NA	0	NA	NA	4A	4A112	197	0	0	Addition	Early	Addition
2018-07-20T00:00:00Z	4	A	112	1	NA	0	0	NA	NA	NA	NA	NA	NA	NA	NA	NA	NA	NA	NA	NA	NA	NA	NA	NA	NA	NA	NA	NA	NA	NA	NA	NA	NA	NA	NA	NA	0	0	NA	NA	4A	4A112	201	0	0	Addition	Early	Addition
2018-07-25T00:00:00Z	4	A	112	1	NA	0	0	NA	NA	NA	NA	NA	NA	NA	NA	NA	NA	NA	NA	NA	NA	NA	NA	NA	NA	NA	NA	NA	NA	NA	NA	NA	NA	NA	NA	NA	NA	NA	NA	NA	4A	4A112	206	0	0	Addition	Early	Addition
2018-07-02T00:00:00Z	4	A	117	1	NA	1	2	0	NA	NA	NA	NA	NA	NA	NA	NA	NA	NA	NA	NA	NA	NA	NA	NA	NA	NA	NA	NA	NA	NA	NA	NA	NA	NA	NA	NA	NA	0	NA	NA	4A	4A117	183	2	1	Addition	Early	Addition
2018-07-06T00:00:00Z	4	A	117	1	NA	3	1	1	NA	NA	NA	NA	NA	NA	NA	NA	NA	NA	NA	NA	NA	NA	NA	NA	NA	NA	NA	NA	NA	NA	NA	NA	NA	NA	NA	NA	NA	NA	NA	NA	4A	4A117	187	1	3	Addition	Early	Addition
2018-07-11T00:00:00Z	4	A	117	1	NA	3	2	2	NA	NA	NA	NA	NA	NA	NA	NA	NA	NA	NA	NA	NA	NA	NA	NA	NA	NA	NA	NA	NA	NA	NA	NA	NA	NA	NA	NA	NA	1	1	NA	4A	4A117	192	2	3	Addition	Early	Addition
2018-07-16T00:00:00Z	4	A	117	1	17	2	1	NA	NA	NA	NA	NA	NA	NA	NA	NA	NA	NA	NA	NA	NA	NA	NA	NA	NA	NA	NA	NA	NA	NA	NA	NA	NA	NA	NA	NA	NA	1	NA	NA	4A	4A117	197	1	2	Addition	Early	Addition
2018-07-20T00:00:00Z	4	A	117	1	NA	2	1	NA	NA	NA	NA	NA	NA	NA	NA	NA	NA	NA	NA	NA	NA	NA	NA	NA	NA	NA	NA	NA	NA	NA	NA	NA	NA	NA	NA	NA	0	0	NA	NA	4A	4A117	201	1	2	Addition	Early	Addition
2018-07-25T00:00:00Z	4	A	117	1	NA	0	2	NA	NA	NA	NA	NA	NA	NA	NA	NA	NA	NA	NA	NA	NA	NA	NA	NA	NA	NA	NA	NA	NA	NA	NA	NA	NA	NA	NA	NA	NA	NA	NA	NA	4A	4A117	206	2	0	Addition	Early	Addition
2018-07-31T00:00:00Z	4	A	117	1	NA	3	2	2	NA	NA	NA	NA	NA	NA	NA	NA	NA	NA	NA	NA	NA	NA	NA	NA	NA	NA	NA	NA	NA	NA	NA	NA	NA	NA	NA	0	NA	1	1	NA	4A	4A117	212	2	3	Addition	Early	Addition
2018-08-10T00:00:00Z	4	A	117	1	NA	1	0	NA	NA	NA	NA	NA	NA	NA	NA	NA	NA	NA	NA	NA	NA	NA	NA	NA	NA	NA	NA	NA	NA	NA	NA	NA	NA	NA	NA	NA	NA	NA	NA	NA	4A	4A117	222	0	1	Addition	Early	Addition
2018-06-15T00:00:00Z	4	C	118	1	36	1	0	NA	NA	NA	NA	NA	NA	NA	NA	NA	NA	NA	NA	NA	NA	NA	NA	NA	NA	NA	NA	NA	NA	NA	NA	NA	NA	NA	NA	NA	NA	NA	NA	NA	4C	4C118	166	0	1	Control	Early	Control
2018-06-18T00:00:00Z	4	C	118	1	39	3	0	NA	NA	NA	NA	NA	NA	NA	NA	NA	NA	NA	NA	NA	NA	NA	NA	NA	NA	NA	NA	NA	NA	NA	NA	NA	NA	NA	NA	NA	NA	NA	NA	NA	4C	4C118	169	0	3	Control	Early	Control
2018-06-20T00:00:00Z	4	C	118	1	41	25	0	NA	NA	NA	NA	NA	NA	NA	NA	NA	NA	NA	NA	NA	NA	NA	NA	NA	NA	NA	NA	NA	NA	NA	NA	NA	NA	NA	NA	NA	NA	0	0	NA	4C	4C118	171	0	25	Control	Early	Control
2018-06-22T00:00:00Z	4	C	118	1	NA	20	1	NA	NA	NA	NA	NA	NA	NA	NA	NA	NA	NA	NA	NA	NA	NA	NA	NA	NA	NA	NA	NA	NA	NA	NA	NA	NA	NA	NA	NA	NA	NA	NA	NA	4C	4C118	173	1	20	Control	Early	Control
2018-06-25T00:00:00Z	4	C	118	1	NA	20	2	NA	NA	NA	NA	NA	NA	NA	NA	NA	NA	NA	NA	NA	NA	NA	NA	NA	NA	NA	NA	NA	NA	NA	NA	NA	NA	NA	NA	NA	NA	NA	NA	NA	4C	4C118	176	2	20	Control	Early	Control
2018-06-27T00:00:00Z	4	C	118	2	46	34	8	NA	3	0	NA	NA	NA	NA	NA	NA	NA	NA	NA	NA	NA	NA	NA	NA	NA	NA	NA	NA	NA	NA	NA	NA	NA	NA	NA	NA	NA	NA	NA	nectar robbing	4C	4C118	178	8	37	Control	Early	Control
2018-06-29T00:00:00Z	4	C	118	2	NA	21	10	9	5	0	0	NA	NA	NA	NA	NA	NA	NA	NA	NA	NA	NA	NA	NA	NA	NA	NA	NA	NA	NA	NA	NA	NA	NA	NA	NA	NA	NA	NA	NA	4C	4C118	180	10	26	Control	Early	Control
2018-07-02T00:00:00Z	4	C	118	2	NA	6	1	1	17	7	7	NA	NA	NA	NA	NA	NA	NA	NA	NA	NA	NA	NA	NA	NA	NA	NA	NA	NA	NA	NA	NA	NA	NA	NA	NA	NA	2	2	NA	4C	4C118	183	8	23	Control	Early	Control
2018-07-06T00:00:00Z	4	C	118	2	NA	4	3	3	10	7	7	NA	NA	NA	NA	NA	NA	NA	NA	NA	NA	NA	NA	NA	NA	NA	NA	NA	NA	NA	NA	NA	NA	NA	NA	NA	NA	NA	NA	NA	4C	4C118	187	10	14	Control	Early	Control
2018-07-09T00:00:00Z	4	C	118	2	NA	8	1	1	NA	NA	NA	NA	NA	NA	NA	NA	NA	NA	NA	NA	NA	NA	NA	NA	NA	NA	NA	NA	NA	NA	NA	NA	NA	NA	NA	NA	NA	4	4	NA	4C	4C118	190	1	8	Control	Early	Control
2018-07-11T00:00:00Z	4	C	118	2	NA	9	1	NA	NA	NA	NA	NA	NA	NA	NA	NA	NA	NA	NA	NA	NA	NA	NA	NA	NA	NA	NA	NA	NA	NA	NA	NA	NA	NA	NA	NA	NA	0	NA	NA	4C	4C118	192	1	9	Control	Early	Control
2018-07-16T00:00:00Z	4	C	118	2	43	0	1	1	0	1	NA	NA	NA	NA	NA	NA	NA	NA	NA	NA	NA	NA	NA	NA	NA	NA	NA	NA	NA	NA	NA	NA	NA	NA	NA	NA	NA	0	NA	NA	4C	4C118	197	2	0	Control	Early	Control
2018-07-20T00:00:00Z	4	C	118	1	NA	1	0	NA	NA	NA	NA	NA	NA	NA	NA	NA	NA	NA	NA	NA	NA	NA	NA	NA	NA	NA	NA	NA	NA	NA	NA	NA	NA	NA	NA	NA	NA	NA	NA	NA	4C	4C118	201	0	1	Control	Early	Control
2018-07-20T00:00:00Z	4	C	118	1	NA	0	0	NA	NA	NA	NA	NA	NA	NA	NA	NA	NA	NA	NA	NA	NA	NA	NA	NA	NA	NA	NA	NA	NA	NA	NA	NA	NA	NA	NA	NA	0	0	NA	NA	4C	4C118	201	0	0	Control	Early	Control
2018-07-31T00:00:00Z	4	C	118	1	NA	6	0	NA	NA	NA	NA	NA	NA	NA	NA	NA	NA	NA	NA	NA	NA	NA	NA	NA	NA	NA	NA	NA	NA	NA	NA	NA	NA	NA	NA	NA	NA	NA	NA	NA	4C	4C118	212	0	6	Control	Early	Control
2018-08-07T00:00:00Z	4	C	118	1	NA	9	0	NA	NA	NA	NA	NA	NA	NA	NA	NA	NA	NA	NA	NA	NA	NA	NA	NA	NA	NA	NA	NA	NA	NA	NA	NA	NA	NA	NA	NA	NA	NA	NA	NA	4C	4C118	219	0	9	Control	Early	Control
2018-08-10T00:00:00Z	4	C	118	1	NA	3	2	NA	NA	NA	NA	NA	NA	NA	NA	NA	NA	NA	NA	NA	NA	NA	NA	NA	NA	NA	NA	NA	NA	NA	NA	NA	NA	NA	NA	NA	NA	0	NA	NA	4C	4C118	222	2	3	Control	Early	Control
2018-06-25T00:00:00Z	6	C	118	1	NA	1	0	NA	NA	NA	NA	NA	NA	NA	NA	NA	NA	NA	NA	NA	NA	NA	NA	NA	NA	NA	NA	NA	NA	NA	NA	NA	NA	NA	NA	NA	NA	NA	NA	NA	6C	6C118	176	0	1	Control	Normal	Mock rainout
2018-06-27T00:00:00Z	6	C	118	1	24	4	0	NA	NA	NA	NA	NA	NA	NA	NA	NA	NA	NA	NA	NA	NA	NA	NA	NA	NA	NA	NA	NA	NA	NA	NA	NA	NA	NA	NA	NA	NA	0	0	NA	6C	6C118	178	0	4	Control	Normal	Mock rainout
2018-06-29T00:00:00Z	6	C	118	1	NA	4	0	0	NA	NA	NA	NA	NA	NA	NA	NA	NA	NA	NA	NA	NA	NA	NA	NA	NA	NA	NA	NA	NA	NA	NA	NA	NA	NA	NA	NA	NA	NA	NA	NA	6C	6C118	180	0	4	Control	Normal	Mock rainout
2018-07-05T00:00:00Z	6	C	118	1	NA	7	3	2	NA	NA	NA	NA	NA	NA	NA	NA	NA	NA	NA	NA	NA	NA	NA	NA	NA	NA	NA	NA	NA	NA	NA	NA	NA	NA	NA	NA	NA	0	NA	NA	6C	6C118	186	3	7	Control	Normal	Mock rainout
2018-07-11T00:00:00Z	6	C	118	1	NA	5	2	2	NA	NA	NA	NA	NA	NA	NA	NA	NA	NA	NA	NA	NA	NA	NA	NA	NA	NA	NA	NA	NA	NA	NA	NA	NA	NA	NA	NA	NA	1	1	NA	6C	6C118	192	2	5	Control	Normal	Mock rainout
2018-07-16T00:00:00Z	6	C	118	1	26	1	3	NA	NA	NA	NA	NA	NA	NA	NA	NA	NA	NA	NA	NA	NA	NA	NA	NA	NA	NA	NA	NA	NA	NA	NA	NA	NA	NA	NA	NA	NA	0	NA	NA	6C	6C118	197	3	1	Control	Normal	Mock rainout
2018-07-20T00:00:00Z	6	C	118	1	NA	0	0	NA	NA	NA	NA	NA	NA	NA	NA	NA	NA	NA	NA	NA	NA	NA	NA	NA	NA	NA	NA	NA	NA	NA	NA	NA	NA	NA	NA	NA	0	0	NA	NA	6C	6C118	201	0	0	Control	Normal	Mock rainout
2018-08-10T00:00:00Z	6	C	118	1	NA	4	0	NA	NA	NA	NA	NA	NA	NA	NA	NA	NA	NA	NA	NA	NA	NA	NA	NA	NA	NA	NA	NA	NA	NA	NA	NA	NA	NA	NA	NA	NA	NA	NA	NA	6C	6C118	222	0	4	Control	Normal	Mock rainout
2018-08-15T00:00:00Z	6	C	118	1	NA	2	0	0	NA	NA	NA	NA	NA	NA	NA	NA	NA	NA	NA	NA	NA	NA	NA	NA	NA	NA	NA	NA	NA	NA	NA	NA	NA	NA	NA	0	0	NA	NA	NA	6C	6C118	227	0	2	Control	Normal	Mock rainout
2018-06-15T00:00:00Z	4	C	119	1	NA	1	NA	NA	NA	NA	NA	NA	NA	NA	NA	NA	NA	NA	NA	NA	NA	NA	NA	NA	NA	NA	NA	NA	NA	NA	NA	NA	NA	NA	NA	NA	NA	NA	NA	NA	4C	4C119	166	0	1	Control	Early	Control
2018-06-15T00:00:00Z	4	C	119	1	26	4	0	NA	NA	NA	NA	NA	NA	NA	NA	NA	NA	NA	NA	NA	NA	NA	NA	NA	NA	NA	NA	NA	NA	NA	NA	NA	NA	NA	NA	NA	NA	NA	NA	NA	4C	4C119	166	0	4	Control	Early	Control
2018-06-18T00:00:00Z	4	C	119	1	32	9	0	NA	NA	NA	NA	NA	NA	NA	NA	NA	NA	NA	NA	NA	NA	NA	NA	NA	NA	NA	NA	NA	NA	NA	NA	NA	NA	NA	NA	NA	NA	NA	NA	NA	4C	4C119	169	0	9	Control	Early	Control
2018-06-20T00:00:00Z	4	C	119	1	33	17	2	NA	NA	NA	NA	NA	NA	NA	NA	NA	NA	NA	NA	NA	NA	NA	NA	NA	NA	NA	NA	NA	NA	NA	NA	NA	NA	NA	NA	NA	NA	0	0	NA	4C	4C119	171	2	17	Control	Early	Control
2018-06-22T00:00:00Z	4	C	119	1	NA	13	3	NA	NA	NA	NA	NA	NA	NA	NA	NA	NA	NA	NA	NA	NA	NA	NA	NA	NA	NA	NA	NA	NA	NA	NA	NA	NA	NA	NA	NA	NA	NA	NA	NA	4C	4C119	173	3	13	Control	Early	Control
2018-06-25T00:00:00Z	4	C	119	1	NA	11	6	NA	NA	NA	NA	NA	NA	NA	NA	NA	NA	NA	NA	NA	NA	NA	NA	NA	NA	NA	NA	NA	NA	NA	NA	NA	NA	NA	NA	NA	NA	NA	NA	NA	4C	4C119	176	6	11	Control	Early	Control
2018-06-27T00:00:00Z	4	C	119	1	36	22	8	NA	NA	NA	NA	NA	NA	NA	NA	NA	NA	NA	NA	NA	NA	NA	NA	NA	NA	NA	NA	NA	NA	NA	NA	NA	NA	NA	NA	NA	NA	4	4	nectar robbing	4C	4C119	178	8	22	Control	Early	Control
2018-06-29T00:00:00Z	4	C	119	1	NA	10	2	0	NA	NA	NA	NA	NA	NA	NA	NA	NA	NA	NA	NA	NA	NA	NA	NA	NA	NA	NA	NA	NA	NA	NA	NA	NA	NA	NA	NA	NA	NA	NA	NA	4C	4C119	180	2	10	Control	Early	Control
2018-07-02T00:00:00Z	4	C	119	1	NA	13	5	2	NA	NA	NA	NA	NA	NA	NA	NA	NA	NA	NA	NA	NA	NA	NA	NA	NA	NA	NA	NA	NA	NA	NA	NA	NA	NA	NA	NA	NA	2	2	NA	4C	4C119	183	5	13	Control	Early	Control
2018-07-06T00:00:00Z	4	C	119	1	NA	10	6	5	NA	NA	NA	NA	NA	NA	NA	NA	NA	NA	NA	NA	NA	NA	NA	NA	NA	NA	NA	NA	NA	NA	NA	NA	NA	NA	NA	NA	NA	NA	NA	NA	4C	4C119	187	6	10	Control	Early	Control
2018-07-09T00:00:00Z	4	C	119	2	NA	3	2	2	12	7	7	NA	NA	NA	NA	NA	NA	NA	NA	NA	NA	NA	NA	NA	NA	NA	NA	NA	NA	NA	NA	NA	NA	NA	NA	1	NA	2	2	NA	4C	4C119	190	9	15	Control	Early	Control
2018-07-11T00:00:00Z	4	C	119	1	NA	8	3	3	NA	NA	NA	NA	NA	NA	NA	NA	NA	NA	NA	NA	NA	NA	NA	NA	NA	NA	NA	NA	NA	NA	NA	NA	NA	NA	NA	NA	NA	1	NA	NA	4C	4C119	192	3	8	Control	Early	Control
2018-07-16T00:00:00Z	4	C	119	1	39	2	2	NA	NA	NA	NA	NA	NA	NA	NA	NA	NA	NA	NA	NA	NA	NA	NA	NA	NA	NA	NA	NA	NA	NA	NA	NA	NA	NA	NA	NA	NA	2	2	NA	4C	4C119	197	2	2	Control	Early	Control
2018-07-20T00:00:00Z	4	C	119	1	NA	0	0	NA	NA	NA	NA	NA	NA	NA	NA	NA	NA	NA	NA	NA	NA	NA	NA	NA	NA	NA	NA	NA	NA	NA	NA	NA	NA	NA	NA	NA	NA	NA	NA	NA	4C	4C119	201	0	0	Control	Early	Control
2018-07-20T00:00:00Z	4	C	119	1	NA	0	1	NA	NA	NA	NA	NA	NA	NA	NA	NA	NA	NA	NA	NA	NA	NA	NA	NA	NA	NA	NA	NA	NA	NA	NA	NA	NA	NA	NA	NA	0	0	NA	NA	4C	4C119	201	1	0	Control	Early	Control
2018-07-31T00:00:00Z	4	C	119	1	NA	1	0	NA	NA	NA	NA	NA	NA	NA	NA	NA	NA	NA	NA	NA	NA	NA	NA	NA	NA	NA	NA	NA	NA	NA	NA	NA	NA	NA	NA	NA	NA	NA	NA	NA	4C	4C119	212	0	1	Control	Early	Control
2018-07-11T00:00:00Z	4	A	120	1	NA	3	0	NA	NA	NA	NA	NA	NA	NA	NA	NA	NA	NA	NA	NA	NA	NA	NA	NA	NA	NA	NA	NA	NA	NA	NA	NA	NA	NA	NA	NA	NA	0	NA	NA	4A	4A120	192	0	3	Addition	Early	Addition
2018-07-16T00:00:00Z	4	A	120	1	26	2	2	NA	NA	NA	NA	NA	NA	NA	NA	NA	NA	NA	NA	NA	NA	NA	NA	NA	NA	NA	NA	NA	NA	NA	NA	NA	NA	NA	NA	NA	NA	0	NA	NA	4A	4A120	197	2	2	Addition	Early	Addition
2018-07-25T00:00:00Z	4	A	120	1	NA	0	0	NA	NA	NA	NA	NA	NA	NA	NA	NA	NA	NA	NA	NA	NA	NA	NA	NA	NA	NA	NA	NA	NA	NA	NA	NA	NA	NA	NA	NA	NA	NA	NA	NA	4A	4A120	206	0	0	Addition	Early	Addition
2018-07-31T00:00:00Z	4	A	120	1	NA	2	0	NA	NA	NA	NA	NA	NA	NA	NA	NA	NA	NA	NA	NA	NA	NA	NA	NA	NA	NA	NA	NA	NA	NA	NA	NA	NA	NA	NA	NA	NA	NA	NA	NA	4A	4A120	212	0	2	Addition	Early	Addition
2018-08-07T00:00:00Z	4	A	120	1	NA	2	0	NA	NA	NA	NA	NA	NA	NA	NA	NA	NA	NA	NA	NA	NA	NA	NA	NA	NA	NA	NA	NA	NA	NA	NA	NA	NA	NA	NA	NA	NA	NA	NA	NA	4A	4A120	219	0	2	Addition	Early	Addition
2018-08-10T00:00:00Z	4	A	120	1	NA	10	0	NA	NA	NA	NA	NA	NA	NA	NA	NA	NA	NA	NA	NA	NA	NA	NA	NA	NA	NA	NA	NA	NA	NA	NA	NA	NA	NA	NA	NA	NA	NA	NA	NA	4A	4A120	222	0	10	Addition	Early	Addition
2018-08-15T00:00:00Z	4	A	120	1	NA	3	0	0	NA	NA	NA	NA	NA	NA	NA	NA	NA	NA	NA	NA	NA	NA	NA	NA	NA	NA	NA	NA	NA	NA	NA	NA	NA	NA	NA	0	0	NA	NA	NA	4A	4A120	227	0	3	Addition	Early	Addition
2018-06-20T00:00:00Z	5	A	125	1	26	10	0	NA	NA	NA	NA	NA	NA	NA	NA	NA	NA	NA	NA	NA	NA	NA	NA	NA	NA	NA	NA	NA	NA	NA	NA	NA	NA	NA	NA	NA	NA	NA	NA	NA	5A	5A125	171	0	10	Addition	Early	Addition
2018-06-22T00:00:00Z	6	A	125	1	NA	17	0	NA	NA	NA	NA	NA	NA	NA	NA	NA	NA	NA	NA	NA	NA	NA	NA	NA	NA	NA	NA	NA	NA	NA	NA	NA	NA	NA	NA	NA	NA	NA	NA	NA	6A	6A125	173	0	17	Control	Normal	Control
2018-06-25T00:00:00Z	6	A	125	1	NA	21	1	NA	NA	NA	NA	NA	NA	NA	NA	NA	NA	NA	NA	NA	NA	NA	NA	NA	NA	NA	NA	NA	NA	NA	NA	NA	NA	NA	NA	NA	NA	NA	NA	NA	6A	6A125	176	1	21	Control	Normal	Control
2018-06-27T00:00:00Z	6	A	125	1	33	20	6	NA	NA	NA	NA	NA	NA	NA	NA	NA	NA	NA	NA	NA	NA	NA	NA	NA	NA	NA	NA	NA	NA	NA	NA	NA	NA	NA	NA	NA	NA	2	2	NA	6A	6A125	178	6	20	Control	Normal	Control
2018-06-29T00:00:00Z	6	A	125	1	NA	22	11	9	NA	NA	NA	NA	NA	NA	NA	NA	NA	NA	NA	NA	NA	NA	NA	NA	NA	NA	NA	NA	NA	NA	NA	NA	NA	NA	NA	NA	NA	NA	NA	NA	6A	6A125	180	11	22	Control	Normal	Control
2018-07-05T00:00:00Z	6	A	125	1	NA	6	9	5	NA	NA	NA	NA	NA	NA	NA	NA	NA	NA	NA	NA	NA	NA	NA	NA	NA	NA	NA	NA	NA	NA	NA	NA	NA	NA	NA	NA	NA	0	NA	NA	6A	6A125	186	9	6	Control	Normal	Control
2018-07-05T00:00:00Z	6	A	125	1	NA	5	6	5	NA	NA	NA	NA	NA	NA	NA	NA	NA	NA	NA	NA	NA	NA	NA	NA	NA	NA	NA	NA	NA	NA	NA	NA	NA	NA	NA	NA	NA	0	NA	NA	6A	6A125	186	6	5	Control	Normal	Control
2018-07-09T00:00:00Z	6	A	125	1	NA	2	4	3	NA	NA	NA	NA	NA	NA	NA	NA	NA	NA	NA	NA	NA	NA	NA	NA	NA	NA	NA	NA	NA	NA	NA	NA	NA	NA	NA	NA	NA	NA	NA	NA	6A	6A125	190	4	2	Control	Normal	Control
2018-07-11T00:00:00Z	6	A	125	1	NA	2	1	1	NA	NA	NA	NA	NA	NA	NA	NA	NA	NA	NA	NA	NA	NA	NA	NA	NA	NA	NA	NA	NA	NA	NA	NA	NA	NA	NA	NA	NA	NA	NA	NA	6A	6A125	192	1	2	Control	Normal	Control
2018-07-16T00:00:00Z	6	A	125	1	35	0	0	NA	NA	NA	NA	NA	NA	NA	NA	NA	NA	NA	NA	NA	NA	NA	NA	NA	NA	NA	NA	NA	NA	NA	NA	NA	NA	NA	NA	NA	NA	0	NA	NA	6A	6A125	197	0	0	Control	Normal	Control
2018-07-20T00:00:00Z	6	A	125	1	NA	0	0	NA	NA	NA	NA	NA	NA	NA	NA	NA	NA	NA	NA	NA	NA	NA	NA	NA	NA	NA	NA	NA	NA	NA	NA	NA	NA	NA	NA	NA	0	0	NA	NA	6A	6A125	201	0	0	Control	Normal	Control
2018-07-25T00:00:00Z	6	A	125	1	NA	0	0	NA	NA	NA	NA	NA	NA	NA	NA	NA	NA	NA	NA	NA	NA	NA	NA	NA	NA	NA	NA	NA	NA	NA	NA	NA	NA	NA	NA	NA	NA	NA	NA	NA	6A	6A125	206	0	0	Control	Normal	Control
2018-07-31T00:00:00Z	6	A	125	1	NA	10	0	NA	NA	NA	NA	NA	NA	NA	NA	NA	NA	NA	NA	NA	NA	NA	NA	NA	NA	NA	NA	NA	NA	NA	NA	NA	NA	NA	NA	NA	NA	NA	NA	NA	6A	6A125	212	0	10	Control	Normal	Control
2018-08-07T00:00:00Z	6	A	125	1	NA	0	1	NA	NA	NA	NA	NA	NA	NA	NA	NA	NA	NA	NA	NA	NA	NA	NA	NA	NA	NA	NA	NA	NA	NA	NA	NA	NA	NA	NA	NA	NA	NA	NA	NA	6A	6A125	219	1	0	Control	Normal	Control
2018-08-10T00:00:00Z	6	A	125	1	NA	8	0	NA	NA	NA	NA	NA	NA	NA	NA	NA	NA	NA	NA	NA	NA	NA	NA	NA	NA	NA	NA	NA	NA	NA	NA	NA	NA	NA	NA	NA	NA	NA	NA	NA	6A	6A125	222	0	8	Control	Normal	Control
2018-08-15T00:00:00Z	6	A	125	1	NA	2	0	0	NA	NA	NA	NA	NA	NA	NA	NA	NA	NA	NA	NA	NA	NA	NA	NA	NA	NA	NA	NA	NA	NA	NA	NA	NA	NA	NA	1	1	NA	NA	NA	6A	6A125	227	0	2	Control	Normal	Control
2018-06-18T00:00:00Z	3	A	127	1	37	1	0	NA	NA	NA	NA	NA	NA	NA	NA	NA	NA	NA	NA	NA	NA	NA	NA	NA	NA	NA	NA	NA	NA	NA	NA	NA	NA	NA	NA	NA	NA	NA	NA	NA	3A	3A127	169	0	1	Reduction	Normal	Reduction
2018-06-20T00:00:00Z	3	A	127	1	38	1	0	NA	NA	NA	NA	NA	NA	NA	NA	NA	NA	NA	NA	NA	NA	NA	NA	NA	NA	NA	NA	NA	NA	NA	NA	NA	NA	NA	NA	NA	NA	NA	NA	NA	3A	3A127	171	0	1	Reduction	Normal	Reduction
2018-06-22T00:00:00Z	3	A	127	1	NA	7	0	NA	NA	NA	NA	NA	NA	NA	NA	NA	NA	NA	NA	NA	NA	NA	NA	NA	NA	NA	NA	NA	NA	NA	NA	NA	NA	NA	NA	NA	NA	NA	NA	NA	3A	3A127	173	0	7	Reduction	Normal	Reduction
2018-06-25T00:00:00Z	3	A	127	1	NA	16	1	NA	NA	NA	NA	NA	NA	NA	NA	NA	NA	NA	NA	NA	NA	NA	NA	NA	NA	NA	NA	NA	NA	NA	NA	NA	NA	NA	NA	NA	NA	NA	NA	NA	3A	3A127	176	1	16	Reduction	Normal	Reduction
2018-07-03T00:00:00Z	3	A	127	1	NA	11	8	5	NA	NA	NA	NA	NA	NA	NA	NA	NA	NA	NA	NA	NA	NA	NA	NA	NA	NA	NA	NA	NA	NA	NA	NA	NA	NA	NA	NA	NA	2	2	NA	3A	3A127	184	8	11	Reduction	Normal	Reduction
2018-07-06T00:00:00Z	3	A	127	1	NA	4	6	5	NA	NA	NA	NA	NA	NA	NA	NA	NA	NA	NA	NA	NA	NA	NA	NA	NA	NA	NA	NA	NA	NA	NA	NA	NA	NA	NA	NA	NA	NA	NA	NA	3A	3A127	187	6	4	Reduction	Normal	Reduction
2018-07-09T00:00:00Z	3	A	127	1	NA	3	5	4	NA	NA	NA	NA	NA	NA	NA	NA	NA	NA	NA	NA	NA	NA	NA	NA	NA	NA	NA	NA	NA	NA	NA	NA	NA	NA	NA	NA	NA	3	3	NA	3A	3A127	190	5	3	Reduction	Normal	Reduction
2018-07-16T00:00:00Z	3	A	127	1	44	0	1	0	NA	NA	NA	NA	NA	NA	NA	NA	NA	NA	NA	NA	NA	NA	NA	NA	NA	NA	NA	NA	NA	NA	NA	NA	NA	NA	NA	NA	NA	0	NA	NA	3A	3A127	197	1	0	Reduction	Normal	Reduction
2018-07-20T00:00:00Z	3	A	127	1	NA	0	0	NA	NA	NA	NA	NA	NA	NA	NA	NA	NA	NA	NA	NA	NA	NA	NA	NA	NA	NA	NA	NA	NA	NA	NA	NA	NA	NA	NA	NA	NA	NA	NA	NA	3A	3A127	201	0	0	Reduction	Normal	Reduction
2018-07-20T00:00:00Z	3	A	127	1	NA	0	0	0	NA	NA	NA	NA	NA	NA	NA	NA	NA	NA	NA	NA	NA	NA	NA	NA	NA	NA	NA	NA	NA	NA	NA	NA	NA	NA	NA	NA	0	0	NA	NA	3A	3A127	201	0	0	Reduction	Normal	Reduction
2018-06-29T00:00:00Z	3	A	127	1	NA	21	8	3	NA	NA	NA	NA	NA	NA	NA	NA	NA	NA	NA	NA	NA	NA	NA	NA	NA	NA	NA	NA	NA	NA	NA	NA	NA	NA	NA	NA	NA	NA	NA	NA	3A	3A127	180	8	21	Reduction	Normal	Reduction
2018-06-27T00:00:00Z	3	A	127	1	43	16	2	NA	NA	NA	NA	NA	NA	NA	NA	NA	NA	NA	NA	NA	NA	NA	NA	NA	NA	NA	NA	NA	NA	NA	NA	NA	NA	NA	NA	NA	NA	2	2	NA	3A	3A127	178	2	16	Reduction	Normal	Reduction
2018-06-25T00:00:00Z	3	C	127	1	NA	3	0	NA	NA	NA	NA	NA	NA	NA	NA	NA	NA	NA	NA	NA	NA	NA	NA	NA	NA	NA	NA	NA	NA	NA	NA	NA	NA	NA	NA	NA	NA	NA	NA	NA	3C	3C127	176	0	3	Addition	Normal	Addition
2018-07-03T00:00:00Z	3	C	127	1	NA	10	4	0	NA	NA	NA	NA	NA	NA	NA	NA	NA	NA	NA	NA	NA	NA	NA	NA	NA	NA	NA	NA	NA	NA	NA	NA	NA	NA	NA	NA	NA	2	2	NA	3C	3C127	184	4	10	Addition	Normal	Addition
2018-07-06T00:00:00Z	3	C	127	1	NA	4	6	4	NA	NA	NA	NA	NA	NA	NA	NA	NA	NA	NA	NA	NA	NA	NA	NA	NA	NA	NA	NA	NA	NA	NA	NA	NA	NA	NA	NA	NA	NA	NA	NA	3C	3C127	187	6	4	Addition	Normal	Addition
2018-07-09T00:00:00Z	3	C	127	1	NA	3	2	2	NA	NA	NA	NA	NA	NA	NA	NA	NA	NA	NA	NA	NA	NA	NA	NA	NA	NA	NA	NA	NA	NA	NA	NA	NA	NA	NA	NA	NA	1	NA	NA	3C	3C127	190	2	3	Addition	Normal	Addition
2018-07-16T00:00:00Z	3	C	127	1	33	0	0	NA	NA	NA	NA	NA	NA	NA	NA	NA	NA	NA	NA	NA	NA	NA	NA	NA	NA	NA	NA	NA	NA	NA	NA	NA	NA	NA	NA	NA	NA	0	NA	NA	3C	3C127	197	0	0	Addition	Normal	Addition
2018-07-20T00:00:00Z	3	C	127	1	NA	0	0	NA	NA	NA	NA	NA	NA	NA	NA	NA	NA	NA	NA	NA	NA	NA	NA	NA	NA	NA	NA	NA	NA	NA	NA	NA	NA	NA	NA	NA	NA	NA	NA	NA	3C	3C127	201	0	0	Addition	Normal	Addition
2018-07-20T00:00:00Z	3	C	127	1	NA	0	0	0	NA	NA	NA	NA	NA	NA	NA	NA	NA	NA	NA	NA	NA	NA	NA	NA	NA	NA	NA	NA	NA	NA	NA	NA	NA	NA	NA	NA	0	0	NA	NA	3C	3C127	201	0	0	Addition	Normal	Addition
2018-08-07T00:00:00Z	3	C	127	1	NA	3	2	NA	NA	NA	NA	NA	NA	NA	NA	NA	NA	NA	NA	NA	NA	NA	NA	NA	NA	NA	NA	NA	NA	NA	NA	NA	NA	NA	NA	NA	NA	NA	NA	NA	3C	3C127	219	2	3	Addition	Normal	Addition
2018-08-10T00:00:00Z	3	C	127	1	NA	2	1	NA	NA	NA	NA	NA	NA	NA	NA	NA	NA	NA	NA	NA	NA	NA	NA	NA	NA	NA	NA	NA	NA	NA	NA	NA	NA	NA	NA	NA	NA	0	NA	NA	3C	3C127	222	1	2	Addition	Normal	Addition
2018-08-15T00:00:00Z	3	C	127	1	NA	0	1	0	NA	NA	NA	NA	NA	NA	NA	NA	NA	NA	NA	NA	NA	NA	NA	NA	NA	NA	NA	NA	NA	NA	NA	NA	NA	NA	NA	0	0	0	NA	NA	3C	3C127	227	1	0	Addition	Normal	Addition
2018-06-27T00:00:00Z	3	C	127	1	31	9	0	NA	NA	NA	NA	NA	NA	NA	NA	NA	NA	NA	NA	NA	NA	NA	NA	NA	NA	NA	NA	NA	NA	NA	NA	NA	NA	NA	NA	NA	NA	NA	NA	NA	3C	3C127	178	0	9	Addition	Normal	Addition
2018-06-10T00:00:00Z	3	A	128	NA	NA	6	0	NA	NA	NA	NA	NA	NA	NA	NA	NA	NA	NA	NA	NA	NA	NA	NA	NA	NA	NA	NA	NA	NA	NA	NA	NA	NA	NA	NA	NA	NA	NA	NA	NA	3A	3A128	161	0	6	Reduction	Normal	Reduction
2018-06-15T00:00:00Z	3	A	128	1	37.5	21	0	NA	NA	NA	NA	NA	NA	NA	NA	NA	NA	NA	NA	NA	NA	NA	NA	NA	NA	NA	NA	NA	NA	NA	NA	NA	NA	NA	NA	NA	NA	NA	NA	3 buds damaged	3A	3A128	166	0	21	Reduction	Normal	Reduction
2018-06-15T00:00:00Z	3	A	128	1	NA	20	NA	NA	NA	NA	NA	NA	NA	NA	NA	NA	NA	NA	NA	NA	NA	NA	NA	NA	NA	NA	NA	NA	NA	NA	NA	NA	NA	NA	NA	NA	NA	NA	NA	1 damaged	3A	3A128	166	0	20	Reduction	Normal	Reduction
2018-06-18T00:00:00Z	3	A	128	1	38	19	4	NA	NA	NA	NA	NA	NA	NA	NA	NA	NA	NA	NA	NA	NA	NA	NA	NA	NA	NA	NA	NA	NA	NA	NA	NA	NA	NA	NA	NA	NA	NA	NA	NA	3A	3A128	169	4	19	Reduction	Normal	Reduction
2018-06-20T00:00:00Z	3	A	128	1	41	19	11	NA	NA	NA	NA	NA	NA	NA	NA	NA	NA	NA	NA	NA	NA	NA	NA	NA	NA	NA	NA	NA	NA	NA	NA	NA	NA	NA	NA	1	NA	6	5	1 egg fell off.	3A	3A128	171	11	19	Reduction	Normal	Reduction
2018-06-22T00:00:00Z	3	A	128	1	NA	11	8	NA	NA	NA	NA	NA	NA	NA	NA	NA	NA	NA	NA	NA	NA	NA	NA	NA	NA	NA	NA	NA	NA	NA	NA	NA	NA	NA	NA	NA	NA	NA	NA	NA	3A	3A128	173	8	11	Reduction	Normal	Reduction
2018-06-25T00:00:00Z	3	A	128	1	NA	20	6	NA	NA	NA	NA	NA	NA	NA	NA	NA	NA	NA	NA	NA	NA	NA	NA	NA	NA	NA	NA	NA	NA	NA	NA	NA	NA	NA	NA	NA	NA	NA	NA	NA	3A	3A128	176	6	20	Reduction	Normal	Reduction
2018-07-03T00:00:00Z	3	A	128	1	NA	1	6	2	NA	NA	NA	NA	NA	NA	NA	NA	NA	NA	NA	NA	NA	NA	NA	NA	NA	NA	NA	NA	NA	NA	NA	NA	NA	NA	NA	NA	NA	0	NA	broken	3A	3A128	184	6	1	Reduction	Normal	Reduction
2018-07-06T00:00:00Z	3	A	128	1	NA	1	5	5	NA	NA	NA	NA	NA	NA	NA	NA	NA	NA	NA	NA	NA	NA	NA	NA	NA	NA	NA	NA	NA	NA	NA	NA	NA	NA	NA	NA	NA	NA	NA	NA	3A	3A128	187	5	1	Reduction	Normal	Reduction
2018-07-09T00:00:00Z	3	A	128	1	NA	0	1	NA	NA	NA	NA	NA	NA	NA	NA	NA	NA	NA	NA	NA	NA	NA	NA	NA	NA	NA	NA	NA	NA	NA	NA	NA	NA	NA	NA	NA	NA	0	NA	NA	3A	3A128	190	1	0	Reduction	Normal	Reduction
2018-07-16T00:00:00Z	3	A	128	1	41	0	0	NA	NA	NA	NA	NA	NA	NA	NA	NA	NA	NA	NA	NA	NA	NA	NA	NA	NA	NA	NA	NA	NA	NA	NA	NA	NA	NA	NA	NA	NA	0	NA	NA	3A	3A128	197	0	0	Reduction	Normal	Reduction
2018-07-20T00:00:00Z	3	A	128	1	NA	2	0	NA	NA	NA	NA	NA	NA	NA	NA	NA	NA	NA	NA	NA	NA	NA	NA	NA	NA	NA	NA	NA	NA	NA	NA	NA	NA	NA	NA	NA	NA	NA	NA	NA	3A	3A128	201	0	2	Reduction	Normal	Reduction
2018-07-20T00:00:00Z	3	A	128	1	NA	0	0	0	NA	NA	NA	NA	NA	NA	NA	NA	NA	NA	NA	NA	NA	NA	NA	NA	NA	NA	NA	NA	NA	NA	NA	NA	NA	NA	NA	NA	0	0	NA	NA	3A	3A128	201	0	0	Reduction	Normal	Reduction
2018-06-29T00:00:00Z	3	A	128	1	NA	14	4	2	NA	NA	NA	NA	NA	NA	NA	NA	NA	NA	NA	NA	NA	NA	NA	NA	NA	NA	NA	NA	NA	NA	NA	NA	NA	NA	NA	NA	NA	NA	NA	NA	3A	3A128	180	4	14	Reduction	Normal	Reduction
2018-07-31T00:00:00Z	3	A	128	1	NA	11	3	NA	NA	NA	NA	NA	NA	NA	NA	NA	NA	NA	NA	NA	NA	NA	NA	NA	NA	NA	NA	NA	NA	NA	NA	NA	NA	NA	NA	0	NA	0	NA	NA	3A	3A128	212	3	11	Reduction	Normal	Reduction
2018-08-07T00:00:00Z	3	A	128	1	NA	6	2	NA	NA	NA	NA	NA	NA	NA	NA	NA	NA	NA	NA	NA	NA	NA	NA	NA	NA	NA	NA	NA	NA	NA	NA	NA	NA	NA	NA	NA	NA	NA	NA	NA	3A	3A128	219	2	6	Reduction	Normal	Reduction
2018-08-10T00:00:00Z	3	A	128	1	NA	5	0	NA	NA	NA	NA	NA	NA	NA	NA	NA	NA	NA	NA	NA	NA	NA	NA	NA	NA	NA	NA	NA	NA	NA	NA	NA	NA	NA	NA	NA	NA	NA	NA	NA	3A	3A128	222	0	5	Reduction	Normal	Reduction
2018-08-15T00:00:00Z	3	A	128	1	NA	1	0	0	NA	NA	NA	NA	NA	NA	NA	NA	NA	NA	NA	NA	NA	NA	NA	NA	NA	NA	NA	NA	NA	NA	NA	NA	NA	NA	NA	0	0	NA	NA	NA	3A	3A128	227	0	1	Reduction	Normal	Reduction
2018-06-27T00:00:00Z	3	A	128	1	41.5	13	13	NA	NA	NA	NA	NA	NA	NA	NA	NA	NA	NA	NA	NA	NA	NA	NA	NA	NA	NA	NA	NA	NA	NA	NA	NA	NA	NA	NA	NA	NA	1	1	NR	3A	3A128	178	13	13	Reduction	Normal	Reduction
2018-06-20T00:00:00Z	2	B	129	2	26.5	1	0	NA	1	0	NA	NA	NA	NA	NA	NA	NA	NA	NA	NA	NA	NA	NA	NA	NA	NA	NA	NA	NA	NA	NA	NA	NA	NA	NA	NA	NA	NA	NA	NA	2B	2B129	171	0	2	Control	Early	Mock rainout
2018-06-22T00:00:00Z	2	B	129	2	NA	3	0	NA	2	0	NA	NA	NA	NA	NA	NA	NA	NA	NA	NA	NA	NA	NA	NA	NA	NA	NA	NA	NA	NA	NA	NA	NA	NA	NA	NA	NA	NA	NA	NA	2B	2B129	173	0	5	Control	Early	Mock rainout
2018-06-25T00:00:00Z	2	B	129	2	NA	7	1	NA	5	1	NA	NA	NA	NA	NA	NA	NA	NA	NA	NA	NA	NA	NA	NA	NA	NA	NA	NA	NA	NA	NA	NA	NA	NA	NA	NA	NA	NA	NA	NA	2B	2B129	176	2	12	Control	Early	Mock rainout
2018-07-03T00:00:00Z	2	B	129	2	NA	0	3	2	8	2	2	NA	NA	NA	NA	NA	NA	NA	NA	NA	NA	NA	NA	NA	NA	NA	NA	NA	NA	NA	NA	NA	NA	NA	NA	0	NA	1	1	NA	2B	2B129	184	5	8	Control	Early	Mock rainout
2018-07-06T00:00:00Z	2	B	129	2	NA	3	1	0	6	3	1	NA	NA	NA	NA	NA	NA	NA	NA	NA	NA	NA	NA	NA	NA	NA	NA	NA	NA	NA	NA	NA	NA	NA	NA	NA	NA	NA	NA	NA	2B	2B129	187	4	9	Control	Early	Mock rainout
2018-07-09T00:00:00Z	2	B	129	2	NA	2	1	0	0	4	3	NA	NA	NA	NA	NA	NA	NA	NA	NA	NA	NA	NA	NA	NA	NA	NA	NA	NA	NA	NA	NA	NA	NA	NA	NA	NA	2	2	NA	2B	2B129	190	5	2	Control	Early	Mock rainout
2018-07-16T00:00:00Z	2	B	129	2	28	0	0	0	0	1	1	NA	NA	NA	NA	NA	NA	NA	NA	NA	NA	NA	NA	NA	NA	NA	NA	NA	NA	NA	NA	NA	NA	NA	NA	NA	NA	1	1	NA	2B	2B129	197	1	0	Control	Early	Mock rainout
2018-07-20T00:00:00Z	2	B	129	2	NA	1	0	NA	NA	NA	NA	NA	NA	NA	NA	NA	NA	NA	NA	NA	NA	NA	NA	NA	NA	NA	NA	NA	NA	NA	NA	NA	NA	NA	NA	NA	NA	NA	NA	NA	2B	2B129	201	0	1	Control	Early	Mock rainout
2018-07-20T00:00:00Z	2	B	129	2	NA	0	0	0	NA	NA	NA	NA	NA	NA	NA	NA	NA	NA	NA	NA	NA	NA	NA	NA	NA	NA	NA	NA	NA	NA	NA	NA	NA	NA	NA	NA	0	0	NA	NA	2B	2B129	201	0	0	Control	Early	Mock rainout
2018-06-29T00:00:00Z	2	B	129	2	NA	10	4	3	7	2	0	NA	NA	NA	NA	NA	NA	NA	NA	NA	NA	NA	NA	NA	NA	NA	NA	NA	NA	NA	NA	NA	NA	NA	NA	NA	NA	NA	NA	NA	2B	2B129	180	6	17	Control	Early	Mock rainout
2018-07-31T00:00:00Z	2	B	129	1	NA	1	1	0	NA	NA	NA	NA	NA	NA	NA	NA	NA	NA	NA	NA	NA	NA	NA	NA	NA	NA	NA	NA	NA	NA	NA	NA	NA	NA	NA	NA	NA	0	NA	NA	2B	2B129	212	1	1	Control	Early	Mock rainout
2018-06-27T00:00:00Z	2	B	129	2	29.5	7	0	NA	7	0	NA	NA	NA	NA	NA	NA	NA	NA	NA	NA	NA	NA	NA	NA	NA	NA	NA	NA	NA	NA	NA	NA	NA	NA	NA	NA	NA	NA	NA	1 broken	2B	2B129	178	0	14	Control	Early	Mock rainout
2018-07-09T00:00:00Z	3	B	132	1	NA	0	0	NA	NA	NA	NA	NA	NA	NA	NA	NA	NA	NA	NA	NA	NA	NA	NA	NA	NA	NA	NA	NA	NA	NA	NA	NA	NA	NA	NA	NA	NA	0	NA	NA	3B	3B132	190	0	0	Control	Normal	Mock rainout
2018-06-10T00:00:00Z	3	C	132	NA	NA	3	0	NA	NA	NA	NA	NA	NA	NA	NA	NA	NA	NA	NA	NA	NA	NA	NA	NA	NA	NA	NA	NA	NA	NA	NA	NA	NA	NA	NA	NA	NA	NA	NA	NA	3C	3C132	161	0	3	Addition	Normal	Addition
2018-06-15T00:00:00Z	3	C	132	1	41	15	0	NA	NA	NA	NA	NA	NA	NA	NA	NA	NA	NA	NA	NA	NA	NA	NA	NA	NA	NA	NA	NA	NA	NA	NA	NA	NA	NA	NA	NA	1	NA	NA	1 fly; 1 bud damaged	3C	3C132	166	0	15	Addition	Normal	Addition
2018-06-15T00:00:00Z	3	C	132	1	NA	7	NA	NA	NA	NA	NA	NA	NA	NA	NA	NA	NA	NA	NA	NA	NA	NA	NA	NA	NA	NA	NA	NA	NA	NA	NA	NA	NA	NA	NA	NA	NA	NA	NA	NA	3C	3C132	166	0	7	Addition	Normal	Addition
2018-06-18T00:00:00Z	3	C	132	1	43	17	1	NA	1	NA	NA	NA	NA	NA	NA	NA	NA	NA	NA	NA	NA	NA	NA	NA	NA	NA	NA	NA	NA	NA	NA	NA	NA	NA	NA	NA	NA	NA	NA	NA	3C	3C132	169	1	18	Addition	Normal	Addition
2018-06-20T00:00:00Z	3	C	132	1	42.5	18	6	NA	NA	NA	NA	NA	NA	NA	NA	NA	NA	NA	NA	NA	NA	NA	NA	NA	NA	NA	NA	NA	NA	NA	NA	NA	NA	NA	NA	1	NA	3	3	NA	3C	3C132	171	6	18	Addition	Normal	Addition
2018-06-22T00:00:00Z	3	C	132	1	NA	13	11	NA	NA	NA	NA	NA	NA	NA	NA	NA	NA	NA	NA	NA	NA	NA	NA	NA	NA	NA	NA	NA	NA	NA	NA	NA	NA	NA	NA	NA	NA	NA	NA	NA	3C	3C132	173	11	13	Addition	Normal	Addition
2018-06-25T00:00:00Z	3	C	132	1	NA	15	7	NA	NA	NA	NA	NA	NA	NA	NA	NA	NA	NA	NA	NA	NA	NA	NA	NA	NA	NA	NA	NA	NA	NA	NA	NA	NA	NA	NA	NA	1	NA	NA	NA	3C	3C132	176	7	15	Addition	Normal	Addition
2018-07-03T00:00:00Z	3	C	132	1	NA	4	4	4	NA	NA	NA	NA	NA	NA	NA	NA	NA	NA	NA	NA	NA	NA	NA	NA	NA	NA	NA	NA	NA	NA	NA	NA	NA	NA	NA	NA	NA	2	2	NA	3C	3C132	184	4	4	Addition	Normal	Addition
2018-07-06T00:00:00Z	3	C	132	1	NA	2	4	3	NA	NA	NA	NA	NA	NA	NA	NA	NA	NA	NA	NA	NA	NA	NA	NA	NA	NA	NA	NA	NA	NA	NA	NA	NA	NA	NA	NA	NA	NA	NA	NA	3C	3C132	187	4	2	Addition	Normal	Addition
2018-07-16T00:00:00Z	3	C	132	1	45	0	0	NA	NA	NA	NA	NA	NA	NA	NA	NA	NA	NA	NA	NA	NA	NA	NA	NA	NA	NA	NA	NA	NA	NA	NA	NA	NA	NA	NA	NA	NA	0	NA	NA	3C	3C132	197	0	0	Addition	Normal	Addition
2018-07-20T00:00:00Z	3	C	132	1	NA	0	0	NA	NA	NA	NA	NA	NA	NA	NA	NA	NA	NA	NA	NA	NA	NA	NA	NA	NA	NA	NA	NA	NA	NA	NA	NA	NA	NA	NA	NA	NA	NA	NA	NA	3C	3C132	201	0	0	Addition	Normal	Addition
2018-07-20T00:00:00Z	3	C	132	1	NA	0	0	NA	NA	NA	NA	NA	NA	NA	NA	NA	NA	NA	NA	NA	NA	NA	NA	NA	NA	NA	NA	NA	NA	NA	NA	NA	NA	NA	NA	NA	NA	NA	NA	NA	3C	3C132	201	0	0	Addition	Normal	Addition
2018-07-20T00:00:00Z	3	C	132	1	NA	0	0	0	NA	NA	NA	NA	NA	NA	NA	NA	NA	NA	NA	NA	NA	NA	NA	NA	NA	NA	NA	NA	NA	NA	NA	NA	NA	NA	NA	NA	0	0	NA	NA	3C	3C132	201	0	0	Addition	Normal	Addition
2018-06-29T00:00:00Z	3	C	132	1	NA	19	8	3	NA	NA	NA	NA	NA	NA	NA	NA	NA	NA	NA	NA	NA	NA	NA	NA	NA	NA	NA	NA	NA	NA	NA	NA	NA	NA	NA	NA	NA	NA	NA	NA	3C	3C132	180	8	19	Addition	Normal	Addition
2018-06-27T00:00:00Z	3	C	132	1	45.5	10	12	NA	NA	NA	NA	NA	NA	NA	NA	NA	NA	NA	NA	NA	NA	NA	NA	NA	NA	NA	NA	NA	NA	NA	NA	NA	NA	NA	NA	NA	NA	5	5	NA	3C	3C132	178	12	10	Addition	Normal	Addition
2018-07-16T00:00:00Z	6	A	132	2	22	0	1	NA	0	0	NA	NA	NA	NA	NA	NA	NA	NA	NA	NA	NA	NA	NA	NA	NA	NA	NA	NA	NA	NA	NA	NA	NA	NA	NA	NA	NA	0	NA	NA	6A	6A132	197	1	0	Control	Normal	Control
2018-06-22T00:00:00Z	6	A	133	1	NA	2	0	NA	NA	NA	NA	NA	NA	NA	NA	NA	NA	NA	NA	NA	NA	NA	NA	NA	NA	NA	NA	NA	NA	NA	NA	NA	NA	NA	NA	NA	NA	NA	NA	NA	6A	6A133	173	0	2	Control	Normal	Control
2018-06-25T00:00:00Z	6	A	133	1	NA	7	0	NA	NA	NA	NA	NA	NA	NA	NA	NA	NA	NA	NA	NA	NA	NA	NA	NA	NA	NA	NA	NA	NA	NA	NA	NA	NA	NA	NA	NA	NA	NA	NA	NA	6A	6A133	176	0	7	Control	Normal	Control
2018-06-27T00:00:00Z	6	A	133	1	19	10	1	NA	NA	NA	NA	NA	NA	NA	NA	NA	NA	NA	NA	NA	NA	NA	NA	NA	NA	NA	NA	NA	NA	NA	NA	NA	NA	NA	NA	NA	NA	0	0	NA	6A	6A133	178	1	10	Control	Normal	Control
2018-06-29T00:00:00Z	6	A	133	1	NA	8	2	1	NA	NA	NA	NA	NA	NA	NA	NA	NA	NA	NA	NA	NA	NA	NA	NA	NA	NA	NA	NA	NA	NA	NA	NA	NA	NA	NA	NA	NA	NA	NA	NA	6A	6A133	180	2	8	Control	Normal	Control
2018-07-05T00:00:00Z	6	A	133	1	NA	3	1	0	NA	NA	NA	NA	NA	NA	NA	NA	NA	NA	NA	NA	NA	NA	NA	NA	NA	NA	NA	NA	NA	NA	NA	NA	NA	NA	NA	NA	NA	0	NA	NA	6A	6A133	186	1	3	Control	Normal	Control
2018-07-05T00:00:00Z	6	A	133	1	NA	3	0	0	NA	NA	NA	NA	NA	NA	NA	NA	NA	NA	NA	NA	NA	NA	NA	NA	NA	NA	NA	NA	NA	NA	NA	NA	NA	NA	NA	NA	NA	NA	NA	NA	6A	6A133	186	0	3	Control	Normal	Control
2018-07-09T00:00:00Z	6	A	133	1	NA	1	1	1	NA	NA	NA	NA	NA	NA	NA	NA	NA	NA	NA	NA	NA	NA	NA	NA	NA	NA	NA	NA	NA	NA	NA	NA	NA	NA	NA	NA	NA	NA	NA	NA	6A	6A133	190	1	1	Control	Normal	Control
2018-07-11T00:00:00Z	6	A	133	2	NA	0	0	0	2	0	0	NA	NA	NA	NA	NA	NA	NA	NA	NA	NA	NA	NA	NA	NA	NA	NA	NA	NA	NA	NA	NA	NA	NA	NA	NA	NA	NA	NA	NA	6A	6A133	192	0	2	Control	Normal	Control
2018-06-20T00:00:00Z	5	A	135	2	18	1	0	NA	0	0	NA	NA	NA	NA	NA	NA	NA	NA	NA	NA	NA	NA	NA	NA	NA	NA	NA	NA	NA	NA	NA	NA	NA	NA	NA	NA	NA	NA	NA	NA	5A	5A135	171	0	1	Addition	Early	Addition
2018-06-22T00:00:00Z	6	A	135	2	NA	4	0	NA	0	0	NA	NA	NA	NA	NA	NA	NA	NA	NA	NA	NA	NA	NA	NA	NA	NA	NA	NA	NA	NA	NA	NA	NA	NA	NA	NA	NA	NA	NA	NA	6A	6A135	173	0	4	Control	Normal	Control
2018-06-25T00:00:00Z	6	A	135	2	NA	6	0	NA	7	1	NA	NA	NA	NA	NA	NA	NA	NA	NA	NA	NA	NA	NA	NA	NA	NA	NA	NA	NA	NA	NA	NA	NA	NA	NA	NA	NA	NA	NA	NA	6A	6A135	176	1	13	Control	Normal	Control
2018-06-27T00:00:00Z	6	A	135	2	23	11	0	NA	12	1	NA	NA	NA	NA	NA	NA	NA	NA	NA	NA	NA	NA	NA	NA	NA	NA	NA	NA	NA	NA	NA	NA	NA	NA	NA	NA	NA	1	1	NA	6A	6A135	178	1	23	Control	Normal	Control
2018-06-29T00:00:00Z	6	A	135	2	NA	6	4	0	0	4	0	NA	NA	NA	NA	NA	NA	NA	NA	NA	NA	NA	NA	NA	NA	NA	NA	NA	NA	NA	NA	NA	NA	NA	NA	NA	NA	NA	NA	NA	6A	6A135	180	8	6	Control	Normal	Control
2018-07-05T00:00:00Z	6	A	135	2	NA	2	5	1	1	5	4	NA	NA	NA	NA	NA	NA	NA	NA	NA	NA	NA	NA	NA	NA	NA	NA	NA	NA	NA	NA	NA	NA	NA	NA	NA	NA	0	NA	NA	6A	6A135	186	10	3	Control	Normal	Control
2018-07-05T00:00:00Z	6	A	135	2	NA	1	4	4	3	5	2	NA	NA	NA	NA	NA	NA	NA	NA	NA	NA	NA	NA	NA	NA	NA	NA	NA	NA	NA	NA	NA	NA	NA	NA	NA	NA	0	NA	NA	6A	6A135	186	9	4	Control	Normal	Control
2018-07-09T00:00:00Z	6	A	135	2	NA	2	0	0	0	0	NA	NA	NA	NA	NA	NA	NA	NA	NA	NA	NA	NA	NA	NA	NA	NA	NA	NA	NA	NA	NA	NA	NA	NA	NA	NA	NA	NA	NA	NA	6A	6A135	190	0	2	Control	Normal	Control
2018-07-20T00:00:00Z	6	A	135	1	NA	0	0	NA	NA	NA	NA	NA	NA	NA	NA	NA	NA	NA	NA	NA	NA	NA	NA	NA	NA	NA	NA	NA	NA	NA	NA	NA	NA	NA	NA	NA	0	0	NA	NA	6A	6A135	201	0	0	Control	Normal	Control
2018-07-25T00:00:00Z	6	A	135	2	NA	0	0	NA	NA	NA	NA	NA	NA	NA	NA	NA	NA	NA	NA	NA	NA	NA	NA	NA	NA	NA	NA	NA	NA	NA	NA	NA	NA	NA	NA	NA	NA	NA	NA	NA	6A	6A135	206	0	0	Control	Normal	Control
2018-08-07T00:00:00Z	6	A	135	2	NA	1	1	NA	NA	NA	NA	NA	NA	NA	NA	NA	NA	NA	NA	NA	NA	NA	NA	NA	NA	NA	NA	NA	NA	NA	NA	NA	NA	NA	NA	NA	NA	NA	NA	NA	6A	6A135	219	1	1	Control	Normal	Control
2018-08-10T00:00:00Z	6	A	135	2	NA	0	1	NA	NA	NA	NA	NA	NA	NA	NA	NA	NA	NA	NA	NA	NA	NA	NA	NA	NA	NA	NA	NA	NA	NA	NA	NA	NA	NA	NA	NA	NA	0	NA	NA	6A	6A135	222	1	0	Control	Normal	Control
2018-06-20T00:00:00Z	5	A	143	1	46	1	0	NA	NA	NA	NA	NA	NA	NA	NA	NA	NA	NA	NA	NA	NA	NA	NA	NA	NA	NA	NA	NA	NA	NA	NA	NA	NA	NA	NA	NA	NA	NA	NA	NA	5A	5A143	171	0	1	Addition	Early	Addition
2018-06-22T00:00:00Z	6	A	143	1	NA	5	0	NA	NA	NA	NA	NA	NA	NA	NA	NA	NA	NA	NA	NA	NA	NA	NA	NA	NA	NA	NA	NA	NA	NA	NA	NA	NA	NA	NA	NA	NA	NA	NA	NA	6A	6A143	173	0	5	Control	Normal	Control
2018-06-25T00:00:00Z	6	A	143	1	NA	10	1	NA	NA	NA	NA	NA	NA	NA	NA	NA	NA	NA	NA	NA	NA	NA	NA	NA	NA	NA	NA	NA	NA	NA	NA	NA	NA	NA	NA	NA	NA	NA	NA	NA	6A	6A143	176	1	10	Control	Normal	Control
2018-06-27T00:00:00Z	6	A	143	1	32	11	3	NA	NA	NA	NA	NA	NA	NA	NA	NA	NA	NA	NA	NA	NA	NA	NA	NA	NA	NA	NA	NA	NA	NA	NA	NA	NA	NA	NA	NA	NA	2	2	NA	6A	6A143	178	3	11	Control	Normal	Control
2018-06-29T00:00:00Z	6	A	143	1	NA	12	2	0	NA	NA	NA	NA	NA	NA	NA	NA	NA	NA	NA	NA	NA	NA	NA	NA	NA	NA	NA	NA	NA	NA	NA	NA	NA	NA	NA	NA	NA	NA	NA	NA	6A	6A143	180	2	12	Control	Normal	Control
2018-07-05T00:00:00Z	6	A	143	1	NA	4	4	3	NA	NA	NA	NA	NA	NA	NA	NA	NA	NA	NA	NA	NA	NA	NA	NA	NA	NA	NA	NA	NA	NA	NA	NA	NA	NA	NA	NA	NA	2	2	NA	6A	6A143	186	4	4	Control	Normal	Control
2018-07-05T00:00:00Z	6	A	143	1	NA	4	4	3	NA	NA	NA	NA	NA	NA	NA	NA	NA	NA	NA	NA	NA	NA	NA	NA	NA	NA	NA	NA	NA	NA	NA	NA	NA	NA	NA	NA	NA	2	2	NA	6A	6A143	186	4	4	Control	Normal	Control
2018-07-09T00:00:00Z	6	A	143	1	NA	0	2	1	NA	NA	NA	NA	NA	NA	NA	NA	NA	NA	NA	NA	NA	NA	NA	NA	NA	NA	NA	NA	NA	NA	NA	NA	NA	NA	NA	NA	NA	NA	NA	NA	6A	6A143	190	2	0	Control	Normal	Control
2018-07-09T00:00:00Z	6	A	143	1	NA	0	1	1	NA	NA	NA	NA	NA	NA	NA	NA	NA	NA	NA	NA	NA	NA	NA	NA	NA	NA	NA	NA	NA	NA	NA	NA	NA	NA	NA	NA	NA	NA	NA	NA	6A	6A143	190	1	0	Control	Normal	Control
2018-07-11T00:00:00Z	6	A	143	1	NA	0	0	NA	NA	NA	NA	NA	NA	NA	NA	NA	NA	NA	NA	NA	NA	NA	NA	NA	NA	NA	NA	NA	NA	NA	NA	NA	NA	NA	NA	NA	NA	NA	NA	NA	6A	6A143	192	0	0	Control	Normal	Control
2018-07-16T00:00:00Z	6	A	143	1	31	0	0	NA	NA	NA	NA	NA	NA	NA	NA	NA	NA	NA	NA	NA	NA	NA	NA	NA	NA	NA	NA	NA	NA	NA	NA	NA	NA	NA	NA	NA	NA	0	NA	NA	6A	6A143	197	0	0	Control	Normal	Control
2018-07-25T00:00:00Z	6	A	143	1	NA	0	0	NA	NA	NA	NA	NA	NA	NA	NA	NA	NA	NA	NA	NA	NA	NA	NA	NA	NA	NA	NA	NA	NA	NA	NA	NA	NA	NA	NA	NA	NA	NA	NA	NA	6A	6A143	206	0	0	Control	Normal	Control
2018-08-07T00:00:00Z	6	A	143	1	NA	3	0	NA	NA	NA	NA	NA	NA	NA	NA	NA	NA	NA	NA	NA	NA	NA	NA	NA	NA	NA	NA	NA	NA	NA	NA	NA	NA	NA	NA	NA	NA	NA	NA	NA	6A	6A143	219	0	3	Control	Normal	Control
2018-08-10T00:00:00Z	6	A	143	1	NA	3	3	NA	NA	NA	NA	NA	NA	NA	NA	NA	NA	NA	NA	NA	NA	NA	NA	NA	NA	NA	NA	NA	NA	NA	NA	NA	NA	NA	NA	NA	NA	0	NA	NA	6A	6A143	222	3	3	Control	Normal	Control
2018-06-25T00:00:00Z	3	C	147	1	NA	4	0	NA	NA	NA	NA	NA	NA	NA	NA	NA	NA	NA	NA	NA	NA	NA	NA	NA	NA	NA	NA	NA	NA	NA	NA	NA	NA	NA	NA	NA	NA	NA	NA	NA	3C	3C147	176	0	4	Addition	Normal	Addition
2018-07-03T00:00:00Z	3	C	147	1	NA	17	4	0	NA	NA	NA	NA	NA	NA	NA	NA	NA	NA	NA	NA	NA	NA	NA	NA	NA	NA	NA	NA	NA	NA	NA	NA	NA	NA	NA	NA	NA	1	1	NA	3C	3C147	184	4	17	Addition	Normal	Addition
2018-07-06T00:00:00Z	3	C	147	1	NA	19	5	5	NA	NA	NA	NA	NA	NA	NA	NA	NA	NA	NA	NA	NA	NA	NA	NA	NA	NA	NA	NA	NA	NA	NA	NA	NA	NA	NA	NA	NA	NA	NA	NA	3C	3C147	187	5	19	Addition	Normal	Addition
2018-07-09T00:00:00Z	3	C	147	1	NA	22	6	3	NA	NA	NA	NA	NA	NA	NA	NA	NA	NA	NA	NA	NA	NA	NA	NA	NA	NA	NA	NA	NA	NA	NA	NA	NA	NA	NA	NA	NA	1	NA	NA	3C	3C147	190	6	22	Addition	Normal	Addition
2018-07-16T00:00:00Z	3	C	147	1	44	5	5	5	NA	NA	NA	NA	NA	NA	NA	NA	NA	NA	NA	NA	NA	NA	NA	NA	NA	NA	NA	NA	NA	NA	NA	NA	NA	NA	NA	NA	NA	0	NA	NA	3C	3C147	197	5	5	Addition	Normal	Addition
2018-07-20T00:00:00Z	3	C	147	1	NA	2	0	NA	NA	NA	NA	NA	NA	NA	NA	NA	NA	NA	NA	NA	NA	NA	NA	NA	NA	NA	NA	NA	NA	NA	NA	NA	NA	NA	NA	NA	NA	NA	NA	NA	3C	3C147	201	0	2	Addition	Normal	Addition
2018-07-20T00:00:00Z	3	C	147	1	NA	4	3	3	NA	NA	NA	NA	NA	NA	NA	NA	NA	NA	NA	NA	NA	NA	NA	NA	NA	NA	NA	NA	NA	NA	NA	NA	NA	NA	NA	NA	0	0	NA	NA	3C	3C147	201	3	4	Addition	Normal	Addition
2018-06-29T00:00:00Z	3	C	147	1	NA	16	0	0	NA	NA	NA	NA	NA	NA	NA	NA	NA	NA	NA	NA	NA	NA	NA	NA	NA	NA	NA	NA	NA	NA	NA	NA	NA	NA	NA	NA	NA	NA	NA	NA	3C	3C147	180	0	16	Addition	Normal	Addition
2018-07-31T00:00:00Z	3	C	147	1	NA	4	1	NA	NA	NA	NA	NA	NA	NA	NA	NA	NA	NA	NA	NA	NA	NA	NA	NA	NA	NA	NA	NA	NA	NA	NA	NA	NA	NA	NA	0	NA	0	NA	NA	3C	3C147	212	1	4	Addition	Normal	Addition
2018-08-07T00:00:00Z	3	C	147	1	NA	3	1	NA	NA	NA	NA	NA	NA	NA	NA	NA	NA	NA	NA	NA	NA	NA	NA	NA	NA	NA	NA	NA	NA	NA	NA	NA	NA	NA	NA	NA	NA	NA	NA	NA	3C	3C147	219	1	3	Addition	Normal	Addition
2018-08-10T00:00:00Z	3	C	147	1	NA	2	2	NA	NA	NA	NA	NA	NA	NA	NA	NA	NA	NA	NA	NA	NA	NA	NA	NA	NA	NA	NA	NA	NA	NA	NA	NA	NA	NA	NA	NA	NA	3	2	NA	3C	3C147	222	2	2	Addition	Normal	Addition
2018-08-15T00:00:00Z	3	C	147	1	NA	0	1	0	NA	NA	NA	NA	NA	NA	NA	NA	NA	NA	NA	NA	NA	NA	NA	NA	NA	NA	NA	NA	NA	NA	NA	NA	NA	NA	NA	0	0	0	NA	NA	3C	3C147	227	1	0	Addition	Normal	Addition
2018-06-27T00:00:00Z	3	C	147	1	38.5	12	0	NA	NA	NA	NA	NA	NA	NA	NA	NA	NA	NA	NA	NA	NA	NA	NA	NA	NA	NA	NA	NA	NA	NA	NA	NA	NA	NA	NA	NA	NA	NA	NA	NA	3C	3C147	178	0	12	Addition	Normal	Addition
2018-06-20T00:00:00Z	5	A	151	1	25	12	1	NA	NA	NA	NA	NA	NA	NA	NA	NA	NA	NA	NA	NA	NA	NA	NA	NA	NA	NA	NA	NA	NA	NA	NA	NA	NA	NA	NA	NA	NA	NA	NA	NA	5A	5A151	171	1	12	Addition	Early	Addition
2018-06-15T00:00:00Z	6	A	151	1	23	1	0	NA	NA	NA	NA	NA	NA	NA	NA	NA	NA	NA	NA	NA	NA	NA	NA	NA	NA	NA	NA	NA	NA	NA	NA	NA	NA	NA	NA	NA	NA	NA	NA	NA	6A	6A151	166	0	1	Control	Normal	Control
2018-06-21T00:00:00Z	6	A	151	NA	NA	NA	NA	NA	NA	NA	NA	NA	NA	NA	NA	NA	NA	NA	NA	NA	NA	NA	NA	NA	NA	NA	NA	NA	NA	NA	NA	NA	NA	NA	NA	NA	NA	0	NA	NA	6A	6A151	172	0	0	Control	Normal	Control
2018-06-22T00:00:00Z	6	A	151	1	NA	17	2	NA	NA	NA	NA	NA	NA	NA	NA	NA	NA	NA	NA	NA	NA	NA	NA	NA	NA	NA	NA	NA	NA	NA	NA	NA	NA	NA	NA	NA	NA	NA	NA	NA	6A	6A151	173	2	17	Control	Normal	Control
2018-06-25T00:00:00Z	6	A	151	1	NA	10	9	NA	NA	NA	NA	NA	NA	NA	NA	NA	NA	NA	NA	NA	NA	NA	NA	NA	NA	NA	NA	NA	NA	NA	NA	NA	NA	NA	NA	NA	NA	NA	NA	NA	6A	6A151	176	9	10	Control	Normal	Control
2018-06-27T00:00:00Z	6	A	151	1	27	17	5	NA	NA	NA	NA	NA	NA	NA	NA	NA	NA	NA	NA	NA	NA	NA	NA	NA	NA	NA	NA	NA	NA	NA	NA	NA	NA	NA	NA	NA	NA	1	1	nectar robbing	6A	6A151	178	5	17	Control	Normal	Control
2018-06-27T00:00:00Z	6	A	151	1	26	28	5	NA	NA	NA	NA	NA	NA	NA	NA	NA	NA	NA	NA	NA	NA	NA	NA	NA	NA	NA	NA	NA	NA	NA	NA	NA	NA	NA	NA	NA	NA	3	3	NA	6A	6A151	178	5	28	Control	Normal	Control
2018-06-29T00:00:00Z	6	A	151	1	NA	21	4	0	NA	NA	NA	NA	NA	NA	NA	NA	NA	NA	NA	NA	NA	NA	NA	NA	NA	NA	NA	NA	NA	NA	NA	NA	NA	NA	NA	NA	NA	NA	NA	NA	6A	6A151	180	4	21	Control	Normal	Control
2018-07-05T00:00:00Z	6	A	151	1	NA	7	9	5	NA	NA	NA	NA	NA	NA	NA	NA	NA	NA	NA	NA	NA	NA	NA	NA	NA	NA	NA	NA	NA	NA	NA	NA	NA	NA	NA	NA	NA	0	NA	NA	6A	6A151	186	9	7	Control	Normal	Control
2018-07-05T00:00:00Z	6	A	151	1	NA	6	7	3	NA	NA	NA	NA	NA	NA	NA	NA	NA	NA	NA	NA	NA	NA	NA	NA	NA	NA	NA	NA	NA	NA	NA	NA	NA	NA	NA	NA	NA	0	NA	NA	6A	6A151	186	7	6	Control	Normal	Control
2018-07-09T00:00:00Z	6	A	151	1	NA	0	6	4	NA	NA	NA	NA	NA	NA	NA	NA	NA	NA	NA	NA	NA	NA	NA	NA	NA	NA	NA	NA	NA	NA	NA	NA	NA	NA	NA	NA	NA	NA	NA	NA	6A	6A151	190	6	0	Control	Normal	Control
2018-07-11T00:00:00Z	6	A	151	1	NA	0	3	3	NA	NA	NA	NA	NA	NA	NA	NA	NA	NA	NA	NA	NA	NA	NA	NA	NA	NA	NA	NA	NA	NA	NA	NA	NA	NA	NA	NA	NA	0	NA	NA	6A	6A151	192	3	0	Control	Normal	Control
2018-07-16T00:00:00Z	6	A	151	1	27	0	0	NA	NA	NA	NA	NA	NA	NA	NA	NA	NA	NA	NA	NA	NA	NA	NA	NA	NA	NA	NA	NA	NA	NA	NA	NA	NA	NA	NA	NA	NA	0	NA	NA	6A	6A151	197	0	0	Control	Normal	Control
2018-07-20T00:00:00Z	6	A	151	1	NA	0	0	NA	NA	NA	NA	NA	NA	NA	NA	NA	NA	NA	NA	NA	NA	NA	NA	NA	NA	NA	NA	NA	NA	NA	NA	NA	NA	NA	NA	NA	0	0	NA	NA	6A	6A151	201	0	0	Control	Normal	Control
2018-07-25T00:00:00Z	6	A	151	1	NA	0	0	NA	NA	NA	NA	NA	NA	NA	NA	NA	NA	NA	NA	NA	NA	NA	NA	NA	NA	NA	NA	NA	NA	NA	NA	NA	NA	NA	NA	NA	NA	NA	NA	NA	6A	6A151	206	0	0	Control	Normal	Control
2018-06-15T00:00:00Z	3	C	156	1	39.5	12	0	NA	NA	NA	NA	NA	NA	NA	NA	NA	NA	NA	NA	NA	NA	NA	NA	NA	NA	NA	NA	NA	NA	NA	NA	NA	NA	NA	NA	NA	NA	NA	NA	2 buds damaged	3C	3C156	166	0	12	Addition	Normal	Addition
2018-06-15T00:00:00Z	3	C	156	1	NA	6	NA	NA	NA	NA	NA	NA	NA	NA	NA	NA	NA	NA	NA	NA	NA	NA	NA	NA	NA	NA	NA	NA	NA	NA	NA	NA	NA	NA	NA	NA	NA	NA	NA	NA	3C	3C156	166	0	6	Addition	Normal	Addition
2018-06-18T00:00:00Z	3	C	156	1	39.5	16	3	NA	NA	NA	NA	NA	NA	NA	NA	NA	NA	NA	NA	NA	NA	NA	NA	NA	NA	NA	NA	NA	NA	NA	NA	NA	NA	NA	NA	NA	NA	NA	NA	NA	3C	3C156	169	3	16	Addition	Normal	Addition
2018-06-20T00:00:00Z	3	C	156	1	43.5	14	6	NA	NA	NA	NA	NA	NA	NA	NA	NA	NA	NA	NA	NA	NA	NA	NA	NA	NA	NA	NA	NA	NA	NA	NA	NA	NA	NA	NA	NA	NA	3	2	NA	3C	3C156	171	6	14	Addition	Normal	Addition
2018-06-22T00:00:00Z	3	C	156	1	NA	11	9	NA	NA	NA	NA	NA	NA	NA	NA	NA	NA	NA	NA	NA	NA	NA	NA	NA	NA	NA	NA	NA	NA	NA	NA	NA	NA	NA	NA	NA	NA	NA	NA	NA	3C	3C156	173	9	11	Addition	Normal	Addition
2018-06-25T00:00:00Z	3	C	156	1	NA	15	8	NA	NA	NA	NA	NA	NA	NA	NA	NA	NA	NA	NA	NA	NA	NA	NA	NA	NA	NA	NA	NA	NA	NA	NA	NA	NA	NA	NA	NA	NA	NA	NA	NA	3C	3C156	176	8	15	Addition	Normal	Addition
2018-07-03T00:00:00Z	3	C	156	1	NA	5	3	1	NA	NA	NA	NA	NA	NA	NA	NA	NA	NA	NA	NA	NA	NA	NA	NA	NA	NA	NA	NA	NA	NA	NA	NA	NA	NA	NA	NA	NA	0	0	NA	3C	3C156	184	3	5	Addition	Normal	Addition
2018-07-06T00:00:00Z	3	C	156	1	NA	5	2	0	NA	NA	NA	NA	NA	NA	NA	NA	NA	NA	NA	NA	NA	NA	NA	NA	NA	NA	NA	NA	NA	NA	NA	NA	NA	NA	NA	NA	NA	NA	NA	NA	3C	3C156	187	2	5	Addition	Normal	Addition
2018-07-09T00:00:00Z	3	C	156	1	NA	3	6	6	NA	NA	NA	NA	NA	NA	NA	NA	NA	NA	NA	NA	NA	NA	NA	NA	NA	NA	NA	NA	NA	NA	NA	NA	NA	NA	NA	NA	NA	0	NA	NA	3C	3C156	190	6	3	Addition	Normal	Addition
2018-07-16T00:00:00Z	3	C	156	1	48	4	1	NA	NA	NA	NA	NA	NA	NA	NA	NA	NA	NA	NA	NA	NA	NA	NA	NA	NA	NA	NA	NA	NA	NA	NA	NA	NA	NA	NA	NA	NA	0	NA	NA	3C	3C156	197	1	4	Addition	Normal	Addition
2018-07-20T00:00:00Z	3	C	156	1	NA	1	0	NA	NA	NA	NA	NA	NA	NA	NA	NA	NA	NA	NA	NA	NA	NA	NA	NA	NA	NA	NA	NA	NA	NA	NA	NA	NA	NA	NA	NA	NA	NA	NA	NA	3C	3C156	201	0	1	Addition	Normal	Addition
2018-07-20T00:00:00Z	3	C	156	1	NA	3	2	0	NA	NA	NA	NA	NA	NA	NA	NA	NA	NA	NA	NA	NA	NA	NA	NA	NA	NA	NA	NA	NA	NA	NA	NA	NA	NA	NA	NA	0	0	NA	NA	3C	3C156	201	2	3	Addition	Normal	Addition
2018-06-29T00:00:00Z	3	C	156	1	NA	15	6	2	NA	NA	NA	NA	NA	NA	NA	NA	NA	NA	NA	NA	NA	NA	NA	NA	NA	NA	NA	NA	NA	NA	NA	NA	NA	NA	NA	NA	NA	NA	NA	NA	3C	3C156	180	6	15	Addition	Normal	Addition
2018-06-27T00:00:00Z	3	C	156	1	48	14	4	NA	NA	NA	NA	NA	NA	NA	NA	NA	NA	NA	NA	NA	NA	NA	NA	NA	NA	NA	NA	NA	NA	NA	NA	NA	NA	NA	NA	NA	NA	0	NA	NR	3C	3C156	178	4	14	Addition	Normal	Addition
2018-06-18T00:00:00Z	4	B	160	1	27	9	1	NA	NA	NA	NA	NA	NA	NA	NA	NA	NA	NA	NA	NA	NA	NA	NA	NA	NA	NA	NA	NA	NA	NA	NA	NA	NA	NA	NA	NA	NA	NA	NA	NA	4B	4B160	169	1	9	Control	Early	Mock rainout
2018-06-29T00:00:00Z	4	B	160	1	NA	9	7	6	NA	NA	NA	NA	NA	NA	NA	NA	NA	NA	NA	NA	NA	NA	NA	NA	NA	NA	NA	NA	NA	NA	NA	NA	NA	NA	NA	NA	NA	NA	NA	NA	4B	4B160	180	7	9	Control	Early	Mock rainout
2018-07-16T00:00:00Z	4	B	160	1	33	0	0	NA	NA	NA	NA	NA	NA	NA	NA	NA	NA	NA	NA	NA	NA	NA	NA	NA	NA	NA	NA	NA	NA	NA	NA	NA	NA	NA	NA	NA	NA	0	NA	NA	4B	4B160	197	0	0	Control	Early	Mock rainout
2018-06-20T00:00:00Z	5	A	160	1	19.5	1	0	NA	NA	NA	NA	NA	NA	NA	NA	NA	NA	NA	NA	NA	NA	NA	NA	NA	NA	NA	NA	NA	NA	NA	NA	NA	NA	NA	NA	NA	NA	NA	NA	NA	5A	5A160	171	0	1	Addition	Early	Addition
2018-06-22T00:00:00Z	6	A	160	1	NA	6	0	NA	NA	NA	NA	NA	NA	NA	NA	NA	NA	NA	NA	NA	NA	NA	NA	NA	NA	NA	NA	NA	NA	NA	NA	NA	NA	NA	NA	NA	NA	NA	NA	NA	6A	6A160	173	0	6	Control	Normal	Control
2018-06-25T00:00:00Z	6	A	160	1	NA	6	1	NA	NA	NA	NA	NA	NA	NA	NA	NA	NA	NA	NA	NA	NA	NA	NA	NA	NA	NA	NA	NA	NA	NA	NA	NA	NA	NA	NA	NA	NA	NA	NA	NA	6A	6A160	176	1	6	Control	Normal	Control
2018-06-27T00:00:00Z	6	A	160	1	22	8	2	NA	NA	NA	NA	NA	NA	NA	NA	NA	NA	NA	NA	NA	NA	NA	NA	NA	NA	NA	NA	NA	NA	NA	NA	NA	NA	NA	NA	NA	NA	2	2	NA	6A	6A160	178	2	8	Control	Normal	Control
2018-06-27T00:00:00Z	6	A	160	1	21	12	3	NA	NA	NA	NA	NA	NA	NA	NA	NA	NA	NA	NA	NA	NA	NA	NA	NA	NA	NA	NA	NA	NA	NA	NA	NA	NA	NA	NA	NA	NA	2	2	NA	6A	6A160	178	3	12	Control	Normal	Control
2018-06-29T00:00:00Z	6	A	160	1	NA	7	3	0	NA	NA	NA	NA	NA	NA	NA	NA	NA	NA	NA	NA	NA	NA	NA	NA	NA	NA	NA	NA	NA	NA	NA	NA	NA	NA	NA	NA	NA	NA	NA	NA	6A	6A160	180	3	7	Control	Normal	Control
2018-07-05T00:00:00Z	6	A	160	1	NA	5	2	1	NA	NA	NA	NA	NA	NA	NA	NA	NA	NA	NA	NA	NA	NA	NA	NA	NA	NA	NA	NA	NA	NA	NA	NA	NA	NA	NA	NA	NA	0	NA	NA	6A	6A160	186	2	5	Control	Normal	Control
2018-07-05T00:00:00Z	6	A	160	1	NA	2	1	0	NA	NA	NA	NA	NA	NA	NA	NA	NA	NA	NA	NA	NA	NA	NA	NA	NA	NA	NA	NA	NA	NA	NA	NA	NA	NA	NA	NA	NA	0	NA	NA	6A	6A160	186	1	2	Control	Normal	Control
2018-07-09T00:00:00Z	6	A	160	1	NA	3	1	0	NA	NA	NA	NA	NA	NA	NA	NA	NA	NA	NA	NA	NA	NA	NA	NA	NA	NA	NA	NA	NA	NA	NA	NA	NA	NA	NA	NA	NA	NA	NA	NA	6A	6A160	190	1	3	Control	Normal	Control
2018-07-20T00:00:00Z	6	A	160	1	NA	0	0	NA	NA	NA	NA	NA	NA	NA	NA	NA	NA	NA	NA	NA	NA	NA	NA	NA	NA	NA	NA	NA	NA	NA	NA	NA	NA	NA	NA	NA	0	0	NA	NA	6A	6A160	201	0	0	Control	Normal	Control
2018-07-25T00:00:00Z	6	A	160	1	NA	1	0	NA	NA	NA	NA	NA	NA	NA	NA	NA	NA	NA	NA	NA	NA	NA	NA	NA	NA	NA	NA	NA	NA	NA	NA	NA	NA	NA	NA	NA	NA	NA	NA	NA	6A	6A160	206	0	1	Control	Normal	Control
2018-07-31T00:00:00Z	6	A	160	1	NA	4	0	NA	NA	NA	NA	NA	NA	NA	NA	NA	NA	NA	NA	NA	NA	NA	NA	NA	NA	NA	NA	NA	NA	NA	NA	NA	NA	NA	NA	NA	NA	NA	NA	NA	6A	6A160	212	0	4	Control	Normal	Control
2018-06-29T00:00:00Z	2	A	163	1	NA	4	2	2	NA	NA	NA	NA	NA	NA	NA	NA	NA	NA	NA	NA	NA	NA	NA	NA	NA	NA	NA	NA	NA	NA	NA	NA	NA	NA	NA	NA	NA	NA	NA	NA	2A	2A163	180	2	4	Control	Early	Control
2018-06-20T00:00:00Z	3	C	163	1	42	19	0	NA	NA	NA	NA	NA	NA	NA	NA	NA	NA	NA	NA	NA	NA	NA	NA	NA	NA	NA	NA	NA	NA	NA	NA	NA	NA	NA	NA	NA	2	NA	NA	flies are mating	3C	3C163	171	0	19	Addition	Normal	Addition
2018-06-22T00:00:00Z	3	C	163	1	NA	19	1	NA	NA	NA	NA	NA	NA	NA	NA	NA	NA	NA	NA	NA	NA	NA	NA	NA	NA	NA	NA	NA	NA	NA	NA	NA	NA	NA	NA	NA	NA	NA	NA	NA	3C	3C163	173	1	19	Addition	Normal	Addition
2018-06-25T00:00:00Z	3	C	163	1	NA	30	11	NA	NA	NA	NA	NA	NA	NA	NA	NA	NA	NA	NA	NA	NA	NA	NA	NA	NA	NA	NA	NA	NA	NA	NA	NA	NA	NA	NA	NA	NA	NA	NA	NA	3C	3C163	176	11	30	Addition	Normal	Addition
2018-07-03T00:00:00Z	3	C	163	1	NA	15	15	13	NA	NA	NA	NA	NA	NA	NA	NA	NA	NA	NA	NA	NA	NA	NA	NA	NA	NA	NA	NA	NA	NA	NA	NA	NA	NA	NA	NA	NA	3	3	broken	3C	3C163	184	15	15	Addition	Normal	Addition
2018-07-06T00:00:00Z	3	C	163	1	NA	5	13	7	NA	NA	NA	NA	NA	NA	NA	NA	NA	NA	NA	NA	NA	NA	NA	NA	NA	NA	NA	NA	NA	NA	NA	NA	NA	NA	NA	NA	NA	NA	NA	NA	3C	3C163	187	13	5	Addition	Normal	Addition
2018-07-09T00:00:00Z	3	C	163	1	NA	1	2	2	NA	NA	NA	NA	NA	NA	NA	NA	NA	NA	NA	NA	NA	NA	NA	NA	NA	NA	NA	NA	NA	NA	NA	NA	NA	NA	NA	NA	NA	0	NA	NA	3C	3C163	190	2	1	Addition	Normal	Addition
2018-07-16T00:00:00Z	3	C	163	1	53	0	0	NA	NA	NA	NA	NA	NA	NA	NA	NA	NA	NA	NA	NA	NA	NA	NA	NA	NA	NA	NA	NA	NA	NA	NA	NA	NA	NA	NA	NA	NA	0	NA	NA	3C	3C163	197	0	0	Addition	Normal	Addition
2018-07-20T00:00:00Z	3	C	163	1	NA	3	0	NA	NA	NA	NA	NA	NA	NA	NA	NA	NA	NA	NA	NA	NA	NA	NA	NA	NA	NA	NA	NA	NA	NA	NA	NA	NA	NA	NA	NA	NA	NA	NA	NA	3C	3C163	201	0	3	Addition	Normal	Addition
2018-07-20T00:00:00Z	3	C	163	1	NA	0	0	0	NA	NA	NA	NA	NA	NA	NA	NA	NA	NA	NA	NA	NA	NA	NA	NA	NA	NA	NA	NA	NA	NA	NA	NA	NA	NA	NA	NA	0	0	NA	NA	3C	3C163	201	0	0	Addition	Normal	Addition
2018-06-29T00:00:00Z	3	C	163	1	NA	39	13	5	NA	NA	NA	NA	NA	NA	NA	NA	NA	NA	NA	NA	NA	NA	NA	NA	NA	NA	NA	NA	NA	NA	NA	NA	NA	NA	NA	NA	NA	NA	NA	NA	3C	3C163	180	13	39	Addition	Normal	Addition
2018-07-31T00:00:00Z	3	C	163	1	NA	13	3	NA	NA	NA	NA	NA	NA	NA	NA	NA	NA	NA	NA	NA	NA	NA	NA	NA	NA	NA	NA	NA	NA	NA	NA	NA	NA	NA	NA	0	NA	2	2	NA	3C	3C163	212	3	13	Addition	Normal	Addition
2018-08-07T00:00:00Z	3	C	163	1	NA	4	3	NA	NA	NA	NA	NA	NA	NA	NA	NA	NA	NA	NA	NA	NA	NA	NA	NA	NA	NA	NA	NA	NA	NA	NA	NA	NA	NA	NA	NA	NA	NA	NA	NA	3C	3C163	219	3	4	Addition	Normal	Addition
2018-08-10T00:00:00Z	3	C	163	1	NA	4	0	NA	NA	NA	NA	NA	NA	NA	NA	NA	NA	NA	NA	NA	NA	NA	NA	NA	NA	NA	NA	NA	NA	NA	NA	NA	NA	NA	NA	NA	3	NA	NA	NA	3C	3C163	222	0	4	Addition	Normal	Addition
2018-08-15T00:00:00Z	3	C	163	1	NA	2	0	0	NA	NA	NA	NA	NA	NA	NA	NA	NA	NA	NA	NA	NA	NA	NA	NA	NA	NA	NA	NA	NA	NA	NA	NA	NA	NA	NA	0	0	NA	NA	NA	3C	3C163	227	0	2	Addition	Normal	Addition
2018-06-27T00:00:00Z	3	C	163	1	52	43	13	NA	NA	NA	NA	NA	NA	NA	NA	NA	NA	NA	NA	NA	NA	NA	NA	NA	NA	NA	NA	NA	NA	NA	NA	NA	NA	NA	NA	NA	NA	4	4	NR	3C	3C163	178	13	43	Addition	Normal	Addition
2018-07-05T00:00:00Z	6	A	163	1	NA	3	0	0	NA	NA	NA	NA	NA	NA	NA	NA	NA	NA	NA	NA	NA	NA	NA	NA	NA	NA	NA	NA	NA	NA	NA	NA	NA	NA	NA	NA	NA	NA	NA	NA	6A	6A163	186	0	3	Control	Normal	Control
2018-07-11T00:00:00Z	4	A	164	1	NA	1	3	3	NA	NA	NA	NA	NA	NA	NA	NA	NA	NA	NA	NA	NA	NA	NA	NA	NA	NA	NA	NA	NA	NA	NA	NA	NA	NA	NA	NA	NA	0	NA	NA	4A	4A164	192	3	1	Addition	Early	Addition
2018-06-10T00:00:00Z	4	B	164	NA	NA	8	0	NA	NA	NA	NA	NA	NA	NA	NA	NA	NA	NA	NA	NA	NA	NA	NA	NA	NA	NA	NA	NA	NA	NA	NA	NA	NA	NA	NA	NA	NA	NA	NA	NA	4B	4B164	161	0	8	Control	Early	Mock rainout
2018-06-10T00:00:00Z	4	B	164	NA	NA	7	0	NA	NA	NA	NA	NA	NA	NA	NA	NA	NA	NA	NA	NA	NA	NA	NA	NA	NA	NA	NA	NA	NA	NA	NA	NA	NA	NA	NA	NA	NA	NA	NA	NA	4B	4B164	161	0	7	Control	Early	Mock rainout
2018-06-15T00:00:00Z	4	B	164	1	NA	22	NA	NA	NA	NA	NA	NA	NA	NA	NA	NA	NA	NA	NA	NA	NA	NA	NA	NA	NA	NA	NA	NA	NA	NA	NA	NA	NA	NA	NA	NA	NA	NA	NA	4 buds are shriveled	4B	4B164	166	0	22	Control	Early	Mock rainout
2018-06-15T00:00:00Z	4	B	164	1	33	24	2	NA	NA	NA	NA	NA	NA	NA	NA	NA	NA	NA	NA	NA	NA	NA	NA	NA	NA	NA	NA	NA	NA	NA	NA	NA	NA	NA	NA	NA	1	NA	NA	NA	4B	4B164	166	2	24	Control	Early	Mock rainout
2018-06-18T00:00:00Z	4	B	164	1	34	5	8	NA	NA	NA	NA	NA	NA	NA	NA	NA	NA	NA	NA	NA	NA	NA	NA	NA	NA	NA	NA	NA	NA	NA	NA	NA	NA	NA	NA	NA	NA	NA	NA	NA	4B	4B164	169	8	5	Control	Early	Mock rainout
2018-06-20T00:00:00Z	4	B	164	1	32	28	16	NA	NA	NA	NA	NA	NA	NA	NA	NA	NA	NA	NA	NA	NA	NA	NA	NA	NA	NA	NA	NA	NA	NA	NA	NA	NA	NA	NA	NA	NA	0	0	NA	4B	4B164	171	16	28	Control	Early	Mock rainout
2018-06-22T00:00:00Z	4	B	164	1	NA	9	15	NA	NA	NA	NA	NA	NA	NA	NA	NA	NA	NA	NA	NA	NA	NA	NA	NA	NA	NA	NA	NA	NA	NA	NA	NA	NA	NA	NA	NA	NA	NA	NA	NA	4B	4B164	173	15	9	Control	Early	Mock rainout
2018-06-25T00:00:00Z	4	B	164	1	NA	3	10	NA	NA	NA	NA	NA	NA	NA	NA	NA	NA	NA	NA	NA	NA	NA	NA	NA	NA	NA	NA	NA	NA	NA	NA	NA	NA	NA	NA	NA	NA	NA	NA	NA	4B	4B164	176	10	3	Control	Early	Mock rainout
2018-06-27T00:00:00Z	4	B	164	1	32	9	7	NA	NA	NA	NA	NA	NA	NA	NA	NA	NA	NA	NA	NA	NA	NA	NA	NA	NA	NA	NA	NA	NA	NA	NA	NA	NA	NA	NA	NA	NA	0	0	NA	4B	4B164	178	7	9	Control	Early	Mock rainout
2018-06-29T00:00:00Z	4	B	164	1	NA	0	3	2	NA	NA	NA	NA	NA	NA	NA	NA	NA	NA	NA	NA	NA	NA	NA	NA	NA	NA	NA	NA	NA	NA	NA	NA	NA	NA	NA	NA	NA	NA	NA	NA	4B	4B164	180	3	0	Control	Early	Mock rainout
2018-07-02T00:00:00Z	4	B	164	1	NA	0	0	0	NA	NA	NA	NA	NA	NA	NA	NA	NA	NA	NA	NA	NA	NA	NA	NA	NA	NA	NA	NA	NA	NA	NA	NA	NA	NA	NA	NA	NA	NA	NA	SF	4B	4B164	183	0	0	Control	Early	Mock rainout
2018-07-06T00:00:00Z	4	B	164	1	NA	0	0	NA	NA	NA	NA	NA	NA	NA	NA	NA	NA	NA	NA	NA	NA	NA	NA	NA	NA	NA	NA	NA	NA	NA	NA	NA	NA	NA	NA	NA	NA	NA	NA	S	4B	4B164	187	0	0	Control	Early	Mock rainout
2018-07-11T00:00:00Z	4	B	164	1	NA	0	0	NA	NA	NA	NA	NA	NA	NA	NA	NA	NA	NA	NA	NA	NA	NA	NA	NA	NA	NA	NA	NA	NA	NA	NA	NA	NA	NA	NA	NA	NA	NA	NA	NA	4B	4B164	192	0	0	Control	Early	Mock rainout
2018-07-16T00:00:00Z	4	B	164	1	33	0	0	NA	NA	NA	NA	NA	NA	NA	NA	NA	NA	NA	NA	NA	NA	NA	NA	NA	NA	NA	NA	NA	NA	NA	NA	NA	NA	NA	NA	NA	NA	0	NA	NA	4B	4B164	197	0	0	Control	Early	Mock rainout
2018-07-20T00:00:00Z	4	B	164	1	NA	0	0	NA	NA	NA	NA	NA	NA	NA	NA	NA	NA	NA	NA	NA	NA	NA	NA	NA	NA	NA	NA	NA	NA	NA	NA	NA	NA	NA	NA	NA	0	0	NA	NA	4B	4B164	201	0	0	Control	Early	Mock rainout
2018-07-25T00:00:00Z	4	B	164	1	NA	0	0	NA	NA	NA	NA	NA	NA	NA	NA	NA	NA	NA	NA	NA	NA	NA	NA	NA	NA	NA	NA	NA	NA	NA	NA	NA	NA	NA	NA	NA	NA	NA	NA	NA	4B	4B164	206	0	0	Control	Early	Mock rainout
2018-06-22T00:00:00Z	6	A	166	1	NA	6	0	NA	NA	NA	NA	NA	NA	NA	NA	NA	NA	NA	NA	NA	NA	NA	NA	NA	NA	NA	NA	NA	NA	NA	NA	NA	NA	NA	NA	NA	NA	NA	NA	NA	6A	6A166	173	0	6	Control	Normal	Control
2018-06-25T00:00:00Z	6	A	166	1	NA	10	0	NA	NA	NA	NA	NA	NA	NA	NA	NA	NA	NA	NA	NA	NA	NA	NA	NA	NA	NA	NA	NA	NA	NA	NA	NA	NA	NA	NA	NA	NA	NA	NA	NA	6A	6A166	176	0	10	Control	Normal	Control
2018-06-27T00:00:00Z	6	A	166	1	28	18	0	NA	NA	NA	NA	NA	NA	NA	NA	NA	NA	NA	NA	NA	NA	NA	NA	NA	NA	NA	NA	NA	NA	NA	NA	NA	NA	NA	NA	NA	NA	0	0	NA	6A	6A166	178	0	18	Control	Normal	Control
2018-06-29T00:00:00Z	6	A	166	1	NA	9	4	4	NA	NA	NA	NA	NA	NA	NA	NA	NA	NA	NA	NA	NA	NA	NA	NA	NA	NA	NA	NA	NA	NA	NA	NA	NA	NA	NA	NA	NA	NA	NA	NA	6A	6A166	180	4	9	Control	Normal	Control
2018-07-05T00:00:00Z	6	A	166	1	NA	5	4	4	NA	NA	NA	NA	NA	NA	NA	NA	NA	NA	NA	NA	NA	NA	NA	NA	NA	NA	NA	NA	NA	NA	NA	NA	NA	NA	NA	NA	NA	0	NA	NA	6A	6A166	186	4	5	Control	Normal	Control
2018-07-05T00:00:00Z	6	A	166	1	NA	5	5	5	NA	NA	NA	NA	NA	NA	NA	NA	NA	NA	NA	NA	NA	NA	NA	NA	NA	NA	NA	NA	NA	NA	NA	NA	NA	NA	NA	NA	NA	0	NA	NA	6A	6A166	186	5	5	Control	Normal	Control
2018-07-09T00:00:00Z	6	A	166	1	NA	0	0	0	NA	NA	NA	NA	NA	NA	NA	NA	NA	NA	NA	NA	NA	NA	NA	NA	NA	NA	NA	NA	NA	NA	NA	NA	NA	NA	NA	NA	NA	NA	NA	NA	6A	6A166	190	0	0	Control	Normal	Control
2018-07-11T00:00:00Z	6	A	166	1	NA	0	0	NA	NA	NA	NA	NA	NA	NA	NA	NA	NA	NA	NA	NA	NA	NA	NA	NA	NA	NA	NA	NA	NA	NA	NA	NA	NA	NA	NA	NA	NA	NA	NA	NA	6A	6A166	192	0	0	Control	Normal	Control
2018-07-16T00:00:00Z	6	A	166	1	32	0	0	NA	NA	NA	NA	NA	NA	NA	NA	NA	NA	NA	NA	NA	NA	NA	NA	NA	NA	NA	NA	NA	NA	NA	NA	NA	NA	NA	NA	NA	NA	0	NA	NA	6A	6A166	197	0	0	Control	Normal	Control
2018-07-20T00:00:00Z	6	A	166	1	NA	0	0	NA	NA	NA	NA	NA	NA	NA	NA	NA	NA	NA	NA	NA	NA	NA	NA	NA	NA	NA	NA	NA	NA	NA	NA	NA	NA	NA	NA	NA	0	0	NA	NA	6A	6A166	201	0	0	Control	Normal	Control
2018-07-25T00:00:00Z	6	A	166	1	NA	0	0	NA	NA	NA	NA	NA	NA	NA	NA	NA	NA	NA	NA	NA	NA	NA	NA	NA	NA	NA	NA	NA	NA	NA	NA	NA	NA	NA	NA	NA	NA	NA	NA	NA	6A	6A166	206	0	0	Control	Normal	Control
2018-07-31T00:00:00Z	6	A	166	1	NA	1	0	NA	NA	NA	NA	NA	NA	NA	NA	NA	NA	NA	NA	NA	NA	NA	NA	NA	NA	NA	NA	NA	NA	NA	NA	NA	NA	NA	NA	NA	NA	NA	NA	NA	6A	6A166	212	0	1	Control	Normal	Control
2018-06-20T00:00:00Z	5	A	167	1	31	14	0	NA	NA	NA	NA	NA	NA	NA	NA	NA	NA	NA	NA	NA	NA	NA	NA	NA	NA	NA	NA	NA	NA	NA	NA	NA	NA	NA	NA	NA	NA	NA	NA	NA	5A	5A167	171	0	14	Addition	Early	Addition
2018-06-15T00:00:00Z	6	A	167	1	NA	3	0	NA	NA	NA	NA	NA	NA	NA	NA	NA	NA	NA	NA	NA	NA	NA	NA	NA	NA	NA	NA	NA	NA	NA	NA	NA	NA	NA	NA	NA	1	NA	NA	1 fly present	6A	6A167	166	0	3	Control	Normal	Control
2018-06-18T00:00:00Z	6	A	167	1	32	9	0	NA	NA	NA	NA	NA	NA	NA	NA	NA	NA	NA	NA	NA	NA	NA	NA	NA	NA	NA	NA	NA	NA	NA	NA	NA	NA	NA	NA	NA	NA	NA	NA	NA	6A	6A167	169	0	9	Control	Normal	Control
2018-06-21T00:00:00Z	6	A	167	NA	NA	NA	NA	NA	NA	NA	NA	NA	NA	NA	NA	NA	NA	NA	NA	NA	NA	NA	NA	NA	NA	NA	NA	NA	NA	NA	NA	NA	NA	NA	NA	NA	NA	0	NA	NA	6A	6A167	172	0	0	Control	Normal	Control
2018-06-22T00:00:00Z	6	A	167	1	NA	11	4	NA	NA	NA	NA	NA	NA	NA	NA	NA	NA	NA	NA	NA	NA	NA	NA	NA	NA	NA	NA	NA	NA	NA	NA	NA	NA	NA	NA	NA	NA	NA	NA	NA	6A	6A167	173	4	11	Control	Normal	Control
2018-06-25T00:00:00Z	6	A	167	1	NA	10	5	NA	NA	NA	NA	NA	NA	NA	NA	NA	NA	NA	NA	NA	NA	NA	NA	NA	NA	NA	NA	NA	NA	NA	NA	NA	NA	NA	NA	NA	NA	NA	NA	NA	6A	6A167	176	5	10	Control	Normal	Control
2018-06-25T00:00:00Z	6	A	167	1	NA	10	5	NA	NA	NA	NA	NA	NA	NA	NA	NA	NA	NA	NA	NA	NA	NA	NA	NA	NA	NA	NA	NA	NA	NA	NA	NA	NA	NA	NA	NA	NA	NA	NA	NA	6A	6A167	176	5	10	Control	Normal	Control
2018-06-27T00:00:00Z	6	A	167	1	29	13	4	NA	NA	NA	NA	NA	NA	NA	NA	NA	NA	NA	NA	NA	NA	NA	NA	NA	NA	NA	NA	NA	NA	NA	NA	NA	NA	NA	NA	NA	NA	1	1	NA	6A	6A167	178	4	13	Control	Normal	Control
2018-06-29T00:00:00Z	6	A	167	1	NA	6	3	0	NA	NA	NA	NA	NA	NA	NA	NA	NA	NA	NA	NA	NA	NA	NA	NA	NA	NA	NA	NA	NA	NA	NA	NA	NA	NA	NA	NA	NA	NA	NA	NA	6A	6A167	180	3	6	Control	Normal	Control
2018-07-05T00:00:00Z	6	A	167	1	NA	2	0	0	NA	NA	NA	NA	NA	NA	NA	NA	NA	NA	NA	NA	NA	NA	NA	NA	NA	NA	NA	NA	NA	NA	NA	NA	NA	NA	NA	NA	NA	NA	NA	NA	6A	6A167	186	0	2	Control	Normal	Control
2018-07-09T00:00:00Z	6	A	167	1	NA	0	1	1	NA	NA	NA	NA	NA	NA	NA	NA	NA	NA	NA	NA	NA	NA	NA	NA	NA	NA	NA	NA	NA	NA	NA	NA	NA	NA	NA	NA	NA	NA	NA	NA	6A	6A167	190	1	0	Control	Normal	Control
2018-07-11T00:00:00Z	6	A	167	1	NA	1	1	0	NA	NA	NA	NA	NA	NA	NA	NA	NA	NA	NA	NA	NA	NA	NA	NA	NA	NA	NA	NA	NA	NA	NA	NA	NA	NA	NA	NA	NA	NA	NA	NA	6A	6A167	192	1	1	Control	Normal	Control
2018-07-16T00:00:00Z	6	A	167	1	32	0	0	NA	NA	NA	NA	NA	NA	NA	NA	NA	NA	NA	NA	NA	NA	NA	NA	NA	NA	NA	NA	NA	NA	NA	NA	NA	NA	NA	NA	NA	NA	0	NA	NA	6A	6A167	197	0	0	Control	Normal	Control
2018-07-20T00:00:00Z	6	A	167	1	NA	0	0	NA	NA	NA	NA	NA	NA	NA	NA	NA	NA	NA	NA	NA	NA	NA	NA	NA	NA	NA	NA	NA	NA	NA	NA	NA	NA	NA	NA	NA	0	0	NA	NA	6A	6A167	201	0	0	Control	Normal	Control
2018-07-25T00:00:00Z	6	A	167	1	NA	0	0	NA	NA	NA	NA	NA	NA	NA	NA	NA	NA	NA	NA	NA	NA	NA	NA	NA	NA	NA	NA	NA	NA	NA	NA	NA	NA	NA	NA	NA	NA	NA	NA	NA	6A	6A167	206	0	0	Control	Normal	Control
2018-06-15T00:00:00Z	2	A	168	1	13	3	1	NA	NA	NA	NA	NA	NA	NA	NA	NA	NA	NA	NA	NA	NA	NA	NA	NA	NA	NA	NA	NA	NA	NA	NA	NA	NA	NA	NA	NA	NA	NA	NA	NA	2A	2A168	166	1	3	Control	Early	Control
2018-06-15T00:00:00Z	2	A	168	1	NA	1	0	NA	NA	NA	NA	NA	NA	NA	NA	NA	NA	NA	NA	NA	NA	NA	NA	NA	NA	NA	NA	NA	NA	NA	NA	NA	NA	NA	NA	NA	NA	NA	NA	NA	2A	2A168	166	0	1	Control	Early	Control
2018-06-18T00:00:00Z	2	A	168	1	14.5	3	3	NA	NA	NA	NA	NA	NA	NA	NA	NA	NA	NA	NA	NA	NA	NA	NA	NA	NA	NA	NA	NA	NA	NA	NA	NA	NA	NA	NA	NA	NA	NA	NA	stem crooked	2A	2A168	169	3	3	Control	Early	Control
2018-06-20T00:00:00Z	2	A	168	1	14.5	3	4	NA	NA	NA	NA	NA	NA	NA	NA	NA	NA	NA	NA	NA	NA	NA	NA	NA	NA	NA	NA	NA	NA	NA	NA	NA	NA	NA	NA	NA	NA	0	NA	NA	2A	2A168	171	4	3	Control	Early	Control
2018-06-22T00:00:00Z	2	A	168	1	NA	3	2	NA	NA	NA	NA	NA	NA	NA	NA	NA	NA	NA	NA	NA	NA	NA	NA	NA	NA	NA	NA	NA	NA	NA	NA	NA	NA	NA	NA	NA	NA	NA	NA	NA	2A	2A168	173	2	3	Control	Early	Control
2018-06-25T00:00:00Z	2	A	168	1	NA	2	3	NA	NA	NA	NA	NA	NA	NA	NA	NA	NA	NA	NA	NA	NA	NA	NA	NA	NA	NA	NA	NA	NA	NA	NA	NA	NA	NA	NA	NA	NA	NA	NA	NA	2A	2A168	176	3	2	Control	Early	Control
2018-07-03T00:00:00Z	2	A	168	1	NA	0	0	0	NA	NA	NA	NA	NA	NA	NA	NA	NA	NA	NA	NA	NA	NA	NA	NA	NA	NA	NA	NA	NA	NA	NA	NA	NA	NA	NA	0	NA	NA	NA	SF	2A	2A168	184	0	0	Control	Early	Control
2018-07-16T00:00:00Z	2	A	168	1	18	2	0	NA	NA	NA	NA	NA	NA	NA	NA	NA	NA	NA	NA	NA	NA	NA	NA	NA	NA	NA	NA	NA	NA	NA	NA	NA	NA	NA	NA	NA	NA	0	NA	NA	2A	2A168	197	0	2	Control	Early	Control
2018-07-20T00:00:00Z	2	A	168	1	NA	3	0	NA	NA	NA	NA	NA	NA	NA	NA	NA	NA	NA	NA	NA	NA	NA	NA	NA	NA	NA	NA	NA	NA	NA	NA	NA	NA	NA	NA	NA	NA	NA	NA	NA	2A	2A168	201	0	3	Control	Early	Control
2018-07-20T00:00:00Z	2	A	168	1	NA	1	1	0	NA	NA	NA	NA	NA	NA	NA	NA	NA	NA	NA	NA	NA	NA	NA	NA	NA	NA	NA	NA	NA	NA	NA	NA	NA	NA	NA	NA	0	0	NA	NA	2A	2A168	201	1	1	Control	Early	Control
2018-06-27T00:00:00Z	2	A	168	1	17.5	2	2	NA	NA	NA	NA	NA	NA	NA	NA	NA	NA	NA	NA	NA	NA	NA	NA	NA	NA	NA	NA	NA	NA	NA	NA	NA	NA	NA	NA	NA	NA	0	NA	NA	2A	2A168	178	2	2	Control	Early	Control
2018-06-25T00:00:00Z	3	C	168	2	NA	1	0	NA	10	0	NA	NA	NA	NA	NA	NA	NA	NA	NA	NA	NA	NA	NA	NA	NA	NA	NA	NA	NA	NA	NA	NA	NA	NA	NA	NA	NA	NA	NA	NA	3C	3C168	176	0	11	Addition	Normal	Addition
2018-07-03T00:00:00Z	3	C	168	2	NA	10	1	0	10	8	8	NA	NA	NA	NA	NA	NA	NA	NA	NA	NA	NA	NA	NA	NA	NA	NA	NA	NA	NA	NA	NA	NA	NA	NA	NA	NA	0	0	NA	3C	3C168	184	9	20	Addition	Normal	Addition
2018-07-06T00:00:00Z	3	C	168	2	NA	6	8	7	6	9	6	NA	NA	NA	NA	NA	NA	NA	NA	NA	NA	NA	NA	NA	NA	NA	NA	NA	NA	NA	NA	NA	NA	NA	NA	NA	NA	NA	NA	NA	3C	3C168	187	17	12	Addition	Normal	Addition
2018-07-09T00:00:00Z	3	C	168	2	NA	6	6	6	5	7	7	NA	NA	NA	NA	NA	NA	NA	NA	NA	NA	NA	NA	NA	NA	NA	NA	NA	NA	NA	NA	NA	NA	NA	NA	1	NA	0	NA	NA	3C	3C168	190	13	11	Addition	Normal	Addition
2018-07-16T00:00:00Z	3	C	168	1	23	2	7	7	NA	NA	NA	NA	NA	NA	NA	NA	NA	NA	NA	NA	NA	NA	NA	NA	NA	NA	NA	NA	NA	NA	NA	NA	NA	NA	NA	NA	NA	0	NA	NA	3C	3C168	197	7	2	Addition	Normal	Addition
2018-07-20T00:00:00Z	3	C	168	1	NA	0	0	NA	NA	NA	NA	NA	NA	NA	NA	NA	NA	NA	NA	NA	NA	NA	NA	NA	NA	NA	NA	NA	NA	NA	NA	NA	NA	NA	NA	NA	NA	NA	NA	NA	3C	3C168	201	0	0	Addition	Normal	Addition
2018-06-29T00:00:00Z	3	C	168	2	NA	19	6	0	6	0	0	NA	NA	NA	NA	NA	NA	NA	NA	NA	NA	NA	NA	NA	NA	NA	NA	NA	NA	NA	NA	NA	NA	NA	NA	NA	NA	NA	NA	NA	3C	3C168	180	6	25	Addition	Normal	Addition
2018-06-27T00:00:00Z	3	C	168	2	24	4	1	NA	12	6	NA	NA	NA	NA	NA	NA	NA	NA	NA	NA	NA	NA	NA	NA	NA	NA	NA	NA	NA	NA	NA	NA	NA	NA	NA	NA	NA	0	NA	NR	3C	3C168	178	7	16	Addition	Normal	Addition
2018-06-20T00:00:00Z	2	A	171	1	31	1	0	NA	NA	NA	NA	NA	NA	NA	NA	NA	NA	NA	NA	NA	NA	NA	NA	NA	NA	NA	NA	NA	NA	NA	NA	NA	NA	NA	NA	NA	NA	NA	NA	NA	2A	2A171	171	0	1	Control	Early	Control
2018-06-22T00:00:00Z	2	A	171	1	NA	5	0	NA	NA	NA	NA	NA	NA	NA	NA	NA	NA	NA	NA	NA	NA	NA	NA	NA	NA	NA	NA	NA	NA	NA	NA	NA	NA	NA	NA	NA	NA	NA	NA	NA	2A	2A171	173	0	5	Control	Early	Control
2018-06-25T00:00:00Z	2	A	171	1	NA	10	0	NA	NA	NA	NA	NA	NA	NA	NA	NA	NA	NA	NA	NA	NA	NA	NA	NA	NA	NA	NA	NA	NA	NA	NA	NA	NA	NA	NA	NA	NA	NA	NA	NA	2A	2A171	176	0	10	Control	Early	Control
2018-07-03T00:00:00Z	2	A	171	1	NA	11	4	4	NA	NA	NA	NA	NA	NA	NA	NA	NA	NA	NA	NA	NA	NA	NA	NA	NA	NA	NA	NA	NA	NA	NA	NA	NA	NA	NA	0	NA	3	3	NA	2A	2A171	184	4	11	Control	Early	Control
2018-07-06T00:00:00Z	2	A	171	1	NA	15	3	1	NA	NA	NA	NA	NA	NA	NA	NA	NA	NA	NA	NA	NA	NA	NA	NA	NA	NA	NA	NA	NA	NA	NA	NA	NA	NA	NA	NA	NA	NA	NA	NA	2A	2A171	187	3	15	Control	Early	Control
2018-07-09T00:00:00Z	2	A	171	1	NA	16	4	NA	NA	NA	NA	NA	NA	NA	NA	NA	NA	NA	NA	NA	NA	NA	NA	NA	NA	NA	NA	NA	NA	NA	NA	NA	NA	NA	NA	NA	NA	1	1	NA	2A	2A171	190	4	16	Control	Early	Control
2018-07-09T00:00:00Z	2	A	171	1	NA	7	4	NA	NA	NA	NA	NA	NA	NA	NA	NA	NA	NA	NA	NA	NA	NA	NA	NA	NA	NA	NA	NA	NA	NA	NA	NA	NA	NA	NA	NA	NA	1	1	NA	2A	2A171	190	4	7	Control	Early	Control
2018-07-16T00:00:00Z	2	A	171	1	49	5	1	NA	NA	NA	NA	NA	NA	NA	NA	NA	NA	NA	NA	NA	NA	NA	NA	NA	NA	NA	NA	NA	NA	NA	NA	NA	NA	NA	NA	NA	NA	0	NA	NA	2A	2A171	197	1	5	Control	Early	Control
2018-07-20T00:00:00Z	2	A	171	1	NA	0	0	NA	NA	NA	NA	NA	NA	NA	NA	NA	NA	NA	NA	NA	NA	NA	NA	NA	NA	NA	NA	NA	NA	NA	NA	NA	NA	NA	NA	NA	NA	NA	NA	NA	2A	2A171	201	0	0	Control	Early	Control
2018-07-20T00:00:00Z	2	A	171	1	NA	3	0	0	NA	NA	NA	NA	NA	NA	NA	NA	NA	NA	NA	NA	NA	NA	NA	NA	NA	NA	NA	NA	NA	NA	NA	NA	NA	NA	NA	NA	0	0	NA	NA	2A	2A171	201	0	3	Control	Early	Control
2018-07-20T00:00:00Z	2	A	171	1	NA	3	0	0	NA	NA	NA	NA	NA	NA	NA	NA	NA	NA	NA	NA	NA	NA	NA	NA	NA	NA	NA	NA	NA	NA	NA	NA	NA	NA	NA	NA	0	0	NA	NA	2A	2A171	201	0	3	Control	Early	Control
2018-06-29T00:00:00Z	2	A	171	1	NA	14	4	0	NA	NA	NA	NA	NA	NA	NA	NA	NA	NA	NA	NA	NA	NA	NA	NA	NA	NA	NA	NA	NA	NA	NA	NA	NA	NA	NA	NA	NA	NA	NA	NA	2A	2A171	180	4	14	Control	Early	Control
2018-08-24T00:00:00Z	2	A	171	1	NA	1	0	NA	NA	NA	NA	NA	NA	NA	NA	NA	NA	NA	NA	NA	NA	NA	NA	NA	NA	NA	NA	NA	NA	NA	NA	NA	NA	NA	NA	NA	NA	NA	NA	NA	2A	2A171	236	0	1	Control	Early	Control
2018-06-27T00:00:00Z	2	A	171	1	38	16	2	NA	NA	NA	NA	NA	NA	NA	NA	NA	NA	NA	NA	NA	NA	NA	NA	NA	NA	NA	NA	NA	NA	NA	NA	NA	NA	NA	NA	NA	NA	1	NA	egg fell off, NR	2A	2A171	178	2	16	Control	Early	Control
2018-06-15T00:00:00Z	3	C	171	1	35	2	0	NA	NA	NA	NA	NA	NA	NA	NA	NA	NA	NA	NA	NA	NA	NA	NA	NA	NA	NA	NA	NA	NA	NA	NA	NA	NA	NA	NA	NA	NA	NA	NA	NA	3C	3C171	166	0	2	Addition	Normal	Addition
2018-06-15T00:00:00Z	3	C	171	1	NA	2	NA	NA	NA	NA	NA	NA	NA	NA	NA	NA	NA	NA	NA	NA	NA	NA	NA	NA	NA	NA	NA	NA	NA	NA	NA	NA	NA	NA	NA	NA	NA	NA	NA	NA	3C	3C171	166	0	2	Addition	Normal	Addition
2018-06-18T00:00:00Z	3	C	171	1	37.5	6	0	NA	NA	NA	NA	NA	NA	NA	NA	NA	NA	NA	NA	NA	NA	NA	NA	NA	NA	NA	NA	NA	NA	NA	NA	NA	NA	NA	NA	NA	NA	NA	NA	NA	3C	3C171	169	0	6	Addition	Normal	Addition
2018-06-20T00:00:00Z	3	C	171	1	40	14	1	NA	NA	NA	NA	NA	NA	NA	NA	NA	NA	NA	NA	NA	NA	NA	NA	NA	NA	NA	NA	NA	NA	NA	NA	NA	NA	NA	NA	NA	NA	1	1	NA	3C	3C171	171	1	14	Addition	Normal	Addition
2018-06-22T00:00:00Z	3	C	171	1	NA	21	1	NA	NA	NA	NA	NA	NA	NA	NA	NA	NA	NA	NA	NA	NA	NA	NA	NA	NA	NA	NA	NA	NA	NA	NA	NA	NA	NA	NA	NA	NA	NA	NA	NA	3C	3C171	173	1	21	Addition	Normal	Addition
2018-06-25T00:00:00Z	3	C	171	1	NA	19	6	NA	NA	NA	NA	NA	NA	NA	NA	NA	NA	NA	NA	NA	NA	NA	NA	NA	NA	NA	NA	NA	NA	NA	NA	NA	NA	NA	NA	NA	NA	NA	NA	NA	3C	3C171	176	6	19	Addition	Normal	Addition
2018-07-03T00:00:00Z	3	C	171	1	NA	12	10	10	NA	NA	NA	NA	NA	NA	NA	NA	NA	NA	NA	NA	NA	NA	NA	NA	NA	NA	NA	NA	NA	NA	NA	NA	NA	NA	NA	NA	NA	1	1	NA	3C	3C171	184	10	12	Addition	Normal	Addition
2018-07-06T00:00:00Z	3	C	171	1	NA	8	7	7	NA	NA	NA	NA	NA	NA	NA	NA	NA	NA	NA	NA	NA	NA	NA	NA	NA	NA	NA	NA	NA	NA	NA	NA	NA	NA	NA	NA	NA	NA	NA	NA	3C	3C171	187	7	8	Addition	Normal	Addition
2018-07-09T00:00:00Z	3	C	171	1	NA	4	3	3	NA	NA	NA	NA	NA	NA	NA	NA	NA	NA	NA	NA	NA	NA	NA	NA	NA	NA	NA	NA	NA	NA	NA	NA	NA	NA	NA	NA	NA	1	NA	NA	3C	3C171	190	3	4	Addition	Normal	Addition
2018-07-16T00:00:00Z	3	C	171	1	46	0	1	1	NA	NA	NA	NA	NA	NA	NA	NA	NA	NA	NA	NA	NA	NA	NA	NA	NA	NA	NA	NA	NA	NA	NA	NA	NA	NA	NA	NA	NA	0	NA	NA	3C	3C171	197	1	0	Addition	Normal	Addition
2018-07-20T00:00:00Z	3	C	171	1	NA	0	0	NA	NA	NA	NA	NA	NA	NA	NA	NA	NA	NA	NA	NA	NA	NA	NA	NA	NA	NA	NA	NA	NA	NA	NA	NA	NA	NA	NA	NA	NA	NA	NA	NA	3C	3C171	201	0	0	Addition	Normal	Addition
2018-07-20T00:00:00Z	3	C	171	1	NA	0	0	0	NA	NA	NA	NA	NA	NA	NA	NA	NA	NA	NA	NA	NA	NA	NA	NA	NA	NA	NA	NA	NA	NA	NA	NA	NA	NA	NA	NA	0	0	NA	NA	3C	3C171	201	0	0	Addition	Normal	Addition
2018-06-29T00:00:00Z	3	C	171	1	NA	31	10	5	NA	NA	NA	NA	NA	NA	NA	NA	NA	NA	NA	NA	NA	NA	NA	NA	NA	NA	NA	NA	NA	NA	NA	NA	NA	NA	NA	NA	NA	NA	NA	NA	3C	3C171	180	10	31	Addition	Normal	Addition
2018-06-27T00:00:00Z	3	C	171	1	44	23	8	NA	NA	NA	NA	NA	NA	NA	NA	NA	NA	NA	NA	NA	NA	NA	NA	NA	NA	NA	NA	NA	NA	NA	NA	NA	NA	NA	NA	NA	NA	5	5	NR	3C	3C171	178	8	23	Addition	Normal	Addition
2018-07-20T00:00:00Z	6	C	171	1	NA	0	0	NA	NA	NA	NA	NA	NA	NA	NA	NA	NA	NA	NA	NA	NA	NA	NA	NA	NA	NA	NA	NA	NA	NA	NA	NA	NA	NA	NA	NA	0	0	NA	NA	6C	6C171	201	0	0	Control	Normal	Mock rainout
2018-06-25T00:00:00Z	2	A	172	1	NA	1	0	NA	3	0	NA	NA	NA	NA	NA	NA	NA	NA	NA	NA	NA	NA	NA	NA	NA	NA	NA	NA	NA	NA	NA	NA	NA	NA	NA	NA	NA	NA	NA	NA	2A	2A172	176	0	4	Control	Early	Control
2018-07-03T00:00:00Z	2	A	172	2	NA	6	3	3	3	3	0	NA	NA	NA	NA	NA	NA	NA	NA	NA	NA	NA	NA	NA	NA	NA	NA	NA	NA	NA	NA	NA	NA	NA	NA	0	NA	5	5	NA	2A	2A172	184	6	9	Control	Early	Control
2018-07-06T00:00:00Z	2	A	172	2	NA	5	1	0	5	3	2	NA	NA	NA	NA	NA	NA	NA	NA	NA	NA	NA	NA	NA	NA	NA	NA	NA	NA	NA	NA	NA	NA	NA	NA	NA	NA	NA	NA	NA	2A	2A172	187	4	10	Control	Early	Control
2018-07-09T00:00:00Z	2	A	172	2	NA	6	3	7	2	NA	NA	NA	NA	NA	NA	NA	NA	NA	NA	NA	NA	NA	NA	NA	NA	NA	NA	NA	NA	NA	NA	NA	NA	NA	NA	NA	NA	3	3	NA	2A	2A172	190	3	8	Control	Early	Control
2018-07-09T00:00:00Z	2	A	172	2	NA	3	3	NA	7	2	NA	NA	NA	NA	NA	NA	NA	NA	NA	NA	NA	NA	NA	NA	NA	NA	NA	NA	NA	NA	NA	NA	NA	NA	NA	NA	NA	6	NA	3 eggs on 2 inflorescence, 3 on the other.	2A	2A172	190	5	10	Control	Early	Control
2018-07-16T00:00:00Z	2	A	172	2	39	2	0	0	2	1	NA	NA	NA	NA	NA	NA	NA	NA	NA	NA	NA	NA	NA	NA	NA	NA	NA	NA	NA	NA	NA	NA	NA	NA	NA	NA	NA	0	NA	NA	2A	2A172	197	1	4	Control	Early	Control
2018-07-20T00:00:00Z	2	A	172	2	NA	2	0	NA	0	0	NA	NA	NA	NA	NA	NA	NA	NA	NA	NA	NA	NA	NA	NA	NA	NA	NA	NA	NA	NA	NA	NA	NA	NA	NA	NA	NA	NA	NA	NA	2A	2A172	201	0	2	Control	Early	Control
2018-07-20T00:00:00Z	2	A	172	2	NA	2	0	0	NA	NA	NA	NA	NA	NA	NA	NA	NA	NA	NA	NA	NA	NA	NA	NA	NA	NA	NA	NA	NA	NA	NA	NA	NA	NA	NA	NA	0	0	NA	NA	2A	2A172	201	0	2	Control	Early	Control
2018-07-20T00:00:00Z	2	A	172	2	NA	2	0	0	NA	NA	NA	NA	NA	NA	NA	NA	NA	NA	NA	NA	NA	NA	NA	NA	NA	NA	NA	NA	NA	NA	NA	NA	NA	NA	NA	NA	0	0	NA	NA	2A	2A172	201	0	2	Control	Early	Control
2018-06-29T00:00:00Z	2	A	172	2	NA	5	1	0	9	2	0	NA	NA	NA	NA	NA	NA	NA	NA	NA	NA	NA	NA	NA	NA	NA	NA	NA	NA	NA	NA	NA	NA	NA	NA	NA	NA	NA	NA	NA	2A	2A172	180	3	14	Control	Early	Control
2018-08-15T00:00:00Z	2	A	172	2	NA	0	0	0	NA	NA	NA	NA	NA	NA	NA	NA	NA	NA	NA	NA	NA	NA	NA	NA	NA	NA	NA	NA	NA	NA	NA	NA	NA	NA	NA	0	0	0	NA	NA	2A	2A172	227	0	0	Control	Early	Control
2018-08-24T00:00:00Z	2	A	172	2	NA	1	0	NA	NA	NA	NA	NA	NA	NA	NA	NA	NA	NA	NA	NA	NA	NA	NA	NA	NA	NA	NA	NA	NA	NA	NA	NA	NA	NA	NA	NA	NA	NA	NA	NA	2A	2A172	236	0	1	Control	Early	Control
2018-06-27T00:00:00Z	2	A	172	2	33	6	1	NA	5	0	NA	NA	NA	NA	NA	NA	NA	NA	NA	NA	NA	NA	NA	NA	NA	NA	NA	NA	NA	NA	NA	NA	NA	NA	NA	NA	NA	0	NA	NA	2A	2A172	178	1	11	Control	Early	Control
2018-07-09T00:00:00Z	5	A	173	1	NA	11	NA	NA	NA	NA	NA	NA	NA	NA	NA	NA	NA	NA	NA	NA	NA	NA	NA	NA	NA	NA	NA	NA	NA	NA	NA	NA	NA	NA	NA	NA	NA	0	NA	NA	5A	5A173	190	0	11	Addition	Early	Addition
2018-07-16T00:00:00Z	5	A	173	1	27	11	5	5	NA	NA	NA	NA	NA	NA	NA	NA	NA	NA	NA	NA	NA	NA	NA	NA	NA	NA	NA	NA	NA	NA	NA	NA	NA	NA	NA	NA	NA	0	NA	NA	5A	5A173	197	5	11	Addition	Early	Addition
2018-07-20T00:00:00Z	5	A	173	1	NA	9	5	0	NA	NA	NA	NA	NA	NA	NA	NA	NA	NA	NA	NA	NA	NA	NA	NA	NA	NA	NA	NA	NA	NA	NA	NA	NA	NA	NA	NA	1	0	NA	NA	5A	5A173	201	5	9	Addition	Early	Addition
2018-07-25T00:00:00Z	5	A	173	1	NA	6	3	NA	NA	NA	NA	NA	NA	NA	NA	NA	NA	NA	NA	NA	NA	NA	NA	NA	NA	NA	NA	NA	NA	NA	NA	NA	NA	NA	NA	NA	NA	1	1	NA	5A	5A173	206	3	6	Addition	Early	Addition
2018-07-31T00:00:00Z	5	A	173	1	NA	2	3	1	NA	NA	NA	NA	NA	NA	NA	NA	NA	NA	NA	NA	NA	NA	NA	NA	NA	NA	NA	NA	NA	NA	NA	NA	NA	NA	NA	NA	1	0	NA	NA	5A	5A173	212	3	2	Addition	Early	Addition
2018-08-10T00:00:00Z	5	A	173	1	NA	4	0	NA	NA	NA	NA	NA	NA	NA	NA	NA	NA	NA	NA	NA	NA	NA	NA	NA	NA	NA	NA	NA	NA	NA	NA	NA	NA	NA	NA	NA	NA	NA	NA	NA	5A	5A173	222	0	4	Addition	Early	Addition
2018-08-24T00:00:00Z	5	A	173	1	NA	4	0	NA	NA	NA	NA	NA	NA	NA	NA	NA	NA	NA	NA	NA	NA	NA	NA	NA	NA	NA	NA	NA	NA	NA	NA	NA	NA	NA	NA	NA	4	NA	NA	NA	5A	5A173	236	0	4	Addition	Early	Addition
2018-06-10T00:00:00Z	4	B	174	NA	NA	8	NA	NA	NA	NA	NA	NA	NA	NA	NA	NA	NA	NA	NA	NA	NA	NA	NA	NA	NA	NA	NA	NA	NA	NA	NA	NA	NA	NA	NA	NA	NA	NA	NA	NA	4B	4B174	161	0	8	Control	Early	Mock rainout
2018-06-10T00:00:00Z	4	B	174	NA	NA	7	0	NA	NA	NA	NA	NA	NA	NA	NA	NA	NA	NA	NA	NA	NA	NA	NA	NA	NA	NA	NA	NA	NA	NA	NA	NA	NA	NA	NA	NA	NA	NA	NA	NA	4B	4B174	161	0	7	Control	Early	Mock rainout
2018-06-15T00:00:00Z	4	B	174	1	NA	12	NA	NA	NA	NA	NA	NA	NA	NA	NA	NA	NA	NA	NA	NA	NA	NA	NA	NA	NA	NA	NA	NA	NA	NA	NA	NA	NA	NA	NA	NA	NA	NA	NA	NA	4B	4B174	166	0	12	Control	Early	Mock rainout
2018-06-15T00:00:00Z	4	B	174	1	27	17	0	NA	NA	NA	NA	NA	NA	NA	NA	NA	NA	NA	NA	NA	NA	NA	NA	NA	NA	NA	NA	NA	NA	NA	NA	NA	NA	NA	NA	NA	NA	NA	NA	NA	4B	4B174	166	0	17	Control	Early	Mock rainout
2018-06-18T00:00:00Z	4	B	174	1	28	10	2	NA	NA	NA	NA	NA	NA	NA	NA	NA	NA	NA	NA	NA	NA	NA	NA	NA	NA	NA	NA	NA	NA	NA	NA	NA	NA	NA	NA	NA	NA	NA	NA	NA	4B	4B174	169	2	10	Control	Early	Mock rainout
2018-06-20T00:00:00Z	4	B	174	1	30	22	6	NA	NA	NA	NA	NA	NA	NA	NA	NA	NA	NA	NA	NA	NA	NA	NA	NA	NA	NA	NA	NA	NA	NA	NA	NA	NA	NA	NA	NA	NA	0	0	upper corolla appears damaged	4B	4B174	171	6	22	Control	Early	Mock rainout
2018-06-22T00:00:00Z	4	B	174	1	NA	11	4	NA	NA	NA	NA	NA	NA	NA	NA	NA	NA	NA	NA	NA	NA	NA	NA	NA	NA	NA	NA	NA	NA	NA	NA	NA	NA	NA	NA	NA	NA	NA	NA	NA	4B	4B174	173	4	11	Control	Early	Mock rainout
2018-06-22T00:00:00Z	4	B	174	1	NA	18	9	NA	NA	NA	NA	NA	NA	NA	NA	NA	NA	NA	NA	NA	NA	NA	NA	NA	NA	NA	NA	NA	NA	NA	NA	NA	NA	NA	NA	NA	NA	NA	NA	NA	4B	4B174	173	9	18	Control	Early	Mock rainout
2018-06-25T00:00:00Z	4	B	174	1	NA	14	8	NA	NA	NA	NA	NA	NA	NA	NA	NA	NA	NA	NA	NA	NA	NA	NA	NA	NA	NA	NA	NA	NA	NA	NA	NA	NA	NA	NA	NA	NA	NA	NA	NA	4B	4B174	176	8	14	Control	Early	Mock rainout
2018-06-27T00:00:00Z	4	B	174	1	31	17	7	NA	NA	NA	NA	NA	NA	NA	NA	NA	NA	NA	NA	NA	NA	NA	NA	NA	NA	NA	NA	NA	NA	NA	NA	NA	NA	NA	NA	NA	NA	0	0	nectar robbing	4B	4B174	178	7	17	Control	Early	Mock rainout
2018-06-29T00:00:00Z	4	B	174	1	NA	2	12	12	NA	NA	NA	NA	NA	NA	NA	NA	NA	NA	NA	NA	NA	NA	NA	NA	NA	NA	NA	NA	NA	NA	NA	NA	NA	NA	NA	NA	NA	NA	NA	NA	4B	4B174	180	12	2	Control	Early	Mock rainout
2018-07-02T00:00:00Z	4	B	174	1	NA	1	0	0	NA	NA	NA	NA	NA	NA	NA	NA	NA	NA	NA	NA	NA	NA	NA	NA	NA	NA	NA	NA	NA	NA	NA	NA	NA	NA	NA	NA	NA	NA	NA	NA	4B	4B174	183	0	1	Control	Early	Mock rainout
2018-07-06T00:00:00Z	4	B	174	1	NA	0	1	1	NA	NA	NA	NA	NA	NA	NA	NA	NA	NA	NA	NA	NA	NA	NA	NA	NA	NA	NA	NA	NA	NA	NA	NA	NA	NA	NA	NA	NA	NA	NA	NA	4B	4B174	187	1	0	Control	Early	Mock rainout
2018-07-11T00:00:00Z	4	B	174	1	NA	0	0	NA	NA	NA	NA	NA	NA	NA	NA	NA	NA	NA	NA	NA	NA	NA	NA	NA	NA	NA	NA	NA	NA	NA	NA	NA	NA	NA	NA	NA	NA	0	NA	NA	4B	4B174	192	0	0	Control	Early	Mock rainout
2018-07-16T00:00:00Z	4	B	174	1	30	0	0	NA	NA	NA	NA	NA	NA	NA	NA	NA	NA	NA	NA	NA	NA	NA	NA	NA	NA	NA	NA	NA	NA	NA	NA	NA	NA	NA	NA	NA	NA	0	NA	NA	4B	4B174	197	0	0	Control	Early	Mock rainout
2018-07-20T00:00:00Z	4	B	174	1	NA	0	0	NA	NA	NA	NA	NA	NA	NA	NA	NA	NA	NA	NA	NA	NA	NA	NA	NA	NA	NA	NA	NA	NA	NA	NA	NA	NA	NA	NA	NA	0	0	NA	NA	4B	4B174	201	0	0	Control	Early	Mock rainout
2018-07-25T00:00:00Z	4	B	174	1	NA	0	0	NA	NA	NA	NA	NA	NA	NA	NA	NA	NA	NA	NA	NA	NA	NA	NA	NA	NA	NA	NA	NA	NA	NA	NA	NA	NA	NA	NA	NA	NA	NA	NA	NA	4B	4B174	206	0	0	Control	Early	Mock rainout
2018-06-15T00:00:00Z	4	B	175	1	NA	4	NA	NA	NA	NA	NA	NA	NA	NA	NA	NA	NA	NA	NA	NA	NA	NA	NA	NA	NA	NA	NA	NA	NA	NA	NA	NA	NA	NA	NA	NA	NA	NA	NA	NA	4B	4B175	166	0	4	Control	Early	Mock rainout
2018-06-15T00:00:00Z	4	B	175	1	25	6	0	NA	NA	NA	NA	NA	NA	NA	NA	NA	NA	NA	NA	NA	NA	NA	NA	NA	NA	NA	NA	NA	NA	NA	NA	NA	NA	NA	NA	NA	NA	NA	NA	NA	4B	4B175	166	0	6	Control	Early	Mock rainout
2018-06-20T00:00:00Z	4	B	175	1	38	25	2	NA	NA	NA	NA	NA	NA	NA	NA	NA	NA	NA	NA	NA	NA	NA	NA	NA	NA	NA	NA	NA	NA	NA	NA	NA	NA	NA	NA	NA	NA	2	2	NA	4B	4B175	171	2	25	Control	Early	Mock rainout
2018-06-25T00:00:00Z	4	B	175	1	NA	13	4	NA	NA	NA	NA	NA	NA	NA	NA	NA	NA	NA	NA	NA	NA	NA	NA	NA	NA	NA	NA	NA	NA	NA	NA	NA	NA	NA	NA	NA	NA	NA	NA	NA	4B	4B175	176	4	13	Control	Early	Mock rainout
2018-06-27T00:00:00Z	4	B	175	1	30	23	5	NA	NA	NA	NA	NA	NA	NA	NA	NA	NA	NA	NA	NA	NA	NA	NA	NA	NA	NA	NA	NA	NA	NA	NA	NA	NA	NA	NA	NA	NA	2	2	NA	4B	4B175	178	5	23	Control	Early	Mock rainout
2018-07-02T00:00:00Z	4	B	175	1	NA	9	5	0	NA	NA	NA	NA	NA	NA	NA	NA	NA	NA	NA	NA	NA	NA	NA	NA	NA	NA	NA	NA	NA	NA	NA	NA	NA	NA	NA	NA	NA	2	2	NA	4B	4B175	183	5	9	Control	Early	Mock rainout
2018-07-06T00:00:00Z	4	B	175	1	NA	10	6	6	NA	NA	NA	NA	NA	NA	NA	NA	NA	NA	NA	NA	NA	NA	NA	NA	NA	NA	NA	NA	NA	NA	NA	NA	NA	NA	NA	NA	NA	NA	NA	NA	4B	4B175	187	6	10	Control	Early	Mock rainout
2018-07-11T00:00:00Z	4	B	175	1	NA	4	3	3	NA	NA	NA	NA	NA	NA	NA	NA	NA	NA	NA	NA	NA	NA	NA	NA	NA	NA	NA	NA	NA	NA	NA	NA	NA	NA	NA	NA	NA	0	NA	NA	4B	4B175	192	3	4	Control	Early	Mock rainout
2018-07-20T00:00:00Z	4	B	175	1	NA	0	0	NA	NA	NA	NA	NA	NA	NA	NA	NA	NA	NA	NA	NA	NA	NA	NA	NA	NA	NA	NA	NA	NA	NA	NA	NA	NA	NA	NA	NA	0	0	NA	NA	4B	4B175	201	0	0	Control	Early	Mock rainout
2018-07-25T00:00:00Z	4	B	175	1	NA	0	0	NA	NA	NA	NA	NA	NA	NA	NA	NA	NA	NA	NA	NA	NA	NA	NA	NA	NA	NA	NA	NA	NA	NA	NA	NA	NA	NA	NA	NA	NA	NA	NA	NA	4B	4B175	206	0	0	Control	Early	Mock rainout
2018-08-07T00:00:00Z	4	B	175	1	NA	2	0	NA	NA	NA	NA	NA	NA	NA	NA	NA	NA	NA	NA	NA	NA	NA	NA	NA	NA	NA	NA	NA	NA	NA	NA	NA	NA	NA	NA	NA	NA	NA	NA	NA	4B	4B175	219	0	2	Control	Early	Mock rainout
2018-08-10T00:00:00Z	4	B	175	1	NA	2	0	NA	NA	NA	NA	NA	NA	NA	NA	NA	NA	NA	NA	NA	NA	NA	NA	NA	NA	NA	NA	NA	NA	NA	NA	NA	NA	NA	NA	NA	NA	NA	NA	NA	4B	4B175	222	0	2	Control	Early	Mock rainout
2018-06-20T00:00:00Z	5	A	175	1	42	12	0	NA	NA	NA	NA	NA	NA	NA	NA	NA	NA	NA	NA	NA	NA	NA	NA	NA	NA	NA	NA	NA	NA	NA	NA	NA	NA	NA	NA	NA	NA	0	NA	NA	5A	5A175	171	0	12	Addition	Early	Addition
2018-06-22T00:00:00Z	5	A	175	1	NA	16	1	NA	NA	NA	NA	NA	NA	NA	NA	NA	NA	NA	NA	NA	NA	NA	NA	NA	NA	NA	NA	NA	NA	NA	NA	NA	NA	NA	NA	NA	NA	NA	NA	NA	5A	5A175	173	1	16	Addition	Early	Addition
2018-06-25T00:00:00Z	5	A	175	1	NA	20	4	NA	NA	NA	NA	NA	NA	NA	NA	NA	NA	NA	NA	NA	NA	NA	NA	NA	NA	NA	NA	NA	NA	NA	NA	NA	NA	NA	NA	NA	NA	NA	NA	NA	5A	5A175	176	4	20	Addition	Early	Addition
2018-07-05T00:00:00Z	5	A	175	1	NA	7	4	3	NA	NA	NA	NA	NA	NA	NA	NA	NA	NA	NA	NA	NA	NA	NA	NA	NA	NA	NA	NA	NA	NA	NA	NA	NA	NA	NA	NA	NA	3	3	NA	5A	5A175	186	4	7	Addition	Early	Addition
2018-07-09T00:00:00Z	5	A	175	1	NA	5	3	3	NA	NA	NA	NA	NA	NA	NA	NA	NA	NA	NA	NA	NA	NA	NA	NA	NA	NA	NA	NA	NA	NA	NA	NA	NA	NA	NA	1	NA	2	2	NA	5A	5A175	190	3	5	Addition	Early	Addition
2018-07-16T00:00:00Z	5	A	175	1	55	2	2	2	NA	NA	NA	NA	NA	NA	NA	NA	NA	NA	NA	NA	NA	NA	NA	NA	NA	NA	NA	NA	NA	NA	NA	NA	NA	NA	NA	NA	NA	1	1	NA	5A	5A175	197	2	2	Addition	Early	Addition
2018-07-20T00:00:00Z	5	A	175	1	NA	3	0	0	NA	NA	NA	NA	NA	NA	NA	NA	NA	NA	NA	NA	NA	NA	NA	NA	NA	NA	NA	NA	NA	NA	NA	NA	NA	NA	NA	NA	0	0	NA	NA	5A	5A175	201	0	3	Addition	Early	Addition
2018-07-31T00:00:00Z	5	A	175	1	NA	6	5	2	NA	NA	NA	NA	NA	NA	NA	NA	NA	NA	NA	NA	NA	NA	NA	NA	NA	NA	NA	NA	NA	NA	NA	NA	NA	NA	NA	NA	NA	0	NA	NA	5A	5A175	212	5	6	Addition	Early	Addition
2018-08-07T00:00:00Z	5	A	175	1	NA	4	3	NA	NA	NA	NA	NA	NA	NA	NA	NA	NA	NA	NA	NA	NA	NA	NA	NA	NA	NA	NA	NA	NA	NA	NA	NA	NA	NA	NA	NA	NA	NA	NA	NA	5A	5A175	219	3	4	Addition	Early	Addition
2018-08-10T00:00:00Z	5	A	175	1	NA	5	2	NA	NA	NA	NA	NA	NA	NA	NA	NA	NA	NA	NA	NA	NA	NA	NA	NA	NA	NA	NA	NA	NA	NA	NA	NA	NA	NA	NA	NA	NA	2	2	NA	5A	5A175	222	2	5	Addition	Early	Addition
2018-08-15T00:00:00Z	5	A	175	1	NA	5	1	0	NA	NA	NA	NA	NA	NA	NA	NA	NA	NA	NA	NA	NA	NA	NA	NA	NA	NA	NA	NA	NA	NA	NA	NA	NA	NA	NA	0	0	0	NA	NA	5A	5A175	227	1	5	Addition	Early	Addition
2018-08-24T00:00:00Z	5	A	175	1	NA	5	1	NA	NA	NA	NA	NA	NA	NA	NA	NA	NA	NA	NA	NA	NA	NA	NA	NA	NA	NA	NA	NA	NA	NA	NA	NA	NA	NA	NA	NA	NA	0	NA	NA	5A	5A175	236	1	5	Addition	Early	Addition
2018-06-27T00:00:00Z	5	A	175	1	49	25	2	NA	NA	NA	NA	NA	NA	NA	NA	NA	NA	NA	NA	NA	NA	NA	NA	NA	NA	NA	NA	NA	NA	NA	NA	NA	NA	NA	NA	NA	NA	0	NA	NR	5A	5A175	178	2	25	Addition	Early	Addition
2018-06-29T00:00:00Z	6	C	175	1	NA	19	4	4	NA	NA	NA	NA	NA	NA	NA	NA	NA	NA	NA	NA	NA	NA	NA	NA	NA	NA	NA	NA	NA	NA	NA	NA	NA	NA	NA	NA	1	NA	NA	NA	6C	6C175	180	4	19	Control	Normal	Mock rainout
2018-06-18T00:00:00Z	5	A	176	5	17	1	0	NA	1	0	NA	1	0	NA	2	0	NA	1	0	NA	NA	NA	NA	NA	NA	NA	NA	NA	NA	NA	NA	NA	NA	NA	NA	NA	NA	NA	NA	NA	5A	5A176	169	0	6	Addition	Early	Addition
2018-06-20T00:00:00Z	5	A	176	5	28	9	0	NA	8	0	NA	6	0	NA	9	0	NA	7	1	NA	NA	NA	NA	NA	NA	NA	NA	NA	NA	NA	NA	NA	NA	NA	NA	NA	NA	NA	NA	NA	5A	5A176	171	1	39	Addition	Early	Addition
2018-06-21T00:00:00Z	5	A	176	NA	NA	NA	NA	NA	NA	NA	NA	NA	NA	NA	NA	NA	NA	NA	NA	NA	NA	NA	NA	NA	NA	NA	NA	NA	NA	NA	NA	NA	NA	NA	NA	NA	NA	1	1	NA	5A	5A176	172	0	0	Addition	Early	Addition
2018-06-22T00:00:00Z	5	A	176	5	NA	7	1	NA	5	1	NA	7	1	NA	7	1	NA	3	1	NA	NA	NA	NA	NA	NA	NA	NA	NA	NA	NA	NA	NA	NA	NA	NA	NA	1	NA	NA	NA	5A	5A176	173	5	29	Addition	Early	Addition
2018-06-25T00:00:00Z	5	A	176	5	NA	5	4	NA	4	1	NA	8	1	NA	6	3	NA	6	2	NA	NA	NA	NA	NA	NA	NA	NA	NA	NA	NA	NA	NA	NA	NA	NA	NA	NA	NA	NA	NA	5A	5A176	176	11	29	Addition	Early	Addition
2018-06-29T00:00:00Z	5	A	176	5	NA	5	2	2	5	2	2	4	4	3	6	3	3	6	1	FALSE	NA	NA	NA	NA	NA	NA	NA	NA	NA	NA	NA	NA	NA	NA	NA	NA	NA	NA	NA	NA	5A	5A176	180	12	26	Addition	Early	Addition
2018-07-05T00:00:00Z	5	A	176	5	NA	1	2	2	2	2	2	1	0	0	0	2	2	1	1	TRUE	NA	NA	NA	NA	NA	NA	NA	NA	NA	NA	NA	NA	NA	NA	NA	NA	NA	0	NA	NA	5A	5A176	186	7	5	Addition	Early	Addition
2018-07-09T00:00:00Z	5	A	176	5	NA	0	2	2	0	0	0	1	0	0	1	0	0	1	0	FALSE	TRUE	FALSE	FALSE	NA	NA	NA	NA	NA	NA	NA	NA	NA	NA	NA	NA	NA	NA	0	NA	NA	5A	5A176	190	2	4	Addition	Early	Addition
2018-07-16T00:00:00Z	5	A	176	5	24	NA	NA	NA	NA	NA	NA	NA	NA	NA	NA	NA	NA	NA	NA	NA	NA	NA	NA	NA	NA	NA	NA	NA	NA	NA	NA	NA	NA	NA	NA	NA	NA	NA	NA	NA	5A	5A176	197	0	0	Addition	Early	Addition
2018-07-25T00:00:00Z	5	A	176	5	NA	0	0	NA	NA	NA	NA	NA	NA	NA	NA	NA	NA	NA	NA	NA	NA	NA	NA	NA	NA	NA	NA	NA	NA	NA	NA	NA	NA	NA	NA	NA	NA	NA	NA	NA	5A	5A176	206	0	0	Addition	Early	Addition
2018-07-31T00:00:00Z	5	A	176	5	NA	0	1	0	NA	NA	NA	NA	NA	NA	NA	NA	NA	NA	NA	NA	NA	NA	NA	NA	NA	NA	NA	NA	NA	NA	NA	NA	NA	NA	NA	NA	NA	0	NA	all other inflorescences are 0/0	5A	5A176	212	1	0	Addition	Early	Addition
2018-08-10T00:00:00Z	5	A	176	5	NA	1	0	NA	1	0	NA	0	0	NA	0	0	NA	0	0	NA	NA	NA	NA	NA	NA	NA	NA	NA	NA	NA	NA	NA	NA	NA	NA	NA	NA	NA	NA	NA	5A	5A176	222	0	2	Addition	Early	Addition
2018-06-27T00:00:00Z	5	A	176	5	27	8	3	NA	7	5	NA	6	4	NA	7	3	NA	6	1	NA	NA	NA	NA	NA	NA	NA	NA	NA	NA	NA	NA	NA	NA	NA	NA	NA	NA	4	4	NR	5A	5A176	178	16	34	Addition	Early	Addition
2018-06-10T00:00:00Z	4	B	177	NA	NA	7	0	NA	NA	NA	NA	NA	NA	NA	NA	NA	NA	NA	NA	NA	NA	NA	NA	NA	NA	NA	NA	NA	NA	NA	NA	NA	NA	NA	NA	NA	0	NA	NA	no flies	4B	4B177	161	0	7	Control	Early	Mock rainout
2018-06-10T00:00:00Z	4	B	177	NA	NA	9	0	NA	NA	NA	NA	NA	NA	NA	NA	NA	NA	NA	NA	NA	NA	NA	NA	NA	NA	NA	NA	NA	NA	NA	NA	NA	NA	NA	NA	NA	0	NA	NA	no flies	4B	4B177	161	0	9	Control	Early	Mock rainout
2018-06-15T00:00:00Z	4	B	177	1	NA	19	NA	NA	NA	NA	NA	NA	NA	NA	NA	NA	NA	NA	NA	NA	NA	NA	NA	NA	NA	NA	NA	NA	NA	NA	NA	NA	NA	NA	NA	NA	NA	NA	NA	NA	4B	4B177	166	0	19	Control	Early	Mock rainout
2018-06-15T00:00:00Z	4	B	177	1	28	20	4	NA	NA	NA	NA	NA	NA	NA	NA	NA	NA	NA	NA	NA	NA	NA	NA	NA	NA	NA	NA	NA	NA	NA	NA	NA	NA	NA	NA	NA	NA	NA	NA	NA	4B	4B177	166	4	20	Control	Early	Mock rainout
2018-06-18T00:00:00Z	4	B	177	1	32	3	9	NA	NA	NA	NA	NA	NA	NA	NA	NA	NA	NA	NA	NA	NA	NA	NA	NA	NA	NA	NA	NA	NA	NA	NA	NA	NA	NA	NA	NA	NA	NA	NA	NA	4B	4B177	169	9	3	Control	Early	Mock rainout
2018-06-20T00:00:00Z	4	B	177	1	29	31	9	NA	NA	NA	NA	NA	NA	NA	NA	NA	NA	NA	NA	NA	NA	NA	NA	NA	NA	NA	NA	NA	NA	NA	NA	NA	NA	NA	NA	NA	NA	NA	NA	NA	4B	4B177	171	9	31	Control	Early	Mock rainout
2018-06-22T00:00:00Z	4	B	177	1	NA	11	9	NA	NA	NA	NA	NA	NA	NA	NA	NA	NA	NA	NA	NA	NA	NA	NA	NA	NA	NA	NA	NA	NA	NA	NA	NA	NA	NA	NA	NA	NA	1	1	NA	4B	4B177	173	9	11	Control	Early	Mock rainout
2018-06-25T00:00:00Z	4	B	177	1	NA	1	8	NA	NA	NA	NA	NA	NA	NA	NA	NA	NA	NA	NA	NA	NA	NA	NA	NA	NA	NA	NA	NA	NA	NA	NA	NA	NA	NA	NA	NA	NA	NA	NA	NA	4B	4B177	176	8	1	Control	Early	Mock rainout
2018-06-27T00:00:00Z	4	B	177	1	30	13	7	NA	NA	NA	NA	NA	NA	NA	NA	NA	NA	NA	NA	NA	NA	NA	NA	NA	NA	NA	NA	NA	NA	NA	NA	NA	NA	NA	NA	NA	NA	0	0	nectar robbing	4B	4B177	178	7	13	Control	Early	Mock rainout
2018-06-29T00:00:00Z	4	B	177	1	NA	4	4	2	NA	NA	NA	NA	NA	NA	NA	NA	NA	NA	NA	NA	NA	NA	NA	NA	NA	NA	NA	NA	NA	NA	NA	NA	NA	NA	NA	NA	NA	NA	NA	NA	4B	4B177	180	4	4	Control	Early	Mock rainout
2018-07-02T00:00:00Z	4	B	177	1	NA	0	6	6	NA	NA	NA	NA	NA	NA	NA	NA	NA	NA	NA	NA	NA	NA	NA	NA	NA	NA	NA	NA	NA	NA	NA	NA	NA	NA	NA	NA	NA	0	NA	NA	4B	4B177	183	6	0	Control	Early	Mock rainout
2018-07-06T00:00:00Z	4	B	177	1	NA	0	0	NA	NA	NA	NA	NA	NA	NA	NA	NA	NA	NA	NA	NA	NA	NA	NA	NA	NA	NA	NA	NA	NA	NA	NA	NA	NA	NA	NA	NA	NA	NA	NA	S	4B	4B177	187	0	0	Control	Early	Mock rainout
2018-07-11T00:00:00Z	4	B	177	1	NA	0	0	NA	NA	NA	NA	NA	NA	NA	NA	NA	NA	NA	NA	NA	NA	NA	NA	NA	NA	NA	NA	NA	NA	NA	NA	NA	NA	NA	NA	NA	NA	0	NA	NA	4B	4B177	192	0	0	Control	Early	Mock rainout
2018-07-16T00:00:00Z	4	B	177	1	31	0	0	NA	NA	NA	NA	NA	NA	NA	NA	NA	NA	NA	NA	NA	NA	NA	NA	NA	NA	NA	NA	NA	NA	NA	NA	NA	NA	NA	NA	NA	NA	0	NA	NA	4B	4B177	197	0	0	Control	Early	Mock rainout
2018-07-20T00:00:00Z	4	B	177	1	NA	0	0	NA	NA	NA	NA	NA	NA	NA	NA	NA	NA	NA	NA	NA	NA	NA	NA	NA	NA	NA	NA	NA	NA	NA	NA	NA	NA	NA	NA	NA	0	0	NA	NA	4B	4B177	201	0	0	Control	Early	Mock rainout
2018-07-25T00:00:00Z	4	B	177	1	NA	0	0	NA	NA	NA	NA	NA	NA	NA	NA	NA	NA	NA	NA	NA	NA	NA	NA	NA	NA	NA	NA	NA	NA	NA	NA	NA	NA	NA	NA	NA	NA	NA	NA	NA	4B	4B177	206	0	0	Control	Early	Mock rainout
2018-07-16T00:00:00Z	1	B	179	1	39	3	1	1	NA	NA	NA	NA	NA	NA	NA	NA	NA	NA	NA	NA	NA	NA	NA	NA	NA	NA	NA	NA	NA	NA	NA	NA	NA	NA	NA	NA	NA	0	NA	NA	1B	1B179	197	1	3	Control	Normal	Control
2018-06-10T00:00:00Z	5	A	180	NA	NA	7	0	NA	NA	NA	NA	NA	NA	NA	NA	NA	NA	NA	NA	NA	NA	NA	NA	NA	NA	NA	NA	NA	NA	NA	NA	NA	NA	NA	NA	NA	NA	NA	NA	NA	5A	5A180	161	0	7	Addition	Early	Addition
2018-06-15T00:00:00Z	5	A	180	1	NA	18	0	NA	NA	NA	NA	NA	NA	NA	NA	NA	NA	NA	NA	NA	NA	NA	NA	NA	NA	NA	NA	NA	NA	NA	NA	NA	NA	NA	NA	NA	NA	NA	NA	2 buds damaged-holes	5A	5A180	166	0	18	Addition	Early	Addition
2018-06-15T00:00:00Z	5	A	180	1	31	17	0	NA	NA	NA	NA	NA	NA	NA	NA	NA	NA	NA	NA	NA	NA	NA	NA	NA	NA	NA	NA	NA	NA	NA	NA	NA	NA	NA	NA	NA	NA	NA	NA	NA	5A	5A180	166	0	17	Addition	Early	Addition
2018-06-18T00:00:00Z	5	A	180	1	34.4	18	6	NA	NA	NA	NA	NA	NA	NA	NA	NA	NA	NA	NA	NA	NA	NA	NA	NA	NA	NA	NA	NA	NA	NA	NA	NA	NA	NA	NA	NA	NA	NA	NA	NA	5A	5A180	169	6	18	Addition	Early	Addition
2018-06-20T00:00:00Z	5	A	180	1	36	29	5	NA	NA	NA	NA	NA	NA	NA	NA	NA	NA	NA	NA	NA	NA	NA	NA	NA	NA	NA	NA	NA	NA	NA	NA	NA	NA	NA	NA	NA	NA	NA	NA	NA	5A	5A180	171	5	29	Addition	Early	Addition
2018-06-21T00:00:00Z	5	A	180	NA	NA	NA	NA	NA	NA	NA	NA	NA	NA	NA	NA	NA	NA	NA	NA	NA	NA	NA	NA	NA	NA	NA	NA	NA	NA	NA	NA	NA	NA	NA	NA	NA	NA	0	NA	NA	5A	5A180	172	0	0	Addition	Early	Addition
2018-06-22T00:00:00Z	5	A	180	1	NA	19	7	NA	NA	NA	NA	NA	NA	NA	NA	NA	NA	NA	NA	NA	NA	NA	NA	NA	NA	NA	NA	NA	NA	NA	NA	NA	NA	NA	NA	NA	NA	NA	NA	NA	5A	5A180	173	7	19	Addition	Early	Addition
2018-06-25T00:00:00Z	5	A	180	1	NA	10	11	NA	NA	NA	NA	NA	NA	NA	NA	NA	NA	NA	NA	NA	NA	NA	NA	NA	NA	NA	NA	NA	NA	NA	NA	NA	NA	NA	NA	NA	NA	NA	NA	NA	5A	5A180	176	11	10	Addition	Early	Addition
2018-06-29T00:00:00Z	5	A	180	1	NA	10	6	2	NA	NA	NA	NA	NA	NA	NA	NA	NA	NA	NA	NA	NA	NA	NA	NA	NA	NA	NA	NA	NA	NA	NA	NA	NA	NA	NA	NA	NA	NA	NA	NA	5A	5A180	180	6	10	Addition	Early	Addition
2018-07-05T00:00:00Z	5	A	180	1	NA	3	4	4	NA	NA	NA	NA	NA	NA	NA	NA	NA	NA	NA	NA	NA	NA	NA	NA	NA	NA	NA	NA	NA	NA	NA	NA	NA	NA	NA	NA	NA	0	NA	NA	5A	5A180	186	4	3	Addition	Early	Addition
2018-07-09T00:00:00Z	5	A	180	1	NA	0	1	NA	NA	NA	NA	NA	NA	NA	NA	NA	NA	NA	NA	NA	NA	NA	NA	NA	NA	NA	NA	NA	NA	NA	NA	NA	NA	NA	NA	NA	NA	0	NA	NA	5A	5A180	190	1	0	Addition	Early	Addition
2018-07-16T00:00:00Z	5	A	180	1	37	1	0	NA	NA	NA	NA	NA	NA	NA	NA	NA	NA	NA	NA	NA	NA	NA	NA	NA	NA	NA	NA	NA	NA	NA	NA	NA	NA	NA	NA	NA	NA	0	NA	NA	5A	5A180	197	0	1	Addition	Early	Addition
2018-07-20T00:00:00Z	5	A	180	1	NA	2	0	0	NA	NA	NA	NA	NA	NA	NA	NA	NA	NA	NA	NA	NA	NA	NA	NA	NA	NA	NA	NA	NA	NA	NA	NA	NA	NA	NA	NA	0	0	NA	NA	5A	5A180	201	0	2	Addition	Early	Addition
2018-07-25T00:00:00Z	5	A	180	1	NA	4	0	NA	NA	NA	NA	NA	NA	NA	NA	NA	NA	NA	NA	NA	NA	NA	NA	NA	NA	NA	NA	NA	NA	NA	NA	NA	NA	NA	NA	NA	NA	NA	NA	NA	5A	5A180	206	0	4	Addition	Early	Addition
2018-07-31T00:00:00Z	5	A	180	1	NA	5	1	0	NA	NA	NA	NA	NA	NA	NA	NA	NA	NA	NA	NA	NA	NA	NA	NA	NA	NA	NA	NA	NA	NA	NA	NA	NA	NA	NA	NA	NA	0	NA	NA	5A	5A180	212	1	5	Addition	Early	Addition
2018-08-10T00:00:00Z	5	A	180	1	NA	3	2	NA	NA	NA	NA	NA	NA	NA	NA	NA	NA	NA	NA	NA	NA	NA	NA	NA	NA	NA	NA	NA	NA	NA	NA	NA	NA	NA	NA	NA	1	4	2	1 egg in 1 flower, 3 in 1 flower.	5A	5A180	222	2	3	Addition	Early	Addition
2018-08-15T00:00:00Z	5	A	180	1	NA	2	0	0	NA	NA	NA	NA	NA	NA	NA	NA	NA	NA	NA	NA	NA	NA	NA	NA	NA	NA	NA	NA	NA	NA	NA	NA	NA	NA	NA	0	0	NA	NA	NA	5A	5A180	227	0	2	Addition	Early	Addition
2018-06-27T00:00:00Z	5	A	180	1	38	14	2	NA	NA	NA	NA	NA	NA	NA	NA	NA	NA	NA	NA	NA	NA	NA	NA	NA	NA	NA	NA	NA	NA	NA	NA	NA	NA	NA	NA	NA	NA	0	0	NR	5A	5A180	178	2	14	Addition	Early	Addition
2018-06-15T00:00:00Z	4	B	181	1	NA	6	NA	NA	NA	NA	NA	NA	NA	NA	NA	NA	NA	NA	NA	NA	NA	NA	NA	NA	NA	NA	NA	NA	NA	NA	NA	NA	NA	NA	NA	NA	NA	NA	NA	NA	4B	4B181	166	0	6	Control	Early	Mock rainout
2018-06-15T00:00:00Z	4	B	181	1	28	6	0	NA	NA	NA	NA	NA	NA	NA	NA	NA	NA	NA	NA	NA	NA	NA	NA	NA	NA	NA	NA	NA	NA	NA	NA	NA	NA	NA	NA	NA	NA	NA	NA	NA	4B	4B181	166	0	6	Control	Early	Mock rainout
2018-06-18T00:00:00Z	4	B	181	1	34	7	1	NA	NA	NA	NA	NA	NA	NA	NA	NA	NA	NA	NA	NA	NA	NA	NA	NA	NA	NA	NA	NA	NA	NA	NA	NA	NA	NA	NA	NA	NA	NA	NA	NA	4B	4B181	169	1	7	Control	Early	Mock rainout
2018-06-20T00:00:00Z	4	B	181	1	31	17	2	NA	NA	NA	NA	NA	NA	NA	NA	NA	NA	NA	NA	NA	NA	NA	NA	NA	NA	NA	NA	NA	NA	NA	NA	NA	NA	NA	NA	NA	NA	0	0	NA	4B	4B181	171	2	17	Control	Early	Mock rainout
2018-06-22T00:00:00Z	4	B	181	1	NA	13	5	NA	NA	NA	NA	NA	NA	NA	NA	NA	NA	NA	NA	NA	NA	NA	NA	NA	NA	NA	NA	NA	NA	NA	NA	NA	NA	NA	NA	NA	NA	NA	NA	NA	4B	4B181	173	5	13	Control	Early	Mock rainout
2018-06-25T00:00:00Z	4	B	181	1	NA	14	6	5	NA	NA	NA	NA	NA	NA	NA	NA	NA	NA	NA	NA	NA	NA	NA	NA	NA	NA	NA	NA	NA	NA	NA	NA	NA	NA	NA	NA	NA	NA	NA	NA	4B	4B181	176	6	14	Control	Early	Mock rainout
2018-06-27T00:00:00Z	4	B	181	11	27	22	7	NA	NA	NA	NA	NA	NA	NA	NA	NA	NA	NA	NA	NA	NA	NA	NA	NA	NA	NA	NA	NA	NA	NA	NA	NA	NA	NA	NA	NA	NA	1	1	nectar robbing	4B	4B181	178	7	22	Control	Early	Mock rainout
2018-06-29T00:00:00Z	4	B	181	1	NA	8	9	9	NA	NA	NA	NA	NA	NA	NA	NA	NA	NA	NA	NA	NA	NA	NA	NA	NA	NA	NA	NA	NA	NA	NA	NA	NA	NA	NA	NA	NA	NA	NA	NA	4B	4B181	180	9	8	Control	Early	Mock rainout
2018-07-02T00:00:00Z	4	B	181	1	NA	7	6	6	NA	NA	NA	NA	NA	NA	NA	NA	NA	NA	NA	NA	NA	NA	NA	NA	NA	NA	NA	NA	NA	NA	NA	NA	NA	NA	NA	NA	NA	0	NA	NA	4B	4B181	183	6	7	Control	Early	Mock rainout
2018-07-06T00:00:00Z	4	B	181	1	NA	4	3	2	NA	NA	NA	NA	NA	NA	NA	NA	NA	NA	NA	NA	NA	NA	NA	NA	NA	NA	NA	NA	NA	NA	NA	NA	NA	NA	NA	NA	NA	NA	NA	NA	4B	4B181	187	3	4	Control	Early	Mock rainout
2018-07-11T00:00:00Z	4	B	181	1	NA	1	0	NA	NA	NA	NA	NA	NA	NA	NA	NA	NA	NA	NA	NA	NA	NA	NA	NA	NA	NA	NA	NA	NA	NA	NA	NA	NA	NA	NA	NA	NA	0	NA	NA	4B	4B181	192	0	1	Control	Early	Mock rainout
2018-07-16T00:00:00Z	4	B	181	1	38	0	0	NA	NA	NA	NA	NA	NA	NA	NA	NA	NA	NA	NA	NA	NA	NA	NA	NA	NA	NA	NA	NA	NA	NA	NA	NA	NA	NA	NA	NA	NA	0	NA	NA	4B	4B181	197	0	0	Control	Early	Mock rainout
2018-07-20T00:00:00Z	4	B	181	1	NA	0	0	NA	NA	NA	NA	NA	NA	NA	NA	NA	NA	NA	NA	NA	NA	NA	NA	NA	NA	NA	NA	NA	NA	NA	NA	NA	NA	NA	NA	NA	0	0	NA	NA	4B	4B181	201	0	0	Control	Early	Mock rainout
2018-07-25T00:00:00Z	4	B	181	1	NA	0	0	NA	NA	NA	NA	NA	NA	NA	NA	NA	NA	NA	NA	NA	NA	NA	NA	NA	NA	NA	NA	NA	NA	NA	NA	NA	NA	NA	NA	NA	NA	NA	NA	NA	4B	4B181	206	0	0	Control	Early	Mock rainout
2018-06-15T00:00:00Z	5	A	181	4	NA	1	0	NA	NA	NA	NA	NA	NA	NA	NA	NA	NA	NA	NA	NA	NA	NA	NA	NA	NA	NA	NA	NA	NA	NA	NA	NA	NA	NA	NA	NA	NA	NA	NA	1 inflorescence open	5A	5A181	166	0	1	Addition	Early	Addition
2018-06-15T00:00:00Z	5	A	181	4	31	3	0	NA	2	0	NA	1	0	NA	NA	NA	NA	NA	NA	NA	NA	NA	NA	NA	NA	NA	NA	NA	NA	NA	NA	NA	NA	NA	NA	NA	NA	NA	NA	NA	5A	5A181	166	0	6	Addition	Early	Addition
2018-06-18T00:00:00Z	5	A	181	4	34	6	0	NA	4	0	NA	2	0	NA	1	0	NA	NA	NA	NA	NA	NA	NA	NA	NA	NA	NA	NA	NA	NA	NA	NA	NA	NA	NA	NA	NA	NA	NA	NA	5A	5A181	169	0	13	Addition	Early	Addition
2018-06-20T00:00:00Z	5	A	181	4	35	13	0	NA	7	0	NA	9	1	NA	3	0	NA	NA	NA	NA	NA	NA	NA	NA	NA	NA	NA	NA	NA	NA	NA	NA	NA	NA	NA	NA	NA	NA	NA	NA	5A	5A181	171	1	32	Addition	Early	Addition
2018-06-21T00:00:00Z	5	A	181	NA	NA	NA	NA	NA	NA	NA	NA	NA	NA	NA	NA	NA	NA	NA	NA	NA	NA	NA	NA	NA	NA	NA	NA	NA	NA	NA	NA	NA	NA	NA	NA	NA	NA	0	NA	NA	5A	5A181	172	0	0	Addition	Early	Addition
2018-06-22T00:00:00Z	5	A	181	4	NA	11	1	NA	6	2	NA	3	0	NA	6	1	NA	NA	NA	NA	NA	NA	NA	NA	NA	NA	NA	NA	NA	NA	NA	NA	NA	NA	NA	NA	NA	NA	NA	NA	5A	5A181	173	4	26	Addition	Early	Addition
2018-06-25T00:00:00Z	5	A	181	4	NA	5	7	7	7	1	0	4	5	0	7	1	0	NA	NA	NA	NA	NA	NA	NA	NA	NA	NA	NA	NA	NA	NA	NA	NA	NA	NA	1	NA	NA	NA	NA	5A	5A181	176	14	23	Addition	Early	Addition
2018-06-29T00:00:00Z	5	A	181	4	NA	9	1	1	3	1	1	7	1	0	4	2	2	NA	NA	NA	NA	NA	NA	NA	NA	NA	NA	NA	NA	NA	NA	NA	NA	NA	NA	NA	NA	NA	NA	NA	5A	5A181	180	5	23	Addition	Early	Addition
2018-07-05T00:00:00Z	5	A	181	4	NA	6	4	3	1	4	3	1	1	0	2	2	2	NA	NA	NA	NA	NA	NA	NA	NA	NA	NA	NA	NA	NA	NA	NA	NA	NA	NA	NA	NA	3	3	NA	5A	5A181	186	11	10	Addition	Early	Addition
2018-07-09T00:00:00Z	5	A	181	4	NA	6	4	3	0	1	1	1	0	0	1	1	1	NA	NA	NA	NA	NA	NA	NA	NA	NA	NA	NA	NA	NA	NA	NA	NA	NA	NA	NA	NA	1	NA	NA	5A	5A181	190	6	8	Addition	Early	Addition
2018-07-16T00:00:00Z	5	A	181	4	30	2	0	NA	0	0	NA	0	0	NA	NA	NA	NA	NA	NA	NA	NA	NA	NA	NA	NA	NA	NA	NA	NA	NA	NA	NA	NA	NA	NA	NA	NA	0	NA	NA	5A	5A181	197	0	2	Addition	Early	Addition
2018-07-20T00:00:00Z	5	A	181	4	NA	1	0	0	0	1	NA	NA	NA	NA	NA	NA	NA	NA	NA	NA	NA	NA	NA	NA	NA	NA	NA	NA	NA	NA	NA	NA	NA	NA	NA	NA	0	0	NA	NA	5A	5A181	201	1	1	Addition	Early	Addition
2018-07-25T00:00:00Z	5	A	181	4	NA	1	0	NA	0	0	NA	0	0	NA	0	0	NA	NA	NA	NA	NA	NA	NA	NA	NA	NA	NA	NA	NA	NA	NA	NA	NA	NA	NA	NA	NA	NA	NA	1 browsed	5A	5A181	206	0	1	Addition	Early	Addition
2018-08-07T00:00:00Z	5	A	181	1	NA	4	1	NA	NA	NA	NA	NA	NA	NA	NA	NA	NA	NA	NA	NA	NA	NA	NA	NA	NA	NA	NA	NA	NA	NA	NA	NA	NA	NA	NA	NA	NA	NA	NA	NA	5A	5A181	219	1	4	Addition	Early	Addition
2018-08-24T00:00:00Z	5	A	181	1	NA	1	0	NA	NA	NA	NA	NA	NA	NA	NA	NA	NA	NA	NA	NA	NA	NA	NA	NA	NA	NA	NA	NA	NA	NA	NA	NA	NA	NA	NA	NA	NA	NA	NA	NA	5A	5A181	236	0	1	Addition	Early	Addition
2018-06-27T00:00:00Z	5	A	181	4	38	4	2	NA	7	1	NA	5	3	NA	9	2	NA	NA	NA	NA	NA	NA	NA	NA	NA	NA	NA	NA	NA	NA	NA	NA	NA	NA	NA	NA	NA	2	2	NR	5A	5A181	178	8	25	Addition	Early	Addition
2018-06-10T00:00:00Z	5	A	182	NA	NA	5	0	NA	NA	NA	NA	NA	NA	NA	NA	NA	NA	NA	NA	NA	NA	NA	NA	NA	NA	NA	NA	NA	NA	NA	NA	NA	NA	NA	NA	NA	NA	NA	NA	NA	5A	5A182	161	0	5	Addition	Early	Addition
2018-06-15T00:00:00Z	5	A	182	1	NA	18	0	NA	NA	NA	NA	NA	NA	NA	NA	NA	NA	NA	NA	NA	NA	NA	NA	NA	NA	NA	NA	NA	NA	NA	NA	NA	NA	NA	NA	NA	NA	NA	NA	2 buds damaged-holes	5A	5A182	166	0	18	Addition	Early	Addition
2018-06-15T00:00:00Z	5	A	182	1	32	18	1	NA	NA	NA	NA	NA	NA	NA	NA	NA	NA	NA	NA	NA	NA	NA	NA	NA	NA	NA	NA	NA	NA	NA	NA	NA	NA	NA	NA	NA	NA	NA	NA	NA	5A	5A182	166	1	18	Addition	Early	Addition
2018-06-18T00:00:00Z	5	A	182	1	34.5	20	6	NA	1	NA	NA	NA	NA	NA	NA	NA	NA	NA	NA	NA	NA	NA	NA	NA	NA	NA	NA	NA	NA	NA	NA	NA	NA	NA	NA	NA	NA	NA	NA	NA	5A	5A182	169	6	21	Addition	Early	Addition
2018-06-20T00:00:00Z	5	A	182	1	32	24	10	NA	NA	NA	NA	NA	NA	NA	NA	NA	NA	NA	NA	NA	NA	NA	NA	NA	NA	NA	NA	NA	NA	NA	NA	NA	NA	NA	NA	NA	NA	NA	NA	NA	5A	5A182	171	10	24	Addition	Early	Addition
2018-06-21T00:00:00Z	5	A	182	NA	NA	NA	NA	NA	NA	NA	NA	NA	NA	NA	NA	NA	NA	NA	NA	NA	NA	NA	NA	NA	NA	NA	NA	NA	NA	NA	NA	NA	NA	NA	NA	NA	NA	1	1	NA	5A	5A182	172	0	0	Addition	Early	Addition
2018-06-22T00:00:00Z	5	A	182	1	NA	17	8	NA	NA	NA	NA	NA	NA	NA	NA	NA	NA	NA	NA	NA	NA	NA	NA	NA	NA	NA	NA	NA	NA	NA	NA	NA	NA	NA	NA	NA	NA	NA	NA	NA	5A	5A182	173	8	17	Addition	Early	Addition
2018-06-29T00:00:00Z	5	A	182	1	NA	7	3	1	NA	NA	NA	NA	NA	NA	NA	NA	NA	NA	NA	NA	NA	NA	NA	NA	NA	NA	NA	NA	NA	NA	NA	NA	NA	NA	NA	NA	NA	NA	NA	NA	5A	5A182	180	3	7	Addition	Early	Addition
2018-07-05T00:00:00Z	5	A	182	1	NA	4	6	5	NA	NA	NA	NA	NA	NA	NA	NA	NA	NA	NA	NA	NA	NA	NA	NA	NA	NA	NA	NA	NA	NA	NA	NA	NA	NA	NA	NA	NA	1	1	NA	5A	5A182	186	6	4	Addition	Early	Addition
2018-07-09T00:00:00Z	5	A	182	1	NA	0	3	3	NA	NA	NA	NA	NA	NA	NA	NA	NA	NA	NA	NA	NA	NA	NA	NA	NA	NA	NA	NA	NA	NA	NA	NA	NA	NA	NA	NA	NA	0	NA	NA	5A	5A182	190	3	0	Addition	Early	Addition
2018-07-16T00:00:00Z	5	A	182	1	28	0	0	NA	NA	NA	NA	NA	NA	NA	NA	NA	NA	NA	NA	NA	NA	NA	NA	NA	NA	NA	NA	NA	NA	NA	NA	NA	NA	NA	NA	NA	NA	0	NA	NA	5A	5A182	197	0	0	Addition	Early	Addition
2018-07-20T00:00:00Z	5	A	182	1	NA	0	0	0	NA	NA	NA	NA	NA	NA	NA	NA	NA	NA	NA	NA	NA	NA	NA	NA	NA	NA	NA	NA	NA	NA	NA	NA	NA	NA	NA	NA	0	0	NA	broken/browsed	5A	5A182	201	0	0	Addition	Early	Addition
2018-08-10T00:00:00Z	5	A	182	1	NA	1	1	NA	NA	NA	NA	NA	NA	NA	NA	NA	NA	NA	NA	NA	NA	NA	NA	NA	NA	NA	NA	NA	NA	NA	NA	NA	NA	NA	NA	NA	NA	1	1	NA	5A	5A182	222	1	1	Addition	Early	Addition
2018-06-27T00:00:00Z	5	A	182	1	38	6	8	NA	NA	NA	NA	NA	NA	NA	NA	NA	NA	NA	NA	NA	NA	NA	NA	NA	NA	NA	NA	NA	NA	NA	NA	NA	NA	NA	NA	NA	NA	1	1	NR	5A	5A182	178	8	6	Addition	Early	Addition
2018-06-15T00:00:00Z	4	B	183	1	NA	12	NA	NA	NA	NA	NA	NA	NA	NA	NA	NA	NA	NA	NA	NA	NA	NA	NA	NA	NA	NA	NA	NA	NA	NA	NA	NA	NA	NA	NA	NA	NA	NA	NA	NA	4B	4B183	166	0	12	Control	Early	Mock rainout
2018-06-15T00:00:00Z	4	B	183	1	32	13	0	NA	NA	NA	NA	NA	NA	NA	NA	NA	NA	NA	NA	NA	NA	NA	NA	NA	NA	NA	NA	NA	NA	NA	NA	NA	NA	NA	NA	NA	1	NA	NA	NA	4B	4B183	166	0	13	Control	Early	Mock rainout
2018-06-18T00:00:00Z	4	B	183	1	34	12	1	NA	NA	NA	NA	NA	NA	NA	NA	NA	NA	NA	NA	NA	NA	NA	NA	NA	NA	NA	NA	NA	NA	NA	NA	NA	NA	NA	NA	NA	NA	NA	NA	NA	4B	4B183	169	1	12	Control	Early	Mock rainout
2018-06-20T00:00:00Z	4	B	183	1	35	16	0	NA	NA	NA	NA	NA	NA	NA	NA	NA	NA	NA	NA	NA	NA	NA	NA	NA	NA	NA	NA	NA	NA	NA	NA	NA	NA	NA	NA	NA	NA	NA	NA	NA	4B	4B183	171	0	16	Control	Early	Mock rainout
2018-06-20T00:00:00Z	4	B	183	1	37	23	7	NA	NA	NA	NA	NA	NA	NA	NA	NA	NA	NA	NA	NA	NA	NA	NA	NA	NA	NA	NA	NA	NA	NA	NA	NA	NA	NA	NA	NA	NA	2	2	NA	4B	4B183	171	7	23	Control	Early	Mock rainout
2018-06-22T00:00:00Z	4	B	183	1	NA	13	7	NA	NA	NA	NA	NA	NA	NA	NA	NA	NA	NA	NA	NA	NA	NA	NA	NA	NA	NA	NA	NA	NA	NA	NA	NA	NA	NA	NA	NA	NA	NA	NA	NA	4B	4B183	173	7	13	Control	Early	Mock rainout
2018-06-25T00:00:00Z	4	B	183	1	NA	10	9	NA	NA	NA	NA	NA	NA	NA	NA	NA	NA	NA	NA	NA	NA	NA	NA	NA	NA	NA	NA	NA	NA	NA	NA	NA	NA	NA	NA	NA	NA	NA	NA	NA	4B	4B183	176	9	10	Control	Early	Mock rainout
2018-06-27T00:00:00Z	4	B	183	1	37	16	8	NA	NA	NA	NA	NA	NA	NA	NA	NA	NA	NA	NA	NA	NA	NA	NA	NA	NA	NA	NA	NA	NA	NA	NA	NA	NA	NA	NA	NA	NA	0	0	nectar robbing	4B	4B183	178	8	16	Control	Early	Mock rainout
2018-07-02T00:00:00Z	4	B	183	1	NA	1	4	4	NA	NA	NA	NA	NA	NA	NA	NA	NA	NA	NA	NA	NA	NA	NA	NA	NA	NA	NA	NA	NA	NA	NA	NA	NA	NA	NA	NA	NA	0	NA	NA	4B	4B183	183	4	1	Control	Early	Mock rainout
2018-07-06T00:00:00Z	4	B	183	1	NA	0	1	1	NA	NA	NA	NA	NA	NA	NA	NA	NA	NA	NA	NA	NA	NA	NA	NA	NA	NA	NA	NA	NA	NA	NA	NA	NA	NA	NA	NA	NA	NA	NA	NA	4B	4B183	187	1	0	Control	Early	Mock rainout
2018-07-11T00:00:00Z	4	B	183	1	NA	0	0	NA	NA	NA	NA	NA	NA	NA	NA	NA	NA	NA	NA	NA	NA	NA	NA	NA	NA	NA	NA	NA	NA	NA	NA	NA	NA	NA	NA	NA	NA	0	NA	NA	4B	4B183	192	0	0	Control	Early	Mock rainout
2018-07-16T00:00:00Z	4	B	183	1	40	0	0	NA	NA	NA	NA	NA	NA	NA	NA	NA	NA	NA	NA	NA	NA	NA	NA	NA	NA	NA	NA	NA	NA	NA	NA	NA	NA	NA	NA	NA	NA	0	NA	NA	4B	4B183	197	0	0	Control	Early	Mock rainout
2018-07-16T00:00:00Z	4	B	183	1	37	0	0	NA	NA	NA	NA	NA	NA	NA	NA	NA	NA	NA	NA	NA	NA	NA	NA	NA	NA	NA	NA	NA	NA	NA	NA	NA	NA	NA	NA	NA	NA	0	NA	NA	4B	4B183	197	0	0	Control	Early	Mock rainout
2018-07-20T00:00:00Z	4	B	183	1	NA	0	0	NA	NA	NA	NA	NA	NA	NA	NA	NA	NA	NA	NA	NA	NA	NA	NA	NA	NA	NA	NA	NA	NA	NA	NA	NA	NA	NA	NA	NA	0	0	NA	NA	4B	4B183	201	0	0	Control	Early	Mock rainout
2018-07-25T00:00:00Z	4	B	183	1	NA	0	0	NA	NA	NA	NA	NA	NA	NA	NA	NA	NA	NA	NA	NA	NA	NA	NA	NA	NA	NA	NA	NA	NA	NA	NA	NA	NA	NA	NA	NA	NA	NA	NA	NA	4B	4B183	206	0	0	Control	Early	Mock rainout
2018-06-15T00:00:00Z	4	B	185	1	33	1	0	NA	NA	NA	NA	NA	NA	NA	NA	NA	NA	NA	NA	NA	NA	NA	NA	NA	NA	NA	NA	NA	NA	NA	NA	NA	NA	NA	NA	NA	NA	NA	NA	NA	4B	4B185	166	0	1	Control	Early	Mock rainout
2018-06-18T00:00:00Z	4	B	185	1	33	5	0	NA	NA	NA	NA	NA	NA	NA	NA	NA	NA	NA	NA	NA	NA	NA	NA	NA	NA	NA	NA	NA	NA	NA	NA	NA	NA	NA	NA	NA	NA	0	0	NA	4B	4B185	169	0	5	Control	Early	Mock rainout
2018-06-22T00:00:00Z	4	B	185	1	NA	18	1	NA	NA	NA	NA	NA	NA	NA	NA	NA	NA	NA	NA	NA	NA	NA	NA	NA	NA	NA	NA	NA	NA	NA	NA	NA	NA	NA	NA	NA	NA	NA	NA	NA	4B	4B185	173	1	18	Control	Early	Mock rainout
2018-06-25T00:00:00Z	4	B	185	1	NA	17	8	NA	NA	NA	NA	NA	NA	NA	NA	NA	NA	NA	NA	NA	NA	NA	NA	NA	NA	NA	NA	NA	NA	NA	NA	NA	NA	NA	NA	NA	NA	NA	NA	NA	4B	4B185	176	8	17	Control	Early	Mock rainout
2018-06-27T00:00:00Z	4	B	185	1	39	21	7	NA	NA	NA	NA	NA	NA	NA	NA	NA	NA	NA	NA	NA	NA	NA	NA	NA	NA	NA	NA	NA	NA	NA	NA	NA	NA	NA	NA	1	NA	4	4	nectar robbing	4B	4B185	178	7	21	Control	Early	Mock rainout
2018-06-29T00:00:00Z	4	B	185	1	NA	13	6	0	NA	NA	NA	NA	NA	NA	NA	NA	NA	NA	NA	NA	NA	NA	NA	NA	NA	NA	NA	NA	NA	NA	NA	NA	NA	NA	NA	NA	NA	NA	NA	NA	4B	4B185	180	6	13	Control	Early	Mock rainout
2018-07-02T00:00:00Z	4	B	185	1	NA	5	11	11	NA	NA	NA	NA	NA	NA	NA	NA	NA	NA	NA	NA	NA	NA	NA	NA	NA	NA	NA	NA	NA	NA	NA	NA	NA	NA	NA	NA	NA	1	1	NA	4B	4B185	183	11	5	Control	Early	Mock rainout
2018-07-06T00:00:00Z	4	B	185	1	NA	3	2	1	NA	NA	NA	NA	NA	NA	NA	NA	NA	NA	NA	NA	NA	NA	NA	NA	NA	NA	NA	NA	NA	NA	NA	NA	NA	NA	NA	NA	NA	NA	NA	NA	4B	4B185	187	2	3	Control	Early	Mock rainout
2018-07-11T00:00:00Z	4	B	185	1	NA	0	1	1	NA	NA	NA	NA	NA	NA	NA	NA	NA	NA	NA	NA	NA	NA	NA	NA	NA	NA	NA	NA	NA	NA	NA	NA	NA	NA	NA	NA	NA	0	NA	NA	4B	4B185	192	1	0	Control	Early	Mock rainout
2018-07-20T00:00:00Z	4	B	185	1	NA	0	0	NA	NA	NA	NA	NA	NA	NA	NA	NA	NA	NA	NA	NA	NA	NA	NA	NA	NA	NA	NA	NA	NA	NA	NA	NA	NA	NA	NA	NA	0	0	NA	NA	4B	4B185	201	0	0	Control	Early	Mock rainout
2018-07-25T00:00:00Z	4	B	185	1	NA	0	0	NA	NA	NA	NA	NA	NA	NA	NA	NA	NA	NA	NA	NA	NA	NA	NA	NA	NA	NA	NA	NA	NA	NA	NA	NA	NA	NA	NA	NA	NA	NA	NA	NA	4B	4B185	206	0	0	Control	Early	Mock rainout
2018-08-24T00:00:00Z	2	A	189	2	NA	4	0	NA	NA	NA	NA	NA	NA	NA	NA	NA	NA	NA	NA	NA	NA	NA	NA	NA	NA	NA	NA	NA	NA	NA	NA	NA	NA	NA	NA	NA	NA	NA	NA	NA	2A	2A189	236	0	4	Control	Early	Control
2018-07-06T00:00:00Z	2	C	189	2	NA	6	4	1	5	3	1	NA	NA	NA	NA	NA	NA	NA	NA	NA	NA	NA	NA	NA	NA	NA	NA	NA	NA	NA	NA	NA	NA	NA	NA	NA	NA	NA	NA	NA	2C	2C189	187	7	11	Reduction	Early	Reduction
2018-06-25T00:00:00Z	2	D	189	2	NA	6	1	NA	1	0	NA	NA	NA	NA	NA	NA	NA	NA	NA	NA	NA	NA	NA	NA	NA	NA	NA	NA	NA	NA	NA	NA	NA	NA	NA	NA	NA	NA	NA	NA	2D	2D189	176	1	7	Addition	Early	Addition
2018-07-03T00:00:00Z	2	D	189	2	NA	7	1	1	6	5	4	NA	NA	NA	NA	NA	NA	NA	NA	NA	NA	NA	NA	NA	NA	NA	NA	NA	NA	NA	NA	NA	NA	NA	NA	0	NA	1	1	NA	2D	2D189	184	6	13	Addition	Early	Addition
2018-07-09T00:00:00Z	2	D	189	2	NA	4	2	2	2	4	3	NA	NA	NA	NA	NA	NA	NA	NA	NA	NA	NA	NA	NA	NA	NA	NA	NA	NA	NA	NA	NA	NA	NA	NA	NA	NA	0	NA	NA	2D	2D189	190	6	6	Addition	Early	Addition
2018-07-16T00:00:00Z	2	D	189	2	22	0	2	0	0	2	NA	NA	NA	NA	NA	NA	NA	NA	NA	NA	NA	NA	NA	NA	NA	NA	NA	NA	NA	NA	NA	NA	NA	NA	NA	NA	NA	0	NA	NA	2D	2D189	197	4	0	Addition	Early	Addition
2018-07-20T00:00:00Z	2	D	189	2	NA	1	0	NA	NA	NA	NA	NA	NA	NA	NA	NA	NA	NA	NA	NA	NA	NA	NA	NA	NA	NA	NA	NA	NA	NA	NA	NA	NA	NA	NA	NA	NA	NA	NA	NA	2D	2D189	201	0	1	Addition	Early	Addition
2018-07-20T00:00:00Z	2	D	189	2	NA	2	0	0	NA	NA	NA	NA	NA	NA	NA	NA	NA	NA	NA	NA	NA	NA	NA	NA	NA	NA	NA	NA	NA	NA	NA	NA	NA	NA	NA	NA	0	0	NA	NA	2D	2D189	201	0	2	Addition	Early	Addition
2018-06-29T00:00:00Z	2	D	189	2	NA	10	3	3	5	0	0	NA	NA	NA	NA	NA	NA	NA	NA	NA	NA	NA	NA	NA	NA	NA	NA	NA	NA	NA	NA	NA	NA	NA	NA	NA	NA	NA	NA	NA	2D	2D189	180	3	15	Addition	Early	Addition
2018-07-31T00:00:00Z	2	D	189	2	NA	4	1	NA	3	0	NA	NA	NA	NA	NA	NA	NA	NA	NA	NA	NA	NA	NA	NA	NA	NA	NA	NA	NA	NA	NA	NA	NA	NA	NA	NA	NA	0	NA	NA	2D	2D189	212	1	7	Addition	Early	Addition
2018-08-07T00:00:00Z	2	D	189	3	NA	8	5	NA	NA	NA	NA	NA	NA	NA	NA	NA	NA	NA	NA	NA	NA	NA	NA	NA	NA	NA	NA	NA	NA	NA	NA	NA	NA	NA	NA	NA	NA	NA	NA	NA	2D	2D189	219	5	8	Addition	Early	Addition
2018-08-10T00:00:00Z	2	D	189	2	NA	5	2	NA	2	9	NA	NA	NA	NA	NA	NA	NA	NA	NA	NA	NA	NA	NA	NA	NA	NA	NA	NA	NA	NA	NA	NA	NA	NA	NA	NA	NA	0	NA	NA	2D	2D189	222	11	7	Addition	Early	Addition
2018-08-15T00:00:00Z	2	D	189	2	NA	3	0	0	NA	NA	NA	NA	NA	NA	NA	NA	NA	NA	NA	NA	NA	NA	NA	NA	NA	NA	NA	NA	NA	NA	NA	NA	NA	NA	NA	0	0	0	NA	NA	2D	2D189	227	0	3	Addition	Early	Addition
2018-06-27T00:00:00Z	2	D	189	2	22.5	1	0	NA	7	1	NA	NA	NA	NA	NA	NA	NA	NA	NA	NA	NA	NA	NA	NA	NA	NA	NA	NA	NA	NA	NA	NA	NA	NA	NA	NA	NA	1	1	NA	2D	2D189	178	1	8	Addition	Early	Addition
2018-06-15T00:00:00Z	4	B	189	1	NA	4	NA	NA	NA	NA	NA	NA	NA	NA	NA	NA	NA	NA	NA	NA	NA	NA	NA	NA	NA	NA	NA	NA	NA	NA	NA	NA	NA	NA	NA	NA	NA	NA	NA	NA	4B	4B189	166	0	4	Control	Early	Mock rainout
2018-06-15T00:00:00Z	4	B	189	1	27	7	0	NA	NA	NA	NA	NA	NA	NA	NA	NA	NA	NA	NA	NA	NA	NA	NA	NA	NA	NA	NA	NA	NA	NA	NA	NA	NA	NA	NA	NA	NA	NA	NA	NA	4B	4B189	166	0	7	Control	Early	Mock rainout
2018-06-18T00:00:00Z	4	B	189	1	28	7	0	NA	NA	NA	NA	NA	NA	NA	NA	NA	NA	NA	NA	NA	NA	NA	NA	NA	NA	NA	NA	NA	NA	NA	NA	NA	NA	NA	NA	NA	NA	NA	NA	NA	4B	4B189	169	0	7	Control	Early	Mock rainout
2018-06-20T00:00:00Z	4	B	189	1	39	16	1	NA	NA	NA	NA	NA	NA	NA	NA	NA	NA	NA	NA	NA	NA	NA	NA	NA	NA	NA	NA	NA	NA	NA	NA	NA	NA	NA	NA	NA	NA	1	1	NA	4B	4B189	171	1	16	Control	Early	Mock rainout
2018-06-22T00:00:00Z	4	B	189	1	NA	11	4	NA	NA	NA	NA	NA	NA	NA	NA	NA	NA	NA	NA	NA	NA	NA	NA	NA	NA	NA	NA	NA	NA	NA	NA	NA	NA	NA	NA	NA	NA	NA	NA	NA	4B	4B189	173	4	11	Control	Early	Mock rainout
2018-06-25T00:00:00Z	4	B	189	1	NA	8	6	NA	NA	NA	NA	NA	NA	NA	NA	NA	NA	NA	NA	NA	NA	NA	NA	NA	NA	NA	NA	NA	NA	NA	NA	NA	NA	NA	NA	NA	NA	NA	NA	NA	4B	4B189	176	6	8	Control	Early	Mock rainout
2018-06-27T00:00:00Z	4	B	189	1	29	10	5	NA	NA	NA	NA	NA	NA	NA	NA	NA	NA	NA	NA	NA	NA	NA	NA	NA	NA	NA	NA	NA	NA	NA	NA	NA	NA	NA	NA	NA	NA	0	0	NA	4B	4B189	178	5	10	Control	Early	Mock rainout
2018-06-29T00:00:00Z	4	B	189	1	NA	5	4	4	NA	NA	NA	NA	NA	NA	NA	NA	NA	NA	NA	NA	NA	NA	NA	NA	NA	NA	NA	NA	NA	NA	NA	NA	NA	NA	NA	NA	NA	NA	NA	NA	4B	4B189	180	4	5	Control	Early	Mock rainout
2018-07-02T00:00:00Z	4	B	189	1	NA	2	2	0	NA	NA	NA	NA	NA	NA	NA	NA	NA	NA	NA	NA	NA	NA	NA	NA	NA	NA	NA	NA	NA	NA	NA	NA	NA	NA	NA	NA	NA	0	NA	NA	4B	4B189	183	2	2	Control	Early	Mock rainout
2018-07-06T00:00:00Z	4	B	189	1	NA	1	1	1	NA	NA	NA	NA	NA	NA	NA	NA	NA	NA	NA	NA	NA	NA	NA	NA	NA	NA	NA	NA	NA	NA	NA	NA	NA	NA	NA	NA	NA	NA	NA	NA	4B	4B189	187	1	1	Control	Early	Mock rainout
2018-07-11T00:00:00Z	4	B	189	1	NA	0	0	NA	NA	NA	NA	NA	NA	NA	NA	NA	NA	NA	NA	NA	NA	NA	NA	NA	NA	NA	NA	NA	NA	NA	NA	NA	NA	NA	NA	NA	NA	0	NA	NA	4B	4B189	192	0	0	Control	Early	Mock rainout
2018-07-16T00:00:00Z	4	B	189	1	28	0	0	NA	NA	NA	NA	NA	NA	NA	NA	NA	NA	NA	NA	NA	NA	NA	NA	NA	NA	NA	NA	NA	NA	NA	NA	NA	NA	NA	NA	NA	NA	0	NA	NA	4B	4B189	197	0	0	Control	Early	Mock rainout
2018-07-20T00:00:00Z	4	B	189	1	NA	0	0	NA	NA	NA	NA	NA	NA	NA	NA	NA	NA	NA	NA	NA	NA	NA	NA	NA	NA	NA	NA	NA	NA	NA	NA	NA	NA	NA	NA	NA	0	0	NA	NA	4B	4B189	201	0	0	Control	Early	Mock rainout
2018-07-25T00:00:00Z	4	B	189	1	NA	0	0	NA	NA	NA	NA	NA	NA	NA	NA	NA	NA	NA	NA	NA	NA	NA	NA	NA	NA	NA	NA	NA	NA	NA	NA	NA	NA	NA	NA	NA	NA	NA	NA	NA	4B	4B189	206	0	0	Control	Early	Mock rainout
2018-06-15T00:00:00Z	5	A	189	1	29	6	0	NA	NA	NA	NA	NA	NA	NA	NA	NA	NA	NA	NA	NA	NA	NA	NA	NA	NA	NA	NA	NA	NA	NA	NA	NA	NA	NA	NA	NA	NA	NA	NA	NA	5A	5A189	166	0	6	Addition	Early	Addition
2018-06-18T00:00:00Z	5	A	189	1	31	11	0	NA	NA	NA	NA	NA	NA	NA	NA	NA	NA	NA	NA	NA	NA	NA	NA	NA	NA	NA	NA	NA	NA	NA	NA	NA	NA	NA	NA	NA	NA	NA	NA	NA	5A	5A189	169	0	11	Addition	Early	Addition
2018-06-20T00:00:00Z	5	A	189	1	33	13	0	NA	NA	NA	NA	NA	NA	NA	NA	NA	NA	NA	NA	NA	NA	NA	NA	NA	NA	NA	NA	NA	NA	NA	NA	NA	NA	NA	NA	NA	NA	0	NA	NA	5A	5A189	171	0	13	Addition	Early	Addition
2018-06-21T00:00:00Z	5	A	189	NA	NA	NA	NA	NA	NA	NA	NA	NA	NA	NA	NA	NA	NA	NA	NA	NA	NA	NA	NA	NA	NA	NA	NA	NA	NA	NA	NA	NA	NA	NA	NA	NA	NA	0	NA	NA	5A	5A189	172	0	0	Addition	Early	Addition
2018-06-22T00:00:00Z	5	A	189	1	NA	16	3	NA	NA	NA	NA	NA	NA	NA	NA	NA	NA	NA	NA	NA	NA	NA	NA	NA	NA	NA	NA	NA	NA	NA	NA	NA	NA	NA	NA	NA	NA	NA	NA	NA	5A	5A189	173	3	16	Addition	Early	Addition
2018-06-25T00:00:00Z	5	A	189	1	NA	9	9	NA	NA	NA	NA	NA	NA	NA	NA	NA	NA	NA	NA	NA	NA	NA	NA	NA	NA	NA	NA	NA	NA	NA	NA	NA	NA	NA	NA	NA	NA	NA	NA	NA	5A	5A189	176	9	9	Addition	Early	Addition
2018-06-29T00:00:00Z	5	A	189	1	NA	7	4	3	NA	NA	NA	NA	NA	NA	NA	NA	NA	NA	NA	NA	NA	NA	NA	NA	NA	NA	NA	NA	NA	NA	NA	NA	NA	NA	NA	NA	NA	NA	NA	NA	5A	5A189	180	4	7	Addition	Early	Addition
2018-07-05T00:00:00Z	5	A	189	1	NA	5	2	2	NA	NA	NA	NA	NA	NA	NA	NA	NA	NA	NA	NA	NA	NA	NA	NA	NA	NA	NA	NA	NA	NA	NA	NA	NA	NA	NA	NA	NA	0	NA	NA	5A	5A189	186	2	5	Addition	Early	Addition
2018-07-09T00:00:00Z	5	A	189	1	NA	8	1	1	NA	NA	NA	NA	NA	NA	NA	NA	NA	NA	NA	NA	NA	NA	NA	NA	NA	NA	NA	NA	NA	NA	NA	NA	NA	NA	NA	NA	NA	0	NA	NA	5A	5A189	190	1	8	Addition	Early	Addition
2018-07-16T00:00:00Z	5	A	189	1	36	3	3	3	NA	NA	NA	NA	NA	NA	NA	NA	NA	NA	NA	NA	NA	NA	NA	NA	NA	NA	NA	NA	NA	NA	NA	NA	NA	NA	NA	NA	NA	0	NA	NA	5A	5A189	197	3	3	Addition	Early	Addition
2018-07-20T00:00:00Z	5	A	189	1	NA	0	0	0	NA	NA	NA	NA	NA	NA	NA	NA	NA	NA	NA	NA	NA	NA	NA	NA	NA	NA	NA	NA	NA	NA	NA	NA	NA	NA	NA	NA	0	0	NA	NA	5A	5A189	201	0	0	Addition	Early	Addition
2018-07-25T00:00:00Z	5	A	189	1	NA	0	0	NA	NA	NA	NA	NA	NA	NA	NA	NA	NA	NA	NA	NA	NA	NA	NA	NA	NA	NA	NA	NA	NA	NA	NA	NA	NA	NA	NA	NA	NA	NA	NA	NA	5A	5A189	206	0	0	Addition	Early	Addition
2018-06-27T00:00:00Z	5	A	189	1	26	8	7	NA	NA	NA	NA	NA	NA	NA	NA	NA	NA	NA	NA	NA	NA	NA	NA	NA	NA	NA	NA	NA	NA	NA	NA	NA	NA	NA	NA	NA	NA	4	4	NR	5A	5A189	178	7	8	Addition	Early	Addition
2018-06-10T00:00:00Z	4	B	192	NA	NA	3	0	NA	NA	NA	NA	NA	NA	NA	NA	NA	NA	NA	NA	NA	NA	NA	NA	NA	NA	NA	NA	NA	NA	NA	NA	NA	NA	NA	NA	NA	NA	NA	NA	NA	4B	4B192	161	0	3	Control	Early	Mock rainout
2018-06-15T00:00:00Z	4	B	192	1	NA	8	NA	NA	NA	NA	NA	NA	NA	NA	NA	NA	NA	NA	NA	NA	NA	NA	NA	NA	NA	NA	NA	NA	NA	NA	NA	NA	NA	NA	NA	NA	NA	NA	NA	NA	4B	4B192	166	0	8	Control	Early	Mock rainout
2018-06-15T00:00:00Z	4	B	192	1	24	11	0	NA	NA	NA	NA	NA	NA	NA	NA	NA	NA	NA	NA	NA	NA	NA	NA	NA	NA	NA	NA	NA	NA	NA	NA	NA	NA	NA	NA	NA	NA	NA	NA	NA	4B	4B192	166	0	11	Control	Early	Mock rainout
2018-06-18T00:00:00Z	4	B	192	1	40	4	9	NA	NA	NA	NA	NA	NA	NA	NA	NA	NA	NA	NA	NA	NA	NA	NA	NA	NA	NA	NA	NA	NA	NA	NA	NA	NA	NA	NA	NA	NA	NA	NA	NA	4B	4B192	169	9	4	Control	Early	Mock rainout
2018-06-20T00:00:00Z	4	B	192	1	41	26	5	NA	NA	NA	NA	NA	NA	NA	NA	NA	NA	NA	NA	NA	NA	NA	NA	NA	NA	NA	NA	NA	NA	NA	NA	NA	NA	NA	NA	NA	NA	3	3	NA	4B	4B192	171	5	26	Control	Early	Mock rainout
2018-06-22T00:00:00Z	4	B	192	1	NA	16	7	NA	NA	NA	NA	NA	NA	NA	NA	NA	NA	NA	NA	NA	NA	NA	NA	NA	NA	NA	NA	NA	NA	NA	NA	NA	NA	NA	NA	NA	NA	NA	NA	NA	4B	4B192	173	7	16	Control	Early	Mock rainout
2018-06-25T00:00:00Z	4	B	192	1	NA	14	8	NA	NA	NA	NA	NA	NA	NA	NA	NA	NA	NA	NA	NA	NA	NA	NA	NA	NA	NA	NA	NA	NA	NA	NA	NA	NA	NA	NA	NA	NA	NA	NA	NA	4B	4B192	176	8	14	Control	Early	Mock rainout
2018-06-27T00:00:00Z	4	B	192	1	44	19	6	NA	NA	NA	NA	NA	NA	NA	NA	NA	NA	NA	NA	NA	NA	NA	NA	NA	NA	NA	NA	NA	NA	NA	NA	NA	NA	NA	NA	NA	NA	0	0	nectar robbing	4B	4B192	178	6	19	Control	Early	Mock rainout
2018-06-29T00:00:00Z	4	B	192	1	NA	8	6	5	NA	NA	NA	NA	NA	NA	NA	NA	NA	NA	NA	NA	NA	NA	NA	NA	NA	NA	NA	NA	NA	NA	NA	NA	NA	NA	NA	NA	NA	NA	NA	NA	4B	4B192	180	6	8	Control	Early	Mock rainout
2018-07-02T00:00:00Z	4	B	192	1	NA	5	3	2	NA	NA	NA	NA	NA	NA	NA	NA	NA	NA	NA	NA	NA	NA	NA	NA	NA	NA	NA	NA	NA	NA	NA	NA	NA	NA	NA	NA	NA	0	NA	NA	4B	4B192	183	3	5	Control	Early	Mock rainout
2018-07-06T00:00:00Z	4	B	192	1	NA	2	1	1	NA	NA	NA	NA	NA	NA	NA	NA	NA	NA	NA	NA	NA	NA	NA	NA	NA	NA	NA	NA	NA	NA	NA	NA	NA	NA	NA	NA	NA	NA	NA	NA	4B	4B192	187	1	2	Control	Early	Mock rainout
2018-07-11T00:00:00Z	4	B	192	1	NA	0	0	NA	NA	NA	NA	NA	NA	NA	NA	NA	NA	NA	NA	NA	NA	NA	NA	NA	NA	NA	NA	NA	NA	NA	NA	NA	NA	NA	NA	NA	NA	0	NA	NA	4B	4B192	192	0	0	Control	Early	Mock rainout
2018-07-16T00:00:00Z	4	B	192	1	43	0	0	NA	NA	NA	NA	NA	NA	NA	NA	NA	NA	NA	NA	NA	NA	NA	NA	NA	NA	NA	NA	NA	NA	NA	NA	NA	NA	NA	NA	NA	NA	0	NA	NA	4B	4B192	197	0	0	Control	Early	Mock rainout
2018-07-20T00:00:00Z	4	B	192	1	NA	0	0	NA	NA	NA	NA	NA	NA	NA	NA	NA	NA	NA	NA	NA	NA	NA	NA	NA	NA	NA	NA	NA	NA	NA	NA	NA	NA	NA	NA	NA	0	0	NA	NA	4B	4B192	201	0	0	Control	Early	Mock rainout
2018-07-25T00:00:00Z	4	B	192	1	NA	0	0	NA	NA	NA	NA	NA	NA	NA	NA	NA	NA	NA	NA	NA	NA	NA	NA	NA	NA	NA	NA	NA	NA	NA	NA	NA	NA	NA	NA	NA	NA	NA	NA	NA	4B	4B192	206	0	0	Control	Early	Mock rainout
2018-06-10T00:00:00Z	4	B	193	NA	NA	23	0	NA	NA	NA	NA	NA	NA	NA	NA	NA	NA	NA	NA	NA	NA	NA	NA	NA	NA	NA	NA	NA	NA	NA	NA	NA	NA	NA	NA	NA	1	NA	NA	1 fly activiely ovipositing	4B	4B193	161	0	23	Control	Early	Mock rainout
2018-06-15T00:00:00Z	4	B	193	1	NA	33	NA	NA	NA	NA	NA	NA	NA	NA	NA	NA	NA	NA	NA	NA	NA	NA	NA	NA	NA	NA	NA	NA	NA	NA	NA	NA	NA	NA	NA	NA	1	NA	NA	fly on a bud	4B	4B193	166	0	33	Control	Early	Mock rainout
2018-06-15T00:00:00Z	4	B	193	1	28	33	6	NA	NA	NA	NA	NA	NA	NA	NA	NA	NA	NA	NA	NA	NA	NA	NA	NA	NA	NA	NA	NA	NA	NA	NA	NA	NA	NA	NA	NA	NA	NA	NA	NA	4B	4B193	166	6	33	Control	Early	Mock rainout
2018-06-18T00:00:00Z	4	B	193	1	30	3	17	NA	NA	NA	NA	NA	NA	NA	NA	NA	NA	NA	NA	NA	NA	NA	NA	NA	NA	NA	NA	NA	NA	NA	NA	NA	NA	NA	NA	NA	NA	NA	NA	NA	4B	4B193	169	17	3	Control	Early	Mock rainout
2018-06-20T00:00:00Z	4	B	193	1	31	29	21	NA	NA	NA	NA	NA	NA	NA	NA	NA	NA	NA	NA	NA	NA	NA	NA	NA	NA	NA	NA	NA	NA	NA	NA	NA	NA	NA	NA	NA	NA	1	1	NA	4B	4B193	171	21	29	Control	Early	Mock rainout
2018-06-22T00:00:00Z	4	B	193	1	NA	11	13	NA	NA	NA	NA	NA	NA	NA	NA	NA	NA	NA	NA	NA	NA	NA	NA	NA	NA	NA	NA	NA	NA	NA	NA	NA	NA	NA	NA	NA	NA	NA	NA	NA	4B	4B193	173	13	11	Control	Early	Mock rainout
2018-06-25T00:00:00Z	4	B	193	1	NA	5	9	NA	NA	NA	NA	NA	NA	NA	NA	NA	NA	NA	NA	NA	NA	NA	NA	NA	NA	NA	NA	NA	NA	NA	NA	NA	NA	NA	NA	NA	NA	NA	NA	broken	4B	4B193	176	9	5	Control	Early	Mock rainout
2018-06-27T00:00:00Z	4	B	193	1	19	10	7	NA	NA	NA	NA	NA	NA	NA	NA	NA	NA	NA	NA	NA	NA	NA	NA	NA	NA	NA	NA	NA	NA	NA	NA	NA	NA	NA	NA	NA	NA	1	1	NA	4B	4B193	178	7	10	Control	Early	Mock rainout
2018-06-29T00:00:00Z	4	B	193	1	NA	NA	NA	NA	NA	NA	NA	NA	NA	NA	NA	NA	NA	NA	NA	NA	NA	NA	NA	NA	NA	NA	NA	NA	NA	NA	NA	NA	NA	NA	NA	NA	NA	NA	NA	broken, all flowers wilted and done	4B	4B193	180	0	0	Control	Early	Mock rainout
2018-07-02T00:00:00Z	4	B	193	1	NA	0	0	0	NA	NA	NA	NA	NA	NA	NA	NA	NA	NA	NA	NA	NA	NA	NA	NA	NA	NA	NA	NA	NA	NA	NA	NA	NA	NA	NA	NA	NA	NA	NA	NA	4B	4B193	183	0	0	Control	Early	Mock rainout
2018-07-06T00:00:00Z	4	B	193	1	NA	0	0	NA	NA	NA	NA	NA	NA	NA	NA	NA	NA	NA	NA	NA	NA	NA	NA	NA	NA	NA	NA	NA	NA	NA	NA	NA	NA	NA	NA	NA	NA	NA	NA	S	4B	4B193	187	0	0	Control	Early	Mock rainout
2018-07-11T00:00:00Z	4	B	193	1	NA	0	0	NA	NA	NA	NA	NA	NA	NA	NA	NA	NA	NA	NA	NA	NA	NA	NA	NA	NA	NA	NA	NA	NA	NA	NA	NA	NA	NA	NA	NA	NA	0	NA	NA	4B	4B193	192	0	0	Control	Early	Mock rainout
2018-07-16T00:00:00Z	4	B	193	1	33	0	0	NA	NA	NA	NA	NA	NA	NA	NA	NA	NA	NA	NA	NA	NA	NA	NA	NA	NA	NA	NA	NA	NA	NA	NA	NA	NA	NA	NA	NA	NA	0	NA	NA	4B	4B193	197	0	0	Control	Early	Mock rainout
2018-07-20T00:00:00Z	4	B	193	1	NA	0	0	NA	NA	NA	NA	NA	NA	NA	NA	NA	NA	NA	NA	NA	NA	NA	NA	NA	NA	NA	NA	NA	NA	NA	NA	NA	NA	NA	NA	NA	0	0	NA	NA	4B	4B193	201	0	0	Control	Early	Mock rainout
2018-07-25T00:00:00Z	4	B	193	1	NA	0	0	NA	NA	NA	NA	NA	NA	NA	NA	NA	NA	NA	NA	NA	NA	NA	NA	NA	NA	NA	NA	NA	NA	NA	NA	NA	NA	NA	NA	NA	NA	NA	NA	NA	4B	4B193	206	0	0	Control	Early	Mock rainout
2018-06-18T00:00:00Z	5	A	194	3	30	1	0	NA	0	0	NA	1	0	NA	NA	NA	NA	NA	NA	NA	NA	NA	NA	NA	NA	NA	NA	NA	NA	NA	NA	NA	NA	NA	NA	NA	NA	NA	NA	NA	5A	5A194	169	0	2	Addition	Early	Addition
2018-06-20T00:00:00Z	5	A	194	3	32	8	0	NA	9	0	NA	1	0	NA	NA	NA	NA	NA	NA	NA	NA	NA	NA	NA	NA	NA	NA	NA	NA	NA	NA	NA	NA	NA	NA	NA	NA	0	NA	NA	5A	5A194	171	0	18	Addition	Early	Addition
2018-06-22T00:00:00Z	5	A	194	3	NA	5	0	NA	11	0	NA	13	0	NA	NA	NA	NA	NA	NA	NA	NA	NA	NA	NA	NA	NA	NA	NA	NA	NA	NA	NA	NA	NA	NA	NA	NA	NA	NA	NA	5A	5A194	173	0	29	Addition	Early	Addition
2018-06-25T00:00:00Z	5	A	194	3	NA	13	1	1	9	0	0	11	1	0	NA	NA	NA	NA	NA	NA	NA	NA	NA	NA	NA	NA	NA	NA	NA	NA	NA	NA	NA	NA	NA	NA	NA	NA	NA	NA	5A	5A194	176	2	33	Addition	Early	Addition
2018-06-29T00:00:00Z	5	A	194	3	NA	14	6	3	21	1	1	16	4	4	NA	NA	NA	NA	NA	NA	NA	NA	NA	NA	NA	NA	NA	NA	NA	NA	NA	NA	NA	NA	NA	NA	NA	NA	NA	NA	5A	5A194	180	11	51	Addition	Early	Addition
2018-07-05T00:00:00Z	5	A	194	3	NA	8	7	4	5	3	1	14	6	6	NA	NA	NA	NA	NA	NA	NA	NA	NA	NA	NA	NA	NA	NA	NA	NA	NA	NA	NA	NA	NA	NA	NA	0	NA	NA	5A	5A194	186	16	27	Addition	Early	Addition
2018-07-09T00:00:00Z	5	A	194	3	NA	8	1	1	5	2	2	3	4	4	NA	NA	NA	NA	NA	NA	NA	NA	NA	NA	NA	NA	NA	NA	NA	NA	NA	NA	NA	NA	NA	NA	NA	2	2	NA	5A	5A194	190	7	16	Addition	Early	Addition
2018-07-16T00:00:00Z	5	A	194	3	41	0	1	NA	1	1	NA	2	0	NA	NA	NA	NA	NA	NA	NA	NA	NA	NA	NA	NA	NA	NA	NA	NA	NA	NA	NA	NA	NA	NA	NA	NA	0	NA	NA	5A	5A194	197	2	3	Addition	Early	Addition
2018-07-20T00:00:00Z	5	A	194	3	NA	1	0	0	0	0	NA	0	0	NA	NA	NA	NA	NA	NA	NA	NA	NA	NA	NA	NA	NA	NA	NA	NA	NA	NA	NA	NA	NA	NA	NA	0	0	NA	NA	5A	5A194	201	0	1	Addition	Early	Addition
2018-07-25T00:00:00Z	5	A	194	3	NA	2	0	NA	1	1	NA	0	0	NA	NA	NA	NA	NA	NA	NA	NA	NA	NA	NA	NA	NA	NA	NA	NA	NA	NA	NA	NA	NA	NA	NA	NA	NA	NA	NA	5A	5A194	206	1	3	Addition	Early	Addition
2018-07-31T00:00:00Z	5	A	194	3	NA	1	1	0	NA	NA	NA	NA	NA	NA	NA	NA	NA	NA	NA	NA	NA	NA	NA	NA	NA	NA	NA	NA	NA	NA	NA	NA	NA	NA	NA	NA	NA	0	NA	NA	5A	5A194	212	1	1	Addition	Early	Addition
2018-08-10T00:00:00Z	5	A	194	3	NA	1	0	NA	1	0	NA	1	0	NA	0	0	NA	NA	NA	NA	NA	NA	NA	NA	NA	NA	NA	NA	NA	NA	NA	NA	NA	NA	NA	NA	NA	NA	NA	NA	5A	5A194	222	0	3	Addition	Early	Addition
2018-06-27T00:00:00Z	5	A	194	3	40	20	2	NA	18	1	NA	14	0	NA	NA	NA	NA	NA	NA	NA	NA	NA	NA	NA	NA	NA	NA	NA	NA	NA	NA	NA	NA	NA	NA	NA	NA	1	1	NA	5A	5A194	178	3	52	Addition	Early	Addition
2018-06-18T00:00:00Z	2	B	195	1	25.5	1	0	NA	NA	NA	NA	NA	NA	NA	NA	NA	NA	NA	NA	NA	NA	NA	NA	NA	NA	NA	NA	NA	NA	NA	NA	NA	NA	NA	NA	NA	NA	NA	NA	NA	2B	2B195	169	0	1	Control	Early	Mock rainout
2018-06-20T00:00:00Z	2	B	195	1	26	7	0	NA	NA	NA	NA	NA	NA	NA	NA	NA	NA	NA	NA	NA	NA	NA	NA	NA	NA	NA	NA	NA	NA	NA	NA	NA	NA	NA	NA	NA	NA	NA	NA	NA	2B	2B195	171	0	7	Control	Early	Mock rainout
2018-06-22T00:00:00Z	2	B	195	1	NA	9	0	NA	NA	NA	NA	NA	NA	NA	NA	NA	NA	NA	NA	NA	NA	NA	NA	NA	NA	NA	NA	NA	NA	NA	NA	NA	NA	NA	NA	NA	NA	NA	NA	NA	2B	2B195	173	0	9	Control	Early	Mock rainout
2018-06-25T00:00:00Z	2	B	195	1	NA	17	0	NA	NA	NA	NA	NA	NA	NA	NA	NA	NA	NA	NA	NA	NA	NA	NA	NA	NA	NA	NA	NA	NA	NA	NA	NA	NA	NA	NA	NA	NA	NA	NA	NA	2B	2B195	176	0	17	Control	Early	Mock rainout
2018-07-03T00:00:00Z	2	B	195	1	NA	6	11	7	NA	NA	NA	NA	NA	NA	NA	NA	NA	NA	NA	NA	NA	NA	NA	NA	NA	NA	NA	NA	NA	NA	NA	NA	NA	NA	NA	0	NA	0	1	NA	2B	2B195	184	11	6	Control	Early	Mock rainout
2018-07-06T00:00:00Z	2	B	195	1	NA	3	8	4	NA	NA	NA	NA	NA	NA	NA	NA	NA	NA	NA	NA	NA	NA	NA	NA	NA	NA	NA	NA	NA	NA	NA	NA	NA	NA	NA	NA	NA	NA	NA	NA	2B	2B195	187	8	3	Control	Early	Mock rainout
2018-07-09T00:00:00Z	2	B	195	1	NA	6	2	1	NA	NA	NA	NA	NA	NA	NA	NA	NA	NA	NA	NA	NA	NA	NA	NA	NA	NA	NA	NA	NA	NA	NA	NA	NA	NA	NA	NA	NA	0	NA	NA	2B	2B195	190	2	6	Control	Early	Mock rainout
2018-07-09T00:00:00Z	2	B	195	1	NA	6	2	NA	NA	NA	NA	NA	NA	NA	NA	NA	NA	NA	NA	NA	NA	NA	NA	NA	NA	NA	NA	NA	NA	NA	NA	NA	NA	NA	NA	NA	NA	0	NA	NA	2B	2B195	190	2	6	Control	Early	Mock rainout
2018-07-16T00:00:00Z	2	B	195	1	28	0	0	NA	NA	NA	NA	NA	NA	NA	NA	NA	NA	NA	NA	NA	NA	NA	NA	NA	NA	NA	NA	NA	NA	NA	NA	NA	NA	NA	NA	NA	NA	0	NA	NA	2B	2B195	197	0	0	Control	Early	Mock rainout
2018-07-20T00:00:00Z	2	B	195	1	NA	0	0	NA	NA	NA	NA	NA	NA	NA	NA	NA	NA	NA	NA	NA	NA	NA	NA	NA	NA	NA	NA	NA	NA	NA	NA	NA	NA	NA	NA	NA	NA	NA	NA	NA	2B	2B195	201	0	0	Control	Early	Mock rainout
2018-07-20T00:00:00Z	2	B	195	1	NA	0	0	0	NA	NA	NA	NA	NA	NA	NA	NA	NA	NA	NA	NA	NA	NA	NA	NA	NA	NA	NA	NA	NA	NA	NA	NA	NA	NA	NA	NA	0	0	NA	NA	2B	2B195	201	0	0	Control	Early	Mock rainout
2018-06-29T00:00:00Z	2	B	195	1	NA	24	8	4	NA	NA	NA	NA	NA	NA	NA	NA	NA	NA	NA	NA	NA	NA	NA	NA	NA	NA	NA	NA	NA	NA	NA	NA	NA	NA	NA	NA	NA	NA	NA	NA	2B	2B195	180	8	24	Control	Early	Mock rainout
2018-06-27T00:00:00Z	2	B	195	1	26.5	17	7	NA	NA	NA	NA	NA	NA	NA	NA	NA	NA	NA	NA	NA	NA	NA	NA	NA	NA	NA	NA	NA	NA	NA	NA	NA	NA	NA	NA	NA	NA	1	1	NR	2B	2B195	178	7	17	Control	Early	Mock rainout
2018-06-15T00:00:00Z	4	B	195	1	NA	1	NA	NA	NA	NA	NA	NA	NA	NA	NA	NA	NA	NA	NA	NA	NA	NA	NA	NA	NA	NA	NA	NA	NA	NA	NA	NA	NA	NA	NA	NA	NA	NA	NA	NA	4B	4B195	166	0	1	Control	Early	Mock rainout
2018-06-15T00:00:00Z	4	B	195	1	14	4	0	NA	NA	NA	NA	NA	NA	NA	NA	NA	NA	NA	NA	NA	NA	NA	NA	NA	NA	NA	NA	NA	NA	NA	NA	NA	NA	NA	NA	NA	NA	NA	NA	NA	4B	4B195	166	0	4	Control	Early	Mock rainout
2018-06-18T00:00:00Z	4	B	195	1	15	NA	NA	NA	NA	NA	NA	NA	NA	NA	NA	NA	NA	NA	NA	NA	NA	NA	NA	NA	NA	NA	NA	NA	NA	NA	NA	NA	NA	NA	NA	NA	NA	NA	NA	NA	4B	4B195	169	0	0	Control	Early	Mock rainout
2018-06-20T00:00:00Z	4	B	195	1	17	15	1	NA	NA	NA	NA	NA	NA	NA	NA	NA	NA	NA	NA	NA	NA	NA	NA	NA	NA	NA	NA	NA	NA	NA	NA	NA	NA	NA	NA	NA	NA	0	0	NA	4B	4B195	171	1	15	Control	Early	Mock rainout
2018-06-22T00:00:00Z	4	B	195	1	NA	11	3	NA	NA	NA	NA	NA	NA	NA	NA	NA	NA	NA	NA	NA	NA	NA	NA	NA	NA	NA	NA	NA	NA	NA	NA	NA	NA	NA	NA	NA	NA	NA	NA	NA	4B	4B195	173	3	11	Control	Early	Mock rainout
2018-06-25T00:00:00Z	4	B	195	1	NA	8	9	NA	NA	NA	NA	NA	NA	NA	NA	NA	NA	NA	NA	NA	NA	NA	NA	NA	NA	NA	NA	NA	NA	NA	NA	NA	NA	NA	NA	NA	NA	NA	NA	NA	4B	4B195	176	9	8	Control	Early	Mock rainout
2018-06-27T00:00:00Z	4	B	195	1	28	18	7	NA	NA	NA	NA	NA	NA	NA	NA	NA	NA	NA	NA	NA	NA	NA	NA	NA	NA	NA	NA	NA	NA	NA	NA	NA	NA	NA	NA	NA	NA	0	0	NA	4B	4B195	178	7	18	Control	Early	Mock rainout
2018-06-29T00:00:00Z	4	B	195	1	NA	8	0	0	NA	NA	NA	NA	NA	NA	NA	NA	NA	NA	NA	NA	NA	NA	NA	NA	NA	NA	NA	NA	NA	NA	NA	NA	NA	NA	NA	NA	NA	NA	NA	NA	4B	4B195	180	0	8	Control	Early	Mock rainout
2018-07-02T00:00:00Z	4	B	195	1	NA	3	3	0	NA	NA	NA	NA	NA	NA	NA	NA	NA	NA	NA	NA	NA	NA	NA	NA	NA	NA	NA	NA	NA	NA	NA	NA	NA	NA	NA	NA	NA	0	NA	NA	4B	4B195	183	3	3	Control	Early	Mock rainout
2018-07-06T00:00:00Z	4	B	195	1	NA	0	1	0	NA	NA	NA	NA	NA	NA	NA	NA	NA	NA	NA	NA	NA	NA	NA	NA	NA	NA	NA	NA	NA	NA	NA	NA	NA	NA	NA	NA	NA	NA	NA	NA	4B	4B195	187	1	0	Control	Early	Mock rainout
2018-07-11T00:00:00Z	4	B	195	1	NA	0	0	NA	NA	NA	NA	NA	NA	NA	NA	NA	NA	NA	NA	NA	NA	NA	NA	NA	NA	NA	NA	NA	NA	NA	NA	NA	NA	NA	NA	NA	NA	0	NA	NA	4B	4B195	192	0	0	Control	Early	Mock rainout
2018-07-16T00:00:00Z	4	B	195	1	19	0	0	NA	NA	NA	NA	NA	NA	NA	NA	NA	NA	NA	NA	NA	NA	NA	NA	NA	NA	NA	NA	NA	NA	NA	NA	NA	NA	NA	NA	NA	NA	0	NA	NA	4B	4B195	197	0	0	Control	Early	Mock rainout
2018-07-20T00:00:00Z	4	B	195	1	NA	0	0	NA	NA	NA	NA	NA	NA	NA	NA	NA	NA	NA	NA	NA	NA	NA	NA	NA	NA	NA	NA	NA	NA	NA	NA	NA	NA	NA	NA	NA	0	0	NA	NA	4B	4B195	201	0	0	Control	Early	Mock rainout
2018-07-25T00:00:00Z	4	B	195	1	NA	0	0	NA	NA	NA	NA	NA	NA	NA	NA	NA	NA	NA	NA	NA	NA	NA	NA	NA	NA	NA	NA	NA	NA	NA	NA	NA	NA	NA	NA	NA	NA	NA	NA	dead	4B	4B195	206	0	0	Control	Early	Mock rainout
2018-06-10T00:00:00Z	4	B	196	NA	NA	9	0	NA	NA	NA	NA	NA	NA	NA	NA	NA	NA	NA	NA	NA	NA	NA	NA	NA	NA	NA	NA	NA	NA	NA	NA	NA	NA	NA	NA	NA	2	NA	NA	2 flies	4B	4B196	161	0	9	Control	Early	Mock rainout
2018-06-15T00:00:00Z	4	B	196	1	NA	17	NA	NA	NA	NA	NA	NA	NA	NA	NA	NA	NA	NA	NA	NA	NA	NA	NA	NA	NA	NA	NA	NA	NA	NA	NA	NA	NA	NA	NA	NA	NA	NA	NA	8 damaged	4B	4B196	166	0	17	Control	Early	Mock rainout
2018-06-15T00:00:00Z	4	B	196	1	36	26	2	NA	NA	NA	NA	NA	NA	NA	NA	NA	NA	NA	NA	NA	NA	NA	NA	NA	NA	NA	NA	NA	NA	NA	NA	NA	NA	NA	NA	NA	NA	NA	NA	NA	4B	4B196	166	2	26	Control	Early	Mock rainout
2018-06-18T00:00:00Z	4	B	196	1	37	7	7	NA	NA	NA	NA	NA	NA	NA	NA	NA	NA	NA	NA	NA	NA	NA	NA	NA	NA	NA	NA	NA	NA	NA	NA	NA	NA	NA	NA	NA	NA	NA	NA	NA	4B	4B196	169	7	7	Control	Early	Mock rainout
2018-06-20T00:00:00Z	4	B	196	1	38	28	9	NA	NA	NA	NA	NA	NA	NA	NA	NA	NA	NA	NA	NA	NA	NA	NA	NA	NA	NA	NA	NA	NA	NA	NA	NA	NA	NA	NA	NA	NA	1	1	NA	4B	4B196	171	9	28	Control	Early	Mock rainout
2018-06-22T00:00:00Z	4	B	196	1	NA	7	10	NA	NA	NA	NA	NA	NA	NA	NA	NA	NA	NA	NA	NA	NA	NA	NA	NA	NA	NA	NA	NA	NA	NA	NA	NA	NA	NA	NA	NA	NA	NA	NA	NA	4B	4B196	173	10	7	Control	Early	Mock rainout
2018-06-25T00:00:00Z	4	B	196	1	NA	11	6	NA	NA	NA	NA	NA	NA	NA	NA	NA	NA	NA	NA	NA	NA	NA	NA	NA	NA	NA	NA	NA	NA	NA	NA	NA	NA	NA	NA	NA	NA	NA	NA	NA	4B	4B196	176	6	11	Control	Early	Mock rainout
2018-06-27T00:00:00Z	4	B	196	1	35	16	10	NA	NA	NA	NA	NA	NA	NA	NA	NA	NA	NA	NA	NA	NA	NA	NA	NA	NA	NA	NA	NA	NA	NA	NA	NA	NA	NA	NA	NA	NA	0	0	NA	4B	4B196	178	10	16	Control	Early	Mock rainout
2018-06-29T00:00:00Z	4	B	196	1	NA	5	5	5	NA	NA	NA	NA	NA	NA	NA	NA	NA	NA	NA	NA	NA	NA	NA	NA	NA	NA	NA	NA	NA	NA	NA	NA	NA	NA	NA	NA	NA	NA	NA	NA	4B	4B196	180	5	5	Control	Early	Mock rainout
2018-07-02T00:00:00Z	4	B	196	1	NA	3	3	3	NA	NA	NA	NA	NA	NA	NA	NA	NA	NA	NA	NA	NA	NA	NA	NA	NA	NA	NA	NA	NA	NA	NA	NA	NA	NA	NA	NA	NA	0	NA	NA	4B	4B196	183	3	3	Control	Early	Mock rainout
2018-07-06T00:00:00Z	4	B	196	1	NA	0	1	1	NA	NA	NA	NA	NA	NA	NA	NA	NA	NA	NA	NA	NA	NA	NA	NA	NA	NA	NA	NA	NA	NA	NA	NA	NA	NA	NA	NA	NA	NA	NA	NA	4B	4B196	187	1	0	Control	Early	Mock rainout
2018-07-11T00:00:00Z	4	B	196	1	NA	0	0	NA	NA	NA	NA	NA	NA	NA	NA	NA	NA	NA	NA	NA	NA	NA	NA	NA	NA	NA	NA	NA	NA	NA	NA	NA	NA	NA	NA	NA	NA	0	NA	NA	4B	4B196	192	0	0	Control	Early	Mock rainout
2018-07-16T00:00:00Z	4	B	196	1	36	0	0	NA	NA	NA	NA	NA	NA	NA	NA	NA	NA	NA	NA	NA	NA	NA	NA	NA	NA	NA	NA	NA	NA	NA	NA	NA	NA	NA	NA	NA	NA	0	NA	NA	4B	4B196	197	0	0	Control	Early	Mock rainout
2018-07-20T00:00:00Z	4	B	196	1	NA	0	0	NA	NA	NA	NA	NA	NA	NA	NA	NA	NA	NA	NA	NA	NA	NA	NA	NA	NA	NA	NA	NA	NA	NA	NA	NA	NA	NA	NA	NA	0	0	NA	NA	4B	4B196	201	0	0	Control	Early	Mock rainout
2018-07-25T00:00:00Z	4	B	196	1	NA	0	0	NA	NA	NA	NA	NA	NA	NA	NA	NA	NA	NA	NA	NA	NA	NA	NA	NA	NA	NA	NA	NA	NA	NA	NA	NA	NA	NA	NA	NA	NA	NA	NA	NA	4B	4B196	206	0	0	Control	Early	Mock rainout
2018-06-18T00:00:00Z	2	B	199	1	25	1	0	NA	NA	NA	NA	NA	NA	NA	NA	NA	NA	NA	NA	NA	NA	NA	NA	NA	NA	NA	NA	NA	NA	NA	NA	NA	NA	NA	NA	NA	NA	NA	NA	NA	2B	2B199	169	0	1	Control	Early	Mock rainout
2018-06-20T00:00:00Z	2	B	199	1	28	4	1	NA	NA	NA	NA	NA	NA	NA	NA	NA	NA	NA	NA	NA	NA	NA	NA	NA	NA	NA	NA	NA	NA	NA	NA	NA	NA	NA	NA	NA	NA	1	1	NA	2B	2B199	171	1	4	Control	Early	Mock rainout
2018-06-22T00:00:00Z	2	B	199	1	NA	7	2	NA	NA	NA	NA	NA	NA	NA	NA	NA	NA	NA	NA	NA	NA	NA	NA	NA	NA	NA	NA	NA	NA	NA	NA	NA	NA	NA	NA	NA	NA	NA	NA	NA	2B	2B199	173	2	7	Control	Early	Mock rainout
2018-06-25T00:00:00Z	2	B	199	1	NA	15	5	NA	NA	NA	NA	NA	NA	NA	NA	NA	NA	NA	NA	NA	NA	NA	NA	NA	NA	NA	NA	NA	NA	NA	NA	NA	NA	NA	NA	NA	NA	NA	NA	NA	2B	2B199	176	5	15	Control	Early	Mock rainout
2018-07-03T00:00:00Z	2	B	199	1	NA	6	4	4	NA	NA	NA	NA	NA	NA	NA	NA	NA	NA	NA	NA	NA	NA	NA	NA	NA	NA	NA	NA	NA	NA	NA	NA	NA	NA	NA	0	1	1	1	NA	2B	2B199	184	4	6	Control	Early	Mock rainout
2018-07-06T00:00:00Z	2	B	199	1	NA	3	4	3	NA	NA	NA	NA	NA	NA	NA	NA	NA	NA	NA	NA	NA	NA	NA	NA	NA	NA	NA	NA	NA	NA	NA	NA	NA	NA	NA	NA	NA	NA	NA	NA	2B	2B199	187	4	3	Control	Early	Mock rainout
2018-07-09T00:00:00Z	2	B	199	1	NA	2	4	3	NA	NA	NA	NA	NA	NA	NA	NA	NA	NA	NA	NA	NA	NA	NA	NA	NA	NA	NA	NA	NA	NA	NA	NA	NA	NA	NA	NA	NA	3	3	NA	2B	2B199	190	4	2	Control	Early	Mock rainout
2018-07-09T00:00:00Z	2	B	199	1	NA	5	4	NA	NA	NA	NA	NA	NA	NA	NA	NA	NA	NA	NA	NA	NA	NA	NA	NA	NA	NA	NA	NA	NA	NA	NA	NA	NA	NA	NA	NA	NA	0	NA	NA	2B	2B199	190	4	5	Control	Early	Mock rainout
2018-07-16T00:00:00Z	2	B	199	1	33	0	1	1	NA	NA	NA	NA	NA	NA	NA	NA	NA	NA	NA	NA	NA	NA	NA	NA	NA	NA	NA	NA	NA	NA	NA	NA	NA	NA	NA	NA	NA	1	1	NA	2B	2B199	197	1	0	Control	Early	Mock rainout
2018-07-20T00:00:00Z	2	B	199	1	NA	0	0	NA	NA	NA	NA	NA	NA	NA	NA	NA	NA	NA	NA	NA	NA	NA	NA	NA	NA	NA	NA	NA	NA	NA	NA	NA	NA	NA	NA	NA	NA	NA	NA	NA	2B	2B199	201	0	0	Control	Early	Mock rainout
2018-07-20T00:00:00Z	2	B	199	1	NA	1	0	0	NA	NA	NA	NA	NA	NA	NA	NA	NA	NA	NA	NA	NA	NA	NA	NA	NA	NA	NA	NA	NA	NA	NA	NA	NA	NA	NA	NA	0	0	NA	NA	2B	2B199	201	0	1	Control	Early	Mock rainout
2018-06-29T00:00:00Z	2	B	199	1	NA	21	9	9	NA	NA	NA	NA	NA	NA	NA	NA	NA	NA	NA	NA	NA	NA	NA	NA	NA	NA	NA	NA	NA	NA	NA	NA	NA	NA	NA	NA	NA	NA	NA	NA	2B	2B199	180	9	21	Control	Early	Mock rainout
2018-07-31T00:00:00Z	2	B	199	1	NA	1	0	NA	NA	NA	NA	NA	NA	NA	NA	NA	NA	NA	NA	NA	NA	NA	NA	NA	NA	NA	NA	NA	NA	NA	NA	NA	NA	NA	NA	NA	NA	NA	NA	NA	2B	2B199	212	0	1	Control	Early	Mock rainout
2018-08-15T00:00:00Z	2	B	199	1	NA	0	0	0	NA	NA	NA	NA	NA	NA	NA	NA	NA	NA	NA	NA	NA	NA	NA	NA	NA	NA	NA	NA	NA	NA	NA	NA	NA	NA	NA	0	0	0	NA	NA	2B	2B199	227	0	0	Control	Early	Mock rainout
2018-06-27T00:00:00Z	2	B	199	1	32	17	7	NA	NA	NA	NA	NA	NA	NA	NA	NA	NA	NA	NA	NA	NA	NA	NA	NA	NA	NA	NA	NA	NA	NA	NA	NA	NA	NA	NA	NA	NA	5	3	3 flowers with 1 egg, 1 flower with 2 eggs. NR,	2B	2B199	178	7	17	Control	Early	Mock rainout
2018-06-10T00:00:00Z	4	B	199	NA	NA	1	0	NA	NA	NA	NA	NA	NA	NA	NA	NA	NA	NA	NA	NA	NA	NA	NA	NA	NA	NA	NA	NA	NA	NA	NA	NA	NA	NA	NA	NA	NA	NA	NA	NA	4B	4B199	161	0	1	Control	Early	Mock rainout
2018-06-15T00:00:00Z	4	B	199	1	NA	9	NA	NA	NA	NA	NA	NA	NA	NA	NA	NA	NA	NA	NA	NA	NA	NA	NA	NA	NA	NA	NA	NA	NA	NA	NA	NA	NA	NA	NA	NA	NA	NA	NA	NA	4B	4B199	166	0	9	Control	Early	Mock rainout
2018-06-15T00:00:00Z	4	B	199	1	40	17	0	NA	NA	NA	NA	NA	NA	NA	NA	NA	NA	NA	NA	NA	NA	NA	NA	NA	NA	NA	NA	NA	NA	NA	NA	NA	NA	NA	NA	NA	NA	NA	NA	NA	4B	4B199	166	0	17	Control	Early	Mock rainout
2018-06-18T00:00:00Z	4	B	199	1	42	2	9	NA	NA	NA	NA	NA	NA	NA	NA	NA	NA	NA	NA	NA	NA	NA	NA	NA	NA	NA	NA	NA	NA	NA	NA	NA	NA	NA	NA	NA	NA	NA	NA	NA	4B	4B199	169	9	2	Control	Early	Mock rainout
2018-06-20T00:00:00Z	4	B	199	1	43	21	8	NA	NA	NA	NA	NA	NA	NA	NA	NA	NA	NA	NA	NA	NA	NA	NA	NA	NA	NA	NA	NA	NA	NA	NA	NA	NA	NA	NA	NA	NA	0	0	NA	4B	4B199	171	8	21	Control	Early	Mock rainout
2018-06-22T00:00:00Z	4	B	199	1	NA	16	8	NA	NA	NA	NA	NA	NA	NA	NA	NA	NA	NA	NA	NA	NA	NA	NA	NA	NA	NA	NA	NA	NA	NA	NA	NA	NA	NA	NA	NA	NA	NA	NA	NA	4B	4B199	173	8	16	Control	Early	Mock rainout
2018-06-29T00:00:00Z	4	B	199	1	NA	7	6	0	NA	NA	NA	NA	NA	NA	NA	NA	NA	NA	NA	NA	NA	NA	NA	NA	NA	NA	NA	NA	NA	NA	NA	NA	NA	NA	NA	NA	NA	NA	NA	NA	4B	4B199	180	6	7	Control	Early	Mock rainout
2018-07-06T00:00:00Z	4	B	199	1	NA	3	1	1	NA	NA	NA	NA	NA	NA	NA	NA	NA	NA	NA	NA	NA	NA	NA	NA	NA	NA	NA	NA	NA	NA	NA	NA	NA	NA	NA	NA	NA	NA	NA	NA	4B	4B199	187	1	3	Control	Early	Mock rainout
2018-07-16T00:00:00Z	4	B	199	1	52.5	0	0	NA	NA	NA	NA	NA	NA	NA	NA	NA	NA	NA	NA	NA	NA	NA	NA	NA	NA	NA	NA	NA	NA	NA	NA	NA	NA	NA	NA	NA	NA	0	NA	NA	4B	4B199	197	0	0	Control	Early	Mock rainout
2018-07-20T00:00:00Z	4	B	199	1	NA	0	0	NA	NA	NA	NA	NA	NA	NA	NA	NA	NA	NA	NA	NA	NA	NA	NA	NA	NA	NA	NA	NA	NA	NA	NA	NA	NA	NA	NA	NA	0	0	NA	NA	4B	4B199	201	0	0	Control	Early	Mock rainout
2018-07-25T00:00:00Z	4	B	199	1	NA	0	0	NA	NA	NA	NA	NA	NA	NA	NA	NA	NA	NA	NA	NA	NA	NA	NA	NA	NA	NA	NA	NA	NA	NA	NA	NA	NA	NA	NA	NA	NA	NA	NA	NA	4B	4B199	206	0	0	Control	Early	Mock rainout
2018-07-06T00:00:00Z	2	C	200	1	NA	0	1	0	NA	NA	NA	NA	NA	NA	NA	NA	NA	NA	NA	NA	NA	NA	NA	NA	NA	NA	NA	NA	NA	NA	NA	NA	NA	NA	NA	NA	NA	NA	NA	NA	2C	2C200	187	1	0	Reduction	Early	Reduction
2018-06-15T00:00:00Z	2	D	200	1	37.5	15	0	NA	NA	NA	NA	NA	NA	NA	NA	NA	NA	NA	NA	NA	NA	NA	NA	NA	NA	NA	NA	NA	NA	NA	NA	NA	NA	NA	NA	NA	NA	NA	NA	NA	2D	2D200	166	0	15	Addition	Early	Addition
2018-06-15T00:00:00Z	2	D	200	1	NA	12	0	NA	NA	NA	NA	NA	NA	NA	NA	NA	NA	NA	NA	NA	NA	NA	NA	NA	NA	NA	NA	NA	NA	NA	NA	NA	NA	NA	NA	NA	NA	NA	NA	2 buds damaged	2D	2D200	166	0	12	Addition	Early	Addition
2018-06-18T00:00:00Z	2	D	200	1	43.5	17	1	NA	NA	NA	NA	NA	NA	NA	NA	NA	NA	NA	NA	NA	NA	NA	NA	NA	NA	NA	NA	NA	NA	NA	NA	NA	NA	NA	NA	NA	NA	NA	NA	NA	2D	2D200	169	1	17	Addition	Early	Addition
2018-06-20T00:00:00Z	2	D	200	1	43	15	5	NA	NA	NA	NA	NA	NA	NA	NA	NA	NA	NA	NA	NA	NA	NA	NA	NA	NA	NA	NA	NA	NA	NA	NA	NA	NA	NA	NA	NA	1	NA	NA	NA	2D	2D200	171	5	15	Addition	Early	Addition
2018-06-21T00:00:00Z	2	D	200	NA	NA	NA	NA	NA	NA	NA	NA	NA	NA	NA	NA	NA	NA	NA	NA	NA	NA	NA	NA	NA	NA	NA	NA	NA	NA	NA	NA	NA	NA	NA	NA	NA	NA	0	NA	NA	2D	2D200	172	0	0	Addition	Early	Addition
2018-06-22T00:00:00Z	2	D	200	1	NA	8	8	NA	NA	NA	NA	NA	NA	NA	NA	NA	NA	NA	NA	NA	NA	NA	NA	NA	NA	NA	NA	NA	NA	NA	NA	NA	NA	NA	NA	NA	NA	NA	NA	NA	2D	2D200	173	8	8	Addition	Early	Addition
2018-06-25T00:00:00Z	2	D	200	1	NA	14	5	NA	NA	NA	NA	NA	NA	NA	NA	NA	NA	NA	NA	NA	NA	NA	NA	NA	NA	NA	NA	NA	NA	NA	NA	NA	NA	NA	NA	NA	NA	NA	NA	NA	2D	2D200	176	5	14	Addition	Early	Addition
2018-07-03T00:00:00Z	2	D	200	1	NA	1	2	2	NA	NA	NA	NA	NA	NA	NA	NA	NA	NA	NA	NA	NA	NA	NA	NA	NA	NA	NA	NA	NA	NA	NA	NA	NA	NA	NA	0	NA	0	NA	NA	2D	2D200	184	2	1	Addition	Early	Addition
2018-07-09T00:00:00Z	2	D	200	1	NA	0	0	NA	NA	NA	NA	NA	NA	NA	NA	NA	NA	NA	NA	NA	NA	NA	NA	NA	NA	NA	NA	NA	NA	NA	NA	NA	NA	NA	NA	NA	NA	NA	NA	NA	2D	2D200	190	0	0	Addition	Early	Addition
2018-07-16T00:00:00Z	2	D	200	1	45	NA	NA	NA	NA	NA	NA	NA	NA	NA	NA	NA	NA	NA	NA	NA	NA	NA	NA	NA	NA	NA	NA	NA	NA	NA	NA	NA	NA	NA	NA	NA	NA	NA	NA	NA	2D	2D200	197	0	0	Addition	Early	Addition
2018-07-20T00:00:00Z	2	D	200	1	NA	12	2	NA	NA	NA	NA	NA	NA	NA	NA	NA	NA	NA	NA	NA	NA	NA	NA	NA	NA	NA	NA	NA	NA	NA	NA	NA	NA	NA	NA	NA	NA	2	2	NA	2D	2D200	201	2	12	Addition	Early	Addition
2018-07-20T00:00:00Z	2	D	200	7	NA	0	0	0	NA	NA	NA	NA	NA	NA	NA	NA	NA	NA	NA	NA	NA	NA	NA	NA	NA	NA	NA	NA	NA	NA	NA	NA	NA	NA	NA	NA	0	0	NA	NA	2D	2D200	201	0	0	Addition	Early	Addition
2018-06-29T00:00:00Z	2	D	200	1	NA	12	6	3	NA	NA	NA	NA	NA	NA	NA	NA	NA	NA	NA	NA	NA	NA	NA	NA	NA	NA	NA	NA	NA	NA	NA	NA	NA	NA	NA	NA	NA	NA	NA	NA	2D	2D200	180	6	12	Addition	Early	Addition
2018-07-31T00:00:00Z	2	D	200	1	NA	5	4	0	NA	NA	NA	NA	NA	NA	NA	NA	NA	NA	NA	NA	NA	NA	NA	NA	NA	NA	NA	NA	NA	NA	NA	NA	NA	NA	NA	NA	NA	1	NA	NA	2D	2D200	212	4	5	Addition	Early	Addition
2018-06-27T00:00:00Z	2	D	200	1	47.5	10	7	NA	NA	NA	NA	NA	NA	NA	NA	NA	NA	NA	NA	NA	NA	NA	NA	NA	NA	NA	NA	NA	NA	NA	NA	NA	NA	NA	NA	NA	NA	1	1	NR	2D	2D200	178	7	10	Addition	Early	Addition
2018-06-20T00:00:00Z	5	C	203	1	47	23	9	NA	NA	NA	NA	NA	NA	NA	NA	NA	NA	NA	NA	NA	NA	NA	NA	NA	NA	NA	NA	NA	NA	NA	NA	NA	NA	NA	NA	NA	NA	NA	NA	NA	5C	5C203	171	9	23	Reduction	Early	Reduction
2018-06-10T00:00:00Z	5	C	205	NA	NA	7	0	NA	NA	NA	NA	NA	NA	NA	NA	NA	NA	NA	NA	NA	NA	NA	NA	NA	NA	NA	NA	NA	NA	NA	NA	NA	NA	NA	NA	NA	NA	NA	NA	NA	5C	5C205	161	0	7	Reduction	Early	Reduction
2018-06-15T00:00:00Z	5	C	205	1	NA	15	0	NA	NA	NA	NA	NA	NA	NA	NA	NA	NA	NA	NA	NA	NA	NA	NA	NA	NA	NA	NA	NA	NA	NA	NA	NA	NA	NA	NA	NA	NA	NA	NA	NA	5C	5C205	166	0	15	Reduction	Early	Reduction
2018-06-15T00:00:00Z	5	C	205	1	39	13	2	NA	NA	NA	NA	NA	NA	NA	NA	NA	NA	NA	NA	NA	NA	NA	NA	NA	NA	NA	NA	NA	NA	NA	NA	NA	NA	NA	NA	NA	NA	NA	NA	NA	5C	5C205	166	2	13	Reduction	Early	Reduction
2018-06-18T00:00:00Z	5	C	205	1	37	7	7	NA	NA	NA	NA	NA	NA	NA	NA	NA	NA	NA	NA	NA	NA	NA	NA	NA	NA	NA	NA	NA	NA	NA	NA	NA	NA	NA	NA	NA	NA	NA	NA	NA	5C	5C205	169	7	7	Reduction	Early	Reduction
2018-06-21T00:00:00Z	5	C	205	NA	NA	NA	NA	NA	NA	NA	NA	NA	NA	NA	NA	NA	NA	NA	NA	NA	NA	NA	NA	NA	NA	NA	NA	NA	NA	NA	NA	NA	NA	NA	NA	NA	NA	1	1	NA	5C	5C205	172	0	0	Reduction	Early	Reduction
2018-06-21T00:00:00Z	5	C	205	NA	NA	NA	NA	NA	NA	NA	NA	NA	NA	NA	NA	NA	NA	NA	NA	NA	NA	NA	NA	NA	NA	NA	NA	NA	NA	NA	NA	NA	NA	NA	NA	NA	NA	3	3	NA	5C	5C205	172	0	0	Reduction	Early	Reduction
2018-06-22T00:00:00Z	5	C	205	1	NA	14	6	NA	NA	NA	NA	NA	NA	NA	NA	NA	NA	NA	NA	NA	NA	NA	NA	NA	NA	NA	NA	NA	NA	NA	NA	NA	NA	NA	NA	NA	NA	NA	NA	NA	5C	5C205	173	6	14	Reduction	Early	Reduction
2018-06-25T00:00:00Z	5	C	205	1	NA	11	3	NA	NA	NA	NA	NA	NA	NA	NA	NA	NA	NA	NA	NA	NA	NA	NA	NA	NA	NA	NA	NA	NA	NA	NA	NA	NA	NA	NA	NA	NA	NA	NA	NA	5C	5C205	176	3	11	Reduction	Early	Reduction
2018-06-29T00:00:00Z	5	C	205	1	NA	9	0	0	NA	NA	NA	NA	NA	NA	NA	NA	NA	NA	NA	NA	NA	NA	NA	NA	NA	NA	NA	NA	NA	NA	NA	NA	NA	NA	NA	NA	NA	NA	NA	NA	5C	5C205	180	0	9	Reduction	Early	Reduction
2018-07-03T00:00:00Z	5	C	205	1	NA	3	5	3	NA	NA	NA	NA	NA	NA	NA	NA	NA	NA	NA	NA	NA	NA	NA	NA	NA	NA	NA	NA	NA	NA	NA	NA	NA	NA	NA	NA	NA	0	0	NA	5C	5C205	184	5	3	Reduction	Early	Reduction
2018-07-06T00:00:00Z	5	C	205	1	NA	0	2	NA	NA	NA	NA	NA	NA	NA	NA	NA	NA	NA	NA	NA	NA	NA	NA	NA	NA	NA	NA	NA	NA	NA	NA	NA	NA	NA	NA	NA	NA	NA	NA	NA	5C	5C205	187	2	0	Reduction	Early	Reduction
2018-07-09T00:00:00Z	5	C	205	1	NA	0	0	0	NA	NA	NA	NA	NA	NA	NA	NA	NA	NA	NA	NA	NA	NA	NA	NA	NA	NA	NA	NA	NA	NA	NA	NA	NA	NA	NA	NA	NA	NA	NA	NA	5C	5C205	190	0	0	Reduction	Early	Reduction
2018-07-16T00:00:00Z	5	C	205	1	40	0	0	NA	NA	NA	NA	NA	NA	NA	NA	NA	NA	NA	NA	NA	NA	NA	NA	NA	NA	NA	NA	NA	NA	NA	NA	NA	NA	NA	NA	NA	NA	0	NA	NA	5C	5C205	197	0	0	Reduction	Early	Reduction
2018-07-20T00:00:00Z	5	C	205	1	NA	0	0	0	NA	NA	NA	NA	NA	NA	NA	NA	NA	NA	NA	NA	NA	NA	NA	NA	NA	NA	NA	NA	NA	NA	NA	NA	NA	NA	NA	NA	0	0	NA	NA	5C	5C205	201	0	0	Reduction	Early	Reduction
2018-07-20T00:00:00Z	5	C	205	1	NA	0	0	0	NA	NA	NA	NA	NA	NA	NA	NA	NA	NA	NA	NA	NA	NA	NA	NA	NA	NA	NA	NA	NA	NA	NA	NA	NA	NA	NA	NA	0	0	NA	NA	5C	5C205	201	0	0	Reduction	Early	Reduction
2018-07-25T00:00:00Z	5	C	205	1	NA	0	0	NA	NA	NA	NA	NA	NA	NA	NA	NA	NA	NA	NA	NA	NA	NA	NA	NA	NA	NA	NA	NA	NA	NA	NA	NA	NA	NA	NA	NA	NA	NA	NA	NA	5C	5C205	206	0	0	Reduction	Early	Reduction
2018-06-27T00:00:00Z	5	C	205	1	41	8	4	NA	NA	NA	NA	NA	NA	NA	NA	NA	NA	NA	NA	NA	NA	NA	NA	NA	NA	NA	NA	NA	NA	NA	NA	NA	NA	NA	NA	NA	NA	0	NA	NA	5C	5C205	178	4	8	Reduction	Early	Reduction
2018-06-15T00:00:00Z	2	C	206	3	NA	1	0	NA	NA	NA	NA	NA	NA	NA	NA	NA	NA	NA	NA	NA	NA	NA	NA	NA	NA	NA	NA	NA	NA	NA	NA	NA	NA	NA	NA	NA	NA	NA	NA	NA	2C	2C206	166	0	1	Reduction	Early	Reduction
2018-07-06T00:00:00Z	2	C	206	3	NA	1	2	0	4	1	0	4	3	2	NA	NA	NA	NA	NA	NA	NA	NA	NA	NA	NA	NA	NA	NA	NA	NA	NA	NA	NA	NA	NA	NA	NA	NA	NA	NA	2C	2C206	187	6	9	Reduction	Early	Reduction
2018-06-15T00:00:00Z	2	D	206	3	19.5	1	0	NA	1	0	NA	5	0	NA	NA	NA	NA	NA	NA	NA	NA	NA	NA	NA	NA	NA	NA	NA	NA	NA	NA	NA	NA	NA	NA	NA	NA	NA	NA	NA	2D	2D206	166	0	7	Addition	Early	Addition
2018-06-18T00:00:00Z	2	D	206	3	19	3	0	NA	NA	NA	NA	NA	NA	NA	NA	NA	NA	NA	NA	NA	NA	NA	NA	NA	NA	NA	NA	NA	NA	NA	NA	NA	NA	NA	NA	NA	NA	NA	NA	NA	2D	2D206	169	0	3	Addition	Early	Addition
2018-06-20T00:00:00Z	2	D	206	3	23	6	0	NA	6	0	NA	9	2	NA	NA	NA	NA	NA	NA	NA	NA	NA	NA	NA	NA	NA	NA	NA	NA	NA	NA	NA	NA	NA	NA	NA	NA	NA	NA	NA	2D	2D206	171	2	21	Addition	Early	Addition
2018-06-21T00:00:00Z	2	D	206	NA	NA	NA	NA	NA	NA	NA	NA	NA	NA	NA	NA	NA	NA	NA	NA	NA	NA	NA	NA	NA	NA	NA	NA	NA	NA	NA	NA	NA	NA	NA	NA	NA	NA	0	NA	NA	2D	2D206	172	0	0	Addition	Early	Addition
2018-06-22T00:00:00Z	2	D	206	3	NA	6	1	NA	7	2	NA	7	1	NA	NA	NA	NA	NA	NA	NA	NA	NA	NA	NA	NA	NA	NA	NA	NA	NA	NA	NA	NA	NA	NA	NA	NA	NA	NA	NA	2D	2D206	173	4	20	Addition	Early	Addition
2018-06-25T00:00:00Z	2	D	206	3	NA	8	4	NA	8	5	NA	9	2	NA	NA	NA	NA	NA	NA	NA	NA	NA	NA	NA	NA	NA	NA	NA	NA	NA	NA	NA	NA	NA	NA	1	1	NA	NA	NA	2D	2D206	176	11	25	Addition	Early	Addition
2018-07-03T00:00:00Z	2	D	206	3	NA	2	2	2	3	5	4	3	4	4	NA	NA	NA	NA	NA	NA	NA	NA	NA	NA	NA	NA	NA	NA	NA	NA	NA	NA	NA	NA	NA	0	NA	0	NA	NA	2D	2D206	184	11	8	Addition	Early	Addition
2018-07-09T00:00:00Z	2	D	206	3	NA	0	2	1	1	2	1	1	1	1	NA	NA	NA	NA	NA	NA	NA	NA	NA	NA	NA	NA	NA	NA	NA	NA	NA	NA	NA	NA	NA	NA	NA	0	NA	NA	2D	2D206	190	5	2	Addition	Early	Addition
2018-07-16T00:00:00Z	2	D	206	3	33	1	1	0	0	0	0	NA	NA	NA	NA	NA	NA	NA	NA	NA	NA	NA	NA	NA	NA	NA	NA	NA	NA	NA	NA	NA	NA	NA	NA	NA	NA	0	NA	NA	2D	2D206	197	1	1	Addition	Early	Addition
2018-07-20T00:00:00Z	2	D	206	3	NA	2	0	NA	1	0	NA	5	0	NA	NA	NA	NA	NA	NA	NA	NA	NA	NA	NA	NA	NA	NA	NA	NA	NA	NA	NA	NA	NA	NA	NA	NA	NA	NA	NA	2D	2D206	201	0	8	Addition	Early	Addition
2018-07-20T00:00:00Z	2	D	206	3	NA	0	1	0	NA	NA	NA	NA	NA	NA	NA	NA	NA	NA	NA	NA	NA	NA	NA	NA	NA	NA	NA	NA	NA	NA	NA	NA	NA	NA	NA	NA	0	0	NA	NA	2D	2D206	201	1	0	Addition	Early	Addition
2018-06-29T00:00:00Z	2	D	206	3	NA	15	2	2	16	4	3	10	4	4	NA	NA	NA	NA	NA	NA	NA	NA	NA	NA	NA	NA	NA	NA	NA	NA	NA	NA	NA	NA	NA	NA	NA	NA	NA	NA	2D	2D206	180	10	41	Addition	Early	Addition
2018-07-31T00:00:00Z	2	D	206	3	NA	0	2	NA	3	0	NA	0	5	0	NA	NA	NA	NA	NA	NA	NA	NA	NA	NA	NA	NA	NA	NA	NA	NA	NA	NA	NA	NA	NA	NA	NA	0	NA	NA	2D	2D206	212	7	3	Addition	Early	Addition
2018-08-15T00:00:00Z	2	D	206	3	NA	0	0	0	NA	NA	NA	NA	NA	NA	NA	NA	NA	NA	NA	NA	NA	NA	NA	NA	NA	NA	NA	NA	NA	NA	NA	NA	NA	NA	NA	0	0	0	NA	NA	2D	2D206	227	0	0	Addition	Early	Addition
2018-06-27T00:00:00Z	2	D	206	3	30	10	3	NA	12	3	NA	10	5	NA	NA	NA	NA	NA	NA	NA	NA	NA	NA	NA	NA	NA	NA	NA	NA	NA	NA	NA	NA	NA	NA	NA	NA	0	NA	NR	2D	2D206	178	11	32	Addition	Early	Addition
2018-06-20T00:00:00Z	5	C	206	3	18	4	0	NA	6	0	NA	1	0	NA	NA	NA	NA	NA	NA	NA	NA	NA	NA	NA	NA	NA	NA	NA	NA	NA	NA	NA	NA	NA	NA	NA	NA	NA	NA	NA	5C	5C206	171	0	11	Reduction	Early	Reduction
2018-06-22T00:00:00Z	5	C	206	2	NA	6	0	NA	7	1	NA	NA	NA	NA	NA	NA	NA	NA	NA	NA	NA	NA	NA	NA	NA	NA	NA	NA	NA	NA	NA	NA	NA	NA	NA	NA	NA	NA	NA	NA	5C	5C206	173	1	13	Reduction	Early	Reduction
2018-06-25T00:00:00Z	5	C	206	3	NA	7	1	NA	2	0	NA	7	3	NA	NA	NA	NA	NA	NA	NA	NA	NA	NA	NA	NA	NA	NA	NA	NA	NA	NA	NA	NA	NA	NA	NA	NA	NA	NA	NA	5C	5C206	176	4	16	Reduction	Early	Reduction
2018-06-29T00:00:00Z	5	C	206	3	NA	7	0	0	8	4	1	5	6	3	NA	NA	NA	NA	NA	NA	NA	NA	NA	NA	NA	NA	NA	NA	NA	NA	NA	NA	NA	NA	NA	NA	NA	NA	NA	NA	5C	5C206	180	10	20	Reduction	Early	Reduction
2018-07-03T00:00:00Z	5	C	206	3	NA	6	1	0	5	3	0	0	5	0	NA	NA	NA	NA	NA	NA	NA	NA	NA	NA	NA	NA	NA	NA	NA	NA	NA	NA	NA	NA	NA	NA	NA	0	0	NA	5C	5C206	184	9	11	Reduction	Early	Reduction
2018-07-06T00:00:00Z	5	C	206	3	NA	2	3	0	0	2	0	2	5	0	NA	NA	NA	NA	NA	NA	NA	NA	NA	NA	NA	NA	NA	NA	NA	NA	NA	NA	NA	NA	NA	NA	NA	NA	NA	NA	5C	5C206	187	10	4	Reduction	Early	Reduction
2018-07-09T00:00:00Z	5	C	206	3	NA	0	2	0	NA	NA	NA	NA	NA	NA	NA	NA	NA	NA	NA	NA	NA	NA	NA	NA	NA	NA	NA	NA	NA	NA	NA	NA	NA	NA	NA	NA	NA	NA	NA	NA	5C	5C206	190	2	0	Reduction	Early	Reduction
2018-07-16T00:00:00Z	5	C	206	3	21	0	0	NA	NA	NA	NA	NA	NA	NA	NA	NA	NA	NA	NA	NA	NA	NA	NA	NA	NA	NA	NA	NA	NA	NA	NA	NA	NA	NA	NA	NA	NA	0	NA	NA	5C	5C206	197	0	0	Reduction	Early	Reduction
2018-07-20T00:00:00Z	5	C	206	3	NA	0	0	0	NA	NA	NA	NA	NA	NA	NA	NA	NA	NA	NA	NA	NA	NA	NA	NA	NA	NA	NA	NA	NA	NA	NA	NA	NA	NA	NA	NA	0	0	NA	NA	5C	5C206	201	0	0	Reduction	Early	Reduction
2018-07-25T00:00:00Z	5	C	206	3	NA	0	0	NA	NA	NA	NA	NA	NA	NA	NA	NA	NA	NA	NA	NA	NA	NA	NA	NA	NA	NA	NA	NA	NA	NA	NA	NA	NA	NA	NA	NA	NA	NA	NA	NA	5C	5C206	206	0	0	Reduction	Early	Reduction
2018-06-27T00:00:00Z	5	C	206	3	15	5	0	NA	8	2	NA	6	5	NA	NA	NA	NA	NA	NA	NA	NA	NA	NA	NA	NA	NA	NA	NA	NA	NA	NA	NA	NA	NA	NA	NA	NA	1	NA	NA	5C	5C206	178	7	19	Reduction	Early	Reduction
2018-07-06T00:00:00Z	2	C	212	1	NA	8	5	4	NA	NA	NA	NA	NA	NA	NA	NA	NA	NA	NA	NA	NA	NA	NA	NA	NA	NA	NA	NA	NA	NA	NA	NA	NA	NA	NA	NA	NA	NA	NA	NA	2C	2C212	187	5	8	Reduction	Early	Reduction
2018-06-18T00:00:00Z	2	D	212	1	22	1	0	NA	NA	NA	NA	NA	NA	NA	NA	NA	NA	NA	NA	NA	NA	NA	NA	NA	NA	NA	NA	NA	NA	NA	NA	NA	NA	NA	NA	NA	NA	NA	NA	NA	2D	2D212	169	0	1	Addition	Early	Addition
2018-06-22T00:00:00Z	2	D	212	1	NA	5	1	NA	NA	NA	NA	NA	NA	NA	NA	NA	NA	NA	NA	NA	NA	NA	NA	NA	NA	NA	NA	NA	NA	NA	NA	NA	NA	NA	NA	NA	NA	NA	NA	NA	2D	2D212	173	1	5	Addition	Early	Addition
2018-06-25T00:00:00Z	2	D	212	1	NA	8	3	NA	NA	NA	NA	NA	NA	NA	NA	NA	NA	NA	NA	NA	NA	NA	NA	NA	NA	NA	NA	NA	NA	NA	NA	NA	NA	NA	NA	NA	NA	NA	NA	NA	2D	2D212	176	3	8	Addition	Early	Addition
2018-07-03T00:00:00Z	2	D	212	1	NA	8	7	7	NA	NA	NA	NA	NA	NA	NA	NA	NA	NA	NA	NA	NA	NA	NA	NA	NA	NA	NA	NA	NA	NA	NA	NA	NA	NA	NA	0	NA	1	NA	NA	2D	2D212	184	7	8	Addition	Early	Addition
2018-07-09T00:00:00Z	2	D	212	1	NA	6	4	3	NA	NA	NA	NA	NA	NA	NA	NA	NA	NA	NA	NA	NA	NA	NA	NA	NA	NA	NA	NA	NA	NA	NA	NA	NA	NA	NA	NA	NA	2	2	NA	2D	2D212	190	4	6	Addition	Early	Addition
2018-07-16T00:00:00Z	2	D	212	1	31	6	3	3	NA	NA	NA	NA	NA	NA	NA	NA	NA	NA	NA	NA	NA	NA	NA	NA	NA	NA	NA	NA	NA	NA	NA	NA	NA	NA	NA	NA	NA	1	NA	NA	2D	2D212	197	3	6	Addition	Early	Addition
2018-07-20T00:00:00Z	2	D	212	1	NA	2	0	NA	NA	NA	NA	NA	NA	NA	NA	NA	NA	NA	NA	NA	NA	NA	NA	NA	NA	NA	NA	NA	NA	NA	NA	NA	NA	NA	NA	NA	NA	NA	NA	NA	2D	2D212	201	0	2	Addition	Early	Addition
2018-07-20T00:00:00Z	2	D	212	1	NA	4	3	2	NA	NA	NA	NA	NA	NA	NA	NA	NA	NA	NA	NA	NA	NA	NA	NA	NA	NA	NA	NA	NA	NA	NA	NA	NA	NA	NA	NA	0	0	NA	NA	2D	2D212	201	3	4	Addition	Early	Addition
2018-06-29T00:00:00Z	2	D	212	1	NA	13	5	5	NA	NA	NA	NA	NA	NA	NA	NA	NA	NA	NA	NA	NA	NA	NA	NA	NA	NA	NA	NA	NA	NA	NA	NA	NA	NA	NA	NA	NA	NA	NA	NA	2D	2D212	180	5	13	Addition	Early	Addition
2018-07-31T00:00:00Z	2	D	212	1	NA	1	0	NA	NA	NA	NA	NA	NA	NA	NA	NA	NA	NA	NA	NA	NA	NA	NA	NA	NA	NA	NA	NA	NA	NA	NA	NA	NA	NA	NA	NA	NA	0	NA	NA	2D	2D212	212	0	1	Addition	Early	Addition
2018-08-10T00:00:00Z	2	D	212	1	NA	1	0	NA	NA	NA	NA	NA	NA	NA	NA	NA	NA	NA	NA	NA	NA	NA	NA	NA	NA	NA	NA	NA	NA	NA	NA	NA	NA	NA	NA	NA	NA	0	NA	NA	2D	2D212	222	0	1	Addition	Early	Addition
2018-08-15T00:00:00Z	2	D	212	1	NA	0	0	0	NA	NA	NA	NA	NA	NA	NA	NA	NA	NA	NA	NA	NA	NA	NA	NA	NA	NA	NA	NA	NA	NA	NA	NA	NA	NA	NA	0	0	0	NA	NA	2D	2D212	227	0	0	Addition	Early	Addition
2018-06-20T00:00:00Z	5	C	212	1	18	8	0	NA	NA	NA	NA	NA	NA	NA	NA	NA	NA	NA	NA	NA	NA	NA	NA	NA	NA	NA	NA	NA	NA	NA	NA	NA	NA	NA	NA	NA	NA	NA	NA	NA	5C	5C212	171	0	8	Reduction	Early	Reduction
2018-06-22T00:00:00Z	5	C	212	1	NA	6	0	NA	NA	NA	NA	NA	NA	NA	NA	NA	NA	NA	NA	NA	NA	NA	NA	NA	NA	NA	NA	NA	NA	NA	NA	NA	NA	NA	NA	NA	NA	NA	NA	NA	5C	5C212	173	0	6	Reduction	Early	Reduction
2018-06-25T00:00:00Z	5	C	212	1	NA	4	2	NA	NA	NA	NA	NA	NA	NA	NA	NA	NA	NA	NA	NA	NA	NA	NA	NA	NA	NA	NA	NA	NA	NA	NA	NA	NA	NA	NA	NA	NA	NA	NA	NA	5C	5C212	176	2	4	Reduction	Early	Reduction
2018-06-29T00:00:00Z	5	C	212	1	NA	0	4	3	NA	NA	NA	NA	NA	NA	NA	NA	NA	NA	NA	NA	NA	NA	NA	NA	NA	NA	NA	NA	NA	NA	NA	NA	NA	NA	NA	NA	NA	NA	NA	NA	5C	5C212	180	4	0	Reduction	Early	Reduction
2018-07-03T00:00:00Z	5	C	212	1	NA	0	1	0	NA	NA	NA	NA	NA	NA	NA	NA	NA	NA	NA	NA	NA	NA	NA	NA	NA	NA	NA	NA	NA	NA	NA	NA	NA	NA	NA	NA	NA	0	0	broken	5C	5C212	184	1	0	Reduction	Early	Reduction
2018-06-27T00:00:00Z	5	C	212	1	9	1	5	NA	NA	NA	NA	NA	NA	NA	NA	NA	NA	NA	NA	NA	NA	NA	NA	NA	NA	NA	NA	NA	NA	NA	NA	NA	NA	NA	NA	NA	NA	0	NA	NA	5C	5C212	178	5	1	Reduction	Early	Reduction
2018-06-22T00:00:00Z	5	C	213	1	NA	6	0	NA	NA	NA	NA	NA	NA	NA	NA	NA	NA	NA	NA	NA	NA	NA	NA	NA	NA	NA	NA	NA	NA	NA	NA	NA	NA	NA	NA	NA	NA	NA	NA	NA	5C	5C213	173	0	6	Reduction	Early	Reduction
2018-06-25T00:00:00Z	5	C	213	1	NA	7	1	NA	NA	NA	NA	NA	NA	NA	NA	NA	NA	NA	NA	NA	NA	NA	NA	NA	NA	NA	NA	NA	NA	NA	NA	NA	NA	NA	NA	NA	NA	NA	NA	NA	5C	5C213	176	1	7	Reduction	Early	Reduction
2018-06-29T00:00:00Z	5	C	213	1	NA	7	4	0	NA	NA	NA	NA	NA	NA	NA	NA	NA	NA	NA	NA	NA	NA	NA	NA	NA	NA	NA	NA	NA	NA	NA	NA	NA	NA	NA	NA	NA	NA	NA	NA	5C	5C213	180	4	7	Reduction	Early	Reduction
2018-07-03T00:00:00Z	5	C	213	1	NA	2	3	3	NA	NA	NA	NA	NA	NA	NA	NA	NA	NA	NA	NA	NA	NA	NA	NA	NA	NA	NA	NA	NA	NA	NA	NA	NA	NA	NA	NA	NA	2	2	NA	5C	5C213	184	3	2	Reduction	Early	Reduction
2018-07-06T00:00:00Z	5	C	213	1	NA	2	2	NA	NA	NA	NA	NA	NA	NA	NA	NA	NA	NA	NA	NA	NA	NA	NA	NA	NA	NA	NA	NA	NA	NA	NA	NA	NA	NA	NA	NA	NA	NA	NA	NA	5C	5C213	187	2	2	Reduction	Early	Reduction
2018-07-09T00:00:00Z	5	C	213	1	NA	0	1	NA	NA	NA	NA	NA	NA	NA	NA	NA	NA	NA	NA	NA	NA	NA	NA	NA	NA	NA	NA	NA	NA	NA	NA	NA	NA	NA	NA	NA	NA	0	NA	NA	5C	5C213	190	1	0	Reduction	Early	Reduction
2018-07-16T00:00:00Z	5	C	213	1	33	0	0	NA	NA	NA	NA	NA	NA	NA	NA	NA	NA	NA	NA	NA	NA	NA	NA	NA	NA	NA	NA	NA	NA	NA	NA	NA	NA	NA	NA	NA	NA	0	NA	NA	5C	5C213	197	0	0	Reduction	Early	Reduction
2018-07-20T00:00:00Z	5	C	213	1	NA	0	0	0	NA	NA	NA	NA	NA	NA	NA	NA	NA	NA	NA	NA	NA	NA	NA	NA	NA	NA	NA	NA	NA	NA	NA	NA	NA	NA	NA	NA	0	0	NA	NA	5C	5C213	201	0	0	Reduction	Early	Reduction
2018-07-25T00:00:00Z	5	C	213	1	NA	0	0	NA	NA	NA	NA	NA	NA	NA	NA	NA	NA	NA	NA	NA	NA	NA	NA	NA	NA	NA	NA	NA	NA	NA	NA	NA	NA	NA	NA	NA	NA	NA	NA	NA	5C	5C213	206	0	0	Reduction	Early	Reduction
2018-06-27T00:00:00Z	5	C	213	1	31.5	7	3	NA	NA	NA	NA	NA	NA	NA	NA	NA	NA	NA	NA	NA	NA	NA	NA	NA	NA	NA	NA	NA	NA	NA	NA	NA	NA	NA	NA	NA	NA	3	3	NA	5C	5C213	178	3	7	Reduction	Early	Reduction
2018-06-10T00:00:00Z	5	C	215	NA	NA	3	0	NA	NA	NA	NA	NA	NA	NA	NA	NA	NA	NA	NA	NA	NA	NA	NA	NA	NA	NA	NA	NA	NA	NA	NA	NA	NA	NA	NA	NA	NA	NA	NA	NA	5C	5C215	161	0	3	Reduction	Early	Reduction
2018-06-15T00:00:00Z	5	C	215	2	NA	18	0	NA	0	0	NA	NA	NA	NA	NA	NA	NA	NA	NA	NA	NA	NA	NA	NA	NA	NA	NA	NA	NA	NA	NA	NA	NA	NA	NA	NA	NA	NA	NA	1 inflorescence open	5C	5C215	166	0	18	Reduction	Early	Reduction
2018-06-15T00:00:00Z	5	C	215	1	28	21	1	NA	NA	NA	NA	NA	NA	NA	NA	NA	NA	NA	NA	NA	NA	NA	NA	NA	NA	NA	NA	NA	NA	NA	NA	NA	NA	NA	NA	NA	NA	NA	NA	NA	5C	5C215	166	1	21	Reduction	Early	Reduction
2018-06-18T00:00:00Z	5	C	215	1	30	4	8	NA	NA	NA	NA	NA	NA	NA	NA	NA	NA	NA	NA	NA	NA	NA	NA	NA	NA	NA	NA	NA	NA	NA	NA	NA	NA	NA	NA	NA	NA	NA	NA	NA	5C	5C215	169	8	4	Reduction	Early	Reduction
2018-06-20T00:00:00Z	5	C	215	1	34	32	13	NA	NA	NA	NA	NA	NA	NA	NA	NA	NA	NA	NA	NA	NA	NA	NA	NA	NA	NA	NA	NA	NA	NA	NA	NA	NA	NA	NA	NA	NA	NA	NA	NA	5C	5C215	171	13	32	Reduction	Early	Reduction
2018-06-21T00:00:00Z	5	C	215	NA	NA	NA	NA	NA	NA	NA	NA	NA	NA	NA	NA	NA	NA	NA	NA	NA	NA	NA	NA	NA	NA	NA	NA	NA	NA	NA	NA	NA	NA	NA	NA	NA	NA	2	2	NA	5C	5C215	172	0	0	Reduction	Early	Reduction
2018-06-22T00:00:00Z	5	C	215	2	NA	21	10	NA	NA	NA	NA	NA	NA	NA	NA	NA	NA	NA	NA	NA	NA	NA	NA	NA	NA	NA	NA	NA	NA	NA	NA	NA	NA	NA	NA	NA	NA	NA	NA	NA	5C	5C215	173	10	21	Reduction	Early	Reduction
2018-06-25T00:00:00Z	5	C	215	2	NA	6	0	NA	10	14	NA	NA	NA	NA	NA	NA	NA	NA	NA	NA	NA	NA	NA	NA	NA	NA	NA	NA	NA	NA	NA	NA	NA	NA	NA	NA	NA	NA	NA	NA	5C	5C215	176	14	16	Reduction	Early	Reduction
2018-06-29T00:00:00Z	5	C	215	2	NA	9	1	0	6	7	0	NA	NA	NA	NA	NA	NA	NA	NA	NA	NA	NA	NA	NA	NA	NA	NA	NA	NA	NA	NA	NA	NA	NA	NA	NA	NA	NA	NA	NA	5C	5C215	180	8	15	Reduction	Early	Reduction
2018-07-03T00:00:00Z	5	C	215	2	NA	1	3	1	2	7	0	NA	NA	NA	NA	NA	NA	NA	NA	NA	NA	NA	NA	NA	NA	NA	NA	NA	NA	NA	NA	NA	NA	NA	NA	NA	NA	3	3	NA	5C	5C215	184	10	3	Reduction	Early	Reduction
2018-07-06T00:00:00Z	5	C	215	2	NA	0	1	2	4	1	NA	NA	NA	NA	NA	NA	NA	NA	NA	NA	NA	NA	NA	NA	NA	NA	NA	NA	NA	NA	NA	NA	NA	NA	NA	NA	NA	NA	NA	NA	5C	5C215	187	2	4	Reduction	Early	Reduction
2018-07-09T00:00:00Z	5	C	215	1	NA	0	2	NA	NA	NA	NA	NA	NA	NA	NA	NA	NA	NA	NA	NA	NA	NA	NA	NA	NA	NA	NA	NA	NA	NA	NA	NA	NA	NA	NA	NA	NA	0	NA	NA	5C	5C215	190	2	0	Reduction	Early	Reduction
2018-07-16T00:00:00Z	5	C	215	2	25	0	0	NA	NA	NA	NA	NA	NA	NA	NA	NA	NA	NA	NA	NA	NA	NA	NA	NA	NA	NA	NA	NA	NA	NA	NA	NA	NA	NA	NA	NA	NA	0	NA	NA	5C	5C215	197	0	0	Reduction	Early	Reduction
2018-07-20T00:00:00Z	5	C	215	1	NA	0	0	0	NA	NA	NA	NA	NA	NA	NA	NA	NA	NA	NA	NA	NA	NA	NA	NA	NA	NA	NA	NA	NA	NA	NA	NA	NA	NA	NA	NA	0	0	NA	NA	5C	5C215	201	0	0	Reduction	Early	Reduction
2018-06-27T00:00:00Z	5	C	215	2	36	10	0	NA	4	20	NA	NA	NA	NA	NA	NA	NA	NA	NA	NA	NA	NA	NA	NA	NA	NA	NA	NA	NA	NA	NA	NA	NA	NA	NA	NA	NA	1	NA	NA	5C	5C215	178	20	14	Reduction	Early	Reduction
2018-06-15T00:00:00Z	5	C	216	1	NA	2	0	NA	NA	NA	NA	NA	NA	NA	NA	NA	NA	NA	NA	NA	NA	NA	NA	NA	NA	NA	NA	NA	NA	NA	NA	NA	NA	NA	NA	NA	NA	NA	NA	NA	5C	5C216	166	0	2	Reduction	Early	Reduction
2018-06-18T00:00:00Z	5	C	216	1	24	4	2	NA	NA	NA	NA	NA	NA	NA	NA	NA	NA	NA	NA	NA	NA	NA	NA	NA	NA	NA	NA	NA	NA	NA	NA	NA	NA	NA	NA	NA	NA	NA	NA	NA	5C	5C216	169	2	4	Reduction	Early	Reduction
2018-06-20T00:00:00Z	5	C	216	1	25	11	3	NA	NA	NA	NA	NA	NA	NA	NA	NA	NA	NA	NA	NA	NA	NA	NA	NA	NA	NA	NA	NA	NA	NA	NA	NA	NA	NA	NA	NA	NA	NA	NA	NA	5C	5C216	171	3	11	Reduction	Early	Reduction
2018-06-21T00:00:00Z	5	C	216	NA	NA	NA	NA	NA	NA	NA	NA	NA	NA	NA	NA	NA	NA	NA	NA	NA	NA	NA	NA	NA	NA	NA	NA	NA	NA	NA	NA	NA	NA	NA	NA	NA	NA	0	NA	NA	5C	5C216	172	0	0	Reduction	Early	Reduction
2018-06-22T00:00:00Z	5	C	216	1	NA	8	2	NA	NA	NA	NA	NA	NA	NA	NA	NA	NA	NA	NA	NA	NA	NA	NA	NA	NA	NA	NA	NA	NA	NA	NA	NA	NA	NA	NA	NA	NA	NA	NA	NA	5C	5C216	173	2	8	Reduction	Early	Reduction
2018-06-25T00:00:00Z	5	C	216	1	NA	0	7	NA	NA	NA	NA	NA	NA	NA	NA	NA	NA	NA	NA	NA	NA	NA	NA	NA	NA	NA	NA	NA	NA	NA	NA	NA	NA	NA	NA	NA	NA	NA	NA	NA	5C	5C216	176	7	0	Reduction	Early	Reduction
2018-06-29T00:00:00Z	5	C	216	1	NA	0	1	0	NA	NA	NA	NA	NA	NA	NA	NA	NA	NA	NA	NA	NA	NA	NA	NA	NA	NA	NA	NA	NA	NA	NA	NA	NA	NA	NA	NA	NA	NA	NA	NA	5C	5C216	180	1	0	Reduction	Early	Reduction
2018-07-06T00:00:00Z	5	C	216	1	NA	3	1	NA	NA	NA	NA	NA	NA	NA	NA	NA	NA	NA	NA	NA	NA	NA	NA	NA	NA	NA	NA	NA	NA	NA	NA	NA	NA	NA	NA	NA	NA	NA	NA	NA	5C	5C216	187	1	3	Reduction	Early	Reduction
2018-07-09T00:00:00Z	5	C	216	1	NA	7	0	NA	NA	NA	NA	NA	NA	NA	NA	NA	NA	NA	NA	NA	NA	NA	NA	NA	NA	NA	NA	NA	NA	NA	NA	NA	NA	NA	NA	NA	NA	0	NA	NA	5C	5C216	190	0	7	Reduction	Early	Reduction
2018-07-16T00:00:00Z	5	C	216	1	29	2	4	NA	NA	NA	NA	NA	NA	NA	NA	NA	NA	NA	NA	NA	NA	NA	NA	NA	NA	NA	NA	NA	NA	NA	NA	NA	NA	NA	NA	NA	NA	3	3	NA	5C	5C216	197	4	2	Reduction	Early	Reduction
2018-07-20T00:00:00Z	5	C	216	1	NA	3	0	0	NA	NA	NA	NA	NA	NA	NA	NA	NA	NA	NA	NA	NA	NA	NA	NA	NA	NA	NA	NA	NA	NA	NA	NA	NA	NA	NA	NA	0	0	NA	NA	5C	5C216	201	0	3	Reduction	Early	Reduction
2018-07-25T00:00:00Z	5	C	216	1	NA	2	0	NA	NA	NA	NA	NA	NA	NA	NA	NA	NA	NA	NA	NA	NA	NA	NA	NA	NA	NA	NA	NA	NA	NA	NA	NA	NA	NA	NA	NA	NA	NA	NA	browsed	5C	5C216	206	0	2	Reduction	Early	Reduction
2018-07-31T00:00:00Z	5	C	216	1	NA	0	1	0	NA	NA	NA	NA	NA	NA	NA	NA	NA	NA	NA	NA	NA	NA	NA	NA	NA	NA	NA	NA	NA	NA	NA	NA	NA	NA	NA	NA	NA	0	NA	NA	5C	5C216	212	1	0	Reduction	Early	Reduction
2018-06-27T00:00:00Z	5	C	216	1	28	0	1	NA	NA	NA	NA	NA	NA	NA	NA	NA	NA	NA	NA	NA	NA	NA	NA	NA	NA	NA	NA	NA	NA	NA	NA	NA	NA	NA	NA	NA	NA	0	NA	NA	5C	5C216	178	1	0	Reduction	Early	Reduction
2018-06-27T00:00:00Z	2	D	217	1	30.5	9	4	NA	NA	NA	NA	NA	NA	NA	NA	NA	NA	NA	NA	NA	NA	NA	NA	NA	NA	NA	NA	NA	NA	NA	NA	NA	NA	NA	NA	NA	NA	1	1	NA	2D	2D217	178	4	9	Addition	Early	Addition
2018-06-15T00:00:00Z	2	C	218	1	NA	22	0	NA	NA	NA	NA	NA	NA	NA	NA	NA	NA	NA	NA	NA	NA	NA	NA	NA	NA	NA	NA	NA	NA	NA	NA	NA	NA	NA	NA	NA	NA	NA	NA	NA	2C	2C218	166	0	22	Reduction	Early	Reduction
2018-07-06T00:00:00Z	2	C	218	1	NA	28	13	12	NA	NA	NA	NA	NA	NA	NA	NA	NA	NA	NA	NA	NA	NA	NA	NA	NA	NA	NA	NA	NA	NA	NA	NA	NA	NA	NA	NA	NA	NA	NA	NA	2C	2C218	187	13	28	Reduction	Early	Reduction
2018-06-10T00:00:00Z	2	D	218	NA	NA	5	0	NA	NA	NA	NA	NA	NA	NA	NA	NA	NA	NA	NA	NA	NA	NA	NA	NA	NA	NA	NA	NA	NA	NA	NA	NA	NA	NA	NA	NA	NA	NA	NA	NA	2D	2D218	161	0	5	Addition	Early	Addition
2018-06-15T00:00:00Z	2	D	218	1	51	20	0	NA	NA	NA	NA	NA	NA	NA	NA	NA	NA	NA	NA	NA	NA	NA	NA	NA	NA	NA	NA	NA	NA	NA	NA	NA	NA	NA	NA	NA	6	NA	NA	3 flies mating-1 pair mating; 5 buds damaged	2D	2D218	166	0	20	Addition	Early	Addition
2018-06-18T00:00:00Z	2	D	218	1	52	29	1	NA	NA	NA	NA	NA	NA	NA	NA	NA	NA	NA	NA	NA	NA	NA	NA	NA	NA	NA	NA	NA	NA	NA	NA	NA	NA	NA	NA	NA	NA	NA	NA	NA	2D	2D218	169	1	29	Addition	Early	Addition
2018-06-20T00:00:00Z	2	D	218	1	56	30	11	NA	NA	NA	NA	NA	NA	NA	NA	NA	NA	NA	NA	NA	NA	NA	NA	NA	NA	NA	NA	NA	NA	NA	NA	NA	NA	NA	NA	NA	NA	NA	NA	NA	2D	2D218	171	11	30	Addition	Early	Addition
2018-06-21T00:00:00Z	2	D	218	NA	NA	NA	NA	NA	NA	NA	NA	NA	NA	NA	NA	NA	NA	NA	NA	NA	NA	NA	NA	NA	NA	NA	NA	NA	NA	NA	NA	NA	NA	NA	NA	NA	NA	2	2	NA	2D	2D218	172	0	0	Addition	Early	Addition
2018-06-22T00:00:00Z	2	D	218	1	NA	18	3	NA	NA	NA	NA	NA	NA	NA	NA	NA	NA	NA	NA	NA	NA	NA	NA	NA	NA	NA	NA	NA	NA	NA	NA	NA	NA	NA	NA	NA	NA	NA	NA	NA	2D	2D218	173	3	18	Addition	Early	Addition
2018-06-25T00:00:00Z	2	D	218	1	NA	29	19	NA	NA	NA	NA	NA	NA	NA	NA	NA	NA	NA	NA	NA	NA	NA	NA	NA	NA	NA	NA	NA	NA	NA	NA	NA	NA	NA	NA	NA	NA	NA	NA	NA	2D	2D218	176	19	29	Addition	Early	Addition
2018-07-03T00:00:00Z	2	D	218	1	NA	34	26	25	NA	NA	NA	NA	NA	NA	NA	NA	NA	NA	NA	NA	NA	NA	NA	NA	NA	NA	NA	NA	NA	NA	NA	NA	NA	NA	NA	0	NA	4	4	NA	2D	2D218	184	26	34	Addition	Early	Addition
2018-07-09T00:00:00Z	2	D	218	1	NA	26	18	13	NA	NA	NA	NA	NA	NA	NA	NA	NA	NA	NA	NA	NA	NA	NA	NA	NA	NA	NA	NA	NA	NA	NA	NA	NA	NA	NA	NA	NA	5	5	NA	2D	2D218	190	18	26	Addition	Early	Addition
2018-07-16T00:00:00Z	2	D	218	1	63	4	12	12	NA	NA	NA	NA	NA	NA	NA	NA	NA	NA	NA	NA	NA	NA	NA	NA	NA	NA	NA	NA	NA	NA	NA	NA	NA	NA	NA	NA	NA	5	5	NA	2D	2D218	197	12	4	Addition	Early	Addition
2018-07-20T00:00:00Z	2	D	218	1	NA	0	0	NA	NA	NA	NA	NA	NA	NA	NA	NA	NA	NA	NA	NA	NA	NA	NA	NA	NA	NA	NA	NA	NA	NA	NA	NA	NA	NA	NA	NA	NA	NA	NA	NA	2D	2D218	201	0	0	Addition	Early	Addition
2018-07-20T00:00:00Z	2	D	218	1	NA	1	2	0	NA	NA	NA	NA	NA	NA	NA	NA	NA	NA	NA	NA	NA	NA	NA	NA	NA	NA	NA	NA	NA	NA	NA	NA	NA	NA	NA	NA	0	0	NA	NA	2D	2D218	201	2	1	Addition	Early	Addition
2018-06-29T00:00:00Z	2	D	218	1	NA	54	21	10	NA	NA	NA	NA	NA	NA	NA	NA	NA	NA	NA	NA	NA	NA	NA	NA	NA	NA	NA	NA	NA	NA	NA	NA	NA	NA	NA	NA	NA	NA	NA	NA	2D	2D218	180	21	54	Addition	Early	Addition
2018-06-27T00:00:00Z	2	D	218	1	63	38	11	NA	NA	NA	NA	NA	NA	NA	NA	NA	NA	NA	NA	NA	NA	NA	NA	NA	NA	NA	NA	NA	NA	NA	NA	NA	NA	NA	NA	NA	NA	5	5	NR	2D	2D218	178	11	38	Addition	Early	Addition
2018-06-15T00:00:00Z	5	C	220	1	NA	27	0	NA	NA	NA	NA	NA	NA	NA	NA	NA	NA	NA	NA	NA	NA	NA	NA	NA	NA	NA	NA	NA	NA	NA	NA	NA	NA	NA	NA	NA	NA	NA	NA	4 buds damaged on top, slightly	5C	5C220	166	0	27	Reduction	Early	Reduction
2018-06-18T00:00:00Z	5	C	220	1	46	12	2	NA	NA	NA	NA	NA	NA	NA	NA	NA	NA	NA	NA	NA	NA	NA	NA	NA	NA	NA	NA	NA	NA	NA	NA	NA	NA	NA	NA	NA	NA	NA	NA	NA	5C	5C220	169	2	12	Reduction	Early	Reduction
2018-06-21T00:00:00Z	5	C	220	NA	NA	NA	NA	NA	NA	NA	NA	NA	NA	NA	NA	NA	NA	NA	NA	NA	NA	NA	NA	NA	NA	NA	NA	NA	NA	NA	NA	NA	NA	NA	NA	NA	NA	1	1	NA	5C	5C220	172	0	0	Reduction	Early	Reduction
2018-06-22T00:00:00Z	5	C	220	1	NA	30	15	NA	NA	NA	NA	NA	NA	NA	NA	NA	NA	NA	NA	NA	NA	NA	NA	NA	NA	NA	NA	NA	NA	NA	NA	NA	NA	NA	NA	NA	NA	NA	NA	NA	5C	5C220	173	15	30	Reduction	Early	Reduction
2018-06-25T00:00:00Z	5	C	220	1	NA	17	16	1	NA	NA	NA	NA	NA	NA	NA	NA	NA	NA	NA	NA	NA	NA	NA	NA	NA	NA	NA	NA	NA	NA	NA	NA	NA	NA	NA	NA	NA	NA	NA	NA	5C	5C220	176	16	17	Reduction	Early	Reduction
2018-06-29T00:00:00Z	5	C	220	1	NA	12	5	3	NA	NA	NA	NA	NA	NA	NA	NA	NA	NA	NA	NA	NA	NA	NA	NA	NA	NA	NA	NA	NA	NA	NA	NA	NA	NA	NA	NA	NA	NA	NA	NA	5C	5C220	180	5	12	Reduction	Early	Reduction
2018-07-03T00:00:00Z	5	C	220	1	NA	1	4	3	NA	NA	NA	NA	NA	NA	NA	NA	NA	NA	NA	NA	NA	NA	NA	NA	NA	NA	NA	NA	NA	NA	NA	NA	NA	NA	NA	NA	NA	1	1	NA	5C	5C220	184	4	1	Reduction	Early	Reduction
2018-07-06T00:00:00Z	5	C	220	1	NA	1	1	NA	NA	NA	NA	NA	NA	NA	NA	NA	NA	NA	NA	NA	NA	NA	NA	NA	NA	NA	NA	NA	NA	NA	NA	NA	NA	NA	NA	NA	NA	NA	NA	NA	5C	5C220	187	1	1	Reduction	Early	Reduction
2018-07-09T00:00:00Z	5	C	220	1	NA	1	0	NA	NA	NA	NA	NA	NA	NA	NA	NA	NA	NA	NA	NA	NA	NA	NA	NA	NA	NA	NA	NA	NA	NA	NA	NA	NA	NA	NA	NA	NA	0	NA	NA	5C	5C220	190	0	1	Reduction	Early	Reduction
2018-07-16T00:00:00Z	5	C	220	1	51	0	0	NA	NA	NA	NA	NA	NA	NA	NA	NA	NA	NA	NA	NA	NA	NA	NA	NA	NA	NA	NA	NA	NA	NA	NA	NA	NA	NA	NA	NA	NA	0	NA	NA	5C	5C220	197	0	0	Reduction	Early	Reduction
2018-07-20T00:00:00Z	5	C	220	1	NA	0	0	0	NA	NA	NA	NA	NA	NA	NA	NA	NA	NA	NA	NA	NA	NA	NA	NA	NA	NA	NA	NA	NA	NA	NA	NA	NA	NA	NA	NA	0	0	NA	NA	5C	5C220	201	0	0	Reduction	Early	Reduction
2018-07-25T00:00:00Z	5	C	220	1	NA	0	0	NA	NA	NA	NA	NA	NA	NA	NA	NA	NA	NA	NA	NA	NA	NA	NA	NA	NA	NA	NA	NA	NA	NA	NA	NA	NA	NA	NA	NA	NA	NA	NA	NA	5C	5C220	206	0	0	Reduction	Early	Reduction
2018-06-27T00:00:00Z	5	C	220	1	50	17	9	NA	NA	NA	NA	NA	NA	NA	NA	NA	NA	NA	NA	NA	NA	NA	NA	NA	NA	NA	NA	NA	NA	NA	NA	NA	NA	NA	NA	NA	NA	3	3	NA	5C	5C220	178	9	17	Reduction	Early	Reduction
2018-06-15T00:00:00Z	5	C	221	1	NA	2	0	NA	NA	NA	NA	NA	NA	NA	NA	NA	NA	NA	NA	NA	NA	NA	NA	NA	NA	NA	NA	NA	NA	NA	NA	NA	NA	NA	NA	NA	NA	NA	NA	flower stem is broken	5C	5C221	166	0	2	Reduction	Early	Reduction
2018-06-15T00:00:00Z	5	C	221	1	26	12	0	NA	NA	NA	NA	NA	NA	NA	NA	NA	NA	NA	NA	NA	NA	NA	NA	NA	NA	NA	NA	NA	NA	NA	NA	NA	NA	NA	NA	NA	NA	NA	NA	broken	5C	5C221	166	0	12	Reduction	Early	Reduction
2018-06-20T00:00:00Z	5	C	221	1	23	18	7	NA	NA	NA	NA	NA	NA	NA	NA	NA	NA	NA	NA	NA	NA	NA	NA	NA	NA	NA	NA	NA	NA	NA	NA	NA	NA	NA	NA	NA	NA	NA	NA	NA	5C	5C221	171	7	18	Reduction	Early	Reduction
2018-06-21T00:00:00Z	5	C	221	NA	NA	NA	NA	NA	NA	NA	NA	NA	NA	NA	NA	NA	NA	NA	NA	NA	NA	NA	NA	NA	NA	NA	NA	NA	NA	NA	NA	NA	NA	NA	NA	NA	NA	2	2	NA	5C	5C221	172	0	0	Reduction	Early	Reduction
2018-06-22T00:00:00Z	5	C	221	1	NA	14	3	NA	NA	NA	NA	NA	NA	NA	NA	NA	NA	NA	NA	NA	NA	NA	NA	NA	NA	NA	NA	NA	NA	NA	NA	NA	NA	NA	NA	NA	NA	NA	NA	NA	5C	5C221	173	3	14	Reduction	Early	Reduction
2018-07-09T00:00:00Z	5	C	221	1	NA	NA	NA	NA	NA	NA	NA	NA	NA	NA	NA	NA	NA	NA	NA	NA	NA	NA	NA	NA	NA	NA	NA	NA	NA	NA	NA	NA	NA	NA	NA	NA	NA	0	NA	eaten	5C	5C221	190	0	0	Reduction	Early	Reduction
2018-07-16T00:00:00Z	5	C	221	3	15	3	1	1	0	0	NA	0	0	NA	NA	NA	NA	NA	NA	NA	NA	NA	NA	NA	NA	NA	NA	NA	NA	NA	NA	NA	NA	NA	NA	NA	NA	1	1	NA	5C	5C221	197	1	3	Reduction	Early	Reduction
2018-07-20T00:00:00Z	5	C	221	3	NA	5	0	0	NA	NA	NA	NA	NA	NA	NA	NA	NA	NA	NA	NA	NA	NA	NA	NA	NA	NA	NA	NA	NA	NA	NA	NA	NA	NA	NA	NA	0	0	NA	NA	5C	5C221	201	0	5	Reduction	Early	Reduction
2018-07-25T00:00:00Z	5	C	221	3	NA	2	2	NA	1	0	NA	3	0	NA	NA	NA	NA	NA	NA	NA	NA	NA	NA	NA	NA	NA	NA	NA	NA	NA	NA	NA	NA	NA	NA	NA	NA	NA	NA	NA	5C	5C221	206	2	6	Reduction	Early	Reduction
2018-07-31T00:00:00Z	5	C	221	2	NA	4	0	NA	2	0	NA	NA	NA	NA	NA	NA	NA	NA	NA	NA	NA	NA	NA	NA	NA	NA	NA	NA	NA	NA	NA	NA	NA	NA	NA	NA	NA	NA	NA	NA	5C	5C221	212	0	6	Reduction	Early	Reduction
2018-08-10T00:00:00Z	5	C	221	1	NA	1	0	NA	NA	NA	NA	NA	NA	NA	NA	NA	NA	NA	NA	NA	NA	NA	NA	NA	NA	NA	NA	NA	NA	NA	NA	NA	NA	NA	NA	NA	NA	NA	NA	NA	5C	5C221	222	0	1	Reduction	Early	Reduction
2018-06-15T00:00:00Z	5	C	222	1	NA	1	0	NA	NA	NA	NA	NA	NA	NA	NA	NA	NA	NA	NA	NA	NA	NA	NA	NA	NA	NA	NA	NA	NA	NA	NA	NA	NA	NA	NA	NA	NA	NA	NA	NA	5C	5C222	166	0	1	Reduction	Early	Reduction
2018-06-15T00:00:00Z	5	C	222	1	23	3	0	NA	NA	NA	NA	NA	NA	NA	NA	NA	NA	NA	NA	NA	NA	NA	NA	NA	NA	NA	NA	NA	NA	NA	NA	NA	NA	NA	NA	NA	NA	NA	NA	NA	5C	5C222	166	0	3	Reduction	Early	Reduction
2018-06-18T00:00:00Z	5	C	222	1	24	5	1	NA	NA	NA	NA	NA	NA	NA	NA	NA	NA	NA	NA	NA	NA	NA	NA	NA	NA	NA	NA	NA	NA	NA	NA	NA	NA	NA	NA	NA	NA	NA	NA	NA	5C	5C222	169	1	5	Reduction	Early	Reduction
2018-06-20T00:00:00Z	5	C	222	1	29	9	1	NA	NA	NA	NA	NA	NA	NA	NA	NA	NA	NA	NA	NA	NA	NA	NA	NA	NA	NA	NA	NA	NA	NA	NA	NA	NA	NA	NA	NA	NA	NA	NA	NA	5C	5C222	171	1	9	Reduction	Early	Reduction
2018-06-21T00:00:00Z	5	C	222	NA	NA	NA	NA	NA	NA	NA	NA	NA	NA	NA	NA	NA	NA	NA	NA	NA	NA	NA	NA	NA	NA	NA	NA	NA	NA	NA	NA	NA	NA	NA	NA	NA	NA	0	NA	NA	5C	5C222	172	0	0	Reduction	Early	Reduction
2018-06-22T00:00:00Z	5	C	222	1	NA	11	1	NA	NA	NA	NA	NA	NA	NA	NA	NA	NA	NA	NA	NA	NA	NA	NA	NA	NA	NA	NA	NA	NA	NA	NA	NA	NA	NA	NA	NA	NA	NA	NA	NA	5C	5C222	173	1	11	Reduction	Early	Reduction
2018-06-25T00:00:00Z	5	C	222	1	NA	6	5	NA	NA	NA	NA	NA	NA	NA	NA	NA	NA	NA	NA	NA	NA	NA	NA	NA	NA	NA	NA	NA	NA	NA	NA	NA	NA	NA	NA	NA	NA	NA	NA	NA	5C	5C222	176	5	6	Reduction	Early	Reduction
2018-06-29T00:00:00Z	5	C	222	1	NA	4	4	3	NA	NA	NA	NA	NA	NA	NA	NA	NA	NA	NA	NA	NA	NA	NA	NA	NA	NA	NA	NA	NA	NA	NA	NA	NA	NA	NA	NA	NA	NA	NA	NA	5C	5C222	180	4	4	Reduction	Early	Reduction
2018-07-03T00:00:00Z	5	C	222	1	NA	4	1	0	NA	NA	NA	NA	NA	NA	NA	NA	NA	NA	NA	NA	NA	NA	NA	NA	NA	NA	NA	NA	NA	NA	NA	NA	NA	NA	NA	NA	NA	0	0	NA	5C	5C222	184	1	4	Reduction	Early	Reduction
2018-07-06T00:00:00Z	5	C	222	1	NA	0	4	NA	NA	NA	NA	NA	NA	NA	NA	NA	NA	NA	NA	NA	NA	NA	NA	NA	NA	NA	NA	NA	NA	NA	NA	NA	NA	NA	NA	NA	NA	NA	NA	NA	5C	5C222	187	4	0	Reduction	Early	Reduction
2018-07-09T00:00:00Z	5	C	222	1	NA	0	1	0	NA	NA	NA	NA	NA	NA	NA	NA	NA	NA	NA	NA	NA	NA	NA	NA	NA	NA	NA	NA	NA	NA	NA	NA	NA	NA	NA	NA	NA	NA	NA	NA	5C	5C222	190	1	0	Reduction	Early	Reduction
2018-07-16T00:00:00Z	5	C	222	1	29	0	0	NA	NA	NA	NA	NA	NA	NA	NA	NA	NA	NA	NA	NA	NA	NA	NA	NA	NA	NA	NA	NA	NA	NA	NA	NA	NA	NA	NA	NA	NA	0	NA	NA	5C	5C222	197	0	0	Reduction	Early	Reduction
2018-07-25T00:00:00Z	5	C	222	1	NA	0	0	NA	NA	NA	NA	NA	NA	NA	NA	NA	NA	NA	NA	NA	NA	NA	NA	NA	NA	NA	NA	NA	NA	NA	NA	NA	NA	NA	NA	NA	NA	NA	NA	NA	5C	5C222	206	0	0	Reduction	Early	Reduction
2018-06-27T00:00:00Z	5	C	222	1	29	7	5	NA	NA	NA	NA	NA	NA	NA	NA	NA	NA	NA	NA	NA	NA	NA	NA	NA	NA	NA	NA	NA	NA	NA	NA	NA	NA	NA	NA	NA	NA	0	NA	NR	5C	5C222	178	5	7	Reduction	Early	Reduction
2018-06-27T00:00:00Z	3	B	224	1	46	20	4	NA	NA	NA	NA	NA	NA	NA	NA	NA	NA	NA	NA	NA	NA	NA	NA	NA	NA	NA	NA	NA	NA	NA	NA	NA	NA	NA	NA	NA	NA	4	4	NA	3B	3B224	178	4	20	Control	Normal	Mock rainout
2018-06-22T00:00:00Z	1	A	225	1	NA	14	0	NA	NA	NA	NA	NA	NA	NA	NA	NA	NA	NA	NA	NA	NA	NA	NA	NA	NA	NA	NA	NA	NA	NA	NA	NA	NA	NA	NA	NA	NA	NA	NA	NA	1A	1A225	173	0	14	Addition	Normal	Addition
2018-08-15T00:00:00Z	2	C	226	1	NA	1	0	0	NA	NA	NA	NA	NA	NA	NA	NA	NA	NA	NA	NA	NA	NA	NA	NA	NA	NA	NA	NA	NA	NA	NA	NA	NA	NA	NA	NA	NA	NA	NA	NA	2C	2C226	227	0	1	Reduction	Early	Reduction
2018-06-20T00:00:00Z	5	D	228	1	30	39	0	NA	NA	NA	NA	NA	NA	NA	NA	NA	NA	NA	NA	NA	NA	NA	NA	NA	NA	NA	NA	NA	NA	NA	NA	NA	NA	NA	NA	NA	NA	0	0	NA	5D	5D228	171	0	39	Control	Early	Control
2018-06-22T00:00:00Z	5	D	228	1	NA	6	1	NA	NA	NA	NA	NA	NA	NA	NA	NA	NA	NA	NA	NA	NA	NA	NA	NA	NA	NA	NA	NA	NA	NA	NA	NA	NA	NA	NA	NA	NA	NA	NA	NA	5D	5D228	173	1	6	Control	Early	Control
2018-06-25T00:00:00Z	5	D	228	1	NA	31	3	1	NA	NA	NA	NA	NA	NA	NA	NA	NA	NA	NA	NA	NA	NA	NA	NA	NA	NA	NA	NA	NA	NA	NA	NA	NA	NA	NA	NA	NA	NA	NA	NA	5D	5D228	176	3	31	Control	Early	Control
2018-06-27T00:00:00Z	5	D	228	10	41	5	0	NA	2	0	NA	1	0	NA	6	1	NA	4	0	NA	TRUE	FALSE	NA	TRUE	FALSE	NA	TRUE	TRUE	NA	TRUE	NA	TRUE	FALSE	NA	FALSE	NA	NA	3	3	NA	5D	5D228	178	2	22	Control	Early	Control
2018-06-29T00:00:00Z	5	D	228	10	NA	6	1	1	3	3	0	6	6	0	6	3	3	3	0	FALSE	TRUE	TRUE	FALSE	TRUE	TRUE	1	TRUE	FALSE	FALSE	TRUE	FALSE	NA	NA	NA	FALSE	NA	NA	NA	NA	NA	5D	5D228	180	15	28	Control	Early	Control
2018-07-03T00:00:00Z	5	D	228	10	NA	3	4	3	8	0	0	5	3	3	2	2	0	4	3	TRUE	TRUE	TRUE	FALSE	TRUE	TRUE	1	TRUE	FALSE	FALSE	TRUE	TRUE	TRUE	TRUE	TRUE	TRUE	NA	NA	0	0	NA	5D	5D228	184	16	27	Control	Early	Control
2018-07-06T00:00:00Z	5	D	228	10	NA	2	3	3	2	1	1	4	4	3	3	2	0	3	2	TRUE	TRUE	TRUE	TRUE	TRUE	TRUE	3	TRUE	TRUE	TRUE	TRUE	TRUE	TRUE	TRUE	TRUE	TRUE	NA	NA	NA	NA	NA	5D	5D228	187	17	19	Control	Early	Control
2018-07-09T00:00:00Z	5	D	228	10	NA	0	1	1	0	1	1	2	1	1	1	3	3	4	2	TRUE	TRUE	TRUE	FALSE	TRUE	TRUE	3	TRUE	TRUE	TRUE	TRUE	TRUE	NA	NA	NA	TRUE	NA	NA	3	NA	NA	5D	5D228	190	12	11	Control	Early	Control
2018-07-16T00:00:00Z	5	D	228	10	35	0	0	NA	1	1	1	0	1	1	0	1	1	NA	NA	NA	NA	NA	NA	NA	NA	NA	NA	NA	NA	NA	NA	NA	NA	NA	NA	NA	NA	0	NA	NA	5D	5D228	197	3	1	Control	Early	Control
2018-07-20T00:00:00Z	5	D	228	9	NA	0	0	0	NA	NA	NA	NA	NA	NA	NA	NA	NA	NA	NA	NA	NA	NA	NA	NA	NA	NA	NA	NA	NA	NA	NA	NA	NA	NA	NA	NA	0	0	NA	NA	5D	5D228	201	0	0	Control	Early	Control
2018-07-25T00:00:00Z	5	D	228	8	NA	0	0	NA	NA	NA	NA	NA	NA	NA	NA	NA	NA	NA	NA	NA	NA	NA	NA	NA	NA	NA	NA	NA	NA	NA	NA	NA	NA	NA	NA	NA	NA	NA	NA	NA	5D	5D228	206	0	0	Control	Early	Control
2018-07-31T00:00:00Z	5	D	228	10	NA	1	0	NA	2	0	NA	0	1	NA	2	0	NA	NA	NA	NA	NA	NA	NA	NA	NA	NA	NA	NA	NA	NA	NA	NA	NA	NA	NA	NA	NA	0	NA	NA	5D	5D228	212	1	5	Control	Early	Control
2018-08-10T00:00:00Z	5	D	228	10	NA	1	0	NA	1	0	NA	1	0	NA	1	0	NA	2	0	NA	TRUE	FALSE	NA	NA	NA	NA	NA	NA	NA	NA	NA	NA	NA	NA	NA	NA	NA	NA	NA	NA	5D	5D228	222	0	7	Control	Early	Control
2018-08-15T00:00:00Z	5	D	228	10	NA	1	0	0	NA	NA	NA	NA	NA	NA	NA	NA	NA	NA	NA	NA	NA	NA	NA	NA	NA	NA	NA	NA	NA	NA	NA	NA	NA	NA	NA	1	1	NA	NA	NA	5D	5D228	227	0	1	Control	Early	Control
2018-06-15T00:00:00Z	5	D	231	1	47	35	1	NA	NA	NA	NA	NA	NA	NA	NA	NA	NA	NA	NA	NA	NA	NA	NA	NA	NA	NA	NA	NA	NA	NA	NA	NA	NA	NA	NA	NA	NA	NA	NA	NA	5D	5D231	166	1	35	Control	Early	Control
2018-06-15T00:00:00Z	5	D	231	1	NA	24	0	NA	NA	NA	NA	NA	NA	NA	NA	NA	NA	NA	NA	NA	NA	NA	NA	NA	NA	NA	NA	NA	NA	NA	NA	NA	NA	NA	NA	NA	NA	NA	NA	5 damaged buds (slightly- on top)	5D	5D231	166	0	24	Control	Early	Control
2018-06-18T00:00:00Z	5	D	231	1	49	15	9	NA	NA	NA	NA	NA	NA	NA	NA	NA	NA	NA	NA	NA	NA	NA	NA	NA	NA	NA	NA	NA	NA	NA	NA	NA	NA	NA	NA	NA	NA	NA	NA	NA	5D	5D231	169	9	15	Control	Early	Control
2018-06-20T00:00:00Z	5	D	231	1	54	39	12	NA	NA	NA	NA	NA	NA	NA	NA	NA	NA	NA	NA	NA	NA	NA	NA	NA	NA	NA	NA	NA	NA	NA	NA	NA	NA	NA	NA	NA	NA	NA	NA	NA	5D	5D231	171	12	39	Control	Early	Control
2018-06-21T00:00:00Z	5	D	231	NA	NA	NA	NA	NA	NA	NA	NA	NA	NA	NA	NA	NA	NA	NA	NA	NA	NA	NA	NA	NA	NA	NA	NA	NA	NA	NA	NA	NA	NA	NA	NA	NA	NA	4	4	NA	5D	5D231	172	0	0	Control	Early	Control
2018-06-22T00:00:00Z	5	D	231	1	NA	14	10	NA	NA	NA	NA	NA	NA	NA	NA	NA	NA	NA	NA	NA	NA	NA	NA	NA	NA	NA	NA	NA	NA	NA	NA	NA	NA	NA	NA	NA	NA	NA	NA	NA	5D	5D231	173	10	14	Control	Early	Control
2018-06-25T00:00:00Z	5	D	231	1	NA	13	17	NA	NA	NA	NA	NA	NA	NA	NA	NA	NA	NA	NA	NA	NA	NA	NA	NA	NA	NA	NA	NA	NA	NA	NA	NA	NA	NA	NA	NA	NA	NA	NA	NA	5D	5D231	176	17	13	Control	Early	Control
2018-06-27T00:00:00Z	5	D	231	1	51	22	8	NA	NA	NA	NA	NA	NA	NA	NA	NA	NA	NA	NA	NA	NA	NA	NA	NA	NA	NA	NA	NA	NA	NA	NA	NA	NA	NA	NA	NA	NA	NA	0	nectar robbing	5D	5D231	178	8	22	Control	Early	Control
2018-06-29T00:00:00Z	5	D	231	1	NA	11	4	3	NA	NA	NA	NA	NA	NA	NA	NA	NA	NA	NA	NA	NA	NA	NA	NA	NA	NA	NA	NA	NA	NA	NA	NA	NA	NA	NA	NA	NA	NA	NA	NA	5D	5D231	180	4	11	Control	Early	Control
2018-07-03T00:00:00Z	5	D	231	1	NA	1	5	4	NA	NA	NA	NA	NA	NA	NA	NA	NA	NA	NA	NA	NA	NA	NA	NA	NA	NA	NA	NA	NA	NA	NA	NA	NA	NA	NA	NA	1	0	0	NA	5D	5D231	184	5	1	Control	Early	Control
2018-07-06T00:00:00Z	5	D	231	1	NA	0	1	0	NA	NA	NA	NA	NA	NA	NA	NA	NA	NA	NA	NA	NA	NA	NA	NA	NA	NA	NA	NA	NA	NA	NA	NA	NA	NA	NA	NA	NA	NA	NA	NA	5D	5D231	187	1	0	Control	Early	Control
2018-07-09T00:00:00Z	5	D	231	1	NA	NA	NA	NA	NA	NA	NA	NA	NA	NA	NA	NA	NA	NA	NA	NA	NA	NA	NA	NA	NA	NA	NA	NA	NA	NA	NA	NA	NA	NA	NA	NA	NA	0	NA	dead	5D	5D231	190	0	0	Control	Early	Control
2018-07-16T00:00:00Z	5	D	231	1	53	0	0	NA	NA	NA	NA	NA	NA	NA	NA	NA	NA	NA	NA	NA	NA	NA	NA	NA	NA	NA	NA	NA	NA	NA	NA	NA	NA	NA	NA	NA	NA	0	NA	NA	5D	5D231	197	0	0	Control	Early	Control
2018-07-20T00:00:00Z	5	D	231	1	NA	0	0	0	NA	NA	NA	NA	NA	NA	NA	NA	NA	NA	NA	NA	NA	NA	NA	NA	NA	NA	NA	NA	NA	NA	NA	NA	NA	NA	NA	NA	0	0	NA	NA	5D	5D231	201	0	0	Control	Early	Control
2018-06-15T00:00:00Z	1	A	232	1	26	1	0	NA	NA	NA	NA	NA	NA	NA	NA	NA	NA	NA	NA	NA	NA	NA	NA	NA	NA	NA	NA	NA	NA	NA	NA	NA	NA	NA	NA	NA	NA	NA	NA	NA	1A	1A232	166	0	1	Addition	Normal	Addition
2018-06-18T00:00:00Z	1	A	232	1	25.5	12	0	NA	NA	NA	NA	NA	NA	NA	NA	NA	NA	NA	NA	NA	NA	NA	NA	NA	NA	NA	NA	NA	NA	NA	NA	NA	NA	NA	NA	NA	NA	NA	NA	slightly flopped	1A	1A232	169	0	12	Addition	Normal	Addition
2018-06-20T00:00:00Z	1	A	232	1	25.5	19	0	NA	NA	NA	NA	NA	NA	NA	NA	NA	NA	NA	NA	NA	NA	NA	NA	NA	NA	NA	NA	NA	NA	NA	NA	NA	NA	NA	NA	NA	NA	NA	NA	stalk flopped	1A	1A232	171	0	19	Addition	Normal	Addition
2018-06-25T00:00:00Z	1	A	232	1	NA	29	7	NA	NA	NA	NA	NA	NA	NA	NA	NA	NA	NA	NA	NA	NA	NA	NA	NA	NA	NA	NA	NA	NA	NA	NA	NA	NA	NA	NA	NA	NA	NA	NA	NA	1A	1A232	176	7	29	Addition	Normal	Addition
2018-07-02T00:00:00Z	1	A	232	1	NA	10	10	0	NA	NA	NA	NA	NA	NA	NA	NA	NA	NA	NA	NA	NA	NA	NA	NA	NA	NA	NA	NA	NA	NA	NA	NA	NA	NA	NA	NA	NA	0	NA	NA	1A	1A232	183	10	10	Addition	Normal	Addition
2018-07-06T00:00:00Z	1	A	232	1	NA	2	5	3	NA	NA	NA	NA	NA	NA	NA	NA	NA	NA	NA	NA	NA	NA	NA	NA	NA	NA	NA	NA	NA	NA	NA	NA	NA	NA	NA	NA	NA	NA	NA	NA	1A	1A232	187	5	2	Addition	Normal	Addition
2018-07-09T00:00:00Z	1	A	232	1	NA	0	4	3	NA	NA	NA	NA	NA	NA	NA	NA	NA	NA	NA	NA	NA	NA	NA	NA	NA	NA	NA	NA	NA	NA	NA	NA	NA	NA	NA	NA	NA	0	NA	NA	1A	1A232	190	4	0	Addition	Normal	Addition
2018-07-16T00:00:00Z	1	A	232	1	33	0	0	NA	NA	NA	NA	NA	NA	NA	NA	NA	NA	NA	NA	NA	NA	NA	NA	NA	NA	NA	NA	NA	NA	NA	NA	NA	NA	NA	NA	NA	NA	0	NA	NA	1A	1A232	197	0	0	Addition	Normal	Addition
2018-07-20T00:00:00Z	1	A	232	1	NA	7	0	NA	NA	NA	NA	NA	NA	NA	NA	NA	NA	NA	NA	NA	NA	NA	NA	NA	NA	NA	NA	NA	NA	NA	NA	NA	NA	NA	NA	NA	NA	NA	NA	NA	1A	1A232	201	0	7	Addition	Normal	Addition
2018-07-20T00:00:00Z	1	A	232	1	NA	0	0	0	NA	NA	NA	NA	NA	NA	NA	NA	NA	NA	NA	NA	NA	NA	NA	NA	NA	NA	NA	NA	NA	NA	NA	NA	NA	NA	NA	NA	0	0	NA	NA	1A	1A232	201	0	0	Addition	Normal	Addition
2018-06-29T00:00:00Z	1	A	232	1	NA	28	7	5	NA	NA	NA	NA	NA	NA	NA	NA	NA	NA	NA	NA	NA	NA	NA	NA	NA	NA	NA	NA	NA	NA	NA	NA	NA	NA	NA	NA	NA	NA	NA	NA	1A	1A232	180	7	28	Addition	Normal	Addition
2018-07-31T00:00:00Z	1	A	232	1	NA	7	3	NA	NA	NA	NA	NA	NA	NA	NA	NA	NA	NA	NA	NA	NA	NA	NA	NA	NA	NA	NA	NA	NA	NA	NA	NA	NA	NA	NA	NA	NA	1	NA	NA	1A	1A232	212	3	7	Addition	Normal	Addition
2018-08-07T00:00:00Z	1	A	232	1	NA	5	2	NA	NA	NA	NA	NA	NA	NA	NA	NA	NA	NA	NA	NA	NA	NA	NA	NA	NA	NA	NA	NA	NA	NA	NA	NA	NA	NA	NA	NA	NA	NA	NA	NA	1A	1A232	219	2	5	Addition	Normal	Addition
2018-08-10T00:00:00Z	1	A	232	1	NA	6	0	NA	NA	NA	NA	NA	NA	NA	NA	NA	NA	NA	NA	NA	NA	NA	NA	NA	NA	NA	NA	NA	NA	NA	NA	NA	NA	NA	NA	NA	NA	NA	NA	NA	1A	1A232	222	0	6	Addition	Normal	Addition
2018-06-27T00:00:00Z	1	A	232	1	31	26	5	NA	NA	NA	NA	NA	NA	NA	NA	NA	NA	NA	NA	NA	NA	NA	NA	NA	NA	NA	NA	NA	NA	NA	NA	NA	NA	NA	NA	NA	NA	2	1	NA	1A	1A232	178	5	26	Addition	Normal	Addition
2018-06-15T00:00:00Z	5	D	232	1	44	24	NA	NA	NA	NA	NA	NA	NA	NA	NA	NA	NA	NA	NA	NA	NA	NA	NA	NA	NA	NA	NA	NA	NA	NA	NA	NA	NA	NA	NA	NA	NA	NA	NA	NA	5D	5D232	166	0	24	Control	Early	Control
2018-06-15T00:00:00Z	5	D	232	1	NA	18	0	NA	NA	NA	NA	NA	NA	NA	NA	NA	NA	NA	NA	NA	NA	NA	NA	NA	NA	NA	NA	NA	NA	NA	NA	NA	NA	NA	NA	NA	NA	NA	NA	3 damaged buds (slightly- on top)	5D	5D232	166	0	18	Control	Early	Control
2018-06-18T00:00:00Z	5	D	232	1	47	12	6	NA	NA	NA	NA	NA	NA	NA	NA	NA	NA	NA	NA	NA	NA	NA	NA	NA	NA	NA	NA	NA	NA	NA	NA	NA	NA	NA	NA	NA	NA	NA	NA	NA	5D	5D232	169	6	12	Control	Early	Control
2018-06-20T00:00:00Z	5	D	232	1	48	29	0	NA	NA	NA	NA	NA	NA	NA	NA	NA	NA	NA	NA	NA	NA	NA	NA	NA	NA	NA	NA	NA	NA	NA	NA	NA	NA	NA	NA	NA	NA	0	0	NA	5D	5D232	171	0	29	Control	Early	Control
2018-06-21T00:00:00Z	5	D	232	NA	NA	NA	NA	NA	NA	NA	NA	NA	NA	NA	NA	NA	NA	NA	NA	NA	NA	NA	NA	NA	NA	NA	NA	NA	NA	NA	NA	NA	NA	NA	NA	NA	NA	3	3	NA	5D	5D232	172	0	0	Control	Early	Control
2018-06-22T00:00:00Z	5	D	232	1	NA	15	9	NA	NA	NA	NA	NA	NA	NA	NA	NA	NA	NA	NA	NA	NA	NA	NA	NA	NA	NA	NA	NA	NA	NA	NA	NA	NA	NA	NA	NA	NA	NA	NA	NA	5D	5D232	173	9	15	Control	Early	Control
2018-06-25T00:00:00Z	5	D	232	1	NA	11	8	8	NA	NA	NA	NA	NA	NA	NA	NA	NA	NA	NA	NA	NA	NA	NA	NA	NA	NA	NA	NA	NA	NA	NA	NA	NA	NA	NA	NA	NA	NA	NA	NA	5D	5D232	176	8	11	Control	Early	Control
2018-06-27T00:00:00Z	5	D	232	1	49	16	11	NA	NA	NA	NA	NA	NA	NA	NA	NA	NA	NA	NA	NA	NA	NA	NA	NA	NA	NA	NA	NA	NA	NA	NA	NA	NA	NA	NA	NA	NA	NA	NA	nectar robbing	5D	5D232	178	11	16	Control	Early	Control
2018-06-29T00:00:00Z	5	D	232	1	NA	5	5	5	NA	NA	NA	NA	NA	NA	NA	NA	NA	NA	NA	NA	NA	NA	NA	NA	NA	NA	NA	NA	NA	NA	NA	NA	NA	NA	NA	NA	NA	NA	NA	NA	5D	5D232	180	5	5	Control	Early	Control
2018-07-03T00:00:00Z	5	D	232	1	NA	4	3	3	NA	NA	NA	NA	NA	NA	NA	NA	NA	NA	NA	NA	NA	NA	NA	NA	NA	NA	NA	NA	NA	NA	NA	NA	NA	NA	NA	NA	NA	1	1	NA	5D	5D232	184	3	4	Control	Early	Control
2018-07-06T00:00:00Z	5	D	232	1	NA	2	3	3	NA	NA	NA	NA	NA	NA	NA	NA	NA	NA	NA	NA	NA	NA	NA	NA	NA	NA	NA	NA	NA	NA	NA	NA	NA	NA	NA	NA	NA	NA	NA	NA	5D	5D232	187	3	2	Control	Early	Control
2018-07-09T00:00:00Z	5	D	232	1	NA	0	1	NA	NA	NA	NA	NA	NA	NA	NA	NA	NA	NA	NA	NA	NA	NA	NA	NA	NA	NA	NA	NA	NA	NA	NA	NA	NA	NA	NA	NA	NA	0	NA	NA	5D	5D232	190	1	0	Control	Early	Control
2018-07-16T00:00:00Z	5	D	232	1	51.5	0	0	NA	NA	NA	NA	NA	NA	NA	NA	NA	NA	NA	NA	NA	NA	NA	NA	NA	NA	NA	NA	NA	NA	NA	NA	NA	NA	NA	NA	NA	NA	0	NA	NA	5D	5D232	197	0	0	Control	Early	Control
2018-07-20T00:00:00Z	5	D	232	1	NA	2	0	0	NA	NA	NA	NA	NA	NA	NA	NA	NA	NA	NA	NA	NA	NA	NA	NA	NA	NA	NA	NA	NA	NA	NA	NA	NA	NA	NA	NA	0	0	NA	NA	5D	5D232	201	0	2	Control	Early	Control
2018-07-25T00:00:00Z	5	D	232	1	NA	0	0	NA	NA	NA	NA	NA	NA	NA	NA	NA	NA	NA	NA	NA	NA	NA	NA	NA	NA	NA	NA	NA	NA	NA	NA	NA	NA	NA	NA	NA	NA	NA	NA	NA	5D	5D232	206	0	0	Control	Early	Control
2018-07-31T00:00:00Z	5	D	232	1	NA	1	1	0	NA	NA	NA	NA	NA	NA	NA	NA	NA	NA	NA	NA	NA	NA	NA	NA	NA	NA	NA	NA	NA	NA	NA	NA	NA	NA	NA	NA	NA	0	NA	NA	5D	5D232	212	1	1	Control	Early	Control
2018-08-10T00:00:00Z	5	D	232	1	NA	0	1	NA	NA	NA	NA	NA	NA	NA	NA	NA	NA	NA	NA	NA	NA	NA	NA	NA	NA	NA	NA	NA	NA	NA	NA	NA	NA	NA	NA	NA	NA	0	NA	NA	5D	5D232	222	1	0	Control	Early	Control
2018-08-15T00:00:00Z	5	D	232	1	NA	1	0	0	NA	NA	NA	NA	NA	NA	NA	NA	NA	NA	NA	NA	NA	NA	NA	NA	NA	NA	NA	NA	NA	NA	NA	NA	NA	NA	NA	0	0	NA	NA	NA	5D	5D232	227	0	1	Control	Early	Control
2018-06-18T00:00:00Z	1	A	234	1	1	4	0	NA	NA	NA	NA	NA	NA	NA	NA	NA	NA	NA	NA	NA	NA	NA	NA	NA	NA	NA	NA	NA	NA	NA	NA	NA	NA	NA	NA	NA	NA	NA	NA	stem broken, flopped	1A	1A234	169	0	4	Addition	Normal	Addition
2018-06-20T00:00:00Z	1	A	234	1	16.5	4	0	NA	NA	NA	NA	NA	NA	NA	NA	NA	NA	NA	NA	NA	NA	NA	NA	NA	NA	NA	NA	NA	NA	NA	NA	NA	NA	NA	NA	NA	NA	NA	NA	stalk broken	1A	1A234	171	0	4	Addition	Normal	Addition
2018-06-25T00:00:00Z	1	A	234	1	NA	9	0	NA	NA	NA	NA	NA	NA	NA	NA	NA	NA	NA	NA	NA	NA	NA	NA	NA	NA	NA	NA	NA	NA	NA	NA	NA	NA	NA	NA	NA	NA	NA	NA	broken	1A	1A234	176	0	9	Addition	Normal	Addition
2018-07-16T00:00:00Z	1	A	234	3	17	1	0	0	7	0	0	1	0	0	NA	NA	NA	NA	NA	NA	NA	NA	NA	NA	NA	NA	NA	NA	NA	NA	NA	NA	NA	NA	NA	NA	NA	0	NA	NA	1A	1A234	197	0	9	Addition	Normal	Addition
2018-07-20T00:00:00Z	1	A	234	3	NA	0	1	NA	2	2	NA	NA	NA	NA	NA	NA	NA	NA	NA	NA	NA	NA	NA	NA	NA	NA	NA	NA	NA	NA	NA	NA	NA	NA	NA	NA	NA	NA	NA	broken	1A	1A234	201	3	2	Addition	Normal	Addition
2018-07-20T00:00:00Z	1	A	234	2	NA	6	1	0	NA	NA	NA	NA	NA	NA	NA	NA	NA	NA	NA	NA	NA	NA	NA	NA	NA	NA	NA	NA	NA	NA	NA	NA	NA	NA	NA	NA	0	1	1	browsed	1A	1A234	201	1	6	Addition	Normal	Addition
2018-06-27T00:00:00Z	1	A	234	NA	NA	NA	NA	NA	NA	NA	NA	NA	NA	NA	NA	NA	NA	NA	NA	NA	NA	NA	NA	NA	NA	NA	NA	NA	NA	NA	NA	NA	NA	NA	NA	NA	NA	NA	NA	broken	1A	1A234	178	0	0	Addition	Normal	Addition
2018-07-25T00:00:00Z	5	D	234	1	NA	0	0	NA	NA	NA	NA	NA	NA	NA	NA	NA	NA	NA	NA	NA	NA	NA	NA	NA	NA	NA	NA	NA	NA	NA	NA	NA	NA	NA	NA	NA	NA	NA	NA	NA	5D	5D234	206	0	0	Control	Early	Control
2018-07-16T00:00:00Z	3	D	235	1	27	0	0	NA	NA	NA	NA	NA	NA	NA	NA	NA	NA	NA	NA	NA	NA	NA	NA	NA	NA	NA	NA	NA	NA	NA	NA	NA	NA	NA	NA	NA	NA	0	NA	NA	3D	3D235	197	0	0	Control	Normal	Control
2018-06-22T00:00:00Z	1	A	237	1	NA	3	1	NA	NA	NA	NA	NA	NA	NA	NA	NA	NA	NA	NA	NA	NA	NA	NA	NA	NA	NA	NA	NA	NA	NA	NA	NA	NA	NA	NA	NA	NA	NA	NA	NA	1A	1A237	173	1	3	Addition	Normal	Addition
2018-06-15T00:00:00Z	1	A	238	1	35	9	0	NA	NA	NA	NA	NA	NA	NA	NA	NA	NA	NA	NA	NA	NA	NA	NA	NA	NA	NA	NA	NA	NA	NA	NA	NA	NA	NA	NA	NA	NA	NA	NA	NA	1A	1A238	166	0	9	Addition	Normal	Addition
2018-06-18T00:00:00Z	1	A	238	1	39.5	11	0	NA	NA	NA	NA	NA	NA	NA	NA	NA	NA	NA	NA	NA	NA	NA	NA	NA	NA	NA	NA	NA	NA	NA	NA	NA	NA	NA	NA	NA	NA	NA	NA	NA	1A	1A238	169	0	11	Addition	Normal	Addition
2018-06-20T00:00:00Z	1	A	238	1	41	11	1	NA	NA	NA	NA	NA	NA	NA	NA	NA	NA	NA	NA	NA	NA	NA	NA	NA	NA	NA	NA	NA	NA	NA	NA	NA	NA	NA	NA	NA	NA	1	NA	stalk crooked	1A	1A238	171	1	11	Addition	Normal	Addition
2018-06-22T00:00:00Z	1	A	238	1	NA	5	4	NA	NA	NA	NA	NA	NA	NA	NA	NA	NA	NA	NA	NA	NA	NA	NA	NA	NA	NA	NA	NA	NA	NA	NA	NA	NA	NA	NA	NA	NA	NA	NA	NA	1A	1A238	173	4	5	Addition	Normal	Addition
2018-06-25T00:00:00Z	1	A	238	1	NA	12	6	NA	NA	NA	NA	NA	NA	NA	NA	NA	NA	NA	NA	NA	NA	NA	NA	NA	NA	NA	NA	NA	NA	NA	NA	NA	NA	NA	NA	NA	NA	NA	NA	NA	1A	1A238	176	6	12	Addition	Normal	Addition
2018-07-02T00:00:00Z	1	A	238	1	NA	7	9	3	NA	NA	NA	NA	NA	NA	NA	NA	NA	NA	NA	NA	NA	NA	NA	NA	NA	NA	NA	NA	NA	NA	NA	NA	NA	NA	NA	NA	NA	5	5	NA	1A	1A238	183	9	7	Addition	Normal	Addition
2018-07-06T00:00:00Z	1	A	238	1	NA	5	3	3	NA	NA	NA	NA	NA	NA	NA	NA	NA	NA	NA	NA	NA	NA	NA	NA	NA	NA	NA	NA	NA	NA	NA	NA	NA	NA	NA	NA	NA	NA	NA	NA	1A	1A238	187	3	5	Addition	Normal	Addition
2018-07-09T00:00:00Z	1	A	238	1	NA	3	4	4	NA	NA	NA	NA	NA	NA	NA	NA	NA	NA	NA	NA	NA	NA	NA	NA	NA	NA	NA	NA	NA	NA	NA	NA	NA	NA	NA	NA	NA	2	2	NA	1A	1A238	190	4	3	Addition	Normal	Addition
2018-07-16T00:00:00Z	1	A	238	1	47.5	0	2	NA	NA	NA	NA	NA	NA	NA	NA	NA	NA	NA	NA	NA	NA	NA	NA	NA	NA	NA	NA	NA	NA	NA	NA	NA	NA	NA	NA	NA	NA	0	NA	NA	1A	1A238	197	2	0	Addition	Normal	Addition
2018-07-20T00:00:00Z	1	A	238	1	NA	0	0	NA	NA	NA	NA	NA	NA	NA	NA	NA	NA	NA	NA	NA	NA	NA	NA	NA	NA	NA	NA	NA	NA	NA	NA	NA	NA	NA	NA	NA	NA	NA	NA	NA	1A	1A238	201	0	0	Addition	Normal	Addition
2018-07-20T00:00:00Z	1	A	238	1	NA	0	0	0	NA	NA	NA	NA	NA	NA	NA	NA	NA	NA	NA	NA	NA	NA	NA	NA	NA	NA	NA	NA	NA	NA	NA	NA	NA	NA	NA	NA	0	0	NA	NA	1A	1A238	201	0	0	Addition	Normal	Addition
2018-06-29T00:00:00Z	1	A	238	1	NA	21	6	5	NA	NA	NA	NA	NA	NA	NA	NA	NA	NA	NA	NA	NA	NA	NA	NA	NA	NA	NA	NA	NA	NA	NA	NA	NA	NA	NA	NA	NA	NA	NA	NA	1A	1A238	180	6	21	Addition	Normal	Addition
2018-08-07T00:00:00Z	1	A	238	1	NA	1	1	NA	NA	NA	NA	NA	NA	NA	NA	NA	NA	NA	NA	NA	NA	NA	NA	NA	NA	NA	NA	NA	NA	NA	NA	NA	NA	NA	NA	NA	NA	NA	NA	NA	1A	1A238	219	1	1	Addition	Normal	Addition
2018-08-10T00:00:00Z	1	A	238	1	NA	2	2	NA	NA	NA	NA	NA	NA	NA	NA	NA	NA	NA	NA	NA	NA	NA	NA	NA	NA	NA	NA	NA	NA	NA	NA	NA	NA	NA	NA	NA	NA	0	NA	NA	1A	1A238	222	2	2	Addition	Normal	Addition
2018-08-15T00:00:00Z	1	A	238	1	NA	4	0	0	NA	NA	NA	NA	NA	NA	NA	NA	NA	NA	NA	NA	NA	NA	NA	NA	NA	NA	NA	NA	NA	NA	NA	NA	NA	NA	NA	0	0	NA	NA	NA	1A	1A238	227	0	4	Addition	Normal	Addition
2018-08-24T00:00:00Z	1	A	238	1	NA	2	0	NA	NA	NA	NA	NA	NA	NA	NA	NA	NA	NA	NA	NA	NA	NA	NA	NA	NA	NA	NA	NA	NA	NA	NA	NA	NA	NA	NA	NA	NA	NA	NA	NA	1A	1A238	236	0	2	Addition	Normal	Addition
2018-06-27T00:00:00Z	1	A	238	1	49	19	3	NA	NA	NA	NA	NA	NA	NA	NA	NA	NA	NA	NA	NA	NA	NA	NA	NA	NA	NA	NA	NA	NA	NA	NA	NA	NA	NA	NA	NA	NA	3	3	NA	1A	1A238	178	3	19	Addition	Normal	Addition
2018-06-22T00:00:00Z	5	D	238	1	NA	11	3	NA	NA	NA	NA	NA	NA	NA	NA	NA	NA	NA	NA	NA	NA	NA	NA	NA	NA	NA	NA	NA	NA	NA	NA	NA	NA	NA	NA	NA	NA	NA	NA	NA	5D	5D238	173	3	11	Control	Early	Control
2018-06-15T00:00:00Z	5	D	245	1	32	3	0	NA	NA	NA	NA	NA	NA	NA	NA	NA	NA	NA	NA	NA	NA	NA	NA	NA	NA	NA	NA	NA	NA	NA	NA	NA	NA	NA	NA	NA	NA	NA	NA	NA	5D	5D245	166	0	3	Control	Early	Control
2018-06-18T00:00:00Z	5	D	245	1	34	7	0	NA	NA	NA	NA	NA	NA	NA	NA	NA	NA	NA	NA	NA	NA	NA	NA	NA	NA	NA	NA	NA	NA	NA	NA	NA	NA	NA	NA	NA	NA	NA	NA	NA	5D	5D245	169	0	7	Control	Early	Control
2018-06-20T00:00:00Z	5	D	245	1	40	17	1	NA	NA	NA	NA	NA	NA	NA	NA	NA	NA	NA	NA	NA	NA	NA	NA	NA	NA	NA	NA	NA	NA	NA	NA	NA	NA	NA	NA	NA	NA	NA	NA	NA	5D	5D245	171	1	17	Control	Early	Control
2018-06-21T00:00:00Z	5	D	245	NA	NA	NA	NA	NA	NA	NA	NA	NA	NA	NA	NA	NA	NA	NA	NA	NA	NA	NA	NA	NA	NA	NA	NA	NA	NA	NA	NA	NA	NA	NA	NA	NA	NA	0	NA	NA	5D	5D245	172	0	0	Control	Early	Control
2018-06-22T00:00:00Z	5	D	245	1	NA	10	5	NA	NA	NA	NA	NA	NA	NA	NA	NA	NA	NA	NA	NA	NA	NA	NA	NA	NA	NA	NA	NA	NA	NA	NA	NA	NA	NA	NA	NA	NA	NA	NA	NA	5D	5D245	173	5	10	Control	Early	Control
2018-06-25T00:00:00Z	5	D	245	1	NA	12	4	4	NA	NA	NA	NA	NA	NA	NA	NA	NA	NA	NA	NA	NA	NA	NA	NA	NA	NA	NA	NA	NA	NA	NA	NA	NA	NA	NA	NA	NA	NA	NA	NA	5D	5D245	176	4	12	Control	Early	Control
2018-06-27T00:00:00Z	5	D	245	1	41	14	3	NA	NA	NA	NA	NA	NA	NA	NA	NA	NA	NA	NA	NA	NA	NA	NA	NA	NA	NA	NA	NA	NA	NA	NA	NA	NA	NA	NA	NA	NA	NA	NA	nectar robbing	5D	5D245	178	3	14	Control	Early	Control
2018-06-29T00:00:00Z	5	D	245	1	NA	9	5	4	NA	NA	NA	NA	NA	NA	NA	NA	NA	NA	NA	NA	NA	NA	NA	NA	NA	NA	NA	NA	NA	NA	NA	NA	NA	NA	NA	NA	NA	NA	NA	NA	5D	5D245	180	5	9	Control	Early	Control
2018-07-03T00:00:00Z	5	D	245	1	NA	7	4	4	NA	NA	NA	NA	NA	NA	NA	NA	NA	NA	NA	NA	NA	NA	NA	NA	NA	NA	NA	NA	NA	NA	NA	NA	NA	NA	NA	NA	NA	0	0	NA	5D	5D245	184	4	7	Control	Early	Control
2018-07-06T00:00:00Z	5	D	245	1	NA	4	5	5	NA	NA	NA	NA	NA	NA	NA	NA	NA	NA	NA	NA	NA	NA	NA	NA	NA	NA	NA	NA	NA	NA	NA	NA	NA	NA	NA	NA	NA	NA	NA	NA	5D	5D245	187	5	4	Control	Early	Control
2018-07-09T00:00:00Z	5	D	245	1	NA	3	0	NA	NA	NA	NA	NA	NA	NA	NA	NA	NA	NA	NA	NA	NA	NA	NA	NA	NA	NA	NA	NA	NA	NA	NA	NA	NA	NA	NA	NA	NA	0	NA	NA	5D	5D245	190	0	3	Control	Early	Control
2018-07-16T00:00:00Z	5	D	245	1	43.5	0	0	NA	NA	NA	NA	NA	NA	NA	NA	NA	NA	NA	NA	NA	NA	NA	NA	NA	NA	NA	NA	NA	NA	NA	NA	NA	NA	NA	NA	NA	NA	0	NA	NA	5D	5D245	197	0	0	Control	Early	Control
2018-07-20T00:00:00Z	5	D	245	1	NA	0	0	0	NA	NA	NA	NA	NA	NA	NA	NA	NA	NA	NA	NA	NA	NA	NA	NA	NA	NA	NA	NA	NA	NA	NA	NA	NA	NA	NA	NA	0	0	NA	NA	5D	5D245	201	0	0	Control	Early	Control
2018-07-25T00:00:00Z	5	D	245	1	NA	9	1	1	NA	NA	NA	NA	NA	NA	NA	NA	NA	NA	NA	NA	NA	NA	NA	NA	NA	NA	NA	NA	NA	NA	NA	NA	NA	NA	NA	NA	NA	1	1	NA	5D	5D245	206	1	9	Control	Early	Control
2018-07-31T00:00:00Z	5	D	245	1	NA	6	1	0	NA	NA	NA	NA	NA	NA	NA	NA	NA	NA	NA	NA	NA	NA	NA	NA	NA	NA	NA	NA	NA	NA	NA	NA	NA	NA	NA	NA	NA	0	NA	NA	5D	5D245	212	1	6	Control	Early	Control
2018-07-06T00:00:00Z	1	A	253	1	NA	7	0	0	NA	NA	NA	NA	NA	NA	NA	NA	NA	NA	NA	NA	NA	NA	NA	NA	NA	NA	NA	NA	NA	NA	NA	NA	NA	NA	NA	NA	NA	NA	NA	NA	1A	1A253	187	0	7	Addition	Normal	Addition
2018-07-09T00:00:00Z	1	A	253	1	NA	8	1	1	NA	NA	NA	NA	NA	NA	NA	NA	NA	NA	NA	NA	NA	NA	NA	NA	NA	NA	NA	NA	NA	NA	NA	NA	NA	NA	NA	NA	NA	1	1	NA	1A	1A253	190	1	8	Addition	Normal	Addition
2018-07-16T00:00:00Z	1	A	253	1	27	5	3	NA	NA	NA	NA	NA	NA	NA	NA	NA	NA	NA	NA	NA	NA	NA	NA	NA	NA	NA	NA	NA	NA	NA	NA	NA	NA	NA	NA	NA	NA	0	NA	NA	1A	1A253	197	3	5	Addition	Normal	Addition
2018-07-20T00:00:00Z	1	A	253	1	NA	0	0	NA	NA	NA	NA	NA	NA	NA	NA	NA	NA	NA	NA	NA	NA	NA	NA	NA	NA	NA	NA	NA	NA	NA	NA	NA	NA	NA	NA	NA	NA	NA	NA	NA	1A	1A253	201	0	0	Addition	Normal	Addition
2018-07-20T00:00:00Z	1	A	253	1	NA	3	2	0	NA	NA	NA	NA	NA	NA	NA	NA	NA	NA	NA	NA	NA	NA	NA	NA	NA	NA	NA	NA	NA	NA	NA	NA	NA	NA	NA	NA	0	0	NA	NA	1A	1A253	201	2	3	Addition	Normal	Addition
2018-06-15T00:00:00Z	3	D	255	1	23	25	0	NA	NA	NA	NA	NA	NA	NA	NA	NA	NA	NA	NA	NA	NA	NA	NA	NA	NA	NA	NA	NA	NA	NA	NA	NA	NA	NA	NA	NA	NA	NA	NA	1 bud damaged	3D	3D255	166	0	25	Control	Normal	Control
2018-06-15T00:00:00Z	3	D	255	1	NA	14	NA	NA	NA	NA	NA	NA	NA	NA	NA	NA	NA	NA	NA	NA	NA	NA	NA	NA	NA	NA	NA	NA	NA	NA	NA	NA	NA	NA	NA	NA	NA	NA	NA	could not find #	3D	3D255	166	0	14	Control	Normal	Control
2018-06-18T00:00:00Z	3	D	255	1	23.5	20	2	NA	NA	NA	NA	NA	NA	NA	NA	NA	NA	NA	NA	NA	NA	NA	NA	NA	NA	NA	NA	NA	NA	NA	NA	NA	NA	NA	NA	NA	NA	NA	NA	NA	3D	3D255	169	2	20	Control	Normal	Control
2018-06-20T00:00:00Z	3	D	255	1	24	25	7	NA	NA	NA	NA	NA	NA	NA	NA	NA	NA	NA	NA	NA	NA	NA	NA	NA	NA	NA	NA	NA	NA	NA	NA	NA	NA	NA	NA	NA	NA	2	2	NA	3D	3D255	171	7	25	Control	Normal	Control
2018-06-22T00:00:00Z	3	D	255	1	NA	10	6	NA	NA	NA	NA	NA	NA	NA	NA	NA	NA	NA	NA	NA	NA	NA	NA	NA	NA	NA	NA	NA	NA	NA	NA	NA	NA	NA	NA	NA	NA	NA	NA	NA	3D	3D255	173	6	10	Control	Normal	Control
2018-06-25T00:00:00Z	3	D	255	1	NA	12	7	NA	NA	NA	NA	NA	NA	NA	NA	NA	NA	NA	NA	NA	NA	NA	NA	NA	NA	NA	NA	NA	NA	NA	NA	NA	NA	NA	NA	NA	NA	NA	NA	NA	3D	3D255	176	7	12	Control	Normal	Control
2018-06-27T00:00:00Z	3	D	255	1	25	13	3	NA	NA	NA	NA	NA	NA	NA	NA	NA	NA	NA	NA	NA	NA	NA	NA	NA	NA	NA	NA	NA	NA	NA	NA	NA	NA	NA	NA	NA	NA	0	0	NA	3D	3D255	178	3	13	Control	Normal	Control
2018-07-03T00:00:00Z	3	D	255	1	NA	2	4	1	NA	NA	NA	NA	NA	NA	NA	NA	NA	NA	NA	NA	NA	NA	NA	NA	NA	NA	NA	NA	NA	NA	NA	NA	NA	NA	NA	NA	NA	0	0	broken	3D	3D255	184	4	2	Control	Normal	Control
2018-07-06T00:00:00Z	3	D	255	1	NA	0	1	0	NA	NA	NA	NA	NA	NA	NA	NA	NA	NA	NA	NA	NA	NA	NA	NA	NA	NA	NA	NA	NA	NA	NA	NA	NA	NA	NA	NA	NA	NA	NA	NA	3D	3D255	187	1	0	Control	Normal	Control
2018-07-20T00:00:00Z	3	D	255	1	NA	1	0	NA	NA	NA	NA	NA	NA	NA	NA	NA	NA	NA	NA	NA	NA	NA	NA	NA	NA	NA	NA	NA	NA	NA	NA	NA	NA	NA	NA	NA	NA	NA	NA	NA	3D	3D255	201	0	1	Control	Normal	Control
2018-07-20T00:00:00Z	3	D	255	1	NA	0	0	0	NA	NA	NA	NA	NA	NA	NA	NA	NA	NA	NA	NA	NA	NA	NA	NA	NA	NA	NA	NA	NA	NA	NA	NA	NA	NA	NA	NA	0	0	NA	NA	3D	3D255	201	0	0	Control	Normal	Control
2018-06-29T00:00:00Z	3	D	255	1	NA	8	6	3	NA	NA	NA	NA	NA	NA	NA	NA	NA	NA	NA	NA	NA	NA	NA	NA	NA	NA	NA	NA	NA	NA	NA	NA	NA	NA	NA	NA	NA	NA	NA	NA	3D	3D255	180	6	8	Control	Normal	Control
2018-07-31T00:00:00Z	3	D	255	1	NA	1	1	NA	NA	NA	NA	NA	NA	NA	NA	NA	NA	NA	NA	NA	NA	NA	NA	NA	NA	NA	NA	NA	NA	NA	NA	NA	NA	NA	NA	0	NA	0	NA	NA	3D	3D255	212	1	1	Control	Normal	Control
2018-08-07T00:00:00Z	3	D	255	1	NA	0	1	NA	NA	NA	NA	NA	NA	NA	NA	NA	NA	NA	NA	NA	NA	NA	NA	NA	NA	NA	NA	NA	NA	NA	NA	NA	NA	NA	NA	NA	NA	NA	NA	NA	3D	3D255	219	1	0	Control	Normal	Control
2018-08-15T00:00:00Z	3	D	255	1	NA	1	0	0	NA	NA	NA	NA	NA	NA	NA	NA	NA	NA	NA	NA	NA	NA	NA	NA	NA	NA	NA	NA	NA	NA	NA	NA	NA	NA	NA	0	0	NA	NA	NA	3D	3D255	227	0	1	Control	Normal	Control
2018-06-15T00:00:00Z	2	C	258	1	28	9	0	NA	NA	NA	NA	NA	NA	NA	NA	NA	NA	NA	NA	NA	NA	NA	NA	NA	NA	NA	NA	NA	NA	NA	NA	NA	NA	NA	NA	NA	NA	NA	NA	NA	2C	2C258	166	0	9	Reduction	Early	Reduction
2018-06-16T00:00:00Z	2	C	258	1	NA	10	0	NA	NA	NA	NA	NA	NA	NA	NA	NA	NA	NA	NA	NA	NA	NA	NA	NA	NA	NA	NA	NA	NA	NA	NA	NA	NA	NA	NA	NA	NA	NA	NA	1 bud damaged	2C	2C258	167	0	10	Reduction	Early	Reduction
2018-06-18T00:00:00Z	2	C	258	1	27	8	1	NA	NA	NA	NA	NA	NA	NA	NA	NA	NA	NA	NA	NA	NA	NA	NA	NA	NA	NA	NA	NA	NA	NA	NA	NA	NA	NA	NA	NA	NA	NA	NA	NA	2C	2C258	169	1	8	Reduction	Early	Reduction
2018-06-20T00:00:00Z	2	C	258	1	26	5	0	NA	NA	NA	NA	NA	NA	NA	NA	NA	NA	NA	NA	NA	NA	NA	NA	NA	NA	NA	NA	NA	NA	NA	NA	NA	NA	NA	NA	NA	NA	0	NA	NA	2C	2C258	171	0	5	Reduction	Early	Reduction
2018-06-25T00:00:00Z	2	C	258	1	NA	5	2	NA	NA	NA	NA	NA	NA	NA	NA	NA	NA	NA	NA	NA	NA	NA	NA	NA	NA	NA	NA	NA	NA	NA	NA	NA	NA	NA	NA	NA	NA	NA	NA	NA	2C	2C258	176	2	5	Reduction	Early	Reduction
2018-07-03T00:00:00Z	2	C	258	1	NA	0	1	1	NA	NA	NA	NA	NA	NA	NA	NA	NA	NA	NA	NA	NA	NA	NA	NA	NA	NA	NA	NA	NA	NA	NA	NA	NA	NA	NA	0	NA	0	NA	NA	2C	2C258	184	1	0	Reduction	Early	Reduction
2018-07-09T00:00:00Z	2	C	258	1	NA	0	0	0	NA	NA	NA	NA	NA	NA	NA	NA	NA	NA	NA	NA	NA	NA	NA	NA	NA	NA	NA	NA	NA	NA	NA	NA	NA	NA	NA	NA	NA	NA	NA	NA	2C	2C258	190	0	0	Reduction	Early	Reduction
2018-07-16T00:00:00Z	2	C	258	1	25	7	0	NA	NA	NA	NA	NA	NA	NA	NA	NA	NA	NA	NA	NA	NA	NA	NA	NA	NA	NA	NA	NA	NA	NA	NA	NA	NA	NA	NA	NA	NA	0	NA	NA	2C	2C258	197	0	7	Reduction	Early	Reduction
2018-07-20T00:00:00Z	2	C	258	1	NA	0	0	NA	NA	NA	NA	NA	NA	NA	NA	NA	NA	NA	NA	NA	NA	NA	NA	NA	NA	NA	NA	NA	NA	NA	NA	NA	NA	NA	NA	NA	NA	NA	NA	NA	2C	2C258	201	0	0	Reduction	Early	Reduction
2018-07-20T00:00:00Z	2	C	258	1	NA	7	0	0	NA	NA	NA	NA	NA	NA	NA	NA	NA	NA	NA	NA	NA	NA	NA	NA	NA	NA	NA	NA	NA	NA	NA	NA	NA	NA	NA	NA	0	0	NA	NA	2C	2C258	201	0	7	Reduction	Early	Reduction
2018-06-29T00:00:00Z	2	C	258	1	NA	5	2	2	NA	NA	NA	NA	NA	NA	NA	NA	NA	NA	NA	NA	NA	NA	NA	NA	NA	NA	NA	NA	NA	NA	NA	NA	NA	NA	NA	NA	NA	NA	NA	NA	2C	2C258	180	2	5	Reduction	Early	Reduction
2018-06-27T00:00:00Z	2	C	258	2	29	5	2	NA	NA	NA	NA	NA	NA	NA	NA	NA	NA	NA	NA	NA	NA	NA	NA	NA	NA	NA	NA	NA	NA	NA	NA	NA	NA	NA	NA	NA	NA	0	NA	stalk is flopped	2C	2C258	178	2	5	Reduction	Early	Reduction
2018-07-06T00:00:00Z	2	D	258	1	NA	0	1	1	NA	NA	NA	NA	NA	NA	NA	NA	NA	NA	NA	NA	NA	NA	NA	NA	NA	NA	NA	NA	NA	NA	NA	NA	NA	NA	NA	NA	NA	NA	NA	S	2D	2D258	187	1	0	Addition	Early	Addition
2018-06-15T00:00:00Z	5	B	258	1	NA	6	0	NA	NA	NA	NA	NA	NA	NA	NA	NA	NA	NA	NA	NA	NA	NA	NA	NA	NA	NA	NA	NA	NA	NA	NA	NA	NA	NA	NA	NA	NA	NA	NA	NA	5B	5B258	166	0	6	Control	Early	Mock rainout
2018-06-15T00:00:00Z	5	D	258	1	44	19	NA	NA	NA	NA	NA	NA	NA	NA	NA	NA	NA	NA	NA	NA	NA	NA	NA	NA	NA	NA	NA	NA	NA	NA	NA	NA	NA	NA	NA	NA	NA	NA	NA	NA	5D	5D258	166	0	19	Control	Early	Control
2018-06-18T00:00:00Z	5	D	258	1	50	10	1	NA	NA	NA	NA	NA	NA	NA	NA	NA	NA	NA	NA	NA	NA	NA	NA	NA	NA	NA	NA	NA	NA	NA	NA	NA	NA	NA	NA	NA	NA	NA	NA	NA	5D	5D258	169	1	10	Control	Early	Control
2018-06-20T00:00:00Z	5	D	258	1	47	23	5	NA	NA	NA	NA	NA	NA	NA	NA	NA	NA	NA	NA	NA	NA	NA	NA	NA	NA	NA	NA	NA	NA	NA	NA	NA	NA	NA	NA	NA	NA	NA	NA	NA	5D	5D258	171	5	23	Control	Early	Control
2018-06-20T00:00:00Z	5	D	258	1	51	32	5	NA	NA	NA	NA	NA	NA	NA	NA	NA	NA	NA	NA	NA	NA	NA	NA	NA	NA	NA	NA	NA	NA	NA	NA	NA	NA	NA	NA	NA	NA	NA	NA	NA	5D	5D258	171	5	32	Control	Early	Control
2018-06-21T00:00:00Z	5	D	258	NA	NA	NA	NA	NA	NA	NA	NA	NA	NA	NA	NA	NA	NA	NA	NA	NA	NA	NA	NA	NA	NA	NA	NA	NA	NA	NA	NA	NA	NA	NA	NA	NA	NA	2	2	NA	5D	5D258	172	0	0	Control	Early	Control
2018-06-22T00:00:00Z	5	D	258	1	NA	11	6	NA	NA	NA	NA	NA	NA	NA	NA	NA	NA	NA	NA	NA	NA	NA	NA	NA	NA	NA	NA	NA	NA	NA	NA	NA	NA	NA	NA	NA	NA	NA	NA	NA	5D	5D258	173	6	11	Control	Early	Control
2018-06-25T00:00:00Z	5	D	258	1	NA	26	7	NA	NA	NA	NA	NA	NA	NA	NA	NA	NA	NA	NA	NA	NA	NA	NA	NA	NA	NA	NA	NA	NA	NA	NA	NA	NA	NA	NA	NA	NA	NA	NA	NA	5D	5D258	176	7	26	Control	Early	Control
2018-06-27T00:00:00Z	5	D	258	1	51	31	7	NA	NA	NA	NA	NA	NA	NA	NA	NA	NA	NA	NA	NA	NA	NA	NA	NA	NA	NA	NA	NA	NA	NA	NA	NA	NA	NA	NA	NA	NA	0	0	NA	5D	5D258	178	7	31	Control	Early	Control
2018-06-29T00:00:00Z	5	D	258	1	NA	20	12	12	NA	NA	NA	NA	NA	NA	NA	NA	NA	NA	NA	NA	NA	NA	NA	NA	NA	NA	NA	NA	NA	NA	NA	NA	NA	NA	NA	NA	NA	NA	NA	NA	5D	5D258	180	12	20	Control	Early	Control
2018-07-03T00:00:00Z	5	D	258	1	NA	22	3	3	NA	NA	NA	NA	NA	NA	NA	NA	NA	NA	NA	NA	NA	NA	NA	NA	NA	NA	NA	NA	NA	NA	NA	NA	NA	NA	NA	NA	NA	0	0	NA	5D	5D258	184	3	22	Control	Early	Control
2018-07-06T00:00:00Z	5	D	258	1	NA	15	9	8	NA	NA	NA	NA	NA	NA	NA	NA	NA	NA	NA	NA	NA	NA	NA	NA	NA	NA	NA	NA	NA	NA	NA	NA	NA	NA	NA	NA	NA	NA	NA	NA	5D	5D258	187	9	15	Control	Early	Control
2018-07-09T00:00:00Z	5	D	258	1	NA	6	13	13	NA	NA	NA	NA	NA	NA	NA	NA	NA	NA	NA	NA	NA	NA	NA	NA	NA	NA	NA	NA	NA	NA	NA	NA	NA	NA	NA	NA	NA	2	NA	NA	5D	5D258	190	13	6	Control	Early	Control
2018-07-16T00:00:00Z	5	D	258	1	33.5	2	0	NA	NA	NA	NA	NA	NA	NA	NA	NA	NA	NA	NA	NA	NA	NA	NA	NA	NA	NA	NA	NA	NA	NA	NA	NA	NA	NA	NA	NA	NA	0	NA	NA	5D	5D258	197	0	2	Control	Early	Control
2018-07-20T00:00:00Z	5	D	258	1	NA	0	1	0	NA	NA	NA	NA	NA	NA	NA	NA	NA	NA	NA	NA	NA	NA	NA	NA	NA	NA	NA	NA	NA	NA	NA	NA	NA	NA	NA	NA	0	0	NA	NA	5D	5D258	201	1	0	Control	Early	Control
2018-07-25T00:00:00Z	5	D	258	1	NA	0	0	NA	NA	NA	NA	NA	NA	NA	NA	NA	NA	NA	NA	NA	NA	NA	NA	NA	NA	NA	NA	NA	NA	NA	NA	NA	NA	NA	NA	NA	NA	NA	NA	NA	5D	5D258	206	0	0	Control	Early	Control
2018-08-10T00:00:00Z	5	D	258	1	NA	2	0	NA	NA	NA	NA	NA	NA	NA	NA	NA	NA	NA	NA	NA	NA	NA	NA	NA	NA	NA	NA	NA	NA	NA	NA	NA	NA	NA	NA	NA	NA	NA	NA	NA	5D	5D258	222	0	2	Control	Early	Control
2018-08-15T00:00:00Z	5	D	258	1	NA	1	0	0	NA	NA	NA	NA	NA	NA	NA	NA	NA	NA	NA	NA	NA	NA	NA	NA	NA	NA	NA	NA	NA	NA	NA	NA	NA	NA	NA	0	0	0	0	NA	5D	5D258	227	0	1	Control	Early	Control
2018-06-20T00:00:00Z	5	D	260	1	27	1	0	NA	NA	NA	NA	NA	NA	NA	NA	NA	NA	NA	NA	NA	NA	NA	NA	NA	NA	NA	NA	NA	NA	NA	NA	NA	NA	NA	NA	NA	NA	NA	NA	NA	5D	5D260	171	0	1	Control	Early	Control
2018-06-22T00:00:00Z	5	D	260	1	NA	1	0	NA	NA	NA	NA	NA	NA	NA	NA	NA	NA	NA	NA	NA	NA	NA	NA	NA	NA	NA	NA	NA	NA	NA	NA	NA	NA	NA	NA	NA	NA	NA	NA	NA	5D	5D260	173	0	1	Control	Early	Control
2018-06-27T00:00:00Z	5	D	260	1	26	2	0	NA	NA	NA	NA	NA	NA	NA	NA	NA	NA	NA	NA	NA	NA	NA	NA	NA	NA	NA	NA	NA	NA	NA	NA	NA	NA	NA	NA	NA	NA	0	0	NA	5D	5D260	178	0	2	Control	Early	Control
2018-07-03T00:00:00Z	5	D	260	1	NA	2	2	0	NA	NA	NA	NA	NA	NA	NA	NA	NA	NA	NA	NA	NA	NA	NA	NA	NA	NA	NA	NA	NA	NA	NA	NA	NA	NA	NA	NA	NA	2	2	NA	5D	5D260	184	2	2	Control	Early	Control
2018-07-06T00:00:00Z	5	D	260	1	NA	3	0	0	NA	NA	NA	NA	NA	NA	NA	NA	NA	NA	NA	NA	NA	NA	NA	NA	NA	NA	NA	NA	NA	NA	NA	NA	NA	NA	NA	NA	NA	NA	NA	NA	5D	5D260	187	0	3	Control	Early	Control
2018-07-09T00:00:00Z	5	D	260	1	NA	3	0	NA	NA	NA	NA	NA	NA	NA	NA	NA	NA	NA	NA	NA	NA	NA	NA	NA	NA	NA	NA	NA	NA	NA	NA	NA	NA	NA	NA	NA	NA	0	NA	bud robbing	5D	5D260	190	0	3	Control	Early	Control
2018-06-15T00:00:00Z	5	B	262	1	NA	4	0	NA	NA	NA	NA	NA	NA	NA	NA	NA	NA	NA	NA	NA	NA	NA	NA	NA	NA	NA	NA	NA	NA	NA	NA	NA	NA	NA	NA	NA	NA	NA	NA	NA	5B	5B262	166	0	4	Control	Early	Mock rainout
2018-07-16T00:00:00Z	2	C	263	3	39	1	0	0	2	0	0	3	0	0	NA	NA	NA	NA	NA	NA	NA	NA	NA	NA	NA	NA	NA	NA	NA	NA	NA	NA	NA	NA	NA	NA	NA	0	NA	NA	2C	2C263	197	0	6	Reduction	Early	Reduction
2018-06-18T00:00:00Z	2	C	265	3	26.5	1	0	NA	NA	NA	NA	NA	NA	NA	NA	NA	NA	NA	NA	NA	NA	NA	NA	NA	NA	NA	NA	NA	NA	NA	NA	NA	NA	NA	NA	NA	NA	NA	NA	NA	2C	2C265	169	0	1	Reduction	Early	Reduction
2018-06-20T00:00:00Z	2	C	265	3	29	6	0	NA	1	0	NA	1	0	NA	NA	NA	NA	NA	NA	NA	NA	NA	NA	NA	NA	NA	NA	NA	NA	NA	NA	NA	NA	NA	NA	NA	NA	1	1	NA	2C	2C265	171	0	8	Reduction	Early	Reduction
2018-06-22T00:00:00Z	2	C	265	3	NA	4	0	NA	5	1	NA	1	0	NA	NA	NA	NA	NA	NA	NA	NA	NA	NA	NA	NA	NA	NA	NA	NA	NA	NA	NA	NA	NA	NA	NA	NA	NA	NA	NA	2C	2C265	173	1	10	Reduction	Early	Reduction
2018-06-25T00:00:00Z	2	C	265	3	NA	9	3	NA	7	1	NA	4	1	NA	NA	NA	NA	NA	NA	NA	NA	NA	NA	NA	NA	NA	NA	NA	NA	NA	NA	NA	NA	NA	NA	NA	NA	NA	NA	NA	2C	2C265	176	5	20	Reduction	Early	Reduction
2018-07-03T00:00:00Z	2	C	265	3	NA	11	5	2	8	3	3	7	1	1	NA	NA	NA	NA	NA	NA	NA	NA	NA	NA	NA	NA	NA	NA	NA	NA	NA	NA	NA	NA	NA	0	NA	3	3	NA	2C	2C265	184	9	26	Reduction	Early	Reduction
2018-07-09T00:00:00Z	2	C	265	3	NA	4	2	2	2	4	2	2	4	4	NA	NA	NA	NA	NA	NA	NA	NA	NA	NA	NA	NA	NA	NA	NA	NA	NA	NA	NA	NA	NA	NA	NA	1	1	NA	2C	2C265	190	10	8	Reduction	Early	Reduction
2018-07-20T00:00:00Z	2	C	265	2	NA	0	0	NA	NA	NA	NA	NA	NA	NA	NA	NA	NA	NA	NA	NA	NA	NA	NA	NA	NA	NA	NA	NA	NA	NA	NA	NA	NA	NA	NA	NA	NA	NA	NA	NA	2C	2C265	201	0	0	Reduction	Early	Reduction
2018-07-20T00:00:00Z	2	C	265	3	NA	1	1	0	NA	NA	NA	NA	NA	NA	NA	NA	NA	NA	NA	NA	NA	NA	NA	NA	NA	NA	NA	NA	NA	NA	NA	NA	NA	NA	NA	NA	0	0	NA	NA	2C	2C265	201	1	1	Reduction	Early	Reduction
2018-06-29T00:00:00Z	2	C	265	3	NA	9	3	0	13	2	0	11	3	3	NA	NA	NA	NA	NA	NA	NA	NA	NA	NA	NA	NA	NA	NA	NA	NA	NA	NA	NA	NA	NA	NA	NA	NA	NA	NA	2C	2C265	180	8	33	Reduction	Early	Reduction
2018-06-27T00:00:00Z	2	C	265	3	33.5	7	1	NA	6	1	NA	8	6	NA	NA	NA	NA	NA	NA	NA	NA	NA	NA	NA	NA	NA	NA	NA	NA	NA	NA	NA	NA	NA	NA	NA	NA	5	5	NR	2C	2C265	178	8	21	Reduction	Early	Reduction
2018-07-06T00:00:00Z	2	D	265	3	NA	6	7	3	6	3	2	7	1	1	NA	NA	NA	NA	NA	NA	NA	NA	NA	NA	NA	NA	NA	NA	NA	NA	NA	NA	NA	NA	NA	NA	NA	NA	NA	NA	2D	2D265	187	11	19	Addition	Early	Addition
2018-06-18T00:00:00Z	2	C	266	1	25.5	5	0	NA	NA	NA	NA	NA	NA	NA	NA	NA	NA	NA	NA	NA	NA	NA	NA	NA	NA	NA	NA	NA	NA	NA	NA	NA	NA	NA	NA	NA	NA	NA	NA	NA	2C	2C266	169	0	5	Reduction	Early	Reduction
2018-06-20T00:00:00Z	2	C	266	1	26.5	9	1	NA	NA	NA	NA	NA	NA	NA	NA	NA	NA	NA	NA	NA	NA	NA	NA	NA	NA	NA	NA	NA	NA	NA	NA	NA	NA	NA	NA	NA	NA	0	NA	NA	2C	2C266	171	1	9	Reduction	Early	Reduction
2018-06-22T00:00:00Z	2	C	266	1	NA	6	1	NA	NA	NA	NA	NA	NA	NA	NA	NA	NA	NA	NA	NA	NA	NA	NA	NA	NA	NA	NA	NA	NA	NA	NA	NA	NA	NA	NA	NA	NA	NA	NA	NA	2C	2C266	173	1	6	Reduction	Early	Reduction
2018-06-25T00:00:00Z	2	C	266	1	NA	11	3	NA	NA	NA	NA	NA	NA	NA	NA	NA	NA	NA	NA	NA	NA	NA	NA	NA	NA	NA	NA	NA	NA	NA	NA	NA	NA	NA	NA	NA	NA	NA	NA	NA	2C	2C266	176	3	11	Reduction	Early	Reduction
2018-07-03T00:00:00Z	2	C	266	1	NA	7	4	4	NA	NA	NA	NA	NA	NA	NA	NA	NA	NA	NA	NA	NA	NA	NA	NA	NA	NA	NA	NA	NA	NA	NA	NA	NA	NA	NA	0	NA	1	1	NA	2C	2C266	184	4	7	Reduction	Early	Reduction
2018-07-09T00:00:00Z	2	C	266	1	NA	1	2	1	NA	NA	NA	NA	NA	NA	NA	NA	NA	NA	NA	NA	NA	NA	NA	NA	NA	NA	NA	NA	NA	NA	NA	NA	NA	NA	NA	NA	NA	0	NA	NA	2C	2C266	190	2	1	Reduction	Early	Reduction
2018-07-16T00:00:00Z	2	C	266	1	28	0	0	NA	NA	NA	NA	NA	NA	NA	NA	NA	NA	NA	NA	NA	NA	NA	NA	NA	NA	NA	NA	NA	NA	NA	NA	NA	NA	NA	NA	NA	NA	0	NA	NA	2C	2C266	197	0	0	Reduction	Early	Reduction
2018-07-20T00:00:00Z	2	C	266	1	NA	0	0	NA	NA	NA	NA	NA	NA	NA	NA	NA	NA	NA	NA	NA	NA	NA	NA	NA	NA	NA	NA	NA	NA	NA	NA	NA	NA	NA	NA	NA	NA	NA	NA	NA	2C	2C266	201	0	0	Reduction	Early	Reduction
2018-07-20T00:00:00Z	2	C	266	1	NA	0	0	0	NA	NA	NA	NA	NA	NA	NA	NA	NA	NA	NA	NA	NA	NA	NA	NA	NA	NA	NA	NA	NA	NA	NA	NA	NA	NA	NA	NA	0	0	NA	NA	2C	2C266	201	0	0	Reduction	Early	Reduction
2018-06-29T00:00:00Z	2	C	266	1	NA	12	3	3	NA	NA	NA	NA	NA	NA	NA	NA	NA	NA	NA	NA	NA	NA	NA	NA	NA	NA	NA	NA	NA	NA	NA	NA	NA	NA	NA	NA	NA	NA	NA	NA	2C	2C266	180	3	12	Reduction	Early	Reduction
2018-07-31T00:00:00Z	2	C	266	1	NA	3	0	NA	NA	NA	NA	NA	NA	NA	NA	NA	NA	NA	NA	NA	NA	NA	NA	NA	NA	NA	NA	NA	NA	NA	NA	NA	NA	NA	NA	NA	NA	NA	NA	NA	2C	2C266	212	0	3	Reduction	Early	Reduction
2018-08-07T00:00:00Z	2	C	266	1	NA	3	2	NA	NA	NA	NA	NA	NA	NA	NA	NA	NA	NA	NA	NA	NA	NA	NA	NA	NA	NA	NA	NA	NA	NA	NA	NA	NA	NA	NA	NA	NA	NA	NA	NA	2C	2C266	219	2	3	Reduction	Early	Reduction
2018-08-10T00:00:00Z	2	C	266	1	NA	3	0	NA	NA	NA	NA	NA	NA	NA	NA	NA	NA	NA	NA	NA	NA	NA	NA	NA	NA	NA	NA	NA	NA	NA	NA	NA	NA	NA	NA	NA	NA	NA	NA	NA	2C	2C266	222	0	3	Reduction	Early	Reduction
2018-08-15T00:00:00Z	2	C	266	1	NA	3	0	0	NA	NA	NA	NA	NA	NA	NA	NA	NA	NA	NA	NA	NA	NA	NA	NA	NA	NA	NA	NA	NA	NA	NA	NA	NA	NA	NA	1	0	NA	NA	NA	2C	2C266	227	0	3	Reduction	Early	Reduction
2018-06-27T00:00:00Z	2	C	266	1	28	13	5	NA	NA	NA	NA	NA	NA	NA	NA	NA	NA	NA	NA	NA	NA	NA	NA	NA	NA	NA	NA	NA	NA	NA	NA	NA	NA	NA	NA	NA	NA	4	4	NA	2C	2C266	178	5	13	Reduction	Early	Reduction
2018-07-06T00:00:00Z	2	D	266	1	NA	3	4	4	NA	NA	NA	NA	NA	NA	NA	NA	NA	NA	NA	NA	NA	NA	NA	NA	NA	NA	NA	NA	NA	NA	NA	NA	NA	NA	NA	NA	NA	NA	NA	NA	2D	2D266	187	4	3	Addition	Early	Addition
2018-07-20T00:00:00Z	3	D	269	1	NA	9	0	0	NA	NA	NA	NA	NA	NA	NA	NA	NA	NA	NA	NA	NA	NA	NA	NA	NA	NA	NA	NA	NA	NA	NA	NA	NA	NA	NA	NA	0	0	NA	NA	3D	3D269	201	0	9	Control	Normal	Control
2018-06-25T00:00:00Z	6	C	271	1	NA	13	0	NA	NA	NA	NA	NA	NA	NA	NA	NA	NA	NA	NA	NA	NA	NA	NA	NA	NA	NA	NA	NA	NA	NA	NA	NA	NA	NA	NA	NA	NA	NA	NA	NA	6C	6C271	176	0	13	Control	Normal	Mock rainout
2018-06-27T00:00:00Z	6	C	271	1	41	16	0	NA	NA	NA	NA	NA	NA	NA	NA	NA	NA	NA	NA	NA	NA	NA	NA	NA	NA	NA	NA	NA	NA	NA	NA	NA	NA	NA	NA	NA	NA	NA	NA	NA	6C	6C271	178	0	16	Control	Normal	Mock rainout
2018-06-29T00:00:00Z	6	C	271	1	NA	16	0	0	NA	NA	NA	NA	NA	NA	NA	NA	NA	NA	NA	NA	NA	NA	NA	NA	NA	NA	NA	NA	NA	NA	NA	NA	NA	NA	NA	NA	NA	NA	NA	NA	6C	6C271	180	0	16	Control	Normal	Mock rainout
2018-07-05T00:00:00Z	6	C	271	1	NA	6	5	0	NA	NA	NA	NA	NA	NA	NA	NA	NA	NA	NA	NA	NA	NA	NA	NA	NA	NA	NA	NA	NA	NA	NA	NA	NA	NA	NA	NA	NA	2	2	NA	6C	6C271	186	5	6	Control	Normal	Mock rainout
2018-07-11T00:00:00Z	6	C	271	1	NA	3	1	NA	NA	NA	NA	NA	NA	NA	NA	NA	NA	NA	NA	NA	NA	NA	NA	NA	NA	NA	NA	NA	NA	NA	NA	NA	NA	NA	NA	NA	NA	NA	NA	NA	6C	6C271	192	1	3	Control	Normal	Mock rainout
2018-07-16T00:00:00Z	6	C	271	1	44	0	1	NA	NA	NA	NA	NA	NA	NA	NA	NA	NA	NA	NA	NA	NA	NA	NA	NA	NA	NA	NA	NA	NA	NA	NA	NA	NA	NA	NA	NA	NA	0	NA	NA	6C	6C271	197	1	0	Control	Normal	Mock rainout
2018-07-25T00:00:00Z	6	C	271	1	NA	0	0	NA	NA	NA	NA	NA	NA	NA	NA	NA	NA	NA	NA	NA	NA	NA	NA	NA	NA	NA	NA	NA	NA	NA	NA	NA	NA	NA	NA	NA	0	0	NA	NA	6C	6C271	206	0	0	Control	Normal	Mock rainout
2018-07-31T00:00:00Z	6	C	271	1	NA	3	0	NA	NA	NA	NA	NA	NA	NA	NA	NA	NA	NA	NA	NA	NA	NA	NA	NA	NA	NA	NA	NA	NA	NA	NA	NA	NA	NA	NA	NA	NA	NA	NA	NA	6C	6C271	212	0	3	Control	Normal	Mock rainout
2018-08-07T00:00:00Z	6	C	271	1	NA	2	2	NA	NA	NA	NA	NA	NA	NA	NA	NA	NA	NA	NA	NA	NA	NA	NA	NA	NA	NA	NA	NA	NA	NA	NA	NA	NA	NA	NA	NA	NA	NA	NA	NA	6C	6C271	219	2	2	Control	Normal	Mock rainout
2018-08-10T00:00:00Z	6	C	271	1	NA	2	1	NA	NA	NA	NA	NA	NA	NA	NA	NA	NA	NA	NA	NA	NA	NA	NA	NA	NA	NA	NA	NA	NA	NA	NA	NA	NA	NA	NA	NA	NA	0	NA	NA	6C	6C271	222	1	2	Control	Normal	Mock rainout
2018-06-15T00:00:00Z	2	C	275	1	35.5	27	0	NA	NA	NA	NA	NA	NA	NA	NA	NA	NA	NA	NA	NA	NA	NA	NA	NA	NA	NA	NA	NA	NA	NA	NA	NA	NA	NA	NA	NA	2	NA	NA	2 flies, 2 buds damaged	2C	2C275	166	0	27	Reduction	Early	Reduction
2018-06-15T00:00:00Z	2	C	275	1	NA	10	0	NA	NA	NA	NA	NA	NA	NA	NA	NA	NA	NA	NA	NA	NA	NA	NA	NA	NA	NA	NA	NA	NA	NA	NA	NA	NA	NA	NA	NA	NA	NA	NA	NA	2C	2C275	166	0	10	Reduction	Early	Reduction
2018-06-18T00:00:00Z	2	C	275	1	36.5	18	7	NA	NA	NA	NA	NA	NA	NA	NA	NA	NA	NA	NA	NA	NA	NA	NA	NA	NA	NA	NA	NA	NA	NA	NA	NA	NA	NA	NA	NA	NA	NA	NA	NA	2C	2C275	169	7	18	Reduction	Early	Reduction
2018-06-20T00:00:00Z	2	C	275	1	41	15	8	NA	NA	NA	NA	NA	NA	NA	NA	NA	NA	NA	NA	NA	NA	NA	NA	NA	NA	NA	NA	NA	NA	NA	NA	NA	NA	NA	NA	NA	NA	2	2	NA	2C	2C275	171	8	15	Reduction	Early	Reduction
2018-06-22T00:00:00Z	2	C	275	1	NA	7	7	NA	NA	NA	NA	NA	NA	NA	NA	NA	NA	NA	NA	NA	NA	NA	NA	NA	NA	NA	NA	NA	NA	NA	NA	NA	NA	NA	NA	NA	NA	NA	NA	NA	2C	2C275	173	7	7	Reduction	Early	Reduction
2018-06-25T00:00:00Z	2	C	275	1	NA	12	10	NA	NA	NA	NA	NA	NA	NA	NA	NA	NA	NA	NA	NA	NA	NA	NA	NA	NA	NA	NA	NA	NA	NA	NA	NA	NA	NA	NA	NA	NA	NA	NA	NA	2C	2C275	176	10	12	Reduction	Early	Reduction
2018-07-03T00:00:00Z	2	C	275	1	NA	1	5	4	NA	NA	NA	NA	NA	NA	NA	NA	NA	NA	NA	NA	NA	NA	NA	NA	NA	NA	NA	NA	NA	NA	NA	NA	NA	NA	NA	0	NA	1	1	NA	2C	2C275	184	5	1	Reduction	Early	Reduction
2018-07-09T00:00:00Z	2	C	275	1	NA	0	0	0	NA	NA	NA	NA	NA	NA	NA	NA	NA	NA	NA	NA	NA	NA	NA	NA	NA	NA	NA	NA	NA	NA	NA	NA	NA	NA	NA	NA	NA	NA	NA	NA	2C	2C275	190	0	0	Reduction	Early	Reduction
2018-07-16T00:00:00Z	2	C	275	1	39	0	0	NA	NA	NA	NA	NA	NA	NA	NA	NA	NA	NA	NA	NA	NA	NA	NA	NA	NA	NA	NA	NA	NA	NA	NA	NA	NA	NA	NA	NA	NA	0	NA	NA	2C	2C275	197	0	0	Reduction	Early	Reduction
2018-07-20T00:00:00Z	2	C	275	1	NA	0	0	NA	NA	NA	NA	NA	NA	NA	NA	NA	NA	NA	NA	NA	NA	NA	NA	NA	NA	NA	NA	NA	NA	NA	NA	NA	NA	NA	NA	NA	NA	NA	NA	NA	2C	2C275	201	0	0	Reduction	Early	Reduction
2018-07-20T00:00:00Z	2	C	275	1	NA	0	0	0	NA	NA	NA	NA	NA	NA	NA	NA	NA	NA	NA	NA	NA	NA	NA	NA	NA	NA	NA	NA	NA	NA	NA	NA	NA	NA	NA	NA	0	0	NA	NA	2C	2C275	201	0	0	Reduction	Early	Reduction
2018-06-29T00:00:00Z	2	C	275	1	NA	12	6	3	NA	NA	NA	NA	NA	NA	NA	NA	NA	NA	NA	NA	NA	NA	NA	NA	NA	NA	NA	NA	NA	NA	NA	NA	NA	NA	NA	NA	NA	NA	NA	NA	2C	2C275	180	6	12	Reduction	Early	Reduction
2018-07-31T00:00:00Z	2	C	275	1	NA	1	0	NA	NA	NA	NA	NA	NA	NA	NA	NA	NA	NA	NA	NA	NA	NA	NA	NA	NA	NA	NA	NA	NA	NA	NA	NA	NA	NA	NA	NA	NA	NA	NA	NA	2C	2C275	212	0	1	Reduction	Early	Reduction
2018-08-07T00:00:00Z	2	C	275	1	NA	3	1	NA	NA	NA	NA	NA	NA	NA	NA	NA	NA	NA	NA	NA	NA	NA	NA	NA	NA	NA	NA	NA	NA	NA	NA	NA	NA	NA	NA	NA	NA	NA	NA	NA	2C	2C275	219	1	3	Reduction	Early	Reduction
2018-06-27T00:00:00Z	2	C	275	1	40	9	6	NA	NA	NA	NA	NA	NA	NA	NA	NA	NA	NA	NA	NA	NA	NA	NA	NA	NA	NA	NA	NA	NA	NA	NA	NA	NA	NA	NA	NA	NA	1	1	NR	2C	2C275	178	6	9	Reduction	Early	Reduction
2018-07-06T00:00:00Z	2	D	275	1	NA	0	1	1	NA	NA	NA	NA	NA	NA	NA	NA	NA	NA	NA	NA	NA	NA	NA	NA	NA	NA	NA	NA	NA	NA	NA	NA	NA	NA	NA	NA	NA	NA	NA	SF	2D	2D275	187	1	0	Addition	Early	Addition
2018-06-18T00:00:00Z	2	C	276	2	27	1	0	NA	NA	NA	NA	NA	NA	NA	NA	NA	NA	NA	NA	NA	NA	NA	NA	NA	NA	NA	NA	NA	NA	NA	NA	NA	NA	NA	NA	NA	NA	NA	NA	NA	2C	2C276	169	0	1	Reduction	Early	Reduction
2018-06-20T00:00:00Z	2	C	276	2	29	1	0	NA	4	0	NA	NA	NA	NA	NA	NA	NA	NA	NA	NA	NA	NA	NA	NA	NA	NA	NA	NA	NA	NA	NA	NA	NA	NA	NA	NA	NA	NA	NA	NA	2C	2C276	171	0	5	Reduction	Early	Reduction
2018-06-22T00:00:00Z	2	C	276	2	NA	8	1	NA	5	1	NA	NA	NA	NA	NA	NA	NA	NA	NA	NA	NA	NA	NA	NA	NA	NA	NA	NA	NA	NA	NA	NA	NA	NA	NA	NA	NA	NA	NA	NA	2C	2C276	173	2	13	Reduction	Early	Reduction
2018-06-25T00:00:00Z	2	C	276	2	NA	8	1	NA	9	3	NA	NA	NA	NA	NA	NA	NA	NA	NA	NA	NA	NA	NA	NA	NA	NA	NA	NA	NA	NA	NA	NA	NA	NA	NA	NA	NA	NA	NA	NA	2C	2C276	176	4	17	Reduction	Early	Reduction
2018-07-03T00:00:00Z	2	C	276	2	NA	4	2	2	3	4	3	NA	NA	NA	NA	NA	NA	NA	NA	NA	NA	NA	NA	NA	NA	NA	NA	NA	NA	NA	NA	NA	NA	NA	NA	0	NA	0	0	NA	2C	2C276	184	6	7	Reduction	Early	Reduction
2018-07-09T00:00:00Z	2	C	276	1	NA	0	1	0	NA	NA	NA	NA	NA	NA	NA	NA	NA	NA	NA	NA	NA	NA	NA	NA	NA	NA	NA	NA	NA	NA	NA	NA	NA	NA	NA	NA	NA	NA	NA	NA	2C	2C276	190	1	0	Reduction	Early	Reduction
2018-07-16T00:00:00Z	2	C	276	2	31	0	0	NA	NA	NA	NA	NA	NA	NA	NA	NA	NA	NA	NA	NA	NA	NA	NA	NA	NA	NA	NA	NA	NA	NA	NA	NA	NA	NA	NA	NA	NA	0	NA	NA	2C	2C276	197	0	0	Reduction	Early	Reduction
2018-07-20T00:00:00Z	2	C	276	1	NA	0	0	NA	NA	NA	NA	NA	NA	NA	NA	NA	NA	NA	NA	NA	NA	NA	NA	NA	NA	NA	NA	NA	NA	NA	NA	NA	NA	NA	NA	NA	NA	NA	NA	NA	2C	2C276	201	0	0	Reduction	Early	Reduction
2018-07-20T00:00:00Z	2	C	276	2	NA	0	0	0	NA	NA	NA	NA	NA	NA	NA	NA	NA	NA	NA	NA	NA	NA	NA	NA	NA	NA	NA	NA	NA	NA	NA	NA	NA	NA	NA	NA	0	0	NA	NA	2C	2C276	201	0	0	Reduction	Early	Reduction
2018-06-29T00:00:00Z	2	C	276	2	NA	6	3	3	12	4	4	NA	NA	NA	NA	NA	NA	NA	NA	NA	NA	NA	NA	NA	NA	NA	NA	NA	NA	NA	NA	NA	NA	NA	NA	NA	NA	NA	NA	NA	2C	2C276	180	7	18	Reduction	Early	Reduction
2018-08-07T00:00:00Z	2	C	276	1	NA	3	0	NA	NA	NA	NA	NA	NA	NA	NA	NA	NA	NA	NA	NA	NA	NA	NA	NA	NA	NA	NA	NA	NA	NA	NA	NA	NA	NA	NA	NA	NA	NA	NA	NA	2C	2C276	219	0	3	Reduction	Early	Reduction
2018-08-10T00:00:00Z	2	C	276	1	NA	1	3	NA	NA	NA	NA	NA	NA	NA	NA	NA	NA	NA	NA	NA	NA	NA	NA	NA	NA	NA	NA	NA	NA	NA	NA	NA	NA	NA	NA	NA	NA	0	NA	NA	2C	2C276	222	3	1	Reduction	Early	Reduction
2018-06-27T00:00:00Z	2	C	276	2	30.5	7	2	NA	9	5	NA	NA	NA	NA	NA	NA	NA	NA	NA	NA	NA	NA	NA	NA	NA	NA	NA	NA	NA	NA	NA	NA	NA	NA	NA	NA	NA	2	2	NA	2C	2C276	178	7	16	Reduction	Early	Reduction
2018-07-06T00:00:00Z	2	D	276	1	NA	1	4	2	NA	NA	NA	NA	NA	NA	NA	NA	NA	NA	NA	NA	NA	NA	NA	NA	NA	NA	NA	NA	NA	NA	NA	NA	NA	NA	NA	NA	NA	NA	NA	NA	2D	2D276	187	4	1	Addition	Early	Addition
2018-06-15T00:00:00Z	2	C	279	1	NA	1	0	NA	NA	NA	NA	NA	NA	NA	NA	NA	NA	NA	NA	NA	NA	NA	NA	NA	NA	NA	NA	NA	NA	NA	NA	NA	NA	NA	NA	NA	NA	NA	NA	NA	2C	2C279	166	0	1	Reduction	Early	Reduction
2018-06-18T00:00:00Z	2	C	279	1	42	9	1	NA	NA	NA	NA	NA	NA	NA	NA	NA	NA	NA	NA	NA	NA	NA	NA	NA	NA	NA	NA	NA	NA	NA	NA	NA	NA	NA	NA	NA	NA	NA	NA	NA	2C	2C279	169	1	9	Reduction	Early	Reduction
2018-06-20T00:00:00Z	2	C	279	1	42.5	16	1	NA	NA	NA	NA	NA	NA	NA	NA	NA	NA	NA	NA	NA	NA	NA	NA	NA	NA	NA	NA	NA	NA	NA	NA	NA	NA	NA	NA	NA	1	0	NA	NA	2C	2C279	171	1	16	Reduction	Early	Reduction
2018-06-22T00:00:00Z	2	C	279	1	NA	7	4	NA	NA	NA	NA	NA	NA	NA	NA	NA	NA	NA	NA	NA	NA	NA	NA	NA	NA	NA	NA	NA	NA	NA	NA	NA	NA	NA	NA	NA	NA	NA	NA	NA	2C	2C279	173	4	7	Reduction	Early	Reduction
2018-06-25T00:00:00Z	2	C	279	1	NA	15	7	NA	NA	NA	NA	NA	NA	NA	NA	NA	NA	NA	NA	NA	NA	NA	NA	NA	NA	NA	NA	NA	NA	NA	NA	NA	NA	NA	NA	NA	NA	NA	NA	NA	2C	2C279	176	7	15	Reduction	Early	Reduction
2018-07-03T00:00:00Z	2	C	279	1	NA	8	4	4	NA	NA	NA	NA	NA	NA	NA	NA	NA	NA	NA	NA	NA	NA	NA	NA	NA	NA	NA	NA	NA	NA	NA	NA	NA	NA	NA	0	NA	0	NA	NA	2C	2C279	184	4	8	Reduction	Early	Reduction
2018-07-09T00:00:00Z	2	C	279	1	NA	2	5	4	NA	NA	NA	NA	NA	NA	NA	NA	NA	NA	NA	NA	NA	NA	NA	NA	NA	NA	NA	NA	NA	NA	NA	NA	NA	NA	NA	NA	NA	1	1	NA	2C	2C279	190	5	2	Reduction	Early	Reduction
2018-07-16T00:00:00Z	2	C	279	1	46	0	1	NA	NA	NA	NA	NA	NA	NA	NA	NA	NA	NA	NA	NA	NA	NA	NA	NA	NA	NA	NA	NA	NA	NA	NA	NA	NA	NA	NA	NA	NA	0	NA	NA	2C	2C279	197	1	0	Reduction	Early	Reduction
2018-07-20T00:00:00Z	2	C	279	1	NA	0	0	NA	NA	NA	NA	NA	NA	NA	NA	NA	NA	NA	NA	NA	NA	NA	NA	NA	NA	NA	NA	NA	NA	NA	NA	NA	NA	NA	NA	NA	NA	NA	NA	NA	2C	2C279	201	0	0	Reduction	Early	Reduction
2018-07-20T00:00:00Z	2	C	279	1	NA	NA	NA	0	NA	NA	NA	NA	NA	NA	NA	NA	NA	NA	NA	NA	NA	NA	NA	NA	NA	NA	NA	NA	NA	NA	NA	NA	NA	NA	NA	NA	0	0	NA	NA	2C	2C279	201	0	0	Reduction	Early	Reduction
2018-06-29T00:00:00Z	2	C	279	1	NA	19	8	1	NA	NA	NA	NA	NA	NA	NA	NA	NA	NA	NA	NA	NA	NA	NA	NA	NA	NA	NA	NA	NA	NA	NA	NA	NA	NA	NA	NA	NA	NA	NA	NA	2C	2C279	180	8	19	Reduction	Early	Reduction
2018-06-27T00:00:00Z	2	C	279	1	47	12	7	NA	NA	NA	NA	NA	NA	NA	NA	NA	NA	NA	NA	NA	NA	NA	NA	NA	NA	NA	NA	NA	NA	NA	NA	NA	NA	NA	NA	NA	NA	2	2	NR	2C	2C279	178	7	12	Reduction	Early	Reduction
2018-07-06T00:00:00Z	2	D	279	1	NA	7	4	0	NA	NA	NA	NA	NA	NA	NA	NA	NA	NA	NA	NA	NA	NA	NA	NA	NA	NA	NA	NA	NA	NA	NA	NA	NA	NA	NA	NA	NA	NA	NA	NA	2D	2D279	187	4	7	Addition	Early	Addition
2018-07-03T00:00:00Z	2	C	281	1	NA	7	4	1	NA	NA	NA	NA	NA	NA	NA	NA	NA	NA	NA	NA	NA	NA	NA	NA	NA	NA	NA	NA	NA	NA	NA	NA	NA	NA	NA	0	NA	0	NA	NA	2C	2C281	184	4	7	Reduction	Early	Reduction
2018-07-09T00:00:00Z	2	C	281	1	NA	0	0	0	NA	NA	NA	NA	NA	NA	NA	NA	NA	NA	NA	NA	NA	NA	NA	NA	NA	NA	NA	NA	NA	NA	NA	NA	NA	NA	NA	NA	NA	NA	NA	NA	2C	2C281	190	0	0	Reduction	Early	Reduction
2018-06-29T00:00:00Z	2	C	281	1	NA	9	0	0	NA	NA	NA	NA	NA	NA	NA	NA	NA	NA	NA	NA	NA	NA	NA	NA	NA	NA	NA	NA	NA	NA	NA	NA	NA	NA	NA	NA	NA	NA	NA	NA	2C	2C281	180	0	9	Reduction	Early	Reduction
2018-06-27T00:00:00Z	2	C	281	1	12	4	0	NA	NA	NA	NA	NA	NA	NA	NA	NA	NA	NA	NA	NA	NA	NA	NA	NA	NA	NA	NA	NA	NA	NA	NA	NA	NA	NA	NA	NA	NA	NA	NA	NA	2C	2C281	178	0	4	Reduction	Early	Reduction
2018-07-09T00:00:00Z	5	B	281	1	NA	3	0	NA	NA	NA	NA	NA	NA	NA	NA	NA	NA	NA	NA	NA	NA	NA	NA	NA	NA	NA	NA	NA	NA	NA	NA	NA	NA	NA	NA	NA	NA	0	NA	NA	5B	5B281	190	0	3	Control	Early	Mock rainout
2018-06-15T00:00:00Z	5	D	283	1	28	11	NA	NA	NA	NA	NA	NA	NA	NA	NA	NA	NA	NA	NA	NA	NA	NA	NA	NA	NA	NA	NA	NA	NA	NA	NA	NA	NA	NA	NA	NA	NA	NA	NA	NA	5D	5D283	166	0	11	Control	Early	Control
2018-06-18T00:00:00Z	5	D	283	1	30	3	2	NA	NA	NA	NA	NA	NA	NA	NA	NA	NA	NA	NA	NA	NA	NA	NA	NA	NA	NA	NA	NA	NA	NA	NA	NA	NA	NA	NA	NA	NA	NA	NA	NA	5D	5D283	169	2	3	Control	Early	Control
2018-06-20T00:00:00Z	5	D	283	1	31	29	4	NA	NA	NA	NA	NA	NA	NA	NA	NA	NA	NA	NA	NA	NA	NA	NA	NA	NA	NA	NA	NA	NA	NA	NA	NA	NA	NA	NA	NA	NA	NA	NA	NA	5D	5D283	171	4	29	Control	Early	Control
2018-06-21T00:00:00Z	5	D	283	NA	NA	NA	NA	NA	NA	NA	NA	NA	NA	NA	NA	NA	NA	NA	NA	NA	NA	NA	NA	NA	NA	NA	NA	NA	NA	NA	NA	NA	NA	NA	NA	NA	NA	5	4	NA	5D	5D283	172	0	0	Control	Early	Control
2018-06-25T00:00:00Z	5	D	283	1	NA	17	6	4	NA	NA	NA	NA	NA	NA	NA	NA	NA	NA	NA	NA	NA	NA	NA	NA	NA	NA	NA	NA	NA	NA	NA	NA	NA	NA	NA	NA	NA	NA	NA	NA	5D	5D283	176	6	17	Control	Early	Control
2018-06-27T00:00:00Z	5	D	283	1	35	25	7	NA	NA	NA	NA	NA	NA	NA	NA	NA	NA	NA	NA	NA	NA	NA	NA	NA	NA	NA	NA	NA	NA	NA	NA	NA	NA	NA	NA	NA	NA	NA	NA	NA	5D	5D283	178	7	25	Control	Early	Control
2018-06-29T00:00:00Z	5	D	283	1	NA	16	3	0	NA	NA	NA	NA	NA	NA	NA	NA	NA	NA	NA	NA	NA	NA	NA	NA	NA	NA	NA	NA	NA	NA	NA	NA	NA	NA	NA	NA	NA	NA	NA	NA	5D	5D283	180	3	16	Control	Early	Control
2018-07-03T00:00:00Z	5	D	283	1	NA	10	4	3	NA	NA	NA	NA	NA	NA	NA	NA	NA	NA	NA	NA	NA	NA	NA	NA	NA	NA	NA	NA	NA	NA	NA	NA	NA	NA	NA	NA	NA	0	0	NA	5D	5D283	184	4	10	Control	Early	Control
2018-07-06T00:00:00Z	5	D	283	1	NA	4	5	4	NA	NA	NA	NA	NA	NA	NA	NA	NA	NA	NA	NA	NA	NA	NA	NA	NA	NA	NA	NA	NA	NA	NA	NA	NA	NA	NA	NA	NA	NA	NA	NA	5D	5D283	187	5	4	Control	Early	Control
2018-07-09T00:00:00Z	5	D	283	1	NA	3	3	2	NA	NA	NA	NA	NA	NA	NA	NA	NA	NA	NA	NA	NA	NA	NA	NA	NA	NA	NA	NA	NA	NA	NA	NA	NA	NA	NA	NA	NA	1	NA	NA	5D	5D283	190	3	3	Control	Early	Control
2018-07-16T00:00:00Z	5	D	283	1	38	0	3	3	NA	NA	NA	NA	NA	NA	NA	NA	NA	NA	NA	NA	NA	NA	NA	NA	NA	NA	NA	NA	NA	NA	NA	NA	NA	NA	NA	NA	NA	1	NA	NA	5D	5D283	197	3	0	Control	Early	Control
2018-07-20T00:00:00Z	5	D	283	1	NA	1	0	0	NA	NA	NA	NA	NA	NA	NA	NA	NA	NA	NA	NA	NA	NA	NA	NA	NA	NA	NA	NA	NA	NA	NA	NA	NA	NA	NA	NA	0	0	NA	NA	5D	5D283	201	0	1	Control	Early	Control
2018-06-20T00:00:00Z	2	C	284	1	17	1	0	NA	NA	NA	NA	NA	NA	NA	NA	NA	NA	NA	NA	NA	NA	NA	NA	NA	NA	NA	NA	NA	NA	NA	NA	NA	NA	NA	NA	NA	NA	NA	NA	NA	2C	2C284	171	0	1	Reduction	Early	Reduction
2018-06-22T00:00:00Z	2	C	284	1	NA	2	0	NA	NA	NA	NA	NA	NA	NA	NA	NA	NA	NA	NA	NA	NA	NA	NA	NA	NA	NA	NA	NA	NA	NA	NA	NA	NA	NA	NA	NA	NA	NA	NA	NA	2C	2C284	173	0	2	Reduction	Early	Reduction
2018-06-25T00:00:00Z	2	C	284	2	NA	3	0	NA	6	1	NA	NA	NA	NA	NA	NA	NA	NA	NA	NA	NA	NA	NA	NA	NA	NA	NA	NA	NA	NA	NA	NA	NA	NA	NA	NA	NA	NA	NA	NA	2C	2C284	176	1	9	Reduction	Early	Reduction
2018-07-03T00:00:00Z	2	C	284	1	NA	3	3	3	NA	NA	NA	NA	NA	NA	NA	NA	NA	NA	NA	NA	NA	NA	NA	NA	NA	NA	NA	NA	NA	NA	NA	NA	NA	NA	NA	0	NA	0	NA	NA	2C	2C284	184	3	3	Reduction	Early	Reduction
2018-07-09T00:00:00Z	2	C	284	1	NA	0	1	1	NA	NA	NA	NA	NA	NA	NA	NA	NA	NA	NA	NA	NA	NA	NA	NA	NA	NA	NA	NA	NA	NA	NA	NA	NA	NA	NA	NA	NA	0	NA	NA	2C	2C284	190	1	0	Reduction	Early	Reduction
2018-07-16T00:00:00Z	2	C	284	1	22	0	0	NA	NA	NA	NA	NA	NA	NA	NA	NA	NA	NA	NA	NA	NA	NA	NA	NA	NA	NA	NA	NA	NA	NA	NA	NA	NA	NA	NA	NA	NA	0	NA	NA	2C	2C284	197	0	0	Reduction	Early	Reduction
2018-07-20T00:00:00Z	2	C	284	1	NA	0	0	NA	NA	NA	NA	NA	NA	NA	NA	NA	NA	NA	NA	NA	NA	NA	NA	NA	NA	NA	NA	NA	NA	NA	NA	NA	NA	NA	NA	NA	NA	NA	NA	NA	2C	2C284	201	0	0	Reduction	Early	Reduction
2018-06-29T00:00:00Z	2	C	284	1	NA	8	2	0	NA	NA	NA	NA	NA	NA	NA	NA	NA	NA	NA	NA	NA	NA	NA	NA	NA	NA	NA	NA	NA	NA	NA	NA	NA	NA	NA	NA	NA	NA	NA	NA	2C	2C284	180	2	8	Reduction	Early	Reduction
2018-08-07T00:00:00Z	2	C	284	1	NA	0	1	NA	NA	NA	NA	NA	NA	NA	NA	NA	NA	NA	NA	NA	NA	NA	NA	NA	NA	NA	NA	NA	NA	NA	NA	NA	NA	NA	NA	NA	NA	NA	NA	NA	2C	2C284	219	1	0	Reduction	Early	Reduction
2018-08-10T00:00:00Z	2	C	284	1	NA	5	0	NA	NA	NA	NA	NA	NA	NA	NA	NA	NA	NA	NA	NA	NA	NA	NA	NA	NA	NA	NA	NA	NA	NA	NA	NA	NA	NA	NA	NA	NA	NA	NA	NA	2C	2C284	222	0	5	Reduction	Early	Reduction
2018-08-15T00:00:00Z	2	C	284	1	NA	1	1	0	NA	NA	NA	NA	NA	NA	NA	NA	NA	NA	NA	NA	NA	NA	NA	NA	NA	NA	NA	NA	NA	NA	NA	NA	NA	NA	NA	0	0	1	NA	NA	2C	2C284	227	1	1	Reduction	Early	Reduction
2018-06-27T00:00:00Z	2	C	284	1	20	6	1	NA	NA	NA	NA	NA	NA	NA	NA	NA	NA	NA	NA	NA	NA	NA	NA	NA	NA	NA	NA	NA	NA	NA	NA	NA	NA	NA	NA	NA	NA	1	1	NR	2C	2C284	178	1	6	Reduction	Early	Reduction
2018-07-06T00:00:00Z	2	D	284	1	NA	3	1	0	NA	NA	NA	NA	NA	NA	NA	NA	NA	NA	NA	NA	NA	NA	NA	NA	NA	NA	NA	NA	NA	NA	NA	NA	NA	NA	NA	NA	NA	NA	NA	NA	2D	2D284	187	1	3	Addition	Early	Addition
2018-06-15T00:00:00Z	5	B	284	1	27	8	NA	NA	NA	NA	NA	NA	NA	NA	NA	NA	NA	NA	NA	NA	NA	NA	NA	NA	NA	NA	NA	NA	NA	NA	NA	NA	NA	NA	NA	NA	NA	NA	NA	bug on tallest flower	5B	5B284	166	0	8	Control	Early	Mock rainout
2018-06-18T00:00:00Z	5	B	284	1	27	12	0	NA	NA	NA	NA	NA	NA	NA	NA	NA	NA	NA	NA	NA	NA	NA	NA	NA	NA	NA	NA	NA	NA	NA	NA	NA	NA	NA	NA	NA	NA	NA	NA	NA	5B	5B284	169	0	12	Control	Early	Mock rainout
2018-06-20T00:00:00Z	5	B	284	1	29	16	1	NA	NA	NA	NA	NA	NA	NA	NA	NA	NA	NA	NA	NA	NA	NA	NA	NA	NA	NA	NA	NA	NA	NA	NA	NA	NA	NA	NA	NA	NA	NA	NA	NA	5B	5B284	171	1	16	Control	Early	Mock rainout
2018-06-21T00:00:00Z	5	B	284	NA	NA	NA	NA	NA	NA	NA	NA	NA	NA	NA	NA	NA	NA	NA	NA	NA	NA	NA	NA	NA	NA	NA	NA	NA	NA	NA	NA	NA	NA	NA	NA	NA	NA	2	2	NA	5B	5B284	172	0	0	Control	Early	Mock rainout
2018-06-22T00:00:00Z	5	B	284	1	NA	8	5	NA	NA	NA	NA	NA	NA	NA	NA	NA	NA	NA	NA	NA	NA	NA	NA	NA	NA	NA	NA	NA	NA	NA	NA	NA	NA	NA	NA	NA	NA	NA	NA	NA	5B	5B284	173	5	8	Control	Early	Mock rainout
2018-06-22T00:00:00Z	5	B	284	1	NA	7	6	NA	NA	NA	NA	NA	NA	NA	NA	NA	NA	NA	NA	NA	NA	NA	NA	NA	NA	NA	NA	NA	NA	NA	NA	NA	NA	NA	NA	NA	NA	NA	NA	NA	5B	5B284	173	6	7	Control	Early	Mock rainout
2018-06-25T00:00:00Z	5	B	284	1	NA	7	6	6	NA	NA	NA	NA	NA	NA	NA	NA	NA	NA	NA	NA	NA	NA	NA	NA	NA	NA	NA	NA	NA	NA	NA	NA	NA	NA	NA	NA	NA	NA	NA	NA	5B	5B284	176	6	7	Control	Early	Mock rainout
2018-06-29T00:00:00Z	5	B	284	1	NA	8	4	4	NA	NA	NA	NA	NA	NA	NA	NA	NA	NA	NA	NA	NA	NA	NA	NA	NA	NA	NA	NA	NA	NA	NA	NA	NA	NA	NA	NA	NA	NA	NA	NA	5B	5B284	180	4	8	Control	Early	Mock rainout
2018-07-05T00:00:00Z	5	B	284	1	NA	1	3	3	NA	NA	NA	NA	NA	NA	NA	NA	NA	NA	NA	NA	NA	NA	NA	NA	NA	NA	NA	NA	NA	NA	NA	NA	NA	NA	NA	NA	NA	1	NA	NA	5B	5B284	186	3	1	Control	Early	Mock rainout
2018-07-09T00:00:00Z	5	B	284	1	NA	2	0	0	NA	NA	NA	NA	NA	NA	NA	NA	NA	NA	NA	NA	NA	NA	NA	NA	NA	NA	NA	NA	NA	NA	NA	NA	NA	NA	NA	NA	NA	0	NA	NA	5B	5B284	190	0	2	Control	Early	Mock rainout
2018-07-16T00:00:00Z	5	B	284	1	37.5	1	2	NA	NA	NA	NA	NA	NA	NA	NA	NA	NA	NA	NA	NA	NA	NA	NA	NA	NA	NA	NA	NA	NA	NA	NA	NA	NA	NA	NA	NA	NA	1	1	NA	5B	5B284	197	2	1	Control	Early	Mock rainout
2018-07-25T00:00:00Z	5	B	284	1	NA	2	0	NA	NA	NA	NA	NA	NA	NA	NA	NA	NA	NA	NA	NA	NA	NA	NA	NA	NA	NA	NA	NA	NA	NA	NA	NA	NA	NA	NA	NA	NA	NA	NA	NA	5B	5B284	206	0	2	Control	Early	Mock rainout
2018-08-07T00:00:00Z	5	B	284	1	NA	1	0	NA	NA	NA	NA	NA	NA	NA	NA	NA	NA	NA	NA	NA	NA	NA	NA	NA	NA	NA	NA	NA	NA	NA	NA	NA	NA	NA	NA	NA	NA	NA	NA	NA	5B	5B284	219	0	1	Control	Early	Mock rainout
2018-08-10T00:00:00Z	5	B	284	1	NA	5	1	NA	NA	NA	NA	NA	NA	NA	NA	NA	NA	NA	NA	NA	NA	NA	NA	NA	NA	NA	NA	NA	NA	NA	NA	NA	NA	NA	NA	NA	NA	0	NA	NA	5B	5B284	222	1	5	Control	Early	Mock rainout
2018-08-15T00:00:00Z	5	B	284	1	NA	3	0	0	NA	NA	NA	NA	NA	NA	NA	NA	NA	NA	NA	NA	NA	NA	NA	NA	NA	NA	NA	NA	NA	NA	NA	NA	NA	NA	NA	0	0	NA	NA	NA	5B	5B284	227	0	3	Control	Early	Mock rainout
2018-08-24T00:00:00Z	5	B	284	1	NA	0	1	NA	NA	NA	NA	NA	NA	NA	NA	NA	NA	NA	NA	NA	NA	NA	NA	NA	NA	NA	NA	NA	NA	NA	NA	NA	NA	NA	NA	NA	1	0	NA	NA	5B	5B284	236	1	0	Control	Early	Mock rainout
2018-06-27T00:00:00Z	5	B	284	1	33	9	7	NA	NA	NA	NA	NA	NA	NA	NA	NA	NA	NA	NA	NA	NA	NA	NA	NA	NA	NA	NA	NA	NA	NA	NA	NA	NA	NA	NA	NA	NA	0	NA	NR	5B	5B284	178	7	9	Control	Early	Mock rainout
2018-06-10T00:00:00Z	2	C	291	NA	NA	17	1	NA	NA	NA	NA	NA	NA	NA	NA	NA	NA	NA	NA	NA	NA	NA	NA	NA	NA	NA	NA	NA	NA	NA	NA	NA	NA	NA	NA	NA	NA	NA	NA	flies-open flower desture	2C	2C291	161	1	17	Reduction	Early	Reduction
2018-06-15T00:00:00Z	2	C	291	1	42.5	39	17	NA	NA	NA	NA	NA	NA	NA	NA	NA	NA	NA	NA	NA	NA	NA	NA	NA	NA	NA	NA	NA	NA	NA	NA	NA	NA	NA	NA	NA	NA	NA	NA	3 buds damaged	2C	2C291	166	17	39	Reduction	Early	Reduction
2018-06-15T00:00:00Z	2	C	291	1	NA	28	11	NA	NA	NA	NA	NA	NA	NA	NA	NA	NA	NA	NA	NA	NA	NA	NA	NA	NA	NA	NA	NA	NA	NA	NA	NA	NA	NA	NA	NA	NA	NA	NA	1 bud dried up/ damaged	2C	2C291	166	11	28	Reduction	Early	Reduction
2018-06-18T00:00:00Z	2	C	291	1	43.5	34	13	NA	NA	NA	NA	NA	NA	NA	NA	NA	NA	NA	NA	NA	NA	NA	NA	NA	NA	NA	NA	NA	NA	NA	NA	NA	NA	NA	NA	1	NA	NA	NA	NA	2C	2C291	169	13	34	Reduction	Early	Reduction
2018-06-20T00:00:00Z	2	C	291	1	43.5	33	22	NA	NA	NA	NA	NA	NA	NA	NA	NA	NA	NA	NA	NA	NA	NA	NA	NA	NA	NA	NA	NA	NA	NA	NA	NA	NA	NA	NA	NA	NA	7	7	NA	2C	2C291	171	22	33	Reduction	Early	Reduction
2018-06-22T00:00:00Z	2	C	291	1	NA	13	11	NA	NA	NA	NA	NA	NA	NA	NA	NA	NA	NA	NA	NA	NA	NA	NA	NA	NA	NA	NA	NA	NA	NA	NA	NA	NA	NA	NA	NA	NA	NA	NA	NA	2C	2C291	173	11	13	Reduction	Early	Reduction
2018-06-25T00:00:00Z	2	C	291	1	NA	25	20	NA	NA	NA	NA	NA	NA	NA	NA	NA	NA	NA	NA	NA	NA	NA	NA	NA	NA	NA	NA	NA	NA	NA	NA	NA	NA	NA	NA	NA	NA	NA	NA	NA	2C	2C291	176	20	25	Reduction	Early	Reduction
2018-07-03T00:00:00Z	2	C	291	1	NA	19	23	17	NA	NA	NA	NA	NA	NA	NA	NA	NA	NA	NA	NA	NA	NA	NA	NA	NA	NA	NA	NA	NA	NA	NA	NA	NA	NA	NA	0	NA	0	NA	NA	2C	2C291	184	23	19	Reduction	Early	Reduction
2018-07-09T00:00:00Z	2	C	291	1	NA	4	10	7	NA	NA	NA	NA	NA	NA	NA	NA	NA	NA	NA	NA	NA	NA	NA	NA	NA	NA	NA	NA	NA	NA	NA	NA	NA	NA	NA	NA	NA	0	NA	NA	2C	2C291	190	10	4	Reduction	Early	Reduction
2018-07-16T00:00:00Z	2	C	291	1	45	0	0	NA	NA	NA	NA	NA	NA	NA	NA	NA	NA	NA	NA	NA	NA	NA	NA	NA	NA	NA	NA	NA	NA	NA	NA	NA	NA	NA	NA	NA	NA	0	NA	NA	2C	2C291	197	0	0	Reduction	Early	Reduction
2018-07-20T00:00:00Z	2	C	291	1	NA	0	0	NA	NA	NA	NA	NA	NA	NA	NA	NA	NA	NA	NA	NA	NA	NA	NA	NA	NA	NA	NA	NA	NA	NA	NA	NA	NA	NA	NA	NA	NA	NA	NA	NA	2C	2C291	201	0	0	Reduction	Early	Reduction
2018-07-20T00:00:00Z	2	C	291	1	NA	0	0	0	NA	NA	NA	NA	NA	NA	NA	NA	NA	NA	NA	NA	NA	NA	NA	NA	NA	NA	NA	NA	NA	NA	NA	NA	NA	NA	NA	NA	0	0	NA	NA	2C	2C291	201	0	0	Reduction	Early	Reduction
2018-06-29T00:00:00Z	2	C	291	1	NA	33	12	12	NA	NA	NA	NA	NA	NA	NA	NA	NA	NA	NA	NA	NA	NA	NA	NA	NA	NA	NA	NA	NA	NA	NA	NA	NA	NA	NA	NA	NA	NA	NA	NA	2C	2C291	180	12	33	Reduction	Early	Reduction
2018-06-27T00:00:00Z	2	C	291	1	44.5	27	15	NA	NA	NA	NA	NA	NA	NA	NA	NA	NA	NA	NA	NA	NA	NA	NA	NA	NA	NA	NA	NA	NA	NA	NA	NA	NA	NA	NA	NA	NA	2	2	NR	2C	2C291	178	15	27	Reduction	Early	Reduction
2018-07-06T00:00:00Z	2	D	291	1	NA	15	7	7	NA	NA	NA	NA	NA	NA	NA	NA	NA	NA	NA	NA	NA	NA	NA	NA	NA	NA	NA	NA	NA	NA	NA	NA	NA	NA	NA	NA	NA	NA	NA	NA	2D	2D291	187	7	15	Addition	Early	Addition
2018-06-15T00:00:00Z	5	B	292	1	24	7	NA	NA	NA	NA	NA	NA	NA	NA	NA	NA	NA	NA	NA	NA	NA	NA	NA	NA	NA	NA	NA	NA	NA	NA	NA	NA	NA	NA	NA	NA	NA	NA	NA	NA	5B	5B292	166	0	7	Control	Early	Mock rainout
2018-06-18T00:00:00Z	5	B	292	1	27	7	1	NA	NA	NA	NA	NA	NA	NA	NA	NA	NA	NA	NA	NA	NA	NA	NA	NA	NA	NA	NA	NA	NA	NA	NA	NA	NA	NA	NA	NA	NA	NA	NA	NA	5B	5B292	169	1	7	Control	Early	Mock rainout
2018-06-20T00:00:00Z	5	B	292	1	31	14	2	NA	NA	NA	NA	NA	NA	NA	NA	NA	NA	NA	NA	NA	NA	NA	NA	NA	NA	NA	NA	NA	NA	NA	NA	NA	NA	NA	NA	NA	NA	NA	NA	NA	5B	5B292	171	2	14	Control	Early	Mock rainout
2018-06-21T00:00:00Z	5	B	292	NA	NA	NA	NA	NA	NA	NA	NA	NA	NA	NA	NA	NA	NA	NA	NA	NA	NA	NA	NA	NA	NA	NA	NA	NA	NA	NA	NA	NA	NA	NA	NA	NA	NA	0	NA	NA	5B	5B292	172	0	0	Control	Early	Mock rainout
2018-06-22T00:00:00Z	5	B	292	1	NA	4	7	NA	NA	NA	NA	NA	NA	NA	NA	NA	NA	NA	NA	NA	NA	NA	NA	NA	NA	NA	NA	NA	NA	NA	NA	NA	NA	NA	NA	NA	NA	NA	NA	NA	5B	5B292	173	7	4	Control	Early	Mock rainout
2018-06-25T00:00:00Z	5	B	292	1	NA	11	3	NA	NA	NA	NA	NA	NA	NA	NA	NA	NA	NA	NA	NA	NA	NA	NA	NA	NA	NA	NA	NA	NA	NA	NA	NA	NA	NA	NA	NA	NA	NA	NA	NA	5B	5B292	176	3	11	Control	Early	Mock rainout
2018-06-29T00:00:00Z	5	B	292	1	NA	5	6	5	NA	NA	NA	NA	NA	NA	NA	NA	NA	NA	NA	NA	NA	NA	NA	NA	NA	NA	NA	NA	NA	NA	NA	NA	NA	NA	NA	NA	NA	NA	NA	NA	5B	5B292	180	6	5	Control	Early	Mock rainout
2018-07-05T00:00:00Z	5	B	292	1	NA	2	2	2	NA	NA	NA	NA	NA	NA	NA	NA	NA	NA	NA	NA	NA	NA	NA	NA	NA	NA	NA	NA	NA	NA	NA	NA	NA	NA	NA	NA	NA	0	NA	NA	5B	5B292	186	2	2	Control	Early	Mock rainout
2018-07-09T00:00:00Z	5	B	292	1	NA	0	2	2	NA	NA	NA	NA	NA	NA	NA	NA	NA	NA	NA	NA	NA	NA	NA	NA	NA	NA	NA	NA	NA	NA	NA	NA	NA	NA	NA	NA	NA	0	NA	NA	5B	5B292	190	2	0	Control	Early	Mock rainout
2018-07-16T00:00:00Z	5	B	292	1	31	0	0	NA	NA	NA	NA	NA	NA	NA	NA	NA	NA	NA	NA	NA	NA	NA	NA	NA	NA	NA	NA	NA	NA	NA	NA	NA	NA	NA	NA	NA	NA	0	NA	NA	5B	5B292	197	0	0	Control	Early	Mock rainout
2018-07-20T00:00:00Z	5	B	292	1	NA	0	0	0	NA	NA	NA	NA	NA	NA	NA	NA	NA	NA	NA	NA	NA	NA	NA	NA	NA	NA	NA	NA	NA	NA	NA	NA	NA	NA	NA	NA	0	0	NA	NA	5B	5B292	201	0	0	Control	Early	Mock rainout
2018-07-25T00:00:00Z	5	B	292	1	NA	0	0	NA	NA	NA	NA	NA	NA	NA	NA	NA	NA	NA	NA	NA	NA	NA	NA	NA	NA	NA	NA	NA	NA	NA	NA	NA	NA	NA	NA	NA	NA	NA	NA	NA	5B	5B292	206	0	0	Control	Early	Mock rainout
2018-06-27T00:00:00Z	5	B	292	1	30	8	5	NA	NA	NA	NA	NA	NA	NA	NA	NA	NA	NA	NA	NA	NA	NA	NA	NA	NA	NA	NA	NA	NA	NA	NA	NA	NA	NA	NA	NA	NA	2	2	NR	5B	5B292	178	5	8	Control	Early	Mock rainout
2018-06-15T00:00:00Z	2	C	294	1	18.5	14	0	NA	NA	NA	NA	NA	NA	NA	NA	NA	NA	NA	NA	NA	NA	NA	NA	NA	NA	NA	NA	NA	NA	NA	NA	NA	NA	NA	NA	NA	NA	NA	NA	NA	2C	2C294	166	0	14	Reduction	Early	Reduction
2018-06-15T00:00:00Z	2	C	294	1	NA	9	0	NA	NA	NA	NA	NA	NA	NA	NA	NA	NA	NA	NA	NA	NA	NA	NA	NA	NA	NA	NA	NA	NA	NA	NA	NA	NA	NA	NA	NA	NA	NA	NA	NA	2C	2C294	166	0	9	Reduction	Early	Reduction
2018-06-18T00:00:00Z	2	C	294	1	18	12	4	NA	NA	NA	NA	NA	NA	NA	NA	NA	NA	NA	NA	NA	NA	NA	NA	NA	NA	NA	NA	NA	NA	NA	NA	NA	NA	NA	NA	NA	NA	NA	NA	NA	2C	2C294	169	4	12	Reduction	Early	Reduction
2018-06-20T00:00:00Z	2	C	294	1	21	10	9	NA	NA	NA	NA	NA	NA	NA	NA	NA	NA	NA	NA	NA	NA	NA	NA	NA	NA	NA	NA	NA	NA	NA	NA	NA	NA	NA	NA	NA	NA	0	NA	NA	2C	2C294	171	9	10	Reduction	Early	Reduction
2018-06-22T00:00:00Z	2	C	294	1	NA	2	3	NA	NA	NA	NA	NA	NA	NA	NA	NA	NA	NA	NA	NA	NA	NA	NA	NA	NA	NA	NA	NA	NA	NA	NA	NA	NA	NA	NA	NA	NA	NA	NA	NA	2C	2C294	173	3	2	Reduction	Early	Reduction
2018-06-25T00:00:00Z	2	C	294	1	NA	8	4	NA	NA	NA	NA	NA	NA	NA	NA	NA	NA	NA	NA	NA	NA	NA	NA	NA	NA	NA	NA	NA	NA	NA	NA	NA	NA	NA	NA	NA	NA	NA	NA	NA	2C	2C294	176	4	8	Reduction	Early	Reduction
2018-07-03T00:00:00Z	2	C	294	1	NA	2	4	2	NA	NA	NA	NA	NA	NA	NA	NA	NA	NA	NA	NA	NA	NA	NA	NA	NA	NA	NA	NA	NA	NA	NA	NA	NA	NA	NA	0	NA	0	0	NA	2C	2C294	184	4	2	Reduction	Early	Reduction
2018-07-09T00:00:00Z	2	C	294	1	NA	2	0	0	NA	NA	NA	NA	NA	NA	NA	NA	NA	NA	NA	NA	NA	NA	NA	NA	NA	NA	NA	NA	NA	NA	NA	NA	NA	NA	NA	NA	NA	NA	NA	NA	2C	2C294	190	0	2	Reduction	Early	Reduction
2018-07-16T00:00:00Z	2	C	294	1	17	0	0	NA	NA	NA	NA	NA	NA	NA	NA	NA	NA	NA	NA	NA	NA	NA	NA	NA	NA	NA	NA	NA	NA	NA	NA	NA	NA	NA	NA	NA	NA	0	NA	NA	2C	2C294	197	0	0	Reduction	Early	Reduction
2018-07-20T00:00:00Z	2	C	294	1	NA	0	0	NA	NA	NA	NA	NA	NA	NA	NA	NA	NA	NA	NA	NA	NA	NA	NA	NA	NA	NA	NA	NA	NA	NA	NA	NA	NA	NA	NA	NA	NA	NA	NA	NA	2C	2C294	201	0	0	Reduction	Early	Reduction
2018-06-29T00:00:00Z	2	C	294	1	NA	13	4	4	NA	NA	NA	NA	NA	NA	NA	NA	NA	NA	NA	NA	NA	NA	NA	NA	NA	NA	NA	NA	NA	NA	NA	NA	NA	NA	NA	NA	NA	NA	NA	NA	2C	2C294	180	4	13	Reduction	Early	Reduction
2018-06-27T00:00:00Z	2	C	294	1	18	10	4	NA	NA	NA	NA	NA	NA	NA	NA	NA	NA	NA	NA	NA	NA	NA	NA	NA	NA	NA	NA	NA	NA	NA	NA	NA	NA	NA	NA	NA	NA	0	NA	NR	2C	2C294	178	4	10	Reduction	Early	Reduction
2018-07-06T00:00:00Z	2	D	294	1	NA	1	1	0	NA	NA	NA	NA	NA	NA	NA	NA	NA	NA	NA	NA	NA	NA	NA	NA	NA	NA	NA	NA	NA	NA	NA	NA	NA	NA	NA	NA	NA	NA	NA	SF	2D	2D294	187	1	1	Addition	Early	Addition
2018-06-15T00:00:00Z	5	B	294	2	27	8	0	NA	1	NA	NA	NA	NA	NA	NA	NA	NA	NA	NA	NA	NA	NA	NA	NA	NA	NA	NA	NA	NA	NA	NA	NA	NA	NA	NA	NA	NA	NA	NA	NA	5B	5B294	166	0	9	Control	Early	Mock rainout
2018-06-15T00:00:00Z	5	B	294	2	NA	3	0	NA	0	0	NA	NA	NA	NA	NA	NA	NA	NA	NA	NA	NA	NA	NA	NA	NA	NA	NA	NA	NA	NA	NA	NA	NA	NA	NA	NA	NA	NA	NA	NA	5B	5B294	166	0	3	Control	Early	Mock rainout
2018-06-18T00:00:00Z	5	B	294	2	28	5	0	NA	10	1	NA	NA	NA	NA	NA	NA	NA	NA	NA	NA	NA	NA	NA	NA	NA	NA	NA	NA	NA	NA	NA	NA	NA	NA	NA	NA	NA	NA	NA	NA	5B	5B294	169	1	15	Control	Early	Mock rainout
2018-06-20T00:00:00Z	5	B	294	2	29	16	1	NA	18	2	NA	NA	NA	NA	NA	NA	NA	NA	NA	NA	NA	NA	NA	NA	NA	NA	NA	NA	NA	NA	NA	NA	NA	NA	NA	NA	NA	NA	NA	NA	5B	5B294	171	3	34	Control	Early	Mock rainout
2018-06-21T00:00:00Z	5	B	294	NA	NA	NA	NA	NA	NA	NA	NA	NA	NA	NA	NA	NA	NA	NA	NA	NA	NA	NA	NA	NA	NA	NA	NA	NA	NA	NA	NA	NA	NA	NA	NA	NA	NA	0	NA	NA	5B	5B294	172	0	0	Control	Early	Mock rainout
2018-06-22T00:00:00Z	5	B	294	2	NA	1	7	NA	6	5	NA	NA	NA	NA	NA	NA	NA	NA	NA	NA	NA	NA	NA	NA	NA	NA	NA	NA	NA	NA	NA	NA	NA	NA	NA	NA	NA	NA	NA	NA	5B	5B294	173	12	7	Control	Early	Mock rainout
2018-06-25T00:00:00Z	5	B	294	2	NA	10	5	NA	11	4	NA	NA	NA	NA	NA	NA	NA	NA	NA	NA	NA	NA	NA	NA	NA	NA	NA	NA	NA	NA	NA	NA	NA	NA	NA	NA	NA	NA	NA	broken	5B	5B294	176	9	21	Control	Early	Mock rainout
2018-06-29T00:00:00Z	5	B	294	2	NA	2	5	5	9	7	2	NA	NA	NA	NA	NA	NA	NA	NA	NA	NA	NA	NA	NA	NA	NA	NA	NA	NA	NA	NA	NA	NA	NA	NA	NA	NA	NA	NA	NA	5B	5B294	180	12	11	Control	Early	Mock rainout
2018-07-09T00:00:00Z	5	B	294	1	NA	NA	NA	NA	NA	NA	NA	NA	NA	NA	NA	NA	NA	NA	NA	NA	NA	NA	NA	NA	NA	NA	NA	NA	NA	NA	NA	NA	NA	NA	NA	NA	NA	0	NA	broken, dried	5B	5B294	190	0	0	Control	Early	Mock rainout
2018-07-16T00:00:00Z	5	B	294	2	29	0	0	NA	1	1	NA	NA	NA	NA	NA	NA	NA	NA	NA	NA	NA	NA	NA	NA	NA	NA	NA	NA	NA	NA	NA	NA	NA	NA	NA	NA	NA	0	NA	NA	5B	5B294	197	1	1	Control	Early	Mock rainout
2018-07-20T00:00:00Z	5	B	294	2	NA	4	0	NA	NA	NA	NA	NA	NA	NA	NA	NA	NA	NA	NA	NA	NA	NA	NA	NA	NA	NA	NA	NA	NA	NA	NA	NA	NA	NA	NA	NA	0	0	NA	NA	5B	5B294	201	0	4	Control	Early	Mock rainout
2018-07-25T00:00:00Z	5	B	294	2	NA	0	0	NA	4	0	NA	NA	NA	NA	NA	NA	NA	NA	NA	NA	NA	NA	NA	NA	NA	NA	NA	NA	NA	NA	NA	NA	NA	NA	NA	NA	NA	1	1	NA	5B	5B294	206	0	4	Control	Early	Mock rainout
2018-07-31T00:00:00Z	5	B	294	1	NA	5	0	NA	NA	NA	NA	NA	NA	NA	NA	NA	NA	NA	NA	NA	NA	NA	NA	NA	NA	NA	NA	NA	NA	NA	NA	NA	NA	NA	NA	NA	NA	NA	NA	NA	5B	5B294	212	0	5	Control	Early	Mock rainout
2018-08-07T00:00:00Z	5	B	294	1	NA	0	1	NA	NA	NA	NA	NA	NA	NA	NA	NA	NA	NA	NA	NA	NA	NA	NA	NA	NA	NA	NA	NA	NA	NA	NA	NA	NA	NA	NA	NA	NA	NA	NA	NA	5B	5B294	219	1	0	Control	Early	Mock rainout
2018-08-10T00:00:00Z	5	B	294	2	NA	0	1	NA	NA	NA	NA	NA	NA	NA	NA	NA	NA	NA	NA	NA	NA	NA	NA	NA	NA	NA	NA	NA	NA	NA	NA	NA	NA	NA	NA	NA	NA	NA	NA	NA	5B	5B294	222	1	0	Control	Early	Mock rainout
2018-06-27T00:00:00Z	5	B	294	2	35	5	6	NA	15	0	NA	NA	NA	NA	NA	NA	NA	NA	NA	NA	NA	NA	NA	NA	NA	NA	NA	NA	NA	NA	NA	NA	NA	NA	NA	NA	NA	3	3	1 stalk broken, NR	5B	5B294	178	6	20	Control	Early	Mock rainout
2018-06-25T00:00:00Z	2	C	295	2	NA	8	1	NA	NA	NA	NA	NA	NA	NA	NA	NA	NA	NA	NA	NA	NA	NA	NA	NA	NA	NA	NA	NA	NA	NA	NA	NA	NA	NA	NA	NA	NA	NA	NA	NA	2C	2C295	176	1	8	Reduction	Early	Reduction
2018-07-03T00:00:00Z	2	C	295	2	NA	1	3	1	5	0	0	NA	NA	NA	NA	NA	NA	NA	NA	NA	NA	NA	NA	NA	NA	NA	NA	NA	NA	NA	NA	NA	NA	NA	NA	0	NA	0	NA	NA	2C	2C295	184	3	6	Reduction	Early	Reduction
2018-06-27T00:00:00Z	2	C	295	1	17	8	1	NA	NA	NA	NA	NA	NA	NA	NA	NA	NA	NA	NA	NA	NA	NA	NA	NA	NA	NA	NA	NA	NA	NA	NA	NA	NA	NA	NA	NA	NA	0	NA	NA	2C	2C295	178	1	8	Reduction	Early	Reduction
2018-07-06T00:00:00Z	2	D	295	1	NA	2	3	0	NA	NA	NA	NA	NA	NA	NA	NA	NA	NA	NA	NA	NA	NA	NA	NA	NA	NA	NA	NA	NA	NA	NA	NA	NA	NA	NA	NA	NA	NA	NA	broken	2D	2D295	187	3	2	Addition	Early	Addition
2018-07-20T00:00:00Z	2	C	299	1	NA	1	1	0	NA	NA	NA	NA	NA	NA	NA	NA	NA	NA	NA	NA	NA	NA	NA	NA	NA	NA	NA	NA	NA	NA	NA	NA	NA	NA	NA	NA	0	0	NA	NA	2C	2C299	201	1	1	Reduction	Early	Reduction
2018-07-20T00:00:00Z	1	B	564	1	NA	0	0	NA	NA	NA	NA	NA	NA	NA	NA	NA	NA	NA	NA	NA	NA	NA	NA	NA	NA	NA	NA	NA	NA	NA	NA	NA	NA	NA	NA	NA	NA	NA	NA	NA	1B	1B564	201	0	0	Control	Normal	Control
2018-07-03T00:00:00Z	3	B	601	1	NA	6	1	1	NA	NA	NA	NA	NA	NA	NA	NA	NA	NA	NA	NA	NA	NA	NA	NA	NA	NA	NA	NA	NA	NA	NA	NA	NA	NA	NA	NA	NA	1	1	NA	3B	3B601	184	1	6	Control	Normal	Mock rainout
2018-07-06T00:00:00Z	3	B	601	4	NA	2	0	0	4	0	0	3	0	0	5	0	0	NA	NA	NA	NA	NA	NA	NA	NA	NA	NA	NA	NA	NA	NA	NA	NA	NA	NA	NA	NA	NA	NA	NA	3B	3B601	187	0	14	Control	Normal	Mock rainout
2018-07-09T00:00:00Z	3	B	601	4	NA	0	1	0	5	3	3	5	3	0	3	2	1	0	1	FALSE	TRUE	FALSE	FALSE	NA	NA	NA	NA	NA	NA	NA	NA	NA	NA	NA	NA	NA	NA	4	4	NA	3B	3B601	190	10	14	Control	Normal	Mock rainout
2018-07-16T00:00:00Z	3	B	601	5	34	4	2	2	4	0	0	3	2	2	0	2	2	2	2	TRUE	NA	NA	NA	NA	NA	NA	NA	NA	NA	NA	NA	NA	NA	NA	NA	NA	NA	0	NA	NA	3B	3B601	197	8	13	Control	Normal	Mock rainout
2018-07-20T00:00:00Z	3	B	601	1	NA	2	0	NA	NA	NA	NA	NA	NA	NA	NA	NA	NA	NA	NA	NA	NA	NA	NA	NA	NA	NA	NA	NA	NA	NA	NA	NA	NA	NA	NA	NA	NA	NA	NA	NA	3B	3B601	201	0	2	Control	Normal	Mock rainout
2018-07-20T00:00:00Z	3	B	601	1	NA	13	3	2	NA	NA	NA	NA	NA	NA	NA	NA	NA	NA	NA	NA	NA	NA	NA	NA	NA	NA	NA	NA	NA	NA	NA	NA	NA	NA	NA	NA	0	0	NA	NA	3B	3B601	201	3	13	Control	Normal	Mock rainout
2018-06-27T00:00:00Z	3	B	601	1	32	1	0	NA	NA	NA	NA	NA	NA	NA	NA	NA	NA	NA	NA	NA	NA	NA	NA	NA	NA	NA	NA	NA	NA	NA	NA	NA	NA	NA	NA	NA	NA	NA	NA	NA	3B	3B601	178	0	1	Control	Normal	Mock rainout
2018-06-29T00:00:00Z	6	C	601	1	NA	3	0	0	NA	NA	NA	NA	NA	NA	NA	NA	NA	NA	NA	NA	NA	NA	NA	NA	NA	NA	NA	NA	NA	NA	NA	NA	NA	NA	NA	NA	NA	NA	NA	NA	6C	6C601	180	0	3	Control	Normal	Mock rainout
2018-06-15T00:00:00Z	3	B	606	1	19.5	23	NA	NA	NA	NA	NA	NA	NA	NA	NA	NA	NA	NA	NA	NA	NA	NA	NA	NA	NA	NA	NA	NA	NA	NA	NA	NA	NA	NA	NA	NA	NA	NA	NA	2 buds damaged	3B	3B606	166	0	23	Control	Normal	Mock rainout
2018-06-18T00:00:00Z	3	B	606	1	22	15	8	NA	NA	NA	NA	NA	NA	NA	NA	NA	NA	NA	NA	NA	NA	NA	NA	NA	NA	NA	NA	NA	NA	NA	NA	NA	NA	NA	NA	NA	NA	NA	NA	NA	3B	3B606	169	8	15	Control	Normal	Mock rainout
2018-06-20T00:00:00Z	3	B	606	1	22	15	13	NA	NA	NA	NA	NA	NA	NA	NA	NA	NA	NA	NA	NA	NA	NA	NA	NA	NA	NA	NA	NA	NA	NA	NA	NA	NA	NA	NA	NA	NA	2	2	NA	3B	3B606	171	13	15	Control	Normal	Mock rainout
2018-06-22T00:00:00Z	3	B	606	1	NA	6	6	NA	NA	NA	NA	NA	NA	NA	NA	NA	NA	NA	NA	NA	NA	NA	NA	NA	NA	NA	NA	NA	NA	NA	NA	NA	NA	NA	NA	NA	NA	NA	NA	NA	3B	3B606	173	6	6	Control	Normal	Mock rainout
2018-06-25T00:00:00Z	3	B	606	1	NA	3	9	NA	NA	NA	NA	NA	NA	NA	NA	NA	NA	NA	NA	NA	NA	NA	NA	NA	NA	NA	NA	NA	NA	NA	NA	NA	NA	NA	NA	NA	NA	NA	NA	NA	3B	3B606	176	9	3	Control	Normal	Mock rainout
2018-07-03T00:00:00Z	3	B	606	1	NA	0	0	0	NA	NA	NA	NA	NA	NA	NA	NA	NA	NA	NA	NA	NA	NA	NA	NA	NA	NA	NA	NA	NA	NA	NA	NA	NA	NA	NA	NA	NA	NA	NA	dead	3B	3B606	184	0	0	Control	Normal	Mock rainout
2018-07-06T00:00:00Z	3	B	606	1	NA	0	0	NA	NA	NA	NA	NA	NA	NA	NA	NA	NA	NA	NA	NA	NA	NA	NA	NA	NA	NA	NA	NA	NA	NA	NA	NA	NA	NA	NA	NA	NA	NA	NA	S	3B	3B606	187	0	0	Control	Normal	Mock rainout
2018-07-20T00:00:00Z	3	B	606	1	NA	0	0	NA	NA	NA	NA	NA	NA	NA	NA	NA	NA	NA	NA	NA	NA	NA	NA	NA	NA	NA	NA	NA	NA	NA	NA	NA	NA	NA	NA	NA	NA	NA	NA	NA	3B	3B606	201	0	0	Control	Normal	Mock rainout
2018-07-20T00:00:00Z	3	B	606	1	NA	0	0	0	NA	NA	NA	NA	NA	NA	NA	NA	NA	NA	NA	NA	NA	NA	NA	NA	NA	NA	NA	NA	NA	NA	NA	NA	NA	NA	NA	NA	0	0	NA	NA	3B	3B606	201	0	0	Control	Normal	Mock rainout
2018-06-27T00:00:00Z	3	B	606	1	23	0	6	NA	NA	NA	NA	NA	NA	NA	NA	NA	NA	NA	NA	NA	NA	NA	NA	NA	NA	NA	NA	NA	NA	NA	NA	NA	NA	NA	NA	NA	NA	0	NA	NR	3B	3B606	178	6	0	Control	Normal	Mock rainout
2018-06-25T00:00:00Z	6	B	632	1	NA	11	0	NA	NA	NA	NA	NA	NA	NA	NA	NA	NA	NA	NA	NA	NA	NA	NA	NA	NA	NA	NA	NA	NA	NA	NA	NA	NA	NA	NA	NA	NA	NA	NA	NA	6B	6B632	176	0	11	Reduction	Normal	Reduction
2018-06-27T00:00:00Z	6	B	632	1	24	15	2	NA	NA	NA	NA	NA	NA	NA	NA	NA	NA	NA	NA	NA	NA	NA	NA	NA	NA	NA	NA	NA	NA	NA	NA	NA	NA	NA	NA	NA	NA	0	0	nectar robbing	6B	6B632	178	2	15	Reduction	Normal	Reduction
2018-06-29T00:00:00Z	6	B	632	1	NA	11	3	0	NA	NA	NA	NA	NA	NA	NA	NA	NA	NA	NA	NA	NA	NA	NA	NA	NA	NA	NA	NA	NA	NA	NA	NA	NA	NA	NA	NA	NA	NA	NA	NA	6B	6B632	180	3	11	Reduction	Normal	Reduction
2018-07-05T00:00:00Z	6	B	632	1	NA	9	3	1	NA	NA	NA	NA	NA	NA	NA	NA	NA	NA	NA	NA	NA	NA	NA	NA	NA	NA	NA	NA	NA	NA	NA	NA	NA	NA	NA	NA	NA	0	NA	NA	6B	6B632	186	3	9	Reduction	Normal	Reduction
2018-07-09T00:00:00Z	6	B	632	1	NA	0	0	0	NA	NA	NA	NA	NA	NA	NA	NA	NA	NA	NA	NA	NA	NA	NA	NA	NA	NA	NA	NA	NA	NA	NA	NA	NA	NA	NA	NA	NA	NA	NA	NA	6B	6B632	190	0	0	Reduction	Normal	Reduction
2018-07-11T00:00:00Z	6	B	632	1	NA	2	1	1	NA	NA	NA	NA	NA	NA	NA	NA	NA	NA	NA	NA	NA	NA	NA	NA	NA	NA	NA	NA	NA	NA	NA	NA	NA	NA	NA	NA	NA	NA	NA	NA	6B	6B632	192	1	2	Reduction	Normal	Reduction
2018-07-16T00:00:00Z	6	B	632	1	24	0	0	NA	NA	NA	NA	NA	NA	NA	NA	NA	NA	NA	NA	NA	NA	NA	NA	NA	NA	NA	NA	NA	NA	NA	NA	NA	NA	NA	NA	NA	NA	0	NA	NA	6B	6B632	197	0	0	Reduction	Normal	Reduction
2018-07-20T00:00:00Z	6	B	632	1	NA	0	0	NA	NA	NA	NA	NA	NA	NA	NA	NA	NA	NA	NA	NA	NA	NA	NA	NA	NA	NA	NA	NA	NA	NA	NA	NA	NA	NA	NA	NA	0	0	NA	NA	6B	6B632	201	0	0	Reduction	Normal	Reduction
2018-07-25T00:00:00Z	6	B	632	1	NA	0	0	NA	NA	NA	NA	NA	NA	NA	NA	NA	NA	NA	NA	NA	NA	NA	NA	NA	NA	NA	NA	NA	NA	NA	NA	NA	NA	NA	NA	NA	NA	NA	NA	NA	6B	6B632	206	0	0	Reduction	Normal	Reduction
2018-07-03T00:00:00Z	3	A	647	1	NA	7	0	0	NA	NA	NA	NA	NA	NA	NA	NA	NA	NA	NA	NA	NA	NA	NA	NA	NA	NA	NA	NA	NA	NA	NA	NA	NA	NA	NA	NA	NA	NA	NA	NA	3A	3A647	184	0	7	Reduction	Normal	Reduction
2018-07-06T00:00:00Z	3	A	647	1	NA	10	1	1	NA	NA	NA	NA	NA	NA	NA	NA	NA	NA	NA	NA	NA	NA	NA	NA	NA	NA	NA	NA	NA	NA	NA	NA	NA	NA	NA	NA	NA	NA	NA	NA	3A	3A647	187	1	10	Reduction	Normal	Reduction
2018-07-09T00:00:00Z	3	A	647	1	NA	11	3	2	NA	NA	NA	NA	NA	NA	NA	NA	NA	NA	NA	NA	NA	NA	NA	NA	NA	NA	NA	NA	NA	NA	NA	NA	NA	NA	NA	NA	NA	0	NA	NA	3A	3A647	190	3	11	Reduction	Normal	Reduction
2018-07-16T00:00:00Z	3	A	647	1	28	2	4	2	NA	NA	NA	NA	NA	NA	NA	NA	NA	NA	NA	NA	NA	NA	NA	NA	NA	NA	NA	NA	NA	NA	NA	NA	NA	NA	NA	NA	NA	0	NA	NA	3A	3A647	197	4	2	Reduction	Normal	Reduction
2018-07-20T00:00:00Z	3	A	647	1	NA	0	0	NA	NA	NA	NA	NA	NA	NA	NA	NA	NA	NA	NA	NA	NA	NA	NA	NA	NA	NA	NA	NA	NA	NA	NA	NA	NA	NA	NA	NA	NA	NA	NA	dead	3A	3A647	201	0	0	Reduction	Normal	Reduction
2018-07-20T00:00:00Z	3	A	647	1	NA	0	0	0	NA	NA	NA	NA	NA	NA	NA	NA	NA	NA	NA	NA	NA	NA	NA	NA	NA	NA	NA	NA	NA	NA	NA	NA	NA	NA	NA	NA	0	0	NA	NA	3A	3A647	201	0	0	Reduction	Normal	Reduction
2018-08-10T00:00:00Z	3	A	647	1	NA	2	0	NA	NA	NA	NA	NA	NA	NA	NA	NA	NA	NA	NA	NA	NA	NA	NA	NA	NA	NA	NA	NA	NA	NA	NA	NA	NA	NA	NA	NA	NA	NA	NA	NA	3A	3A647	222	0	2	Reduction	Normal	Reduction
2018-08-15T00:00:00Z	3	A	647	1	NA	1	0	0	NA	NA	NA	NA	NA	NA	NA	NA	NA	NA	NA	NA	NA	NA	NA	NA	NA	NA	NA	NA	NA	NA	NA	NA	NA	NA	NA	0	0	NA	NA	NA	3A	3A647	227	0	1	Reduction	Normal	Reduction
2018-07-03T00:00:00Z	3	D	647	3	NA	4	2	2	5	2	2	5	2	2	NA	NA	NA	NA	NA	NA	NA	NA	NA	NA	NA	NA	NA	NA	NA	NA	NA	NA	NA	NA	NA	NA	NA	2	2	NA	3D	3D647	184	6	14	Control	Normal	Control
2018-06-18T00:00:00Z	1	B	655	1	30	1	0	NA	NA	NA	NA	NA	NA	NA	NA	NA	NA	NA	NA	NA	NA	NA	NA	NA	NA	NA	NA	NA	NA	NA	NA	NA	NA	NA	NA	NA	NA	NA	NA	NA	1B	1B655	169	0	1	Control	Normal	Control
2018-06-20T00:00:00Z	1	B	655	1	44	4	0	NA	NA	NA	NA	NA	NA	NA	NA	NA	NA	NA	NA	NA	NA	NA	NA	NA	NA	NA	NA	NA	NA	NA	NA	NA	NA	NA	NA	NA	NA	NA	NA	NA	1B	1B655	171	0	4	Control	Normal	Control
2018-06-22T00:00:00Z	1	B	655	1	NA	6	0	NA	NA	NA	NA	NA	NA	NA	NA	NA	NA	NA	NA	NA	NA	NA	NA	NA	NA	NA	NA	NA	NA	NA	NA	NA	NA	NA	NA	NA	NA	NA	NA	NA	1B	1B655	173	0	6	Control	Normal	Control
2018-06-25T00:00:00Z	1	B	655	1	NA	19	3	NA	NA	NA	NA	NA	NA	NA	NA	NA	NA	NA	NA	NA	NA	NA	NA	NA	NA	NA	NA	NA	NA	NA	NA	NA	NA	NA	NA	NA	NA	NA	NA	NA	1B	1B655	176	3	19	Control	Normal	Control
2018-07-02T00:00:00Z	1	B	655	1	NA	13	6	3	NA	NA	NA	NA	NA	NA	NA	NA	NA	NA	NA	NA	NA	NA	NA	NA	NA	NA	NA	NA	NA	NA	NA	NA	NA	NA	NA	NA	NA	1	1	NA	1B	1B655	183	6	13	Control	Normal	Control
2018-07-06T00:00:00Z	1	B	655	1	NA	7	6	5	NA	NA	NA	NA	NA	NA	NA	NA	NA	NA	NA	NA	NA	NA	NA	NA	NA	NA	NA	NA	NA	NA	NA	NA	NA	NA	NA	NA	NA	NA	NA	NA	1B	1B655	187	6	7	Control	Normal	Control
2018-07-09T00:00:00Z	1	B	655	1	NA	6	5	5	NA	NA	NA	NA	NA	NA	NA	NA	NA	NA	NA	NA	NA	NA	NA	NA	NA	NA	NA	NA	NA	NA	NA	NA	NA	NA	NA	NA	NA	0	NA	NA	1B	1B655	190	5	6	Control	Normal	Control
2018-07-16T00:00:00Z	1	B	655	1	42	1	2	1	NA	NA	NA	NA	NA	NA	NA	NA	NA	NA	NA	NA	NA	NA	NA	NA	NA	NA	NA	NA	NA	NA	NA	NA	NA	NA	NA	1	NA	0	NA	NA	1B	1B655	197	2	1	Control	Normal	Control
2018-07-20T00:00:00Z	1	B	655	1	NA	6	1	NA	NA	NA	NA	NA	NA	NA	NA	NA	NA	NA	NA	NA	NA	NA	NA	NA	NA	NA	NA	NA	NA	NA	NA	NA	NA	NA	NA	NA	NA	NA	NA	NA	1B	1B655	201	1	6	Control	Normal	Control
2018-07-20T00:00:00Z	1	B	655	1	NA	1	1	0	NA	NA	NA	NA	NA	NA	NA	NA	NA	NA	NA	NA	NA	NA	NA	NA	NA	NA	NA	NA	NA	NA	NA	NA	NA	NA	NA	NA	0	0	NA	NA	1B	1B655	201	1	1	Control	Normal	Control
2018-06-29T00:00:00Z	1	B	655	1	NA	25	5	3	NA	NA	NA	NA	NA	NA	NA	NA	NA	NA	NA	NA	NA	NA	NA	NA	NA	NA	NA	NA	NA	NA	NA	NA	NA	NA	NA	NA	NA	NA	NA	NA	1B	1B655	180	5	25	Control	Normal	Control
2018-07-31T00:00:00Z	1	B	655	1	NA	2	0	NA	NA	NA	NA	NA	NA	NA	NA	NA	NA	NA	NA	NA	NA	NA	NA	NA	NA	NA	NA	NA	NA	NA	NA	NA	NA	NA	NA	NA	NA	NA	NA	NA	1B	1B655	212	0	2	Control	Normal	Control
2018-08-10T00:00:00Z	1	B	655	1	NA	5	1	NA	NA	NA	NA	NA	NA	NA	NA	NA	NA	NA	NA	NA	NA	NA	NA	NA	NA	NA	NA	NA	NA	NA	NA	NA	NA	NA	NA	NA	NA	0	NA	NA	1B	1B655	222	1	5	Control	Normal	Control
2018-06-27T00:00:00Z	1	B	655	1	40	22	4	NA	NA	NA	NA	NA	NA	NA	NA	NA	NA	NA	NA	NA	NA	NA	NA	NA	NA	NA	NA	NA	NA	NA	NA	NA	NA	NA	NA	NA	3	2	2	2 flies mating, 1 other.	1B	1B655	178	4	22	Control	Normal	Control
2018-06-29T00:00:00Z	1	B	662	1	NA	6	1	1	NA	NA	NA	NA	NA	NA	NA	NA	NA	NA	NA	NA	NA	NA	NA	NA	NA	NA	NA	NA	NA	NA	NA	NA	NA	NA	NA	NA	NA	NA	NA	NA	1B	1B662	180	1	6	Control	Normal	Control
2018-07-02T00:00:00Z	1	B	664	1	NA	11	5	1	NA	NA	NA	NA	NA	NA	NA	NA	NA	NA	NA	NA	NA	NA	NA	NA	NA	NA	NA	NA	NA	NA	NA	NA	NA	NA	NA	NA	NA	0	NA	NA	1B	1B664	183	5	11	Control	Normal	Control
2018-07-06T00:00:00Z	1	B	664	1	NA	7	4	4	NA	NA	NA	NA	NA	NA	NA	NA	NA	NA	NA	NA	NA	NA	NA	NA	NA	NA	NA	NA	NA	NA	NA	NA	NA	NA	NA	NA	NA	NA	NA	NA	1B	1B664	187	4	7	Control	Normal	Control
2018-07-09T00:00:00Z	1	B	664	1	NA	7	5	4	NA	NA	NA	NA	NA	NA	NA	NA	NA	NA	NA	NA	NA	NA	NA	NA	NA	NA	NA	NA	NA	NA	NA	NA	NA	NA	NA	NA	NA	0	NA	NA	1B	1B664	190	5	7	Control	Normal	Control
2018-07-16T00:00:00Z	1	B	664	1	29	0	2	NA	NA	NA	NA	NA	NA	NA	NA	NA	NA	NA	NA	NA	NA	NA	NA	NA	NA	NA	NA	NA	NA	NA	NA	NA	NA	NA	NA	NA	NA	0	NA	NA	1B	1B664	197	2	0	Control	Normal	Control
2018-08-07T00:00:00Z	1	B	664	1	NA	6	2	NA	NA	NA	NA	NA	NA	NA	NA	NA	NA	NA	NA	NA	NA	NA	NA	NA	NA	NA	NA	NA	NA	NA	NA	NA	NA	NA	NA	NA	NA	NA	NA	NA	1B	1B664	219	2	6	Control	Normal	Control
2018-08-10T00:00:00Z	1	B	664	1	NA	4	3	NA	NA	NA	NA	NA	NA	NA	NA	NA	NA	NA	NA	NA	NA	NA	NA	NA	NA	NA	NA	NA	NA	NA	NA	NA	NA	NA	NA	NA	NA	0	NA	NA	1B	1B664	222	3	4	Control	Normal	Control
2018-08-15T00:00:00Z	1	B	664	1	NA	3	0	0	NA	NA	NA	NA	NA	NA	NA	NA	NA	NA	NA	NA	NA	NA	NA	NA	NA	NA	NA	NA	NA	NA	NA	NA	NA	NA	NA	0	0	NA	NA	NA	1B	1B664	227	0	3	Control	Normal	Control
2018-06-27T00:00:00Z	1	B	664	1	25.5	4	0	NA	NA	NA	NA	NA	NA	NA	NA	NA	NA	NA	NA	NA	NA	NA	NA	NA	NA	NA	NA	NA	NA	NA	NA	NA	NA	NA	NA	NA	NA	NA	NA	NA	1B	1B664	178	0	4	Control	Normal	Control
2018-08-07T00:00:00Z	1	B	665	1	NA	8	0	NA	NA	NA	NA	NA	NA	NA	NA	NA	NA	NA	NA	NA	NA	NA	NA	NA	NA	NA	NA	NA	NA	NA	NA	NA	NA	NA	NA	NA	NA	NA	NA	NA	1B	1B665	219	0	8	Control	Normal	Control
2018-06-15T00:00:00Z	1	B	668	1	NA	1	0	NA	NA	NA	NA	NA	NA	NA	NA	NA	NA	NA	NA	NA	NA	NA	NA	NA	NA	NA	NA	NA	NA	NA	NA	NA	NA	NA	NA	NA	NA	NA	NA	1 bud damaged	1B	1B668	166	0	1	Control	Normal	Control
2018-06-20T00:00:00Z	1	B	668	1	24	14	0	NA	NA	NA	NA	NA	NA	NA	NA	NA	NA	NA	NA	NA	NA	NA	NA	NA	NA	NA	NA	NA	NA	NA	NA	NA	NA	NA	NA	NA	NA	NA	NA	NA	1B	1B668	171	0	14	Control	Normal	Control
2018-06-22T00:00:00Z	1	B	668	1	NA	7	4	NA	NA	NA	NA	NA	NA	NA	NA	NA	NA	NA	NA	NA	NA	NA	NA	NA	NA	NA	NA	NA	NA	NA	NA	NA	NA	NA	NA	NA	NA	NA	NA	NA	1B	1B668	173	4	7	Control	Normal	Control
2018-06-25T00:00:00Z	1	B	668	1	NA	13	5	NA	NA	NA	NA	NA	NA	NA	NA	NA	NA	NA	NA	NA	NA	NA	NA	NA	NA	NA	NA	NA	NA	NA	NA	NA	NA	NA	NA	NA	NA	NA	NA	NA	1B	1B668	176	5	13	Control	Normal	Control
2018-07-02T00:00:00Z	1	B	668	1	NA	5	5	3	NA	NA	NA	NA	NA	NA	NA	NA	NA	NA	NA	NA	NA	NA	NA	NA	NA	NA	NA	NA	NA	NA	NA	NA	NA	NA	NA	NA	NA	0	NA	NA	1B	1B668	183	5	5	Control	Normal	Control
2018-07-06T00:00:00Z	1	B	668	1	NA	0	4	2	NA	NA	NA	NA	NA	NA	NA	NA	NA	NA	NA	NA	NA	NA	NA	NA	NA	NA	NA	NA	NA	NA	NA	NA	NA	NA	NA	NA	NA	NA	NA	NA	1B	1B668	187	4	0	Control	Normal	Control
2018-07-09T00:00:00Z	1	B	668	1	NA	0	0	0	NA	NA	NA	NA	NA	NA	NA	NA	NA	NA	NA	NA	NA	NA	NA	NA	NA	NA	NA	NA	NA	NA	NA	NA	NA	NA	NA	NA	NA	NA	NA	NA	1B	1B668	190	0	0	Control	Normal	Control
2018-07-20T00:00:00Z	1	B	668	1	NA	0	0	NA	NA	NA	NA	NA	NA	NA	NA	NA	NA	NA	NA	NA	NA	NA	NA	NA	NA	NA	NA	NA	NA	NA	NA	NA	NA	NA	NA	NA	NA	NA	NA	NA	1B	1B668	201	0	0	Control	Normal	Control
2018-07-20T00:00:00Z	1	B	668	1	NA	0	0	0	NA	NA	NA	NA	NA	NA	NA	NA	NA	NA	NA	NA	NA	NA	NA	NA	NA	NA	NA	NA	NA	NA	NA	NA	NA	NA	NA	NA	0	0	NA	NA	1B	1B668	201	0	0	Control	Normal	Control
2018-07-31T00:00:00Z	1	B	668	1	NA	2	0	NA	NA	NA	NA	NA	NA	NA	NA	NA	NA	NA	NA	NA	NA	NA	NA	NA	NA	NA	NA	NA	NA	NA	NA	NA	NA	NA	NA	NA	NA	NA	NA	NA	1B	1B668	212	0	2	Control	Normal	Control
2018-06-27T00:00:00Z	1	B	668	1	30	9	7	NA	NA	NA	NA	NA	NA	NA	NA	NA	NA	NA	NA	NA	NA	NA	NA	NA	NA	NA	NA	NA	NA	NA	NA	NA	NA	NA	NA	NA	NA	0	NA	NA	1B	1B668	178	7	9	Control	Normal	Control
2018-06-15T00:00:00Z	1	B	675	1	24	19	0	NA	NA	NA	NA	NA	NA	NA	NA	NA	NA	NA	NA	NA	NA	NA	NA	NA	NA	NA	NA	NA	NA	NA	NA	NA	NA	NA	NA	NA	NA	NA	NA	1 bud damaged	1B	1B675	166	0	19	Control	Normal	Control
2018-06-15T00:00:00Z	1	B	675	1	NA	12	0	NA	NA	NA	NA	NA	NA	NA	NA	NA	NA	NA	NA	NA	NA	NA	NA	NA	NA	NA	NA	NA	NA	NA	NA	NA	NA	NA	NA	NA	NA	NA	NA	NA	1B	1B675	166	0	12	Control	Normal	Control
2018-06-18T00:00:00Z	1	B	675	1	25	19	10	NA	NA	NA	NA	NA	NA	NA	NA	NA	NA	NA	NA	NA	NA	NA	NA	NA	NA	NA	NA	NA	NA	NA	NA	NA	NA	NA	NA	NA	NA	NA	NA	NA	1B	1B675	169	10	19	Control	Normal	Control
2018-06-20T00:00:00Z	1	B	675	1	26	24	7	NA	NA	NA	NA	NA	NA	NA	NA	NA	NA	NA	NA	NA	NA	NA	NA	NA	NA	NA	NA	NA	NA	NA	NA	NA	NA	NA	NA	NA	NA	2	2	NA	1B	1B675	171	7	24	Control	Normal	Control
2018-06-25T00:00:00Z	1	B	675	1	NA	8	17	NA	NA	NA	NA	NA	NA	NA	NA	NA	NA	NA	NA	NA	NA	NA	NA	NA	NA	NA	NA	NA	NA	NA	NA	NA	NA	NA	NA	NA	NA	NA	NA	NA	1B	1B675	176	17	8	Control	Normal	Control
2018-07-02T00:00:00Z	1	B	675	1	NA	0	3	0	NA	NA	NA	NA	NA	NA	NA	NA	NA	NA	NA	NA	NA	NA	NA	NA	NA	NA	NA	NA	NA	NA	NA	NA	NA	NA	NA	NA	NA	0	NA	broken	1B	1B675	183	3	0	Control	Normal	Control
2018-07-06T00:00:00Z	1	B	675	1	NA	0	0	0	NA	NA	NA	NA	NA	NA	NA	NA	NA	NA	NA	NA	NA	NA	NA	NA	NA	NA	NA	NA	NA	NA	NA	NA	NA	NA	NA	NA	NA	NA	NA	SF	1B	1B675	187	0	0	Control	Normal	Control
2018-07-09T00:00:00Z	1	B	675	1	NA	0	0	0	NA	NA	NA	NA	NA	NA	NA	NA	NA	NA	NA	NA	NA	NA	NA	NA	NA	NA	NA	NA	NA	NA	NA	NA	NA	NA	NA	NA	NA	NA	NA	NA	1B	1B675	190	0	0	Control	Normal	Control
2018-07-16T00:00:00Z	1	B	675	1	27	0	0	NA	NA	NA	NA	NA	NA	NA	NA	NA	NA	NA	NA	NA	NA	NA	NA	NA	NA	NA	NA	NA	NA	NA	NA	NA	NA	NA	NA	NA	NA	0	NA	NA	1B	1B675	197	0	0	Control	Normal	Control
2018-07-20T00:00:00Z	1	B	675	1	NA	0	0	0	NA	NA	NA	NA	NA	NA	NA	NA	NA	NA	NA	NA	NA	NA	NA	NA	NA	NA	NA	NA	NA	NA	NA	NA	NA	NA	NA	NA	0	0	NA	NA	1B	1B675	201	0	0	Control	Normal	Control
2018-06-29T00:00:00Z	1	B	675	1	NA	8	3	2	16	4	4	NA	NA	NA	NA	NA	NA	NA	NA	NA	NA	NA	NA	NA	NA	NA	NA	NA	NA	NA	NA	NA	NA	NA	NA	NA	NA	NA	NA	NA	1B	1B675	180	7	24	Control	Normal	Control
2018-06-27T00:00:00Z	1	B	675	1	29	7	10	NA	NA	NA	NA	NA	NA	NA	NA	NA	NA	NA	NA	NA	NA	NA	NA	NA	NA	NA	NA	NA	NA	NA	NA	NA	NA	NA	NA	NA	NA	0	NA	NA	1B	1B675	178	10	7	Control	Normal	Control
2018-06-18T00:00:00Z	1	B	678	1	27.5	2	0	NA	NA	NA	NA	NA	NA	NA	NA	NA	NA	NA	NA	NA	NA	NA	NA	NA	NA	NA	NA	NA	NA	NA	NA	NA	NA	NA	NA	NA	NA	NA	NA	NA	1B	1B678	169	0	2	Control	Normal	Control
2018-06-20T00:00:00Z	1	B	678	1	29	2	0	NA	NA	NA	NA	NA	NA	NA	NA	NA	NA	NA	NA	NA	NA	NA	NA	NA	NA	NA	NA	NA	NA	NA	NA	NA	NA	NA	NA	NA	NA	NA	NA	NA	1B	1B678	171	0	2	Control	Normal	Control
2018-06-22T00:00:00Z	1	B	678	1	NA	2	0	NA	NA	NA	NA	NA	NA	NA	NA	NA	NA	NA	NA	NA	NA	NA	NA	NA	NA	NA	NA	NA	NA	NA	NA	NA	NA	NA	NA	NA	NA	NA	NA	NA	1B	1B678	173	0	2	Control	Normal	Control
2018-06-25T00:00:00Z	1	B	678	1	NA	11	2	NA	NA	NA	NA	NA	NA	NA	NA	NA	NA	NA	NA	NA	NA	NA	NA	NA	NA	NA	NA	NA	NA	NA	NA	NA	NA	NA	NA	NA	NA	NA	NA	NA	1B	1B678	176	2	11	Control	Normal	Control
2018-07-02T00:00:00Z	1	B	678	1	NA	8	5	4	NA	NA	NA	NA	NA	NA	NA	NA	NA	NA	NA	NA	NA	NA	NA	NA	NA	NA	NA	NA	NA	NA	NA	NA	NA	NA	NA	NA	NA	1	1	NA	1B	1B678	183	5	8	Control	Normal	Control
2018-07-06T00:00:00Z	1	B	678	1	NA	2	5	4	NA	NA	NA	NA	NA	NA	NA	NA	NA	NA	NA	NA	NA	NA	NA	NA	NA	NA	NA	NA	NA	NA	NA	NA	NA	NA	NA	NA	NA	NA	NA	NA	1B	1B678	187	5	2	Control	Normal	Control
2018-07-09T00:00:00Z	1	B	678	1	NA	2	2	2	NA	NA	NA	NA	NA	NA	NA	NA	NA	NA	NA	NA	NA	NA	NA	NA	NA	NA	NA	NA	NA	NA	NA	NA	NA	NA	NA	NA	NA	1	1	NA	1B	1B678	190	2	2	Control	Normal	Control
2018-07-20T00:00:00Z	1	B	678	1	NA	0	0	NA	NA	NA	NA	NA	NA	NA	NA	NA	NA	NA	NA	NA	NA	NA	NA	NA	NA	NA	NA	NA	NA	NA	NA	NA	NA	NA	NA	NA	NA	NA	NA	NA	1B	1B678	201	0	0	Control	Normal	Control
2018-07-20T00:00:00Z	1	B	678	1	NA	0	0	0	NA	NA	NA	NA	NA	NA	NA	NA	NA	NA	NA	NA	NA	NA	NA	NA	NA	NA	NA	NA	NA	NA	NA	NA	NA	NA	NA	NA	0	0	NA	NA	1B	1B678	201	0	0	Control	Normal	Control
2018-06-29T00:00:00Z	1	B	678	1	NA	20	9	4	NA	NA	NA	NA	NA	NA	NA	NA	NA	NA	NA	NA	NA	NA	NA	NA	NA	NA	NA	NA	NA	NA	NA	NA	NA	NA	NA	NA	NA	NA	NA	NA	1B	1B678	180	9	20	Control	Normal	Control
2018-07-31T00:00:00Z	1	B	678	1	NA	2	1	NA	NA	NA	NA	NA	NA	NA	NA	NA	NA	NA	NA	NA	NA	NA	NA	NA	NA	NA	NA	NA	NA	NA	NA	NA	NA	NA	NA	NA	NA	0	NA	NA	1B	1B678	212	1	2	Control	Normal	Control
2018-08-07T00:00:00Z	1	B	678	1	NA	3	0	NA	NA	NA	NA	NA	NA	NA	NA	NA	NA	NA	NA	NA	NA	NA	NA	NA	NA	NA	NA	NA	NA	NA	NA	NA	NA	NA	NA	NA	NA	NA	NA	NA	1B	1B678	219	0	3	Control	Normal	Control
2018-08-10T00:00:00Z	1	B	678	1	NA	1	1	NA	NA	NA	NA	NA	NA	NA	NA	NA	NA	NA	NA	NA	NA	NA	NA	NA	NA	NA	NA	NA	NA	NA	NA	NA	NA	NA	NA	NA	NA	0	NA	NA	1B	1B678	222	1	1	Control	Normal	Control
2018-06-27T00:00:00Z	1	B	678	1	34	16	0	NA	NA	NA	NA	NA	NA	NA	NA	NA	NA	NA	NA	NA	NA	NA	NA	NA	NA	NA	NA	NA	NA	NA	NA	NA	NA	NA	NA	NA	NA	NA	NA	NA	1B	1B678	178	0	16	Control	Normal	Control
2018-06-15T00:00:00Z	3	B	824	1	36.1	1	0	NA	NA	NA	NA	NA	NA	NA	NA	NA	NA	NA	NA	NA	NA	NA	NA	NA	NA	NA	NA	NA	NA	NA	NA	NA	NA	NA	NA	NA	NA	NA	NA	NA	3B	3B824	166	0	1	Control	Normal	Mock rainout
2018-06-18T00:00:00Z	3	B	824	1	39	2	0	NA	NA	NA	NA	NA	NA	NA	NA	NA	NA	NA	NA	NA	NA	NA	NA	NA	NA	NA	NA	NA	NA	NA	NA	NA	NA	NA	NA	NA	NA	NA	NA	NA	3B	3B824	169	0	2	Control	Normal	Mock rainout
2018-06-20T00:00:00Z	3	B	824	1	41	7	0	NA	NA	NA	NA	NA	NA	NA	NA	NA	NA	NA	NA	NA	NA	NA	NA	NA	NA	NA	NA	NA	NA	NA	NA	NA	NA	NA	NA	NA	NA	NA	NA	NA	3B	3B824	171	0	7	Control	Normal	Mock rainout
2018-06-22T00:00:00Z	3	B	824	1	NA	13	0	NA	NA	NA	NA	NA	NA	NA	NA	NA	NA	NA	NA	NA	NA	NA	NA	NA	NA	NA	NA	NA	NA	NA	NA	NA	NA	NA	NA	NA	NA	NA	NA	NA	3B	3B824	173	0	13	Control	Normal	Mock rainout
2018-06-25T00:00:00Z	3	B	824	1	NA	18	0	NA	NA	NA	NA	NA	NA	NA	NA	NA	NA	NA	NA	NA	NA	NA	NA	NA	NA	NA	NA	NA	NA	NA	NA	NA	NA	NA	NA	NA	NA	NA	NA	NA	3B	3B824	176	0	18	Control	Normal	Mock rainout
2018-07-03T00:00:00Z	3	B	824	1	NA	21	7	4	NA	NA	NA	NA	NA	NA	NA	NA	NA	NA	NA	NA	NA	NA	NA	NA	NA	NA	NA	NA	NA	NA	NA	NA	NA	NA	NA	NA	NA	3	3	NA	3B	3B824	184	7	21	Control	Normal	Mock rainout
2018-07-06T00:00:00Z	3	B	824	1	NA	16	5	4	NA	NA	NA	NA	NA	NA	NA	NA	NA	NA	NA	NA	NA	NA	NA	NA	NA	NA	NA	NA	NA	NA	NA	NA	NA	NA	NA	NA	NA	NA	NA	NA	3B	3B824	187	5	16	Control	Normal	Mock rainout
2018-07-09T00:00:00Z	3	B	824	1	NA	3	9	7	NA	NA	NA	NA	NA	NA	NA	NA	NA	NA	NA	NA	NA	NA	NA	NA	NA	NA	NA	NA	NA	NA	NA	NA	NA	NA	NA	NA	NA	0	NA	NA	3B	3B824	190	9	3	Control	Normal	Mock rainout
2018-07-16T00:00:00Z	3	B	824	1	49	1	1	0	NA	NA	NA	NA	NA	NA	NA	NA	NA	NA	NA	NA	NA	NA	NA	NA	NA	NA	NA	NA	NA	NA	NA	NA	NA	NA	NA	NA	NA	0	NA	NA	3B	3B824	197	1	1	Control	Normal	Mock rainout
2018-07-20T00:00:00Z	3	B	824	1	NA	0	0	NA	NA	NA	NA	NA	NA	NA	NA	NA	NA	NA	NA	NA	NA	NA	NA	NA	NA	NA	NA	NA	NA	NA	NA	NA	NA	NA	NA	NA	NA	NA	NA	NA	3B	3B824	201	0	0	Control	Normal	Mock rainout
2018-07-20T00:00:00Z	3	B	824	1	NA	1	0	0	NA	NA	NA	NA	NA	NA	NA	NA	NA	NA	NA	NA	NA	NA	NA	NA	NA	NA	NA	NA	NA	NA	NA	NA	NA	NA	NA	NA	0	0	NA	NA	3B	3B824	201	0	1	Control	Normal	Mock rainout
2018-06-29T00:00:00Z	3	B	824	1	NA	24	7	6	NA	NA	NA	NA	NA	NA	NA	NA	NA	NA	NA	NA	NA	NA	NA	NA	NA	NA	NA	NA	NA	NA	NA	NA	NA	NA	NA	NA	NA	NA	NA	NA	3B	3B824	180	7	24	Control	Normal	Mock rainout
2018-06-18T00:00:00Z	3	B	833	1	33	8	0	NA	NA	NA	NA	NA	NA	NA	NA	NA	NA	NA	NA	NA	NA	NA	NA	NA	NA	NA	NA	NA	NA	NA	NA	NA	NA	NA	NA	NA	NA	NA	NA	NA	3B	3B833	169	0	8	Control	Normal	Mock rainout
2018-06-20T00:00:00Z	3	B	833	1	35	8	1	NA	NA	NA	NA	NA	NA	NA	NA	NA	NA	NA	NA	NA	NA	NA	NA	NA	NA	NA	NA	NA	NA	NA	NA	NA	NA	NA	NA	NA	1	0	NA	NA	3B	3B833	171	1	8	Control	Normal	Mock rainout
2018-06-22T00:00:00Z	3	B	833	1	NA	9	5	NA	NA	NA	NA	NA	NA	NA	NA	NA	NA	NA	NA	NA	NA	NA	NA	NA	NA	NA	NA	NA	NA	NA	NA	NA	NA	NA	NA	NA	NA	NA	NA	NA	3B	3B833	173	5	9	Control	Normal	Mock rainout
2018-06-25T00:00:00Z	3	B	833	1	NA	9	3	NA	NA	NA	NA	NA	NA	NA	NA	NA	NA	NA	NA	NA	NA	NA	NA	NA	NA	NA	NA	NA	NA	NA	NA	NA	NA	NA	NA	NA	NA	NA	NA	NA	3B	3B833	176	3	9	Control	Normal	Mock rainout
2018-07-03T00:00:00Z	3	B	833	1	NA	3	3	3	NA	NA	NA	NA	NA	NA	NA	NA	NA	NA	NA	NA	NA	NA	NA	NA	NA	NA	NA	NA	NA	NA	NA	NA	NA	NA	NA	NA	NA	2	2	NA	3B	3B833	184	3	3	Control	Normal	Mock rainout
2018-07-06T00:00:00Z	3	B	833	1	NA	3	2	2	NA	NA	NA	NA	NA	NA	NA	NA	NA	NA	NA	NA	NA	NA	NA	NA	NA	NA	NA	NA	NA	NA	NA	NA	NA	NA	NA	NA	NA	NA	NA	NA	3B	3B833	187	2	3	Control	Normal	Mock rainout
2018-07-09T00:00:00Z	3	B	833	1	NA	4	2	2	NA	NA	NA	NA	NA	NA	NA	NA	NA	NA	NA	NA	NA	NA	NA	NA	NA	NA	NA	NA	NA	NA	NA	NA	NA	NA	NA	0	NA	0	NA	NA	3B	3B833	190	2	4	Control	Normal	Mock rainout
2018-07-16T00:00:00Z	3	B	833	1	37	0	1	1	NA	NA	NA	NA	NA	NA	NA	NA	NA	NA	NA	NA	NA	NA	NA	NA	NA	NA	NA	NA	NA	NA	NA	NA	NA	NA	NA	NA	NA	1	1	NA	3B	3B833	197	1	0	Control	Normal	Mock rainout
2018-07-20T00:00:00Z	3	B	833	1	NA	1	0	NA	NA	NA	NA	NA	NA	NA	NA	NA	NA	NA	NA	NA	NA	NA	NA	NA	NA	NA	NA	NA	NA	NA	NA	NA	NA	NA	NA	NA	NA	NA	NA	NA	3B	3B833	201	0	1	Control	Normal	Mock rainout
2018-07-20T00:00:00Z	3	B	833	1	NA	3	0	0	NA	NA	NA	NA	NA	NA	NA	NA	NA	NA	NA	NA	NA	NA	NA	NA	NA	NA	NA	NA	NA	NA	NA	NA	NA	NA	NA	NA	0	0	NA	NA	3B	3B833	201	0	3	Control	Normal	Mock rainout
2018-06-29T00:00:00Z	3	B	833	1	NA	11	7	7	NA	NA	NA	NA	NA	NA	NA	NA	NA	NA	NA	NA	NA	NA	NA	NA	NA	NA	NA	NA	NA	NA	NA	NA	NA	NA	NA	NA	NA	NA	NA	NA	3B	3B833	180	7	11	Control	Normal	Mock rainout
2018-06-27T00:00:00Z	3	B	833	1	27.5	7	5	NA	NA	NA	NA	NA	NA	NA	NA	NA	NA	NA	NA	NA	NA	NA	NA	NA	NA	NA	NA	NA	NA	NA	NA	NA	NA	NA	NA	NA	NA	2	2	NA	3B	3B833	178	5	7	Control	Normal	Mock rainout
2018-06-27T00:00:00Z	3	D	847	3	21	8	2	NA	7	1	NA	9	1	NA	NA	NA	NA	NA	NA	NA	NA	NA	NA	NA	NA	NA	NA	NA	NA	NA	NA	NA	NA	NA	NA	NA	NA	0	0	NA	3D	3D847	178	4	24	Control	Normal	Control
2018-07-06T00:00:00Z	3	D	847	3	NA	1	3	3	3	4	4	1	4	4	NA	NA	NA	NA	NA	NA	NA	NA	NA	NA	NA	NA	NA	NA	NA	NA	NA	NA	NA	NA	NA	NA	NA	NA	NA	NA	3D	3D847	187	11	5	Control	Normal	Control
2018-07-09T00:00:00Z	3	D	847	3	NA	2	0	NA	2	3	NA	1	2	2	NA	NA	NA	NA	NA	NA	NA	NA	NA	NA	NA	NA	NA	NA	NA	NA	NA	NA	NA	NA	NA	NA	NA	0	NA	NA	3D	3D847	190	5	5	Control	Normal	Control
2018-07-16T00:00:00Z	3	D	847	3	21	0	1	1	1	1	1	2	0	0	NA	NA	NA	NA	NA	NA	NA	NA	NA	NA	NA	NA	NA	NA	NA	NA	NA	NA	NA	NA	NA	NA	NA	0	NA	NA	3D	3D847	197	2	3	Control	Normal	Control
2018-07-20T00:00:00Z	3	D	847	1	NA	1	0	NA	NA	NA	NA	NA	NA	NA	NA	NA	NA	NA	NA	NA	NA	NA	NA	NA	NA	NA	NA	NA	NA	NA	NA	NA	NA	NA	NA	NA	NA	NA	NA	NA	3D	3D847	201	0	1	Control	Normal	Control
2018-07-20T00:00:00Z	3	D	847	3	NA	1	0	0	NA	NA	NA	NA	NA	NA	NA	NA	NA	NA	NA	NA	NA	NA	NA	NA	NA	NA	NA	NA	NA	NA	NA	NA	NA	NA	NA	NA	0	0	NA	NA	3D	3D847	201	0	1	Control	Normal	Control
2018-06-29T00:00:00Z	3	D	847	3	NA	6	3	3	11	2	1	7	0	0	NA	NA	NA	NA	NA	NA	NA	NA	NA	NA	NA	NA	NA	NA	NA	NA	NA	NA	NA	NA	NA	NA	NA	NA	NA	NA	3D	3D847	180	5	24	Control	Normal	Control
2018-06-18T00:00:00Z	3	D	852	1	29.5	11	0	NA	NA	NA	NA	NA	NA	NA	NA	NA	NA	NA	NA	NA	NA	NA	NA	NA	NA	NA	NA	NA	NA	NA	NA	NA	NA	NA	NA	NA	NA	NA	NA	NA	3D	3D852	169	0	11	Control	Normal	Control
2018-06-20T00:00:00Z	3	D	852	1	30.5	13	0	NA	NA	NA	NA	NA	NA	NA	NA	NA	NA	NA	NA	NA	NA	NA	NA	NA	NA	NA	NA	NA	NA	NA	NA	NA	NA	NA	NA	NA	NA	NA	NA	NA	3D	3D852	171	0	13	Control	Normal	Control
2018-06-22T00:00:00Z	3	D	852	1	NA	8	1	NA	NA	NA	NA	NA	NA	NA	NA	NA	NA	NA	NA	NA	NA	NA	NA	NA	NA	NA	NA	NA	NA	NA	NA	NA	NA	NA	NA	NA	NA	NA	NA	NA	3D	3D852	173	1	8	Control	Normal	Control
2018-06-25T00:00:00Z	3	D	852	1	NA	23	8	NA	NA	NA	NA	NA	NA	NA	NA	NA	NA	NA	NA	NA	NA	NA	NA	NA	NA	NA	NA	NA	NA	NA	NA	NA	NA	NA	NA	NA	NA	NA	NA	NA	3D	3D852	176	8	23	Control	Normal	Control
2018-06-27T00:00:00Z	3	D	852	1	34	31	8	NA	NA	NA	NA	NA	NA	NA	NA	NA	NA	NA	NA	NA	NA	NA	NA	NA	NA	NA	NA	NA	NA	NA	NA	NA	NA	NA	NA	NA	NA	1	1	NA	3D	3D852	178	8	31	Control	Normal	Control
2018-07-03T00:00:00Z	3	D	852	1	NA	10	9	8	NA	NA	NA	NA	NA	NA	NA	NA	NA	NA	NA	NA	NA	NA	NA	NA	NA	NA	NA	NA	NA	NA	NA	NA	NA	NA	NA	NA	NA	0	0	NA	3D	3D852	184	9	10	Control	Normal	Control
2018-07-06T00:00:00Z	3	D	852	1	NA	2	6	5	NA	NA	NA	NA	NA	NA	NA	NA	NA	NA	NA	NA	NA	NA	NA	NA	NA	NA	NA	NA	NA	NA	NA	NA	NA	NA	NA	NA	NA	NA	NA	NA	3D	3D852	187	6	2	Control	Normal	Control
2018-07-09T00:00:00Z	3	D	852	1	NA	0	3	2	NA	NA	NA	NA	NA	NA	NA	NA	NA	NA	NA	NA	NA	NA	NA	NA	NA	NA	NA	NA	NA	NA	NA	NA	NA	NA	NA	NA	NA	0	NA	NA	3D	3D852	190	3	0	Control	Normal	Control
2018-07-16T00:00:00Z	3	D	852	1	32	0	0	NA	NA	NA	NA	NA	NA	NA	NA	NA	NA	NA	NA	NA	NA	NA	NA	NA	NA	NA	NA	NA	NA	NA	NA	NA	NA	NA	NA	NA	NA	0	NA	NA	3D	3D852	197	0	0	Control	Normal	Control
2018-07-20T00:00:00Z	3	D	852	1	NA	0	0	NA	NA	NA	NA	NA	NA	NA	NA	NA	NA	NA	NA	NA	NA	NA	NA	NA	NA	NA	NA	NA	NA	NA	NA	NA	NA	NA	NA	NA	NA	NA	NA	NA	3D	3D852	201	0	0	Control	Normal	Control
2018-06-29T00:00:00Z	3	D	852	1	NA	26	9	9	NA	NA	NA	NA	NA	NA	NA	NA	NA	NA	NA	NA	NA	NA	NA	NA	NA	NA	NA	NA	NA	NA	NA	NA	NA	NA	NA	NA	NA	NA	NA	NA	3D	3D852	180	9	26	Control	Normal	Control
2018-08-10T00:00:00Z	3	D	852	1	NA	2	0	NA	NA	NA	NA	NA	NA	NA	NA	NA	NA	NA	NA	NA	NA	NA	NA	NA	NA	NA	NA	NA	NA	NA	NA	NA	NA	NA	NA	NA	NA	NA	NA	NA	3D	3D852	222	0	2	Control	Normal	Control
2018-08-15T00:00:00Z	3	D	852	1	NA	1	0	0	NA	NA	NA	NA	NA	NA	NA	NA	NA	NA	NA	NA	NA	NA	NA	NA	NA	NA	NA	NA	NA	NA	NA	NA	NA	NA	NA	1	1	NA	NA	NA	3D	3D852	227	0	1	Control	Normal	Control
2018-06-18T00:00:00Z	3	D	853	1	31	1	0	NA	NA	NA	NA	NA	NA	NA	NA	NA	NA	NA	NA	NA	NA	NA	NA	NA	NA	NA	NA	NA	NA	NA	NA	NA	NA	NA	NA	NA	NA	NA	NA	NA	3D	3D853	169	0	1	Control	Normal	Control
2018-06-25T00:00:00Z	3	D	853	1	NA	15	1	NA	NA	NA	NA	NA	NA	NA	NA	NA	NA	NA	NA	NA	NA	NA	NA	NA	NA	NA	NA	NA	NA	NA	NA	NA	NA	NA	NA	NA	NA	NA	NA	NA	3D	3D853	176	1	15	Control	Normal	Control
2018-06-27T00:00:00Z	3	D	853	1	38	15	2	NA	NA	NA	NA	NA	NA	NA	NA	NA	NA	NA	NA	NA	NA	NA	NA	NA	NA	NA	NA	NA	NA	NA	NA	NA	NA	NA	NA	NA	NA	1	1	NA	3D	3D853	178	2	15	Control	Normal	Control
2018-07-03T00:00:00Z	3	D	853	1	NA	13	10	5	NA	NA	NA	NA	NA	NA	NA	NA	NA	NA	NA	NA	NA	NA	NA	NA	NA	NA	NA	NA	NA	NA	NA	NA	NA	NA	NA	NA	NA	1	1	NA	3D	3D853	184	10	13	Control	Normal	Control
2018-07-06T00:00:00Z	3	D	853	1	NA	5	10	10	NA	NA	NA	NA	NA	NA	NA	NA	NA	NA	NA	NA	NA	NA	NA	NA	NA	NA	NA	NA	NA	NA	NA	NA	NA	NA	NA	NA	NA	NA	NA	NA	3D	3D853	187	10	5	Control	Normal	Control
2018-07-09T00:00:00Z	3	D	853	1	NA	1	8	4	NA	NA	NA	NA	NA	NA	NA	NA	NA	NA	NA	NA	NA	NA	NA	NA	NA	NA	NA	NA	NA	NA	NA	NA	NA	NA	NA	NA	NA	0	NA	NA	3D	3D853	190	8	1	Control	Normal	Control
2018-07-16T00:00:00Z	3	D	853	1	41	2	0	NA	NA	NA	NA	NA	NA	NA	NA	NA	NA	NA	NA	NA	NA	NA	NA	NA	NA	NA	NA	NA	NA	NA	NA	NA	NA	NA	NA	NA	NA	0	NA	NA	3D	3D853	197	0	2	Control	Normal	Control
2018-07-20T00:00:00Z	3	D	853	1	NA	0	0	NA	NA	NA	NA	NA	NA	NA	NA	NA	NA	NA	NA	NA	NA	NA	NA	NA	NA	NA	NA	NA	NA	NA	NA	NA	NA	NA	NA	NA	NA	NA	NA	NA	3D	3D853	201	0	0	Control	Normal	Control
2018-06-29T00:00:00Z	3	D	853	1	NA	28	6	0	NA	NA	NA	NA	NA	NA	NA	NA	NA	NA	NA	NA	NA	NA	NA	NA	NA	NA	NA	NA	NA	NA	NA	NA	NA	NA	NA	NA	NA	NA	NA	NA	3D	3D853	180	6	28	Control	Normal	Control
2018-08-07T00:00:00Z	3	D	853	1	NA	6	0	NA	NA	NA	NA	NA	NA	NA	NA	NA	NA	NA	NA	NA	NA	NA	NA	NA	NA	NA	NA	NA	NA	NA	NA	NA	NA	NA	NA	NA	NA	NA	NA	NA	3D	3D853	219	0	6	Control	Normal	Control
2018-08-10T00:00:00Z	3	D	853	1	NA	3	5	NA	NA	NA	NA	NA	NA	NA	NA	NA	NA	NA	NA	NA	NA	NA	NA	NA	NA	NA	NA	NA	NA	NA	NA	NA	NA	NA	NA	NA	NA	0	NA	NA	3D	3D853	222	5	3	Control	Normal	Control
2018-08-15T00:00:00Z	3	D	853	1	NA	1	0	0	NA	NA	NA	NA	NA	NA	NA	NA	NA	NA	NA	NA	NA	NA	NA	NA	NA	NA	NA	NA	NA	NA	NA	NA	NA	NA	NA	1	1	NA	NA	NA	3D	3D853	227	0	1	Control	Normal	Control
2018-06-27T00:00:00Z	3	D	856	1	30	3	0	NA	NA	NA	NA	NA	NA	NA	NA	NA	NA	NA	NA	NA	NA	NA	NA	NA	NA	NA	NA	NA	NA	NA	NA	NA	NA	NA	NA	NA	NA	0	0	NA	3D	3D856	178	0	3	Control	Normal	Control
2018-07-03T00:00:00Z	3	D	856	1	NA	15	2	2	NA	NA	NA	NA	NA	NA	NA	NA	NA	NA	NA	NA	NA	NA	NA	NA	NA	NA	NA	NA	NA	NA	NA	NA	NA	NA	NA	NA	NA	2	2	broken	3D	3D856	184	2	15	Control	Normal	Control
2018-07-06T00:00:00Z	3	D	856	1	NA	8	6	4	NA	NA	NA	NA	NA	NA	NA	NA	NA	NA	NA	NA	NA	NA	NA	NA	NA	NA	NA	NA	NA	NA	NA	NA	NA	NA	NA	NA	NA	NA	NA	NA	3D	3D856	187	6	8	Control	Normal	Control
2018-07-09T00:00:00Z	3	D	856	1	NA	5	4	2	NA	NA	NA	NA	NA	NA	NA	NA	NA	NA	NA	NA	NA	NA	NA	NA	NA	NA	NA	NA	NA	NA	NA	NA	NA	NA	NA	NA	NA	0	NA	NA	3D	3D856	190	4	5	Control	Normal	Control
2018-07-16T00:00:00Z	3	D	856	1	31	0	1	NA	NA	NA	NA	NA	NA	NA	NA	NA	NA	NA	NA	NA	NA	NA	NA	NA	NA	NA	NA	NA	NA	NA	NA	NA	NA	NA	NA	NA	NA	0	NA	NA	3D	3D856	197	1	0	Control	Normal	Control
2018-07-20T00:00:00Z	3	D	856	1	NA	0	0	NA	NA	NA	NA	NA	NA	NA	NA	NA	NA	NA	NA	NA	NA	NA	NA	NA	NA	NA	NA	NA	NA	NA	NA	NA	NA	NA	NA	NA	NA	NA	NA	NA	3D	3D856	201	0	0	Control	Normal	Control
2018-07-20T00:00:00Z	3	D	856	1	NA	0	0	0	NA	NA	NA	NA	NA	NA	NA	NA	NA	NA	NA	NA	NA	NA	NA	NA	NA	NA	NA	NA	NA	NA	NA	NA	NA	NA	NA	NA	0	0	NA	NA	3D	3D856	201	0	0	Control	Normal	Control
2018-06-29T00:00:00Z	3	D	856	1	NA	6	0	0	NA	NA	NA	NA	NA	NA	NA	NA	NA	NA	NA	NA	NA	NA	NA	NA	NA	NA	NA	NA	NA	NA	NA	NA	NA	NA	NA	NA	NA	NA	NA	NA	3D	3D856	180	0	6	Control	Normal	Control
2018-06-18T00:00:00Z	3	D	857	1	20.5	10	0	NA	NA	NA	NA	NA	NA	NA	NA	NA	NA	NA	NA	NA	NA	NA	NA	NA	NA	NA	NA	NA	NA	NA	NA	NA	NA	NA	NA	NA	NA	NA	NA	NA	3D	3D857	169	0	10	Control	Normal	Control
2018-06-20T00:00:00Z	3	D	857	1	20.5	12	0	NA	NA	NA	NA	NA	NA	NA	NA	NA	NA	NA	NA	NA	NA	NA	NA	NA	NA	NA	NA	NA	NA	NA	NA	NA	NA	NA	NA	NA	NA	NA	NA	NA	3D	3D857	171	0	12	Control	Normal	Control
2018-06-22T00:00:00Z	3	D	857	NA	NA	9	3	NA	NA	NA	NA	NA	NA	NA	NA	NA	NA	NA	NA	NA	NA	NA	NA	NA	NA	NA	NA	NA	NA	NA	NA	NA	NA	NA	NA	NA	NA	NA	NA	NA	3D	3D857	173	3	9	Control	Normal	Control
2018-06-25T00:00:00Z	3	D	857	1	NA	8	4	3	NA	NA	NA	NA	NA	NA	NA	NA	NA	NA	NA	NA	NA	NA	NA	NA	NA	NA	NA	NA	NA	NA	NA	NA	NA	NA	NA	NA	NA	NA	NA	NA	3D	3D857	176	4	8	Control	Normal	Control
2018-06-27T00:00:00Z	3	D	857	1	19	8	4	NA	NA	NA	NA	NA	NA	NA	NA	NA	NA	NA	NA	NA	NA	NA	NA	NA	NA	NA	NA	NA	NA	NA	NA	NA	NA	NA	NA	NA	NA	1	1	NA	3D	3D857	178	4	8	Control	Normal	Control
2018-07-03T00:00:00Z	3	D	857	1	NA	0	0	0	NA	NA	NA	NA	NA	NA	NA	NA	NA	NA	NA	NA	NA	NA	NA	NA	NA	NA	NA	NA	NA	NA	NA	NA	NA	NA	NA	NA	NA	NA	NA	dead	3D	3D857	184	0	0	Control	Normal	Control
2018-07-09T00:00:00Z	3	D	857	1	NA	0	0	NA	NA	NA	NA	NA	NA	NA	NA	NA	NA	NA	NA	NA	NA	NA	NA	NA	NA	NA	NA	NA	NA	NA	NA	NA	NA	NA	NA	NA	NA	0	NA	NA	3D	3D857	190	0	0	Control	Normal	Control
2018-07-16T00:00:00Z	3	D	857	1	10	0	0	NA	NA	NA	NA	NA	NA	NA	NA	NA	NA	NA	NA	NA	NA	NA	NA	NA	NA	NA	NA	NA	NA	NA	NA	NA	NA	NA	NA	NA	NA	0	NA	NA	3D	3D857	197	0	0	Control	Normal	Control
2018-06-29T00:00:00Z	3	D	857	1	NA	3	0	0	NA	NA	NA	NA	NA	NA	NA	NA	NA	NA	NA	NA	NA	NA	NA	NA	NA	NA	NA	NA	NA	NA	NA	NA	NA	NA	NA	NA	NA	NA	NA	NA	3D	3D857	180	0	3	Control	Normal	Control
2018-06-18T00:00:00Z	3	D	858	1	40	1	0	NA	NA	NA	NA	NA	NA	NA	NA	NA	NA	NA	NA	NA	NA	NA	NA	NA	NA	NA	NA	NA	NA	NA	NA	NA	NA	NA	NA	NA	NA	NA	NA	NA	3D	3D858	169	0	1	Control	Normal	Control
2018-06-20T00:00:00Z	3	D	858	1	43	3	0	NA	NA	NA	NA	NA	NA	NA	NA	NA	NA	NA	NA	NA	NA	NA	NA	NA	NA	NA	NA	NA	NA	NA	NA	NA	NA	NA	NA	NA	NA	NA	NA	NA	3D	3D858	171	0	3	Control	Normal	Control
2018-06-22T00:00:00Z	3	D	858	1	NA	7	0	NA	NA	NA	NA	NA	NA	NA	NA	NA	NA	NA	NA	NA	NA	NA	NA	NA	NA	NA	NA	NA	NA	NA	NA	NA	NA	NA	NA	NA	NA	NA	NA	NA	3D	3D858	173	0	7	Control	Normal	Control
2018-06-27T00:00:00Z	3	D	858	1	48	15	3	NA	NA	NA	NA	NA	NA	NA	NA	NA	NA	NA	NA	NA	NA	NA	NA	NA	NA	NA	NA	NA	NA	NA	NA	NA	NA	NA	NA	NA	NA	3	3	NA	3D	3D858	178	3	15	Control	Normal	Control
2018-07-03T00:00:00Z	3	D	858	1	NA	6	12	12	NA	NA	NA	NA	NA	NA	NA	NA	NA	NA	NA	NA	NA	NA	NA	NA	NA	NA	NA	NA	NA	NA	NA	NA	NA	NA	NA	NA	NA	1	1	NA	3D	3D858	184	12	6	Control	Normal	Control
2018-07-06T00:00:00Z	3	D	858	1	NA	6	8	8	NA	NA	NA	NA	NA	NA	NA	NA	NA	NA	NA	NA	NA	NA	NA	NA	NA	NA	NA	NA	NA	NA	NA	NA	NA	NA	NA	NA	NA	NA	NA	NA	3D	3D858	187	8	6	Control	Normal	Control
2018-07-09T00:00:00Z	3	D	858	1	NA	2	7	6	NA	NA	NA	NA	NA	NA	NA	NA	NA	NA	NA	NA	NA	NA	NA	NA	NA	NA	NA	NA	NA	NA	NA	NA	NA	NA	NA	NA	NA	8	NA	NA	3D	3D858	190	7	2	Control	Normal	Control
2018-07-16T00:00:00Z	3	D	858	1	49	2	2	1	NA	NA	NA	NA	NA	NA	NA	NA	NA	NA	NA	NA	NA	NA	NA	NA	NA	NA	NA	NA	NA	NA	NA	NA	NA	NA	NA	NA	NA	0	NA	NA	3D	3D858	197	2	2	Control	Normal	Control
2018-07-20T00:00:00Z	3	D	858	1	NA	3	0	NA	NA	NA	NA	NA	NA	NA	NA	NA	NA	NA	NA	NA	NA	NA	NA	NA	NA	NA	NA	NA	NA	NA	NA	NA	NA	NA	NA	NA	NA	NA	NA	NA	3D	3D858	201	0	3	Control	Normal	Control
2018-07-20T00:00:00Z	3	D	858	1	NA	1	0	0	NA	NA	NA	NA	NA	NA	NA	NA	NA	NA	NA	NA	NA	NA	NA	NA	NA	NA	NA	NA	NA	NA	NA	NA	NA	NA	NA	NA	0	0	NA	NA	3D	3D858	201	0	1	Control	Normal	Control
2018-06-29T00:00:00Z	3	D	858	1	NA	22	9	9	NA	NA	NA	NA	NA	NA	NA	NA	NA	NA	NA	NA	NA	NA	NA	NA	NA	NA	NA	NA	NA	NA	NA	NA	NA	NA	NA	NA	NA	NA	NA	NA	3D	3D858	180	9	22	Control	Normal	Control
2018-07-31T00:00:00Z	3	D	858	1	NA	1	2	NA	NA	NA	NA	NA	NA	NA	NA	NA	NA	NA	NA	NA	NA	NA	NA	NA	NA	NA	NA	NA	NA	NA	NA	NA	NA	NA	NA	0	NA	0	NA	NA	3D	3D858	212	2	1	Control	Normal	Control
2018-08-07T00:00:00Z	3	D	858	1	NA	1	0	NA	NA	NA	NA	NA	NA	NA	NA	NA	NA	NA	NA	NA	NA	NA	NA	NA	NA	NA	NA	NA	NA	NA	NA	NA	NA	NA	NA	NA	NA	NA	NA	NA	3D	3D858	219	0	1	Control	Normal	Control
2018-08-10T00:00:00Z	3	D	858	1	NA	0	1	NA	NA	NA	NA	NA	NA	NA	NA	NA	NA	NA	NA	NA	NA	NA	NA	NA	NA	NA	NA	NA	NA	NA	NA	NA	NA	NA	NA	NA	NA	0	NA	NA	3D	3D858	222	1	0	Control	Normal	Control
2018-07-20T00:00:00Z	3	D	869	NA	NA	1	1	NA	NA	NA	NA	NA	NA	NA	NA	NA	NA	NA	NA	NA	NA	NA	NA	NA	NA	NA	NA	NA	NA	NA	NA	NA	NA	NA	NA	NA	NA	NA	NA	NA	3D	3D869	201	1	1	Control	Normal	Control
2018-06-18T00:00:00Z	3	D	874	1	42	1	0	NA	NA	NA	NA	NA	NA	NA	NA	NA	NA	NA	NA	NA	NA	NA	NA	NA	NA	NA	NA	NA	NA	NA	NA	NA	NA	NA	NA	NA	NA	NA	NA	NA	3D	3D874	169	0	1	Control	Normal	Control
2018-06-20T00:00:00Z	3	D	874	1	42.5	1	0	NA	NA	NA	NA	NA	NA	NA	NA	NA	NA	NA	NA	NA	NA	NA	NA	NA	NA	NA	NA	NA	NA	NA	NA	NA	NA	NA	NA	NA	NA	NA	NA	NA	3D	3D874	171	0	1	Control	Normal	Control
2018-06-22T00:00:00Z	3	D	874	1	NA	9	0	NA	NA	NA	NA	NA	NA	NA	NA	NA	NA	NA	NA	NA	NA	NA	NA	NA	NA	NA	NA	NA	NA	NA	NA	NA	NA	NA	NA	NA	NA	NA	NA	NA	3D	3D874	173	0	9	Control	Normal	Control
2018-06-25T00:00:00Z	3	D	874	1	NA	15	2	NA	NA	NA	NA	NA	NA	NA	NA	NA	NA	NA	NA	NA	NA	NA	NA	NA	NA	NA	NA	NA	NA	NA	NA	NA	NA	NA	NA	NA	NA	NA	NA	NA	3D	3D874	176	2	15	Control	Normal	Control
2018-06-27T00:00:00Z	3	D	874	1	47	27	6	NA	NA	NA	NA	NA	NA	NA	NA	NA	NA	NA	NA	NA	NA	NA	NA	NA	NA	NA	NA	NA	NA	NA	NA	NA	NA	NA	NA	NA	NA	2	2	NA	3D	3D874	178	6	27	Control	Normal	Control
2018-07-03T00:00:00Z	3	D	874	1	NA	20	14	14	NA	NA	NA	NA	NA	NA	NA	NA	NA	NA	NA	NA	NA	NA	NA	NA	NA	NA	NA	NA	NA	NA	NA	NA	NA	NA	NA	NA	NA	0	0	NA	3D	3D874	184	14	20	Control	Normal	Control
2018-07-06T00:00:00Z	3	D	874	1	NA	11	7	7	NA	NA	NA	NA	NA	NA	NA	NA	NA	NA	NA	NA	NA	NA	NA	NA	NA	NA	NA	NA	NA	NA	NA	NA	NA	NA	NA	NA	NA	NA	NA	NA	3D	3D874	187	7	11	Control	Normal	Control
2018-07-09T00:00:00Z	3	D	874	1	NA	5	8	8	NA	NA	NA	NA	NA	NA	NA	NA	NA	NA	NA	NA	NA	NA	NA	NA	NA	NA	NA	NA	NA	NA	NA	NA	NA	NA	NA	NA	NA	1	NA	NA	3D	3D874	190	8	5	Control	Normal	Control
2018-07-16T00:00:00Z	3	D	874	1	51	2	3	2	NA	NA	NA	NA	NA	NA	NA	NA	NA	NA	NA	NA	NA	NA	NA	NA	NA	NA	NA	NA	NA	NA	NA	NA	NA	NA	NA	NA	NA	0	NA	NA	3D	3D874	197	3	2	Control	Normal	Control
2018-07-20T00:00:00Z	3	D	874	1	NA	0	0	NA	NA	NA	NA	NA	NA	NA	NA	NA	NA	NA	NA	NA	NA	NA	NA	NA	NA	NA	NA	NA	NA	NA	NA	NA	NA	NA	NA	NA	NA	NA	NA	NA	3D	3D874	201	0	0	Control	Normal	Control
2018-07-20T00:00:00Z	3	D	874	1	NA	1	0	0	NA	NA	NA	NA	NA	NA	NA	NA	NA	NA	NA	NA	NA	NA	NA	NA	NA	NA	NA	NA	NA	NA	NA	NA	NA	NA	NA	NA	0	0	NA	NA	3D	3D874	201	0	1	Control	Normal	Control
2018-06-29T00:00:00Z	3	D	874	1	NA	25	6	6	NA	NA	NA	NA	NA	NA	NA	NA	NA	NA	NA	NA	NA	NA	NA	NA	NA	NA	NA	NA	NA	NA	NA	NA	NA	NA	NA	NA	NA	NA	NA	NA	3D	3D874	180	6	25	Control	Normal	Control
2018-08-10T00:00:00Z	3	D	874	1	NA	3	1	NA	NA	NA	NA	NA	NA	NA	NA	NA	NA	NA	NA	NA	NA	NA	NA	NA	NA	NA	NA	NA	NA	NA	NA	NA	NA	NA	NA	NA	NA	1	NA	NA	3D	3D874	222	1	3	Control	Normal	Control
2018-08-15T00:00:00Z	3	D	874	1	NA	0	2	0	NA	NA	NA	NA	NA	NA	NA	NA	NA	NA	NA	NA	NA	NA	NA	NA	NA	NA	NA	NA	NA	NA	NA	NA	NA	NA	NA	0	0	0	NA	NA	3D	3D874	227	2	0	Control	Normal	Control
2018-06-20T00:00:00Z	3	D	877	1	45	3	0	NA	NA	NA	NA	NA	NA	NA	NA	NA	NA	NA	NA	NA	NA	NA	NA	NA	NA	NA	NA	NA	NA	NA	NA	NA	NA	NA	NA	NA	NA	NA	NA	NA	3D	3D877	171	0	3	Control	Normal	Control
2018-06-22T00:00:00Z	3	D	877	NA	NA	9	0	NA	NA	NA	NA	NA	NA	NA	NA	NA	NA	NA	NA	NA	NA	NA	NA	NA	NA	NA	NA	NA	NA	NA	NA	NA	NA	NA	NA	NA	NA	NA	NA	NA	3D	3D877	173	0	9	Control	Normal	Control
2018-06-25T00:00:00Z	3	D	877	1	NA	18	0	NA	NA	NA	NA	NA	NA	NA	NA	NA	NA	NA	NA	NA	NA	NA	NA	NA	NA	NA	NA	NA	NA	NA	NA	NA	NA	NA	NA	NA	NA	NA	NA	NA	3D	3D877	176	0	18	Control	Normal	Control
2018-06-27T00:00:00Z	3	D	877	NA	51	25	4	NA	NA	NA	NA	NA	NA	NA	NA	NA	NA	NA	NA	NA	NA	NA	NA	NA	NA	NA	NA	NA	NA	NA	NA	NA	NA	NA	NA	NA	NA	0	0	nectar robbing	3D	3D877	178	4	25	Control	Normal	Control
2018-07-03T00:00:00Z	3	D	877	1	NA	13	7	6	NA	NA	NA	NA	NA	NA	NA	NA	NA	NA	NA	NA	NA	NA	NA	NA	NA	NA	NA	NA	NA	NA	NA	NA	NA	NA	NA	NA	NA	1	1	NA	3D	3D877	184	7	13	Control	Normal	Control
2018-07-06T00:00:00Z	3	D	877	1	NA	16	4	3	NA	NA	NA	NA	NA	NA	NA	NA	NA	NA	NA	NA	NA	NA	NA	NA	NA	NA	NA	NA	NA	NA	NA	NA	NA	NA	NA	NA	NA	NA	NA	NA	3D	3D877	187	4	16	Control	Normal	Control
2018-07-09T00:00:00Z	3	D	877	1	NA	8	6	5	NA	NA	NA	NA	NA	NA	NA	NA	NA	NA	NA	NA	NA	NA	NA	NA	NA	NA	NA	NA	NA	NA	NA	NA	NA	NA	NA	NA	NA	2	2	NA	3D	3D877	190	6	8	Control	Normal	Control
2018-07-16T00:00:00Z	3	D	877	1	48	1	0	NA	NA	NA	NA	NA	NA	NA	NA	NA	NA	NA	NA	NA	NA	NA	NA	NA	NA	NA	NA	NA	NA	NA	NA	NA	NA	NA	NA	NA	NA	0	NA	NA	3D	3D877	197	0	1	Control	Normal	Control
2018-07-20T00:00:00Z	3	D	877	1	NA	0	0	NA	NA	NA	NA	NA	NA	NA	NA	NA	NA	NA	NA	NA	NA	NA	NA	NA	NA	NA	NA	NA	NA	NA	NA	NA	NA	NA	NA	NA	NA	NA	NA	NA	3D	3D877	201	0	0	Control	Normal	Control
2018-07-20T00:00:00Z	3	D	877	1	NA	1	0	0	NA	NA	NA	NA	NA	NA	NA	NA	NA	NA	NA	NA	NA	NA	NA	NA	NA	NA	NA	NA	NA	NA	NA	NA	NA	NA	NA	NA	0	0	NA	NA	3D	3D877	201	0	1	Control	Normal	Control
2018-06-29T00:00:00Z	3	D	877	1	NA	21	9	5	NA	NA	NA	NA	NA	NA	NA	NA	NA	NA	NA	NA	NA	NA	NA	NA	NA	NA	NA	NA	NA	NA	NA	NA	NA	NA	NA	NA	NA	NA	NA	NA	3D	3D877	180	9	21	Control	Normal	Control
2018-06-15T00:00:00Z	3	D	878	1	NA	1	NA	NA	NA	NA	NA	NA	NA	NA	NA	NA	NA	NA	NA	NA	NA	NA	NA	NA	NA	NA	NA	NA	NA	NA	NA	NA	NA	NA	NA	NA	NA	NA	NA	NA	3D	3D878	166	0	1	Control	Normal	Control
2018-06-18T00:00:00Z	3	D	878	1	22	1	0	NA	NA	NA	NA	NA	NA	NA	NA	NA	NA	NA	NA	NA	NA	NA	NA	NA	NA	NA	NA	NA	NA	NA	NA	NA	NA	NA	NA	NA	NA	NA	NA	stem crooked	3D	3D878	169	0	1	Control	Normal	Control
2018-06-20T00:00:00Z	3	D	878	1	26.5	6	1	NA	NA	NA	NA	NA	NA	NA	NA	NA	NA	NA	NA	NA	NA	NA	NA	NA	NA	NA	NA	NA	NA	NA	NA	NA	NA	NA	NA	NA	NA	0	NA	NA	3D	3D878	171	1	6	Control	Normal	Control
2018-06-22T00:00:00Z	3	D	878	NA	NA	8	0	NA	NA	NA	NA	NA	NA	NA	NA	NA	NA	NA	NA	NA	NA	NA	NA	NA	NA	NA	NA	NA	NA	NA	NA	NA	NA	NA	NA	NA	NA	NA	NA	NA	3D	3D878	173	0	8	Control	Normal	Control
2018-06-25T00:00:00Z	3	D	878	1	NA	9	6	NA	NA	NA	NA	NA	NA	NA	NA	NA	NA	NA	NA	NA	NA	NA	NA	NA	NA	NA	NA	NA	NA	NA	NA	NA	NA	NA	NA	NA	NA	NA	NA	NA	3D	3D878	176	6	9	Control	Normal	Control
2018-06-27T00:00:00Z	3	D	878	1	27	15	4	NA	NA	NA	NA	NA	NA	NA	NA	NA	NA	NA	NA	NA	NA	NA	NA	NA	NA	NA	NA	NA	NA	NA	NA	NA	NA	NA	NA	NA	NA	1	1	nectar robbing	3D	3D878	178	4	15	Control	Normal	Control
2018-07-03T00:00:00Z	3	D	878	1	NA	2	4	2	NA	NA	NA	NA	NA	NA	NA	NA	NA	NA	NA	NA	NA	NA	NA	NA	NA	NA	NA	NA	NA	NA	NA	NA	NA	NA	NA	NA	NA	2	2	NA	3D	3D878	184	4	2	Control	Normal	Control
2018-07-06T00:00:00Z	3	D	878	1	NA	1	0	NA	NA	NA	NA	NA	NA	NA	NA	NA	NA	NA	NA	NA	NA	NA	NA	NA	NA	NA	NA	NA	NA	NA	NA	NA	NA	NA	NA	NA	NA	NA	NA	NA	3D	3D878	187	0	1	Control	Normal	Control
2018-07-09T00:00:00Z	3	D	878	1	NA	0	3	2	NA	NA	NA	NA	NA	NA	NA	NA	NA	NA	NA	NA	NA	NA	NA	NA	NA	NA	NA	NA	NA	NA	NA	NA	NA	NA	NA	NA	NA	0	NA	NA	3D	3D878	190	3	0	Control	Normal	Control
2018-07-16T00:00:00Z	3	D	878	1	29	0	0	NA	NA	NA	NA	NA	NA	NA	NA	NA	NA	NA	NA	NA	NA	NA	NA	NA	NA	NA	NA	NA	NA	NA	NA	NA	NA	NA	NA	NA	NA	0	NA	NA	3D	3D878	197	0	0	Control	Normal	Control
2018-07-20T00:00:00Z	3	D	878	1	NA	0	0	NA	NA	NA	NA	NA	NA	NA	NA	NA	NA	NA	NA	NA	NA	NA	NA	NA	NA	NA	NA	NA	NA	NA	NA	NA	NA	NA	NA	NA	NA	NA	NA	NA	3D	3D878	201	0	0	Control	Normal	Control
2018-06-29T00:00:00Z	3	D	878	1	NA	13	5	5	NA	NA	NA	NA	NA	NA	NA	NA	NA	NA	NA	NA	NA	NA	NA	NA	NA	NA	NA	NA	NA	NA	NA	NA	NA	NA	NA	NA	NA	NA	NA	NA	3D	3D878	180	5	13	Control	Normal	Control
2018-06-15T00:00:00Z	3	D	879	1	20.5	3	0	NA	NA	NA	NA	NA	NA	NA	NA	NA	NA	NA	NA	NA	NA	NA	NA	NA	NA	NA	NA	NA	NA	NA	NA	NA	NA	NA	NA	NA	NA	NA	NA	NA	3D	3D879	166	0	3	Control	Normal	Control
2018-06-15T00:00:00Z	3	D	879	1	NA	2	NA	NA	NA	NA	NA	NA	NA	NA	NA	NA	NA	NA	NA	NA	NA	NA	NA	NA	NA	NA	NA	NA	NA	NA	NA	NA	NA	NA	NA	NA	NA	NA	NA	NA	3D	3D879	166	0	2	Control	Normal	Control
2018-06-18T00:00:00Z	3	D	879	1	22	4	1	NA	NA	NA	NA	NA	NA	NA	NA	NA	NA	NA	NA	NA	NA	NA	NA	NA	NA	NA	NA	NA	NA	NA	NA	NA	NA	NA	NA	NA	NA	NA	NA	NA	3D	3D879	169	1	4	Control	Normal	Control
2018-06-20T00:00:00Z	3	D	879	1	23	4	1	NA	NA	NA	NA	NA	NA	NA	NA	NA	NA	NA	NA	NA	NA	NA	NA	NA	NA	NA	NA	NA	NA	NA	NA	NA	NA	NA	NA	NA	NA	1	1	NA	3D	3D879	171	1	4	Control	Normal	Control
2018-06-22T00:00:00Z	3	D	879	1	NA	6	3	NA	NA	NA	NA	NA	NA	NA	NA	NA	NA	NA	NA	NA	NA	NA	NA	NA	NA	NA	NA	NA	NA	NA	NA	NA	NA	NA	NA	NA	NA	NA	NA	NA	3D	3D879	173	3	6	Control	Normal	Control
2018-06-25T00:00:00Z	3	D	879	1	NA	6	4	NA	NA	NA	NA	NA	NA	NA	NA	NA	NA	NA	NA	NA	NA	NA	NA	NA	NA	NA	NA	NA	NA	NA	NA	NA	NA	NA	NA	NA	NA	NA	NA	NA	3D	3D879	176	4	6	Control	Normal	Control
2018-06-27T00:00:00Z	3	D	879	1	28	12	1	NA	NA	NA	NA	NA	NA	NA	NA	NA	NA	NA	NA	NA	NA	NA	NA	NA	NA	NA	NA	NA	NA	NA	NA	NA	NA	NA	NA	NA	NA	0	0	nectar robbing	3D	3D879	178	1	12	Control	Normal	Control
2018-07-03T00:00:00Z	3	D	879	1	NA	5	5	4	NA	NA	NA	NA	NA	NA	NA	NA	NA	NA	NA	NA	NA	NA	NA	NA	NA	NA	NA	NA	NA	NA	NA	NA	NA	NA	NA	NA	NA	4	4	NA	3D	3D879	184	5	5	Control	Normal	Control
2018-07-06T00:00:00Z	3	D	879	1	NA	6	3	2	NA	NA	NA	NA	NA	NA	NA	NA	NA	NA	NA	NA	NA	NA	NA	NA	NA	NA	NA	NA	NA	NA	NA	NA	NA	NA	NA	NA	NA	NA	NA	NA	3D	3D879	187	3	6	Control	Normal	Control
2018-07-09T00:00:00Z	3	D	879	1	NA	4	2	NA	NA	NA	NA	NA	NA	NA	NA	NA	NA	NA	NA	NA	NA	NA	NA	NA	NA	NA	NA	NA	NA	NA	NA	NA	NA	NA	NA	NA	NA	0	NA	NA	3D	3D879	190	2	4	Control	Normal	Control
2018-07-16T00:00:00Z	3	D	879	1	29	2	0	NA	NA	NA	NA	NA	NA	NA	NA	NA	NA	NA	NA	NA	NA	NA	NA	NA	NA	NA	NA	NA	NA	NA	NA	NA	NA	NA	NA	NA	NA	0	NA	NA	3D	3D879	197	0	2	Control	Normal	Control
2018-07-20T00:00:00Z	3	D	879	1	NA	0	0	NA	NA	NA	NA	NA	NA	NA	NA	NA	NA	NA	NA	NA	NA	NA	NA	NA	NA	NA	NA	NA	NA	NA	NA	NA	NA	NA	NA	NA	NA	NA	NA	NA	3D	3D879	201	0	0	Control	Normal	Control
2018-07-20T00:00:00Z	3	D	879	1	NA	1	1	1	NA	NA	NA	NA	NA	NA	NA	NA	NA	NA	NA	NA	NA	NA	NA	NA	NA	NA	NA	NA	NA	NA	NA	NA	NA	NA	NA	NA	0	0	NA	NA	3D	3D879	201	1	1	Control	Normal	Control
2018-06-29T00:00:00Z	3	D	879	1	NA	8	5	5	NA	NA	NA	NA	NA	NA	NA	NA	NA	NA	NA	NA	NA	NA	NA	NA	NA	NA	NA	NA	NA	NA	NA	NA	NA	NA	NA	NA	NA	NA	NA	NA	3D	3D879	180	5	8	Control	Normal	Control
2018-06-15T00:00:00Z	3	D	884	1	27	13	0	NA	NA	NA	NA	NA	NA	NA	NA	NA	NA	NA	NA	NA	NA	NA	NA	NA	NA	NA	NA	NA	NA	NA	NA	NA	NA	NA	NA	NA	NA	NA	NA	1 bud damaged	3D	3D884	166	0	13	Control	Normal	Control
2018-06-15T00:00:00Z	3	D	884	1	NA	7	NA	NA	NA	NA	NA	NA	NA	NA	NA	NA	NA	NA	NA	NA	NA	NA	NA	NA	NA	NA	NA	NA	NA	NA	NA	NA	NA	NA	NA	NA	NA	NA	NA	NA	3D	3D884	166	0	7	Control	Normal	Control
2018-06-18T00:00:00Z	3	D	884	1	21.5	16	2	NA	NA	NA	NA	NA	NA	NA	NA	NA	NA	NA	NA	NA	NA	NA	NA	NA	NA	NA	NA	NA	NA	NA	NA	NA	NA	NA	NA	NA	NA	NA	NA	stem flopped	3D	3D884	169	2	16	Control	Normal	Control
2018-06-20T00:00:00Z	3	D	884	1	27	12	5	NA	NA	NA	NA	NA	NA	NA	NA	NA	NA	NA	NA	NA	NA	NA	NA	NA	NA	NA	NA	NA	NA	NA	NA	NA	NA	NA	NA	NA	NA	1	1	stalk flopped	3D	3D884	171	5	12	Control	Normal	Control
2018-06-22T00:00:00Z	3	D	884	1	NA	12	5	NA	NA	NA	NA	NA	NA	NA	NA	NA	NA	NA	NA	NA	NA	NA	NA	NA	NA	NA	NA	NA	NA	NA	NA	NA	NA	NA	NA	NA	NA	NA	NA	NA	3D	3D884	173	5	12	Control	Normal	Control
2018-06-25T00:00:00Z	3	D	884	1	NA	9	5	NA	NA	NA	NA	NA	NA	NA	NA	NA	NA	NA	NA	NA	NA	NA	NA	NA	NA	NA	NA	NA	NA	NA	NA	NA	NA	NA	NA	NA	NA	NA	NA	NA	3D	3D884	176	5	9	Control	Normal	Control
2018-06-27T00:00:00Z	3	D	884	1	23	12	4	NA	NA	NA	NA	NA	NA	NA	NA	NA	NA	NA	NA	NA	NA	NA	NA	NA	NA	NA	NA	NA	NA	NA	NA	NA	NA	NA	NA	NA	NA	0	0	NA	3D	3D884	178	4	12	Control	Normal	Control
2018-06-29T00:00:00Z	3	D	884	1	NA	8	6	4	NA	NA	NA	NA	NA	NA	NA	NA	NA	NA	NA	NA	NA	NA	NA	NA	NA	NA	NA	NA	NA	NA	NA	NA	NA	NA	NA	NA	NA	NA	NA	NA	3D	3D884	180	6	8	Control	Normal	Control
2018-06-15T00:00:00Z	1	B	899	1	21	1	NA	NA	NA	NA	NA	NA	NA	NA	NA	NA	NA	NA	NA	NA	NA	NA	NA	NA	NA	NA	NA	NA	NA	NA	NA	NA	NA	NA	NA	NA	NA	NA	NA	1 bud damaged	1B	1B899	166	0	1	Control	Normal	Control
2018-06-18T00:00:00Z	1	B	899	1	22.5	10	0	NA	NA	NA	NA	NA	NA	NA	NA	NA	NA	NA	NA	NA	NA	NA	NA	NA	NA	NA	NA	NA	NA	NA	NA	NA	NA	NA	NA	NA	NA	NA	NA	NA	1B	1B899	169	0	10	Control	Normal	Control
2018-06-29T00:00:00Z	1	B	899	1	NA	NA	NA	NA	NA	NA	NA	NA	NA	NA	NA	NA	NA	NA	NA	NA	NA	NA	NA	NA	NA	NA	NA	NA	NA	NA	NA	NA	NA	NA	NA	NA	NA	NA	NA	NA	1B	1B899	180	0	0	Control	Normal	Control
2018-06-15T00:00:00Z	3	B	909	1	NA	11	NA	NA	NA	NA	NA	NA	NA	NA	NA	NA	NA	NA	NA	NA	NA	NA	NA	NA	NA	NA	NA	NA	NA	NA	NA	NA	NA	NA	NA	NA	NA	NA	NA	1 damaged	3B	3B909	166	0	11	Control	Normal	Mock rainout
2018-07-16T00:00:00Z	3	B	909	1	23	0	0	NA	NA	NA	NA	NA	NA	NA	NA	NA	NA	NA	NA	NA	NA	NA	NA	NA	NA	NA	NA	NA	NA	NA	NA	NA	NA	NA	NA	NA	NA	0	NA	NA	3B	3B909	197	0	0	Control	Normal	Mock rainout
2018-06-29T00:00:00Z	3	B	909	1	NA	NA	NA	NA	NA	NA	NA	NA	NA	NA	NA	NA	NA	NA	NA	NA	NA	NA	NA	NA	NA	NA	NA	NA	NA	NA	NA	NA	NA	NA	NA	NA	NA	NA	NA	NA	3B	3B909	180	0	0	Control	Normal	Mock rainout
2018-07-11T00:00:00Z	6	A	1600	1	NA	1	0	NA	NA	NA	NA	NA	NA	NA	NA	NA	NA	NA	NA	NA	NA	NA	NA	NA	NA	NA	NA	NA	NA	NA	NA	NA	NA	NA	NA	NA	NA	0	NA	NA	6A	6A1600	192	0	1	Control	Normal	Control
2018-06-18T00:00:00Z	1	B	NA	1	30.5	9	0	NA	NA	NA	NA	NA	NA	NA	NA	NA	NA	NA	NA	NA	NA	NA	NA	NA	NA	NA	NA	NA	NA	NA	NA	NA	NA	NA	NA	NA	NA	NA	NA	NA	1B	1BNA	169	0	9	Control	Normal	Control
2018-06-18T00:00:00Z	3	C	NA	1	42	1	0	NA	NA	NA	NA	NA	NA	NA	NA	NA	NA	NA	NA	NA	NA	NA	NA	NA	NA	NA	NA	NA	NA	NA	NA	NA	NA	NA	NA	NA	NA	NA	NA	NA	3C	3CNA	169	0	1	Addition	Normal	Addition
2018-06-22T00:00:00Z	6	B	NA	1	NA	5	0	NA	NA	NA	NA	NA	NA	NA	NA	NA	NA	NA	NA	NA	NA	NA	NA	NA	NA	NA	NA	NA	NA	NA	NA	NA	NA	NA	NA	NA	NA	NA	NA	NA	6B	6BNA	173	0	5	Reduction	Normal	Reduction
2018-06-15T00:00:00Z	6	C	NA	1	45	34	NA	NA	NA	NA	NA	NA	NA	NA	NA	NA	NA	NA	NA	NA	NA	NA	NA	NA	NA	NA	NA	NA	NA	NA	NA	NA	NA	NA	NA	NA	4	NA	NA	4 flies on top buds, (4 buds(biggest damaged) 1 mating pair	6C	6CNA	166	0	34	Control	Normal	Mock rainout
