"FullName","CreationTime","LastWriteTime","Length","Owner"
"C:\GCMSsolution\Data\Project1\Campbell RMBL Data","8/15/2017 2:29:16 PM","7/16/2021 4:50:09 PM",,"2DYHPD2\User"
"C:\GCMSsolution\Data\Project1\Campbell RMBL Data\Barth RMBL 2018","7/25/2018 2:24:46 PM","8/29/2018 11:10:50 AM",,"2DYHPD2\User"
"C:\GCMSsolution\Data\Project1\Campbell RMBL Data\Barth RMBL 2018\20180725_afb1.qgb","7/25/2018 2:47:34 PM","7/26/2018 9:54:07 AM","57344","2DYHPD2\User"
"C:\GCMSsolution\Data\Project1\Campbell RMBL Data\Barth RMBL 2018\20180822_afb2.qgb","8/22/2018 9:56:40 AM","8/22/2018 9:56:40 AM","45056","2DYHPD2\User"
"C:\GCMSsolution\Data\Project1\Campbell RMBL Data\Barth RMBL 2018\20180822_afb3.qgb","8/22/2018 10:40:03 PM","8/22/2018 10:40:03 PM","45056","2DYHPD2\User"
"C:\GCMSsolution\Data\Project1\Campbell RMBL Data\Barth RMBL 2018\20180822_afb3b.qgb","8/22/2018 10:47:26 PM","8/22/2018 10:48:45 PM","65536","2DYHPD2\User"
"C:\GCMSsolution\Data\Project1\Campbell RMBL Data\Barth RMBL 2018\20180823_afb4.qgb","8/23/2018 11:12:28 AM","8/23/2018 11:12:28 AM","45056","2DYHPD2\User"
"C:\GCMSsolution\Data\Project1\Campbell RMBL Data\Barth RMBL 2018\20180824_afb5.qgb","8/24/2018 12:18:55 AM","8/24/2018 12:18:55 AM","40960","2DYHPD2\User"
"C:\GCMSsolution\Data\Project1\Campbell RMBL Data\Barth RMBL 2018\20180824_afb6.qgb","8/24/2018 12:32:53 PM","8/24/2018 12:32:53 PM","45056","2DYHPD2\User"
"C:\GCMSsolution\Data\Project1\Campbell RMBL Data\Barth RMBL 2018\20180826_afb7.qgb","8/26/2018 9:06:29 AM","8/26/2018 9:06:29 AM","40960","2DYHPD2\User"
"C:\GCMSsolution\Data\Project1\Campbell RMBL Data\Barth RMBL 2018\20180827_afb8.qgb","8/27/2018 12:08:49 AM","8/27/2018 12:08:49 AM","45056","2DYHPD2\User"
"C:\GCMSsolution\Data\Project1\Campbell RMBL Data\Barth RMBL 2018\20180827_afb9.qgb","8/27/2018 2:01:50 PM","8/27/2018 2:01:50 PM","45056","2DYHPD2\User"
"C:\GCMSsolution\Data\Project1\Campbell RMBL Data\Barth RMBL 2018\20180828_afb10.qgb","8/28/2018 11:07:22 AM","8/28/2018 11:07:22 AM","45056","2DYHPD2\User"
"C:\GCMSsolution\Data\Project1\Campbell RMBL Data\Barth RMBL 2018\20180828_afb11.qgb","8/28/2018 11:39:00 PM","8/28/2018 11:39:00 PM","45056","2DYHPD2\User"
"C:\GCMSsolution\Data\Project1\Campbell RMBL Data\Barth RMBL 2018\Achmil1Jun27_08232018.qgd","8/23/2018 5:31:25 PM","8/23/2018 6:07:49 PM","8077312","2DYHPD2\User"
"C:\GCMSsolution\Data\Project1\Campbell RMBL Data\Barth RMBL 2018\Achmil2Jul17_08232018.qgd","8/23/2018 7:20:12 PM","8/23/2018 7:56:18 PM","8134656","2DYHPD2\User"
"C:\GCMSsolution\Data\Project1\Campbell RMBL Data\Barth RMBL 2018\Achmil4Aug6_08222018.qgd","8/23/2018 9:03:02 AM","8/23/2018 9:38:47 AM","8122368","2DYHPD2\User"
"C:\GCMSsolution\Data\Project1\Campbell RMBL Data\Barth RMBL 2018\Achmil5Aug8_08222018.qgd","8/22/2018 2:12:45 PM","8/22/2018 2:48:38 PM","8003584","2DYHPD2\User"
"C:\GCMSsolution\Data\Project1\Campbell RMBL Data\Barth RMBL 2018\Agoaur1 July 11_07252018.qgd","7/25/2018 4:47:11 PM","7/25/2018 5:25:37 PM","8118272","2DYHPD2\User"
"C:\GCMSsolution\Data\Project1\Campbell RMBL Data\Barth RMBL 2018\Agoaur3Jul11_08262018.qgd","8/26/2018 2:50:11 PM","8/26/2018 3:26:55 PM","8040448","2DYHPD2\User"
"C:\GCMSsolution\Data\Project1\Campbell RMBL Data\Barth RMBL 2018\Agoaur3Jul13_08232018.qgd","8/23/2018 8:32:29 PM","8/23/2018 9:08:28 PM","8065024","2DYHPD2\User"
"C:\GCMSsolution\Data\Project1\Campbell RMBL Data\Barth RMBL 2018\Agoaur4Jul26_08272018.qgd","8/27/2018 2:13:54 AM","8/27/2018 2:49:53 AM","8105984","2DYHPD2\User"
"C:\GCMSsolution\Data\Project1\Campbell RMBL Data\Barth RMBL 2018\Agoaur5Jul26_08272018.qgd","8/27/2018 7:12:57 PM","8/27/2018 7:49:46 PM","8134656","2DYHPD2\User"
"C:\GCMSsolution\Data\Project1\Campbell RMBL Data\Barth RMBL 2018\Agogla1 July 25_07252018.qgd","7/25/2018 6:42:51 PM","7/25/2018 7:21:17 PM","8101888","2DYHPD2\User"
"C:\GCMSsolution\Data\Project1\Campbell RMBL Data\Barth RMBL 2018\Agogla2Jul26_08272018.qgd","8/27/2018 11:27:49 PM","8/28/2018 12:03:52 AM","8151040","2DYHPD2\User"
"C:\GCMSsolution\Data\Project1\Campbell RMBL Data\Barth RMBL 2018\Agogla3Jul30_08272018.qgd","8/27/2018 9:39:19 PM","8/27/2018 10:15:31 PM","8044544","2DYHPD2\User"
"C:\GCMSsolution\Data\Project1\Campbell RMBL Data\Barth RMBL 2018\Agogla4Aug3_08242018.qgd","8/24/2018 3:05:07 PM","8/24/2018 3:42:09 PM","8060928","2DYHPD2\User"
"C:\GCMSsolution\Data\Project1\Campbell RMBL Data\Barth RMBL 2018\Agogla5Aug8_08222018.qgd","8/22/2018 1:01:13 PM","8/22/2018 1:36:53 PM","8089600","2DYHPD2\User"
"C:\GCMSsolution\Data\Project1\Campbell RMBL Data\Barth RMBL 2018\Air July 16_07252018.qgd","7/25/2018 3:29:15 PM","7/25/2018 4:07:52 PM","8110080","2DYHPD2\User"
"C:\GCMSsolution\Data\Project1\Campbell RMBL Data\Barth RMBL 2018\AirAug1_08272018.qgd","8/27/2018 5:49:51 AM","8/27/2018 6:25:49 AM","8019968","2DYHPD2\User"
"C:\GCMSsolution\Data\Project1\Campbell RMBL Data\Barth RMBL 2018\AirAug10_08282018.qgd","8/28/2018 12:33:46 PM","8/28/2018 1:10:31 PM","8024064","2DYHPD2\User"
"C:\GCMSsolution\Data\Project1\Campbell RMBL Data\Barth RMBL 2018\AirAug3_08272018.qgd","8/27/2018 7:37:52 AM","8/27/2018 8:13:47 AM","8052736","2DYHPD2\User"
"C:\GCMSsolution\Data\Project1\Campbell RMBL Data\Barth RMBL 2018\AirAug6_08262018.qgd","8/26/2018 4:03:56 PM","8/26/2018 4:40:54 PM","8032256","2DYHPD2\User"
"C:\GCMSsolution\Data\Project1\Campbell RMBL Data\Barth RMBL 2018\AirAug8_08222018.qgd","8/22/2018 10:38:35 AM","8/22/2018 11:14:06 AM","8003584","2DYHPD2\User"
"C:\GCMSsolution\Data\Project1\Campbell RMBL Data\Barth RMBL 2018\AirAug9_08232018.qgd","8/23/2018 11:59:33 AM","8/23/2018 12:35:44 PM","7999488","2DYHPD2\User"
"C:\GCMSsolution\Data\Project1\Campbell RMBL Data\Barth RMBL 2018\AirJul11_08282018.qgd","8/29/2018 6:22:15 AM","8/29/2018 6:58:17 AM","8024064","2DYHPD2\User"
"C:\GCMSsolution\Data\Project1\Campbell RMBL Data\Barth RMBL 2018\AirJul12_08282018.qgd","8/28/2018 10:24:21 PM","8/28/2018 11:00:33 PM","8019968","2DYHPD2\User"
"C:\GCMSsolution\Data\Project1\Campbell RMBL Data\Barth RMBL 2018\AirJul13_08272018.qgd","8/27/2018 11:13:53 AM","8/27/2018 11:49:58 AM","8052736","2DYHPD2\User"
"C:\GCMSsolution\Data\Project1\Campbell RMBL Data\Barth RMBL 2018\AirJul17_08232018.qgd","8/23/2018 7:56:21 PM","8/23/2018 8:32:24 PM","8081408","2DYHPD2\User"
"C:\GCMSsolution\Data\Project1\Campbell RMBL Data\Barth RMBL 2018\AirJul2_08282018.qgd","8/29/2018 6:58:24 AM","8/29/2018 7:34:22 AM","8007680","2DYHPD2\User"
"C:\GCMSsolution\Data\Project1\Campbell RMBL Data\Barth RMBL 2018\AirJul23_08242018.qgd","8/24/2018 9:52:51 PM","8/24/2018 10:29:11 PM","8019968","2DYHPD2\User"
"C:\GCMSsolution\Data\Project1\Campbell RMBL Data\Barth RMBL 2018\AirJul31_08242018.qgd","8/24/2018 11:05:29 PM","8/24/2018 11:41:36 PM","8069120","2DYHPD2\User"
"C:\GCMSsolution\Data\Project1\Campbell RMBL Data\Barth RMBL 2018\AirJul6_08272018.qgd","8/27/2018 3:29:40 PM","8/27/2018 4:06:37 PM","8028160","2DYHPD2\User"
"C:\GCMSsolution\Data\Project1\Campbell RMBL Data\Barth RMBL 2018\AirJul9_08262018.qgd","8/26/2018 2:13:40 PM","8/26/2018 2:50:08 PM","8052736","2DYHPD2\User"
"C:\GCMSsolution\Data\Project1\Campbell RMBL Data\Barth RMBL 2018\AirJun10_08242018.qgd","8/24/2018 8:39:42 PM","8/24/2018 9:16:17 PM","8077312","2DYHPD2\User"
"C:\GCMSsolution\Data\Project1\Campbell RMBL Data\Barth RMBL 2018\AirJun20_08282018.qgd","8/29/2018 7:34:26 AM","8/29/2018 8:10:18 AM","8032256","2DYHPD2\User"
"C:\GCMSsolution\Data\Project1\Campbell RMBL Data\Barth RMBL 2018\AirJun21_08272018.qgd","8/27/2018 4:37:56 AM","8/27/2018 5:13:49 AM","8110080","2DYHPD2\User"
"C:\GCMSsolution\Data\Project1\Campbell RMBL Data\Barth RMBL 2018\AirJun25_08282018.qgd","8/28/2018 4:15:58 PM","8/28/2018 4:52:44 PM","8167424","2DYHPD2\User"
"C:\GCMSsolution\Data\Project1\Campbell RMBL Data\Barth RMBL 2018\AirJun26_08282018.qgd","8/29/2018 2:09:04 AM","8/29/2018 2:45:05 AM","8015872","2DYHPD2\User"
"C:\GCMSsolution\Data\Project1\Campbell RMBL Data\Barth RMBL 2018\AirJun27_08282018.qgd","8/29/2018 8:10:23 AM","8/29/2018 8:46:15 AM","8024064","2DYHPD2\User"
"C:\GCMSsolution\Data\Project1\Campbell RMBL Data\Barth RMBL 2018\AirJun28_08272018.qgd","8/27/2018 4:43:46 PM","8/27/2018 5:20:58 PM","8024064","2DYHPD2\User"
"C:\GCMSsolution\Data\Project1\Campbell RMBL Data\Barth RMBL 2018\Andsep1Jun28_08282018.qgd","8/28/2018 8:35:13 PM","8/28/2018 9:11:32 PM","8011776","2DYHPD2\User"
"C:\GCMSsolution\Data\Project1\Campbell RMBL Data\Barth RMBL 2018\Andsep2Jun28_08222018.qgd","8/23/2018 1:54:02 AM","8/23/2018 2:29:44 AM","8110080","2DYHPD2\User"
"C:\GCMSsolution\Data\Project1\Campbell RMBL Data\Barth RMBL 2018\Andsep3Jul2_08262018.qgd","8/26/2018 5:17:58 PM","8/26/2018 5:54:32 PM","8019968","2DYHPD2\User"
"C:\GCMSsolution\Data\Project1\Campbell RMBL Data\Barth RMBL 2018\Andsep4Jul2_08282018.qgd","8/29/2018 12:20:54 AM","8/29/2018 12:56:46 AM","8060928","2DYHPD2\User"
"C:\GCMSsolution\Data\Project1\Campbell RMBL Data\Barth RMBL 2018\Arecon1Jun23_08272018.qgd","8/27/2018 5:21:03 PM","8/27/2018 5:58:20 PM","8036352","2DYHPD2\User"
"C:\GCMSsolution\Data\Project1\Campbell RMBL Data\Barth RMBL 2018\Arecon3Jul13_08262018.qgd","8/26/2018 12:59:01 PM","8/26/2018 1:36:12 PM","8044544","2DYHPD2\User"
"C:\GCMSsolution\Data\Project1\Campbell RMBL Data\Barth RMBL 2018\Arecon4Aug3_08222018.qgd","8/22/2018 7:02:12 PM","8/22/2018 7:38:00 PM","8069120","2DYHPD2\User"
"C:\GCMSsolution\Data\Project1\Campbell RMBL Data\Barth RMBL 2018\Arecon4Jul17_08242018.qgd","8/24/2018 10:29:16 PM","8/24/2018 11:05:25 PM","8044544","2DYHPD2\User"
"C:\GCMSsolution\Data\Project1\Campbell RMBL Data\Barth RMBL 2018\Blank_07252018.qgd","7/25/2018 2:47:40 PM","7/25/2018 3:29:12 PM","8036352","2DYHPD2\User"
"C:\GCMSsolution\Data\Project1\Campbell RMBL Data\Barth RMBL 2018\Blank_08222018.qgd","8/22/2018 9:56:48 AM","8/22/2018 10:38:32 AM","8015872","2DYHPD2\User"
"C:\GCMSsolution\Data\Project1\Campbell RMBL Data\Barth RMBL 2018\Blank10_08282018.qgd","8/28/2018 11:39:06 PM","8/29/2018 12:20:50 AM","7999488","2DYHPD2\User"
"C:\GCMSsolution\Data\Project1\Campbell RMBL Data\Barth RMBL 2018\Blank2_08222018.qgd","8/22/2018 10:48:50 PM","8/22/2018 11:31:11 PM","8003584","2DYHPD2\User"
"C:\GCMSsolution\Data\Project1\Campbell RMBL Data\Barth RMBL 2018\Blank3_08232018.qgd","8/23/2018 11:17:40 AM","8/23/2018 11:59:30 AM","8003584","2DYHPD2\User"
"C:\GCMSsolution\Data\Project1\Campbell RMBL Data\Barth RMBL 2018\Blank4_08242018.qgd","8/24/2018 12:19:16 AM","8/24/2018 1:00:48 AM","8007680","2DYHPD2\User"
"C:\GCMSsolution\Data\Project1\Campbell RMBL Data\Barth RMBL 2018\Blank5_08242018.qgd","8/24/2018 12:33:01 PM","8/24/2018 1:14:33 PM","8052736","2DYHPD2\User"
"C:\GCMSsolution\Data\Project1\Campbell RMBL Data\Barth RMBL 2018\Blank6_08262018.qgd","8/26/2018 9:15:12 AM","8/26/2018 9:56:44 AM","8044544","2DYHPD2\User"
"C:\GCMSsolution\Data\Project1\Campbell RMBL Data\Barth RMBL 2018\Blank7_08272018.qgd","8/27/2018 12:20:21 AM","8/27/2018 1:02:00 AM","8028160","2DYHPD2\User"
"C:\GCMSsolution\Data\Project1\Campbell RMBL Data\Barth RMBL 2018\Blank8_08272018.qgd","8/27/2018 2:10:44 PM","8/27/2018 2:52:59 PM","8003584","2DYHPD2\User"
"C:\GCMSsolution\Data\Project1\Campbell RMBL Data\Barth RMBL 2018\Blank9_08282018.qgd","8/28/2018 11:15:13 AM","8/28/2018 11:57:11 AM","8015872","2DYHPD2\User"
"C:\GCMSsolution\Data\Project1\Campbell RMBL Data\Barth RMBL 2018\Boestr1Jun25_08282018.qgd","8/28/2018 9:11:35 PM","8/28/2018 9:47:55 PM","8081408","2DYHPD2\User"
"C:\GCMSsolution\Data\Project1\Campbell RMBL Data\Barth RMBL 2018\Boestr2Jun25_08282018.qgd","8/29/2018 3:57:41 AM","8/29/2018 4:33:48 AM","8028160","2DYHPD2\User"
"C:\GCMSsolution\Data\Project1\Campbell RMBL Data\Barth RMBL 2018\Boestr3Jun26_08242018.qgd","8/24/2018 6:49:17 PM","8/24/2018 7:26:09 PM","8118272","2DYHPD2\User"
"C:\GCMSsolution\Data\Project1\Campbell RMBL Data\Barth RMBL 2018\Boestr4Jul11_08232018.qgd","8/23/2018 6:07:55 PM","8/23/2018 6:44:06 PM","8028160","2DYHPD2\User"
"C:\GCMSsolution\Data\Project1\Campbell RMBL Data\Barth RMBL 2018\Camrot1Jul12_08282018.qgd","8/28/2018 7:58:38 PM","8/28/2018 8:35:06 PM","8052736","2DYHPD2\User"
"C:\GCMSsolution\Data\Project1\Campbell RMBL Data\Barth RMBL 2018\Camrot2Jul17_08272018.qgd","8/27/2018 6:25:53 AM","8/27/2018 7:01:48 AM","8040448","2DYHPD2\User"
"C:\GCMSsolution\Data\Project1\Campbell RMBL Data\Barth RMBL 2018\Camrot3Aug3_08282018.qgd","8/29/2018 1:32:55 AM","8/29/2018 2:09:00 AM","8028160","2DYHPD2\User"
"C:\GCMSsolution\Data\Project1\Campbell RMBL Data\Barth RMBL 2018\Camrot4Aug6_08232018.qgd","8/23/2018 12:35:50 PM","8/23/2018 1:12:20 PM","8019968","2DYHPD2\User"
"C:\GCMSsolution\Data\Project1\Campbell RMBL Data\Barth RMBL 2018\Camrot5Aug8_08222018.qgd","8/22/2018 2:48:42 PM","8/22/2018 3:24:39 PM","8024064","2DYHPD2\User"
"C:\GCMSsolution\Data\Project1\Campbell RMBL Data\Barth RMBL 2018\Cassul1Jun28_08232018.qgd","8/23/2018 9:44:30 PM","8/23/2018 10:20:24 PM","8204288","2DYHPD2\User"
"C:\GCMSsolution\Data\Project1\Campbell RMBL Data\Barth RMBL 2018\Cassul2Jul13_08282018.qgd","8/28/2018 6:44:12 PM","8/28/2018 7:21:31 PM","8036352","2DYHPD2\User"
"C:\GCMSsolution\Data\Project1\Campbell RMBL Data\Barth RMBL 2018\Cassul3Jul17_08282018.qgd","8/28/2018 9:47:58 PM","8/28/2018 10:24:18 PM","8044544","2DYHPD2\User"
"C:\GCMSsolution\Data\Project1\Campbell RMBL Data\Barth RMBL 2018\Cassul4Aug3_08272018.qgd","8/27/2018 8:13:54 AM","8/27/2018 8:49:46 AM","8044544","2DYHPD2\User"
"C:\GCMSsolution\Data\Project1\Campbell RMBL Data\Barth RMBL 2018\Clalan1Jul7_08232018.qgd","8/23/2018 4:54:38 PM","8/23/2018 5:31:19 PM","8036352","2DYHPD2\User"
"C:\GCMSsolution\Data\Project1\Campbell RMBL Data\Barth RMBL 2018\Clalan2Jul2_08222018.qgd","8/23/2018 7:15:53 AM","8/23/2018 7:51:28 AM","8015872","2DYHPD2\User"
"C:\GCMSsolution\Data\Project1\Campbell RMBL Data\Barth RMBL 2018\Clalan3 July 2_07252018.qgd","7/25/2018 4:07:56 PM","7/25/2018 4:47:07 PM","8187904","2DYHPD2\User"
"C:\GCMSsolution\Data\Project1\Campbell RMBL Data\Barth RMBL 2018\Delnut1Jun21_08282018.qgd","8/29/2018 5:46:01 AM","8/29/2018 6:22:10 AM","8044544","2DYHPD2\User"
"C:\GCMSsolution\Data\Project1\Campbell RMBL Data\Barth RMBL 2018\Delnut2Jun26_08222018.qgd","8/23/2018 1:18:15 AM","8/23/2018 1:53:57 AM","8019968","2DYHPD2\User"
"C:\GCMSsolution\Data\Project1\Campbell RMBL Data\Barth RMBL 2018\Delnut3Jun27_08222018.qgd","8/22/2018 11:31:16 PM","8/23/2018 12:06:50 AM","8011776","2DYHPD2\User"
"C:\GCMSsolution\Data\Project1\Campbell RMBL Data\Barth RMBL 2018\Delnut4Jun27_08282018.qgd","8/29/2018 2:45:09 AM","8/29/2018 3:21:23 AM","8011776","2DYHPD2\User"
"C:\GCMSsolution\Data\Project1\Campbell RMBL Data\Barth RMBL 2018\Delnut5Jun28_08242018.qgd","8/24/2018 4:56:45 PM","8/24/2018 5:34:09 PM","8114176","2DYHPD2\User"
"C:\GCMSsolution\Data\Project1\Campbell RMBL Data\Barth RMBL 2018\Draaur1Jun27_08222018.qgd","8/23/2018 10:14:33 AM","8/23/2018 10:50:22 AM","8015872","2DYHPD2\User"
"C:\GCMSsolution\Data\Project1\Campbell RMBL Data\Barth RMBL 2018\Draaur2Jun28_08242018.qgd","8/25/2018 12:17:43 AM","8/25/2018 12:53:44 AM","8171520","2DYHPD2\User"
"C:\GCMSsolution\Data\Project1\Campbell RMBL Data\Barth RMBL 2018\Erifla1Jun26_08222018.qgd","8/23/2018 12:42:37 AM","8/23/2018 1:18:12 AM","8024064","2DYHPD2\User"
"C:\GCMSsolution\Data\Project1\Campbell RMBL Data\Barth RMBL 2018\Erifla2Jul7_08232018.qgd","8/23/2018 1:49:19 PM","8/23/2018 2:26:15 PM","8024064","2DYHPD2\User"
"C:\GCMSsolution\Data\Project1\Campbell RMBL Data\Barth RMBL 2018\Erifla4Aug3_08272018.qgd","8/27/2018 1:02:04 AM","8/27/2018 1:37:57 AM","8040448","2DYHPD2\User"
"C:\GCMSsolution\Data\Project1\Campbell RMBL Data\Barth RMBL 2018\Erifla5Aug6_08222018.qgd","8/22/2018 6:26:03 PM","8/22/2018 7:02:07 PM","8056832","2DYHPD2\User"
"C:\GCMSsolution\Data\Project1\Campbell RMBL Data\Barth RMBL 2018\Erispe1Jul12_08282018.qgd","8/28/2018 2:25:04 PM","8/28/2018 3:02:26 PM","8073216","2DYHPD2\User"
"C:\GCMSsolution\Data\Project1\Campbell RMBL Data\Barth RMBL 2018\Erispe2Jul17_08282018.qgd","8/28/2018 1:47:38 PM","8/28/2018 2:24:58 PM","8097792","2DYHPD2\User"
"C:\GCMSsolution\Data\Project1\Campbell RMBL Data\Barth RMBL 2018\Erispe3Jul30_08222018.qgd","8/23/2018 9:38:54 AM","8/23/2018 10:14:29 AM","8032256","2DYHPD2\User"
"C:\GCMSsolution\Data\Project1\Campbell RMBL Data\Barth RMBL 2018\Erispe4Aug6_08272018.qgd","8/27/2018 10:51:39 PM","8/27/2018 11:27:43 PM","8040448","2DYHPD2\User"
"C:\GCMSsolution\Data\Project1\Campbell RMBL Data\Barth RMBL 2018\Erispe5Aug8_08222018.qgd","8/22/2018 9:25:53 PM","8/22/2018 10:01:38 PM","8069120","2DYHPD2\User"
"C:\GCMSsolution\Data\Project1\Campbell RMBL Data\Barth RMBL 2018\Erisub1Jun21_08272018.qgd","8/27/2018 6:35:43 PM","8/27/2018 7:12:52 PM","8126464","2DYHPD2\User"
"C:\GCMSsolution\Data\Project1\Campbell RMBL Data\Barth RMBL 2018\Erisub2Jun27_08282018.qgd","8/28/2018 6:06:43 PM","8/28/2018 6:44:09 PM","8085504","2DYHPD2\User"
"C:\GCMSsolution\Data\Project1\Campbell RMBL Data\Barth RMBL 2018\Erisub3Jul23_08272018.qgd","8/27/2018 10:01:54 AM","8/27/2018 10:37:50 AM","8097792","2DYHPD2\User"
"C:\GCMSsolution\Data\Project1\Campbell RMBL Data\Barth RMBL 2018\Eriumb3Jul12_08272018.qgd","8/27/2018 4:06:41 PM","8/27/2018 4:43:43 PM","8060928","2DYHPD2\User"
"C:\GCMSsolution\Data\Project1\Campbell RMBL Data\Barth RMBL 2018\Erygra1Jul2_08262018.qgd","8/26/2018 4:41:02 PM","8/26/2018 5:17:53 PM","8060928","2DYHPD2\User"
"C:\GCMSsolution\Data\Project1\Campbell RMBL Data\Barth RMBL 2018\Erygra2Jul2_08282018.qgd","8/28/2018 3:39:09 PM","8/28/2018 4:15:51 PM","8110080","2DYHPD2\User"
"C:\GCMSsolution\Data\Project1\Campbell RMBL Data\Barth RMBL 2018\Erygra3Jul2_08222018.qgd","8/23/2018 6:40:06 AM","8/23/2018 7:15:47 AM","8028160","2DYHPD2\User"
"C:\GCMSsolution\Data\Project1\Campbell RMBL Data\Barth RMBL 2018\Fravir1Jun22_08282018.qgd","8/29/2018 12:56:50 AM","8/29/2018 1:32:51 AM","8036352","2DYHPD2\User"
"C:\GCMSsolution\Data\Project1\Campbell RMBL Data\Barth RMBL 2018\Fravir2Jun22_08232018.qgd","8/23/2018 2:26:18 PM","8/23/2018 3:03:26 PM","8056832","2DYHPD2\User"
"C:\GCMSsolution\Data\Project1\Campbell RMBL Data\Barth RMBL 2018\Fravir3Jul6_08272018.qgd","8/28/2018 12:03:58 AM","8/28/2018 12:40:00 AM","8015872","2DYHPD2\User"
"C:\GCMSsolution\Data\Project1\Campbell RMBL Data\Barth RMBL 2018\Fravir5Jul10_08242018.qgd","8/24/2018 7:26:13 PM","8/24/2018 8:02:45 PM","8089600","2DYHPD2\User"
"C:\GCMSsolution\Data\Project1\Campbell RMBL Data\Barth RMBL 2018\Galbor1Jun21_08242018.qgd","8/24/2018 5:34:14 PM","8/24/2018 6:11:52 PM","8105984","2DYHPD2\User"
"C:\GCMSsolution\Data\Project1\Campbell RMBL Data\Barth RMBL 2018\Galbor2Jun28_08242018.qgd","8/24/2018 1:14:40 PM","8/24/2018 1:51:36 PM","8134656","2DYHPD2\User"
"C:\GCMSsolution\Data\Project1\Campbell RMBL Data\Barth RMBL 2018\Galbor3Jul23_08272018.qgd","8/27/2018 10:37:56 AM","8/27/2018 11:13:49 AM","8118272","2DYHPD2\User"
"C:\GCMSsolution\Data\Project1\Campbell RMBL Data\Barth RMBL 2018\Galbor3Jul30_08222018.qgd","8/23/2018 3:05:35 AM","8/23/2018 3:41:13 AM","8069120","2DYHPD2\User"
"C:\GCMSsolution\Data\Project1\Campbell RMBL Data\Barth RMBL 2018\Galbor5Aug9_08232018.qgd","8/23/2018 3:40:35 PM","8/23/2018 4:17:38 PM","8048640","2DYHPD2\User"
"C:\GCMSsolution\Data\Project1\Campbell RMBL Data\Barth RMBL 2018\Genpar1Aug3_08242018.qgd","8/24/2018 1:51:39 PM","8/24/2018 2:28:09 PM","8036352","2DYHPD2\User"
"C:\GCMSsolution\Data\Project1\Campbell RMBL Data\Barth RMBL 2018\Genpar2Aug8_08222018.qgd","8/22/2018 11:49:54 AM","8/22/2018 12:25:28 PM","8015872","2DYHPD2\User"
"C:\GCMSsolution\Data\Project1\Campbell RMBL Data\Barth RMBL 2018\Genpar3Aug8_08272018.qgd","8/27/2018 5:13:54 AM","8/27/2018 5:49:48 AM","8101888","2DYHPD2\User"
"C:\GCMSsolution\Data\Project1\Campbell RMBL Data\Barth RMBL 2018\Genpar4Aug8_08232018.qgd","8/23/2018 1:12:23 PM","8/23/2018 1:49:13 PM","8003584","2DYHPD2\User"
"C:\GCMSsolution\Data\Project1\Campbell RMBL Data\Barth RMBL 2018\Genpar5Aug10_08272018.qgd","8/27/2018 2:53:06 PM","8/27/2018 3:29:35 PM","8032256","2DYHPD2\User"
"C:\GCMSsolution\Data\Project1\Campbell RMBL Data\Barth RMBL 2018\Geuale1Jul11_08272018.qgd","8/27/2018 9:25:49 AM","8/27/2018 10:01:50 AM","8044544","2DYHPD2\User"
"C:\GCMSsolution\Data\Project1\Campbell RMBL Data\Barth RMBL 2018\Geuale2Jul16_08272018.qgd","8/27/2018 8:49:51 AM","8/27/2018 9:25:46 AM","8044544","2DYHPD2\User"
"C:\GCMSsolution\Data\Project1\Campbell RMBL Data\Barth RMBL 2018\Geuale3Jul16_08272018.qgd","8/27/2018 1:38:01 AM","8/27/2018 2:13:51 AM","8040448","2DYHPD2\User"
"C:\GCMSsolution\Data\Project1\Campbell RMBL Data\Barth RMBL 2018\Helmul2Jul30_08242018.qgd","8/24/2018 3:42:15 PM","8/24/2018 4:19:20 PM","8040448","2DYHPD2\User"
"C:\GCMSsolution\Data\Project1\Campbell RMBL Data\Barth RMBL 2018\Helmul3Jul31_08232018.qgd","8/23/2018 10:20:29 PM","8/23/2018 10:56:31 PM","8032256","2DYHPD2\User"
"C:\GCMSsolution\Data\Project1\Campbell RMBL Data\Barth RMBL 2018\Helmul4Aug3_08242018.qgd","8/24/2018 2:28:14 PM","8/24/2018 3:05:03 PM","8073216","2DYHPD2\User"
"C:\GCMSsolution\Data\Project1\Campbell RMBL Data\Barth RMBL 2018\Helmul5Aug6_08222018.qgd","8/22/2018 8:14:01 PM","8/22/2018 8:49:50 PM","8056832","2DYHPD2\User"
"C:\GCMSsolution\Data\Project1\Campbell RMBL Data\Barth RMBL 2018\Helqui1 July 12_07252018.qgd","7/25/2018 6:04:14 PM","7/25/2018 6:42:48 PM","8208384","2DYHPD2\User"
"C:\GCMSsolution\Data\Project1\Campbell RMBL Data\Barth RMBL 2018\Helqui2Jul17_08282018.qgd","8/29/2018 9:58:26 AM","8/29/2018 10:34:24 AM","8032256","2DYHPD2\User"
"C:\GCMSsolution\Data\Project1\Campbell RMBL Data\Barth RMBL 2018\Helqui3Jul30_08272018.qgd","8/28/2018 1:52:23 AM","8/28/2018 2:28:30 AM","8077312","2DYHPD2\User"
"C:\GCMSsolution\Data\Project1\Campbell RMBL Data\Barth RMBL 2018\Helqui4Aug10_08222018.qgd","8/22/2018 5:49:45 PM","8/22/2018 6:25:58 PM","8007680","2DYHPD2\User"
"C:\GCMSsolution\Data\Project1\Campbell RMBL Data\Barth RMBL 2018\Hetvil1Jul12_08262018.qgd","8/26/2018 11:45:22 AM","8/26/2018 12:21:55 PM","8044544","2DYHPD2\User"
"C:\GCMSsolution\Data\Project1\Campbell RMBL Data\Barth RMBL 2018\Hetvil2Jul17_08272018.qgd","8/27/2018 7:01:55 AM","8/27/2018 7:37:48 AM","8093696","2DYHPD2\User"
"C:\GCMSsolution\Data\Project1\Campbell RMBL Data\Barth RMBL 2018\Hetvil3Jul31_08242018.qgd","8/24/2018 11:41:38 PM","8/25/2018 12:17:40 AM","8081408","2DYHPD2\User"
"C:\GCMSsolution\Data\Project1\Campbell RMBL Data\Barth RMBL 2018\Hetvil4Aug6_08222018.qgd","8/23/2018 3:41:18 AM","8/23/2018 4:16:52 AM","8044544","2DYHPD2\User"
"C:\GCMSsolution\Data\Project1\Campbell RMBL Data\Barth RMBL 2018\Hetvil5Aug8_08222018.qgd","8/22/2018 12:25:33 PM","8/22/2018 1:01:09 PM","8081408","2DYHPD2\User"
"C:\GCMSsolution\Data\Project1\Campbell RMBL Data\Barth RMBL 2018\Ipoagg1Jun20_08272018.qgd","8/27/2018 10:15:37 PM","8/27/2018 10:51:33 PM","8036352","2DYHPD2\User"
"C:\GCMSsolution\Data\Project1\Campbell RMBL Data\Barth RMBL 2018\Ipoagg2Jul23_08242018.qgd","8/24/2018 9:16:21 PM","8/24/2018 9:52:47 PM","8040448","2DYHPD2\User"
"C:\GCMSsolution\Data\Project1\Campbell RMBL Data\Barth RMBL 2018\Ipoagg3Jul30_08222018.qgd","8/23/2018 6:04:19 AM","8/23/2018 6:40:00 AM","8044544","2DYHPD2\User"
"C:\GCMSsolution\Data\Project1\Campbell RMBL Data\Barth RMBL 2018\Ipoagg4Aug3_08282018.qgd","8/29/2018 8:46:20 AM","8/29/2018 9:22:21 AM","8056832","2DYHPD2\User"
"C:\GCMSsolution\Data\Project1\Campbell RMBL Data\Barth RMBL 2018\Ipoagg5Aug6_08222018.qgd","8/22/2018 7:38:05 PM","8/22/2018 8:13:55 PM","8060928","2DYHPD2\User"
"C:\GCMSsolution\Data\Project1\Campbell RMBL Data\Barth RMBL 2018\Latleu1Jun20_08272018.qgd","8/27/2018 4:02:03 AM","8/27/2018 4:37:53 AM","8503296","2DYHPD2\User"
"C:\GCMSsolution\Data\Project1\Campbell RMBL Data\Barth RMBL 2018\Latleu2Jun27_08242018.qgd","8/24/2018 6:11:56 PM","8/24/2018 6:49:13 PM","8171520","2DYHPD2\User"
"C:\GCMSsolution\Data\Project1\Campbell RMBL Data\Barth RMBL 2018\Latlew3Aug8_08222018.qgd","8/22/2018 1:36:57 PM","8/22/2018 2:12:40 PM","8024064","2DYHPD2\User"
"C:\GCMSsolution\Data\Project1\Campbell RMBL Data\Barth RMBL 2018\Linlew1Jun27_08272018.qgd","8/27/2018 7:49:49 PM","8/27/2018 8:26:34 PM","8163328","2DYHPD2\User"
"C:\GCMSsolution\Data\Project1\Campbell RMBL Data\Barth RMBL 2018\Linlew2Jul11_08262018.qgd","8/26/2018 1:36:14 PM","8/26/2018 2:13:34 PM","8044544","2DYHPD2\User"
"C:\GCMSsolution\Data\Project1\Campbell RMBL Data\Barth RMBL 2018\Linlew3Jul11_08262018.qgd","8/26/2018 10:32:42 AM","8/26/2018 11:08:51 AM","8044544","2DYHPD2\User"
"C:\GCMSsolution\Data\Project1\Campbell RMBL Data\Barth RMBL 2018\Linlew4Jul16_08232018.qgd","8/23/2018 6:44:12 PM","8/23/2018 7:20:08 PM","8060928","2DYHPD2\User"
"C:\GCMSsolution\Data\Project1\Campbell RMBL Data\Barth RMBL 2018\Linlew5Jul31_08242018.qgd","8/24/2018 4:19:24 PM","8/24/2018 4:56:40 PM","8019968","2DYHPD2\User"
"C:\GCMSsolution\Data\Project1\Campbell RMBL Data\Barth RMBL 2018\Mercil2Jul6_08262018.qgd","8/26/2018 12:22:01 PM","8/26/2018 12:58:57 PM","8048640","2DYHPD2\User"
"C:\GCMSsolution\Data\Project1\Campbell RMBL Data\Barth RMBL 2018\OQRepeat.txt","7/25/2018 3:29:12 PM","8/29/2018 11:47:16 AM","3295","2DYHPD2\User"
"C:\GCMSsolution\Data\Project1\Campbell RMBL Data\Barth RMBL 2018\Potgra1Jun21_08272018.qgd","8/27/2018 8:26:38 PM","8/27/2018 9:03:00 PM","8028160","2DYHPD2\User"
"C:\GCMSsolution\Data\Project1\Campbell RMBL Data\Barth RMBL 2018\Potgra2Jun28_08222018.qgd","8/23/2018 5:28:31 AM","8/23/2018 6:04:14 AM","8003584","2DYHPD2\User"
"C:\GCMSsolution\Data\Project1\Campbell RMBL Data\Barth RMBL 2018\Potgra3Jul10_08232018.qgd","8/23/2018 10:56:38 PM","8/23/2018 11:32:41 PM","8024064","2DYHPD2\User"
"C:\GCMSsolution\Data\Project1\Campbell RMBL Data\Barth RMBL 2018\Potgra5Jul11_08232018.qgd","8/23/2018 9:08:34 PM","8/23/2018 9:44:23 PM","8048640","2DYHPD2\User"
"C:\GCMSsolution\Data\Project1\Campbell RMBL Data\Barth RMBL 2018\Pothip1Jul13_08282018.qgd","8/29/2018 9:22:25 AM","8/29/2018 9:58:19 AM","8036352","2DYHPD2\User"
"C:\GCMSsolution\Data\Project1\Campbell RMBL Data\Barth RMBL 2018\Pothip2Jul17_08282018.qgd","8/28/2018 7:21:38 PM","8/28/2018 7:58:32 PM","8052736","2DYHPD2\User"
"C:\GCMSsolution\Data\Project1\Campbell RMBL Data\Barth RMBL 2018\Psemon1Jun26_08272018.qgd","8/28/2018 12:40:04 AM","8/28/2018 1:16:09 AM","8069120","2DYHPD2\User"
"C:\GCMSsolution\Data\Project1\Campbell RMBL Data\Barth RMBL 2018\Psemon2Jul10_08282018.qgd","8/29/2018 5:10:01 AM","8/29/2018 5:45:57 AM","8028160","2DYHPD2\User"
"C:\GCMSsolution\Data\Project1\Campbell RMBL Data\Barth RMBL 2018\Psemon3Jul13_08222018.qgd","8/23/2018 12:06:54 AM","8/23/2018 12:42:34 AM","8060928","2DYHPD2\User"
"C:\GCMSsolution\Data\Project1\Campbell RMBL Data\Barth RMBL 2018\Psemon3Jul16_08282018.qgd","8/29/2018 10:34:28 AM","8/29/2018 11:10:45 AM","8155136","2DYHPD2\User"
"C:\GCMSsolution\Data\Project1\Campbell RMBL Data\Barth RMBL 2018\Psemon5Aug10_08222018.qgd","8/22/2018 11:14:10 AM","8/22/2018 11:49:48 AM","8052736","2DYHPD2\User"
"C:\GCMSsolution\Data\Project1\Campbell RMBL Data\Barth RMBL 2018\QAQCData.htm","7/25/2018 3:29:12 PM","8/29/2018 11:47:16 AM","497","2DYHPD2\User"
"C:\GCMSsolution\Data\Project1\Campbell RMBL Data\Barth RMBL 2018\QAQCData.txt","7/25/2018 3:29:12 PM","8/29/2018 12:20:50 AM","77","2DYHPD2\User"
"C:\GCMSsolution\Data\Project1\Campbell RMBL Data\Barth RMBL 2018\Ranina1Aug1_08282018.qgd","8/29/2018 3:21:27 AM","8/29/2018 3:57:36 AM","8069120","2DYHPD2\User"
"C:\GCMSsolution\Data\Project1\Campbell RMBL Data\Barth RMBL 2018\Ranina2Aug1_08222018.qgd","8/23/2018 4:16:58 AM","8/23/2018 4:52:40 AM","8032256","2DYHPD2\User"
"C:\GCMSsolution\Data\Project1\Campbell RMBL Data\Barth RMBL 2018\Ranina3Aug9_08232018.qgd","8/23/2018 4:17:43 PM","8/23/2018 4:54:33 PM","8003584","2DYHPD2\User"
"C:\GCMSsolution\Data\Project1\Campbell RMBL Data\Barth RMBL 2018\Ranina4Aug9_08222018.qgd","8/22/2018 8:49:57 PM","8/22/2018 9:25:46 PM","8028160","2DYHPD2\User"
"C:\GCMSsolution\Data\Project1\Campbell RMBL Data\Barth RMBL 2018\Roswoo1Jun27_08282018.qgd","8/29/2018 4:33:55 AM","8/29/2018 5:09:56 AM","8179712","2DYHPD2\User"
"C:\GCMSsolution\Data\Project1\Campbell RMBL Data\Barth RMBL 2018\Roswoo2Jul13_08262018.qgd","8/26/2018 3:26:59 PM","8/26/2018 4:03:52 PM","8069120","2DYHPD2\User"
"C:\GCMSsolution\Data\Project1\Campbell RMBL Data\Barth RMBL 2018\Roswoo3Jul13_08262018.qgd","8/26/2018 11:08:56 AM","8/26/2018 11:45:19 AM","8134656","2DYHPD2\User"
"C:\GCMSsolution\Data\Project1\Campbell RMBL Data\Barth RMBL 2018\Sedlan1Jun26_08222018.qgd","8/23/2018 8:27:11 AM","8/23/2018 9:02:56 AM","8019968","2DYHPD2\User"
"C:\GCMSsolution\Data\Project1\Campbell RMBL Data\Barth RMBL 2018\Sedlan2Jul9_08242018.qgd","8/24/2018 8:02:47 PM","8/24/2018 8:39:39 PM","8105984","2DYHPD2\User"
"C:\GCMSsolution\Data\Project1\Campbell RMBL Data\Barth RMBL 2018\Sedlan4Jul17_08282018.qgd","8/29/2018 11:10:50 AM","8/29/2018 11:47:15 AM","8040448","2DYHPD2\User"
"C:\GCMSsolution\Data\Project1\Campbell RMBL Data\Barth RMBL 2018\Senint1Jun22_08272018.qgd","8/28/2018 1:16:13 AM","8/28/2018 1:52:19 AM","8065024","2DYHPD2\User"
"C:\GCMSsolution\Data\Project1\Campbell RMBL Data\Barth RMBL 2018\Senint2Jul13_08272018.qgd","8/27/2018 9:03:05 PM","8/27/2018 9:39:16 PM","8044544","2DYHPD2\User"
"C:\GCMSsolution\Data\Project1\Campbell RMBL Data\Barth RMBL 2018\Senser1Jul12_08262018.qgd","8/26/2018 9:56:49 AM","8/26/2018 10:32:38 AM","8060928","2DYHPD2\User"
"C:\GCMSsolution\Data\Project1\Campbell RMBL Data\Barth RMBL 2018\Senser2Jul17_08282018.qgd","8/28/2018 1:10:38 PM","8/28/2018 1:47:35 PM","8175616","2DYHPD2\User"
"C:\GCMSsolution\Data\Project1\Campbell RMBL Data\Barth RMBL 2018\Senser3Aug9_08222018.qgd","8/22/2018 4:00:51 PM","8/22/2018 4:36:58 PM","8056832","2DYHPD2\User"
"C:\GCMSsolution\Data\Project1\Campbell RMBL Data\Barth RMBL 2018\Senwoo1Jul13_08282018.qgd","8/28/2018 5:29:46 PM","8/28/2018 6:06:36 PM","8081408","2DYHPD2\User"
"C:\GCMSsolution\Data\Project1\Campbell RMBL Data\Barth RMBL 2018\Senwoo2Jul13_08262018.qgd","8/26/2018 5:54:38 PM","8/26/2018 6:31:52 PM","8101888","2DYHPD2\User"
"C:\GCMSsolution\Data\Project1\Campbell RMBL Data\Barth RMBL 2018\Senwoo3Jul17_08272018.qgd","8/27/2018 11:50:02 AM","8/27/2018 12:26:15 PM","8081408","2DYHPD2\User"
"C:\GCMSsolution\Data\Project1\Campbell RMBL Data\Barth RMBL 2018\Senwoo5Aug6_08222018.qgd","8/22/2018 5:13:23 PM","8/22/2018 5:49:41 PM","8065024","2DYHPD2\User"
"C:\GCMSsolution\Data\Project1\Campbell RMBL Data\Barth RMBL 2018\Solmul1Jul9_08282018.qgd","8/28/2018 11:57:16 AM","8/28/2018 12:33:41 PM","8114176","2DYHPD2\User"
"C:\GCMSsolution\Data\Project1\Campbell RMBL Data\Barth RMBL 2018\Solmul2 July 23_07252018.qgd","7/25/2018 5:25:42 PM","7/25/2018 6:04:09 PM","8130560","2DYHPD2\User"
"C:\GCMSsolution\Data\Project1\Campbell RMBL Data\Barth RMBL 2018\Solmul3Jul26_08272018.qgd","8/27/2018 2:50:00 AM","8/27/2018 3:25:56 AM","8073216","2DYHPD2\User"
"C:\GCMSsolution\Data\Project1\Campbell RMBL Data\Barth RMBL 2018\Solmul4Jul30_08222018.qgd","8/23/2018 2:29:49 AM","8/23/2018 3:05:31 AM","8060928","2DYHPD2\User"
"C:\GCMSsolution\Data\Project1\Campbell RMBL Data\Barth RMBL 2018\Solmul5Aug9_08222018.qgd","8/22/2018 3:24:43 PM","8/22/2018 4:00:45 PM","8077312","2DYHPD2\User"
"C:\GCMSsolution\Data\Project1\Campbell RMBL Data\Barth RMBL 2018\StdAug24_3uL0.0001A_08242018.qgd","8/24/2018 1:00:55 AM","8/24/2018 1:36:42 AM","8060928","2DYHPD2\User"
"C:\GCMSsolution\Data\Project1\Campbell RMBL Data\Barth RMBL 2018\StdAug24_3uL0.0001B_08242018.qgd","8/24/2018 1:36:46 AM","8/24/2018 2:12:46 AM","8060928","2DYHPD2\User"
"C:\GCMSsolution\Data\Project1\Campbell RMBL Data\Barth RMBL 2018\StdAug24_3uL0.0001C_08242018.qgd","8/24/2018 2:12:51 AM","8/24/2018 2:48:46 AM","8003584","2DYHPD2\User"
"C:\GCMSsolution\Data\Project1\Campbell RMBL Data\Barth RMBL 2018\StdAug24_3uL0.001A_08242018.qgd","8/24/2018 2:48:51 AM","8/24/2018 3:24:46 AM","8007680","2DYHPD2\User"
"C:\GCMSsolution\Data\Project1\Campbell RMBL Data\Barth RMBL 2018\StdAug24_3uL0.001B_08242018.qgd","8/24/2018 3:24:50 AM","8/24/2018 4:00:45 AM","8019968","2DYHPD2\User"
"C:\GCMSsolution\Data\Project1\Campbell RMBL Data\Barth RMBL 2018\StdAug24_3uL0.001C_08242018.qgd","8/24/2018 4:00:50 AM","8/24/2018 4:36:50 AM","8007680","2DYHPD2\User"
"C:\GCMSsolution\Data\Project1\Campbell RMBL Data\Barth RMBL 2018\StdAug24_3uL0.01A_08242018.qgd","8/24/2018 4:36:54 AM","8/24/2018 5:12:49 AM","8024064","2DYHPD2\User"
"C:\GCMSsolution\Data\Project1\Campbell RMBL Data\Barth RMBL 2018\StdAug24_3uL0.01B_08242018.qgd","8/24/2018 5:12:53 AM","8/24/2018 5:48:49 AM","8040448","2DYHPD2\User"
"C:\GCMSsolution\Data\Project1\Campbell RMBL Data\Barth RMBL 2018\StdAug24_3uL0.01C_08242018.qgd","8/24/2018 5:48:52 AM","8/24/2018 6:24:45 AM","8032256","2DYHPD2\User"
"C:\GCMSsolution\Data\Project1\Campbell RMBL Data\Barth RMBL 2018\StdAug24_3uL0.1A_08242018.qgd","8/24/2018 6:24:47 AM","8/24/2018 7:00:45 AM","8400896","2DYHPD2\User"
"C:\GCMSsolution\Data\Project1\Campbell RMBL Data\Barth RMBL 2018\StdAug24_3uL0.1B_08242018.qgd","8/24/2018 7:00:51 AM","8/24/2018 7:36:41 AM","8392704","2DYHPD2\User"
"C:\GCMSsolution\Data\Project1\Campbell RMBL Data\Barth RMBL 2018\StdAug24_3uL0.1C_08242018.qgd","8/24/2018 7:36:43 AM","8/24/2018 8:12:28 AM","8388608","2DYHPD2\User"
"C:\GCMSsolution\Data\Project1\Campbell RMBL Data\Barth RMBL 2018\Taroff1Jul6_08222018.qgd","8/23/2018 4:52:44 AM","8/23/2018 5:28:27 AM","8028160","2DYHPD2\User"
"C:\GCMSsolution\Data\Project1\Campbell RMBL Data\Barth RMBL 2018\Taroff2Jul6_08272018.qgd","8/27/2018 3:26:01 AM","8/27/2018 4:01:58 AM","8065024","2DYHPD2\User"
"C:\GCMSsolution\Data\Project1\Campbell RMBL Data\Barth RMBL 2018\Taroff3 July 16_07252018.qgd","7/25/2018 7:21:23 PM","7/25/2018 7:59:17 PM","8126464","2DYHPD2\User"
"C:\GCMSsolution\Data\Project1\Campbell RMBL Data\Barth RMBL 2018\Taroff3Aug9_08232018.qgd","8/23/2018 3:03:31 PM","8/23/2018 3:40:29 PM","8019968","2DYHPD2\User"
"C:\GCMSsolution\Data\Project1\Campbell RMBL Data\Barth RMBL 2018\Taroff4Aug9_08222018.qgd","8/22/2018 4:37:01 PM","8/22/2018 5:13:18 PM","8040448","2DYHPD2\User"
"C:\GCMSsolution\Data\Project1\Campbell RMBL Data\Barth RMBL 2018\Vicame1Jun20_08272018.qgd","8/27/2018 5:58:25 PM","8/27/2018 6:35:38 PM","8040448","2DYHPD2\User"
"C:\GCMSsolution\Data\Project1\Campbell RMBL Data\Barth RMBL 2018\Vicame2Jul10_08282018.qgd","8/28/2018 4:52:49 PM","8/28/2018 5:29:41 PM","8085504","2DYHPD2\User"
"C:\GCMSsolution\Data\Project1\Campbell RMBL Data\Barth RMBL 2018\Vicame3Jul10_08282018.qgd","8/28/2018 3:02:30 PM","8/28/2018 3:39:03 PM","8069120","2DYHPD2\User"
"C:\GCMSsolution\Data\Project1\Campbell RMBL Data\Barth RMBL 2018\Vicame4Jul30_08222018.qgd","8/23/2018 7:51:32 AM","8/23/2018 8:27:07 AM","8028160","2DYHPD2\User"
"C:\GCMSsolution\Data\Project1\Campbell RMBL Data\Corydalis 2020","7/6/2021 8:07:02 AM","7/11/2021 9:53:29 AM",,"2DYHPD2\User"
"C:\GCMSsolution\Data\Project1\Campbell RMBL Data\Corydalis 2020\Blank1_762021_01.qgd","7/6/2021 8:07:46 AM","7/6/2021 8:45:27 AM","7098368","2DYHPD2\User"
"C:\GCMSsolution\Data\Project1\Campbell RMBL Data\Corydalis 2020\Corydalis_200727_1_762021_02.qgd","7/6/2021 8:44:19 AM","7/6/2021 9:16:20 AM","7131136","2DYHPD2\User"
"C:\GCMSsolution\Data\Project1\Campbell RMBL Data\Corydalis 2020\Corydalis_200727_10_762021_07.qgd","7/6/2021 11:20:30 AM","7/6/2021 11:53:44 AM","7606272","2DYHPD2\User"
"C:\GCMSsolution\Data\Project1\Campbell RMBL Data\Corydalis 2020\Corydalis_200727_12_762021_08_actually_Veg14.qgd","7/6/2021 11:52:41 AM","7/6/2021 12:26:24 PM","7229440","2DYHPD2\User"
"C:\GCMSsolution\Data\Project1\Campbell RMBL Data\Corydalis 2020\Corydalis_200727_12_redo_762021_08.qgd","7/11/2021 9:53:29 AM","7/6/2021 11:29:10 PM","7225344","2DYHPD2\User"
"C:\GCMSsolution\Data\Project1\Campbell RMBL Data\Corydalis 2020\Corydalis_200727_2_762021_03.qgd","7/6/2021 9:15:10 AM","7/6/2021 9:47:15 AM","7159808","2DYHPD2\User"
"C:\GCMSsolution\Data\Project1\Campbell RMBL Data\Corydalis 2020\Corydalis_200727_3_762021_04.qgd","7/6/2021 9:46:09 AM","7/6/2021 10:18:22 AM","7364608","2DYHPD2\User"
"C:\GCMSsolution\Data\Project1\Campbell RMBL Data\Corydalis 2020\Corydalis_200727_6_762021_05.qgd","7/6/2021 10:17:19 AM","7/6/2021 10:49:51 AM","7237632","2DYHPD2\User"
"C:\GCMSsolution\Data\Project1\Campbell RMBL Data\Corydalis 2020\Corydalis_200727_8_762021_06.qgd","7/6/2021 10:48:46 AM","7/6/2021 11:21:40 AM","7254016","2DYHPD2\User"
"C:\GCMSsolution\Data\Project1\Campbell RMBL Data\Ipomopsis","8/15/2017 2:29:41 PM","8/16/2019 1:57:23 PM",,"2DYHPD2\User"
"C:\GCMSsolution\Data\Project1\Campbell RMBL Data\Ipomopsis 2020","7/14/2021 9:29:49 AM","8/26/2021 12:11:12 PM",,"2DYHPD2\User"
"C:\GCMSsolution\Data\Project1\Campbell RMBL Data\Ipomopsis 2020\12_398_Ihyb_200715_7162021_22.qgd","7/17/2021 3:51:55 AM","7/17/2021 4:23:35 AM","7544832","2DYHPD2\User"
"C:\GCMSsolution\Data\Project1\Campbell RMBL Data\Ipomopsis 2020\12_398_Ihyb_200721_7142021_17.qgd","7/14/2021 5:53:37 PM","7/14/2021 6:25:32 PM","7254016","2DYHPD2\User"
"C:\GCMSsolution\Data\Project1\Campbell RMBL Data\Ipomopsis 2020\13_397_Ihyb_200715_7162021_20.qgd","7/17/2021 2:50:35 AM","7/17/2021 3:22:18 AM","7143424","2DYHPD2\User"
"C:\GCMSsolution\Data\Project1\Campbell RMBL Data\Ipomopsis 2020\14_396_Ihyb_200715_7162021_23.qgd","7/17/2021 4:22:27 AM","7/17/2021 4:54:57 AM","7389184","2DYHPD2\User"
"C:\GCMSsolution\Data\Project1\Campbell RMBL Data\Ipomopsis 2020\14_396_Ihyb_200721_7142021_14.qgd","7/14/2021 4:21:05 PM","7/14/2021 4:52:55 PM","7086080","2DYHPD2\User"
"C:\GCMSsolution\Data\Project1\Campbell RMBL Data\Ipomopsis 2020\15_395_Ihyb_200715_7162021_25.qgd","7/17/2021 5:24:10 AM","7/17/2021 5:55:51 AM","7516160","2DYHPD2\User"
"C:\GCMSsolution\Data\Project1\Campbell RMBL Data\Ipomopsis 2020\15_395_Ihyb_200721_7142021_12.qgd","7/14/2021 3:19:17 PM","7/14/2021 3:51:13 PM","7380992","2DYHPD2\User"
"C:\GCMSsolution\Data\Project1\Campbell RMBL Data\Ipomopsis 2020\16_394_Ihyb_200715_7162021_24.qgd","7/17/2021 4:53:51 AM","7/17/2021 5:25:19 AM","7241728","2DYHPD2\User"
"C:\GCMSsolution\Data\Project1\Campbell RMBL Data\Ipomopsis 2020\18_392_Ihyb_200721_7142021_16.qgd","7/14/2021 5:22:48 PM","7/14/2021 5:54:42 PM","7282688","2DYHPD2\User"
"C:\GCMSsolution\Data\Project1\Campbell RMBL Data\Ipomopsis 2020\20_390_Ihyb_200716_7142021_04.qgd","7/14/2021 11:12:45 AM","7/14/2021 11:44:33 AM","7233536","2DYHPD2\User"
"C:\GCMSsolution\Data\Project1\Campbell RMBL Data\Ipomopsis 2020\21_389_Ihyb_200716_7142021_05.qgd","7/14/2021 11:43:25 AM","7/14/2021 12:15:22 PM","7118848","2DYHPD2\User"
"C:\GCMSsolution\Data\Project1\Campbell RMBL Data\Ipomopsis 2020\2200_Ihyb_nodate_7152021_04.qgd","7/15/2021 7:15:22 PM","7/15/2021 7:49:21 PM","7450624","2DYHPD2\User"
"C:\GCMSsolution\Data\Project1\Campbell RMBL Data\Ipomopsis 2020\2282_Ihyb_200721_7152021_14.qgd","7/16/2021 12:32:27 AM","7/16/2021 1:04:32 AM","7127040","2DYHPD2\User"
"C:\GCMSsolution\Data\Project1\Campbell RMBL Data\Ipomopsis 2020\2283_Ihyb_200721_7152021_15.qgd","7/16/2021 1:03:29 AM","7/16/2021 1:35:22 AM","7168000","2DYHPD2\User"
"C:\GCMSsolution\Data\Project1\Campbell RMBL Data\Ipomopsis 2020\23_387_Ihyb_200716_7142021_06.qgd","7/14/2021 12:14:15 PM","7/14/2021 12:46:12 PM","7135232","2DYHPD2\User"
"C:\GCMSsolution\Data\Project1\Campbell RMBL Data\Ipomopsis 2020\25_385_Ihyb_200721_7152021_07.qgd","7/15/2021 8:52:42 PM","7/15/2021 9:25:41 PM","7139328","2DYHPD2\User"
"C:\GCMSsolution\Data\Project1\Campbell RMBL Data\Ipomopsis 2020\25_line_Ihyb_200715_7162021_17.qgd","7/17/2021 1:18:09 AM","7/17/2021 1:50:04 AM","7168000","2DYHPD2\User"
"C:\GCMSsolution\Data\Project1\Campbell RMBL Data\Ipomopsis 2020\26_384_Ihyb_200715_7162021_18.qgd","7/17/2021 1:48:59 AM","7/17/2021 2:20:58 AM","7188480","2DYHPD2\User"
"C:\GCMSsolution\Data\Project1\Campbell RMBL Data\Ipomopsis 2020\27_383_Ihyb_200716_7142021_02.qgd","7/14/2021 10:11:37 AM","7/14/2021 10:43:12 AM","7491584","2DYHPD2\User"
"C:\GCMSsolution\Data\Project1\Campbell RMBL Data\Ipomopsis 2020\27_383_Ihyb_200721_7152021_06.qgd","7/15/2021 8:20:32 PM","7/15/2021 8:53:53 PM","7143424","2DYHPD2\User"
"C:\GCMSsolution\Data\Project1\Campbell RMBL Data\Ipomopsis 2020\28_382_Ihyb_200716_7142021_03.qgd","7/14/2021 10:42:08 AM","7/14/2021 11:13:53 AM","7102464","2DYHPD2\User"
"C:\GCMSsolution\Data\Project1\Campbell RMBL Data\Ipomopsis 2020\28_382_Ihyb_200721_7152021_05.qgd","7/15/2021 7:48:05 PM","7/15/2021 8:21:37 PM","7147520","2DYHPD2\User"
"C:\GCMSsolution\Data\Project1\Campbell RMBL Data\Ipomopsis 2020\3015_Ihyb_nodate_7152021_02.qgd","7/15/2021 6:10:09 PM","7/15/2021 6:43:45 PM","7208960","2DYHPD2\User"
"C:\GCMSsolution\Data\Project1\Campbell RMBL Data\Ipomopsis 2020\384_Ihyb_Ihyb_200721_7152021_08.qgd","7/15/2021 9:24:35 PM","7/15/2021 9:57:15 PM","7114752","2DYHPD2\User"
"C:\GCMSsolution\Data\Project1\Campbell RMBL Data\Ipomopsis 2020\387_Ihyb_200721_7152021_09.qgd","7/15/2021 9:56:17 PM","7/15/2021 10:28:48 PM","7131136","2DYHPD2\User"
"C:\GCMSsolution\Data\Project1\Campbell RMBL Data\Ipomopsis 2020\389_Ihyb_200721_7152021_11.qgd","7/15/2021 10:59:05 PM","7/15/2021 11:31:31 PM","7122944","2DYHPD2\User"
"C:\GCMSsolution\Data\Project1\Campbell RMBL Data\Ipomopsis 2020\399_Ihyb_200721_7152021_13.qgd","7/16/2021 12:01:28 AM","7/16/2021 12:33:33 AM","7446528","2DYHPD2\User"
"C:\GCMSsolution\Data\Project1\Campbell RMBL Data\Ipomopsis 2020\400_Ihyb_nodate_7152021_03.qgd","7/15/2021 6:42:29 PM","7/15/2021 7:16:23 PM","7270400","2DYHPD2\User"
"C:\GCMSsolution\Data\Project1\Campbell RMBL Data\Ipomopsis 2020\5_Ihyb_nodate_7142021_20.qgd","7/14/2021 7:25:53 PM","7/14/2021 7:57:39 PM","7237632","2DYHPD2\User"
"C:\GCMSsolution\Data\Project1\Campbell RMBL Data\Ipomopsis 2020\5_line__Ihyb_200716_7142021_07.qgd","7/14/2021 12:45:01 PM","7/14/2021 1:16:49 PM","7430144","2DYHPD2\User"
"C:\GCMSsolution\Data\Project1\Campbell RMBL Data\Ipomopsis 2020\6_2245_Ihyb_200721_7142021_13.qgd","7/14/2021 3:50:08 PM","7/14/2021 4:22:08 PM","7184384","2DYHPD2\User"
"C:\GCMSsolution\Data\Project1\Campbell RMBL Data\Ipomopsis 2020\6_line_Ihyb_200716_7142021_08.qgd","7/14/2021 1:15:36 PM","7/14/2021 1:47:32 PM","7454720","2DYHPD2\User"
"C:\GCMSsolution\Data\Project1\Campbell RMBL Data\Ipomopsis 2020\7_2228_Ihyb_200715_7162021_21.qgd","7/17/2021 3:21:16 AM","7/17/2021 3:53:02 AM","7266304","2DYHPD2\User"
"C:\GCMSsolution\Data\Project1\Campbell RMBL Data\Ipomopsis 2020\7_228_Ihyb_200721_7152021_12.qgd","7/15/2021 11:30:29 PM","7/16/2021 12:02:35 AM","7106560","2DYHPD2\User"
"C:\GCMSsolution\Data\Project1\Campbell RMBL Data\Ipomopsis 2020\8_2294_Ihyb_200721_7142021_15.qgd","7/14/2021 4:51:50 PM","7/14/2021 5:23:53 PM","7401472","2DYHPD2\User"
"C:\GCMSsolution\Data\Project1\Campbell RMBL Data\Ipomopsis 2020\Aeven_POPU_10mesh_210727_7272021_19.qgd","7/28/2021 3:51:25 AM","7/28/2021 4:23:26 AM","7311360","2DYHPD2\User"
"C:\GCMSsolution\Data\Project1\Campbell RMBL Data\Ipomopsis 2020\Aeven_POPU_11air_210727_7272021_20.qgd","7/28/2021 4:22:24 AM","7/28/2021 4:54:35 AM","7208960","2DYHPD2\User"
"C:\GCMSsolution\Data\Project1\Campbell RMBL Data\Ipomopsis 2020\Aeven_POPU_1con_210727_7272021_10.qgd","7/27/2021 11:09:15 PM","7/27/2021 11:42:10 PM","7196672","2DYHPD2\User"
"C:\GCMSsolution\Data\Project1\Campbell RMBL Data\Ipomopsis 2020\Aeven_POPU_2mesh_210727_7272021_11.qgd","7/27/2021 11:40:58 PM","7/28/2021 12:13:43 AM","7229440","2DYHPD2\User"
"C:\GCMSsolution\Data\Project1\Campbell RMBL Data\Ipomopsis 2020\Aeven_POPU_3con_210727_7272021_12.qgd","7/28/2021 12:12:34 AM","7/28/2021 12:45:21 AM","7172096","2DYHPD2\User"
"C:\GCMSsolution\Data\Project1\Campbell RMBL Data\Ipomopsis 2020\Aeven_POPU_4mesh_210727_7272021_13.qgd","7/28/2021 12:44:08 AM","7/28/2021 1:16:44 AM","7274496","2DYHPD2\User"
"C:\GCMSsolution\Data\Project1\Campbell RMBL Data\Ipomopsis 2020\Aeven_POPU_5con_210727_7272021_14.qgd","7/28/2021 1:15:36 AM","7/28/2021 1:48:20 AM","7176192","2DYHPD2\User"
"C:\GCMSsolution\Data\Project1\Campbell RMBL Data\Ipomopsis 2020\Aeven_POPU_6mesh_210727_7272021_15.qgd","7/28/2021 1:46:58 AM","7/28/2021 2:19:26 AM","7180288","2DYHPD2\User"
"C:\GCMSsolution\Data\Project1\Campbell RMBL Data\Ipomopsis 2020\Aeven_POPU_7con_210727_7272021_16.qgd","7/28/2021 2:18:17 AM","7/28/2021 2:50:44 AM","7270400","2DYHPD2\User"
"C:\GCMSsolution\Data\Project1\Campbell RMBL Data\Ipomopsis 2020\Aeven_POPU_8mesh_210727_7272021_17.qgd","7/28/2021 2:49:27 AM","7/28/2021 3:21:31 AM","7196672","2DYHPD2\User"
"C:\GCMSsolution\Data\Project1\Campbell RMBL Data\Ipomopsis 2020\Aeven_POPU_9con_210727_7272021_18.qgd","7/28/2021 3:20:23 AM","7/28/2021 3:52:42 AM","7217152","2DYHPD2\User"
"C:\GCMSsolution\Data\Project1\Campbell RMBL Data\Ipomopsis 2020\air_JP_Ihyb_200715_7162021_26.qgd","7/17/2021 5:54:47 AM","7/17/2021 6:26:11 AM","7528448","2DYHPD2\User"
"C:\GCMSsolution\Data\Project1\Campbell RMBL Data\Ipomopsis 2020\air_JP_Ihyb_200721_7142021_18.qgd","7/14/2021 6:24:26 PM","7/14/2021 6:56:12 PM","7372800","2DYHPD2\User"
"C:\GCMSsolution\Data\Project1\Campbell RMBL Data\Ipomopsis 2020\air_ST_Ihyb_200716_7142021_09.qgd","7/14/2021 1:46:22 PM","7/14/2021 2:18:10 PM","7094272","2DYHPD2\User"
"C:\GCMSsolution\Data\Project1\Campbell RMBL Data\Ipomopsis 2020\air_ST_Ihyb_200721_7152021_10.qgd","7/15/2021 10:27:46 PM","7/15/2021 11:00:09 PM","7127040","2DYHPD2\User"
"C:\GCMSsolution\Data\Project1\Campbell RMBL Data\Ipomopsis 2020\air3_200724_7182021_08.qgd","7/18/2021 1:43:56 PM","7/18/2021 2:17:53 PM","7229440","2DYHPD2\User"
"C:\GCMSsolution\Data\Project1\Campbell RMBL Data\Ipomopsis 2020\air4_200724_7182021_09.qgd","7/18/2021 2:16:44 PM","7/18/2021 2:51:02 PM","7122944","2DYHPD2\User"
"C:\GCMSsolution\Data\Project1\Campbell RMBL Data\Ipomopsis 2020\airST1_200724_7172021_08.qgd","7/17/2021 8:16:53 PM","7/17/2021 8:48:52 PM","7098368","2DYHPD2\User"
"C:\GCMSsolution\Data\Project1\Campbell RMBL Data\Ipomopsis 2020\airST2_200724_7172021_09.qgd","7/17/2021 8:47:49 PM","7/17/2021 9:19:49 PM","7262208","2DYHPD2\User"
"C:\GCMSsolution\Data\Project1\Campbell RMBL Data\Ipomopsis 2020\Ambient_07152021_7152021_35.qgd","7/16/2021 11:18:11 AM","7/16/2021 11:50:43 AM","7155712","2DYHPD2\User"
"C:\GCMSsolution\Data\Project1\Campbell RMBL Data\Ipomopsis 2020\Ambient_4_07192021_7202021_16.qgd","7/21/2021 1:22:24 AM","7/21/2021 1:54:52 AM","7593984","2DYHPD2\User"
"C:\GCMSsolution\Data\Project1\Campbell RMBL Data\Ipomopsis 2020\Ambient_4_210719_redo_7292021_22.qgd","7/30/2021 8:52:57 AM","7/30/2021 9:25:18 AM","7766016","2DYHPD2\User"
"C:\GCMSsolution\Data\Project1\Campbell RMBL Data\Ipomopsis 2020\Ambient_6_210721_7282021_36.qgd","7/29/2021 12:30:53 PM","7/29/2021 1:04:44 PM","7675904","2DYHPD2\User"
"C:\GCMSsolution\Data\Project1\Campbell RMBL Data\Ipomopsis 2020\Ambient_M2_07162021_7162021_11.qgd","7/16/2021 10:10:49 PM","7/16/2021 10:43:23 PM","7409664","2DYHPD2\User"
"C:\GCMSsolution\Data\Project1\Campbell RMBL Data\Ipomopsis 2020\Ambient_M3_07172021_7182021_32.qgd","7/19/2021 2:55:51 AM","7/19/2021 3:28:29 AM","7581696","2DYHPD2\User"
"C:\GCMSsolution\Data\Project1\Campbell RMBL Data\Ipomopsis 2020\Blank1_7142021_01.qgd","7/14/2021 9:35:29 AM","7/14/2021 10:12:53 AM","7081984","2DYHPD2\User"
"C:\GCMSsolution\Data\Project1\Campbell RMBL Data\Ipomopsis 2020\Blank1_7152021_01.qgd","7/15/2021 5:34:11 PM","7/15/2021 6:11:12 PM","7098368","2DYHPD2\User"
"C:\GCMSsolution\Data\Project1\Campbell RMBL Data\Ipomopsis 2020\Blank1_7162021_01.qgd","7/16/2021 4:43:19 PM","7/16/2021 5:20:45 PM","7479296","2DYHPD2\User"
"C:\GCMSsolution\Data\Project1\Campbell RMBL Data\Ipomopsis 2020\Blank1_7172021_01.qgd","7/17/2021 4:31:39 PM","7/17/2021 5:11:42 PM","7118848","2DYHPD2\User"
"C:\GCMSsolution\Data\Project1\Campbell RMBL Data\Ipomopsis 2020\Blank1_7182021_01.qgd","7/18/2021 9:54:54 AM","7/18/2021 10:32:16 AM","7114752","2DYHPD2\User"
"C:\GCMSsolution\Data\Project1\Campbell RMBL Data\Ipomopsis 2020\Blank1_7192021_01.qgd","7/19/2021 4:06:32 PM","7/19/2021 4:51:32 PM","7139328","2DYHPD2\User"
"C:\GCMSsolution\Data\Project1\Campbell RMBL Data\Ipomopsis 2020\Blank1_7202021_02.qgd","7/20/2021 5:50:05 PM","7/20/2021 6:25:02 PM","7499776","2DYHPD2\User"
"C:\GCMSsolution\Data\Project1\Campbell RMBL Data\Ipomopsis 2020\Blank1_7222021_01.qgd","7/22/2021 9:27:26 AM","7/22/2021 10:05:31 AM","7311360","2DYHPD2\User"
"C:\GCMSsolution\Data\Project1\Campbell RMBL Data\Ipomopsis 2020\Blank1_7222021_02.qgd","7/22/2021 11:46:14 AM","7/22/2021 12:22:50 PM","7532544","2DYHPD2\User"
"C:\GCMSsolution\Data\Project1\Campbell RMBL Data\Ipomopsis 2020\Blank1_7232021_01.qgd","7/23/2021 8:28:12 AM","7/23/2021 9:05:43 AM","7598080","2DYHPD2\User"
"C:\GCMSsolution\Data\Project1\Campbell RMBL Data\Ipomopsis 2020\Blank1_7272021_01.qgd","7/27/2021 6:14:11 PM","7/27/2021 6:51:14 PM","7237632","2DYHPD2\User"
"C:\GCMSsolution\Data\Project1\Campbell RMBL Data\Ipomopsis 2020\Blank1_7282021_01.qgd","7/28/2021 6:07:46 PM","7/28/2021 6:50:26 PM","7127040","2DYHPD2\User"
"C:\GCMSsolution\Data\Project1\Campbell RMBL Data\Ipomopsis 2020\Blank1_7292021_01.qgd","7/29/2021 9:43:10 PM","7/29/2021 10:26:47 PM","7163904","2DYHPD2\User"
"C:\GCMSsolution\Data\Project1\Campbell RMBL Data\Ipomopsis 2020\Blank1_7312021_01.qgd","7/31/2021 5:57:39 PM","7/31/2021 6:43:24 PM","7155712","2DYHPD2\User"
"C:\GCMSsolution\Data\Project1\Campbell RMBL Data\Ipomopsis 2020\Blank1_8102021_01.qgd","8/10/2021 9:06:15 PM","8/10/2021 9:43:24 PM","7135232","2DYHPD2\User"
"C:\GCMSsolution\Data\Project1\Campbell RMBL Data\Ipomopsis 2020\Blank1_812021_01.qgd","8/1/2021 4:58:49 PM","8/1/2021 5:42:57 PM","7254016","2DYHPD2\User"
"C:\GCMSsolution\Data\Project1\Campbell RMBL Data\Ipomopsis 2020\Blank1_8142021_01.qgd","8/14/2021 7:22:56 AM","8/14/2021 8:18:23 AM","8404992","2DYHPD2\User"
"C:\GCMSsolution\Data\Project1\Campbell RMBL Data\Ipomopsis 2020\Blank1_8162021_01.qgd","8/16/2021 11:13:15 AM","8/16/2021 11:49:47 AM","7245824","2DYHPD2\User"
"C:\GCMSsolution\Data\Project1\Campbell RMBL Data\Ipomopsis 2020\Blank1_8172021_01.qgd","8/17/2021 8:04:09 PM","8/17/2021 8:52:58 PM","7364608","2DYHPD2\User"
"C:\GCMSsolution\Data\Project1\Campbell RMBL Data\Ipomopsis 2020\Blank1_8182021_01.qgd","8/18/2021 6:48:47 AM","8/18/2021 7:25:43 AM","7282688","2DYHPD2\User"
"C:\GCMSsolution\Data\Project1\Campbell RMBL Data\Ipomopsis 2020\Blank1_8182021_02.qgd","8/18/2021 7:43:02 PM","8/18/2021 8:19:36 PM","7262208","2DYHPD2\User"
"C:\GCMSsolution\Data\Project1\Campbell RMBL Data\Ipomopsis 2020\Blank1_8202021_01.qgd","8/20/2021 10:49:32 AM","8/20/2021 11:26:54 AM","7307264","2DYHPD2\User"
"C:\GCMSsolution\Data\Project1\Campbell RMBL Data\Ipomopsis 2020\Blank1_8202021_02.qgd","8/20/2021 10:12:38 PM","8/20/2021 10:49:53 PM","7221248","2DYHPD2\User"
"C:\GCMSsolution\Data\Project1\Campbell RMBL Data\Ipomopsis 2020\Blank1_8212021_01.qgd","8/21/2021 8:54:24 AM","8/21/2021 9:37:13 AM","7397376","2DYHPD2\User"
"C:\GCMSsolution\Data\Project1\Campbell RMBL Data\Ipomopsis 2020\Blank1_822021_01.qgd","8/2/2021 7:30:10 AM","8/2/2021 8:18:54 AM","7294976","2DYHPD2\User"
"C:\GCMSsolution\Data\Project1\Campbell RMBL Data\Ipomopsis 2020\Blank1_822021_02.qgd","8/2/2021 10:34:25 PM","8/2/2021 11:15:21 PM","7274496","2DYHPD2\User"
"C:\GCMSsolution\Data\Project1\Campbell RMBL Data\Ipomopsis 2020\Blank1_8222021_01.qgd","8/22/2021 7:57:05 AM","8/22/2021 8:34:27 AM","7364608","2DYHPD2\User"
"C:\GCMSsolution\Data\Project1\Campbell RMBL Data\Ipomopsis 2020\Blank1_8222021_02.qgd","8/22/2021 10:35:59 PM","8/22/2021 11:13:41 PM","7368704","2DYHPD2\User"
"C:\GCMSsolution\Data\Project1\Campbell RMBL Data\Ipomopsis 2020\Blank1_8232021_01.qgd","8/23/2021 9:38:57 AM","8/23/2021 10:16:07 AM","7323648","2DYHPD2\User"
"C:\GCMSsolution\Data\Project1\Campbell RMBL Data\Ipomopsis 2020\Blank1_8232021_02.qgd","8/23/2021 9:36:19 PM","8/23/2021 10:13:51 PM","7360512","2DYHPD2\User"
"C:\GCMSsolution\Data\Project1\Campbell RMBL Data\Ipomopsis 2020\Blank1_8242021_01.qgd","8/24/2021 8:11:16 AM","8/24/2021 8:48:32 AM","7213056","2DYHPD2\User"
"C:\GCMSsolution\Data\Project1\Campbell RMBL Data\Ipomopsis 2020\Blank1_8252021_01.qgd","8/25/2021 10:50:46 PM","8/25/2021 11:29:11 PM","7376896","2DYHPD2\User"
"C:\GCMSsolution\Data\Project1\Campbell RMBL Data\Ipomopsis 2020\Blank1_8262021_01.qgd","8/26/2021 8:50:28 AM","8/26/2021 9:35:59 AM","7286784","2DYHPD2\User"
"C:\GCMSsolution\Data\Project1\Campbell RMBL Data\Ipomopsis 2020\Blank1_832021_01.qgd","8/3/2021 3:29:31 PM","8/3/2021 4:19:29 PM","7200768","2DYHPD2\User"
"C:\GCMSsolution\Data\Project1\Campbell RMBL Data\Ipomopsis 2020\Blank1_852021_01.qgd","8/5/2021 1:25:54 PM","8/5/2021 1:56:32 PM","8912896","2DYHPD2\User"
"C:\GCMSsolution\Data\Project1\Campbell RMBL Data\Ipomopsis 2020\Blank1_872021_01.qgd","8/7/2021 11:26:12 AM","8/7/2021 11:54:55 AM","7327744","2DYHPD2\User"
"C:\GCMSsolution\Data\Project1\Campbell RMBL Data\Ipomopsis 2020\Blank2_7152021_21.qgd","7/16/2021 4:07:40 AM","7/16/2021 4:40:07 AM","7118848","2DYHPD2\User"
"C:\GCMSsolution\Data\Project1\Campbell RMBL Data\Ipomopsis 2020\Blank2_7162021_15.qgd","7/17/2021 12:16:14 AM","7/17/2021 12:48:19 AM","7438336","2DYHPD2\User"
"C:\GCMSsolution\Data\Project1\Campbell RMBL Data\Ipomopsis 2020\Blank2_7182021_21.qgd","7/18/2021 9:03:58 PM","7/18/2021 9:37:53 PM","7491584","2DYHPD2\User"
"C:\GCMSsolution\Data\Project1\Campbell RMBL Data\Ipomopsis 2020\Blank2_7202021_17.qgd","7/21/2021 1:53:47 AM","7/21/2021 2:26:18 AM","7114752","2DYHPD2\User"
"C:\GCMSsolution\Data\Project1\Campbell RMBL Data\Ipomopsis 2020\Blank2_7272021_21.qgd","7/28/2021 4:53:14 AM","7/28/2021 5:25:52 AM","7634944","2DYHPD2\User"
"C:\GCMSsolution\Data\Project1\Campbell RMBL Data\Ipomopsis 2020\Blank2_7282021_21.qgd","7/29/2021 4:43:15 AM","7/29/2021 5:15:54 AM","7651328","2DYHPD2\User"
"C:\GCMSsolution\Data\Project1\Campbell RMBL Data\Ipomopsis 2020\Blank2_7292021_21.qgd","7/30/2021 8:21:31 AM","7/30/2021 8:54:12 AM","7606272","2DYHPD2\User"
"C:\GCMSsolution\Data\Project1\Campbell RMBL Data\Ipomopsis 2020\Blank2_8142021_21.qgd","8/14/2021 7:08:13 PM","8/14/2021 7:43:07 PM","7630848","2DYHPD2\User"
"C:\GCMSsolution\Data\Project1\Campbell RMBL Data\Ipomopsis 2020\Corydalis_S1_1_210811_8142021_34.qgd","8/15/2021 2:06:42 AM","8/15/2021 2:39:05 AM","8511488","2DYHPD2\User"
"C:\GCMSsolution\Data\Project1\Campbell RMBL Data\Ipomopsis 2020\Corydalis_S2_1_210811_8142021_31.qgd","8/15/2021 12:32:21 AM","8/15/2021 1:05:01 AM","7745536","2DYHPD2\User"
"C:\GCMSsolution\Data\Project1\Campbell RMBL Data\Ipomopsis 2020\Corydalis_S2_2_210811_8142021_32.qgd","8/15/2021 1:03:55 AM","8/15/2021 1:36:31 AM","7782400","2DYHPD2\User"
"C:\GCMSsolution\Data\Project1\Campbell RMBL Data\Ipomopsis 2020\Corydalis_S2_3_210811_8142021_33.qgd","8/15/2021 1:35:25 AM","8/15/2021 2:07:41 AM","8032256","2DYHPD2\User"
"C:\GCMSsolution\Data\Project1\Campbell RMBL Data\Ipomopsis 2020\Corydalis_S3_1_210811_8142021_28.qgd","8/14/2021 10:57:09 PM","8/14/2021 11:30:05 PM","7737344","2DYHPD2\User"
"C:\GCMSsolution\Data\Project1\Campbell RMBL Data\Ipomopsis 2020\Corydalis_S3_2_210811_8142021_29.qgd","8/14/2021 11:29:01 PM","8/15/2021 12:01:46 AM","7720960","2DYHPD2\User"
"C:\GCMSsolution\Data\Project1\Campbell RMBL Data\Ipomopsis 2020\Corydalis_S3_3_210811_8142021_30.qgd","8/15/2021 12:00:45 AM","8/15/2021 12:33:31 AM","7745536","2DYHPD2\User"
"C:\GCMSsolution\Data\Project1\Campbell RMBL Data\Ipomopsis 2020\Corydalis_S4_1_210811_8142021_25.qgd","8/14/2021 9:20:21 PM","8/14/2021 9:53:58 PM","7737344","2DYHPD2\User"
"C:\GCMSsolution\Data\Project1\Campbell RMBL Data\Ipomopsis 2020\Corydalis_S4_2_210811_8142021_26.qgd","8/14/2021 9:52:55 PM","8/14/2021 10:26:12 PM","7725056","2DYHPD2\User"
"C:\GCMSsolution\Data\Project1\Campbell RMBL Data\Ipomopsis 2020\Corydalis_S4_3_210811_8142021_27.qgd","8/14/2021 10:25:08 PM","8/14/2021 10:58:07 PM","7729152","2DYHPD2\User"
"C:\GCMSsolution\Data\Project1\Campbell RMBL Data\Ipomopsis 2020\Corydalis_S5_1_210811_8142021_22.qgd","8/14/2021 7:41:44 PM","8/14/2021 8:15:56 PM","7680000","2DYHPD2\User"
"C:\GCMSsolution\Data\Project1\Campbell RMBL Data\Ipomopsis 2020\Corydalis_S5_2_210811_8142021_23.qgd","8/14/2021 8:14:46 PM","8/14/2021 8:48:29 PM","7680000","2DYHPD2\User"
"C:\GCMSsolution\Data\Project1\Campbell RMBL Data\Ipomopsis 2020\Corydalis_S5_2_210811_redo_8162021_21.qgd","8/16/2021 10:04:18 PM","8/16/2021 10:36:47 PM","7761920","2DYHPD2\User"
"C:\GCMSsolution\Data\Project1\Campbell RMBL Data\Ipomopsis 2020\Corydalis_S5_3_210811_8142021_24.qgd","8/14/2021 8:47:21 PM","8/14/2021 9:21:28 PM","7733248","2DYHPD2\User"
"C:\GCMSsolution\Data\Project1\Campbell RMBL Data\Ipomopsis 2020\Corydalis_Tube21_7272021_22.qgd","7/28/2021 5:24:35 AM","7/28/2021 5:57:04 AM","7737344","2DYHPD2\User"
"C:\GCMSsolution\Data\Project1\Campbell RMBL Data\Ipomopsis 2020\Corydalis_Tube22_7272021_23.qgd","7/28/2021 5:55:49 AM","7/28/2021 6:27:47 AM","7790592","2DYHPD2\User"
"C:\GCMSsolution\Data\Project1\Campbell RMBL Data\Ipomopsis 2020\Corydalis_Tube23_7272021_24.qgd","7/28/2021 6:26:39 AM","7/28/2021 6:58:30 AM","7778304","2DYHPD2\User"
"C:\GCMSsolution\Data\Project1\Campbell RMBL Data\Ipomopsis 2020\Corydalis_Tube24_7272021_25.qgd","7/28/2021 6:57:11 AM","7/28/2021 7:29:11 AM","7753728","2DYHPD2\User"
"C:\GCMSsolution\Data\Project1\Campbell RMBL Data\Ipomopsis 2020\Corydalis_Tube25_7272021_26.qgd","7/28/2021 7:27:58 AM","7/28/2021 7:59:40 AM","7749632","2DYHPD2\User"
"C:\GCMSsolution\Data\Project1\Campbell RMBL Data\Ipomopsis 2020\Corydalis_Tube26_7272021_27.qgd","7/28/2021 7:58:36 AM","7/28/2021 8:30:40 AM","7692288","2DYHPD2\User"
"C:\GCMSsolution\Data\Project1\Campbell RMBL Data\Ipomopsis 2020\Corydalis_Tube27_7272021_28.qgd","7/28/2021 8:29:22 AM","7/28/2021 9:00:58 AM","7397376","2DYHPD2\User"
"C:\GCMSsolution\Data\Project1\Campbell RMBL Data\Ipomopsis 2020\Corydalis_Tube28_7272021_29.qgd","7/28/2021 8:59:39 AM","7/28/2021 9:31:56 AM","7786496","2DYHPD2\User"
"C:\GCMSsolution\Data\Project1\Campbell RMBL Data\Ipomopsis 2020\Corydalis_Tube29_7272021_30.qgd","7/28/2021 9:30:43 AM","7/28/2021 10:03:13 AM","7725056","2DYHPD2\User"
"C:\GCMSsolution\Data\Project1\Campbell RMBL Data\Ipomopsis 2020\Corydalis_Tube30_7272021_31.qgd","7/28/2021 10:02:06 AM","7/28/2021 10:34:59 AM","7766016","2DYHPD2\User"
"C:\GCMSsolution\Data\Project1\Campbell RMBL Data\Ipomopsis 2020\Corydalis_Tube31_7272021_32.qgd","7/28/2021 10:33:37 AM","7/28/2021 11:06:58 AM","7823360","2DYHPD2\User"
"C:\GCMSsolution\Data\Project1\Campbell RMBL Data\Ipomopsis 2020\Corydalis_Tube32_7272021_33.qgd","7/28/2021 11:05:46 AM","7/28/2021 11:39:43 AM","7864320","2DYHPD2\User"
"C:\GCMSsolution\Data\Project1\Campbell RMBL Data\Ipomopsis 2020\Corydalis_Tube33_7272021_34.qgd","7/28/2021 11:38:15 AM","7/28/2021 12:12:28 PM","7806976","2DYHPD2\User"
"C:\GCMSsolution\Data\Project1\Campbell RMBL Data\Ipomopsis 2020\Corydalis_Tube34_7272021_35.qgd","7/28/2021 12:11:19 PM","7/28/2021 12:45:04 PM","7692288","2DYHPD2\User"
"C:\GCMSsolution\Data\Project1\Campbell RMBL Data\Ipomopsis 2020\Field_Blank_1_07172021_7182021_33.qgd","7/19/2021 3:27:12 AM","7/19/2021 3:59:09 AM","8146944","2DYHPD2\User"
"C:\GCMSsolution\Data\Project1\Campbell RMBL Data\Ipomopsis 2020\GNA_1_210716_7182021_13.qgd","7/18/2021 4:30:27 PM","7/18/2021 5:05:58 PM","7249920","2DYHPD2\User"
"C:\GCMSsolution\Data\Project1\Campbell RMBL Data\Ipomopsis 2020\GNA_10_210716_7192021_10.qgd","7/19/2021 9:14:27 PM","7/19/2021 9:48:40 PM","7278592","2DYHPD2\User"
"C:\GCMSsolution\Data\Project1\Campbell RMBL Data\Ipomopsis 2020\GNA_101_210729_812021_02.qgd","8/1/2021 5:41:24 PM","8/1/2021 6:13:31 PM","7409664","2DYHPD2\User"
"C:\GCMSsolution\Data\Project1\Campbell RMBL Data\Ipomopsis 2020\GNA_102_210729_812021_03.qgd","8/1/2021 6:12:20 PM","8/1/2021 6:44:28 PM","7245824","2DYHPD2\User"
"C:\GCMSsolution\Data\Project1\Campbell RMBL Data\Ipomopsis 2020\GNA_103_210729_812021_04.qgd","8/1/2021 6:43:12 PM","8/1/2021 7:15:31 PM","7143424","2DYHPD2\User"
"C:\GCMSsolution\Data\Project1\Campbell RMBL Data\Ipomopsis 2020\GNA_104_210729_812021_05.qgd","8/1/2021 7:14:19 PM","8/1/2021 7:46:23 PM","7462912","2DYHPD2\User"
"C:\GCMSsolution\Data\Project1\Campbell RMBL Data\Ipomopsis 2020\GNA_105_210729_812021_06.qgd","8/1/2021 7:45:22 PM","8/1/2021 8:17:28 PM","7471104","2DYHPD2\User"
"C:\GCMSsolution\Data\Project1\Campbell RMBL Data\Ipomopsis 2020\GNA_106_210729_812021_07.qgd","8/1/2021 8:16:28 PM","8/1/2021 8:48:30 PM","7266304","2DYHPD2\User"
"C:\GCMSsolution\Data\Project1\Campbell RMBL Data\Ipomopsis 2020\GNA_107_210729_812021_08.qgd","8/1/2021 8:47:25 PM","8/1/2021 9:19:32 PM","7204864","2DYHPD2\User"
"C:\GCMSsolution\Data\Project1\Campbell RMBL Data\Ipomopsis 2020\GNA_108_210729_812021_09.qgd","8/1/2021 9:18:24 PM","8/1/2021 9:50:20 PM","7426048","2DYHPD2\User"
"C:\GCMSsolution\Data\Project1\Campbell RMBL Data\Ipomopsis 2020\GNA_109_210729_812021_10.qgd","8/1/2021 9:49:17 PM","8/1/2021 10:21:12 PM","7434240","2DYHPD2\User"
"C:\GCMSsolution\Data\Project1\Campbell RMBL Data\Ipomopsis 2020\GNA_11_210716_7192021_06.qgd","7/19/2021 7:03:24 PM","7/19/2021 7:37:39 PM","7319552","2DYHPD2\User"
"C:\GCMSsolution\Data\Project1\Campbell RMBL Data\Ipomopsis 2020\GNA_110_210729_812021_11.qgd","8/1/2021 10:20:06 PM","8/1/2021 10:52:32 PM","7516160","2DYHPD2\User"
"C:\GCMSsolution\Data\Project1\Campbell RMBL Data\Ipomopsis 2020\GNA_111_210729_812021_12.qgd","8/1/2021 10:51:28 PM","8/1/2021 11:23:25 PM","7565312","2DYHPD2\User"
"C:\GCMSsolution\Data\Project1\Campbell RMBL Data\Ipomopsis 2020\GNA_112_210729_812021_13.qgd","8/1/2021 11:22:25 PM","8/1/2021 11:54:16 PM","7499776","2DYHPD2\User"
"C:\GCMSsolution\Data\Project1\Campbell RMBL Data\Ipomopsis 2020\GNA_113_210729_812021_14.qgd","8/1/2021 11:53:15 PM","8/2/2021 12:25:22 AM","7348224","2DYHPD2\User"
"C:\GCMSsolution\Data\Project1\Campbell RMBL Data\Ipomopsis 2020\GNA_114_210729_812021_15.qgd","8/2/2021 12:24:04 AM","8/2/2021 12:55:56 AM","7417856","2DYHPD2\User"
"C:\GCMSsolution\Data\Project1\Campbell RMBL Data\Ipomopsis 2020\GNA_115_210729_812021_16.qgd","8/2/2021 12:54:58 AM","8/2/2021 1:26:41 AM","7307264","2DYHPD2\User"
"C:\GCMSsolution\Data\Project1\Campbell RMBL Data\Ipomopsis 2020\GNA_116_210729_812021_17.qgd","8/2/2021 1:25:44 AM","8/2/2021 1:57:30 AM","7258112","2DYHPD2\User"
"C:\GCMSsolution\Data\Project1\Campbell RMBL Data\Ipomopsis 2020\GNA_117_210729_812021_18.qgd","8/2/2021 1:56:29 AM","8/2/2021 2:28:24 AM","7376896","2DYHPD2\User"
"C:\GCMSsolution\Data\Project1\Campbell RMBL Data\Ipomopsis 2020\GNA_118_210729_812021_19.qgd","8/2/2021 2:27:14 AM","8/2/2021 2:58:58 AM","7524352","2DYHPD2\User"
"C:\GCMSsolution\Data\Project1\Campbell RMBL Data\Ipomopsis 2020\GNA_119_210729_812021_20.qgd","8/2/2021 2:57:59 AM","8/2/2021 3:29:50 AM","7655424","2DYHPD2\User"
"C:\GCMSsolution\Data\Project1\Campbell RMBL Data\Ipomopsis 2020\GNA_12_210716_7192021_07.qgd","7/19/2021 7:36:31 PM","7/19/2021 8:10:28 PM","7127040","2DYHPD2\User"
"C:\GCMSsolution\Data\Project1\Campbell RMBL Data\Ipomopsis 2020\GNA_121_210730_7312021_05.qgd","7/31/2021 8:15:40 PM","7/31/2021 8:47:51 PM","7184384","2DYHPD2\User"
"C:\GCMSsolution\Data\Project1\Campbell RMBL Data\Ipomopsis 2020\GNA_122_210730_7312021_10.qgd","7/31/2021 10:51:32 PM","7/31/2021 11:23:40 PM","7127040","2DYHPD2\User"
"C:\GCMSsolution\Data\Project1\Campbell RMBL Data\Ipomopsis 2020\GNA_124_210730_7312021_09.qgd","7/31/2021 10:20:30 PM","7/31/2021 10:52:38 PM","7159808","2DYHPD2\User"
"C:\GCMSsolution\Data\Project1\Campbell RMBL Data\Ipomopsis 2020\GNA_125_210730_7312021_04.qgd","7/31/2021 7:44:29 PM","7/31/2021 8:16:44 PM","7401472","2DYHPD2\User"
"C:\GCMSsolution\Data\Project1\Campbell RMBL Data\Ipomopsis 2020\GNA_125_210730_7312021_11.qgd","7/31/2021 11:22:35 PM","7/31/2021 11:54:52 PM","7430144","2DYHPD2\User"
"C:\GCMSsolution\Data\Project1\Campbell RMBL Data\Ipomopsis 2020\GNA_126_210730_7312021_03.qgd","7/31/2021 7:13:18 PM","7/31/2021 7:45:36 PM","7147520","2DYHPD2\User"
"C:\GCMSsolution\Data\Project1\Campbell RMBL Data\Ipomopsis 2020\GNA_127_210730_7312021_02.qgd","7/31/2021 6:42:09 PM","7/31/2021 7:14:30 PM","7159808","2DYHPD2\User"
"C:\GCMSsolution\Data\Project1\Campbell RMBL Data\Ipomopsis 2020\GNA_128_210730_7312021_06.qgd","7/31/2021 8:46:51 PM","7/31/2021 9:19:17 PM","7163904","2DYHPD2\User"
"C:\GCMSsolution\Data\Project1\Campbell RMBL Data\Ipomopsis 2020\GNA_129_210730_7312021_07.qgd","7/31/2021 9:18:07 PM","7/31/2021 9:50:26 PM","7147520","2DYHPD2\User"
"C:\GCMSsolution\Data\Project1\Campbell RMBL Data\Ipomopsis 2020\GNA_13_210716_7192021_08.qgd","7/19/2021 8:09:22 PM","7/19/2021 8:43:14 PM","7122944","2DYHPD2\User"
"C:\GCMSsolution\Data\Project1\Campbell RMBL Data\Ipomopsis 2020\GNA_130_210730_7312021_08.qgd","7/31/2021 9:49:18 PM","7/31/2021 10:21:35 PM","7176192","2DYHPD2\User"
"C:\GCMSsolution\Data\Project1\Campbell RMBL Data\Ipomopsis 2020\GNA_131_210730_832021_20.qgd","8/4/2021 1:38:08 AM","8/4/2021 2:10:06 AM","7499776","2DYHPD2\User"
"C:\GCMSsolution\Data\Project1\Campbell RMBL Data\Ipomopsis 2020\GNA_132_210730_7312021_19.qgd","8/1/2021 3:30:05 AM","8/1/2021 4:02:14 AM","7172096","2DYHPD2\User"
"C:\GCMSsolution\Data\Project1\Campbell RMBL Data\Ipomopsis 2020\GNA_133_210730_7312021_20.qgd","8/1/2021 4:00:59 AM","8/1/2021 4:35:52 AM","7467008","2DYHPD2\User"
"C:\GCMSsolution\Data\Project1\Campbell RMBL Data\Ipomopsis 2020\GNA_134_210730_8102021_06.qgd","8/10/2021 11:47:27 PM","8/11/2021 12:19:45 AM","7139328","2DYHPD2\User"
"C:\GCMSsolution\Data\Project1\Campbell RMBL Data\Ipomopsis 2020\GNA_135_210730_7312021_17.qgd","8/1/2021 2:28:34 AM","8/1/2021 3:00:27 AM","7180288","2DYHPD2\User"
"C:\GCMSsolution\Data\Project1\Campbell RMBL Data\Ipomopsis 2020\GNA_136_210730_7312021_18.qgd","8/1/2021 2:59:16 AM","8/1/2021 3:31:14 AM","7168000","2DYHPD2\User"
"C:\GCMSsolution\Data\Project1\Campbell RMBL Data\Ipomopsis 2020\GNA_137_210730_7312021_13.qgd","8/1/2021 12:24:50 AM","8/1/2021 12:56:54 AM","7184384","2DYHPD2\User"
"C:\GCMSsolution\Data\Project1\Campbell RMBL Data\Ipomopsis 2020\GNA_138_210730_7312021_14.qgd","8/1/2021 12:55:48 AM","8/1/2021 1:27:56 AM","7192576","2DYHPD2\User"
"C:\GCMSsolution\Data\Project1\Campbell RMBL Data\Ipomopsis 2020\GNA_139_210730_7312021_16.qgd","8/1/2021 1:57:40 AM","8/1/2021 2:29:40 AM","7204864","2DYHPD2\User"
"C:\GCMSsolution\Data\Project1\Campbell RMBL Data\Ipomopsis 2020\GNA_14_210716_7192021_09.qgd","7/19/2021 8:41:55 PM","7/19/2021 9:15:32 PM","7131136","2DYHPD2\User"
"C:\GCMSsolution\Data\Project1\Campbell RMBL Data\Ipomopsis 2020\GNA_140_210730_7312021_15.qgd","8/1/2021 1:26:46 AM","8/1/2021 1:58:48 AM","7188480","2DYHPD2\User"
"C:\GCMSsolution\Data\Project1\Campbell RMBL Data\Ipomopsis 2020\GNA_141_210730_7312021_12.qgd","7/31/2021 11:53:47 PM","8/1/2021 12:26:02 AM","7319552","2DYHPD2\User"
"C:\GCMSsolution\Data\Project1\Campbell RMBL Data\Ipomopsis 2020\GNA_15_210716_7192021_11.qgd","7/19/2021 9:47:33 PM","7/19/2021 10:20:50 PM","7118848","2DYHPD2\User"
"C:\GCMSsolution\Data\Project1\Campbell RMBL Data\Ipomopsis 2020\GNA_16_210716_7192021_12.qgd","7/19/2021 10:19:39 PM","7/19/2021 10:52:37 PM","7122944","2DYHPD2\User"
"C:\GCMSsolution\Data\Project1\Campbell RMBL Data\Ipomopsis 2020\GNA_17_210716_7202021_18.qgd","7/21/2021 2:25:10 AM","7/21/2021 2:56:50 AM","7065600","2DYHPD2\User"
"C:\GCMSsolution\Data\Project1\Campbell RMBL Data\Ipomopsis 2020\GNA_18_210716_7202021_21.qgd","7/21/2021 3:58:19 AM","7/21/2021 4:05:04 AM","360448","2DYHPD2\User"
"C:\GCMSsolution\Data\Project1\Campbell RMBL Data\Ipomopsis 2020\GNA_2_210716_7182021_14.qgd","7/18/2021 5:04:52 PM","7/18/2021 5:41:07 PM","7159808","2DYHPD2\User"
"C:\GCMSsolution\Data\Project1\Campbell RMBL Data\Ipomopsis 2020\GNA_21_210716_7202021_19.qgd","7/21/2021 2:55:56 AM","7/21/2021 3:28:11 AM","7118848","2DYHPD2\User"
"C:\GCMSsolution\Data\Project1\Campbell RMBL Data\Ipomopsis 2020\GNA_24_210716_7192021_19.qgd","7/20/2021 2:03:05 AM","7/20/2021 2:35:37 AM","7106560","2DYHPD2\User"
"C:\GCMSsolution\Data\Project1\Campbell RMBL Data\Ipomopsis 2020\GNA_24_210716_7202021_20.qgd","7/21/2021 3:27:12 AM","7/21/2021 3:59:22 AM","7131136","2DYHPD2\User"
"C:\GCMSsolution\Data\Project1\Campbell RMBL Data\Ipomopsis 2020\GNA_29_210716_7192021_18.qgd","7/20/2021 1:31:28 AM","7/20/2021 2:04:12 AM","7225344","2DYHPD2\User"
"C:\GCMSsolution\Data\Project1\Campbell RMBL Data\Ipomopsis 2020\GNA_3_210716_7182021_15.qgd","7/18/2021 5:39:52 PM","7/18/2021 6:16:29 PM","7151616","2DYHPD2\User"
"C:\GCMSsolution\Data\Project1\Campbell RMBL Data\Ipomopsis 2020\GNA_31_210716_7192021_20.qgd","7/20/2021 2:34:28 AM","7/20/2021 3:07:00 AM","7106560","2DYHPD2\User"
"C:\GCMSsolution\Data\Project1\Campbell RMBL Data\Ipomopsis 2020\GNA_32_210716_7192021_14.qgd","7/19/2021 11:23:52 PM","7/19/2021 11:57:16 PM","7122944","2DYHPD2\User"
"C:\GCMSsolution\Data\Project1\Campbell RMBL Data\Ipomopsis 2020\GNA_33_210716_7192021_13.qgd","7/19/2021 10:51:25 PM","7/19/2021 11:24:55 PM","7102464","2DYHPD2\User"
"C:\GCMSsolution\Data\Project1\Campbell RMBL Data\Ipomopsis 2020\GNA_34_210716_7192021_15.qgd","7/19/2021 11:56:10 PM","7/20/2021 12:29:20 AM","7090176","2DYHPD2\User"
"C:\GCMSsolution\Data\Project1\Campbell RMBL Data\Ipomopsis 2020\GNA_35_210716_7192021_17.qgd","7/20/2021 12:59:51 AM","7/20/2021 1:32:36 AM","7094272","2DYHPD2\User"
"C:\GCMSsolution\Data\Project1\Campbell RMBL Data\Ipomopsis 2020\GNA_36_210716_7192021_16.qgd","7/20/2021 12:28:13 AM","7/20/2021 1:01:01 AM","7118848","2DYHPD2\User"
"C:\GCMSsolution\Data\Project1\Campbell RMBL Data\Ipomopsis 2020\GNA_4__210716_7182021_18.qgd","7/18/2021 7:23:58 PM","7/18/2021 7:58:53 PM","7159808","2DYHPD2\User"
"C:\GCMSsolution\Data\Project1\Campbell RMBL Data\Ipomopsis 2020\GNA_5_210716_7182021_16.qgd","7/18/2021 6:15:21 PM","7/18/2021 6:51:15 PM","7122944","2DYHPD2\User"
"C:\GCMSsolution\Data\Project1\Campbell RMBL Data\Ipomopsis 2020\GNA_6__210716_7182021_19.qgd","7/18/2021 7:57:41 PM","7/18/2021 8:31:55 PM","7127040","2DYHPD2\User"
"C:\GCMSsolution\Data\Project1\Campbell RMBL Data\Ipomopsis 2020\GNA_7_210716_7192021_02.qgd","7/19/2021 4:50:19 PM","7/19/2021 5:24:07 PM","7131136","2DYHPD2\User"
"C:\GCMSsolution\Data\Project1\Campbell RMBL Data\Ipomopsis 2020\GNA_8_210716_7192021_05.qgd","7/19/2021 6:29:57 PM","7/19/2021 7:04:27 PM","7122944","2DYHPD2\User"
"C:\GCMSsolution\Data\Project1\Campbell RMBL Data\Ipomopsis 2020\GNA_9_210716_7192021_04.qgd","7/19/2021 5:56:21 PM","7/19/2021 6:31:00 PM","7110656","2DYHPD2\User"
"C:\GCMSsolution\Data\Project1\Campbell RMBL Data\Ipomopsis 2020\Ihyb_1_210712_8232021_04.qgd","8/23/2021 11:14:14 PM","8/23/2021 11:46:06 PM","7487488","2DYHPD2\User"
"C:\GCMSsolution\Data\Project1\Campbell RMBL Data\Ipomopsis 2020\Ihyb_1_210721_7282021_16.qgd","7/29/2021 2:08:46 AM","7/29/2021 2:40:51 AM","7454720","2DYHPD2\User"
"C:\GCMSsolution\Data\Project1\Campbell RMBL Data\Ipomopsis 2020\Ihyb_10_210712_8232021_15.qgd","8/24/2021 4:52:00 AM","8/24/2021 5:23:39 AM","7348224","2DYHPD2\User"
"C:\GCMSsolution\Data\Project1\Campbell RMBL Data\Ipomopsis 2020\Ihyb_10_210721_7272021_06.qgd","7/27/2021 9:00:20 PM","7/27/2021 9:34:07 PM","7499776","2DYHPD2\User"
"C:\GCMSsolution\Data\Project1\Campbell RMBL Data\Ipomopsis 2020\Ihyb_11_210712_8242021_08.qgd","8/24/2021 11:55:07 AM","8/24/2021 12:28:49 PM","7380992","2DYHPD2\User"
"C:\GCMSsolution\Data\Project1\Campbell RMBL Data\Ipomopsis 2020\Ihyb_11_210721_7272021_08.qgd","7/27/2021 10:05:15 PM","7/27/2021 10:38:33 PM","7491584","2DYHPD2\User"
"C:\GCMSsolution\Data\Project1\Campbell RMBL Data\Ipomopsis 2020\Ihyb_12_210712_8232021_11.qgd","8/24/2021 2:50:00 AM","8/24/2021 3:21:38 AM","7303168","2DYHPD2\User"
"C:\GCMSsolution\Data\Project1\Campbell RMBL Data\Ipomopsis 2020\Ihyb_12_210721_7282021_02.qgd","7/28/2021 6:49:18 PM","7/28/2021 7:21:59 PM","7319552","2DYHPD2\User"
"C:\GCMSsolution\Data\Project1\Campbell RMBL Data\Ipomopsis 2020\Ihyb_13_210712_8242021_09.qgd","8/24/2021 12:27:43 PM","8/24/2021 1:01:35 PM","7376896","2DYHPD2\User"
"C:\GCMSsolution\Data\Project1\Campbell RMBL Data\Ipomopsis 2020\Ihyb_13_210721_7282021_09.qgd","7/28/2021 10:30:25 PM","7/28/2021 11:02:39 PM","7495680","2DYHPD2\User"
"C:\GCMSsolution\Data\Project1\Campbell RMBL Data\Ipomopsis 2020\Ihyb_14_210712_8242021_05.qgd","8/24/2021 10:20:15 AM","8/24/2021 10:53:08 AM","7372800","2DYHPD2\User"
"C:\GCMSsolution\Data\Project1\Campbell RMBL Data\Ipomopsis 2020\Ihyb_14_210721_7282021_10.qgd","7/28/2021 11:01:38 PM","7/28/2021 11:33:54 PM","7487488","2DYHPD2\User"
"C:\GCMSsolution\Data\Project1\Campbell RMBL Data\Ipomopsis 2020\Ihyb_15_210712_8242021_04.qgd","8/24/2021 9:48:56 AM","8/24/2021 10:21:25 AM","7430144","2DYHPD2\User"
"C:\GCMSsolution\Data\Project1\Campbell RMBL Data\Ipomopsis 2020\Ihyb_15_210721_7282021_11.qgd","7/28/2021 11:32:56 PM","7/29/2021 12:05:22 AM","7536640","2DYHPD2\User"
"C:\GCMSsolution\Data\Project1\Campbell RMBL Data\Ipomopsis 2020\Ihyb_16_210712_8242021_03.qgd","8/24/2021 9:18:00 AM","8/24/2021 9:50:00 AM","7307264","2DYHPD2\User"
"C:\GCMSsolution\Data\Project1\Campbell RMBL Data\Ipomopsis 2020\Ihyb_16_210721_7282021_12.qgd","7/29/2021 12:04:22 AM","7/29/2021 12:36:28 AM","7520256","2DYHPD2\User"
"C:\GCMSsolution\Data\Project1\Campbell RMBL Data\Ipomopsis 2020\Ihyb_17_210712_8242021_06.qgd","8/24/2021 10:52:04 AM","8/24/2021 11:25:15 AM","7487488","2DYHPD2\User"
"C:\GCMSsolution\Data\Project1\Campbell RMBL Data\Ipomopsis 2020\Ihyb_17_210721_7282021_03.qgd","7/28/2021 7:20:56 PM","7/28/2021 7:53:50 PM","7462912","2DYHPD2\User"
"C:\GCMSsolution\Data\Project1\Campbell RMBL Data\Ipomopsis 2020\Ihyb_18_210712_8232021_10.qgd","8/24/2021 2:18:36 AM","8/24/2021 2:51:16 AM","7352320","2DYHPD2\User"
"C:\GCMSsolution\Data\Project1\Campbell RMBL Data\Ipomopsis 2020\Ihyb_18_210721_8242021_16.qgd","8/24/2021 4:15:23 PM","8/24/2021 4:49:34 PM","7704576","2DYHPD2\User"
"C:\GCMSsolution\Data\Project1\Campbell RMBL Data\Ipomopsis 2020\Ihyb_19_210712_8242021_02.qgd","8/24/2021 8:47:18 AM","8/24/2021 9:20:02 AM","7462912","2DYHPD2\User"
"C:\GCMSsolution\Data\Project1\Campbell RMBL Data\Ipomopsis 2020\Ihyb_19_210721_7282021_04.qgd","7/28/2021 7:52:40 PM","7/28/2021 8:25:22 PM","7598080","2DYHPD2\User"
"C:\GCMSsolution\Data\Project1\Campbell RMBL Data\Ipomopsis 2020\Ihyb_2_210712_8242021_10.qgd","8/24/2021 1:00:23 PM","8/24/2021 1:33:37 PM","7540736","2DYHPD2\User"
"C:\GCMSsolution\Data\Project1\Campbell RMBL Data\Ipomopsis 2020\Ihyb_2_210721_7282021_14.qgd","7/29/2021 1:06:37 AM","7/29/2021 1:38:49 AM","7512064","2DYHPD2\User"
"C:\GCMSsolution\Data\Project1\Campbell RMBL Data\Ipomopsis 2020\Ihyb_20_210712_8232021_07.qgd","8/24/2021 12:46:32 AM","8/24/2021 1:18:24 AM","7303168","2DYHPD2\User"
"C:\GCMSsolution\Data\Project1\Campbell RMBL Data\Ipomopsis 2020\Ihyb_20_210712_redo_8242021_07.qgd","8/24/2021 11:24:06 AM","8/24/2021 11:56:24 AM","7372800","2DYHPD2\User"
"C:\GCMSsolution\Data\Project1\Campbell RMBL Data\Ipomopsis 2020\Ihyb_20_210712_redo_8252021_07.qgd","8/26/2021 2:00:50 AM","8/26/2021 2:32:34 AM","7364608","2DYHPD2\User"
"C:\GCMSsolution\Data\Project1\Campbell RMBL Data\Ipomopsis 2020\Ihyb_20_210721_8242021_15.qgd","8/24/2021 3:42:35 PM","8/24/2021 4:16:27 PM","7540736","2DYHPD2\User"
"C:\GCMSsolution\Data\Project1\Campbell RMBL Data\Ipomopsis 2020\Ihyb_21_210712_8232021_08.qgd","8/24/2021 1:17:18 AM","8/24/2021 1:49:09 AM","7290880","2DYHPD2\User"
"C:\GCMSsolution\Data\Project1\Campbell RMBL Data\Ipomopsis 2020\Ihyb_22_210712_8232021_06.qgd","8/24/2021 12:15:47 AM","8/24/2021 12:47:43 AM","7303168","2DYHPD2\User"
"C:\GCMSsolution\Data\Project1\Campbell RMBL Data\Ipomopsis 2020\Ihyb_23_210712_8232021_09.qgd","8/24/2021 1:47:55 AM","8/24/2021 2:19:39 AM","7282688","2DYHPD2\User"
"C:\GCMSsolution\Data\Project1\Campbell RMBL Data\Ipomopsis 2020\Ihyb_24_210712_8232021_12.qgd","8/24/2021 3:20:28 AM","8/24/2021 3:52:09 AM","7356416","2DYHPD2\User"
"C:\GCMSsolution\Data\Project1\Campbell RMBL Data\Ipomopsis 2020\Ihyb_25_210712_8232021_17.qgd","8/24/2021 5:53:09 AM","8/24/2021 6:24:52 AM","7315456","2DYHPD2\User"
"C:\GCMSsolution\Data\Project1\Campbell RMBL Data\Ipomopsis 2020\Ihyb_26_210712_8232021_05.qgd","8/23/2021 11:44:57 PM","8/24/2021 12:16:55 AM","7348224","2DYHPD2\User"
"C:\GCMSsolution\Data\Project1\Campbell RMBL Data\Ipomopsis 2020\Ihyb_27_210712_8232021_03.qgd","8/23/2021 10:43:30 PM","8/23/2021 11:15:21 PM","7340032","2DYHPD2\User"
"C:\GCMSsolution\Data\Project1\Campbell RMBL Data\Ipomopsis 2020\Ihyb_29D_2017_8242021_17.qgd","8/24/2021 4:48:21 PM","8/24/2021 5:22:18 PM","8232960","2DYHPD2\User"
"C:\GCMSsolution\Data\Project1\Campbell RMBL Data\Ipomopsis 2020\Ihyb_3_210712_8232021_13.qgd","8/24/2021 3:50:58 AM","8/24/2021 4:22:34 AM","7430144","2DYHPD2\User"
"C:\GCMSsolution\Data\Project1\Campbell RMBL Data\Ipomopsis 2020\Ihyb_3_210721_7282021_15.qgd","7/29/2021 1:37:42 AM","7/29/2021 2:09:58 AM","7475200","2DYHPD2\User"
"C:\GCMSsolution\Data\Project1\Campbell RMBL Data\Ipomopsis 2020\Ihyb_4_210721_7282021_13.qgd","7/29/2021 12:35:27 AM","7/29/2021 1:07:48 AM","7532544","2DYHPD2\User"
"C:\GCMSsolution\Data\Project1\Campbell RMBL Data\Ipomopsis 2020\Ihyb_5_210712_8232021_02.qgd","8/23/2021 10:12:38 PM","8/23/2021 10:44:39 PM","7368704","2DYHPD2\User"
"C:\GCMSsolution\Data\Project1\Campbell RMBL Data\Ipomopsis 2020\Ihyb_5_210721_7282021_05.qgd","7/28/2021 8:24:15 PM","7/28/2021 8:56:52 PM","7507968","2DYHPD2\User"
"C:\GCMSsolution\Data\Project1\Campbell RMBL Data\Ipomopsis 2020\Ihyb_6_210712_8232021_18.qgd","8/24/2021 6:23:46 AM","8/24/2021 6:55:35 AM","7331840","2DYHPD2\User"
"C:\GCMSsolution\Data\Project1\Campbell RMBL Data\Ipomopsis 2020\Ihyb_6_210721_7282021_07.qgd","7/28/2021 9:27:23 PM","7/28/2021 10:00:01 PM","7483392","2DYHPD2\User"
"C:\GCMSsolution\Data\Project1\Campbell RMBL Data\Ipomopsis 2020\Ihyb_7_210712_8232021_16.qgd","8/24/2021 5:22:37 AM","8/24/2021 5:54:20 AM","7303168","2DYHPD2\User"
"C:\GCMSsolution\Data\Project1\Campbell RMBL Data\Ipomopsis 2020\Ihyb_7_210721_7282021_08.qgd","7/28/2021 9:58:54 PM","7/28/2021 10:31:40 PM","7487488","2DYHPD2\User"
"C:\GCMSsolution\Data\Project1\Campbell RMBL Data\Ipomopsis 2020\Ihyb_8_210712_8232021_19.qgd","8/24/2021 6:54:23 AM","8/24/2021 7:26:07 AM","7344128","2DYHPD2\User"
"C:\GCMSsolution\Data\Project1\Campbell RMBL Data\Ipomopsis 2020\Ihyb_8_210721_7282021_06.qgd","7/28/2021 8:55:49 PM","7/28/2021 9:28:33 PM","7467008","2DYHPD2\User"
"C:\GCMSsolution\Data\Project1\Campbell RMBL Data\Ipomopsis 2020\Ihyb_9_210712_8232021_14.qgd","8/24/2021 4:21:23 AM","8/24/2021 4:53:16 AM","7380992","2DYHPD2\User"
"C:\GCMSsolution\Data\Project1\Campbell RMBL Data\Ipomopsis 2020\Ihyb_9_210721_7272021_07.qgd","7/27/2021 9:32:59 PM","7/27/2021 10:06:21 PM","7540736","2DYHPD2\User"
"C:\GCMSsolution\Data\Project1\Campbell RMBL Data\Ipomopsis 2020\Lagg_1_210722_8212021_17.qgd","8/21/2021 5:29:36 PM","8/21/2021 6:02:34 PM","7446528","2DYHPD2\User"
"C:\GCMSsolution\Data\Project1\Campbell RMBL Data\Ipomopsis 2020\Lagg_10_210719_8212021_14.qgd","8/21/2021 3:53:39 PM","8/21/2021 4:27:02 PM","7548928","2DYHPD2\User"
"C:\GCMSsolution\Data\Project1\Campbell RMBL Data\Ipomopsis 2020\Lagg_100_8142021_09.qgd","8/14/2021 12:21:17 PM","8/14/2021 12:54:44 PM","7421952","2DYHPD2\User"
"C:\GCMSsolution\Data\Project1\Campbell RMBL Data\Ipomopsis 2020\Lagg_101_8142021_11.qgd","8/14/2021 1:26:24 PM","8/14/2021 2:00:09 PM","7380992","2DYHPD2\User"
"C:\GCMSsolution\Data\Project1\Campbell RMBL Data\Ipomopsis 2020\Lagg_102_8142021_12.qgd","8/14/2021 1:59:01 PM","8/14/2021 2:33:26 PM","7331840","2DYHPD2\User"
"C:\GCMSsolution\Data\Project1\Campbell RMBL Data\Ipomopsis 2020\Lagg_103_8142021_10.qgd","8/14/2021 12:53:38 PM","8/14/2021 1:27:30 PM","7516160","2DYHPD2\User"
"C:\GCMSsolution\Data\Project1\Campbell RMBL Data\Ipomopsis 2020\Lagg_104_8142021_08.qgd","8/14/2021 11:49:08 AM","8/14/2021 12:22:26 PM","7241728","2DYHPD2\User"
"C:\GCMSsolution\Data\Project1\Campbell RMBL Data\Ipomopsis 2020\Lagg_105_8142021_13.qgd","8/14/2021 2:32:22 PM","8/14/2021 3:07:12 PM","7303168","2DYHPD2\User"
"C:\GCMSsolution\Data\Project1\Campbell RMBL Data\Ipomopsis 2020\Lagg_106_8162021_19.qgd","8/16/2021 9:00:32 PM","8/16/2021 9:33:42 PM","7413760","2DYHPD2\User"
"C:\GCMSsolution\Data\Project1\Campbell RMBL Data\Ipomopsis 2020\Lagg_107_2021_8222021_17.qgd","8/23/2021 6:52:13 AM","8/23/2021 7:24:12 AM","7458816","2DYHPD2\User"
"C:\GCMSsolution\Data\Project1\Campbell RMBL Data\Ipomopsis 2020\Lagg_108_2021_8222021_16.qgd","8/23/2021 6:21:24 AM","8/23/2021 6:53:19 AM","7450624","2DYHPD2\User"
"C:\GCMSsolution\Data\Project1\Campbell RMBL Data\Ipomopsis 2020\Lagg_109_8162021_18.qgd","8/16/2021 8:28:06 PM","8/16/2021 9:01:39 PM","7368704","2DYHPD2\User"
"C:\GCMSsolution\Data\Project1\Campbell RMBL Data\Ipomopsis 2020\Lagg_11_210715_8222021_09.qgd","8/22/2021 12:11:04 PM","8/22/2021 12:43:40 PM","7659520","2DYHPD2\User"
"C:\GCMSsolution\Data\Project1\Campbell RMBL Data\Ipomopsis 2020\Lagg_110_8162021_17.qgd","8/16/2021 7:55:18 PM","8/16/2021 8:29:11 PM","7417856","2DYHPD2\User"
"C:\GCMSsolution\Data\Project1\Campbell RMBL Data\Ipomopsis 2020\Lagg_111_8162021_20.qgd","8/16/2021 9:32:34 PM","8/16/2021 10:05:28 PM","7430144","2DYHPD2\User"
"C:\GCMSsolution\Data\Project1\Campbell RMBL Data\Ipomopsis 2020\Lagg_112_8162021_04.qgd","8/16/2021 12:53:40 PM","8/16/2021 1:27:37 PM","7266304","2DYHPD2\User"
"C:\GCMSsolution\Data\Project1\Campbell RMBL Data\Ipomopsis 2020\Lagg_113_8142021_19.qgd","8/14/2021 5:59:11 PM","8/14/2021 6:35:02 PM","7299072","2DYHPD2\User"
"C:\GCMSsolution\Data\Project1\Campbell RMBL Data\Ipomopsis 2020\Lagg_114_8162021_07.qgd","8/16/2021 2:31:02 PM","8/16/2021 3:04:08 PM","7237632","2DYHPD2\User"
"C:\GCMSsolution\Data\Project1\Campbell RMBL Data\Ipomopsis 2020\Lagg_115_8162021_06.qgd","8/16/2021 1:58:39 PM","8/16/2021 2:32:08 PM","7307264","2DYHPD2\User"
"C:\GCMSsolution\Data\Project1\Campbell RMBL Data\Ipomopsis 2020\Lagg_116_8162021_03.qgd","8/16/2021 12:21:00 PM","8/16/2021 12:54:43 PM","7168000","2DYHPD2\User"
"C:\GCMSsolution\Data\Project1\Campbell RMBL Data\Ipomopsis 2020\Lagg_117_8162021_05.qgd","8/16/2021 1:26:34 PM","8/16/2021 1:59:42 PM","7274496","2DYHPD2\User"
"C:\GCMSsolution\Data\Project1\Campbell RMBL Data\Ipomopsis 2020\Lagg_118_8142021_17.qgd","8/14/2021 4:49:35 PM","8/14/2021 5:25:09 PM","7168000","2DYHPD2\User"
"C:\GCMSsolution\Data\Project1\Campbell RMBL Data\Ipomopsis 2020\Lagg_119_8162021_02.qgd","8/16/2021 11:48:42 AM","8/16/2021 12:22:03 PM","7184384","2DYHPD2\User"
"C:\GCMSsolution\Data\Project1\Campbell RMBL Data\Ipomopsis 2020\Lagg_12_210716_8212021_11.qgd","8/21/2021 2:17:36 PM","8/21/2021 2:50:39 PM","7454720","2DYHPD2\User"
"C:\GCMSsolution\Data\Project1\Campbell RMBL Data\Ipomopsis 2020\Lagg_120_8142021_16.qgd","8/14/2021 4:14:37 PM","8/14/2021 4:50:40 PM","7196672","2DYHPD2\User"
"C:\GCMSsolution\Data\Project1\Campbell RMBL Data\Ipomopsis 2020\Lagg_121_8142021_15.qgd","8/14/2021 3:40:16 PM","8/14/2021 4:15:39 PM","7249920","2DYHPD2\User"
"C:\GCMSsolution\Data\Project1\Campbell RMBL Data\Ipomopsis 2020\Lagg_122_2021_8222021_18.qgd","8/23/2021 7:23:07 AM","8/23/2021 7:55:04 AM","7426048","2DYHPD2\User"
"C:\GCMSsolution\Data\Project1\Campbell RMBL Data\Ipomopsis 2020\Lagg_123_8142021_14.qgd","8/14/2021 3:06:05 PM","8/14/2021 3:41:33 PM","7221248","2DYHPD2\User"
"C:\GCMSsolution\Data\Project1\Campbell RMBL Data\Ipomopsis 2020\Lagg_124_8162021_13.qgd","8/16/2021 5:45:38 PM","8/16/2021 6:19:17 PM","7270400","2DYHPD2\User"
"C:\GCMSsolution\Data\Project1\Campbell RMBL Data\Ipomopsis 2020\Lagg_125_8162021_10.qgd","8/16/2021 4:08:35 PM","8/16/2021 4:42:16 PM","7274496","2DYHPD2\User"
"C:\GCMSsolution\Data\Project1\Campbell RMBL Data\Ipomopsis 2020\Lagg_126_8162021_11.qgd","8/16/2021 4:41:10 PM","8/16/2021 5:14:28 PM","7266304","2DYHPD2\User"
"C:\GCMSsolution\Data\Project1\Campbell RMBL Data\Ipomopsis 2020\Lagg_127_8162021_08.qgd","8/16/2021 3:03:03 PM","8/16/2021 3:37:00 PM","7213056","2DYHPD2\User"
"C:\GCMSsolution\Data\Project1\Campbell RMBL Data\Ipomopsis 2020\Lagg_128_8162021_09.qgd","8/16/2021 3:35:51 PM","8/16/2021 4:09:40 PM","7200768","2DYHPD2\User"
"C:\GCMSsolution\Data\Project1\Campbell RMBL Data\Ipomopsis 2020\Lagg_129_8162021_12.qgd","8/16/2021 5:13:12 PM","8/16/2021 5:46:45 PM","7262208","2DYHPD2\User"
"C:\GCMSsolution\Data\Project1\Campbell RMBL Data\Ipomopsis 2020\Lagg_13_210715_8212021_10.qgd","8/21/2021 1:45:43 PM","8/21/2021 2:18:43 PM","7368704","2DYHPD2\User"
"C:\GCMSsolution\Data\Project1\Campbell RMBL Data\Ipomopsis 2020\Lagg_130_8162021_15.qgd","8/16/2021 6:50:32 PM","8/16/2021 7:24:06 PM","7380992","2DYHPD2\User"
"C:\GCMSsolution\Data\Project1\Campbell RMBL Data\Ipomopsis 2020\Lagg_131_8162021_14.qgd","8/16/2021 6:18:10 PM","8/16/2021 6:51:41 PM","7389184","2DYHPD2\User"
"C:\GCMSsolution\Data\Project1\Campbell RMBL Data\Ipomopsis 2020\Lagg_132_8142021_18.qgd","8/14/2021 5:24:00 PM","8/14/2021 6:00:06 PM","7282688","2DYHPD2\User"
"C:\GCMSsolution\Data\Project1\Campbell RMBL Data\Ipomopsis 2020\Lagg_133_8142021_07.qgd","8/14/2021 11:17:04 AM","8/14/2021 11:50:15 AM","7155712","2DYHPD2\User"
"C:\GCMSsolution\Data\Project1\Campbell RMBL Data\Ipomopsis 2020\Lagg_134_8162021_16.qgd","8/16/2021 7:23:08 PM","8/16/2021 7:56:27 PM","7372800","2DYHPD2\User"
"C:\GCMSsolution\Data\Project1\Campbell RMBL Data\Ipomopsis 2020\Lagg_14_210725_8212021_20.qgd","8/21/2021 7:05:20 PM","8/21/2021 7:38:11 PM","7434240","2DYHPD2\User"
"C:\GCMSsolution\Data\Project1\Campbell RMBL Data\Ipomopsis 2020\Lagg_15_210715_8222021_02.qgd","8/22/2021 8:32:59 AM","8/22/2021 9:05:01 AM","7577600","2DYHPD2\User"
"C:\GCMSsolution\Data\Project1\Campbell RMBL Data\Ipomopsis 2020\Lagg_16_210715_8222021_03.qgd","8/22/2021 9:03:46 AM","8/22/2021 9:35:54 AM","7639040","2DYHPD2\User"
"C:\GCMSsolution\Data\Project1\Campbell RMBL Data\Ipomopsis 2020\Lagg_17_210715_8222021_04.qgd","8/22/2021 9:34:44 AM","8/22/2021 10:06:59 AM","7499776","2DYHPD2\User"
"C:\GCMSsolution\Data\Project1\Campbell RMBL Data\Ipomopsis 2020\Lagg_18_210715_8222021_12.qgd","8/22/2021 1:46:20 PM","8/22/2021 2:19:29 PM","7372800","2DYHPD2\User"
"C:\GCMSsolution\Data\Project1\Campbell RMBL Data\Ipomopsis 2020\Lagg_19_210715_8222021_13.qgd","8/22/2021 2:18:13 PM","8/22/2021 2:51:26 PM","7483392","2DYHPD2\User"
"C:\GCMSsolution\Data\Project1\Campbell RMBL Data\Ipomopsis 2020\Lagg_2_210715_8222021_06.qgd","8/22/2021 10:36:59 AM","8/22/2021 11:09:17 AM","7450624","2DYHPD2\User"
"C:\GCMSsolution\Data\Project1\Campbell RMBL Data\Ipomopsis 2020\Lagg_20_210715_8222021_14.qgd","8/22/2021 2:50:21 PM","8/22/2021 3:23:42 PM","7479296","2DYHPD2\User"
"C:\GCMSsolution\Data\Project1\Campbell RMBL Data\Ipomopsis 2020\Lagg_21_210715_8222021_15.qgd","8/22/2021 3:22:36 PM","8/22/2021 3:56:01 PM","7512064","2DYHPD2\User"
"C:\GCMSsolution\Data\Project1\Campbell RMBL Data\Ipomopsis 2020\Lagg_22_210715_8222021_06.qgd","8/23/2021 1:14:45 AM","8/23/2021 1:46:15 AM","7450624","2DYHPD2\User"
"C:\GCMSsolution\Data\Project1\Campbell RMBL Data\Ipomopsis 2020\Lagg_23_210715_8222021_07.qgd","8/22/2021 11:08:06 AM","8/22/2021 11:40:37 AM","7593984","2DYHPD2\User"
"C:\GCMSsolution\Data\Project1\Campbell RMBL Data\Ipomopsis 2020\Lagg_24_210715_8222021_08.qgd","8/23/2021 2:15:45 AM","8/23/2021 2:47:27 AM","7286784","2DYHPD2\User"
"C:\GCMSsolution\Data\Project1\Campbell RMBL Data\Ipomopsis 2020\Lagg_25_210715_8222021_10.qgd","8/23/2021 3:17:01 AM","8/23/2021 3:48:30 AM","7364608","2DYHPD2\User"
"C:\GCMSsolution\Data\Project1\Campbell RMBL Data\Ipomopsis 2020\Lagg_26_210715_8222021_07.qgd","8/23/2021 1:45:09 AM","8/23/2021 2:16:51 AM","7307264","2DYHPD2\User"
"C:\GCMSsolution\Data\Project1\Campbell RMBL Data\Ipomopsis 2020\Lagg_26_210715_8222021_08.qgd","8/22/2021 11:39:28 AM","8/22/2021 12:12:09 PM","7589888","2DYHPD2\User"
"C:\GCMSsolution\Data\Project1\Campbell RMBL Data\Ipomopsis 2020\Lagg_27_210715_8222021_10.qgd","8/22/2021 12:42:31 PM","8/22/2021 1:15:27 PM","7475200","2DYHPD2\User"
"C:\GCMSsolution\Data\Project1\Campbell RMBL Data\Ipomopsis 2020\Lagg_28_210715_8222021_11.qgd","8/22/2021 1:14:20 PM","8/22/2021 1:47:30 PM","7585792","2DYHPD2\User"
"C:\GCMSsolution\Data\Project1\Campbell RMBL Data\Ipomopsis 2020\Lagg_29_210715_8222021_04.qgd","8/23/2021 12:13:37 AM","8/23/2021 12:45:19 AM","7364608","2DYHPD2\User"
"C:\GCMSsolution\Data\Project1\Campbell RMBL Data\Ipomopsis 2020\Lagg_3_210723_8212021_18.qgd","8/21/2021 6:01:28 PM","8/21/2021 6:34:30 PM","7491584","2DYHPD2\User"
"C:\GCMSsolution\Data\Project1\Campbell RMBL Data\Ipomopsis 2020\Lagg_30_210715_8222021_20.qgd","8/22/2021 6:05:01 PM","8/22/2021 6:38:39 PM","7495680","2DYHPD2\User"
"C:\GCMSsolution\Data\Project1\Campbell RMBL Data\Ipomopsis 2020\Lagg_31_210715_8222021_03.qgd","8/22/2021 11:43:05 PM","8/23/2021 12:14:44 AM","7368704","2DYHPD2\User"
"C:\GCMSsolution\Data\Project1\Campbell RMBL Data\Ipomopsis 2020\Lagg_32_210715_8222021_16.qgd","8/22/2021 3:54:51 PM","8/22/2021 4:28:28 PM","7663616","2DYHPD2\User"
"C:\GCMSsolution\Data\Project1\Campbell RMBL Data\Ipomopsis 2020\Lagg_33_210715_8222021_11.qgd","8/23/2021 3:47:28 AM","8/23/2021 4:20:03 AM","7585792","2DYHPD2\User"
"C:\GCMSsolution\Data\Project1\Campbell RMBL Data\Ipomopsis 2020\Lagg_34_210715_8242021_11.qgd","8/24/2021 1:32:33 PM","8/24/2021 2:05:52 PM","7487488","2DYHPD2\User"
"C:\GCMSsolution\Data\Project1\Campbell RMBL Data\Ipomopsis 2020\Lagg_35_210715_8222021_09.qgd","8/23/2021 2:46:21 AM","8/23/2021 3:18:03 AM","7290880","2DYHPD2\User"
"C:\GCMSsolution\Data\Project1\Campbell RMBL Data\Ipomopsis 2020\Lagg_36_210715_8222021_05.qgd","8/23/2021 12:44:09 AM","8/23/2021 1:15:58 AM","7266304","2DYHPD2\User"
"C:\GCMSsolution\Data\Project1\Campbell RMBL Data\Ipomopsis 2020\Lagg_37_210715_8222021_02.qgd","8/22/2021 11:12:30 PM","8/22/2021 11:44:15 PM","7323648","2DYHPD2\User"
"C:\GCMSsolution\Data\Project1\Campbell RMBL Data\Ipomopsis 2020\Lagg_38_210715_8232021_19.qgd","8/23/2021 7:22:17 PM","8/23/2021 7:55:36 PM","7745536","2DYHPD2\User"
"C:\GCMSsolution\Data\Project1\Campbell RMBL Data\Ipomopsis 2020\Lagg_39_210715_8222021_17.qgd","8/22/2021 4:27:21 PM","8/22/2021 5:00:57 PM","7471104","2DYHPD2\User"
"C:\GCMSsolution\Data\Project1\Campbell RMBL Data\Ipomopsis 2020\Lagg_4_210724_8212021_19.qgd","8/21/2021 6:33:24 PM","8/21/2021 7:06:24 PM","7577600","2DYHPD2\User"
"C:\GCMSsolution\Data\Project1\Campbell RMBL Data\Ipomopsis 2020\Lagg_40_210715_8222021_18.qgd","8/22/2021 4:59:50 PM","8/22/2021 5:33:28 PM","7557120","2DYHPD2\User"
"C:\GCMSsolution\Data\Project1\Campbell RMBL Data\Ipomopsis 2020\Lagg_41_210715_8222021_19.qgd","8/22/2021 5:32:18 PM","8/22/2021 6:06:09 PM","7507968","2DYHPD2\User"
"C:\GCMSsolution\Data\Project1\Campbell RMBL Data\Ipomopsis 2020\Lagg_42_210715_8242021_12.qgd","8/24/2021 2:04:44 PM","8/24/2021 2:38:14 PM","7467008","2DYHPD2\User"
"C:\GCMSsolution\Data\Project1\Campbell RMBL Data\Ipomopsis 2020\Lagg_43_210715_8242021_13.qgd","8/24/2021 2:37:11 PM","8/24/2021 3:10:48 PM","7512064","2DYHPD2\User"
"C:\GCMSsolution\Data\Project1\Campbell RMBL Data\Ipomopsis 2020\Lagg_44_210715_8232021_02.qgd","8/23/2021 10:14:49 AM","8/23/2021 10:46:55 AM","7462912","2DYHPD2\User"
"C:\GCMSsolution\Data\Project1\Campbell RMBL Data\Ipomopsis 2020\Lagg_45_210715_8242021_14.qgd","8/24/2021 3:09:47 PM","8/24/2021 3:43:50 PM","7528448","2DYHPD2\User"
"C:\GCMSsolution\Data\Project1\Campbell RMBL Data\Ipomopsis 2020\Lagg_46_210715_7282021_17.qgd","7/29/2021 2:39:47 AM","7/29/2021 3:11:50 AM","7462912","2DYHPD2\User"
"C:\GCMSsolution\Data\Project1\Campbell RMBL Data\Ipomopsis 2020\Lagg_5_210715_8222021_05.qgd","8/22/2021 10:05:53 AM","8/22/2021 10:38:08 AM","7397376","2DYHPD2\User"
"C:\GCMSsolution\Data\Project1\Campbell RMBL Data\Ipomopsis 2020\Lagg_6_210721_8212021_16.qgd","8/21/2021 4:57:48 PM","8/21/2021 5:30:55 PM","7626752","2DYHPD2\User"
"C:\GCMSsolution\Data\Project1\Campbell RMBL Data\Ipomopsis 2020\Lagg_7_210718_8212021_13.qgd","8/21/2021 3:21:38 PM","8/21/2021 3:54:45 PM","7471104","2DYHPD2\User"
"C:\GCMSsolution\Data\Project1\Campbell RMBL Data\Ipomopsis 2020\Lagg_8_210717_8212021_12.qgd","8/21/2021 2:49:33 PM","8/21/2021 3:22:52 PM","7438336","2DYHPD2\User"
"C:\GCMSsolution\Data\Project1\Campbell RMBL Data\Ipomopsis 2020\Lagg_9_210720_8212021_15.qgd","8/21/2021 4:25:44 PM","8/21/2021 4:58:56 PM","7483392","2DYHPD2\User"
"C:\GCMSsolution\Data\Project1\Campbell RMBL Data\Ipomopsis 2020\line_2217_Ihyb_200715_7162021_19.qgd","7/17/2021 2:19:49 AM","7/17/2021 2:51:44 AM","7663616","2DYHPD2\User"
"C:\GCMSsolution\Data\Project1\Campbell RMBL Data\Ipomopsis 2020\line_2283_Ihyb_200716_7142021_11.qgd","7/14/2021 2:47:54 PM","7/14/2021 3:20:17 PM","7118848","2DYHPD2\User"
"C:\GCMSsolution\Data\Project1\Campbell RMBL Data\Ipomopsis 2020\line_381_Ihyb_200716_7142021_10.qgd","7/14/2021 2:17:07 PM","7/14/2021 2:48:58 PM","7110656","2DYHPD2\User"
"C:\GCMSsolution\Data\Project1\Campbell RMBL Data\Ipomopsis 2020\Lupinus_brc_20_3_8142021_05.qgd","8/14/2021 10:03:49 AM","8/14/2021 10:41:44 AM","8495104","2DYHPD2\User"
"C:\GCMSsolution\Data\Project1\Campbell RMBL Data\Ipomopsis 2020\Lupinus_brc_20_4_8142021_06.qgd","8/14/2021 10:40:07 AM","8/14/2021 11:18:37 AM","8450048","2DYHPD2\User"
"C:\GCMSsolution\Data\Project1\Campbell RMBL Data\Ipomopsis 2020\Lupinus_lerb_20_4_8142021_02.qgd","8/14/2021 8:16:49 AM","8/14/2021 8:53:38 AM","8462336","2DYHPD2\User"
"C:\GCMSsolution\Data\Project1\Campbell RMBL Data\Ipomopsis 2020\Lupinus_lerb_20_5_8142021_04.qgd","8/14/2021 9:27:48 AM","8/14/2021 10:05:19 AM","8687616","2DYHPD2\User"
"C:\GCMSsolution\Data\Project1\Campbell RMBL Data\Ipomopsis 2020\Lupinus_npb_20_1_8142021_03.qgd","8/14/2021 8:52:07 AM","8/14/2021 9:29:29 AM","8814592","2DYHPD2\User"
"C:\GCMSsolution\Data\Project1\Campbell RMBL Data\Ipomopsis 2020\M10_1_07152021_7152021_28.qgd","7/16/2021 7:42:37 AM","7/16/2021 8:14:09 AM","7114752","2DYHPD2\User"
"C:\GCMSsolution\Data\Project1\Campbell RMBL Data\Ipomopsis 2020\M10_2_07152021_7152021_29.qgd","7/16/2021 8:13:01 AM","7/16/2021 8:44:23 AM","7143424","2DYHPD2\User"
"C:\GCMSsolution\Data\Project1\Campbell RMBL Data\Ipomopsis 2020\M11_1_07152021_7152021_30.qgd","7/16/2021 8:43:19 AM","7/16/2021 9:14:59 AM","7163904","2DYHPD2\User"
"C:\GCMSsolution\Data\Project1\Campbell RMBL Data\Ipomopsis 2020\M11_2_07152021_7152021_31.qgd","7/16/2021 9:14:00 AM","7/16/2021 9:45:47 AM","7168000","2DYHPD2\User"
"C:\GCMSsolution\Data\Project1\Campbell RMBL Data\Ipomopsis 2020\M12_1_07152021_7152021_32.qgd","7/16/2021 9:44:42 AM","7/16/2021 10:17:09 AM","7135232","2DYHPD2\User"
"C:\GCMSsolution\Data\Project1\Campbell RMBL Data\Ipomopsis 2020\M12_2_07152021_7152021_33.qgd","7/16/2021 10:16:02 AM","7/16/2021 10:48:08 AM","7106560","2DYHPD2\User"
"C:\GCMSsolution\Data\Project1\Campbell RMBL Data\Ipomopsis 2020\M13_1_07162021_7162021_02.qgd","7/16/2021 5:19:40 PM","7/16/2021 5:52:56 PM","7454720","2DYHPD2\User"
"C:\GCMSsolution\Data\Project1\Campbell RMBL Data\Ipomopsis 2020\M13_2_07162021_7162021_03.qgd","7/16/2021 5:51:48 PM","7/16/2021 6:25:19 PM","7921664","2DYHPD2\User"
"C:\GCMSsolution\Data\Project1\Campbell RMBL Data\Ipomopsis 2020\M14_1_07162021_7162021_04.qgd","7/16/2021 6:24:16 PM","7/16/2021 6:57:42 PM","7598080","2DYHPD2\User"
"C:\GCMSsolution\Data\Project1\Campbell RMBL Data\Ipomopsis 2020\M14_2_07162021_7162021_05.qgd","7/16/2021 6:56:32 PM","7/16/2021 7:30:33 PM","7528448","2DYHPD2\User"
"C:\GCMSsolution\Data\Project1\Campbell RMBL Data\Ipomopsis 2020\M15_1_07162021_7162021_06.qgd","7/16/2021 7:29:25 PM","7/16/2021 8:03:23 PM","7548928","2DYHPD2\User"
"C:\GCMSsolution\Data\Project1\Campbell RMBL Data\Ipomopsis 2020\M15_2_07162021_7162021_07.qgd","7/16/2021 8:02:11 PM","7/16/2021 8:35:39 PM","8110080","2DYHPD2\User"
"C:\GCMSsolution\Data\Project1\Campbell RMBL Data\Ipomopsis 2020\M16_1_07162021_7162021_08.qgd","7/16/2021 8:34:38 PM","7/16/2021 9:08:07 PM","7528448","2DYHPD2\User"
"C:\GCMSsolution\Data\Project1\Campbell RMBL Data\Ipomopsis 2020\M16_2_07162021_7162021_09.qgd","7/16/2021 9:06:57 PM","7/16/2021 9:39:59 PM","7520256","2DYHPD2\User"
"C:\GCMSsolution\Data\Project1\Campbell RMBL Data\Ipomopsis 2020\M17_1_07172021_7182021_28.qgd","7/19/2021 12:50:47 AM","7/19/2021 1:23:25 AM","7577600","2DYHPD2\User"
"C:\GCMSsolution\Data\Project1\Campbell RMBL Data\Ipomopsis 2020\M17_2_07172021_7182021_29.qgd","7/19/2021 1:22:17 AM","7/19/2021 1:54:42 AM","7573504","2DYHPD2\User"
"C:\GCMSsolution\Data\Project1\Campbell RMBL Data\Ipomopsis 2020\M18_1_07172021_7182021_24.qgd","7/18/2021 10:42:06 PM","7/18/2021 11:15:59 PM","7581696","2DYHPD2\User"
"C:\GCMSsolution\Data\Project1\Campbell RMBL Data\Ipomopsis 2020\M18_2_07172021_7182021_25.qgd","7/18/2021 11:14:50 PM","7/18/2021 11:48:18 PM","7589888","2DYHPD2\User"
"C:\GCMSsolution\Data\Project1\Campbell RMBL Data\Ipomopsis 2020\M21_1_07172021_7182021_30.qgd","7/19/2021 1:53:39 AM","7/19/2021 2:26:11 AM","7585792","2DYHPD2\User"
"C:\GCMSsolution\Data\Project1\Campbell RMBL Data\Ipomopsis 2020\M21_2_07172021_7182021_31.qgd","7/19/2021 2:24:48 AM","7/19/2021 2:56:56 AM","7561216","2DYHPD2\User"
"C:\GCMSsolution\Data\Project1\Campbell RMBL Data\Ipomopsis 2020\M23_1_07172021_7182021_26.qgd","7/18/2021 11:47:09 PM","7/19/2021 12:20:22 AM","7540736","2DYHPD2\User"
"C:\GCMSsolution\Data\Project1\Campbell RMBL Data\Ipomopsis 2020\M23_2_07172021_7182021_27.qgd","7/19/2021 12:19:04 AM","7/19/2021 12:51:58 AM","7557120","2DYHPD2\User"
"C:\GCMSsolution\Data\Project1\Campbell RMBL Data\Ipomopsis 2020\M25_1_07172021_7182021_22.qgd","7/18/2021 9:36:43 PM","7/18/2021 10:10:23 PM","7561216","2DYHPD2\User"
"C:\GCMSsolution\Data\Project1\Campbell RMBL Data\Ipomopsis 2020\M25_2_07172021_7182021_23.qgd","7/18/2021 10:09:05 PM","7/18/2021 10:43:15 PM","7614464","2DYHPD2\User"
"C:\GCMSsolution\Data\Project1\Campbell RMBL Data\Ipomopsis 2020\M30_1_07192021_7202021_11.qgd","7/20/2021 10:44:31 PM","7/20/2021 11:17:13 PM","7634944","2DYHPD2\User"
"C:\GCMSsolution\Data\Project1\Campbell RMBL Data\Ipomopsis 2020\M30_2_07192021_7202021_12.qgd","7/20/2021 11:16:11 PM","7/20/2021 11:48:52 PM","7647232","2DYHPD2\User"
"C:\GCMSsolution\Data\Project1\Campbell RMBL Data\Ipomopsis 2020\M31_1_07192021_7202021_13.qgd","7/20/2021 11:47:52 PM","7/21/2021 12:20:35 AM","7639040","2DYHPD2\User"
"C:\GCMSsolution\Data\Project1\Campbell RMBL Data\Ipomopsis 2020\M31_2_07192021_7202021_14.qgd","7/21/2021 12:19:28 AM","7/21/2021 12:51:55 AM","7655424","2DYHPD2\User"
"C:\GCMSsolution\Data\Project1\Campbell RMBL Data\Ipomopsis 2020\M32_1_07192021_7202021_07.qgd","7/20/2021 8:35:46 PM","7/20/2021 9:09:12 PM","7585792","2DYHPD2\User"
"C:\GCMSsolution\Data\Project1\Campbell RMBL Data\Ipomopsis 2020\M32_2_07192021_7202021_08.qgd","7/20/2021 9:08:13 PM","7/20/2021 9:41:32 PM","7647232","2DYHPD2\User"
"C:\GCMSsolution\Data\Project1\Campbell RMBL Data\Ipomopsis 2020\M33_1_07192021_7202021_03.qgd","7/20/2021 6:23:46 PM","7/20/2021 6:58:26 PM","7610368","2DYHPD2\User"
"C:\GCMSsolution\Data\Project1\Campbell RMBL Data\Ipomopsis 2020\M33_2_07192021_7202021_04.qgd","7/20/2021 6:57:20 PM","7/20/2021 7:31:17 PM","7544832","2DYHPD2\User"
"C:\GCMSsolution\Data\Project1\Campbell RMBL Data\Ipomopsis 2020\M34_1_07192021_7202021_05.qgd","7/20/2021 7:30:13 PM","7/20/2021 8:03:59 PM","7585792","2DYHPD2\User"
"C:\GCMSsolution\Data\Project1\Campbell RMBL Data\Ipomopsis 2020\M34_2_07192021_7202021_06.qgd","7/20/2021 8:02:45 PM","7/20/2021 8:36:45 PM","7589888","2DYHPD2\User"
"C:\GCMSsolution\Data\Project1\Campbell RMBL Data\Ipomopsis 2020\M35_1_07192021_7202021_09.qgd","7/20/2021 9:40:28 PM","7/20/2021 10:13:41 PM","7643136","2DYHPD2\User"
"C:\GCMSsolution\Data\Project1\Campbell RMBL Data\Ipomopsis 2020\M35_2_07192021_7202021_10.qgd","7/20/2021 10:12:34 PM","7/20/2021 10:45:34 PM","7659520","2DYHPD2\User"
"C:\GCMSsolution\Data\Project1\Campbell RMBL Data\Ipomopsis 2020\M36_1_210721_redo_7292021_23.qgd","7/30/2021 9:24:13 AM","7/30/2021 9:56:41 AM","7774208","2DYHPD2\User"
"C:\GCMSsolution\Data\Project1\Campbell RMBL Data\Ipomopsis 2020\M7_1_07152021_7152021_22.qgd","7/16/2021 4:39:01 AM","7/16/2021 5:11:30 AM","7184384","2DYHPD2\User"
"C:\GCMSsolution\Data\Project1\Campbell RMBL Data\Ipomopsis 2020\M7_2_07152021_7152021_23.qgd","7/16/2021 5:10:24 AM","7/16/2021 5:41:50 AM","7106560","2DYHPD2\User"
"C:\GCMSsolution\Data\Project1\Campbell RMBL Data\Ipomopsis 2020\M8_1_07152021_7152021_24.qgd","7/16/2021 5:40:49 AM","7/16/2021 6:12:17 AM","7155712","2DYHPD2\User"
"C:\GCMSsolution\Data\Project1\Campbell RMBL Data\Ipomopsis 2020\M8_2_07152021_7152021_25.qgd","7/16/2021 6:11:15 AM","7/16/2021 6:42:40 AM","7168000","2DYHPD2\User"
"C:\GCMSsolution\Data\Project1\Campbell RMBL Data\Ipomopsis 2020\M9_1_07152021_7152021_26.qgd","7/16/2021 6:41:43 AM","7/16/2021 7:13:22 AM","7106560","2DYHPD2\User"
"C:\GCMSsolution\Data\Project1\Campbell RMBL Data\Ipomopsis 2020\M9_2_07152021_7152021_27.qgd","7/16/2021 7:12:12 AM","7/16/2021 7:43:41 AM","7106560","2DYHPD2\User"
"C:\GCMSsolution\Data\Project1\Campbell RMBL Data\Ipomopsis 2020\Maxfield_1_210723_822021_16.qgd","8/2/2021 3:34:13 PM","8/2/2021 4:07:01 PM","7458816","2DYHPD2\User"
"C:\GCMSsolution\Data\Project1\Campbell RMBL Data\Ipomopsis 2020\Maxfield_1_210726_7292021_14.qgd","7/30/2021 4:43:42 AM","7/30/2021 5:16:02 AM","7233536","2DYHPD2\User"
"C:\GCMSsolution\Data\Project1\Campbell RMBL Data\Ipomopsis 2020\Maxfield_10_210723_822021_06.qgd","8/2/2021 10:21:01 AM","8/2/2021 10:53:04 AM","7675904","2DYHPD2\User"
"C:\GCMSsolution\Data\Project1\Campbell RMBL Data\Ipomopsis 2020\Maxfield_10_210726_7292021_05.qgd","7/30/2021 12:00:11 AM","7/30/2021 12:32:59 AM","7159808","2DYHPD2\User"
"C:\GCMSsolution\Data\Project1\Campbell RMBL Data\Ipomopsis 2020\Maxfield_11_210723_822021_07.qgd","8/2/2021 10:52:05 AM","8/2/2021 11:24:30 AM","7426048","2DYHPD2\User"
"C:\GCMSsolution\Data\Project1\Campbell RMBL Data\Ipomopsis 2020\Maxfield_11_210726_7292021_06.qgd","7/30/2021 12:31:50 AM","7/30/2021 1:04:32 AM","7213056","2DYHPD2\User"
"C:\GCMSsolution\Data\Project1\Campbell RMBL Data\Ipomopsis 2020\Maxfield_12_210723_822021_08.qgd","8/2/2021 11:23:11 AM","8/2/2021 11:55:32 AM","7450624","2DYHPD2\User"
"C:\GCMSsolution\Data\Project1\Campbell RMBL Data\Ipomopsis 2020\Maxfield_13_210723_822021_09.qgd","8/2/2021 11:54:26 AM","8/2/2021 12:26:46 PM","7274496","2DYHPD2\User"
"C:\GCMSsolution\Data\Project1\Campbell RMBL Data\Ipomopsis 2020\Maxfield_13_210726_7292021_11.qgd","7/30/2021 3:09:46 AM","7/30/2021 3:42:22 AM","7340032","2DYHPD2\User"
"C:\GCMSsolution\Data\Project1\Campbell RMBL Data\Ipomopsis 2020\Maxfield_14_210723_822021_10.qgd","8/2/2021 12:25:29 PM","8/2/2021 12:57:57 PM","7557120","2DYHPD2\User"
"C:\GCMSsolution\Data\Project1\Campbell RMBL Data\Ipomopsis 2020\Maxfield_15_210723_822021_11.qgd","8/2/2021 12:56:48 PM","8/2/2021 1:29:37 PM","7602176","2DYHPD2\User"
"C:\GCMSsolution\Data\Project1\Campbell RMBL Data\Ipomopsis 2020\Maxfield_15_210726_7292021_07.qgd","7/30/2021 1:03:24 AM","7/30/2021 1:36:17 AM","7192576","2DYHPD2\User"
"C:\GCMSsolution\Data\Project1\Campbell RMBL Data\Ipomopsis 2020\Maxfield_16_210723_822021_12.qgd","8/2/2021 1:28:19 PM","8/2/2021 2:00:39 PM","7634944","2DYHPD2\User"
"C:\GCMSsolution\Data\Project1\Campbell RMBL Data\Ipomopsis 2020\Maxfield_16_210726_7292021_08.qgd","7/30/2021 1:35:07 AM","7/30/2021 2:07:49 AM","7213056","2DYHPD2\User"
"C:\GCMSsolution\Data\Project1\Campbell RMBL Data\Ipomopsis 2020\Maxfield_17_210723_822021_13.qgd","8/2/2021 1:59:33 PM","8/2/2021 2:32:07 PM","7430144","2DYHPD2\User"
"C:\GCMSsolution\Data\Project1\Campbell RMBL Data\Ipomopsis 2020\Maxfield_17_210726_7292021_09.qgd","7/30/2021 2:06:42 AM","7/30/2021 2:39:19 AM","7331840","2DYHPD2\User"
"C:\GCMSsolution\Data\Project1\Campbell RMBL Data\Ipomopsis 2020\Maxfield_18_210723_822021_14.qgd","8/2/2021 2:31:03 PM","8/2/2021 3:03:42 PM","8179712","2DYHPD2\User"
"C:\GCMSsolution\Data\Project1\Campbell RMBL Data\Ipomopsis 2020\Maxfield_19_210723_822021_15.qgd","8/2/2021 3:02:35 PM","8/2/2021 3:35:29 PM","7213056","2DYHPD2\User"
"C:\GCMSsolution\Data\Project1\Campbell RMBL Data\Ipomopsis 2020\Maxfield_2_210723_822021_17.qgd","8/2/2021 4:05:53 PM","8/2/2021 4:38:53 PM","7491584","2DYHPD2\User"
"C:\GCMSsolution\Data\Project1\Campbell RMBL Data\Ipomopsis 2020\Maxfield_2_210726_7292021_13.qgd","7/30/2021 4:12:29 AM","7/30/2021 4:45:03 AM","7196672","2DYHPD2\User"
"C:\GCMSsolution\Data\Project1\Campbell RMBL Data\Ipomopsis 2020\Maxfield_20_210723_822021_05.qgd","8/3/2021 12:46:26 AM","8/3/2021 1:18:29 AM","7258112","2DYHPD2\User"
"C:\GCMSsolution\Data\Project1\Campbell RMBL Data\Ipomopsis 2020\Maxfield_21_210723_822021_10.qgd","8/3/2021 3:20:28 AM","8/3/2021 3:52:27 AM","7372800","2DYHPD2\User"
"C:\GCMSsolution\Data\Project1\Campbell RMBL Data\Ipomopsis 2020\Maxfield_22_210723_822021_06.qgd","8/3/2021 1:17:21 AM","8/3/2021 1:49:19 AM","7880704","2DYHPD2\User"
"C:\GCMSsolution\Data\Project1\Campbell RMBL Data\Ipomopsis 2020\Maxfield_23_210723_822021_07.qgd","8/3/2021 1:48:06 AM","8/3/2021 2:19:57 AM","7208960","2DYHPD2\User"
"C:\GCMSsolution\Data\Project1\Campbell RMBL Data\Ipomopsis 2020\Maxfield_24_210723_822021_09.qgd","8/3/2021 2:49:38 AM","8/3/2021 3:21:35 AM","7548928","2DYHPD2\User"
"C:\GCMSsolution\Data\Project1\Campbell RMBL Data\Ipomopsis 2020\Maxfield_25_210723_822021_02.qgd","8/2/2021 11:14:10 PM","8/2/2021 11:46:27 PM","7176192","2DYHPD2\User"
"C:\GCMSsolution\Data\Project1\Campbell RMBL Data\Ipomopsis 2020\Maxfield_26_210723_822021_08.qgd","8/3/2021 2:18:52 AM","8/3/2021 2:50:56 AM","7454720","2DYHPD2\User"
"C:\GCMSsolution\Data\Project1\Campbell RMBL Data\Ipomopsis 2020\Maxfield_27_210723_822021_03.qgd","8/2/2021 11:45:02 PM","8/3/2021 12:16:32 AM","7114752","2DYHPD2\User"
"C:\GCMSsolution\Data\Project1\Campbell RMBL Data\Ipomopsis 2020\Maxfield_27_210723_redo_832021_03.qgd","8/3/2021 4:49:20 PM","8/3/2021 5:22:00 PM","7229440","2DYHPD2\User"
"C:\GCMSsolution\Data\Project1\Campbell RMBL Data\Ipomopsis 2020\Maxfield_28_210723_822021_04.qgd","8/3/2021 12:15:23 AM","8/3/2021 12:47:42 AM","7282688","2DYHPD2\User"
"C:\GCMSsolution\Data\Project1\Campbell RMBL Data\Ipomopsis 2020\Maxfield_3_210723_822021_18.qgd","8/2/2021 4:37:37 PM","8/2/2021 5:10:17 PM","7458816","2DYHPD2\User"
"C:\GCMSsolution\Data\Project1\Campbell RMBL Data\Ipomopsis 2020\Maxfield_3_210726_7292021_12.qgd","7/30/2021 3:41:07 AM","7/30/2021 4:13:38 AM","7184384","2DYHPD2\User"
"C:\GCMSsolution\Data\Project1\Campbell RMBL Data\Ipomopsis 2020\Maxfield_4_210723_822021_19.qgd","8/2/2021 5:09:15 PM","8/2/2021 5:42:17 PM","7507968","2DYHPD2\User"
"C:\GCMSsolution\Data\Project1\Campbell RMBL Data\Ipomopsis 2020\Maxfield_4_210726_7292021_10.qgd","7/30/2021 2:38:16 AM","7/30/2021 3:10:50 AM","7254016","2DYHPD2\User"
"C:\GCMSsolution\Data\Project1\Campbell RMBL Data\Ipomopsis 2020\Maxfield_5_210723_822021_20.qgd","8/2/2021 5:40:59 PM","8/2/2021 6:13:51 PM","7520256","2DYHPD2\User"
"C:\GCMSsolution\Data\Project1\Campbell RMBL Data\Ipomopsis 2020\Maxfield_5_210726_7292021_04.qgd","7/29/2021 11:28:24 PM","7/30/2021 12:01:17 AM","7196672","2DYHPD2\User"
"C:\GCMSsolution\Data\Project1\Campbell RMBL Data\Ipomopsis 2020\Maxfield_6_210723_822021_02.qgd","8/2/2021 8:17:46 AM","8/2/2021 8:49:19 AM","7487488","2DYHPD2\User"
"C:\GCMSsolution\Data\Project1\Campbell RMBL Data\Ipomopsis 2020\Maxfield_6_210726_7292021_02.qgd","7/29/2021 10:25:16 PM","7/29/2021 10:57:49 PM","7221248","2DYHPD2\User"
"C:\GCMSsolution\Data\Project1\Campbell RMBL Data\Ipomopsis 2020\Maxfield_7_210723_822021_03.qgd","8/2/2021 8:48:16 AM","8/2/2021 9:20:12 AM","7340032","2DYHPD2\User"
"C:\GCMSsolution\Data\Project1\Campbell RMBL Data\Ipomopsis 2020\Maxfield_7_210726_7292021_15.qgd","7/30/2021 5:14:57 AM","7/30/2021 5:47:27 AM","7184384","2DYHPD2\User"
"C:\GCMSsolution\Data\Project1\Campbell RMBL Data\Ipomopsis 2020\Maxfield_8_210723_822021_04.qgd","8/2/2021 9:19:09 AM","8/2/2021 9:51:05 AM","7163904","2DYHPD2\User"
"C:\GCMSsolution\Data\Project1\Campbell RMBL Data\Ipomopsis 2020\Maxfield_8_210726_7292021_03.qgd","7/29/2021 10:56:45 PM","7/29/2021 11:29:40 PM","7229440","2DYHPD2\User"
"C:\GCMSsolution\Data\Project1\Campbell RMBL Data\Ipomopsis 2020\Maxfield_9_210723_822021_05.qgd","8/2/2021 9:50:03 AM","8/2/2021 10:22:05 AM","7475200","2DYHPD2\User"
"C:\GCMSsolution\Data\Project1\Campbell RMBL Data\Ipomopsis 2020\Maxfield_9_210726_7292021_16.qgd","7/30/2021 5:46:08 AM","7/30/2021 6:18:22 AM","7172096","2DYHPD2\User"
"C:\GCMSsolution\Data\Project1\Campbell RMBL Data\Ipomopsis 2020\Microbial_standards_wafted_210720_7202021_01.qgd","7/20/2021 5:14:21 PM","7/20/2021 5:51:15 PM","7589888","2DYHPD2\User"
"C:\GCMSsolution\Data\Project1\Campbell RMBL Data\Ipomopsis 2020\No_Drierite_1_07152021_7152021_36.qgd","7/16/2021 11:49:35 AM","7/16/2021 12:22:08 PM","7204864","2DYHPD2\User"
"C:\GCMSsolution\Data\Project1\Campbell RMBL Data\Ipomopsis 2020\No_Drierite_2_07152021_7162021_14.qgd","7/16/2021 11:45:03 PM","7/17/2021 12:17:20 AM","7503872","2DYHPD2\User"
"C:\GCMSsolution\Data\Project1\Campbell RMBL Data\Ipomopsis 2020\No_Drierite_2_07152021_redo_7182021_34.qgd","7/19/2021 3:58:04 AM","7/19/2021 4:30:10 AM","7614464","2DYHPD2\User"
"C:\GCMSsolution\Data\Project1\Campbell RMBL Data\Ipomopsis 2020\No_Drierite_3_07162021_7162021_12.qgd","7/16/2021 10:42:22 PM","7/16/2021 11:14:56 PM","7561216","2DYHPD2\User"
"C:\GCMSsolution\Data\Project1\Campbell RMBL Data\Ipomopsis 2020\No_Drierite_4_07162021_7162021_13.qgd","7/16/2021 11:13:50 PM","7/16/2021 11:46:04 PM","7450624","2DYHPD2\User"
"C:\GCMSsolution\Data\Project1\Campbell RMBL Data\Ipomopsis 2020\nolabel_Ihyb_200721_7142021_19.qgd","7/14/2021 6:55:12 PM","7/14/2021 7:27:01 PM","7208960","2DYHPD2\User"
"C:\GCMSsolution\Data\Project1\Campbell RMBL Data\Ipomopsis 2020\SC_1_210713_8182021_09.qgd","8/18/2021 11:03:50 AM","8/18/2021 11:37:18 AM","7368704","2DYHPD2\User"
"C:\GCMSsolution\Data\Project1\Campbell RMBL Data\Ipomopsis 2020\SC_10_210713_8182021_03.qgd","8/18/2021 7:55:21 AM","8/18/2021 8:27:11 AM","7303168","2DYHPD2\User"
"C:\GCMSsolution\Data\Project1\Campbell RMBL Data\Ipomopsis 2020\SC_101_210727_8202021_02.qgd","8/20/2021 10:48:40 PM","8/20/2021 11:20:05 PM","7225344","2DYHPD2\User"
"C:\GCMSsolution\Data\Project1\Campbell RMBL Data\Ipomopsis 2020\SC_102_210727_8202021_06.qgd","8/20/2021 1:30:04 PM","8/20/2021 2:02:48 PM","7294976","2DYHPD2\User"
"C:\GCMSsolution\Data\Project1\Campbell RMBL Data\Ipomopsis 2020\SC_103_210727_8202021_09.qgd","8/20/2021 3:04:23 PM","8/20/2021 3:36:42 PM","7270400","2DYHPD2\User"
"C:\GCMSsolution\Data\Project1\Campbell RMBL Data\Ipomopsis 2020\SC_104_210727_8202021_07.qgd","8/20/2021 2:01:35 PM","8/20/2021 2:34:06 PM","7225344","2DYHPD2\User"
"C:\GCMSsolution\Data\Project1\Campbell RMBL Data\Ipomopsis 2020\SC_105_210727_8202021_08.qgd","8/20/2021 2:32:59 PM","8/20/2021 3:05:28 PM","7331840","2DYHPD2\User"
"C:\GCMSsolution\Data\Project1\Campbell RMBL Data\Ipomopsis 2020\SC_106_210727_8202021_13.qgd","8/20/2021 5:10:08 PM","8/20/2021 5:42:45 PM","7323648","2DYHPD2\User"
"C:\GCMSsolution\Data\Project1\Campbell RMBL Data\Ipomopsis 2020\SC_107_210727_8202021_10.qgd","8/20/2021 3:35:41 PM","8/20/2021 4:08:18 PM","7380992","2DYHPD2\User"
"C:\GCMSsolution\Data\Project1\Campbell RMBL Data\Ipomopsis 2020\SC_108_210727_8202021_12.qgd","8/20/2021 4:38:31 PM","8/20/2021 5:11:14 PM","7340032","2DYHPD2\User"
"C:\GCMSsolution\Data\Project1\Campbell RMBL Data\Ipomopsis 2020\SC_109_210727_8202021_11.qgd","8/20/2021 4:07:13 PM","8/20/2021 4:39:43 PM","7315456","2DYHPD2\User"
"C:\GCMSsolution\Data\Project1\Campbell RMBL Data\Ipomopsis 2020\SC_11_210713_8182021_02.qgd","8/18/2021 7:24:36 AM","8/18/2021 7:56:36 AM","7319552","2DYHPD2\User"
"C:\GCMSsolution\Data\Project1\Campbell RMBL Data\Ipomopsis 2020\SC_110_210727_8202021_14.qgd","8/20/2021 5:41:44 PM","8/20/2021 6:14:26 PM","7274496","2DYHPD2\User"
"C:\GCMSsolution\Data\Project1\Campbell RMBL Data\Ipomopsis 2020\SC_111_210727_8182021_09.qgd","8/18/2021 11:57:23 PM","8/19/2021 12:29:34 AM","7237632","2DYHPD2\User"
"C:\GCMSsolution\Data\Project1\Campbell RMBL Data\Ipomopsis 2020\SC_112_210727_8182021_10.qgd","8/19/2021 12:28:33 AM","8/19/2021 1:00:35 AM","7262208","2DYHPD2\User"
"C:\GCMSsolution\Data\Project1\Campbell RMBL Data\Ipomopsis 2020\SC_113_210727_8182021_11.qgd","8/19/2021 12:59:34 AM","8/19/2021 1:31:52 AM","7266304","2DYHPD2\User"
"C:\GCMSsolution\Data\Project1\Campbell RMBL Data\Ipomopsis 2020\SC_114_210727_8182021_12.qgd","8/19/2021 1:30:44 AM","8/19/2021 2:02:47 AM","7376896","2DYHPD2\User"
"C:\GCMSsolution\Data\Project1\Campbell RMBL Data\Ipomopsis 2020\SC_115_210727_8182021_13.qgd","8/19/2021 2:01:43 AM","8/19/2021 2:33:52 AM","7282688","2DYHPD2\User"
"C:\GCMSsolution\Data\Project1\Campbell RMBL Data\Ipomopsis 2020\SC_116_210727_8182021_14.qgd","8/19/2021 2:32:48 AM","8/19/2021 3:04:43 AM","7237632","2DYHPD2\User"
"C:\GCMSsolution\Data\Project1\Campbell RMBL Data\Ipomopsis 2020\SC_117_210727_8182021_15.qgd","8/19/2021 3:03:41 AM","8/19/2021 3:35:38 AM","7237632","2DYHPD2\User"
"C:\GCMSsolution\Data\Project1\Campbell RMBL Data\Ipomopsis 2020\SC_118_210727_8182021_16.qgd","8/19/2021 3:34:35 AM","8/19/2021 4:06:32 AM","7241728","2DYHPD2\User"
"C:\GCMSsolution\Data\Project1\Campbell RMBL Data\Ipomopsis 2020\SC_119_210727_8182021_17.qgd","8/19/2021 4:05:28 AM","8/19/2021 4:37:31 AM","7229440","2DYHPD2\User"
"C:\GCMSsolution\Data\Project1\Campbell RMBL Data\Ipomopsis 2020\SC_12_210713_8172021_20.qgd","8/18/2021 6:10:48 AM","8/18/2021 6:42:47 AM","7843840","2DYHPD2\User"
"C:\GCMSsolution\Data\Project1\Campbell RMBL Data\Ipomopsis 2020\SC_120_210727_8182021_18.qgd","8/19/2021 4:36:22 AM","8/19/2021 5:08:06 AM","7233536","2DYHPD2\User"
"C:\GCMSsolution\Data\Project1\Campbell RMBL Data\Ipomopsis 2020\SC_121_210727_8182021_18.qgd","8/18/2021 3:56:40 PM","8/18/2021 4:30:28 PM","7294976","2DYHPD2\User"
"C:\GCMSsolution\Data\Project1\Campbell RMBL Data\Ipomopsis 2020\SC_122_210727_8182021_19.qgd","8/18/2021 4:29:19 PM","8/18/2021 5:02:57 PM","7286784","2DYHPD2\User"
"C:\GCMSsolution\Data\Project1\Campbell RMBL Data\Ipomopsis 2020\SC_123_210727_8182021_20.qgd","8/18/2021 5:01:55 PM","8/18/2021 5:34:37 PM","7385088","2DYHPD2\User"
"C:\GCMSsolution\Data\Project1\Campbell RMBL Data\Ipomopsis 2020\SC_124_210727_8182021_02.qgd","8/18/2021 8:18:21 PM","8/18/2021 8:50:57 PM","7196672","2DYHPD2\User"
"C:\GCMSsolution\Data\Project1\Campbell RMBL Data\Ipomopsis 2020\SC_125_210727_8182021_03.qgd","8/18/2021 8:49:54 PM","8/18/2021 9:22:39 PM","7192576","2DYHPD2\User"
"C:\GCMSsolution\Data\Project1\Campbell RMBL Data\Ipomopsis 2020\SC_126_210727_8182021_04.qgd","8/18/2021 9:21:29 PM","8/18/2021 9:53:33 PM","7184384","2DYHPD2\User"
"C:\GCMSsolution\Data\Project1\Campbell RMBL Data\Ipomopsis 2020\SC_126_210727_redo_8202021_04.qgd","8/20/2021 12:27:23 PM","8/20/2021 12:59:53 PM","7258112","2DYHPD2\User"
"C:\GCMSsolution\Data\Project1\Campbell RMBL Data\Ipomopsis 2020\SC_127_210727_8182021_05.qgd","8/18/2021 9:52:24 PM","8/18/2021 10:24:50 PM","7208960","2DYHPD2\User"
"C:\GCMSsolution\Data\Project1\Campbell RMBL Data\Ipomopsis 2020\SC_128_210727_8182021_08.qgd","8/18/2021 11:26:13 PM","8/18/2021 11:58:27 PM","7188480","2DYHPD2\User"
"C:\GCMSsolution\Data\Project1\Campbell RMBL Data\Ipomopsis 2020\SC_129_210727_8182021_06.qgd","8/18/2021 10:23:44 PM","8/18/2021 10:56:08 PM","7180288","2DYHPD2\User"
"C:\GCMSsolution\Data\Project1\Campbell RMBL Data\Ipomopsis 2020\SC_13_210713_8172021_11.qgd","8/18/2021 1:33:33 AM","8/18/2021 2:06:12 AM","7569408","2DYHPD2\User"
"C:\GCMSsolution\Data\Project1\Campbell RMBL Data\Ipomopsis 2020\SC_130_210727_8182021_07.qgd","8/18/2021 10:55:03 PM","8/18/2021 11:27:27 PM","7208960","2DYHPD2\User"
"C:\GCMSsolution\Data\Project1\Campbell RMBL Data\Ipomopsis 2020\SC_131_210726_8102021_18.qgd","8/11/2021 5:57:39 AM","8/11/2021 6:29:18 AM","7221248","2DYHPD2\User"
"C:\GCMSsolution\Data\Project1\Campbell RMBL Data\Ipomopsis 2020\SC_132_210726_8102021_17.qgd","8/11/2021 5:26:57 AM","8/11/2021 5:58:51 AM","7192576","2DYHPD2\User"
"C:\GCMSsolution\Data\Project1\Campbell RMBL Data\Ipomopsis 2020\SC_133_210726_8102021_19.qgd","8/11/2021 6:28:11 AM","8/11/2021 7:00:04 AM","7155712","2DYHPD2\User"
"C:\GCMSsolution\Data\Project1\Campbell RMBL Data\Ipomopsis 2020\SC_134_210727_8202021_17.qgd","8/20/2021 7:16:07 PM","8/20/2021 7:48:11 PM","7282688","2DYHPD2\User"
"C:\GCMSsolution\Data\Project1\Campbell RMBL Data\Ipomopsis 2020\SC_135_210727_8202021_16.qgd","8/20/2021 6:44:48 PM","8/20/2021 7:17:06 PM","7266304","2DYHPD2\User"
"C:\GCMSsolution\Data\Project1\Campbell RMBL Data\Ipomopsis 2020\SC_136_210727_8182021_19.qgd","8/19/2021 5:06:59 AM","8/19/2021 5:38:53 AM","7266304","2DYHPD2\User"
"C:\GCMSsolution\Data\Project1\Campbell RMBL Data\Ipomopsis 2020\SC_137_210727_8182021_20.qgd","8/19/2021 5:37:48 AM","8/19/2021 6:09:46 AM","7249920","2DYHPD2\User"
"C:\GCMSsolution\Data\Project1\Campbell RMBL Data\Ipomopsis 2020\SC_138_210727_8202021_02.qgd","8/20/2021 11:25:38 AM","8/20/2021 11:57:24 AM","7270400","2DYHPD2\User"
"C:\GCMSsolution\Data\Project1\Campbell RMBL Data\Ipomopsis 2020\SC_139_210727_8202021_03.qgd","8/20/2021 11:56:16 AM","8/20/2021 12:28:28 PM","7266304","2DYHPD2\User"
"C:\GCMSsolution\Data\Project1\Campbell RMBL Data\Ipomopsis 2020\SC_14_210713_8172021_12.qgd","8/18/2021 2:04:55 AM","8/18/2021 2:36:45 AM","7512064","2DYHPD2\User"
"C:\GCMSsolution\Data\Project1\Campbell RMBL Data\Ipomopsis 2020\SC_140_210727_8202021_05.qgd","8/20/2021 12:58:42 PM","8/20/2021 1:31:13 PM","7254016","2DYHPD2\User"
"C:\GCMSsolution\Data\Project1\Campbell RMBL Data\Ipomopsis 2020\SC_141_210727_8202021_15.qgd","8/20/2021 6:13:24 PM","8/20/2021 6:45:59 PM","7344128","2DYHPD2\User"
"C:\GCMSsolution\Data\Project1\Campbell RMBL Data\Ipomopsis 2020\SC_142_210727_8202021_20.qgd","8/20/2021 8:49:03 PM","8/20/2021 9:20:53 PM","7340032","2DYHPD2\User"
"C:\GCMSsolution\Data\Project1\Campbell RMBL Data\Ipomopsis 2020\SC_143_210727_8202021_18.qgd","8/20/2021 7:47:00 PM","8/20/2021 8:19:04 PM","7323648","2DYHPD2\User"
"C:\GCMSsolution\Data\Project1\Campbell RMBL Data\Ipomopsis 2020\SC_144_210727_8202021_19.qgd","8/20/2021 8:18:01 PM","8/20/2021 8:50:05 PM","7290880","2DYHPD2\User"
"C:\GCMSsolution\Data\Project1\Campbell RMBL Data\Ipomopsis 2020\SC_147_210726_8212021_08.qgd","8/21/2021 12:42:24 PM","8/21/2021 1:15:05 PM","7528448","2DYHPD2\User"
"C:\GCMSsolution\Data\Project1\Campbell RMBL Data\Ipomopsis 2020\SC_148_210726_8212021_09.qgd","8/21/2021 1:13:56 PM","8/21/2021 1:46:49 PM","7426048","2DYHPD2\User"
"C:\GCMSsolution\Data\Project1\Campbell RMBL Data\Ipomopsis 2020\SC_15_210713_8172021_14.qgd","8/18/2021 3:06:23 AM","8/18/2021 3:38:10 AM","7397376","2DYHPD2\User"
"C:\GCMSsolution\Data\Project1\Campbell RMBL Data\Ipomopsis 2020\SC_151_210726_8102021_07.qgd","8/11/2021 12:18:38 AM","8/11/2021 12:50:50 AM","7155712","2DYHPD2\User"
"C:\GCMSsolution\Data\Project1\Campbell RMBL Data\Ipomopsis 2020\SC_152_210726_8102021_08.qgd","8/11/2021 12:49:37 AM","8/11/2021 1:21:40 AM","7143424","2DYHPD2\User"
"C:\GCMSsolution\Data\Project1\Campbell RMBL Data\Ipomopsis 2020\SC_153_210726_8102021_09.qgd","8/11/2021 1:20:27 AM","8/11/2021 1:52:20 AM","7180288","2DYHPD2\User"
"C:\GCMSsolution\Data\Project1\Campbell RMBL Data\Ipomopsis 2020\SC_154_210726_8102021_10.qgd","8/11/2021 1:51:09 AM","8/11/2021 2:23:03 AM","7180288","2DYHPD2\User"
"C:\GCMSsolution\Data\Project1\Campbell RMBL Data\Ipomopsis 2020\SC_155_210726_8102021_11.qgd","8/11/2021 2:21:55 AM","8/11/2021 2:54:22 AM","7168000","2DYHPD2\User"
"C:\GCMSsolution\Data\Project1\Campbell RMBL Data\Ipomopsis 2020\SC_155_8142021_20.qgd","8/14/2021 6:34:01 PM","8/14/2021 7:09:25 PM","7266304","2DYHPD2\User"
"C:\GCMSsolution\Data\Project1\Campbell RMBL Data\Ipomopsis 2020\SC_156_210726_8102021_12.qgd","8/11/2021 2:53:23 AM","8/11/2021 3:25:06 AM","7168000","2DYHPD2\User"
"C:\GCMSsolution\Data\Project1\Campbell RMBL Data\Ipomopsis 2020\SC_156_210728_832021_16.qgd","8/3/2021 11:34:58 PM","8/4/2021 12:06:43 AM","7229440","2DYHPD2\User"
"C:\GCMSsolution\Data\Project1\Campbell RMBL Data\Ipomopsis 2020\SC_157_210726_8102021_13.qgd","8/11/2021 3:24:04 AM","8/11/2021 3:55:53 AM","7217152","2DYHPD2\User"
"C:\GCMSsolution\Data\Project1\Campbell RMBL Data\Ipomopsis 2020\SC_158_210726_8102021_14.qgd","8/11/2021 3:54:45 AM","8/11/2021 4:26:38 AM","7335936","2DYHPD2\User"
"C:\GCMSsolution\Data\Project1\Campbell RMBL Data\Ipomopsis 2020\SC_159_210726_8102021_15.qgd","8/11/2021 4:25:31 AM","8/11/2021 4:57:13 AM","7208960","2DYHPD2\User"
"C:\GCMSsolution\Data\Project1\Campbell RMBL Data\Ipomopsis 2020\SC_160_210726_8102021_16.qgd","8/11/2021 4:56:12 AM","8/11/2021 5:28:11 AM","7151616","2DYHPD2\User"
"C:\GCMSsolution\Data\Project1\Campbell RMBL Data\Ipomopsis 2020\SC_161_210726_8102021_04.qgd","8/10/2021 10:45:05 PM","8/10/2021 11:17:38 PM","7163904","2DYHPD2\User"
"C:\GCMSsolution\Data\Project1\Campbell RMBL Data\Ipomopsis 2020\SC_162_210726_8102021_05.qgd","8/10/2021 11:16:20 PM","8/10/2021 11:48:31 PM","7163904","2DYHPD2\User"
"C:\GCMSsolution\Data\Project1\Campbell RMBL Data\Ipomopsis 2020\SC_163_210726_8102021_03.qgd","8/10/2021 10:13:40 PM","8/10/2021 10:46:03 PM","7168000","2DYHPD2\User"
"C:\GCMSsolution\Data\Project1\Campbell RMBL Data\Ipomopsis 2020\SC_164_210726_8102021_02.qgd","8/10/2021 9:42:18 PM","8/10/2021 10:14:50 PM","7180288","2DYHPD2\User"
"C:\GCMSsolution\Data\Project1\Campbell RMBL Data\Ipomopsis 2020\SC_165_210728_822021_11.qgd","8/3/2021 3:51:21 AM","8/3/2021 4:23:48 AM","7221248","2DYHPD2\User"
"C:\GCMSsolution\Data\Project1\Campbell RMBL Data\Ipomopsis 2020\SC_166_210723_822021_12.qgd","8/3/2021 4:22:44 AM","8/3/2021 4:54:51 AM","7213056","2DYHPD2\User"
"C:\GCMSsolution\Data\Project1\Campbell RMBL Data\Ipomopsis 2020\SC_167_210723_822021_13.qgd","8/3/2021 4:53:35 AM","8/3/2021 5:25:36 AM","7204864","2DYHPD2\User"
"C:\GCMSsolution\Data\Project1\Campbell RMBL Data\Ipomopsis 2020\SC_168_210723_822021_14.qgd","8/3/2021 5:24:30 AM","8/3/2021 5:56:38 AM","7208960","2DYHPD2\User"
"C:\GCMSsolution\Data\Project1\Campbell RMBL Data\Ipomopsis 2020\SC_169_210723_822021_15.qgd","8/3/2021 5:55:25 AM","8/3/2021 6:27:13 AM","7204864","2DYHPD2\User"
"C:\GCMSsolution\Data\Project1\Campbell RMBL Data\Ipomopsis 2020\SC_17_210713_8172021_13.qgd","8/18/2021 2:35:47 AM","8/18/2021 3:07:29 AM","7401472","2DYHPD2\User"
"C:\GCMSsolution\Data\Project1\Campbell RMBL Data\Ipomopsis 2020\SC_170_210723_822021_16.qgd","8/3/2021 6:26:06 AM","8/3/2021 6:57:55 AM","7180288","2DYHPD2\User"
"C:\GCMSsolution\Data\Project1\Campbell RMBL Data\Ipomopsis 2020\SC_171_210723_822021_17.qgd","8/3/2021 6:56:47 AM","8/3/2021 7:28:42 AM","7266304","2DYHPD2\User"
"C:\GCMSsolution\Data\Project1\Campbell RMBL Data\Ipomopsis 2020\SC_172_210723_822021_18.qgd","8/3/2021 7:27:37 AM","8/3/2021 7:59:38 AM","7176192","2DYHPD2\User"
"C:\GCMSsolution\Data\Project1\Campbell RMBL Data\Ipomopsis 2020\SC_173_210723_822021_19.qgd","8/3/2021 7:58:28 AM","8/3/2021 8:30:32 AM","7188480","2DYHPD2\User"
"C:\GCMSsolution\Data\Project1\Campbell RMBL Data\Ipomopsis 2020\SC_174_210728_832021_02.qgd","8/3/2021 4:18:04 PM","8/3/2021 4:50:24 PM","7254016","2DYHPD2\User"
"C:\GCMSsolution\Data\Project1\Campbell RMBL Data\Ipomopsis 2020\SC_175_210728_832021_08.qgd","8/3/2021 7:26:12 PM","8/3/2021 7:58:40 PM","7229440","2DYHPD2\User"
"C:\GCMSsolution\Data\Project1\Campbell RMBL Data\Ipomopsis 2020\SC_176_210728_832021_13.qgd","8/3/2021 10:02:26 PM","8/3/2021 10:34:35 PM","7192576","2DYHPD2\User"
"C:\GCMSsolution\Data\Project1\Campbell RMBL Data\Ipomopsis 2020\SC_177_210728_832021_10.qgd","8/3/2021 8:28:50 PM","8/3/2021 9:01:05 PM","7192576","2DYHPD2\User"
"C:\GCMSsolution\Data\Project1\Campbell RMBL Data\Ipomopsis 2020\SC_178_210728_832021_14.qgd","8/3/2021 10:33:21 PM","8/3/2021 11:05:15 PM","7200768","2DYHPD2\User"
"C:\GCMSsolution\Data\Project1\Campbell RMBL Data\Ipomopsis 2020\SC_179_210728_832021_07.qgd","8/3/2021 6:54:52 PM","8/3/2021 7:27:21 PM","7352320","2DYHPD2\User"
"C:\GCMSsolution\Data\Project1\Campbell RMBL Data\Ipomopsis 2020\SC_18_210713_8172021_15.qgd","8/18/2021 3:37:03 AM","8/18/2021 4:09:00 AM","7323648","2DYHPD2\User"
"C:\GCMSsolution\Data\Project1\Campbell RMBL Data\Ipomopsis 2020\SC_180_210728_832021_17.qgd","8/4/2021 12:05:37 AM","8/4/2021 12:37:43 AM","7139328","2DYHPD2\User"
"C:\GCMSsolution\Data\Project1\Campbell RMBL Data\Ipomopsis 2020\SC_181_210728_832021_19.qgd","8/4/2021 1:07:17 AM","8/4/2021 1:39:29 AM","7450624","2DYHPD2\User"
"C:\GCMSsolution\Data\Project1\Campbell RMBL Data\Ipomopsis 2020\SC_182_210728_832021_11.qgd","8/3/2021 8:59:57 PM","8/3/2021 9:32:39 PM","7188480","2DYHPD2\User"
"C:\GCMSsolution\Data\Project1\Campbell RMBL Data\Ipomopsis 2020\SC_183_210728_832021_18.qgd","8/4/2021 12:36:30 AM","8/4/2021 1:08:24 AM","7368704","2DYHPD2\User"
"C:\GCMSsolution\Data\Project1\Campbell RMBL Data\Ipomopsis 2020\SC_184_210723_822021_20.qgd","8/3/2021 8:29:23 AM","8/3/2021 9:01:17 AM","7385088","2DYHPD2\User"
"C:\GCMSsolution\Data\Project1\Campbell RMBL Data\Ipomopsis 2020\SC_185_210728_832021_15.qgd","8/3/2021 11:04:12 PM","8/3/2021 11:36:06 PM","7147520","2DYHPD2\User"
"C:\GCMSsolution\Data\Project1\Campbell RMBL Data\Ipomopsis 2020\SC_187_210728_832021_12.qgd","8/3/2021 9:31:24 PM","8/3/2021 10:03:33 PM","7176192","2DYHPD2\User"
"C:\GCMSsolution\Data\Project1\Campbell RMBL Data\Ipomopsis 2020\SC_188_210728_832021_09.qgd","8/3/2021 7:57:31 PM","8/3/2021 8:30:07 PM","7188480","2DYHPD2\User"
"C:\GCMSsolution\Data\Project1\Campbell RMBL Data\Ipomopsis 2020\SC_19_210713_8172021_16.qgd","8/18/2021 4:07:51 AM","8/18/2021 4:39:34 AM","7573504","2DYHPD2\User"
"C:\GCMSsolution\Data\Project1\Campbell RMBL Data\Ipomopsis 2020\SC_190_210728_832021_04.qgd","8/3/2021 5:20:48 PM","8/3/2021 5:53:18 PM","7430144","2DYHPD2\User"
"C:\GCMSsolution\Data\Project1\Campbell RMBL Data\Ipomopsis 2020\SC_191_210728_832021_05.qgd","8/3/2021 5:52:14 PM","8/3/2021 6:24:54 PM","7307264","2DYHPD2\User"
"C:\GCMSsolution\Data\Project1\Campbell RMBL Data\Ipomopsis 2020\SC_192_210728_832021_06.qgd","8/3/2021 6:23:41 PM","8/3/2021 6:56:00 PM","7438336","2DYHPD2\User"
"C:\GCMSsolution\Data\Project1\Campbell RMBL Data\Ipomopsis 2020\SC_2_210713_8182021_10.qgd","8/18/2021 11:36:08 AM","8/18/2021 12:09:48 PM","7311360","2DYHPD2\User"
"C:\GCMSsolution\Data\Project1\Campbell RMBL Data\Ipomopsis 2020\SC_20_210713_8172021_17.qgd","8/18/2021 4:38:35 AM","8/18/2021 5:10:40 AM","7639040","2DYHPD2\User"
"C:\GCMSsolution\Data\Project1\Campbell RMBL Data\Ipomopsis 2020\SC_21_210713_8172021_18.qgd","8/18/2021 5:09:28 AM","8/18/2021 5:41:11 AM","7577600","2DYHPD2\User"
"C:\GCMSsolution\Data\Project1\Campbell RMBL Data\Ipomopsis 2020\SC_22_210713_8172021_19.qgd","8/18/2021 5:40:12 AM","8/18/2021 6:11:52 AM","7618560","2DYHPD2\User"
"C:\GCMSsolution\Data\Project1\Campbell RMBL Data\Ipomopsis 2020\SC_23_210713_8172021_10.qgd","8/18/2021 1:02:36 AM","8/18/2021 1:34:34 AM","7536640","2DYHPD2\User"
"C:\GCMSsolution\Data\Project1\Campbell RMBL Data\Ipomopsis 2020\SC_24_210713_8172021_09.qgd","8/18/2021 12:31:52 AM","8/18/2021 1:03:45 AM","7548928","2DYHPD2\User"
"C:\GCMSsolution\Data\Project1\Campbell RMBL Data\Ipomopsis 2020\SC_25_210713_8172021_08.qgd","8/18/2021 12:00:51 AM","8/18/2021 12:33:04 AM","7610368","2DYHPD2\User"
"C:\GCMSsolution\Data\Project1\Campbell RMBL Data\Ipomopsis 2020\SC_26_210713_8172021_07.qgd","8/17/2021 11:29:42 PM","8/18/2021 12:01:59 AM","7540736","2DYHPD2\User"
"C:\GCMSsolution\Data\Project1\Campbell RMBL Data\Ipomopsis 2020\SC_27_210713_8172021_06.qgd","8/17/2021 10:58:28 PM","8/17/2021 11:30:42 PM","7532544","2DYHPD2\User"
"C:\GCMSsolution\Data\Project1\Campbell RMBL Data\Ipomopsis 2020\SC_28_210713_8172021_05.qgd","8/17/2021 10:27:05 PM","8/17/2021 10:59:29 PM","7557120","2DYHPD2\User"
"C:\GCMSsolution\Data\Project1\Campbell RMBL Data\Ipomopsis 2020\SC_29_210713_8172021_04.qgd","8/17/2021 9:55:29 PM","8/17/2021 10:28:05 PM","7548928","2DYHPD2\User"
"C:\GCMSsolution\Data\Project1\Campbell RMBL Data\Ipomopsis 2020\SC_3_210713_8182021_11.qgd","8/18/2021 12:08:43 PM","8/18/2021 12:42:37 PM","7380992","2DYHPD2\User"
"C:\GCMSsolution\Data\Project1\Campbell RMBL Data\Ipomopsis 2020\SC_30_210713_8172021_03.qgd","8/17/2021 9:23:42 PM","8/17/2021 9:56:38 PM","7557120","2DYHPD2\User"
"C:\GCMSsolution\Data\Project1\Campbell RMBL Data\Ipomopsis 2020\SC_31_210713_8182021_04.qgd","8/18/2021 8:26:10 AM","8/18/2021 8:58:24 AM","7659520","2DYHPD2\User"
"C:\GCMSsolution\Data\Project1\Campbell RMBL Data\Ipomopsis 2020\SC_32_210713_8182021_05.qgd","8/18/2021 8:57:04 AM","8/18/2021 9:29:34 AM","7430144","2DYHPD2\User"
"C:\GCMSsolution\Data\Project1\Campbell RMBL Data\Ipomopsis 2020\SC_33_210713_8182021_06.qgd","8/18/2021 9:28:22 AM","8/18/2021 10:00:58 AM","7794688","2DYHPD2\User"
"C:\GCMSsolution\Data\Project1\Campbell RMBL Data\Ipomopsis 2020\SC_34_210713_8182021_07.qgd","8/18/2021 9:59:53 AM","8/18/2021 10:32:50 AM","7364608","2DYHPD2\User"
"C:\GCMSsolution\Data\Project1\Campbell RMBL Data\Ipomopsis 2020\SC_35_210713_8182021_08.qgd","8/18/2021 10:31:45 AM","8/18/2021 11:04:50 AM","7397376","2DYHPD2\User"
"C:\GCMSsolution\Data\Project1\Campbell RMBL Data\Ipomopsis 2020\SC_36_210713_8172021_02.qgd","8/17/2021 8:51:50 PM","8/17/2021 9:24:46 PM","7561216","2DYHPD2\User"
"C:\GCMSsolution\Data\Project1\Campbell RMBL Data\Ipomopsis 2020\SC_4_210713_8182021_13.qgd","8/18/2021 1:14:28 PM","8/18/2021 1:47:46 PM","7335936","2DYHPD2\User"
"C:\GCMSsolution\Data\Project1\Campbell RMBL Data\Ipomopsis 2020\SC_5_210713_8182021_12.qgd","8/18/2021 12:41:35 PM","8/18/2021 1:15:32 PM","7319552","2DYHPD2\User"
"C:\GCMSsolution\Data\Project1\Campbell RMBL Data\Ipomopsis 2020\SC_52_210715_7282021_19.qgd","7/29/2021 3:41:39 AM","7/29/2021 4:13:35 AM","7434240","2DYHPD2\User"
"C:\GCMSsolution\Data\Project1\Campbell RMBL Data\Ipomopsis 2020\SC_53_210715_7282021_20.qgd","7/29/2021 4:12:26 AM","7/29/2021 4:44:19 AM","7364608","2DYHPD2\User"
"C:\GCMSsolution\Data\Project1\Campbell RMBL Data\Ipomopsis 2020\SC_53_210715_7292021_17.qgd","7/30/2021 6:17:18 AM","7/30/2021 6:49:42 AM","7233536","2DYHPD2\User"
"C:\GCMSsolution\Data\Project1\Campbell RMBL Data\Ipomopsis 2020\SC_54_210715_8202021_12.qgd","8/21/2021 3:54:21 AM","8/21/2021 4:26:06 AM","7540736","2DYHPD2\User"
"C:\GCMSsolution\Data\Project1\Campbell RMBL Data\Ipomopsis 2020\SC_55_210715_8202021_11.qgd","8/21/2021 3:23:08 AM","8/21/2021 3:55:30 AM","7462912","2DYHPD2\User"
"C:\GCMSsolution\Data\Project1\Campbell RMBL Data\Ipomopsis 2020\SC_6_210713_8182021_14.qgd","8/18/2021 1:46:42 PM","8/18/2021 2:20:09 PM","7417856","2DYHPD2\User"
"C:\GCMSsolution\Data\Project1\Campbell RMBL Data\Ipomopsis 2020\SC_64_210715_8202021_13.qgd","8/21/2021 4:24:58 AM","8/21/2021 4:56:32 AM","7507968","2DYHPD2\User"
"C:\GCMSsolution\Data\Project1\Campbell RMBL Data\Ipomopsis 2020\SC_65_210715_8202021_14.qgd","8/21/2021 4:55:26 AM","8/21/2021 5:27:03 AM","7593984","2DYHPD2\User"
"C:\GCMSsolution\Data\Project1\Campbell RMBL Data\Ipomopsis 2020\SC_66_210715_7292021_18.qgd","7/30/2021 6:48:22 AM","7/30/2021 7:20:29 AM","7213056","2DYHPD2\User"
"C:\GCMSsolution\Data\Project1\Campbell RMBL Data\Ipomopsis 2020\SC_67_210715_7292021_19.qgd","7/30/2021 7:19:24 AM","7/30/2021 7:51:47 AM","7331840","2DYHPD2\User"
"C:\GCMSsolution\Data\Project1\Campbell RMBL Data\Ipomopsis 2020\SC_68_210715_7292021_20.qgd","7/30/2021 7:50:30 AM","7/30/2021 8:22:39 AM","7180288","2DYHPD2\User"
"C:\GCMSsolution\Data\Project1\Campbell RMBL Data\Ipomopsis 2020\SC_69_210715_8202021_03.qgd","8/20/2021 11:18:58 PM","8/20/2021 11:50:36 PM","7491584","2DYHPD2\User"
"C:\GCMSsolution\Data\Project1\Campbell RMBL Data\Ipomopsis 2020\SC_7_210713_8182021_16.qgd","8/18/2021 2:51:18 PM","8/18/2021 3:25:19 PM","7446528","2DYHPD2\User"
"C:\GCMSsolution\Data\Project1\Campbell RMBL Data\Ipomopsis 2020\SC_70_210715_8202021_04.qgd","8/20/2021 11:49:35 PM","8/21/2021 12:21:13 AM","7454720","2DYHPD2\User"
"C:\GCMSsolution\Data\Project1\Campbell RMBL Data\Ipomopsis 2020\SC_71_210715_8202021_05.qgd","8/21/2021 12:20:07 AM","8/21/2021 12:51:42 AM","7475200","2DYHPD2\User"
"C:\GCMSsolution\Data\Project1\Campbell RMBL Data\Ipomopsis 2020\SC_72_210715_8202021_15.qgd","8/21/2021 5:25:49 AM","8/21/2021 5:57:12 AM","7385088","2DYHPD2\User"
"C:\GCMSsolution\Data\Project1\Campbell RMBL Data\Ipomopsis 2020\SC_73_210715_8202021_06.qgd","8/21/2021 12:50:39 AM","8/21/2021 1:22:30 AM","7467008","2DYHPD2\User"
"C:\GCMSsolution\Data\Project1\Campbell RMBL Data\Ipomopsis 2020\SC_74_210715_8202021_19.qgd","8/21/2021 7:27:40 AM","8/21/2021 7:59:13 AM","7589888","2DYHPD2\User"
"C:\GCMSsolution\Data\Project1\Campbell RMBL Data\Ipomopsis 2020\SC_75_210715_8202021_20.qgd","8/21/2021 7:58:07 AM","8/21/2021 8:29:40 AM","7581696","2DYHPD2\User"
"C:\GCMSsolution\Data\Project1\Campbell RMBL Data\Ipomopsis 2020\SC_76_210715_8202021_18.qgd","8/21/2021 6:57:12 AM","8/21/2021 7:28:46 AM","7675904","2DYHPD2\User"
"C:\GCMSsolution\Data\Project1\Campbell RMBL Data\Ipomopsis 2020\SC_77_210715_8212021_02.qgd","8/21/2021 9:35:59 AM","8/21/2021 10:07:52 AM","7376896","2DYHPD2\User"
"C:\GCMSsolution\Data\Project1\Campbell RMBL Data\Ipomopsis 2020\SC_78_210715_8212021_05.qgd","8/21/2021 11:08:42 AM","8/21/2021 11:41:00 AM","7614464","2DYHPD2\User"
"C:\GCMSsolution\Data\Project1\Campbell RMBL Data\Ipomopsis 2020\SC_79_210715_8202021_16.qgd","8/21/2021 5:56:08 AM","8/21/2021 6:27:49 AM","7606272","2DYHPD2\User"
"C:\GCMSsolution\Data\Project1\Campbell RMBL Data\Ipomopsis 2020\SC_8_210713_8182021_15.qgd","8/18/2021 2:19:04 PM","8/18/2021 2:52:25 PM","7385088","2DYHPD2\User"
"C:\GCMSsolution\Data\Project1\Campbell RMBL Data\Ipomopsis 2020\SC_81_210715_8212021_04.qgd","8/21/2021 10:37:37 AM","8/21/2021 11:09:52 AM","7442432","2DYHPD2\User"
"C:\GCMSsolution\Data\Project1\Campbell RMBL Data\Ipomopsis 2020\SC_82_210715_8212021_06.qgd","8/21/2021 11:39:56 AM","8/21/2021 12:12:05 PM","7512064","2DYHPD2\User"
"C:\GCMSsolution\Data\Project1\Campbell RMBL Data\Ipomopsis 2020\SC_83_210715_8212021_03.qgd","8/21/2021 10:06:43 AM","8/21/2021 10:38:42 AM","7499776","2DYHPD2\User"
"C:\GCMSsolution\Data\Project1\Campbell RMBL Data\Ipomopsis 2020\SC_84_210715_8212021_07.qgd","8/21/2021 12:11:05 PM","8/21/2021 12:43:26 PM","7569408","2DYHPD2\User"
"C:\GCMSsolution\Data\Project1\Campbell RMBL Data\Ipomopsis 2020\SC_85_210715_8202021_07.qgd","8/21/2021 1:21:12 AM","8/21/2021 1:52:39 AM","7770112","2DYHPD2\User"
"C:\GCMSsolution\Data\Project1\Campbell RMBL Data\Ipomopsis 2020\SC_86_210715_8202021_08.qgd","8/21/2021 1:51:31 AM","8/21/2021 2:23:12 AM","7528448","2DYHPD2\User"
"C:\GCMSsolution\Data\Project1\Campbell RMBL Data\Ipomopsis 2020\SC_87_210715_8202021_09.qgd","8/21/2021 2:22:06 AM","8/21/2021 2:53:46 AM","7782400","2DYHPD2\User"
"C:\GCMSsolution\Data\Project1\Campbell RMBL Data\Ipomopsis 2020\SC_88_210715_8202021_17.qgd","8/21/2021 6:26:40 AM","8/21/2021 6:58:15 AM","7634944","2DYHPD2\User"
"C:\GCMSsolution\Data\Project1\Campbell RMBL Data\Ipomopsis 2020\SC_9_210713_8182021_17.qgd","8/18/2021 3:24:10 PM","8/18/2021 3:57:54 PM","7360512","2DYHPD2\User"
"C:\GCMSsolution\Data\Project1\Campbell RMBL Data\Ipomopsis 2020\SC_91_210715_8202021_10.qgd","8/21/2021 2:52:35 AM","8/21/2021 3:24:13 AM","7737344","2DYHPD2\User"
"C:\GCMSsolution\Data\Project1\Campbell RMBL Data\Ipomopsis 2020\SCH_air_210114_8262021_02.qgd","8/26/2021 9:34:53 AM","8/26/2021 10:06:51 AM","7372800","2DYHPD2\User"
"C:\GCMSsolution\Data\Project1\Campbell RMBL Data\Ipomopsis 2020\SCH_air_N_210114_8262021_07.qgd","8/26/2021 12:11:12 PM","8/26/2021 12:43:57 PM","7589888","2DYHPD2\User"
"C:\GCMSsolution\Data\Project1\Campbell RMBL Data\Ipomopsis 2020\SCH_HAW_207_1_n4_N_210114_8262021_05.qgd","8/26/2021 11:08:05 AM","8/26/2021 11:40:42 AM","7520256","2DYHPD2\User"
"C:\GCMSsolution\Data\Project1\Campbell RMBL Data\Ipomopsis 2020\SCH_HAW_207_1_n5_N_210114_8262021_06.qgd","8/26/2021 11:39:36 AM","8/26/2021 12:12:21 PM","7598080","2DYHPD2\User"
"C:\GCMSsolution\Data\Project1\Campbell RMBL Data\Ipomopsis 2020\SCH_HAW_701_1_n1_210114_8262021_03.qgd","8/26/2021 10:05:45 AM","8/26/2021 10:37:56 AM","7438336","2DYHPD2\User"
"C:\GCMSsolution\Data\Project1\Campbell RMBL Data\Ipomopsis 2020\SCH_HAW_701_1_n2_210114_8262021_04.qgd","8/26/2021 10:36:51 AM","8/26/2021 11:09:13 AM","7426048","2DYHPD2\User"
"C:\GCMSsolution\Data\Project1\Campbell RMBL Data\Ipomopsis 2020\SE10D_200724_7182021_03.qgd","7/18/2021 11:02:31 AM","7/18/2021 11:34:02 AM","7077888","2DYHPD2\User"
"C:\GCMSsolution\Data\Project1\Campbell RMBL Data\Ipomopsis 2020\SE10D_200724_redo_7192021_03.qgd","7/19/2021 5:22:58 PM","7/19/2021 5:57:28 PM","7147520","2DYHPD2\User"
"C:\GCMSsolution\Data\Project1\Campbell RMBL Data\Ipomopsis 2020\SE10U_200724_7182021_02.qgd","7/18/2021 10:31:11 AM","7/18/2021 11:03:49 AM","7118848","2DYHPD2\User"
"C:\GCMSsolution\Data\Project1\Campbell RMBL Data\Ipomopsis 2020\SE3D_200724_7172021_03.qgd","7/17/2021 5:41:32 PM","7/17/2021 6:13:48 PM","7208960","2DYHPD2\User"
"C:\GCMSsolution\Data\Project1\Campbell RMBL Data\Ipomopsis 2020\SE3U_200724_7172021_02.qgd","7/17/2021 5:10:22 PM","7/17/2021 5:42:35 PM","7106560","2DYHPD2\User"
"C:\GCMSsolution\Data\Project1\Campbell RMBL Data\Ipomopsis 2020\SE4D_200724_7172021_19.qgd","7/18/2021 1:55:05 AM","7/18/2021 2:26:38 AM","7098368","2DYHPD2\User"
"C:\GCMSsolution\Data\Project1\Campbell RMBL Data\Ipomopsis 2020\SE4U_200724_7172021_18.qgd","7/18/2021 1:24:03 AM","7/18/2021 1:56:15 AM","7217152","2DYHPD2\User"
"C:\GCMSsolution\Data\Project1\Campbell RMBL Data\Ipomopsis 2020\SE5D_200724_7172021_05.qgd","7/17/2021 6:43:48 PM","7/17/2021 7:16:01 PM","7258112","2DYHPD2\User"
"C:\GCMSsolution\Data\Project1\Campbell RMBL Data\Ipomopsis 2020\SE5U_200724_7172021_04.qgd","7/17/2021 6:12:38 PM","7/17/2021 6:44:47 PM","7098368","2DYHPD2\User"
"C:\GCMSsolution\Data\Project1\Campbell RMBL Data\Ipomopsis 2020\SE6D_200724_7172021_20.qgd","7/18/2021 2:25:36 AM","7/18/2021 2:56:29 AM","7049216","2DYHPD2\User"
"C:\GCMSsolution\Data\Project1\Campbell RMBL Data\Ipomopsis 2020\SE6D_200724_7182021_10.qgd","7/18/2021 2:49:58 PM","7/18/2021 3:24:35 PM","7147520","2DYHPD2\User"
"C:\GCMSsolution\Data\Project1\Campbell RMBL Data\Ipomopsis 2020\SE6D_200724_redo_7182021_20.qgd","7/18/2021 8:30:52 PM","7/18/2021 9:05:21 PM","7229440","2DYHPD2\User"
"C:\GCMSsolution\Data\Project1\Campbell RMBL Data\Ipomopsis 2020\SE75_200724_7172021_07.qgd","7/17/2021 7:45:50 PM","7/17/2021 8:18:12 PM","7241728","2DYHPD2\User"
"C:\GCMSsolution\Data\Project1\Campbell RMBL Data\Ipomopsis 2020\SE7U_200724_7172021_06.qgd","7/17/2021 7:14:49 PM","7/17/2021 7:46:54 PM","7094272","2DYHPD2\User"
"C:\GCMSsolution\Data\Project1\Campbell RMBL Data\Ipomopsis 2020\SP11D_200724_7172021_13.qgd","7/17/2021 10:51:52 PM","7/17/2021 11:23:45 PM","7204864","2DYHPD2\User"
"C:\GCMSsolution\Data\Project1\Campbell RMBL Data\Ipomopsis 2020\SP11U_200724_7172021_12.qgd","7/17/2021 10:21:02 PM","7/17/2021 10:53:02 PM","7249920","2DYHPD2\User"
"C:\GCMSsolution\Data\Project1\Campbell RMBL Data\Ipomopsis 2020\SP12D_200724_7182021_05.qgd","7/18/2021 12:05:17 PM","7/18/2021 12:39:11 PM","7127040","2DYHPD2\User"
"C:\GCMSsolution\Data\Project1\Campbell RMBL Data\Ipomopsis 2020\SP12U_200724_7182021_04.qgd","7/18/2021 11:33:08 AM","7/18/2021 12:06:29 PM","7168000","2DYHPD2\User"
"C:\GCMSsolution\Data\Project1\Campbell RMBL Data\Ipomopsis 2020\SP14D_200724_7182021_07.qgd","7/18/2021 1:11:12 PM","7/18/2021 1:45:02 PM","7143424","2DYHPD2\User"
"C:\GCMSsolution\Data\Project1\Campbell RMBL Data\Ipomopsis 2020\SP14U_200724_7182021_06.qgd","7/18/2021 12:38:02 PM","7/18/2021 1:12:32 PM","7139328","2DYHPD2\User"
"C:\GCMSsolution\Data\Project1\Campbell RMBL Data\Ipomopsis 2020\SP1D_200724_7172021_15.qgd","7/17/2021 11:53:08 PM","7/18/2021 12:24:46 AM","7131136","2DYHPD2\User"
"C:\GCMSsolution\Data\Project1\Campbell RMBL Data\Ipomopsis 2020\SP1U_200724_7172021_14.qgd","7/17/2021 11:22:32 PM","7/17/2021 11:54:13 PM","7118848","2DYHPD2\User"
"C:\GCMSsolution\Data\Project1\Campbell RMBL Data\Ipomopsis 2020\SP2D_200724_7172021_17.qgd","7/18/2021 12:54:04 AM","7/18/2021 1:25:01 AM","7069696","2DYHPD2\User"
"C:\GCMSsolution\Data\Project1\Campbell RMBL Data\Ipomopsis 2020\SP2D_200724_redo_7182021_17.qgd","7/18/2021 6:50:07 PM","7/18/2021 7:25:06 PM","7114752","2DYHPD2\User"
"C:\GCMSsolution\Data\Project1\Campbell RMBL Data\Ipomopsis 2020\SP2U_200724_7172021_16.qgd","7/18/2021 12:23:41 AM","7/18/2021 12:55:02 AM","7098368","2DYHPD2\User"
"C:\GCMSsolution\Data\Project1\Campbell RMBL Data\Ipomopsis 2020\SP8D_200724_7182021_12.qgd","7/18/2021 3:56:44 PM","7/18/2021 4:31:50 PM","7249920","2DYHPD2\User"
"C:\GCMSsolution\Data\Project1\Campbell RMBL Data\Ipomopsis 2020\SP8U_200724_7182021_11.qgd","7/18/2021 3:23:18 PM","7/18/2021 3:57:57 PM","7241728","2DYHPD2\User"
"C:\GCMSsolution\Data\Project1\Campbell RMBL Data\Ipomopsis 2020\SP9D_200724_7172021_11.qgd","7/17/2021 9:49:36 PM","7/17/2021 10:22:15 PM","7110656","2DYHPD2\User"
"C:\GCMSsolution\Data\Project1\Campbell RMBL Data\Ipomopsis 2020\SP9U_200724_7172021_10.qgd","7/17/2021 9:18:43 PM","7/17/2021 9:50:36 PM","7131136","2DYHPD2\User"
"C:\GCMSsolution\Data\Project1\Campbell RMBL Data\Ipomopsis 2020\Sterile_10_210721_7282021_33.qgd","7/29/2021 10:54:16 AM","7/29/2021 11:27:44 AM","7872512","2DYHPD2\User"
"C:\GCMSsolution\Data\Project1\Campbell RMBL Data\Ipomopsis 2020\Sterile_11_210721_7282021_34.qgd","7/29/2021 11:26:39 AM","7/29/2021 11:59:41 AM","7811072","2DYHPD2\User"
"C:\GCMSsolution\Data\Project1\Campbell RMBL Data\Ipomopsis 2020\Sterile_4_210721_7282021_22.qgd","7/29/2021 5:14:37 AM","7/29/2021 5:46:55 AM","7778304","2DYHPD2\User"
"C:\GCMSsolution\Data\Project1\Campbell RMBL Data\Ipomopsis 2020\Sterile_5_210721_7282021_29.qgd","7/29/2021 8:50:31 AM","7/29/2021 9:22:43 AM","7786496","2DYHPD2\User"
"C:\GCMSsolution\Data\Project1\Campbell RMBL Data\Ipomopsis 2020\Sterile_6_210721_7282021_30.qgd","7/29/2021 9:21:44 AM","7/29/2021 9:53:14 AM","7401472","2DYHPD2\User"
"C:\GCMSsolution\Data\Project1\Campbell RMBL Data\Ipomopsis 2020\Sterile_6_210721_redo_7292021_25.qgd","7/30/2021 10:27:15 AM","7/30/2021 11:00:15 AM","7778304","2DYHPD2\User"
"C:\GCMSsolution\Data\Project1\Campbell RMBL Data\Ipomopsis 2020\Sterile_8_210721_7282021_31.qgd","7/29/2021 9:51:51 AM","7/29/2021 10:23:35 AM","7364608","2DYHPD2\User"
"C:\GCMSsolution\Data\Project1\Campbell RMBL Data\Ipomopsis 2020\Sterile_8_210721_redo_7292021_26.qgd","7/30/2021 10:59:04 AM","7/30/2021 11:32:11 AM","7737344","2DYHPD2\User"
"C:\GCMSsolution\Data\Project1\Campbell RMBL Data\Ipomopsis 2020\Sterile_9_210721_7282021_32.qgd","7/29/2021 10:22:15 AM","7/29/2021 10:55:26 AM","7749632","2DYHPD2\User"
"C:\GCMSsolution\Data\Project1\Campbell RMBL Data\Ipomopsis 2020\Veg_07152021_7152021_34.qgd","7/16/2021 10:47:02 AM","7/16/2021 11:19:18 AM","7127040","2DYHPD2\User"
"C:\GCMSsolution\Data\Project1\Campbell RMBL Data\Ipomopsis 2020\Veg_4_210721_redo_7292021_24.qgd","7/30/2021 9:55:36 AM","7/30/2021 10:28:21 AM","7852032","2DYHPD2\User"
"C:\GCMSsolution\Data\Project1\Campbell RMBL Data\Ipomopsis 2020\Veg_5_210721_7282021_35.qgd","7/29/2021 11:58:31 AM","7/29/2021 12:31:56 PM","7770112","2DYHPD2\User"
"C:\GCMSsolution\Data\Project1\Campbell RMBL Data\Ipomopsis 2020\Veg_M2_07162021_7162021_10.qgd","7/16/2021 9:38:59 PM","7/16/2021 10:11:55 PM","7446528","2DYHPD2\User"
"C:\GCMSsolution\Data\Project1\Campbell RMBL Data\Ipomopsis 2020\Vegetative_3_07192021_7202021_15.qgd","7/21/2021 12:50:56 AM","7/21/2021 1:23:26 AM","7634944","2DYHPD2\User"
"C:\GCMSsolution\Data\Project1\Campbell RMBL Data\Ipomopsis 2020\VF_10_118_200717_7152021_20.qgd","7/16/2021 3:37:15 AM","7/16/2021 4:08:53 AM","7135232","2DYHPD2\User"
"C:\GCMSsolution\Data\Project1\Campbell RMBL Data\Ipomopsis 2020\VF_10D_170710_8252021_04.qgd","8/26/2021 12:29:29 AM","8/26/2021 1:01:03 AM","7946240","2DYHPD2\User"
"C:\GCMSsolution\Data\Project1\Campbell RMBL Data\Ipomopsis 2020\VF_11_200717_7162021_31.qgd","7/17/2021 8:27:08 AM","7/17/2021 8:58:42 AM","7139328","2DYHPD2\User"
"C:\GCMSsolution\Data\Project1\Campbell RMBL Data\Ipomopsis 2020\VF_11D_170710_8252021_05.qgd","8/26/2021 12:59:56 AM","8/26/2021 1:31:30 AM","8175616","2DYHPD2\User"
"C:\GCMSsolution\Data\Project1\Campbell RMBL Data\Ipomopsis 2020\VF_12D_170710_8252021_09.qgd","8/26/2021 3:01:46 AM","8/26/2021 3:33:32 AM","8056832","2DYHPD2\User"
"C:\GCMSsolution\Data\Project1\Campbell RMBL Data\Ipomopsis 2020\VF_13_200717_7162021_30.qgd","7/17/2021 7:56:31 AM","7/17/2021 8:28:10 AM","7282688","2DYHPD2\User"
"C:\GCMSsolution\Data\Project1\Campbell RMBL Data\Ipomopsis 2020\VF_13D_170710_8252021_08.qgd","8/26/2021 2:31:26 AM","8/26/2021 3:02:50 AM","7999488","2DYHPD2\User"
"C:\GCMSsolution\Data\Project1\Campbell RMBL Data\Ipomopsis 2020\VF_14_200717_7162021_29.qgd","7/17/2021 7:26:15 AM","7/17/2021 7:57:36 AM","7131136","2DYHPD2\User"
"C:\GCMSsolution\Data\Project1\Campbell RMBL Data\Ipomopsis 2020\VF_14_210720_redo_7272021_09.qgd","7/27/2021 10:37:23 PM","7/27/2021 11:10:19 PM","7380992","2DYHPD2\User"
"C:\GCMSsolution\Data\Project1\Campbell RMBL Data\Ipomopsis 2020\VF_16_200717_7162021_27.qgd","7/17/2021 6:25:06 AM","7/17/2021 6:56:50 AM","7557120","2DYHPD2\User"
"C:\GCMSsolution\Data\Project1\Campbell RMBL Data\Ipomopsis 2020\VF_1N_170731_8242021_19.qgd","8/24/2021 5:54:14 PM","8/24/2021 6:27:56 PM","7733248","2DYHPD2\User"
"C:\GCMSsolution\Data\Project1\Campbell RMBL Data\Ipomopsis 2020\VF_2_210720_7282021_18.qgd","7/29/2021 3:10:47 AM","7/29/2021 3:42:45 AM","7446528","2DYHPD2\User"
"C:\GCMSsolution\Data\Project1\Campbell RMBL Data\Ipomopsis 2020\VF_21_129_200717_7152021_18.qgd","7/16/2021 2:35:55 AM","7/16/2021 3:07:42 AM","7184384","2DYHPD2\User"
"C:\GCMSsolution\Data\Project1\Campbell RMBL Data\Ipomopsis 2020\VF_21_210720_7272021_02.qgd","7/27/2021 6:50:04 PM","7/27/2021 7:24:14 PM","7196672","2DYHPD2\User"
"C:\GCMSsolution\Data\Project1\Campbell RMBL Data\Ipomopsis 2020\VF_22_200717_7162021_32.qgd","7/17/2021 8:57:39 AM","7/17/2021 9:29:20 AM","7147520","2DYHPD2\User"
"C:\GCMSsolution\Data\Project1\Campbell RMBL Data\Ipomopsis 2020\VF_22D_170710_8252021_10.qgd","8/26/2021 3:32:22 AM","8/26/2021 4:03:56 AM","8048640","2DYHPD2\User"
"C:\GCMSsolution\Data\Project1\Campbell RMBL Data\Ipomopsis 2020\VF_23D_170710_8252021_11.qgd","8/26/2021 4:02:48 AM","8/26/2021 4:35:13 AM","7790592","2DYHPD2\User"
"C:\GCMSsolution\Data\Project1\Campbell RMBL Data\Ipomopsis 2020\VF_3_32_200717_7152021_17.qgd","7/16/2021 2:05:09 AM","7/16/2021 2:36:59 AM","7139328","2DYHPD2\User"
"C:\GCMSsolution\Data\Project1\Campbell RMBL Data\Ipomopsis 2020\VF_30N_170731_8252021_03.qgd","8/25/2021 11:58:45 PM","8/26/2021 12:30:34 AM","8093696","2DYHPD2\User"
"C:\GCMSsolution\Data\Project1\Campbell RMBL Data\Ipomopsis 2020\VF_31N_170731_8252021_02.qgd","8/25/2021 11:28:05 PM","8/26/2021 12:00:01 AM","7798784","2DYHPD2\User"
"C:\GCMSsolution\Data\Project1\Campbell RMBL Data\Ipomopsis 2020\VF_35D_170710_8252021_12.qgd","8/26/2021 4:33:59 AM","8/26/2021 5:05:41 AM","7626752","2DYHPD2\User"
"C:\GCMSsolution\Data\Project1\Campbell RMBL Data\Ipomopsis 2020\VF_36D_170710_8252021_13.qgd","8/26/2021 5:04:34 AM","8/26/2021 5:36:06 AM","8036352","2DYHPD2\User"
"C:\GCMSsolution\Data\Project1\Campbell RMBL Data\Ipomopsis 2020\VF_37D_170710_8252021_14.qgd","8/26/2021 5:34:53 AM","8/26/2021 6:06:37 AM","7888896","2DYHPD2\User"
"C:\GCMSsolution\Data\Project1\Campbell RMBL Data\Ipomopsis 2020\VF_4_129_200717_7152021_16.qgd","7/16/2021 1:34:22 AM","7/16/2021 2:06:10 AM","7127040","2DYHPD2\User"
"C:\GCMSsolution\Data\Project1\Campbell RMBL Data\Ipomopsis 2020\VF_48D_170710_8252021_15.qgd","8/26/2021 6:05:32 AM","8/26/2021 6:36:49 AM","7872512","2DYHPD2\User"
"C:\GCMSsolution\Data\Project1\Campbell RMBL Data\Ipomopsis 2020\VF_49D_170710_8252021_16.qgd","8/26/2021 6:35:52 AM","8/26/2021 7:07:34 AM","7925760","2DYHPD2\User"
"C:\GCMSsolution\Data\Project1\Campbell RMBL Data\Ipomopsis 2020\VF_50_210804_8232021_17.qgd","8/23/2021 6:17:04 PM","8/23/2021 6:50:53 PM","7606272","2DYHPD2\User"
"C:\GCMSsolution\Data\Project1\Campbell RMBL Data\Ipomopsis 2020\VF_51_210804_8232021_18.qgd","8/23/2021 6:49:48 PM","8/23/2021 7:23:18 PM","7462912","2DYHPD2\User"
"C:\GCMSsolution\Data\Project1\Campbell RMBL Data\Ipomopsis 2020\VF_53_210804_8232021_10.qgd","8/23/2021 2:30:11 PM","8/23/2021 3:03:17 PM","7507968","2DYHPD2\User"
"C:\GCMSsolution\Data\Project1\Campbell RMBL Data\Ipomopsis 2020\VF_54_210804_8232021_15.qgd","8/23/2021 5:11:43 PM","8/23/2021 5:45:06 PM","7442432","2DYHPD2\User"
"C:\GCMSsolution\Data\Project1\Campbell RMBL Data\Ipomopsis 2020\VF_55_2021_8222021_20.qgd","8/23/2021 8:24:45 AM","8/23/2021 8:56:42 AM","7405568","2DYHPD2\User"
"C:\GCMSsolution\Data\Project1\Campbell RMBL Data\Ipomopsis 2020\VF_56_210804_8232021_05.qgd","8/23/2021 11:48:53 AM","8/23/2021 12:21:58 PM","7790592","2DYHPD2\User"
"C:\GCMSsolution\Data\Project1\Campbell RMBL Data\Ipomopsis 2020\VF_57_210804_8232021_03.qgd","8/23/2021 10:45:53 AM","8/23/2021 11:18:19 AM","7475200","2DYHPD2\User"
"C:\GCMSsolution\Data\Project1\Campbell RMBL Data\Ipomopsis 2020\VF_58_210804_8232021_14.qgd","8/23/2021 4:39:29 PM","8/23/2021 5:12:49 PM","7577600","2DYHPD2\User"
"C:\GCMSsolution\Data\Project1\Campbell RMBL Data\Ipomopsis 2020\VF_59_210804_8232021_06.qgd","8/23/2021 12:20:52 PM","8/23/2021 12:53:56 PM","7737344","2DYHPD2\User"
"C:\GCMSsolution\Data\Project1\Campbell RMBL Data\Ipomopsis 2020\VF_6_210720_7272021_03.qgd","7/27/2021 7:22:52 PM","7/27/2021 7:56:35 PM","7401472","2DYHPD2\User"
"C:\GCMSsolution\Data\Project1\Campbell RMBL Data\Ipomopsis 2020\VF_60_210804_8232021_09.qgd","8/23/2021 1:58:03 PM","8/23/2021 2:31:22 PM","7667712","2DYHPD2\User"
"C:\GCMSsolution\Data\Project1\Campbell RMBL Data\Ipomopsis 2020\VF_61_210804_8232021_07.qgd","8/23/2021 12:52:52 PM","8/23/2021 1:26:22 PM","7565312","2DYHPD2\User"
"C:\GCMSsolution\Data\Project1\Campbell RMBL Data\Ipomopsis 2020\VF_63_210804_8232021_12.qgd","8/23/2021 3:35:10 PM","8/23/2021 4:08:16 PM","7401472","2DYHPD2\User"
"C:\GCMSsolution\Data\Project1\Campbell RMBL Data\Ipomopsis 2020\VF_64_210804_8232021_16.qgd","8/23/2021 5:43:59 PM","8/23/2021 6:18:12 PM","7454720","2DYHPD2\User"
"C:\GCMSsolution\Data\Project1\Campbell RMBL Data\Ipomopsis 2020\VF_65_210804_8232021_11.qgd","8/23/2021 3:02:15 PM","8/23/2021 3:36:11 PM","7438336","2DYHPD2\User"
"C:\GCMSsolution\Data\Project1\Campbell RMBL Data\Ipomopsis 2020\VF_66_210804_8232021_13.qgd","8/23/2021 4:07:15 PM","8/23/2021 4:40:34 PM","7450624","2DYHPD2\User"
"C:\GCMSsolution\Data\Project1\Campbell RMBL Data\Ipomopsis 2020\VF_67_210804_8232021_20.qgd","8/23/2021 7:54:29 PM","8/23/2021 8:27:20 PM","7454720","2DYHPD2\User"
"C:\GCMSsolution\Data\Project1\Campbell RMBL Data\Ipomopsis 2020\VF_68_210804_8232021_04.qgd","8/23/2021 11:17:11 AM","8/23/2021 11:49:53 AM","7643136","2DYHPD2\User"
"C:\GCMSsolution\Data\Project1\Campbell RMBL Data\Ipomopsis 2020\VF_69_2021_8222021_19.qgd","8/23/2021 7:53:51 AM","8/23/2021 8:25:57 AM","7376896","2DYHPD2\User"
"C:\GCMSsolution\Data\Project1\Campbell RMBL Data\Ipomopsis 2020\VF_7_200717_7162021_28.qgd","7/17/2021 6:55:34 AM","7/17/2021 7:27:13 AM","7151616","2DYHPD2\User"
"C:\GCMSsolution\Data\Project1\Campbell RMBL Data\Ipomopsis 2020\VF_7_210720_7272021_05.qgd","7/27/2021 8:27:30 PM","7/27/2021 9:01:24 PM","7434240","2DYHPD2\User"
"C:\GCMSsolution\Data\Project1\Campbell RMBL Data\Ipomopsis 2020\VF_70_210804_8232021_08.qgd","8/23/2021 1:25:21 PM","8/23/2021 1:59:10 PM","7507968","2DYHPD2\User"
"C:\GCMSsolution\Data\Project1\Campbell RMBL Data\Ipomopsis 2020\VF_72_2021_8222021_12.qgd","8/23/2021 4:19:00 AM","8/23/2021 4:50:30 AM","7536640","2DYHPD2\User"
"C:\GCMSsolution\Data\Project1\Campbell RMBL Data\Ipomopsis 2020\VF_73_2021_8222021_13.qgd","8/23/2021 4:49:27 AM","8/23/2021 5:21:08 AM","7565312","2DYHPD2\User"
"C:\GCMSsolution\Data\Project1\Campbell RMBL Data\Ipomopsis 2020\VF_74_2021_8222021_14.qgd","8/23/2021 5:20:06 AM","8/23/2021 5:51:50 AM","7577600","2DYHPD2\User"
"C:\GCMSsolution\Data\Project1\Campbell RMBL Data\Ipomopsis 2020\VF_8_210720_7272021_04.qgd","7/27/2021 7:55:26 PM","7/27/2021 8:28:52 PM","7417856","2DYHPD2\User"
"C:\GCMSsolution\Data\Project1\Campbell RMBL Data\Ipomopsis 2020\VF_9_117_200717_7152021_19.qgd","7/16/2021 3:06:38 AM","7/16/2021 3:38:18 AM","7127040","2DYHPD2\User"
"C:\GCMSsolution\Data\Project1\Campbell RMBL Data\Ipomopsis 2020\VF_air_JP_200717_7162021_16.qgd","7/17/2021 12:47:11 AM","7/17/2021 1:19:11 AM","7180288","2DYHPD2\User"
"C:\GCMSsolution\Data\Project1\Campbell RMBL Data\Ipomopsis 2020\VF_airN_170731_8242021_18.qgd","8/24/2021 5:21:12 PM","8/24/2021 5:55:22 PM","7933952","2DYHPD2\User"
"C:\GCMSsolution\Data\Project1\Campbell RMBL Data\Ipomopsis 2020\VF_leaf1N_170731_8242021_20.qgd","8/24/2021 6:26:49 PM","8/24/2021 7:00:50 PM","8024064","2DYHPD2\User"
"C:\GCMSsolution\Data\Project1\Campbell RMBL Data\Ipomopsis 2020\VF_leafD_170710_8252021_06.qgd","8/26/2021 1:30:23 AM","8/26/2021 2:01:58 AM","8044544","2DYHPD2\User"
"C:\GCMSsolution\Data\Project1\Campbell RMBL Data\Ipomopsis 2020\VF_used_2021_8222021_15.qgd","8/23/2021 5:50:43 AM","8/23/2021 6:22:30 AM","7655424","2DYHPD2\User"
"C:\GCMSsolution\Data\Project1\Campbell RMBL Data\Ipomopsis 2020\Yeast_10_210721_7282021_27.qgd","7/29/2021 7:48:51 AM","7/29/2021 8:20:42 AM","7847936","2DYHPD2\User"
"C:\GCMSsolution\Data\Project1\Campbell RMBL Data\Ipomopsis 2020\Yeast_11_210721_7282021_28.qgd","7/29/2021 8:19:39 AM","7/29/2021 8:51:29 AM","7774208","2DYHPD2\User"
"C:\GCMSsolution\Data\Project1\Campbell RMBL Data\Ipomopsis 2020\Yeast_5_210721_7282021_23.qgd","7/29/2021 5:45:50 AM","7/29/2021 6:17:37 AM","7778304","2DYHPD2\User"
"C:\GCMSsolution\Data\Project1\Campbell RMBL Data\Ipomopsis 2020\Yeast_6_210721_7282021_24.qgd","7/29/2021 6:16:39 AM","7/29/2021 6:48:23 AM","7778304","2DYHPD2\User"
"C:\GCMSsolution\Data\Project1\Campbell RMBL Data\Ipomopsis 2020\Yeast_7_210721_7282021_25.qgd","7/29/2021 6:47:23 AM","7/29/2021 7:19:17 AM","7794688","2DYHPD2\User"
"C:\GCMSsolution\Data\Project1\Campbell RMBL Data\Ipomopsis 2020\Yeast_8_210721_7282021_26.qgd","7/29/2021 7:18:08 AM","7/29/2021 7:50:02 AM","7774208","2DYHPD2\User"
"C:\GCMSsolution\Data\Project1\Campbell RMBL Data\Ipomopsis\12WP11Aug2015_08232017.qgd","8/23/2017 11:27:31 AM","8/23/2017 11:59:54 AM","7176192","2DYHPD2\User"
"C:\GCMSsolution\Data\Project1\Campbell RMBL Data\Ipomopsis\12WP14Aug2015_08232017.qgd","8/23/2017 12:00:08 PM","8/23/2017 12:32:41 PM","7307264","2DYHPD2\User"
"C:\GCMSsolution\Data\Project1\Campbell RMBL Data\Ipomopsis\12WP3Aug2015_08232017.qgd","8/23/2017 10:22:50 AM","8/23/2017 10:54:51 AM","7094272","2DYHPD2\User"
"C:\GCMSsolution\Data\Project1\Campbell RMBL Data\Ipomopsis\12WP7Aug2015_08232017.qgd","8/23/2017 10:55:06 AM","8/23/2017 11:27:14 AM","7294976","2DYHPD2\User"
"C:\GCMSsolution\Data\Project1\Campbell RMBL Data\Ipomopsis\13WP11Aug2015_08232017.qgd","8/23/2017 1:05:52 PM","8/23/2017 1:37:37 PM","7335936","2DYHPD2\User"
"C:\GCMSsolution\Data\Project1\Campbell RMBL Data\Ipomopsis\13WP7Aug2015_08232017.qgd","8/23/2017 12:32:58 PM","8/23/2017 1:05:38 PM","7315456","2DYHPD2\User"
"C:\GCMSsolution\Data\Project1\Campbell RMBL Data\Ipomopsis\14WP14Aug2015_08232017.qgd","8/23/2017 1:37:52 PM","8/23/2017 2:10:00 PM","7168000","2DYHPD2\User"
"C:\GCMSsolution\Data\Project1\Campbell RMBL Data\Ipomopsis\15WP11Aug2015_08172017.qgd","8/17/2017 2:39:37 PM","8/17/2017 3:11:13 PM","6979584","2DYHPD2\User"
"C:\GCMSsolution\Data\Project1\Campbell RMBL Data\Ipomopsis\15WP14Aug2015_08172017.qgd","8/17/2017 3:11:27 PM","8/17/2017 3:52:27 PM","3092480","2DYHPD2\User"
"C:\GCMSsolution\Data\Project1\Campbell RMBL Data\Ipomopsis\15WP14Aug2015redo_08172017.qgd","8/17/2017 5:07:31 PM","8/17/2017 5:39:53 PM","7172096","2DYHPD2\User"
"C:\GCMSsolution\Data\Project1\Campbell RMBL Data\Ipomopsis\15WP3Aug2015_08172017.qgd","8/17/2017 1:34:31 PM","8/17/2017 2:06:44 PM","6926336","2DYHPD2\User"
"C:\GCMSsolution\Data\Project1\Campbell RMBL Data\Ipomopsis\15WP7Aug2015_08172017.qgd","8/17/2017 2:07:00 PM","8/17/2017 2:39:20 PM","6860800","2DYHPD2\User"
"C:\GCMSsolution\Data\Project1\Campbell RMBL Data\Ipomopsis\15WP7Aug2015redo_08172017.qgd","8/17/2017 4:35:02 PM","8/17/2017 5:07:18 PM","7069696","2DYHPD2\User"
"C:\GCMSsolution\Data\Project1\Campbell RMBL Data\Ipomopsis\16WP11Aug2015_08202017.qgd","8/20/2017 4:27:20 PM","8/20/2017 5:00:44 PM","6930432","2DYHPD2\User"
"C:\GCMSsolution\Data\Project1\Campbell RMBL Data\Ipomopsis\16WP14Aug2015_08202017.qgd","8/20/2017 5:00:58 PM","8/20/2017 5:34:28 PM","7192576","2DYHPD2\User"
"C:\GCMSsolution\Data\Project1\Campbell RMBL Data\Ipomopsis\16WP19Aug2015_08202017.qgd","8/20/2017 5:34:43 PM","8/20/2017 6:08:04 PM","7282688","2DYHPD2\User"
"C:\GCMSsolution\Data\Project1\Campbell RMBL Data\Ipomopsis\16WP3Aug2015_08202017.qgd","8/20/2017 3:20:02 PM","8/20/2017 3:53:21 PM","6885376","2DYHPD2\User"
"C:\GCMSsolution\Data\Project1\Campbell RMBL Data\Ipomopsis\16WP7Aug2015_08202017.qgd","8/20/2017 3:53:34 PM","8/20/2017 4:27:06 PM","7041024","2DYHPD2\User"
"C:\GCMSsolution\Data\Project1\Campbell RMBL Data\Ipomopsis\17WP11Aug2015_08222017.qgd","8/22/2017 6:34:29 PM","8/22/2017 7:06:31 PM","7200768","2DYHPD2\User"
"C:\GCMSsolution\Data\Project1\Campbell RMBL Data\Ipomopsis\17WP14Aug2015_08222017.qgd","8/22/2017 7:06:45 PM","8/22/2017 7:38:57 PM","7127040","2DYHPD2\User"
"C:\GCMSsolution\Data\Project1\Campbell RMBL Data\Ipomopsis\17WP19Aug2015_08222017.qgd","8/22/2017 7:39:14 PM","8/22/2017 8:11:15 PM","7335936","2DYHPD2\User"
"C:\GCMSsolution\Data\Project1\Campbell RMBL Data\Ipomopsis\17WP3Aug2015_08222017.qgd","8/22/2017 5:30:16 PM","8/22/2017 6:02:15 PM","7020544","2DYHPD2\User"
"C:\GCMSsolution\Data\Project1\Campbell RMBL Data\Ipomopsis\17WP7Aug2015_08222017.qgd","8/22/2017 6:02:28 PM","8/22/2017 6:34:13 PM","7065600","2DYHPD2\User"
"C:\GCMSsolution\Data\Project1\Campbell RMBL Data\Ipomopsis\2017pot10D_06302017.qgd","8/15/2017 2:30:59 PM","6/30/2017 2:01:20 PM","6799360","2DYHPD2\User"
"C:\GCMSsolution\Data\Project1\Campbell RMBL Data\Ipomopsis\2017pot529N_06302017.qgd","8/15/2017 2:30:59 PM","6/30/2017 9:32:47 PM","6803456","2DYHPD2\User"
"C:\GCMSsolution\Data\Project1\Campbell RMBL Data\Ipomopsis\2017pot529N_07062017.qgd","8/15/2017 2:30:58 PM","7/6/2017 8:11:29 AM","6840320","2DYHPD2\User"
"C:\GCMSsolution\Data\Project1\Campbell RMBL Data\Ipomopsis\2017pot770N_07062017.qgd","8/15/2017 2:30:58 PM","7/6/2017 7:30:42 AM","6885376","2DYHPD2\User"
"C:\GCMSsolution\Data\Project1\Campbell RMBL Data\Ipomopsis\2017pot770N_07062017analyze.qgd","8/15/2017 2:30:58 PM","7/7/2017 3:40:36 PM","7385088","2DYHPD2\User"
"C:\GCMSsolution\Data\Project1\Campbell RMBL Data\Ipomopsis\4WP14Aug2015_08212017.qgd","8/21/2017 9:51:26 AM","8/21/2017 10:23:27 AM","7204864","2DYHPD2\User"
"C:\GCMSsolution\Data\Project1\Campbell RMBL Data\Ipomopsis\4WP19Aug2015_08212017.qgd","8/21/2017 10:23:43 AM","8/21/2017 10:56:06 AM","7184384","2DYHPD2\User"
"C:\GCMSsolution\Data\Project1\Campbell RMBL Data\Ipomopsis\4WP3Aug2015_08212017.qgd","8/21/2017 9:19:18 AM","8/21/2017 9:51:13 AM","7008256","2DYHPD2\User"
"C:\GCMSsolution\Data\Project1\Campbell RMBL Data\Ipomopsis\5STD3uL0.1_07152018.qgd","7/15/2018 1:41:04 PM","7/9/2019 4:43:44 PM","7958528","2DYHPD2\User"
"C:\GCMSsolution\Data\Project1\Campbell RMBL Data\Ipomopsis\5STD3uL0.1rep_07122018.qgd","7/12/2018 9:43:35 PM","7/9/2019 4:40:55 PM","7688192","2DYHPD2\User"
"C:\GCMSsolution\Data\Project1\Campbell RMBL Data\Ipomopsis\7WP11Aug2015_08212017.qgd","8/21/2017 12:01:16 PM","8/21/2017 12:33:43 PM","7188480","2DYHPD2\User"
"C:\GCMSsolution\Data\Project1\Campbell RMBL Data\Ipomopsis\7WP14Aug2015_08212017.qgd","8/21/2017 12:33:58 PM","8/21/2017 1:06:36 PM","7323648","2DYHPD2\User"
"C:\GCMSsolution\Data\Project1\Campbell RMBL Data\Ipomopsis\7WP3Aug2015_08212017.qgd","8/21/2017 10:56:21 AM","8/21/2017 11:28:57 AM","7155712","2DYHPD2\User"
"C:\GCMSsolution\Data\Project1\Campbell RMBL Data\Ipomopsis\7WP7Aug2015_08212017.qgd","8/21/2017 11:29:11 AM","8/21/2017 12:00:59 PM","6979584","2DYHPD2\User"
"C:\GCMSsolution\Data\Project1\Campbell RMBL Data\Ipomopsis\8WP11Aug2015_08212017.qgd","8/21/2017 2:11:09 PM","8/21/2017 2:43:22 PM","7200768","2DYHPD2\User"
"C:\GCMSsolution\Data\Project1\Campbell RMBL Data\Ipomopsis\8WP3Aug2015_08212017.qgd","8/21/2017 1:06:49 PM","8/21/2017 1:38:35 PM","7069696","2DYHPD2\User"
"C:\GCMSsolution\Data\Project1\Campbell RMBL Data\Ipomopsis\8WP7Aug2015_08212017.qgd","8/21/2017 1:38:52 PM","8/21/2017 2:10:52 PM","7282688","2DYHPD2\User"
"C:\GCMSsolution\Data\Project1\Campbell RMBL Data\Ipomopsis\Air_190729_Maxfield_852019_07.qgd","8/5/2019 11:27:08 AM","8/5/2019 11:58:58 AM","7413760","2DYHPD2\User"
"C:\GCMSsolution\Data\Project1\Campbell RMBL Data\Ipomopsis\Air18Aug2017_08202017.qgd","8/20/2017 12:36:36 PM","8/20/2017 1:09:10 PM","6889472","2DYHPD2\User"
"C:\GCMSsolution\Data\Project1\Campbell RMBL Data\Ipomopsis\Air1DJuly18_07232018.qgd","7/23/2018 2:39:13 PM","7/23/2018 3:13:12 PM","7008256","2DYHPD2\User"
"C:\GCMSsolution\Data\Project1\Campbell RMBL Data\Ipomopsis\Air1DJuly19_07282018.qgd","7/28/2018 7:00:28 AM","7/28/2018 7:31:25 AM","6819840","2DYHPD2\User"
"C:\GCMSsolution\Data\Project1\Campbell RMBL Data\Ipomopsis\Air2DJuly18_08052018.qgd","8/5/2018 3:52:55 PM","8/5/2018 4:24:58 PM","6811648","2DYHPD2\User"
"C:\GCMSsolution\Data\Project1\Campbell RMBL Data\Ipomopsis\Air2DJuly19_08062018.qgd","8/6/2018 7:49:45 AM","8/6/2018 8:20:42 AM","6799360","2DYHPD2\User"
"C:\GCMSsolution\Data\Project1\Campbell RMBL Data\Ipomopsis\Air3Aug2015_08202017.qgd","8/20/2017 2:47:08 PM","8/20/2017 3:19:50 PM","6979584","2DYHPD2\User"
"C:\GCMSsolution\Data\Project1\Campbell RMBL Data\Ipomopsis\AirAug15_08162017.qgd","8/16/2017 2:53:41 PM","8/16/2017 3:26:00 PM","6844416","2DYHPD2\User"
"C:\GCMSsolution\Data\Project1\Campbell RMBL Data\Ipomopsis\AirDJul24_08282017.qgd","8/28/2017 1:30:40 PM","8/28/2017 2:03:25 PM","7110656","2DYHPD2\User"
"C:\GCMSsolution\Data\Project1\Campbell RMBL Data\Ipomopsis\AirDJul27_08312017.qgd","8/31/2017 8:56:04 AM","8/31/2017 9:27:01 AM","6860800","2DYHPD2\User"
"C:\GCMSsolution\Data\Project1\Campbell RMBL Data\Ipomopsis\AirDLJul18_09032017.qgd","9/3/2017 5:14:18 PM","9/3/2017 5:51:04 PM","7077888","2DYHPD2\User"
"C:\GCMSsolution\Data\Project1\Campbell RMBL Data\Ipomopsis\AirDLJul20_09032017.qgd","9/3/2017 8:17:18 AM","9/3/2017 8:49:05 AM","7049216","2DYHPD2\User"
"C:\GCMSsolution\Data\Project1\Campbell RMBL Data\Ipomopsis\AirDLJul21_09032017.qgd","9/3/2017 6:24:46 PM","9/3/2017 6:57:51 PM","7081984","2DYHPD2\User"
"C:\GCMSsolution\Data\Project1\Campbell RMBL Data\Ipomopsis\AirDryJuly23_07223017.qgd","8/15/2017 2:30:44 PM","7/23/2017 3:27:14 PM","6860800","2DYHPD2\User"
"C:\GCMSsolution\Data\Project1\Campbell RMBL Data\Ipomopsis\AirDryJuly26_07262017.qgd","8/15/2017 2:30:35 PM","7/26/2017 1:53:01 PM","6860800","2DYHPD2\User"
"C:\GCMSsolution\Data\Project1\Campbell RMBL Data\Ipomopsis\AirDryJuly28_07282017.qgd","8/15/2017 2:30:31 PM","7/28/2017 1:29:48 PM","6811648","2DYHPD2\User"
"C:\GCMSsolution\Data\Project1\Campbell RMBL Data\Ipomopsis\AirDryJuly28redo_07292017.qgd","8/15/2017 2:30:27 PM","7/29/2017 7:46:09 AM","6856704","2DYHPD2\User"
"C:\GCMSsolution\Data\Project1\Campbell RMBL Data\Ipomopsis\AirDryJuly28redo2_07292017.qgd","8/15/2017 2:30:27 PM","7/29/2017 10:12:57 AM","6868992","2DYHPD2\User"
"C:\GCMSsolution\Data\Project1\Campbell RMBL Data\Ipomopsis\AirDryJuly31_08012017.qgd","8/15/2017 2:30:24 PM","8/1/2017 2:07:49 PM","6946816","2DYHPD2\User"
"C:\GCMSsolution\Data\Project1\Campbell RMBL Data\Ipomopsis\AirDVFJul13_09052017.qgd","9/5/2017 3:27:09 PM","9/5/2017 4:00:21 PM","7176192","2DYHPD2\User"
"C:\GCMSsolution\Data\Project1\Campbell RMBL Data\Ipomopsis\AirDVFJul14_09052017.qgd","9/5/2017 4:00:37 PM","9/5/2017 4:34:06 PM","7139328","2DYHPD2\User"
"C:\GCMSsolution\Data\Project1\Campbell RMBL Data\Ipomopsis\AirJul24_08272017.qgd","8/27/2017 12:09:23 PM","8/27/2017 12:41:23 PM","6942720","2DYHPD2\User"
"C:\GCMSsolution\Data\Project1\Campbell RMBL Data\Ipomopsis\AirJuly19_07212017.qgd","8/15/2017 2:30:50 PM","7/21/2017 10:48:22 AM","6950912","2DYHPD2\User"
"C:\GCMSsolution\Data\Project1\Campbell RMBL Data\Ipomopsis\AirNAug1_08312017.qgd","8/31/2017 11:02:08 AM","8/31/2017 11:34:02 AM","6950912","2DYHPD2\User"
"C:\GCMSsolution\Data\Project1\Campbell RMBL Data\Ipomopsis\AirNLAug10_09022017.qgd","9/2/2017 10:14:34 PM","9/2/2017 10:46:18 PM","7024640","2DYHPD2\User"
"C:\GCMSsolution\Data\Project1\Campbell RMBL Data\Ipomopsis\AirP11Aug2015_08232017.qgd","8/23/2017 2:42:37 PM","8/23/2017 3:14:51 PM","7217152","2DYHPD2\User"
"C:\GCMSsolution\Data\Project1\Campbell RMBL Data\Ipomopsis\AirP14Aug2015_08232017.qgd","8/23/2017 3:15:07 PM","8/23/2017 3:47:23 PM","7315456","2DYHPD2\User"
"C:\GCMSsolution\Data\Project1\Campbell RMBL Data\Ipomopsis\AirP19Aug2015_08232017.qgd","8/23/2017 3:47:36 PM","8/23/2017 4:20:03 PM","7507968","2DYHPD2\User"
"C:\GCMSsolution\Data\Project1\Campbell RMBL Data\Ipomopsis\AirP30min14Aug2015_08232017.qgd","8/23/2017 4:20:16 PM","8/23/2017 4:52:48 PM","7344128","2DYHPD2\User"
"C:\GCMSsolution\Data\Project1\Campbell RMBL Data\Ipomopsis\AirP30min25Aug2015_08232017.qgd","8/23/2017 4:53:03 PM","8/23/2017 5:25:39 PM","7380992","2DYHPD2\User"
"C:\GCMSsolution\Data\Project1\Campbell RMBL Data\Ipomopsis\AirP3Aug2015_08232017.qgd","8/23/2017 2:10:16 PM","8/23/2017 2:42:22 PM","7217152","2DYHPD2\User"
"C:\GCMSsolution\Data\Project1\Campbell RMBL Data\Ipomopsis\AirP7Aug2015_08212017.qgd","8/21/2017 8:15:33 AM","8/21/2017 8:47:01 AM","6950912","2DYHPD2\User"
"C:\GCMSsolution\Data\Project1\Campbell RMBL Data\Ipomopsis\AirS11Aug2015_08222017.qgd","8/22/2017 8:11:30 PM","8/22/2017 8:43:38 PM","7569408","2DYHPD2\User"
"C:\GCMSsolution\Data\Project1\Campbell RMBL Data\Ipomopsis\AirS14Aug2015_08222017.qgd","8/22/2017 3:52:22 PM","8/22/2017 4:24:40 PM","7258112","2DYHPD2\User"
"C:\GCMSsolution\Data\Project1\Campbell RMBL Data\Ipomopsis\AirS19Aug2015_08222017.qgd","8/22/2017 4:24:55 PM","8/22/2017 4:57:27 PM","7049216","2DYHPD2\User"
"C:\GCMSsolution\Data\Project1\Campbell RMBL Data\Ipomopsis\AirS7Aug2015_08212017.qgd","8/21/2017 8:47:15 AM","8/21/2017 9:19:04 AM","7118848","2DYHPD2\User"
"C:\GCMSsolution\Data\Project1\Campbell RMBL Data\Ipomopsis\Alkanes3uL0.01_08172017.qgd","8/17/2017 9:56:58 AM","7/9/2019 9:29:38 AM","8036352","2DYHPD2\User"
"C:\GCMSsolution\Data\Project1\Campbell RMBL Data\Ipomopsis\Alkanes3uL0.01Ipo_09032018.qgd","9/3/2018 2:39:31 PM","7/9/2019 9:26:53 AM","7815168","2DYHPD2\User"
"C:\GCMSsolution\Data\Project1\Campbell RMBL Data\Ipomopsis\ASCIIData.txt","6/25/2019 1:59:42 PM","6/25/2019 2:49:59 PM","1236668","2DYHPD2\User"
"C:\GCMSsolution\Data\Project1\Campbell RMBL Data\Ipomopsis\blank 1.qgd","8/15/2017 2:30:56 PM","7/11/2017 12:28:16 PM","6926336","2DYHPD2\User"
"C:\GCMSsolution\Data\Project1\Campbell RMBL Data\Ipomopsis\blank 2.qgd","8/15/2017 2:30:56 PM","7/11/2017 12:59:39 PM","6836224","2DYHPD2\User"
"C:\GCMSsolution\Data\Project1\Campbell RMBL Data\Ipomopsis\blank 3.qgd","8/15/2017 2:30:56 PM","7/11/2017 1:56:02 PM","7372800","2DYHPD2\User"
"C:\GCMSsolution\Data\Project1\Campbell RMBL Data\Ipomopsis\Blank_07052017.qgd","8/15/2017 2:30:58 PM","7/5/2017 2:27:52 PM","6959104","2DYHPD2\User"
"C:\GCMSsolution\Data\Project1\Campbell RMBL Data\Ipomopsis\Blank_0712019.qgd","7/12/2019 7:26:43 PM","7/12/2019 8:25:33 PM","7090176","2DYHPD2\User"
"C:\GCMSsolution\Data\Project1\Campbell RMBL Data\Ipomopsis\BLANK_07132017.qgd","8/15/2017 2:30:54 PM","7/13/2017 9:36:36 AM","6799360","2DYHPD2\User"
"C:\GCMSsolution\Data\Project1\Campbell RMBL Data\Ipomopsis\Blank_07142017.qgd","8/15/2017 2:30:53 PM","7/14/2017 2:34:55 PM","6819840","2DYHPD2\User"
"C:\GCMSsolution\Data\Project1\Campbell RMBL Data\Ipomopsis\Blank_07152017.qgd","8/15/2017 2:30:51 PM","7/15/2017 8:35:22 AM","6877184","2DYHPD2\User"
"C:\GCMSsolution\Data\Project1\Campbell RMBL Data\Ipomopsis\Blank_07152019.qgd","7/15/2019 5:41:13 PM","7/15/2019 6:17:29 PM","7053312","2DYHPD2\User"
"C:\GCMSsolution\Data\Project1\Campbell RMBL Data\Ipomopsis\Blank_07212017.qgd","8/15/2017 2:30:50 PM","7/21/2017 10:16:36 AM","6836224","2DYHPD2\User"
"C:\GCMSsolution\Data\Project1\Campbell RMBL Data\Ipomopsis\Blank_07222017.qgd","8/15/2017 2:30:45 PM","7/22/2017 6:57:26 AM","6975488","2DYHPD2\User"
"C:\GCMSsolution\Data\Project1\Campbell RMBL Data\Ipomopsis\Blank_07223017.qgd","8/15/2017 2:30:45 PM","7/23/2017 12:42:34 PM","7028736","2DYHPD2\User"
"C:\GCMSsolution\Data\Project1\Campbell RMBL Data\Ipomopsis\Blank_07224017.qgd","8/15/2017 2:30:39 PM","7/24/2017 7:33:27 AM","6991872","2DYHPD2\User"
"C:\GCMSsolution\Data\Project1\Campbell RMBL Data\Ipomopsis\Blank_07232018.qgd","7/23/2018 2:00:57 PM","7/23/2018 2:38:56 PM","7000064","2DYHPD2\User"
"C:\GCMSsolution\Data\Project1\Campbell RMBL Data\Ipomopsis\Blank_07252017.qgd","8/15/2017 2:30:36 PM","7/25/2017 8:46:56 AM","6950912","2DYHPD2\User"
"C:\GCMSsolution\Data\Project1\Campbell RMBL Data\Ipomopsis\Blank_07262017.qgd","8/15/2017 2:30:36 PM","7/26/2017 1:20:44 PM","7086080","2DYHPD2\User"
"C:\GCMSsolution\Data\Project1\Campbell RMBL Data\Ipomopsis\Blank_07282017.qgd","8/15/2017 2:30:31 PM","7/28/2017 12:57:14 PM","7086080","2DYHPD2\User"
"C:\GCMSsolution\Data\Project1\Campbell RMBL Data\Ipomopsis\Blank_07282018.qgd","7/28/2018 6:23:16 AM","7/28/2018 7:00:13 AM","7065600","2DYHPD2\User"
"C:\GCMSsolution\Data\Project1\Campbell RMBL Data\Ipomopsis\Blank_07292019.qgd","7/29/2019 11:18:43 AM","7/29/2019 11:56:16 AM","6832128","2DYHPD2\User"
"C:\GCMSsolution\Data\Project1\Campbell RMBL Data\Ipomopsis\Blank_07312017.qgd","8/15/2017 2:30:27 PM","7/31/2017 12:43:27 PM","7151616","2DYHPD2\User"
"C:\GCMSsolution\Data\Project1\Campbell RMBL Data\Ipomopsis\Blank_07312019.qgd","7/31/2019 7:54:20 AM","7/31/2019 8:32:22 AM","6987776","2DYHPD2\User"
"C:\GCMSsolution\Data\Project1\Campbell RMBL Data\Ipomopsis\Blank_08012017.qgd","8/15/2017 2:30:25 PM","8/1/2017 12:06:49 PM","6946816","2DYHPD2\User"
"C:\GCMSsolution\Data\Project1\Campbell RMBL Data\Ipomopsis\Blank_08052018.qgd","8/5/2018 3:15:09 PM","8/5/2018 3:52:40 PM","6815744","2DYHPD2\User"
"C:\GCMSsolution\Data\Project1\Campbell RMBL Data\Ipomopsis\Blank_08062018.qgd","8/6/2018 7:12:41 AM","8/6/2018 7:49:31 AM","6823936","2DYHPD2\User"
"C:\GCMSsolution\Data\Project1\Campbell RMBL Data\Ipomopsis\Blank_08062019.qgd","8/6/2019 6:40:24 AM","8/6/2019 7:18:03 AM","6844416","2DYHPD2\User"
"C:\GCMSsolution\Data\Project1\Campbell RMBL Data\Ipomopsis\Blank_08072018.qgd","8/7/2018 7:41:47 AM","8/7/2018 8:18:18 AM","6955008","2DYHPD2\User"
"C:\GCMSsolution\Data\Project1\Campbell RMBL Data\Ipomopsis\Blank_08082018.qgd","8/8/2018 7:05:03 AM","8/8/2018 7:41:53 AM","6918144","2DYHPD2\User"
"C:\GCMSsolution\Data\Project1\Campbell RMBL Data\Ipomopsis\Blank_08122017.qgd","8/15/2017 2:30:24 PM","8/12/2017 5:00:15 PM","6909952","2DYHPD2\User"
"C:\GCMSsolution\Data\Project1\Campbell RMBL Data\Ipomopsis\Blank_08132017.qgd","8/15/2017 2:30:24 PM","8/13/2017 4:43:00 PM","8097792","2DYHPD2\User"
"C:\GCMSsolution\Data\Project1\Campbell RMBL Data\Ipomopsis\Blank_08152019.qgd","8/15/2019 8:49:54 AM","8/15/2019 9:27:23 AM","7184384","2DYHPD2\User"
"C:\GCMSsolution\Data\Project1\Campbell RMBL Data\Ipomopsis\Blank_08162019.qgd","8/16/2019 6:25:03 AM","8/16/2019 7:02:58 AM","7069696","2DYHPD2\User"
"C:\GCMSsolution\Data\Project1\Campbell RMBL Data\Ipomopsis\Blank_08172017.qgd","8/17/2017 9:20:26 AM","8/17/2017 9:56:45 AM","6873088","2DYHPD2\User"
"C:\GCMSsolution\Data\Project1\Campbell RMBL Data\Ipomopsis\Blank_08202017.qgd","8/20/2017 11:59:18 AM","8/20/2017 12:36:22 PM","7217152","2DYHPD2\User"
"C:\GCMSsolution\Data\Project1\Campbell RMBL Data\Ipomopsis\Blank_08212017.qgd","8/21/2017 7:38:47 AM","8/21/2017 8:15:20 AM","6995968","2DYHPD2\User"
"C:\GCMSsolution\Data\Project1\Campbell RMBL Data\Ipomopsis\Blank_08222017.qgd","8/22/2017 3:15:07 PM","8/22/2017 3:52:05 PM","7225344","2DYHPD2\User"
"C:\GCMSsolution\Data\Project1\Campbell RMBL Data\Ipomopsis\Blank_08232017.qgd","8/23/2017 9:46:11 AM","8/23/2017 10:22:37 AM","7221248","2DYHPD2\User"
"C:\GCMSsolution\Data\Project1\Campbell RMBL Data\Ipomopsis\Blank_08252018.qgd","8/25/2018 7:36:57 AM","8/25/2018 8:13:09 AM","6832128","2DYHPD2\User"
"C:\GCMSsolution\Data\Project1\Campbell RMBL Data\Ipomopsis\Blank_08272017.qgd","8/27/2017 8:49:50 AM","8/27/2017 9:26:50 AM","6995968","2DYHPD2\User"
"C:\GCMSsolution\Data\Project1\Campbell RMBL Data\Ipomopsis\Blank_08282017.qgd","8/28/2017 7:29:47 AM","8/28/2017 8:07:13 AM","7073792","2DYHPD2\User"
"C:\GCMSsolution\Data\Project1\Campbell RMBL Data\Ipomopsis\Blank_08302017.qgd","8/30/2017 3:58:15 PM","8/30/2017 4:33:15 PM","7258112","2DYHPD2\User"
"C:\GCMSsolution\Data\Project1\Campbell RMBL Data\Ipomopsis\Blank_08312017.qgd","8/31/2017 8:19:04 AM","8/31/2017 8:55:48 AM","6991872","2DYHPD2\User"
"C:\GCMSsolution\Data\Project1\Campbell RMBL Data\Ipomopsis\Blank_09012017.qgd","9/1/2017 8:35:34 AM","9/1/2017 9:12:16 AM","7077888","2DYHPD2\User"
"C:\GCMSsolution\Data\Project1\Campbell RMBL Data\Ipomopsis\Blank_09022017.qgd","9/2/2017 7:24:53 AM","9/2/2017 8:01:38 AM","6983680","2DYHPD2\User"
"C:\GCMSsolution\Data\Project1\Campbell RMBL Data\Ipomopsis\Blank_09042017.qgd","9/4/2017 7:39:32 AM","9/4/2017 8:16:23 AM","7057408","2DYHPD2\User"
"C:\GCMSsolution\Data\Project1\Campbell RMBL Data\Ipomopsis\Blank_09052017.qgd","9/5/2017 7:49:36 AM","9/5/2017 8:27:45 AM","7225344","2DYHPD2\User"
"C:\GCMSsolution\Data\Project1\Campbell RMBL Data\Ipomopsis\Blank06302017.qgd","8/15/2017 2:30:59 PM","6/30/2017 11:33:40 AM","7364608","2DYHPD2\User"
"C:\GCMSsolution\Data\Project1\Campbell RMBL Data\Ipomopsis\Blank1_852019_01.qgd","8/5/2019 8:15:37 AM","8/5/2019 8:50:11 AM","6787072","2DYHPD2\User"
"C:\GCMSsolution\Data\Project1\Campbell RMBL Data\Ipomopsis\Blank2_07142017.qgd","8/15/2017 2:30:52 PM","7/14/2017 7:13:40 PM","6791168","2DYHPD2\User"
"C:\GCMSsolution\Data\Project1\Campbell RMBL Data\Ipomopsis\Blank2_07152019.qgd","7/15/2019 6:17:44 PM","7/15/2019 6:50:08 PM","6918144","2DYHPD2\User"
"C:\GCMSsolution\Data\Project1\Campbell RMBL Data\Ipomopsis\Blank2_07222017.qgd","8/15/2017 2:30:45 PM","7/22/2017 8:31:07 AM","6856704","2DYHPD2\User"
"C:\GCMSsolution\Data\Project1\Campbell RMBL Data\Ipomopsis\Blank2_07223017.qgd","8/15/2017 2:30:44 PM","7/23/2017 2:19:32 PM","6836224","2DYHPD2\User"
"C:\GCMSsolution\Data\Project1\Campbell RMBL Data\Ipomopsis\Blank2_07252017.qgd","8/15/2017 2:30:36 PM","7/25/2017 10:51:07 AM","6811648","2DYHPD2\User"
"C:\GCMSsolution\Data\Project1\Campbell RMBL Data\Ipomopsis\Blank2_07312019.qgd","7/31/2019 7:36:55 PM","7/31/2019 8:14:39 PM","6885376","2DYHPD2\User"
"C:\GCMSsolution\Data\Project1\Campbell RMBL Data\Ipomopsis\Blank2_08052019.qgd","8/5/2019 6:03:17 PM","8/5/2019 6:42:07 PM","7094272","2DYHPD2\User"
"C:\GCMSsolution\Data\Project1\Campbell RMBL Data\Ipomopsis\Blank2_08062018.qgd","8/6/2018 4:56:26 PM","8/6/2018 5:30:38 PM","6828032","2DYHPD2\User"
"C:\GCMSsolution\Data\Project1\Campbell RMBL Data\Ipomopsis\Blank2_08072018.qgd","8/7/2018 10:40:39 AM","8/7/2018 11:18:41 AM","6811648","2DYHPD2\User"
"C:\GCMSsolution\Data\Project1\Campbell RMBL Data\Ipomopsis\Blank2_08162017.qgd","8/16/2017 2:20:59 PM","8/16/2017 2:53:26 PM","6795264","2DYHPD2\User"
"C:\GCMSsolution\Data\Project1\Campbell RMBL Data\Ipomopsis\Blank2_08162019.qgd","8/16/2019 1:24:54 PM","8/16/2019 1:57:07 PM","7045120","2DYHPD2\User"
"C:\GCMSsolution\Data\Project1\Campbell RMBL Data\Ipomopsis\Blank2_08172017.qgd","8/17/2017 11:04:50 AM","8/17/2017 11:37:05 AM","6889472","2DYHPD2\User"
"C:\GCMSsolution\Data\Project1\Campbell RMBL Data\Ipomopsis\Blank2_09032018.qgd","9/3/2018 3:10:56 PM","9/3/2018 3:42:15 PM","6955008","2DYHPD2\User"
"C:\GCMSsolution\Data\Project1\Campbell RMBL Data\Ipomopsis\Blank3_07142017.qgd","8/15/2017 2:30:51 PM","7/14/2017 10:21:56 PM","6844416","2DYHPD2\User"
"C:\GCMSsolution\Data\Project1\Campbell RMBL Data\Ipomopsis\Blank3_07242017.qgd","8/15/2017 2:30:38 PM","7/24/2017 4:30:28 PM","6930432","2DYHPD2\User"
"C:\GCMSsolution\Data\Project1\Campbell RMBL Data\Ipomopsis\Blank3_08172017.qgd","8/17/2017 3:58:18 PM","8/17/2017 4:34:48 PM","6860800","2DYHPD2\User"
"C:\GCMSsolution\Data\Project1\Campbell RMBL Data\Ipomopsis\Blank3_09032018.qgd","9/3/2018 3:42:29 PM","9/3/2018 4:13:49 PM","6897664","2DYHPD2\User"
"C:\GCMSsolution\Data\Project1\Campbell RMBL Data\Ipomopsis\Blank4_07242017.qgd","8/15/2017 2:30:37 PM","7/24/2017 7:44:29 PM","6881280","2DYHPD2\User"
"C:\GCMSsolution\Data\Project1\Campbell RMBL Data\Ipomopsis\Blank4_09032018.qgd","9/3/2018 6:13:12 PM","9/3/2018 6:50:03 PM","6877184","2DYHPD2\User"
"C:\GCMSsolution\Data\Project1\Campbell RMBL Data\Ipomopsis\Blank5_09032018.qgd","9/3/2018 11:02:22 PM","9/3/2018 11:33:42 PM","6811648","2DYHPD2\User"
"C:\GCMSsolution\Data\Project1\Campbell RMBL Data\Ipomopsis\Blank6_09032018.qgd","9/3/2018 11:33:56 PM","9/4/2018 12:05:22 AM","6803456","2DYHPD2\User"
"C:\GCMSsolution\Data\Project1\Campbell RMBL Data\Ipomopsis\DryvegJuly19_07212017.qgd","8/15/2017 2:30:45 PM","7/21/2017 8:03:26 PM","6918144","2DYHPD2\User"
"C:\GCMSsolution\Data\Project1\Campbell RMBL Data\Ipomopsis\DryvegJuly23_07232017.qgd","8/15/2017 2:30:39 PM","7/24/2017 12:27:58 AM","7020544","2DYHPD2\User"
"C:\GCMSsolution\Data\Project1\Campbell RMBL Data\Ipomopsis\DryvegJuly26_07262017.qgd","8/15/2017 2:30:31 PM","7/26/2017 11:15:27 PM","6823936","2DYHPD2\User"
"C:\GCMSsolution\Data\Project1\Campbell RMBL Data\Ipomopsis\DryvegJuly26redo_07292017.qgd","8/15/2017 2:30:27 PM","7/29/2017 8:48:28 AM","6926336","2DYHPD2\User"
"C:\GCMSsolution\Data\Project1\Campbell RMBL Data\Ipomopsis\DryvegJuly28_07282017.qgd","8/15/2017 2:30:28 PM","7/28/2017 9:35:03 PM","6889472","2DYHPD2\User"
"C:\GCMSsolution\Data\Project1\Campbell RMBL Data\Ipomopsis\DryvegJuly31_08012017.qgd","8/15/2017 2:30:24 PM","8/1/2017 1:11:20 PM","6832128","2DYHPD2\User"
"C:\GCMSsolution\Data\Project1\Campbell RMBL Data\Ipomopsis\I10DAug2_08052019.qgd","8/6/2019 12:01:30 AM","8/6/2019 12:32:35 AM","6930432","2DYHPD2\User"
"C:\GCMSsolution\Data\Project1\Campbell RMBL Data\Ipomopsis\I10DJul24_08262017.qgd","8/26/2017 7:50:46 PM","8/26/2017 8:23:24 PM","6881280","2DYHPD2\User"
"C:\GCMSsolution\Data\Project1\Campbell RMBL Data\Ipomopsis\I10NAug108262017.qgd","8/26/2017 8:23:40 PM","8/26/2017 8:55:40 PM","6860800","2DYHPD2\User"
"C:\GCMSsolution\Data\Project1\Campbell RMBL Data\Ipomopsis\I10NAug12_08152019.qgd","8/15/2019 2:46:45 PM","8/15/2019 3:19:13 PM","7069696","2DYHPD2\User"
"C:\GCMSsolution\Data\Project1\Campbell RMBL Data\Ipomopsis\I11DJul24_08262017.qgd","8/26/2017 8:55:56 PM","8/26/2017 9:27:50 PM","7024640","2DYHPD2\User"
"C:\GCMSsolution\Data\Project1\Campbell RMBL Data\Ipomopsis\I11NAug1_08262017.qgd","8/26/2017 9:28:03 PM","8/26/2017 10:00:05 PM","6938624","2DYHPD2\User"
"C:\GCMSsolution\Data\Project1\Campbell RMBL Data\Ipomopsis\I11NAug12_08152019.qgd","8/15/2019 3:19:26 PM","8/15/2019 3:52:08 PM","7090176","2DYHPD2\User"
"C:\GCMSsolution\Data\Project1\Campbell RMBL Data\Ipomopsis\I121DJuly20_08072018.qgd","8/7/2018 4:17:32 PM","8/7/2018 4:51:50 PM","6807552","2DYHPD2\User"
"C:\GCMSsolution\Data\Project1\Campbell RMBL Data\Ipomopsis\I12DAug2_08052019.qgd","8/6/2019 12:32:52 AM","8/6/2019 1:03:54 AM","6955008","2DYHPD2\User"
"C:\GCMSsolution\Data\Project1\Campbell RMBL Data\Ipomopsis\I12DJul24_08262017.qgd","8/26/2017 10:00:19 PM","8/26/2017 10:32:14 PM","6926336","2DYHPD2\User"
"C:\GCMSsolution\Data\Project1\Campbell RMBL Data\Ipomopsis\I12NAug1_08262017.qgd","8/26/2017 10:32:27 PM","8/26/2017 11:04:16 PM","6893568","2DYHPD2\User"
"C:\GCMSsolution\Data\Project1\Campbell RMBL Data\Ipomopsis\I12NAug12_08152019.qgd","8/15/2019 3:52:24 PM","8/15/2019 4:25:04 PM","7081984","2DYHPD2\User"
"C:\GCMSsolution\Data\Project1\Campbell RMBL Data\Ipomopsis\I12NJuly19_08062018.qgd","8/6/2018 10:27:20 AM","8/6/2018 10:59:12 AM","6852608","2DYHPD2\User"
"C:\GCMSsolution\Data\Project1\Campbell RMBL Data\Ipomopsis\I13DJul24_08282017.qgd","8/28/2017 8:07:28 AM","8/28/2017 8:38:08 AM","6914048","2DYHPD2\User"
"C:\GCMSsolution\Data\Project1\Campbell RMBL Data\Ipomopsis\I13NAug1_08312017.qgd","8/31/2017 12:06:41 PM","8/31/2017 12:39:09 PM","6987776","2DYHPD2\User"
"C:\GCMSsolution\Data\Project1\Campbell RMBL Data\Ipomopsis\I13NAug12_08152019.qgd","8/15/2019 4:25:19 PM","8/15/2019 4:58:17 PM","7094272","2DYHPD2\User"
"C:\GCMSsolution\Data\Project1\Campbell RMBL Data\Ipomopsis\I14DJul24_08282017.qgd","8/28/2017 8:38:24 AM","8/28/2017 9:09:30 AM","6938624","2DYHPD2\User"
"C:\GCMSsolution\Data\Project1\Campbell RMBL Data\Ipomopsis\I14NAug1_08312017.qgd","8/31/2017 12:39:23 PM","8/31/2017 1:11:19 PM","6946816","2DYHPD2\User"
"C:\GCMSsolution\Data\Project1\Campbell RMBL Data\Ipomopsis\I14NAug12_08152019.qgd","8/15/2019 4:58:34 PM","8/15/2019 5:31:31 PM","7127040","2DYHPD2\User"
"C:\GCMSsolution\Data\Project1\Campbell RMBL Data\Ipomopsis\I15DJul27_08302017.qgd","8/31/2017 1:26:19 AM","8/31/2017 1:57:29 AM","7102464","2DYHPD2\User"
"C:\GCMSsolution\Data\Project1\Campbell RMBL Data\Ipomopsis\I15NAug1_08262017.qgd","8/26/2017 11:36:28 PM","8/27/2017 12:08:37 AM","6955008","2DYHPD2\User"
"C:\GCMSsolution\Data\Project1\Campbell RMBL Data\Ipomopsis\I16DJul24_08302017.qgd","8/30/2017 4:33:30 PM","8/30/2017 5:06:00 PM","6991872","2DYHPD2\User"
"C:\GCMSsolution\Data\Project1\Campbell RMBL Data\Ipomopsis\I16DJul27_08302017.qgd","8/31/2017 1:57:45 AM","8/31/2017 2:29:00 AM","7094272","2DYHPD2\User"
"C:\GCMSsolution\Data\Project1\Campbell RMBL Data\Ipomopsis\I16NAug1_08302017.qgd","8/30/2017 7:29:35 PM","8/30/2017 8:06:10 PM","7122944","2DYHPD2\User"
"C:\GCMSsolution\Data\Project1\Campbell RMBL Data\Ipomopsis\I16NAug12_08152019.qgd","8/15/2019 5:31:45 PM","8/15/2019 6:04:42 PM","7073792","2DYHPD2\User"
"C:\GCMSsolution\Data\Project1\Campbell RMBL Data\Ipomopsis\I17DAug2_08052019.qgd","8/6/2019 1:04:09 AM","8/6/2019 1:35:11 AM","6918144","2DYHPD2\User"
"C:\GCMSsolution\Data\Project1\Campbell RMBL Data\Ipomopsis\I17DJul244_08262017.qgd","8/26/2017 11:04:30 PM","8/26/2017 11:36:13 PM","6967296","2DYHPD2\User"
"C:\GCMSsolution\Data\Project1\Campbell RMBL Data\Ipomopsis\I17NAug1_08272017.qgd","8/27/2017 11:37:15 AM","8/27/2017 12:09:08 PM","6967296","2DYHPD2\User"
"C:\GCMSsolution\Data\Project1\Campbell RMBL Data\Ipomopsis\I182NJuly19_08072018.qgd","8/7/2018 12:56:09 PM","8/7/2018 1:28:44 PM","6832128","2DYHPD2\User"
"C:\GCMSsolution\Data\Project1\Campbell RMBL Data\Ipomopsis\I184NJuly19_08072018.qgd","8/7/2018 2:02:08 PM","8/7/2018 2:35:23 PM","6836224","2DYHPD2\User"
"C:\GCMSsolution\Data\Project1\Campbell RMBL Data\Ipomopsis\I18DJul2408282017.qgd","8/28/2017 9:09:46 AM","8/28/2017 9:42:03 AM","6971392","2DYHPD2\User"
"C:\GCMSsolution\Data\Project1\Campbell RMBL Data\Ipomopsis\I18NAug12_08152019.qgd","8/15/2019 6:37:47 PM","8/15/2019 7:09:56 PM","7086080","2DYHPD2\User"
"C:\GCMSsolution\Data\Project1\Campbell RMBL Data\Ipomopsis\I18NJuly19_08062018.qgd","8/6/2018 12:05:07 PM","8/6/2018 12:37:25 PM","6828032","2DYHPD2\User"
"C:\GCMSsolution\Data\Project1\Campbell RMBL Data\Ipomopsis\I19DAug2_08052019.qgd","8/6/2019 1:35:25 AM","8/6/2019 2:06:22 AM","6963200","2DYHPD2\User"
"C:\GCMSsolution\Data\Project1\Campbell RMBL Data\Ipomopsis\I19DJul24_08282017.qgd","8/28/2017 9:42:16 AM","8/28/2017 10:14:36 AM","6950912","2DYHPD2\User"
"C:\GCMSsolution\Data\Project1\Campbell RMBL Data\Ipomopsis\I19NAug1_08302017.qgd","8/30/2017 8:06:25 PM","8/30/2017 8:38:27 PM","6914048","2DYHPD2\User"
"C:\GCMSsolution\Data\Project1\Campbell RMBL Data\Ipomopsis\I19NAug12_08152019.qgd","8/15/2019 7:10:12 PM","8/15/2019 7:42:40 PM","7114752","2DYHPD2\User"
"C:\GCMSsolution\Data\Project1\Campbell RMBL Data\Ipomopsis\I1DAug2_08052019.qgd","8/5/2019 7:14:53 PM","8/5/2019 7:46:54 PM","6901760","2DYHPD2\User"
"C:\GCMSsolution\Data\Project1\Campbell RMBL Data\Ipomopsis\I1DJul21_08302017.qgd","8/30/2017 5:06:16 PM","8/30/2017 5:39:14 PM","6942720","2DYHPD2\User"
"C:\GCMSsolution\Data\Project1\Campbell RMBL Data\Ipomopsis\I1NAug12_08152019.qgd","8/15/2019 9:58:40 AM","8/15/2019 10:29:46 AM","7139328","2DYHPD2\User"
"C:\GCMSsolution\Data\Project1\Campbell RMBL Data\Ipomopsis\I200DJuly26_08082018.qgd","8/8/2018 9:16:51 AM","8/8/2018 9:48:13 AM","6807552","2DYHPD2\User"
"C:\GCMSsolution\Data\Project1\Campbell RMBL Data\Ipomopsis\I20DAug2_08052019.qgd","8/6/2019 2:06:37 AM","8/6/2019 2:37:22 AM","6893568","2DYHPD2\User"
"C:\GCMSsolution\Data\Project1\Campbell RMBL Data\Ipomopsis\I20DJul24_08302017.qgd","8/30/2017 5:39:28 PM","8/30/2017 6:12:38 PM","7004160","2DYHPD2\User"
"C:\GCMSsolution\Data\Project1\Campbell RMBL Data\Ipomopsis\I20NAug1_08312017.qgd","8/31/2017 1:11:34 PM","8/31/2017 1:43:51 PM","6946816","2DYHPD2\User"
"C:\GCMSsolution\Data\Project1\Campbell RMBL Data\Ipomopsis\I20NAug12_08162019.qgd","8/16/2019 7:34:49 AM","8/16/2019 8:05:47 AM","7061504","2DYHPD2\User"
"C:\GCMSsolution\Data\Project1\Campbell RMBL Data\Ipomopsis\I21DAug2_08052019.qgd","8/6/2019 2:37:37 AM","8/6/2019 3:08:36 AM","6909952","2DYHPD2\User"
"C:\GCMSsolution\Data\Project1\Campbell RMBL Data\Ipomopsis\I21DJul24_08282017.qgd","8/28/2017 10:14:49 AM","8/28/2017 10:47:27 AM","7008256","2DYHPD2\User"
"C:\GCMSsolution\Data\Project1\Campbell RMBL Data\Ipomopsis\I21NAug12_08162019.qgd","8/16/2019 8:06:02 AM","8/16/2019 8:37:12 AM","7090176","2DYHPD2\User"
"C:\GCMSsolution\Data\Project1\Campbell RMBL Data\Ipomopsis\I2223DJuly20_08072018.qgd","8/7/2018 2:35:40 PM","8/7/2018 3:08:59 PM","6815744","2DYHPD2\User"
"C:\GCMSsolution\Data\Project1\Campbell RMBL Data\Ipomopsis\I2224DJuly20_08072018.qgd","8/7/2018 3:09:16 PM","8/7/2018 3:43:00 PM","6860800","2DYHPD2\User"
"C:\GCMSsolution\Data\Project1\Campbell RMBL Data\Ipomopsis\I2224vegNJuly19_08072018.qgd","8/7/2018 11:51:33 AM","8/7/2018 12:23:31 PM","6864896","2DYHPD2\User"
"C:\GCMSsolution\Data\Project1\Campbell RMBL Data\Ipomopsis\I2227DJuly20_08072018.qgd","8/7/2018 4:52:07 PM","8/7/2018 5:26:28 PM","6856704","2DYHPD2\User"
"C:\GCMSsolution\Data\Project1\Campbell RMBL Data\Ipomopsis\I2227NJuly19_08072018.qgd","8/7/2018 12:23:45 PM","8/7/2018 12:55:54 PM","6877184","2DYHPD2\User"
"C:\GCMSsolution\Data\Project1\Campbell RMBL Data\Ipomopsis\I2227vegDJuly20_08072018.qgd","8/7/2018 6:35:52 PM","8/7/2018 7:09:50 PM","6905856","2DYHPD2\User"
"C:\GCMSsolution\Data\Project1\Campbell RMBL Data\Ipomopsis\I22DAug2_08062019.qgd","8/6/2019 8:20:09 AM","8/6/2019 8:50:49 AM","6873088","2DYHPD2\User"
"C:\GCMSsolution\Data\Project1\Campbell RMBL Data\Ipomopsis\I22DJul24_08302017.qgd","8/31/2017 2:29:15 AM","8/31/2017 3:00:20 AM","7163904","2DYHPD2\User"
"C:\GCMSsolution\Data\Project1\Campbell RMBL Data\Ipomopsis\I22NAug12_08162019.qgd","8/16/2019 8:37:27 AM","8/16/2019 9:08:24 AM","7102464","2DYHPD2\User"
"C:\GCMSsolution\Data\Project1\Campbell RMBL Data\Ipomopsis\I23D183July26_08082018.qgd","8/8/2018 8:45:17 AM","8/8/2018 9:16:37 AM","6807552","2DYHPD2\User"
"C:\GCMSsolution\Data\Project1\Campbell RMBL Data\Ipomopsis\I23DAug2_08052019.qgd","8/6/2019 3:08:49 AM","8/6/2019 3:39:11 AM","6828032","2DYHPD2\User"
"C:\GCMSsolution\Data\Project1\Campbell RMBL Data\Ipomopsis\I23DAug2redo_08062019.qgd","8/6/2019 12:33:35 PM","8/6/2019 1:06:18 PM","6926336","2DYHPD2\User"
"C:\GCMSsolution\Data\Project1\Campbell RMBL Data\Ipomopsis\I23DJul24_08302017.qgd","8/30/2017 6:12:52 PM","8/30/2017 6:45:46 PM","7143424","2DYHPD2\User"
"C:\GCMSsolution\Data\Project1\Campbell RMBL Data\Ipomopsis\I23NAug1_08302017.qgd","8/30/2017 8:38:41 PM","8/30/2017 9:11:03 PM","6979584","2DYHPD2\User"
"C:\GCMSsolution\Data\Project1\Campbell RMBL Data\Ipomopsis\I23NAug12_08162019.qgd","8/16/2019 9:08:40 AM","8/16/2019 9:39:49 AM","7069696","2DYHPD2\User"
"C:\GCMSsolution\Data\Project1\Campbell RMBL Data\Ipomopsis\I24DAug2_08052019.qgd","8/6/2019 3:39:24 AM","8/6/2019 4:10:08 AM","6881280","2DYHPD2\User"
"C:\GCMSsolution\Data\Project1\Campbell RMBL Data\Ipomopsis\I24DJul24_08302017.qgd","8/30/2017 6:46:00 PM","8/30/2017 7:18:56 PM","7061504","2DYHPD2\User"
"C:\GCMSsolution\Data\Project1\Campbell RMBL Data\Ipomopsis\I24NAug1_08302017.qgd","8/30/2017 9:11:18 PM","8/30/2017 9:43:30 PM","6995968","2DYHPD2\User"
"C:\GCMSsolution\Data\Project1\Campbell RMBL Data\Ipomopsis\I24NAug12_08162019.qgd","8/16/2019 9:40:05 AM","8/16/2019 10:11:15 AM","7102464","2DYHPD2\User"
"C:\GCMSsolution\Data\Project1\Campbell RMBL Data\Ipomopsis\I25DAug2_08052019.qgd","8/6/2019 4:10:25 AM","8/6/2019 4:41:18 AM","6873088","2DYHPD2\User"
"C:\GCMSsolution\Data\Project1\Campbell RMBL Data\Ipomopsis\I25DJul24_08282017.qgd","8/28/2017 10:47:40 AM","8/28/2017 11:20:17 AM","7028736","2DYHPD2\User"
"C:\GCMSsolution\Data\Project1\Campbell RMBL Data\Ipomopsis\I25NAug1_08302017.qgd","8/30/2017 9:43:43 PM","8/30/2017 10:15:33 PM","6987776","2DYHPD2\User"
"C:\GCMSsolution\Data\Project1\Campbell RMBL Data\Ipomopsis\I25NAug12_08162019.qgd","8/16/2019 10:11:30 AM","8/16/2019 10:42:52 AM","7106560","2DYHPD2\User"
"C:\GCMSsolution\Data\Project1\Campbell RMBL Data\Ipomopsis\I26DAug2_08062019.qgd","8/6/2019 8:51:05 AM","8/6/2019 9:21:59 AM","6860800","2DYHPD2\User"
"C:\GCMSsolution\Data\Project1\Campbell RMBL Data\Ipomopsis\I26DJul24_08282017.qgd","8/28/2017 11:20:32 AM","8/28/2017 11:52:28 AM","7049216","2DYHPD2\User"
"C:\GCMSsolution\Data\Project1\Campbell RMBL Data\Ipomopsis\I26NAug1_08302017.qgd","8/30/2017 10:15:47 PM","8/30/2017 10:47:33 PM","6955008","2DYHPD2\User"
"C:\GCMSsolution\Data\Project1\Campbell RMBL Data\Ipomopsis\I26NJuly19_08062018.qgd","8/6/2018 9:23:39 AM","8/6/2018 9:55:04 AM","6840320","2DYHPD2\User"
"C:\GCMSsolution\Data\Project1\Campbell RMBL Data\Ipomopsis\I27DAug2_08062019.qgd","8/6/2019 9:22:14 AM","8/6/2019 9:53:21 AM","6885376","2DYHPD2\User"
"C:\GCMSsolution\Data\Project1\Campbell RMBL Data\Ipomopsis\I27DJul24_08302017.qgd","8/31/2017 3:00:33 AM","8/31/2017 3:31:47 AM","7073792","2DYHPD2\User"
"C:\GCMSsolution\Data\Project1\Campbell RMBL Data\Ipomopsis\I27NAug1_08302017.qgd","8/30/2017 10:47:47 PM","8/30/2017 11:19:25 PM","6971392","2DYHPD2\User"
"C:\GCMSsolution\Data\Project1\Campbell RMBL Data\Ipomopsis\I27NAug12_08162019.qgd","8/16/2019 10:43:08 AM","8/16/2019 11:14:42 AM","7135232","2DYHPD2\User"
"C:\GCMSsolution\Data\Project1\Campbell RMBL Data\Ipomopsis\I28DAug2_08062019.qgd","8/6/2019 9:53:36 AM","8/6/2019 10:24:53 AM","6918144","2DYHPD2\User"
"C:\GCMSsolution\Data\Project1\Campbell RMBL Data\Ipomopsis\I28DJul24_08282017.qgd","8/28/2017 11:52:44 AM","8/28/2017 12:24:47 PM","6995968","2DYHPD2\User"
"C:\GCMSsolution\Data\Project1\Campbell RMBL Data\Ipomopsis\I28NAug1_08312017.qgd","8/31/2017 1:44:08 PM","8/31/2017 2:16:44 PM","6938624","2DYHPD2\User"
"C:\GCMSsolution\Data\Project1\Campbell RMBL Data\Ipomopsis\I28NAug12_08162019.qgd","8/16/2019 11:14:55 AM","8/16/2019 11:46:54 AM","7147520","2DYHPD2\User"
"C:\GCMSsolution\Data\Project1\Campbell RMBL Data\Ipomopsis\I29DAug2_08062019.qgd","8/6/2019 10:25:09 AM","8/6/2019 10:56:38 AM","6889472","2DYHPD2\User"
"C:\GCMSsolution\Data\Project1\Campbell RMBL Data\Ipomopsis\I29NAug1_08302017.qgd","8/30/2017 11:19:38 PM","8/30/2017 11:51:11 PM","6987776","2DYHPD2\User"
"C:\GCMSsolution\Data\Project1\Campbell RMBL Data\Ipomopsis\I29NAug12_08162019.qgd","8/16/2019 12:19:44 PM","8/16/2019 12:52:26 PM","7122944","2DYHPD2\User"
"C:\GCMSsolution\Data\Project1\Campbell RMBL Data\Ipomopsis\I2DAug2_08052019.qgd","8/5/2019 7:47:10 PM","8/5/2019 8:19:29 PM","6991872","2DYHPD2\User"
"C:\GCMSsolution\Data\Project1\Campbell RMBL Data\Ipomopsis\I2DJul21_08302017.qgd","8/31/2017 12:54:45 AM","8/31/2017 1:26:06 AM","7041024","2DYHPD2\User"
"C:\GCMSsolution\Data\Project1\Campbell RMBL Data\Ipomopsis\I2DJul24_08272017.qgd","8/27/2017 12:41:39 PM","8/27/2017 1:13:54 PM","7053312","2DYHPD2\User"
"C:\GCMSsolution\Data\Project1\Campbell RMBL Data\Ipomopsis\I2NAug1_08272017.qgd","8/27/2017 9:27:06 AM","8/27/2017 9:59:43 AM","6905856","2DYHPD2\User"
"C:\GCMSsolution\Data\Project1\Campbell RMBL Data\Ipomopsis\I2NAug12_08152019.qgd","8/15/2019 10:30:00 AM","8/15/2019 11:01:18 AM","7049216","2DYHPD2\User"
"C:\GCMSsolution\Data\Project1\Campbell RMBL Data\Ipomopsis\I30DAug2_08062019.qgd","8/6/2019 10:56:51 AM","8/6/2019 11:28:28 AM","6901760","2DYHPD2\User"
"C:\GCMSsolution\Data\Project1\Campbell RMBL Data\Ipomopsis\I30DJul24_08282017.qgd","8/28/2017 12:25:01 PM","8/28/2017 12:57:31 PM","7053312","2DYHPD2\User"
"C:\GCMSsolution\Data\Project1\Campbell RMBL Data\Ipomopsis\I30NAug108312017.qgd","8/31/2017 2:16:58 PM","8/31/2017 2:49:59 PM","6955008","2DYHPD2\User"
"C:\GCMSsolution\Data\Project1\Campbell RMBL Data\Ipomopsis\I30NAug12_08162019.qgd","8/16/2019 12:52:42 PM","8/16/2019 1:24:41 PM","7081984","2DYHPD2\User"
"C:\GCMSsolution\Data\Project1\Campbell RMBL Data\Ipomopsis\I31DJul24_08282017.qgd","8/28/2017 12:57:44 PM","8/28/2017 1:30:25 PM","6995968","2DYHPD2\User"
"C:\GCMSsolution\Data\Project1\Campbell RMBL Data\Ipomopsis\I32DAug2_08062019.qgd","8/6/2019 11:28:42 AM","8/6/2019 12:00:39 PM","6930432","2DYHPD2\User"
"C:\GCMSsolution\Data\Project1\Campbell RMBL Data\Ipomopsis\I32NAug12_08162019.qgd","8/16/2019 1:57:23 PM","8/16/2019 2:29:42 PM","7065600","2DYHPD2\User"
"C:\GCMSsolution\Data\Project1\Campbell RMBL Data\Ipomopsis\I33DJul27_08312017.qgd","8/31/2017 10:30:13 AM","8/31/2017 11:01:52 AM","6930432","2DYHPD2\User"
"C:\GCMSsolution\Data\Project1\Campbell RMBL Data\Ipomopsis\I33NAug1_08312017.qgd","8/31/2017 2:50:13 PM","8/31/2017 3:23:18 PM","6938624","2DYHPD2\User"
"C:\GCMSsolution\Data\Project1\Campbell RMBL Data\Ipomopsis\I34DJuly26_08082018.qgd","8/8/2018 8:13:40 AM","8/8/2018 8:45:02 AM","6803456","2DYHPD2\User"
"C:\GCMSsolution\Data\Project1\Campbell RMBL Data\Ipomopsis\I38DJuly20_08072018.qgd","8/7/2018 3:43:13 PM","8/7/2018 4:17:17 PM","6840320","2DYHPD2\User"
"C:\GCMSsolution\Data\Project1\Campbell RMBL Data\Ipomopsis\I38NJuly19_08062018.qgd","8/6/2018 11:32:05 AM","8/6/2018 12:04:52 PM","6905856","2DYHPD2\User"
"C:\GCMSsolution\Data\Project1\Campbell RMBL Data\Ipomopsis\I39NJuly19_08062018.qgd","8/6/2018 9:55:21 AM","8/6/2018 10:27:04 AM","6836224","2DYHPD2\User"
"C:\GCMSsolution\Data\Project1\Campbell RMBL Data\Ipomopsis\I3DJul24_08262017.qgd","8/26/2017 6:41:43 PM","8/26/2017 7:18:18 PM","6930432","2DYHPD2\User"
"C:\GCMSsolution\Data\Project1\Campbell RMBL Data\Ipomopsis\I3NAug1_08262017.qgd","8/26/2017 7:18:35 PM","8/26/2017 7:50:29 PM","6868992","2DYHPD2\User"
"C:\GCMSsolution\Data\Project1\Campbell RMBL Data\Ipomopsis\I3NAug12_08152019.qgd","8/15/2019 11:01:33 AM","8/15/2019 11:33:09 AM","7147520","2DYHPD2\User"
"C:\GCMSsolution\Data\Project1\Campbell RMBL Data\Ipomopsis\I4DAug2_08052019.qgd","8/5/2019 8:19:43 PM","8/5/2019 8:51:52 PM","6938624","2DYHPD2\User"
"C:\GCMSsolution\Data\Project1\Campbell RMBL Data\Ipomopsis\I4DJul24_08272017.qgd","8/27/2017 1:14:08 PM","8/27/2017 1:46:30 PM","7000064","2DYHPD2\User"
"C:\GCMSsolution\Data\Project1\Campbell RMBL Data\Ipomopsis\I4N2223July19_08072018.qgd","8/7/2018 1:28:58 PM","8/7/2018 2:01:52 PM","6840320","2DYHPD2\User"
"C:\GCMSsolution\Data\Project1\Campbell RMBL Data\Ipomopsis\I4NAug1_08272017.qgd","8/27/2017 9:59:59 AM","8/27/2017 10:31:55 AM","6905856","2DYHPD2\User"
"C:\GCMSsolution\Data\Project1\Campbell RMBL Data\Ipomopsis\I4NAug12_08152019.qgd","8/15/2019 11:33:23 AM","8/15/2019 12:05:23 PM","7147520","2DYHPD2\User"
"C:\GCMSsolution\Data\Project1\Campbell RMBL Data\Ipomopsis\I5DAug12_08152019.qgd","8/15/2019 12:05:39 PM","8/15/2019 12:37:55 PM","7069696","2DYHPD2\User"
"C:\GCMSsolution\Data\Project1\Campbell RMBL Data\Ipomopsis\I5DAug2_08052019.qgd","8/5/2019 8:52:08 PM","8/5/2019 9:23:53 PM","6971392","2DYHPD2\User"
"C:\GCMSsolution\Data\Project1\Campbell RMBL Data\Ipomopsis\I5DJul24_08272017.qgd","8/27/2017 1:46:45 PM","8/27/2017 2:19:23 PM","6955008","2DYHPD2\User"
"C:\GCMSsolution\Data\Project1\Campbell RMBL Data\Ipomopsis\I6DAug2_08052019.qgd","8/5/2019 9:24:07 PM","8/5/2019 9:55:45 PM","6942720","2DYHPD2\User"
"C:\GCMSsolution\Data\Project1\Campbell RMBL Data\Ipomopsis\I6DJul24_08272017.qgd","8/27/2017 2:19:39 PM","8/27/2017 2:52:42 PM","6967296","2DYHPD2\User"
"C:\GCMSsolution\Data\Project1\Campbell RMBL Data\Ipomopsis\I6NAug1_08272017.qgd","8/27/2017 10:32:10 AM","8/27/2017 11:04:56 AM","6930432","2DYHPD2\User"
"C:\GCMSsolution\Data\Project1\Campbell RMBL Data\Ipomopsis\I6NAug12_08152019.qgd","8/15/2019 12:38:08 PM","8/15/2019 1:09:46 PM","7065600","2DYHPD2\User"
"C:\GCMSsolution\Data\Project1\Campbell RMBL Data\Ipomopsis\I7DAug2_08052019.qgd","8/5/2019 9:56:02 PM","8/5/2019 10:27:10 PM","6950912","2DYHPD2\User"
"C:\GCMSsolution\Data\Project1\Campbell RMBL Data\Ipomopsis\I7NAug12_08152019.qgd","8/15/2019 1:10:02 PM","8/15/2019 1:41:41 PM","7045120","2DYHPD2\User"
"C:\GCMSsolution\Data\Project1\Campbell RMBL Data\Ipomopsis\I7NJuly19_08062018.qgd","8/6/2018 10:59:28 AM","8/6/2018 11:31:50 AM","6803456","2DYHPD2\User"
"C:\GCMSsolution\Data\Project1\Campbell RMBL Data\Ipomopsis\I8DAug2_08052019.qgd","8/5/2019 10:27:23 PM","8/5/2019 10:58:30 PM","6955008","2DYHPD2\User"
"C:\GCMSsolution\Data\Project1\Campbell RMBL Data\Ipomopsis\I8DJul27_08312017.qgd","8/31/2017 9:58:33 AM","8/31/2017 10:29:59 AM","6995968","2DYHPD2\User"
"C:\GCMSsolution\Data\Project1\Campbell RMBL Data\Ipomopsis\I8NAug1_08312017.qgd","8/31/2017 11:34:16 AM","8/31/2017 12:06:26 PM","7000064","2DYHPD2\User"
"C:\GCMSsolution\Data\Project1\Campbell RMBL Data\Ipomopsis\I8NAug12_08152019.qgd","8/15/2019 1:41:57 PM","8/15/2019 2:13:57 PM","7196672","2DYHPD2\User"
"C:\GCMSsolution\Data\Project1\Campbell RMBL Data\Ipomopsis\I9DAug2_08052019.qgd","8/5/2019 10:58:44 PM","8/5/2019 11:29:57 PM","6946816","2DYHPD2\User"
"C:\GCMSsolution\Data\Project1\Campbell RMBL Data\Ipomopsis\I9DJul24_08272017.qgd","8/27/2017 2:52:59 PM","8/27/2017 3:26:14 PM","7020544","2DYHPD2\User"
"C:\GCMSsolution\Data\Project1\Campbell RMBL Data\Ipomopsis\I9NAug1_08272017.qgd","8/27/2017 11:05:12 AM","8/27/2017 11:36:58 AM","6918144","2DYHPD2\User"
"C:\GCMSsolution\Data\Project1\Campbell RMBL Data\Ipomopsis\Iaggflrtest06222017.qgd","8/15/2017 2:30:59 PM","6/22/2017 5:22:58 PM","7389184","2DYHPD2\User"
"C:\GCMSsolution\Data\Project1\Campbell RMBL Data\Ipomopsis\IAir1DJuly20_08072018.qgd","8/7/2018 5:26:41 PM","8/7/2018 6:01:01 PM","6823936","2DYHPD2\User"
"C:\GCMSsolution\Data\Project1\Campbell RMBL Data\Ipomopsis\IAir1DJuly26_08082018.qgd","8/8/2018 7:42:06 AM","8/8/2018 8:13:24 AM","6787072","2DYHPD2\User"
"C:\GCMSsolution\Data\Project1\Campbell RMBL Data\Ipomopsis\IAir1LSAug2_08062019.qgd","8/6/2019 12:00:54 PM","8/6/2019 12:33:20 PM","6967296","2DYHPD2\User"
"C:\GCMSsolution\Data\Project1\Campbell RMBL Data\Ipomopsis\IAir1NJuly19_08062018.qgd","8/6/2018 8:20:57 AM","8/6/2018 8:51:58 AM","6799360","2DYHPD2\User"
"C:\GCMSsolution\Data\Project1\Campbell RMBL Data\Ipomopsis\IAir2DJuly20_08072018.qgd","8/7/2018 6:01:16 PM","8/7/2018 6:35:35 PM","6868992","2DYHPD2\User"
"C:\GCMSsolution\Data\Project1\Campbell RMBL Data\Ipomopsis\IAir2KWAug2_08052019.qgd","8/5/2019 11:30:14 PM","8/6/2019 12:01:17 AM","6930432","2DYHPD2\User"
"C:\GCMSsolution\Data\Project1\Campbell RMBL Data\Ipomopsis\IAir2LSAug2_08062019.qgd","8/6/2019 7:48:57 AM","8/6/2019 8:19:53 AM","6918144","2DYHPD2\User"
"C:\GCMSsolution\Data\Project1\Campbell RMBL Data\Ipomopsis\IAir2NJuly19_08072018.qgd","8/7/2018 11:18:56 AM","8/7/2018 11:51:20 AM","6836224","2DYHPD2\User"
"C:\GCMSsolution\Data\Project1\Campbell RMBL Data\Ipomopsis\IAirDCAug12_08152019.qgd","8/15/2019 9:27:36 AM","8/15/2019 9:58:26 AM","7016448","2DYHPD2\User"
"C:\GCMSsolution\Data\Project1\Campbell RMBL Data\Ipomopsis\IAirJNAug12_08162019.qgd","8/16/2019 7:03:12 AM","8/16/2019 7:34:34 AM","7036928","2DYHPD2\User"
"C:\GCMSsolution\Data\Project1\Campbell RMBL Data\Ipomopsis\IAirJNAug2_08062019.qgd","8/6/2019 7:18:18 AM","8/6/2019 7:48:43 AM","6918144","2DYHPD2\User"
"C:\GCMSsolution\Data\Project1\Campbell RMBL Data\Ipomopsis\IAirJPAug12_08152019.qgd","8/15/2019 2:14:13 PM","8/15/2019 2:46:31 PM","7131136","2DYHPD2\User"
"C:\GCMSsolution\Data\Project1\Campbell RMBL Data\Ipomopsis\IAirKWAug12_08162019.qgd","8/16/2019 11:47:07 AM","8/16/2019 12:19:31 PM","7061504","2DYHPD2\User"
"C:\GCMSsolution\Data\Project1\Campbell RMBL Data\Ipomopsis\IAirKWAug2_08052019.qgd","8/5/2019 6:42:20 PM","8/5/2019 7:14:38 PM","7094272","2DYHPD2\User"
"C:\GCMSsolution\Data\Project1\Campbell RMBL Data\Ipomopsis\II17NAug12_08152019.qgd","8/15/2019 6:04:56 PM","8/15/2019 6:37:30 PM","7081984","2DYHPD2\User"
"C:\GCMSsolution\Data\Project1\Campbell RMBL Data\Ipomopsis\Indole_3uL0.001_07122019.qgd","7/12/2019 10:07:06 PM","7/12/2019 10:38:45 PM","6807552","2DYHPD2\User"
"C:\GCMSsolution\Data\Project1\Campbell RMBL Data\Ipomopsis\Indole_3uL0.1_07122019.qgd","7/12/2019 8:30:14 PM","7/12/2019 9:28:28 PM","7254016","2DYHPD2\User"
"C:\GCMSsolution\Data\Project1\Campbell RMBL Data\Ipomopsis\Indole3uL0.01_07122019.qgd","7/12/2019 9:31:43 PM","7/12/2019 10:06:52 PM","6848512","2DYHPD2\User"
"C:\GCMSsolution\Data\Project1\Campbell RMBL Data\Ipomopsis\IndoleFarn2uL0.1_07152019.qgd","7/15/2019 6:50:25 PM","7/15/2019 7:23:06 PM","7192576","2DYHPD2\User"
"C:\GCMSsolution\Data\Project1\Campbell RMBL Data\Ipomopsis\Ipomopsis agg infl.qgd","8/15/2017 2:30:38 PM","7/24/2017 8:55:06 AM","3002368","2DYHPD2\User"
"C:\GCMSsolution\Data\Project1\Campbell RMBL Data\Ipomopsis\Ipotubes17mixrun_20180903.qgb","9/3/2018 6:13:05 PM","9/3/2018 6:13:05 PM","40960","2DYHPD2\User"
"C:\GCMSsolution\Data\Project1\Campbell RMBL Data\Ipomopsis\L02DJuly19_08052018.qgd","8/5/2018 9:53:02 PM","8/5/2018 10:25:07 PM","6901760","2DYHPD2\User"
"C:\GCMSsolution\Data\Project1\Campbell RMBL Data\Ipomopsis\L03DJuly19_08052018.qgd","8/5/2018 10:25:22 PM","8/5/2018 10:57:18 PM","6901760","2DYHPD2\User"
"C:\GCMSsolution\Data\Project1\Campbell RMBL Data\Ipomopsis\L06DJuly19_07282018.qgd","7/28/2018 7:31:38 AM","7/28/2018 8:02:50 AM","6803456","2DYHPD2\User"
"C:\GCMSsolution\Data\Project1\Campbell RMBL Data\Ipomopsis\L08DJuly19_07282018.qgd","7/28/2018 8:03:04 AM","7/28/2018 8:34:18 AM","6860800","2DYHPD2\User"
"C:\GCMSsolution\Data\Project1\Campbell RMBL Data\Ipomopsis\L10DJul18_09032017.qgd","9/3/2017 9:40:59 PM","9/3/2017 10:12:48 PM","7151616","2DYHPD2\User"
"C:\GCMSsolution\Data\Project1\Campbell RMBL Data\Ipomopsis\L10DJuly30_07312019.qgd","7/31/2019 12:44:27 PM","7/31/2019 1:16:46 PM","6959104","2DYHPD2\User"
"C:\GCMSsolution\Data\Project1\Campbell RMBL Data\Ipomopsis\L11DJul18_09032017.qgd","9/3/2017 10:13:02 PM","9/3/2017 10:44:40 PM","7139328","2DYHPD2\User"
"C:\GCMSsolution\Data\Project1\Campbell RMBL Data\Ipomopsis\L12DJul18_09032017.qgd","9/3/2017 2:49:04 PM","9/3/2017 3:23:17 PM","7147520","2DYHPD2\User"
"C:\GCMSsolution\Data\Project1\Campbell RMBL Data\Ipomopsis\L12NAug10really L44N_09022017.qgd","9/2/2017 12:50:10 PM","9/2/2017 1:22:17 PM","6955008","2DYHPD2\User"
"C:\GCMSsolution\Data\Project1\Campbell RMBL Data\Ipomopsis\L12NAug10redo_09022017.qgd","9/2/2017 9:42:21 PM","9/2/2017 10:14:17 PM","6991872","2DYHPD2\User"
"C:\GCMSsolution\Data\Project1\Campbell RMBL Data\Ipomopsis\L13DJul18reallyL21DJul18_09032017.qgd","9/3/2017 3:23:31 PM","9/3/2017 3:57:45 PM","6979584","2DYHPD2\User"
"C:\GCMSsolution\Data\Project1\Campbell RMBL Data\Ipomopsis\L13DJul18redo_09032017.qgd","9/4/2017 12:20:07 AM","9/4/2017 12:51:31 AM","7020544","2DYHPD2\User"
"C:\GCMSsolution\Data\Project1\Campbell RMBL Data\Ipomopsis\L13DJuly30_07312019.qgd","7/31/2019 1:49:49 PM","7/31/2019 2:22:11 PM","6909952","2DYHPD2\User"
"C:\GCMSsolution\Data\Project1\Campbell RMBL Data\Ipomopsis\L13NAug10_09022017.qgd","9/2/2017 1:55:03 PM","9/2/2017 4:28:36 PM","2879488","2DYHPD2\User"
"C:\GCMSsolution\Data\Project1\Campbell RMBL Data\Ipomopsis\L14DJul18_09032017.qgd","9/3/2017 10:44:53 PM","9/3/2017 11:16:27 PM","7172096","2DYHPD2\User"
"C:\GCMSsolution\Data\Project1\Campbell RMBL Data\Ipomopsis\L14DJuly30_07312019.qgd","7/31/2019 2:22:25 PM","7/31/2019 2:54:52 PM","6897664","2DYHPD2\User"
"C:\GCMSsolution\Data\Project1\Campbell RMBL Data\Ipomopsis\L14NAug10_09012017.qgd","9/1/2017 10:50:27 PM","9/1/2017 11:21:45 PM","6991872","2DYHPD2\User"
"C:\GCMSsolution\Data\Project1\Campbell RMBL Data\Ipomopsis\L15DJuly30_07312019.qgd","7/31/2019 2:55:07 PM","7/31/2019 3:26:53 PM","6881280","2DYHPD2\User"
"C:\GCMSsolution\Data\Project1\Campbell RMBL Data\Ipomopsis\L15NAug10_09012017.qgd","9/1/2017 11:53:26 PM","9/2/2017 12:25:01 AM","6983680","2DYHPD2\User"
"C:\GCMSsolution\Data\Project1\Campbell RMBL Data\Ipomopsis\L16DJul20_09032017.qgd","9/3/2017 12:01:49 PM","9/3/2017 12:34:17 PM","6897664","2DYHPD2\User"
"C:\GCMSsolution\Data\Project1\Campbell RMBL Data\Ipomopsis\L16DJuly30_07312019.qgd","7/31/2019 3:27:06 PM","7/31/2019 3:58:57 PM","6889472","2DYHPD2\User"
"C:\GCMSsolution\Data\Project1\Campbell RMBL Data\Ipomopsis\L16NAug10_09012017.qgd","9/1/2017 10:18:44 PM","9/1/2017 10:50:11 PM","7024640","2DYHPD2\User"
"C:\GCMSsolution\Data\Project1\Campbell RMBL Data\Ipomopsis\L17DJul18_09032017.qgd","9/3/2017 11:16:43 PM","9/3/2017 11:48:12 PM","7127040","2DYHPD2\User"
"C:\GCMSsolution\Data\Project1\Campbell RMBL Data\Ipomopsis\L17DJuly30_07312019.qgd","7/31/2019 3:59:10 PM","7/31/2019 4:31:13 PM","6873088","2DYHPD2\User"
"C:\GCMSsolution\Data\Project1\Campbell RMBL Data\Ipomopsis\L18DJul18_09032017.qgd","9/3/2017 11:48:25 PM","9/4/2017 12:19:52 AM","7106560","2DYHPD2\User"
"C:\GCMSsolution\Data\Project1\Campbell RMBL Data\Ipomopsis\L18DJuly30_07312019.qgd","7/31/2019 4:31:26 PM","7/31/2019 5:04:18 PM","6885376","2DYHPD2\User"
"C:\GCMSsolution\Data\Project1\Campbell RMBL Data\Ipomopsis\L18NAug10_09012017.qgd","9/1/2017 11:22:01 PM","9/1/2017 11:53:11 PM","7036928","2DYHPD2\User"
"C:\GCMSsolution\Data\Project1\Campbell RMBL Data\Ipomopsis\L19DJul20_09032017.qgd","9/3/2017 10:56:46 AM","9/3/2017 11:29:14 AM","6963200","2DYHPD2\User"
"C:\GCMSsolution\Data\Project1\Campbell RMBL Data\Ipomopsis\L19DJuly30_07312019.qgd","7/31/2019 5:04:31 PM","7/31/2019 5:37:13 PM","6967296","2DYHPD2\User"
"C:\GCMSsolution\Data\Project1\Campbell RMBL Data\Ipomopsis\L19NAug10_09012017.qgd","9/2/2017 12:25:16 AM","9/2/2017 12:56:49 AM","6971392","2DYHPD2\User"
"C:\GCMSsolution\Data\Project1\Campbell RMBL Data\Ipomopsis\L1DJul18_09032017.qgd","9/3/2017 7:30:57 PM","9/3/2017 8:03:08 PM","7147520","2DYHPD2\User"
"C:\GCMSsolution\Data\Project1\Campbell RMBL Data\Ipomopsis\L2057DJuly30_07312019.qgd","7/31/2019 11:56:08 PM","8/1/2019 12:27:15 AM","6893568","2DYHPD2\User"
"C:\GCMSsolution\Data\Project1\Campbell RMBL Data\Ipomopsis\L2060July30_852019_06.qgd","8/5/2019 10:55:17 AM","8/5/2019 11:26:52 AM","6873088","2DYHPD2\User"
"C:\GCMSsolution\Data\Project1\Campbell RMBL Data\Ipomopsis\L2064DJuly30_07312019.qgd","8/1/2019 12:27:29 AM","8/1/2019 12:58:27 AM","6934528","2DYHPD2\User"
"C:\GCMSsolution\Data\Project1\Campbell RMBL Data\Ipomopsis\L2097DJuly30_07312019.qgd","8/1/2019 12:58:42 AM","8/1/2019 1:29:48 AM","6991872","2DYHPD2\User"
"C:\GCMSsolution\Data\Project1\Campbell RMBL Data\Ipomopsis\L20DJul18_09032017.qgd","9/4/2017 12:51:46 AM","9/4/2017 1:23:11 AM","6983680","2DYHPD2\User"
"C:\GCMSsolution\Data\Project1\Campbell RMBL Data\Ipomopsis\L20DJuly30_07312019.qgd","7/31/2019 5:37:29 PM","7/31/2019 6:09:57 PM","7737344","2DYHPD2\User"
"C:\GCMSsolution\Data\Project1\Campbell RMBL Data\Ipomopsis\L21DJul18reallyL15DJul18_09032017.qgd","9/3/2017 3:57:58 PM","9/3/2017 4:32:18 PM","7114752","2DYHPD2\User"
"C:\GCMSsolution\Data\Project1\Campbell RMBL Data\Ipomopsis\L21DJuly30_07312019.qgd","7/31/2019 6:10:11 PM","7/31/2019 6:42:38 PM","6975488","2DYHPD2\User"
"C:\GCMSsolution\Data\Project1\Campbell RMBL Data\Ipomopsis\L21NAug10_09022017.qgd","9/2/2017 5:51:37 PM","9/2/2017 6:25:20 PM","7000064","2DYHPD2\User"
"C:\GCMSsolution\Data\Project1\Campbell RMBL Data\Ipomopsis\L2251July30_852019_03.qgd","8/5/2019 9:21:24 AM","8/5/2019 9:52:23 AM","6807552","2DYHPD2\User"
"C:\GCMSsolution\Data\Project1\Campbell RMBL Data\Ipomopsis\L2252July30_852019_02.qgd","8/5/2019 8:50:25 AM","8/5/2019 9:21:09 AM","6823936","2DYHPD2\User"
"C:\GCMSsolution\Data\Project1\Campbell RMBL Data\Ipomopsis\L2254DJuly30_07312019.qgd","8/1/2019 1:30:03 AM","8/1/2019 2:00:47 AM","6942720","2DYHPD2\User"
"C:\GCMSsolution\Data\Project1\Campbell RMBL Data\Ipomopsis\L2259DJuly30_07312019.qgd","8/1/2019 2:01:03 AM","8/1/2019 2:31:53 AM","6885376","2DYHPD2\User"
"C:\GCMSsolution\Data\Project1\Campbell RMBL Data\Ipomopsis\L2260DJuly30_07312019.qgd","8/1/2019 2:32:07 AM","8/1/2019 3:02:57 AM","6881280","2DYHPD2\User"
"C:\GCMSsolution\Data\Project1\Campbell RMBL Data\Ipomopsis\L2261DJuly30_07312019.qgd","8/1/2019 3:03:11 AM","8/1/2019 3:33:56 AM","6897664","2DYHPD2\User"
"C:\GCMSsolution\Data\Project1\Campbell RMBL Data\Ipomopsis\L2262DJuly30_07312019.qgd","8/1/2019 3:34:10 AM","8/1/2019 4:05:03 AM","6881280","2DYHPD2\User"
"C:\GCMSsolution\Data\Project1\Campbell RMBL Data\Ipomopsis\L2263DJuly30_07312019.qgd","8/1/2019 4:05:19 AM","8/1/2019 4:36:09 AM","6868992","2DYHPD2\User"
"C:\GCMSsolution\Data\Project1\Campbell RMBL Data\Ipomopsis\L2264DJuly30_07312019.qgd","8/1/2019 4:36:23 AM","8/1/2019 5:07:11 AM","6885376","2DYHPD2\User"
"C:\GCMSsolution\Data\Project1\Campbell RMBL Data\Ipomopsis\L2265DJuly30_07312019.qgd","8/1/2019 5:07:26 AM","8/1/2019 5:38:14 AM","7843840","2DYHPD2\User"
"C:\GCMSsolution\Data\Project1\Campbell RMBL Data\Ipomopsis\L2266DJuly30_07312019.qgd","8/1/2019 5:38:31 AM","8/1/2019 6:09:22 AM","7036928","2DYHPD2\User"
"C:\GCMSsolution\Data\Project1\Campbell RMBL Data\Ipomopsis\L2269July30_852019_05.qgd","8/5/2019 10:23:57 AM","8/5/2019 10:55:04 AM","7684096","2DYHPD2\User"
"C:\GCMSsolution\Data\Project1\Campbell RMBL Data\Ipomopsis\L2273July30_852019_04.qgd","8/5/2019 9:52:37 AM","8/5/2019 10:23:41 AM","6815744","2DYHPD2\User"
"C:\GCMSsolution\Data\Project1\Campbell RMBL Data\Ipomopsis\L22DJul18_09032017.qgd","9/4/2017 1:23:28 AM","9/4/2017 1:54:59 AM","7028736","2DYHPD2\User"
"C:\GCMSsolution\Data\Project1\Campbell RMBL Data\Ipomopsis\L22DJuly30_07312019.qgd","7/31/2019 8:46:55 PM","7/31/2019 9:18:40 PM","6914048","2DYHPD2\User"
"C:\GCMSsolution\Data\Project1\Campbell RMBL Data\Ipomopsis\L23DJul18_09032017.qgd","9/4/2017 1:55:15 AM","9/4/2017 2:26:46 AM","7004160","2DYHPD2\User"
"C:\GCMSsolution\Data\Project1\Campbell RMBL Data\Ipomopsis\L23DJuly30_07312019.qgd","7/31/2019 9:18:53 PM","7/31/2019 9:50:25 PM","7073792","2DYHPD2\User"
"C:\GCMSsolution\Data\Project1\Campbell RMBL Data\Ipomopsis\L23NAug10_09012017.qgd","9/1/2017 1:31:00 PM","9/1/2017 2:03:17 PM","6946816","2DYHPD2\User"
"C:\GCMSsolution\Data\Project1\Campbell RMBL Data\Ipomopsis\L24DJul20_09022017.qgd","9/2/2017 9:37:05 AM","9/2/2017 10:08:47 AM","6934528","2DYHPD2\User"
"C:\GCMSsolution\Data\Project1\Campbell RMBL Data\Ipomopsis\L24DJuly19_08052018.qgd","8/5/2018 10:57:34 PM","8/5/2018 11:29:16 PM","6893568","2DYHPD2\User"
"C:\GCMSsolution\Data\Project1\Campbell RMBL Data\Ipomopsis\L24DJuly30_07312019.qgd","7/31/2019 9:50:41 PM","7/31/2019 10:22:00 PM","7806976","2DYHPD2\User"
"C:\GCMSsolution\Data\Project1\Campbell RMBL Data\Ipomopsis\L24NAug10_09022017.qgd","9/2/2017 12:17:57 PM","9/2/2017 12:49:57 PM","6983680","2DYHPD2\User"
"C:\GCMSsolution\Data\Project1\Campbell RMBL Data\Ipomopsis\L25DJul20_09022017.qgd","9/2/2017 8:33:32 AM","9/2/2017 9:04:59 AM","7008256","2DYHPD2\User"
"C:\GCMSsolution\Data\Project1\Campbell RMBL Data\Ipomopsis\L25DJuly19_07282018.qgd","7/28/2018 8:34:34 AM","7/28/2018 9:05:30 AM","6832128","2DYHPD2\User"
"C:\GCMSsolution\Data\Project1\Campbell RMBL Data\Ipomopsis\L25DJuly30_07312019.qgd","7/31/2019 10:22:14 PM","7/31/2019 10:53:28 PM","6950912","2DYHPD2\User"
"C:\GCMSsolution\Data\Project1\Campbell RMBL Data\Ipomopsis\L25NAug10_09012017.qgd","9/1/2017 2:03:31 PM","9/1/2017 2:35:54 PM","6934528","2DYHPD2\User"
"C:\GCMSsolution\Data\Project1\Campbell RMBL Data\Ipomopsis\L26DJul20_09022017.qgd","9/2/2017 8:05:18 PM","9/2/2017 8:37:14 PM","7004160","2DYHPD2\User"
"C:\GCMSsolution\Data\Project1\Campbell RMBL Data\Ipomopsis\L27DJuly30_07312019.qgd","7/31/2019 10:53:44 PM","7/31/2019 11:24:49 PM","6893568","2DYHPD2\User"
"C:\GCMSsolution\Data\Project1\Campbell RMBL Data\Ipomopsis\L28DJul21_09012017.qgd","9/1/2017 10:50:51 AM","9/1/2017 11:22:22 AM","6877184","2DYHPD2\User"
"C:\GCMSsolution\Data\Project1\Campbell RMBL Data\Ipomopsis\L28DJuly30_07312019.qgd","7/31/2019 11:25:05 PM","7/31/2019 11:55:55 PM","6942720","2DYHPD2\User"
"C:\GCMSsolution\Data\Project1\Campbell RMBL Data\Ipomopsis\L29DJul20_09032017.qgd","9/3/2017 9:21:04 AM","9/3/2017 9:52:29 AM","6926336","2DYHPD2\User"
"C:\GCMSsolution\Data\Project1\Campbell RMBL Data\Ipomopsis\L29DJuly19_08052018.qgd","8/5/2018 11:29:33 PM","8/6/2018 12:01:13 AM","6852608","2DYHPD2\User"
"C:\GCMSsolution\Data\Project1\Campbell RMBL Data\Ipomopsis\L2DJul18_09032017.qgd","9/3/2017 8:03:21 PM","9/3/2017 8:35:54 PM","7098368","2DYHPD2\User"
"C:\GCMSsolution\Data\Project1\Campbell RMBL Data\Ipomopsis\L2DJuly30_07312019.qgd","7/31/2019 9:03:32 AM","7/31/2019 9:34:30 AM","7802880","2DYHPD2\User"
"C:\GCMSsolution\Data\Project1\Campbell RMBL Data\Ipomopsis\L30DJul20_09022017.qgd","9/2/2017 10:09:00 AM","9/2/2017 10:40:53 AM","7032832","2DYHPD2\User"
"C:\GCMSsolution\Data\Project1\Campbell RMBL Data\Ipomopsis\L31DJul20_09022017.qgd","9/2/2017 6:59:16 PM","9/2/2017 7:32:24 PM","6963200","2DYHPD2\User"
"C:\GCMSsolution\Data\Project1\Campbell RMBL Data\Ipomopsis\L32DJul20_09022017.qgd","9/2/2017 9:05:14 AM","9/2/2017 9:36:51 AM","7028736","2DYHPD2\User"
"C:\GCMSsolution\Data\Project1\Campbell RMBL Data\Ipomopsis\L33DJul20_09032017.qgd","9/3/2017 10:24:43 AM","9/3/2017 10:56:32 AM","6901760","2DYHPD2\User"
"C:\GCMSsolution\Data\Project1\Campbell RMBL Data\Ipomopsis\L34DJul21_09012017.qgd","9/1/2017 8:11:33 PM","9/1/2017 8:43:10 PM","6995968","2DYHPD2\User"
"C:\GCMSsolution\Data\Project1\Campbell RMBL Data\Ipomopsis\L35DJul21_09012017.qgd","9/1/2017 12:26:26 PM","9/1/2017 12:58:22 PM","6971392","2DYHPD2\User"
"C:\GCMSsolution\Data\Project1\Campbell RMBL Data\Ipomopsis\L35DJuly19_08052018.qgd","8/6/2018 12:01:26 AM","8/6/2018 12:32:56 AM","6873088","2DYHPD2\User"
"C:\GCMSsolution\Data\Project1\Campbell RMBL Data\Ipomopsis\L36DJul21_09012017.qgd","9/1/2017 12:58:36 PM","9/1/2017 1:30:46 PM","6942720","2DYHPD2\User"
"C:\GCMSsolution\Data\Project1\Campbell RMBL Data\Ipomopsis\L36DJuly19_08052018.qgd","8/6/2018 12:33:12 AM","8/6/2018 1:04:32 AM","6832128","2DYHPD2\User"
"C:\GCMSsolution\Data\Project1\Campbell RMBL Data\Ipomopsis\L36DvegJuly19_08062018.qgd","8/6/2018 8:52:15 AM","8/6/2018 9:23:25 AM","6828032","2DYHPD2\User"
"C:\GCMSsolution\Data\Project1\Campbell RMBL Data\Ipomopsis\L37DJul21_09012017.qgd","9/1/2017 10:19:07 AM","9/1/2017 10:50:36 AM","6897664","2DYHPD2\User"
"C:\GCMSsolution\Data\Project1\Campbell RMBL Data\Ipomopsis\L37DJuly19_07282018.qgd","7/28/2018 9:05:43 AM","7/28/2018 9:36:57 AM","6807552","2DYHPD2\User"
"C:\GCMSsolution\Data\Project1\Campbell RMBL Data\Ipomopsis\L38DJul20_09022017.qgd","9/2/2017 10:41:08 AM","9/2/2017 11:13:12 AM","7077888","2DYHPD2\User"
"C:\GCMSsolution\Data\Project1\Campbell RMBL Data\Ipomopsis\L38NAug10_09012017.qgd","9/1/2017 2:36:09 PM","9/1/2017 3:08:50 PM","6959104","2DYHPD2\User"
"C:\GCMSsolution\Data\Project1\Campbell RMBL Data\Ipomopsis\L39DJul21_09012017.qgd","9/1/2017 11:22:37 AM","9/1/2017 11:54:14 AM","6885376","2DYHPD2\User"
"C:\GCMSsolution\Data\Project1\Campbell RMBL Data\Ipomopsis\L39July19_08052018.qgd","8/6/2018 1:04:46 AM","8/6/2018 1:36:06 AM","6844416","2DYHPD2\User"
"C:\GCMSsolution\Data\Project1\Campbell RMBL Data\Ipomopsis\L3DJul18_09032017.qgd","9/3/2017 8:36:08 PM","9/3/2017 9:08:30 PM","7028736","2DYHPD2\User"
"C:\GCMSsolution\Data\Project1\Campbell RMBL Data\Ipomopsis\L3DJuly30_07312019.qgd","7/31/2019 9:34:47 AM","7/31/2019 10:05:28 AM","7073792","2DYHPD2\User"
"C:\GCMSsolution\Data\Project1\Campbell RMBL Data\Ipomopsis\L40DJul21_09012017.qgd","9/1/2017 8:43:24 PM","9/1/2017 9:15:01 PM","7081984","2DYHPD2\User"
"C:\GCMSsolution\Data\Project1\Campbell RMBL Data\Ipomopsis\L41DJul21_09012017.qgd","9/1/2017 9:15:14 PM","9/1/2017 9:46:46 PM","7020544","2DYHPD2\User"
"C:\GCMSsolution\Data\Project1\Campbell RMBL Data\Ipomopsis\L41DJuly19_07282018.qgd","7/28/2018 9:37:12 AM","7/28/2018 10:08:27 AM","6807552","2DYHPD2\User"
"C:\GCMSsolution\Data\Project1\Campbell RMBL Data\Ipomopsis\L41NAug10_09012017.qgd","9/1/2017 3:09:04 PM","9/1/2017 3:41:54 PM","6914048","2DYHPD2\User"
"C:\GCMSsolution\Data\Project1\Campbell RMBL Data\Ipomopsis\L42DJul21_09012017.qgd","9/1/2017 7:39:13 PM","9/1/2017 8:11:18 PM","7118848","2DYHPD2\User"
"C:\GCMSsolution\Data\Project1\Campbell RMBL Data\Ipomopsis\L42NAug10_09022017.qgd","9/2/2017 11:45:58 AM","9/2/2017 12:17:42 PM","7012352","2DYHPD2\User"
"C:\GCMSsolution\Data\Project1\Campbell RMBL Data\Ipomopsis\L43DJul21_09012017.qgd","9/1/2017 11:54:31 AM","9/1/2017 12:26:10 PM","7073792","2DYHPD2\User"
"C:\GCMSsolution\Data\Project1\Campbell RMBL Data\Ipomopsis\L43NAug10_09022017.qgd","9/2/2017 4:40:59 PM","9/2/2017 5:17:32 PM","7086080","2DYHPD2\User"
"C:\GCMSsolution\Data\Project1\Campbell RMBL Data\Ipomopsis\L44DJul21_09012017.qgd","9/1/2017 7:06:10 PM","9/1/2017 7:39:00 PM","7114752","2DYHPD2\User"
"C:\GCMSsolution\Data\Project1\Campbell RMBL Data\Ipomopsis\L44NAug10reallyL13N_09022017.qgd","9/2/2017 1:22:30 PM","9/2/2017 1:54:47 PM","7098368","2DYHPD2\User"
"C:\GCMSsolution\Data\Project1\Campbell RMBL Data\Ipomopsis\L45DJul20_09022017.qgd","9/2/2017 7:32:40 PM","9/2/2017 8:05:03 PM","7081984","2DYHPD2\User"
"C:\GCMSsolution\Data\Project1\Campbell RMBL Data\Ipomopsis\L45NAug10_09022017.qgd","9/2/2017 11:13:29 AM","9/2/2017 11:45:42 AM","6983680","2DYHPD2\User"
"C:\GCMSsolution\Data\Project1\Campbell RMBL Data\Ipomopsis\L46DJul20_09032017.qgd","9/3/2017 11:29:28 AM","9/3/2017 12:01:32 PM","6918144","2DYHPD2\User"
"C:\GCMSsolution\Data\Project1\Campbell RMBL Data\Ipomopsis\L46DJuly19_07282018.qgd","7/28/2018 10:08:42 AM","7/28/2018 10:40:06 AM","6844416","2DYHPD2\User"
"C:\GCMSsolution\Data\Project1\Campbell RMBL Data\Ipomopsis\L46NAug10_09022017.qgd","9/2/2017 5:17:47 PM","9/2/2017 5:51:24 PM","6950912","2DYHPD2\User"
"C:\GCMSsolution\Data\Project1\Campbell RMBL Data\Ipomopsis\L47DJul20_09022017.qgd","9/2/2017 8:01:53 AM","9/2/2017 8:33:18 AM","7032832","2DYHPD2\User"
"C:\GCMSsolution\Data\Project1\Campbell RMBL Data\Ipomopsis\L47NAug10_09022017.qgd","9/2/2017 6:25:35 PM","9/2/2017 6:59:03 PM","6950912","2DYHPD2\User"
"C:\GCMSsolution\Data\Project1\Campbell RMBL Data\Ipomopsis\L48DJul20_09032017.qgd","9/3/2017 9:52:43 AM","9/3/2017 10:24:28 AM","6918144","2DYHPD2\User"
"C:\GCMSsolution\Data\Project1\Campbell RMBL Data\Ipomopsis\L48DJuly19_07282018.qgd","7/28/2018 10:40:21 AM","7/29/2018 7:15:42 AM","6836224","2DYHPD2\User"
"C:\GCMSsolution\Data\Project1\Campbell RMBL Data\Ipomopsis\L48NAug10_09012017.qgd","9/1/2017 3:42:11 PM","9/1/2017 4:14:00 PM","6942720","2DYHPD2\User"
"C:\GCMSsolution\Data\Project1\Campbell RMBL Data\Ipomopsis\L49DJul20_09022017.qgd","9/2/2017 9:10:04 PM","9/2/2017 9:42:07 PM","7008256","2DYHPD2\User"
"C:\GCMSsolution\Data\Project1\Campbell RMBL Data\Ipomopsis\L49NAug10_09012017.qgd","9/2/2017 12:57:03 AM","9/2/2017 1:28:39 AM","6963200","2DYHPD2\User"
"C:\GCMSsolution\Data\Project1\Campbell RMBL Data\Ipomopsis\L4DJul18_09032017.qgd","9/3/2017 12:34:31 PM","9/3/2017 1:07:23 PM","7106560","2DYHPD2\User"
"C:\GCMSsolution\Data\Project1\Campbell RMBL Data\Ipomopsis\L4DJuly30_07312019.qgd","7/31/2019 10:05:42 AM","7/31/2019 10:36:43 AM","6918144","2DYHPD2\User"
"C:\GCMSsolution\Data\Project1\Campbell RMBL Data\Ipomopsis\L50DJul20_09022017.qgd","9/2/2017 8:37:30 PM","9/2/2017 9:09:51 PM","7057408","2DYHPD2\User"
"C:\GCMSsolution\Data\Project1\Campbell RMBL Data\Ipomopsis\L50DJuly19_07282018.qgd","7/28/2018 11:12:16 AM","7/28/2018 11:44:21 AM","6983680","2DYHPD2\User"
"C:\GCMSsolution\Data\Project1\Campbell RMBL Data\Ipomopsis\L50NAug10_09012017.qgd","9/1/2017 4:14:14 PM","9/1/2017 4:46:19 PM","6914048","2DYHPD2\User"
"C:\GCMSsolution\Data\Project1\Campbell RMBL Data\Ipomopsis\L5DJul18_09032017.qgd","9/3/2017 9:08:46 PM","9/3/2017 9:40:44 PM","7106560","2DYHPD2\User"
"C:\GCMSsolution\Data\Project1\Campbell RMBL Data\Ipomopsis\L5DJuly30_07312019.qgd","7/31/2019 10:36:58 AM","7/31/2019 11:08:01 AM","6877184","2DYHPD2\User"
"C:\GCMSsolution\Data\Project1\Campbell RMBL Data\Ipomopsis\L6DJul21_09012017.qgd","9/1/2017 9:47:01 PM","9/1/2017 10:18:28 PM","7065600","2DYHPD2\User"
"C:\GCMSsolution\Data\Project1\Campbell RMBL Data\Ipomopsis\L6DJuly30_07312019.qgd","7/31/2019 11:08:14 AM","7/31/2019 11:39:44 AM","6885376","2DYHPD2\User"
"C:\GCMSsolution\Data\Project1\Campbell RMBL Data\Ipomopsis\L7DJul18_09032017.qgd","9/3/2017 1:07:39 PM","9/3/2017 1:40:49 PM","7041024","2DYHPD2\User"
"C:\GCMSsolution\Data\Project1\Campbell RMBL Data\Ipomopsis\L8DJul18_09032017.qgd","9/3/2017 1:41:03 PM","9/3/2017 2:14:39 PM","7057408","2DYHPD2\User"
"C:\GCMSsolution\Data\Project1\Campbell RMBL Data\Ipomopsis\L8DJuly30_07312019.qgd","7/31/2019 11:40:00 AM","7/31/2019 12:11:48 PM","6914048","2DYHPD2\User"
"C:\GCMSsolution\Data\Project1\Campbell RMBL Data\Ipomopsis\L9DJul18_09032017.qgd","9/3/2017 2:14:52 PM","9/3/2017 2:48:47 PM","7053312","2DYHPD2\User"
"C:\GCMSsolution\Data\Project1\Campbell RMBL Data\Ipomopsis\L9DJuly30_07312019.qgd","7/31/2019 12:12:03 PM","7/31/2019 12:44:12 PM","6909952","2DYHPD2\User"
"C:\GCMSsolution\Data\Project1\Campbell RMBL Data\Ipomopsis\LAir1LSJuly30_07312019.qgd","7/31/2019 8:32:37 AM","7/31/2019 9:03:19 AM","6946816","2DYHPD2\User"
"C:\GCMSsolution\Data\Project1\Campbell RMBL Data\Ipomopsis\LAir2LSJuly30_07312019.qgd","7/31/2019 8:14:52 PM","7/31/2019 8:46:39 PM","7012352","2DYHPD2\User"
"C:\GCMSsolution\Data\Project1\Campbell RMBL Data\Ipomopsis\LAirJNJuly30_07312019.qgd","7/31/2019 1:16:59 PM","7/31/2019 1:49:32 PM","6934528","2DYHPD2\User"
"C:\GCMSsolution\Data\Project1\Campbell RMBL Data\Ipomopsis\Leaf3Aug2015_08222017.qgd","8/22/2017 4:57:42 PM","8/22/2017 5:30:01 PM","7032832","2DYHPD2\User"
"C:\GCMSsolution\Data\Project1\Campbell RMBL Data\Ipomopsis\Markes test 1.qgd","8/15/2017 2:31:00 PM","6/22/2017 11:57:49 AM","2707456","2DYHPD2\User"
"C:\GCMSsolution\Data\Project1\Campbell RMBL Data\Ipomopsis\Markes test 2.qgd","8/15/2017 2:31:00 PM","6/22/2017 12:15:40 PM","3555328","2DYHPD2\User"
"C:\GCMSsolution\Data\Project1\Campbell RMBL Data\Ipomopsis\Markes test 3.qgd","8/15/2017 2:31:00 PM","6/22/2017 12:34:50 PM","757760","2DYHPD2\User"
"C:\GCMSsolution\Data\Project1\Campbell RMBL Data\Ipomopsis\Markes test 4.qgd","8/15/2017 2:31:00 PM","6/22/2017 4:03:24 PM","1437696","2DYHPD2\User"
"C:\GCMSsolution\Data\Project1\Campbell RMBL Data\Ipomopsis\Markes test 5.qgd","8/15/2017 2:31:00 PM","6/22/2017 4:22:17 PM","2899968","2DYHPD2\User"
"C:\GCMSsolution\Data\Project1\Campbell RMBL Data\Ipomopsis\OQRepeat.txt","9/3/2018 6:50:03 PM","9/4/2018 3:43:00 AM","2743","2DYHPD2\User"
"C:\GCMSsolution\Data\Project1\Campbell RMBL Data\Ipomopsis\Penstemon r_08132017.qgd","8/15/2017 2:30:24 PM","8/14/2017 8:12:22 AM","8110080","2DYHPD2\User"
"C:\GCMSsolution\Data\Project1\Campbell RMBL Data\Ipomopsis\Plant10DryJuly19_07212017.qgd","8/15/2017 2:30:47 PM","7/21/2017 4:13:35 PM","7081984","2DYHPD2\User"
"C:\GCMSsolution\Data\Project1\Campbell RMBL Data\Ipomopsis\Plant10DryJuly23_07232017.qgd","8/15/2017 2:30:42 PM","7/23/2017 8:47:23 PM","6975488","2DYHPD2\User"
"C:\GCMSsolution\Data\Project1\Campbell RMBL Data\Ipomopsis\Plant10DryJuly26_07262017.qgd","8/15/2017 2:30:33 PM","7/26/2017 7:25:33 PM","6897664","2DYHPD2\User"
"C:\GCMSsolution\Data\Project1\Campbell RMBL Data\Ipomopsis\Plant10DryJuly28_07282017.qgd","8/15/2017 2:30:29 PM","7/28/2017 5:48:53 PM","6852608","2DYHPD2\User"
"C:\GCMSsolution\Data\Project1\Campbell RMBL Data\Ipomopsis\Plant10DryJuly28redo_07292017.qgd","8/15/2017 2:30:27 PM","7/29/2017 9:41:41 AM","6868992","2DYHPD2\User"
"C:\GCMSsolution\Data\Project1\Campbell RMBL Data\Ipomopsis\Plant10July31_07312017.qgd","8/15/2017 2:30:26 PM","7/31/2017 4:01:09 PM","6832128","2DYHPD2\User"
"C:\GCMSsolution\Data\Project1\Campbell RMBL Data\Ipomopsis\Plant11DryJuly19_07212017.qgd","8/15/2017 2:30:47 PM","7/21/2017 4:46:56 PM","7028736","2DYHPD2\User"
"C:\GCMSsolution\Data\Project1\Campbell RMBL Data\Ipomopsis\Plant11DryJuly23_07232017.qgd","8/15/2017 2:30:41 PM","7/23/2017 9:19:02 PM","7004160","2DYHPD2\User"
"C:\GCMSsolution\Data\Project1\Campbell RMBL Data\Ipomopsis\Plant11DryJuly26_07262017.qgd","8/15/2017 2:30:33 PM","7/26/2017 7:58:17 PM","6889472","2DYHPD2\User"
"C:\GCMSsolution\Data\Project1\Campbell RMBL Data\Ipomopsis\Plant11DryJuly28_07282017.qgd","8/15/2017 2:30:29 PM","7/28/2017 6:20:57 PM","6848512","2DYHPD2\User"
"C:\GCMSsolution\Data\Project1\Campbell RMBL Data\Ipomopsis\Plant11July31_07312017.qgd","8/15/2017 2:30:26 PM","7/31/2017 4:34:52 PM","6873088","2DYHPD2\User"
"C:\GCMSsolution\Data\Project1\Campbell RMBL Data\Ipomopsis\Plant12DryJuly19_07212017.qgd","8/15/2017 2:30:47 PM","7/21/2017 5:20:22 PM","6926336","2DYHPD2\User"
"C:\GCMSsolution\Data\Project1\Campbell RMBL Data\Ipomopsis\Plant12DryJuly23_07232017.qgd","8/15/2017 2:30:41 PM","7/23/2017 9:50:36 PM","6909952","2DYHPD2\User"
"C:\GCMSsolution\Data\Project1\Campbell RMBL Data\Ipomopsis\Plant12DryJuly26_07262017.qgd","8/15/2017 2:30:33 PM","7/26/2017 8:30:49 PM","7098368","2DYHPD2\User"
"C:\GCMSsolution\Data\Project1\Campbell RMBL Data\Ipomopsis\Plant12DryJuly28_07282017.qgd","8/15/2017 2:30:29 PM","7/28/2017 6:54:01 PM","6856704","2DYHPD2\User"
"C:\GCMSsolution\Data\Project1\Campbell RMBL Data\Ipomopsis\Plant12July31_07312017.qgd","8/15/2017 2:30:26 PM","7/31/2017 5:08:45 PM","6864896","2DYHPD2\User"
"C:\GCMSsolution\Data\Project1\Campbell RMBL Data\Ipomopsis\Plant13DryAug1_08012017.qgd","8/15/2017 2:30:24 PM","8/1/2017 3:13:41 PM","6901760","2DYHPD2\User"
"C:\GCMSsolution\Data\Project1\Campbell RMBL Data\Ipomopsis\Plant13DryJuly19_07212017.qgd","8/15/2017 2:30:47 PM","7/21/2017 5:53:52 PM","6914048","2DYHPD2\User"
"C:\GCMSsolution\Data\Project1\Campbell RMBL Data\Ipomopsis\Plant13DryJuly23_07232017.qgd","8/15/2017 2:30:40 PM","7/23/2017 10:22:10 PM","6893568","2DYHPD2\User"
"C:\GCMSsolution\Data\Project1\Campbell RMBL Data\Ipomopsis\Plant13DryJuly26_07262017.qgd","8/15/2017 2:30:32 PM","7/26/2017 9:03:52 PM","6905856","2DYHPD2\User"
"C:\GCMSsolution\Data\Project1\Campbell RMBL Data\Ipomopsis\Plant13DryJuly28_07282017.qgd","8/15/2017 2:30:29 PM","7/28/2017 7:26:52 PM","6881280","2DYHPD2\User"
"C:\GCMSsolution\Data\Project1\Campbell RMBL Data\Ipomopsis\Plant13DryJuly31_07312017.qgd","8/15/2017 2:30:25 PM","7/31/2017 5:35:32 PM","5013504","2DYHPD2\User"
"C:\GCMSsolution\Data\Project1\Campbell RMBL Data\Ipomopsis\Plant14DryAug1_08012017.qgd","8/15/2017 2:30:24 PM","8/1/2017 3:46:52 PM","6897664","2DYHPD2\User"
"C:\GCMSsolution\Data\Project1\Campbell RMBL Data\Ipomopsis\Plant14DryJuly19_07212017.qgd","8/15/2017 2:30:47 PM","7/21/2017 6:26:47 PM","7032832","2DYHPD2\User"
"C:\GCMSsolution\Data\Project1\Campbell RMBL Data\Ipomopsis\Plant14DryJuly23_07232017.qgd","8/15/2017 2:30:40 PM","7/23/2017 10:53:45 PM","6873088","2DYHPD2\User"
"C:\GCMSsolution\Data\Project1\Campbell RMBL Data\Ipomopsis\Plant14DryJuly26_07262017.qgd","8/15/2017 2:30:32 PM","7/26/2017 9:37:05 PM","6901760","2DYHPD2\User"
"C:\GCMSsolution\Data\Project1\Campbell RMBL Data\Ipomopsis\Plant14DryJuly28_07282017.qgd","8/15/2017 2:30:29 PM","7/28/2017 7:59:25 PM","6889472","2DYHPD2\User"
"C:\GCMSsolution\Data\Project1\Campbell RMBL Data\Ipomopsis\Plant15DryAug1_08012017.qgd","8/15/2017 2:30:24 PM","8/1/2017 4:20:20 PM","6971392","2DYHPD2\User"
"C:\GCMSsolution\Data\Project1\Campbell RMBL Data\Ipomopsis\Plant15DryJuly19_07212017.qgd","8/15/2017 2:30:46 PM","7/21/2017 6:59:13 PM","7139328","2DYHPD2\User"
"C:\GCMSsolution\Data\Project1\Campbell RMBL Data\Ipomopsis\Plant15DryJuly23_07232017.qgd","8/15/2017 2:30:40 PM","7/23/2017 11:25:16 PM","6967296","2DYHPD2\User"
"C:\GCMSsolution\Data\Project1\Campbell RMBL Data\Ipomopsis\Plant15DryJuly26_07262017.qgd","8/15/2017 2:30:32 PM","7/26/2017 10:10:09 PM","6971392","2DYHPD2\User"
"C:\GCMSsolution\Data\Project1\Campbell RMBL Data\Ipomopsis\Plant15DryJuly28_07282017.qgd","8/15/2017 2:30:28 PM","7/28/2017 8:30:34 PM","6799360","2DYHPD2\User"
"C:\GCMSsolution\Data\Project1\Campbell RMBL Data\Ipomopsis\Plant15DryJuly28redo_07292017.qgd","8/15/2017 2:30:27 PM","7/29/2017 8:17:15 AM","6877184","2DYHPD2\User"
"C:\GCMSsolution\Data\Project1\Campbell RMBL Data\Ipomopsis\Plant16DryJuly19_07212017.qgd","8/15/2017 2:30:46 PM","7/21/2017 7:31:26 PM","7188480","2DYHPD2\User"
"C:\GCMSsolution\Data\Project1\Campbell RMBL Data\Ipomopsis\Plant16DryJuly23_07232017.qgd","8/15/2017 2:30:39 PM","7/23/2017 11:56:31 PM","6897664","2DYHPD2\User"
"C:\GCMSsolution\Data\Project1\Campbell RMBL Data\Ipomopsis\Plant16DryJuly26_07262017.qgd","8/15/2017 2:30:32 PM","7/26/2017 10:43:07 PM","6873088","2DYHPD2\User"
"C:\GCMSsolution\Data\Project1\Campbell RMBL Data\Ipomopsis\Plant16DryJuly26redo_07282017.qgd","8/15/2017 2:30:28 PM","7/28/2017 10:05:51 PM","6807552","2DYHPD2\User"
"C:\GCMSsolution\Data\Project1\Campbell RMBL Data\Ipomopsis\Plant16DryJuly28_07282017.qgd","8/15/2017 2:30:28 PM","7/28/2017 9:02:52 PM","6877184","2DYHPD2\User"
"C:\GCMSsolution\Data\Project1\Campbell RMBL Data\Ipomopsis\Plant16DryJuly31_08012017.qgd","8/15/2017 2:30:24 PM","8/1/2017 12:38:50 PM","6852608","2DYHPD2\User"
"C:\GCMSsolution\Data\Project1\Campbell RMBL Data\Ipomopsis\Plant17flr1_08202017.qgd","8/20/2017 1:09:23 PM","8/20/2017 1:41:24 PM","6844416","2DYHPD2\User"
"C:\GCMSsolution\Data\Project1\Campbell RMBL Data\Ipomopsis\Plant17flr2_08202017.qgd","8/20/2017 1:41:40 PM","8/20/2017 2:14:01 PM","6828032","2DYHPD2\User"
"C:\GCMSsolution\Data\Project1\Campbell RMBL Data\Ipomopsis\Plant17flr4_08202017.qgd","8/20/2017 2:14:17 PM","8/20/2017 2:46:54 PM","6836224","2DYHPD2\User"
"C:\GCMSsolution\Data\Project1\Campbell RMBL Data\Ipomopsis\Plant1DryJuly19_07212017.qgd","8/15/2017 2:30:49 PM","7/21/2017 11:19:18 AM","6782976","2DYHPD2\User"
"C:\GCMSsolution\Data\Project1\Campbell RMBL Data\Ipomopsis\Plant1DryJuly19_07222017.qgd","8/15/2017 2:30:45 PM","7/22/2017 7:28:34 AM","6852608","2DYHPD2\User"
"C:\GCMSsolution\Data\Project1\Campbell RMBL Data\Ipomopsis\Plant1DryJuly23_07232017.qgd","8/15/2017 2:30:44 PM","7/23/2017 3:59:55 PM","6848512","2DYHPD2\User"
"C:\GCMSsolution\Data\Project1\Campbell RMBL Data\Ipomopsis\Plant1DryJuly26_07262017.qgd","8/15/2017 2:30:35 PM","7/26/2017 2:25:49 PM","6873088","2DYHPD2\User"
"C:\GCMSsolution\Data\Project1\Campbell RMBL Data\Ipomopsis\Plant1DryJuly28_07282017.qgd","8/15/2017 2:30:30 PM","7/28/2017 2:02:52 PM","6848512","2DYHPD2\User"
"C:\GCMSsolution\Data\Project1\Campbell RMBL Data\Ipomopsis\Plant1DryJuly31_07312017.qgd","8/15/2017 2:30:26 PM","7/31/2017 1:16:19 PM","6914048","2DYHPD2\User"
"C:\GCMSsolution\Data\Project1\Campbell RMBL Data\Ipomopsis\Plant2DryJuly19_07212017.qgd","8/15/2017 2:30:49 PM","7/21/2017 11:51:53 AM","6922240","2DYHPD2\User"
"C:\GCMSsolution\Data\Project1\Campbell RMBL Data\Ipomopsis\Plant2DryJuly23_07232017.qgd","8/15/2017 2:30:44 PM","7/23/2017 4:32:47 PM","6856704","2DYHPD2\User"
"C:\GCMSsolution\Data\Project1\Campbell RMBL Data\Ipomopsis\Plant2DryJuly26_07262017.qgd","8/15/2017 2:30:35 PM","7/26/2017 2:58:52 PM","6840320","2DYHPD2\User"
"C:\GCMSsolution\Data\Project1\Campbell RMBL Data\Ipomopsis\Plant2DryJuly28_07282017.qgd","8/15/2017 2:30:30 PM","7/28/2017 2:35:29 PM","6852608","2DYHPD2\User"
"C:\GCMSsolution\Data\Project1\Campbell RMBL Data\Ipomopsis\Plant2DryJuly31_07312017.qgd","8/15/2017 2:30:26 PM","7/31/2017 1:48:35 PM","6856704","2DYHPD2\User"
"C:\GCMSsolution\Data\Project1\Campbell RMBL Data\Ipomopsis\Plant2flr1_08172017.qgd","8/17/2017 1:02:10 PM","8/17/2017 1:34:17 PM","6868992","2DYHPD2\User"
"C:\GCMSsolution\Data\Project1\Campbell RMBL Data\Ipomopsis\Plant2flr1_08202017.qgd","8/20/2017 6:08:19 PM","8/20/2017 6:41:29 PM","6955008","2DYHPD2\User"
"C:\GCMSsolution\Data\Project1\Campbell RMBL Data\Ipomopsis\Plant2flr2_08172017.qgd","8/17/2017 12:29:49 PM","8/17/2017 1:01:54 PM","6889472","2DYHPD2\User"
"C:\GCMSsolution\Data\Project1\Campbell RMBL Data\Ipomopsis\Plant2flr2_08202017.qgd","8/20/2017 6:41:46 PM","8/20/2017 7:14:32 PM","6963200","2DYHPD2\User"
"C:\GCMSsolution\Data\Project1\Campbell RMBL Data\Ipomopsis\Plant2flr4_08172017.qgd","8/17/2017 11:53:17 AM","8/17/2017 12:29:34 PM","6893568","2DYHPD2\User"
"C:\GCMSsolution\Data\Project1\Campbell RMBL Data\Ipomopsis\Plant2flr4_08202017.qgd","8/20/2017 7:14:49 PM","8/20/2017 7:47:19 PM","6926336","2DYHPD2\User"
"C:\GCMSsolution\Data\Project1\Campbell RMBL Data\Ipomopsis\Plant3DryJuly19_07212017.qgd","8/15/2017 2:30:49 PM","7/21/2017 12:24:51 PM","6909952","2DYHPD2\User"
"C:\GCMSsolution\Data\Project1\Campbell RMBL Data\Ipomopsis\Plant3DryJuly23_07223017.qgd","8/15/2017 2:30:43 PM","7/23/2017 5:04:52 PM","7032832","2DYHPD2\User"
"C:\GCMSsolution\Data\Project1\Campbell RMBL Data\Ipomopsis\Plant3DryJuly26_07262017.qgd","8/15/2017 2:30:34 PM","7/26/2017 3:31:55 PM","6860800","2DYHPD2\User"
"C:\GCMSsolution\Data\Project1\Campbell RMBL Data\Ipomopsis\Plant4DryJuly19_07212017.qgd","8/15/2017 2:30:48 PM","7/21/2017 12:57:08 PM","6885376","2DYHPD2\User"
"C:\GCMSsolution\Data\Project1\Campbell RMBL Data\Ipomopsis\Plant4DryJuly23_07232017.qgd","8/15/2017 2:30:43 PM","7/23/2017 5:37:42 PM","6922240","2DYHPD2\User"
"C:\GCMSsolution\Data\Project1\Campbell RMBL Data\Ipomopsis\Plant4DryJuly26_07262017.qgd","8/15/2017 2:30:34 PM","7/26/2017 4:04:55 PM","6873088","2DYHPD2\User"
"C:\GCMSsolution\Data\Project1\Campbell RMBL Data\Ipomopsis\Plant4DryJuly28_07282017.qgd","8/15/2017 2:30:30 PM","7/28/2017 3:07:45 PM","6868992","2DYHPD2\User"
"C:\GCMSsolution\Data\Project1\Campbell RMBL Data\Ipomopsis\Plant4flr1_08162017.qgd","8/16/2017 3:26:15 PM","8/16/2017 3:58:42 PM","6881280","2DYHPD2\User"
"C:\GCMSsolution\Data\Project1\Campbell RMBL Data\Ipomopsis\Plant4flr1_08202017.qgd","8/20/2017 7:47:35 PM","8/20/2017 8:19:39 PM","6885376","2DYHPD2\User"
"C:\GCMSsolution\Data\Project1\Campbell RMBL Data\Ipomopsis\Plant4flr2_08162017.qgd","8/16/2017 3:58:57 PM","8/16/2017 4:31:32 PM","6823936","2DYHPD2\User"
"C:\GCMSsolution\Data\Project1\Campbell RMBL Data\Ipomopsis\Plant4flr2_08202017.qgd","8/20/2017 8:19:55 PM","8/20/2017 8:52:31 PM","6934528","2DYHPD2\User"
"C:\GCMSsolution\Data\Project1\Campbell RMBL Data\Ipomopsis\Plant4flr4_08162017.qgd","8/16/2017 4:31:48 PM","8/16/2017 5:03:33 PM","6832128","2DYHPD2\User"
"C:\GCMSsolution\Data\Project1\Campbell RMBL Data\Ipomopsis\Plant4flr4_08202017.qgd","8/20/2017 8:52:46 PM","8/20/2017 9:25:03 PM","6918144","2DYHPD2\User"
"C:\GCMSsolution\Data\Project1\Campbell RMBL Data\Ipomopsis\Plant4July31_07312017.qgd","8/15/2017 2:30:26 PM","7/31/2017 2:21:20 PM","6844416","2DYHPD2\User"
"C:\GCMSsolution\Data\Project1\Campbell RMBL Data\Ipomopsis\Plant5DryJuly19_07212017.qgd","8/15/2017 2:30:48 PM","7/21/2017 1:29:28 PM","7135232","2DYHPD2\User"
"C:\GCMSsolution\Data\Project1\Campbell RMBL Data\Ipomopsis\Plant5DryJuly23_07232017.qgd","8/15/2017 2:30:43 PM","7/23/2017 6:08:55 PM","6819840","2DYHPD2\User"
"C:\GCMSsolution\Data\Project1\Campbell RMBL Data\Ipomopsis\Plant5DryJuly23_07242017.qgd","8/15/2017 2:30:39 PM","7/24/2017 8:04:29 AM","6914048","2DYHPD2\User"
"C:\GCMSsolution\Data\Project1\Campbell RMBL Data\Ipomopsis\Plant5DryJuly26_07262017.qgd","8/15/2017 2:30:34 PM","7/26/2017 4:37:53 PM","6860800","2DYHPD2\User"
"C:\GCMSsolution\Data\Project1\Campbell RMBL Data\Ipomopsis\Plant6DryJuly19_07212017.qgd","8/15/2017 2:30:48 PM","7/21/2017 2:01:58 PM","7122944","2DYHPD2\User"
"C:\GCMSsolution\Data\Project1\Campbell RMBL Data\Ipomopsis\Plant6DryJuly23_07232017.qgd","8/15/2017 2:30:43 PM","7/23/2017 6:41:11 PM","6959104","2DYHPD2\User"
"C:\GCMSsolution\Data\Project1\Campbell RMBL Data\Ipomopsis\Plant6DryJuly26_07262017.qgd","8/15/2017 2:30:34 PM","7/26/2017 5:11:32 PM","6873088","2DYHPD2\User"
"C:\GCMSsolution\Data\Project1\Campbell RMBL Data\Ipomopsis\Plant6DryJuly28_07282017.qgd","8/15/2017 2:30:30 PM","7/28/2017 3:39:57 PM","6864896","2DYHPD2\User"
"C:\GCMSsolution\Data\Project1\Campbell RMBL Data\Ipomopsis\Plant6flr1_08162017.qgd","8/16/2017 5:03:47 PM","8/16/2017 5:36:30 PM","6856704","2DYHPD2\User"
"C:\GCMSsolution\Data\Project1\Campbell RMBL Data\Ipomopsis\Plant6flr2_08162017.qgd","8/16/2017 5:36:45 PM","8/16/2017 6:09:24 PM","6836224","2DYHPD2\User"
"C:\GCMSsolution\Data\Project1\Campbell RMBL Data\Ipomopsis\Plant6flr4_08162017.qgd","8/16/2017 6:09:40 PM","8/16/2017 6:42:06 PM","6836224","2DYHPD2\User"
"C:\GCMSsolution\Data\Project1\Campbell RMBL Data\Ipomopsis\Plant6July31_07312017.qgd","8/15/2017 2:30:26 PM","7/31/2017 2:54:29 PM","6856704","2DYHPD2\User"
"C:\GCMSsolution\Data\Project1\Campbell RMBL Data\Ipomopsis\Plant7DryJuly19_07212017.qgd","8/15/2017 2:30:48 PM","7/21/2017 2:34:20 PM","6832128","2DYHPD2\User"
"C:\GCMSsolution\Data\Project1\Campbell RMBL Data\Ipomopsis\Plant7DryJuly19_07222017.qgd","8/15/2017 2:30:45 PM","7/22/2017 7:59:49 AM","6901760","2DYHPD2\User"
"C:\GCMSsolution\Data\Project1\Campbell RMBL Data\Ipomopsis\Plant7DryJuly23_07232017.qgd","8/15/2017 2:30:43 PM","7/23/2017 7:12:00 PM","6832128","2DYHPD2\User"
"C:\GCMSsolution\Data\Project1\Campbell RMBL Data\Ipomopsis\Plant7DryJuly23_07242017.qgd","8/15/2017 2:30:38 PM","7/24/2017 8:35:08 AM","6811648","2DYHPD2\User"
"C:\GCMSsolution\Data\Project1\Campbell RMBL Data\Ipomopsis\Plant7DryJuly26_07262017.qgd","8/15/2017 2:30:33 PM","7/26/2017 5:45:19 PM","6864896","2DYHPD2\User"
"C:\GCMSsolution\Data\Project1\Campbell RMBL Data\Ipomopsis\Plant7DryJuly28_07282017.qgd","8/15/2017 2:30:30 PM","7/28/2017 4:12:10 PM","6856704","2DYHPD2\User"
"C:\GCMSsolution\Data\Project1\Campbell RMBL Data\Ipomopsis\Plant7DryredoJuly23_07242017.qgd","8/15/2017 2:30:38 PM","7/24/2017 9:12:58 AM","6864896","2DYHPD2\User"
"C:\GCMSsolution\Data\Project1\Campbell RMBL Data\Ipomopsis\Plant8DryJuly19_07212017.qgd","8/15/2017 2:30:48 PM","7/21/2017 3:07:20 PM","6942720","2DYHPD2\User"
"C:\GCMSsolution\Data\Project1\Campbell RMBL Data\Ipomopsis\Plant8DryJuly23_07232017.qgd","8/15/2017 2:30:42 PM","7/23/2017 7:43:53 PM","6946816","2DYHPD2\User"
"C:\GCMSsolution\Data\Project1\Campbell RMBL Data\Ipomopsis\Plant8DryJuly26_07262017.qgd","8/15/2017 2:30:33 PM","7/26/2017 6:19:08 PM","6885376","2DYHPD2\User"
"C:\GCMSsolution\Data\Project1\Campbell RMBL Data\Ipomopsis\Plant8DryJuly28_07282017.qgd","8/15/2017 2:30:30 PM","7/28/2017 4:44:22 PM","6864896","2DYHPD2\User"
"C:\GCMSsolution\Data\Project1\Campbell RMBL Data\Ipomopsis\Plant8July31_07312017.qgd","8/15/2017 2:30:26 PM","7/31/2017 3:27:35 PM","6877184","2DYHPD2\User"
"C:\GCMSsolution\Data\Project1\Campbell RMBL Data\Ipomopsis\Plant9DryAug1_08012017.qgd","8/15/2017 2:30:24 PM","8/1/2017 2:40:36 PM","6930432","2DYHPD2\User"
"C:\GCMSsolution\Data\Project1\Campbell RMBL Data\Ipomopsis\Plant9DryJuly19_07212017.qgd","8/15/2017 2:30:47 PM","7/21/2017 3:40:23 PM","7192576","2DYHPD2\User"
"C:\GCMSsolution\Data\Project1\Campbell RMBL Data\Ipomopsis\Plant9DryJuly23_07232017.qgd","8/15/2017 2:30:42 PM","7/23/2017 8:15:41 PM","6885376","2DYHPD2\User"
"C:\GCMSsolution\Data\Project1\Campbell RMBL Data\Ipomopsis\Plant9DryJuly26_07262017.qgd","8/15/2017 2:30:33 PM","7/26/2017 6:52:33 PM","6905856","2DYHPD2\User"
"C:\GCMSsolution\Data\Project1\Campbell RMBL Data\Ipomopsis\Plant9DryJuly28_07282017.qgd","8/15/2017 2:30:29 PM","7/28/2017 5:16:38 PM","6877184","2DYHPD2\User"
"C:\GCMSsolution\Data\Project1\Campbell RMBL Data\Ipomopsis\Polemonium f_08132017.qgd","8/15/2017 2:30:24 PM","8/14/2017 8:03:54 AM","8159232","2DYHPD2\User"
"C:\GCMSsolution\Data\Project1\Campbell RMBL Data\Ipomopsis\Pot10N_07132017.qgd","8/15/2017 2:30:53 PM","7/13/2017 9:40:19 PM","6803456","2DYHPD2\User"
"C:\GCMSsolution\Data\Project1\Campbell RMBL Data\Ipomopsis\PotaggN_07132017.qgd","8/15/2017 2:30:53 PM","7/13/2017 10:11:24 PM","6848512","2DYHPD2\User"
"C:\GCMSsolution\Data\Project1\Campbell RMBL Data\Ipomopsis\Pump2test_07232017.qgd","8/15/2017 2:30:44 PM","7/23/2017 1:47:08 PM","7139328","2DYHPD2\User"
"C:\GCMSsolution\Data\Project1\Campbell RMBL Data\Ipomopsis\Pump4test_07232017.qgd","8/15/2017 2:30:44 PM","7/23/2017 1:15:00 PM","6828032","2DYHPD2\User"
"C:\GCMSsolution\Data\Project1\Campbell RMBL Data\Ipomopsis\QAQCData.htm","9/3/2018 6:50:03 PM","9/4/2018 3:43:00 AM","495","2DYHPD2\User"
"C:\GCMSsolution\Data\Project1\Campbell RMBL Data\Ipomopsis\QAQCData.txt","9/3/2018 6:50:03 PM","9/3/2018 6:50:03 PM","75","2DYHPD2\User"
"C:\GCMSsolution\Data\Project1\Campbell RMBL Data\Ipomopsis\std_analysis_ipomopsis_folder.qgb","6/25/2019 1:49:46 PM","6/25/2019 1:58:43 PM","106496","2DYHPD2\User"
"C:\GCMSsolution\Data\Project1\Campbell RMBL Data\Ipomopsis\STD3uL0.0001_07112017.qgd","8/15/2017 2:30:56 PM","7/9/2019 9:32:55 AM","7790592","2DYHPD2\User"
"C:\GCMSsolution\Data\Project1\Campbell RMBL Data\Ipomopsis\STD3uL0.0001_07122017.qgd","8/15/2017 2:30:55 PM","7/9/2019 9:36:08 AM","7675904","2DYHPD2\User"
"C:\GCMSsolution\Data\Project1\Campbell RMBL Data\Ipomopsis\STD3uL0.0001_07122018.qgd","7/12/2018 8:03:12 PM","7/9/2019 9:39:34 AM","7532544","2DYHPD2\User"
"C:\GCMSsolution\Data\Project1\Campbell RMBL Data\Ipomopsis\STD3uL0.0001_07152018.qgd","7/15/2018 12:05:08 PM","7/9/2019 9:42:08 AM","8261632","2DYHPD2\User"
"C:\GCMSsolution\Data\Project1\Campbell RMBL Data\Ipomopsis\STD3uL0.0001_07242017.qgd","8/15/2017 2:30:37 PM","7/9/2019 9:45:07 AM","7622656","2DYHPD2\User"
"C:\GCMSsolution\Data\Project1\Campbell RMBL Data\Ipomopsis\STD3uL0.0001_07252017.qgd","8/15/2017 2:30:36 PM","7/9/2019 9:48:19 AM","7622656","2DYHPD2\User"
"C:\GCMSsolution\Data\Project1\Campbell RMBL Data\Ipomopsis\STD3uL0.0001_08062018.qgd","8/6/2018 12:41:50 PM","7/9/2019 9:50:34 AM","806912","2DYHPD2\User"
"C:\GCMSsolution\Data\Project1\Campbell RMBL Data\Ipomopsis\STD3uL0.0001_08072018.qgd","8/7/2018 8:18:34 AM","7/9/2019 9:51:39 AM","7536640","2DYHPD2\User"
"C:\GCMSsolution\Data\Project1\Campbell RMBL Data\Ipomopsis\STD3uL0.0001_09032018.qgd","9/3/2018 12:33:32 PM","7/9/2019 9:54:19 AM","7749632","2DYHPD2\User"
"C:\GCMSsolution\Data\Project1\Campbell RMBL Data\Ipomopsis\STD3uL0.0001rep2_08062018.qgd","8/6/2018 1:33:42 PM","7/9/2019 9:57:00 AM","7512064","2DYHPD2\User"
"C:\GCMSsolution\Data\Project1\Campbell RMBL Data\Ipomopsis\STD3uL0.0001try2_08062018.qgd","8/6/2018 12:51:12 PM","7/9/2019 9:59:23 AM","7479296","2DYHPD2\User"
"C:\GCMSsolution\Data\Project1\Campbell RMBL Data\Ipomopsis\STD3uL0.001_07112017.qgd","8/15/2017 2:30:56 PM","7/9/2019 10:01:02 AM","7766016","2DYHPD2\User"
"C:\GCMSsolution\Data\Project1\Campbell RMBL Data\Ipomopsis\STD3uL0.001_07122017.qgd","8/15/2017 2:30:55 PM","7/9/2019 10:04:24 AM","7798784","2DYHPD2\User"
"C:\GCMSsolution\Data\Project1\Campbell RMBL Data\Ipomopsis\STD3uL0.001_07132017.qgd","8/15/2017 2:30:54 PM","7/9/2019 10:07:30 AM","7593984","2DYHPD2\User"
"C:\GCMSsolution\Data\Project1\Campbell RMBL Data\Ipomopsis\STD3uL0.001_07242017.qgd","8/15/2017 2:30:37 PM","7/9/2019 10:10:14 AM","7749632","2DYHPD2\User"
"C:\GCMSsolution\Data\Project1\Campbell RMBL Data\Ipomopsis\STD3uL0.001_08062018.qgd","8/6/2018 2:06:40 PM","7/9/2019 10:13:31 AM","7528448","2DYHPD2\User"
"C:\GCMSsolution\Data\Project1\Campbell RMBL Data\Ipomopsis\STD3uL0.001_09032018.qgd","9/3/2018 1:05:01 PM","7/9/2019 10:16:21 AM","7680000","2DYHPD2\User"
"C:\GCMSsolution\Data\Project1\Campbell RMBL Data\Ipomopsis\STD3uL0.001rep_07122018.qgd","7/12/2018 8:39:38 PM","7/9/2019 10:19:09 AM","7553024","2DYHPD2\User"
"C:\GCMSsolution\Data\Project1\Campbell RMBL Data\Ipomopsis\STD3uL0.001rep_07152018.qgd","7/15/2018 12:36:45 PM","7/9/2019 10:22:13 AM","7761920","2DYHPD2\User"
"C:\GCMSsolution\Data\Project1\Campbell RMBL Data\Ipomopsis\STD3uL0.001rep2_08062018.qgd","8/6/2018 2:40:12 PM","7/9/2019 10:25:17 AM","7528448","2DYHPD2\User"
"C:\GCMSsolution\Data\Project1\Campbell RMBL Data\Ipomopsis\STD3uL0.01_06302017.qgd","8/15/2017 2:30:59 PM","7/9/2019 10:28:03 AM","7593984","2DYHPD2\User"
"C:\GCMSsolution\Data\Project1\Campbell RMBL Data\Ipomopsis\STD3uL0.01_07102017.qgd","8/15/2017 2:30:57 PM","7/9/2019 10:31:08 AM","7569408","2DYHPD2\User"
"C:\GCMSsolution\Data\Project1\Campbell RMBL Data\Ipomopsis\STD3uL0.01_07112017.qgd","8/15/2017 2:30:56 PM","7/9/2019 10:34:14 AM","7868416","2DYHPD2\User"
"C:\GCMSsolution\Data\Project1\Campbell RMBL Data\Ipomopsis\STD3uL0.01_07152018.qgd","7/15/2018 1:08:44 PM","7/9/2019 10:37:38 AM","8388608","2DYHPD2\User"
"C:\GCMSsolution\Data\Project1\Campbell RMBL Data\Ipomopsis\STD3uL0.01_07242017.qgd","8/15/2017 2:30:37 PM","7/9/2019 10:41:01 AM","7708672","2DYHPD2\User"
"C:\GCMSsolution\Data\Project1\Campbell RMBL Data\Ipomopsis\STD3uL0.01_07252017.qgd","8/15/2017 2:30:24 PM","7/9/2019 10:42:49 AM","7610368","2DYHPD2\User"
"C:\GCMSsolution\Data\Project1\Campbell RMBL Data\Ipomopsis\STD3uL0.01_07252017anal.qgd","8/25/2017 10:50:32 AM","7/9/2019 10:45:50 AM","7618560","2DYHPD2\User"
"C:\GCMSsolution\Data\Project1\Campbell RMBL Data\Ipomopsis\STD3uL0.01_08062018.qgd","8/6/2018 3:14:01 PM","7/9/2019 10:48:48 AM","7512064","2DYHPD2\User"
"C:\GCMSsolution\Data\Project1\Campbell RMBL Data\Ipomopsis\STD3uL0.01_08072018.qgd","8/7/2018 8:49:51 AM","7/9/2019 10:51:27 AM","7540736","2DYHPD2\User"
"C:\GCMSsolution\Data\Project1\Campbell RMBL Data\Ipomopsis\STD3uL0.01_09032018.qgd","9/3/2018 1:36:36 PM","7/9/2019 10:54:11 AM","7634944","2DYHPD2\User"
"C:\GCMSsolution\Data\Project1\Campbell RMBL Data\Ipomopsis\STD3uL0.01rep_07252017.qgd","8/15/2017 2:30:36 PM","7/9/2019 10:57:03 AM","7540736","2DYHPD2\User"
"C:\GCMSsolution\Data\Project1\Campbell RMBL Data\Ipomopsis\STD3uL0.01rep2_07122018.qgd","7/12/2018 9:11:41 PM","7/9/2019 10:58:57 AM","7573504","2DYHPD2\User"
"C:\GCMSsolution\Data\Project1\Campbell RMBL Data\Ipomopsis\STD3uL0.01rep2_08062018.qgd","8/6/2018 3:48:07 PM","7/9/2019 11:01:56 AM","7495680","2DYHPD2\User"
"C:\GCMSsolution\Data\Project1\Campbell RMBL Data\Ipomopsis\STD3uL0.01rep2_08072018.qgd","8/7/2018 9:52:46 AM","7/9/2019 11:03:35 AM","7757824","2DYHPD2\User"
"C:\GCMSsolution\Data\Project1\Campbell RMBL Data\Ipomopsis\STD3uL0.1_06302017.qgd","8/15/2017 2:30:59 PM","7/9/2019 11:06:25 AM","7593984","2DYHPD2\User"
"C:\GCMSsolution\Data\Project1\Campbell RMBL Data\Ipomopsis\STD3uL0.1_07102017.qgd","8/15/2017 2:30:57 PM","7/9/2019 11:09:44 AM","7577600","2DYHPD2\User"
"C:\GCMSsolution\Data\Project1\Campbell RMBL Data\Ipomopsis\STD3uL0.1_07242017.qgd","8/15/2017 2:30:37 PM","7/9/2019 11:12:55 AM","7782400","2DYHPD2\User"
"C:\GCMSsolution\Data\Project1\Campbell RMBL Data\Ipomopsis\STD3uL0.1_08062018.qgd","8/6/2018 4:22:00 PM","7/9/2019 11:16:27 AM","7725056","2DYHPD2\User"
"C:\GCMSsolution\Data\Project1\Campbell RMBL Data\Ipomopsis\STD3uL0.1_08072018.qgd","8/7/2018 9:21:07 AM","7/9/2019 11:19:08 AM","7786496","2DYHPD2\User"
"C:\GCMSsolution\Data\Project1\Campbell RMBL Data\Ipomopsis\STD3uL0.1_09032018.qgd","9/3/2018 2:08:01 PM","7/9/2019 11:21:56 AM","7839744","2DYHPD2\User"
"C:\GCMSsolution\Data\Project1\Campbell RMBL Data\Ipomopsis\STD3uL0.1rep_07242017.qgd","8/15/2017 2:30:37 PM","7/9/2019 11:24:45 AM","7802880","2DYHPD2\User"
"C:\GCMSsolution\Data\Project1\Campbell RMBL Data\Ipomopsis\STD4imix3uL0.0001_09032018.qgd","9/3/2018 6:50:17 PM","7/9/2019 11:27:54 AM","7528448","2DYHPD2\User"
"C:\GCMSsolution\Data\Project1\Campbell RMBL Data\Ipomopsis\STD4imix3uL0.0001rep_09032018.qgd","9/3/2018 7:21:42 PM","7/9/2019 11:30:25 AM","7532544","2DYHPD2\User"
"C:\GCMSsolution\Data\Project1\Campbell RMBL Data\Ipomopsis\STD4imix3uL0.001_09032018.qgd","9/3/2018 7:53:16 PM","7/9/2019 11:32:54 AM","7540736","2DYHPD2\User"
"C:\GCMSsolution\Data\Project1\Campbell RMBL Data\Ipomopsis\STD4imix3uL0.001rep_09032018.qgd","9/3/2018 8:24:41 PM","7/9/2019 11:35:34 AM","7540736","2DYHPD2\User"
"C:\GCMSsolution\Data\Project1\Campbell RMBL Data\Ipomopsis\STD4imix3uL0.01_09032018.qgd","9/3/2018 8:56:11 PM","7/9/2019 11:38:11 AM","7565312","2DYHPD2\User"
"C:\GCMSsolution\Data\Project1\Campbell RMBL Data\Ipomopsis\STD4imix3uL0.01rep_09032018.qgd","9/3/2018 9:27:41 PM","7/9/2019 11:40:48 AM","7245824","2DYHPD2\User"
"C:\GCMSsolution\Data\Project1\Campbell RMBL Data\Ipomopsis\STD4imix3uL0.1_09032018.qgd","9/3/2018 9:59:14 PM","7/9/2019 11:43:33 AM","7557120","2DYHPD2\User"
"C:\GCMSsolution\Data\Project1\Campbell RMBL Data\Ipomopsis\STD4imix3uL0.1rep_09032018.qgd","9/3/2018 10:30:48 PM","7/9/2019 11:46:17 AM","7524352","2DYHPD2\User"
"C:\GCMSsolution\Data\Project1\Campbell RMBL Data\Ipomopsis\STD4mix3uL0.01_08252018.qgd","8/25/2018 8:13:23 AM","7/9/2019 11:48:58 AM","7204864","2DYHPD2\User"
"C:\GCMSsolution\Data\Project1\Campbell RMBL Data\Ipomopsis\STD4mix3uL0.01retry_08252018.qgd","8/25/2018 8:44:00 AM","7/9/2019 11:50:14 AM","7249920","2DYHPD2\User"
"C:\GCMSsolution\Data\Project1\Campbell RMBL Data\Ipomopsis\Testagg0622_07152018.qgd","7/15/2018 2:53:30 PM","7/15/2018 3:25:32 PM","6889472","2DYHPD2\User"
"C:\GCMSsolution\Data\Project1\Campbell RMBL Data\Ipomopsis\Veg12WP14Aug2015_08232017.qgd","8/23/2017 5:58:44 PM","8/23/2017 6:31:06 PM","7225344","2DYHPD2\User"
"C:\GCMSsolution\Data\Project1\Campbell RMBL Data\Ipomopsis\Veg16WP7Aug2015_08232017.qgd","8/23/2017 5:25:54 PM","8/23/2017 5:58:28 PM","7389184","2DYHPD2\User"
"C:\GCMSsolution\Data\Project1\Campbell RMBL Data\Ipomopsis\VegDLJul18_09032017.qgd","9/3/2017 5:51:18 PM","9/3/2017 6:24:31 PM","7081984","2DYHPD2\User"
"C:\GCMSsolution\Data\Project1\Campbell RMBL Data\Ipomopsis\VegDLJul20_09032017.qgd","9/3/2017 8:49:17 AM","9/3/2017 9:20:50 AM","7057408","2DYHPD2\User"
"C:\GCMSsolution\Data\Project1\Campbell RMBL Data\Ipomopsis\VegDLJul21_09032017.qgd","9/3/2017 6:58:06 PM","9/3/2017 7:30:43 PM","7057408","2DYHPD2\User"
"C:\GCMSsolution\Data\Project1\Campbell RMBL Data\Ipomopsis\VegDVFJul13_09052017.qgd","9/5/2017 4:34:22 PM","9/5/2017 5:08:03 PM","7168000","2DYHPD2\User"
"C:\GCMSsolution\Data\Project1\Campbell RMBL Data\Ipomopsis\VegDVFJul14_09052017.qgd","9/5/2017 5:08:20 PM","9/5/2017 5:41:59 PM","7180288","2DYHPD2\User"
"C:\GCMSsolution\Data\Project1\Campbell RMBL Data\Ipomopsis\VegI1DJul21_08302017.qgd","8/30/2017 11:51:24 PM","8/31/2017 12:22:52 AM","6946816","2DYHPD2\User"
"C:\GCMSsolution\Data\Project1\Campbell RMBL Data\Ipomopsis\VegI30DJul24_08302017.qgd","8/31/2017 12:23:07 AM","8/31/2017 12:54:29 AM","6967296","2DYHPD2\User"
"C:\GCMSsolution\Data\Project1\Campbell RMBL Data\Ipomopsis\VegI8DJul27_08312017.qgd","8/31/2017 9:27:17 AM","8/31/2017 9:58:18 AM","6955008","2DYHPD2\User"
"C:\GCMSsolution\Data\Project1\Campbell RMBL Data\Ipomopsis\VegINAug1_09012017.qgd","9/1/2017 9:47:30 AM","9/1/2017 10:18:55 AM","6918144","2DYHPD2\User"
"C:\GCMSsolution\Data\Project1\Campbell RMBL Data\Ipomopsis\VegNLAug10_09022017.qgd","9/2/2017 10:46:34 PM","9/2/2017 11:18:08 PM","6946816","2DYHPD2\User"
"C:\GCMSsolution\Data\Project1\Campbell RMBL Data\Ipomopsis\VF10DJul14_09052017.qgd","9/5/2017 8:28:01 AM","9/5/2017 8:58:52 AM","7127040","2DYHPD2\User"
"C:\GCMSsolution\Data\Project1\Campbell RMBL Data\Ipomopsis\VF10DJuly18_08052018.qgd","8/5/2018 4:57:53 PM","8/5/2018 5:30:36 PM","6823936","2DYHPD2\User"
"C:\GCMSsolution\Data\Project1\Campbell RMBL Data\Ipomopsis\VF11DJul14_09052017.qgd","9/5/2017 8:59:05 AM","9/5/2017 9:30:07 AM","7172096","2DYHPD2\User"
"C:\GCMSsolution\Data\Project1\Campbell RMBL Data\Ipomopsis\VF11DJuly18_07232018.qgd","7/23/2018 3:13:28 PM","7/23/2018 3:48:19 PM","6807552","2DYHPD2\User"
"C:\GCMSsolution\Data\Project1\Campbell RMBL Data\Ipomopsis\VF12ADJuly23_07292019.qgd","7/29/2019 9:51:06 PM","7/29/2019 10:22:39 PM","6864896","2DYHPD2\User"
"C:\GCMSsolution\Data\Project1\Campbell RMBL Data\Ipomopsis\VF12DJul14_09052017.qgd","9/5/2017 9:30:21 AM","9/5/2017 10:01:27 AM","7159808","2DYHPD2\User"
"C:\GCMSsolution\Data\Project1\Campbell RMBL Data\Ipomopsis\VF12DJuly23_07292019.qgd","7/29/2019 8:46:47 PM","7/29/2019 9:18:53 PM","6934528","2DYHPD2\User"
"C:\GCMSsolution\Data\Project1\Campbell RMBL Data\Ipomopsis\VF13DJul14_09052017.qgd","9/5/2017 10:01:43 AM","9/5/2017 10:33:04 AM","7163904","2DYHPD2\User"
"C:\GCMSsolution\Data\Project1\Campbell RMBL Data\Ipomopsis\VF13DJuly18_07232018.qgd","7/23/2018 3:48:33 PM","7/23/2018 4:23:53 PM","6811648","2DYHPD2\User"
"C:\GCMSsolution\Data\Project1\Campbell RMBL Data\Ipomopsis\VF13DJuly23_07292019.qgd","7/29/2019 8:13:57 PM","7/29/2019 8:46:33 PM","6881280","2DYHPD2\User"
"C:\GCMSsolution\Data\Project1\Campbell RMBL Data\Ipomopsis\VF14DJul13reallyVF15D_09042017.qgd","9/4/2017 1:08:15 PM","9/4/2017 1:41:40 PM","7233536","2DYHPD2\User"
"C:\GCMSsolution\Data\Project1\Campbell RMBL Data\Ipomopsis\VF14DJuly18_07232018.qgd","7/23/2018 4:24:07 PM","7/23/2018 4:59:58 PM","6791168","2DYHPD2\User"
"C:\GCMSsolution\Data\Project1\Campbell RMBL Data\Ipomopsis\VF14DJuly23_07292019.qgd","7/29/2019 9:19:07 PM","7/29/2019 9:50:52 PM","6901760","2DYHPD2\User"
"C:\GCMSsolution\Data\Project1\Campbell RMBL Data\Ipomopsis\VF15DJul13reallyVF16D_09042017.qgd","9/4/2017 1:41:56 PM","9/4/2017 2:15:40 PM","7593984","2DYHPD2\User"
"C:\GCMSsolution\Data\Project1\Campbell RMBL Data\Ipomopsis\VF15DJuly23_07292019.qgd","7/29/2019 1:01:40 PM","7/29/2019 1:33:30 PM","6864896","2DYHPD2\User"
"C:\GCMSsolution\Data\Project1\Campbell RMBL Data\Ipomopsis\VF16DJuly23_07292019.qgd","7/29/2019 1:33:46 PM","7/29/2019 2:06:00 PM","6860800","2DYHPD2\User"
"C:\GCMSsolution\Data\Project1\Campbell RMBL Data\Ipomopsis\VF17DJul13really VF29D_09042017.qgd","9/4/2017 10:24:03 AM","9/4/2017 10:56:39 AM","7188480","2DYHPD2\User"
"C:\GCMSsolution\Data\Project1\Campbell RMBL Data\Ipomopsis\VF18DJul13_09042017.qgd","9/4/2017 8:16:36 AM","9/4/2017 8:48:01 AM","7004160","2DYHPD2\User"
"C:\GCMSsolution\Data\Project1\Campbell RMBL Data\Ipomopsis\VF19DJul13_09042017.qgd","9/4/2017 8:48:14 AM","9/4/2017 9:19:36 AM","7352320","2DYHPD2\User"
"C:\GCMSsolution\Data\Project1\Campbell RMBL Data\Ipomopsis\VF19DJuly23_07292019.qgd","7/29/2019 7:07:47 PM","7/29/2019 7:40:48 PM","6864896","2DYHPD2\User"
"C:\GCMSsolution\Data\Project1\Campbell RMBL Data\Ipomopsis\VF1D07102017_07122017.qgd","8/15/2017 2:30:55 PM","7/12/2017 11:18:08 AM","7008256","2DYHPD2\User"
"C:\GCMSsolution\Data\Project1\Campbell RMBL Data\Ipomopsis\VF1D07142017_07152017.qgd","8/15/2017 2:30:51 PM","7/15/2017 9:06:28 AM","7204864","2DYHPD2\User"
"C:\GCMSsolution\Data\Project1\Campbell RMBL Data\Ipomopsis\VF207102017_07122017.qgd","8/15/2017 2:30:55 PM","7/12/2017 11:50:06 AM","6942720","2DYHPD2\User"
"C:\GCMSsolution\Data\Project1\Campbell RMBL Data\Ipomopsis\VF20DJul13reallyVF14D_09042017.qgd","9/4/2017 12:34:50 PM","9/4/2017 1:08:02 PM","7225344","2DYHPD2\User"
"C:\GCMSsolution\Data\Project1\Campbell RMBL Data\Ipomopsis\VF20DJuly23_07292019.qgd","7/29/2019 5:26:44 PM","7/29/2019 6:00:20 PM","6881280","2DYHPD2\User"
"C:\GCMSsolution\Data\Project1\Campbell RMBL Data\Ipomopsis\VF21DJul13reallyVF20D_09042017.qgd","9/4/2017 12:01:52 PM","9/4/2017 12:34:37 PM","7200768","2DYHPD2\User"
"C:\GCMSsolution\Data\Project1\Campbell RMBL Data\Ipomopsis\VF22DJul14_09052017.qgd","9/5/2017 10:33:21 AM","9/5/2017 11:05:01 AM","7217152","2DYHPD2\User"
"C:\GCMSsolution\Data\Project1\Campbell RMBL Data\Ipomopsis\VF22DJuly18_08052018.qgd","8/5/2018 5:30:50 PM","8/5/2018 6:03:41 PM","6864896","2DYHPD2\User"
"C:\GCMSsolution\Data\Project1\Campbell RMBL Data\Ipomopsis\VF23DJul14_09052017.qgd","9/5/2017 11:05:16 AM","9/5/2017 11:37:25 AM","7258112","2DYHPD2\User"
"C:\GCMSsolution\Data\Project1\Campbell RMBL Data\Ipomopsis\VF25DJul13really VF21D_09042017.qgd","9/4/2017 11:29:06 AM","9/4/2017 12:01:37 PM","7303168","2DYHPD2\User"
"C:\GCMSsolution\Data\Project1\Campbell RMBL Data\Ipomopsis\VF25DJuly18_08052018.qgd","8/5/2018 6:03:57 PM","8/5/2018 6:36:37 PM","6975488","2DYHPD2\User"
"C:\GCMSsolution\Data\Project1\Campbell RMBL Data\Ipomopsis\VF26DJul13reallyVF17D_09042017.qgd","9/4/2017 9:51:47 AM","9/4/2017 10:23:49 AM","7184384","2DYHPD2\User"
"C:\GCMSsolution\Data\Project1\Campbell RMBL Data\Ipomopsis\VF26DJuly18_07232018.qgd","7/23/2018 5:00:11 PM","7/23/2018 5:36:12 PM","6807552","2DYHPD2\User"
"C:\GCMSsolution\Data\Project1\Campbell RMBL Data\Ipomopsis\VF27DJul13_09042017.qgd","9/4/2017 4:39:06 PM","9/4/2017 5:13:05 PM","7143424","2DYHPD2\User"
"C:\GCMSsolution\Data\Project1\Campbell RMBL Data\Ipomopsis\VF27DJuly18_08052018.qgd","8/5/2018 6:36:51 PM","8/5/2018 7:09:35 PM","6905856","2DYHPD2\User"
"C:\GCMSsolution\Data\Project1\Campbell RMBL Data\Ipomopsis\VF28DJul13_09042017.qgd","9/4/2017 6:20:25 PM","9/4/2017 6:52:55 PM","7172096","2DYHPD2\User"
"C:\GCMSsolution\Data\Project1\Campbell RMBL Data\Ipomopsis\VF29DJuly13reallyVF25D.qgd","9/4/2017 10:56:53 AM","9/4/2017 11:28:51 AM","7327744","2DYHPD2\User"
"C:\GCMSsolution\Data\Project1\Campbell RMBL Data\Ipomopsis\VF2D07142017_07152017.qgd","8/15/2017 2:30:50 PM","7/15/2017 9:37:38 AM","7147520","2DYHPD2\User"
"C:\GCMSsolution\Data\Project1\Campbell RMBL Data\Ipomopsis\VF2DJuly23_07292019.qgd","7/29/2019 2:06:15 PM","7/29/2019 2:38:43 PM","6860800","2DYHPD2\User"
"C:\GCMSsolution\Data\Project1\Campbell RMBL Data\Ipomopsis\VF307102017_07122017.qgd","8/15/2017 2:30:55 PM","7/12/2017 12:27:30 PM","6791168","2DYHPD2\User"
"C:\GCMSsolution\Data\Project1\Campbell RMBL Data\Ipomopsis\VF30DJul13reallyVF26D_09042017.qgd","9/4/2017 9:19:52 AM","9/4/2017 9:51:33 AM","7143424","2DYHPD2\User"
"C:\GCMSsolution\Data\Project1\Campbell RMBL Data\Ipomopsis\VF30DJul13redo_09042017.qgd","9/4/2017 4:04:21 PM","9/4/2017 4:38:52 PM","7233536","2DYHPD2\User"
"C:\GCMSsolution\Data\Project1\Campbell RMBL Data\Ipomopsis\VF31DJul13_09042017.qgd","9/4/2017 3:30:03 PM","9/4/2017 4:04:08 PM","7208960","2DYHPD2\User"
"C:\GCMSsolution\Data\Project1\Campbell RMBL Data\Ipomopsis\VF32DJul13_09042017.qgd","9/4/2017 2:53:23 PM","9/4/2017 3:29:50 PM","7245824","2DYHPD2\User"
"C:\GCMSsolution\Data\Project1\Campbell RMBL Data\Ipomopsis\VF33DJul13_09042017.qgd","9/4/2017 5:13:21 PM","9/4/2017 5:46:58 PM","7127040","2DYHPD2\User"
"C:\GCMSsolution\Data\Project1\Campbell RMBL Data\Ipomopsis\VF34DJuly18_07232018.qgd","7/23/2018 5:36:27 PM","7/23/2018 6:12:18 PM","6803456","2DYHPD2\User"
"C:\GCMSsolution\Data\Project1\Campbell RMBL Data\Ipomopsis\VF35DJuly18_08052018.qgd","8/5/2018 7:09:49 PM","8/5/2018 7:42:18 PM","6852608","2DYHPD2\User"
"C:\GCMSsolution\Data\Project1\Campbell RMBL Data\Ipomopsis\VF36DJul14_09042017.qgd","9/4/2017 9:34:37 PM","9/4/2017 10:06:21 PM","7217152","2DYHPD2\User"
"C:\GCMSsolution\Data\Project1\Campbell RMBL Data\Ipomopsis\VF36DJuly18_08052018.qgd","8/5/2018 7:42:34 PM","8/5/2018 8:14:41 PM","6840320","2DYHPD2\User"
"C:\GCMSsolution\Data\Project1\Campbell RMBL Data\Ipomopsis\VF37DJul14_09052017.qgd","9/5/2017 11:37:40 AM","9/5/2017 12:09:28 PM","7200768","2DYHPD2\User"
"C:\GCMSsolution\Data\Project1\Campbell RMBL Data\Ipomopsis\VF39DJul13_09042017.qgd","9/4/2017 5:47:14 PM","9/4/2017 6:20:12 PM","7159808","2DYHPD2\User"
"C:\GCMSsolution\Data\Project1\Campbell RMBL Data\Ipomopsis\VF39DJuly18_08052018.qgd","8/5/2018 8:14:54 PM","8/5/2018 8:47:46 PM","6828032","2DYHPD2\User"
"C:\GCMSsolution\Data\Project1\Campbell RMBL Data\Ipomopsis\VF39DvegJuly18_08052018.qgd","8/5/2018 9:20:42 PM","8/5/2018 9:52:49 PM","6840320","2DYHPD2\User"
"C:\GCMSsolution\Data\Project1\Campbell RMBL Data\Ipomopsis\VF3DJul13_09042017.qgd","9/4/2017 8:30:22 PM","9/4/2017 9:02:24 PM","7372800","2DYHPD2\User"
"C:\GCMSsolution\Data\Project1\Campbell RMBL Data\Ipomopsis\VF3DJuly23_07292019.qgd","7/29/2019 12:28:54 PM","7/29/2019 1:01:24 PM","6844416","2DYHPD2\User"
"C:\GCMSsolution\Data\Project1\Campbell RMBL Data\Ipomopsis\VF40DJul13_09042017.qgd","9/4/2017 6:53:11 PM","9/4/2017 7:25:09 PM","7114752","2DYHPD2\User"
"C:\GCMSsolution\Data\Project1\Campbell RMBL Data\Ipomopsis\VF40DJul14_09052017.qgd","9/5/2017 12:09:44 PM","9/5/2017 12:41:51 PM","7258112","2DYHPD2\User"
"C:\GCMSsolution\Data\Project1\Campbell RMBL Data\Ipomopsis\VF40DJuly18_07232018.qgd","7/23/2018 6:12:35 PM","7/23/2018 6:48:09 PM","6807552","2DYHPD2\User"
"C:\GCMSsolution\Data\Project1\Campbell RMBL Data\Ipomopsis\VF41DJul13_09042017.qgd","9/4/2017 7:25:23 PM","9/4/2017 7:57:55 PM","7245824","2DYHPD2\User"
"C:\GCMSsolution\Data\Project1\Campbell RMBL Data\Ipomopsis\VF42DJul13_09052017.qgd","9/5/2017 12:42:04 PM","9/5/2017 1:14:28 PM","7233536","2DYHPD2\User"
"C:\GCMSsolution\Data\Project1\Campbell RMBL Data\Ipomopsis\VF43DJul13_09042017.qgd","9/4/2017 9:02:38 PM","9/4/2017 9:34:24 PM","7327744","2DYHPD2\User"
"C:\GCMSsolution\Data\Project1\Campbell RMBL Data\Ipomopsis\VF44DJul13_09052017.qgd","9/5/2017 1:14:41 PM","9/5/2017 1:47:17 PM","7188480","2DYHPD2\User"
"C:\GCMSsolution\Data\Project1\Campbell RMBL Data\Ipomopsis\VF44DJuly18_07232018.qgd","7/23/2018 6:48:26 PM","7/23/2018 7:23:12 PM","6807552","2DYHPD2\User"
"C:\GCMSsolution\Data\Project1\Campbell RMBL Data\Ipomopsis\VF45DJul13_09052017.qgd","9/5/2017 1:47:31 PM","9/5/2017 2:20:22 PM","7196672","2DYHPD2\User"
"C:\GCMSsolution\Data\Project1\Campbell RMBL Data\Ipomopsis\VF45DJuly18_07232018.qgd","7/23/2018 7:23:27 PM","7/23/2018 7:57:58 PM","6791168","2DYHPD2\User"
"C:\GCMSsolution\Data\Project1\Campbell RMBL Data\Ipomopsis\VF46DJul13_09052017.qgd","9/5/2017 2:20:38 PM","9/5/2017 2:53:26 PM","7278592","2DYHPD2\User"
"C:\GCMSsolution\Data\Project1\Campbell RMBL Data\Ipomopsis\VF47DJul13_09042017.qgd","9/4/2017 7:58:09 PM","9/4/2017 8:30:08 PM","7278592","2DYHPD2\User"
"C:\GCMSsolution\Data\Project1\Campbell RMBL Data\Ipomopsis\VF48DJuly18_08052018.qgd","8/5/2018 8:48:00 PM","8/5/2018 9:20:25 PM","6852608","2DYHPD2\User"
"C:\GCMSsolution\Data\Project1\Campbell RMBL Data\Ipomopsis\VF49DJul14_09052017.qgd","9/5/2017 2:53:41 PM","9/5/2017 3:26:53 PM","7229440","2DYHPD2\User"
"C:\GCMSsolution\Data\Project1\Campbell RMBL Data\Ipomopsis\VF4D07102017_07132017.qgd","8/15/2017 2:30:54 PM","7/13/2017 10:07:57 AM","6770688","2DYHPD2\User"
"C:\GCMSsolution\Data\Project1\Campbell RMBL Data\Ipomopsis\VF4D07142017_07142017.qgd","8/15/2017 2:30:53 PM","7/14/2017 2:58:06 PM","4456448","2DYHPD2\User"
"C:\GCMSsolution\Data\Project1\Campbell RMBL Data\Ipomopsis\VF4DJuly23_07292019.qgd","7/29/2019 2:38:59 PM","7/29/2019 3:11:57 PM","6885376","2DYHPD2\User"
"C:\GCMSsolution\Data\Project1\Campbell RMBL Data\Ipomopsis\VF52DJuly23_07292019.qgd","7/29/2019 10:22:56 PM","7/29/2019 10:54:19 PM","6905856","2DYHPD2\User"
"C:\GCMSsolution\Data\Project1\Campbell RMBL Data\Ipomopsis\VF5D07102017_07132017.qgd","8/15/2017 2:30:54 PM","7/13/2017 10:39:35 AM","6774784","2DYHPD2\User"
"C:\GCMSsolution\Data\Project1\Campbell RMBL Data\Ipomopsis\VF5DJuly23_07292019.qgd","7/29/2019 7:41:02 PM","7/29/2019 8:13:40 PM","6868992","2DYHPD2\User"
"C:\GCMSsolution\Data\Project1\Campbell RMBL Data\Ipomopsis\VF6D07102017_07132017.qgd","8/15/2017 2:30:54 PM","7/13/2017 11:11:31 AM","6770688","2DYHPD2\User"
"C:\GCMSsolution\Data\Project1\Campbell RMBL Data\Ipomopsis\VF6D07142017_07142017.qgd","8/15/2017 2:30:52 PM","7/14/2017 7:44:55 PM","6848512","2DYHPD2\User"
"C:\GCMSsolution\Data\Project1\Campbell RMBL Data\Ipomopsis\VF6DJuly18_08052018.qgd","8/5/2018 4:25:11 PM","8/5/2018 4:57:40 PM","6836224","2DYHPD2\User"
"C:\GCMSsolution\Data\Project1\Campbell RMBL Data\Ipomopsis\VF6DJuly23_07292019.qgd","7/29/2019 4:19:10 PM","7/29/2019 4:52:34 PM","6885376","2DYHPD2\User"
"C:\GCMSsolution\Data\Project1\Campbell RMBL Data\Ipomopsis\VF7D07102017_07142017.qgd","8/15/2017 2:30:52 PM","7/14/2017 8:16:17 PM","7122944","2DYHPD2\User"
"C:\GCMSsolution\Data\Project1\Campbell RMBL Data\Ipomopsis\VF7D07142017_07142017.qgd","8/15/2017 2:30:52 PM","7/14/2017 8:47:35 PM","7151616","2DYHPD2\User"
"C:\GCMSsolution\Data\Project1\Campbell RMBL Data\Ipomopsis\VF7DJuly23_07292019.qgd","7/29/2019 6:34:19 PM","7/29/2019 7:07:33 PM","6922240","2DYHPD2\User"
"C:\GCMSsolution\Data\Project1\Campbell RMBL Data\Ipomopsis\VF8D07102017_07152017.qgd","8/15/2017 2:30:50 PM","7/15/2017 10:08:56 AM","6901760","2DYHPD2\User"
"C:\GCMSsolution\Data\Project1\Campbell RMBL Data\Ipomopsis\VF8D07142017_07152017.qgd","8/15/2017 2:30:50 PM","7/15/2017 10:40:28 AM","7065600","2DYHPD2\User"
"C:\GCMSsolution\Data\Project1\Campbell RMBL Data\Ipomopsis\VF8DJuly23_07292019.qgd","7/29/2019 3:45:33 PM","7/29/2019 4:18:55 PM","6889472","2DYHPD2\User"
"C:\GCMSsolution\Data\Project1\Campbell RMBL Data\Ipomopsis\VF9D07102017_07142017.qgd","8/15/2017 2:30:51 PM","7/14/2017 9:19:07 PM","6955008","2DYHPD2\User"
"C:\GCMSsolution\Data\Project1\Campbell RMBL Data\Ipomopsis\VF9D07142017_07140217.qgd","8/15/2017 2:30:51 PM","7/14/2017 9:50:35 PM","7131136","2DYHPD2\User"
"C:\GCMSsolution\Data\Project1\Campbell RMBL Data\Ipomopsis\VF9DJuly23_07292019.qgd","7/29/2019 6:00:34 PM","7/29/2019 6:34:03 PM","6860800","2DYHPD2\User"
"C:\GCMSsolution\Data\Project1\Campbell RMBL Data\Ipomopsis\VFAIR07102017_07132017.qgd","8/15/2017 2:30:54 PM","7/13/2017 11:43:48 AM","6946816","2DYHPD2\User"
"C:\GCMSsolution\Data\Project1\Campbell RMBL Data\Ipomopsis\VFAir2JNJuly23_07292019.qgd","7/29/2019 10:54:33 PM","7/29/2019 11:25:53 PM","6950912","2DYHPD2\User"
"C:\GCMSsolution\Data\Project1\Campbell RMBL Data\Ipomopsis\VFAir2July23_07292019.qgd","7/29/2019 11:26:06 PM","7/29/2019 11:57:24 PM","6979584","2DYHPD2\User"
"C:\GCMSsolution\Data\Project1\Campbell RMBL Data\Ipomopsis\VFAir2LSJuly23redo_07312019.qgd","7/31/2019 6:42:52 PM","7/31/2019 7:15:05 PM","6950912","2DYHPD2\User"
"C:\GCMSsolution\Data\Project1\Campbell RMBL Data\Ipomopsis\VFAirJNJuly23_07292019.qgd","7/29/2019 4:52:47 PM","7/29/2019 5:26:28 PM","6868992","2DYHPD2\User"
"C:\GCMSsolution\Data\Project1\Campbell RMBL Data\Ipomopsis\VFAirKWJuly23_07292019.qgd","7/29/2019 3:12:14 PM","7/29/2019 3:45:18 PM","6856704","2DYHPD2\User"
"C:\GCMSsolution\Data\Project1\Campbell RMBL Data\Ipomopsis\VFAirLSJuly23_07292019.qgd","7/29/2019 11:56:30 AM","7/29/2019 12:28:38 PM","6868992","2DYHPD2\User"
"C:\GCMSsolution\Data\Project1\Campbell RMBL Data\Lupinus argenteus","8/20/2018 8:16:43 AM","8/13/2021 6:54:24 PM",,"2DYHPD2\User"
"C:\GCMSsolution\Data\Project1\Campbell RMBL Data\Lupinus argenteus\4011_08282019.qgd","8/29/2019 6:25:07 AM","8/29/2019 7:00:48 AM","8146944","2DYHPD2\User"
"C:\GCMSsolution\Data\Project1\Campbell RMBL Data\Lupinus argenteus\4012_08282019.qgd","8/29/2019 7:00:55 AM","8/29/2019 7:36:25 AM","8126464","2DYHPD2\User"
"C:\GCMSsolution\Data\Project1\Campbell RMBL Data\Lupinus argenteus\4013_08282019.qgd","8/29/2019 7:36:29 AM","8/29/2019 8:12:01 AM","8159232","2DYHPD2\User"
"C:\GCMSsolution\Data\Project1\Campbell RMBL Data\Lupinus argenteus\4014_08282019.qgd","8/29/2019 8:12:04 AM","8/29/2019 8:47:54 AM","8163328","2DYHPD2\User"
"C:\GCMSsolution\Data\Project1\Campbell RMBL Data\Lupinus argenteus\4015_08282019.qgd","8/29/2019 8:48:00 AM","8/29/2019 9:23:43 AM","8155136","2DYHPD2\User"
"C:\GCMSsolution\Data\Project1\Campbell RMBL Data\Lupinus argenteus\4016_08282019.qgd","8/29/2019 9:23:48 AM","8/29/2019 9:59:35 AM","8134656","2DYHPD2\User"
"C:\GCMSsolution\Data\Project1\Campbell RMBL Data\Lupinus argenteus\4017_08292019am.qgd","8/29/2019 11:04:56 AM","8/29/2019 11:40:58 AM","8134656","2DYHPD2\User"
"C:\GCMSsolution\Data\Project1\Campbell RMBL Data\Lupinus argenteus\401air1_08292019am.qgd","8/29/2019 11:41:01 AM","8/29/2019 12:17:41 PM","8155136","2DYHPD2\User"
"C:\GCMSsolution\Data\Project1\Campbell RMBL Data\Lupinus argenteus\401air2_08292019am.qgd","8/29/2019 12:17:44 PM","8/29/2019 12:54:37 PM","8163328","2DYHPD2\User"
"C:\GCMSsolution\Data\Project1\Campbell RMBL Data\Lupinus argenteus\AirBellNAug16_08202018.qgd","8/20/2018 9:19:30 AM","8/20/2018 9:55:02 AM","8011776","2DYHPD2\User"
"C:\GCMSsolution\Data\Project1\Campbell RMBL Data\Lupinus argenteus\AirBellNAug18_08202018.qgd","8/20/2018 5:54:11 PM","8/20/2018 6:31:35 PM","8003584","2DYHPD2\User"
"C:\GCMSsolution\Data\Project1\Campbell RMBL Data\Lupinus argenteus\bbair1_08282019.qgd","8/28/2019 10:41:19 PM","8/28/2019 11:16:59 PM","8114176","2DYHPD2\User"
"C:\GCMSsolution\Data\Project1\Campbell RMBL Data\Lupinus argenteus\bcn1_08302019am.qgd","8/30/2019 1:47:37 PM","8/30/2019 2:24:40 PM","8241152","2DYHPD2\User"
"C:\GCMSsolution\Data\Project1\Campbell RMBL Data\Lupinus argenteus\bcn2_08302019am.qgd","8/30/2019 2:24:45 PM","8/30/2019 3:01:01 PM","8216576","2DYHPD2\User"
"C:\GCMSsolution\Data\Project1\Campbell RMBL Data\Lupinus argenteus\bcn3_08302019am.qgd","8/30/2019 3:01:07 PM","8/30/2019 3:38:19 PM","8192000","2DYHPD2\User"
"C:\GCMSsolution\Data\Project1\Campbell RMBL Data\Lupinus argenteus\bcn4_08302019am.qgd","8/30/2019 3:38:24 PM","8/30/2019 4:14:52 PM","8183808","2DYHPD2\User"
"C:\GCMSsolution\Data\Project1\Campbell RMBL Data\Lupinus argenteus\bcnair1_08302019am.qgd","8/30/2019 1:10:49 PM","8/30/2019 1:47:32 PM","8171520","2DYHPD2\User"
"C:\GCMSsolution\Data\Project1\Campbell RMBL Data\Lupinus argenteus\beetles_lerb_08292019am.qgd","8/29/2019 12:54:40 PM","8/29/2019 1:31:37 PM","8171520","2DYHPD2\User"
"C:\GCMSsolution\Data\Project1\Campbell RMBL Data\Lupinus argenteus\BellNBeetleAug16_08202018.qgd","8/20/2018 5:16:41 PM","8/20/2018 5:54:05 PM","8024064","2DYHPD2\User"
"C:\GCMSsolution\Data\Project1\Campbell RMBL Data\Lupinus argenteus\BellNBeetleAug18_08212018.qgd","8/21/2018 6:37:25 PM","8/21/2018 7:13:11 PM","8007680","2DYHPD2\User"
"C:\GCMSsolution\Data\Project1\Campbell RMBL Data\Lupinus argenteus\BellNFlr27Aug18_08202018.qgd","8/20/2018 7:08:58 PM","8/20/2018 7:45:53 PM","8019968","2DYHPD2\User"
"C:\GCMSsolution\Data\Project1\Campbell RMBL Data\Lupinus argenteus\BellNFlr29Aug18_08202018.qgd","8/20/2018 6:31:41 PM","8/20/2018 7:08:54 PM","8015872","2DYHPD2\User"
"C:\GCMSsolution\Data\Project1\Campbell RMBL Data\Lupinus argenteus\BellNFlr30Aug16_08202018.qgd","8/20/2018 12:19:19 PM","8/20/2018 12:56:01 PM","8048640","2DYHPD2\User"
"C:\GCMSsolution\Data\Project1\Campbell RMBL Data\Lupinus argenteus\BellNFlr31Aug16_08202018.qgd","8/20/2018 1:33:12 PM","8/20/2018 2:10:22 PM","7999488","2DYHPD2\User"
"C:\GCMSsolution\Data\Project1\Campbell RMBL Data\Lupinus argenteus\BellNFlr32Aug16_08202018.qgd","8/20/2018 4:39:02 PM","8/20/2018 5:16:34 PM","8065024","2DYHPD2\User"
"C:\GCMSsolution\Data\Project1\Campbell RMBL Data\Lupinus argenteus\BellNFlr33Aug16_08202018.qgd","8/20/2018 2:47:05 PM","8/20/2018 3:24:04 PM","8024064","2DYHPD2\User"
"C:\GCMSsolution\Data\Project1\Campbell RMBL Data\Lupinus argenteus\BellNFlr34Aug16_08202018.qgd","8/20/2018 2:10:26 PM","8/20/2018 2:47:01 PM","8011776","2DYHPD2\User"
"C:\GCMSsolution\Data\Project1\Campbell RMBL Data\Lupinus argenteus\BellNFlr35Aug16_08202018.qgd","8/20/2018 11:42:53 AM","8/20/2018 12:19:14 PM","8028160","2DYHPD2\User"
"C:\GCMSsolution\Data\Project1\Campbell RMBL Data\Lupinus argenteus\BellNFlr38Aug16_08202018.qgd","8/20/2018 12:56:07 PM","8/20/2018 1:33:07 PM","8028160","2DYHPD2\User"
"C:\GCMSsolution\Data\Project1\Campbell RMBL Data\Lupinus argenteus\BellNFlr39Aug16_08202018.qgd","8/20/2018 4:01:27 PM","8/20/2018 4:38:58 PM","8028160","2DYHPD2\User"
"C:\GCMSsolution\Data\Project1\Campbell RMBL Data\Lupinus argenteus\BellNFlr40Aug16_08202018.qgd","8/20/2018 11:06:44 AM","8/20/2018 11:42:49 AM","8019968","2DYHPD2\User"
"C:\GCMSsolution\Data\Project1\Campbell RMBL Data\Lupinus argenteus\BellNFlr42Aug16_08202018.qgd","8/20/2018 3:24:10 PM","8/20/2018 4:01:25 PM","8007680","2DYHPD2\User"
"C:\GCMSsolution\Data\Project1\Campbell RMBL Data\Lupinus argenteus\BellNFlr44Aug18_08202018.qgd","8/20/2018 7:45:58 PM","8/20/2018 8:23:13 PM","8048640","2DYHPD2\User"
"C:\GCMSsolution\Data\Project1\Campbell RMBL Data\Lupinus argenteus\BellNFlr45Aug18_08202018.qgd","8/20/2018 8:23:20 PM","8/20/2018 8:58:48 PM","7999488","2DYHPD2\User"
"C:\GCMSsolution\Data\Project1\Campbell RMBL Data\Lupinus argenteus\BellNFlr45Aug18retry_08212018.qgd","8/21/2018 4:49:24 PM","8/21/2018 5:25:21 PM","8036352","2DYHPD2\User"
"C:\GCMSsolution\Data\Project1\Campbell RMBL Data\Lupinus argenteus\BellNFlr46Aug18_08212018.qgd","8/21/2018 5:25:28 PM","8/21/2018 6:01:20 PM","8011776","2DYHPD2\User"
"C:\GCMSsolution\Data\Project1\Campbell RMBL Data\Lupinus argenteus\BellNFlr48Aug18_08212018.qgd","8/21/2018 6:01:27 PM","8/21/2018 6:37:20 PM","8011776","2DYHPD2\User"
"C:\GCMSsolution\Data\Project1\Campbell RMBL Data\Lupinus argenteus\BellNLeaf38Aug16_08202018.qgd","8/20/2018 9:55:09 AM","8/20/2018 10:30:46 AM","8015872","2DYHPD2\User"
"C:\GCMSsolution\Data\Project1\Campbell RMBL Data\Lupinus argenteus\BellNLeaf40Aug16_08202018.qgd","8/20/2018 10:30:52 AM","8/20/2018 11:06:38 AM","7999488","2DYHPD2\User"
"C:\GCMSsolution\Data\Project1\Campbell RMBL Data\Lupinus argenteus\Blank_08202018.qgd","8/20/2018 8:37:17 AM","8/20/2018 9:19:25 AM","8036352","2DYHPD2\User"
"C:\GCMSsolution\Data\Project1\Campbell RMBL Data\Lupinus argenteus\Blank_08212018.qgd","8/21/2018 4:09:34 PM","8/21/2018 4:49:21 PM","7991296","2DYHPD2\User"
"C:\GCMSsolution\Data\Project1\Campbell RMBL Data\Lupinus argenteus\Blank_08282019.qgd","8/28/2019 8:44:38 AM","8/28/2019 10:41:14 PM","8114176","2DYHPD2\User"
"C:\GCMSsolution\Data\Project1\Campbell RMBL Data\Lupinus argenteus\Blank_08292019am.qgd","8/29/2019 10:23:07 AM","8/29/2019 11:04:50 AM","8114176","2DYHPD2\User"
"C:\GCMSsolution\Data\Project1\Campbell RMBL Data\Lupinus argenteus\Blank_08292019pm.qgd","8/29/2019 11:05:28 PM","8/29/2019 11:47:46 PM","8126464","2DYHPD2\User"
"C:\GCMSsolution\Data\Project1\Campbell RMBL Data\Lupinus argenteus\Blank_08302019am.qgd","8/30/2019 11:16:29 AM","8/30/2019 11:57:40 AM","8134656","2DYHPD2\User"
"C:\GCMSsolution\Data\Project1\Campbell RMBL Data\Lupinus argenteus\Blank1_8112021_01.qgd","8/11/2021 10:42:31 AM","8/11/2021 11:24:25 AM","8384512","2DYHPD2\User"
"C:\GCMSsolution\Data\Project1\Campbell RMBL Data\Lupinus argenteus\Blank1_8122021_01.qgd","8/12/2021 9:06:02 AM","8/12/2021 10:05:00 AM","8376320","2DYHPD2\User"
"C:\GCMSsolution\Data\Project1\Campbell RMBL Data\Lupinus argenteus\BVB1_08282019.qgd","8/28/2019 6:46:45 PM","8/28/2019 7:23:33 PM","8179712","2DYHPD2\User"
"C:\GCMSsolution\Data\Project1\Campbell RMBL Data\Lupinus argenteus\BVB2_08282019.qgd","8/28/2019 7:23:38 PM","8/28/2019 8:00:09 PM","8183808","2DYHPD2\User"
"C:\GCMSsolution\Data\Project1\Campbell RMBL Data\Lupinus argenteus\BVB3_08282019.qgd","8/28/2019 8:00:13 PM","8/28/2019 8:36:52 PM","8146944","2DYHPD2\User"
"C:\GCMSsolution\Data\Project1\Campbell RMBL Data\Lupinus argenteus\BVB4_08282019.qgd","8/28/2019 8:36:56 PM","8/28/2019 9:13:04 PM","8146944","2DYHPD2\User"
"C:\GCMSsolution\Data\Project1\Campbell RMBL Data\Lupinus argenteus\bwb1_08292019pm.qgd","8/30/2019 3:56:28 AM","8/30/2019 4:32:03 AM","8163328","2DYHPD2\User"
"C:\GCMSsolution\Data\Project1\Campbell RMBL Data\Lupinus argenteus\bwb2_08292019pm.qgd","8/30/2019 4:32:08 AM","8/30/2019 5:07:32 AM","8167424","2DYHPD2\User"
"C:\GCMSsolution\Data\Project1\Campbell RMBL Data\Lupinus argenteus\bwb3_08292019pm.qgd","8/30/2019 5:07:39 AM","8/30/2019 5:43:00 AM","8138752","2DYHPD2\User"
"C:\GCMSsolution\Data\Project1\Campbell RMBL Data\Lupinus argenteus\bwb4_08292019pm.qgd","8/30/2019 5:43:06 AM","8/30/2019 6:18:34 AM","8196096","2DYHPD2\User"
"C:\GCMSsolution\Data\Project1\Campbell RMBL Data\Lupinus argenteus\bwb5_08292019pm.qgd","8/30/2019 6:18:41 AM","8/30/2019 6:53:52 AM","8171520","2DYHPD2\User"
"C:\GCMSsolution\Data\Project1\Campbell RMBL Data\Lupinus argenteus\bwb6_08292019pm.qgd","8/30/2019 6:53:54 AM","8/30/2019 7:29:24 AM","8171520","2DYHPD2\User"
"C:\GCMSsolution\Data\Project1\Campbell RMBL Data\Lupinus argenteus\bwb7_08292019pm.qgd","8/30/2019 7:29:30 AM","8/30/2019 8:05:21 AM","8151040","2DYHPD2\User"
"C:\GCMSsolution\Data\Project1\Campbell RMBL Data\Lupinus argenteus\bwb8_08292019pm.qgd","8/30/2019 8:05:27 AM","8/30/2019 8:41:07 AM","8163328","2DYHPD2\User"
"C:\GCMSsolution\Data\Project1\Campbell RMBL Data\Lupinus argenteus\bwb9_08292019pm.qgd","8/30/2019 8:41:11 AM","8/30/2019 9:16:48 AM","8224768","2DYHPD2\User"
"C:\GCMSsolution\Data\Project1\Campbell RMBL Data\Lupinus argenteus\bwbair1_08292019pm.qgd","8/30/2019 3:21:06 AM","8/30/2019 3:56:23 AM","8151040","2DYHPD2\User"
"C:\GCMSsolution\Data\Project1\Campbell RMBL Data\Lupinus argenteus\cm2forreal_08312019.qgd","8/31/2019 2:40:00 PM","8/31/2019 3:16:41 PM","8196096","2DYHPD2\User"
"C:\GCMSsolution\Data\Project1\Campbell RMBL Data\Lupinus argenteus\cmn1_08302019am.qgd","8/30/2019 4:51:47 PM","8/30/2019 5:28:25 PM","8257536","2DYHPD2\User"
"C:\GCMSsolution\Data\Project1\Campbell RMBL Data\Lupinus argenteus\cmn2reallycm3_08302019am.qgd","8/30/2019 5:28:31 PM","8/30/2019 6:05:21 PM","8183808","2DYHPD2\User"
"C:\GCMSsolution\Data\Project1\Campbell RMBL Data\Lupinus argenteus\cmn3reallycm4_08302019am.qgd","8/30/2019 6:05:26 PM","8/30/2019 6:41:57 PM","8212480","2DYHPD2\User"
"C:\GCMSsolution\Data\Project1\Campbell RMBL Data\Lupinus argenteus\cmn4reallycm5_08302019am.qgd","8/30/2019 6:42:01 PM","8/30/2019 7:18:25 PM","8224768","2DYHPD2\User"
"C:\GCMSsolution\Data\Project1\Campbell RMBL Data\Lupinus argenteus\cmn5reallycm6_08302019am.qgd","8/30/2019 7:18:30 PM","8/30/2019 7:55:29 PM","8183808","2DYHPD2\User"
"C:\GCMSsolution\Data\Project1\Campbell RMBL Data\Lupinus argenteus\cmn6reallycm7_08302019am.qgd","8/30/2019 7:55:35 PM","8/30/2019 8:31:49 PM","8237056","2DYHPD2\User"
"C:\GCMSsolution\Data\Project1\Campbell RMBL Data\Lupinus argenteus\cmnair1_08302019am.qgd","8/30/2019 4:14:59 PM","8/30/2019 4:51:42 PM","8224768","2DYHPD2\User"
"C:\GCMSsolution\Data\Project1\Campbell RMBL Data\Lupinus argenteus\elk1_08292019am.qgd","8/29/2019 2:45:53 PM","8/29/2019 3:22:57 PM","8200192","2DYHPD2\User"
"C:\GCMSsolution\Data\Project1\Campbell RMBL Data\Lupinus argenteus\elk2_08292019am.qgd","8/29/2019 3:23:01 PM","8/29/2019 3:59:58 PM","8208384","2DYHPD2\User"
"C:\GCMSsolution\Data\Project1\Campbell RMBL Data\Lupinus argenteus\elk3_08292019am.qgd","8/29/2019 4:00:05 PM","8/29/2019 4:37:06 PM","8212480","2DYHPD2\User"
"C:\GCMSsolution\Data\Project1\Campbell RMBL Data\Lupinus argenteus\elk4_08292019am.qgd","8/29/2019 4:37:09 PM","8/29/2019 5:13:28 PM","8179712","2DYHPD2\User"
"C:\GCMSsolution\Data\Project1\Campbell RMBL Data\Lupinus argenteus\elk5_08292019am.qgd","8/29/2019 5:13:32 PM","8/29/2019 5:50:00 PM","8204288","2DYHPD2\User"
"C:\GCMSsolution\Data\Project1\Campbell RMBL Data\Lupinus argenteus\elk6_08292019am.qgd","8/29/2019 5:50:06 PM","8/29/2019 6:27:22 PM","8228864","2DYHPD2\User"
"C:\GCMSsolution\Data\Project1\Campbell RMBL Data\Lupinus argenteus\elk7_08292019am.qgd","8/29/2019 6:27:27 PM","8/29/2019 7:04:20 PM","8216576","2DYHPD2\User"
"C:\GCMSsolution\Data\Project1\Campbell RMBL Data\Lupinus argenteus\elk8_08292019am.qgd","8/29/2019 7:04:23 PM","8/29/2019 7:41:15 PM","8179712","2DYHPD2\User"
"C:\GCMSsolution\Data\Project1\Campbell RMBL Data\Lupinus argenteus\elkair1_08292019am.qgd","8/29/2019 2:08:48 PM","8/29/2019 2:45:47 PM","8163328","2DYHPD2\User"
"C:\GCMSsolution\Data\Project1\Campbell RMBL Data\Lupinus argenteus\ERB1_08282019.qgd","8/28/2019 9:26:24 AM","8/28/2019 10:01:47 AM","8228864","2DYHPD2\User"
"C:\GCMSsolution\Data\Project1\Campbell RMBL Data\Lupinus argenteus\ERB2_08282019.qgd","8/28/2019 10:01:51 AM","8/28/2019 10:37:26 AM","8241152","2DYHPD2\User"
"C:\GCMSsolution\Data\Project1\Campbell RMBL Data\Lupinus argenteus\ERB3_08282019.qgd","8/28/2019 10:37:30 AM","8/28/2019 11:13:26 AM","8232960","2DYHPD2\User"
"C:\GCMSsolution\Data\Project1\Campbell RMBL Data\Lupinus argenteus\ERB4_08282019.qgd","8/28/2019 11:13:31 AM","8/28/2019 11:49:42 AM","8196096","2DYHPD2\User"
"C:\GCMSsolution\Data\Project1\Campbell RMBL Data\Lupinus argenteus\ERB5_08282019.qgd","8/28/2019 11:49:45 AM","8/28/2019 12:26:28 PM","8224768","2DYHPD2\User"
"C:\GCMSsolution\Data\Project1\Campbell RMBL Data\Lupinus argenteus\ERB6_08282019.qgd","8/28/2019 12:26:32 PM","8/28/2019 1:03:28 PM","8179712","2DYHPD2\User"
"C:\GCMSsolution\Data\Project1\Campbell RMBL Data\Lupinus argenteus\ERB7_08282019.qgd","8/28/2019 1:03:35 PM","8/28/2019 1:40:00 PM","8212480","2DYHPD2\User"
"C:\GCMSsolution\Data\Project1\Campbell RMBL Data\Lupinus argenteus\ERB8_08282019.qgd","8/28/2019 1:40:05 PM","8/28/2019 2:16:50 PM","8192000","2DYHPD2\User"
"C:\GCMSsolution\Data\Project1\Campbell RMBL Data\Lupinus argenteus\ERB9_08282019.qgd","8/28/2019 3:34:02 PM","8/28/2019 4:16:09 PM","8175616","2DYHPD2\User"
"C:\GCMSsolution\Data\Project1\Campbell RMBL Data\Lupinus argenteus\ERBAIR1_08282019.qgd","8/28/2019 2:16:56 PM","8/28/2019 2:53:47 PM","8183808","2DYHPD2\User"
"C:\GCMSsolution\Data\Project1\Campbell RMBL Data\Lupinus argenteus\ERBAIR2_08282019.qgd","8/28/2019 2:53:51 PM","8/28/2019 3:31:09 PM","8179712","2DYHPD2\User"
"C:\GCMSsolution\Data\Project1\Campbell RMBL Data\Lupinus argenteus\LERB1_08282019.qgd","8/28/2019 4:16:13 PM","8/28/2019 4:53:46 PM","8224768","2DYHPD2\User"
"C:\GCMSsolution\Data\Project1\Campbell RMBL Data\Lupinus argenteus\LERB2_08282019.qgd","8/28/2019 5:31:34 PM","8/28/2019 6:09:18 PM","8200192","2DYHPD2\User"
"C:\GCMSsolution\Data\Project1\Campbell RMBL Data\Lupinus argenteus\LERB3_08282019.qgd","8/28/2019 6:09:21 PM","8/28/2019 6:46:40 PM","8183808","2DYHPD2\User"
"C:\GCMSsolution\Data\Project1\Campbell RMBL Data\Lupinus argenteus\lerb4_08292019pm.qgd","8/30/2019 1:34:30 AM","8/30/2019 2:09:56 AM","8200192","2DYHPD2\User"
"C:\GCMSsolution\Data\Project1\Campbell RMBL Data\Lupinus argenteus\lerb5_08292019pm.qgd","8/30/2019 2:10:01 AM","8/30/2019 2:45:25 AM","8142848","2DYHPD2\User"
"C:\GCMSsolution\Data\Project1\Campbell RMBL Data\Lupinus argenteus\lerb6_08292019pm.qgd","8/30/2019 2:45:31 AM","8/30/2019 3:21:01 AM","8151040","2DYHPD2\User"
"C:\GCMSsolution\Data\Project1\Campbell RMBL Data\Lupinus argenteus\LERBAIR1_08282019.qgd","8/28/2019 4:53:52 PM","8/28/2019 5:31:30 PM","8192000","2DYHPD2\User"
"C:\GCMSsolution\Data\Project1\Campbell RMBL Data\Lupinus argenteus\lerbair2_08292019pm.qgd","8/30/2019 12:59:04 AM","8/30/2019 1:34:25 AM","8163328","2DYHPD2\User"
"C:\GCMSsolution\Data\Project1\Campbell RMBL Data\Lupinus argenteus\Lupinus_brc_20_1_8122021_11.qgd","8/12/2021 3:44:40 PM","8/12/2021 4:25:17 PM","8884224","2DYHPD2\User"
"C:\GCMSsolution\Data\Project1\Campbell RMBL Data\Lupinus argenteus\Lupinus_brc_20_2_8122021_20.qgd","8/12/2021 9:27:46 PM","8/12/2021 10:06:08 PM","8761344","2DYHPD2\User"
"C:\GCMSsolution\Data\Project1\Campbell RMBL Data\Lupinus argenteus\Lupinus_brc_20_2_8132021_20.qgd","8/13/2021 6:54:24 PM","8/13/2021 7:33:51 PM","8409088","2DYHPD2\User"
"C:\GCMSsolution\Data\Project1\Campbell RMBL Data\Lupinus argenteus\Lupinus_brc_20_5_8122021_17.qgd","8/12/2021 7:36:22 PM","8/12/2021 8:14:46 PM","8499200","2DYHPD2\User"
"C:\GCMSsolution\Data\Project1\Campbell RMBL Data\Lupinus argenteus\Lupinus_brc_20_6_8122021_15.qgd","8/12/2021 6:20:27 PM","8/12/2021 7:00:23 PM","8712192","2DYHPD2\User"
"C:\GCMSsolution\Data\Project1\Campbell RMBL Data\Lupinus argenteus\Lupinus_brc_20_7_8122021_13.qgd","8/12/2021 5:02:42 PM","8/12/2021 5:43:19 PM","8458240","2DYHPD2\User"
"C:\GCMSsolution\Data\Project1\Campbell RMBL Data\Lupinus argenteus\Lupinus_brc_20_8_8132021_17.qgd","8/13/2021 4:57:42 PM","8/13/2021 5:38:49 PM","8867840","2DYHPD2\User"
"C:\GCMSsolution\Data\Project1\Campbell RMBL Data\Lupinus argenteus\Lupinus_brc_20_air_1_8132021_19.qgd","8/13/2021 6:16:14 PM","8/13/2021 6:56:00 PM","8585216","2DYHPD2\User"
"C:\GCMSsolution\Data\Project1\Campbell RMBL Data\Lupinus argenteus\Lupinus_bur_20_1_8112021_04.qgd","8/11/2021 12:36:05 PM","8/11/2021 1:14:55 PM","8519680","2DYHPD2\User"
"C:\GCMSsolution\Data\Project1\Campbell RMBL Data\Lupinus argenteus\Lupinus_bur_20_2_8112021_06.qgd","8/11/2021 1:50:47 PM","8/11/2021 2:30:22 PM","8491008","2DYHPD2\User"
"C:\GCMSsolution\Data\Project1\Campbell RMBL Data\Lupinus argenteus\Lupinus_bur_20_3_8112021_10.qgd","8/11/2021 4:25:07 PM","8/11/2021 5:05:53 PM","8585216","2DYHPD2\User"
"C:\GCMSsolution\Data\Project1\Campbell RMBL Data\Lupinus argenteus\Lupinus_bur_20_4_8112021_08.qgd","8/11/2021 3:07:17 PM","8/11/2021 3:47:31 PM","8519680","2DYHPD2\User"
"C:\GCMSsolution\Data\Project1\Campbell RMBL Data\Lupinus argenteus\Lupinus_bur_20_5_8112021_07.qgd","8/11/2021 2:28:50 PM","8/11/2021 3:08:45 PM","8507392","2DYHPD2\User"
"C:\GCMSsolution\Data\Project1\Campbell RMBL Data\Lupinus argenteus\Lupinus_bur_20_6_8112021_02.qgd","8/11/2021 11:22:56 AM","8/11/2021 12:01:08 PM","8499200","2DYHPD2\User"
"C:\GCMSsolution\Data\Project1\Campbell RMBL Data\Lupinus argenteus\Lupinus_bur_20_7_8112021_05.qgd","8/11/2021 1:13:20 PM","8/11/2021 1:52:20 PM","8527872","2DYHPD2\User"
"C:\GCMSsolution\Data\Project1\Campbell RMBL Data\Lupinus argenteus\Lupinus_bur_20_8_8112021_09.qgd","8/11/2021 3:46:01 PM","8/11/2021 4:26:40 PM","8732672","2DYHPD2\User"
"C:\GCMSsolution\Data\Project1\Campbell RMBL Data\Lupinus argenteus\Lupinus_bur_20_air_1_8112021_03.qgd","8/11/2021 11:59:40 AM","8/11/2021 12:37:47 PM","8642560","2DYHPD2\User"
"C:\GCMSsolution\Data\Project1\Campbell RMBL Data\Lupinus argenteus\Lupinus_bvb_20_1_8122021_07.qgd","8/12/2021 1:07:36 PM","8/12/2021 1:47:41 PM","8458240","2DYHPD2\User"
"C:\GCMSsolution\Data\Project1\Campbell RMBL Data\Lupinus argenteus\Lupinus_bvb_20_2_8122021_08.qgd","8/12/2021 1:46:07 PM","8/12/2021 2:26:38 PM","8462336","2DYHPD2\User"
"C:\GCMSsolution\Data\Project1\Campbell RMBL Data\Lupinus argenteus\Lupinus_bvb_20_3_8122021_06.qgd","8/12/2021 12:29:37 PM","8/12/2021 1:09:04 PM","8781824","2DYHPD2\User"
"C:\GCMSsolution\Data\Project1\Campbell RMBL Data\Lupinus argenteus\Lupinus_bvb_20_4_8132021_11.qgd","8/13/2021 12:59:43 PM","8/13/2021 1:39:25 PM","8425472","2DYHPD2\User"
"C:\GCMSsolution\Data\Project1\Campbell RMBL Data\Lupinus argenteus\Lupinus_bvb_20_5_8132021_10.qgd","8/13/2021 12:21:53 PM","8/13/2021 1:01:16 PM","8478720","2DYHPD2\User"
"C:\GCMSsolution\Data\Project1\Campbell RMBL Data\Lupinus argenteus\Lupinus_bvb_20_6_8122021_09.qgd","8/12/2021 2:25:09 PM","8/12/2021 3:06:30 PM","8568832","2DYHPD2\User"
"C:\GCMSsolution\Data\Project1\Campbell RMBL Data\Lupinus argenteus\Lupinus_bvb_20_7_8132021_14.qgd","8/13/2021 2:56:18 PM","8/13/2021 3:38:32 PM","8478720","2DYHPD2\User"
"C:\GCMSsolution\Data\Project1\Campbell RMBL Data\Lupinus argenteus\Lupinus_bvb_20_8_8132021_13.qgd","8/13/2021 2:16:48 PM","8/13/2021 2:57:49 PM","8716288","2DYHPD2\User"
"C:\GCMSsolution\Data\Project1\Campbell RMBL Data\Lupinus argenteus\Lupinus_bvb_20_9_8132021_12.qgd","8/13/2021 1:37:49 PM","8/13/2021 2:18:15 PM","8720384","2DYHPD2\User"
"C:\GCMSsolution\Data\Project1\Campbell RMBL Data\Lupinus argenteus\Lupinus_bvb_20_air_1_8122021_10.qgd","8/12/2021 3:05:01 PM","8/12/2021 3:46:08 PM","8794112","2DYHPD2\User"
"C:\GCMSsolution\Data\Project1\Campbell RMBL Data\Lupinus argenteus\Lupinus_chs_20_1_8132021_08.qgd","8/13/2021 11:07:39 AM","8/13/2021 11:46:21 AM","8749056","2DYHPD2\User"
"C:\GCMSsolution\Data\Project1\Campbell RMBL Data\Lupinus argenteus\Lupinus_chs_20_2_8132021_05.qgd","8/13/2021 9:18:47 AM","8/13/2021 9:56:24 AM","8736768","2DYHPD2\User"
"C:\GCMSsolution\Data\Project1\Campbell RMBL Data\Lupinus argenteus\Lupinus_chs_20_3_8132021_09.qgd","8/13/2021 11:44:45 AM","8/13/2021 12:23:33 PM","8790016","2DYHPD2\User"
"C:\GCMSsolution\Data\Project1\Campbell RMBL Data\Lupinus argenteus\Lupinus_chs_20_4_8132021_07.qgd","8/13/2021 10:30:58 AM","8/13/2021 11:09:15 AM","8417280","2DYHPD2\User"
"C:\GCMSsolution\Data\Project1\Campbell RMBL Data\Lupinus argenteus\Lupinus_chs_20_air_1_8132021_06.qgd","8/13/2021 9:54:42 AM","8/13/2021 10:32:37 AM","8728576","2DYHPD2\User"
"C:\GCMSsolution\Data\Project1\Campbell RMBL Data\Lupinus argenteus\Lupinus_eml_20_1_8132021_03.qgd","8/13/2021 8:08:36 AM","8/13/2021 8:45:15 AM","8404992","2DYHPD2\User"
"C:\GCMSsolution\Data\Project1\Campbell RMBL Data\Lupinus argenteus\Lupinus_eml_20_2_8132021_04.qgd","8/13/2021 8:43:25 AM","8/13/2021 9:20:28 AM","8777728","2DYHPD2\User"
"C:\GCMSsolution\Data\Project1\Campbell RMBL Data\Lupinus argenteus\Lupinus_eml_20_3_8112021_11.qgd","8/11/2021 5:04:25 PM","8/11/2021 5:45:31 PM","8425472","2DYHPD2\User"
"C:\GCMSsolution\Data\Project1\Campbell RMBL Data\Lupinus argenteus\Lupinus_eml_20_4_8112021_14.qgd","8/11/2021 7:01:30 PM","8/11/2021 7:40:57 PM","8630272","2DYHPD2\User"
"C:\GCMSsolution\Data\Project1\Campbell RMBL Data\Lupinus argenteus\Lupinus_eml_20_5_8112021_13.qgd","8/11/2021 6:23:06 PM","8/11/2021 7:03:10 PM","8450048","2DYHPD2\User"
"C:\GCMSsolution\Data\Project1\Campbell RMBL Data\Lupinus argenteus\Lupinus_eml_20_6_8112021_16.qgd","8/11/2021 8:16:27 PM","8/11/2021 8:54:21 PM","8577024","2DYHPD2\User"
"C:\GCMSsolution\Data\Project1\Campbell RMBL Data\Lupinus argenteus\Lupinus_eml_20_7_8112021_17.qgd","8/11/2021 8:52:48 PM","8/11/2021 9:31:17 PM","8429568","2DYHPD2\User"
"C:\GCMSsolution\Data\Project1\Campbell RMBL Data\Lupinus argenteus\Lupinus_eml_20_8_8112021_15.qgd","8/11/2021 7:39:24 PM","8/11/2021 8:18:00 PM","8454144","2DYHPD2\User"
"C:\GCMSsolution\Data\Project1\Campbell RMBL Data\Lupinus argenteus\Lupinus_eml_20_air_1_8132021_01.qgd","8/13/2021 6:53:23 AM","8/13/2021 7:35:26 AM","8392704","2DYHPD2\User"
"C:\GCMSsolution\Data\Project1\Campbell RMBL Data\Lupinus argenteus\Lupinus_eml_20_air_2_8112021_12.qgd","8/11/2021 5:43:56 PM","8/11/2021 6:24:46 PM","8413184","2DYHPD2\User"
"C:\GCMSsolution\Data\Project1\Campbell RMBL Data\Lupinus argenteus\Lupinus_lerb_20_2_8132021_18.qgd","8/13/2021 5:37:13 PM","8/13/2021 6:17:45 PM","8691712","2DYHPD2\User"
"C:\GCMSsolution\Data\Project1\Campbell RMBL Data\Lupinus argenteus\Lupinus_lerb_20_3_8122021_12.qgd","8/12/2021 4:23:46 PM","8/12/2021 5:04:17 PM","8712192","2DYHPD2\User"
"C:\GCMSsolution\Data\Project1\Campbell RMBL Data\Lupinus argenteus\Lupinus_lerb_20_6_8122021_16.qgd","8/12/2021 6:58:47 PM","8/12/2021 7:37:46 PM","8437760","2DYHPD2\User"
"C:\GCMSsolution\Data\Project1\Campbell RMBL Data\Lupinus argenteus\Lupinus_lerb_20_7_8122021_14.qgd","8/12/2021 5:41:52 PM","8/12/2021 6:22:00 PM","8523776","2DYHPD2\User"
"C:\GCMSsolution\Data\Project1\Campbell RMBL Data\Lupinus argenteus\Lupinus_lerb_20_8_8122021_18.qgd","8/12/2021 8:13:21 PM","8/12/2021 8:52:23 PM","8671232","2DYHPD2\User"
"C:\GCMSsolution\Data\Project1\Campbell RMBL Data\Lupinus argenteus\Lupinus_lerb_20_8_8132021_16.qgd","8/13/2021 4:17:46 PM","8/13/2021 4:59:09 PM","8450048","2DYHPD2\User"
"C:\GCMSsolution\Data\Project1\Campbell RMBL Data\Lupinus argenteus\Lupinus_lerb_20_9_8132021_15.qgd","8/13/2021 3:37:01 PM","8/13/2021 4:19:17 PM","8802304","2DYHPD2\User"
"C:\GCMSsolution\Data\Project1\Campbell RMBL Data\Lupinus argenteus\Lupinus_lerb_20_air_1_8122021_19.qgd","8/12/2021 8:50:48 PM","8/12/2021 9:29:22 PM","8704000","2DYHPD2\User"
"C:\GCMSsolution\Data\Project1\Campbell RMBL Data\Lupinus argenteus\Lupinus_npb_20_1_8122021_03.qgd","8/12/2021 10:39:36 AM","8/12/2021 11:16:48 AM","8404992","2DYHPD2\User"
"C:\GCMSsolution\Data\Project1\Campbell RMBL Data\Lupinus argenteus\Lupinus_npb_20_1_8132021_02.qgd","8/13/2021 7:33:41 AM","8/13/2021 8:10:12 AM","8478720","2DYHPD2\User"
"C:\GCMSsolution\Data\Project1\Campbell RMBL Data\Lupinus argenteus\Lupinus_npb_20_2_8122021_05.qgd","8/12/2021 11:52:01 AM","8/12/2021 12:31:11 PM","8478720","2DYHPD2\User"
"C:\GCMSsolution\Data\Project1\Campbell RMBL Data\Lupinus argenteus\Lupinus_npb_20_3_8122021_02.qgd","8/12/2021 10:03:25 AM","8/12/2021 10:41:08 AM","8503296","2DYHPD2\User"
"C:\GCMSsolution\Data\Project1\Campbell RMBL Data\Lupinus argenteus\Lupinus_npb_20_4_8112021_20.qgd","8/11/2021 10:42:33 PM","8/11/2021 11:19:51 PM","8503296","2DYHPD2\User"
"C:\GCMSsolution\Data\Project1\Campbell RMBL Data\Lupinus argenteus\Lupinus_npb_20_5_8112021_18.qgd","8/11/2021 9:29:47 PM","8/11/2021 10:07:53 PM","8433664","2DYHPD2\User"
"C:\GCMSsolution\Data\Project1\Campbell RMBL Data\Lupinus argenteus\Lupinus_npb_20_6_8112021_19.qgd","8/11/2021 10:06:20 PM","8/11/2021 10:44:13 PM","8691712","2DYHPD2\User"
"C:\GCMSsolution\Data\Project1\Campbell RMBL Data\Lupinus argenteus\Lupinus_npb_20_air_1_8122021_04.qgd","8/12/2021 11:15:13 AM","8/12/2021 11:53:32 AM","8531968","2DYHPD2\User"
"C:\GCMSsolution\Data\Project1\Campbell RMBL Data\Lupinus argenteus\Lupinus20_20190828.qgb","8/28/2019 8:06:10 AM","8/28/2019 8:06:10 AM","45056","2DYHPD2\User"
"C:\GCMSsolution\Data\Project1\Campbell RMBL Data\Lupinus argenteus\mar1_08282019.qgd","8/29/2019 12:28:35 AM","8/29/2019 1:04:11 AM","8183808","2DYHPD2\User"
"C:\GCMSsolution\Data\Project1\Campbell RMBL Data\Lupinus argenteus\mar10_08282019.qgd","8/29/2019 5:49:45 AM","8/29/2019 6:25:00 AM","8151040","2DYHPD2\User"
"C:\GCMSsolution\Data\Project1\Campbell RMBL Data\Lupinus argenteus\mar2_08282019.qgd","8/29/2019 1:04:18 AM","8/29/2019 1:40:04 AM","8134656","2DYHPD2\User"
"C:\GCMSsolution\Data\Project1\Campbell RMBL Data\Lupinus argenteus\mar3_08282019.qgd","8/29/2019 1:40:10 AM","8/29/2019 2:15:49 AM","8159232","2DYHPD2\User"
"C:\GCMSsolution\Data\Project1\Campbell RMBL Data\Lupinus argenteus\mar4_08282019.qgd","8/29/2019 2:15:53 AM","8/29/2019 2:51:32 AM","8134656","2DYHPD2\User"
"C:\GCMSsolution\Data\Project1\Campbell RMBL Data\Lupinus argenteus\mar5_08282019.qgd","8/29/2019 2:51:36 AM","8/29/2019 3:27:10 AM","8126464","2DYHPD2\User"
"C:\GCMSsolution\Data\Project1\Campbell RMBL Data\Lupinus argenteus\mar6_08282019.qgd","8/29/2019 3:27:14 AM","8/29/2019 4:02:35 AM","8114176","2DYHPD2\User"
"C:\GCMSsolution\Data\Project1\Campbell RMBL Data\Lupinus argenteus\mar7_08282019.qgd","8/29/2019 4:02:41 AM","8/29/2019 4:38:22 AM","8134656","2DYHPD2\User"
"C:\GCMSsolution\Data\Project1\Campbell RMBL Data\Lupinus argenteus\mar8_08282019.qgd","8/29/2019 4:38:27 AM","8/29/2019 5:14:04 AM","8101888","2DYHPD2\User"
"C:\GCMSsolution\Data\Project1\Campbell RMBL Data\Lupinus argenteus\mar9_08282019.qgd","8/29/2019 5:14:10 AM","8/29/2019 5:49:39 AM","8118272","2DYHPD2\User"
"C:\GCMSsolution\Data\Project1\Campbell RMBL Data\Lupinus argenteus\marair1_08282019.qgd","8/28/2019 11:17:02 PM","8/28/2019 11:52:39 PM","8151040","2DYHPD2\User"
"C:\GCMSsolution\Data\Project1\Campbell RMBL Data\Lupinus argenteus\marair2_08282019.qgd","8/28/2019 11:52:42 PM","8/29/2019 12:28:29 AM","8151040","2DYHPD2\User"
"C:\GCMSsolution\Data\Project1\Campbell RMBL Data\Lupinus argenteus\mex1_08292019am.qgd","8/29/2019 7:41:18 PM","8/29/2019 8:17:50 PM","8228864","2DYHPD2\User"
"C:\GCMSsolution\Data\Project1\Campbell RMBL Data\Lupinus argenteus\mex2_08292019am.qgd","8/29/2019 8:17:53 PM","8/29/2019 8:54:19 PM","8155136","2DYHPD2\User"
"C:\GCMSsolution\Data\Project1\Campbell RMBL Data\Lupinus argenteus\mex3_08292019am.qgd","8/29/2019 8:54:22 PM","8/29/2019 9:30:37 PM","8159232","2DYHPD2\User"
"C:\GCMSsolution\Data\Project1\Campbell RMBL Data\Lupinus argenteus\mex4_08292019am.qgd","8/29/2019 9:30:43 PM","8/29/2019 10:06:40 PM","8204288","2DYHPD2\User"
"C:\GCMSsolution\Data\Project1\Campbell RMBL Data\Lupinus argenteus\mex5_08292019am.qgd","8/29/2019 10:06:43 PM","8/29/2019 10:42:24 PM","8151040","2DYHPD2\User"
"C:\GCMSsolution\Data\Project1\Campbell RMBL Data\Lupinus argenteus\mex6_08292019pm.qgd","8/29/2019 11:47:50 PM","8/30/2019 12:23:22 AM","8171520","2DYHPD2\User"
"C:\GCMSsolution\Data\Project1\Campbell RMBL Data\Lupinus argenteus\mexair1_08292019pm.qgd","8/30/2019 12:23:25 AM","8/30/2019 12:59:01 AM","8159232","2DYHPD2\User"
"C:\GCMSsolution\Data\Project1\Campbell RMBL Data\Lupinus argenteus\thrips_elk_08292019am.qgd","8/29/2019 1:31:44 PM","8/29/2019 2:08:42 PM","8196096","2DYHPD2\User"
"C:\GCMSsolution\Data\Project1\Campbell RMBL Data\Lupinus argenteus\ypo1_08292019pm.qgd","8/30/2019 9:52:26 AM","8/30/2019 10:28:25 AM","8224768","2DYHPD2\User"
"C:\GCMSsolution\Data\Project1\Campbell RMBL Data\Lupinus argenteus\ypo2_08292019pm.qgd","8/30/2019 10:28:30 AM","8/30/2019 11:04:48 AM","8220672","2DYHPD2\User"
"C:\GCMSsolution\Data\Project1\Campbell RMBL Data\Lupinus argenteus\ypo3_08302019am.qgd","8/30/2019 11:57:45 AM","8/30/2019 12:34:10 PM","8183808","2DYHPD2\User"
"C:\GCMSsolution\Data\Project1\Campbell RMBL Data\Lupinus argenteus\ypo4_08302019am.qgd","8/30/2019 12:34:15 PM","8/30/2019 1:10:44 PM","8171520","2DYHPD2\User"
"C:\GCMSsolution\Data\Project1\Campbell RMBL Data\Lupinus argenteus\ypoair1_08292019pm.qgd","8/30/2019 9:16:51 AM","8/30/2019 9:52:23 AM","8142848","2DYHPD2\User"
"C:\GCMSsolution\Data\Project1\Campbell RMBL Data\Maxfield meadow 2018","7/16/2018 3:28:01 PM","8/13/2019 1:49:57 PM",,"2DYHPD2\User"
"C:\GCMSsolution\Data\Project1\Campbell RMBL Data\Maxfield meadow 2018\1A232_1_Aug2_08022018_1A232_2_Aug2_08022018.qgd","8/2/2018 6:13:03 PM","8/2/2018 6:47:06 PM","6815744","2DYHPD2\User"
"C:\GCMSsolution\Data\Project1\Campbell RMBL Data\Maxfield meadow 2018\1A232_2_Aug2_08022018_2D206_2_Aug2_08022018.qgd","8/2/2018 6:47:22 PM","8/2/2018 7:20:33 PM","6807552","2DYHPD2\User"
"C:\GCMSsolution\Data\Project1\Campbell RMBL Data\Maxfield meadow 2018\1A238_July5_07282018.qgd","7/29/2018 3:45:43 AM","7/29/2018 4:17:00 AM","6860800","2DYHPD2\User"
"C:\GCMSsolution\Data\Project1\Campbell RMBL Data\Maxfield meadow 2018\1A253_July11_07292018.qgd","7/29/2018 7:01:45 PM","7/29/2018 7:34:17 PM","6799360","2DYHPD2\User"
"C:\GCMSsolution\Data\Project1\Campbell RMBL Data\Maxfield meadow 2018\1A253July24_07252018.qgd","7/25/2018 11:17:39 AM","7/25/2018 11:50:00 AM","6971392","2DYHPD2\User"
"C:\GCMSsolution\Data\Project1\Campbell RMBL Data\Maxfield meadow 2018\1B655_June28_07292018.qgd","7/29/2018 9:11:39 PM","7/29/2018 9:41:54 PM","6787072","2DYHPD2\User"
"C:\GCMSsolution\Data\Project1\Campbell RMBL Data\Maxfield meadow 2018\1B655July11_07182018.qgd","7/18/2018 4:40:53 PM","7/18/2018 5:14:39 PM","6815744","2DYHPD2\User"
"C:\GCMSsolution\Data\Project1\Campbell RMBL Data\Maxfield meadow 2018\1B664_July5_08032018.qgd","8/3/2018 1:33:15 PM","8/3/2018 2:04:23 PM","6885376","2DYHPD2\User"
"C:\GCMSsolution\Data\Project1\Campbell RMBL Data\Maxfield meadow 2018\1B678_July5_08032018.qgd","8/3/2018 5:15:01 PM","8/3/2018 5:46:55 PM","6926336","2DYHPD2\User"
"C:\GCMSsolution\Data\Project1\Campbell RMBL Data\Maxfield meadow 2018\1B99_July5_08032018.qgd","8/3/2018 7:55:42 PM","8/3/2018 8:27:24 PM","7016448","2DYHPD2\User"
"C:\GCMSsolution\Data\Project1\Campbell RMBL Data\Maxfield meadow 2018\1C60_July11_08042018.qgd","8/4/2018 7:40:54 PM","8/4/2018 8:13:12 PM","6881280","2DYHPD2\User"
"C:\GCMSsolution\Data\Project1\Campbell RMBL Data\Maxfield meadow 2018\1C62_July5_08032018.qgd","8/3/2018 1:01:53 PM","8/3/2018 1:32:58 PM","6811648","2DYHPD2\User"
"C:\GCMSsolution\Data\Project1\Campbell RMBL Data\Maxfield meadow 2018\1D29_July11_08042018.qgd","8/4/2018 4:22:57 PM","8/4/2018 4:56:17 PM","6926336","2DYHPD2\User"
"C:\GCMSsolution\Data\Project1\Campbell RMBL Data\Maxfield meadow 2018\1D29_July24_07252018.qgd","7/25/2018 10:45:18 AM","7/25/2018 11:17:24 AM","6934528","2DYHPD2\User"
"C:\GCMSsolution\Data\Project1\Campbell RMBL Data\Maxfield meadow 2018\1D29_July5_08032018.qgd","8/3/2018 3:39:15 PM","8/3/2018 4:10:43 PM","6873088","2DYHPD2\User"
"C:\GCMSsolution\Data\Project1\Campbell RMBL Data\Maxfield meadow 2018\20180718_hmb1.qgb","7/18/2018 2:57:02 PM","7/18/2018 2:57:02 PM","36864","2DYHPD2\User"
"C:\GCMSsolution\Data\Project1\Campbell RMBL Data\Maxfield meadow 2018\20180725_hmb2.qgb","7/25/2018 9:33:50 AM","7/25/2018 9:36:12 AM","49152","2DYHPD2\User"
"C:\GCMSsolution\Data\Project1\Campbell RMBL Data\Maxfield meadow 2018\20180726_hmb3.qgb","7/26/2018 10:22:44 AM","7/26/2018 10:22:44 AM","45056","2DYHPD2\User"
"C:\GCMSsolution\Data\Project1\Campbell RMBL Data\Maxfield meadow 2018\20180726_hmb4.qgb","7/26/2018 9:48:45 PM","7/26/2018 9:48:45 PM","40960","2DYHPD2\User"
"C:\GCMSsolution\Data\Project1\Campbell RMBL Data\Maxfield meadow 2018\20180728_hmb5.qgb","7/28/2018 6:30:55 PM","7/28/2018 6:40:11 PM","65536","2DYHPD2\User"
"C:\GCMSsolution\Data\Project1\Campbell RMBL Data\Maxfield meadow 2018\20180729_hmb6.qgb","7/29/2018 4:33:51 PM","7/29/2018 5:19:05 PM","65536","2DYHPD2\User"
"C:\GCMSsolution\Data\Project1\Campbell RMBL Data\Maxfield meadow 2018\20180730_hmb7.qgb","7/30/2018 9:48:26 AM","7/30/2018 9:48:26 AM","45056","2DYHPD2\User"
"C:\GCMSsolution\Data\Project1\Campbell RMBL Data\Maxfield meadow 2018\20180801_hmb8.qgb","8/1/2018 12:46:57 PM","8/1/2018 12:56:19 PM","65536","2DYHPD2\User"
"C:\GCMSsolution\Data\Project1\Campbell RMBL Data\Maxfield meadow 2018\20180803_hmb10.qgb","8/3/2018 11:48:05 AM","8/3/2018 12:23:17 PM","45056","2DYHPD2\User"
"C:\GCMSsolution\Data\Project1\Campbell RMBL Data\Maxfield meadow 2018\20180804_hmb11.qgb","8/4/2018 10:12:55 AM","8/4/2018 10:12:55 AM","45056","2DYHPD2\User"
"C:\GCMSsolution\Data\Project1\Campbell RMBL Data\Maxfield meadow 2018\20180805_hmb12.qgb","8/5/2018 12:31:39 PM","8/5/2018 12:32:27 PM","49152","2DYHPD2\User"
"C:\GCMSsolution\Data\Project1\Campbell RMBL Data\Maxfield meadow 2018\20180821_hmb9.qgb","8/2/2018 2:06:16 PM","8/2/2018 2:06:16 PM","45056","2DYHPD2\User"
"C:\GCMSsolution\Data\Project1\Campbell RMBL Data\Maxfield meadow 2018\2A171_July11_08042018.qgd","8/4/2018 8:13:26 PM","8/4/2018 8:45:17 PM","6975488","2DYHPD2\User"
"C:\GCMSsolution\Data\Project1\Campbell RMBL Data\Maxfield meadow 2018\2A171_July9_08052018.qgd","8/5/2018 2:15:03 PM","8/5/2018 2:47:38 PM","6823936","2DYHPD2\User"
"C:\GCMSsolution\Data\Project1\Campbell RMBL Data\Maxfield meadow 2018\2A172_Aug2_08022018.qgd","8/2/2018 3:24:23 PM","8/2/2018 3:57:33 PM","6819840","2DYHPD2\User"
"C:\GCMSsolution\Data\Project1\Campbell RMBL Data\Maxfield meadow 2018\2A172_July5_07282018.qgd","7/29/2018 2:42:57 AM","7/29/2018 3:14:09 AM","6840320","2DYHPD2\User"
"C:\GCMSsolution\Data\Project1\Campbell RMBL Data\Maxfield meadow 2018\2B129_July9_07292018.qgd","7/29/2018 8:07:12 PM","7/29/2018 8:39:20 PM","6823936","2DYHPD2\User"
"C:\GCMSsolution\Data\Project1\Campbell RMBL Data\Maxfield meadow 2018\2B195_June29_07282018.qgd","7/28/2018 11:34:39 PM","7/29/2018 12:05:45 AM","7229440","2DYHPD2\User"
"C:\GCMSsolution\Data\Project1\Campbell RMBL Data\Maxfield meadow 2018\2B199_July9_08012018_2A172_July9_08012018.qgd","8/1/2018 10:47:33 PM","8/1/2018 11:19:12 PM","6897664","2DYHPD2\User"
"C:\GCMSsolution\Data\Project1\Campbell RMBL Data\Maxfield meadow 2018\2B87_July5_07292018.qgd","7/30/2018 12:50:41 AM","7/30/2018 1:21:51 AM","6832128","2DYHPD2\User"
"C:\GCMSsolution\Data\Project1\Campbell RMBL Data\Maxfield meadow 2018\2C100_July9_07302018.qgd","7/30/2018 11:08:18 AM","7/30/2018 11:39:57 AM","6873088","2DYHPD2\User"
"C:\GCMSsolution\Data\Project1\Campbell RMBL Data\Maxfield meadow 2018\2C258July24_07252018.qgd","7/25/2018 11:50:16 AM","7/25/2018 12:22:10 PM","6955008","2DYHPD2\User"
"C:\GCMSsolution\Data\Project1\Campbell RMBL Data\Maxfield meadow 2018\2C265_July11_08042018.qgd","8/4/2018 5:29:52 PM","8/4/2018 6:02:55 PM","6987776","2DYHPD2\User"
"C:\GCMSsolution\Data\Project1\Campbell RMBL Data\Maxfield meadow 2018\2C266_July5_07302018.qgd","7/30/2018 5:41:08 PM","7/30/2018 6:14:28 PM","6897664","2DYHPD2\User"
"C:\GCMSsolution\Data\Project1\Campbell RMBL Data\Maxfield meadow 2018\2C276_July9_08012018_2B199_July9_08012018.qgd","8/1/2018 10:15:37 PM","8/1/2018 10:47:19 PM","6856704","2DYHPD2\User"
"C:\GCMSsolution\Data\Project1\Campbell RMBL Data\Maxfield meadow 2018\2D189_July11_08042018.qgd","8/4/2018 4:56:34 PM","8/4/2018 5:29:37 PM","7426048","2DYHPD2\User"
"C:\GCMSsolution\Data\Project1\Campbell RMBL Data\Maxfield meadow 2018\2D189_July17_08042018.qgd","8/4/2018 12:33:31 PM","8/4/2018 1:06:00 PM","6852608","2DYHPD2\User"
"C:\GCMSsolution\Data\Project1\Campbell RMBL Data\Maxfield meadow 2018\2D200_July24_07262018.qgd","7/26/2018 1:10:24 PM","7/26/2018 1:42:50 PM","6799360","2DYHPD2\User"
"C:\GCMSsolution\Data\Project1\Campbell RMBL Data\Maxfield meadow 2018\2D200_June29_07292018.qgd","7/30/2018 1:53:29 AM","7/30/2018 2:24:38 AM","6815744","2DYHPD2\User"
"C:\GCMSsolution\Data\Project1\Campbell RMBL Data\Maxfield meadow 2018\2D206_2_Aug2_08022018_2D206_Aug2_08022018.qgd","8/2/2018 7:20:47 PM","8/2/2018 7:53:36 PM","6811648","2DYHPD2\User"
"C:\GCMSsolution\Data\Project1\Campbell RMBL Data\Maxfield meadow 2018\2D206_Aug2_08022018_3C163_Aug2_08022018.qgd","8/2/2018 7:53:51 PM","8/2/2018 8:26:08 PM","6795264","2DYHPD2\User"
"C:\GCMSsolution\Data\Project1\Campbell RMBL Data\Maxfield meadow 2018\2D206_July24_07262018.qgd","7/26/2018 11:32:30 AM","7/26/2018 12:05:08 PM","6815744","2DYHPD2\User"
"C:\GCMSsolution\Data\Project1\Campbell RMBL Data\Maxfield meadow 2018\2D212July09_07182018.qgd","7/18/2018 5:14:55 PM","7/18/2018 5:48:54 PM","6856704","2DYHPD2\User"
"C:\GCMSsolution\Data\Project1\Campbell RMBL Data\Maxfield meadow 2018\2D218_July17_08042018.qgd","8/4/2018 1:06:17 PM","8/4/2018 1:38:08 PM","7950336","2DYHPD2\User"
"C:\GCMSsolution\Data\Project1\Campbell RMBL Data\Maxfield meadow 2018\2D218_July5_07292018.qgd","7/30/2018 2:24:55 AM","7/30/2018 2:56:00 AM","6844416","2DYHPD2\User"
"C:\GCMSsolution\Data\Project1\Campbell RMBL Data\Maxfield meadow 2018\2D218July11_07182018.qgd","7/18/2018 7:31:31 PM","7/18/2018 8:04:45 PM","6819840","2DYHPD2\User"
"C:\GCMSsolution\Data\Project1\Campbell RMBL Data\Maxfield meadow 2018\2D258_July6_07282018.qgd","7/29/2018 4:17:16 AM","7/29/2018 4:48:24 AM","6840320","2DYHPD2\User"
"C:\GCMSsolution\Data\Project1\Campbell RMBL Data\Maxfield meadow 2018\3A127_July5_08022018_5C205_July6_08022018.qgd","8/2/2018 10:04:28 PM","8/2/2018 10:36:43 PM","6819840","2DYHPD2\User"
"C:\GCMSsolution\Data\Project1\Campbell RMBL Data\Maxfield meadow 2018\3A127July09_07182018.qgd","7/18/2018 6:23:33 PM","7/18/2018 6:57:35 PM","7340032","2DYHPD2\User"
"C:\GCMSsolution\Data\Project1\Campbell RMBL Data\Maxfield meadow 2018\3A128_Aug2_08022018_Air_Aug2_08022018.qgd","8/2/2018 4:30:56 PM","8/2/2018 5:04:32 PM","6819840","2DYHPD2\User"
"C:\GCMSsolution\Data\Project1\Campbell RMBL Data\Maxfield meadow 2018\3A128_June29_07292018.qgd","7/29/2018 10:45:12 PM","7/29/2018 11:16:23 PM","6795264","2DYHPD2\User"
"C:\GCMSsolution\Data\Project1\Campbell RMBL Data\Maxfield meadow 2018\3A128_v2_Aug2_08032018.qgd","8/3/2018 2:36:06 PM","8/3/2018 3:07:25 PM","6840320","2DYHPD2\User"
"C:\GCMSsolution\Data\Project1\Campbell RMBL Data\Maxfield meadow 2018\3A647_July5_08032018.qgd","8/3/2018 8:59:10 PM","8/3/2018 9:30:29 PM","6868992","2DYHPD2\User"
"C:\GCMSsolution\Data\Project1\Campbell RMBL Data\Maxfield meadow 2018\3B601_July24_07262018.qgd","7/26/2018 12:05:24 PM","7/26/2018 12:37:28 PM","6807552","2DYHPD2\User"
"C:\GCMSsolution\Data\Project1\Campbell RMBL Data\Maxfield meadow 2018\3B601July09_07182018.qgd","7/18/2018 5:49:09 PM","7/18/2018 6:23:20 PM","7258112","2DYHPD2\User"
"C:\GCMSsolution\Data\Project1\Campbell RMBL Data\Maxfield meadow 2018\3B824_July5_08032018.qgd","8/3/2018 6:19:30 PM","8/3/2018 6:51:29 PM","6897664","2DYHPD2\User"
"C:\GCMSsolution\Data\Project1\Campbell RMBL Data\Maxfield meadow 2018\3B833_July24_07262018.qgd","7/26/2018 12:37:43 PM","7/26/2018 1:10:09 PM","6795264","2DYHPD2\User"
"C:\GCMSsolution\Data\Project1\Campbell RMBL Data\Maxfield meadow 2018\3B833_June28_07282018.qgd","7/28/2018 8:57:11 PM","7/28/2018 9:28:32 PM","6815744","2DYHPD2\User"
"C:\GCMSsolution\Data\Project1\Campbell RMBL Data\Maxfield meadow 2018\3C147__1_Aug2_July30_08022018.qgd","8/2/2018 2:51:57 PM","8/2/2018 3:24:09 PM","6828032","2DYHPD2\User"
"C:\GCMSsolution\Data\Project1\Campbell RMBL Data\Maxfield meadow 2018\3C147_2_Aug2_08022018_3D858_Aug2_08022018.qgd","8/2/2018 8:58:43 PM","8/2/2018 9:31:29 PM","6803456","2DYHPD2\User"
"C:\GCMSsolution\Data\Project1\Campbell RMBL Data\Maxfield meadow 2018\3C147_July5_07292018.qgd","7/29/2018 9:42:09 PM","7/29/2018 10:13:22 PM","6795264","2DYHPD2\User"
"C:\GCMSsolution\Data\Project1\Campbell RMBL Data\Maxfield meadow 2018\3C147July24_07252018.qgd","7/25/2018 12:22:27 PM","7/25/2018 12:54:46 PM","6959104","2DYHPD2\User"
"C:\GCMSsolution\Data\Project1\Campbell RMBL Data\Maxfield meadow 2018\3C156_July9_07302018.qgd","7/30/2018 2:22:53 PM","7/30/2018 2:55:00 PM","7045120","2DYHPD2\User"
"C:\GCMSsolution\Data\Project1\Campbell RMBL Data\Maxfield meadow 2018\3C163_Aug2_08022018_3C147_2_Aug2_08022018.qgd","8/2/2018 8:26:22 PM","8/2/2018 8:58:28 PM","6819840","2DYHPD2\User"
"C:\GCMSsolution\Data\Project1\Campbell RMBL Data\Maxfield meadow 2018\3C163_July5_08032018.qgd","8/3/2018 9:30:44 PM","8/3/2018 10:01:51 PM","6836224","2DYHPD2\User"
"C:\GCMSsolution\Data\Project1\Campbell RMBL Data\Maxfield meadow 2018\3C168_June29_07282018.qgd","7/29/2018 1:08:48 AM","7/29/2018 1:39:56 AM","6873088","2DYHPD2\User"
"C:\GCMSsolution\Data\Project1\Campbell RMBL Data\Maxfield meadow 2018\3C171_July5_07302018.qgd","7/30/2018 11:40:13 AM","7/30/2018 12:12:17 PM","6868992","2DYHPD2\User"
"C:\GCMSsolution\Data\Project1\Campbell RMBL Data\Maxfield meadow 2018\3C171_July9_07282018.qgd","7/28/2018 10:31:45 PM","7/28/2018 11:02:58 PM","6955008","2DYHPD2\User"
"C:\GCMSsolution\Data\Project1\Campbell RMBL Data\Maxfield meadow 2018\3C171_July9_v2_07302018.qgd","7/30/2018 3:28:05 PM","7/30/2018 4:00:38 PM","6823936","2DYHPD2\User"
"C:\GCMSsolution\Data\Project1\Campbell RMBL Data\Maxfield meadow 2018\3C94July16_07162018.qgd","7/16/2018 4:14:49 PM","7/16/2018 4:47:27 PM","6819840","2DYHPD2\User"
"C:\GCMSsolution\Data\Project1\Campbell RMBL Data\Maxfield meadow 2018\3C98_July5_08042018.qgd","8/4/2018 6:36:06 PM","8/4/2018 7:08:25 PM","6856704","2DYHPD2\User"
"C:\GCMSsolution\Data\Project1\Campbell RMBL Data\Maxfield meadow 2018\3C98July24_07252018.qgd","7/25/2018 1:27:38 PM","7/25/2018 2:00:06 PM","6922240","2DYHPD2\User"
"C:\GCMSsolution\Data\Project1\Campbell RMBL Data\Maxfield meadow 2018\3D853_July5_08032018.qgd","8/3/2018 4:42:57 PM","8/3/2018 5:14:47 PM","6823936","2DYHPD2\User"
"C:\GCMSsolution\Data\Project1\Campbell RMBL Data\Maxfield meadow 2018\3D858_Aug2_08022018_3A127_July5_08022018.qgd","8/2/2018 9:31:42 PM","8/2/2018 10:04:12 PM","6832128","2DYHPD2\User"
"C:\GCMSsolution\Data\Project1\Campbell RMBL Data\Maxfield meadow 2018\3D858_July16_07262018.qgd","7/26/2018 1:43:04 PM","7/26/2018 2:16:06 PM","6819840","2DYHPD2\User"
"C:\GCMSsolution\Data\Project1\Campbell RMBL Data\Maxfield meadow 2018\3D858_July16_07282018.qgd","7/28/2018 9:28:48 PM","7/28/2018 10:00:04 PM","6811648","2DYHPD2\User"
"C:\GCMSsolution\Data\Project1\Campbell RMBL Data\Maxfield meadow 2018\3D858_July16v2_07282018.qgd","7/28/2018 11:03:14 PM","7/28/2018 11:34:24 PM","7159808","2DYHPD2\User"
"C:\GCMSsolution\Data\Project1\Campbell RMBL Data\Maxfield meadow 2018\3D879_July9_07282018.qgd","7/29/2018 12:37:28 AM","7/29/2018 1:08:32 AM","6848512","2DYHPD2\User"
"C:\GCMSsolution\Data\Project1\Campbell RMBL Data\Maxfield meadow 2018\4A117_July11_08042018.qgd","8/4/2018 7:08:38 PM","8/4/2018 7:40:37 PM","6885376","2DYHPD2\User"
"C:\GCMSsolution\Data\Project1\Campbell RMBL Data\Maxfield meadow 2018\4A63_Aug2_08022018_1A232_1_Aug2_08022018.qgd","8/2/2018 5:38:52 PM","8/2/2018 6:12:47 PM","6823936","2DYHPD2\User"
"C:\GCMSsolution\Data\Project1\Campbell RMBL Data\Maxfield meadow 2018\4A69_June28_07292018.qgd","7/29/2018 7:34:31 PM","7/29/2018 8:06:58 PM","6815744","2DYHPD2\User"
"C:\GCMSsolution\Data\Project1\Campbell RMBL Data\Maxfield meadow 2018\4A75_July6_07302018.qgd","7/30/2018 4:00:51 PM","7/30/2018 4:33:54 PM","6819840","2DYHPD2\User"
"C:\GCMSsolution\Data\Project1\Campbell RMBL Data\Maxfield meadow 2018\4a90July11_07182018.qgd","7/18/2018 4:07:12 PM","7/18/2018 4:40:37 PM","6828032","2DYHPD2\User"
"C:\GCMSsolution\Data\Project1\Campbell RMBL Data\Maxfield meadow 2018\4A95_July6_07302018.qgd","7/30/2018 10:36:36 AM","7/30/2018 11:08:03 AM","6815744","2DYHPD2\User"
"C:\GCMSsolution\Data\Project1\Campbell RMBL Data\Maxfield meadow 2018\4B175_July11_08032018.qgd","8/3/2018 6:51:42 PM","8/3/2018 7:23:37 PM","7315456","2DYHPD2\User"
"C:\GCMSsolution\Data\Project1\Campbell RMBL Data\Maxfield meadow 2018\4B189_June28_07282018.qgd","7/28/2018 8:25:33 PM","7/28/2018 8:56:56 PM","6844416","2DYHPD2\User"
"C:\GCMSsolution\Data\Project1\Campbell RMBL Data\Maxfield meadow 2018\4C_118_July6_08022018_Air_July6_08022018.qgd","8/2/2018 11:09:10 PM","8/2/2018 11:41:11 PM","6823936","2DYHPD2\User"
"C:\GCMSsolution\Data\Project1\Campbell RMBL Data\Maxfield meadow 2018\4D26_July6_07302018.qgd","7/30/2018 7:54:09 PM","7/30/2018 8:26:28 PM","6823936","2DYHPD2\User"
"C:\GCMSsolution\Data\Project1\Campbell RMBL Data\Maxfield meadow 2018\4D35_July6_07302018.qgd","7/30/2018 6:14:42 PM","7/30/2018 6:47:58 PM","6856704","2DYHPD2\User"
"C:\GCMSsolution\Data\Project1\Campbell RMBL Data\Maxfield meadow 2018\4D45_July11_08032018.qgd","8/3/2018 7:23:50 PM","8/3/2018 7:55:29 PM","6844416","2DYHPD2\User"
"C:\GCMSsolution\Data\Project1\Campbell RMBL Data\Maxfield meadow 2018\4D45_July17_08042018.qgd","8/4/2018 12:01:02 PM","8/4/2018 12:33:17 PM","6848512","2DYHPD2\User"
"C:\GCMSsolution\Data\Project1\Campbell RMBL Data\Maxfield meadow 2018\4D45_June28_07302018.qgd","7/30/2018 12:45:03 PM","7/30/2018 1:17:30 PM","7397376","2DYHPD2\User"
"C:\GCMSsolution\Data\Project1\Campbell RMBL Data\Maxfield meadow 2018\5A173_2_July30_08012018.qgd","8/1/2018 2:06:34 PM","8/1/2018 2:39:12 PM","6815744","2DYHPD2\User"
"C:\GCMSsolution\Data\Project1\Campbell RMBL Data\Maxfield meadow 2018\5A173_July16_08042018.qgd","8/4/2018 3:49:34 PM","8/4/2018 4:22:44 PM","6930432","2DYHPD2\User"
"C:\GCMSsolution\Data\Project1\Campbell RMBL Data\Maxfield meadow 2018\5A173_July30_08012018_6B25_July30_08012018.qgd","8/1/2018 3:44:45 PM","8/1/2018 4:17:16 PM","6807552","2DYHPD2\User"
"C:\GCMSsolution\Data\Project1\Campbell RMBL Data\Maxfield meadow 2018\5A175_July3_07282018.qgd","7/29/2018 1:40:12 AM","7/29/2018 2:11:20 AM","6893568","2DYHPD2\User"
"C:\GCMSsolution\Data\Project1\Campbell RMBL Data\Maxfield meadow 2018\5A175_July30_08012018_6D45_08012018.qgd","8/1/2018 2:39:24 PM","8/1/2018 3:11:47 PM","6844416","2DYHPD2\User"
"C:\GCMSsolution\Data\Project1\Campbell RMBL Data\Maxfield meadow 2018\5A175_v2_July30_08022018.qgd","8/2/2018 3:57:47 PM","8/2/2018 4:30:43 PM","6795264","2DYHPD2\User"
"C:\GCMSsolution\Data\Project1\Campbell RMBL Data\Maxfield meadow 2018\5A175_v3_July30_08032018.qgd","8/3/2018 2:04:36 PM","8/3/2018 2:35:53 PM","6828032","2DYHPD2\User"
"C:\GCMSsolution\Data\Project1\Campbell RMBL Data\Maxfield meadow 2018\5A176_July9_07292018.qgd","7/29/2018 11:47:54 PM","7/30/2018 12:19:05 AM","6938624","2DYHPD2\User"
"C:\GCMSsolution\Data\Project1\Campbell RMBL Data\Maxfield meadow 2018\5A180July09_07182018.qgd","7/18/2018 6:57:51 PM","7/18/2018 7:31:14 PM","6889472","2DYHPD2\User"
"C:\GCMSsolution\Data\Project1\Campbell RMBL Data\Maxfield meadow 2018\5A181_July30_08012018_6C102_1_July30_08012018.qgd","8/1/2018 4:50:29 PM","8/1/2018 5:23:11 PM","6823936","2DYHPD2\User"
"C:\GCMSsolution\Data\Project1\Campbell RMBL Data\Maxfield meadow 2018\5A181_June25v2_07282018.qgd","7/29/2018 2:11:33 AM","7/29/2018 2:42:45 AM","6840320","2DYHPD2\User"
"C:\GCMSsolution\Data\Project1\Campbell RMBL Data\Maxfield meadow 2018\5A189_July6_07302018.qgd","7/30/2018 6:48:14 PM","7/30/2018 7:21:01 PM","6828032","2DYHPD2\User"
"C:\GCMSsolution\Data\Project1\Campbell RMBL Data\Maxfield meadow 2018\5A194_July6_07302018.qgd","7/30/2018 12:12:34 PM","7/30/2018 12:44:47 PM","6893568","2DYHPD2\User"
"C:\GCMSsolution\Data\Project1\Campbell RMBL Data\Maxfield meadow 2018\5B15_July6_08032018.qgd","8/3/2018 3:07:40 PM","8/3/2018 3:38:58 PM","6828032","2DYHPD2\User"
"C:\GCMSsolution\Data\Project1\Campbell RMBL Data\Maxfield meadow 2018\5B15_July9_08052018.qgd","8/5/2018 1:42:38 PM","8/5/2018 2:14:49 PM","6848512","2DYHPD2\User"
"C:\GCMSsolution\Data\Project1\Campbell RMBL Data\Maxfield meadow 2018\5B22_July9_08042018.qgd","8/4/2018 8:45:33 PM","8/4/2018 9:17:12 PM","6950912","2DYHPD2\User"
"C:\GCMSsolution\Data\Project1\Campbell RMBL Data\Maxfield meadow 2018\5B292_July9_07292018.qgd","7/30/2018 1:22:07 AM","7/30/2018 1:53:15 AM","6836224","2DYHPD2\User"
"C:\GCMSsolution\Data\Project1\Campbell RMBL Data\Maxfield meadow 2018\5B7_July3_07292018.qgd","7/30/2018 12:19:20 AM","7/30/2018 12:50:26 AM","6873088","2DYHPD2\User"
"C:\GCMSsolution\Data\Project1\Campbell RMBL Data\Maxfield meadow 2018\5C103_July3_07282018.qgd","7/29/2018 12:05:59 AM","7/29/2018 12:37:12 AM","6901760","2DYHPD2\User"
"C:\GCMSsolution\Data\Project1\Campbell RMBL Data\Maxfield meadow 2018\5C205_July6_08022018_4C_118_July6_08022018.qgd","8/2/2018 10:36:58 PM","8/2/2018 11:08:56 PM","6885376","2DYHPD2\User"
"C:\GCMSsolution\Data\Project1\Campbell RMBL Data\Maxfield meadow 2018\5C206_July5_08032018.qgd","8/3/2018 4:10:58 PM","8/3/2018 4:42:43 PM","6909952","2DYHPD2\User"
"C:\GCMSsolution\Data\Project1\Campbell RMBL Data\Maxfield meadow 2018\5C216_July30_08012018_Air_July30_08012018.qgd","8/1/2018 7:01:36 PM","8/1/2018 7:33:44 PM","6803456","2DYHPD2\User"
"C:\GCMSsolution\Data\Project1\Campbell RMBL Data\Maxfield meadow 2018\5C216July24_07252018.qgd","7/25/2018 12:55:01 PM","7/25/2018 1:27:25 PM","6942720","2DYHPD2\User"
"C:\GCMSsolution\Data\Project1\Campbell RMBL Data\Maxfield meadow 2018\5C220_July3_07292018.qgd","7/29/2018 8:39:36 PM","7/29/2018 9:11:23 PM","6823936","2DYHPD2\User"
"C:\GCMSsolution\Data\Project1\Campbell RMBL Data\Maxfield meadow 2018\5C221_July30_08012018_6C82_July30_08012018.qgd","8/1/2018 5:56:20 PM","8/1/2018 6:28:46 PM","6811648","2DYHPD2\User"
"C:\GCMSsolution\Data\Project1\Campbell RMBL Data\Maxfield meadow 2018\5D228July06_07182018.qgd","7/18/2018 8:05:02 PM","7/18/2018 8:38:07 PM","6807552","2DYHPD2\User"
"C:\GCMSsolution\Data\Project1\Campbell RMBL Data\Maxfield meadow 2018\5D232_July5_08032018.qgd","8/3/2018 5:47:09 PM","8/3/2018 6:19:15 PM","6848512","2DYHPD2\User"
"C:\GCMSsolution\Data\Project1\Campbell RMBL Data\Maxfield meadow 2018\5D232_July6_07292018.qgd","7/29/2018 5:56:43 PM","7/29/2018 6:28:53 PM","6807552","2DYHPD2\User"
"C:\GCMSsolution\Data\Project1\Campbell RMBL Data\Maxfield meadow 2018\5D245_July6_08032018.qgd","8/3/2018 8:27:41 PM","8/3/2018 8:58:56 PM","6856704","2DYHPD2\User"
"C:\GCMSsolution\Data\Project1\Campbell RMBL Data\Maxfield meadow 2018\5D251_July5_08022018_5A182_July9_08_02_2018.qgd","8/3/2018 12:13:27 AM","8/3/2018 12:45:03 AM","6856704","2DYHPD2\User"
"C:\GCMSsolution\Data\Project1\Campbell RMBL Data\Maxfield meadow 2018\6A125_July9_08042018.qgd","8/4/2018 6:03:11 PM","8/4/2018 6:35:52 PM","6885376","2DYHPD2\User"
"C:\GCMSsolution\Data\Project1\Campbell RMBL Data\Maxfield meadow 2018\6A143_July9_07282018.qgd","7/29/2018 3:14:22 AM","7/29/2018 3:45:29 AM","6828032","2DYHPD2\User"
"C:\GCMSsolution\Data\Project1\Campbell RMBL Data\Maxfield meadow 2018\6A160_July30_08012018.qgd","8/1/2018 1:34:00 PM","8/1/2018 2:06:20 PM","6819840","2DYHPD2\User"
"C:\GCMSsolution\Data\Project1\Campbell RMBL Data\Maxfield meadow 2018\6A166_July3_07292018.qgd","7/29/2018 6:29:07 PM","7/29/2018 7:01:29 PM","6799360","2DYHPD2\User"
"C:\GCMSsolution\Data\Project1\Campbell RMBL Data\Maxfield meadow 2018\6A167_July9_08052018.qgd","8/5/2018 1:10:43 PM","8/5/2018 1:42:24 PM","6840320","2DYHPD2\User"
"C:\GCMSsolution\Data\Project1\Campbell RMBL Data\Maxfield meadow 2018\6B20_July6_07302018.qgd","7/30/2018 7:21:14 PM","7/30/2018 7:53:55 PM","6819840","2DYHPD2\User"
"C:\GCMSsolution\Data\Project1\Campbell RMBL Data\Maxfield meadow 2018\6B25_July30_08012018_5A181_July30_08012018.qgd","8/1/2018 4:17:31 PM","8/1/2018 4:50:12 PM","6803456","2DYHPD2\User"
"C:\GCMSsolution\Data\Project1\Campbell RMBL Data\Maxfield meadow 2018\6B26_June25_07292018.qgd","7/30/2018 2:56:15 AM","7/30/2018 3:27:13 AM","6905856","2DYHPD2\User"
"C:\GCMSsolution\Data\Project1\Campbell RMBL Data\Maxfield meadow 2018\6B28_July16_08042018.qgd","8/4/2018 2:10:42 PM","8/4/2018 2:43:04 PM","7020544","2DYHPD2\User"
"C:\GCMSsolution\Data\Project1\Campbell RMBL Data\Maxfield meadow 2018\6B28_July3_07282018.qgd","7/28/2018 10:00:21 PM","7/28/2018 10:31:30 PM","7053312","2DYHPD2\User"
"C:\GCMSsolution\Data\Project1\Campbell RMBL Data\Maxfield meadow 2018\6B34_July30_08012018_6C102_July30_08012018.qgd","8/1/2018 8:38:23 PM","8/1/2018 9:10:47 PM","6815744","2DYHPD2\User"
"C:\GCMSsolution\Data\Project1\Campbell RMBL Data\Maxfield meadow 2018\6B34_July6_07302018.qgd","7/30/2018 1:17:46 PM","7/30/2018 1:50:23 PM","6897664","2DYHPD2\User"
"C:\GCMSsolution\Data\Project1\Campbell RMBL Data\Maxfield meadow 2018\6B632_July6_07302018.qgd","7/30/2018 1:50:36 PM","7/30/2018 2:22:38 PM","6852608","2DYHPD2\User"
"C:\GCMSsolution\Data\Project1\Campbell RMBL Data\Maxfield meadow 2018\6C102_1_July30_08012018_5C221_July30_08012018.qgd","8/1/2018 5:23:24 PM","8/1/2018 5:56:04 PM","6819840","2DYHPD2\User"
"C:\GCMSsolution\Data\Project1\Campbell RMBL Data\Maxfield meadow 2018\6C102_July30_08012018_6D38_July30_08012018.qgd","8/1/2018 9:11:00 PM","8/1/2018 9:43:09 PM","6799360","2DYHPD2\User"
"C:\GCMSsolution\Data\Project1\Campbell RMBL Data\Maxfield meadow 2018\6C106_July16_08042018.qgd","8/4/2018 3:16:14 PM","8/4/2018 3:49:21 PM","6885376","2DYHPD2\User"
"C:\GCMSsolution\Data\Project1\Campbell RMBL Data\Maxfield meadow 2018\6C109_July6_07302018.qgd","7/30/2018 4:34:07 PM","7/30/2018 5:07:20 PM","6815744","2DYHPD2\User"
"C:\GCMSsolution\Data\Project1\Campbell RMBL Data\Maxfield meadow 2018\6C271_July16_08042018.qgd","8/4/2018 1:38:21 PM","8/4/2018 2:10:26 PM","7041024","2DYHPD2\User"
"C:\GCMSsolution\Data\Project1\Campbell RMBL Data\Maxfield meadow 2018\6C78_June27_07282018.qgd","7/28/2018 7:53:55 PM","7/28/2018 8:25:18 PM","6897664","2DYHPD2\User"
"C:\GCMSsolution\Data\Project1\Campbell RMBL Data\Maxfield meadow 2018\6C82_July16_08042018.qgd","8/4/2018 2:43:20 PM","8/4/2018 3:16:01 PM","6930432","2DYHPD2\User"
"C:\GCMSsolution\Data\Project1\Campbell RMBL Data\Maxfield meadow 2018\6C82_July30_08012018_5C216_July30_08012018.qgd","8/1/2018 6:29:02 PM","8/1/2018 7:01:22 PM","6819840","2DYHPD2\User"
"C:\GCMSsolution\Data\Project1\Campbell RMBL Data\Maxfield meadow 2018\6C87_July30_08012018_6B34_July30_08012018.qgd","8/1/2018 8:06:14 PM","8/1/2018 8:38:07 PM","6819840","2DYHPD2\User"
"C:\GCMSsolution\Data\Project1\Campbell RMBL Data\Maxfield meadow 2018\6D167_July9_08042018.qgd","8/4/2018 11:28:50 AM","8/4/2018 12:00:47 PM","6922240","2DYHPD2\User"
"C:\GCMSsolution\Data\Project1\Campbell RMBL Data\Maxfield meadow 2018\6D258_2_July3_07292018.qgd","7/30/2018 3:27:28 AM","7/30/2018 3:58:07 AM","6815744","2DYHPD2\User"
"C:\GCMSsolution\Data\Project1\Campbell RMBL Data\Maxfield meadow 2018\6D258_3_July3_07302018.qgd","7/30/2018 8:26:42 PM","7/30/2018 8:59:21 PM","6828032","2DYHPD2\User"
"C:\GCMSsolution\Data\Project1\Campbell RMBL Data\Maxfield meadow 2018\6D258_July3_07282018.qgd","7/29/2018 4:48:37 AM","7/29/2018 5:19:20 AM","6803456","2DYHPD2\User"
"C:\GCMSsolution\Data\Project1\Campbell RMBL Data\Maxfield meadow 2018\6D38_July30_08012018_2C276_July9_08012018.qgd","8/1/2018 9:43:25 PM","8/1/2018 10:15:22 PM","6897664","2DYHPD2\User"
"C:\GCMSsolution\Data\Project1\Campbell RMBL Data\Maxfield meadow 2018\6D45_July30_08012018_5A173_July30_08012018.qgd","8/1/2018 3:12:02 PM","8/1/2018 3:44:32 PM","6807552","2DYHPD2\User"
"C:\GCMSsolution\Data\Project1\Campbell RMBL Data\Maxfield meadow 2018\6D51_July9_08042018.qgd","8/4/2018 10:57:03 AM","8/4/2018 11:28:34 AM","6873088","2DYHPD2\User"
"C:\GCMSsolution\Data\Project1\Campbell RMBL Data\Maxfield meadow 2018\6D55_July16_07262018.qgd","7/26/2018 2:16:23 PM","7/26/2018 2:49:23 PM","7643136","2DYHPD2\User"
"C:\GCMSsolution\Data\Project1\Campbell RMBL Data\Maxfield meadow 2018\6D66_July5_07302018.qgd","7/30/2018 5:07:35 PM","7/30/2018 5:40:55 PM","6819840","2DYHPD2\User"
"C:\GCMSsolution\Data\Project1\Campbell RMBL Data\Maxfield meadow 2018\Air_Aug2_08022018_4A63_Aug2_08022018.qgd","8/2/2018 5:04:45 PM","8/2/2018 5:38:39 PM","6807552","2DYHPD2\User"
"C:\GCMSsolution\Data\Project1\Campbell RMBL Data\Maxfield meadow 2018\Air_July16_07262018.qgd","7/26/2018 3:57:01 PM","7/26/2018 4:30:52 PM","6852608","2DYHPD2\User"
"C:\GCMSsolution\Data\Project1\Campbell RMBL Data\Maxfield meadow 2018\Air_July3_07302018.qgd","7/30/2018 2:55:14 PM","7/30/2018 3:27:48 PM","6860800","2DYHPD2\User"
"C:\GCMSsolution\Data\Project1\Campbell RMBL Data\Maxfield meadow 2018\Air_July30_08012018_6C87_July30_08012018.qgd","8/1/2018 7:33:57 PM","8/1/2018 8:05:57 PM","6828032","2DYHPD2\User"
"C:\GCMSsolution\Data\Project1\Campbell RMBL Data\Maxfield meadow 2018\Air_July5_08032018.qgd","8/3/2018 10:02:05 PM","8/3/2018 10:33:18 PM","6828032","2DYHPD2\User"
"C:\GCMSsolution\Data\Project1\Campbell RMBL Data\Maxfield meadow 2018\Air_July6_08022018_5D251_July5_08022018.qgd","8/2/2018 11:41:27 PM","8/3/2018 12:13:10 AM","6819840","2DYHPD2\User"
"C:\GCMSsolution\Data\Project1\Campbell RMBL Data\Maxfield meadow 2018\Air_July9_08032018.qgd","8/3/2018 10:33:30 PM","8/3/2018 11:04:40 PM","6844416","2DYHPD2\User"
"C:\GCMSsolution\Data\Project1\Campbell RMBL Data\Maxfield meadow 2018\Air_June28_07292018.qgd","7/29/2018 11:16:37 PM","7/29/2018 11:47:41 PM","6811648","2DYHPD2\User"
"C:\GCMSsolution\Data\Project1\Campbell RMBL Data\Maxfield meadow 2018\AirCard_081618.qgd","8/17/2018 6:39:22 PM","7/28/2019 11:56:32 PM","8540160","2DYHPD2\User"
"C:\GCMSsolution\Data\Project1\Campbell RMBL Data\Maxfield meadow 2018\AirJuly11_07182018.qgd","7/18/2018 3:34:06 PM","7/28/2019 11:59:12 PM","7282688","2DYHPD2\User"
"C:\GCMSsolution\Data\Project1\Campbell RMBL Data\Maxfield meadow 2018\AirJuly16_07262018.qgd","7/26/2018 11:00:11 AM","7/29/2019 12:02:16 AM","7282688","2DYHPD2\User"
"C:\GCMSsolution\Data\Project1\Campbell RMBL Data\Maxfield meadow 2018\AirJuly24_07252018.qgd","7/25/2018 10:13:29 AM","7/29/2019 12:05:21 AM","7385088","2DYHPD2\User"
"C:\GCMSsolution\Data\Project1\Campbell RMBL Data\Maxfield meadow 2018\AirJune29_07282018.qgd","7/28/2018 7:22:18 PM","7/29/2019 12:08:15 AM","7479296","2DYHPD2\User"
"C:\GCMSsolution\Data\Project1\Campbell RMBL Data\Maxfield meadow 2018\Blank__08-04-2018.qgd","8/4/2018 10:19:27 AM","7/29/2019 12:11:13 AM","7335936","2DYHPD2\User"
"C:\GCMSsolution\Data\Project1\Campbell RMBL Data\Maxfield meadow 2018\Blank__08-05-2018.qgd","8/5/2018 12:33:52 PM","7/29/2019 12:13:10 AM","7450624","2DYHPD2\User"
"C:\GCMSsolution\Data\Project1\Campbell RMBL Data\Maxfield meadow 2018\Blank_07162018.qgd","7/16/2018 3:38:13 PM","7/29/2019 12:21:16 AM","7446528","2DYHPD2\User"
"C:\GCMSsolution\Data\Project1\Campbell RMBL Data\Maxfield meadow 2018\Blank_07182018.qgd","7/18/2018 2:57:10 PM","7/29/2019 12:23:14 AM","7516160","2DYHPD2\User"
"C:\GCMSsolution\Data\Project1\Campbell RMBL Data\Maxfield meadow 2018\Blank_07252018.qgd","7/25/2018 9:36:13 AM","7/29/2019 12:25:05 AM","7507968","2DYHPD2\User"
"C:\GCMSsolution\Data\Project1\Campbell RMBL Data\Maxfield meadow 2018\Blank_07262018.qgd","7/26/2018 10:22:50 AM","7/26/2018 10:59:56 AM","6934528","2DYHPD2\User"
"C:\GCMSsolution\Data\Project1\Campbell RMBL Data\Maxfield meadow 2018\Blank_07282018.qgd","7/28/2018 6:43:27 PM","7/28/2018 7:22:01 PM","7086080","2DYHPD2\User"
"C:\GCMSsolution\Data\Project1\Campbell RMBL Data\Maxfield meadow 2018\Blank_07292018.qgd","7/29/2018 5:19:08 PM","7/29/2018 5:56:27 PM","6868992","2DYHPD2\User"
"C:\GCMSsolution\Data\Project1\Campbell RMBL Data\Maxfield meadow 2018\Blank_07302018.qgd","7/30/2018 9:56:29 AM","7/30/2018 10:36:22 AM","6823936","2DYHPD2\User"
"C:\GCMSsolution\Data\Project1\Campbell RMBL Data\Maxfield meadow 2018\Blank_08-01-2018_08012018.qgd","8/1/2018 12:56:21 PM","7/29/2019 12:15:12 AM","7335936","2DYHPD2\User"
"C:\GCMSsolution\Data\Project1\Campbell RMBL Data\Maxfield meadow 2018\Blank_08-02-2018.qgd","8/2/2018 2:14:17 PM","7/29/2019 12:17:14 AM","7438336","2DYHPD2\User"
"C:\GCMSsolution\Data\Project1\Campbell RMBL Data\Maxfield meadow 2018\Blank_08-03-2018.qgd","8/3/2018 12:23:58 PM","7/29/2019 12:19:16 AM","7335936","2DYHPD2\User"
"C:\GCMSsolution\Data\Project1\Campbell RMBL Data\Maxfield meadow 2018\brokenleaf_081618.qgd","8/17/2018 6:01:48 PM","7/29/2019 12:27:32 AM","8544256","2DYHPD2\User"
"C:\GCMSsolution\Data\Project1\Campbell RMBL Data\Maxfield meadow 2018\FungalCard_081618.qgd","8/17/2018 4:41:45 PM","7/29/2019 12:30:49 AM","8556544","2DYHPD2\User"
"C:\GCMSsolution\Data\Project1\Campbell RMBL Data\Maxfield meadow 2018\GCMScourse_cardamine.qgb","8/17/2018 4:34:34 PM","8/17/2018 4:34:34 PM","45056","2DYHPD2\User"
"C:\GCMSsolution\Data\Project1\Campbell RMBL Data\Maxfield meadow 2018\mystery_D.qgd","8/17/2018 5:24:39 PM","7/29/2019 12:33:44 AM","8626176","2DYHPD2\User"
"C:\GCMSsolution\Data\Project1\Campbell RMBL Data\Maxfield meadow 2018\OQRepeat.txt","7/18/2018 3:33:52 PM","8/18/2018 4:20:53 AM","2983","2DYHPD2\User"
"C:\GCMSsolution\Data\Project1\Campbell RMBL Data\Maxfield meadow 2018\PH0_081218.qgd","8/18/2018 3:44:51 AM","7/29/2019 12:36:55 AM","8519680","2DYHPD2\User"
"C:\GCMSsolution\Data\Project1\Campbell RMBL Data\Maxfield meadow 2018\PH01_081218.qgd","8/17/2018 8:30:53 PM","7/29/2019 12:39:38 AM","8527872","2DYHPD2\User"
"C:\GCMSsolution\Data\Project1\Campbell RMBL Data\Maxfield meadow 2018\PH03_081218.qgd","8/18/2018 2:32:40 AM","7/29/2019 12:42:11 AM","8531968","2DYHPD2\User"
"C:\GCMSsolution\Data\Project1\Campbell RMBL Data\Maxfield meadow 2018\PH04_081218.qgd","8/17/2018 10:56:23 PM","7/29/2019 12:45:03 AM","8523776","2DYHPD2\User"
"C:\GCMSsolution\Data\Project1\Campbell RMBL Data\Maxfield meadow 2018\PH05_081218.qgd","8/18/2018 12:44:40 AM","7/29/2019 12:47:25 AM","8544256","2DYHPD2\User"
"C:\GCMSsolution\Data\Project1\Campbell RMBL Data\Maxfield meadow 2018\PH06_081218.qgd","8/18/2018 12:08:39 AM","7/29/2019 12:50:07 AM","8511488","2DYHPD2\User"
"C:\GCMSsolution\Data\Project1\Campbell RMBL Data\Maxfield meadow 2018\PH07xAug12_09032018.qgd","9/3/2018 4:50:02 PM","7/29/2019 12:52:32 AM","8613888","2DYHPD2\User"
"C:\GCMSsolution\Data\Project1\Campbell RMBL Data\Maxfield meadow 2018\PH08_081218.qgd","8/17/2018 7:16:44 PM","7/29/2019 12:55:41 AM","8523776","2DYHPD2\User"
"C:\GCMSsolution\Data\Project1\Campbell RMBL Data\Maxfield meadow 2018\PH09_081218.qgd","8/17/2018 10:20:13 PM","7/29/2019 12:58:56 AM","8527872","2DYHPD2\User"
"C:\GCMSsolution\Data\Project1\Campbell RMBL Data\Maxfield meadow 2018\PH10_081218.qgd","8/17/2018 9:43:59 PM","7/29/2019 1:01:30 AM","8548352","2DYHPD2\User"
"C:\GCMSsolution\Data\Project1\Campbell RMBL Data\Maxfield meadow 2018\PH11_081218.qgd","8/18/2018 1:56:47 AM","7/29/2019 1:04:22 AM","8564736","2DYHPD2\User"
"C:\GCMSsolution\Data\Project1\Campbell RMBL Data\Maxfield meadow 2018\PH12_081218.qgd","8/17/2018 11:32:33 PM","7/29/2019 1:07:30 AM","8515584","2DYHPD2\User"
"C:\GCMSsolution\Data\Project1\Campbell RMBL Data\Maxfield meadow 2018\PH13_081218.qgd","8/18/2018 1:20:46 AM","7/29/2019 1:10:10 AM","8536064","2DYHPD2\User"
"C:\GCMSsolution\Data\Project1\Campbell RMBL Data\Maxfield meadow 2018\PH15_081218.qgd","8/17/2018 7:53:57 PM","7/29/2019 1:13:12 AM","8568832","2DYHPD2\User"
"C:\GCMSsolution\Data\Project1\Campbell RMBL Data\Maxfield meadow 2018\PH16_081218.qgd","8/17/2018 9:07:33 PM","7/29/2019 1:16:36 AM","8523776","2DYHPD2\User"
"C:\GCMSsolution\Data\Project1\Campbell RMBL Data\Maxfield meadow 2018\PHAir1Aug12_09032018.qgd","9/3/2018 4:14:02 PM","7/29/2019 1:19:25 AM","8568832","2DYHPD2\User"
"C:\GCMSsolution\Data\Project1\Campbell RMBL Data\Maxfield meadow 2018\PHAIR2_081218.qgd","8/18/2018 3:08:50 AM","7/29/2019 1:22:19 AM","8527872","2DYHPD2\User"
"C:\GCMSsolution\Data\Project1\Campbell RMBL Data\Maxfield meadow 2018\PHAir3Aug12_09032018.qgd","9/3/2018 5:26:14 PM","7/29/2019 1:25:14 AM","8589312","2DYHPD2\User"
"C:\GCMSsolution\Data\Project1\Campbell RMBL Data\Maxfield meadow 2018\QAQCData.htm","7/18/2018 3:33:52 PM","8/18/2018 4:20:53 AM","496","2DYHPD2\User"
"C:\GCMSsolution\Data\Project1\Campbell RMBL Data\Maxfield meadow 2018\QAQCData.txt","7/18/2018 3:33:52 PM","8/17/2018 5:24:33 PM","76","2DYHPD2\User"
"C:\GCMSsolution\Data\Project1\Campbell RMBL Data\Maxfield meadow 2019","7/26/2019 3:03:13 PM","8/13/2019 1:49:57 PM",,"2DYHPD2\User"
"C:\GCMSsolution\Data\Project1\Campbell RMBL Data\Maxfield meadow 2019\190727allnamesoffby1.txt","7/27/2019 9:04:07 PM","7/27/2019 9:04:07 PM","0","2DYHPD2\User"
"C:\GCMSsolution\Data\Project1\Campbell RMBL Data\Maxfield meadow 2019\1A236_190724_812019_09.qgd","8/2/2019 1:13:29 AM","8/2/2019 1:45:27 AM","7184384","2DYHPD2\User"
"C:\GCMSsolution\Data\Project1\Campbell RMBL Data\Maxfield meadow 2019\1A239_190724_812019_10.qgd","8/2/2019 1:44:33 AM","8/2/2019 2:16:18 AM","7176192","2DYHPD2\User"
"C:\GCMSsolution\Data\Project1\Campbell RMBL Data\Maxfield meadow 2019\1A246_190724_812019_13.qgd","8/2/2019 3:18:08 AM","8/2/2019 3:50:11 AM","7168000","2DYHPD2\User"
"C:\GCMSsolution\Data\Project1\Campbell RMBL Data\Maxfield meadow 2019\1A258_190724_7282019_17.qgd","7/29/2019 7:41:11 AM","7/29/2019 8:13:15 AM","7180288","2DYHPD2\User"
"C:\GCMSsolution\Data\Project1\Campbell RMBL Data\Maxfield meadow 2019\1A259_190805_8112019_14.qgd","8/12/2019 4:58:45 AM","8/12/2019 5:29:37 AM","6836224","2DYHPD2\User"
"C:\GCMSsolution\Data\Project1\Campbell RMBL Data\Maxfield meadow 2019\1B657_190726_822019_04.qgd","8/2/2019 10:53:29 PM","8/2/2019 11:25:57 PM","7176192","2DYHPD2\User"
"C:\GCMSsolution\Data\Project1\Campbell RMBL Data\Maxfield meadow 2019\1B670_190724_812019_12.qgd","8/2/2019 2:46:57 AM","8/2/2019 3:19:00 AM","7159808","2DYHPD2\User"
"C:\GCMSsolution\Data\Project1\Campbell RMBL Data\Maxfield meadow 2019\1B684_190717_7262019_08.qgd","7/26/2019 8:52:03 PM","7/26/2019 9:24:13 PM","7323648","2DYHPD2\User"
"C:\GCMSsolution\Data\Project1\Campbell RMBL Data\Maxfield meadow 2019\1B684_190805_8112019_13.qgd","8/12/2019 4:27:28 AM","8/12/2019 4:58:30 AM","6868992","2DYHPD2\User"
"C:\GCMSsolution\Data\Project1\Campbell RMBL Data\Maxfield meadow 2019\1C43_190717_7262019_14.qgd","7/26/2019 11:59:41 PM","7/27/2019 12:31:40 AM","7180288","2DYHPD2\User"
"C:\GCMSsolution\Data\Project1\Campbell RMBL Data\Maxfield meadow 2019\1C47_190717_7262019_07.qgd","7/26/2019 8:20:31 PM","7/28/2019 10:50:29 PM","7712768","2DYHPD2\User"
"C:\GCMSsolution\Data\Project1\Campbell RMBL Data\Maxfield meadow 2019\1C72_190805_8112019_12.qgd","8/12/2019 3:56:15 AM","8/12/2019 4:27:12 AM","6832128","2DYHPD2\User"
"C:\GCMSsolution\Data\Project1\Campbell RMBL Data\Maxfield meadow 2019\1D19_190724_7282019_16.qgd","7/29/2019 7:10:10 AM","7/29/2019 7:42:03 AM","7176192","2DYHPD2\User"
"C:\GCMSsolution\Data\Project1\Campbell RMBL Data\Maxfield meadow 2019\1D34_190724_812019_08.qgd","8/2/2019 12:42:33 AM","8/2/2019 1:14:22 AM","7176192","2DYHPD2\User"
"C:\GCMSsolution\Data\Project1\Campbell RMBL Data\Maxfield meadow 2019\1D5_190724_7282019_14.qgd","7/29/2019 6:08:08 AM","7/29/2019 6:39:58 AM","7155712","2DYHPD2\User"
"C:\GCMSsolution\Data\Project1\Campbell RMBL Data\Maxfield meadow 2019\2A158_190722_7272019_14.qgd","7/28/2019 4:18:29 AM","7/28/2019 10:53:39 PM","7680000","2DYHPD2\User"
"C:\GCMSsolution\Data\Project1\Campbell RMBL Data\Maxfield meadow 2019\2A166_190724_7282019_13.qgd","7/29/2019 5:37:03 AM","7/29/2019 6:08:59 AM","7192576","2DYHPD2\User"
"C:\GCMSsolution\Data\Project1\Campbell RMBL Data\Maxfield meadow 2019\2A679_190722_7272019_15.qgd","7/28/2019 4:49:33 AM","7/28/2019 10:56:59 PM","7688192","2DYHPD2\User"
"C:\GCMSsolution\Data\Project1\Campbell RMBL Data\Maxfield meadow 2019\2B130_190805_8112019_11.qgd","8/12/2019 3:24:47 AM","8/12/2019 3:56:02 AM","6828032","2DYHPD2\User"
"C:\GCMSsolution\Data\Project1\Campbell RMBL Data\Maxfield meadow 2019\2B177_190729_812019_05.qgd","8/1/2019 12:02:08 PM","8/1/2019 12:34:22 PM","7991296","2DYHPD2\User"
"C:\GCMSsolution\Data\Project1\Campbell RMBL Data\Maxfield meadow 2019\2B201_19072_7272019_09.qgd","7/28/2019 1:43:26 AM","7/28/2019 11:03:57 PM","7651328","2DYHPD2\User"
"C:\GCMSsolution\Data\Project1\Campbell RMBL Data\Maxfield meadow 2019\2B92_190722_7272019_13.qgd","7/28/2019 3:47:31 AM","7/28/2019 11:00:27 PM","8081408","2DYHPD2\User"
"C:\GCMSsolution\Data\Project1\Campbell RMBL Data\Maxfield meadow 2019\2B99_190729_812019_07.qgd","8/1/2019 1:04:57 PM","8/1/2019 1:37:41 PM","7262208","2DYHPD2\User"
"C:\GCMSsolution\Data\Project1\Campbell RMBL Data\Maxfield meadow 2019\2C202_190724_7282019_15.qgd","7/29/2019 6:39:09 AM","7/29/2019 7:11:01 AM","7147520","2DYHPD2\User"
"C:\GCMSsolution\Data\Project1\Campbell RMBL Data\Maxfield meadow 2019\2C202_190726_822019_07.qgd","8/3/2019 12:27:36 AM","8/3/2019 12:59:44 AM","7147520","2DYHPD2\User"
"C:\GCMSsolution\Data\Project1\Campbell RMBL Data\Maxfield meadow 2019\2C202_190729_812019_11.qgd","8/1/2019 3:13:07 PM","8/1/2019 3:46:36 PM","7225344","2DYHPD2\User"
"C:\GCMSsolution\Data\Project1\Campbell RMBL Data\Maxfield meadow 2019\2C268_190722_7272019_10.qgd","7/28/2019 2:14:24 AM","7/28/2019 11:07:02 PM","7659520","2DYHPD2\User"
"C:\GCMSsolution\Data\Project1\Campbell RMBL Data\Maxfield meadow 2019\2C268_190729_812019_06.qgd","8/1/2019 12:33:25 PM","8/1/2019 1:05:54 PM","7888896","2DYHPD2\User"
"C:\GCMSsolution\Data\Project1\Campbell RMBL Data\Maxfield meadow 2019\2C277_190729_812019_08.qgd","8/1/2019 1:36:37 PM","8/1/2019 2:09:36 PM","7274496","2DYHPD2\User"
"C:\GCMSsolution\Data\Project1\Campbell RMBL Data\Maxfield meadow 2019\2C277_190805_8112019_18.qgd","8/12/2019 7:03:12 AM","8/12/2019 7:34:04 AM","6832128","2DYHPD2\User"
"C:\GCMSsolution\Data\Project1\Campbell RMBL Data\Maxfield meadow 2019\2C288_190729_812019_16.qgd","8/1/2019 5:55:45 PM","8/1/2019 6:28:35 PM","7217152","2DYHPD2\User"
"C:\GCMSsolution\Data\Project1\Campbell RMBL Data\Maxfield meadow 2019\2C298_190729_812019_02.qgd","8/1/2019 10:29:12 AM","8/1/2019 11:01:06 AM","7204864","2DYHPD2\User"
"C:\GCMSsolution\Data\Project1\Campbell RMBL Data\Maxfield meadow 2019\2C298_190805_8112019_16.qgd","8/12/2019 6:00:51 AM","8/12/2019 6:31:51 AM","6868992","2DYHPD2\User"
"C:\GCMSsolution\Data\Project1\Campbell RMBL Data\Maxfield meadow 2019\2C300_190724_7272019_24.qgd","7/28/2019 9:28:47 AM","7/28/2019 11:10:07 PM","7659520","2DYHPD2\User"
"C:\GCMSsolution\Data\Project1\Campbell RMBL Data\Maxfield meadow 2019\2C300_190726_822019_11.qgd","8/3/2019 2:32:27 AM","8/3/2019 3:04:15 AM","7184384","2DYHPD2\User"
"C:\GCMSsolution\Data\Project1\Campbell RMBL Data\Maxfield meadow 2019\2C300_190805_8112019_15.qgd","8/12/2019 5:29:52 AM","8/12/2019 6:00:38 AM","6828032","2DYHPD2\User"
"C:\GCMSsolution\Data\Project1\Campbell RMBL Data\Maxfield meadow 2019\2D205_190726_822019_09.qgd","8/3/2019 1:29:55 AM","8/3/2019 2:01:59 AM","7237632","2DYHPD2\User"
"C:\GCMSsolution\Data\Project1\Campbell RMBL Data\Maxfield meadow 2019\2D209_190726_822019_05.qgd","8/2/2019 11:25:00 PM","8/2/2019 11:57:22 PM","7188480","2DYHPD2\User"
"C:\GCMSsolution\Data\Project1\Campbell RMBL Data\Maxfield meadow 2019\2D211_190707_7262019_19.qgd","7/27/2019 2:34:48 AM","7/28/2019 11:13:25 PM","7663616","2DYHPD2\User"
"C:\GCMSsolution\Data\Project1\Campbell RMBL Data\Maxfield meadow 2019\2D212A_190726_822019_08.qgd","8/3/2019 12:58:51 AM","8/3/2019 1:30:50 AM","7180288","2DYHPD2\User"
"C:\GCMSsolution\Data\Project1\Campbell RMBL Data\Maxfield meadow 2019\2D212B_190726_822019_06.qgd","8/2/2019 11:56:29 PM","8/3/2019 12:28:33 AM","7307264","2DYHPD2\User"
"C:\GCMSsolution\Data\Project1\Campbell RMBL Data\Maxfield meadow 2019\2D221_190724_7272019_16.qgd","7/28/2019 5:20:31 AM","7/28/2019 11:16:38 PM","7622656","2DYHPD2\User"
"C:\GCMSsolution\Data\Project1\Campbell RMBL Data\Maxfield meadow 2019\2D222_190724_7282019_05.qgd","7/29/2019 1:28:14 AM","7/29/2019 2:00:14 AM","7184384","2DYHPD2\User"
"C:\GCMSsolution\Data\Project1\Campbell RMBL Data\Maxfield meadow 2019\2D225_190805_8112019_19.qgd","8/12/2019 7:34:19 AM","8/12/2019 8:05:23 AM","6864896","2DYHPD2\User"
"C:\GCMSsolution\Data\Project1\Campbell RMBL Data\Maxfield meadow 2019\2D256_190726_822019_10.qgd","8/3/2019 2:01:03 AM","8/3/2019 2:33:18 AM","7856128","2DYHPD2\User"
"C:\GCMSsolution\Data\Project1\Campbell RMBL Data\Maxfield meadow 2019\2D256_190805_8112019_10.qgd","8/12/2019 2:53:42 AM","8/12/2019 3:24:30 AM","6832128","2DYHPD2\User"
"C:\GCMSsolution\Data\Project1\Campbell RMBL Data\Maxfield meadow 2019\2D257_190722_7272019_12.qgd","7/28/2019 3:16:22 AM","7/28/2019 11:19:38 PM","7667712","2DYHPD2\User"
"C:\GCMSsolution\Data\Project1\Campbell RMBL Data\Maxfield meadow 2019\2D258_190724_7282019_06.qgd","7/29/2019 1:59:19 AM","7/29/2019 2:31:08 AM","7151616","2DYHPD2\User"
"C:\GCMSsolution\Data\Project1\Campbell RMBL Data\Maxfield meadow 2019\2D288_190805_8132019_05.qgd","8/13/2019 2:27:17 AM","8/13/2019 2:58:17 AM","6864896","2DYHPD2\User"
"C:\GCMSsolution\Data\Project1\Campbell RMBL Data\Maxfield meadow 2019\3A120_190722_7282019_10.qgd","7/29/2019 4:03:30 AM","7/29/2019 4:35:30 AM","7163904","2DYHPD2\User"
"C:\GCMSsolution\Data\Project1\Campbell RMBL Data\Maxfield meadow 2019\3A172_190724_7282019_04.qgd","7/29/2019 12:57:01 AM","7/29/2019 1:29:02 AM","7176192","2DYHPD2\User"
"C:\GCMSsolution\Data\Project1\Campbell RMBL Data\Maxfield meadow 2019\3A642_190724_7282019_07.qgd","7/29/2019 2:30:17 AM","7/29/2019 3:02:22 AM","7147520","2DYHPD2\User"
"C:\GCMSsolution\Data\Project1\Campbell RMBL Data\Maxfield meadow 2019\3A659_190724_812019_11.qgd","8/2/2019 2:15:24 AM","8/2/2019 2:47:50 AM","7155712","2DYHPD2\User"
"C:\GCMSsolution\Data\Project1\Campbell RMBL Data\Maxfield meadow 2019\3B605_190729_812019_15.qgd","8/1/2019 5:23:31 PM","8/1/2019 5:56:38 PM","7217152","2DYHPD2\User"
"C:\GCMSsolution\Data\Project1\Campbell RMBL Data\Maxfield meadow 2019\3B686_190724_822019_17.qgd","8/2/2019 7:29:14 PM","8/2/2019 8:02:15 PM","7168000","2DYHPD2\User"
"C:\GCMSsolution\Data\Project1\Campbell RMBL Data\Maxfield meadow 2019\3B687_190724_812019_14.qgd","8/2/2019 3:49:17 AM","8/2/2019 4:21:14 AM","7147520","2DYHPD2\User"
"C:\GCMSsolution\Data\Project1\Campbell RMBL Data\Maxfield meadow 2019\3B823_190729_812019_09.qgd","8/1/2019 2:08:35 PM","8/1/2019 2:41:37 PM","7938048","2DYHPD2\User"
"C:\GCMSsolution\Data\Project1\Campbell RMBL Data\Maxfield meadow 2019\3C131_190726_822019_03.qgd","8/2/2019 10:22:00 PM","8/2/2019 10:54:25 PM","7254016","2DYHPD2\User"
"C:\GCMSsolution\Data\Project1\Campbell RMBL Data\Maxfield meadow 2019\3C140_190726_822019_10.qgd","8/2/2019 3:38:08 PM","8/2/2019 4:11:54 PM","7188480","2DYHPD2\User"
"C:\GCMSsolution\Data\Project1\Campbell RMBL Data\Maxfield meadow 2019\3C146_190726_822019_12.qgd","8/3/2019 3:03:24 AM","8/3/2019 3:35:31 AM","7229440","2DYHPD2\User"
"C:\GCMSsolution\Data\Project1\Campbell RMBL Data\Maxfield meadow 2019\3C148_190726_812019_05.qgd","8/1/2019 11:09:24 PM","8/1/2019 11:40:17 PM","7573504","2DYHPD2\User"
"C:\GCMSsolution\Data\Project1\Campbell RMBL Data\Maxfield meadow 2019\3C149_190724_822019_03.qgd","8/2/2019 11:50:55 AM","8/2/2019 12:23:40 PM","7135232","2DYHPD2\User"
"C:\GCMSsolution\Data\Project1\Campbell RMBL Data\Maxfield meadow 2019\3C161__190726_822019_18.qgd","8/2/2019 8:01:26 PM","8/2/2019 8:35:02 PM","7262208","2DYHPD2\User"
"C:\GCMSsolution\Data\Project1\Campbell RMBL Data\Maxfield meadow 2019\3C167_190722_822019_05.qgd","8/2/2019 12:55:02 PM","8/2/2019 1:28:36 PM","7163904","2DYHPD2\User"
"C:\GCMSsolution\Data\Project1\Campbell RMBL Data\Maxfield meadow 2019\3C179_190729_812019_10.qgd","8/1/2019 2:40:40 PM","8/1/2019 3:14:02 PM","7254016","2DYHPD2\User"
"C:\GCMSsolution\Data\Project1\Campbell RMBL Data\Maxfield meadow 2019\3C182_190729_812019_04.qgd","8/1/2019 11:30:58 AM","8/1/2019 12:01:53 PM","6979584","2DYHPD2\User"
"C:\GCMSsolution\Data\Project1\Campbell RMBL Data\Maxfield meadow 2019\3C183_190717_7262019_18.qgd","7/27/2019 2:03:45 AM","7/28/2019 11:23:00 PM","7667712","2DYHPD2\User"
"C:\GCMSsolution\Data\Project1\Campbell RMBL Data\Maxfield meadow 2019\3C183_190722_7272019_19.qgd","7/28/2019 6:53:27 AM","7/28/2019 11:26:21 PM","7626752","2DYHPD2\User"
"C:\GCMSsolution\Data\Project1\Campbell RMBL Data\Maxfield meadow 2019\3C184_190722_7272019_20.qgd","7/28/2019 7:24:18 AM","7/28/2019 11:29:33 PM","7692288","2DYHPD2\User"
"C:\GCMSsolution\Data\Project1\Campbell RMBL Data\Maxfield meadow 2019\3C184_190726_812019_14.qgd","8/1/2019 4:50:59 PM","8/1/2019 5:24:27 PM","7921664","2DYHPD2\User"
"C:\GCMSsolution\Data\Project1\Campbell RMBL Data\Maxfield meadow 2019\3C185_190726_812019_03.qgd","8/1/2019 10:07:23 PM","8/1/2019 10:39:28 PM","7204864","2DYHPD2\User"
"C:\GCMSsolution\Data\Project1\Campbell RMBL Data\Maxfield meadow 2019\3C214_190716_7262019_12.qgd","7/26/2019 10:56:53 PM","7/28/2019 11:33:05 PM","7630848","2DYHPD2\User"
"C:\GCMSsolution\Data\Project1\Campbell RMBL Data\Maxfield meadow 2019\3D256_190716_7262019_09.qgd","7/26/2019 9:23:23 PM","7/28/2019 11:36:03 PM","7704576","2DYHPD2\User"
"C:\GCMSsolution\Data\Project1\Campbell RMBL Data\Maxfield meadow 2019\3D282_190716_7262019_11.qgd","7/26/2019 10:25:55 PM","7/28/2019 11:39:18 PM","7667712","2DYHPD2\User"
"C:\GCMSsolution\Data\Project1\Campbell RMBL Data\Maxfield meadow 2019\42_60_190722_7282019_03.qgd","7/29/2019 12:26:02 AM","7/29/2019 12:58:00 AM","7720960","2DYHPD2\User"
"C:\GCMSsolution\Data\Project1\Campbell RMBL Data\Maxfield meadow 2019\4A123_190716_7262019_04.qgd","7/26/2019 6:45:09 PM","7/28/2019 11:46:13 PM","7688192","2DYHPD2\User"
"C:\GCMSsolution\Data\Project1\Campbell RMBL Data\Maxfield meadow 2019\4A124_190805_8112019_08.qgd","8/12/2019 1:51:22 AM","8/12/2019 2:22:13 AM","6856704","2DYHPD2\User"
"C:\GCMSsolution\Data\Project1\Campbell RMBL Data\Maxfield meadow 2019\4A168_190805_8112019_03.qgd","8/11/2019 11:16:16 PM","8/11/2019 11:47:02 PM","6823936","2DYHPD2\User"
"C:\GCMSsolution\Data\Project1\Campbell RMBL Data\Maxfield meadow 2019\4A68_190717_7272019_26.qgd","7/28/2019 10:30:48 AM","7/28/2019 11:42:37 PM","8040448","2DYHPD2\User"
"C:\GCMSsolution\Data\Project1\Campbell RMBL Data\Maxfield meadow 2019\4A89_190724_812019_23.qgd","8/2/2019 8:29:01 AM","8/2/2019 9:00:59 AM","7180288","2DYHPD2\User"
"C:\GCMSsolution\Data\Project1\Campbell RMBL Data\Maxfield meadow 2019\4B168_190716_7262019_15.qgd","7/27/2019 12:30:47 AM","7/28/2019 11:49:44 PM","7684096","2DYHPD2\User"
"C:\GCMSsolution\Data\Project1\Campbell RMBL Data\Maxfield meadow 2019\4B173_190724_812019_20.qgd","8/2/2019 6:55:52 AM","8/2/2019 7:27:42 AM","7208960","2DYHPD2\User"
"C:\GCMSsolution\Data\Project1\Campbell RMBL Data\Maxfield meadow 2019\4C109_190716_7262019_17.qgd","7/27/2019 1:32:43 AM","7/28/2019 11:52:54 PM","7643136","2DYHPD2\User"
"C:\GCMSsolution\Data\Project1\Campbell RMBL Data\Maxfield meadow 2019\4C115_190724_812019_21.qgd","8/2/2019 7:26:50 AM","8/2/2019 7:58:57 AM","7184384","2DYHPD2\User"
"C:\GCMSsolution\Data\Project1\Campbell RMBL Data\Maxfield meadow 2019\4C199_190724_7282019_19.qgd","7/29/2019 8:43:24 AM","7/29/2019 9:15:25 AM","7180288","2DYHPD2\User"
"C:\GCMSsolution\Data\Project1\Campbell RMBL Data\Maxfield meadow 2019\4C642_190724_7272019_18.qgd","7/28/2019 6:22:33 AM","7/28/2019 6:54:19 AM","7168000","2DYHPD2\User"
"C:\GCMSsolution\Data\Project1\Campbell RMBL Data\Maxfield meadow 2019\4C643_190724_812019_24.qgd","8/2/2019 9:00:05 AM","8/2/2019 9:32:01 AM","7147520","2DYHPD2\User"
"C:\GCMSsolution\Data\Project1\Campbell RMBL Data\Maxfield meadow 2019\4D199_190717_7262019_20.qgd","7/27/2019 3:05:42 AM","7/27/2019 3:37:36 AM","7221248","2DYHPD2\User"
"C:\GCMSsolution\Data\Project1\Campbell RMBL Data\Maxfield meadow 2019\4D357_190722_7262019_22.qgd","7/27/2019 4:07:43 AM","7/27/2019 4:39:20 AM","7188480","2DYHPD2\User"
"C:\GCMSsolution\Data\Project1\Campbell RMBL Data\Maxfield meadow 2019\4D43_190724_7272019_27.qgd","7/28/2019 11:02:09 AM","7/28/2019 11:34:43 AM","7208960","2DYHPD2\User"
"C:\GCMSsolution\Data\Project1\Campbell RMBL Data\Maxfield meadow 2019\4D46_190805_8112019_02.qgd","8/11/2019 10:45:16 PM","8/11/2019 11:16:00 PM","6844416","2DYHPD2\User"
"C:\GCMSsolution\Data\Project1\Campbell RMBL Data\Maxfield meadow 2019\4D54_190805_8112019_21.qgd","8/12/2019 8:37:05 AM","8/12/2019 9:08:13 AM","6844416","2DYHPD2\User"
"C:\GCMSsolution\Data\Project1\Campbell RMBL Data\Maxfield meadow 2019\4D58_190724_812019_16.qgd","8/2/2019 4:51:28 AM","8/2/2019 5:23:30 AM","7151616","2DYHPD2\User"
"C:\GCMSsolution\Data\Project1\Campbell RMBL Data\Maxfield meadow 2019\4D61_190716_7262019_10.qgd","7/26/2019 9:54:43 PM","7/26/2019 10:26:48 PM","7245824","2DYHPD2\User"
"C:\GCMSsolution\Data\Project1\Campbell RMBL Data\Maxfield meadow 2019\4D62_190724_7282019_20.qgd","7/29/2019 9:14:29 AM","7/29/2019 9:46:41 AM","7168000","2DYHPD2\User"
"C:\GCMSsolution\Data\Project1\Campbell RMBL Data\Maxfield meadow 2019\4D641_190724_7282019_21.qgd","7/29/2019 9:45:46 AM","7/29/2019 10:18:02 AM","7176192","2DYHPD2\User"
"C:\GCMSsolution\Data\Project1\Campbell RMBL Data\Maxfield meadow 2019\5A174_190724_822019_11.qgd","8/2/2019 4:11:05 PM","8/2/2019 4:44:59 PM","7176192","2DYHPD2\User"
"C:\GCMSsolution\Data\Project1\Campbell RMBL Data\Maxfield meadow 2019\5A179_190724_822019_12.qgd","8/2/2019 4:44:07 PM","8/2/2019 5:18:25 PM","7725056","2DYHPD2\User"
"C:\GCMSsolution\Data\Project1\Campbell RMBL Data\Maxfield meadow 2019\5A183_190724_7282019_18.qgd","7/29/2019 8:12:24 AM","7/29/2019 8:44:16 AM","7155712","2DYHPD2\User"
"C:\GCMSsolution\Data\Project1\Campbell RMBL Data\Maxfield meadow 2019\5A193_190726_822019_09.qgd","8/2/2019 3:05:27 PM","8/2/2019 3:39:05 PM","7282688","2DYHPD2\User"
"C:\GCMSsolution\Data\Project1\Campbell RMBL Data\Maxfield meadow 2019\5A195_190726_812019_02.qgd","8/1/2019 9:36:21 PM","8/1/2019 10:07:09 PM","6877184","2DYHPD2\User"
"C:\GCMSsolution\Data\Project1\Campbell RMBL Data\Maxfield meadow 2019\5A196_190726_812019_19.qgd","8/2/2019 6:24:54 AM","8/2/2019 6:56:43 AM","7380992","2DYHPD2\User"
"C:\GCMSsolution\Data\Project1\Campbell RMBL Data\Maxfield meadow 2019\5A200_190805_8112019_20.qgd","8/12/2019 8:05:40 AM","8/12/2019 8:36:51 AM","6856704","2DYHPD2\User"
"C:\GCMSsolution\Data\Project1\Campbell RMBL Data\Maxfield meadow 2019\5A201_190726_812019_04.qgd","8/1/2019 10:38:30 PM","8/1/2019 11:09:11 PM","7712768","2DYHPD2\User"
"C:\GCMSsolution\Data\Project1\Campbell RMBL Data\Maxfield meadow 2019\5A202_190805_8112019_09.qgd","8/12/2019 2:22:26 AM","8/12/2019 2:53:29 AM","6881280","2DYHPD2\User"
"C:\GCMSsolution\Data\Project1\Campbell RMBL Data\Maxfield meadow 2019\5A203_190726_812019_07.qgd","8/2/2019 12:11:33 AM","8/2/2019 12:42:19 AM","6930432","2DYHPD2\User"
"C:\GCMSsolution\Data\Project1\Campbell RMBL Data\Maxfield meadow 2019\5B1_190717_7272019_08.qgd","7/28/2019 1:12:23 AM","7/28/2019 1:44:17 AM","7233536","2DYHPD2\User"
"C:\GCMSsolution\Data\Project1\Campbell RMBL Data\Maxfield meadow 2019\5B17_190726_822019_07.qgd","8/2/2019 2:00:10 PM","8/2/2019 2:34:11 PM","7749632","2DYHPD2\User"
"C:\GCMSsolution\Data\Project1\Campbell RMBL Data\Maxfield meadow 2019\5B19_190724_822019_16.qgd","8/2/2019 6:56:50 PM","8/2/2019 7:30:11 PM","7151616","2DYHPD2\User"
"C:\GCMSsolution\Data\Project1\Campbell RMBL Data\Maxfield meadow 2019\5B3_190724_822019_15.qgd","8/2/2019 6:24:09 PM","8/2/2019 6:57:45 PM","7147520","2DYHPD2\User"
"C:\GCMSsolution\Data\Project1\Campbell RMBL Data\Maxfield meadow 2019\5B30_190805_8112019_22.qgd","8/12/2019 9:08:26 AM","8/12/2019 9:39:23 AM","6852608","2DYHPD2\User"
"C:\GCMSsolution\Data\Project1\Campbell RMBL Data\Maxfield meadow 2019\5B6_190805_8112019_23.qgd","8/12/2019 9:39:38 AM","8/12/2019 10:10:48 AM","6873088","2DYHPD2\User"
"C:\GCMSsolution\Data\Project1\Campbell RMBL Data\Maxfield meadow 2019\5C151_190724_822019_02.qgd","8/2/2019 11:19:23 AM","8/2/2019 11:51:46 AM","7143424","2DYHPD2\User"
"C:\GCMSsolution\Data\Project1\Campbell RMBL Data\Maxfield meadow 2019\5C201_190724_7282019_08.qgd","7/29/2019 3:01:30 AM","7/29/2019 3:33:27 AM","7176192","2DYHPD2\User"
"C:\GCMSsolution\Data\Project1\Campbell RMBL Data\Maxfield meadow 2019\5C209_190726_812019_18.qgd","8/1/2019 6:59:12 PM","8/1/2019 7:31:39 PM","7761920","2DYHPD2\User"
"C:\GCMSsolution\Data\Project1\Campbell RMBL Data\Maxfield meadow 2019\5C214_190717_7272019_06.qgd","7/28/2019 12:10:18 AM","7/28/2019 12:42:14 AM","7180288","2DYHPD2\User"
"C:\GCMSsolution\Data\Project1\Campbell RMBL Data\Maxfield meadow 2019\5C214_190722_7272019_23.qgd","7/28/2019 8:57:37 AM","7/28/2019 9:29:40 AM","7208960","2DYHPD2\User"
"C:\GCMSsolution\Data\Project1\Campbell RMBL Data\Maxfield meadow 2019\5C217_190726_812019_20.qgd","8/1/2019 8:02:13 PM","8/1/2019 8:34:25 PM","7229440","2DYHPD2\User"
"C:\GCMSsolution\Data\Project1\Campbell RMBL Data\Maxfield meadow 2019\5C228_190722_7272019_21.qgd","7/28/2019 7:55:20 AM","7/28/2019 8:27:05 AM","7172096","2DYHPD2\User"
"C:\GCMSsolution\Data\Project1\Campbell RMBL Data\Maxfield meadow 2019\5C229_190724_7282019_09.qgd","7/29/2019 3:32:34 AM","7/29/2019 4:04:20 AM","7180288","2DYHPD2\User"
"C:\GCMSsolution\Data\Project1\Campbell RMBL Data\Maxfield meadow 2019\5D234_190726_812019_17.qgd","8/2/2019 5:22:40 AM","8/2/2019 5:54:42 AM","7200768","2DYHPD2\User"
"C:\GCMSsolution\Data\Project1\Campbell RMBL Data\Maxfield meadow 2019\5D234_190726_812019_19.qgd","8/1/2019 7:30:45 PM","8/1/2019 8:03:06 PM","7258112","2DYHPD2\User"
"C:\GCMSsolution\Data\Project1\Campbell RMBL Data\Maxfield meadow 2019\5D240_190729_812019_12.qgd","8/1/2019 3:45:42 PM","8/1/2019 4:19:15 PM","7987200","2DYHPD2\User"
"C:\GCMSsolution\Data\Project1\Campbell RMBL Data\Maxfield meadow 2019\5D246_190724_822019_06.qgd","8/2/2019 1:27:38 PM","8/2/2019 2:01:01 PM","7155712","2DYHPD2\User"
"C:\GCMSsolution\Data\Project1\Campbell RMBL Data\Maxfield meadow 2019\5D257_190722_7282019_02.qgd","7/28/2019 11:55:03 PM","7/29/2019 12:26:57 AM","7221248","2DYHPD2\User"
"C:\GCMSsolution\Data\Project1\Campbell RMBL Data\Maxfield meadow 2019\5D264_190717_7272019_07.qgd","7/28/2019 12:41:21 AM","7/28/2019 1:13:17 AM","7172096","2DYHPD2\User"
"C:\GCMSsolution\Data\Project1\Campbell RMBL Data\Maxfield meadow 2019\5D266_190729_812019_03.qgd","8/1/2019 11:00:04 AM","8/1/2019 11:31:55 AM","7987200","2DYHPD2\User"
"C:\GCMSsolution\Data\Project1\Campbell RMBL Data\Maxfield meadow 2019\5D272_190805_8132019_04.qgd","8/13/2019 1:56:06 AM","8/13/2019 2:27:02 AM","6848512","2DYHPD2\User"
"C:\GCMSsolution\Data\Project1\Campbell RMBL Data\Maxfield meadow 2019\5D282_190805_8132019_07.qgd","8/13/2019 3:29:44 AM","8/13/2019 4:00:39 AM","6848512","2DYHPD2\User"
"C:\GCMSsolution\Data\Project1\Campbell RMBL Data\Maxfield meadow 2019\5D286_190805_8132019_06.qgd","8/13/2019 2:58:32 AM","8/13/2019 3:29:29 AM","6881280","2DYHPD2\User"
"C:\GCMSsolution\Data\Project1\Campbell RMBL Data\Maxfield meadow 2019\5D288_190805_8132019_02.qgd","8/13/2019 12:54:05 AM","8/13/2019 1:24:52 AM","6840320","2DYHPD2\User"
"C:\GCMSsolution\Data\Project1\Campbell RMBL Data\Maxfield meadow 2019\6A156_190717_7272019_04.qgd","7/27/2019 11:08:12 PM","7/27/2019 11:40:09 PM","7168000","2DYHPD2\User"
"C:\GCMSsolution\Data\Project1\Campbell RMBL Data\Maxfield meadow 2019\6B2_190805_8112019_05.qgd","8/12/2019 12:18:14 AM","8/12/2019 12:49:02 AM","6832128","2DYHPD2\User"
"C:\GCMSsolution\Data\Project1\Campbell RMBL Data\Maxfield meadow 2019\6B23_190724_822019_04.qgd","8/2/2019 12:22:46 PM","8/2/2019 12:55:55 PM","7151616","2DYHPD2\User"
"C:\GCMSsolution\Data\Project1\Campbell RMBL Data\Maxfield meadow 2019\6B29_190717_7272019_05.qgd","7/27/2019 11:39:16 PM","7/28/2019 12:11:10 AM","7172096","2DYHPD2\User"
"C:\GCMSsolution\Data\Project1\Campbell RMBL Data\Maxfield meadow 2019\6B35_190724_7272019_17.qgd","7/28/2019 5:51:33 AM","7/28/2019 6:23:21 AM","7155712","2DYHPD2\User"
"C:\GCMSsolution\Data\Project1\Campbell RMBL Data\Maxfield meadow 2019\6B36_190805_8112019_04.qgd","8/11/2019 11:47:15 PM","8/12/2019 12:18:01 AM","6856704","2DYHPD2\User"
"C:\GCMSsolution\Data\Project1\Campbell RMBL Data\Maxfield meadow 2019\6B7_190805_8112019_06.qgd","8/12/2019 12:49:14 AM","8/12/2019 1:20:10 AM","6852608","2DYHPD2\User"
"C:\GCMSsolution\Data\Project1\Campbell RMBL Data\Maxfield meadow 2019\6C108_190707_7262019_03.qgd","7/26/2019 6:13:11 PM","7/26/2019 6:46:00 PM","7213056","2DYHPD2\User"
"C:\GCMSsolution\Data\Project1\Campbell RMBL Data\Maxfield meadow 2019\6C122_190724_822019_14.qgd","8/2/2019 5:51:02 PM","8/2/2019 6:25:01 PM","7151616","2DYHPD2\User"
"C:\GCMSsolution\Data\Project1\Campbell RMBL Data\Maxfield meadow 2019\6C83_190717_7262019_23.qgd","7/27/2019 4:38:28 AM","7/27/2019 5:11:02 AM","7168000","2DYHPD2\User"
"C:\GCMSsolution\Data\Project1\Campbell RMBL Data\Maxfield meadow 2019\6D39_190724_822019_13.qgd","8/2/2019 5:17:34 PM","8/2/2019 5:51:52 PM","7180288","2DYHPD2\User"
"C:\GCMSsolution\Data\Project1\Campbell RMBL Data\Maxfield meadow 2019\6D40_190717_7272019_03.qgd","7/27/2019 10:37:17 PM","7/27/2019 11:09:02 PM","7159808","2DYHPD2\User"
"C:\GCMSsolution\Data\Project1\Campbell RMBL Data\Maxfield meadow 2019\6D50_190726_812019_13.qgd","8/1/2019 4:18:23 PM","8/1/2019 4:51:52 PM","7999488","2DYHPD2\User"
"C:\GCMSsolution\Data\Project1\Campbell RMBL Data\Maxfield meadow 2019\6D79_190805_8112019_07.qgd","8/12/2019 1:20:26 AM","8/12/2019 1:51:07 AM","6823936","2DYHPD2\User"
"C:\GCMSsolution\Data\Project1\Campbell RMBL Data\Maxfield meadow 2019\6D80_190726_812019_17.qgd","8/1/2019 6:27:42 PM","8/1/2019 7:00:08 PM","7196672","2DYHPD2\User"
"C:\GCMSsolution\Data\Project1\Campbell RMBL Data\Maxfield meadow 2019\6D81_190726_812019_06.qgd","8/1/2019 11:40:33 PM","8/2/2019 12:11:19 AM","6963200","2DYHPD2\User"
"C:\GCMSsolution\Data\Project1\Campbell RMBL Data\Maxfield meadow 2019\Air_190716_7262019_05.qgd","7/26/2019 7:17:02 PM","7/26/2019 7:49:52 PM","7245824","2DYHPD2\User"
"C:\GCMSsolution\Data\Project1\Campbell RMBL Data\Maxfield meadow 2019\Air_190716_7262019_06.qgd","7/26/2019 7:48:55 PM","7/26/2019 8:21:23 PM","7270400","2DYHPD2\User"
"C:\GCMSsolution\Data\Project1\Campbell RMBL Data\Maxfield meadow 2019\Air_190717_7262019_21.qgd","7/27/2019 3:36:44 AM","7/27/2019 4:08:32 AM","7192576","2DYHPD2\User"
"C:\GCMSsolution\Data\Project1\Campbell RMBL Data\Maxfield meadow 2019\Air_190722_7282019_12.qgd","7/29/2019 5:05:56 AM","7/29/2019 5:37:55 AM","7172096","2DYHPD2\User"
"C:\GCMSsolution\Data\Project1\Campbell RMBL Data\Maxfield meadow 2019\Air_190729_822019_02.qgd","8/2/2019 9:50:30 PM","8/2/2019 10:22:52 PM","7237632","2DYHPD2\User"
"C:\GCMSsolution\Data\Project1\Campbell RMBL Data\Maxfield meadow 2019\AIR_190729_822019_08.qgd","8/2/2019 2:33:17 PM","8/2/2019 3:06:20 PM","7970816","2DYHPD2\User"
"C:\GCMSsolution\Data\Project1\Campbell RMBL Data\Maxfield meadow 2019\Air_190805_8132019_03.qgd","8/13/2019 1:25:07 AM","8/13/2019 1:55:52 AM","6832128","2DYHPD2\User"
"C:\GCMSsolution\Data\Project1\Campbell RMBL Data\Maxfield meadow 2019\Air_2__190729_812019_18.qgd","8/2/2019 5:53:48 AM","8/2/2019 6:25:43 AM","8032256","2DYHPD2\User"
"C:\GCMSsolution\Data\Project1\Campbell RMBL Data\Maxfield meadow 2019\Air_2_LS_190724_812019_15.qgd","8/2/2019 4:20:20 AM","8/2/2019 4:52:20 AM","7139328","2DYHPD2\User"
"C:\GCMSsolution\Data\Project1\Campbell RMBL Data\Maxfield meadow 2019\Air_6C_190717_7272019_02.qgd","7/27/2019 10:06:21 PM","7/27/2019 10:38:10 PM","7237632","2DYHPD2\User"
"C:\GCMSsolution\Data\Project1\Campbell RMBL Data\Maxfield meadow 2019\Air_HB_190724_7272019_25.qgd","7/28/2019 9:59:41 AM","7/28/2019 10:31:41 AM","7168000","2DYHPD2\User"
"C:\GCMSsolution\Data\Project1\Campbell RMBL Data\Maxfield meadow 2019\Air_LS_190724_812019_22.qgd","8/2/2019 7:58:06 AM","8/2/2019 8:29:51 AM","7176192","2DYHPD2\User"
"C:\GCMSsolution\Data\Project1\Campbell RMBL Data\Maxfield meadow 2019\Air1_190726_822019_19.qgd","8/2/2019 8:34:11 PM","8/2/2019 9:07:16 PM","7786496","2DYHPD2\User"
"C:\GCMSsolution\Data\Project1\Campbell RMBL Data\Maxfield meadow 2019\B_stricta_carbotrap_7262019_25.qgd","7/27/2019 5:41:12 AM","7/27/2019 6:12:50 AM","7204864","2DYHPD2\User"
"C:\GCMSsolution\Data\Project1\Campbell RMBL Data\Maxfield meadow 2019\Blank1_7272019_01.qgd","7/27/2019 9:30:21 PM","7/27/2019 10:07:11 PM","7315456","2DYHPD2\User"
"C:\GCMSsolution\Data\Project1\Campbell RMBL Data\Maxfield meadow 2019\Blank1_7282019_01.qgd","7/28/2019 11:17:24 PM","7/28/2019 11:56:01 PM","7241728","2DYHPD2\User"
"C:\GCMSsolution\Data\Project1\Campbell RMBL Data\Maxfield meadow 2019\Blank1_8112019_01.qgd","8/11/2019 10:09:02 PM","8/11/2019 10:45:04 PM","6832128","2DYHPD2\User"
"C:\GCMSsolution\Data\Project1\Campbell RMBL Data\Maxfield meadow 2019\Blank1_812019_01.qgd","8/1/2019 9:52:30 AM","8/1/2019 10:30:07 AM","7188480","2DYHPD2\User"
"C:\GCMSsolution\Data\Project1\Campbell RMBL Data\Maxfield meadow 2019\Blank1_812019_02.qgd","8/1/2019 9:00:16 PM","8/1/2019 9:37:20 PM","7155712","2DYHPD2\User"
"C:\GCMSsolution\Data\Project1\Campbell RMBL Data\Maxfield meadow 2019\Blank1_8132019_01.qgd","8/13/2019 12:18:00 AM","8/13/2019 12:53:50 AM","6922240","2DYHPD2\User"
"C:\GCMSsolution\Data\Project1\Campbell RMBL Data\Maxfield meadow 2019\Blank1_822019_01.qgd","8/2/2019 10:39:08 AM","8/2/2019 11:20:15 AM","7131136","2DYHPD2\User"
"C:\GCMSsolution\Data\Project1\Campbell RMBL Data\Maxfield meadow 2019\Blank1_822019_02.qgd","8/2/2019 9:14:32 PM","8/2/2019 9:51:27 PM","7155712","2DYHPD2\User"
"C:\GCMSsolution\Data\Project1\Campbell RMBL Data\Maxfield meadow 2019\Blank2_7262019_13.qgd","7/26/2019 11:28:38 PM","7/27/2019 12:00:34 AM","7213056","2DYHPD2\User"
"C:\GCMSsolution\Data\Project1\Campbell RMBL Data\Maxfield meadow 2019\Blank2_7272019_11.qgd","7/28/2019 2:45:19 AM","7/28/2019 3:17:12 AM","7163904","2DYHPD2\User"
"C:\GCMSsolution\Data\Project1\Campbell RMBL Data\Maxfield meadow 2019\Blank2_7282019_11.qgd","7/29/2019 4:34:39 AM","7/29/2019 5:06:48 AM","7139328","2DYHPD2\User"
"C:\GCMSsolution\Data\Project1\Campbell RMBL Data\Maxfield meadow 2019\Blank3_7272019_22.qgd","7/28/2019 8:26:14 AM","7/28/2019 8:58:29 AM","7151616","2DYHPD2\User"
"C:\GCMSsolution\Data\Project1\Campbell RMBL Data\Maxfield meadow 2019\Blank3_7282019_22.qgd","7/29/2019 10:17:09 AM","7/29/2019 10:49:44 AM","7159808","2DYHPD2\User"
"C:\GCMSsolution\Data\Project1\Campbell RMBL Data\Maxfield meadow 2019\Blank4_7262019_24.qgd","7/27/2019 5:10:09 AM","8/6/2019 3:32:42 PM","8425472","2DYHPD2\User"
"C:\GCMSsolution\Data\Project1\Campbell RMBL Data\Maxfield meadow 2019\Blank4_7272019_28.qgd","7/28/2019 11:33:45 AM","7/28/2019 12:06:23 PM","7176192","2DYHPD2\User"
"C:\GCMSsolution\Data\Project1\Campbell RMBL Data\Maxfield meadow 2019\maxfield190727.txt","8/2/2019 11:21:15 AM","8/2/2019 9:09:40 PM","19150097","2DYHPD2\User"
"C:\GCMSsolution\Data\Project1\Campbell RMBL Data\Maxfield meadow 2019\nolabel_190716_7262019_16.qgd","7/27/2019 1:01:42 AM","7/27/2019 1:33:34 AM","7200768","2DYHPD2\User"
"C:\GCMSsolution\Data\Project1\Campbell RMBL Data\Maxfield meadow 2019\penstemon_strictus_carbotrap.xlsx","7/29/2019 2:36:37 PM","7/29/2019 2:36:38 PM","59159","2DYHPD2\User"
"C:\GCMSsolution\Data\Project1\Campbell RMBL Data\Maxfield meadow 2019\penstemonstrictus_carbotrap.PNG","7/29/2019 2:41:35 PM","7/29/2019 2:41:35 PM","46772","2DYHPD2\User"
"C:\GCMSsolution\Data\Project1\Campbell RMBL Data\Maxfield meadow 2019\QAQCData.htm","8/2/2019 11:20:15 AM","8/2/2019 9:07:16 PM","496","2DYHPD2\User"
"C:\GCMSsolution\Data\Project1\Campbell RMBL Data\Maxfield meadow 2019\QAQCData.txt","8/2/2019 11:20:15 AM","8/2/2019 11:20:15 AM","76","2DYHPD2\User"
"C:\GCMSsolution\Data\Project1\Campbell RMBL Data\Maxfield meadow 2020","7/5/2021 9:46:51 AM","7/14/2021 8:39:56 AM",,"2DYHPD2\User"
"C:\GCMSsolution\Data\Project1\Campbell RMBL Data\Maxfield meadow 2020\1A133_200708_782021_29.qgd","7/9/2021 6:08:26 AM","7/9/2021 6:40:08 AM","7614464","2DYHPD2\User"
"C:\GCMSsolution\Data\Project1\Campbell RMBL Data\Maxfield meadow 2020\1A230_200708_782021_30.qgd","7/9/2021 6:39:05 AM","7/9/2021 7:10:42 AM","7553024","2DYHPD2\User"
"C:\GCMSsolution\Data\Project1\Campbell RMBL Data\Maxfield meadow 2020\1A231_200701_752021_02.qgd","7/5/2021 3:50:37 PM","7/5/2021 4:24:21 PM","7503872","2DYHPD2\User"
"C:\GCMSsolution\Data\Project1\Campbell RMBL Data\Maxfield meadow 2020\1A235_200708_782021_28.qgd","7/9/2021 5:37:42 AM","7/9/2021 6:09:43 AM","7614464","2DYHPD2\User"
"C:\GCMSsolution\Data\Project1\Campbell RMBL Data\Maxfield meadow 2020\1A243_200708_782021_31.qgd","7/9/2021 7:09:28 AM","7/9/2021 7:41:16 AM","7516160","2DYHPD2\User"
"C:\GCMSsolution\Data\Project1\Campbell RMBL Data\Maxfield meadow 2020\1A244_200701_752021_03.qgd","7/5/2021 4:23:14 PM","7/5/2021 4:57:09 PM","7479296","2DYHPD2\User"
"C:\GCMSsolution\Data\Project1\Campbell RMBL Data\Maxfield meadow 2020\1A246_200708_782021_27.qgd","7/9/2021 5:06:54 AM","7/9/2021 5:38:43 AM","7446528","2DYHPD2\User"
"C:\GCMSsolution\Data\Project1\Campbell RMBL Data\Maxfield meadow 2020\1A250_200701_752021_04.qgd","7/5/2021 4:56:05 PM","7/5/2021 5:29:48 PM","7872512","2DYHPD2\User"
"C:\GCMSsolution\Data\Project1\Campbell RMBL Data\Maxfield meadow 2020\1A251_200722_7112021_02.qgd","7/11/2021 11:49:51 AM","7/11/2021 12:22:32 PM","7237632","2DYHPD2\User"
"C:\GCMSsolution\Data\Project1\Campbell RMBL Data\Maxfield meadow 2020\1A255_200708_782021_26.qgd","7/9/2021 4:36:08 AM","7/9/2021 5:07:59 AM","7286784","2DYHPD2\User"
"C:\GCMSsolution\Data\Project1\Campbell RMBL Data\Maxfield meadow 2020\1A257_200701_772021_35.qgd","7/8/2021 12:12:16 PM","7/8/2021 12:46:36 PM","7364608","2DYHPD2\User"
"C:\GCMSsolution\Data\Project1\Campbell RMBL Data\Maxfield meadow 2020\1B649_200708_782021_32.qgd","7/9/2021 7:40:11 AM","7/9/2021 8:12:42 AM","7581696","2DYHPD2\User"
"C:\GCMSsolution\Data\Project1\Campbell RMBL Data\Maxfield meadow 2020\1B650A_200722_7112021_03.qgd","7/11/2021 12:21:26 PM","7/11/2021 12:53:23 PM","7069696","2DYHPD2\User"
"C:\GCMSsolution\Data\Project1\Campbell RMBL Data\Maxfield meadow 2020\1B650A_200722_redo_7122021_03.qgd","7/12/2021 12:31:27 PM","7/12/2021 1:04:39 PM","7348224","2DYHPD2\User"
"C:\GCMSsolution\Data\Project1\Campbell RMBL Data\Maxfield meadow 2020\1B650B_200722_7112021_07.qgd","7/11/2021 2:30:25 PM","7/11/2021 3:03:25 PM","7127040","2DYHPD2\User"
"C:\GCMSsolution\Data\Project1\Campbell RMBL Data\Maxfield meadow 2020\1B653_200722_7112021_04.qgd","7/11/2021 12:52:36 PM","7/11/2021 1:26:00 PM","7110656","2DYHPD2\User"
"C:\GCMSsolution\Data\Project1\Campbell RMBL Data\Maxfield meadow 2020\1B656_200722_7112021_05.qgd","7/11/2021 1:24:55 PM","7/11/2021 1:58:38 PM","7139328","2DYHPD2\User"
"C:\GCMSsolution\Data\Project1\Campbell RMBL Data\Maxfield meadow 2020\1B666_210708_782021_08.qgd","7/8/2021 7:04:32 PM","7/8/2021 7:39:08 PM","7127040","2DYHPD2\User"
"C:\GCMSsolution\Data\Project1\Campbell RMBL Data\Maxfield meadow 2020\1B672_200722_7112021_06.qgd","7/11/2021 1:57:29 PM","7/11/2021 2:31:30 PM","7151616","2DYHPD2\User"
"C:\GCMSsolution\Data\Project1\Campbell RMBL Data\Maxfield meadow 2020\1B677_210708_782021_06.qgd","7/8/2021 5:55:58 PM","7/8/2021 6:31:28 PM","7147520","2DYHPD2\User"
"C:\GCMSsolution\Data\Project1\Campbell RMBL Data\Maxfield meadow 2020\1B950_210708_782021_23.qgd","7/9/2021 3:03:42 AM","7/9/2021 3:35:41 AM","7135232","2DYHPD2\User"
"C:\GCMSsolution\Data\Project1\Campbell RMBL Data\Maxfield meadow 2020\1C46_200715_762021_05.qgd","7/6/2021 9:20:04 PM","7/6/2021 9:53:26 PM","7749632","2DYHPD2\User"
"C:\GCMSsolution\Data\Project1\Campbell RMBL Data\Maxfield meadow 2020\1C53_210708_782021_22.qgd","7/9/2021 2:32:16 AM","7/9/2021 3:04:43 AM","7110656","2DYHPD2\User"
"C:\GCMSsolution\Data\Project1\Campbell RMBL Data\Maxfield meadow 2020\1C57_210708_782021_05.qgd","7/8/2021 5:22:14 PM","7/8/2021 5:57:01 PM","7131136","2DYHPD2\User"
"C:\GCMSsolution\Data\Project1\Campbell RMBL Data\Maxfield meadow 2020\1C60_200715_762021_04.qgd","7/6/2021 8:47:30 PM","7/6/2021 9:21:19 PM","7450624","2DYHPD2\User"
"C:\GCMSsolution\Data\Project1\Campbell RMBL Data\Maxfield meadow 2020\1C60_200722_792021_35.qgd","7/10/2021 6:35:13 AM","7/10/2021 7:06:56 AM","7143424","2DYHPD2\User"
"C:\GCMSsolution\Data\Project1\Campbell RMBL Data\Maxfield meadow 2020\1C63_200708_782021_34.qgd","7/9/2021 8:42:17 AM","7/9/2021 9:14:28 AM","7503872","2DYHPD2\User"
"C:\GCMSsolution\Data\Project1\Campbell RMBL Data\Maxfield meadow 2020\1C64_100708_782021_33.qgd","7/9/2021 8:11:33 AM","7/9/2021 8:43:22 AM","7708672","2DYHPD2\User"
"C:\GCMSsolution\Data\Project1\Campbell RMBL Data\Maxfield meadow 2020\1C64_200701_752021_05.qgd","7/5/2021 5:28:43 PM","7/5/2021 6:02:31 PM","7696384","2DYHPD2\User"
"C:\GCMSsolution\Data\Project1\Campbell RMBL Data\Maxfield meadow 2020\1C901_210708_782021_03.qgd","7/8/2021 4:14:44 PM","7/8/2021 4:49:23 PM","7127040","2DYHPD2\User"
"C:\GCMSsolution\Data\Project1\Campbell RMBL Data\Maxfield meadow 2020\1C948_210708_782021_04.qgd","7/8/2021 4:48:23 PM","7/8/2021 5:23:15 PM","7106560","2DYHPD2\User"
"C:\GCMSsolution\Data\Project1\Campbell RMBL Data\Maxfield meadow 2020\1C949_210708_782021_02.qgd","7/8/2021 3:41:16 PM","7/8/2021 4:15:53 PM","7110656","2DYHPD2\User"
"C:\GCMSsolution\Data\Project1\Campbell RMBL Data\Maxfield meadow 2020\1C951_210708_782021_07.qgd","7/8/2021 6:30:24 PM","7/8/2021 7:05:37 PM","7127040","2DYHPD2\User"
"C:\GCMSsolution\Data\Project1\Campbell RMBL Data\Maxfield meadow 2020\1D12_200715_762021_11.qgd","7/7/2021 12:30:51 AM","7/7/2021 1:03:30 AM","7385088","2DYHPD2\User"
"C:\GCMSsolution\Data\Project1\Campbell RMBL Data\Maxfield meadow 2020\1D12_200722_792021_31.qgd","7/10/2021 4:32:05 AM","7/10/2021 5:04:44 AM","7401472","2DYHPD2\User"
"C:\GCMSsolution\Data\Project1\Campbell RMBL Data\Maxfield meadow 2020\1D17_200715_762021_10.qgd","7/6/2021 11:59:30 PM","7/7/2021 12:32:11 AM","7356416","2DYHPD2\User"
"C:\GCMSsolution\Data\Project1\Campbell RMBL Data\Maxfield meadow 2020\1D24_200701_752021_06.qgd","7/5/2021 6:01:30 PM","7/5/2021 6:35:24 PM","7286784","2DYHPD2\User"
"C:\GCMSsolution\Data\Project1\Campbell RMBL Data\Maxfield meadow 2020\1D24_200715_762021_12.qgd","7/7/2021 1:02:16 AM","7/7/2021 1:34:17 AM","7131136","2DYHPD2\User"
"C:\GCMSsolution\Data\Project1\Campbell RMBL Data\Maxfield meadow 2020\1D31_200722_792021_34.qgd","7/10/2021 6:04:41 AM","7/10/2021 6:36:19 AM","7135232","2DYHPD2\User"
"C:\GCMSsolution\Data\Project1\Campbell RMBL Data\Maxfield meadow 2020\1D33_200715_762021_07.qgd","7/6/2021 10:24:31 PM","7/6/2021 10:57:25 PM","7770112","2DYHPD2\User"
"C:\GCMSsolution\Data\Project1\Campbell RMBL Data\Maxfield meadow 2020\1D33_200722_792021_33.qgd","7/10/2021 5:33:58 AM","7/10/2021 6:05:52 AM","7118848","2DYHPD2\User"
"C:\GCMSsolution\Data\Project1\Campbell RMBL Data\Maxfield meadow 2020\1D37_200715_762021_06.qgd","7/6/2021 9:52:19 PM","7/6/2021 10:25:36 PM","7811072","2DYHPD2\User"
"C:\GCMSsolution\Data\Project1\Campbell RMBL Data\Maxfield meadow 2020\1D9_200715_762021_09.qgd","7/6/2021 11:28:06 PM","7/7/2021 12:00:42 AM","7626752","2DYHPD2\User"
"C:\GCMSsolution\Data\Project1\Campbell RMBL Data\Maxfield meadow 2020\1D9_200722_792021_32.qgd","7/10/2021 5:03:31 AM","7/10/2021 5:35:12 AM","7294976","2DYHPD2\User"
"C:\GCMSsolution\Data\Project1\Campbell RMBL Data\Maxfield meadow 2020\2A285_200701_7132021_02.qgd","7/13/2021 10:20:45 PM","7/13/2021 10:52:44 PM","7507968","2DYHPD2\User"
"C:\GCMSsolution\Data\Project1\Campbell RMBL Data\Maxfield meadow 2020\2A589_200701_772021_36.qgd","7/8/2021 12:45:28 PM","7/8/2021 1:19:12 PM","7782400","2DYHPD2\User"
"C:\GCMSsolution\Data\Project1\Campbell RMBL Data\Maxfield meadow 2020\2A674_200608_772021_16.qgd","7/8/2021 2:21:27 AM","7/8/2021 2:53:22 AM","7811072","2DYHPD2\User"
"C:\GCMSsolution\Data\Project1\Campbell RMBL Data\Maxfield meadow 2020\2A902_210708_782021_24.qgd","7/9/2021 3:34:30 AM","7/9/2021 4:06:30 AM","7139328","2DYHPD2\User"
"C:\GCMSsolution\Data\Project1\Campbell RMBL Data\Maxfield meadow 2020\2A903_210708_782021_09.qgd","7/8/2021 7:37:59 PM","7/8/2021 8:12:02 PM","7172096","2DYHPD2\User"
"C:\GCMSsolution\Data\Project1\Campbell RMBL Data\Maxfield meadow 2020\2A94_200608_772021_24.qgd","7/8/2021 6:28:07 AM","7/8/2021 6:59:52 AM","7217152","2DYHPD2\User"
"C:\GCMSsolution\Data\Project1\Campbell RMBL Data\Maxfield meadow 2020\2Aair_200608_772021_25.qgd","7/8/2021 6:58:47 AM","7/8/2021 7:30:28 AM","7614464","2DYHPD2\User"
"C:\GCMSsolution\Data\Project1\Campbell RMBL Data\Maxfield meadow 2020\2B138_200701_7132021_03.qgd","7/13/2021 10:51:37 PM","7/13/2021 11:23:37 PM","7716864","2DYHPD2\User"
"C:\GCMSsolution\Data\Project1\Campbell RMBL Data\Maxfield meadow 2020\2B138_200722_7112021_32.qgd","7/12/2021 3:44:18 AM","7/12/2021 4:16:44 AM","7180288","2DYHPD2\User"
"C:\GCMSsolution\Data\Project1\Campbell RMBL Data\Maxfield meadow 2020\2B145_200608_772021_18.qgd","7/8/2021 3:23:03 AM","7/8/2021 3:54:53 AM","7401472","2DYHPD2\User"
"C:\GCMSsolution\Data\Project1\Campbell RMBL Data\Maxfield meadow 2020\2B183_200722_7112021_24.qgd","7/11/2021 11:38:08 PM","7/12/2021 12:10:26 AM","7151616","2DYHPD2\User"
"C:\GCMSsolution\Data\Project1\Campbell RMBL Data\Maxfield meadow 2020\2B184_200722_7112021_27.qgd","7/12/2021 1:11:04 AM","7/12/2021 1:43:01 AM","7118848","2DYHPD2\User"
"C:\GCMSsolution\Data\Project1\Campbell RMBL Data\Maxfield meadow 2020\2B185_200722_7112021_19.qgd","7/11/2021 9:00:58 PM","7/11/2021 9:34:06 PM","7131136","2DYHPD2\User"
"C:\GCMSsolution\Data\Project1\Campbell RMBL Data\Maxfield meadow 2020\2B186_200722_7112021_23.qgd","7/11/2021 11:07:02 PM","7/11/2021 11:39:17 PM","7151616","2DYHPD2\User"
"C:\GCMSsolution\Data\Project1\Campbell RMBL Data\Maxfield meadow 2020\2B188_200722_7112021_20.qgd","7/11/2021 9:32:54 PM","7/11/2021 10:05:30 PM","7131136","2DYHPD2\User"
"C:\GCMSsolution\Data\Project1\Campbell RMBL Data\Maxfield meadow 2020\2B189_200722_7112021_22.qgd","7/11/2021 10:35:45 PM","7/11/2021 11:08:14 PM","7163904","2DYHPD2\User"
"C:\GCMSsolution\Data\Project1\Campbell RMBL Data\Maxfield meadow 2020\2B190_200722_7112021_26.qgd","7/12/2021 12:40:16 AM","7/12/2021 1:12:18 AM","7286784","2DYHPD2\User"
"C:\GCMSsolution\Data\Project1\Campbell RMBL Data\Maxfield meadow 2020\2B81_200708_772021_15.qgd","7/8/2021 1:50:27 AM","7/8/2021 2:22:34 AM","7655424","2DYHPD2\User"
"C:\GCMSsolution\Data\Project1\Campbell RMBL Data\Maxfield meadow 2020\2B81_200722_7112021_29.qgd","7/12/2021 2:12:34 AM","7/12/2021 2:44:11 AM","7364608","2DYHPD2\User"
"C:\GCMSsolution\Data\Project1\Campbell RMBL Data\Maxfield meadow 2020\2B83_200722_7112021_30.qgd","7/12/2021 2:43:03 AM","7/12/2021 3:14:55 AM","7168000","2DYHPD2\User"
"C:\GCMSsolution\Data\Project1\Campbell RMBL Data\Maxfield meadow 2020\2B89_200722_7112021_31.qgd","7/12/2021 3:13:46 AM","7/12/2021 3:45:23 AM","7131136","2DYHPD2\User"
"C:\GCMSsolution\Data\Project1\Campbell RMBL Data\Maxfield meadow 2020\2B905_210708_782021_10.qgd","7/8/2021 8:11:03 PM","7/8/2021 8:45:00 PM","7127040","2DYHPD2\User"
"C:\GCMSsolution\Data\Project1\Campbell RMBL Data\Maxfield meadow 2020\2B905_210708_782021_19.qgd","7/9/2021 12:58:53 AM","7/9/2021 1:31:08 AM","7106560","2DYHPD2\User"
"C:\GCMSsolution\Data\Project1\Campbell RMBL Data\Maxfield meadow 2020\2B93_210708_782021_18.qgd","7/9/2021 12:27:30 AM","7/9/2021 12:59:56 AM","7122944","2DYHPD2\User"
"C:\GCMSsolution\Data\Project1\Campbell RMBL Data\Maxfield meadow 2020\2C262_200722_7112021_15.qgd","7/11/2021 6:51:13 PM","7/11/2021 7:24:47 PM","7127040","2DYHPD2\User"
"C:\GCMSsolution\Data\Project1\Campbell RMBL Data\Maxfield meadow 2020\2C270_200608_772021_22.qgd","7/8/2021 5:26:15 AM","7/8/2021 5:58:42 AM","7446528","2DYHPD2\User"
"C:\GCMSsolution\Data\Project1\Campbell RMBL Data\Maxfield meadow 2020\2C270_200722_7112021_11.qgd","7/11/2021 4:39:25 PM","7/11/2021 5:13:20 PM","7204864","2DYHPD2\User"
"C:\GCMSsolution\Data\Project1\Campbell RMBL Data\Maxfield meadow 2020\2C274_200722_7112021_13.qgd","7/11/2021 5:45:13 PM","7/11/2021 6:19:22 PM","7335936","2DYHPD2\User"
"C:\GCMSsolution\Data\Project1\Campbell RMBL Data\Maxfield meadow 2020\2C277_200608_772021_23.qgd","7/8/2021 5:57:36 AM","7/8/2021 6:29:18 AM","7360512","2DYHPD2\User"
"C:\GCMSsolution\Data\Project1\Campbell RMBL Data\Maxfield meadow 2020\2C277_200722_7112021_12.qgd","7/11/2021 5:12:18 PM","7/11/2021 5:46:21 PM","7118848","2DYHPD2\User"
"C:\GCMSsolution\Data\Project1\Campbell RMBL Data\Maxfield meadow 2020\2C289_200722_7112021_14.qgd","7/11/2021 6:18:18 PM","7/11/2021 6:52:15 PM","7110656","2DYHPD2\User"
"C:\GCMSsolution\Data\Project1\Campbell RMBL Data\Maxfield meadow 2020\2C292_200722_7112021_18.qgd","7/11/2021 8:28:33 PM","7/11/2021 9:02:06 PM","7208960","2DYHPD2\User"
"C:\GCMSsolution\Data\Project1\Campbell RMBL Data\Maxfield meadow 2020\2C293_200722_7112021_17.qgd","7/11/2021 7:55:45 PM","7/11/2021 8:29:44 PM","7192576","2DYHPD2\User"
"C:\GCMSsolution\Data\Project1\Campbell RMBL Data\Maxfield meadow 2020\2C297_200722_7112021_16.qgd","7/11/2021 7:23:44 PM","7/11/2021 7:56:49 PM","7106560","2DYHPD2\User"
"C:\GCMSsolution\Data\Project1\Campbell RMBL Data\Maxfield meadow 2020\2D187_200608_772021_20.qgd","7/8/2021 4:24:26 AM","7/8/2021 4:56:14 AM","7376896","2DYHPD2\User"
"C:\GCMSsolution\Data\Project1\Campbell RMBL Data\Maxfield meadow 2020\2D194_200722_7112021_35.qgd","7/12/2021 5:16:36 AM","7/12/2021 5:48:04 AM","7135232","2DYHPD2\User"
"C:\GCMSsolution\Data\Project1\Campbell RMBL Data\Maxfield meadow 2020\2D204_200608_772021_19.qgd","7/8/2021 3:53:47 AM","7/8/2021 4:25:34 AM","7385088","2DYHPD2\User"
"C:\GCMSsolution\Data\Project1\Campbell RMBL Data\Maxfield meadow 2020\2D207_200722_7112021_36.qgd","7/12/2021 5:46:59 AM","7/12/2021 6:18:27 AM","7131136","2DYHPD2\User"
"C:\GCMSsolution\Data\Project1\Campbell RMBL Data\Maxfield meadow 2020\2D214_200608_772021_17.qgd","7/8/2021 2:52:15 AM","7/8/2021 3:24:09 AM","7589888","2DYHPD2\User"
"C:\GCMSsolution\Data\Project1\Campbell RMBL Data\Maxfield meadow 2020\2D219_200722_7112021_33.qgd","7/12/2021 4:15:41 AM","7/12/2021 4:47:00 AM","7143424","2DYHPD2\User"
"C:\GCMSsolution\Data\Project1\Campbell RMBL Data\Maxfield meadow 2020\2D220_200722_7112021_34.qgd","7/12/2021 4:46:00 AM","7/12/2021 5:17:40 AM","7139328","2DYHPD2\User"
"C:\GCMSsolution\Data\Project1\Campbell RMBL Data\Maxfield meadow 2020\3A125_200701_7132021_04.qgd","7/13/2021 11:22:31 PM","7/13/2021 11:54:37 PM","7376896","2DYHPD2\User"
"C:\GCMSsolution\Data\Project1\Campbell RMBL Data\Maxfield meadow 2020\3A273_200722_7112021_09.qgd","7/11/2021 3:34:20 PM","7/11/2021 4:07:47 PM","7180288","2DYHPD2\User"
"C:\GCMSsolution\Data\Project1\Campbell RMBL Data\Maxfield meadow 2020\3A278_200701_7132021_05.qgd","7/13/2021 11:53:29 PM","7/14/2021 12:25:21 AM","7507968","2DYHPD2\User"
"C:\GCMSsolution\Data\Project1\Campbell RMBL Data\Maxfield meadow 2020\3A636_200722_7112021_08.qgd","7/11/2021 3:02:22 PM","7/11/2021 3:35:13 PM","7057408","2DYHPD2\User"
"C:\GCMSsolution\Data\Project1\Campbell RMBL Data\Maxfield meadow 2020\3A636_200722_redo_7122021_08.qgd","7/12/2021 3:12:59 PM","7/12/2021 3:46:53 PM","7188480","2DYHPD2\User"
"C:\GCMSsolution\Data\Project1\Campbell RMBL Data\Maxfield meadow 2020\3A638_200708_762021_22.qgd","7/7/2021 6:09:59 AM","7/7/2021 6:41:27 AM","7376896","2DYHPD2\User"
"C:\GCMSsolution\Data\Project1\Campbell RMBL Data\Maxfield meadow 2020\3A641_200729_752021_03.qgd","7/5/2021 11:04:46 AM","7/5/2021 11:38:03 AM","7372800","2DYHPD2\User"
"C:\GCMSsolution\Data\Project1\Campbell RMBL Data\Maxfield meadow 2020\3Aair_200722_7112021_10.qgd","7/11/2021 4:06:39 PM","7/11/2021 4:40:34 PM","7110656","2DYHPD2\User"
"C:\GCMSsolution\Data\Project1\Campbell RMBL Data\Maxfield meadow 2020\3B603_200701_7132021_06.qgd","7/14/2021 12:24:19 AM","7/14/2021 12:56:17 AM","7774208","2DYHPD2\User"
"C:\GCMSsolution\Data\Project1\Campbell RMBL Data\Maxfield meadow 2020\3B618_200729_752021_04.qgd","7/5/2021 11:37:00 AM","7/5/2021 12:11:00 PM","7462912","2DYHPD2\User"
"C:\GCMSsolution\Data\Project1\Campbell RMBL Data\Maxfield meadow 2020\3B623_210708_782021_11.qgd","7/8/2021 8:43:43 PM","7/8/2021 9:16:38 PM","7102464","2DYHPD2\User"
"C:\GCMSsolution\Data\Project1\Campbell RMBL Data\Maxfield meadow 2020\3B624_210708_782021_13.qgd","7/8/2021 9:48:15 PM","7/8/2021 10:21:38 PM","7110656","2DYHPD2\User"
"C:\GCMSsolution\Data\Project1\Campbell RMBL Data\Maxfield meadow 2020\3B828_200729_752021_05.qgd","7/5/2021 12:09:52 PM","7/5/2021 12:43:53 PM","7462912","2DYHPD2\User"
"C:\GCMSsolution\Data\Project1\Campbell RMBL Data\Maxfield meadow 2020\3B838_200729_752021_02.qgd","7/5/2021 10:33:03 AM","7/5/2021 11:06:18 AM","7327744","2DYHPD2\User"
"C:\GCMSsolution\Data\Project1\Campbell RMBL Data\Maxfield meadow 2020\3B851_200708_762021_24.qgd","7/7/2021 7:11:01 AM","7/7/2021 7:42:51 AM","7503872","2DYHPD2\User"
"C:\GCMSsolution\Data\Project1\Campbell RMBL Data\Maxfield meadow 2020\3B952_210708_782021_12.qgd","7/8/2021 9:15:39 PM","7/8/2021 9:49:17 PM","7118848","2DYHPD2\User"
"C:\GCMSsolution\Data\Project1\Campbell RMBL Data\Maxfield meadow 2020\3C174_200701_752021_07.qgd","7/5/2021 6:34:05 PM","7/5/2021 7:07:45 PM","7237632","2DYHPD2\User"
"C:\GCMSsolution\Data\Project1\Campbell RMBL Data\Maxfield meadow 2020\3D255_210708_782021_16.qgd","7/8/2021 11:24:34 PM","7/8/2021 11:57:24 PM","7110656","2DYHPD2\User"
"C:\GCMSsolution\Data\Project1\Campbell RMBL Data\Maxfield meadow 2020\3D858_210708_782021_15.qgd","7/8/2021 10:52:46 PM","7/8/2021 11:25:36 PM","7131136","2DYHPD2\User"
"C:\GCMSsolution\Data\Project1\Campbell RMBL Data\Maxfield meadow 2020\3D875_200708_762021_25.qgd","7/7/2021 7:41:37 AM","7/7/2021 8:13:26 AM","7323648","2DYHPD2\User"
"C:\GCMSsolution\Data\Project1\Campbell RMBL Data\Maxfield meadow 2020\3D881_200729_752021_06.qgd","7/5/2021 12:42:48 PM","7/5/2021 1:16:49 PM","7335936","2DYHPD2\User"
"C:\GCMSsolution\Data\Project1\Campbell RMBL Data\Maxfield meadow 2020\3D886_200701_752021_08.qgd","7/5/2021 7:06:39 PM","7/5/2021 7:40:06 PM","7274496","2DYHPD2\User"
"C:\GCMSsolution\Data\Project1\Campbell RMBL Data\Maxfield meadow 2020\3D887_210708_782021_20.qgd","7/9/2021 1:30:03 AM","7/9/2021 2:02:13 AM","7196672","2DYHPD2\User"
"C:\GCMSsolution\Data\Project1\Campbell RMBL Data\Maxfield meadow 2020\3D892_200708_762021_23.qgd","7/7/2021 6:40:26 AM","7/7/2021 7:12:13 AM","7221248","2DYHPD2\User"
"C:\GCMSsolution\Data\Project1\Campbell RMBL Data\Maxfield meadow 2020\3D895_200729_752021_07.qgd","7/5/2021 1:15:32 PM","7/5/2021 1:48:29 PM","7430144","2DYHPD2\User"
"C:\GCMSsolution\Data\Project1\Campbell RMBL Data\Maxfield meadow 2020\3D906_210708_782021_17.qgd","7/8/2021 11:56:14 PM","7/9/2021 12:28:34 AM","7114752","2DYHPD2\User"
"C:\GCMSsolution\Data\Project1\Campbell RMBL Data\Maxfield meadow 2020\4A101_200729_7122021_04.qgd","7/12/2021 1:03:34 PM","7/12/2021 1:36:58 PM","7286784","2DYHPD2\User"
"C:\GCMSsolution\Data\Project1\Campbell RMBL Data\Maxfield meadow 2020\4A109_200715_762021_14.qgd","7/7/2021 2:04:09 AM","7/7/2021 2:36:12 AM","7401472","2DYHPD2\User"
"C:\GCMSsolution\Data\Project1\Campbell RMBL Data\Maxfield meadow 2020\4A110_200715_762021_15.qgd","7/7/2021 2:35:01 AM","7/7/2021 3:06:55 AM","7241728","2DYHPD2\User"
"C:\GCMSsolution\Data\Project1\Campbell RMBL Data\Maxfield meadow 2020\4A114_200701_752021_09.qgd","7/5/2021 7:38:57 PM","7/5/2021 8:11:45 PM","7639040","2DYHPD2\User"
"C:\GCMSsolution\Data\Project1\Campbell RMBL Data\Maxfield meadow 2020\4A115_200715_762021_17.qgd","7/7/2021 3:36:24 AM","7/7/2021 4:08:22 AM","7704576","2DYHPD2\User"
"C:\GCMSsolution\Data\Project1\Campbell RMBL Data\Maxfield meadow 2020\4A121_200715_762021_16.qgd","7/7/2021 3:05:49 AM","7/7/2021 3:37:42 AM","7278592","2DYHPD2\User"
"C:\GCMSsolution\Data\Project1\Campbell RMBL Data\Maxfield meadow 2020\4A124_200729_7122021_02.qgd","7/12/2021 11:59:53 AM","7/12/2021 12:32:30 PM","7110656","2DYHPD2\User"
"C:\GCMSsolution\Data\Project1\Campbell RMBL Data\Maxfield meadow 2020\4A68_200715_762021_13.qgd","7/7/2021 1:33:08 AM","7/7/2021 2:05:18 AM","7237632","2DYHPD2\User"
"C:\GCMSsolution\Data\Project1\Campbell RMBL Data\Maxfield meadow 2020\4A80_200729_7122021_05.qgd","7/12/2021 1:35:46 PM","7/12/2021 2:09:25 PM","7114752","2DYHPD2\User"
"C:\GCMSsolution\Data\Project1\Campbell RMBL Data\Maxfield meadow 2020\4A85_200729_7122021_06.qgd","7/12/2021 2:08:25 PM","7/12/2021 2:41:34 PM","7249920","2DYHPD2\User"
"C:\GCMSsolution\Data\Project1\Campbell RMBL Data\Maxfield meadow 2020\4A91_200715_762021_18.qgd","7/7/2021 4:07:04 AM","7/7/2021 4:38:48 AM","7520256","2DYHPD2\User"
"C:\GCMSsolution\Data\Project1\Campbell RMBL Data\Maxfield meadow 2020\4A99_200729_7122021_07.qgd","7/12/2021 2:40:30 PM","7/12/2021 3:14:03 PM","7122944","2DYHPD2\User"
"C:\GCMSsolution\Data\Project1\Campbell RMBL Data\Maxfield meadow 2020\4B168_12_210709_792021_19.qgd","7/9/2021 10:16:01 PM","7/9/2021 10:49:16 PM","7131136","2DYHPD2\User"
"C:\GCMSsolution\Data\Project1\Campbell RMBL Data\Maxfield meadow 2020\4B171_32_210709_792021_30.qgd","7/10/2021 4:01:21 AM","7/10/2021 4:33:11 AM","7368704","2DYHPD2\User"
"C:\GCMSsolution\Data\Project1\Campbell RMBL Data\Maxfield meadow 2020\4B173_35_210709_792021_11.qgd","7/9/2021 5:47:44 PM","7/9/2021 6:23:17 PM","7233536","2DYHPD2\User"
"C:\GCMSsolution\Data\Project1\Campbell RMBL Data\Maxfield meadow 2020\4B190_30_210709_792021_28.qgd","7/10/2021 2:59:33 AM","7/10/2021 3:31:31 AM","7127040","2DYHPD2\User"
"C:\GCMSsolution\Data\Project1\Campbell RMBL Data\Maxfield meadow 2020\4B203_13_210709_792021_25.qgd","7/10/2021 1:25:51 AM","7/10/2021 1:58:15 AM","7192576","2DYHPD2\User"
"C:\GCMSsolution\Data\Project1\Campbell RMBL Data\Maxfield meadow 2020\4B203_13_210709_redo_7112021_25.qgd","7/12/2021 12:09:14 AM","7/12/2021 12:41:20 AM","7114752","2DYHPD2\User"
"C:\GCMSsolution\Data\Project1\Campbell RMBL Data\Maxfield meadow 2020\4B204_16_210709_792021_24.qgd","7/10/2021 12:54:37 AM","7/10/2021 1:27:02 AM","7213056","2DYHPD2\User"
"C:\GCMSsolution\Data\Project1\Campbell RMBL Data\Maxfield meadow 2020\4B576_200701_752021_10.qgd","7/5/2021 8:10:41 PM","7/5/2021 8:43:30 PM","7630848","2DYHPD2\User"
"C:\GCMSsolution\Data\Project1\Campbell RMBL Data\Maxfield meadow 2020\4B594_200729_7122021_09.qgd","7/12/2021 3:45:48 PM","7/12/2021 4:20:03 PM","7106560","2DYHPD2\User"
"C:\GCMSsolution\Data\Project1\Campbell RMBL Data\Maxfield meadow 2020\4B953_02_210709_792021_20.qgd","7/9/2021 10:48:07 PM","7/9/2021 11:21:07 PM","7168000","2DYHPD2\User"
"C:\GCMSsolution\Data\Project1\Campbell RMBL Data\Maxfield meadow 2020\4B954_37_210709_792021_12.qgd","7/9/2021 6:22:09 PM","7/9/2021 6:58:12 PM","7147520","2DYHPD2\User"
"C:\GCMSsolution\Data\Project1\Campbell RMBL Data\Maxfield meadow 2020\4B955_29_210709_792021_27.qgd","7/10/2021 2:28:23 AM","7/10/2021 3:00:41 AM","7159808","2DYHPD2\User"
"C:\GCMSsolution\Data\Project1\Campbell RMBL Data\Maxfield meadow 2020\4B956_34_210709_792021_26.qgd","7/10/2021 1:57:14 AM","7/10/2021 2:29:30 AM","7151616","2DYHPD2\User"
"C:\GCMSsolution\Data\Project1\Campbell RMBL Data\Maxfield meadow 2020\4Bair_33_210709_792021_29.qgd","7/10/2021 3:30:27 AM","7/10/2021 4:02:30 AM","7217152","2DYHPD2\User"
"C:\GCMSsolution\Data\Project1\Campbell RMBL Data\Maxfield meadow 2020\4C106_10_210709_792021_15.qgd","7/9/2021 8:05:36 PM","7/9/2021 8:39:33 PM","7118848","2DYHPD2\User"
"C:\GCMSsolution\Data\Project1\Campbell RMBL Data\Maxfield meadow 2020\4C108_18_210709_792021_16.qgd","7/9/2021 8:38:32 PM","7/9/2021 9:11:54 PM","7237632","2DYHPD2\User"
"C:\GCMSsolution\Data\Project1\Campbell RMBL Data\Maxfield meadow 2020\4C120_200729_7122021_12.qgd","7/12/2021 5:26:01 PM","7/12/2021 6:00:42 PM","7254016","2DYHPD2\User"
"C:\GCMSsolution\Data\Project1\Campbell RMBL Data\Maxfield meadow 2020\4C120_22_210709_792021_10.qgd","7/9/2021 5:13:15 PM","7/9/2021 5:48:45 PM","7110656","2DYHPD2\User"
"C:\GCMSsolution\Data\Project1\Campbell RMBL Data\Maxfield meadow 2020\4C187_200729_7122021_11.qgd","7/12/2021 4:52:27 PM","7/12/2021 5:27:05 PM","7176192","2DYHPD2\User"
"C:\GCMSsolution\Data\Project1\Campbell RMBL Data\Maxfield meadow 2020\4C190_26_210709_792021_09.qgd","7/9/2021 4:38:50 PM","7/9/2021 5:14:22 PM","7225344","2DYHPD2\User"
"C:\GCMSsolution\Data\Project1\Campbell RMBL Data\Maxfield meadow 2020\4C195_200729_7122021_13.qgd","7/12/2021 5:59:43 PM","7/12/2021 6:34:45 PM","7110656","2DYHPD2\User"
"C:\GCMSsolution\Data\Project1\Campbell RMBL Data\Maxfield meadow 2020\4C213_200729_7122021_10.qgd","7/12/2021 4:18:56 PM","7/12/2021 4:53:31 PM","7135232","2DYHPD2\User"
"C:\GCMSsolution\Data\Project1\Campbell RMBL Data\Maxfield meadow 2020\4C627_14_210709_792021_14.qgd","7/9/2021 7:31:53 PM","7/9/2021 8:06:44 PM","7139328","2DYHPD2\User"
"C:\GCMSsolution\Data\Project1\Campbell RMBL Data\Maxfield meadow 2020\4C957_21_210709_792021_23.qgd","7/10/2021 12:23:10 AM","7/10/2021 12:55:49 AM","7282688","2DYHPD2\User"
"C:\GCMSsolution\Data\Project1\Campbell RMBL Data\Maxfield meadow 2020\4D37_200729_7122021_15.qgd","7/12/2021 7:06:56 PM","7/12/2021 7:40:23 PM","7110656","2DYHPD2\User"
"C:\GCMSsolution\Data\Project1\Campbell RMBL Data\Maxfield meadow 2020\4D47_200701_762021_02.qgd","7/6/2021 7:42:41 PM","7/6/2021 8:15:49 PM","7757824","2DYHPD2\User"
"C:\GCMSsolution\Data\Project1\Campbell RMBL Data\Maxfield meadow 2020\5A180_200715_772021_26.qgd","7/8/2021 7:29:14 AM","7/8/2021 8:01:02 AM","7770112","2DYHPD2\User"
"C:\GCMSsolution\Data\Project1\Campbell RMBL Data\Maxfield meadow 2020\5A180_200729_752021_08.qgd","7/5/2021 1:47:26 PM","7/5/2021 2:20:28 PM","7901184","2DYHPD2\User"
"C:\GCMSsolution\Data\Project1\Campbell RMBL Data\Maxfield meadow 2020\5A185_200701_7132021_09.qgd","7/14/2021 1:56:26 AM","7/14/2021 2:28:20 AM","7155712","2DYHPD2\User"
"C:\GCMSsolution\Data\Project1\Campbell RMBL Data\Maxfield meadow 2020\5A185_200708_772021_03.qgd","7/7/2021 7:27:11 PM","7/7/2021 8:01:15 PM","7614464","2DYHPD2\User"
"C:\GCMSsolution\Data\Project1\Campbell RMBL Data\Maxfield meadow 2020\5A196_200708_772021_02.qgd","7/7/2021 6:54:04 PM","7/7/2021 7:28:19 PM","7245824","2DYHPD2\User"
"C:\GCMSsolution\Data\Project1\Campbell RMBL Data\Maxfield meadow 2020\5air_200715_772021_34.qgd","7/8/2021 11:40:16 AM","7/8/2021 12:13:19 PM","7254016","2DYHPD2\User"
"C:\GCMSsolution\Data\Project1\Campbell RMBL Data\Maxfield meadow 2020\5B16_200701_7132021_07.qgd","7/14/2021 12:55:08 AM","7/14/2021 1:26:51 AM","7704576","2DYHPD2\User"
"C:\GCMSsolution\Data\Project1\Campbell RMBL Data\Maxfield meadow 2020\5B20_200715_772021_27.qgd","7/8/2021 7:59:58 AM","7/8/2021 8:31:59 AM","7434240","2DYHPD2\User"
"C:\GCMSsolution\Data\Project1\Campbell RMBL Data\Maxfield meadow 2020\5B288_200715_772021_28.qgd","7/8/2021 8:30:50 AM","7/8/2021 9:02:54 AM","7782400","2DYHPD2\User"
"C:\GCMSsolution\Data\Project1\Campbell RMBL Data\Maxfield meadow 2020\5B289_200729_7122021_28.qgd","7/13/2021 1:59:26 AM","7/13/2021 2:31:29 AM","7266304","2DYHPD2\User"
"C:\GCMSsolution\Data\Project1\Campbell RMBL Data\Maxfield meadow 2020\5B296_200729_7122021_30.qgd","7/13/2021 3:01:28 AM","7/13/2021 3:33:21 AM","7135232","2DYHPD2\User"
"C:\GCMSsolution\Data\Project1\Campbell RMBL Data\Maxfield meadow 2020\5B299_200729_7122021_29.qgd","7/13/2021 2:30:28 AM","7/13/2021 3:02:35 AM","7122944","2DYHPD2\User"
"C:\GCMSsolution\Data\Project1\Campbell RMBL Data\Maxfield meadow 2020\5B5_200715_772021_29.qgd","7/8/2021 9:01:51 AM","7/8/2021 9:34:09 AM","7696384","2DYHPD2\User"
"C:\GCMSsolution\Data\Project1\Campbell RMBL Data\Maxfield meadow 2020\5B907_24_210709_792021_06.qgd","7/9/2021 2:56:50 PM","7/9/2021 3:32:01 PM","7127040","2DYHPD2\User"
"C:\GCMSsolution\Data\Project1\Campbell RMBL Data\Maxfield meadow 2020\5B908_27_210709_792021_04.qgd","7/9/2021 1:49:13 PM","7/9/2021 2:23:58 PM","7225344","2DYHPD2\User"
"C:\GCMSsolution\Data\Project1\Campbell RMBL Data\Maxfield meadow 2020\5Bair_200729_7122021_35.qgd","7/13/2021 5:35:55 AM","7/13/2021 6:07:48 AM","7147520","2DYHPD2\User"
"C:\GCMSsolution\Data\Project1\Campbell RMBL Data\Maxfield meadow 2020\5Bair_25_210709_792021_03.qgd","7/9/2021 1:16:03 PM","7/9/2021 1:50:24 PM","7135232","2DYHPD2\User"
"C:\GCMSsolution\Data\Project1\Campbell RMBL Data\Maxfield meadow 2020\5C202_200715_772021_31.qgd","7/8/2021 10:04:19 AM","7/8/2021 10:36:57 AM","7761920","2DYHPD2\User"
"C:\GCMSsolution\Data\Project1\Campbell RMBL Data\Maxfield meadow 2020\5C207_200729_7122021_33.qgd","7/13/2021 4:34:27 AM","7/13/2021 5:06:28 AM","7274496","2DYHPD2\User"
"C:\GCMSsolution\Data\Project1\Campbell RMBL Data\Maxfield meadow 2020\5C208_200729_7122021_34.qgd","7/13/2021 5:05:15 AM","7/13/2021 5:36:57 AM","7110656","2DYHPD2\User"
"C:\GCMSsolution\Data\Project1\Campbell RMBL Data\Maxfield meadow 2020\5C217_200729_7122021_31.qgd","7/13/2021 3:32:13 AM","7/13/2021 4:04:17 AM","7311360","2DYHPD2\User"
"C:\GCMSsolution\Data\Project1\Campbell RMBL Data\Maxfield meadow 2020\5C225_200715_772021_30.qgd","7/8/2021 9:33:01 AM","7/8/2021 10:05:22 AM","7213056","2DYHPD2\User"
"C:\GCMSsolution\Data\Project1\Campbell RMBL Data\Maxfield meadow 2020\5C683_200729_7122021_32.qgd","7/13/2021 4:03:06 AM","7/13/2021 4:35:33 AM","7696384","2DYHPD2\User"
"C:\GCMSsolution\Data\Project1\Campbell RMBL Data\Maxfield meadow 2020\5D242_200701_7132021_08.qgd","7/14/2021 1:25:41 AM","7/14/2021 1:57:36 AM","7266304","2DYHPD2\User"
"C:\GCMSsolution\Data\Project1\Campbell RMBL Data\Maxfield meadow 2020\5D242_200715_772021_33.qgd","7/8/2021 11:07:50 AM","7/8/2021 11:41:19 AM","7667712","2DYHPD2\User"
"C:\GCMSsolution\Data\Project1\Campbell RMBL Data\Maxfield meadow 2020\5D247_200729_7122021_16.qgd","7/12/2021 7:39:09 PM","7/12/2021 8:12:31 PM","7106560","2DYHPD2\User"
"C:\GCMSsolution\Data\Project1\Campbell RMBL Data\Maxfield meadow 2020\5D269_200715_772021_32.qgd","7/8/2021 10:35:54 AM","7/8/2021 11:08:58 AM","7536640","2DYHPD2\User"
"C:\GCMSsolution\Data\Project1\Campbell RMBL Data\Maxfield meadow 2020\5D274_200708_772021_04.qgd","7/7/2021 8:00:02 PM","7/7/2021 8:33:46 PM","7405568","2DYHPD2\User"
"C:\GCMSsolution\Data\Project1\Campbell RMBL Data\Maxfield meadow 2020\5D910_17_210709_792021_05.qgd","7/9/2021 2:22:43 PM","7/9/2021 2:57:58 PM","7204864","2DYHPD2\User"
"C:\GCMSsolution\Data\Project1\Campbell RMBL Data\Maxfield meadow 2020\5Dair_15_210709_792021_02.qgd","7/9/2021 12:43:30 PM","7/9/2021 1:17:07 PM","7106560","2DYHPD2\User"
"C:\GCMSsolution\Data\Project1\Campbell RMBL Data\Maxfield meadow 2020\6A131_20_210709_792021_08.qgd","7/9/2021 4:04:38 PM","7/9/2021 4:39:57 PM","7254016","2DYHPD2\User"
"C:\GCMSsolution\Data\Project1\Campbell RMBL Data\Maxfield meadow 2020\6A136_200715_772021_11.qgd","7/7/2021 11:45:51 PM","7/8/2021 12:18:25 AM","7286784","2DYHPD2\User"
"C:\GCMSsolution\Data\Project1\Campbell RMBL Data\Maxfield meadow 2020\6A136_200729_7122021_24.qgd","7/12/2021 11:54:36 PM","7/13/2021 12:27:01 AM","7118848","2DYHPD2\User"
"C:\GCMSsolution\Data\Project1\Campbell RMBL Data\Maxfield meadow 2020\6A145_200729_7122021_23.qgd","7/12/2021 11:23:17 PM","7/12/2021 11:55:40 PM","7462912","2DYHPD2\User"
"C:\GCMSsolution\Data\Project1\Campbell RMBL Data\Maxfield meadow 2020\6A145_200729_752021_09.qgd","7/5/2021 2:19:27 PM","7/5/2021 2:52:53 PM","7761920","2DYHPD2\User"
"C:\GCMSsolution\Data\Project1\Campbell RMBL Data\Maxfield meadow 2020\6A165_200715_772021_13.qgd","7/8/2021 12:48:13 AM","7/8/2021 1:20:29 AM","7491584","2DYHPD2\User"
"C:\GCMSsolution\Data\Project1\Campbell RMBL Data\Maxfield meadow 2020\6A169_200715_772021_07.qgd","7/7/2021 9:38:24 PM","7/7/2021 10:11:49 PM","7208960","2DYHPD2\User"
"C:\GCMSsolution\Data\Project1\Campbell RMBL Data\Maxfield meadow 2020\6A685_200715_772021_12.qgd","7/8/2021 12:17:13 AM","7/8/2021 12:49:20 AM","7442432","2DYHPD2\User"
"C:\GCMSsolution\Data\Project1\Campbell RMBL Data\Maxfield meadow 2020\6B120_200715_772021_10.qgd","7/7/2021 11:14:24 PM","7/7/2021 11:46:58 PM","7548928","2DYHPD2\User"
"C:\GCMSsolution\Data\Project1\Campbell RMBL Data\Maxfield meadow 2020\6B21_200715_772021_09.qgd","7/7/2021 10:42:42 PM","7/7/2021 11:15:30 PM","7532544","2DYHPD2\User"
"C:\GCMSsolution\Data\Project1\Campbell RMBL Data\Maxfield meadow 2020\6B243_200715_772021_08.qgd","7/7/2021 10:10:41 PM","7/7/2021 10:43:47 PM","7630848","2DYHPD2\User"
"C:\GCMSsolution\Data\Project1\Campbell RMBL Data\Maxfield meadow 2020\6Bair_200715_772021_14.qgd","7/8/2021 1:19:22 AM","7/8/2021 1:51:34 AM","7725056","2DYHPD2\User"
"C:\GCMSsolution\Data\Project1\Campbell RMBL Data\Maxfield meadow 2020\6C111_200729_7122021_19.qgd","7/12/2021 9:16:35 PM","7/12/2021 9:49:44 PM","7340032","2DYHPD2\User"
"C:\GCMSsolution\Data\Project1\Campbell RMBL Data\Maxfield meadow 2020\6C116_200729_7122021_20.qgd","7/12/2021 9:48:40 PM","7/12/2021 10:21:26 PM","7155712","2DYHPD2\User"
"C:\GCMSsolution\Data\Project1\Campbell RMBL Data\Maxfield meadow 2020\6C121_200729_7122021_22.qgd","7/12/2021 10:51:51 PM","7/12/2021 11:24:23 PM","7176192","2DYHPD2\User"
"C:\GCMSsolution\Data\Project1\Campbell RMBL Data\Maxfield meadow 2020\6C81_05_210709_792021_18.qgd","7/9/2021 9:43:42 PM","7/9/2021 10:17:06 PM","7143424","2DYHPD2\User"
"C:\GCMSsolution\Data\Project1\Campbell RMBL Data\Maxfield meadow 2020\6C913_03_210709_792021_07.qgd","7/9/2021 3:30:55 PM","7/9/2021 4:05:44 PM","7131136","2DYHPD2\User"
"C:\GCMSsolution\Data\Project1\Campbell RMBL Data\Maxfield meadow 2020\6C93_200701_762021_03.qgd","7/6/2021 8:14:40 PM","7/6/2021 8:48:39 PM","7213056","2DYHPD2\User"
"C:\GCMSsolution\Data\Project1\Campbell RMBL Data\Maxfield meadow 2020\6C95_01_210709_792021_17.qgd","7/9/2021 9:10:55 PM","7/9/2021 9:44:45 PM","7131136","2DYHPD2\User"
"C:\GCMSsolution\Data\Project1\Campbell RMBL Data\Maxfield meadow 2020\6C96_200715_772021_06.qgd","7/7/2021 9:05:50 PM","7/7/2021 9:39:25 PM","7262208","2DYHPD2\User"
"C:\GCMSsolution\Data\Project1\Campbell RMBL Data\Maxfield meadow 2020\6C96_200729_7122021_18.qgd","7/12/2021 8:44:13 PM","7/12/2021 9:17:42 PM","7208960","2DYHPD2\User"
"C:\GCMSsolution\Data\Project1\Campbell RMBL Data\Maxfield meadow 2020\6C99_200715_772021_05.qgd","7/7/2021 8:32:44 PM","7/7/2021 9:07:01 PM","7401472","2DYHPD2\User"
"C:\GCMSsolution\Data\Project1\Campbell RMBL Data\Maxfield meadow 2020\6Cair_07_210709_792021_13.qgd","7/9/2021 6:57:07 PM","7/9/2021 7:33:05 PM","7143424","2DYHPD2\User"
"C:\GCMSsolution\Data\Project1\Campbell RMBL Data\Maxfield meadow 2020\6D46_200708_762021_19.qgd","7/7/2021 4:37:40 AM","7/7/2021 5:09:15 AM","7356416","2DYHPD2\User"
"C:\GCMSsolution\Data\Project1\Campbell RMBL Data\Maxfield meadow 2020\6D46_200729_7122021_17.qgd","7/12/2021 8:11:24 PM","7/12/2021 8:45:18 PM","7139328","2DYHPD2\User"
"C:\GCMSsolution\Data\Project1\Campbell RMBL Data\Maxfield meadow 2020\6D48_200729_7122021_27.qgd","7/13/2021 1:28:19 AM","7/13/2021 2:00:37 AM","7135232","2DYHPD2\User"
"C:\GCMSsolution\Data\Project1\Campbell RMBL Data\Maxfield meadow 2020\6D59_200729_7122021_25.qgd","7/13/2021 12:25:54 AM","7/13/2021 12:58:13 AM","7122944","2DYHPD2\User"
"C:\GCMSsolution\Data\Project1\Campbell RMBL Data\Maxfield meadow 2020\6D64_200729_7122021_26.qgd","7/13/2021 12:57:13 AM","7/13/2021 1:29:22 AM","7159808","2DYHPD2\User"
"C:\GCMSsolution\Data\Project1\Campbell RMBL Data\Maxfield meadow 2020\6D68_200708_762021_20.qgd","7/7/2021 5:08:07 AM","7/7/2021 5:39:49 AM","7892992","2DYHPD2\User"
"C:\GCMSsolution\Data\Project1\Campbell RMBL Data\Maxfield meadow 2020\6D71_200708_762021_21.qgd","7/7/2021 5:38:42 AM","7/7/2021 6:11:12 AM","7680000","2DYHPD2\User"
"C:\GCMSsolution\Data\Project1\Campbell RMBL Data\Maxfield meadow 2020\air_210708_782021_14.qgd","7/8/2021 10:20:31 PM","7/8/2021 10:53:53 PM","7147520","2DYHPD2\User"
"C:\GCMSsolution\Data\Project1\Campbell RMBL Data\Maxfield meadow 2020\airST_200722_7112021_28.qgd","7/12/2021 1:41:44 AM","7/12/2021 2:13:39 AM","7122944","2DYHPD2\User"
"C:\GCMSsolution\Data\Project1\Campbell RMBL Data\Maxfield meadow 2020\airST_200729_7122021_14.qgd","7/12/2021 6:33:38 PM","7/12/2021 7:07:57 PM","7110656","2DYHPD2\User"
"C:\GCMSsolution\Data\Project1\Campbell RMBL Data\Maxfield meadow 2020\Bakeout_752021_11.qgd","7/5/2021 8:42:24 PM","7/5/2021 9:13:42 PM","6791168","2DYHPD2\User"
"C:\GCMSsolution\Data\Project1\Campbell RMBL Data\Maxfield meadow 2020\Bakeout_752021_12.qgd","7/5/2021 9:13:59 PM","7/5/2021 9:45:13 PM","6791168","2DYHPD2\User"
"C:\GCMSsolution\Data\Project1\Campbell RMBL Data\Maxfield meadow 2020\Bakeout_752021_13.qgd","7/5/2021 9:45:30 PM","7/5/2021 10:16:42 PM","6791168","2DYHPD2\User"
"C:\GCMSsolution\Data\Project1\Campbell RMBL Data\Maxfield meadow 2020\Bakeout_752021_14.qgd","7/5/2021 10:16:55 PM","7/5/2021 10:47:57 PM","6807552","2DYHPD2\User"
"C:\GCMSsolution\Data\Project1\Campbell RMBL Data\Maxfield meadow 2020\Bakeout_752021_15.qgd","7/5/2021 10:48:12 PM","7/5/2021 11:18:58 PM","6803456","2DYHPD2\User"
"C:\GCMSsolution\Data\Project1\Campbell RMBL Data\Maxfield meadow 2020\Bakeout_752021_16.qgd","7/5/2021 11:19:12 PM","7/5/2021 11:50:09 PM","6799360","2DYHPD2\User"
"C:\GCMSsolution\Data\Project1\Campbell RMBL Data\Maxfield meadow 2020\Bakeout_752021_17.qgd","7/5/2021 11:50:24 PM","7/6/2021 12:21:12 AM","6799360","2DYHPD2\User"
"C:\GCMSsolution\Data\Project1\Campbell RMBL Data\Maxfield meadow 2020\Bakeout_752021_18.qgd","7/6/2021 12:21:29 AM","7/6/2021 12:52:10 AM","6799360","2DYHPD2\User"
"C:\GCMSsolution\Data\Project1\Campbell RMBL Data\Maxfield meadow 2020\Bakeout_752021_19.qgd","7/6/2021 12:52:25 AM","7/6/2021 1:23:09 AM","6799360","2DYHPD2\User"
"C:\GCMSsolution\Data\Project1\Campbell RMBL Data\Maxfield meadow 2020\Bakeout_752021_20.qgd","7/6/2021 1:23:25 AM","7/6/2021 1:54:04 AM","6799360","2DYHPD2\User"
"C:\GCMSsolution\Data\Project1\Campbell RMBL Data\Maxfield meadow 2020\Bakeout_752021_21.qgd","7/6/2021 1:54:17 AM","7/6/2021 2:25:17 AM","6807552","2DYHPD2\User"
"C:\GCMSsolution\Data\Project1\Campbell RMBL Data\Maxfield meadow 2020\Bakeout_752021_22.qgd","7/6/2021 2:25:31 AM","7/6/2021 2:56:06 AM","6803456","2DYHPD2\User"
"C:\GCMSsolution\Data\Project1\Campbell RMBL Data\Maxfield meadow 2020\Bakeout_752021_23.qgd","7/6/2021 2:56:22 AM","7/6/2021 3:26:55 AM","6987776","2DYHPD2\User"
"C:\GCMSsolution\Data\Project1\Campbell RMBL Data\Maxfield meadow 2020\Bakeout_752021_24.qgd","7/6/2021 3:27:10 AM","7/6/2021 3:57:39 AM","6836224","2DYHPD2\User"
"C:\GCMSsolution\Data\Project1\Campbell RMBL Data\Maxfield meadow 2020\Bakeout_752021_25.qgd","7/6/2021 3:57:54 AM","7/6/2021 4:28:15 AM","6795264","2DYHPD2\User"
"C:\GCMSsolution\Data\Project1\Campbell RMBL Data\Maxfield meadow 2020\Bakeout_762021_26.qgd","7/7/2021 8:12:21 AM","7/7/2021 8:43:03 AM","6848512","2DYHPD2\User"
"C:\GCMSsolution\Data\Project1\Campbell RMBL Data\Maxfield meadow 2020\Bakeout_762021_27.qgd","7/7/2021 8:43:17 AM","7/7/2021 9:14:05 AM","6860800","2DYHPD2\User"
"C:\GCMSsolution\Data\Project1\Campbell RMBL Data\Maxfield meadow 2020\Bakeout_762021_28.qgd","7/7/2021 9:14:21 AM","7/7/2021 9:45:22 AM","6852608","2DYHPD2\User"
"C:\GCMSsolution\Data\Project1\Campbell RMBL Data\Maxfield meadow 2020\Bakeout_762021_29.qgd","7/7/2021 9:45:38 AM","7/7/2021 10:16:59 AM","6856704","2DYHPD2\User"
"C:\GCMSsolution\Data\Project1\Campbell RMBL Data\Maxfield meadow 2020\Bakeout_762021_30.qgd","7/7/2021 10:17:15 AM","7/7/2021 10:48:47 AM","6844416","2DYHPD2\User"
"C:\GCMSsolution\Data\Project1\Campbell RMBL Data\Maxfield meadow 2020\Bakeout_762021_31.qgd","7/7/2021 10:49:02 AM","7/7/2021 11:20:51 AM","6848512","2DYHPD2\User"
"C:\GCMSsolution\Data\Project1\Campbell RMBL Data\Maxfield meadow 2020\Bakeout_762021_32.qgd","7/7/2021 11:21:05 AM","7/7/2021 11:53:22 AM","6873088","2DYHPD2\User"
"C:\GCMSsolution\Data\Project1\Campbell RMBL Data\Maxfield meadow 2020\Bakeout_762021_33.qgd","7/7/2021 11:53:37 AM","7/7/2021 12:25:52 PM","6844416","2DYHPD2\User"
"C:\GCMSsolution\Data\Project1\Campbell RMBL Data\Maxfield meadow 2020\Bakeout_762021_34.qgd","7/7/2021 12:26:05 PM","7/7/2021 12:57:59 PM","6848512","2DYHPD2\User"
"C:\GCMSsolution\Data\Project1\Campbell RMBL Data\Maxfield meadow 2020\Bakeout_762021_35.qgd","7/7/2021 12:58:15 PM","7/7/2021 1:30:26 PM","6848512","2DYHPD2\User"
"C:\GCMSsolution\Data\Project1\Campbell RMBL Data\Maxfield meadow 2020\Blank1_7112021_01.qgd","7/11/2021 11:04:35 AM","7/11/2021 11:51:14 AM","7131136","2DYHPD2\User"
"C:\GCMSsolution\Data\Project1\Campbell RMBL Data\Maxfield meadow 2020\Blank1_7122021_01.qgd","7/12/2021 11:21:51 AM","7/12/2021 12:01:00 PM","7098368","2DYHPD2\User"
"C:\GCMSsolution\Data\Project1\Campbell RMBL Data\Maxfield meadow 2020\Blank1_7132021_01.qgd","7/13/2021 5:06:44 PM","7/13/2021 10:21:50 PM","7106560","2DYHPD2\User"
"C:\GCMSsolution\Data\Project1\Campbell RMBL Data\Maxfield meadow 2020\Blank1_752021_01.qgd","7/5/2021 9:50:35 AM","7/5/2021 10:34:32 AM","7331840","2DYHPD2\User"
"C:\GCMSsolution\Data\Project1\Campbell RMBL Data\Maxfield meadow 2020\Blank1_752021_02.qgd","7/5/2021 3:12:23 PM","7/5/2021 3:51:43 PM","7237632","2DYHPD2\User"
"C:\GCMSsolution\Data\Project1\Campbell RMBL Data\Maxfield meadow 2020\Blank1_762021_01.qgd","7/6/2021 7:04:34 PM","7/6/2021 7:43:45 PM","7180288","2DYHPD2\User"
"C:\GCMSsolution\Data\Project1\Campbell RMBL Data\Maxfield meadow 2020\Blank1_772021_01.qgd","7/7/2021 6:16:10 PM","7/7/2021 6:55:07 PM","7114752","2DYHPD2\User"
"C:\GCMSsolution\Data\Project1\Campbell RMBL Data\Maxfield meadow 2020\Blank1_782021_01.qgd","7/8/2021 3:03:10 PM","7/8/2021 3:42:32 PM","7118848","2DYHPD2\User"
"C:\GCMSsolution\Data\Project1\Campbell RMBL Data\Maxfield meadow 2020\Blank1_792021_01.qgd","7/9/2021 12:05:52 PM","7/9/2021 12:44:40 PM","7110656","2DYHPD2\User"
"C:\GCMSsolution\Data\Project1\Campbell RMBL Data\Maxfield meadow 2020\Blank2_7112021_21.qgd","7/11/2021 10:04:26 PM","7/11/2021 10:36:50 PM","7098368","2DYHPD2\User"
"C:\GCMSsolution\Data\Project1\Campbell RMBL Data\Maxfield meadow 2020\Blank2_7122021_21.qgd","7/12/2021 10:20:28 PM","7/12/2021 10:52:52 PM","7122944","2DYHPD2\User"
"C:\GCMSsolution\Data\Project1\Campbell RMBL Data\Maxfield meadow 2020\Blank2_772021_21.qgd","7/8/2021 4:55:05 AM","7/8/2021 5:27:24 AM","7118848","2DYHPD2\User"
"C:\GCMSsolution\Data\Project1\Campbell RMBL Data\Maxfield meadow 2020\Blank2_782021_21.qgd","7/9/2021 2:01:05 AM","7/9/2021 2:33:22 AM","7106560","2DYHPD2\User"
"C:\GCMSsolution\Data\Project1\Campbell RMBL Data\Maxfield meadow 2020\Blank2_792021_21.qgd","7/9/2021 11:19:59 PM","7/9/2021 11:52:43 PM","7114752","2DYHPD2\User"
"C:\GCMSsolution\Data\Project1\Campbell RMBL Data\Maxfield meadow 2020\blanklabel_210708_782021_25.qgd","7/9/2021 4:05:27 AM","7/9/2021 4:37:24 AM","7155712","2DYHPD2\User"
"C:\GCMSsolution\Data\Project1\Campbell RMBL Data\Maxfield meadow 2020\Corydalis_200727_12_redo_762021_08.qgd","7/6/2021 10:56:22 PM","7/6/2021 11:29:10 PM","7225344","2DYHPD2\User"
"C:\GCMSsolution\Data\Project1\Campbell RMBL Data\Maxfield meadow 2020\Ihyb_30_380_200721_782021_36.qgd","7/9/2021 9:44:32 AM","7/9/2021 10:16:50 AM","7286784","2DYHPD2\User"
"C:\GCMSsolution\Data\Project1\Campbell RMBL Data\Maxfield meadow 2020\trapblank_9_210709_792021_22.qgd","7/9/2021 11:51:36 PM","7/10/2021 12:24:14 AM","7118848","2DYHPD2\User"
"C:\GCMSsolution\Data\Project1\Campbell RMBL Data\Maxfield meadow 2020\tubeblank_7122021_36.qgd","7/13/2021 6:06:41 AM","7/13/2021 6:38:14 AM","7094272","2DYHPD2\User"
"C:\GCMSsolution\Data\Project1\Campbell RMBL Data\Maxfield meadow 2020\VF_17_125_200717_782021_35.qgd","7/9/2021 9:13:18 AM","7/9/2021 9:45:35 AM","7176192","2DYHPD2\User"
"C:\GCMSsolution\Data\Project1\Campbell RMBL Data\Other species - Campbell","8/15/2017 2:29:54 PM","8/6/2019 3:20:09 PM",,"2DYHPD2\User"
"C:\GCMSsolution\Data\Project1\Campbell RMBL Data\Other species - Campbell\ACAug5_08242017.qgd","8/24/2017 5:45:02 PM","8/24/2017 6:21:54 PM","8359936","2DYHPD2\User"
"C:\GCMSsolution\Data\Project1\Campbell RMBL Data\Other species - Campbell\ACAug9_08262017.qgd","8/26/2017 2:07:45 PM","8/26/2017 2:46:45 PM","8101888","2DYHPD2\User"
"C:\GCMSsolution\Data\Project1\Campbell RMBL Data\Other species - Campbell\ACJul21_08162017.qgd","8/16/2017 12:31:06 PM","8/16/2017 1:07:29 PM","8032256","2DYHPD2\User"
"C:\GCMSsolution\Data\Project1\Campbell RMBL Data\Other species - Campbell\ACJul26_08242017.qgd","8/24/2017 11:35:26 AM","8/24/2017 12:12:23 PM","8413184","2DYHPD2\User"
"C:\GCMSsolution\Data\Project1\Campbell RMBL Data\Other species - Campbell\ACleafAug5_08252017.qgd","8/25/2017 10:32:34 AM","8/25/2017 11:09:30 AM","8298496","2DYHPD2\User"
"C:\GCMSsolution\Data\Project1\Campbell RMBL Data\Other species - Campbell\Air_carbotrap_852019_02.qgd","8/5/2019 3:39:56 PM","8/6/2019 3:29:09 PM","7614464","2DYHPD2\User"
"C:\GCMSsolution\Data\Project1\Campbell RMBL Data\Other species - Campbell\AirAug20_08262017.qgd","8/26/2017 10:21:53 AM","8/26/2017 10:58:56 AM","8093696","2DYHPD2\User"
"C:\GCMSsolution\Data\Project1\Campbell RMBL Data\Other species - Campbell\AirAug25_08262017.qgd","8/26/2017 3:26:10 PM","8/26/2017 4:05:38 PM","8196096","2DYHPD2\User"
"C:\GCMSsolution\Data\Project1\Campbell RMBL Data\Other species - Campbell\AirAug3_08262017.qgd","8/26/2017 9:06:17 AM","8/26/2017 9:43:16 AM","8069120","2DYHPD2\User"
"C:\GCMSsolution\Data\Project1\Campbell RMBL Data\Other species - Campbell\AirAug5_08242017.qgd","8/24/2017 8:12:48 PM","8/24/2017 8:49:33 PM","8261632","2DYHPD2\User"
"C:\GCMSsolution\Data\Project1\Campbell RMBL Data\Other species - Campbell\AirAug9_08262017.qgd","8/26/2017 10:59:01 AM","8/26/2017 11:36:15 AM","8126464","2DYHPD2\User"
"C:\GCMSsolution\Data\Project1\Campbell RMBL Data\Other species - Campbell\AirDAug29_09012017.qgd","9/1/2017 5:11:19 PM","9/1/2017 5:52:33 PM","8110080","2DYHPD2\User"
"C:\GCMSsolution\Data\Project1\Campbell RMBL Data\Other species - Campbell\AirJul21_08162017.qgd","8/16/2017 10:06:35 AM","8/16/2017 4:04:47 PM","9060352","2DYHPD2\User"
"C:\GCMSsolution\Data\Project1\Campbell RMBL Data\Other species - Campbell\AirJul21_08162017.xlsx","8/16/2017 3:59:34 PM","8/16/2017 4:02:45 PM","40088","2DYHPD2\User"
"C:\GCMSsolution\Data\Project1\Campbell RMBL Data\Other species - Campbell\AirJul26_08242017.qgd","8/24/2017 10:58:43 AM","8/24/2017 11:35:22 AM","8491008","2DYHPD2\User"
"C:\GCMSsolution\Data\Project1\Campbell RMBL Data\Other species - Campbell\AirJul28_08242017.qgd","8/24/2017 3:17:16 PM","8/24/2017 3:54:06 PM","8495104","2DYHPD2\User"
"C:\GCMSsolution\Data\Project1\Campbell RMBL Data\Other species - Campbell\AirJul30_08242017.qgd","8/24/2017 3:54:11 PM","8/24/2017 4:30:59 PM","8241152","2DYHPD2\User"
"C:\GCMSsolution\Data\Project1\Campbell RMBL Data\Other species - Campbell\AirSep3_09032018.qgd","9/4/2018 12:05:38 AM","9/4/2018 12:41:32 AM","8003584","2DYHPD2\User"
"C:\GCMSsolution\Data\Project1\Campbell RMBL Data\Other species - Campbell\Alkanes3uL0.0110deg_08172017.qgd","8/17/2017 10:28:36 AM","8/17/2017 11:04:47 AM","8957952","2DYHPD2\User"
"C:\GCMSsolution\Data\Project1\Campbell RMBL Data\Other species - Campbell\AMAug5_08242017.qgd","8/24/2017 7:36:09 PM","8/24/2017 8:12:44 PM","8306688","2DYHPD2\User"
"C:\GCMSsolution\Data\Project1\Campbell RMBL Data\Other species - Campbell\AMAug9_08262017.qgd","8/26/2017 11:36:21 AM","8/15/2018 10:24:44 PM","8196096","2DYHPD2\User"
"C:\GCMSsolution\Data\Project1\Campbell RMBL Data\Other species - Campbell\AMJul21_08162017.qgd","8/16/2017 1:07:33 PM","8/16/2017 1:44:03 PM","8032256","2DYHPD2\User"
"C:\GCMSsolution\Data\Project1\Campbell RMBL Data\Other species - Campbell\AMJul28_08242017.qgd","8/24/2017 2:40:11 PM","8/24/2017 3:17:10 PM","8503296","2DYHPD2\User"
"C:\GCMSsolution\Data\Project1\Campbell RMBL Data\Other species - Campbell\AMleafAug5_08252017.qgd","8/25/2017 8:42:02 AM","8/25/2017 9:18:40 AM","8278016","2DYHPD2\User"
"C:\GCMSsolution\Data\Project1\Campbell RMBL Data\Other species - Campbell\Bake_08162017.qgd","8/16/2017 9:23:32 AM","8/16/2017 10:06:32 AM","8073216","2DYHPD2\User"
"C:\GCMSsolution\Data\Project1\Campbell RMBL Data\Other species - Campbell\Bake1_06152018.qgd","6/15/2018 1:20:40 PM","6/15/2018 2:03:46 PM","7110656","2DYHPD2\User"
"C:\GCMSsolution\Data\Project1\Campbell RMBL Data\Other species - Campbell\Bake2_06152018.qgd","6/15/2018 2:03:59 PM","6/15/2018 2:36:26 PM","7024640","2DYHPD2\User"
"C:\GCMSsolution\Data\Project1\Campbell RMBL Data\Other species - Campbell\Bake3_06152018.qgd","6/15/2018 2:36:40 PM","6/15/2018 3:09:48 PM","7020544","2DYHPD2\User"
"C:\GCMSsolution\Data\Project1\Campbell RMBL Data\Other species - Campbell\Bake4_06152018.qgd","6/15/2018 3:10:04 PM","6/15/2018 3:43:27 PM","7012352","2DYHPD2\User"
"C:\GCMSsolution\Data\Project1\Campbell RMBL Data\Other species - Campbell\Bake5_06152018.qgd","6/15/2018 3:43:41 PM","6/15/2018 4:17:20 PM","7020544","2DYHPD2\User"
"C:\GCMSsolution\Data\Project1\Campbell RMBL Data\Other species - Campbell\Bake6_06152018.qgd","6/15/2018 4:17:34 PM","6/15/2018 4:51:31 PM","7016448","2DYHPD2\User"
"C:\GCMSsolution\Data\Project1\Campbell RMBL Data\Other species - Campbell\Bake7_06152018.qgd","6/15/2018 4:51:44 PM","6/15/2018 5:25:55 PM","7020544","2DYHPD2\User"
"C:\GCMSsolution\Data\Project1\Campbell RMBL Data\Other species - Campbell\Bake8_06152018.qgd","6/15/2018 5:26:12 PM","6/15/2018 6:00:33 PM","7020544","2DYHPD2\User"
"C:\GCMSsolution\Data\Project1\Campbell RMBL Data\Other species - Campbell\Bake9_06152018.qgd","6/15/2018 6:00:47 PM","6/15/2018 6:35:25 PM","6987776","2DYHPD2\User"
"C:\GCMSsolution\Data\Project1\Campbell RMBL Data\Other species - Campbell\Bakeout_T21_852019_05.qgd","8/5/2019 5:18:30 PM","8/5/2019 5:51:37 PM","7012352","2DYHPD2\User"
"C:\GCMSsolution\Data\Project1\Campbell RMBL Data\Other species - Campbell\Blank_08242017.qgd","8/24/2017 10:17:11 AM","8/24/2017 10:58:37 AM","8613888","2DYHPD2\User"
"C:\GCMSsolution\Data\Project1\Campbell RMBL Data\Other species - Campbell\Blank_08252017.qgd","8/25/2017 7:23:23 AM","8/25/2017 8:05:44 AM","8687616","2DYHPD2\User"
"C:\GCMSsolution\Data\Project1\Campbell RMBL Data\Other species - Campbell\Blank_08262017.qgd","8/26/2017 7:49:28 AM","8/26/2017 8:30:46 AM","8269824","2DYHPD2\User"
"C:\GCMSsolution\Data\Project1\Campbell RMBL Data\Other species - Campbell\Blank_09032017.qgd","9/3/2017 7:01:04 AM","9/3/2017 7:42:17 AM","8237056","2DYHPD2\User"
"C:\GCMSsolution\Data\Project1\Campbell RMBL Data\Other species - Campbell\Blank1_852019_01.qgd","8/5/2019 3:03:30 PM","8/6/2019 3:20:09 PM","7467008","2DYHPD2\User"
"C:\GCMSsolution\Data\Project1\Campbell RMBL Data\Other species - Campbell\Blank2_08252017.qgd","8/25/2017 11:09:33 AM","8/25/2017 11:46:35 AM","8167424","2DYHPD2\User"
"C:\GCMSsolution\Data\Project1\Campbell RMBL Data\Other species - Campbell\Blank2_08262017.qgd","8/26/2017 5:25:10 PM","8/26/2017 6:04:57 PM","8065024","2DYHPD2\User"
"C:\GCMSsolution\Data\Project1\Campbell RMBL Data\Other species - Campbell\Blank2_852019_03.qgd","8/5/2019 4:12:25 PM","8/6/2019 3:26:28 PM","7450624","2DYHPD2\User"
"C:\GCMSsolution\Data\Project1\Campbell RMBL Data\Other species - Campbell\Blank3_08312018.qgd","9/1/2018 5:03:23 AM","9/1/2018 5:03:10 AM","6791168","2DYHPD2\User"
"C:\GCMSsolution\Data\Project1\Campbell RMBL Data\Other species - Campbell\Blank4_08312018.qgd","9/1/2018 5:35:05 AM","9/1/2018 5:34:49 AM","6791168","2DYHPD2\User"
"C:\GCMSsolution\Data\Project1\Campbell RMBL Data\Other species - Campbell\Blanktrap1_07312018.qgd","7/31/2018 7:41:07 PM","7/31/2018 8:09:09 PM","6946816","2DYHPD2\User"
"C:\GCMSsolution\Data\Project1\Campbell RMBL Data\Other species - Campbell\Blanktrap2_07312018.qgd","7/31/2018 8:09:23 PM","7/31/2018 8:41:42 PM","6782976","2DYHPD2\User"
"C:\GCMSsolution\Data\Project1\Campbell RMBL Data\Other species - Campbell\CRAug9_08262017.qgd","8/26/2017 1:29:21 PM","8/26/2017 2:07:41 PM","8122368","2DYHPD2\User"
"C:\GCMSsolution\Data\Project1\Campbell RMBL Data\Other species - Campbell\CRJul21_08162017.qgd","8/16/2017 11:18:38 AM","8/16/2017 11:54:44 AM","8122368","2DYHPD2\User"
"C:\GCMSsolution\Data\Project1\Campbell RMBL Data\Other species - Campbell\CRJul26_08242017.qgd","8/24/2017 12:49:34 PM","8/24/2017 1:26:11 PM","8486912","2DYHPD2\User"
"C:\GCMSsolution\Data\Project1\Campbell RMBL Data\Other species - Campbell\CRJul30_08242017.qgd","8/24/2017 4:31:03 PM","8/24/2017 5:07:55 PM","8294400","2DYHPD2\User"
"C:\GCMSsolution\Data\Project1\Campbell RMBL Data\Other species - Campbell\CRleafJul30_08242017.qgd","8/24/2017 9:26:08 PM","8/24/2017 10:02:55 PM","8568832","2DYHPD2\User"
"C:\GCMSsolution\Data\Project1\Campbell RMBL Data\Other species - Campbell\Delphinium spme trial.qgd","8/15/2017 2:31:01 PM","6/15/2017 7:44:28 PM","2551808","2DYHPD2\User"
"C:\GCMSsolution\Data\Project1\Campbell RMBL Data\Other species - Campbell\Erigeron_08122017.qgd","8/15/2017 2:30:24 PM","8/12/2017 6:05:12 PM","278528","2DYHPD2\User"
"C:\GCMSsolution\Data\Project1\Campbell RMBL Data\Other species - Campbell\ESAug9_08262017.qgd","8/26/2017 2:46:51 PM","8/26/2017 3:26:07 PM","8200192","2DYHPD2\User"
"C:\GCMSsolution\Data\Project1\Campbell RMBL Data\Other species - Campbell\ESJul21_08162017.qgd","8/16/2017 11:54:48 AM","8/16/2017 12:31:01 PM","8069120","2DYHPD2\User"
"C:\GCMSsolution\Data\Project1\Campbell RMBL Data\Other species - Campbell\ESJul26_08242017.qgd","8/24/2017 1:26:16 PM","8/24/2017 2:03:12 PM","8433664","2DYHPD2\User"
"C:\GCMSsolution\Data\Project1\Campbell RMBL Data\Other species - Campbell\ESJul30_08242017.qgd","8/24/2017 6:21:57 PM","8/24/2017 6:59:15 PM","8454144","2DYHPD2\User"
"C:\GCMSsolution\Data\Project1\Campbell RMBL Data\Other species - Campbell\ESleafJul30_08252017.qgd","8/25/2017 9:18:44 AM","8/25/2017 9:55:37 AM","8380416","2DYHPD2\User"
"C:\GCMSsolution\Data\Project1\Campbell RMBL Data\Other species - Campbell\GBAug5_08242017.qgd","8/24/2017 6:59:22 PM","8/24/2017 7:36:05 PM","8327168","2DYHPD2\User"
"C:\GCMSsolution\Data\Project1\Campbell RMBL Data\Other species - Campbell\GBAug9_08262017.qgd","8/26/2017 12:13:45 PM","8/26/2017 12:51:15 PM","8138752","2DYHPD2\User"
"C:\GCMSsolution\Data\Project1\Campbell RMBL Data\Other species - Campbell\GBJul21_08162017.qgd","8/16/2017 1:44:08 PM","8/16/2017 2:20:55 PM","8032256","2DYHPD2\User"
"C:\GCMSsolution\Data\Project1\Campbell RMBL Data\Other species - Campbell\GBJul26_08242017.qgd","8/24/2017 2:03:16 PM","8/24/2017 2:40:08 PM","8384512","2DYHPD2\User"
"C:\GCMSsolution\Data\Project1\Campbell RMBL Data\Other species - Campbell\GBleafAug5_08252017.qgd","8/25/2017 9:55:44 AM","8/25/2017 10:32:30 AM","8392704","2DYHPD2\User"
"C:\GCMSsolution\Data\Project1\Campbell RMBL Data\Other species - Campbell\Heracleum 2_08132017.qgd","8/15/2017 2:30:24 PM","8/14/2017 8:07:51 AM","8114176","2DYHPD2\User"
"C:\GCMSsolution\Data\Project1\Campbell RMBL Data\Other species - Campbell\Heracleum_08122017.qgd","8/15/2017 2:30:24 PM","8/13/2017 4:10:47 PM","6848512","2DYHPD2\User"
"C:\GCMSsolution\Data\Project1\Campbell RMBL Data\Other species - Campbell\HM1Aug25_08262017.qgd","8/26/2017 4:05:42 PM","8/26/2017 4:45:19 PM","8179712","2DYHPD2\User"
"C:\GCMSsolution\Data\Project1\Campbell RMBL Data\Other species - Campbell\HM2Aug25_08262017.qgd","8/26/2017 4:45:23 PM","8/26/2017 5:25:05 PM","8089600","2DYHPD2\User"
"C:\GCMSsolution\Data\Project1\Campbell RMBL Data\Other species - Campbell\HM2Aug29_09012017.qgd","9/1/2017 6:29:32 PM","9/1/2017 7:06:05 PM","8142848","2DYHPD2\User"
"C:\GCMSsolution\Data\Project1\Campbell RMBL Data\Other species - Campbell\HMAug29_09012017.qgd","9/1/2017 5:52:37 PM","9/1/2017 6:29:26 PM","8134656","2DYHPD2\User"
"C:\GCMSsolution\Data\Project1\Campbell RMBL Data\Other species - Campbell\HVAug9_08262017.qgd","8/26/2017 12:51:18 PM","8/26/2017 1:29:16 PM","8228864","2DYHPD2\User"
"C:\GCMSsolution\Data\Project1\Campbell RMBL Data\Other species - Campbell\HVJul21_08162017.qgd","8/16/2017 10:42:33 AM","8/25/2017 7:40:11 AM","10149888","2DYHPD2\User"
"C:\GCMSsolution\Data\Project1\Campbell RMBL Data\Other species - Campbell\HVJul21_08162017.xlsx","8/16/2017 3:55:01 PM","8/16/2017 4:02:38 PM","40903","2DYHPD2\User"
"C:\GCMSsolution\Data\Project1\Campbell RMBL Data\Other species - Campbell\HVJul26_08242017.qgd","8/24/2017 12:12:25 PM","8/24/2017 12:49:30 PM","8671232","2DYHPD2\User"
"C:\GCMSsolution\Data\Project1\Campbell RMBL Data\Other species - Campbell\HVJul30_08242017.qgd","8/24/2017 5:07:58 PM","8/24/2017 5:44:57 PM","8302592","2DYHPD2\User"
"C:\GCMSsolution\Data\Project1\Campbell RMBL Data\Other species - Campbell\HVleafJul30_08242017.qgd","8/24/2017 8:49:39 PM","8/24/2017 9:26:04 PM","8146944","2DYHPD2\User"
"C:\GCMSsolution\Data\Project1\Campbell RMBL Data\Other species - Campbell\HVleafJul30redo_08252017.qgd","8/25/2017 8:05:50 AM","8/25/2017 8:41:57 AM","8667136","2DYHPD2\User"
"C:\GCMSsolution\Data\Project1\Campbell RMBL Data\Other species - Campbell\HVleafJul30redo2_08252017.qgd","8/25/2017 2:27:48 PM","8/25/2017 3:00:24 PM","8118272","2DYHPD2\User"
"C:\GCMSsolution\Data\Project1\Campbell RMBL Data\Other species - Campbell\HVleafJul30redo3_08262017.qgd","8/26/2017 8:30:51 AM","8/26/2017 9:06:12 AM","8019968","2DYHPD2\User"
"C:\GCMSsolution\Data\Project1\Campbell RMBL Data\Other species - Campbell\HVleafJul30redo4_09012017.qgd","9/1/2017 9:12:29 AM","9/1/2017 9:47:25 AM","8011776","2DYHPD2\User"
"C:\GCMSsolution\Data\Project1\Campbell RMBL Data\Other species - Campbell\HVleafJul30redo5_09032017.qgd","9/3/2017 7:42:21 AM","9/3/2017 8:17:14 AM","8056832","2DYHPD2\User"
"C:\GCMSsolution\Data\Project1\Campbell RMBL Data\Other species - Campbell\Ligusticum0622_07152018.qgd","7/15/2018 3:25:46 PM","7/15/2018 4:02:42 PM","8093696","2DYHPD2\User"
"C:\GCMSsolution\Data\Project1\Campbell RMBL Data\Other species - Campbell\Lupine1Aug3L_08252017.qgd","8/25/2017 11:46:41 AM","8/25/2017 12:23:48 PM","8208384","2DYHPD2\User"
"C:\GCMSsolution\Data\Project1\Campbell RMBL Data\Other species - Campbell\Lupine2Aug3L_08252017.qgd","8/25/2017 12:23:53 PM","8/25/2017 1:01:15 PM","8253440","2DYHPD2\User"
"C:\GCMSsolution\Data\Project1\Campbell RMBL Data\Other species - Campbell\Lupine3Aug3_08252017.qgd","8/25/2017 4:55:54 PM","8/25/2017 5:34:42 PM","8159232","2DYHPD2\User"
"C:\GCMSsolution\Data\Project1\Campbell RMBL Data\Other species - Campbell\Lupine4Aug3_08252017.qgd","8/25/2017 5:34:47 PM","8/25/2017 6:13:37 PM","8179712","2DYHPD2\User"
"C:\GCMSsolution\Data\Project1\Campbell RMBL Data\Other species - Campbell\Lupine5Aug3L_08262017.qgd","8/26/2017 9:43:20 AM","8/26/2017 10:21:50 AM","8077312","2DYHPD2\User"
"C:\GCMSsolution\Data\Project1\Campbell RMBL Data\Other species - Campbell\LupineR1Aug20_08252017.qgd","8/25/2017 1:01:18 PM","8/25/2017 1:39:01 PM","8138752","2DYHPD2\User"
"C:\GCMSsolution\Data\Project1\Campbell RMBL Data\Other species - Campbell\LupineR2Aug20redo_08252017.qgd","8/25/2017 3:00:31 PM","8/25/2017 3:38:36 PM","8110080","2DYHPD2\User"
"C:\GCMSsolution\Data\Project1\Campbell RMBL Data\Other species - Campbell\LupineR3Aug20_08252017.qgd","8/25/2017 3:38:41 PM","8/25/2017 4:17:06 PM","8101888","2DYHPD2\User"
"C:\GCMSsolution\Data\Project1\Campbell RMBL Data\Other species - Campbell\LupineR4Aug20_08252017.qgd","8/25/2017 4:17:10 PM","8/25/2017 4:55:48 PM","8118272","2DYHPD2\User"
"C:\GCMSsolution\Data\Project1\Campbell RMBL Data\Other species - Campbell\Oventrap1_07232018.qgd","7/31/2018 8:41:56 PM","7/31/2018 9:14:06 PM","6778880","2DYHPD2\User"
"C:\GCMSsolution\Data\Project1\Campbell RMBL Data\Other species - Campbell\Oventrap2_07312018.qgd","7/31/2018 9:14:22 PM","7/31/2018 9:46:15 PM","6807552","2DYHPD2\User"
"C:\GCMSsolution\Data\Project1\Campbell RMBL Data\Other species - Campbell\Penstemon2_carbotrap_852019_04.qgd","8/5/2019 4:45:23 PM","8/6/2019 3:22:40 PM","8093696","2DYHPD2\User"
"C:\GCMSsolution\Data\Project1\Campbell RMBL Data\Other species - Campbell\penstemon2019.txt","8/6/2019 3:20:09 PM","8/6/2019 3:35:28 PM","4965082","2DYHPD2\User"
"C:\GCMSsolution\Data\Project1\Campbell RMBL Data\Other species - Campbell\penstemon2019_kaushal.qgb","8/6/2019 2:07:43 PM","8/6/2019 3:19:01 PM","49152","2DYHPD2\User"
"C:\GCMSsolution\Data\Project1\Campbell RMBL Data\Other species - Campbell\Pstrictus685_07072017.qgd","8/15/2017 2:30:58 PM","7/7/2017 12:29:48 PM","6823936","2DYHPD2\User"
"C:\GCMSsolution\Data\Project1\Campbell RMBL Data\Other species - Campbell\RSAirAug31_08312018.qgd","9/1/2018 3:28:31 AM","9/1/2018 3:59:52 AM","6823936","2DYHPD2\User"
"C:\GCMSsolution\Data\Project1\Campbell RMBL Data\Other species - Campbell\RSNdmaleSep3_09032018.qgd","9/4/2018 1:54:13 AM","9/4/2018 2:30:28 AM","8028160","2DYHPD2\User"
"C:\GCMSsolution\Data\Project1\Campbell RMBL Data\Other species - Campbell\RSNifemaleAug31_08312018.qgd","9/1/2018 4:00:06 AM","9/1/2018 4:31:31 AM","6795264","2DYHPD2\User"
"C:\GCMSsolution\Data\Project1\Campbell RMBL Data\Other species - Campbell\RSNimaleAug31renamed_08312018.qgd","9/1/2018 5:35:05 AM","9/1/2018 6:06:22 AM","6811648","2DYHPD2\User"
"C:\GCMSsolution\Data\Project1\Campbell RMBL Data\Other species - Campbell\RSNimaleSep3_09032018.qgd","9/4/2018 1:17:47 AM","9/4/2018 1:54:08 AM","8024064","2DYHPD2\User"
"C:\GCMSsolution\Data\Project1\Campbell RMBL Data\Other species - Campbell\RWHopsSep3_09032018.qgd","9/4/2018 12:41:39 AM","9/4/2018 1:17:43 AM","8056832","2DYHPD2\User"
"C:\GCMSsolution\Data\Project1\Campbell RMBL Data\Other species - Campbell\Valerian floral.qgd","8/15/2017 2:31:01 PM","6/15/2017 5:20:40 PM","3325952","2DYHPD2\User"
"C:\GCMSsolution\Data\Project1\Campbell RMBL Data\Other species - Campbell\Valerian veg.qgd","8/15/2017 2:31:01 PM","6/15/2017 8:04:37 PM","2973696","2DYHPD2\User"
"C:\GCMSsolution\Data\Project1\Campbell RMBL Data\Paul's Meadow 2019","6/26/2019 11:50:24 AM","8/5/2019 1:38:08 AM",,"2DYHPD2\User"
"C:\GCMSsolution\Data\Project1\Campbell RMBL Data\Paul's Meadow 2019\201906","7/10/2019 6:00:25 PM","7/10/2019 6:00:40 PM",,"2DYHPD2\User"
"C:\GCMSsolution\Data\Project1\Campbell RMBL Data\Paul's Meadow 2019\201906\Air_00_190625_Paul_6252019_21.qgd","6/26/2019 9:06:08 AM","6/26/2019 9:41:48 AM","8216576","2DYHPD2\User"
"C:\GCMSsolution\Data\Project1\Campbell RMBL Data\Paul's Meadow 2019\201906\Air_08_190626_Paul_6282019_21.qgd","6/29/2019 10:06:26 AM","6/29/2019 10:42:42 AM","8376320","2DYHPD2\User"
"C:\GCMSsolution\Data\Project1\Campbell RMBL Data\Paul's Meadow 2019\201906\Blank3_10min_6252019_20.qgd","6/26/2019 8:30:12 AM","6/26/2019 9:06:04 AM","8237056","2DYHPD2\User"
"C:\GCMSsolution\Data\Project1\Campbell RMBL Data\Paul's Meadow 2019\201906\Blank3_10min_6282019_20.qgd","6/28/2019 10:25:00 PM","6/28/2019 11:01:14 PM","8318976","2DYHPD2\User"
"C:\GCMSsolution\Data\Project1\Campbell RMBL Data\Paul's Meadow 2019\201906\Blank3_10min_6282019_21.qgd","6/29/2019 9:30:17 AM","6/29/2019 10:06:21 AM","8413184","2DYHPD2\User"
"C:\GCMSsolution\Data\Project1\Campbell RMBL Data\Paul's Meadow 2019\201906\EG_01_190625_Paul_6252019_22.qgd","6/26/2019 9:41:51 AM","6/26/2019 10:17:28 AM","8151040","2DYHPD2\User"
"C:\GCMSsolution\Data\Project1\Campbell RMBL Data\Paul's Meadow 2019\201906\EG_02_190625_Paul_722019_20.qgd","7/2/2019 7:07:07 PM","7/2/2019 7:39:04 PM","7069696","2DYHPD2\User"
"C:\GCMSsolution\Data\Project1\Campbell RMBL Data\Paul's Meadow 2019\201906\VP_09_190626_Paul_6282019_22.qgd","6/29/2019 10:42:48 AM","6/29/2019 11:19:17 AM","8380416","2DYHPD2\User"
"C:\GCMSsolution\Data\Project1\Campbell RMBL Data\Paul's Meadow 2019\20190703a","7/10/2019 5:59:37 PM","7/10/2019 6:00:01 PM",,"2DYHPD2\User"
"C:\GCMSsolution\Data\Project1\Campbell RMBL Data\Paul's Meadow 2019\20190703a\Blank3_10min_732019_22.qgd","7/3/2019 8:54:35 PM","7/3/2019 9:31:07 PM","8347648","2DYHPD2\User"
"C:\GCMSsolution\Data\Project1\Campbell RMBL Data\Paul's Meadow 2019\20190703a\CL_03_190625_Paul_722019_21.qgd","7/2/2019 7:39:18 PM","7/2/2019 8:11:54 PM","7045120","2DYHPD2\User"
"C:\GCMSsolution\Data\Project1\Campbell RMBL Data\Paul's Meadow 2019\20190703a\CL_04_190625_Paul_732019_21.qgd","7/3/2019 8:17:23 PM","7/3/2019 8:54:30 PM","8388608","2DYHPD2\User"
"C:\GCMSsolution\Data\Project1\Campbell RMBL Data\Paul's Meadow 2019\20190703a\HC_05_190625_Paul_732019_20.qgd","7/3/2019 7:40:03 PM","7/3/2019 8:17:19 PM","8437760","2DYHPD2\User"
"C:\GCMSsolution\Data\Project1\Campbell RMBL Data\Paul's Meadow 2019\20190703b","7/10/2019 6:00:06 PM","7/10/2019 6:00:19 PM",,"2DYHPD2\User"
"C:\GCMSsolution\Data\Project1\Campbell RMBL Data\Paul's Meadow 2019\20190703b\Air_07_190625_Paul_732019_03.qgd","7/3/2019 11:02:52 PM","7/3/2019 11:38:45 PM","8318976","2DYHPD2\User"
"C:\GCMSsolution\Data\Project1\Campbell RMBL Data\Paul's Meadow 2019\20190703b\HC_06_190625_Paul_732019_02.qgd","7/3/2019 10:27:06 PM","7/3/2019 11:02:49 PM","8372224","2DYHPD2\User"
"C:\GCMSsolution\Data\Project1\Campbell RMBL Data\Paul's Meadow 2019\20190708c","7/10/2019 5:55:33 PM","7/10/2019 5:55:34 PM",,"2DYHPD2\User"
"C:\GCMSsolution\Data\Project1\Campbell RMBL Data\Paul's Meadow 2019\20190708c\Air_14_190626_Paul_782019_20.qgd","7/10/2019 5:55:33 PM","7/9/2019 4:52:25 AM","8265728","2DYHPD2\User"
"C:\GCMSsolution\Data\Project1\Campbell RMBL Data\Paul's Meadow 2019\20190708c\Air_15_190627_Paul_782019_21.qgd","7/10/2019 5:55:33 PM","7/9/2019 5:28:31 AM","8843264","2DYHPD2\User"
"C:\GCMSsolution\Data\Project1\Campbell RMBL Data\Paul's Meadow 2019\20190708c\Blank2a_782019_15.qgd","7/10/2019 5:55:33 PM","7/9/2019 1:52:23 AM","8192000","2DYHPD2\User"
"C:\GCMSsolution\Data\Project1\Campbell RMBL Data\Paul's Meadow 2019\20190708c\Blank3_782019_23.qgd","7/10/2019 5:55:33 PM","7/9/2019 6:40:04 AM","8134656","2DYHPD2\User"
"C:\GCMSsolution\Data\Project1\Campbell RMBL Data\Paul's Meadow 2019\20190708c\BS_16_190627_Paul_782019_22.qgd","7/10/2019 5:55:33 PM","7/9/2019 6:04:04 AM","8220672","2DYHPD2\User"
"C:\GCMSsolution\Data\Project1\Campbell RMBL Data\Paul's Meadow 2019\20190708c\BS_17_190627_Paul_782019_24.qgd","7/10/2019 5:55:33 PM","7/9/2019 7:16:05 AM","8187904","2DYHPD2\User"
"C:\GCMSsolution\Data\Project1\Campbell RMBL Data\Paul's Meadow 2019\20190708c\CL_11_190626_Paul_782019_17.qgd","7/10/2019 5:55:33 PM","7/9/2019 3:04:30 AM","8278016","2DYHPD2\User"
"C:\GCMSsolution\Data\Project1\Campbell RMBL Data\Paul's Meadow 2019\20190708c\MF_13_190626_Paul_782019_19.qgd","7/10/2019 5:55:33 PM","7/9/2019 4:16:19 AM","8290304","2DYHPD2\User"
"C:\GCMSsolution\Data\Project1\Campbell RMBL Data\Paul's Meadow 2019\20190708c\MF_20_190627_Paul_782019_27.qgd","7/10/2019 5:55:33 PM","7/9/2019 9:04:06 AM","8257536","2DYHPD2\User"
"C:\GCMSsolution\Data\Project1\Campbell RMBL Data\Paul's Meadow 2019\20190708c\MR_12_190626_Paul_782019_18.qgd","7/10/2019 5:55:33 PM","7/9/2019 3:40:29 AM","8335360","2DYHPD2\User"
"C:\GCMSsolution\Data\Project1\Campbell RMBL Data\Paul's Meadow 2019\20190708c\MR_21_190627_Paul_782019_28.qgd","7/10/2019 5:55:34 PM","7/9/2019 9:40:22 AM","8327168","2DYHPD2\User"
"C:\GCMSsolution\Data\Project1\Campbell RMBL Data\Paul's Meadow 2019\20190708c\SI_18_190627_Paul_782019_25.qgd","7/10/2019 5:55:34 PM","7/9/2019 7:52:06 AM","8265728","2DYHPD2\User"
"C:\GCMSsolution\Data\Project1\Campbell RMBL Data\Paul's Meadow 2019\20190708c\SI_19_190627_Paul_782019_26.qgd","7/10/2019 5:55:34 PM","7/9/2019 8:28:09 AM","8261632","2DYHPD2\User"
"C:\GCMSsolution\Data\Project1\Campbell RMBL Data\Paul's Meadow 2019\20190708c\VP_10_190626_Paul_782019_16.qgd","7/10/2019 5:55:34 PM","7/9/2019 2:28:25 AM","8294400","2DYHPD2\User"
"C:\GCMSsolution\Data\Project1\Campbell RMBL Data\Paul's Meadow 2019\20190709a","7/10/2019 6:01:46 PM","7/10/2019 6:08:09 PM",,"2DYHPD2\User"
"C:\GCMSsolution\Data\Project1\Campbell RMBL Data\Paul's Meadow 2019\20190709a\AA_38_190702_Paul_792019_19.qgd","7/9/2019 9:35:45 PM","7/9/2019 10:11:43 PM","8146944","2DYHPD2\User"
"C:\GCMSsolution\Data\Project1\Campbell RMBL Data\Paul's Meadow 2019\20190709a\AA_39_190702_Paul_792019_20.qgd","7/9/2019 10:11:47 PM","7/9/2019 10:47:36 PM","8114176","2DYHPD2\User"
"C:\GCMSsolution\Data\Project1\Campbell RMBL Data\Paul's Meadow 2019\20190709a\Air_23_190627_Paul_792019_03.qgd","7/9/2019 11:46:40 AM","7/9/2019 12:23:08 PM","8114176","2DYHPD2\User"
"C:\GCMSsolution\Data\Project1\Campbell RMBL Data\Paul's Meadow 2019\20190709a\Air_24_190628_Paul_792019_04.qgd","7/9/2019 12:23:12 PM","7/9/2019 12:59:53 PM","8200192","2DYHPD2\User"
"C:\GCMSsolution\Data\Project1\Campbell RMBL Data\Paul's Meadow 2019\20190709a\Air_33_190628_Paul_792019_14.qgd","7/9/2019 6:33:36 PM","7/9/2019 7:10:20 PM","8196096","2DYHPD2\User"
"C:\GCMSsolution\Data\Project1\Campbell RMBL Data\Paul's Meadow 2019\20190709a\Air_34_190702_Paul_792019_15.qgd","7/9/2019 7:10:22 PM","7/9/2019 7:47:31 PM","8196096","2DYHPD2\User"
"C:\GCMSsolution\Data\Project1\Campbell RMBL Data\Paul's Meadow 2019\20190709a\Blank1_792019_01.qgd","7/9/2019 10:25:40 AM","7/9/2019 11:10:29 AM","8130560","2DYHPD2\User"
"C:\GCMSsolution\Data\Project1\Campbell RMBL Data\Paul's Meadow 2019\20190709a\Blank2_792019_11.qgd","7/9/2019 4:42:26 PM","7/9/2019 5:18:56 PM","8265728","2DYHPD2\User"
"C:\GCMSsolution\Data\Project1\Campbell RMBL Data\Paul's Meadow 2019\20190709a\DA_35_190702_Paul_792019_16.qgd","7/9/2019 7:47:35 PM","7/9/2019 8:23:06 PM","8183808","2DYHPD2\User"
"C:\GCMSsolution\Data\Project1\Campbell RMBL Data\Paul's Meadow 2019\20190709a\DA_36_190702_Paul_792019_17.qgd","7/9/2019 8:23:10 PM","7/9/2019 8:59:27 PM","8167424","2DYHPD2\User"
"C:\GCMSsolution\Data\Project1\Campbell RMBL Data\Paul's Meadow 2019\20190709a\DA_37_190702_Paul_792019_18.qgd","7/9/2019 8:59:32 PM","7/9/2019 9:35:39 PM","8179712","2DYHPD2\User"
"C:\GCMSsolution\Data\Project1\Campbell RMBL Data\Paul's Meadow 2019\20190709a\HC_27_190628_Paul_792019_07.qgd","7/9/2019 2:14:15 PM","7/9/2019 2:51:31 PM","8257536","2DYHPD2\User"
"C:\GCMSsolution\Data\Project1\Campbell RMBL Data\Paul's Meadow 2019\20190709a\HC_28_190628_Paul_792019_08.qgd","7/9/2019 2:51:36 PM","7/9/2019 3:29:02 PM","8265728","2DYHPD2\User"
"C:\GCMSsolution\Data\Project1\Campbell RMBL Data\Paul's Meadow 2019\20190709a\MF_29_190628_Paul_792019_09.qgd","7/9/2019 3:29:06 PM","7/9/2019 4:05:42 PM","8257536","2DYHPD2\User"
"C:\GCMSsolution\Data\Project1\Campbell RMBL Data\Paul's Meadow 2019\20190709a\MF_30_190628_Paul_792019_10.qgd","7/9/2019 4:05:44 PM","7/9/2019 4:42:20 PM","8241152","2DYHPD2\User"
"C:\GCMSsolution\Data\Project1\Campbell RMBL Data\Paul's Meadow 2019\20190709a\MR_31_190627_Paul_792019_12.qgd","7/9/2019 5:18:59 PM","7/9/2019 5:56:36 PM","8294400","2DYHPD2\User"
"C:\GCMSsolution\Data\Project1\Campbell RMBL Data\Paul's Meadow 2019\20190709a\MR_32_190627_Paul_792019_13.qgd","7/9/2019 5:56:41 PM","7/9/2019 6:33:30 PM","8196096","2DYHPD2\User"
"C:\GCMSsolution\Data\Project1\Campbell RMBL Data\Paul's Meadow 2019\20190709a\VP_22_190627_Paul_792019_02.qgd","7/9/2019 11:10:36 AM","7/9/2019 11:46:35 AM","8081408","2DYHPD2\User"
"C:\GCMSsolution\Data\Project1\Campbell RMBL Data\Paul's Meadow 2019\20190709a\VP_25_190628_Paul_792019_05.qgd","7/9/2019 12:59:56 PM","7/9/2019 1:36:53 PM","8241152","2DYHPD2\User"
"C:\GCMSsolution\Data\Project1\Campbell RMBL Data\Paul's Meadow 2019\20190709a\VP_26_190628_Paul_792019_06.qgd","7/9/2019 1:36:58 PM","7/9/2019 2:14:09 PM","8261632","2DYHPD2\User"
"C:\GCMSsolution\Data\Project1\Campbell RMBL Data\Paul's Meadow 2019\20190709b","7/10/2019 8:55:37 AM","7/10/2019 6:05:52 PM",,"2DYHPD2\User"
"C:\GCMSsolution\Data\Project1\Campbell RMBL Data\Paul's Meadow 2019\20190709b\Air_41_190703_Paul_792019_03.qgd","7/10/2019 12:12:45 AM","7/10/2019 12:48:33 AM","8171520","2DYHPD2\User"
"C:\GCMSsolution\Data\Project1\Campbell RMBL Data\Paul's Meadow 2019\20190709b\Air_46_190703_Paul_792019_08.qgd","7/10/2019 3:12:07 AM","7/10/2019 3:46:44 AM","8044544","2DYHPD2\User"
"C:\GCMSsolution\Data\Project1\Campbell RMBL Data\Paul's Meadow 2019\20190709b\Air_47_190709_Paul_792019_09.qgd","7/10/2019 3:46:48 AM","7/10/2019 4:22:43 AM","8048640","2DYHPD2\User"
"C:\GCMSsolution\Data\Project1\Campbell RMBL Data\Paul's Meadow 2019\20190709b\Air_56_190709_Paul_792019_19.qgd","7/10/2019 9:10:34 AM","7/10/2019 9:46:17 AM","8048640","2DYHPD2\User"
"C:\GCMSsolution\Data\Project1\Campbell RMBL Data\Paul's Meadow 2019\20190709b\Blank1_792019_02.qgd","7/9/2019 10:56:35 PM","7/9/2019 11:36:41 PM","8208384","2DYHPD2\User"
"C:\GCMSsolution\Data\Project1\Campbell RMBL Data\Paul's Meadow 2019\20190709b\Blank2_792019_12.qgd","7/10/2019 4:58:48 AM","7/10/2019 5:34:39 AM","8040448","2DYHPD2\User"
"C:\GCMSsolution\Data\Project1\Campbell RMBL Data\Paul's Meadow 2019\20190709b\Blank4_792019_21.qgd","7/10/2019 10:59:00 AM","7/10/2019 11:35:42 AM","8065024","2DYHPD2\User"
"C:\GCMSsolution\Data\Project1\Campbell RMBL Data\Paul's Meadow 2019\20190709b\BS_16_190627_Paul_792019_02.qgd","7/9/2019 11:36:45 PM","7/10/2019 12:12:40 AM","8331264","2DYHPD2\User"
"C:\GCMSsolution\Data\Project1\Campbell RMBL Data\Paul's Meadow 2019\20190709b\DA_36_190702_Paul_792019_20.qgd","7/10/2019 10:22:34 AM","7/10/2019 10:22:28 AM","8073216","2DYHPD2\User"
"C:\GCMSsolution\Data\Project1\Campbell RMBL Data\Paul's Meadow 2019\20190709b\EU_48_190709_Paul_792019_10.qgd","7/10/2019 4:22:48 AM","7/10/2019 4:58:45 AM","8073216","2DYHPD2\User"
"C:\GCMSsolution\Data\Project1\Campbell RMBL Data\Paul's Meadow 2019\20190709b\EU_49_190709_Paul_792019_12.qgd","7/10/2019 5:34:44 AM","7/10/2019 6:10:39 AM","8073216","2DYHPD2\User"
"C:\GCMSsolution\Data\Project1\Campbell RMBL Data\Paul's Meadow 2019\20190709b\EU_54_190709_Paul_792019_16.qgd","7/10/2019 7:58:38 AM","7/10/2019 8:34:30 AM","8069120","2DYHPD2\User"
"C:\GCMSsolution\Data\Project1\Campbell RMBL Data\Paul's Meadow 2019\20190709b\FS_42_190703_Paul_792019_04.qgd","7/10/2019 12:48:37 AM","7/10/2019 1:24:23 AM","8167424","2DYHPD2\User"
"C:\GCMSsolution\Data\Project1\Campbell RMBL Data\Paul's Meadow 2019\20190709b\FS_43_190703_Paul_792019_05.qgd","7/10/2019 1:24:29 AM","7/10/2019 2:00:21 AM","8097792","2DYHPD2\User"
"C:\GCMSsolution\Data\Project1\Campbell RMBL Data\Paul's Meadow 2019\20190709b\FV_55_190709_Paul_792019_18.qgd","7/10/2019 9:10:34 AM","7/10/2019 9:10:28 AM","8056832","2DYHPD2\User"
"C:\GCMSsolution\Data\Project1\Campbell RMBL Data\Paul's Meadow 2019\20190709b\LD_45_190703_Paul_792019_07.qgd","7/10/2019 2:36:24 AM","7/10/2019 3:12:02 AM","8089600","2DYHPD2\User"
"C:\GCMSsolution\Data\Project1\Campbell RMBL Data\Paul's Meadow 2019\20190709b\LL_50_190709_Paul_792019_13.qgd","7/10/2019 6:10:45 AM","7/10/2019 6:46:32 AM","8081408","2DYHPD2\User"
"C:\GCMSsolution\Data\Project1\Campbell RMBL Data\Paul's Meadow 2019\20190709b\LL_51_190709_Paul_792019_14.qgd","7/10/2019 6:46:38 AM","7/10/2019 7:22:23 AM","8081408","2DYHPD2\User"
"C:\GCMSsolution\Data\Project1\Campbell RMBL Data\Paul's Meadow 2019\20190709b\LL_52_190709_Paul_792019_15.qgd","7/10/2019 7:22:30 AM","7/10/2019 7:58:32 AM","8077312","2DYHPD2\User"
"C:\GCMSsolution\Data\Project1\Campbell RMBL Data\Paul's Meadow 2019\20190709b\MR_44_190703_Paul_792019_06.qgd","7/10/2019 2:00:24 AM","7/10/2019 2:36:22 AM","8372224","2DYHPD2\User"
"C:\GCMSsolution\Data\Project1\Campbell RMBL Data\Paul's Meadow 2019\20190709b\TrapBlank1_Paul_792019_20.qgd","7/10/2019 10:22:34 AM","7/10/2019 10:58:57 AM","8065024","2DYHPD2\User"
"C:\GCMSsolution\Data\Project1\Campbell RMBL Data\Paul's Meadow 2019\20190710a","7/10/2019 6:06:34 PM","7/10/2019 6:06:42 PM",,"2DYHPD2\User"
"C:\GCMSsolution\Data\Project1\Campbell RMBL Data\Paul's Meadow 2019\20190710a\Air_46_190703_Paul_7102019_02.qgd","7/10/2019 12:53:46 PM","7/10/2019 1:29:49 PM","8077312","2DYHPD2\User"
"C:\GCMSsolution\Data\Project1\Campbell RMBL Data\Paul's Meadow 2019\20190710a\Blank1_7102019_01.qgd","7/10/2019 12:13:22 PM","7/10/2019 12:53:41 PM","8212480","2DYHPD2\User"
"C:\GCMSsolution\Data\Project1\Campbell RMBL Data\Paul's Meadow 2019\20190710a\LL_53_190709_Paul_7102019_03.qgd","7/10/2019 1:29:55 PM","7/10/2019 2:06:39 PM","8224768","2DYHPD2\User"
"C:\GCMSsolution\Data\Project1\Campbell RMBL Data\Paul's Meadow 2019\20190710a\TrapBlank2_7102019_04.qgd","7/10/2019 2:06:42 PM","7/10/2019 2:43:38 PM","8146944","2DYHPD2\User"
"C:\GCMSsolution\Data\Project1\Campbell RMBL Data\Paul's Meadow 2019\20190710a\TrapBlank3_7102019_05.qgd","7/10/2019 2:43:41 PM","7/10/2019 3:21:21 PM","8138752","2DYHPD2\User"
"C:\GCMSsolution\Data\Project1\Campbell RMBL Data\Paul's Meadow 2019\20190710b","7/21/2019 8:13:08 PM","7/21/2019 8:13:46 PM",,"2DYHPD2\User"
"C:\GCMSsolution\Data\Project1\Campbell RMBL Data\Paul's Meadow 2019\20190710b\Air_46_190703_Paul_7102019_02.qgd","7/10/2019 9:42:24 PM","7/10/2019 10:18:35 PM","8044544","2DYHPD2\User"
"C:\GCMSsolution\Data\Project1\Campbell RMBL Data\Paul's Meadow 2019\20190710b\Blank1a_7102019_01.qgd","7/10/2019 9:02:57 PM","7/10/2019 9:42:20 PM","8269824","2DYHPD2\User"
"C:\GCMSsolution\Data\Project1\Campbell RMBL Data\Paul's Meadow 2019\20190710b\Blank1b_7102019_03.qgd","7/10/2019 10:18:42 PM","7/10/2019 10:54:51 PM","8040448","2DYHPD2\User"
"C:\GCMSsolution\Data\Project1\Campbell RMBL Data\Paul's Meadow 2019\20190710b\CookedTrapBlank1_7102019_06.qgd","7/11/2019 12:07:12 AM","7/11/2019 12:41:55 AM","8065024","2DYHPD2\User"
"C:\GCMSsolution\Data\Project1\Campbell RMBL Data\Paul's Meadow 2019\20190710b\TrapBlank2_7102019_04.qgd","7/10/2019 10:54:57 PM","7/10/2019 11:31:01 PM","8040448","2DYHPD2\User"
"C:\GCMSsolution\Data\Project1\Campbell RMBL Data\Paul's Meadow 2019\20190710b\TrapBlank3_7102019_05.qgd","7/10/2019 11:31:08 PM","7/11/2019 12:07:06 AM","8056832","2DYHPD2\User"
"C:\GCMSsolution\Data\Project1\Campbell RMBL Data\Paul's Meadow 2019\20190717a","7/17/2019 2:11:52 PM","7/17/2019 2:12:25 PM",,"2DYHPD2\User"
"C:\GCMSsolution\Data\Project1\Campbell RMBL Data\Paul's Meadow 2019\20190717a\AC_60_1907015_Paul_7162019_05.qgd","7/16/2019 11:44:12 AM","7/16/2019 12:20:53 PM","8151040","2DYHPD2\User"
"C:\GCMSsolution\Data\Project1\Campbell RMBL Data\Paul's Meadow 2019\20190717a\AC_61_1907015_Paul_7162019_06.qgd","7/16/2019 12:20:59 PM","7/16/2019 12:58:06 PM","8151040","2DYHPD2\User"
"C:\GCMSsolution\Data\Project1\Campbell RMBL Data\Paul's Meadow 2019\20190717a\AC_62_1907015_Pau_7162019_08.qgd","7/16/2019 1:35:31 PM","7/16/2019 2:13:19 PM","8179712","2DYHPD2\User"
"C:\GCMSsolution\Data\Project1\Campbell RMBL Data\Paul's Meadow 2019\20190717a\AC_63_1907015_Paul_7162019_09.qgd","7/16/2019 2:13:25 PM","7/16/2019 2:51:44 PM","8167424","2DYHPD2\User"
"C:\GCMSsolution\Data\Project1\Campbell RMBL Data\Paul's Meadow 2019\20190717a\Air_57_1907015_Paul_7162019_02.qgd","7/16/2019 9:53:45 AM","7/16/2019 10:30:02 AM","8069120","2DYHPD2\User"
"C:\GCMSsolution\Data\Project1\Campbell RMBL Data\Paul's Meadow 2019\20190717a\Air_67_1907015_Paul_7162019_13.qgd","7/16/2019 4:47:47 PM","7/16/2019 5:26:48 PM","8175616","2DYHPD2\User"
"C:\GCMSsolution\Data\Project1\Campbell RMBL Data\Paul's Meadow 2019\20190717a\Blank_5_190715_Paul_7162019_01.qgd","7/16/2019 9:14:00 AM","7/16/2019 9:53:42 AM","8081408","2DYHPD2\User"
"C:\GCMSsolution\Data\Project1\Campbell RMBL Data\Paul's Meadow 2019\20190717a\Blank_5a_1907015_Paul_7162019_07.qgd","7/16/2019 12:58:11 PM","7/16/2019 1:35:26 PM","8122368","2DYHPD2\User"
"C:\GCMSsolution\Data\Project1\Campbell RMBL Data\Paul's Meadow 2019\20190717a\Blank_5b_1907015_Paul_7162019_14.qgd","7/16/2019 5:26:53 PM","7/16/2019 6:05:40 PM","8142848","2DYHPD2\User"
"C:\GCMSsolution\Data\Project1\Campbell RMBL Data\Paul's Meadow 2019\20190717a\EU_58_1907015_Paul_7162019_03.qgd","7/16/2019 10:30:05 AM","7/16/2019 11:06:49 AM","8200192","2DYHPD2\User"
"C:\GCMSsolution\Data\Project1\Campbell RMBL Data\Paul's Meadow 2019\20190717a\EU_59_1907015_Paul_7162019_04.qgd","7/16/2019 11:06:56 AM","7/16/2019 11:44:07 AM","8196096","2DYHPD2\User"
"C:\GCMSsolution\Data\Project1\Campbell RMBL Data\Paul's Meadow 2019\20190717a\PH_64_1907015_Paul_7162019_10.qgd","7/16/2019 2:51:49 PM","7/16/2019 3:30:03 PM","8146944","2DYHPD2\User"
"C:\GCMSsolution\Data\Project1\Campbell RMBL Data\Paul's Meadow 2019\20190717a\VA_65_1907015_Paul_7162019_11.qgd","7/16/2019 3:30:08 PM","7/16/2019 4:08:35 PM","8146944","2DYHPD2\User"
"C:\GCMSsolution\Data\Project1\Campbell RMBL Data\Paul's Meadow 2019\20190717a\VA_66_1907015_Paul_7162019_12.qgd","7/16/2019 4:08:40 PM","7/16/2019 4:47:41 PM","8175616","2DYHPD2\User"
"C:\GCMSsolution\Data\Project1\Campbell RMBL Data\Paul's Meadow 2019\20190804","8/4/2019 11:01:51 AM","8/4/2019 11:02:09 AM",,"2DYHPD2\User"
"C:\GCMSsolution\Data\Project1\Campbell RMBL Data\Paul's Meadow 2019\20190804\AC_83_190719_Paul_832019_03.qgd","8/4/2019 12:37:27 AM","8/4/2019 1:13:05 AM","8024064","2DYHPD2\User"
"C:\GCMSsolution\Data\Project1\Campbell RMBL Data\Paul's Meadow 2019\20190804\Air_68_190718_Paul_832019_02.qgd","8/3/2019 12:15:59 PM","8/3/2019 12:52:39 PM","8036352","2DYHPD2\User"
"C:\GCMSsolution\Data\Project1\Campbell RMBL Data\Paul's Meadow 2019\20190804\Air_76_190718_Paul_832019_08.qgd","8/3/2019 3:57:24 PM","8/3/2019 4:34:12 PM","8040448","2DYHPD2\User"
"C:\GCMSsolution\Data\Project1\Campbell RMBL Data\Paul's Meadow 2019\20190804\Air_77_190719_Paul_832019_12.qgd","8/3/2019 6:24:43 PM","8/3/2019 7:02:07 PM","8036352","2DYHPD2\User"
"C:\GCMSsolution\Data\Project1\Campbell RMBL Data\Paul's Meadow 2019\20190804\Air_85_190719_Paul_832019_05.qgd","8/4/2019 1:48:50 AM","8/4/2019 2:24:31 AM","8019968","2DYHPD2\User"
"C:\GCMSsolution\Data\Project1\Campbell RMBL Data\Paul's Meadow 2019\20190804\Air_86_190722_Paul_832019_06.qgd","8/4/2019 2:24:34 AM","8/4/2019 2:59:59 AM","8024064","2DYHPD2\User"
"C:\GCMSsolution\Data\Project1\Campbell RMBL Data\Paul's Meadow 2019\20190804\AM_84_190719_Paul_832019_04.qgd","8/4/2019 1:13:10 AM","8/4/2019 1:48:47 AM","8048640","2DYHPD2\User"
"C:\GCMSsolution\Data\Project1\Campbell RMBL Data\Paul's Meadow 2019\20190804\AM_91_190722_Paul_832019_11.qgd","8/4/2019 5:22:26 AM","8/4/2019 5:57:50 AM","8019968","2DYHPD2\User"
"C:\GCMSsolution\Data\Project1\Campbell RMBL Data\Paul's Meadow 2019\20190804\Blank_6_190718_Paul_832019_01.qgd","8/3/2019 11:35:01 AM","8/3/2019 12:15:53 PM","8085504","2DYHPD2\User"
"C:\GCMSsolution\Data\Project1\Campbell RMBL Data\Paul's Meadow 2019\20190804\Blank_6a_190718_Paul_832019_11.qgd","8/3/2019 5:48:01 PM","8/3/2019 6:24:38 PM","8024064","2DYHPD2\User"
"C:\GCMSsolution\Data\Project1\Campbell RMBL Data\Paul's Meadow 2019\20190804\Blank_7_190718_Paul_832019_01.qgd","8/3/2019 11:27:07 PM","8/4/2019 12:01:38 AM","8024064","2DYHPD2\User"
"C:\GCMSsolution\Data\Project1\Campbell RMBL Data\Paul's Meadow 2019\20190804\CR_78_190718_Paul_832019_13.qgd","8/3/2019 7:02:13 PM","8/3/2019 7:39:23 PM","8060928","2DYHPD2\User"
"C:\GCMSsolution\Data\Project1\Campbell RMBL Data\Paul's Meadow 2019\20190804\CR_79_190718_Paul_832019_14.qgd","8/3/2019 7:39:26 PM","8/3/2019 8:16:19 PM","8036352","2DYHPD2\User"
"C:\GCMSsolution\Data\Project1\Campbell RMBL Data\Paul's Meadow 2019\20190804\CR_80_190718_Paul_832019_15.qgd","8/3/2019 8:16:26 PM","8/3/2019 8:53:00 PM","8048640","2DYHPD2\User"
"C:\GCMSsolution\Data\Project1\Campbell RMBL Data\Paul's Meadow 2019\20190804\CR_81_190718_Paul_832019_16.qgd","8/3/2019 8:53:04 PM","8/3/2019 9:29:18 PM","8040448","2DYHPD2\User"
"C:\GCMSsolution\Data\Project1\Campbell RMBL Data\Paul's Meadow 2019\20190804\CR_82_190719_Paul_832019_02.qgd","8/4/2019 12:01:43 AM","8/4/2019 12:37:23 AM","8024064","2DYHPD2\User"
"C:\GCMSsolution\Data\Project1\Campbell RMBL Data\Paul's Meadow 2019\20190804\CS_73_190718_Paul_832019_07.qgd","8/3/2019 3:20:28 PM","8/3/2019 3:57:18 PM","8032256","2DYHPD2\User"
"C:\GCMSsolution\Data\Project1\Campbell RMBL Data\Paul's Meadow 2019\20190804\CS_74_190718_Paul_832019_09.qgd","8/3/2019 4:34:15 PM","8/3/2019 5:11:05 PM","8028160","2DYHPD2\User"
"C:\GCMSsolution\Data\Project1\Campbell RMBL Data\Paul's Meadow 2019\20190804\CS_75_190718_Paul_832019_10.qgd","8/3/2019 5:11:10 PM","8/3/2019 5:47:57 PM","8044544","2DYHPD2\User"
"C:\GCMSsolution\Data\Project1\Campbell RMBL Data\Paul's Meadow 2019\20190804\ES_69_190718_Paul_832019_03.qgd","8/3/2019 12:52:46 PM","8/3/2019 1:29:17 PM","8097792","2DYHPD2\User"
"C:\GCMSsolution\Data\Project1\Campbell RMBL Data\Paul's Meadow 2019\20190804\ES_70_190718_Paul_832019_04.qgd","8/3/2019 1:29:20 PM","8/3/2019 2:06:20 PM","8048640","2DYHPD2\User"
"C:\GCMSsolution\Data\Project1\Campbell RMBL Data\Paul's Meadow 2019\20190804\ES_71_190718_Paul_832019_05.qgd","8/3/2019 2:06:24 PM","8/3/2019 2:43:21 PM","8036352","2DYHPD2\User"
"C:\GCMSsolution\Data\Project1\Campbell RMBL Data\Paul's Meadow 2019\20190804\ES_72_190718_Paul_832019_06.qgd","8/3/2019 2:43:24 PM","8/3/2019 3:20:24 PM","8056832","2DYHPD2\User"
"C:\GCMSsolution\Data\Project1\Campbell RMBL Data\Paul's Meadow 2019\20190804\GB_87_190722_Paul_832019_07.qgd","8/4/2019 3:00:05 AM","8/4/2019 3:35:27 AM","8024064","2DYHPD2\User"
"C:\GCMSsolution\Data\Project1\Campbell RMBL Data\Paul's Meadow 2019\20190804\GB_88_190722_Paul_832019_08.qgd","8/4/2019 3:35:32 AM","8/4/2019 4:11:04 AM","8048640","2DYHPD2\User"
"C:\GCMSsolution\Data\Project1\Campbell RMBL Data\Paul's Meadow 2019\20190804\GB_89_190722_Paul_832019_09.qgd","8/4/2019 4:11:11 AM","8/4/2019 4:46:44 AM","8040448","2DYHPD2\User"
"C:\GCMSsolution\Data\Project1\Campbell RMBL Data\Paul's Meadow 2019\20190804\GB_90_190722_Paul_832019_10.qgd","8/4/2019 4:46:46 AM","8/4/2019 5:22:22 AM","8069120","2DYHPD2\User"
"C:\GCMSsolution\Data\Project1\Campbell RMBL Data\Paul's Meadow 2019\20190805","8/5/2019 1:37:52 AM","8/5/2019 1:38:08 AM",,"2DYHPD2\User"
"C:\GCMSsolution\Data\Project1\Campbell RMBL Data\Paul's Meadow 2019\20190805\AC_111_TT_190729_Paul_842019_21.qgd","8/5/2019 12:04:26 AM","8/5/2019 12:40:05 AM","8249344","2DYHPD2\User"
"C:\GCMSsolution\Data\Project1\Campbell RMBL Data\Paul's Meadow 2019\20190805\Air_104_190725_Paul_842019_14.qgd","8/4/2019 7:54:19 PM","8/4/2019 8:30:02 PM","8019968","2DYHPD2\User"
"C:\GCMSsolution\Data\Project1\Campbell RMBL Data\Paul's Meadow 2019\20190805\Air_105_190729_Paul_842019_15.qgd","8/4/2019 8:30:07 PM","8/4/2019 9:05:48 PM","8036352","2DYHPD2\User"
"C:\GCMSsolution\Data\Project1\Campbell RMBL Data\Paul's Meadow 2019\20190805\Air_110_190729_Paul_842019_20.qgd","8/4/2019 11:28:46 PM","8/5/2019 12:04:23 AM","8073216","2DYHPD2\User"
"C:\GCMSsolution\Data\Project1\Campbell RMBL Data\Paul's Meadow 2019\20190805\Air_94_190722_Paul_842019_04.qgd","8/4/2019 1:50:03 PM","8/4/2019 2:27:05 PM","8044544","2DYHPD2\User"
"C:\GCMSsolution\Data\Project1\Campbell RMBL Data\Paul's Meadow 2019\20190805\Air_95_190725_Paul_842019_05.qgd","8/4/2019 2:27:11 PM","8/4/2019 3:03:59 PM","8032256","2DYHPD2\User"
"C:\GCMSsolution\Data\Project1\Campbell RMBL Data\Paul's Meadow 2019\20190805\AM92_190722_Paul_842019_02.qgd","8/4/2019 12:36:15 PM","8/4/2019 1:13:11 PM","8056832","2DYHPD2\User"
"C:\GCMSsolution\Data\Project1\Campbell RMBL Data\Paul's Meadow 2019\20190805\AM93_190722_Paul_842019_03.qgd","8/4/2019 1:13:15 PM","8/4/2019 1:49:58 PM","8122368","2DYHPD2\User"
"C:\GCMSsolution\Data\Project1\Campbell RMBL Data\Paul's Meadow 2019\20190805\Blank_8_Paul_842019_01.qgd","8/4/2019 11:55:55 AM","8/4/2019 12:36:08 PM","8044544","2DYHPD2\User"
"C:\GCMSsolution\Data\Project1\Campbell RMBL Data\Paul's Meadow 2019\20190805\Blank_9_Paul_842019_22.qgd","8/5/2019 12:40:09 AM","8/5/2019 1:15:42 AM","8019968","2DYHPD2\User"
"C:\GCMSsolution\Data\Project1\Campbell RMBL Data\Paul's Meadow 2019\20190805\DG_109_TT_190729_Paul_842019_19.qgd","8/4/2019 10:53:06 PM","8/4/2019 11:28:44 PM","8081408","2DYHPD2\User"
"C:\GCMSsolution\Data\Project1\Campbell RMBL Data\Paul's Meadow 2019\20190805\HV_100_190725_Paul_842019_10.qgd","8/4/2019 5:30:28 PM","8/4/2019 6:06:31 PM","8060928","2DYHPD2\User"
"C:\GCMSsolution\Data\Project1\Campbell RMBL Data\Paul's Meadow 2019\20190805\HV_101_190725_Paul_842019_11.qgd","8/4/2019 6:06:37 PM","8/4/2019 6:42:33 PM","8032256","2DYHPD2\User"
"C:\GCMSsolution\Data\Project1\Campbell RMBL Data\Paul's Meadow 2019\20190805\HV_102_190725_Paul_842019_12.qgd","8/4/2019 6:42:38 PM","8/4/2019 7:18:20 PM","8024064","2DYHPD2\User"
"C:\GCMSsolution\Data\Project1\Campbell RMBL Data\Paul's Meadow 2019\20190805\HV_103_190725_Paul_842019_13.qgd","8/4/2019 7:18:23 PM","8/4/2019 7:54:13 PM","8028160","2DYHPD2\User"
"C:\GCMSsolution\Data\Project1\Campbell RMBL Data\Paul's Meadow 2019\20190805\MC_106_190729_Paul_842019_16.qgd","8/4/2019 9:05:54 PM","8/4/2019 9:41:33 PM","8159232","2DYHPD2\User"
"C:\GCMSsolution\Data\Project1\Campbell RMBL Data\Paul's Meadow 2019\20190805\MC_107_190729_Paul_842019_17.qgd","8/4/2019 9:41:39 PM","8/4/2019 10:17:17 PM","8224768","2DYHPD2\User"
"C:\GCMSsolution\Data\Project1\Campbell RMBL Data\Paul's Meadow 2019\20190805\MC_108_190729_Paul_842019_18.qgd","8/4/2019 10:17:22 PM","8/4/2019 10:53:02 PM","8036352","2DYHPD2\User"
"C:\GCMSsolution\Data\Project1\Campbell RMBL Data\Paul's Meadow 2019\20190805\SL_96_190725_Paul_842019_06.qgd","8/4/2019 3:04:02 PM","8/4/2019 3:41:01 PM","8032256","2DYHPD2\User"
"C:\GCMSsolution\Data\Project1\Campbell RMBL Data\Paul's Meadow 2019\20190805\SL_97_190725_Paul_842019_07.qgd","8/4/2019 3:41:06 PM","8/4/2019 4:17:37 PM","8032256","2DYHPD2\User"
"C:\GCMSsolution\Data\Project1\Campbell RMBL Data\Paul's Meadow 2019\20190805\SL_98_190725_Paul_842019_08.qgd","8/4/2019 4:17:41 PM","8/4/2019 4:54:06 PM","8044544","2DYHPD2\User"
"C:\GCMSsolution\Data\Project1\Campbell RMBL Data\Paul's Meadow 2019\20190805\SL_99_190725_Paul_842019_09.qgd","8/4/2019 4:54:10 PM","8/4/2019 5:30:22 PM","8036352","2DYHPD2\User"
"C:\GCMSsolution\Data\Project1\Campbell RMBL Data\Temperature expt 2015","7/24/2018 4:29:28 PM","9/3/2018 6:14:51 PM",,"2DYHPD2\User"
"C:\GCMSsolution\Data\Project1\Campbell RMBL Data\Temperature expt 2015\10deg10cNSep2_07242018.qgd","7/25/2018 1:11:17 AM","7/25/2018 1:43:17 AM","7294976","2DYHPD2\User"
"C:\GCMSsolution\Data\Project1\Campbell RMBL Data\Temperature expt 2015\10deg1NSep2_07242018.qgd","7/25/2018 12:38:54 AM","7/25/2018 1:11:03 AM","7188480","2DYHPD2\User"
"C:\GCMSsolution\Data\Project1\Campbell RMBL Data\Temperature expt 2015\10deg3cNSep1_07242018.qgd","7/24/2018 8:50:24 PM","7/24/2018 9:22:53 PM","7516160","2DYHPD2\User"
"C:\GCMSsolution\Data\Project1\Campbell RMBL Data\Temperature expt 2015\10deg5bNSep2_07242018.qgd","7/24/2018 6:00:55 PM","7/24/2018 6:35:03 PM","7086080","2DYHPD2\User"
"C:\GCMSsolution\Data\Project1\Campbell RMBL Data\Temperature expt 2015\10deg7bNSep1_07242018.qgd","7/24/2018 11:01:11 PM","7/24/2018 11:33:28 PM","7258112","2DYHPD2\User"
"C:\GCMSsolution\Data\Project1\Campbell RMBL Data\Temperature expt 2015\10deg8cNSep1_07242018.qgd","7/24/2018 6:35:17 PM","7/24/2018 7:09:14 PM","7090176","2DYHPD2\User"
"C:\GCMSsolution\Data\Project1\Campbell RMBL Data\Temperature expt 2015\10deg8NSep2_07242018.qgd","7/24/2018 9:23:09 PM","7/24/2018 9:55:13 PM","7421952","2DYHPD2\User"
"C:\GCMSsolution\Data\Project1\Campbell RMBL Data\Temperature expt 2015\10degLeafSep2_09032018.qgd","9/3/2018 10:27:51 AM","9/3/2018 10:59:00 AM","7397376","2DYHPD2\User"
"C:\GCMSsolution\Data\Project1\Campbell RMBL Data\Temperature expt 2015\25deg10cDSep1_07242018.qgd","7/24/2018 7:09:31 PM","7/24/2018 7:43:08 PM","7200768","2DYHPD2\User"
"C:\GCMSsolution\Data\Project1\Campbell RMBL Data\Temperature expt 2015\25deg11bDSep1_07242018.qgd","7/24/2018 10:28:30 PM","7/24/2018 11:00:58 PM","7356416","2DYHPD2\User"
"C:\GCMSsolution\Data\Project1\Campbell RMBL Data\Temperature expt 2015\25deg11DSep1_09022018.qgd","9/3/2018 2:15:26 AM","9/3/2018 2:46:41 AM","7057408","2DYHPD2\User"
"C:\GCMSsolution\Data\Project1\Campbell RMBL Data\Temperature expt 2015\25deg12bDSep1_07242018.qgd","7/25/2018 2:47:26 AM","7/25/2018 3:18:50 AM","7565312","2DYHPD2\User"
"C:\GCMSsolution\Data\Project1\Campbell RMBL Data\Temperature expt 2015\25deg5DSep1_09022018.qgd","9/3/2018 3:49:57 AM","9/3/2018 4:21:05 AM","6975488","2DYHPD2\User"
"C:\GCMSsolution\Data\Project1\Campbell RMBL Data\Temperature expt 2015\25deg8bDSep1_09022018.qgd","9/3/2018 3:18:24 AM","9/3/2018 3:49:43 AM","7188480","2DYHPD2\User"
"C:\GCMSsolution\Data\Project1\Campbell RMBL Data\Temperature expt 2015\25degLeafDSep2_09032018.qgd","9/3/2018 11:30:41 AM","9/3/2018 12:01:52 PM","7372800","2DYHPD2\User"
"C:\GCMSsolution\Data\Project1\Campbell RMBL Data\Temperature expt 2015\30deg1DSep1_07242018.qgd","7/24/2018 9:55:28 PM","7/24/2018 10:28:13 PM","7204864","2DYHPD2\User"
"C:\GCMSsolution\Data\Project1\Campbell RMBL Data\Temperature expt 2015\30deg3cDSep1_09022018.qgd","9/3/2018 1:43:40 AM","9/3/2018 2:15:09 AM","7036928","2DYHPD2\User"
"C:\GCMSsolution\Data\Project1\Campbell RMBL Data\Temperature expt 2015\30deg5bDSep1_09022018.qgd","9/3/2018 2:46:55 AM","9/3/2018 3:18:11 AM","7241728","2DYHPD2\User"
"C:\GCMSsolution\Data\Project1\Campbell RMBL Data\Temperature expt 2015\30deg7bDSep1_07242018.qgd","7/24/2018 7:43:24 PM","7/24/2018 8:16:48 PM","7340032","2DYHPD2\User"
"C:\GCMSsolution\Data\Project1\Campbell RMBL Data\Temperature expt 2015\30deg8cDSep1_09032018.qgd","9/3/2018 9:56:21 AM","9/3/2018 10:27:34 AM","7286784","2DYHPD2\User"
"C:\GCMSsolution\Data\Project1\Campbell RMBL Data\Temperature expt 2015\30deg8DSep1_07242018.qgd","7/25/2018 2:15:36 AM","7/25/2018 2:47:12 AM","7487488","2DYHPD2\User"
"C:\GCMSsolution\Data\Project1\Campbell RMBL Data\Temperature expt 2015\30degAirDSep2_07242018.qgd","7/24/2018 11:33:44 PM","7/25/2018 12:06:00 AM","7278592","2DYHPD2\User"
"C:\GCMSsolution\Data\Project1\Campbell RMBL Data\Temperature expt 2015\30degLeafSep2_09022018.qgd","9/3/2018 4:21:22 AM","9/3/2018 4:52:38 AM","7200768","2DYHPD2\User"
"C:\GCMSsolution\Data\Project1\Campbell RMBL Data\Temperature expt 2015\5deg11bNSep1_07242018.qgd","7/25/2018 3:19:07 AM","7/25/2018 3:50:32 AM","7254016","2DYHPD2\User"
"C:\GCMSsolution\Data\Project1\Campbell RMBL Data\Temperature expt 2015\5deg11NSep2_07242018.qgd","7/25/2018 12:06:13 AM","7/25/2018 12:38:38 AM","7303168","2DYHPD2\User"
"C:\GCMSsolution\Data\Project1\Campbell RMBL Data\Temperature expt 2015\5deg12bNSep2_07242018.qgd","7/25/2018 1:43:33 AM","7/25/2018 2:15:20 AM","7344128","2DYHPD2\User"
"C:\GCMSsolution\Data\Project1\Campbell RMBL Data\Temperature expt 2015\5deg5NSep1_07242018.qgd","7/24/2018 8:17:04 PM","7/24/2018 8:50:09 PM","7307264","2DYHPD2\User"
"C:\GCMSsolution\Data\Project1\Campbell RMBL Data\Temperature expt 2015\5deg8bNSep1_07242018.qgd","7/24/2018 5:27:20 PM","7/24/2018 6:00:43 PM","7229440","2DYHPD2\User"
"C:\GCMSsolution\Data\Project1\Campbell RMBL Data\Temperature expt 2015\5degLeafNSep2_09032018.qgd","9/3/2018 10:59:16 AM","9/3/2018 11:30:25 AM","7540736","2DYHPD2\User"
"C:\GCMSsolution\Data\Project1\Campbell RMBL Data\Temperature expt 2015\AirD25degSep1_09032018.qgd","9/3/2018 9:24:56 AM","9/3/2018 9:56:05 AM","7237632","2DYHPD2\User"
"C:\GCMSsolution\Data\Project1\Campbell RMBL Data\Temperature expt 2015\AirN10degSep2_09032018_loosecapdonotuse.qgd","9/3/2018 12:02:06 PM","9/3/2018 12:33:18 PM","7540736","2DYHPD2\User"
"C:\GCMSsolution\Data\Project1\Campbell RMBL Data\Temperature expt 2015\AirN5degSep2_09032018.qgd","9/3/2018 8:53:36 AM","9/3/2018 9:24:40 AM","7032832","2DYHPD2\User"
"C:\GCMSsolution\Data\Project1\Campbell RMBL Data\Temperature expt 2015\Blank_07242018.qgd","7/24/2018 4:49:32 PM","7/24/2018 5:27:07 PM","6832128","2DYHPD2\User"
"C:\GCMSsolution\Data\Project1\Campbell RMBL Data\Temperature expt 2015\Blank_09032018.qgd","9/3/2018 8:16:14 AM","9/3/2018 8:53:22 AM","6963200","2DYHPD2\User"
"C:\GCMSsolution\Data\Project1\Campbell RMBL Data\Temperature expt CWu 2018","8/29/2018 11:48:37 AM","9/3/2018 8:53:23 AM",,"2DYHPD2\User"
"C:\GCMSsolution\Data\Project1\Campbell RMBL Data\Temperature expt CWu 2018\A117DAug16_09012018.qgd","9/1/2018 11:02:02 PM","9/1/2018 11:33:21 PM","6803456","2DYHPD2\User"
"C:\GCMSsolution\Data\Project1\Campbell RMBL Data\Temperature expt CWu 2018\A117DCoolAug10_08292018.qgd","8/29/2018 1:20:59 PM","8/29/2018 1:53:30 PM","6807552","2DYHPD2\User"
"C:\GCMSsolution\Data\Project1\Campbell RMBL Data\Temperature expt CWu 2018\A117NAug10_08302018.qgd","8/30/2018 2:18:27 PM","8/30/2018 2:50:53 PM","6877184","2DYHPD2\User"
"C:\GCMSsolution\Data\Project1\Campbell RMBL Data\Temperature expt CWu 2018\A128DAug16_09012018.qgd","9/1/2018 11:33:36 PM","9/2/2018 12:04:58 AM","6795264","2DYHPD2\User"
"C:\GCMSsolution\Data\Project1\Campbell RMBL Data\Temperature expt CWu 2018\A128DWarmAug10_08292018.qgd","8/29/2018 7:17:49 PM","8/29/2018 7:50:12 PM","6811648","2DYHPD2\User"
"C:\GCMSsolution\Data\Project1\Campbell RMBL Data\Temperature expt CWu 2018\A128NAug10_08292018.qgd","8/30/2018 6:06:53 AM","8/30/2018 6:38:16 AM","6852608","2DYHPD2\User"
"C:\GCMSsolution\Data\Project1\Campbell RMBL Data\Temperature expt CWu 2018\A128NAug15_09012018.qgd","9/1/2018 9:56:44 AM","9/1/2018 10:28:06 AM","6807552","2DYHPD2\User"
"C:\GCMSsolution\Data\Project1\Campbell RMBL Data\Temperature expt CWu 2018\A139DAug16_09012018.qgd","9/1/2018 9:27:55 PM","9/1/2018 9:59:10 PM","6836224","2DYHPD2\User"
"C:\GCMSsolution\Data\Project1\Campbell RMBL Data\Temperature expt CWu 2018\A139DCoolAug10_08292018.qgd","8/29/2018 5:07:58 PM","8/29/2018 5:40:21 PM","6799360","2DYHPD2\User"
"C:\GCMSsolution\Data\Project1\Campbell RMBL Data\Temperature expt CWu 2018\A139NAug10_08302018.qgd","8/30/2018 2:51:06 PM","8/30/2018 3:23:39 PM","6840320","2DYHPD2\User"
"C:\GCMSsolution\Data\Project1\Campbell RMBL Data\Temperature expt CWu 2018\A139NAug15_09012018.qgd","9/1/2018 9:25:22 AM","9/1/2018 9:56:30 AM","6819840","2DYHPD2\User"
"C:\GCMSsolution\Data\Project1\Campbell RMBL Data\Temperature expt CWu 2018\A141DWarmAug10_08292018.qgd","8/29/2018 10:12:37 PM","8/29/2018 10:44:01 PM","6795264","2DYHPD2\User"
"C:\GCMSsolution\Data\Project1\Campbell RMBL Data\Temperature expt CWu 2018\A141NAug10_08302018.qgd","8/30/2018 10:30:19 AM","8/30/2018 11:01:59 AM","6807552","2DYHPD2\User"
"C:\GCMSsolution\Data\Project1\Campbell RMBL Data\Temperature expt CWu 2018\A141redoDWarmAug10_08292018.qgd","8/29/2018 11:15:50 PM","8/29/2018 11:47:10 PM","6840320","2DYHPD2\User"
"C:\GCMSsolution\Data\Project1\Campbell RMBL Data\Temperature expt CWu 2018\A150DAug16_09012018.qgd","9/2/2018 2:41:54 AM","9/2/2018 3:13:07 AM","6803456","2DYHPD2\User"
"C:\GCMSsolution\Data\Project1\Campbell RMBL Data\Temperature expt CWu 2018\A150NAug15_09012018.qgd","9/1/2018 1:39:08 PM","9/1/2018 2:11:18 PM","6795264","2DYHPD2\User"
"C:\GCMSsolution\Data\Project1\Campbell RMBL Data\Temperature expt CWu 2018\A179DAug15_09012018.qgd","9/1/2018 8:24:22 PM","9/1/2018 8:55:56 PM","6811648","2DYHPD2\User"
"C:\GCMSsolution\Data\Project1\Campbell RMBL Data\Temperature expt CWu 2018\A179DCoolAug10_08292018.qgd","8/29/2018 2:25:46 PM","8/29/2018 2:57:41 PM","6807552","2DYHPD2\User"
"C:\GCMSsolution\Data\Project1\Campbell RMBL Data\Temperature expt CWu 2018\A179NAug10_08302018.qgd","8/30/2018 11:34:27 AM","8/30/2018 12:06:44 PM","6819840","2DYHPD2\User"
"C:\GCMSsolution\Data\Project1\Campbell RMBL Data\Temperature expt CWu 2018\A179NAug15_09012018.qgd","9/1/2018 2:11:32 PM","9/1/2018 2:43:46 PM","6836224","2DYHPD2\User"
"C:\GCMSsolution\Data\Project1\Campbell RMBL Data\Temperature expt CWu 2018\A188DAug16_09012018.qgd","9/2/2018 2:11:29 AM","9/2/2018 2:41:38 AM","6787072","2DYHPD2\User"
"C:\GCMSsolution\Data\Project1\Campbell RMBL Data\Temperature expt CWu 2018\A188DCoolAug10_08292018.qgd","8/29/2018 4:02:41 PM","8/29/2018 4:35:02 PM","6844416","2DYHPD2\User"
"C:\GCMSsolution\Data\Project1\Campbell RMBL Data\Temperature expt CWu 2018\A188DredoAug16renamed_09022018.qgd","9/2/2018 3:36:54 PM","9/2/2018 4:08:15 PM","6803456","2DYHPD2\User"
"C:\GCMSsolution\Data\Project1\Campbell RMBL Data\Temperature expt CWu 2018\A188NAug10_08292018.qgd","8/30/2018 4:00:15 AM","8/30/2018 4:31:35 AM","6864896","2DYHPD2\User"
"C:\GCMSsolution\Data\Project1\Campbell RMBL Data\Temperature expt CWu 2018\A188NAug15_09012018.qgd","9/1/2018 3:49:36 PM","9/1/2018 4:22:36 PM","6828032","2DYHPD2\User"
"C:\GCMSsolution\Data\Project1\Campbell RMBL Data\Temperature expt CWu 2018\A198DAug16_09012018.qgd","9/1/2018 6:42:01 PM","9/1/2018 7:20:06 PM","6963200","2DYHPD2\User"
"C:\GCMSsolution\Data\Project1\Campbell RMBL Data\Temperature expt CWu 2018\A198DWarmAug10_08292018.qgd","8/29/2018 9:10:23 PM","8/29/2018 9:41:56 PM","6832128","2DYHPD2\User"
"C:\GCMSsolution\Data\Project1\Campbell RMBL Data\Temperature expt CWu 2018\A198NAug10_08292018.qgd","8/30/2018 5:35:10 AM","8/30/2018 6:06:39 AM","6860800","2DYHPD2\User"
"C:\GCMSsolution\Data\Project1\Campbell RMBL Data\Temperature expt CWu 2018\A198NAug15_09012018.qgd","9/1/2018 11:31:21 AM","9/1/2018 12:02:53 PM","6811648","2DYHPD2\User"
"C:\GCMSsolution\Data\Project1\Campbell RMBL Data\Temperature expt CWu 2018\A200DAug16_09012018.qgd","9/1/2018 7:20:19 PM","9/1/2018 7:52:10 PM","6819840","2DYHPD2\User"
"C:\GCMSsolution\Data\Project1\Campbell RMBL Data\Temperature expt CWu 2018\A200DCoolAug10_08292018.qgd","8/29/2018 3:30:12 PM","8/29/2018 4:02:26 PM","6795264","2DYHPD2\User"
"C:\GCMSsolution\Data\Project1\Campbell RMBL Data\Temperature expt CWu 2018\A200NAug10_08302018.qgd","8/30/2018 12:39:47 PM","8/30/2018 1:12:30 PM","6811648","2DYHPD2\User"
"C:\GCMSsolution\Data\Project1\Campbell RMBL Data\Temperature expt CWu 2018\A200NAug15_09012018.qgd","9/1/2018 2:44:00 PM","9/1/2018 3:16:28 PM","6819840","2DYHPD2\User"
"C:\GCMSsolution\Data\Project1\Campbell RMBL Data\Temperature expt CWu 2018\A74DWarmAug10_08292018.qgd","8/29/2018 11:47:25 PM","8/30/2018 12:18:46 AM","6828032","2DYHPD2\User"
"C:\GCMSsolution\Data\Project1\Campbell RMBL Data\Temperature expt CWu 2018\A74NAug10_08292018.qgd","8/30/2018 2:56:54 AM","8/30/2018 3:28:20 AM","6823936","2DYHPD2\User"
"C:\GCMSsolution\Data\Project1\Campbell RMBL Data\Temperature expt CWu 2018\Air1July27redo_09022018.qgd","9/2/2018 11:37:33 PM","9/3/2018 12:08:48 AM","6787072","2DYHPD2\User"
"C:\GCMSsolution\Data\Project1\Campbell RMBL Data\Temperature expt CWu 2018\Air1renamedJuly25_08312018.qgd","8/31/2018 12:47:37 PM","8/31/2018 1:19:27 PM","6860800","2DYHPD2\User"
"C:\GCMSsolution\Data\Project1\Campbell RMBL Data\Temperature expt CWu 2018\Air2July25redo_08312018.qgd","9/1/2018 12:19:17 AM","9/1/2018 12:50:30 AM","6905856","2DYHPD2\User"
"C:\GCMSsolution\Data\Project1\Campbell RMBL Data\Temperature expt CWu 2018\Air2renamedJuly25_08312018.qgd","8/31/2018 1:19:41 PM","8/31/2018 1:50:23 PM","6795264","2DYHPD2\User"
"C:\GCMSsolution\Data\Project1\Campbell RMBL Data\Temperature expt CWu 2018\Air2renamedJuly27_09022018.qgd","9/2/2018 1:30:34 PM","9/2/2018 2:01:48 PM","6799360","2DYHPD2\User"
"C:\GCMSsolution\Data\Project1\Campbell RMBL Data\Temperature expt CWu 2018\Air3July27_09022018.qgd","9/2/2018 8:44:45 AM","9/2/2018 9:15:54 AM","6807552","2DYHPD2\User"
"C:\GCMSsolution\Data\Project1\Campbell RMBL Data\Temperature expt CWu 2018\Air3renamedJuly25_08312018.qgd","8/31/2018 1:50:38 PM","8/31/2018 2:22:30 PM","6807552","2DYHPD2\User"
"C:\GCMSsolution\Data\Project1\Campbell RMBL Data\Temperature expt CWu 2018\Air4July27_09022018.qgd","9/2/2018 12:58:43 PM","9/2/2018 1:30:18 PM","6799360","2DYHPD2\User"
"C:\GCMSsolution\Data\Project1\Campbell RMBL Data\Temperature expt CWu 2018\AirC11Aug15_09012018.qgd","9/1/2018 8:22:18 AM","9/1/2018 8:53:34 AM","6815744","2DYHPD2\User"
"C:\GCMSsolution\Data\Project1\Campbell RMBL Data\Temperature expt CWu 2018\AirC12Aug15_09012018.qgd","9/1/2018 5:28:34 PM","9/1/2018 6:00:41 PM","6807552","2DYHPD2\User"
"C:\GCMSsolution\Data\Project1\Campbell RMBL Data\Temperature expt CWu 2018\AirC13Aug16_08312018.qgd","9/1/2018 1:53:45 AM","9/1/2018 2:25:07 AM","6840320","2DYHPD2\User"
"C:\GCMSsolution\Data\Project1\Campbell RMBL Data\Temperature expt CWu 2018\AirC14DAug16_09012018.qgd","9/2/2018 1:08:13 AM","9/2/2018 1:39:38 AM","6860800","2DYHPD2\User"
"C:\GCMSsolution\Data\Project1\Campbell RMBL Data\Temperature expt CWu 2018\AirC1Aug10_08292018.qgd","8/29/2018 12:48:33 PM","8/29/2018 1:20:46 PM","6807552","2DYHPD2\User"
"C:\GCMSsolution\Data\Project1\Campbell RMBL Data\Temperature expt CWu 2018\AirC2Aug10_08292018.qgd","8/29/2018 6:13:14 PM","8/29/2018 6:45:27 PM","6815744","2DYHPD2\User"
"C:\GCMSsolution\Data\Project1\Campbell RMBL Data\Temperature expt CWu 2018\AirC3NAug10_08292018.qgd","8/30/2018 2:25:21 AM","8/30/2018 2:56:40 AM","6897664","2DYHPD2\User"
"C:\GCMSsolution\Data\Project1\Campbell RMBL Data\Temperature expt CWu 2018\AirC4Aug10_08302018.qgd","8/30/2018 5:02:27 PM","8/30/2018 5:34:58 PM","6799360","2DYHPD2\User"
"C:\GCMSsolution\Data\Project1\Campbell RMBL Data\Temperature expt CWu 2018\AirJuly26_08312018.qgd","8/31/2018 9:41:24 PM","8/31/2018 10:12:48 PM","6864896","2DYHPD2\User"
"C:\GCMSsolution\Data\Project1\Campbell RMBL Data\Temperature expt CWu 2018\AirlastJuly25_08312018.qgd","9/1/2018 1:22:12 AM","9/1/2018 1:53:30 AM","6832128","2DYHPD2\User"
"C:\GCMSsolution\Data\Project1\Campbell RMBL Data\Temperature expt CWu 2018\AirNrenamedJuly25_08312018.qgd","8/31/2018 2:22:46 PM","8/31/2018 2:54:44 PM","6901760","2DYHPD2\User"
"C:\GCMSsolution\Data\Project1\Campbell RMBL Data\Temperature expt CWu 2018\AirW11Aug15_09012018.qgd","9/1/2018 8:53:48 AM","9/1/2018 9:25:06 AM","6799360","2DYHPD2\User"
"C:\GCMSsolution\Data\Project1\Campbell RMBL Data\Temperature expt CWu 2018\AirW12Aug15_09012018.qgd","9/1/2018 4:56:13 PM","9/1/2018 5:28:20 PM","6815744","2DYHPD2\User"
"C:\GCMSsolution\Data\Project1\Campbell RMBL Data\Temperature expt CWu 2018\AirW13Aug16_08312018.qgd","9/1/2018 2:25:24 AM","9/1/2018 2:56:37 AM","6795264","2DYHPD2\User"
"C:\GCMSsolution\Data\Project1\Campbell RMBL Data\Temperature expt CWu 2018\AirW14Aug16_09012018.qgd","9/2/2018 12:36:40 AM","9/2/2018 1:07:56 AM","6815744","2DYHPD2\User"
"C:\GCMSsolution\Data\Project1\Campbell RMBL Data\Temperature expt CWu 2018\AirW1Aug10_08292018.qgd","8/29/2018 6:45:40 PM","8/29/2018 7:17:36 PM","6832128","2DYHPD2\User"
"C:\GCMSsolution\Data\Project1\Campbell RMBL Data\Temperature expt CWu 2018\AirW2Aug10_08292018.qgd","8/30/2018 12:50:38 AM","8/30/2018 1:21:56 AM","6807552","2DYHPD2\User"
"C:\GCMSsolution\Data\Project1\Campbell RMBL Data\Temperature expt CWu 2018\AirW3NAug10_08292018.qgd","8/30/2018 1:53:42 AM","8/30/2018 2:25:05 AM","6823936","2DYHPD2\User"
"C:\GCMSsolution\Data\Project1\Campbell RMBL Data\Temperature expt CWu 2018\AirW4Aug10_08302018.qgd","8/30/2018 4:29:40 PM","8/30/2018 5:02:11 PM","6799360","2DYHPD2\User"
"C:\GCMSsolution\Data\Project1\Campbell RMBL Data\Temperature expt CWu 2018\Bake_08292018.qgd","8/29/2018 12:04:57 PM","8/29/2018 12:48:20 PM","6787072","2DYHPD2\User"
"C:\GCMSsolution\Data\Project1\Campbell RMBL Data\Temperature expt CWu 2018\Bake_09012018.qgd","9/1/2018 6:00:54 PM","9/1/2018 6:33:45 PM","7008256","2DYHPD2\User"
"C:\GCMSsolution\Data\Project1\Campbell RMBL Data\Temperature expt CWu 2018\BakerenamedJuly27_09022018.qgd","9/2/2018 5:43:22 PM","9/2/2018 6:14:34 PM","6946816","2DYHPD2\User"
"C:\GCMSsolution\Data\Project1\Campbell RMBL Data\Temperature expt CWu 2018\Blank_08302018.qgd","8/30/2018 9:20:47 AM","8/30/2018 9:58:40 AM","6799360","2DYHPD2\User"
"C:\GCMSsolution\Data\Project1\Campbell RMBL Data\Temperature expt CWu 2018\Blank_08312018.qgd","8/31/2018 7:57:30 AM","8/31/2018 8:34:32 AM","6795264","2DYHPD2\User"
"C:\GCMSsolution\Data\Project1\Campbell RMBL Data\Temperature expt CWu 2018\Blank_09012018.qgd","9/1/2018 7:44:51 AM","9/1/2018 8:22:05 AM","6795264","2DYHPD2\User"
"C:\GCMSsolution\Data\Project1\Campbell RMBL Data\Temperature expt CWu 2018\Blank_09022018.qgd","9/2/2018 8:07:36 AM","9/2/2018 8:44:31 AM","6815744","2DYHPD2\User"
"C:\GCMSsolution\Data\Project1\Campbell RMBL Data\Temperature expt CWu 2018\Blank2_08292018.qgd","8/29/2018 8:33:17 PM","8/29/2018 9:10:09 PM","6787072","2DYHPD2\User"
"C:\GCMSsolution\Data\Project1\Campbell RMBL Data\Temperature expt CWu 2018\Blank2_08302018.qgd","8/30/2018 8:28:31 PM","8/30/2018 9:05:44 PM","6791168","2DYHPD2\User"
"C:\GCMSsolution\Data\Project1\Campbell RMBL Data\Temperature expt CWu 2018\Blank2_08312018.qgd","8/31/2018 6:23:21 PM","8/31/2018 7:01:55 PM","6791168","2DYHPD2\User"
"C:\GCMSsolution\Data\Project1\Campbell RMBL Data\Temperature expt CWu 2018\CWbb10July27_09012018.qgd","9/2/2018 3:45:05 AM","9/2/2018 4:16:30 AM","6823936","2DYHPD2\User"
"C:\GCMSsolution\Data\Project1\Campbell RMBL Data\Temperature expt CWu 2018\CWbb123July27_09022018.qgd","9/2/2018 9:31:49 PM","9/2/2018 10:02:59 PM","6823936","2DYHPD2\User"
"C:\GCMSsolution\Data\Project1\Campbell RMBL Data\Temperature expt CWu 2018\CWbb13July27renamed_09022018.qgd","9/2/2018 4:08:28 PM","9/2/2018 4:39:55 PM","6881280","2DYHPD2\User"
"C:\GCMSsolution\Data\Project1\Campbell RMBL Data\Temperature expt CWu 2018\CWbb14renamedJuly27_09022018.qgd","9/2/2018 4:40:10 PM","9/2/2018 5:11:30 PM","6832128","2DYHPD2\User"
"C:\GCMSsolution\Data\Project1\Campbell RMBL Data\Temperature expt CWu 2018\CWbb15renamedJuly27_09022018.qgd","9/2/2018 5:11:43 PM","9/2/2018 5:43:06 PM","6901760","2DYHPD2\User"
"C:\GCMSsolution\Data\Project1\Campbell RMBL Data\Temperature expt CWu 2018\CWbb2July27_09022018.qgd","9/2/2018 8:29:03 PM","9/2/2018 9:00:14 PM","6807552","2DYHPD2\User"
"C:\GCMSsolution\Data\Project1\Campbell RMBL Data\Temperature expt CWu 2018\CWbb348July27_09022018.qgd","9/2/2018 12:26:57 PM","9/2/2018 12:58:29 PM","6807552","2DYHPD2\User"
"C:\GCMSsolution\Data\Project1\Campbell RMBL Data\Temperature expt CWu 2018\CWbb353July27_09022018.qgd","9/2/2018 11:22:55 AM","9/2/2018 11:54:38 AM","6864896","2DYHPD2\User"
"C:\GCMSsolution\Data\Project1\Campbell RMBL Data\Temperature expt CWu 2018\CWbb3July27_09022018.qgd","9/2/2018 9:00:28 PM","9/2/2018 9:31:36 PM","6860800","2DYHPD2\User"
"C:\GCMSsolution\Data\Project1\Campbell RMBL Data\Temperature expt CWu 2018\CWbb4July27_09022018.qgd","9/2/2018 10:51:01 AM","9/2/2018 11:22:39 AM","6819840","2DYHPD2\User"
"C:\GCMSsolution\Data\Project1\Campbell RMBL Data\Temperature expt CWu 2018\CWbb5July27_09022018.qgd","9/2/2018 11:06:03 PM","9/2/2018 11:37:20 PM","6815744","2DYHPD2\User"
"C:\GCMSsolution\Data\Project1\Campbell RMBL Data\Temperature expt CWu 2018\CWbb6July27_09022018.qgd","9/2/2018 10:34:39 PM","9/2/2018 11:05:48 PM","6856704","2DYHPD2\User"
"C:\GCMSsolution\Data\Project1\Campbell RMBL Data\Temperature expt CWu 2018\CWbb9July27_09012018.qgd","9/2/2018 3:13:23 AM","9/2/2018 3:44:50 AM","6811648","2DYHPD2\User"
"C:\GCMSsolution\Data\Project1\Campbell RMBL Data\Temperature expt CWu 2018\CWF1July27_09022018.qgd","9/2/2018 9:16:10 AM","9/2/2018 9:47:21 AM","6803456","2DYHPD2\User"
"C:\GCMSsolution\Data\Project1\Campbell RMBL Data\Temperature expt CWu 2018\CWF2July27_09022018.qgd","9/2/2018 9:47:36 AM","9/2/2018 10:19:03 AM","6795264","2DYHPD2\User"
"C:\GCMSsolution\Data\Project1\Campbell RMBL Data\Temperature expt CWu 2018\CWF3July27_09022018.qgd","9/2/2018 10:19:18 AM","9/2/2018 10:50:46 AM","6803456","2DYHPD2\User"
"C:\GCMSsolution\Data\Project1\Campbell RMBL Data\Temperature expt CWu 2018\CWG1July27_09022018.qgd","9/2/2018 6:23:47 PM","9/2/2018 7:26:04 PM","6995968","2DYHPD2\User"
"C:\GCMSsolution\Data\Project1\Campbell RMBL Data\Temperature expt CWu 2018\CWG2July27_09022018.qgd","9/2/2018 7:26:18 PM","9/2/2018 7:57:26 PM","6893568","2DYHPD2\User"
"C:\GCMSsolution\Data\Project1\Campbell RMBL Data\Temperature expt CWu 2018\CWG3July27_09022018.qgd","9/2/2018 7:57:42 PM","9/2/2018 8:28:50 PM","6868992","2DYHPD2\User"
"C:\GCMSsolution\Data\Project1\Campbell RMBL Data\Temperature expt CWu 2018\CWH1July27_09022018.qgd","9/2/2018 10:03:14 PM","9/2/2018 10:34:23 PM","6828032","2DYHPD2\User"
"C:\GCMSsolution\Data\Project1\Campbell RMBL Data\Temperature expt CWu 2018\CWH1LeafJuly27_09022018.qgd","9/3/2018 12:09:04 AM","9/3/2018 12:40:24 AM","6811648","2DYHPD2\User"
"C:\GCMSsolution\Data\Project1\Campbell RMBL Data\Temperature expt CWu 2018\CWI1July27_09012018.qgd","9/2/2018 4:16:42 AM","9/2/2018 4:48:06 AM","6815744","2DYHPD2\User"
"C:\GCMSsolution\Data\Project1\Campbell RMBL Data\Temperature expt CWu 2018\CWI2July27_09022018.qgd","9/3/2018 12:40:38 AM","9/3/2018 1:11:54 AM","6848512","2DYHPD2\User"
"C:\GCMSsolution\Data\Project1\Campbell RMBL Data\Temperature expt CWu 2018\CWI3July27_09022018.qgd","9/3/2018 1:12:06 AM","9/3/2018 1:43:27 AM","6811648","2DYHPD2\User"
"C:\GCMSsolution\Data\Project1\Campbell RMBL Data\Temperature expt CWu 2018\CWJ1renamedJuly27_09022018.qgd","9/2/2018 2:02:03 PM","9/2/2018 2:33:21 PM","6868992","2DYHPD2\User"
"C:\GCMSsolution\Data\Project1\Campbell RMBL Data\Temperature expt CWu 2018\CWJ2renamedJuly27_09022018.qgd","9/2/2018 2:33:38 PM","9/2/2018 3:05:00 PM","6901760","2DYHPD2\User"
"C:\GCMSsolution\Data\Project1\Campbell RMBL Data\Temperature expt CWu 2018\CWJ3renamedJuly27_09022018.qgd","9/2/2018 3:05:16 PM","9/2/2018 3:36:38 PM","6832128","2DYHPD2\User"
"C:\GCMSsolution\Data\Project1\Campbell RMBL Data\Temperature expt CWu 2018\Ipotubes15_20180829.qgb","8/29/2018 12:04:33 PM","8/29/2018 12:04:33 PM","40960","2DYHPD2\User"
"C:\GCMSsolution\Data\Project1\Campbell RMBL Data\Temperature expt CWu 2018\Ipotubes18mixrun_20180903.qgb","9/3/2018 8:16:07 AM","9/3/2018 8:16:08 AM","45056","2DYHPD2\User"
"C:\GCMSsolution\Data\Project1\Campbell RMBL Data\Temperature expt CWu 2018\Ipotubes19_20180829.qgb","8/29/2018 8:32:41 PM","8/29/2018 8:32:41 PM","45056","2DYHPD2\User"
"C:\GCMSsolution\Data\Project1\Campbell RMBL Data\Temperature expt CWu 2018\Ipotubes19run_20180901.qgb","9/1/2018 6:41:33 PM","9/1/2018 6:41:33 PM","45056","2DYHPD2\User"
"C:\GCMSsolution\Data\Project1\Campbell RMBL Data\Temperature expt CWu 2018\Ipotubes19run_20180902.qgb","9/2/2018 6:23:42 PM","9/2/2018 6:34:55 PM","65536","2DYHPD2\User"
"C:\GCMSsolution\Data\Project1\Campbell RMBL Data\Temperature expt CWu 2018\Ipotubes20_20180830.qgb","8/30/2018 9:20:27 AM","8/30/2018 9:20:27 AM","45056","2DYHPD2\User"
"C:\GCMSsolution\Data\Project1\Campbell RMBL Data\Temperature expt CWu 2018\Ipotubes20run_20180831.qgb","8/31/2018 7:57:16 AM","8/31/2018 7:57:16 AM","45056","2DYHPD2\User"
"C:\GCMSsolution\Data\Project1\Campbell RMBL Data\Temperature expt CWu 2018\Ipotubes20run_20180901.qgb","9/1/2018 7:44:46 AM","9/1/2018 7:44:46 AM","45056","2DYHPD2\User"
"C:\GCMSsolution\Data\Project1\Campbell RMBL Data\Temperature expt CWu 2018\Ipotubes20run_20180902.qgb","9/2/2018 8:07:28 AM","9/2/2018 8:07:28 AM","45056","2DYHPD2\User"
"C:\GCMSsolution\Data\Project1\Campbell RMBL Data\Temperature expt CWu 2018\Ipotubes20run2_20180830.qgb","8/30/2018 8:28:08 PM","8/30/2018 8:28:08 PM","45056","2DYHPD2\User"
"C:\GCMSsolution\Data\Project1\Campbell RMBL Data\Temperature expt CWu 2018\Ipotubes23run_20180831.qgb","8/31/2018 6:22:50 PM","8/31/2018 6:23:59 PM","65536","2DYHPD2\User"
"C:\GCMSsolution\Data\Project1\Campbell RMBL Data\Temperature expt CWu 2018\NatArea112renamedJuly25_08312018.qgd","8/31/2018 2:54:58 PM","8/31/2018 3:26:54 PM","6918144","2DYHPD2\User"
"C:\GCMSsolution\Data\Project1\Campbell RMBL Data\Temperature expt CWu 2018\NatArea116DJul25_08302018.qgd","8/31/2018 3:26:07 AM","8/31/2018 3:57:30 AM","6914048","2DYHPD2\User"
"C:\GCMSsolution\Data\Project1\Campbell RMBL Data\Temperature expt CWu 2018\NatArea11C2July26_08312018.qgd","8/31/2018 8:06:16 PM","8/31/2018 8:37:55 PM","6840320","2DYHPD2\User"
"C:\GCMSsolution\Data\Project1\Campbell RMBL Data\Temperature expt CWu 2018\NatArea120renamedJuly25_08312018.qgd","8/31/2018 3:27:10 PM","8/31/2018 3:59:26 PM","6828032","2DYHPD2\User"
"C:\GCMSsolution\Data\Project1\Campbell RMBL Data\Temperature expt CWu 2018\NatArea1301renamedJuly26_08312018.qgd","8/31/2018 5:05:02 PM","8/31/2018 5:37:28 PM","6836224","2DYHPD2\User"
"C:\GCMSsolution\Data\Project1\Campbell RMBL Data\Temperature expt CWu 2018\NatArea136DJul25_08302018.qgd","8/31/2018 5:01:02 AM","8/31/2018 5:32:28 AM","6803456","2DYHPD2\User"
"C:\GCMSsolution\Data\Project1\Campbell RMBL Data\Temperature expt CWu 2018\NatArea1402renamedJuly25_08312018.qgd","8/31/2018 11:43:50 AM","8/31/2018 12:15:28 PM","6901760","2DYHPD2\User"
"C:\GCMSsolution\Data\Project1\Campbell RMBL Data\Temperature expt CWu 2018\NatArea20DJul25_08302018.qgd","8/31/2018 2:54:36 AM","8/31/2018 3:25:53 AM","6930432","2DYHPD2\User"
"C:\GCMSsolution\Data\Project1\Campbell RMBL Data\Temperature expt CWu 2018\NatArea219DJul25_08302018.qgd","8/31/2018 4:29:24 AM","8/31/2018 5:00:49 AM","6844416","2DYHPD2\User"
"C:\GCMSsolution\Data\Project1\Campbell RMBL Data\Temperature expt CWu 2018\NatArea320DJul25_08302018.qgd","8/31/2018 3:57:45 AM","8/31/2018 4:29:10 AM","6963200","2DYHPD2\User"
"C:\GCMSsolution\Data\Project1\Campbell RMBL Data\Temperature expt CWu 2018\NatArea370DJul25_08302018.qgd","8/30/2018 9:37:49 PM","8/30/2018 10:09:17 PM","6922240","2DYHPD2\User"
"C:\GCMSsolution\Data\Project1\Campbell RMBL Data\Temperature expt CWu 2018\NatArea394DJul25_08302018.qgd","8/31/2018 2:23:05 AM","8/31/2018 2:54:22 AM","6881280","2DYHPD2\User"
"C:\GCMSsolution\Data\Project1\Campbell RMBL Data\Temperature expt CWu 2018\NatArea69DJul25_08302018.qgd","8/31/2018 1:51:31 AM","8/31/2018 2:22:49 AM","6836224","2DYHPD2\User"
"C:\GCMSsolution\Data\Project1\Campbell RMBL Data\Temperature expt CWu 2018\NatArea69leafrenamedJuly25_08312018.qgd","8/31/2018 9:06:07 AM","8/31/2018 9:37:16 AM","6889472","2DYHPD2\User"
"C:\GCMSsolution\Data\Project1\Campbell RMBL Data\Temperature expt CWu 2018\NatAreaA1DJul25_08302018.qgd","8/30/2018 5:35:14 PM","8/30/2018 6:07:43 PM","6897664","2DYHPD2\User"
"C:\GCMSsolution\Data\Project1\Campbell RMBL Data\Temperature expt CWu 2018\NatAreaA2DJul25_08302018.qgd","8/30/2018 6:08:00 PM","8/30/2018 6:40:16 PM","6938624","2DYHPD2\User"
"C:\GCMSsolution\Data\Project1\Campbell RMBL Data\Temperature expt CWu 2018\NatAreaB1DJul25_08302018.qgd","8/30/2018 6:40:31 PM","8/30/2018 7:13:24 PM","6852608","2DYHPD2\User"
"C:\GCMSsolution\Data\Project1\Campbell RMBL Data\Temperature expt CWu 2018\NatAreaB2DJul25_08302018.qgd","8/30/2018 7:13:38 PM","8/30/2018 7:46:01 PM","6979584","2DYHPD2\User"
"C:\GCMSsolution\Data\Project1\Campbell RMBL Data\Temperature expt CWu 2018\NatAreaC1DJul25_08302018.qgd","8/30/2018 7:46:17 PM","8/30/2018 8:18:27 PM","6832128","2DYHPD2\User"
"C:\GCMSsolution\Data\Project1\Campbell RMBL Data\Temperature expt CWu 2018\NatAreaC2DJul25_08302018.qgd","8/30/2018 9:05:58 PM","8/30/2018 9:37:33 PM","6901760","2DYHPD2\User"
"C:\GCMSsolution\Data\Project1\Campbell RMBL Data\Temperature expt CWu 2018\NatAreaC3DJuly25_08312018.qgd","8/31/2018 8:34:45 AM","8/31/2018 9:05:52 AM","6795264","2DYHPD2\User"
"C:\GCMSsolution\Data\Project1\Campbell RMBL Data\Temperature expt CWu 2018\NatAreaC3DJuly25redo_08312018.qgd","8/31/2018 7:02:09 PM","8/31/2018 7:34:04 PM","6811648","2DYHPD2\User"
"C:\GCMSsolution\Data\Project1\Campbell RMBL Data\Temperature expt CWu 2018\NatAreaD1DJul25_08302018.qgd","8/30/2018 10:09:32 PM","8/30/2018 10:41:00 PM","6922240","2DYHPD2\User"
"C:\GCMSsolution\Data\Project1\Campbell RMBL Data\Temperature expt CWu 2018\NatAreaD2DJul25_08302018.qgd","8/30/2018 10:41:16 PM","8/30/2018 11:12:43 PM","6860800","2DYHPD2\User"
"C:\GCMSsolution\Data\Project1\Campbell RMBL Data\Temperature expt CWu 2018\NatAreaD3DJul25_08302018.qgd","8/30/2018 11:12:59 PM","8/30/2018 11:44:27 PM","6897664","2DYHPD2\User"
"C:\GCMSsolution\Data\Project1\Campbell RMBL Data\Temperature expt CWu 2018\NatAreaD3July26_08312018.qgd","8/31/2018 11:47:44 PM","9/1/2018 12:19:01 AM","6799360","2DYHPD2\User"
"C:\GCMSsolution\Data\Project1\Campbell RMBL Data\Temperature expt CWu 2018\NatAreaE1DJul25_08302018.qgd","8/30/2018 11:44:42 PM","8/31/2018 12:16:13 AM","6950912","2DYHPD2\User"
"C:\GCMSsolution\Data\Project1\Campbell RMBL Data\Temperature expt CWu 2018\NatAreaE2DJul25_08302018.qgd","8/31/2018 12:16:30 AM","8/31/2018 12:47:59 AM","6930432","2DYHPD2\User"
"C:\GCMSsolution\Data\Project1\Campbell RMBL Data\Temperature expt CWu 2018\NatAreaE3DJul25_08302018.qgd","8/31/2018 12:48:13 AM","8/31/2018 1:19:38 AM","7106560","2DYHPD2\User"
"C:\GCMSsolution\Data\Project1\Campbell RMBL Data\Temperature expt CWu 2018\NatAreaKM0401July26_08312018.qgd","8/31/2018 11:16:14 PM","8/31/2018 11:47:30 PM","6819840","2DYHPD2\User"
"C:\GCMSsolution\Data\Project1\Campbell RMBL Data\Temperature expt CWu 2018\NatAreaKM10A1Jul25_08302018.qgd","8/31/2018 6:35:59 AM","8/31/2018 7:07:09 AM","6823936","2DYHPD2\User"
"C:\GCMSsolution\Data\Project1\Campbell RMBL Data\Temperature expt CWu 2018\NatAreaKM10B2renamedJuly25_08312018.qgd","8/31/2018 10:08:58 AM","8/31/2018 10:40:15 AM","6828032","2DYHPD2\User"
"C:\GCMSsolution\Data\Project1\Campbell RMBL Data\Temperature expt CWu 2018\NatAreaKM10C1Jul25_08302018.qgd","8/31/2018 5:32:41 AM","8/31/2018 6:04:02 AM","6909952","2DYHPD2\User"
"C:\GCMSsolution\Data\Project1\Campbell RMBL Data\Temperature expt CWu 2018\NatAreaKM10C2Jul25_08302018.qgd","8/31/2018 6:04:16 AM","8/31/2018 6:35:44 AM","6815744","2DYHPD2\User"
"C:\GCMSsolution\Data\Project1\Campbell RMBL Data\Temperature expt CWu 2018\NatAreaKM10D1renamedJuly25_08312018.qgd","8/31/2018 9:37:32 AM","8/31/2018 10:08:44 AM","6955008","2DYHPD2\User"
"C:\GCMSsolution\Data\Project1\Campbell RMBL Data\Temperature expt CWu 2018\NatAreaKM11101July26_08312018.qgd","8/31/2018 8:38:10 PM","8/31/2018 9:09:30 PM","6815744","2DYHPD2\User"
"C:\GCMSsolution\Data\Project1\Campbell RMBL Data\Temperature expt CWu 2018\NatAreaKM114renamedJuly25_08312018.qgd","8/31/2018 3:59:42 PM","8/31/2018 4:32:06 PM","6852608","2DYHPD2\User"
"C:\GCMSsolution\Data\Project1\Campbell RMBL Data\Temperature expt CWu 2018\NatAreaKM11C1renamedJuly26_08312018.qgd","8/31/2018 5:37:42 PM","8/31/2018 6:10:14 PM","6828032","2DYHPD2\User"
"C:\GCMSsolution\Data\Project1\Campbell RMBL Data\Temperature expt CWu 2018\NatAreaKM13A1July26_08312018.qgd","8/31/2018 7:34:17 PM","8/31/2018 8:06:02 PM","6881280","2DYHPD2\User"
"C:\GCMSsolution\Data\Project1\Campbell RMBL Data\Temperature expt CWu 2018\NatAreaKM13B1renamedJuly25_08312018.qgd","8/31/2018 4:32:20 PM","8/31/2018 5:04:46 PM","6930432","2DYHPD2\User"
"C:\GCMSsolution\Data\Project1\Campbell RMBL Data\Temperature expt CWu 2018\NatAreaKM13C1July26_08312018.qgd","8/31/2018 10:44:44 PM","8/31/2018 11:15:59 PM","6811648","2DYHPD2\User"
"C:\GCMSsolution\Data\Project1\Campbell RMBL Data\Temperature expt CWu 2018\NatAreaKM1401renamedJuly25_08312018.qgd","8/31/2018 12:15:41 PM","8/31/2018 12:47:23 PM","6873088","2DYHPD2\User"
"C:\GCMSsolution\Data\Project1\Campbell RMBL Data\Temperature expt CWu 2018\NatAreaKM14A1renamedJuly25_08312018.qgd","8/31/2018 11:12:03 AM","8/31/2018 11:43:34 AM","6819840","2DYHPD2\User"
"C:\GCMSsolution\Data\Project1\Campbell RMBL Data\Temperature expt CWu 2018\NatAreaKM14C1renamedJuly25_08312018.qgd","8/31/2018 10:40:28 AM","8/31/2018 11:11:47 AM","6811648","2DYHPD2\User"
"C:\GCMSsolution\Data\Project1\Campbell RMBL Data\Temperature expt CWu 2018\NatAreaKM4A1July26_08312018.qgd","8/31/2018 9:09:45 PM","8/31/2018 9:41:09 PM","6832128","2DYHPD2\User"
"C:\GCMSsolution\Data\Project1\Campbell RMBL Data\Temperature expt CWu 2018\NatAreaKM4B1July26_08312018.qgd","8/31/2018 10:13:02 PM","8/31/2018 10:44:27 PM","6832128","2DYHPD2\User"
"C:\GCMSsolution\Data\Project1\Campbell RMBL Data\Temperature expt CWu 2018\NatAreaX02DJul25_08302018.qgd","8/31/2018 1:19:52 AM","8/31/2018 1:51:16 AM","7077888","2DYHPD2\User"
"C:\GCMSsolution\Data\Project1\Campbell RMBL Data\Temperature expt CWu 2018\NatAreaXUP01July25_08312018.qgd","9/1/2018 12:50:46 AM","9/1/2018 1:21:59 AM","6918144","2DYHPD2\User"
"C:\GCMSsolution\Data\Project1\Campbell RMBL Data\Temperature expt CWu 2018\OQRepeat.txt","8/29/2018 12:48:20 PM","9/3/2018 6:02:26 PM","2975","2DYHPD2\User"
"C:\GCMSsolution\Data\Project1\Campbell RMBL Data\Temperature expt CWu 2018\QAQCData.htm","8/29/2018 12:48:20 PM","9/3/2018 6:02:26 PM","495","2DYHPD2\User"
"C:\GCMSsolution\Data\Project1\Campbell RMBL Data\Temperature expt CWu 2018\QAQCData.txt","8/29/2018 12:48:20 PM","9/3/2018 8:53:23 AM","75","2DYHPD2\User"
"C:\GCMSsolution\Data\Project1\Campbell RMBL Data\Temperature expt CWu 2018\T119DAug17_08312018.qgd","9/1/2018 2:56:53 AM","9/1/2018 3:28:15 AM","6811648","2DYHPD2\User"
"C:\GCMSsolution\Data\Project1\Campbell RMBL Data\Temperature expt CWu 2018\T119DCoolAug10_08292018.qgd","8/29/2018 1:53:46 PM","8/29/2018 2:25:30 PM","6799360","2DYHPD2\User"
"C:\GCMSsolution\Data\Project1\Campbell RMBL Data\Temperature expt CWu 2018\T119NAug10_08292018.qgd","8/30/2018 5:03:32 AM","8/30/2018 5:34:55 AM","6836224","2DYHPD2\User"
"C:\GCMSsolution\Data\Project1\Campbell RMBL Data\Temperature expt CWu 2018\T119NAug15_09012018.qgd","9/1/2018 3:16:41 PM","9/1/2018 3:49:23 PM","6795264","2DYHPD2\User"
"C:\GCMSsolution\Data\Project1\Campbell RMBL Data\Temperature expt CWu 2018\T132DAug16_09012018.qgd","9/1/2018 10:30:28 PM","9/1/2018 11:01:48 PM","6803456","2DYHPD2\User"
"C:\GCMSsolution\Data\Project1\Campbell RMBL Data\Temperature expt CWu 2018\T132DWarmAug10_08292018.qgd","8/29/2018 10:44:16 PM","8/29/2018 11:15:35 PM","6803456","2DYHPD2\User"
"C:\GCMSsolution\Data\Project1\Campbell RMBL Data\Temperature expt CWu 2018\T132NAug10_08302018.qgd","8/30/2018 12:07:01 PM","8/30/2018 12:39:30 PM","6815744","2DYHPD2\User"
"C:\GCMSsolution\Data\Project1\Campbell RMBL Data\Temperature expt CWu 2018\T132NAug15_09012018.qgd","9/1/2018 4:22:51 PM","9/1/2018 4:55:57 PM","6803456","2DYHPD2\User"
"C:\GCMSsolution\Data\Project1\Campbell RMBL Data\Temperature expt CWu 2018\T145DAug16_09012018.qgd","9/1/2018 7:52:27 PM","9/1/2018 8:24:05 PM","6791168","2DYHPD2\User"
"C:\GCMSsolution\Data\Project1\Campbell RMBL Data\Temperature expt CWu 2018\T145DWarmAug10_08292018.qgd","8/29/2018 9:42:10 PM","8/29/2018 10:12:22 PM","6787072","2DYHPD2\User"
"C:\GCMSsolution\Data\Project1\Campbell RMBL Data\Temperature expt CWu 2018\T145NAug10_08292018.qgd","8/30/2018 4:31:49 AM","8/30/2018 5:03:17 AM","6836224","2DYHPD2\User"
"C:\GCMSsolution\Data\Project1\Campbell RMBL Data\Temperature expt CWu 2018\T145NAug15_09012018.qgd","9/1/2018 10:59:46 AM","9/1/2018 11:31:08 AM","6811648","2DYHPD2\User"
"C:\GCMSsolution\Data\Project1\Campbell RMBL Data\Temperature expt CWu 2018\T153DWarmAug10_08292018.qgd","8/30/2018 12:18:59 AM","8/30/2018 12:50:22 AM","6803456","2DYHPD2\User"
"C:\GCMSsolution\Data\Project1\Campbell RMBL Data\Temperature expt CWu 2018\T153NAug10_08302018.qgd","8/30/2018 1:45:58 PM","8/30/2018 2:18:14 PM","6877184","2DYHPD2\User"
"C:\GCMSsolution\Data\Project1\Campbell RMBL Data\Temperature expt CWu 2018\T167DAug16_09012018.qgd","9/1/2018 8:56:12 PM","9/1/2018 9:27:41 PM","6803456","2DYHPD2\User"
"C:\GCMSsolution\Data\Project1\Campbell RMBL Data\Temperature expt CWu 2018\T167DWarmAug10_08292018.qgd","8/29/2018 7:50:27 PM","8/29/2018 8:22:34 PM","6791168","2DYHPD2\User"
"C:\GCMSsolution\Data\Project1\Campbell RMBL Data\Temperature expt CWu 2018\T167NAug10_08302018.qgd","8/30/2018 1:12:46 PM","8/30/2018 1:45:45 PM","6791168","2DYHPD2\User"
"C:\GCMSsolution\Data\Project1\Campbell RMBL Data\Temperature expt CWu 2018\T167NAug15_09012018.qgd","9/1/2018 1:07:01 PM","9/1/2018 1:38:54 PM","6799360","2DYHPD2\User"
"C:\GCMSsolution\Data\Project1\Campbell RMBL Data\Temperature expt CWu 2018\T174DAug10_08292018.qgd","8/30/2018 1:22:12 AM","8/30/2018 1:53:28 AM","6795264","2DYHPD2\User"
"C:\GCMSsolution\Data\Project1\Campbell RMBL Data\Temperature expt CWu 2018\T174NAug10_08302018.qgd","8/30/2018 3:23:53 PM","8/30/2018 3:56:29 PM","6803456","2DYHPD2\User"
"C:\GCMSsolution\Data\Project1\Campbell RMBL Data\Temperature expt CWu 2018\T186DAug16_09012018.qgd","9/2/2018 1:39:51 AM","9/2/2018 2:11:13 AM","6836224","2DYHPD2\User"
"C:\GCMSsolution\Data\Project1\Campbell RMBL Data\Temperature expt CWu 2018\T186DCoolAug10_08292018.qgd","8/29/2018 4:35:15 PM","8/29/2018 5:07:45 PM","6803456","2DYHPD2\User"
"C:\GCMSsolution\Data\Project1\Campbell RMBL Data\Temperature expt CWu 2018\T186NAug10_08302018.qgd","8/30/2018 9:58:56 AM","8/30/2018 10:30:06 AM","6828032","2DYHPD2\User"
"C:\GCMSsolution\Data\Project1\Campbell RMBL Data\Temperature expt CWu 2018\T186NAug15_09012018.qgd","9/1/2018 12:03:07 PM","9/1/2018 12:34:41 PM","6799360","2DYHPD2\User"
"C:\GCMSsolution\Data\Project1\Campbell RMBL Data\Temperature expt CWu 2018\T1962NAug10_08302018.qgd","8/30/2018 3:56:44 PM","8/30/2018 4:29:25 PM","6803456","2DYHPD2\User"
"C:\GCMSsolution\Data\Project1\Campbell RMBL Data\Temperature expt CWu 2018\T196DAug16_09012018.qgd","9/1/2018 9:59:24 PM","9/1/2018 10:30:13 PM","6787072","2DYHPD2\User"
"C:\GCMSsolution\Data\Project1\Campbell RMBL Data\Temperature expt CWu 2018\T196DCoolAug10_08292018.qgd","8/29/2018 2:57:55 PM","8/29/2018 3:29:58 PM","6819840","2DYHPD2\User"
"C:\GCMSsolution\Data\Project1\Campbell RMBL Data\Temperature expt CWu 2018\T196DredoAug16_09022018.qgd","9/2/2018 11:54:53 AM","9/2/2018 12:26:43 PM","6815744","2DYHPD2\User"
"C:\GCMSsolution\Data\Project1\Campbell RMBL Data\Temperature expt CWu 2018\T196NAug10_08302018.qgd","8/30/2018 11:02:14 AM","8/30/2018 11:34:14 AM","6836224","2DYHPD2\User"
"C:\GCMSsolution\Data\Project1\Campbell RMBL Data\Temperature expt CWu 2018\T196NAug15_09012018.qgd","9/1/2018 12:34:57 PM","9/1/2018 1:06:44 PM","6819840","2DYHPD2\User"
"C:\GCMSsolution\Data\Project1\Campbell RMBL Data\Temperature expt CWu 2018\T72DAug16_09012018.qgd","9/2/2018 12:05:14 AM","9/2/2018 12:36:24 AM","6823936","2DYHPD2\User"
"C:\GCMSsolution\Data\Project1\Campbell RMBL Data\Temperature expt CWu 2018\T72DCoolAug10_08292018.qgd","8/29/2018 5:40:36 PM","8/29/2018 6:12:58 PM","6795264","2DYHPD2\User"
"C:\GCMSsolution\Data\Project1\Campbell RMBL Data\Temperature expt CWu 2018\T72NAug10_08292018.qgd","8/30/2018 3:28:33 AM","8/30/2018 3:59:59 AM","6852608","2DYHPD2\User"
"C:\GCMSsolution\Data\Project1\Campbell RMBL Data\Temperature expt CWu 2018\T72NAug15_09012018.qgd","9/1/2018 10:28:21 AM","9/1/2018 10:59:31 AM","6811648","2DYHPD2\User"
"C:\GCMSsolution\Data\Project1\Campbell RMBL Data\Temperature expt CWu 2019","8/6/2019 2:37:07 PM","8/17/2019 1:58:46 AM",,"2DYHPD2\User"
"C:\GCMSsolution\Data\Project1\Campbell RMBL Data\Temperature expt CWu 2019\A15_day_190729_872019_19.qgd","8/7/2019 7:08:13 PM","8/7/2019 7:40:15 PM","6926336","2DYHPD2\User"
"C:\GCMSsolution\Data\Project1\Campbell RMBL Data\Temperature expt CWu 2019\A15_leaf_1907231_882019_15.qgd","8/8/2019 4:21:46 PM","8/8/2019 4:54:24 PM","6832128","2DYHPD2\User"
"C:\GCMSsolution\Data\Project1\Campbell RMBL Data\Temperature expt CWu 2019\A15_night_190729_872019_03.qgd","8/7/2019 10:33:07 PM","8/7/2019 11:04:24 PM","6889472","2DYHPD2\User"
"C:\GCMSsolution\Data\Project1\Campbell RMBL Data\Temperature expt CWu 2019\A32_day_190725_862019_11.qgd","8/6/2019 8:12:29 PM","8/6/2019 8:44:47 PM","6881280","2DYHPD2\User"
"C:\GCMSsolution\Data\Project1\Campbell RMBL Data\Temperature expt CWu 2019\A32_night_190724_872019_08.qgd","8/7/2019 1:07:03 PM","8/7/2019 1:39:22 PM","6828032","2DYHPD2\User"
"C:\GCMSsolution\Data\Project1\Campbell RMBL Data\Temperature expt CWu 2019\A38_day_190725_862019_03.qgd","8/6/2019 10:41:22 PM","8/6/2019 11:13:24 PM","6877184","2DYHPD2\User"
"C:\GCMSsolution\Data\Project1\Campbell RMBL Data\Temperature expt CWu 2019\A38_night_190724_872019_05.qgd","8/7/2019 11:29:54 AM","8/7/2019 12:02:00 PM","6807552","2DYHPD2\User"
"C:\GCMSsolution\Data\Project1\Campbell RMBL Data\Temperature expt CWu 2019\A38redo_day_190725_872019_03.qgd","8/7/2019 10:26:14 AM","8/7/2019 10:57:40 AM","6852608","2DYHPD2\User"
"C:\GCMSsolution\Data\Project1\Campbell RMBL Data\Temperature expt CWu 2019\A54_day_190725_862019_07.qgd","8/6/2019 5:59:18 PM","8/6/2019 6:32:49 PM","6955008","2DYHPD2\User"
"C:\GCMSsolution\Data\Project1\Campbell RMBL Data\Temperature expt CWu 2019\A54_leaf_1907231_882019_17.qgd","8/8/2019 5:27:37 PM","8/8/2019 6:00:26 PM","6832128","2DYHPD2\User"
"C:\GCMSsolution\Data\Project1\Campbell RMBL Data\Temperature expt CWu 2019\A54_night_190724_862019_18.qgd","8/7/2019 6:32:50 AM","8/7/2019 7:03:36 AM","6828032","2DYHPD2\User"
"C:\GCMSsolution\Data\Project1\Campbell RMBL Data\Temperature expt CWu 2019\A76_day_190729_872019_02.qgd","8/7/2019 9:54:57 AM","8/7/2019 10:25:57 AM","6955008","2DYHPD2\User"
"C:\GCMSsolution\Data\Project1\Campbell RMBL Data\Temperature expt CWu 2019\A76_leaf_190725_882019_06.qgd","8/8/2019 11:30:06 AM","8/8/2019 12:01:52 PM","7376896","2DYHPD2\User"
"C:\GCMSsolution\Data\Project1\Campbell RMBL Data\Temperature expt CWu 2019\A76_night_190729_872019_04.qgd","8/7/2019 11:04:40 PM","8/7/2019 11:35:36 PM","6877184","2DYHPD2\User"
"C:\GCMSsolution\Data\Project1\Campbell RMBL Data\Temperature expt CWu 2019\A78_day_190725_862019_09.qgd","8/7/2019 1:51:53 AM","8/7/2019 2:22:58 AM","6844416","2DYHPD2\User"
"C:\GCMSsolution\Data\Project1\Campbell RMBL Data\Temperature expt CWu 2019\A78_night_190724_872019_13.qgd","8/7/2019 3:51:37 PM","8/7/2019 4:24:27 PM","6807552","2DYHPD2\User"
"C:\GCMSsolution\Data\Project1\Campbell RMBL Data\Temperature expt CWu 2019\A79_day_190725_862019_09.qgd","8/6/2019 7:06:34 PM","8/6/2019 7:39:25 PM","7659520","2DYHPD2\User"
"C:\GCMSsolution\Data\Project1\Campbell RMBL Data\Temperature expt CWu 2019\A79_leaf_1907231_882019_19.qgd","8/8/2019 6:33:16 PM","8/8/2019 7:05:41 PM","6840320","2DYHPD2\User"
"C:\GCMSsolution\Data\Project1\Campbell RMBL Data\Temperature expt CWu 2019\A80_day_190729_872019_18.qgd","8/7/2019 6:35:49 PM","8/7/2019 7:07:58 PM","7520256","2DYHPD2\User"
"C:\GCMSsolution\Data\Project1\Campbell RMBL Data\Temperature expt CWu 2019\A80_leaf_190729_882019_09.qgd","8/8/2019 1:06:58 PM","8/8/2019 1:39:14 PM","6914048","2DYHPD2\User"
"C:\GCMSsolution\Data\Project1\Campbell RMBL Data\Temperature expt CWu 2019\A80_night_190729_872019_02.qgd","8/7/2019 10:01:41 PM","8/7/2019 10:32:53 PM","6934528","2DYHPD2\User"
"C:\GCMSsolution\Data\Project1\Campbell RMBL Data\Temperature expt CWu 2019\A91_day_190725_862019_08.qgd","8/6/2019 6:33:02 PM","8/6/2019 7:06:18 PM","7704576","2DYHPD2\User"
"C:\GCMSsolution\Data\Project1\Campbell RMBL Data\Temperature expt CWu 2019\A91_leaf_190725_882019_02.qgd","8/8/2019 9:24:16 AM","8/8/2019 9:55:01 AM","7204864","2DYHPD2\User"
"C:\GCMSsolution\Data\Project1\Campbell RMBL Data\Temperature expt CWu 2019\A91_leaf_190729_882019_11.qgd","8/8/2019 2:12:12 PM","8/8/2019 2:43:59 PM","7409664","2DYHPD2\User"
"C:\GCMSsolution\Data\Project1\Campbell RMBL Data\Temperature expt CWu 2019\A91_night_190724_872019_04.qgd","8/7/2019 10:57:55 AM","8/7/2019 11:29:38 AM","6864896","2DYHPD2\User"
"C:\GCMSsolution\Data\Project1\Campbell RMBL Data\Temperature expt CWu 2019\A92_day_190725_862019_12.qgd","8/6/2019 8:45:02 PM","8/6/2019 9:17:02 PM","7671808","2DYHPD2\User"
"C:\GCMSsolution\Data\Project1\Campbell RMBL Data\Temperature expt CWu 2019\A92_night_190724_872019_09.qgd","8/7/2019 1:39:36 PM","8/7/2019 2:12:10 PM","6819840","2DYHPD2\User"
"C:\GCMSsolution\Data\Project1\Campbell RMBL Data\Temperature expt CWu 2019\A95_day_190725_862019_12.qgd","8/7/2019 3:25:43 AM","8/7/2019 3:56:41 AM","6860800","2DYHPD2\User"
"C:\GCMSsolution\Data\Project1\Campbell RMBL Data\Temperature expt CWu 2019\A95_leaf_190725_882019_04.qgd","8/8/2019 10:26:45 AM","8/8/2019 10:57:58 AM","6918144","2DYHPD2\User"
"C:\GCMSsolution\Data\Project1\Campbell RMBL Data\Temperature expt CWu 2019\Air_00_190621_8162019_02.qgd","8/16/2019 6:02:22 PM","8/16/2019 6:39:41 PM","8138752","2DYHPD2\User"
"C:\GCMSsolution\Data\Project1\Campbell RMBL Data\Temperature expt CWu 2019\Air_06_8162019_11.qgd","8/16/2019 11:34:39 PM","8/17/2019 12:10:44 AM","8093696","2DYHPD2\User"
"C:\GCMSsolution\Data\Project1\Campbell RMBL Data\Temperature expt CWu 2019\Air_190620_8162019_10.qgd","8/16/2019 10:58:22 PM","8/16/2019 11:34:35 PM","8155136","2DYHPD2\User"
"C:\GCMSsolution\Data\Project1\Campbell RMBL Data\Temperature expt CWu 2019\Air_nolabel_clearvial_8162019_14.qgd","8/17/2019 1:22:50 AM","8/17/2019 1:58:40 AM","8077312","2DYHPD2\User"
"C:\GCMSsolution\Data\Project1\Campbell RMBL Data\Temperature expt CWu 2019\Air_SC1_day_190802_882019_02.qgd","8/8/2019 11:20:37 PM","8/8/2019 11:51:35 PM","6844416","2DYHPD2\User"
"C:\GCMSsolution\Data\Project1\Campbell RMBL Data\Temperature expt CWu 2019\Air1_190731_872019_06.qgd","8/8/2019 12:07:13 AM","8/8/2019 12:38:13 AM","6836224","2DYHPD2\User"
"C:\GCMSsolution\Data\Project1\Campbell RMBL Data\Temperature expt CWu 2019\Air1_day_190804_8102019_07.qgd","8/10/2019 6:45:06 PM","8/10/2019 7:17:15 PM","6836224","2DYHPD2\User"
"C:\GCMSsolution\Data\Project1\Campbell RMBL Data\Temperature expt CWu 2019\Air1_night_190802_892019_10.qgd","8/10/2019 12:44:52 AM","8/10/2019 1:15:48 AM","6881280","2DYHPD2\User"
"C:\GCMSsolution\Data\Project1\Campbell RMBL Data\Temperature expt CWu 2019\Air2_day_190805_8102019_12.qgd","8/11/2019 2:40:10 PM","8/11/2019 3:11:11 PM","6844416","2DYHPD2\User"
"C:\GCMSsolution\Data\Project1\Campbell RMBL Data\Temperature expt CWu 2019\Air2_night_190802_892019_11.qgd","8/10/2019 1:16:04 AM","8/10/2019 1:47:05 AM","6905856","2DYHPD2\User"
"C:\GCMSsolution\Data\Project1\Campbell RMBL Data\Temperature expt CWu 2019\Air3_night_190802_8102019_05.qgd","8/10/2019 5:40:21 PM","8/10/2019 6:12:22 PM","6819840","2DYHPD2\User"
"C:\GCMSsolution\Data\Project1\Campbell RMBL Data\Temperature expt CWu 2019\AirC1_night_190724_862019_14.qgd","8/7/2019 4:28:08 AM","8/7/2019 4:59:03 AM","6836224","2DYHPD2\User"
"C:\GCMSsolution\Data\Project1\Campbell RMBL Data\Temperature expt CWu 2019\AirC10_1907231_882019_18.qgd","8/8/2019 6:00:39 PM","8/8/2019 6:33:02 PM","6803456","2DYHPD2\User"
"C:\GCMSsolution\Data\Project1\Campbell RMBL Data\Temperature expt CWu 2019\AirC2_night_190724_872019_17.qgd","8/7/2019 6:03:08 PM","8/7/2019 6:35:35 PM","6828032","2DYHPD2\User"
"C:\GCMSsolution\Data\Project1\Campbell RMBL Data\Temperature expt CWu 2019\AirC3_day_190725_862019_02.qgd","8/6/2019 3:11:18 PM","8/6/2019 3:43:58 PM","6836224","2DYHPD2\User"
"C:\GCMSsolution\Data\Project1\Campbell RMBL Data\Temperature expt CWu 2019\AirC4_day_190725_862019_06.qgd","8/7/2019 12:17:22 AM","8/7/2019 12:48:42 AM","6991872","2DYHPD2\User"
"C:\GCMSsolution\Data\Project1\Campbell RMBL Data\Temperature expt CWu 2019\AirC5_day_190729_872019_20.qgd","8/7/2019 7:40:29 PM","8/7/2019 8:12:27 PM","6856704","2DYHPD2\User"
"C:\GCMSsolution\Data\Project1\Campbell RMBL Data\Temperature expt CWu 2019\AirCN3_night_190729_872019_05.qgd","8/7/2019 11:35:52 PM","8/8/2019 12:06:58 AM","7073792","2DYHPD2\User"
"C:\GCMSsolution\Data\Project1\Campbell RMBL Data\Temperature expt CWu 2019\AirSC2_day_190802_892019_15.qgd","8/9/2019 6:29:58 PM","8/9/2019 7:02:21 PM","6836224","2DYHPD2\User"
"C:\GCMSsolution\Data\Project1\Campbell RMBL Data\Temperature expt CWu 2019\AirW1_night_190724_862019_13.qgd","8/7/2019 3:56:55 AM","8/7/2019 4:27:53 AM","6811648","2DYHPD2\User"
"C:\GCMSsolution\Data\Project1\Campbell RMBL Data\Temperature expt CWu 2019\AirW10_1907231_882019_14.qgd","8/8/2019 3:49:01 PM","8/8/2019 4:21:31 PM","6807552","2DYHPD2\User"
"C:\GCMSsolution\Data\Project1\Campbell RMBL Data\Temperature expt CWu 2019\AirW2_night_190724_872019_14.qgd","8/7/2019 4:24:43 PM","8/7/2019 4:57:17 PM","6803456","2DYHPD2\User"
"C:\GCMSsolution\Data\Project1\Campbell RMBL Data\Temperature expt CWu 2019\AirW3_day_190725_862019_03.qgd","8/6/2019 3:44:11 PM","8/6/2019 4:17:20 PM","6848512","2DYHPD2\User"
"C:\GCMSsolution\Data\Project1\Campbell RMBL Data\Temperature expt CWu 2019\AirW4_day_190725_862019_08.qgd","8/7/2019 1:20:29 AM","8/7/2019 1:51:41 AM","6819840","2DYHPD2\User"
"C:\GCMSsolution\Data\Project1\Campbell RMBL Data\Temperature expt CWu 2019\AirW8_190729_882019_10.qgd","8/8/2019 1:39:30 PM","8/8/2019 2:11:58 PM","6807552","2DYHPD2\User"
"C:\GCMSsolution\Data\Project1\Campbell RMBL Data\Temperature expt CWu 2019\Blank1_8102019_01.qgd","8/10/2019 3:27:20 PM","8/10/2019 4:03:10 PM","6852608","2DYHPD2\User"
"C:\GCMSsolution\Data\Project1\Campbell RMBL Data\Temperature expt CWu 2019\Blank1_8162019_01.qgd","8/16/2019 5:22:04 PM","8/16/2019 6:02:16 PM","8134656","2DYHPD2\User"
"C:\GCMSsolution\Data\Project1\Campbell RMBL Data\Temperature expt CWu 2019\Blank1_862019_01.qgd","8/6/2019 2:38:48 PM","8/6/2019 3:11:05 PM","6807552","2DYHPD2\User"
"C:\GCMSsolution\Data\Project1\Campbell RMBL Data\Temperature expt CWu 2019\Blank1_872019_01.qgd","8/7/2019 9:18:53 AM","8/7/2019 9:54:44 AM","6807552","2DYHPD2\User"
"C:\GCMSsolution\Data\Project1\Campbell RMBL Data\Temperature expt CWu 2019\Blank1_872019_02.qgd","8/7/2019 9:25:36 PM","8/7/2019 10:01:27 PM","6803456","2DYHPD2\User"
"C:\GCMSsolution\Data\Project1\Campbell RMBL Data\Temperature expt CWu 2019\Blank1_882019_01.qgd","8/8/2019 8:48:02 AM","8/8/2019 9:24:00 AM","6819840","2DYHPD2\User"
"C:\GCMSsolution\Data\Project1\Campbell RMBL Data\Temperature expt CWu 2019\Blank1_882019_02.qgd","8/8/2019 10:44:32 PM","8/8/2019 11:20:23 PM","6828032","2DYHPD2\User"
"C:\GCMSsolution\Data\Project1\Campbell RMBL Data\Temperature expt CWu 2019\Blank1_892019_01.qgd","8/9/2019 10:50:46 AM","8/9/2019 11:26:32 AM","6844416","2DYHPD2\User"
"C:\GCMSsolution\Data\Project1\Campbell RMBL Data\Temperature expt CWu 2019\Blank1_892019_02.qgd","8/9/2019 7:55:15 PM","8/9/2019 8:32:58 PM","6819840","2DYHPD2\User"
"C:\GCMSsolution\Data\Project1\Campbell RMBL Data\Temperature expt CWu 2019\Blank2_862019_01.qgd","8/6/2019 9:32:53 PM","8/6/2019 10:08:31 PM","6852608","2DYHPD2\User"
"C:\GCMSsolution\Data\Project1\Campbell RMBL Data\Temperature expt CWu 2019\BS_01_190620_8162019_07.qgd","8/16/2019 9:08:34 PM","8/16/2019 9:44:53 PM","8175616","2DYHPD2\User"
"C:\GCMSsolution\Data\Project1\Campbell RMBL Data\Temperature expt CWu 2019\CL_03_190621_8162019_09.qgd","8/16/2019 10:21:43 PM","8/16/2019 10:58:15 PM","8417280","2DYHPD2\User"
"C:\GCMSsolution\Data\Project1\Campbell RMBL Data\Temperature expt CWu 2019\CL_04_190621_8162019_15.qgd","8/17/2019 1:58:46 AM","8/17/2019 2:34:38 AM","8134656","2DYHPD2\User"
"C:\GCMSsolution\Data\Project1\Campbell RMBL Data\Temperature expt CWu 2019\EG_01_190621_8162019_08.qgd","8/16/2019 9:44:56 PM","8/16/2019 10:21:37 PM","8491008","2DYHPD2\User"
"C:\GCMSsolution\Data\Project1\Campbell RMBL Data\Temperature expt CWu 2019\EG_02_190621_8162019_12.qgd","8/17/2019 12:10:48 AM","8/17/2019 12:46:48 AM","8155136","2DYHPD2\User"
"C:\GCMSsolution\Data\Project1\Campbell RMBL Data\Temperature expt CWu 2019\GNA1_190731_872019_07.qgd","8/8/2019 12:38:29 AM","8/8/2019 1:09:27 AM","6844416","2DYHPD2\User"
"C:\GCMSsolution\Data\Project1\Campbell RMBL Data\Temperature expt CWu 2019\GNA10_day_190805_8102019_05.qgd","8/11/2019 11:02:24 AM","8/11/2019 11:33:17 AM","6828032","2DYHPD2\User"
"C:\GCMSsolution\Data\Project1\Campbell RMBL Data\Temperature expt CWu 2019\GNA1redo_leaf_190805_8112019_25.qgd","8/12/2019 10:42:38 AM","8/12/2019 11:14:06 AM","6885376","2DYHPD2\User"
"C:\GCMSsolution\Data\Project1\Campbell RMBL Data\Temperature expt CWu 2019\GNA2_190731_872019_10.qgd","8/8/2019 2:12:02 AM","8/8/2019 2:42:49 AM","6832128","2DYHPD2\User"
"C:\GCMSsolution\Data\Project1\Campbell RMBL Data\Temperature expt CWu 2019\GNA2_leaf_190805_8102019_19.qgd","8/11/2019 6:20:46 PM","8/11/2019 6:52:10 PM","6877184","2DYHPD2\User"
"C:\GCMSsolution\Data\Project1\Campbell RMBL Data\Temperature expt CWu 2019\GNA3_190731_872019_13.qgd","8/8/2019 3:45:43 AM","8/8/2019 4:16:28 AM","6860800","2DYHPD2\User"
"C:\GCMSsolution\Data\Project1\Campbell RMBL Data\Temperature expt CWu 2019\GNA3_leaf_190805_8102019_21.qgd","8/11/2019 7:24:00 PM","8/11/2019 7:55:12 PM","6893568","2DYHPD2\User"
"C:\GCMSsolution\Data\Project1\Campbell RMBL Data\Temperature expt CWu 2019\GNA4_190731_872019_15.qgd","8/8/2019 4:47:59 AM","8/8/2019 5:18:45 AM","6832128","2DYHPD2\User"
"C:\GCMSsolution\Data\Project1\Campbell RMBL Data\Temperature expt CWu 2019\GNA4_leaf_190805_8102019_13.qgd","8/11/2019 3:11:26 PM","8/11/2019 3:42:23 PM","6864896","2DYHPD2\User"
"C:\GCMSsolution\Data\Project1\Campbell RMBL Data\Temperature expt CWu 2019\GNA5_190731_872019_18.qgd","8/8/2019 6:21:10 AM","8/8/2019 6:52:00 AM","6823936","2DYHPD2\User"
"C:\GCMSsolution\Data\Project1\Campbell RMBL Data\Temperature expt CWu 2019\GNA5_leaf_190805_8102019_17.qgd","8/11/2019 5:17:20 PM","8/11/2019 5:48:48 PM","6873088","2DYHPD2\User"
"C:\GCMSsolution\Data\Project1\Campbell RMBL Data\Temperature expt CWu 2019\GNA5redo_leaf_190805_8112019_17.qgd","8/12/2019 6:32:03 AM","8/12/2019 7:02:56 AM","6828032","2DYHPD2\User"
"C:\GCMSsolution\Data\Project1\Campbell RMBL Data\Temperature expt CWu 2019\GNA6_190731_872019_19.qgd","8/8/2019 6:52:13 AM","8/8/2019 7:22:57 AM","6832128","2DYHPD2\User"
"C:\GCMSsolution\Data\Project1\Campbell RMBL Data\Temperature expt CWu 2019\GNA6_leaf_190805_8102019_15.qgd","8/11/2019 4:14:02 PM","8/11/2019 4:45:21 PM","6877184","2DYHPD2\User"
"C:\GCMSsolution\Data\Project1\Campbell RMBL Data\Temperature expt CWu 2019\GNA7_1907231_882019_13.qgd","8/8/2019 3:16:32 PM","8/8/2019 3:48:47 PM","6807552","2DYHPD2\User"
"C:\GCMSsolution\Data\Project1\Campbell RMBL Data\Temperature expt CWu 2019\GNA8_day_190805_8102019_02.qgd","8/11/2019 9:29:32 AM","8/11/2019 10:00:14 AM","6873088","2DYHPD2\User"
"C:\GCMSsolution\Data\Project1\Campbell RMBL Data\Temperature expt CWu 2019\GNA8_leaf_190804_8102019_08.qgd","8/10/2019 7:17:30 PM","8/10/2019 7:49:31 PM","6848512","2DYHPD2\User"
"C:\GCMSsolution\Data\Project1\Campbell RMBL Data\Temperature expt CWu 2019\GNA9_day_190805_8102019_04.qgd","8/11/2019 10:31:33 AM","8/11/2019 11:02:11 AM","6840320","2DYHPD2\User"
"C:\GCMSsolution\Data\Project1\Campbell RMBL Data\Temperature expt CWu 2019\GNA9_leaf_190805_8102019_09.qgd","8/10/2019 7:49:47 PM","8/10/2019 8:22:23 PM","6852608","2DYHPD2\User"
"C:\GCMSsolution\Data\Project1\Campbell RMBL Data\Temperature expt CWu 2019\HC_01_190620_8162019_04.qgd","8/16/2019 7:17:22 PM","8/16/2019 7:54:39 PM","8200192","2DYHPD2\User"
"C:\GCMSsolution\Data\Project1\Campbell RMBL Data\Temperature expt CWu 2019\MF_01_190620_8162019_03.qgd","8/16/2019 6:39:48 PM","8/16/2019 7:17:17 PM","8314880","2DYHPD2\User"
"C:\GCMSsolution\Data\Project1\Campbell RMBL Data\Temperature expt CWu 2019\MF_05_190621_8162019_13.qgd","8/17/2019 12:46:53 AM","8/17/2019 1:22:43 AM","8126464","2DYHPD2\User"
"C:\GCMSsolution\Data\Project1\Campbell RMBL Data\Temperature expt CWu 2019\OCT_B1_day_190802_882019_19.qgd","8/9/2019 8:10:30 AM","8/9/2019 8:41:29 AM","7020544","2DYHPD2\User"
"C:\GCMSsolution\Data\Project1\Campbell RMBL Data\Temperature expt CWu 2019\OCT_B1_leaf_190802_882019_16.qgd","8/9/2019 6:37:58 AM","8/9/2019 7:08:39 AM","6856704","2DYHPD2\User"
"C:\GCMSsolution\Data\Project1\Campbell RMBL Data\Temperature expt CWu 2019\OTC_A1_day_190802_892019_12.qgd","8/9/2019 4:51:46 PM","8/9/2019 5:24:04 PM","6844416","2DYHPD2\User"
"C:\GCMSsolution\Data\Project1\Campbell RMBL Data\Temperature expt CWu 2019\OTC_A1_leaf_190802_892019_16.qgd","8/9/2019 7:02:36 PM","8/9/2019 7:34:43 PM","6848512","2DYHPD2\User"
"C:\GCMSsolution\Data\Project1\Campbell RMBL Data\Temperature expt CWu 2019\OTC_A2_day_190802_892019_07.qgd","8/9/2019 11:10:53 PM","8/9/2019 11:41:58 PM","6864896","2DYHPD2\User"
"C:\GCMSsolution\Data\Project1\Campbell RMBL Data\Temperature expt CWu 2019\OTC_A2_night_190802_892019_13.qgd","8/10/2019 2:18:33 AM","8/10/2019 2:49:33 AM","6860800","2DYHPD2\User"
"C:\GCMSsolution\Data\Project1\Campbell RMBL Data\Temperature expt CWu 2019\OTC_B1_night_190802_892019_23.qgd","8/10/2019 7:30:04 AM","8/10/2019 8:00:45 AM","6852608","2DYHPD2\User"
"C:\GCMSsolution\Data\Project1\Campbell RMBL Data\Temperature expt CWu 2019\OTC_B2_day_190802_892019_11.qgd","8/9/2019 4:19:05 PM","8/9/2019 4:51:29 PM","6823936","2DYHPD2\User"
"C:\GCMSsolution\Data\Project1\Campbell RMBL Data\Temperature expt CWu 2019\OTC_B2_leaf_190802_892019_14.qgd","8/9/2019 5:56:22 PM","8/9/2019 6:29:44 PM","6860800","2DYHPD2\User"
"C:\GCMSsolution\Data\Project1\Campbell RMBL Data\Temperature expt CWu 2019\OTC_B2_night_190802_892019_22.qgd","8/10/2019 6:59:00 AM","8/10/2019 7:29:51 AM","6909952","2DYHPD2\User"
"C:\GCMSsolution\Data\Project1\Campbell RMBL Data\Temperature expt CWu 2019\OTC_C1_day_190802_892019_09.qgd","8/9/2019 3:13:29 PM","8/9/2019 3:46:05 PM","6860800","2DYHPD2\User"
"C:\GCMSsolution\Data\Project1\Campbell RMBL Data\Temperature expt CWu 2019\OTC_C1_leaf_190802_882019_05.qgd","8/9/2019 12:54:16 AM","8/9/2019 1:25:18 AM","6828032","2DYHPD2\User"
"C:\GCMSsolution\Data\Project1\Campbell RMBL Data\Temperature expt CWu 2019\OTC_C1_night_190802_892019_24.qgd","8/10/2019 8:00:59 AM","8/10/2019 8:31:50 AM","6860800","2DYHPD2\User"
"C:\GCMSsolution\Data\Project1\Campbell RMBL Data\Temperature expt CWu 2019\OTC_C2_day_190802_892019_03.qgd","8/9/2019 11:58:38 AM","8/9/2019 12:30:45 PM","6881280","2DYHPD2\User"
"C:\GCMSsolution\Data\Project1\Campbell RMBL Data\Temperature expt CWu 2019\OTC_C2_leaf_190802_892019_03.qgd","8/9/2019 9:04:48 PM","8/9/2019 9:36:14 PM","6893568","2DYHPD2\User"
"C:\GCMSsolution\Data\Project1\Campbell RMBL Data\Temperature expt CWu 2019\OTC_C2_night_190802_892019_15.qgd","8/10/2019 3:20:57 AM","8/10/2019 3:51:50 AM","6840320","2DYHPD2\User"
"C:\GCMSsolution\Data\Project1\Campbell RMBL Data\Temperature expt CWu 2019\OTC_C3_day_190802_892019_08.qgd","8/9/2019 11:42:14 PM","8/10/2019 12:13:20 AM","6868992","2DYHPD2\User"
"C:\GCMSsolution\Data\Project1\Campbell RMBL Data\Temperature expt CWu 2019\OTC_C3_night_190802_8102019_03.qgd","8/10/2019 4:35:58 PM","8/10/2019 5:07:45 PM","6832128","2DYHPD2\User"
"C:\GCMSsolution\Data\Project1\Campbell RMBL Data\Temperature expt CWu 2019\OTC_D1_day_190802_892019_08.qgd","8/9/2019 2:41:05 PM","8/9/2019 3:13:16 PM","6856704","2DYHPD2\User"
"C:\GCMSsolution\Data\Project1\Campbell RMBL Data\Temperature expt CWu 2019\OTC_D1_leaf_190802_892019_04.qgd","8/9/2019 9:36:30 PM","8/9/2019 10:07:47 PM","6864896","2DYHPD2\User"
"C:\GCMSsolution\Data\Project1\Campbell RMBL Data\Temperature expt CWu 2019\OTC_E1_day_190802_882019_11.qgd","8/9/2019 4:02:01 AM","8/9/2019 4:33:07 AM","6856704","2DYHPD2\User"
"C:\GCMSsolution\Data\Project1\Campbell RMBL Data\Temperature expt CWu 2019\OTC_E1_night_190802_892019_19.qgd","8/10/2019 5:25:20 AM","8/10/2019 5:56:13 AM","6848512","2DYHPD2\User"
"C:\GCMSsolution\Data\Project1\Campbell RMBL Data\Temperature expt CWu 2019\OTC_E2_day_190802_882019_14.qgd","8/9/2019 5:35:46 AM","8/9/2019 6:06:44 AM","6840320","2DYHPD2\User"
"C:\GCMSsolution\Data\Project1\Campbell RMBL Data\Temperature expt CWu 2019\OTC_E2_leaf_190802_882019_04.qgd","8/9/2019 12:23:05 AM","8/9/2019 12:54:00 AM","6852608","2DYHPD2\User"
"C:\GCMSsolution\Data\Project1\Campbell RMBL Data\Temperature expt CWu 2019\OTC_E2_leaf_190802_882019_08.qgd","8/9/2019 2:28:17 AM","8/9/2019 2:59:19 AM","6836224","2DYHPD2\User"
"C:\GCMSsolution\Data\Project1\Campbell RMBL Data\Temperature expt CWu 2019\OTC_E2_night_190802_892019_18.qgd","8/10/2019 4:54:12 AM","8/10/2019 5:25:06 AM","6852608","2DYHPD2\User"
"C:\GCMSsolution\Data\Project1\Campbell RMBL Data\Temperature expt CWu 2019\OTC_E3_day_190802_882019_13.qgd","8/9/2019 5:04:37 AM","8/9/2019 5:35:33 AM","6811648","2DYHPD2\User"
"C:\GCMSsolution\Data\Project1\Campbell RMBL Data\Temperature expt CWu 2019\OTC_E3_leaf_190802_892019_05.qgd","8/9/2019 1:03:40 PM","8/9/2019 1:36:20 PM","6840320","2DYHPD2\User"
"C:\GCMSsolution\Data\Project1\Campbell RMBL Data\Temperature expt CWu 2019\OTC_E3_night_190802_8102019_06.qgd","8/10/2019 6:12:37 PM","8/10/2019 6:44:52 PM","6836224","2DYHPD2\User"
"C:\GCMSsolution\Data\Project1\Campbell RMBL Data\Temperature expt CWu 2019\OTC_V1_day_190805_8102019_08.qgd","8/11/2019 12:35:45 PM","8/11/2019 1:06:21 PM","6864896","2DYHPD2\User"
"C:\GCMSsolution\Data\Project1\Campbell RMBL Data\Temperature expt CWu 2019\OTC_V1_leaf_190805_8102019_01.qgd","8/10/2019 9:40:39 PM","8/11/2019 9:29:15 AM","6926336","2DYHPD2\User"
"C:\GCMSsolution\Data\Project1\Campbell RMBL Data\Temperature expt CWu 2019\OTC_V2_day_190805_8102019_03.qgd","8/11/2019 10:00:30 AM","8/11/2019 10:31:17 AM","6832128","2DYHPD2\User"
"C:\GCMSsolution\Data\Project1\Campbell RMBL Data\Temperature expt CWu 2019\OTC_V2_leaf_190805_8102019_11.qgd","8/11/2019 2:08:49 PM","8/11/2019 2:39:56 PM","6828032","2DYHPD2\User"
"C:\GCMSsolution\Data\Project1\Campbell RMBL Data\Temperature expt CWu 2019\OTC_W1_day_190805_8102019_07.qgd","8/11/2019 12:04:38 PM","8/11/2019 12:35:29 PM","6819840","2DYHPD2\User"
"C:\GCMSsolution\Data\Project1\Campbell RMBL Data\Temperature expt CWu 2019\OTC_W1redo_leaf_190805_8102019_10.qgd","8/11/2019 1:37:39 PM","8/11/2019 2:08:33 PM","6856704","2DYHPD2\User"
"C:\GCMSsolution\Data\Project1\Campbell RMBL Data\Temperature expt CWu 2019\OTC_W2_day_190805_8102019_06.qgd","8/11/2019 11:33:31 AM","8/11/2019 12:04:22 PM","6815744","2DYHPD2\User"
"C:\GCMSsolution\Data\Project1\Campbell RMBL Data\Temperature expt CWu 2019\OTC_W2_leaf_190805_8102019_09.qgd","8/11/2019 1:06:36 PM","8/11/2019 1:37:25 PM","6844416","2DYHPD2\User"
"C:\GCMSsolution\Data\Project1\Campbell RMBL Data\Temperature expt CWu 2019\OTC_X1_190731_872019_16.qgd","8/8/2019 5:18:58 AM","8/8/2019 5:49:51 AM","6852608","2DYHPD2\User"
"C:\GCMSsolution\Data\Project1\Campbell RMBL Data\Temperature expt CWu 2019\OTC_X2_1907231_882019_20.qgd","8/8/2019 7:05:57 PM","8/8/2019 7:37:53 PM","6864896","2DYHPD2\User"
"C:\GCMSsolution\Data\Project1\Campbell RMBL Data\Temperature expt CWu 2019\OTC_X2_190731_872019_17.qgd","8/8/2019 5:50:06 AM","8/8/2019 6:20:57 AM","6840320","2DYHPD2\User"
"C:\GCMSsolution\Data\Project1\Campbell RMBL Data\Temperature expt CWu 2019\OTC_X2_leaf_190805_8102019_14.qgd","8/11/2019 3:42:37 PM","8/11/2019 4:13:48 PM","6856704","2DYHPD2\User"
"C:\GCMSsolution\Data\Project1\Campbell RMBL Data\Temperature expt CWu 2019\OTC_X2_leaf_190805_8102019_16.qgd","8/11/2019 4:45:34 PM","8/11/2019 5:17:03 PM","6860800","2DYHPD2\User"
"C:\GCMSsolution\Data\Project1\Campbell RMBL Data\Temperature expt CWu 2019\OTC_Y1_190731_872019_09.qgd","8/8/2019 1:40:58 AM","8/8/2019 2:11:47 AM","6873088","2DYHPD2\User"
"C:\GCMSsolution\Data\Project1\Campbell RMBL Data\Temperature expt CWu 2019\OTC_Y1_leaf_190805_8102019_18.qgd","8/11/2019 5:49:04 PM","8/11/2019 6:20:31 PM","6877184","2DYHPD2\User"
"C:\GCMSsolution\Data\Project1\Campbell RMBL Data\Temperature expt CWu 2019\OTC_Y2_190731_872019_12.qgd","8/8/2019 3:14:35 AM","8/8/2019 3:45:30 AM","6848512","2DYHPD2\User"
"C:\GCMSsolution\Data\Project1\Campbell RMBL Data\Temperature expt CWu 2019\OTC_Y2_leaf_190805_8102019_20.qgd","8/11/2019 6:52:23 PM","8/11/2019 7:23:46 PM","6852608","2DYHPD2\User"
"C:\GCMSsolution\Data\Project1\Campbell RMBL Data\Temperature expt CWu 2019\OTC_Z1_190731_872019_08.qgd","8/8/2019 1:09:41 AM","8/8/2019 1:40:44 AM","6934528","2DYHPD2\User"
"C:\GCMSsolution\Data\Project1\Campbell RMBL Data\Temperature expt CWu 2019\OTC_Z1_leaf_190805_8102019_22.qgd","8/11/2019 7:55:29 PM","8/11/2019 8:26:27 PM","6914048","2DYHPD2\User"
"C:\GCMSsolution\Data\Project1\Campbell RMBL Data\Temperature expt CWu 2019\OTC_Z2_190731_872019_11.qgd","8/8/2019 2:43:06 AM","8/8/2019 3:14:22 AM","6844416","2DYHPD2\User"
"C:\GCMSsolution\Data\Project1\Campbell RMBL Data\Temperature expt CWu 2019\OTC_Z2_leaf_190805_8102019_23.qgd","8/11/2019 8:26:40 PM","8/11/2019 8:57:11 PM","6828032","2DYHPD2\User"
"C:\GCMSsolution\Data\Project1\Campbell RMBL Data\Temperature expt CWu 2019\OTC_Z3_190731_872019_14.qgd","8/8/2019 4:16:43 AM","8/8/2019 4:47:43 AM","6828032","2DYHPD2\User"
"C:\GCMSsolution\Data\Project1\Campbell RMBL Data\Temperature expt CWu 2019\OTC_Z3_190805_8102019_24.qgd","8/11/2019 8:57:26 PM","8/11/2019 9:27:49 PM","6815744","2DYHPD2\User"
"C:\GCMSsolution\Data\Project1\Campbell RMBL Data\Temperature expt CWu 2019\OTCredo_Z3_190805_8112019_24.qgd","8/12/2019 10:11:04 AM","8/12/2019 10:42:21 AM","6881280","2DYHPD2\User"
"C:\GCMSsolution\Data\Project1\Campbell RMBL Data\Temperature expt CWu 2019\SC1_day_190802_892019_07.qgd","8/9/2019 2:08:36 PM","8/9/2019 2:40:49 PM","6860800","2DYHPD2\User"
"C:\GCMSsolution\Data\Project1\Campbell RMBL Data\Temperature expt CWu 2019\SC1_leaf_190802_882019_06.qgd","8/9/2019 1:25:32 AM","8/9/2019 1:56:43 AM","6840320","2DYHPD2\User"
"C:\GCMSsolution\Data\Project1\Campbell RMBL Data\Temperature expt CWu 2019\SC1_night_190802_892019_16.qgd","8/10/2019 3:52:04 AM","8/10/2019 4:22:50 AM","6844416","2DYHPD2\User"
"C:\GCMSsolution\Data\Project1\Campbell RMBL Data\Temperature expt CWu 2019\SC10_day_190802_892019_06.qgd","8/9/2019 10:39:28 PM","8/9/2019 11:10:37 PM","6881280","2DYHPD2\User"
"C:\GCMSsolution\Data\Project1\Campbell RMBL Data\Temperature expt CWu 2019\SC10_night_190802_892019_12.qgd","8/10/2019 1:47:21 AM","8/10/2019 2:18:19 AM","6823936","2DYHPD2\User"
"C:\GCMSsolution\Data\Project1\Campbell RMBL Data\Temperature expt CWu 2019\SC2_day_190802_882019_15.qgd","8/9/2019 6:06:57 AM","8/9/2019 6:37:44 AM","6840320","2DYHPD2\User"
"C:\GCMSsolution\Data\Project1\Campbell RMBL Data\Temperature expt CWu 2019\SC2_day_leaf_190802_882019_17.qgd","8/9/2019 7:08:53 AM","8/9/2019 7:39:35 AM","6840320","2DYHPD2\User"
"C:\GCMSsolution\Data\Project1\Campbell RMBL Data\Temperature expt CWu 2019\SC3_day_190802_892019_06.qgd","8/9/2019 1:36:34 PM","8/9/2019 2:08:22 PM","6836224","2DYHPD2\User"
"C:\GCMSsolution\Data\Project1\Campbell RMBL Data\Temperature expt CWu 2019\SC3_leaf_190802_892019_02.qgd","8/9/2019 8:33:14 PM","8/9/2019 9:04:33 PM","6873088","2DYHPD2\User"
"C:\GCMSsolution\Data\Project1\Campbell RMBL Data\Temperature expt CWu 2019\SC3_night_190802_892019_17.qgd","8/10/2019 4:23:04 AM","8/10/2019 4:53:58 AM","6852608","2DYHPD2\User"
"C:\GCMSsolution\Data\Project1\Campbell RMBL Data\Temperature expt CWu 2019\SC4_day_190802_892019_09.qgd","8/10/2019 12:13:35 AM","8/10/2019 12:44:38 AM","7577600","2DYHPD2\User"
"C:\GCMSsolution\Data\Project1\Campbell RMBL Data\Temperature expt CWu 2019\SC4_leaf_190802_892019_13.qgd","8/9/2019 5:24:19 PM","8/9/2019 5:56:08 PM","6856704","2DYHPD2\User"
"C:\GCMSsolution\Data\Project1\Campbell RMBL Data\Temperature expt CWu 2019\SC4_night_190802_8102019_04.qgd","8/10/2019 5:08:01 PM","8/10/2019 5:40:08 PM","6864896","2DYHPD2\User"
"C:\GCMSsolution\Data\Project1\Campbell RMBL Data\Temperature expt CWu 2019\SC5_day_190802_882019_10.qgd","8/9/2019 3:30:45 AM","8/9/2019 4:01:45 AM","6868992","2DYHPD2\User"
"C:\GCMSsolution\Data\Project1\Campbell RMBL Data\Temperature expt CWu 2019\SC5_leaf_190802_892019_05.qgd","8/9/2019 10:08:03 PM","8/9/2019 10:39:15 PM","6864896","2DYHPD2\User"
"C:\GCMSsolution\Data\Project1\Campbell RMBL Data\Temperature expt CWu 2019\SC5_night_190802_8102019_02.qgd","8/10/2019 4:03:26 PM","8/10/2019 4:35:42 PM","6868992","2DYHPD2\User"
"C:\GCMSsolution\Data\Project1\Campbell RMBL Data\Temperature expt CWu 2019\SC6_day_190802_882019_12.qgd","8/9/2019 4:33:21 AM","8/9/2019 5:04:22 AM","6848512","2DYHPD2\User"
"C:\GCMSsolution\Data\Project1\Campbell RMBL Data\Temperature expt CWu 2019\SC6_leaf_190802_882019_03.qgd","8/8/2019 11:51:49 PM","8/9/2019 12:22:52 AM","6844416","2DYHPD2\User"
"C:\GCMSsolution\Data\Project1\Campbell RMBL Data\Temperature expt CWu 2019\SC6_night_190802_892019_21.qgd","8/10/2019 6:27:57 AM","8/10/2019 6:58:46 AM","6864896","2DYHPD2\User"
"C:\GCMSsolution\Data\Project1\Campbell RMBL Data\Temperature expt CWu 2019\SC7_day_190802_882019_09.qgd","8/9/2019 2:59:33 AM","8/9/2019 3:30:32 AM","6844416","2DYHPD2\User"
"C:\GCMSsolution\Data\Project1\Campbell RMBL Data\Temperature expt CWu 2019\SC7_leaf_190802_882019_07.qgd","8/9/2019 1:56:56 AM","8/9/2019 2:28:02 AM","6840320","2DYHPD2\User"
"C:\GCMSsolution\Data\Project1\Campbell RMBL Data\Temperature expt CWu 2019\SC7_night_190802_892019_14.qgd","8/10/2019 2:49:49 AM","8/10/2019 3:20:41 AM","6848512","2DYHPD2\User"
"C:\GCMSsolution\Data\Project1\Campbell RMBL Data\Temperature expt CWu 2019\SC8_day_190802_892019_02.qgd","8/9/2019 11:26:48 AM","8/9/2019 11:58:22 AM","6877184","2DYHPD2\User"
"C:\GCMSsolution\Data\Project1\Campbell RMBL Data\Temperature expt CWu 2019\SC8_leaf_190802_882019_20.qgd","8/9/2019 8:41:42 AM","8/9/2019 9:12:41 AM","6868992","2DYHPD2\User"
"C:\GCMSsolution\Data\Project1\Campbell RMBL Data\Temperature expt CWu 2019\SC8_night_190802_892019_20.qgd","8/10/2019 5:56:27 AM","8/10/2019 6:27:41 AM","6856704","2DYHPD2\User"
"C:\GCMSsolution\Data\Project1\Campbell RMBL Data\Temperature expt CWu 2019\SC9_day_190802_892019_04.qgd","8/9/2019 12:30:58 PM","8/9/2019 1:03:23 PM","6856704","2DYHPD2\User"
"C:\GCMSsolution\Data\Project1\Campbell RMBL Data\Temperature expt CWu 2019\SC9_leaf_190802_892019_10.qgd","8/9/2019 3:46:19 PM","8/9/2019 4:18:50 PM","6840320","2DYHPD2\User"
"C:\GCMSsolution\Data\Project1\Campbell RMBL Data\Temperature expt CWu 2019\SI_01_190620_8162019_06.qgd","8/16/2019 8:31:47 PM","8/16/2019 9:08:28 PM","8294400","2DYHPD2\User"
"C:\GCMSsolution\Data\Project1\Campbell RMBL Data\Temperature expt CWu 2019\T119_day_190725_862019_10.qgd","8/6/2019 7:39:40 PM","8/6/2019 8:12:15 PM","7630848","2DYHPD2\User"
"C:\GCMSsolution\Data\Project1\Campbell RMBL Data\Temperature expt CWu 2019\T119_night_190724_872019_07.qgd","8/7/2019 12:34:59 PM","8/7/2019 1:06:49 PM","6819840","2DYHPD2\User"
"C:\GCMSsolution\Data\Project1\Campbell RMBL Data\Temperature expt CWu 2019\T128_day_190725_862019_02.qgd","8/6/2019 10:08:45 PM","8/6/2019 10:41:09 PM","7417856","2DYHPD2\User"
"C:\GCMSsolution\Data\Project1\Campbell RMBL Data\Temperature expt CWu 2019\T128_night_190724_872019_10.qgd","8/7/2019 2:12:26 PM","8/7/2019 2:45:05 PM","6844416","2DYHPD2\User"
"C:\GCMSsolution\Data\Project1\Campbell RMBL Data\Temperature expt CWu 2019\T139_day_190725_862019_06.qgd","8/6/2019 5:25:23 PM","8/6/2019 5:59:05 PM","7524352","2DYHPD2\User"
"C:\GCMSsolution\Data\Project1\Campbell RMBL Data\Temperature expt CWu 2019\T139_night_190724_862019_17.qgd","8/7/2019 6:01:38 AM","8/7/2019 6:32:34 AM","6807552","2DYHPD2\User"
"C:\GCMSsolution\Data\Project1\Campbell RMBL Data\Temperature expt CWu 2019\T141_day_190725_862019_07.qgd","8/7/2019 12:48:56 AM","8/7/2019 1:20:14 AM","6828032","2DYHPD2\User"
"C:\GCMSsolution\Data\Project1\Campbell RMBL Data\Temperature expt CWu 2019\T141_leaf_190729_882019_12.qgd","8/8/2019 2:44:16 PM","8/8/2019 3:16:15 PM","6840320","2DYHPD2\User"
"C:\GCMSsolution\Data\Project1\Campbell RMBL Data\Temperature expt CWu 2019\T141_night_190724_872019_06.qgd","8/7/2019 12:02:14 PM","8/7/2019 12:34:46 PM","6852608","2DYHPD2\User"
"C:\GCMSsolution\Data\Project1\Campbell RMBL Data\Temperature expt CWu 2019\T141redo_night_190724_872019_16.qgd","8/7/2019 5:30:15 PM","8/7/2019 6:02:53 PM","6819840","2DYHPD2\User"
"C:\GCMSsolution\Data\Project1\Campbell RMBL Data\Temperature expt CWu 2019\T144_day_190725_862019_11.qgd","8/7/2019 2:54:35 AM","8/7/2019 3:25:26 AM","6860800","2DYHPD2\User"
"C:\GCMSsolution\Data\Project1\Campbell RMBL Data\Temperature expt CWu 2019\T144_night_190724_872019_15.qgd","8/7/2019 4:57:34 PM","8/7/2019 5:29:58 PM","6815744","2DYHPD2\User"
"C:\GCMSsolution\Data\Project1\Campbell RMBL Data\Temperature expt CWu 2019\T164_day_190725_862019_05.qgd","8/6/2019 4:51:20 PM","8/6/2019 5:25:07 PM","6807552","2DYHPD2\User"
"C:\GCMSsolution\Data\Project1\Campbell RMBL Data\Temperature expt CWu 2019\T164_leaf_190731_882019_18.qgd","8/9/2019 7:39:52 AM","8/9/2019 8:10:14 AM","6791168","2DYHPD2\User"
"C:\GCMSsolution\Data\Project1\Campbell RMBL Data\Temperature expt CWu 2019\T164_night_190724_862019_15.qgd","8/7/2019 4:59:19 AM","8/7/2019 5:30:15 AM","6811648","2DYHPD2\User"
"C:\GCMSsolution\Data\Project1\Campbell RMBL Data\Temperature expt CWu 2019\T173_day_190725_862019_04.qgd","8/6/2019 4:17:35 PM","8/6/2019 4:51:06 PM","6877184","2DYHPD2\User"
"C:\GCMSsolution\Data\Project1\Campbell RMBL Data\Temperature expt CWu 2019\T173_leaf_190725_882019_03.qgd","8/8/2019 9:55:16 AM","8/8/2019 10:26:29 AM","6987776","2DYHPD2\User"
"C:\GCMSsolution\Data\Project1\Campbell RMBL Data\Temperature expt CWu 2019\T173_night_190724_862019_16.qgd","8/7/2019 5:30:31 AM","8/7/2019 6:01:24 AM","6840320","2DYHPD2\User"
"C:\GCMSsolution\Data\Project1\Campbell RMBL Data\Temperature expt CWu 2019\T176_day_190725_862019_05.qgd","8/6/2019 11:45:36 PM","8/7/2019 12:17:05 AM","6909952","2DYHPD2\User"
"C:\GCMSsolution\Data\Project1\Campbell RMBL Data\Temperature expt CWu 2019\T176_night_190724_872019_11.qgd","8/7/2019 2:45:19 PM","8/7/2019 3:18:10 PM","6828032","2DYHPD2\User"
"C:\GCMSsolution\Data\Project1\Campbell RMBL Data\Temperature expt CWu 2019\T188_day_190725_862019_10.qgd","8/7/2019 2:23:15 AM","8/7/2019 2:54:20 AM","6922240","2DYHPD2\User"
"C:\GCMSsolution\Data\Project1\Campbell RMBL Data\Temperature expt CWu 2019\T188_leaf_190725_882019_05.qgd","8/8/2019 10:58:15 AM","8/8/2019 11:29:49 AM","6840320","2DYHPD2\User"
"C:\GCMSsolution\Data\Project1\Campbell RMBL Data\Temperature expt CWu 2019\T19_leaf_1907231_882019_16.qgd","8/8/2019 4:54:39 PM","8/8/2019 5:27:22 PM","6836224","2DYHPD2\User"
"C:\GCMSsolution\Data\Project1\Campbell RMBL Data\Temperature expt CWu 2019\T193_day_190725_862019_04.qgd","8/6/2019 11:13:38 PM","8/6/2019 11:45:21 PM","7528448","2DYHPD2\User"
"C:\GCMSsolution\Data\Project1\Campbell RMBL Data\Temperature expt CWu 2019\T193_night_190724_872019_12.qgd","8/7/2019 3:18:26 PM","8/7/2019 3:51:24 PM","6828032","2DYHPD2\User"
"C:\GCMSsolution\Data\Project1\Campbell RMBL Data\Temperature expt CWu 2019\T38_leaf_190729_882019_07.qgd","8/8/2019 12:02:09 PM","8/8/2019 12:34:13 PM","6836224","2DYHPD2\User"
"C:\GCMSsolution\Data\Project1\Campbell RMBL Data\Temperature expt CWu 2019\unreadable40_leaf_190729_882019_08.qgd","8/8/2019 12:34:29 PM","8/8/2019 1:06:42 PM","7413760","2DYHPD2\User"
"C:\GCMSsolution\Data\Project1\Campbell RMBL Data\Temperature expt CWu 2019\VP1_00_190620_8162019_05.qgd","8/16/2019 7:54:43 PM","8/16/2019 8:31:43 PM","8118272","2DYHPD2\User"
"C:\GCMSsolution\Data\Project1\Campbell RMBL Data\Test instrument runs","7/15/2018 2:22:09 PM","8/27/2021 5:29:02 PM",,"2DYHPD2\User"
"C:\GCMSsolution\Data\Project1\Campbell RMBL Data\Test instrument runs\agg88806222018_06232018.qgd","6/23/2018 1:38:28 PM","6/23/2018 2:11:13 PM","6791168","2DYHPD2\User"
"C:\GCMSsolution\Data\Project1\Campbell RMBL Data\Test instrument runs\agg99906222018_06232018.qgd","6/23/2018 1:05:37 PM","6/23/2018 1:38:15 PM","6836224","2DYHPD2\User"
"C:\GCMSsolution\Data\Project1\Campbell RMBL Data\Test instrument runs\ALK3uL0.01_7232019_11.qgd","7/23/2019 11:53:05 PM","7/24/2019 8:23:13 AM","7168000","2DYHPD2\User"
"C:\GCMSsolution\Data\Project1\Campbell RMBL Data\Test instrument runs\ALK3uL0.01_7252019_15.qgd","7/26/2019 12:37:06 AM","7/26/2019 8:30:00 AM","7380992","2DYHPD2\User"
"C:\GCMSsolution\Data\Project1\Campbell RMBL Data\Test instrument runs\Alkanes_8262021_13.qgd","8/27/2021 2:36:45 AM","8/27/2021 3:08:35 AM","7536640","2DYHPD2\User"
"C:\GCMSsolution\Data\Project1\Campbell RMBL Data\Test instrument runs\Alkanes_8272021_01.qgd","8/27/2021 12:42:22 PM","8/27/2021 1:19:38 PM","7340032","2DYHPD2\User"
"C:\GCMSsolution\Data\Project1\Campbell RMBL Data\Test instrument runs\AlkanesHigh_8272021_01.qgd","8/27/2021 3:47:52 PM","8/27/2021 4:23:36 PM","7524352","2DYHPD2\User"
"C:\GCMSsolution\Data\Project1\Campbell RMBL Data\Test instrument runs\apinene_3octanone_3uL0.01rep1_7242019_07.qgd","7/24/2019 8:23:53 PM","7/24/2019 11:21:55 PM","7155712","2DYHPD2\User"
"C:\GCMSsolution\Data\Project1\Campbell RMBL Data\Test instrument runs\apinene_3octanone_3uL0.01rep2_7242019_08.qgd","7/24/2019 8:56:17 PM","7/24/2019 11:24:51 PM","7163904","2DYHPD2\User"
"C:\GCMSsolution\Data\Project1\Campbell RMBL Data\Test instrument runs\apinene_3octanone_3uL0.1rep1_7242019_09.qgd","7/24/2019 9:28:16 PM","7/24/2019 11:28:00 PM","7200768","2DYHPD2\User"
"C:\GCMSsolution\Data\Project1\Campbell RMBL Data\Test instrument runs\apinene_3octanone_3uL0.1rep2_7242019_10.qgd","7/24/2019 10:00:06 PM","7/24/2019 11:31:21 PM","7188480","2DYHPD2\User"
"C:\GCMSsolution\Data\Project1\Campbell RMBL Data\Test instrument runs\Bakeout_08152018.qgd","8/15/2018 2:43:35 PM","8/15/2018 3:26:14 PM","6766592","2DYHPD2\User"
"C:\GCMSsolution\Data\Project1\Campbell RMBL Data\Test instrument runs\Bakeout_08182018.qgd","8/18/2018 11:21:27 AM","8/18/2018 3:15:43 PM","50868224","2DYHPD2\User"
"C:\GCMSsolution\Data\Project1\Campbell RMBL Data\Test instrument runs\Bakeout_20210624_Tube_10.qgd","6/24/2021 4:53:01 PM","6/24/2021 5:24:03 PM","6782976","2DYHPD2\User"
"C:\GCMSsolution\Data\Project1\Campbell RMBL Data\Test instrument runs\Bakeout_20210624_Tube_3.qgd","6/24/2021 1:32:22 PM","6/24/2021 2:15:02 PM","6840320","2DYHPD2\User"
"C:\GCMSsolution\Data\Project1\Campbell RMBL Data\Test instrument runs\Bakeout_20210624_Tube_4.qgd","6/24/2021 2:15:17 PM","6/24/2021 2:46:23 PM","6795264","2DYHPD2\User"
"C:\GCMSsolution\Data\Project1\Campbell RMBL Data\Test instrument runs\Bakeout_20210624_Tube_5.qgd","6/24/2021 2:46:38 PM","6/24/2021 3:17:44 PM","6770688","2DYHPD2\User"
"C:\GCMSsolution\Data\Project1\Campbell RMBL Data\Test instrument runs\Bakeout_20210624_Tube_6.qgd","6/24/2021 3:18:00 PM","6/24/2021 3:49:25 PM","6770688","2DYHPD2\User"
"C:\GCMSsolution\Data\Project1\Campbell RMBL Data\Test instrument runs\Bakeout_20210624_Tube_7.qgd","6/24/2021 3:49:38 PM","6/24/2021 4:21:10 PM","6770688","2DYHPD2\User"
"C:\GCMSsolution\Data\Project1\Campbell RMBL Data\Test instrument runs\Bakeout_20210624_Tube_8.qgd","6/24/2021 4:21:24 PM","6/24/2021 4:52:47 PM","6782976","2DYHPD2\User"
"C:\GCMSsolution\Data\Project1\Campbell RMBL Data\Test instrument runs\Bakeout_T22_7262019_01.qgd","7/26/2019 4:58:39 PM","7/26/2019 5:42:07 PM","7213056","2DYHPD2\User"
"C:\GCMSsolution\Data\Project1\Campbell RMBL Data\Test instrument runs\Bakeout_T23_7262019_02.qgd","7/26/2019 5:41:17 PM","7/26/2019 6:14:01 PM","7176192","2DYHPD2\User"
"C:\GCMSsolution\Data\Project1\Campbell RMBL Data\Test instrument runs\Bakeout1_06202019.qgd","6/20/2019 5:52:42 AM","6/20/2019 6:36:07 AM","7016448","2DYHPD2\User"
"C:\GCMSsolution\Data\Project1\Campbell RMBL Data\Test instrument runs\Bakeout1_06202020.qgd","6/20/2019 6:36:21 AM","6/20/2019 7:08:40 AM","7000064","2DYHPD2\User"
"C:\GCMSsolution\Data\Project1\Campbell RMBL Data\Test instrument runs\Bakeout2_08152018.qgd","8/15/2018 3:26:27 PM","8/15/2018 3:59:42 PM","6828032","2DYHPD2\User"
"C:\GCMSsolution\Data\Project1\Campbell RMBL Data\Test instrument runs\Blank_06152018.qgd","6/15/2018 10:54:01 AM","6/15/2018 11:29:02 AM","7254016","2DYHPD2\User"
"C:\GCMSsolution\Data\Project1\Campbell RMBL Data\Test instrument runs\Blank_06192019.qgd","6/19/2019 9:59:07 AM","6/19/2019 10:34:13 AM","7184384","2DYHPD2\User"
"C:\GCMSsolution\Data\Project1\Campbell RMBL Data\Test instrument runs\Blank_06232018.qgd","6/23/2018 11:20:47 AM","6/23/2018 12:00:35 PM","7221248","2DYHPD2\User"
"C:\GCMSsolution\Data\Project1\Campbell RMBL Data\Test instrument runs\Blank_07062018.qgd","7/6/2018 2:59:05 PM","6/25/2019 9:02:56 AM","7245824","2DYHPD2\User"
"C:\GCMSsolution\Data\Project1\Campbell RMBL Data\Test instrument runs\Blank_07192019.qgd","7/19/2019 8:05:56 AM","7/21/2019 8:24:57 PM","7581696","2DYHPD2\User"
"C:\GCMSsolution\Data\Project1\Campbell RMBL Data\Test instrument runs\Blank_07232019.qgd","7/23/2019 12:06:51 PM","7/23/2019 12:42:17 PM","7213056","2DYHPD2\User"
"C:\GCMSsolution\Data\Project1\Campbell RMBL Data\Test instrument runs\Blank_08092018.qgd","8/9/2018 4:44:19 PM","8/9/2018 5:21:58 PM","6762496","2DYHPD2\User"
"C:\GCMSsolution\Data\Project1\Campbell RMBL Data\Test instrument runs\Blank_08182018.qgd","8/18/2018 3:51:35 PM","8/18/2018 4:33:22 PM","8585216","2DYHPD2\User"
"C:\GCMSsolution\Data\Project1\Campbell RMBL Data\Test instrument runs\Blank_8272021_01.qgd","8/27/2021 5:29:02 PM","8/27/2021 6:05:47 PM","7467008","2DYHPD2\User"
"C:\GCMSsolution\Data\Project1\Campbell RMBL Data\Test instrument runs\Blank1_7212019_01.qgd","7/21/2019 10:51:38 PM","7/21/2019 11:27:45 PM","7086080","2DYHPD2\User"
"C:\GCMSsolution\Data\Project1\Campbell RMBL Data\Test instrument runs\Blank1_7232019_01.qgd","7/23/2019 1:56:41 PM","7/23/2019 2:33:02 PM","6844416","2DYHPD2\User"
"C:\GCMSsolution\Data\Project1\Campbell RMBL Data\Test instrument runs\Blank1_7242019_01.qgd","7/24/2019 2:52:50 PM","7/24/2019 3:27:28 PM","6819840","2DYHPD2\User"
"C:\GCMSsolution\Data\Project1\Campbell RMBL Data\Test instrument runs\Blank1_7252019_01.qgd","7/25/2019 5:06:33 PM","7/25/2019 5:40:38 PM","6991872","2DYHPD2\User"
"C:\GCMSsolution\Data\Project1\Campbell RMBL Data\Test instrument runs\Blank1_7272021_02.qgd","7/27/2021 8:14:59 AM","7/27/2021 8:46:51 AM","7135232","2DYHPD2\User"
"C:\GCMSsolution\Data\Project1\Campbell RMBL Data\Test instrument runs\Blank1_7302019_01.qgd","7/30/2019 3:57:23 PM","7/30/2019 3:57:24 PM","270336","2DYHPD2\User"
"C:\GCMSsolution\Data\Project1\Campbell RMBL Data\Test instrument runs\Blank1_7302019_02.qgd","7/30/2019 4:28:37 PM","7/30/2019 5:03:37 PM","6799360","2DYHPD2\User"
"C:\GCMSsolution\Data\Project1\Campbell RMBL Data\Test instrument runs\Blank1a_7262019_01.qgd","7/26/2019 3:50:14 PM","7/26/2019 4:21:52 PM","7331840","2DYHPD2\User"
"C:\GCMSsolution\Data\Project1\Campbell RMBL Data\Test instrument runs\Blank1b_200_200_7262019_02.qgd","7/26/2019 4:21:02 PM","7/26/2019 4:52:11 PM","6868992","2DYHPD2\User"
"C:\GCMSsolution\Data\Project1\Campbell RMBL Data\Test instrument runs\Blank2_06192019.qgd","6/19/2019 2:13:15 PM","6/25/2019 8:44:05 AM","7458816","2DYHPD2\User"
"C:\GCMSsolution\Data\Project1\Campbell RMBL Data\Test instrument runs\Blank2_7232019_06.qgd","7/23/2019 4:47:44 PM","7/23/2019 5:21:29 PM","6803456","2DYHPD2\User"
"C:\GCMSsolution\Data\Project1\Campbell RMBL Data\Test instrument runs\Blank2_7242019_01.qgd","7/24/2019 5:03:34 PM","7/24/2019 5:39:17 PM","6799360","2DYHPD2\User"
"C:\GCMSsolution\Data\Project1\Campbell RMBL Data\Test instrument runs\Blank2_7252019_16.qgd","7/26/2019 1:08:17 AM","7/26/2019 8:27:22 AM","7217152","2DYHPD2\User"
"C:\GCMSsolution\Data\Project1\Campbell RMBL Data\Test instrument runs\Blank3_06192019.qgd","6/19/2019 2:58:29 PM","6/25/2019 8:53:23 AM","7286784","2DYHPD2\User"
"C:\GCMSsolution\Data\Project1\Campbell RMBL Data\Test instrument runs\Blank3_7232019_01.qgd","7/23/2019 6:27:05 PM","7/23/2019 7:02:44 PM","6811648","2DYHPD2\User"
"C:\GCMSsolution\Data\Project1\Campbell RMBL Data\Test instrument runs\Blank3_7242019_11.qgd","7/24/2019 10:31:53 PM","7/24/2019 11:03:14 PM","6848512","2DYHPD2\User"
"C:\GCMSsolution\Data\Project1\Campbell RMBL Data\Test instrument runs\Blank4_7232019_12.qgd","7/24/2019 12:24:42 AM","7/24/2019 12:55:59 AM","6799360","2DYHPD2\User"
"C:\GCMSsolution\Data\Project1\Campbell RMBL Data\Test instrument runs\Blank4_post_trap_cond_06192019.qgd","6/19/2019 5:43:16 PM","6/25/2019 8:50:20 AM","7684096","2DYHPD2\User"
"C:\GCMSsolution\Data\Project1\Campbell RMBL Data\Test instrument runs\Blank5_06192019.qgd","6/19/2019 10:59:30 PM","6/25/2019 8:46:10 AM","7237632","2DYHPD2\User"
"C:\GCMSsolution\Data\Project1\Campbell RMBL Data\Test instrument runs\Blank5_7232019_13.qgd","7/24/2019 12:56:15 AM","7/24/2019 1:27:29 AM","6795264","2DYHPD2\User"
"C:\GCMSsolution\Data\Project1\Campbell RMBL Data\Test instrument runs\Columncondition_07172019.qgd","7/17/2019 12:37:19 PM","7/17/2019 3:55:36 PM","52477952","2DYHPD2\User"
"C:\GCMSsolution\Data\Project1\Campbell RMBL Data\Test instrument runs\GNA_17_210716_redo_7272021_03.qgd","7/27/2021 8:45:41 AM","7/27/2021 9:17:48 AM","7364608","2DYHPD2\User"
"C:\GCMSsolution\Data\Project1\Campbell RMBL Data\Test instrument runs\GNA_21_210716_redo_7272021_04.qgd","7/27/2021 9:16:42 AM","7/27/2021 9:49:06 AM","7241728","2DYHPD2\User"
"C:\GCMSsolution\Data\Project1\Campbell RMBL Data\Test instrument runs\IpoTenu_indoletest_45min_7212019_02.qgd","7/21/2019 11:28:00 PM","7/21/2019 11:58:55 PM","6901760","2DYHPD2\User"
"C:\GCMSsolution\Data\Project1\Campbell RMBL Data\Test instrument runs\OQRepeat.txt","6/24/2021 11:58:31 AM","7/1/2021 9:48:33 PM","2098","2DYHPD2\User"
"C:\GCMSsolution\Data\Project1\Campbell RMBL Data\Test instrument runs\originals_notrenamed","7/26/2019 7:39:02 AM","7/26/2019 7:39:40 AM",,"2DYHPD2\User"
"C:\GCMSsolution\Data\Project1\Campbell RMBL Data\Test instrument runs\originals_notrenamed\ALK3uL0.01_7252019_16.qgd","7/26/2019 7:39:40 AM","7/26/2019 1:39:08 AM","6860800","2DYHPD2\User"
"C:\GCMSsolution\Data\Project1\Campbell RMBL Data\Test instrument runs\originals_notrenamed\STD3uL0.1indolerep1_7252019_14.qgd","7/26/2019 7:39:40 AM","7/26/2019 12:36:50 AM","7286784","2DYHPD2\User"
"C:\GCMSsolution\Data\Project1\Campbell RMBL Data\Test instrument runs\originals_notrenamed\STD3uL0.1indolerep2_7252019_15.qgd","7/26/2019 7:39:40 AM","7/26/2019 1:08:01 AM","7028736","2DYHPD2\User"
"C:\GCMSsolution\Data\Project1\Campbell RMBL Data\Test instrument runs\originals_notrenamed\STD3uL0.1rep3_7252019_13.qgd","7/26/2019 7:39:40 AM","7/26/2019 12:05:46 AM","7286784","2DYHPD2\User"
"C:\GCMSsolution\Data\Project1\Campbell RMBL Data\Test instrument runs\QAQCData.htm","6/24/2021 11:58:31 AM","7/2/2021 9:03:55 AM","495","2DYHPD2\User"
"C:\GCMSsolution\Data\Project1\Campbell RMBL Data\Test instrument runs\QAQCData.txt","6/24/2021 11:58:31 AM","7/2/2021 8:20:50 AM","75","2DYHPD2\User"
"C:\GCMSsolution\Data\Project1\Campbell RMBL Data\Test instrument runs\std_analysis_campbell_folder.qgb","6/25/2019 8:26:08 AM","6/25/2019 1:48:13 PM","69632","2DYHPD2\User"
"C:\GCMSsolution\Data\Project1\Campbell RMBL Data\Test instrument runs\STD10uL0.01_07062018.qgd","7/6/2018 5:53:33 PM","7/9/2019 11:52:27 AM","7512064","2DYHPD2\User"
"C:\GCMSsolution\Data\Project1\Campbell RMBL Data\Test instrument runs\STD3uL0 (1).qgd","8/8/2018 4:36:58 PM","7/9/2019 11:54:30 AM","8495104","2DYHPD2\User"
"C:\GCMSsolution\Data\Project1\Campbell RMBL Data\Test instrument runs\STD3uL0 (2).qgd","8/8/2018 5:15:26 PM","7/9/2019 11:56:58 AM","8843264","2DYHPD2\User"
"C:\GCMSsolution\Data\Project1\Campbell RMBL Data\Test instrument runs\STD3uL0 (3).qgd","8/8/2018 5:55:01 PM","7/9/2019 12:00:01 PM","8540160","2DYHPD2\User"
"C:\GCMSsolution\Data\Project1\Campbell RMBL Data\Test instrument runs\STD3uL0.0001_07062018.qgd","7/6/2018 3:35:44 PM","7/9/2019 12:03:15 PM","7503872","2DYHPD2\User"
"C:\GCMSsolution\Data\Project1\Campbell RMBL Data\Test instrument runs\STD3uL0.0001_7232019_02.qgd","7/23/2019 2:33:15 PM","7/24/2019 8:19:52 AM","7196672","2DYHPD2\User"
"C:\GCMSsolution\Data\Project1\Campbell RMBL Data\Test instrument runs\STD3uL0.0001rep1_20210624_1.qgd","6/24/2021 7:30:39 PM","6/29/2021 4:41:47 PM","7102464","2DYHPD2\User"
"C:\GCMSsolution\Data\Project1\Campbell RMBL Data\Test instrument runs\STD3uL0.0001rep1_20210701_2.qgd","7/1/2021 3:17:21 PM","7/2/2021 8:20:49 AM","7294976","2DYHPD2\User"
"C:\GCMSsolution\Data\Project1\Campbell RMBL Data\Test instrument runs\STD3uL0.0001rep1_7232021_01.qgd","7/23/2021 2:36:08 PM","7/23/2021 3:14:20 PM","7118848","2DYHPD2\User"
"C:\GCMSsolution\Data\Project1\Campbell RMBL Data\Test instrument runs\STD3uL0.0001rep1_7242019_02.qgd","7/24/2019 5:39:30 PM","7/24/2019 11:02:17 PM","7147520","2DYHPD2\User"
"C:\GCMSsolution\Data\Project1\Campbell RMBL Data\Test instrument runs\STD3uL0.0001rep1_7252019_02.qgd","7/25/2019 5:40:51 PM","7/26/2019 7:46:42 AM","7270400","2DYHPD2\User"
"C:\GCMSsolution\Data\Project1\Campbell RMBL Data\Test instrument runs\STD3uL0.0001rep1_8262021_01.qgd","8/26/2021 8:22:31 PM","8/26/2021 8:59:59 PM","7372800","2DYHPD2\User"
"C:\GCMSsolution\Data\Project1\Campbell RMBL Data\Test instrument runs\STD3uL0.0001rep2_20210628_3.qgd","6/28/2021 2:17:37 PM","6/29/2021 5:11:31 PM","7262208","2DYHPD2\User"
"C:\GCMSsolution\Data\Project1\Campbell RMBL Data\Test instrument runs\STD3uL0.0001rep2_20210701_3.qgd","7/1/2021 3:55:05 PM","7/2/2021 8:24:10 AM","7204864","2DYHPD2\User"
"C:\GCMSsolution\Data\Project1\Campbell RMBL Data\Test instrument runs\STD3uL0.0001rep2_7232019_02.qgd","7/23/2019 7:02:57 PM","7/24/2019 8:52:51 AM","7143424","2DYHPD2\User"
"C:\GCMSsolution\Data\Project1\Campbell RMBL Data\Test instrument runs\STD3uL0.0001rep2_7232021_02.qgd","7/23/2021 3:13:09 PM","7/23/2021 3:46:29 PM","7094272","2DYHPD2\User"
"C:\GCMSsolution\Data\Project1\Campbell RMBL Data\Test instrument runs\STD3uL0.0001rep2_7242019_03.qgd","7/24/2019 6:12:12 PM","7/24/2019 11:05:24 PM","7159808","2DYHPD2\User"
"C:\GCMSsolution\Data\Project1\Campbell RMBL Data\Test instrument runs\STD3uL0.0001rep2_7252019_03.qgd","7/25/2019 6:13:27 PM","7/26/2019 7:50:05 AM","7233536","2DYHPD2\User"
"C:\GCMSsolution\Data\Project1\Campbell RMBL Data\Test instrument runs\STD3uL0.0001rep2_8262021_02.qgd","8/26/2021 8:58:42 PM","8/26/2021 9:30:25 PM","7352320","2DYHPD2\User"
"C:\GCMSsolution\Data\Project1\Campbell RMBL Data\Test instrument runs\STD3uL0.0001rep3_20210628_4.qgd","6/28/2021 2:56:08 PM","6/29/2021 5:08:11 PM","7139328","2DYHPD2\User"
"C:\GCMSsolution\Data\Project1\Campbell RMBL Data\Test instrument runs\STD3uL0.0001rep3_20210701_4.qgd","7/1/2021 4:27:11 PM","7/2/2021 8:27:37 AM","7204864","2DYHPD2\User"
"C:\GCMSsolution\Data\Project1\Campbell RMBL Data\Test instrument runs\STD3uL0.0001rep3_7232019_03.qgd","7/23/2019 7:35:30 PM","7/24/2019 8:49:42 AM","7172096","2DYHPD2\User"
"C:\GCMSsolution\Data\Project1\Campbell RMBL Data\Test instrument runs\STD3uL0.0001rep3_7232021_03.qgd","7/23/2021 3:45:24 PM","7/23/2021 4:18:50 PM","7151616","2DYHPD2\User"
"C:\GCMSsolution\Data\Project1\Campbell RMBL Data\Test instrument runs\STD3uL0.0001rep3_7252019_04.qgd","7/25/2019 6:46:08 PM","7/26/2019 7:53:32 AM","7581696","2DYHPD2\User"
"C:\GCMSsolution\Data\Project1\Campbell RMBL Data\Test instrument runs\STD3uL0.0001rep3_8262021_03.qgd","8/26/2021 9:29:18 PM","8/26/2021 10:01:21 PM","7258112","2DYHPD2\User"
"C:\GCMSsolution\Data\Project1\Campbell RMBL Data\Test instrument runs\STD3uL0.0001rep9_8102021_01.qgd","8/10/2021 4:22:25 PM","8/10/2021 4:59:21 PM","7122944","2DYHPD2\User"
"C:\GCMSsolution\Data\Project1\Campbell RMBL Data\Test instrument runs\STD3uL0.001_06202019.qgd","6/20/2019 8:15:45 AM","7/9/2019 12:05:25 PM","7667712","2DYHPD2\User"
"C:\GCMSsolution\Data\Project1\Campbell RMBL Data\Test instrument runs\STD3uL0.001_07052018.qgd","7/5/2018 12:10:11 PM","7/9/2019 12:07:55 PM","7507968","2DYHPD2\User"
"C:\GCMSsolution\Data\Project1\Campbell RMBL Data\Test instrument runs\STD3uL0.001_07062018.qgd","7/6/2018 4:09:50 PM","7/9/2019 12:09:33 PM","7507968","2DYHPD2\User"
"C:\GCMSsolution\Data\Project1\Campbell RMBL Data\Test instrument runs\STD3uL0.001_07122018.qgd","7/12/2018 6:21:25 PM","7/9/2019 12:11:20 PM","6873088","2DYHPD2\User"
"C:\GCMSsolution\Data\Project1\Campbell RMBL Data\Test instrument runs\STD3uL0.001_7232019_03.qgd","7/23/2019 3:06:09 PM","7/24/2019 9:02:52 AM","7225344","2DYHPD2\User"
"C:\GCMSsolution\Data\Project1\Campbell RMBL Data\Test instrument runs\STD3uL0.001rep1_20210624_2.qgd","6/24/2021 8:08:02 PM","6/29/2021 5:22:16 PM","7122944","2DYHPD2\User"
"C:\GCMSsolution\Data\Project1\Campbell RMBL Data\Test instrument runs\STD3uL0.001rep1_20210701_5.qgd","7/1/2021 4:59:32 PM","7/2/2021 8:31:22 AM","7274496","2DYHPD2\User"
"C:\GCMSsolution\Data\Project1\Campbell RMBL Data\Test instrument runs\STD3uL0.001rep1_7232021_04.qgd","7/23/2021 4:17:39 PM","7/23/2021 4:51:12 PM","7122944","2DYHPD2\User"
"C:\GCMSsolution\Data\Project1\Campbell RMBL Data\Test instrument runs\STD3uL0.001rep1_7242019_04.qgd","7/24/2019 6:45:23 PM","7/24/2019 11:08:57 PM","7184384","2DYHPD2\User"
"C:\GCMSsolution\Data\Project1\Campbell RMBL Data\Test instrument runs\STD3uL0.001rep1_7252019_05.qgd","7/25/2019 7:18:58 PM","7/26/2019 7:57:18 AM","7245824","2DYHPD2\User"
"C:\GCMSsolution\Data\Project1\Campbell RMBL Data\Test instrument runs\STD3uL0.001rep1_8262021_04.qgd","8/26/2021 10:00:04 PM","8/26/2021 10:31:52 PM","7254016","2DYHPD2\User"
"C:\GCMSsolution\Data\Project1\Campbell RMBL Data\Test instrument runs\STD3uL0.001rep10_8102021_01.qgd","8/10/2021 6:12:43 PM","8/10/2021 6:48:45 PM","7135232","2DYHPD2\User"
"C:\GCMSsolution\Data\Project1\Campbell RMBL Data\Test instrument runs\STD3uL0.001rep2_20210628_5.qgd","6/28/2021 3:27:47 PM","6/29/2021 5:04:24 PM","7110656","2DYHPD2\User"
"C:\GCMSsolution\Data\Project1\Campbell RMBL Data\Test instrument runs\STD3uL0.001rep2_20210701_6.qgd","7/1/2021 5:32:15 PM","7/2/2021 8:35:27 AM","7323648","2DYHPD2\User"
"C:\GCMSsolution\Data\Project1\Campbell RMBL Data\Test instrument runs\STD3uL0.001rep2_7232019_04.qgd","7/23/2019 8:08:02 PM","7/24/2019 8:46:28 AM","7159808","2DYHPD2\User"
"C:\GCMSsolution\Data\Project1\Campbell RMBL Data\Test instrument runs\STD3uL0.001rep2_7232021_05.qgd","7/23/2021 4:50:07 PM","7/23/2021 5:24:03 PM","7122944","2DYHPD2\User"
"C:\GCMSsolution\Data\Project1\Campbell RMBL Data\Test instrument runs\STD3uL0.001rep2_7242019_05.qgd","7/24/2019 7:18:26 PM","7/24/2019 11:14:45 PM","7184384","2DYHPD2\User"
"C:\GCMSsolution\Data\Project1\Campbell RMBL Data\Test instrument runs\STD3uL0.001rep2_7252019_06.qgd","7/25/2019 7:51:40 PM","7/26/2019 8:00:34 AM","7995392","2DYHPD2\User"
"C:\GCMSsolution\Data\Project1\Campbell RMBL Data\Test instrument runs\STD3uL0.001rep2_8262021_05.qgd","8/26/2021 10:30:41 PM","8/26/2021 11:02:29 PM","7254016","2DYHPD2\User"
"C:\GCMSsolution\Data\Project1\Campbell RMBL Data\Test instrument runs\STD3uL0.001rep3_20210628_6.qgd","6/28/2021 3:59:42 PM","6/29/2021 5:00:32 PM","7143424","2DYHPD2\User"
"C:\GCMSsolution\Data\Project1\Campbell RMBL Data\Test instrument runs\STD3uL0.001rep3_20210701_7.qgd","7/1/2021 6:04:57 PM","7/2/2021 8:39:24 AM","7278592","2DYHPD2\User"
"C:\GCMSsolution\Data\Project1\Campbell RMBL Data\Test instrument runs\STD3uL0.001rep3_7232019_05.qgd","7/23/2019 8:41:00 PM","7/24/2019 8:43:15 AM","7147520","2DYHPD2\User"
"C:\GCMSsolution\Data\Project1\Campbell RMBL Data\Test instrument runs\STD3uL0.001rep3_7232021_06.qgd","7/23/2021 5:22:56 PM","7/23/2021 5:56:45 PM","7147520","2DYHPD2\User"
"C:\GCMSsolution\Data\Project1\Campbell RMBL Data\Test instrument runs\STD3uL0.001rep3_7252019_07.qgd","7/25/2019 8:24:03 PM","7/26/2019 8:04:15 AM","7409664","2DYHPD2\User"
"C:\GCMSsolution\Data\Project1\Campbell RMBL Data\Test instrument runs\STD3uL0.001rep3_8262021_06.qgd","8/26/2021 11:01:23 PM","8/26/2021 11:33:14 PM","7294976","2DYHPD2\User"
"C:\GCMSsolution\Data\Project1\Campbell RMBL Data\Test instrument runs\STD3uL0.001rep4_872021_01.qgd","8/7/2021 10:05:31 AM","8/7/2021 10:42:43 AM","7196672","2DYHPD2\User"
"C:\GCMSsolution\Data\Project1\Campbell RMBL Data\Test instrument runs\STD3uL0.001rep5_872021_01.qgd","8/7/2021 8:45:30 PM","8/7/2021 9:16:34 PM","7122944","2DYHPD2\User"
"C:\GCMSsolution\Data\Project1\Campbell RMBL Data\Test instrument runs\STD3uL0.001rep9_8102021_02.qgd","8/10/2021 4:58:14 PM","8/10/2021 5:32:00 PM","7127040","2DYHPD2\User"
"C:\GCMSsolution\Data\Project1\Campbell RMBL Data\Test instrument runs\STD3uL0.01_06152018.qgd","6/15/2018 11:29:17 AM","7/9/2019 12:14:06 PM","7581696","2DYHPD2\User"
"C:\GCMSsolution\Data\Project1\Campbell RMBL Data\Test instrument runs\STD3uL0.01_06162018.qgd","6/16/2018 8:40:27 AM","7/9/2019 12:15:58 PM","8007680","2DYHPD2\User"
"C:\GCMSsolution\Data\Project1\Campbell RMBL Data\Test instrument runs\STD3uL0.01_06202019.qgd","6/20/2019 7:42:04 AM","7/9/2019 12:18:22 PM","7741440","2DYHPD2\User"
"C:\GCMSsolution\Data\Project1\Campbell RMBL Data\Test instrument runs\STD3uL0.01_06232018.qgd","6/23/2018 12:32:59 PM","7/9/2019 12:21:31 PM","7270400","2DYHPD2\User"
"C:\GCMSsolution\Data\Project1\Campbell RMBL Data\Test instrument runs\STD3uL0.01_06242021.qgd","6/24/2021 11:21:31 AM","6/24/2021 11:58:31 AM","6795264","2DYHPD2\User"
"C:\GCMSsolution\Data\Project1\Campbell RMBL Data\Test instrument runs\STD3uL0.01_06292018.qgd","6/29/2018 3:18:41 PM","7/9/2019 12:23:07 PM","7249920","2DYHPD2\User"
"C:\GCMSsolution\Data\Project1\Campbell RMBL Data\Test instrument runs\STD3uL0.01_07052018.qgd","7/5/2018 11:02:39 AM","7/9/2019 12:25:05 PM","7516160","2DYHPD2\User"
"C:\GCMSsolution\Data\Project1\Campbell RMBL Data\Test instrument runs\STD3uL0.01_07062018.qgd","7/6/2018 4:44:26 PM","7/9/2019 12:27:23 PM","7487488","2DYHPD2\User"
"C:\GCMSsolution\Data\Project1\Campbell RMBL Data\Test instrument runs\STD3uL0.01_07122018.qgd","7/12/2018 3:09:25 PM","7/9/2019 12:29:02 PM","7946240","2DYHPD2\User"
"C:\GCMSsolution\Data\Project1\Campbell RMBL Data\Test instrument runs\STD3uL0.01_07232019.qgd","7/23/2019 12:49:55 PM","7/24/2019 11:34:33 PM","7536640","2DYHPD2\User"
"C:\GCMSsolution\Data\Project1\Campbell RMBL Data\Test instrument runs\STD3uL0.01_1.5_07162019.qgd","7/16/2019 8:27:21 AM","7/16/2019 8:58:23 AM","6918144","2DYHPD2\User"
"C:\GCMSsolution\Data\Project1\Campbell RMBL Data\Test instrument runs\STD3uL0.01_275_07162019.qgd","7/16/2019 7:17:52 AM","7/16/2019 7:54:18 AM","7081984","2DYHPD2\User"
"C:\GCMSsolution\Data\Project1\Campbell RMBL Data\Test instrument runs\STD3uL0.01_35_07162019.qgd","7/16/2019 7:54:32 AM","7/16/2019 8:27:09 AM","6909952","2DYHPD2\User"
"C:\GCMSsolution\Data\Project1\Campbell RMBL Data\Test instrument runs\STD3uL0.01_7232019_04.qgd","7/23/2019 3:39:29 PM","7/24/2019 8:59:23 AM","7204864","2DYHPD2\User"
"C:\GCMSsolution\Data\Project1\Campbell RMBL Data\Test instrument runs\STD3uL0.01_7302019_03.qgd","7/30/2019 5:35:47 PM","7/30/2019 6:07:12 PM","6873088","2DYHPD2\User"
"C:\GCMSsolution\Data\Project1\Campbell RMBL Data\Test instrument runs\STD3uL0.012018_06162018.qgd","6/16/2018 9:24:48 AM","7/9/2019 1:25:48 PM","7421952","2DYHPD2\User"
"C:\GCMSsolution\Data\Project1\Campbell RMBL Data\Test instrument runs\STD3uL0.01cmpd5_06232018.qgd","6/23/2018 4:21:12 PM","7/9/2019 12:31:56 PM","7237632","2DYHPD2\User"
"C:\GCMSsolution\Data\Project1\Campbell RMBL Data\Test instrument runs\STD3uL0.01new_06162018.qgd","6/16/2018 11:17:21 AM","7/9/2019 12:34:09 PM","7421952","2DYHPD2\User"
"C:\GCMSsolution\Data\Project1\Campbell RMBL Data\Test instrument runs\STD3uL0.01real_06242021.qgd","6/24/2021 12:52:33 PM","6/24/2021 1:17:46 PM","6819840","2DYHPD2\User"
"C:\GCMSsolution\Data\Project1\Campbell RMBL Data\Test instrument runs\STD3uL0.01redo_06232018.qgd","6/23/2018 2:55:52 PM","7/9/2019 12:36:18 PM","7221248","2DYHPD2\User"
"C:\GCMSsolution\Data\Project1\Campbell RMBL Data\Test instrument runs\STD3uL0.01rep_07122018.qgd","7/12/2018 6:53:58 PM","7/9/2019 12:38:25 PM","7065600","2DYHPD2\User"
"C:\GCMSsolution\Data\Project1\Campbell RMBL Data\Test instrument runs\STD3uL0.01rep1_06192019.qgd","6/19/2019 8:11:43 PM","7/9/2019 12:41:13 PM","7667712","2DYHPD2\User"
"C:\GCMSsolution\Data\Project1\Campbell RMBL Data\Test instrument runs\STD3uL0.01rep1_20210624_3.qgd","6/24/2021 8:38:32 PM","6/29/2021 5:18:45 PM","7131136","2DYHPD2\User"
"C:\GCMSsolution\Data\Project1\Campbell RMBL Data\Test instrument runs\STD3uL0.01rep1_20210701_8.qgd","7/1/2021 6:37:39 PM","7/2/2021 8:43:24 AM","7364608","2DYHPD2\User"
"C:\GCMSsolution\Data\Project1\Campbell RMBL Data\Test instrument runs\STD3uL0.01rep1_7232021_07.qgd","7/23/2021 5:55:45 PM","7/23/2021 6:29:31 PM","7159808","2DYHPD2\User"
"C:\GCMSsolution\Data\Project1\Campbell RMBL Data\Test instrument runs\STD3uL0.01rep1_7242019_01.qgd","7/24/2019 3:29:27 PM","7/25/2019 12:30:57 PM","7290880","2DYHPD2\User"
"C:\GCMSsolution\Data\Project1\Campbell RMBL Data\Test instrument runs\STD3uL0.01rep1_7252019_08.qgd","7/25/2019 8:56:27 PM","7/26/2019 8:07:42 AM","7266304","2DYHPD2\User"
"C:\GCMSsolution\Data\Project1\Campbell RMBL Data\Test instrument runs\STD3uL0.01rep1_8262021_07.qgd","8/26/2021 11:32:04 PM","8/27/2021 12:03:36 AM","7323648","2DYHPD2\User"
"C:\GCMSsolution\Data\Project1\Campbell RMBL Data\Test instrument runs\STD3uL0.01rep1_redo_7272021_01.qgd","7/27/2021 7:38:48 AM","7/27/2021 8:16:16 AM","7372800","2DYHPD2\User"
"C:\GCMSsolution\Data\Project1\Campbell RMBL Data\Test instrument runs\STD3uL0.01rep2_06192019.qgd","6/19/2019 8:43:26 PM","7/9/2019 12:44:15 PM","8376320","2DYHPD2\User"
"C:\GCMSsolution\Data\Project1\Campbell RMBL Data\Test instrument runs\STD3uL0.01rep2_20210628_7.qgd","6/28/2021 4:31:42 PM","6/29/2021 4:56:52 PM","7127040","2DYHPD2\User"
"C:\GCMSsolution\Data\Project1\Campbell RMBL Data\Test instrument runs\STD3uL0.01rep2_20210701_9.qgd","7/1/2021 7:09:56 PM","7/2/2021 8:47:14 AM","7303168","2DYHPD2\User"
"C:\GCMSsolution\Data\Project1\Campbell RMBL Data\Test instrument runs\STD3uL0.01rep2_7232019_06.qgd","7/23/2019 9:13:37 PM","7/24/2019 8:39:57 AM","7188480","2DYHPD2\User"
"C:\GCMSsolution\Data\Project1\Campbell RMBL Data\Test instrument runs\STD3uL0.01rep2_7232021_08.qgd","7/23/2021 6:28:21 PM","7/23/2021 7:01:52 PM","7139328","2DYHPD2\User"
"C:\GCMSsolution\Data\Project1\Campbell RMBL Data\Test instrument runs\STD3uL0.01rep2_7242019_06.qgd","7/24/2019 7:50:51 PM","7/24/2019 11:18:46 PM","7200768","2DYHPD2\User"
"C:\GCMSsolution\Data\Project1\Campbell RMBL Data\Test instrument runs\STD3uL0.01rep2_7252019_09.qgd","7/25/2019 9:28:26 PM","7/26/2019 8:10:50 AM","7303168","2DYHPD2\User"
"C:\GCMSsolution\Data\Project1\Campbell RMBL Data\Test instrument runs\STD3uL0.01rep2_8262021_08.qgd","8/27/2021 12:02:32 AM","8/27/2021 12:34:23 AM","7348224","2DYHPD2\User"
"C:\GCMSsolution\Data\Project1\Campbell RMBL Data\Test instrument runs\STD3uL0.01rep3_20210628_8.qgd","6/28/2021 5:03:29 PM","6/29/2021 4:53:05 PM","7135232","2DYHPD2\User"
"C:\GCMSsolution\Data\Project1\Campbell RMBL Data\Test instrument runs\STD3uL0.01rep3_20210701_10.qgd","7/1/2021 7:42:13 PM","7/2/2021 8:51:25 AM","7290880","2DYHPD2\User"
"C:\GCMSsolution\Data\Project1\Campbell RMBL Data\Test instrument runs\STD3uL0.01rep3_7232019_07.qgd","7/23/2019 9:45:49 PM","7/24/2019 8:36:29 AM","7172096","2DYHPD2\User"
"C:\GCMSsolution\Data\Project1\Campbell RMBL Data\Test instrument runs\STD3uL0.01rep3_7232021_09.qgd","7/23/2021 7:00:48 PM","7/23/2021 7:33:47 PM","7196672","2DYHPD2\User"
"C:\GCMSsolution\Data\Project1\Campbell RMBL Data\Test instrument runs\STD3uL0.01rep3_7252019_10.qgd","7/25/2019 10:00:24 PM","7/26/2019 8:13:59 AM","7315456","2DYHPD2\User"
"C:\GCMSsolution\Data\Project1\Campbell RMBL Data\Test instrument runs\STD3uL0.01rep3_8262021_09.qgd","8/27/2021 12:33:14 AM","8/27/2021 1:05:10 AM","7401472","2DYHPD2\User"
"C:\GCMSsolution\Data\Project1\Campbell RMBL Data\Test instrument runs\STD3uL0.01rep4_7232019_08.qgd","7/23/2019 10:17:46 PM","7/24/2019 8:33:17 AM","7176192","2DYHPD2\User"
"C:\GCMSsolution\Data\Project1\Campbell RMBL Data\Test instrument runs\STD3uL0.01rep6_8102021_01.qgd","8/10/2021 2:11:11 PM","8/10/2021 2:14:29 PM","864256","2DYHPD2\User"
"C:\GCMSsolution\Data\Project1\Campbell RMBL Data\Test instrument runs\STD3uL0.01rep7_8102021_01.qgd","8/10/2021 2:14:52 PM","8/10/2021 2:49:08 PM","4259840","2DYHPD2\User"
"C:\GCMSsolution\Data\Project1\Campbell RMBL Data\Test instrument runs\STD3uL0.01rep8_8102021_01.qgd","8/10/2021 2:49:23 PM","8/10/2021 3:00:06 PM","1355776","2DYHPD2\User"
"C:\GCMSsolution\Data\Project1\Campbell RMBL Data\Test instrument runs\STD3uL0.01rep8_8102021_02.qgd","8/10/2021 3:29:04 PM","8/10/2021 4:17:21 PM","7196672","2DYHPD2\User"
"C:\GCMSsolution\Data\Project1\Campbell RMBL Data\Test instrument runs\STD3uL0.1_06152018.qgd","6/15/2018 12:01:25 PM","7/9/2019 12:47:40 PM","7487488","2DYHPD2\User"
"C:\GCMSsolution\Data\Project1\Campbell RMBL Data\Test instrument runs\STD3uL0.1_06192019.qgd","6/19/2019 10:34:27 AM","7/9/2019 12:49:16 PM","7872512","2DYHPD2\User"
"C:\GCMSsolution\Data\Project1\Campbell RMBL Data\Test instrument runs\STD3uL0.1_06202019.qgd","6/20/2019 7:08:54 AM","7/9/2019 12:52:08 PM","7913472","2DYHPD2\User"
"C:\GCMSsolution\Data\Project1\Campbell RMBL Data\Test instrument runs\STD3uL0.1_06232018.qgd","6/23/2018 12:00:50 PM","7/9/2019 12:54:55 PM","7278592","2DYHPD2\User"
"C:\GCMSsolution\Data\Project1\Campbell RMBL Data\Test instrument runs\STD3uL0.1_06272018.qgd","6/27/2018 1:25:27 PM","7/9/2019 12:56:35 PM","7217152","2DYHPD2\User"
"C:\GCMSsolution\Data\Project1\Campbell RMBL Data\Test instrument runs\STD3uL0.1_06302018.qgd","6/30/2018 12:15:04 PM","7/9/2019 12:58:16 PM","7208960","2DYHPD2\User"
"C:\GCMSsolution\Data\Project1\Campbell RMBL Data\Test instrument runs\STD3uL0.1_07052018.qgd","7/5/2018 11:34:59 AM","7/9/2019 1:00:03 PM","7520256","2DYHPD2\User"
"C:\GCMSsolution\Data\Project1\Campbell RMBL Data\Test instrument runs\STD3uL0.1_07062018.qgd","7/6/2018 6:27:51 PM","7/9/2019 1:02:12 PM","7536640","2DYHPD2\User"
"C:\GCMSsolution\Data\Project1\Campbell RMBL Data\Test instrument runs\STD3uL0.1_07122018.qgd","7/12/2018 7:26:27 PM","7/9/2019 1:04:00 PM","6893568","2DYHPD2\User"
"C:\GCMSsolution\Data\Project1\Campbell RMBL Data\Test instrument runs\STD3uL0.1_7232019_05.qgd","7/23/2019 4:13:26 PM","7/24/2019 8:56:00 AM","7204864","2DYHPD2\User"
"C:\GCMSsolution\Data\Project1\Campbell RMBL Data\Test instrument runs\STD3uL0.12018_06162018.qgd","6/16/2018 10:01:02 AM","7/9/2019 1:29:15 PM","7348224","2DYHPD2\User"
"C:\GCMSsolution\Data\Project1\Campbell RMBL Data\Test instrument runs\STD3uL0.1cmpd5_06232018.qgd","6/23/2018 3:44:57 PM","7/9/2019 1:06:56 PM","7213056","2DYHPD2\User"
"C:\GCMSsolution\Data\Project1\Campbell RMBL Data\Test instrument runs\STD3uL0.1indolerep1_7252019_13.qgd","7/25/2019 11:34:42 PM","7/26/2019 8:23:53 AM","7626752","2DYHPD2\User"
"C:\GCMSsolution\Data\Project1\Campbell RMBL Data\Test instrument runs\STD3uL0.1indolerep2_7252019_14.qgd","7/26/2019 12:06:02 AM","7/26/2019 8:33:23 AM","7614464","2DYHPD2\User"
"C:\GCMSsolution\Data\Project1\Campbell RMBL Data\Test instrument runs\STD3uL0.1new_06162018.qgd","6/16/2018 10:41:11 AM","7/9/2019 1:08:57 PM","7430144","2DYHPD2\User"
"C:\GCMSsolution\Data\Project1\Campbell RMBL Data\Test instrument runs\STD3uL0.1originallymisnamed_06242021.qgd","6/24/2021 12:00:10 PM","6/24/2021 12:36:01 PM","6832128","2DYHPD2\User"
"C:\GCMSsolution\Data\Project1\Campbell RMBL Data\Test instrument runs\STD3uL0.1redo_06232018.qgd","6/23/2018 2:19:31 PM","7/9/2019 1:10:53 PM","7217152","2DYHPD2\User"
"C:\GCMSsolution\Data\Project1\Campbell RMBL Data\Test instrument runs\STD3uL0.1redo_07052018.qgd","7/5/2018 12:50:21 PM","7/9/2019 1:12:56 PM","7573504","2DYHPD2\User"
"C:\GCMSsolution\Data\Project1\Campbell RMBL Data\Test instrument runs\STD3uL0.1rep_06232018.qgd","6/23/2018 5:06:32 PM","7/9/2019 1:14:54 PM","7241728","2DYHPD2\User"
"C:\GCMSsolution\Data\Project1\Campbell RMBL Data\Test instrument runs\STD3uL0.1rep1_20210624_4.qgd","6/24/2021 9:09:11 PM","6/29/2021 5:14:53 PM","7176192","2DYHPD2\User"
"C:\GCMSsolution\Data\Project1\Campbell RMBL Data\Test instrument runs\STD3uL0.1rep1_20210701_11.qgd","7/1/2021 8:14:08 PM","7/2/2021 8:55:35 AM","7397376","2DYHPD2\User"
"C:\GCMSsolution\Data\Project1\Campbell RMBL Data\Test instrument runs\STD3uL0.1rep1_7232021_10.qgd","7/23/2021 7:32:46 PM","7/23/2021 8:05:49 PM","7217152","2DYHPD2\User"
"C:\GCMSsolution\Data\Project1\Campbell RMBL Data\Test instrument runs\STD3uL0.1rep1_7252019_11.qgd","7/25/2019 10:31:58 PM","7/26/2019 8:17:12 AM","7471104","2DYHPD2\User"
"C:\GCMSsolution\Data\Project1\Campbell RMBL Data\Test instrument runs\STD3uL0.1rep1_8262021_10.qgd","8/27/2021 1:04:03 AM","8/27/2021 1:35:53 AM","7397376","2DYHPD2\User"
"C:\GCMSsolution\Data\Project1\Campbell RMBL Data\Test instrument runs\STD3uL0.1rep2_06192019.qgd","6/19/2019 3:41:11 PM","7/9/2019 1:16:46 PM","8474624","2DYHPD2\User"
"C:\GCMSsolution\Data\Project1\Campbell RMBL Data\Test instrument runs\STD3uL0.1rep2_20210628_9.qgd","6/28/2021 5:34:59 PM","6/29/2021 4:49:17 PM","7200768","2DYHPD2\User"
"C:\GCMSsolution\Data\Project1\Campbell RMBL Data\Test instrument runs\STD3uL0.1rep2_20210701_12.qgd","7/1/2021 8:45:55 PM","7/2/2021 8:59:42 AM","7430144","2DYHPD2\User"
"C:\GCMSsolution\Data\Project1\Campbell RMBL Data\Test instrument runs\STD3uL0.1rep2_7232019_09.qgd","7/23/2019 10:49:37 PM","7/24/2019 8:29:59 AM","7196672","2DYHPD2\User"
"C:\GCMSsolution\Data\Project1\Campbell RMBL Data\Test instrument runs\STD3uL0.1rep2_7232021_11.qgd","7/23/2021 8:04:52 PM","7/23/2021 8:38:02 PM","7237632","2DYHPD2\User"
"C:\GCMSsolution\Data\Project1\Campbell RMBL Data\Test instrument runs\STD3uL0.1rep2_7252019_12.qgd","7/25/2019 11:03:30 PM","7/26/2019 8:20:25 AM","7798784","2DYHPD2\User"
"C:\GCMSsolution\Data\Project1\Campbell RMBL Data\Test instrument runs\STD3uL0.1rep2_8262021_11.qgd","8/27/2021 1:34:49 AM","8/27/2021 2:06:58 AM","7540736","2DYHPD2\User"
"C:\GCMSsolution\Data\Project1\Campbell RMBL Data\Test instrument runs\STD3uL0.1rep3_06192019.qgd","6/19/2019 4:34:04 PM","7/9/2019 1:19:52 PM","8523776","2DYHPD2\User"
"C:\GCMSsolution\Data\Project1\Campbell RMBL Data\Test instrument runs\STD3uL0.1rep3_20210628_10.qgd","6/28/2021 6:06:25 PM","6/29/2021 4:45:15 PM","7208960","2DYHPD2\User"
"C:\GCMSsolution\Data\Project1\Campbell RMBL Data\Test instrument runs\STD3uL0.1rep3_20210701_13.qgd","7/1/2021 9:17:24 PM","7/2/2021 9:03:55 AM","7426048","2DYHPD2\User"
"C:\GCMSsolution\Data\Project1\Campbell RMBL Data\Test instrument runs\STD3uL0.1rep3_7232019_10.qgd","7/23/2019 11:21:27 PM","7/24/2019 8:26:39 AM","7204864","2DYHPD2\User"
"C:\GCMSsolution\Data\Project1\Campbell RMBL Data\Test instrument runs\STD3uL0.1rep3_8262021_12.qgd","8/27/2021 2:05:59 AM","8/27/2021 2:37:42 AM","7741440","2DYHPD2\User"
"C:\GCMSsolution\Data\Project1\Campbell RMBL Data\Test instrument runs\STD3uL0.1rep4_06192019.qgd","6/19/2019 9:16:15 PM","7/9/2019 1:22:36 PM","8040448","2DYHPD2\User"
"C:\GCMSsolution\Data\Project1\Campbell RMBL Data\Test instrument runs\STD5uL0.01_07062018.qgd","7/6/2018 5:19:09 PM","7/9/2019 1:31:46 PM","7548928","2DYHPD2\User"
"C:\GCMSsolution\Data\Project1\Campbell RMBL Data\Test instrument runs\STDS_190724DRC.txt","7/25/2019 12:33:10 PM","7/25/2019 12:33:10 PM","1072286","2DYHPD2\User"
"C:\GCMSsolution\Data\Project1\Campbell RMBL Data\Test instrument runs\Stds_20210701.qgb","7/1/2021 3:12:10 PM","7/2/2021 8:19:32 AM","57344","2DYHPD2\User"
"C:\GCMSsolution\Data\Project1\Campbell RMBL Data\Test instrument runs\Stds_20210701.txt","7/2/2021 8:20:50 AM","7/2/2021 9:06:50 AM","13747584","2DYHPD2\User"
"C:\GCMSsolution\Data\Project1\Campbell RMBL Data\Test instrument runs\stds_210629.qgb","6/29/2021 4:40:30 PM","6/29/2021 4:40:30 PM","36864","2DYHPD2\User"
"C:\GCMSsolution\Data\Project1\Campbell RMBL Data\Test instrument runs\stds_210629.txt","6/29/2021 4:41:47 PM","6/29/2021 5:24:41 PM","12670835","2DYHPD2\User"
"C:\GCMSsolution\Data\Project1\Campbell RMBL Data\Test instrument runs\STDs3uL0.01_07192019.qgd","7/19/2019 8:43:22 AM","7/21/2019 8:27:48 PM","7598080","2DYHPD2\User"
"C:\GCMSsolution\Data\Project1\Campbell RMBL Data\Test instrument runs\STDs3uL0.01280_07192019.qgd","7/19/2019 9:14:22 AM","7/21/2019 8:31:14 PM","7553024","2DYHPD2\User"
"C:\GCMSsolution\Data\Project1\Campbell RMBL Data\Test instrument runs\STDs3uL0.015flow_07192019.CDF","7/21/2019 10:21:10 PM","7/21/2019 10:21:13 PM","18672024","2DYHPD2\User"
"C:\GCMSsolution\Data\Project1\Campbell RMBL Data\Test instrument runs\STDS3UL0.015FLOW_07192019.ELU","7/21/2019 10:21:43 PM","7/21/2019 10:28:32 PM","841383","2DYHPD2\User"
"C:\GCMSsolution\Data\Project1\Campbell RMBL Data\Test instrument runs\STDS3UL0.015FLOW_07192019.FIN","7/21/2019 10:21:48 PM","7/21/2019 10:28:32 PM","7123538","2DYHPD2\User"
"C:\GCMSsolution\Data\Project1\Campbell RMBL Data\Test instrument runs\STDs3uL0.015flow_07192019.qgd","7/19/2019 9:45:43 AM","7/21/2019 8:35:02 PM","7483392","2DYHPD2\User"
"C:\GCMSsolution\Data\Project1\Campbell RMBL Data\Test instrument runs\STDs3uL0.01July19dil_08262019.qgd","8/27/2019 3:18:48 PM","8/27/2019 3:55:49 PM","7385088","2DYHPD2\User"
"C:\GCMSsolution\Data\Project1\Campbell RMBL Data\Test instrument runs\STDs3uL0.01rep2_07192019.qgd","7/19/2019 10:17:12 AM","7/21/2019 8:38:48 PM","7467008","2DYHPD2\User"
"C:\GCMSsolution\Data\Project1\Campbell RMBL Data\Test instrument runs\Test_20210624.qgb","6/24/2021 11:21:19 AM","6/24/2021 12:00:09 PM","45056","2DYHPD2\User"
"C:\GCMSsolution\Data\Project1\Campbell RMBL Data\Test instrument runs\Test2_20210624.qgb","6/24/2021 12:38:49 PM","6/24/2021 12:39:10 PM","45056","2DYHPD2\User"
"C:\GCMSsolution\Data\Project1\Campbell RMBL Data\Test instrument runs\TrapBlank1_7302019_02.qgd","7/30/2019 5:03:53 PM","7/30/2019 5:35:31 PM","6836224","2DYHPD2\User"
"C:\GCMSsolution\Data\Project1\Campbell RMBL Data\Test instrument runs\VF_1_210720_7272021_19.qgd","7/27/2021 5:26:44 PM","7/27/2021 6:01:51 PM","7458816","2DYHPD2\User"
"C:\GCMSsolution\Data\Project1\Campbell RMBL Data\Test instrument runs\VF_10_210720_7272021_05.qgd","7/27/2021 9:47:56 AM","7/27/2021 10:20:47 AM","7188480","2DYHPD2\User"
"C:\GCMSsolution\Data\Project1\Campbell RMBL Data\Test instrument runs\VF_11_210720_7272021_07.qgd","7/27/2021 10:51:10 AM","7/27/2021 11:24:34 AM","7503872","2DYHPD2\User"
"C:\GCMSsolution\Data\Project1\Campbell RMBL Data\Test instrument runs\VF_12_210720_7272021_08.qgd","7/27/2021 11:23:23 AM","7/27/2021 11:57:08 AM","7475200","2DYHPD2\User"
"C:\GCMSsolution\Data\Project1\Campbell RMBL Data\Test instrument runs\VF_13_210720_7272021_09.qgd","7/27/2021 11:56:04 AM","7/27/2021 12:29:30 PM","7598080","2DYHPD2\User"
"C:\GCMSsolution\Data\Project1\Campbell RMBL Data\Test instrument runs\VF_14_210720_7272021_10.qgd","7/27/2021 12:28:09 PM","7/27/2021 1:01:36 PM","7245824","2DYHPD2\User"
"C:\GCMSsolution\Data\Project1\Campbell RMBL Data\Test instrument runs\VF_15_210720_7272021_11.qgd","7/27/2021 1:00:20 PM","7/27/2021 1:34:46 PM","7241728","2DYHPD2\User"
"C:\GCMSsolution\Data\Project1\Campbell RMBL Data\Test instrument runs\VF_16_210720_7272021_12.qgd","7/27/2021 1:33:27 PM","7/27/2021 2:07:31 PM","7454720","2DYHPD2\User"
"C:\GCMSsolution\Data\Project1\Campbell RMBL Data\Test instrument runs\VF_17_210720_7272021_13.qgd","7/27/2021 2:06:26 PM","7/27/2021 2:40:40 PM","7565312","2DYHPD2\User"
"C:\GCMSsolution\Data\Project1\Campbell RMBL Data\Test instrument runs\VF_18_210720_7272021_14.qgd","7/27/2021 2:39:28 PM","7/27/2021 3:13:51 PM","7421952","2DYHPD2\User"
"C:\GCMSsolution\Data\Project1\Campbell RMBL Data\Test instrument runs\VF_19_210720_7272021_15.qgd","7/27/2021 3:12:47 PM","7/27/2021 3:47:11 PM","7462912","2DYHPD2\User"
"C:\GCMSsolution\Data\Project1\Campbell RMBL Data\Test instrument runs\VF_20_210720_7272021_06.qgd","7/27/2021 10:19:27 AM","7/27/2021 10:52:13 AM","7340032","2DYHPD2\User"
"C:\GCMSsolution\Data\Project1\Campbell RMBL Data\Test instrument runs\VF_3_210720_7272021_17.qgd","7/27/2021 4:19:26 PM","7/27/2021 4:54:30 PM","7348224","2DYHPD2\User"
"C:\GCMSsolution\Data\Project1\Campbell RMBL Data\Test instrument runs\VF_4_210720_7272021_18.qgd","7/27/2021 4:53:09 PM","7/27/2021 5:27:51 PM","7438336","2DYHPD2\User"
"C:\GCMSsolution\Data\Project1\Campbell RMBL Data\Test instrument runs\VF_5_210720_7272021_16.qgd","7/27/2021 3:45:58 PM","7/27/2021 4:20:31 PM","7434240","2DYHPD2\User"
"C:\GCMSsolution\Data\Project1\DB5 10deg method highP.qgm","8/23/2019 9:24:50 AM","8/27/2019 9:15:40 AM","106496","2DYHPD2\User"
"C:\GCMSsolution\Data\Project1\dir.csv","9/29/2021 4:31:31 PM","9/29/2021 4:32:03 PM","0","2DYHPD2\User"
"C:\GCMSsolution\Data\Project1\GCMS Course","8/8/2018 2:53:32 PM","8/17/2018 3:22:28 PM",,"2DYHPD2\User"
"C:\GCMSsolution\Data\Project1\GCMS Course\Air1Aug13_08142018.qgd","8/14/2018 10:30:41 AM","8/14/2018 11:07:52 AM","8003584","2DYHPD2\User"
"C:\GCMSsolution\Data\Project1\GCMS Course\Air1Aug14_08152018.qgd","8/15/2018 10:28:01 AM","8/15/2018 11:04:59 AM","7991296","2DYHPD2\User"
"C:\GCMSsolution\Data\Project1\GCMS Course\Air2Aug13_08142018.qgd","8/14/2018 11:45:29 AM","8/14/2018 12:22:50 PM","8007680","2DYHPD2\User"
"C:\GCMSsolution\Data\Project1\GCMS Course\Air2Aug14_08152018.qgd","8/15/2018 12:19:42 PM","8/15/2018 12:57:36 PM","8019968","2DYHPD2\User"
"C:\GCMSsolution\Data\Project1\GCMS Course\Air3Aug13_08142018.qgd","8/14/2018 1:38:33 PM","8/14/2018 2:17:28 PM","8011776","2DYHPD2\User"
"C:\GCMSsolution\Data\Project1\GCMS Course\AirIn_08162018.qgd","8/16/2018 11:19:36 PM","8/16/2018 11:55:40 PM","8273920","2DYHPD2\User"
"C:\GCMSsolution\Data\Project1\GCMS Course\AmbientScint_08162018.qgd","8/16/2018 6:29:24 PM","8/16/2018 7:06:00 PM","8028160","2DYHPD2\User"
"C:\GCMSsolution\Data\Project1\GCMS Course\AmbientShell_08162018.qgd","8/16/2018 5:52:43 PM","8/16/2018 6:29:19 PM","8069120","2DYHPD2\User"
"C:\GCMSsolution\Data\Project1\GCMS Course\Aphid1_08162018.qgd","8/17/2018 12:31:52 AM","8/17/2018 1:07:48 AM","8269824","2DYHPD2\User"
"C:\GCMSsolution\Data\Project1\GCMS Course\Aphid2_08162018.qgd","8/17/2018 1:07:53 AM","8/17/2018 1:43:47 AM","8286208","2DYHPD2\User"
"C:\GCMSsolution\Data\Project1\GCMS Course\Bakeout_08162018.qgd","8/16/2018 8:26:03 AM","8/16/2018 9:13:30 AM","8474624","2DYHPD2\User"
"C:\GCMSsolution\Data\Project1\GCMS Course\Blank_08142018.qgd","8/14/2018 9:12:13 AM","8/14/2018 9:53:58 AM","8134656","2DYHPD2\User"
"C:\GCMSsolution\Data\Project1\GCMS Course\Blank_08152018.qgd","8/15/2018 9:09:42 AM","8/15/2018 9:51:08 AM","8019968","2DYHPD2\User"
"C:\GCMSsolution\Data\Project1\GCMS Course\Blank_08162018.qgd","8/16/2018 5:10:44 PM","8/16/2018 5:52:37 PM","8015872","2DYHPD2\User"
"C:\GCMSsolution\Data\Project1\GCMS Course\Blank_08172018.qgd","8/17/2018 8:35:06 AM","8/17/2018 9:16:44 AM","8007680","2DYHPD2\User"
"C:\GCMSsolution\Data\Project1\GCMS Course\Corollas_08162018.qgd","8/16/2018 7:42:39 PM","8/16/2018 8:19:03 PM","8019968","2DYHPD2\User"
"C:\GCMSsolution\Data\Project1\GCMS Course\ErigeronAug14_08152018.qgd","8/15/2018 9:51:13 AM","8/15/2018 7:17:21 PM","8019968","2DYHPD2\User"
"C:\GCMSsolution\Data\Project1\GCMS Course\FragariaAug14_08152018.qgd","8/15/2018 11:42:00 AM","8/15/2018 12:19:38 PM","8048640","2DYHPD2\User"
"C:\GCMSsolution\Data\Project1\GCMS Course\GentianAug13_08142018.qgd","8/14/2018 2:17:31 PM","8/14/2018 7:31:45 PM","8011776","2DYHPD2\User"
"C:\GCMSsolution\Data\Project1\GCMS Course\HeliomerisAug14_08152018.qgd","8/15/2018 11:05:04 AM","8/15/2018 11:41:57 AM","7995392","2DYHPD2\User"
"C:\GCMSsolution\Data\Project1\GCMS Course\HMAug13_08142018.qgd","8/14/2018 9:54:03 AM","8/14/2018 8:07:19 PM","8048640","2DYHPD2\User"
"C:\GCMSsolution\Data\Project1\GCMS Course\JSF1Bt_08162018.qgd","8/17/2018 2:55:49 AM","8/17/2018 3:31:46 AM","8052736","2DYHPD2\User"
"C:\GCMSsolution\Data\Project1\GCMS Course\JSF1O_08162018.qgd","8/17/2018 3:31:51 AM","8/17/2018 4:07:41 AM","8081408","2DYHPD2\User"
"C:\GCMSsolution\Data\Project1\GCMS Course\JSF2B_08172018.qgd","8/17/2018 9:52:39 AM","8/17/2018 10:28:26 AM","8015872","2DYHPD2\User"
"C:\GCMSsolution\Data\Project1\GCMS Course\JSF2O_08172018.qgd","8/17/2018 10:28:32 AM","8/17/2018 11:04:25 AM","8069120","2DYHPD2\User"
"C:\GCMSsolution\Data\Project1\GCMS Course\JSF3B_08172018.qgd","8/17/2018 11:04:29 AM","8/17/2018 11:40:52 AM","8028160","2DYHPD2\User"
"C:\GCMSsolution\Data\Project1\GCMS Course\JSF3O_08172018.qgd","8/17/2018 11:40:57 AM","8/17/2018 12:17:40 PM","8036352","2DYHPD2\User"
"C:\GCMSsolution\Data\Project1\GCMS Course\JSF4B_08162018.qgd","8/17/2018 4:07:45 AM","8/17/2018 4:43:44 AM","8056832","2DYHPD2\User"
"C:\GCMSsolution\Data\Project1\GCMS Course\JSF4Ot_08162018.qgd","8/17/2018 4:43:50 AM","8/17/2018 5:19:54 AM","8056832","2DYHPD2\User"
"C:\GCMSsolution\Data\Project1\GCMS Course\JSF5B_08172018.qgd","8/17/2018 12:17:45 PM","8/17/2018 12:54:52 PM","8056832","2DYHPD2\User"
"C:\GCMSsolution\Data\Project1\GCMS Course\JSF5O_08172018.qgd","8/17/2018 12:54:58 PM","8/17/2018 1:31:26 PM","8069120","2DYHPD2\User"
"C:\GCMSsolution\Data\Project1\GCMS Course\JSF6B_08172018.qgd","8/17/2018 1:31:33 PM","8/17/2018 2:08:06 PM","8069120","2DYHPD2\User"
"C:\GCMSsolution\Data\Project1\GCMS Course\JSF6O_08172018.qgd","8/17/2018 2:08:09 PM","8/17/2018 2:44:53 PM","8024064","2DYHPD2\User"
"C:\GCMSsolution\Data\Project1\GCMS Course\JSF7B_08172018.qgd","8/17/2018 2:44:58 PM","8/17/2018 3:22:21 PM","8077312","2DYHPD2\User"
"C:\GCMSsolution\Data\Project1\GCMS Course\JSF7O_08172018.qgd","8/17/2018 3:22:28 PM","8/17/2018 3:59:45 PM","8024064","2DYHPD2\User"
"C:\GCMSsolution\Data\Project1\GCMS Course\JSFAir_08162018.qgd","8/17/2018 1:43:51 AM","8/17/2018 2:19:40 AM","8024064","2DYHPD2\User"
"C:\GCMSsolution\Data\Project1\GCMS Course\JSFcontrol.qgd","8/16/2018 9:13:35 AM","8/16/2018 9:49:24 AM","8015872","2DYHPD2\User"
"C:\GCMSsolution\Data\Project1\GCMS Course\JSFLeaf_08162018.qgd","8/17/2018 2:19:44 AM","8/17/2018 2:55:43 AM","8024064","2DYHPD2\User"
"C:\GCMSsolution\Data\Project1\GCMS Course\JSFlupinusInjured.qgd","8/16/2018 9:49:28 AM","8/16/2018 10:25:35 AM","8044544","2DYHPD2\User"
"C:\GCMSsolution\Data\Project1\GCMS Course\JSFLupinusPollen.qgd","8/16/2018 10:25:38 AM","8/16/2018 11:02:12 AM","8007680","2DYHPD2\User"
"C:\GCMSsolution\Data\Project1\GCMS Course\LA1Aug13_08142018.qgd","8/14/2018 1:00:34 PM","8/15/2018 7:09:37 PM","8044544","2DYHPD2\User"
"C:\GCMSsolution\Data\Project1\GCMS Course\LAvegAug13_08142018.qgd","8/14/2018 12:22:53 PM","8/14/2018 1:00:28 PM","8024064","2DYHPD2\User"
"C:\GCMSsolution\Data\Project1\GCMS Course\LinariaAug13_08142018.qgd","8/14/2018 11:07:56 AM","8/15/2018 12:58:00 PM","8011776","2DYHPD2\User"
"C:\GCMSsolution\Data\Project1\GCMS Course\Lips_08162018.qgd","8/16/2018 7:06:03 PM","8/16/2018 8:01:42 PM","8019968","2DYHPD2\User"
"C:\GCMSsolution\Data\Project1\GCMS Course\Nectar_08162018.qgd","8/16/2018 10:08:18 PM","8/16/2018 10:43:17 PM","7999488","2DYHPD2\User"
"C:\GCMSsolution\Data\Project1\GCMS Course\Nectarretry_08172018.qgd","8/17/2018 9:16:50 AM","8/17/2018 9:52:32 AM","8007680","2DYHPD2\User"
"C:\GCMSsolution\Data\Project1\GCMS Course\SalixleafAug14_08152018.qgd","8/15/2018 12:57:41 PM","8/15/2018 1:35:33 PM","8015872","2DYHPD2\User"
"C:\GCMSsolution\Data\Project1\GCMS Course\Spurs_08162018.qgd","8/16/2018 8:19:09 PM","8/16/2018 9:00:49 PM","8060928","2DYHPD2\User"
"C:\GCMSsolution\Data\Project1\GCMS Course\Stem_08162018.qgd","8/16/2018 11:55:46 PM","8/17/2018 12:31:46 AM","8183808","2DYHPD2\User"
"C:\GCMSsolution\Data\Project1\GCMS Course\Sucrose_08162018.qgd","8/16/2018 9:32:00 PM","8/16/2018 10:08:13 PM","8052736","2DYHPD2\User"
"C:\GCMSsolution\Data\Project1\GCMS Course\Undissected_08162018.qgd","8/16/2018 8:55:33 PM","8/16/2018 9:31:54 PM","8040448","2DYHPD2\User"
"C:\GCMSsolution\Data\Project1\GCMS Course\Yeast_08162018.qgd","8/16/2018 10:43:21 PM","8/16/2018 11:19:32 PM","8085504","2DYHPD2\User"
"C:\GCMSsolution\Data\Project1\install","6/14/2017 3:00:54 PM","6/14/2017 9:53:41 PM",,"2DYHPD2\User"
"C:\GCMSsolution\Data\Project1\install\blank001.qgd","6/14/2017 3:04:21 PM","6/14/2017 4:55:32 PM","1413120","2DYHPD2\User"
"C:\GCMSsolution\Data\Project1\install\blank002.qgd","6/14/2017 5:45:12 PM","6/14/2017 5:53:59 PM","1900544","2DYHPD2\User"
"C:\GCMSsolution\Data\Project1\install\blank003.qgd","6/14/2017 7:55:57 PM","6/14/2017 8:11:27 PM","1900544","2DYHPD2\User"
"C:\GCMSsolution\Data\Project1\install\EI_CV_TEST_2020.qgb","6/14/2017 5:36:41 PM","6/15/2017 8:53:59 AM","45056","2DYHPD2\User"
"C:\GCMSsolution\Data\Project1\install\EI_SN_TEST_2020.qgb","6/14/2017 4:05:03 PM","6/14/2017 5:33:23 PM","40960","2DYHPD2\User"
"C:\GCMSsolution\Data\Project1\install\OQRepeat.txt","6/14/2017 4:19:00 PM","6/14/2017 10:09:19 PM","13905","2DYHPD2\User"
"C:\GCMSsolution\Data\Project1\install\QAQCData.htm","6/14/2017 5:53:59 PM","6/14/2017 10:09:19 PM","5510","2DYHPD2\User"
"C:\GCMSsolution\Data\Project1\install\QAQCData.txt","6/14/2017 5:53:59 PM","6/14/2017 10:09:19 PM","2712","2DYHPD2\User"
"C:\GCMSsolution\Data\Project1\install\Repeat_000.qgd","6/14/2017 5:58:10 PM","6/14/2017 6:13:42 PM","1900544","2DYHPD2\User"
"C:\GCMSsolution\Data\Project1\install\Repeat_001.qgd","6/14/2017 6:17:51 PM","6/14/2017 6:33:16 PM","1904640","2DYHPD2\User"
"C:\GCMSsolution\Data\Project1\install\Repeat_002.qgd","6/14/2017 6:37:26 PM","6/14/2017 6:52:59 PM","1908736","2DYHPD2\User"
"C:\GCMSsolution\Data\Project1\install\Repeat_003.qgd","6/14/2017 6:57:10 PM","6/14/2017 7:12:31 PM","1908736","2DYHPD2\User"
"C:\GCMSsolution\Data\Project1\install\Repeat_004.qgd","6/14/2017 7:16:42 PM","6/14/2017 7:32:17 PM","1912832","2DYHPD2\User"
"C:\GCMSsolution\Data\Project1\install\Repeat_005.qgd","6/14/2017 7:36:26 PM","6/14/2017 7:51:49 PM","1912832","2DYHPD2\User"
"C:\GCMSsolution\Data\Project1\install\Repeat_006.qgd","6/14/2017 8:15:38 PM","6/14/2017 8:31:03 PM","1900544","2DYHPD2\User"
"C:\GCMSsolution\Data\Project1\install\Repeat_007.qgd","6/14/2017 8:35:12 PM","6/14/2017 8:50:42 PM","1912832","2DYHPD2\User"
"C:\GCMSsolution\Data\Project1\install\Repeat_008.qgd","6/14/2017 8:54:51 PM","6/14/2017 9:10:17 PM","1916928","2DYHPD2\User"
"C:\GCMSsolution\Data\Project1\install\Repeat_009.qgd","6/14/2017 9:14:27 PM","6/14/2017 9:30:01 PM","1912832","2DYHPD2\User"
"C:\GCMSsolution\Data\Project1\install\Repeat_010.qgd","6/14/2017 9:34:10 PM","6/14/2017 9:49:32 PM","1912832","2DYHPD2\User"
"C:\GCMSsolution\Data\Project1\install\Repeat_011.qgd","6/14/2017 9:53:41 PM","6/14/2017 10:09:19 PM","1912832","2DYHPD2\User"
"C:\GCMSsolution\Data\Project1\install\SN_TEST_001.qgd","6/14/2017 4:56:40 PM","6/14/2017 5:32:01 PM","1429504","2DYHPD2\User"
"C:\GCMSsolution\Data\Project1\IpoGC206302017.qgm","6/25/2019 1:54:22 PM","7/9/2019 3:32:53 PM","106496","2DYHPD2\User"
"C:\GCMSsolution\Data\Project1\Markes Ipo 1 SIM.qgm","7/12/2018 4:12:41 PM","7/9/2019 1:04:00 PM","110592","2DYHPD2\User"
"C:\GCMSsolution\Data\Project1\Markes test 1.qgm","6/25/2019 1:54:22 PM","7/9/2019 3:35:58 PM","106496","2DYHPD2\User"
"C:\GCMSsolution\Data\Project1\OQRepeat.txt","6/25/2018 1:41:00 PM","8/30/2019 8:31:49 PM","2439","2DYHPD2\User"
"C:\GCMSsolution\Data\Project1\Powers RMBL Data","6/20/2019 9:35:23 AM","8/15/2019 8:54:13 AM",,"2DYHPD2\User"
"C:\GCMSsolution\Data\Project1\Powers RMBL Data\AMBI_V132_6212019_08.qgd","6/22/2019 1:07:57 AM","8/4/2019 9:29:17 PM","8040448","2DYHPD2\User"
"C:\GCMSsolution\Data\Project1\Powers RMBL Data\AMBI_V639_6242019_03.qgd","6/24/2019 11:11:00 PM","8/4/2019 4:04:35 PM","8474624","2DYHPD2\User"
"C:\GCMSsolution\Data\Project1\Powers RMBL Data\Bakeout_T21_6232019_23.qgd","6/23/2019 11:38:55 AM","8/4/2019 6:39:27 PM","7753728","2DYHPD2\User"
"C:\GCMSsolution\Data\Project1\Powers RMBL Data\Bakeout_T22_6232019_24.qgd","6/23/2019 12:10:29 PM","8/4/2019 6:36:50 PM","7761920","2DYHPD2\User"
"C:\GCMSsolution\Data\Project1\Powers RMBL Data\Bakeout_T23_6232019_25.qgd","6/23/2019 12:41:37 PM","8/4/2019 6:34:04 PM","7745536","2DYHPD2\User"
"C:\GCMSsolution\Data\Project1\Powers RMBL Data\Bakeout_T24_6232019_26.qgd","6/23/2019 1:12:49 PM","8/4/2019 6:31:28 PM","7757824","2DYHPD2\User"
"C:\GCMSsolution\Data\Project1\Powers RMBL Data\Bakeout_T25_6232019_27.qgd","6/23/2019 1:44:00 PM","8/4/2019 6:28:49 PM","7757824","2DYHPD2\User"
"C:\GCMSsolution\Data\Project1\Powers RMBL Data\Blank1_6232019_01.qgd","6/23/2019 12:00:22 AM","8/4/2019 7:47:35 PM","7729152","2DYHPD2\User"
"C:\GCMSsolution\Data\Project1\Powers RMBL Data\Blank1_6232019_02.qgd","6/23/2019 5:08:43 PM","8/4/2019 6:26:10 PM","7761920","2DYHPD2\User"
"C:\GCMSsolution\Data\Project1\Powers RMBL Data\Blank1_6242019_01.qgd","6/24/2019 8:46:25 AM","8/4/2019 5:17:30 PM","7741440","2DYHPD2\User"
"C:\GCMSsolution\Data\Project1\Powers RMBL Data\Blank1_6242019_02.qgd","6/24/2019 10:02:14 PM","8/4/2019 4:11:23 PM","8298496","2DYHPD2\User"
"C:\GCMSsolution\Data\Project1\Powers RMBL Data\Blank1_6252019_01.qgd","6/25/2019 10:39:44 AM","8/4/2019 3:05:22 PM","7663616","2DYHPD2\User"
"C:\GCMSsolution\Data\Project1\Powers RMBL Data\Blank1_6252019_02.qgd","6/25/2019 10:30:03 PM","8/4/2019 1:53:58 PM","7639040","2DYHPD2\User"
"C:\GCMSsolution\Data\Project1\Powers RMBL Data\Blank1_6262019_01.qgd","6/26/2019 11:38:32 AM","8/4/2019 12:50:24 PM","7663616","2DYHPD2\User"
"C:\GCMSsolution\Data\Project1\Powers RMBL Data\Blank1_6262019_02.qgd","6/26/2019 11:23:40 PM","8/4/2019 11:38:46 AM","8364032","2DYHPD2\User"
"C:\GCMSsolution\Data\Project1\Powers RMBL Data\Blank1_6272019_01.qgd","6/27/2019 12:06:18 PM","8/4/2019 10:32:53 AM","8208384","2DYHPD2\User"
"C:\GCMSsolution\Data\Project1\Powers RMBL Data\Blank1_6272019_02.qgd","6/27/2019 11:00:06 PM","8/4/2019 9:31:43 AM","8257536","2DYHPD2\User"
"C:\GCMSsolution\Data\Project1\Powers RMBL Data\Blank1_6282019_01.qgd","6/28/2019 11:51:55 AM","8/4/2019 8:27:02 AM","7688192","2DYHPD2\User"
"C:\GCMSsolution\Data\Project1\Powers RMBL Data\Blank1_6282019_02.qgd","6/28/2019 11:16:11 PM","8/4/2019 7:29:07 AM","7716864","2DYHPD2\User"
"C:\GCMSsolution\Data\Project1\Powers RMBL Data\Blank1_6292019_01.qgd","6/29/2019 12:19:45 PM","8/4/2019 6:39:22 AM","7708672","2DYHPD2\User"
"C:\GCMSsolution\Data\Project1\Powers RMBL Data\Blank1_6292019_02.qgd","6/29/2019 9:51:39 PM","8/4/2019 5:50:05 AM","7753728","2DYHPD2\User"
"C:\GCMSsolution\Data\Project1\Powers RMBL Data\Blank1_6302019_01.qgd","6/30/2019 6:11:02 PM","8/4/2019 4:48:34 AM","7753728","2DYHPD2\User"
"C:\GCMSsolution\Data\Project1\Powers RMBL Data\Blank1_712019_01.qgd","7/1/2019 9:12:22 AM","8/4/2019 3:26:42 AM","7811072","2DYHPD2\User"
"C:\GCMSsolution\Data\Project1\Powers RMBL Data\Blank1_712019_02.qgd","7/1/2019 10:30:16 PM","8/4/2019 2:20:25 AM","7688192","2DYHPD2\User"
"C:\GCMSsolution\Data\Project1\Powers RMBL Data\Blank1_722019_01.qgd","7/2/2019 8:52:56 AM","8/4/2019 1:25:20 AM","7770112","2DYHPD2\User"
"C:\GCMSsolution\Data\Project1\Powers RMBL Data\Blank1_722019_02.qgd","7/2/2019 9:21:15 PM","8/4/2019 12:25:30 AM","7729152","2DYHPD2\User"
"C:\GCMSsolution\Data\Project1\Powers RMBL Data\Blank1_7222019_01.qgd","7/22/2019 11:14:58 AM","8/3/2019 12:23:58 PM","7516160","2DYHPD2\User"
"C:\GCMSsolution\Data\Project1\Powers RMBL Data\Blank1_732019_01.qgd","7/3/2019 9:17:13 AM","8/3/2019 11:24:37 PM","7720960","2DYHPD2\User"
"C:\GCMSsolution\Data\Project1\Powers RMBL Data\Blank1_732019_02.qgd","7/3/2019 9:45:21 PM","8/3/2019 10:26:19 PM","7712768","2DYHPD2\User"
"C:\GCMSsolution\Data\Project1\Powers RMBL Data\Blank1_742019_01.qgd","7/4/2019 2:56:34 PM","8/3/2019 9:08:26 PM","7659520","2DYHPD2\User"
"C:\GCMSsolution\Data\Project1\Powers RMBL Data\Blank1_742019_02.qgd","7/4/2019 11:48:59 PM","8/3/2019 8:38:46 PM","7741440","2DYHPD2\User"
"C:\GCMSsolution\Data\Project1\Powers RMBL Data\Blank1_752019_01.qgd","7/5/2019 11:53:51 AM","8/3/2019 7:34:45 PM","7614464","2DYHPD2\User"
"C:\GCMSsolution\Data\Project1\Powers RMBL Data\Blank1_752019_02.qgd","7/5/2019 6:54:50 PM","8/3/2019 7:02:32 PM","7716864","2DYHPD2\User"
"C:\GCMSsolution\Data\Project1\Powers RMBL Data\Blank1_762019_01.qgd","7/6/2019 4:22:57 PM","8/3/2019 5:37:59 PM","7716864","2DYHPD2\User"
"C:\GCMSsolution\Data\Project1\Powers RMBL Data\Blank1_772019_01.qgd","7/7/2019 9:39:12 AM","8/3/2019 4:13:32 PM","7749632","2DYHPD2\User"
"C:\GCMSsolution\Data\Project1\Powers RMBL Data\Blank1_782019_01.qgd","7/8/2019 12:23:42 AM","8/3/2019 3:09:49 PM","7737344","2DYHPD2\User"
"C:\GCMSsolution\Data\Project1\Powers RMBL Data\Blank1_782019_02.qgd","7/8/2019 11:43:30 AM","8/3/2019 2:11:22 PM","7651328","2DYHPD2\User"
"C:\GCMSsolution\Data\Project1\Powers RMBL Data\Blank1_782019_03.qgd","7/8/2019 5:48:28 PM","8/3/2019 1:41:38 PM","7692288","2DYHPD2\User"
"C:\GCMSsolution\Data\Project1\Powers RMBL Data\Blank1_8132019_01.qgd","8/13/2019 2:42:23 PM","8/13/2019 3:18:06 PM","6926336","2DYHPD2\User"
"C:\GCMSsolution\Data\Project1\Powers RMBL Data\Blank1_8132019_02.qgd","8/13/2019 10:32:22 PM","8/13/2019 11:08:10 PM","6938624","2DYHPD2\User"
"C:\GCMSsolution\Data\Project1\Powers RMBL Data\Blank1_8142019_01.qgd","8/14/2019 1:30:27 PM","8/14/2019 2:06:16 PM","7057408","2DYHPD2\User"
"C:\GCMSsolution\Data\Project1\Powers RMBL Data\Blank2_6232019_11.qgd","6/23/2019 5:22:17 AM","8/4/2019 7:16:23 PM","7659520","2DYHPD2\User"
"C:\GCMSsolution\Data\Project1\Powers RMBL Data\Blank2_6232019_12.qgd","6/23/2019 10:27:49 PM","8/4/2019 5:54:23 PM","7766016","2DYHPD2\User"
"C:\GCMSsolution\Data\Project1\Powers RMBL Data\Blank2_6242019_11.qgd","6/24/2019 2:03:04 PM","8/4/2019 4:44:49 PM","7757824","2DYHPD2\User"
"C:\GCMSsolution\Data\Project1\Powers RMBL Data\Blank2_6242019_12.qgd","6/25/2019 3:20:39 AM","8/4/2019 3:39:09 PM","8253440","2DYHPD2\User"
"C:\GCMSsolution\Data\Project1\Powers RMBL Data\Blank2_6252019_11.qgd","6/25/2019 4:10:36 PM","8/4/2019 2:31:23 PM","7778304","2DYHPD2\User"
"C:\GCMSsolution\Data\Project1\Powers RMBL Data\Blank2_6252019_12.qgd","6/26/2019 3:50:01 AM","8/4/2019 1:19:48 PM","7622656","2DYHPD2\User"
"C:\GCMSsolution\Data\Project1\Powers RMBL Data\Blank2_6262019_11.qgd","6/26/2019 5:07:33 PM","8/4/2019 12:16:03 PM","7688192","2DYHPD2\User"
"C:\GCMSsolution\Data\Project1\Powers RMBL Data\Blank2_6262019_12.qgd","6/27/2019 4:44:27 AM","8/4/2019 11:06:58 AM","8245248","2DYHPD2\User"
"C:\GCMSsolution\Data\Project1\Powers RMBL Data\Blank2_6272019_11.qgd","6/27/2019 5:35:07 PM","8/4/2019 10:02:32 AM","8314880","2DYHPD2\User"
"C:\GCMSsolution\Data\Project1\Powers RMBL Data\Blank2_6272019_12.qgd","6/28/2019 4:19:23 AM","8/4/2019 9:01:50 AM","7675904","2DYHPD2\User"
"C:\GCMSsolution\Data\Project1\Powers RMBL Data\Blank2_6282019_11.qgd","6/28/2019 5:30:08 PM","8/4/2019 7:56:46 AM","7725056","2DYHPD2\User"
"C:\GCMSsolution\Data\Project1\Powers RMBL Data\Blank2_6282019_12.qgd","6/29/2019 4:36:05 AM","8/4/2019 6:58:02 AM","7708672","2DYHPD2\User"
"C:\GCMSsolution\Data\Project1\Powers RMBL Data\Blank2_6292019_11.qgd","6/29/2019 5:49:09 PM","8/4/2019 6:10:36 AM","7835648","2DYHPD2\User"
"C:\GCMSsolution\Data\Project1\Powers RMBL Data\Blank2_6292019_12.qgd","6/30/2019 3:09:20 AM","8/4/2019 5:20:39 AM","7761920","2DYHPD2\User"
"C:\GCMSsolution\Data\Project1\Powers RMBL Data\Blank2_6302019_11.qgd","6/30/2019 11:38:39 PM","8/4/2019 4:18:35 AM","7737344","2DYHPD2\User"
"C:\GCMSsolution\Data\Project1\Powers RMBL Data\Blank2_7102019_07.qgd","7/11/2019 12:41:58 AM","8/3/2019 1:02:11 PM","7532544","2DYHPD2\User"
"C:\GCMSsolution\Data\Project1\Powers RMBL Data\Blank2_712019_11.qgd","7/1/2019 2:37:34 PM","8/4/2019 2:56:39 AM","8404992","2DYHPD2\User"
"C:\GCMSsolution\Data\Project1\Powers RMBL Data\Blank2_712019_12.qgd","7/2/2019 3:47:45 AM","8/4/2019 1:52:58 AM","7716864","2DYHPD2\User"
"C:\GCMSsolution\Data\Project1\Powers RMBL Data\Blank2_722019_11.qgd","7/2/2019 2:15:34 PM","8/4/2019 12:55:34 AM","7741440","2DYHPD2\User"
"C:\GCMSsolution\Data\Project1\Powers RMBL Data\Blank2_722019_12.qgd","7/3/2019 2:38:25 AM","8/3/2019 11:55:52 PM","7745536","2DYHPD2\User"
"C:\GCMSsolution\Data\Project1\Powers RMBL Data\Blank2_7222019_11.qgd","7/22/2019 4:51:11 PM","8/3/2019 11:49:22 AM","7581696","2DYHPD2\User"
"C:\GCMSsolution\Data\Project1\Powers RMBL Data\Blank2_732019_11.qgd","7/3/2019 2:45:14 PM","8/3/2019 10:54:03 PM","7892992","2DYHPD2\User"
"C:\GCMSsolution\Data\Project1\Powers RMBL Data\Blank2_732019_12.qgd","7/4/2019 3:18:11 AM","8/3/2019 10:01:52 PM","7598080","2DYHPD2\User"
"C:\GCMSsolution\Data\Project1\Powers RMBL Data\Blank2_742019_11.qgd","7/5/2019 5:06:52 AM","8/3/2019 8:06:51 PM","7634944","2DYHPD2\User"
"C:\GCMSsolution\Data\Project1\Powers RMBL Data\Blank2_752019_11.qgd","7/5/2019 5:23:20 PM","8/3/2019 7:04:33 PM","7692288","2DYHPD2\User"
"C:\GCMSsolution\Data\Project1\Powers RMBL Data\Blank2_752019_12.qgd","7/6/2019 12:22:23 AM","8/3/2019 6:31:47 PM","7610368","2DYHPD2\User"
"C:\GCMSsolution\Data\Project1\Powers RMBL Data\Blank2_762019_11.qgd","7/6/2019 9:49:03 PM","8/3/2019 5:07:46 PM","7712768","2DYHPD2\User"
"C:\GCMSsolution\Data\Project1\Powers RMBL Data\Blank2_772019_11.qgd","7/7/2019 3:15:22 PM","8/3/2019 3:43:50 PM","7675904","2DYHPD2\User"
"C:\GCMSsolution\Data\Project1\Powers RMBL Data\Blank2_782019_11.qgd","7/8/2019 5:51:21 AM","8/3/2019 2:40:26 PM","7733248","2DYHPD2\User"
"C:\GCMSsolution\Data\Project1\Powers RMBL Data\Blank2_782019_12.qgd","7/8/2019 5:09:40 PM","8/3/2019 1:42:44 PM","2564096","2DYHPD2\User"
"C:\GCMSsolution\Data\Project1\Powers RMBL Data\Blank2_782019_13.qgd","7/8/2019 11:11:11 PM","8/3/2019 1:13:13 PM","7581696","2DYHPD2\User"
"C:\GCMSsolution\Data\Project1\Powers RMBL Data\Blank2_8132019_08.qgd","8/13/2019 4:00:55 AM","8/13/2019 4:31:55 AM","6815744","2DYHPD2\User"
"C:\GCMSsolution\Data\Project1\Powers RMBL Data\Blank3_6212019_10.qgd","6/22/2019 2:10:49 AM","8/4/2019 9:24:01 PM","7561216","2DYHPD2\User"
"C:\GCMSsolution\Data\Project1\Powers RMBL Data\Blank3_6222019_10.qgd","6/22/2019 5:23:24 PM","8/4/2019 8:19:02 PM","7733248","2DYHPD2\User"
"C:\GCMSsolution\Data\Project1\Powers RMBL Data\Blank3_6232019_22.qgd","6/23/2019 11:07:18 AM","8/4/2019 6:42:11 PM","7729152","2DYHPD2\User"
"C:\GCMSsolution\Data\Project1\Powers RMBL Data\Blank3_6232019_23.qgd","6/24/2019 4:10:24 AM","8/4/2019 5:19:51 PM","7688192","2DYHPD2\User"
"C:\GCMSsolution\Data\Project1\Powers RMBL Data\Blank3_6242019_22.qgd","6/24/2019 7:54:23 PM","8/4/2019 4:13:39 PM","8286208","2DYHPD2\User"
"C:\GCMSsolution\Data\Project1\Powers RMBL Data\Blank3_6262019_22.qgd","6/27/2019 10:27:35 AM","8/4/2019 10:34:09 AM","2072576","2DYHPD2\User"
"C:\GCMSsolution\Data\Project1\Powers RMBL Data\Blank3_6272019_22.qgd","6/28/2019 10:02:16 AM","8/4/2019 8:29:10 AM","7680000","2DYHPD2\User"
"C:\GCMSsolution\Data\Project1\Powers RMBL Data\Blank3_6302019_22.qgd","7/1/2019 5:23:55 AM","8/4/2019 3:44:10 AM","7860224","2DYHPD2\User"
"C:\GCMSsolution\Data\Project1\Powers RMBL Data\Blank3_7102019_12.qgd","7/11/2019 3:17:12 AM","8/3/2019 12:47:11 PM","8101888","2DYHPD2\User"
"C:\GCMSsolution\Data\Project1\Powers RMBL Data\Blank3_712019_22.qgd","7/1/2019 8:34:12 PM","8/4/2019 2:22:31 AM","7680000","2DYHPD2\User"
"C:\GCMSsolution\Data\Project1\Powers RMBL Data\Blank3_722019_22.qgd","7/2/2019 8:12:08 PM","8/4/2019 12:27:41 AM","7725056","2DYHPD2\User"
"C:\GCMSsolution\Data\Project1\Powers RMBL Data\Blank3_732019_22.qgd","7/4/2019 9:03:05 AM","8/3/2019 9:28:40 PM","7680000","2DYHPD2\User"
"C:\GCMSsolution\Data\Project1\Powers RMBL Data\Blank3_752019_22.qgd","7/6/2019 6:06:10 AM","8/3/2019 5:57:46 PM","7692288","2DYHPD2\User"
"C:\GCMSsolution\Data\Project1\Powers RMBL Data\Blank3_762019_22.qgd","7/7/2019 3:47:14 AM","8/3/2019 4:33:18 PM","7729152","2DYHPD2\User"
"C:\GCMSsolution\Data\Project1\Powers RMBL Data\Blank3_772019_22.qgd","7/7/2019 9:08:29 PM","8/3/2019 3:11:47 PM","7712768","2DYHPD2\User"
"C:\GCMSsolution\Data\Project1\Powers RMBL Data\Blank4_6212019_21.qgd","6/22/2019 7:54:51 AM","8/4/2019 8:49:58 PM","7704576","2DYHPD2\User"
"C:\GCMSsolution\Data\Project1\Powers RMBL Data\Blank4_7102019_18.qgd","7/11/2019 6:25:05 AM","8/3/2019 12:26:10 PM","7491584","2DYHPD2\User"
"C:\GCMSsolution\Data\Project1\Powers RMBL Data\Blank4_732019_28.qgd","7/4/2019 12:13:30 PM","8/3/2019 9:10:36 PM","7659520","2DYHPD2\User"
"C:\GCMSsolution\Data\Project1\Powers RMBL Data\Blank4_752019_28.qgd","7/6/2019 9:15:04 AM","8/3/2019 5:39:44 PM","7663616","2DYHPD2\User"
"C:\GCMSsolution\Data\Project1\Powers RMBL Data\Blank4_762019_28.qgd","7/7/2019 7:01:12 AM","8/3/2019 4:15:38 PM","7692288","2DYHPD2\User"
"C:\GCMSsolution\Data\Project1\Powers RMBL Data\CDF","7/21/2019 10:32:42 PM","7/21/2019 10:32:46 PM",,"2DYHPD2\User"
"C:\GCMSsolution\Data\Project1\Powers RMBL Data\CDF\AMBI_V132_6212019_08.CDF","6/22/2019 11:59:42 AM","6/22/2019 11:59:46 AM","18674508","2DYHPD2\User"
"C:\GCMSsolution\Data\Project1\Powers RMBL Data\CDF\AMBI_V132_6212019_08~01.CDF","7/21/2019 9:08:46 PM","7/21/2019 9:08:50 PM","18674508","2DYHPD2\User"
"C:\GCMSsolution\Data\Project1\Powers RMBL Data\CDF\AMBI_V138_6212019_15.CDF","6/22/2019 12:00:02 PM","6/22/2019 12:00:05 PM","18674412","2DYHPD2\User"
"C:\GCMSsolution\Data\Project1\Powers RMBL Data\CDF\AMBI_V639_6242019_03.CDF","7/21/2019 9:02:51 PM","7/21/2019 9:02:55 PM","18674328","2DYHPD2\User"
"C:\GCMSsolution\Data\Project1\Powers RMBL Data\CDF\Bakeout_T21_6232019_23.CDF","7/21/2019 9:05:41 PM","7/21/2019 9:05:44 PM","18673680","2DYHPD2\User"
"C:\GCMSsolution\Data\Project1\Powers RMBL Data\CDF\Bakeout_T22_6232019_24.CDF","7/21/2019 9:05:37 PM","7/21/2019 9:05:40 PM","18674028","2DYHPD2\User"
"C:\GCMSsolution\Data\Project1\Powers RMBL Data\CDF\Bakeout_T23_6232019_25.CDF","7/21/2019 9:05:34 PM","7/21/2019 9:05:37 PM","18674256","2DYHPD2\User"
"C:\GCMSsolution\Data\Project1\Powers RMBL Data\CDF\Bakeout_T24_6232019_26.CDF","7/21/2019 9:05:30 PM","7/21/2019 9:05:34 PM","18674364","2DYHPD2\User"
"C:\GCMSsolution\Data\Project1\Powers RMBL Data\CDF\Bakeout_T25_6232019_27.CDF","7/21/2019 9:05:27 PM","7/21/2019 9:05:30 PM","18674340","2DYHPD2\User"
"C:\GCMSsolution\Data\Project1\Powers RMBL Data\CDF\Blank1_6232019_01.CDF","7/21/2019 9:06:55 PM","7/21/2019 9:06:59 PM","18674108","2DYHPD2\User"
"C:\GCMSsolution\Data\Project1\Powers RMBL Data\CDF\Blank1_6232019_02.CDF","7/21/2019 9:05:24 PM","7/21/2019 9:05:27 PM","18674276","2DYHPD2\User"
"C:\GCMSsolution\Data\Project1\Powers RMBL Data\CDF\Blank1_6242019_01.CDF","7/21/2019 9:04:10 PM","7/21/2019 9:04:13 PM","18674072","2DYHPD2\User"
"C:\GCMSsolution\Data\Project1\Powers RMBL Data\CDF\Blank1_6242019_02.CDF","7/21/2019 9:02:58 PM","7/21/2019 9:03:01 PM","18674360","2DYHPD2\User"
"C:\GCMSsolution\Data\Project1\Powers RMBL Data\CDF\Blank1_6252019_01.CDF","7/21/2019 9:01:49 PM","7/21/2019 9:01:52 PM","18674300","2DYHPD2\User"
"C:\GCMSsolution\Data\Project1\Powers RMBL Data\CDF\Blank1_6252019_02.CDF","7/21/2019 9:00:39 PM","7/21/2019 9:00:42 PM","18673896","2DYHPD2\User"
"C:\GCMSsolution\Data\Project1\Powers RMBL Data\CDF\Blank1_6262019_01.CDF","7/21/2019 8:59:36 PM","7/21/2019 8:59:40 PM","18674112","2DYHPD2\User"
"C:\GCMSsolution\Data\Project1\Powers RMBL Data\CDF\Blank1_6262019_02.CDF","7/21/2019 8:58:27 PM","7/21/2019 8:58:31 PM","18674268","2DYHPD2\User"
"C:\GCMSsolution\Data\Project1\Powers RMBL Data\CDF\Blank1_6272019_01.CDF","7/21/2019 8:57:19 PM","7/21/2019 8:57:22 PM","18674400","2DYHPD2\User"
"C:\GCMSsolution\Data\Project1\Powers RMBL Data\CDF\Blank1_6272019_02.CDF","7/21/2019 8:56:13 PM","7/21/2019 8:56:17 PM","18674424","2DYHPD2\User"
"C:\GCMSsolution\Data\Project1\Powers RMBL Data\CDF\Blank1_6282019_01.CDF","7/21/2019 8:55:02 PM","7/21/2019 8:55:05 PM","18674448","2DYHPD2\User"
"C:\GCMSsolution\Data\Project1\Powers RMBL Data\CDF\Blank1_6282019_02.CDF","7/21/2019 8:53:59 PM","7/21/2019 8:54:03 PM","18674232","2DYHPD2\User"
"C:\GCMSsolution\Data\Project1\Powers RMBL Data\CDF\Blank1_6292019_01.CDF","7/21/2019 8:53:07 PM","7/21/2019 8:53:10 PM","18674220","2DYHPD2\User"
"C:\GCMSsolution\Data\Project1\Powers RMBL Data\CDF\Blank1_6292019_02.CDF","7/21/2019 8:52:12 PM","7/21/2019 8:52:15 PM","18674616","2DYHPD2\User"
"C:\GCMSsolution\Data\Project1\Powers RMBL Data\CDF\Blank1_6302019_01.CDF","7/21/2019 8:51:03 PM","7/21/2019 8:51:06 PM","18674448","2DYHPD2\User"
"C:\GCMSsolution\Data\Project1\Powers RMBL Data\CDF\Blank1_712019_01.CDF","7/21/2019 8:49:35 PM","7/21/2019 8:49:38 PM","18674696","2DYHPD2\User"
"C:\GCMSsolution\Data\Project1\Powers RMBL Data\CDF\Blank1_712019_02.CDF","7/21/2019 8:48:21 PM","7/21/2019 8:48:24 PM","18674708","2DYHPD2\User"
"C:\GCMSsolution\Data\Project1\Powers RMBL Data\CDF\Blank1_722019_01.CDF","7/21/2019 8:47:18 PM","7/21/2019 8:47:22 PM","18674432","2DYHPD2\User"
"C:\GCMSsolution\Data\Project1\Powers RMBL Data\CDF\Blank1_722019_02.CDF","7/21/2019 8:46:12 PM","7/21/2019 8:46:15 PM","18674624","2DYHPD2\User"
"C:\GCMSsolution\Data\Project1\Powers RMBL Data\CDF\Blank1_732019_01.CDF","7/21/2019 8:45:01 PM","7/21/2019 8:45:05 PM","18674240","2DYHPD2\User"
"C:\GCMSsolution\Data\Project1\Powers RMBL Data\CDF\Blank1_732019_02.CDF","7/21/2019 8:43:58 PM","7/21/2019 8:44:01 PM","18674516","2DYHPD2\User"
"C:\GCMSsolution\Data\Project1\Powers RMBL Data\CDF\Blank1_742019_01.CDF","7/21/2019 8:42:31 PM","7/21/2019 8:42:34 PM","18673988","2DYHPD2\User"
"C:\GCMSsolution\Data\Project1\Powers RMBL Data\CDF\Blank1_742019_02.CDF","7/21/2019 8:41:59 PM","7/21/2019 8:42:02 PM","18674264","2DYHPD2\User"
"C:\GCMSsolution\Data\Project1\Powers RMBL Data\CDF\Blank1_752019_01.CDF","7/21/2019 8:40:48 PM","7/21/2019 8:40:51 PM","18674000","2DYHPD2\User"
"C:\GCMSsolution\Data\Project1\Powers RMBL Data\CDF\Blank1_752019_02.CDF","7/21/2019 8:40:10 PM","7/21/2019 8:40:13 PM","18673808","2DYHPD2\User"
"C:\GCMSsolution\Data\Project1\Powers RMBL Data\CDF\Blank1_762019_01.CDF","7/21/2019 8:38:31 PM","7/21/2019 8:38:34 PM","18673856","2DYHPD2\User"
"C:\GCMSsolution\Data\Project1\Powers RMBL Data\CDF\Blank1_772019_01.CDF","7/21/2019 8:36:55 PM","7/21/2019 8:36:58 PM","18674252","2DYHPD2\User"
"C:\GCMSsolution\Data\Project1\Powers RMBL Data\CDF\Blank1_782019_01.CDF","7/21/2019 8:35:38 PM","7/21/2019 8:35:41 PM","18673880","2DYHPD2\User"
"C:\GCMSsolution\Data\Project1\Powers RMBL Data\CDF\Blank1_782019_02.CDF","7/21/2019 8:34:28 PM","7/21/2019 8:34:31 PM","18673592","2DYHPD2\User"
"C:\GCMSsolution\Data\Project1\Powers RMBL Data\CDF\Blank1_782019_03.CDF","7/21/2019 8:33:54 PM","7/21/2019 8:33:57 PM","18673328","2DYHPD2\User"
"C:\GCMSsolution\Data\Project1\Powers RMBL Data\CDF\Blank2_6232019_11.CDF","7/21/2019 9:06:22 PM","7/21/2019 9:06:25 PM","18674324","2DYHPD2\User"
"C:\GCMSsolution\Data\Project1\Powers RMBL Data\CDF\Blank2_6232019_12.CDF","7/21/2019 9:04:50 PM","7/21/2019 9:04:53 PM","18674348","2DYHPD2\User"
"C:\GCMSsolution\Data\Project1\Powers RMBL Data\CDF\Blank2_6242019_11.CDF","7/21/2019 9:03:37 PM","7/21/2019 9:03:40 PM","18674180","2DYHPD2\User"
"C:\GCMSsolution\Data\Project1\Powers RMBL Data\CDF\Blank2_6242019_12.CDF","7/21/2019 9:02:25 PM","7/21/2019 9:02:28 PM","18674192","2DYHPD2\User"
"C:\GCMSsolution\Data\Project1\Powers RMBL Data\CDF\Blank2_6252019_11.CDF","7/21/2019 9:01:16 PM","7/21/2019 9:01:19 PM","18674252","2DYHPD2\User"
"C:\GCMSsolution\Data\Project1\Powers RMBL Data\CDF\Blank2_6252019_12.CDF","7/21/2019 9:00:06 PM","7/21/2019 9:00:09 PM","18673332","2DYHPD2\User"
"C:\GCMSsolution\Data\Project1\Powers RMBL Data\CDF\Blank2_6262019_11.CDF","7/21/2019 8:59:04 PM","7/21/2019 8:59:07 PM","18674460","2DYHPD2\User"
"C:\GCMSsolution\Data\Project1\Powers RMBL Data\CDF\Blank2_6262019_12.CDF","7/21/2019 8:57:55 PM","7/21/2019 8:57:58 PM","18674424","2DYHPD2\User"
"C:\GCMSsolution\Data\Project1\Powers RMBL Data\CDF\Blank2_6272019_11.CDF","7/21/2019 8:56:46 PM","7/21/2019 8:56:49 PM","18674508","2DYHPD2\User"
"C:\GCMSsolution\Data\Project1\Powers RMBL Data\CDF\Blank2_6272019_12.CDF","7/21/2019 8:55:41 PM","7/21/2019 8:55:44 PM","18674436","2DYHPD2\User"
"C:\GCMSsolution\Data\Project1\Powers RMBL Data\CDF\Blank2_6282019_11.CDF","7/21/2019 8:54:29 PM","7/21/2019 8:54:32 PM","18674508","2DYHPD2\User"
"C:\GCMSsolution\Data\Project1\Powers RMBL Data\CDF\Blank2_6282019_12.CDF","7/21/2019 8:53:27 PM","7/21/2019 8:53:30 PM","18673968","2DYHPD2\User"
"C:\GCMSsolution\Data\Project1\Powers RMBL Data\CDF\Blank2_6292019_11.CDF","7/21/2019 8:52:35 PM","7/21/2019 8:52:38 PM","18674592","2DYHPD2\User"
"C:\GCMSsolution\Data\Project1\Powers RMBL Data\CDF\Blank2_6292019_12.CDF","7/21/2019 8:51:39 PM","7/21/2019 8:51:42 PM","18674520","2DYHPD2\User"
"C:\GCMSsolution\Data\Project1\Powers RMBL Data\CDF\Blank2_6302019_11.CDF","7/21/2019 8:50:30 PM","7/21/2019 8:50:33 PM","18674796","2DYHPD2\User"
"C:\GCMSsolution\Data\Project1\Powers RMBL Data\CDF\Blank2_7102019_07.CDF","7/21/2019 10:30:22 PM","7/21/2019 10:30:25 PM","18673776","2DYHPD2\User"
"C:\GCMSsolution\Data\Project1\Powers RMBL Data\CDF\Blank2_712019_11.CDF","7/21/2019 8:49:01 PM","7/21/2019 8:49:04 PM","18674432","2DYHPD2\User"
"C:\GCMSsolution\Data\Project1\Powers RMBL Data\CDF\Blank2_712019_12.CDF","7/21/2019 8:47:48 PM","7/21/2019 8:47:51 PM","18674648","2DYHPD2\User"
"C:\GCMSsolution\Data\Project1\Powers RMBL Data\CDF\Blank2_722019_11.CDF","7/21/2019 8:46:45 PM","7/21/2019 8:46:48 PM","18674540","2DYHPD2\User"
"C:\GCMSsolution\Data\Project1\Powers RMBL Data\CDF\Blank2_722019_12.CDF","7/21/2019 8:45:39 PM","7/21/2019 8:45:42 PM","18674408","2DYHPD2\User"
"C:\GCMSsolution\Data\Project1\Powers RMBL Data\CDF\Blank2_732019_11.CDF","7/21/2019 8:44:28 PM","7/21/2019 8:44:32 PM","18671804","2DYHPD2\User"
"C:\GCMSsolution\Data\Project1\Powers RMBL Data\CDF\Blank2_732019_12.CDF","7/21/2019 8:43:31 PM","7/21/2019 8:43:34 PM","18674348","2DYHPD2\User"
"C:\GCMSsolution\Data\Project1\Powers RMBL Data\CDF\Blank2_742019_11.CDF","7/21/2019 8:41:26 PM","7/21/2019 8:41:29 PM","18673928","2DYHPD2\User"
"C:\GCMSsolution\Data\Project1\Powers RMBL Data\CDF\Blank2_752019_11.CDF","7/21/2019 8:40:13 PM","7/21/2019 8:40:17 PM","18674180","2DYHPD2\User"
"C:\GCMSsolution\Data\Project1\Powers RMBL Data\CDF\Blank2_752019_12.CDF","7/21/2019 8:39:34 PM","7/21/2019 8:39:38 PM","18673976","2DYHPD2\User"
"C:\GCMSsolution\Data\Project1\Powers RMBL Data\CDF\Blank2_762019_11.CDF","7/21/2019 8:37:57 PM","7/21/2019 8:38:00 PM","18674036","2DYHPD2\User"
"C:\GCMSsolution\Data\Project1\Powers RMBL Data\CDF\Blank2_772019_11.CDF","7/21/2019 8:36:20 PM","7/21/2019 8:36:24 PM","18673592","2DYHPD2\User"
"C:\GCMSsolution\Data\Project1\Powers RMBL Data\CDF\Blank2_782019_11.CDF","7/21/2019 8:35:03 PM","7/21/2019 8:35:07 PM","18674072","2DYHPD2\User"
"C:\GCMSsolution\Data\Project1\Powers RMBL Data\CDF\Blank2_782019_12.CDF","7/21/2019 8:33:57 PM","7/21/2019 8:33:58 PM","5090672","2DYHPD2\User"
"C:\GCMSsolution\Data\Project1\Powers RMBL Data\CDF\Blank2_782019_13.CDF","7/21/2019 8:33:19 PM","7/21/2019 8:33:22 PM","18673664","2DYHPD2\User"
"C:\GCMSsolution\Data\Project1\Powers RMBL Data\CDF\Blank3_6212019_10.CDF","6/22/2019 11:59:20 AM","6/22/2019 11:59:23 AM","18674528","2DYHPD2\User"
"C:\GCMSsolution\Data\Project1\Powers RMBL Data\CDF\Blank3_6212019_10~01.CDF","7/21/2019 9:08:40 PM","7/21/2019 9:08:43 PM","18674528","2DYHPD2\User"
"C:\GCMSsolution\Data\Project1\Powers RMBL Data\CDF\Blank3_6222019_10.CDF","7/21/2019 9:07:29 PM","7/21/2019 9:07:32 PM","18674312","2DYHPD2\User"
"C:\GCMSsolution\Data\Project1\Powers RMBL Data\CDF\Blank3_6232019_22.CDF","7/21/2019 9:05:44 PM","7/21/2019 9:05:47 PM","18673652","2DYHPD2\User"
"C:\GCMSsolution\Data\Project1\Powers RMBL Data\CDF\Blank3_6232019_23.CDF","7/21/2019 9:04:13 PM","7/21/2019 9:04:16 PM","18674348","2DYHPD2\User"
"C:\GCMSsolution\Data\Project1\Powers RMBL Data\CDF\Blank3_6242019_22.CDF","7/21/2019 9:03:01 PM","7/21/2019 9:03:04 PM","18674480","2DYHPD2\User"
"C:\GCMSsolution\Data\Project1\Powers RMBL Data\CDF\Blank3_6262019_22.CDF","7/21/2019 8:57:22 PM","7/21/2019 8:57:22 PM","2725532","2DYHPD2\User"
"C:\GCMSsolution\Data\Project1\Powers RMBL Data\CDF\Blank3_6272019_22.CDF","7/21/2019 8:55:05 PM","7/21/2019 8:55:08 PM","18674340","2DYHPD2\User"
"C:\GCMSsolution\Data\Project1\Powers RMBL Data\CDF\Blank3_6302019_22.CDF","7/21/2019 8:49:54 PM","7/21/2019 8:49:57 PM","18674796","2DYHPD2\User"
"C:\GCMSsolution\Data\Project1\Powers RMBL Data\CDF\Blank3_7102019_12.CDF","7/21/2019 10:30:05 PM","7/21/2019 10:30:08 PM","18673656","2DYHPD2\User"
"C:\GCMSsolution\Data\Project1\Powers RMBL Data\CDF\Blank3_712019_22.CDF","7/21/2019 8:48:24 PM","7/21/2019 8:48:28 PM","18674936","2DYHPD2\User"
"C:\GCMSsolution\Data\Project1\Powers RMBL Data\CDF\Blank3_722019_22.CDF","7/21/2019 8:46:15 PM","7/21/2019 8:46:18 PM","18674416","2DYHPD2\User"
"C:\GCMSsolution\Data\Project1\Powers RMBL Data\CDF\Blank3_732019_22.CDF","7/21/2019 8:42:54 PM","7/21/2019 8:42:57 PM","18673928","2DYHPD2\User"
"C:\GCMSsolution\Data\Project1\Powers RMBL Data\CDF\Blank3_752019_22.CDF","7/21/2019 8:38:55 PM","7/21/2019 8:38:58 PM","18673856","2DYHPD2\User"
"C:\GCMSsolution\Data\Project1\Powers RMBL Data\CDF\Blank3_762019_22.CDF","7/21/2019 8:37:19 PM","7/21/2019 8:37:23 PM","18673964","2DYHPD2\User"
"C:\GCMSsolution\Data\Project1\Powers RMBL Data\CDF\Blank3_772019_22.CDF","7/21/2019 8:35:42 PM","7/21/2019 8:35:45 PM","18673832","2DYHPD2\User"
"C:\GCMSsolution\Data\Project1\Powers RMBL Data\CDF\Blank4_6212019_21.CDF","6/22/2019 11:59:23 AM","6/22/2019 11:59:26 AM","18674456","2DYHPD2\User"
"C:\GCMSsolution\Data\Project1\Powers RMBL Data\CDF\Blank4_6212019_21~01.CDF","7/21/2019 9:08:02 PM","7/21/2019 9:08:05 PM","18674456","2DYHPD2\User"
"C:\GCMSsolution\Data\Project1\Powers RMBL Data\CDF\Blank4_7102019_18.CDF","7/21/2019 10:29:44 PM","7/21/2019 10:29:47 PM","18673380","2DYHPD2\User"
"C:\GCMSsolution\Data\Project1\Powers RMBL Data\CDF\Blank4_732019_28.CDF","7/21/2019 8:42:34 PM","7/21/2019 8:42:38 PM","18674144","2DYHPD2\User"
"C:\GCMSsolution\Data\Project1\Powers RMBL Data\CDF\Blank4_752019_28.CDF","7/21/2019 8:38:34 PM","7/21/2019 8:38:38 PM","18673772","2DYHPD2\User"
"C:\GCMSsolution\Data\Project1\Powers RMBL Data\CDF\Blank4_762019_28.CDF","7/21/2019 8:36:59 PM","7/21/2019 8:37:02 PM","18673904","2DYHPD2\User"
"C:\GCMSsolution\Data\Project1\Powers RMBL Data\CDF\GLOB_V126_6212019_03.CDF","6/22/2019 11:59:26 AM","6/22/2019 11:59:29 AM","18674532","2DYHPD2\User"
"C:\GCMSsolution\Data\Project1\Powers RMBL Data\CDF\GLOB_V126_6212019_03~01.CDF","7/21/2019 9:09:03 PM","7/21/2019 9:09:07 PM","18674532","2DYHPD2\User"
"C:\GCMSsolution\Data\Project1\Powers RMBL Data\CDF\GLOB_V127_6212019_04.CDF","6/22/2019 11:59:29 AM","6/22/2019 11:59:33 AM","18674484","2DYHPD2\User"
"C:\GCMSsolution\Data\Project1\Powers RMBL Data\CDF\GLOB_V127_6212019_04~01.CDF","7/21/2019 9:09:00 PM","7/21/2019 9:09:03 PM","18674484","2DYHPD2\User"
"C:\GCMSsolution\Data\Project1\Powers RMBL Data\CDF\GLOB_V128_6212019_05.CDF","6/22/2019 11:59:33 AM","6/22/2019 11:59:36 AM","18674520","2DYHPD2\User"
"C:\GCMSsolution\Data\Project1\Powers RMBL Data\CDF\GLOB_V128_6212019_05~01.CDF","7/21/2019 9:08:56 PM","7/21/2019 9:09:00 PM","18674520","2DYHPD2\User"
"C:\GCMSsolution\Data\Project1\Powers RMBL Data\CDF\GLOB_V130_6212019_06.CDF","6/22/2019 11:59:36 AM","6/22/2019 11:59:39 AM","18674412","2DYHPD2\User"
"C:\GCMSsolution\Data\Project1\Powers RMBL Data\CDF\GLOB_V130_6212019_06~01.CDF","7/21/2019 9:08:53 PM","7/21/2019 9:08:56 PM","18674412","2DYHPD2\User"
"C:\GCMSsolution\Data\Project1\Powers RMBL Data\CDF\GLOB_V131_6212019_07.CDF","6/22/2019 11:59:39 AM","6/22/2019 11:59:42 AM","18674472","2DYHPD2\User"
"C:\GCMSsolution\Data\Project1\Powers RMBL Data\CDF\GLOB_V131_6212019_07~01.CDF","7/21/2019 9:08:50 PM","7/21/2019 9:08:53 PM","18674472","2DYHPD2\User"
"C:\GCMSsolution\Data\Project1\Powers RMBL Data\CDF\GLOB_V133_6212019_09.CDF","6/22/2019 11:59:46 AM","6/22/2019 11:59:49 AM","18674508","2DYHPD2\User"
"C:\GCMSsolution\Data\Project1\Powers RMBL Data\CDF\GLOB_V133_6212019_09~01.CDF","7/21/2019 9:08:43 PM","7/21/2019 9:08:46 PM","18674508","2DYHPD2\User"
"C:\GCMSsolution\Data\Project1\Powers RMBL Data\CDF\GLOB_V134_6212019_11.CDF","6/22/2019 11:59:49 AM","6/22/2019 11:59:52 AM","18674376","2DYHPD2\User"
"C:\GCMSsolution\Data\Project1\Powers RMBL Data\CDF\GLOB_V134_6212019_11~01.CDF","7/21/2019 9:08:36 PM","7/21/2019 9:08:40 PM","18674376","2DYHPD2\User"
"C:\GCMSsolution\Data\Project1\Powers RMBL Data\CDF\GLOB_V135_6212019_12.CDF","6/22/2019 11:59:52 AM","6/22/2019 11:59:55 AM","18674388","2DYHPD2\User"
"C:\GCMSsolution\Data\Project1\Powers RMBL Data\CDF\GLOB_V135_6212019_12~01.CDF","7/21/2019 9:08:33 PM","7/21/2019 9:08:36 PM","18674388","2DYHPD2\User"
"C:\GCMSsolution\Data\Project1\Powers RMBL Data\CDF\GLOB_V136_6212019_13.CDF","6/22/2019 11:59:55 AM","6/22/2019 11:59:59 AM","18674400","2DYHPD2\User"
"C:\GCMSsolution\Data\Project1\Powers RMBL Data\CDF\GLOB_V136_6212019_13~01.CDF","7/21/2019 9:08:30 PM","7/21/2019 9:08:33 PM","18674400","2DYHPD2\User"
"C:\GCMSsolution\Data\Project1\Powers RMBL Data\CDF\GLOB_V137_6212019_14.CDF","6/22/2019 11:59:59 AM","6/22/2019 12:00:02 PM","18674424","2DYHPD2\User"
"C:\GCMSsolution\Data\Project1\Powers RMBL Data\CDF\GLOB_V137_6212019_14~01.CDF","7/21/2019 9:08:26 PM","7/21/2019 9:08:29 PM","18674424","2DYHPD2\User"
"C:\GCMSsolution\Data\Project1\Powers RMBL Data\CDF\GLOB_V138_6212019_15.CDF","7/21/2019 9:08:23 PM","7/21/2019 9:08:26 PM","18674412","2DYHPD2\User"
"C:\GCMSsolution\Data\Project1\Powers RMBL Data\CDF\GLOB_V139_6212019_16.CDF","6/22/2019 12:00:05 PM","6/22/2019 12:00:08 PM","18674328","2DYHPD2\User"
"C:\GCMSsolution\Data\Project1\Powers RMBL Data\CDF\GLOB_V139_6212019_16~01.CDF","7/21/2019 9:08:19 PM","7/21/2019 9:08:22 PM","18674328","2DYHPD2\User"
"C:\GCMSsolution\Data\Project1\Powers RMBL Data\CDF\GLOB_V140_6212019_17.CDF","6/22/2019 12:00:08 PM","6/22/2019 12:00:11 PM","18674484","2DYHPD2\User"
"C:\GCMSsolution\Data\Project1\Powers RMBL Data\CDF\GLOB_V140_6212019_17~01.CDF","7/21/2019 9:08:16 PM","7/21/2019 9:08:19 PM","18674484","2DYHPD2\User"
"C:\GCMSsolution\Data\Project1\Powers RMBL Data\CDF\GLOB_V141_6212019_18.CDF","6/22/2019 12:00:11 PM","6/22/2019 12:00:15 PM","18674448","2DYHPD2\User"
"C:\GCMSsolution\Data\Project1\Powers RMBL Data\CDF\GLOB_V141_6212019_18~01.CDF","7/21/2019 9:08:12 PM","7/21/2019 9:08:16 PM","18674448","2DYHPD2\User"
"C:\GCMSsolution\Data\Project1\Powers RMBL Data\CDF\GLOB_V142_6212019_19.CDF","6/22/2019 12:00:15 PM","6/22/2019 12:00:18 PM","18674412","2DYHPD2\User"
"C:\GCMSsolution\Data\Project1\Powers RMBL Data\CDF\GLOB_V142_6212019_19~01.CDF","7/21/2019 9:08:09 PM","7/21/2019 9:08:12 PM","18674412","2DYHPD2\User"
"C:\GCMSsolution\Data\Project1\Powers RMBL Data\CDF\GLOB_V143_6212019_20.CDF","6/22/2019 12:00:18 PM","6/22/2019 12:00:21 PM","18674244","2DYHPD2\User"
"C:\GCMSsolution\Data\Project1\Powers RMBL Data\CDF\GLOB_V143_6212019_20~01.CDF","7/21/2019 9:08:06 PM","7/21/2019 9:08:09 PM","18674244","2DYHPD2\User"
"C:\GCMSsolution\Data\Project1\Powers RMBL Data\CDF\GLOB_V144_6222019_01.CDF","7/21/2019 9:07:59 PM","7/21/2019 9:08:02 PM","18674172","2DYHPD2\User"
"C:\GCMSsolution\Data\Project1\Powers RMBL Data\CDF\GLOB_V145_6222019_02.CDF","7/21/2019 9:07:55 PM","7/21/2019 9:07:59 PM","18674196","2DYHPD2\User"
"C:\GCMSsolution\Data\Project1\Powers RMBL Data\CDF\GLOB_V146_6222019_03.CDF","7/21/2019 9:07:52 PM","7/21/2019 9:07:55 PM","18674244","2DYHPD2\User"
"C:\GCMSsolution\Data\Project1\Powers RMBL Data\CDF\GLOB_V147_6222019_04.CDF","7/21/2019 9:07:49 PM","7/21/2019 9:07:52 PM","18674220","2DYHPD2\User"
"C:\GCMSsolution\Data\Project1\Powers RMBL Data\CDF\GLOB_V147_6232019_02.CDF","7/21/2019 9:06:52 PM","7/21/2019 9:06:55 PM","18674304","2DYHPD2\User"
"C:\GCMSsolution\Data\Project1\Powers RMBL Data\CDF\GLOB_V148_6222019_05.CDF","7/21/2019 9:07:45 PM","7/21/2019 9:07:49 PM","18674424","2DYHPD2\User"
"C:\GCMSsolution\Data\Project1\Powers RMBL Data\CDF\GLOB_V149_6222019_06.CDF","7/21/2019 9:07:42 PM","7/21/2019 9:07:45 PM","18674292","2DYHPD2\User"
"C:\GCMSsolution\Data\Project1\Powers RMBL Data\CDF\GLOB_V150_6222019_07.CDF","7/21/2019 9:07:39 PM","7/21/2019 9:07:42 PM","18674364","2DYHPD2\User"
"C:\GCMSsolution\Data\Project1\Powers RMBL Data\CDF\GLOB_V151_6222019_08.CDF","7/21/2019 9:07:35 PM","7/21/2019 9:07:39 PM","18674064","2DYHPD2\User"
"C:\GCMSsolution\Data\Project1\Powers RMBL Data\CDF\GLOB_V152_6222019_09.CDF","7/21/2019 9:07:32 PM","7/21/2019 9:07:35 PM","18674340","2DYHPD2\User"
"C:\GCMSsolution\Data\Project1\Powers RMBL Data\CDF\GLOB_V153_6222019_11.CDF","7/21/2019 9:07:25 PM","7/21/2019 9:07:29 PM","18674244","2DYHPD2\User"
"C:\GCMSsolution\Data\Project1\Powers RMBL Data\CDF\GLOB_V156_6222019_12.CDF","7/21/2019 9:07:22 PM","7/21/2019 9:07:25 PM","18674292","2DYHPD2\User"
"C:\GCMSsolution\Data\Project1\Powers RMBL Data\CDF\GLOB_V157_6222019_13.CDF","7/21/2019 9:07:19 PM","7/21/2019 9:07:22 PM","18674268","2DYHPD2\User"
"C:\GCMSsolution\Data\Project1\Powers RMBL Data\CDF\GLOB_V158_6222019_14.CDF","7/21/2019 9:07:15 PM","7/21/2019 9:07:19 PM","18674304","2DYHPD2\User"
"C:\GCMSsolution\Data\Project1\Powers RMBL Data\CDF\GLOB_V172_6252019_07.CDF","7/21/2019 9:01:29 PM","7/21/2019 9:01:32 PM","18674484","2DYHPD2\User"
"C:\GCMSsolution\Data\Project1\Powers RMBL Data\CDF\GLOB_V173_6252019_08.CDF","7/21/2019 9:01:26 PM","7/21/2019 9:01:29 PM","18674436","2DYHPD2\User"
"C:\GCMSsolution\Data\Project1\Powers RMBL Data\CDF\GLOB_V175_6252019_09.CDF","7/21/2019 9:01:22 PM","7/21/2019 9:01:25 PM","18674424","2DYHPD2\User"
"C:\GCMSsolution\Data\Project1\Powers RMBL Data\CDF\GLOB_V176_6252019_10.CDF","7/21/2019 9:01:19 PM","7/21/2019 9:01:22 PM","18674412","2DYHPD2\User"
"C:\GCMSsolution\Data\Project1\Powers RMBL Data\CDF\GLOB_V178_6252019_12.CDF","7/21/2019 9:01:12 PM","7/21/2019 9:01:15 PM","18674136","2DYHPD2\User"
"C:\GCMSsolution\Data\Project1\Powers RMBL Data\CDF\GLOB_V179_6252019_13.CDF","7/21/2019 9:01:09 PM","7/21/2019 9:01:12 PM","18674304","2DYHPD2\User"
"C:\GCMSsolution\Data\Project1\Powers RMBL Data\CDF\GLOB_V180_6252019_14.CDF","7/21/2019 9:01:06 PM","7/21/2019 9:01:09 PM","18674112","2DYHPD2\User"
"C:\GCMSsolution\Data\Project1\Powers RMBL Data\CDF\GLOB_V181_6252019_15.CDF","7/21/2019 9:01:02 PM","7/21/2019 9:01:05 PM","18674136","2DYHPD2\User"
"C:\GCMSsolution\Data\Project1\Powers RMBL Data\CDF\GLOB_V182_6252019_16.CDF","7/21/2019 9:00:59 PM","7/21/2019 9:01:02 PM","18674112","2DYHPD2\User"
"C:\GCMSsolution\Data\Project1\Powers RMBL Data\CDF\GLOB_V183_6252019_17.CDF","7/21/2019 9:00:56 PM","7/21/2019 9:00:59 PM","18674376","2DYHPD2\User"
"C:\GCMSsolution\Data\Project1\Powers RMBL Data\CDF\GLOB_V184_6252019_18.CDF","7/21/2019 9:00:52 PM","7/21/2019 9:00:56 PM","18674376","2DYHPD2\User"
"C:\GCMSsolution\Data\Project1\Powers RMBL Data\CDF\GLOB_V185_6252019_19.CDF","7/21/2019 9:00:49 PM","7/21/2019 9:00:52 PM","18674196","2DYHPD2\User"
"C:\GCMSsolution\Data\Project1\Powers RMBL Data\CDF\GLOB_V186_6252019_20.CDF","7/21/2019 9:00:46 PM","7/21/2019 9:00:49 PM","18674124","2DYHPD2\User"
"C:\GCMSsolution\Data\Project1\Powers RMBL Data\CDF\GLOB_V259_6222019_15.CDF","7/21/2019 9:07:12 PM","7/21/2019 9:07:15 PM","18674196","2DYHPD2\User"
"C:\GCMSsolution\Data\Project1\Powers RMBL Data\CDF\GLOB_V264_6222019_16.CDF","7/21/2019 9:07:09 PM","7/21/2019 9:07:12 PM","18673812","2DYHPD2\User"
"C:\GCMSsolution\Data\Project1\Powers RMBL Data\CDF\GLOB_V281_6222019_17.CDF","7/21/2019 9:07:05 PM","7/21/2019 9:07:09 PM","18674052","2DYHPD2\User"
"C:\GCMSsolution\Data\Project1\Powers RMBL Data\CDF\GLOB_V306_6222019_18.CDF","7/21/2019 9:07:02 PM","7/21/2019 9:07:05 PM","18674220","2DYHPD2\User"
"C:\GCMSsolution\Data\Project1\Powers RMBL Data\CDF\GLOB_V307_6222019_19.CDF","7/21/2019 9:06:59 PM","7/21/2019 9:07:02 PM","18673620","2DYHPD2\User"
"C:\GCMSsolution\Data\Project1\Powers RMBL Data\CDF\GLOB_V308_6232019_03.CDF","7/21/2019 9:06:49 PM","7/21/2019 9:06:52 PM","18674184","2DYHPD2\User"
"C:\GCMSsolution\Data\Project1\Powers RMBL Data\CDF\GLOB_V339_6232019_04.CDF","7/21/2019 9:06:45 PM","7/21/2019 9:06:48 PM","18674364","2DYHPD2\User"
"C:\GCMSsolution\Data\Project1\Powers RMBL Data\CDF\GLOB_V340_6232019_05.CDF","7/21/2019 9:06:42 PM","7/21/2019 9:06:45 PM","18674052","2DYHPD2\User"
"C:\GCMSsolution\Data\Project1\Powers RMBL Data\CDF\GLOB_V341_6232019_06.CDF","7/21/2019 9:06:38 PM","7/21/2019 9:06:42 PM","18674220","2DYHPD2\User"
"C:\GCMSsolution\Data\Project1\Powers RMBL Data\CDF\GLOB_V348_6232019_07.CDF","7/21/2019 9:06:35 PM","7/21/2019 9:06:38 PM","18674184","2DYHPD2\User"
"C:\GCMSsolution\Data\Project1\Powers RMBL Data\CDF\GLOB_V349_6232019_08.CDF","7/21/2019 9:06:32 PM","7/21/2019 9:06:35 PM","18674136","2DYHPD2\User"
"C:\GCMSsolution\Data\Project1\Powers RMBL Data\CDF\GLOB_V350_6232019_09.CDF","7/21/2019 9:06:28 PM","7/21/2019 9:06:32 PM","18674316","2DYHPD2\User"
"C:\GCMSsolution\Data\Project1\Powers RMBL Data\CDF\GLOB_V351_6232019_10.CDF","7/21/2019 9:06:25 PM","7/21/2019 9:06:28 PM","18674256","2DYHPD2\User"
"C:\GCMSsolution\Data\Project1\Powers RMBL Data\CDF\GLOB_V352_6232019_12.CDF","7/21/2019 9:06:18 PM","7/21/2019 9:06:21 PM","18674268","2DYHPD2\User"
"C:\GCMSsolution\Data\Project1\Powers RMBL Data\CDF\GLOB_V387_6232019_13.CDF","7/21/2019 9:06:15 PM","7/21/2019 9:06:18 PM","18674376","2DYHPD2\User"
"C:\GCMSsolution\Data\Project1\Powers RMBL Data\CDF\GLOB_V388_6232019_14.CDF","7/21/2019 9:06:11 PM","7/21/2019 9:06:14 PM","18673812","2DYHPD2\User"
"C:\GCMSsolution\Data\Project1\Powers RMBL Data\CDF\GLOB_V392_6232019_15.CDF","7/21/2019 9:06:08 PM","7/21/2019 9:06:11 PM","18673992","2DYHPD2\User"
"C:\GCMSsolution\Data\Project1\Powers RMBL Data\CDF\GLOB_V393_6232019_16.CDF","7/21/2019 9:06:04 PM","7/21/2019 9:06:08 PM","18673824","2DYHPD2\User"
"C:\GCMSsolution\Data\Project1\Powers RMBL Data\CDF\GLOB_V41_6212019_01.CDF","6/22/2019 12:00:21 PM","6/22/2019 12:00:24 PM","18674544","2DYHPD2\User"
"C:\GCMSsolution\Data\Project1\Powers RMBL Data\CDF\GLOB_V41_6212019_01~01.CDF","7/21/2019 9:09:10 PM","7/21/2019 9:09:13 PM","18674544","2DYHPD2\User"
"C:\GCMSsolution\Data\Project1\Powers RMBL Data\CDF\GLOB_V438_6232019_17.CDF","7/21/2019 9:06:01 PM","7/21/2019 9:06:04 PM","18673716","2DYHPD2\User"
"C:\GCMSsolution\Data\Project1\Powers RMBL Data\CDF\GLOB_V439_6232019_18.CDF","7/21/2019 9:05:58 PM","7/21/2019 9:06:01 PM","18673332","2DYHPD2\User"
"C:\GCMSsolution\Data\Project1\Powers RMBL Data\CDF\GLOB_V440_6232019_19.CDF","7/21/2019 9:05:54 PM","7/21/2019 9:05:57 PM","18673920","2DYHPD2\User"
"C:\GCMSsolution\Data\Project1\Powers RMBL Data\CDF\GLOB_V441_6232019_20.CDF","7/21/2019 9:05:51 PM","7/21/2019 9:05:54 PM","18673500","2DYHPD2\User"
"C:\GCMSsolution\Data\Project1\Powers RMBL Data\CDF\GLOB_V442_6232019_21.CDF","7/21/2019 9:05:47 PM","7/21/2019 9:05:51 PM","18673320","2DYHPD2\User"
"C:\GCMSsolution\Data\Project1\Powers RMBL Data\CDF\GLOB_V443_6232019_02.CDF","7/21/2019 9:05:20 PM","7/21/2019 9:05:23 PM","18674196","2DYHPD2\User"
"C:\GCMSsolution\Data\Project1\Powers RMBL Data\CDF\GLOB_V448_6232019_03.CDF","7/21/2019 9:05:17 PM","7/21/2019 9:05:20 PM","18674340","2DYHPD2\User"
"C:\GCMSsolution\Data\Project1\Powers RMBL Data\CDF\GLOB_V448_trytwo_6242019_02.CDF","7/21/2019 9:02:55 PM","7/21/2019 9:02:58 PM","18674212","2DYHPD2\User"
"C:\GCMSsolution\Data\Project1\Powers RMBL Data\CDF\GLOB_V449_6232019_04.CDF","7/21/2019 9:05:13 PM","7/21/2019 9:05:16 PM","18674328","2DYHPD2\User"
"C:\GCMSsolution\Data\Project1\Powers RMBL Data\CDF\GLOB_V45_6212019_02.CDF","6/22/2019 12:00:24 PM","6/22/2019 12:00:28 PM","18663948","2DYHPD2\User"
"C:\GCMSsolution\Data\Project1\Powers RMBL Data\CDF\GLOB_V45_6212019_02~01.CDF","7/21/2019 9:09:07 PM","7/21/2019 9:09:10 PM","18663948","2DYHPD2\User"
"C:\GCMSsolution\Data\Project1\Powers RMBL Data\CDF\GLOB_V527_6232019_05.CDF","7/21/2019 9:05:10 PM","7/21/2019 9:05:13 PM","18674304","2DYHPD2\User"
"C:\GCMSsolution\Data\Project1\Powers RMBL Data\CDF\GLOB_V528_6232019_06.CDF","7/21/2019 9:05:06 PM","7/21/2019 9:05:10 PM","18674160","2DYHPD2\User"
"C:\GCMSsolution\Data\Project1\Powers RMBL Data\CDF\GLOB_V536_6232019_07.CDF","7/21/2019 9:05:03 PM","7/21/2019 9:05:06 PM","18674184","2DYHPD2\User"
"C:\GCMSsolution\Data\Project1\Powers RMBL Data\CDF\GLOB_V538_6232019_08.CDF","7/21/2019 9:05:00 PM","7/21/2019 9:05:03 PM","18674184","2DYHPD2\User"
"C:\GCMSsolution\Data\Project1\Powers RMBL Data\CDF\GLOB_V540_6232019_09.CDF","7/21/2019 9:04:56 PM","7/21/2019 9:05:00 PM","18674040","2DYHPD2\User"
"C:\GCMSsolution\Data\Project1\Powers RMBL Data\CDF\GLOB_V543_6232019_10.CDF","7/21/2019 9:04:53 PM","7/21/2019 9:04:56 PM","18674220","2DYHPD2\User"
"C:\GCMSsolution\Data\Project1\Powers RMBL Data\CDF\GLOB_V544_6232019_12.CDF","7/21/2019 9:04:46 PM","7/21/2019 9:04:49 PM","18674208","2DYHPD2\User"
"C:\GCMSsolution\Data\Project1\Powers RMBL Data\CDF\GLOB_V548_6232019_13.CDF","7/21/2019 9:04:43 PM","7/21/2019 9:04:46 PM","18674220","2DYHPD2\User"
"C:\GCMSsolution\Data\Project1\Powers RMBL Data\CDF\GLOB_V580_6232019_14.CDF","7/21/2019 9:04:40 PM","7/21/2019 9:04:43 PM","18674064","2DYHPD2\User"
"C:\GCMSsolution\Data\Project1\Powers RMBL Data\CDF\GLOB_V581_6232019_15.CDF","7/21/2019 9:04:36 PM","7/21/2019 9:04:39 PM","18674064","2DYHPD2\User"
"C:\GCMSsolution\Data\Project1\Powers RMBL Data\CDF\GLOB_V582_6232019_16.CDF","7/21/2019 9:04:33 PM","7/21/2019 9:04:36 PM","18674340","2DYHPD2\User"
"C:\GCMSsolution\Data\Project1\Powers RMBL Data\CDF\GLOB_V583_6232019_17.CDF","7/21/2019 9:04:30 PM","7/21/2019 9:04:33 PM","18674232","2DYHPD2\User"
"C:\GCMSsolution\Data\Project1\Powers RMBL Data\CDF\GLOB_V585_6232019_18.CDF","7/21/2019 9:04:26 PM","7/21/2019 9:04:30 PM","18674172","2DYHPD2\User"
"C:\GCMSsolution\Data\Project1\Powers RMBL Data\CDF\GLOB_V586_6232019_19.CDF","7/21/2019 9:04:23 PM","7/21/2019 9:04:26 PM","18674136","2DYHPD2\User"
"C:\GCMSsolution\Data\Project1\Powers RMBL Data\CDF\GLOB_V587_6232019_20.CDF","7/21/2019 9:04:20 PM","7/21/2019 9:04:23 PM","18674040","2DYHPD2\User"
"C:\GCMSsolution\Data\Project1\Powers RMBL Data\CDF\GLOB_V588_6232019_21.CDF","7/21/2019 9:04:17 PM","7/21/2019 9:04:20 PM","18674172","2DYHPD2\User"
"C:\GCMSsolution\Data\Project1\Powers RMBL Data\CDF\GLOB_V589_6242019_02.CDF","7/21/2019 9:04:07 PM","7/21/2019 9:04:10 PM","18674100","2DYHPD2\User"
"C:\GCMSsolution\Data\Project1\Powers RMBL Data\CDF\GLOB_V593_6242019_03.CDF","7/21/2019 9:04:03 PM","7/21/2019 9:04:07 PM","18674244","2DYHPD2\User"
"C:\GCMSsolution\Data\Project1\Powers RMBL Data\CDF\GLOB_V594_6242019_04.CDF","7/21/2019 9:04:00 PM","7/21/2019 9:04:03 PM","18674232","2DYHPD2\User"
"C:\GCMSsolution\Data\Project1\Powers RMBL Data\CDF\GLOB_V598_6242019_05.CDF","7/21/2019 9:03:57 PM","7/21/2019 9:04:00 PM","18674256","2DYHPD2\User"
"C:\GCMSsolution\Data\Project1\Powers RMBL Data\CDF\GLOB_V599_6242019_06.CDF","7/21/2019 9:03:54 PM","7/21/2019 9:03:57 PM","18674184","2DYHPD2\User"
"C:\GCMSsolution\Data\Project1\Powers RMBL Data\CDF\GLOB_V600_6242019_07.CDF","7/21/2019 9:03:50 PM","7/21/2019 9:03:53 PM","18674328","2DYHPD2\User"
"C:\GCMSsolution\Data\Project1\Powers RMBL Data\CDF\GLOB_V606_6242019_08.CDF","7/21/2019 9:03:47 PM","7/21/2019 9:03:50 PM","18674352","2DYHPD2\User"
"C:\GCMSsolution\Data\Project1\Powers RMBL Data\CDF\GLOB_V607_6242019_09.CDF","7/21/2019 9:03:44 PM","7/21/2019 9:03:47 PM","18674280","2DYHPD2\User"
"C:\GCMSsolution\Data\Project1\Powers RMBL Data\CDF\GLOB_V608_6242019_10.CDF","7/21/2019 9:03:41 PM","7/21/2019 9:03:44 PM","18674352","2DYHPD2\User"
"C:\GCMSsolution\Data\Project1\Powers RMBL Data\CDF\GLOB_V609_6242019_12.CDF","7/21/2019 9:03:34 PM","7/21/2019 9:03:37 PM","18674268","2DYHPD2\User"
"C:\GCMSsolution\Data\Project1\Powers RMBL Data\CDF\GLOB_V610_6242019_13.CDF","7/21/2019 9:03:31 PM","7/21/2019 9:03:34 PM","18674328","2DYHPD2\User"
"C:\GCMSsolution\Data\Project1\Powers RMBL Data\CDF\GLOB_V612_6242019_14.CDF","7/21/2019 9:03:27 PM","7/21/2019 9:03:30 PM","18674448","2DYHPD2\User"
"C:\GCMSsolution\Data\Project1\Powers RMBL Data\CDF\GLOB_V613_6242019_15.CDF","7/21/2019 9:03:24 PM","7/21/2019 9:03:27 PM","18674412","2DYHPD2\User"
"C:\GCMSsolution\Data\Project1\Powers RMBL Data\CDF\GLOB_V614_6242019_16.CDF","7/21/2019 9:03:21 PM","7/21/2019 9:03:24 PM","18674364","2DYHPD2\User"
"C:\GCMSsolution\Data\Project1\Powers RMBL Data\CDF\GLOB_V617_6242019_17.CDF","7/21/2019 9:03:18 PM","7/21/2019 9:03:21 PM","18674388","2DYHPD2\User"
"C:\GCMSsolution\Data\Project1\Powers RMBL Data\CDF\GLOB_V617_6252019_02.CDF","7/21/2019 9:01:46 PM","7/21/2019 9:01:49 PM","18674280","2DYHPD2\User"
"C:\GCMSsolution\Data\Project1\Powers RMBL Data\CDF\GLOB_V643_6242019_18.CDF","7/21/2019 9:03:14 PM","7/21/2019 9:03:17 PM","18674460","2DYHPD2\User"
"C:\GCMSsolution\Data\Project1\Powers RMBL Data\CDF\GLOB_V643_6252019_03.CDF","7/21/2019 9:01:42 PM","7/21/2019 9:01:46 PM","18674496","2DYHPD2\User"
"C:\GCMSsolution\Data\Project1\Powers RMBL Data\CDF\GLOB_V646_6242019_19.CDF","7/21/2019 9:03:11 PM","7/21/2019 9:03:14 PM","18674364","2DYHPD2\User"
"C:\GCMSsolution\Data\Project1\Powers RMBL Data\CDF\GLOB_V646_6252019_04.CDF","7/21/2019 9:01:39 PM","7/21/2019 9:01:42 PM","18674316","2DYHPD2\User"
"C:\GCMSsolution\Data\Project1\Powers RMBL Data\CDF\GLOB_V654_6242019_20.CDF","7/21/2019 9:03:08 PM","7/21/2019 9:03:11 PM","18674388","2DYHPD2\User"
"C:\GCMSsolution\Data\Project1\Powers RMBL Data\CDF\GLOB_V654_6252019_05.CDF","7/21/2019 9:01:36 PM","7/21/2019 9:01:39 PM","18674364","2DYHPD2\User"
"C:\GCMSsolution\Data\Project1\Powers RMBL Data\CDF\GLOB_V655_6242019_21.CDF","7/21/2019 9:03:04 PM","7/21/2019 9:03:08 PM","18674352","2DYHPD2\User"
"C:\GCMSsolution\Data\Project1\Powers RMBL Data\CDF\GLOB_V655_6252019_06.CDF","7/21/2019 9:01:32 PM","7/21/2019 9:01:36 PM","18674400","2DYHPD2\User"
"C:\GCMSsolution\Data\Project1\Powers RMBL Data\CDF\GLOB_V663_6242019_04.CDF","7/21/2019 9:02:48 PM","7/21/2019 9:02:51 PM","18674388","2DYHPD2\User"
"C:\GCMSsolution\Data\Project1\Powers RMBL Data\CDF\GLOB_V664_6242019_05.CDF","7/21/2019 9:02:45 PM","7/21/2019 9:02:48 PM","18674256","2DYHPD2\User"
"C:\GCMSsolution\Data\Project1\Powers RMBL Data\CDF\GLOB_V665_6242019_06.CDF","7/21/2019 9:02:42 PM","7/21/2019 9:02:45 PM","18673872","2DYHPD2\User"
"C:\GCMSsolution\Data\Project1\Powers RMBL Data\CDF\GLOB_V666_6242019_07.CDF","7/21/2019 9:02:38 PM","7/21/2019 9:02:42 PM","18674208","2DYHPD2\User"
"C:\GCMSsolution\Data\Project1\Powers RMBL Data\CDF\GLOB_V667_6242019_08.CDF","7/21/2019 9:02:35 PM","7/21/2019 9:02:38 PM","18673992","2DYHPD2\User"
"C:\GCMSsolution\Data\Project1\Powers RMBL Data\CDF\GLOB_V668_6242019_09.CDF","7/21/2019 9:02:32 PM","7/21/2019 9:02:35 PM","18674064","2DYHPD2\User"
"C:\GCMSsolution\Data\Project1\Powers RMBL Data\CDF\GLOB_V669_6242019_10.CDF","7/21/2019 9:02:29 PM","7/21/2019 9:02:32 PM","18674208","2DYHPD2\User"
"C:\GCMSsolution\Data\Project1\Powers RMBL Data\CDF\GLOB_V671_6242019_12.CDF","7/21/2019 9:02:22 PM","7/21/2019 9:02:25 PM","18674328","2DYHPD2\User"
"C:\GCMSsolution\Data\Project1\Powers RMBL Data\CDF\GLOB_V672_6242019_13.CDF","7/21/2019 9:02:19 PM","7/21/2019 9:02:22 PM","18674352","2DYHPD2\User"
"C:\GCMSsolution\Data\Project1\Powers RMBL Data\CDF\GLOB_V674_6242019_14.CDF","7/21/2019 9:02:15 PM","7/21/2019 9:02:18 PM","18674124","2DYHPD2\User"
"C:\GCMSsolution\Data\Project1\Powers RMBL Data\CDF\GLOB_V675_6242019_15.CDF","7/21/2019 9:02:12 PM","7/21/2019 9:02:15 PM","18674256","2DYHPD2\User"
"C:\GCMSsolution\Data\Project1\Powers RMBL Data\CDF\GLOB_V676_6242019_16.CDF","7/21/2019 9:02:09 PM","7/21/2019 9:02:12 PM","18674124","2DYHPD2\User"
"C:\GCMSsolution\Data\Project1\Powers RMBL Data\CDF\GLOB_V677_6242019_17.CDF","7/21/2019 9:02:05 PM","7/21/2019 9:02:09 PM","18673956","2DYHPD2\User"
"C:\GCMSsolution\Data\Project1\Powers RMBL Data\CDF\GLOB_V679_6242019_18.CDF","7/21/2019 9:02:02 PM","7/21/2019 9:02:05 PM","18674304","2DYHPD2\User"
"C:\GCMSsolution\Data\Project1\Powers RMBL Data\CDF\GLOB_V680_6242019_19.CDF","7/21/2019 9:01:59 PM","7/21/2019 9:02:02 PM","18674292","2DYHPD2\User"
"C:\GCMSsolution\Data\Project1\Powers RMBL Data\CDF\GLOB_V681_6242019_20.CDF","7/21/2019 9:01:56 PM","7/21/2019 9:01:59 PM","18674052","2DYHPD2\User"
"C:\GCMSsolution\Data\Project1\Powers RMBL Data\CDF\GLOB_V682_6242019_21.CDF","7/21/2019 9:01:52 PM","7/21/2019 9:01:56 PM","18674328","2DYHPD2\User"
"C:\GCMSsolution\Data\Project1\Powers RMBL Data\CDF\GLOB_V682_6252019_21.CDF","7/21/2019 9:00:43 PM","7/21/2019 9:00:46 PM","18674160","2DYHPD2\User"
"C:\GCMSsolution\Data\Project1\Powers RMBL Data\CDF\KAHO_V27_6202019_02.CDF","6/21/2019 10:57:07 AM","6/21/2019 10:57:10 AM","18674540","2DYHPD2\User"
"C:\GCMSsolution\Data\Project1\Powers RMBL Data\CDF\KAHO_V27_6202019_02~01.CDF","6/22/2019 12:00:28 PM","6/22/2019 12:00:31 PM","18674540","2DYHPD2\User"
"C:\GCMSsolution\Data\Project1\Powers RMBL Data\CDF\KAHO_V27_6202019_02~02.CDF","7/21/2019 9:09:13 PM","7/21/2019 9:09:17 PM","18674540","2DYHPD2\User"
"C:\GCMSsolution\Data\Project1\Powers RMBL Data\CDF\SCH_V1_7102019_08.CDF","7/21/2019 10:30:19 PM","7/21/2019 10:30:22 PM","18673932","2DYHPD2\User"
"C:\GCMSsolution\Data\Project1\Powers RMBL Data\CDF\SCH_V111_6262019_20.CDF","7/21/2019 8:58:34 PM","7/21/2019 8:58:37 PM","18674392","2DYHPD2\User"
"C:\GCMSsolution\Data\Project1\Powers RMBL Data\CDF\SCH_V112_6262019_21.CDF","7/21/2019 8:58:31 PM","7/21/2019 8:58:34 PM","18674308","2DYHPD2\User"
"C:\GCMSsolution\Data\Project1\Powers RMBL Data\CDF\SCH_V118_6262019_14.CDF","7/21/2019 8:58:54 PM","7/21/2019 8:58:57 PM","18674404","2DYHPD2\User"
"C:\GCMSsolution\Data\Project1\Powers RMBL Data\CDF\SCH_V119_6262019_15.CDF","7/21/2019 8:58:50 PM","7/21/2019 8:58:54 PM","18674212","2DYHPD2\User"
"C:\GCMSsolution\Data\Project1\Powers RMBL Data\CDF\SCH_V120_6262019_16.CDF","7/21/2019 8:58:47 PM","7/21/2019 8:58:50 PM","18674200","2DYHPD2\User"
"C:\GCMSsolution\Data\Project1\Powers RMBL Data\CDF\SCH_V121_6262019_17.CDF","7/21/2019 8:58:44 PM","7/21/2019 8:58:47 PM","18674344","2DYHPD2\User"
"C:\GCMSsolution\Data\Project1\Powers RMBL Data\CDF\SCH_V122_6262019_18.CDF","7/21/2019 8:58:41 PM","7/21/2019 8:58:44 PM","18674176","2DYHPD2\User"
"C:\GCMSsolution\Data\Project1\Powers RMBL Data\CDF\SCH_V123_6262019_19.CDF","7/21/2019 8:58:37 PM","7/21/2019 8:58:41 PM","18674320","2DYHPD2\User"
"C:\GCMSsolution\Data\Project1\Powers RMBL Data\CDF\SCH_V154_6252019_02.CDF","7/21/2019 9:00:36 PM","7/21/2019 9:00:39 PM","18673696","2DYHPD2\User"
"C:\GCMSsolution\Data\Project1\Powers RMBL Data\CDF\SCH_V155_6252019_03.CDF","7/21/2019 9:00:33 PM","7/21/2019 9:00:36 PM","18673612","2DYHPD2\User"
"C:\GCMSsolution\Data\Project1\Powers RMBL Data\CDF\SCH_V159_6252019_04.CDF","7/21/2019 9:00:29 PM","7/21/2019 9:00:32 PM","18673636","2DYHPD2\User"
"C:\GCMSsolution\Data\Project1\Powers RMBL Data\CDF\SCH_V160_6252019_05.CDF","7/21/2019 9:00:26 PM","7/21/2019 9:00:29 PM","18673348","2DYHPD2\User"
"C:\GCMSsolution\Data\Project1\Powers RMBL Data\CDF\SCH_V161_6252019_06.CDF","7/21/2019 9:00:23 PM","7/21/2019 9:00:26 PM","18673444","2DYHPD2\User"
"C:\GCMSsolution\Data\Project1\Powers RMBL Data\CDF\SCH_V162_6252019_07.CDF","7/21/2019 9:00:19 PM","7/21/2019 9:00:23 PM","18673084","2DYHPD2\User"
"C:\GCMSsolution\Data\Project1\Powers RMBL Data\CDF\SCH_V163_6252019_08.CDF","7/21/2019 9:00:16 PM","7/21/2019 9:00:19 PM","18673456","2DYHPD2\User"
"C:\GCMSsolution\Data\Project1\Powers RMBL Data\CDF\SCH_V164_6252019_09.CDF","7/21/2019 9:00:13 PM","7/21/2019 9:00:16 PM","18673120","2DYHPD2\User"
"C:\GCMSsolution\Data\Project1\Powers RMBL Data\CDF\SCH_V165_6252019_10.CDF","7/21/2019 9:00:10 PM","7/21/2019 9:00:13 PM","18672700","2DYHPD2\User"
"C:\GCMSsolution\Data\Project1\Powers RMBL Data\CDF\SCH_V166_6252019_12.CDF","7/21/2019 9:00:03 PM","7/21/2019 9:00:06 PM","18673108","2DYHPD2\User"
"C:\GCMSsolution\Data\Project1\Powers RMBL Data\CDF\SCH_V167_6252019_13.CDF","7/21/2019 9:00:00 PM","7/21/2019 9:00:03 PM","18672940","2DYHPD2\User"
"C:\GCMSsolution\Data\Project1\Powers RMBL Data\CDF\SCH_V168_6252019_14.CDF","7/21/2019 8:59:56 PM","7/21/2019 8:59:59 PM","18673192","2DYHPD2\User"
"C:\GCMSsolution\Data\Project1\Powers RMBL Data\CDF\SCH_V169_6252019_15.CDF","7/21/2019 8:59:53 PM","7/21/2019 8:59:56 PM","18673420","2DYHPD2\User"
"C:\GCMSsolution\Data\Project1\Powers RMBL Data\CDF\SCH_V170_6252019_16.CDF","7/21/2019 8:59:50 PM","7/21/2019 8:59:53 PM","18673636","2DYHPD2\User"
"C:\GCMSsolution\Data\Project1\Powers RMBL Data\CDF\SCH_V171_6252019_17.CDF","7/21/2019 8:59:46 PM","7/21/2019 8:59:50 PM","18673372","2DYHPD2\User"
"C:\GCMSsolution\Data\Project1\Powers RMBL Data\CDF\SCH_V187_6252019_18.CDF","7/21/2019 8:59:43 PM","7/21/2019 8:59:46 PM","18673420","2DYHPD2\User"
"C:\GCMSsolution\Data\Project1\Powers RMBL Data\CDF\SCH_V188_6252019_19.CDF","7/21/2019 8:59:40 PM","7/21/2019 8:59:43 PM","18673348","2DYHPD2\User"
"C:\GCMSsolution\Data\Project1\Powers RMBL Data\CDF\SCH_V189_6262019_02.CDF","7/21/2019 8:59:33 PM","7/21/2019 8:59:36 PM","18674272","2DYHPD2\User"
"C:\GCMSsolution\Data\Project1\Powers RMBL Data\CDF\SCH_V190_6262019_03.CDF","7/21/2019 8:59:30 PM","7/21/2019 8:59:33 PM","18674368","2DYHPD2\User"
"C:\GCMSsolution\Data\Project1\Powers RMBL Data\CDF\SCH_V191_6262019_04.CDF","7/21/2019 8:59:27 PM","7/21/2019 8:59:30 PM","18674308","2DYHPD2\User"
"C:\GCMSsolution\Data\Project1\Powers RMBL Data\CDF\SCH_V192_6262019_05.CDF","7/21/2019 8:59:23 PM","7/21/2019 8:59:27 PM","18674272","2DYHPD2\User"
"C:\GCMSsolution\Data\Project1\Powers RMBL Data\CDF\SCH_V193_6262019_06.CDF","7/21/2019 8:59:20 PM","7/21/2019 8:59:23 PM","18674116","2DYHPD2\User"
"C:\GCMSsolution\Data\Project1\Powers RMBL Data\CDF\SCH_V194_6262019_07.CDF","7/21/2019 8:59:17 PM","7/21/2019 8:59:20 PM","18674416","2DYHPD2\User"
"C:\GCMSsolution\Data\Project1\Powers RMBL Data\CDF\SCH_V195_6262019_08.CDF","7/21/2019 8:59:13 PM","7/21/2019 8:59:17 PM","18674368","2DYHPD2\User"
"C:\GCMSsolution\Data\Project1\Powers RMBL Data\CDF\SCH_V196_6262019_09.CDF","7/21/2019 8:59:10 PM","7/21/2019 8:59:13 PM","18674464","2DYHPD2\User"
"C:\GCMSsolution\Data\Project1\Powers RMBL Data\CDF\SCH_V197_6262019_10.CDF","7/21/2019 8:59:07 PM","7/21/2019 8:59:10 PM","18674452","2DYHPD2\User"
"C:\GCMSsolution\Data\Project1\Powers RMBL Data\CDF\SCH_V198_6262019_12.CDF","7/21/2019 8:59:00 PM","7/21/2019 8:59:03 PM","18674356","2DYHPD2\User"
"C:\GCMSsolution\Data\Project1\Powers RMBL Data\CDF\SCH_V199_6262019_13.CDF","7/21/2019 8:58:57 PM","7/21/2019 8:59:00 PM","18674356","2DYHPD2\User"
"C:\GCMSsolution\Data\Project1\Powers RMBL Data\CDF\SCH_V2_7102019_09.CDF","7/21/2019 10:30:15 PM","7/21/2019 10:30:18 PM","18673980","2DYHPD2\User"
"C:\GCMSsolution\Data\Project1\Powers RMBL Data\CDF\SCH_V200_6262019_02.CDF","7/21/2019 8:58:24 PM","7/21/2019 8:58:27 PM","18674308","2DYHPD2\User"
"C:\GCMSsolution\Data\Project1\Powers RMBL Data\CDF\SCH_V201_6262019_03.CDF","7/21/2019 8:58:21 PM","7/21/2019 8:58:24 PM","18674308","2DYHPD2\User"
"C:\GCMSsolution\Data\Project1\Powers RMBL Data\CDF\SCH_V202_6262019_04.CDF","7/21/2019 8:58:18 PM","7/21/2019 8:58:21 PM","18674344","2DYHPD2\User"
"C:\GCMSsolution\Data\Project1\Powers RMBL Data\CDF\SCH_V203_6262019_05.CDF","7/21/2019 8:58:15 PM","7/21/2019 8:58:18 PM","18674452","2DYHPD2\User"
"C:\GCMSsolution\Data\Project1\Powers RMBL Data\CDF\SCH_V204_6262019_06.CDF","7/21/2019 8:58:11 PM","7/21/2019 8:58:14 PM","18674200","2DYHPD2\User"
"C:\GCMSsolution\Data\Project1\Powers RMBL Data\CDF\SCH_V205_6262019_07.CDF","7/21/2019 8:58:08 PM","7/21/2019 8:58:11 PM","18674296","2DYHPD2\User"
"C:\GCMSsolution\Data\Project1\Powers RMBL Data\CDF\SCH_V206_6262019_08.CDF","7/21/2019 8:58:05 PM","7/21/2019 8:58:08 PM","18674428","2DYHPD2\User"
"C:\GCMSsolution\Data\Project1\Powers RMBL Data\CDF\SCH_V207_6262019_09.CDF","7/21/2019 8:58:02 PM","7/21/2019 8:58:05 PM","18674356","2DYHPD2\User"
"C:\GCMSsolution\Data\Project1\Powers RMBL Data\CDF\SCH_V208_6262019_10.CDF","7/21/2019 8:57:58 PM","7/21/2019 8:58:01 PM","18674416","2DYHPD2\User"
"C:\GCMSsolution\Data\Project1\Powers RMBL Data\CDF\SCH_V209_6262019_12.CDF","7/21/2019 8:57:52 PM","7/21/2019 8:57:55 PM","18674464","2DYHPD2\User"
"C:\GCMSsolution\Data\Project1\Powers RMBL Data\CDF\SCH_V210_6262019_13.CDF","7/21/2019 8:57:48 PM","7/21/2019 8:57:52 PM","18674428","2DYHPD2\User"
"C:\GCMSsolution\Data\Project1\Powers RMBL Data\CDF\SCH_V211_6262019_14.CDF","7/21/2019 8:57:45 PM","7/21/2019 8:57:48 PM","18674440","2DYHPD2\User"
"C:\GCMSsolution\Data\Project1\Powers RMBL Data\CDF\SCH_V212_6262019_15.CDF","7/21/2019 8:57:42 PM","7/21/2019 8:57:45 PM","18674272","2DYHPD2\User"
"C:\GCMSsolution\Data\Project1\Powers RMBL Data\CDF\SCH_V213_6262019_16.CDF","7/21/2019 8:57:39 PM","7/21/2019 8:57:42 PM","18674416","2DYHPD2\User"
"C:\GCMSsolution\Data\Project1\Powers RMBL Data\CDF\SCH_V214_6262019_17.CDF","7/21/2019 8:57:35 PM","7/21/2019 8:57:39 PM","18674284","2DYHPD2\User"
"C:\GCMSsolution\Data\Project1\Powers RMBL Data\CDF\SCH_V215_6262019_18.CDF","7/21/2019 8:57:32 PM","7/21/2019 8:57:35 PM","18674452","2DYHPD2\User"
"C:\GCMSsolution\Data\Project1\Powers RMBL Data\CDF\SCH_V216_6262019_19.CDF","7/21/2019 8:57:29 PM","7/21/2019 8:57:32 PM","18674356","2DYHPD2\User"
"C:\GCMSsolution\Data\Project1\Powers RMBL Data\CDF\SCH_V217_6262019_20.CDF","7/21/2019 8:57:26 PM","7/21/2019 8:57:29 PM","18674416","2DYHPD2\User"
"C:\GCMSsolution\Data\Project1\Powers RMBL Data\CDF\SCH_V218_6262019_21.CDF","7/21/2019 8:57:22 PM","7/21/2019 8:57:25 PM","18674416","2DYHPD2\User"
"C:\GCMSsolution\Data\Project1\Powers RMBL Data\CDF\SCH_V219_6272019_02.CDF","7/21/2019 8:57:15 PM","7/21/2019 8:57:18 PM","18674476","2DYHPD2\User"
"C:\GCMSsolution\Data\Project1\Powers RMBL Data\CDF\SCH_V220_6272019_03.CDF","7/21/2019 8:57:12 PM","7/21/2019 8:57:15 PM","18674356","2DYHPD2\User"
"C:\GCMSsolution\Data\Project1\Powers RMBL Data\CDF\SCH_V221_6272019_04.CDF","7/21/2019 8:57:09 PM","7/21/2019 8:57:12 PM","18674440","2DYHPD2\User"
"C:\GCMSsolution\Data\Project1\Powers RMBL Data\CDF\SCH_V222_6272019_05.CDF","7/21/2019 8:57:05 PM","7/21/2019 8:57:09 PM","18674416","2DYHPD2\User"
"C:\GCMSsolution\Data\Project1\Powers RMBL Data\CDF\SCH_V223_6272019_06.CDF","7/21/2019 8:57:02 PM","7/21/2019 8:57:05 PM","18674500","2DYHPD2\User"
"C:\GCMSsolution\Data\Project1\Powers RMBL Data\CDF\SCH_V224_6272019_07.CDF","7/21/2019 8:56:59 PM","7/21/2019 8:57:02 PM","18673252","2DYHPD2\User"
"C:\GCMSsolution\Data\Project1\Powers RMBL Data\CDF\SCH_V225_6272019_08.CDF","7/21/2019 8:56:56 PM","7/21/2019 8:56:59 PM","18674464","2DYHPD2\User"
"C:\GCMSsolution\Data\Project1\Powers RMBL Data\CDF\SCH_V226_6272019_09.CDF","7/21/2019 8:56:53 PM","7/21/2019 8:56:56 PM","18674560","2DYHPD2\User"
"C:\GCMSsolution\Data\Project1\Powers RMBL Data\CDF\SCH_V227_6272019_10.CDF","7/21/2019 8:56:49 PM","7/21/2019 8:56:53 PM","18674548","2DYHPD2\User"
"C:\GCMSsolution\Data\Project1\Powers RMBL Data\CDF\SCH_V228_6272019_12.CDF","7/21/2019 8:56:43 PM","7/21/2019 8:56:46 PM","18674464","2DYHPD2\User"
"C:\GCMSsolution\Data\Project1\Powers RMBL Data\CDF\SCH_V229_6272019_13.CDF","7/21/2019 8:56:40 PM","7/21/2019 8:56:43 PM","18674572","2DYHPD2\User"
"C:\GCMSsolution\Data\Project1\Powers RMBL Data\CDF\SCH_V230_6272019_14.CDF","7/21/2019 8:56:36 PM","7/21/2019 8:56:40 PM","18674488","2DYHPD2\User"
"C:\GCMSsolution\Data\Project1\Powers RMBL Data\CDF\SCH_V231_6272019_15.CDF","7/21/2019 8:56:33 PM","7/21/2019 8:56:36 PM","18674476","2DYHPD2\User"
"C:\GCMSsolution\Data\Project1\Powers RMBL Data\CDF\SCH_V232_6272019_16.CDF","7/21/2019 8:56:30 PM","7/21/2019 8:56:33 PM","18674476","2DYHPD2\User"
"C:\GCMSsolution\Data\Project1\Powers RMBL Data\CDF\SCH_V233_6272019_17.CDF","7/21/2019 8:56:27 PM","7/21/2019 8:56:30 PM","18674428","2DYHPD2\User"
"C:\GCMSsolution\Data\Project1\Powers RMBL Data\CDF\SCH_V234_6272019_18.CDF","7/21/2019 8:56:23 PM","7/21/2019 8:56:26 PM","18674380","2DYHPD2\User"
"C:\GCMSsolution\Data\Project1\Powers RMBL Data\CDF\SCH_V235_6272019_19.CDF","7/21/2019 8:56:20 PM","7/21/2019 8:56:23 PM","18674488","2DYHPD2\User"
"C:\GCMSsolution\Data\Project1\Powers RMBL Data\CDF\SCH_V236_6272019_20.CDF","7/21/2019 8:56:17 PM","7/21/2019 8:56:20 PM","18674404","2DYHPD2\User"
"C:\GCMSsolution\Data\Project1\Powers RMBL Data\CDF\SCH_V237_6272019_21.CDF","7/21/2019 8:55:08 PM","7/21/2019 8:55:11 PM","18674404","2DYHPD2\User"
"C:\GCMSsolution\Data\Project1\Powers RMBL Data\CDF\SCH_V238_6272019_02.CDF","7/21/2019 8:56:10 PM","7/21/2019 8:56:13 PM","18674488","2DYHPD2\User"
"C:\GCMSsolution\Data\Project1\Powers RMBL Data\CDF\SCH_V239_6272019_03.CDF","7/21/2019 8:56:07 PM","7/21/2019 8:56:10 PM","18674404","2DYHPD2\User"
"C:\GCMSsolution\Data\Project1\Powers RMBL Data\CDF\SCH_V240_6272019_04.CDF","7/21/2019 8:56:04 PM","7/21/2019 8:56:07 PM","18674380","2DYHPD2\User"
"C:\GCMSsolution\Data\Project1\Powers RMBL Data\CDF\SCH_V241_6272019_05.CDF","7/21/2019 8:56:00 PM","7/21/2019 8:56:03 PM","18674428","2DYHPD2\User"
"C:\GCMSsolution\Data\Project1\Powers RMBL Data\CDF\SCH_V242_6272019_06.CDF","7/21/2019 8:55:57 PM","7/21/2019 8:56:00 PM","18674428","2DYHPD2\User"
"C:\GCMSsolution\Data\Project1\Powers RMBL Data\CDF\SCH_V243_6272019_07.CDF","7/21/2019 8:55:54 PM","7/21/2019 8:55:57 PM","18674296","2DYHPD2\User"
"C:\GCMSsolution\Data\Project1\Powers RMBL Data\CDF\SCH_V244_6272019_08.CDF","7/21/2019 8:55:51 PM","7/21/2019 8:55:54 PM","18674536","2DYHPD2\User"
"C:\GCMSsolution\Data\Project1\Powers RMBL Data\CDF\SCH_V245_6272019_09.CDF","7/21/2019 8:55:47 PM","7/21/2019 8:55:51 PM","18674272","2DYHPD2\User"
"C:\GCMSsolution\Data\Project1\Powers RMBL Data\CDF\SCH_V246_6272019_10.CDF","7/21/2019 8:55:44 PM","7/21/2019 8:55:47 PM","18674500","2DYHPD2\User"
"C:\GCMSsolution\Data\Project1\Powers RMBL Data\CDF\SCH_V247_6272019_12.CDF","7/21/2019 8:55:38 PM","7/21/2019 8:55:41 PM","18674320","2DYHPD2\User"
"C:\GCMSsolution\Data\Project1\Powers RMBL Data\CDF\SCH_V247_6282019_12.CDF","7/21/2019 8:54:26 PM","7/21/2019 8:54:29 PM","18674440","2DYHPD2\User"
"C:\GCMSsolution\Data\Project1\Powers RMBL Data\CDF\SCH_V248_6272019_13.CDF","7/21/2019 8:55:34 PM","7/21/2019 8:55:38 PM","18674452","2DYHPD2\User"
"C:\GCMSsolution\Data\Project1\Powers RMBL Data\CDF\SCH_V249_6272019_14.CDF","7/21/2019 8:55:31 PM","7/21/2019 8:55:34 PM","18674356","2DYHPD2\User"
"C:\GCMSsolution\Data\Project1\Powers RMBL Data\CDF\SCH_V250_6272019_15.CDF","7/21/2019 8:55:28 PM","7/21/2019 8:55:31 PM","18674452","2DYHPD2\User"
"C:\GCMSsolution\Data\Project1\Powers RMBL Data\CDF\SCH_V251_6272019_16.CDF","7/21/2019 8:55:25 PM","7/21/2019 8:55:28 PM","18674440","2DYHPD2\User"
"C:\GCMSsolution\Data\Project1\Powers RMBL Data\CDF\SCH_V252_6272019_17.CDF","7/21/2019 8:55:21 PM","7/21/2019 8:55:24 PM","18674512","2DYHPD2\User"
"C:\GCMSsolution\Data\Project1\Powers RMBL Data\CDF\SCH_V253_6272019_18.CDF","7/21/2019 8:55:18 PM","7/21/2019 8:55:21 PM","18674468","2DYHPD2\User"
"C:\GCMSsolution\Data\Project1\Powers RMBL Data\CDF\SCH_V254_6272019_19.CDF","7/21/2019 8:55:15 PM","7/21/2019 8:55:18 PM","18674420","2DYHPD2\User"
"C:\GCMSsolution\Data\Project1\Powers RMBL Data\CDF\SCH_V255_6272019_20.CDF","7/21/2019 8:55:12 PM","7/21/2019 8:55:15 PM","18674308","2DYHPD2\User"
"C:\GCMSsolution\Data\Project1\Powers RMBL Data\CDF\SCH_V256_6282019_02.CDF","7/21/2019 8:54:58 PM","7/21/2019 8:55:02 PM","18674488","2DYHPD2\User"
"C:\GCMSsolution\Data\Project1\Powers RMBL Data\CDF\SCH_V257_6282019_03.CDF","7/21/2019 8:54:55 PM","7/21/2019 8:54:58 PM","18674452","2DYHPD2\User"
"C:\GCMSsolution\Data\Project1\Powers RMBL Data\CDF\SCH_V258_6282019_04.CDF","7/21/2019 8:54:52 PM","7/21/2019 8:54:55 PM","18674284","2DYHPD2\User"
"C:\GCMSsolution\Data\Project1\Powers RMBL Data\CDF\SCH_V260_6282019_05.CDF","7/21/2019 8:54:49 PM","7/21/2019 8:54:52 PM","18674452","2DYHPD2\User"
"C:\GCMSsolution\Data\Project1\Powers RMBL Data\CDF\SCH_V261_6282019_06.CDF","7/21/2019 8:54:45 PM","7/21/2019 8:54:49 PM","18674452","2DYHPD2\User"
"C:\GCMSsolution\Data\Project1\Powers RMBL Data\CDF\SCH_V262_6282019_07.CDF","7/21/2019 8:54:42 PM","7/21/2019 8:54:45 PM","18674500","2DYHPD2\User"
"C:\GCMSsolution\Data\Project1\Powers RMBL Data\CDF\SCH_V263_6282019_08.CDF","7/21/2019 8:54:39 PM","7/21/2019 8:54:42 PM","18674548","2DYHPD2\User"
"C:\GCMSsolution\Data\Project1\Powers RMBL Data\CDF\SCH_V265_6282019_09.CDF","7/21/2019 8:54:36 PM","7/21/2019 8:54:39 PM","18674332","2DYHPD2\User"
"C:\GCMSsolution\Data\Project1\Powers RMBL Data\CDF\SCH_V266_6282019_10.CDF","7/21/2019 8:54:33 PM","7/21/2019 8:54:36 PM","18674500","2DYHPD2\User"
"C:\GCMSsolution\Data\Project1\Powers RMBL Data\CDF\SCH_V267_6282019_13.CDF","7/21/2019 8:54:23 PM","7/21/2019 8:54:26 PM","18674332","2DYHPD2\User"
"C:\GCMSsolution\Data\Project1\Powers RMBL Data\CDF\SCH_V268_6282019_14.CDF","7/21/2019 8:54:19 PM","7/21/2019 8:54:23 PM","18674452","2DYHPD2\User"
"C:\GCMSsolution\Data\Project1\Powers RMBL Data\CDF\SCH_V269_6282019_15.CDF","7/21/2019 8:54:16 PM","7/21/2019 8:54:19 PM","18674392","2DYHPD2\User"
"C:\GCMSsolution\Data\Project1\Powers RMBL Data\CDF\SCH_V270_6282019_16.CDF","7/21/2019 8:54:13 PM","7/21/2019 8:54:16 PM","18674392","2DYHPD2\User"
"C:\GCMSsolution\Data\Project1\Powers RMBL Data\CDF\SCH_V271_6282019_17.CDF","7/21/2019 8:54:09 PM","7/21/2019 8:54:13 PM","18674188","2DYHPD2\User"
"C:\GCMSsolution\Data\Project1\Powers RMBL Data\CDF\SCH_V272_6282019_18.CDF","7/21/2019 8:54:06 PM","7/21/2019 8:54:09 PM","18674260","2DYHPD2\User"
"C:\GCMSsolution\Data\Project1\Powers RMBL Data\CDF\SCH_V273_6282019_19.CDF","7/21/2019 8:54:03 PM","7/21/2019 8:54:06 PM","18674368","2DYHPD2\User"
"C:\GCMSsolution\Data\Project1\Powers RMBL Data\CDF\SCH_V275_6282019_02.CDF","7/21/2019 8:53:56 PM","7/21/2019 8:53:59 PM","18674332","2DYHPD2\User"
"C:\GCMSsolution\Data\Project1\Powers RMBL Data\CDF\SCH_V276_6282019_03.CDF","7/21/2019 8:53:53 PM","7/21/2019 8:53:56 PM","18674104","2DYHPD2\User"
"C:\GCMSsolution\Data\Project1\Powers RMBL Data\CDF\SCH_V277_6282019_04.CDF","7/21/2019 8:53:50 PM","7/21/2019 8:53:53 PM","18674176","2DYHPD2\User"
"C:\GCMSsolution\Data\Project1\Powers RMBL Data\CDF\SCH_V278_6282019_05.CDF","7/21/2019 8:53:46 PM","7/21/2019 8:53:50 PM","18674140","2DYHPD2\User"
"C:\GCMSsolution\Data\Project1\Powers RMBL Data\CDF\SCH_V279_6282019_06.CDF","7/21/2019 8:53:43 PM","7/21/2019 8:53:46 PM","18674224","2DYHPD2\User"
"C:\GCMSsolution\Data\Project1\Powers RMBL Data\CDF\SCH_V280_6282019_07.CDF","7/21/2019 8:53:40 PM","7/21/2019 8:53:43 PM","18674200","2DYHPD2\User"
"C:\GCMSsolution\Data\Project1\Powers RMBL Data\CDF\SCH_V282_6282019_08.CDF","7/21/2019 8:53:37 PM","7/21/2019 8:53:40 PM","18674140","2DYHPD2\User"
"C:\GCMSsolution\Data\Project1\Powers RMBL Data\CDF\SCH_V283_6282019_09.CDF","7/21/2019 8:53:33 PM","7/21/2019 8:53:36 PM","18674260","2DYHPD2\User"
"C:\GCMSsolution\Data\Project1\Powers RMBL Data\CDF\SCH_V284_6282019_10.CDF","7/21/2019 8:53:30 PM","7/21/2019 8:53:33 PM","18674152","2DYHPD2\User"
"C:\GCMSsolution\Data\Project1\Powers RMBL Data\CDF\SCH_V285_6282019_12.CDF","7/21/2019 8:53:24 PM","7/21/2019 8:53:27 PM","18674020","2DYHPD2\User"
"C:\GCMSsolution\Data\Project1\Powers RMBL Data\CDF\SCH_V286_6282019_13.CDF","7/21/2019 8:53:20 PM","7/21/2019 8:53:23 PM","18673948","2DYHPD2\User"
"C:\GCMSsolution\Data\Project1\Powers RMBL Data\CDF\SCH_V287_6282019_14.CDF","7/21/2019 8:53:17 PM","7/21/2019 8:53:20 PM","18673876","2DYHPD2\User"
"C:\GCMSsolution\Data\Project1\Powers RMBL Data\CDF\SCH_V288_6282019_15.CDF","7/21/2019 8:53:14 PM","7/21/2019 8:53:17 PM","18673948","2DYHPD2\User"
"C:\GCMSsolution\Data\Project1\Powers RMBL Data\CDF\SCH_V289_6282019_16.CDF","7/21/2019 8:53:10 PM","7/21/2019 8:53:14 PM","18674020","2DYHPD2\User"
"C:\GCMSsolution\Data\Project1\Powers RMBL Data\CDF\SCH_V290_6292019_02.CDF","7/21/2019 8:53:04 PM","7/21/2019 8:53:07 PM","18674332","2DYHPD2\User"
"C:\GCMSsolution\Data\Project1\Powers RMBL Data\CDF\SCH_V291_6292019_03.CDF","7/21/2019 8:53:01 PM","7/21/2019 8:53:04 PM","18674356","2DYHPD2\User"
"C:\GCMSsolution\Data\Project1\Powers RMBL Data\CDF\SCH_V292_6292019_04.CDF","7/21/2019 8:52:58 PM","7/21/2019 8:53:01 PM","18674284","2DYHPD2\User"
"C:\GCMSsolution\Data\Project1\Powers RMBL Data\CDF\SCH_V293_6292019_05.CDF","7/21/2019 8:52:54 PM","7/21/2019 8:52:57 PM","18674356","2DYHPD2\User"
"C:\GCMSsolution\Data\Project1\Powers RMBL Data\CDF\SCH_V294_6292019_06.CDF","7/21/2019 8:52:51 PM","7/21/2019 8:52:54 PM","18674488","2DYHPD2\User"
"C:\GCMSsolution\Data\Project1\Powers RMBL Data\CDF\SCH_V295_6292019_07.CDF","7/21/2019 8:52:48 PM","7/21/2019 8:52:51 PM","18674464","2DYHPD2\User"
"C:\GCMSsolution\Data\Project1\Powers RMBL Data\CDF\SCH_V296_6292019_08.CDF","7/21/2019 8:52:45 PM","7/21/2019 8:52:48 PM","18674344","2DYHPD2\User"
"C:\GCMSsolution\Data\Project1\Powers RMBL Data\CDF\SCH_V297_6292019_09.CDF","7/21/2019 8:52:41 PM","7/21/2019 8:52:44 PM","18674476","2DYHPD2\User"
"C:\GCMSsolution\Data\Project1\Powers RMBL Data\CDF\SCH_V298_6292019_10.CDF","7/21/2019 8:52:38 PM","7/21/2019 8:52:41 PM","18674560","2DYHPD2\User"
"C:\GCMSsolution\Data\Project1\Powers RMBL Data\CDF\SCH_V299_6292019_12.CDF","7/21/2019 8:52:31 PM","7/21/2019 8:52:35 PM","18674560","2DYHPD2\User"
"C:\GCMSsolution\Data\Project1\Powers RMBL Data\CDF\SCH_V3_7102019_10.CDF","7/21/2019 10:30:12 PM","7/21/2019 10:30:15 PM","18673740","2DYHPD2\User"
"C:\GCMSsolution\Data\Project1\Powers RMBL Data\CDF\SCH_V303_6292019_13.CDF","7/21/2019 8:52:28 PM","7/21/2019 8:52:31 PM","18674524","2DYHPD2\User"
"C:\GCMSsolution\Data\Project1\Powers RMBL Data\CDF\SCH_V304_6292019_14.CDF","7/21/2019 8:52:25 PM","7/21/2019 8:52:28 PM","18674524","2DYHPD2\User"
"C:\GCMSsolution\Data\Project1\Powers RMBL Data\CDF\SCH_V305_6292019_15.CDF","7/21/2019 8:52:22 PM","7/21/2019 8:52:25 PM","18674608","2DYHPD2\User"
"C:\GCMSsolution\Data\Project1\Powers RMBL Data\CDF\SCH_V309_6292019_16.CDF","7/21/2019 8:52:18 PM","7/21/2019 8:52:21 PM","18674536","2DYHPD2\User"
"C:\GCMSsolution\Data\Project1\Powers RMBL Data\CDF\SCH_V310_6292019_17.CDF","7/21/2019 8:52:15 PM","7/21/2019 8:52:18 PM","18674596","2DYHPD2\User"
"C:\GCMSsolution\Data\Project1\Powers RMBL Data\CDF\SCH_V311_6292019_18.CDF","7/21/2019 8:51:16 PM","7/21/2019 8:51:19 PM","18674464","2DYHPD2\User"
"C:\GCMSsolution\Data\Project1\Powers RMBL Data\CDF\SCH_V317_6292019_19.CDF","7/21/2019 8:51:13 PM","7/21/2019 8:51:16 PM","18674560","2DYHPD2\User"
"C:\GCMSsolution\Data\Project1\Powers RMBL Data\CDF\SCH_V318_6292019_20.CDF","7/21/2019 8:51:09 PM","7/21/2019 8:51:13 PM","18674560","2DYHPD2\User"
"C:\GCMSsolution\Data\Project1\Powers RMBL Data\CDF\SCH_V318_712019_12.CDF","7/21/2019 8:47:45 PM","7/21/2019 8:47:48 PM","18674584","2DYHPD2\User"
"C:\GCMSsolution\Data\Project1\Powers RMBL Data\CDF\SCH_V319_6292019_21.CDF","7/21/2019 8:51:06 PM","7/21/2019 8:51:09 PM","18674668","2DYHPD2\User"
"C:\GCMSsolution\Data\Project1\Powers RMBL Data\CDF\SCH_V320_6292019_02.CDF","7/21/2019 8:52:08 PM","7/21/2019 8:52:12 PM","18674596","2DYHPD2\User"
"C:\GCMSsolution\Data\Project1\Powers RMBL Data\CDF\SCH_V321_6292019_03.CDF","7/21/2019 8:52:05 PM","7/21/2019 8:52:08 PM","18674560","2DYHPD2\User"
"C:\GCMSsolution\Data\Project1\Powers RMBL Data\CDF\SCH_V322_6292019_04.CDF","7/21/2019 8:52:02 PM","7/21/2019 8:52:05 PM","18674608","2DYHPD2\User"
"C:\GCMSsolution\Data\Project1\Powers RMBL Data\CDF\SCH_V322_712019_10.CDF","7/21/2019 8:47:52 PM","7/21/2019 8:47:55 PM","18674764","2DYHPD2\User"
"C:\GCMSsolution\Data\Project1\Powers RMBL Data\CDF\SCH_V323_6292019_05.CDF","7/21/2019 8:51:59 PM","7/21/2019 8:52:02 PM","18674488","2DYHPD2\User"
"C:\GCMSsolution\Data\Project1\Powers RMBL Data\CDF\SCH_V324_6292019_06.CDF","7/21/2019 8:51:55 PM","7/21/2019 8:51:59 PM","18674596","2DYHPD2\User"
"C:\GCMSsolution\Data\Project1\Powers RMBL Data\CDF\SCH_V325_6292019_07.CDF","7/21/2019 8:51:52 PM","7/21/2019 8:51:55 PM","18674668","2DYHPD2\User"
"C:\GCMSsolution\Data\Project1\Powers RMBL Data\CDF\SCH_V326_6292019_08.CDF","7/21/2019 8:51:49 PM","7/21/2019 8:51:52 PM","18674620","2DYHPD2\User"
"C:\GCMSsolution\Data\Project1\Powers RMBL Data\CDF\SCH_V327_6292019_09.CDF","7/21/2019 8:51:45 PM","7/21/2019 8:51:49 PM","18674488","2DYHPD2\User"
"C:\GCMSsolution\Data\Project1\Powers RMBL Data\CDF\SCH_V328_6292019_10.CDF","7/21/2019 8:51:42 PM","7/21/2019 8:51:45 PM","18674500","2DYHPD2\User"
"C:\GCMSsolution\Data\Project1\Powers RMBL Data\CDF\SCH_V329_6292019_12.CDF","7/21/2019 8:51:35 PM","7/21/2019 8:51:39 PM","18674596","2DYHPD2\User"
"C:\GCMSsolution\Data\Project1\Powers RMBL Data\CDF\SCH_V330_6292019_13.CDF","7/21/2019 8:51:32 PM","7/21/2019 8:51:35 PM","18674548","2DYHPD2\User"
"C:\GCMSsolution\Data\Project1\Powers RMBL Data\CDF\SCH_V331_6292019_14.CDF","7/21/2019 8:51:29 PM","7/21/2019 8:51:32 PM","18674584","2DYHPD2\User"
"C:\GCMSsolution\Data\Project1\Powers RMBL Data\CDF\SCH_V332_6292019_15.CDF","7/21/2019 8:51:26 PM","7/21/2019 8:51:29 PM","18674572","2DYHPD2\User"
"C:\GCMSsolution\Data\Project1\Powers RMBL Data\CDF\SCH_V333_6292019_16.CDF","7/21/2019 8:51:23 PM","7/21/2019 8:51:26 PM","18674596","2DYHPD2\User"
"C:\GCMSsolution\Data\Project1\Powers RMBL Data\CDF\SCH_V334_6292019_17.CDF","7/21/2019 8:51:19 PM","7/21/2019 8:51:22 PM","18674524","2DYHPD2\User"
"C:\GCMSsolution\Data\Project1\Powers RMBL Data\CDF\SCH_V335_6302019_02.CDF","7/21/2019 8:50:59 PM","7/21/2019 8:51:03 PM","18674464","2DYHPD2\User"
"C:\GCMSsolution\Data\Project1\Powers RMBL Data\CDF\SCH_V336_6302019_03.CDF","7/21/2019 8:50:56 PM","7/21/2019 8:50:59 PM","18674584","2DYHPD2\User"
"C:\GCMSsolution\Data\Project1\Powers RMBL Data\CDF\SCH_V337_6302019_04.CDF","7/21/2019 8:50:53 PM","7/21/2019 8:50:56 PM","18674572","2DYHPD2\User"
"C:\GCMSsolution\Data\Project1\Powers RMBL Data\CDF\SCH_V338_6302019_05.CDF","7/21/2019 8:50:50 PM","7/21/2019 8:50:53 PM","18674572","2DYHPD2\User"
"C:\GCMSsolution\Data\Project1\Powers RMBL Data\CDF\SCH_V342_6302019_06.CDF","7/21/2019 8:50:47 PM","7/21/2019 8:50:50 PM","18674608","2DYHPD2\User"
"C:\GCMSsolution\Data\Project1\Powers RMBL Data\CDF\SCH_V343_6302019_07.CDF","7/21/2019 8:50:43 PM","7/21/2019 8:50:46 PM","18674704","2DYHPD2\User"
"C:\GCMSsolution\Data\Project1\Powers RMBL Data\CDF\SCH_V344_6302019_08.CDF","7/21/2019 8:50:40 PM","7/21/2019 8:50:43 PM","18674800","2DYHPD2\User"
"C:\GCMSsolution\Data\Project1\Powers RMBL Data\CDF\SCH_V346_6302019_09.CDF","7/21/2019 8:50:37 PM","7/21/2019 8:50:40 PM","18674608","2DYHPD2\User"
"C:\GCMSsolution\Data\Project1\Powers RMBL Data\CDF\SCH_V347_6302019_10.CDF","7/21/2019 8:50:34 PM","7/21/2019 8:50:37 PM","18674752","2DYHPD2\User"
"C:\GCMSsolution\Data\Project1\Powers RMBL Data\CDF\SCH_V353_6302019_12.CDF","7/21/2019 8:50:27 PM","7/21/2019 8:50:30 PM","18674824","2DYHPD2\User"
"C:\GCMSsolution\Data\Project1\Powers RMBL Data\CDF\SCH_V354_6302019_13.CDF","7/21/2019 8:50:24 PM","7/21/2019 8:50:27 PM","18674812","2DYHPD2\User"
"C:\GCMSsolution\Data\Project1\Powers RMBL Data\CDF\SCH_V355_6302019_14.CDF","7/21/2019 8:50:20 PM","7/21/2019 8:50:24 PM","18674824","2DYHPD2\User"
"C:\GCMSsolution\Data\Project1\Powers RMBL Data\CDF\SCH_V356_6302019_15.CDF","7/21/2019 8:50:17 PM","7/21/2019 8:50:20 PM","18674848","2DYHPD2\User"
"C:\GCMSsolution\Data\Project1\Powers RMBL Data\CDF\SCH_V356_712019_13.CDF","7/21/2019 8:47:42 PM","7/21/2019 8:47:45 PM","18674704","2DYHPD2\User"
"C:\GCMSsolution\Data\Project1\Powers RMBL Data\CDF\SCH_V357_6302019_16.CDF","7/21/2019 8:50:14 PM","7/21/2019 8:50:17 PM","18674848","2DYHPD2\User"
"C:\GCMSsolution\Data\Project1\Powers RMBL Data\CDF\SCH_V358_6302019_17.CDF","7/21/2019 8:50:11 PM","7/21/2019 8:50:14 PM","18674848","2DYHPD2\User"
"C:\GCMSsolution\Data\Project1\Powers RMBL Data\CDF\SCH_V359_6302019_18.CDF","7/21/2019 8:50:07 PM","7/21/2019 8:50:11 PM","18674860","2DYHPD2\User"
"C:\GCMSsolution\Data\Project1\Powers RMBL Data\CDF\SCH_V360_6302019_19.CDF","7/21/2019 8:50:04 PM","7/21/2019 8:50:07 PM","18674860","2DYHPD2\User"
"C:\GCMSsolution\Data\Project1\Powers RMBL Data\CDF\SCH_V361_6302019_20.CDF","7/21/2019 8:50:01 PM","7/21/2019 8:50:04 PM","18674764","2DYHPD2\User"
"C:\GCMSsolution\Data\Project1\Powers RMBL Data\CDF\SCH_V362_6302019_21.CDF","7/21/2019 8:49:57 PM","7/21/2019 8:50:01 PM","18674752","2DYHPD2\User"
"C:\GCMSsolution\Data\Project1\Powers RMBL Data\CDF\SCH_V363_6302019_23.CDF","7/21/2019 8:49:51 PM","7/21/2019 8:49:54 PM","18674788","2DYHPD2\User"
"C:\GCMSsolution\Data\Project1\Powers RMBL Data\CDF\SCH_V364_6302019_24.CDF","7/21/2019 8:49:48 PM","7/21/2019 8:49:51 PM","18674644","2DYHPD2\User"
"C:\GCMSsolution\Data\Project1\Powers RMBL Data\CDF\SCH_V365_6302019_25.CDF","7/21/2019 8:49:44 PM","7/21/2019 8:49:48 PM","18674752","2DYHPD2\User"
"C:\GCMSsolution\Data\Project1\Powers RMBL Data\CDF\SCH_V366_6302019_26.CDF","7/21/2019 8:49:41 PM","7/21/2019 8:49:44 PM","18674776","2DYHPD2\User"
"C:\GCMSsolution\Data\Project1\Powers RMBL Data\CDF\SCH_V367_6302019_27.CDF","7/21/2019 8:49:38 PM","7/21/2019 8:49:41 PM","18674776","2DYHPD2\User"
"C:\GCMSsolution\Data\Project1\Powers RMBL Data\CDF\SCH_V368_712019_02.CDF","7/21/2019 8:49:31 PM","7/21/2019 8:49:34 PM","18674620","2DYHPD2\User"
"C:\GCMSsolution\Data\Project1\Powers RMBL Data\CDF\SCH_V369_712019_03.CDF","7/21/2019 8:49:28 PM","7/21/2019 8:49:31 PM","18674476","2DYHPD2\User"
"C:\GCMSsolution\Data\Project1\Powers RMBL Data\CDF\SCH_V370_712019_04.CDF","7/21/2019 8:49:25 PM","7/21/2019 8:49:28 PM","18674560","2DYHPD2\User"
"C:\GCMSsolution\Data\Project1\Powers RMBL Data\CDF\SCH_V371_712019_05.CDF","7/21/2019 8:49:21 PM","7/21/2019 8:49:24 PM","18674536","2DYHPD2\User"
"C:\GCMSsolution\Data\Project1\Powers RMBL Data\CDF\SCH_V372_712019_06.CDF","7/21/2019 8:49:18 PM","7/21/2019 8:49:21 PM","18674596","2DYHPD2\User"
"C:\GCMSsolution\Data\Project1\Powers RMBL Data\CDF\SCH_V373_712019_07.CDF","7/21/2019 8:49:15 PM","7/21/2019 8:49:18 PM","18674524","2DYHPD2\User"
"C:\GCMSsolution\Data\Project1\Powers RMBL Data\CDF\SCH_V374_712019_08.CDF","7/21/2019 8:49:11 PM","7/21/2019 8:49:14 PM","18674536","2DYHPD2\User"
"C:\GCMSsolution\Data\Project1\Powers RMBL Data\CDF\SCH_V375_712019_09.CDF","7/21/2019 8:49:08 PM","7/21/2019 8:49:11 PM","18674572","2DYHPD2\User"
"C:\GCMSsolution\Data\Project1\Powers RMBL Data\CDF\SCH_V376_712019_10.CDF","7/21/2019 8:49:05 PM","7/21/2019 8:49:08 PM","18674572","2DYHPD2\User"
"C:\GCMSsolution\Data\Project1\Powers RMBL Data\CDF\SCH_V377_712019_12.CDF","7/21/2019 8:48:58 PM","7/21/2019 8:49:01 PM","18674452","2DYHPD2\User"
"C:\GCMSsolution\Data\Project1\Powers RMBL Data\CDF\SCH_V378_712019_13.CDF","7/21/2019 8:48:55 PM","7/21/2019 8:48:58 PM","18674524","2DYHPD2\User"
"C:\GCMSsolution\Data\Project1\Powers RMBL Data\CDF\SCH_V379_712019_14.CDF","7/21/2019 8:48:51 PM","7/21/2019 8:48:54 PM","18674536","2DYHPD2\User"
"C:\GCMSsolution\Data\Project1\Powers RMBL Data\CDF\SCH_V380_712019_15.CDF","7/21/2019 8:48:48 PM","7/21/2019 8:48:51 PM","18674572","2DYHPD2\User"
"C:\GCMSsolution\Data\Project1\Powers RMBL Data\CDF\SCH_V381_712019_16.CDF","7/21/2019 8:48:44 PM","7/21/2019 8:48:48 PM","18674488","2DYHPD2\User"
"C:\GCMSsolution\Data\Project1\Powers RMBL Data\CDF\SCH_V382_712019_17.CDF","7/21/2019 8:48:41 PM","7/21/2019 8:48:44 PM","18674572","2DYHPD2\User"
"C:\GCMSsolution\Data\Project1\Powers RMBL Data\CDF\SCH_V383_712019_18.CDF","7/21/2019 8:48:38 PM","7/21/2019 8:48:41 PM","18674584","2DYHPD2\User"
"C:\GCMSsolution\Data\Project1\Powers RMBL Data\CDF\SCH_V384_712019_19.CDF","7/21/2019 8:48:34 PM","7/21/2019 8:48:38 PM","18674668","2DYHPD2\User"
"C:\GCMSsolution\Data\Project1\Powers RMBL Data\CDF\SCH_V385_712019_20.CDF","7/21/2019 8:48:31 PM","7/21/2019 8:48:34 PM","18674776","2DYHPD2\User"
"C:\GCMSsolution\Data\Project1\Powers RMBL Data\CDF\SCH_V386_712019_21.CDF","7/21/2019 8:48:28 PM","7/21/2019 8:48:31 PM","18674836","2DYHPD2\User"
"C:\GCMSsolution\Data\Project1\Powers RMBL Data\CDF\SCH_V389_712019_02.CDF","7/21/2019 8:48:18 PM","7/21/2019 8:48:21 PM","18674848","2DYHPD2\User"
"C:\GCMSsolution\Data\Project1\Powers RMBL Data\CDF\SCH_V390_712019_03.CDF","7/21/2019 8:48:14 PM","7/21/2019 8:48:18 PM","18674728","2DYHPD2\User"
"C:\GCMSsolution\Data\Project1\Powers RMBL Data\CDF\SCH_V391_712019_04.CDF","7/21/2019 8:48:11 PM","7/21/2019 8:48:14 PM","18674632","2DYHPD2\User"
"C:\GCMSsolution\Data\Project1\Powers RMBL Data\CDF\SCH_V391_722019_02.CDF","7/21/2019 8:47:15 PM","7/21/2019 8:47:18 PM","18674464","2DYHPD2\User"
"C:\GCMSsolution\Data\Project1\Powers RMBL Data\CDF\SCH_V394_712019_05.CDF","7/21/2019 8:48:08 PM","7/21/2019 8:48:11 PM","18674776","2DYHPD2\User"
"C:\GCMSsolution\Data\Project1\Powers RMBL Data\CDF\SCH_V396_712019_06.CDF","7/21/2019 8:48:05 PM","7/21/2019 8:48:08 PM","18674920","2DYHPD2\User"
"C:\GCMSsolution\Data\Project1\Powers RMBL Data\CDF\SCH_V396_722019_03.CDF","7/21/2019 8:47:11 PM","7/21/2019 8:47:15 PM","18674464","2DYHPD2\User"
"C:\GCMSsolution\Data\Project1\Powers RMBL Data\CDF\SCH_V397_712019_07.CDF","7/21/2019 8:48:01 PM","7/21/2019 8:48:05 PM","18674596","2DYHPD2\User"
"C:\GCMSsolution\Data\Project1\Powers RMBL Data\CDF\SCH_V398_712019_08.CDF","7/21/2019 8:47:58 PM","7/21/2019 8:48:01 PM","18674824","2DYHPD2\User"
"C:\GCMSsolution\Data\Project1\Powers RMBL Data\CDF\SCH_V399_712019_09.CDF","7/21/2019 8:47:55 PM","7/21/2019 8:47:58 PM","18674644","2DYHPD2\User"
"C:\GCMSsolution\Data\Project1\Powers RMBL Data\CDF\SCH_V399_722019_04.CDF","7/21/2019 8:47:08 PM","7/21/2019 8:47:11 PM","18674392","2DYHPD2\User"
"C:\GCMSsolution\Data\Project1\Powers RMBL Data\CDF\SCH_V4_7102019_11.CDF","7/21/2019 10:30:09 PM","7/21/2019 10:30:12 PM","18673836","2DYHPD2\User"
"C:\GCMSsolution\Data\Project1\Powers RMBL Data\CDF\SCH_V400_712019_14.CDF","7/21/2019 8:47:39 PM","7/21/2019 8:47:42 PM","18674584","2DYHPD2\User"
"C:\GCMSsolution\Data\Project1\Powers RMBL Data\CDF\SCH_V401_712019_15.CDF","7/21/2019 8:47:35 PM","7/21/2019 8:47:38 PM","18674440","2DYHPD2\User"
"C:\GCMSsolution\Data\Project1\Powers RMBL Data\CDF\SCH_V402_712019_16.CDF","7/21/2019 8:47:32 PM","7/21/2019 8:47:35 PM","18674584","2DYHPD2\User"
"C:\GCMSsolution\Data\Project1\Powers RMBL Data\CDF\SCH_V403_712019_17.CDF","7/21/2019 8:47:28 PM","7/21/2019 8:47:32 PM","18674584","2DYHPD2\User"
"C:\GCMSsolution\Data\Project1\Powers RMBL Data\CDF\SCH_V404_712019_18.CDF","7/21/2019 8:47:25 PM","7/21/2019 8:47:28 PM","18674572","2DYHPD2\User"
"C:\GCMSsolution\Data\Project1\Powers RMBL Data\CDF\SCH_V405_712019_19.CDF","7/21/2019 8:47:22 PM","7/21/2019 8:47:25 PM","18674404","2DYHPD2\User"
"C:\GCMSsolution\Data\Project1\Powers RMBL Data\CDF\SCH_V406_722019_05.CDF","7/21/2019 8:47:05 PM","7/21/2019 8:47:08 PM","18674368","2DYHPD2\User"
"C:\GCMSsolution\Data\Project1\Powers RMBL Data\CDF\SCH_V407_722019_06.CDF","7/21/2019 8:47:01 PM","7/21/2019 8:47:05 PM","18674236","2DYHPD2\User"
"C:\GCMSsolution\Data\Project1\Powers RMBL Data\CDF\SCH_V408_722019_07.CDF","7/21/2019 8:46:58 PM","7/21/2019 8:47:01 PM","18674368","2DYHPD2\User"
"C:\GCMSsolution\Data\Project1\Powers RMBL Data\CDF\SCH_V409_722019_08.CDF","7/21/2019 8:46:55 PM","7/21/2019 8:46:58 PM","18674476","2DYHPD2\User"
"C:\GCMSsolution\Data\Project1\Powers RMBL Data\CDF\SCH_V410_722019_09.CDF","7/21/2019 8:46:51 PM","7/21/2019 8:46:55 PM","18674272","2DYHPD2\User"
"C:\GCMSsolution\Data\Project1\Powers RMBL Data\CDF\SCH_V411_722019_10.CDF","7/21/2019 8:46:48 PM","7/21/2019 8:46:51 PM","18674380","2DYHPD2\User"
"C:\GCMSsolution\Data\Project1\Powers RMBL Data\CDF\SCH_V412_722019_12.CDF","7/21/2019 8:46:41 PM","7/21/2019 8:46:45 PM","18674236","2DYHPD2\User"
"C:\GCMSsolution\Data\Project1\Powers RMBL Data\CDF\SCH_V413_722019_13.CDF","7/21/2019 8:46:38 PM","7/21/2019 8:46:41 PM","18674428","2DYHPD2\User"
"C:\GCMSsolution\Data\Project1\Powers RMBL Data\CDF\SCH_V414_722019_14.CDF","7/21/2019 8:46:35 PM","7/21/2019 8:46:38 PM","18674440","2DYHPD2\User"
"C:\GCMSsolution\Data\Project1\Powers RMBL Data\CDF\SCH_V415_722019_15.CDF","7/21/2019 8:46:31 PM","7/21/2019 8:46:35 PM","18674488","2DYHPD2\User"
"C:\GCMSsolution\Data\Project1\Powers RMBL Data\CDF\SCH_V416_722019_16.CDF","7/21/2019 8:46:28 PM","7/21/2019 8:46:31 PM","18674440","2DYHPD2\User"
"C:\GCMSsolution\Data\Project1\Powers RMBL Data\CDF\SCH_V417_722019_17.CDF","7/21/2019 8:46:25 PM","7/21/2019 8:46:28 PM","18674152","2DYHPD2\User"
"C:\GCMSsolution\Data\Project1\Powers RMBL Data\CDF\SCH_V418_722019_18.CDF","7/21/2019 8:46:22 PM","7/21/2019 8:46:25 PM","18674032","2DYHPD2\User"
"C:\GCMSsolution\Data\Project1\Powers RMBL Data\CDF\SCH_V419_722019_19.CDF","7/21/2019 8:46:18 PM","7/21/2019 8:46:22 PM","18674248","2DYHPD2\User"
"C:\GCMSsolution\Data\Project1\Powers RMBL Data\CDF\SCH_V429_722019_12.CDF","7/21/2019 8:45:35 PM","7/21/2019 8:45:39 PM","18674104","2DYHPD2\User"
"C:\GCMSsolution\Data\Project1\Powers RMBL Data\CDF\SCH_V430_722019_13.CDF","7/21/2019 8:45:32 PM","7/21/2019 8:45:35 PM","18674032","2DYHPD2\User"
"C:\GCMSsolution\Data\Project1\Powers RMBL Data\CDF\SCH_V431_722019_14.CDF","7/21/2019 8:45:28 PM","7/21/2019 8:45:32 PM","18674080","2DYHPD2\User"
"C:\GCMSsolution\Data\Project1\Powers RMBL Data\CDF\SCH_V432_722019_15.CDF","7/21/2019 8:45:25 PM","7/21/2019 8:45:28 PM","18674332","2DYHPD2\User"
"C:\GCMSsolution\Data\Project1\Powers RMBL Data\CDF\SCH_V433_722019_16.CDF","7/21/2019 8:45:22 PM","7/21/2019 8:45:25 PM","18673924","2DYHPD2\User"
"C:\GCMSsolution\Data\Project1\Powers RMBL Data\CDF\SCH_V434_722019_17.CDF","7/21/2019 8:45:18 PM","7/21/2019 8:45:22 PM","18674188","2DYHPD2\User"
"C:\GCMSsolution\Data\Project1\Powers RMBL Data\CDF\SCH_V435_722019_18.CDF","7/21/2019 8:45:15 PM","7/21/2019 8:45:18 PM","18674020","2DYHPD2\User"
"C:\GCMSsolution\Data\Project1\Powers RMBL Data\CDF\SCH_V436_722019_19.CDF","7/21/2019 8:45:11 PM","7/21/2019 8:45:15 PM","18674200","2DYHPD2\User"
"C:\GCMSsolution\Data\Project1\Powers RMBL Data\CDF\SCH_V436_732019_04.CDF","7/21/2019 8:43:54 PM","7/21/2019 8:43:58 PM","18674320","2DYHPD2\User"
"C:\GCMSsolution\Data\Project1\Powers RMBL Data\CDF\SCH_V437_722019_20.CDF","7/21/2019 8:45:08 PM","7/21/2019 8:45:11 PM","18674044","2DYHPD2\User"
"C:\GCMSsolution\Data\Project1\Powers RMBL Data\CDF\SCH_V444_722019_21.CDF","7/21/2019 8:45:05 PM","7/21/2019 8:45:08 PM","18674128","2DYHPD2\User"
"C:\GCMSsolution\Data\Project1\Powers RMBL Data\CDF\SCH_V445_732019_02.CDF","7/21/2019 8:44:58 PM","7/21/2019 8:45:01 PM","18674260","2DYHPD2\User"
"C:\GCMSsolution\Data\Project1\Powers RMBL Data\CDF\SCH_V446_732019_03.CDF","7/21/2019 8:44:55 PM","7/21/2019 8:44:58 PM","18674116","2DYHPD2\User"
"C:\GCMSsolution\Data\Project1\Powers RMBL Data\CDF\SCH_V447_732019_04.CDF","7/21/2019 8:44:52 PM","7/21/2019 8:44:55 PM","18674392","2DYHPD2\User"
"C:\GCMSsolution\Data\Project1\Powers RMBL Data\CDF\SCH_V449_752019_24.CDF","7/21/2019 8:38:48 PM","7/21/2019 8:38:51 PM","18673720","2DYHPD2\User"
"C:\GCMSsolution\Data\Project1\Powers RMBL Data\CDF\SCH_V450_732019_05.CDF","7/21/2019 8:44:48 PM","7/21/2019 8:44:51 PM","18673924","2DYHPD2\User"
"C:\GCMSsolution\Data\Project1\Powers RMBL Data\CDF\SCH_V450_752019_25.CDF","7/21/2019 8:38:44 PM","7/21/2019 8:38:47 PM","18673840","2DYHPD2\User"
"C:\GCMSsolution\Data\Project1\Powers RMBL Data\CDF\SCH_V451_732019_06.CDF","7/21/2019 8:44:45 PM","7/21/2019 8:44:48 PM","18674044","2DYHPD2\User"
"C:\GCMSsolution\Data\Project1\Powers RMBL Data\CDF\SCH_V451_752019_26.CDF","7/21/2019 8:38:41 PM","7/21/2019 8:38:44 PM","18674008","2DYHPD2\User"
"C:\GCMSsolution\Data\Project1\Powers RMBL Data\CDF\SCH_V452_732019_07.CDF","7/21/2019 8:44:42 PM","7/21/2019 8:44:45 PM","18674200","2DYHPD2\User"
"C:\GCMSsolution\Data\Project1\Powers RMBL Data\CDF\SCH_V452_752019_27.CDF","7/21/2019 8:38:38 PM","7/21/2019 8:38:41 PM","18673732","2DYHPD2\User"
"C:\GCMSsolution\Data\Project1\Powers RMBL Data\CDF\SCH_V453_732019_08.CDF","7/21/2019 8:44:38 PM","7/21/2019 8:44:42 PM","18674308","2DYHPD2\User"
"C:\GCMSsolution\Data\Project1\Powers RMBL Data\CDF\SCH_V454_732019_09.CDF","7/21/2019 8:44:35 PM","7/21/2019 8:44:38 PM","18673972","2DYHPD2\User"
"C:\GCMSsolution\Data\Project1\Powers RMBL Data\CDF\SCH_V455_732019_10.CDF","7/21/2019 8:44:32 PM","7/21/2019 8:44:35 PM","18674296","2DYHPD2\User"
"C:\GCMSsolution\Data\Project1\Powers RMBL Data\CDF\SCH_V456_732019_12.CDF","7/21/2019 8:44:25 PM","7/21/2019 8:44:28 PM","18674272","2DYHPD2\User"
"C:\GCMSsolution\Data\Project1\Powers RMBL Data\CDF\SCH_V457_732019_13.CDF","7/21/2019 8:44:22 PM","7/21/2019 8:44:25 PM","18674248","2DYHPD2\User"
"C:\GCMSsolution\Data\Project1\Powers RMBL Data\CDF\SCH_V458_732019_14.CDF","7/21/2019 8:44:18 PM","7/21/2019 8:44:22 PM","18674308","2DYHPD2\User"
"C:\GCMSsolution\Data\Project1\Powers RMBL Data\CDF\SCH_V459_732019_15.CDF","7/21/2019 8:44:15 PM","7/21/2019 8:44:18 PM","18674320","2DYHPD2\User"
"C:\GCMSsolution\Data\Project1\Powers RMBL Data\CDF\SCH_V460_732019_16.CDF","7/21/2019 8:44:11 PM","7/21/2019 8:44:15 PM","18674272","2DYHPD2\User"
"C:\GCMSsolution\Data\Project1\Powers RMBL Data\CDF\SCH_V461_732019_17.CDF","7/21/2019 8:44:08 PM","7/21/2019 8:44:11 PM","18674368","2DYHPD2\User"
"C:\GCMSsolution\Data\Project1\Powers RMBL Data\CDF\SCH_V462_732019_18.CDF","7/21/2019 8:44:05 PM","7/21/2019 8:44:08 PM","18674212","2DYHPD2\User"
"C:\GCMSsolution\Data\Project1\Powers RMBL Data\CDF\SCH_V463_732019_19.CDF","7/21/2019 8:44:01 PM","7/21/2019 8:44:04 PM","18674176","2DYHPD2\User"
"C:\GCMSsolution\Data\Project1\Powers RMBL Data\CDF\SCH_V464_732019_05.CDF","7/21/2019 8:43:51 PM","7/21/2019 8:43:54 PM","18674272","2DYHPD2\User"
"C:\GCMSsolution\Data\Project1\Powers RMBL Data\CDF\SCH_V465_732019_06.CDF","7/21/2019 8:43:48 PM","7/21/2019 8:43:51 PM","18674632","2DYHPD2\User"
"C:\GCMSsolution\Data\Project1\Powers RMBL Data\CDF\SCH_V466_732019_07.CDF","7/21/2019 8:43:44 PM","7/21/2019 8:43:48 PM","18674224","2DYHPD2\User"
"C:\GCMSsolution\Data\Project1\Powers RMBL Data\CDF\SCH_V467_732019_08.CDF","7/21/2019 8:43:41 PM","7/21/2019 8:43:44 PM","18674404","2DYHPD2\User"
"C:\GCMSsolution\Data\Project1\Powers RMBL Data\CDF\SCH_V468_732019_09.CDF","7/21/2019 8:43:38 PM","7/21/2019 8:43:41 PM","18674188","2DYHPD2\User"
"C:\GCMSsolution\Data\Project1\Powers RMBL Data\CDF\SCH_V469_732019_10.CDF","7/21/2019 8:43:34 PM","7/21/2019 8:43:37 PM","18673948","2DYHPD2\User"
"C:\GCMSsolution\Data\Project1\Powers RMBL Data\CDF\SCH_V470_732019_12.CDF","7/21/2019 8:43:27 PM","7/21/2019 8:43:31 PM","18673876","2DYHPD2\User"
"C:\GCMSsolution\Data\Project1\Powers RMBL Data\CDF\SCH_V471_732019_13.CDF","7/21/2019 8:43:24 PM","7/21/2019 8:43:27 PM","18673888","2DYHPD2\User"
"C:\GCMSsolution\Data\Project1\Powers RMBL Data\CDF\SCH_V472_732019_14.CDF","7/21/2019 8:43:21 PM","7/21/2019 8:43:24 PM","18673756","2DYHPD2\User"
"C:\GCMSsolution\Data\Project1\Powers RMBL Data\CDF\SCH_V473_732019_15.CDF","7/21/2019 8:43:17 PM","7/21/2019 8:43:21 PM","18673792","2DYHPD2\User"
"C:\GCMSsolution\Data\Project1\Powers RMBL Data\CDF\SCH_V474_732019_16.CDF","7/21/2019 8:43:14 PM","7/21/2019 8:43:17 PM","18673792","2DYHPD2\User"
"C:\GCMSsolution\Data\Project1\Powers RMBL Data\CDF\SCH_V475_732019_17.CDF","7/21/2019 8:43:11 PM","7/21/2019 8:43:14 PM","18673840","2DYHPD2\User"
"C:\GCMSsolution\Data\Project1\Powers RMBL Data\CDF\SCH_V476_732019_18.CDF","7/21/2019 8:43:07 PM","7/21/2019 8:43:10 PM","18673636","2DYHPD2\User"
"C:\GCMSsolution\Data\Project1\Powers RMBL Data\CDF\SCH_V478_732019_19.CDF","7/21/2019 8:43:04 PM","7/21/2019 8:43:07 PM","18673864","2DYHPD2\User"
"C:\GCMSsolution\Data\Project1\Powers RMBL Data\CDF\SCH_V479_732019_20.CDF","7/21/2019 8:43:01 PM","7/21/2019 8:43:04 PM","18673732","2DYHPD2\User"
"C:\GCMSsolution\Data\Project1\Powers RMBL Data\CDF\SCH_V480_722019_02.CDF","7/21/2019 8:46:09 PM","7/21/2019 8:46:12 PM","18674632","2DYHPD2\User"
"C:\GCMSsolution\Data\Project1\Powers RMBL Data\CDF\SCH_V480_732019_21.CDF","7/21/2019 8:42:57 PM","7/21/2019 8:43:01 PM","18673708","2DYHPD2\User"
"C:\GCMSsolution\Data\Project1\Powers RMBL Data\CDF\SCH_V481_722019_03.CDF","7/21/2019 8:46:06 PM","7/21/2019 8:46:09 PM","18674572","2DYHPD2\User"
"C:\GCMSsolution\Data\Project1\Powers RMBL Data\CDF\SCH_V481_732019_23.CDF","7/21/2019 8:42:51 PM","7/21/2019 8:42:54 PM","18673960","2DYHPD2\User"
"C:\GCMSsolution\Data\Project1\Powers RMBL Data\CDF\SCH_V482_722019_04.CDF","7/21/2019 8:46:02 PM","7/21/2019 8:46:06 PM","18674476","2DYHPD2\User"
"C:\GCMSsolution\Data\Project1\Powers RMBL Data\CDF\SCH_V482_732019_24.CDF","7/21/2019 8:42:48 PM","7/21/2019 8:42:51 PM","18673888","2DYHPD2\User"
"C:\GCMSsolution\Data\Project1\Powers RMBL Data\CDF\SCH_V483_722019_05.CDF","7/21/2019 8:45:59 PM","7/21/2019 8:46:02 PM","18674356","2DYHPD2\User"
"C:\GCMSsolution\Data\Project1\Powers RMBL Data\CDF\SCH_V483_732019_25.CDF","7/21/2019 8:42:44 PM","7/21/2019 8:42:47 PM","18673924","2DYHPD2\User"
"C:\GCMSsolution\Data\Project1\Powers RMBL Data\CDF\SCH_V484_722019_06.CDF","7/21/2019 8:45:56 PM","7/21/2019 8:45:59 PM","18674452","2DYHPD2\User"
"C:\GCMSsolution\Data\Project1\Powers RMBL Data\CDF\SCH_V484_732019_26.CDF","7/21/2019 8:42:41 PM","7/21/2019 8:42:44 PM","18674296","2DYHPD2\User"
"C:\GCMSsolution\Data\Project1\Powers RMBL Data\CDF\SCH_V485_722019_07.CDF","7/21/2019 8:45:52 PM","7/21/2019 8:45:56 PM","18674764","2DYHPD2\User"
"C:\GCMSsolution\Data\Project1\Powers RMBL Data\CDF\SCH_V485_732019_27.CDF","7/21/2019 8:42:38 PM","7/21/2019 8:42:41 PM","18674128","2DYHPD2\User"
"C:\GCMSsolution\Data\Project1\Powers RMBL Data\CDF\SCH_V486_722019_08.CDF","7/21/2019 8:45:49 PM","7/21/2019 8:45:52 PM","18674236","2DYHPD2\User"
"C:\GCMSsolution\Data\Project1\Powers RMBL Data\CDF\SCH_V486_742019_02.CDF","7/21/2019 8:42:28 PM","7/21/2019 8:42:31 PM","18674188","2DYHPD2\User"
"C:\GCMSsolution\Data\Project1\Powers RMBL Data\CDF\SCH_V487_722019_09.CDF","7/21/2019 8:45:46 PM","7/21/2019 8:45:49 PM","18674356","2DYHPD2\User"
"C:\GCMSsolution\Data\Project1\Powers RMBL Data\CDF\SCH_V487_742019_03.CDF","7/21/2019 8:42:25 PM","7/21/2019 8:42:28 PM","18674224","2DYHPD2\User"
"C:\GCMSsolution\Data\Project1\Powers RMBL Data\CDF\SCH_V488_722019_10.CDF","7/21/2019 8:45:42 PM","7/21/2019 8:45:45 PM","18674308","2DYHPD2\User"
"C:\GCMSsolution\Data\Project1\Powers RMBL Data\CDF\SCH_V488_742019_04.CDF","7/21/2019 8:42:21 PM","7/21/2019 8:42:25 PM","18674188","2DYHPD2\User"
"C:\GCMSsolution\Data\Project1\Powers RMBL Data\CDF\SCH_V489_742019_05.CDF","7/21/2019 8:42:18 PM","7/21/2019 8:42:21 PM","18674296","2DYHPD2\User"
"C:\GCMSsolution\Data\Project1\Powers RMBL Data\CDF\SCH_V490_742019_06.CDF","7/21/2019 8:42:15 PM","7/21/2019 8:42:18 PM","18674380","2DYHPD2\User"
"C:\GCMSsolution\Data\Project1\Powers RMBL Data\CDF\SCH_V491_742019_07.CDF","7/21/2019 8:42:12 PM","7/21/2019 8:42:15 PM","18674344","2DYHPD2\User"
"C:\GCMSsolution\Data\Project1\Powers RMBL Data\CDF\SCH_V491_752019_02.CDF","7/21/2019 8:40:44 PM","7/21/2019 8:40:48 PM","18674152","2DYHPD2\User"
"C:\GCMSsolution\Data\Project1\Powers RMBL Data\CDF\SCH_V492_742019_08.CDF","7/21/2019 8:42:08 PM","7/21/2019 8:42:12 PM","18674320","2DYHPD2\User"
"C:\GCMSsolution\Data\Project1\Powers RMBL Data\CDF\SCH_V493_742019_09.CDF","7/21/2019 8:42:05 PM","7/21/2019 8:42:08 PM","18674320","2DYHPD2\User"
"C:\GCMSsolution\Data\Project1\Powers RMBL Data\CDF\SCH_V494_742019_10.CDF","7/21/2019 8:42:02 PM","7/21/2019 8:42:05 PM","18674092","2DYHPD2\User"
"C:\GCMSsolution\Data\Project1\Powers RMBL Data\CDF\SCH_V495_742019_02.CDF","7/21/2019 8:41:55 PM","7/21/2019 8:41:59 PM","18674140","2DYHPD2\User"
"C:\GCMSsolution\Data\Project1\Powers RMBL Data\CDF\SCH_V496_742019_03.CDF","7/21/2019 8:41:52 PM","7/21/2019 8:41:55 PM","18673540","2DYHPD2\User"
"C:\GCMSsolution\Data\Project1\Powers RMBL Data\CDF\SCH_V497_742019_04.CDF","7/21/2019 8:41:49 PM","7/21/2019 8:41:52 PM","18673828","2DYHPD2\User"
"C:\GCMSsolution\Data\Project1\Powers RMBL Data\CDF\SCH_V498_742019_05.CDF","7/21/2019 8:41:46 PM","7/21/2019 8:41:49 PM","18673840","2DYHPD2\User"
"C:\GCMSsolution\Data\Project1\Powers RMBL Data\CDF\SCH_V499_742019_06.CDF","7/21/2019 8:41:42 PM","7/21/2019 8:41:45 PM","18673876","2DYHPD2\User"
"C:\GCMSsolution\Data\Project1\Powers RMBL Data\CDF\SCH_V5_7102019_13.CDF","7/21/2019 10:30:02 PM","7/21/2019 10:30:05 PM","18673752","2DYHPD2\User"
"C:\GCMSsolution\Data\Project1\Powers RMBL Data\CDF\SCH_V500_742019_07.CDF","7/21/2019 8:41:39 PM","7/21/2019 8:41:42 PM","18673816","2DYHPD2\User"
"C:\GCMSsolution\Data\Project1\Powers RMBL Data\CDF\SCH_V501_742019_08.CDF","7/21/2019 8:41:36 PM","7/21/2019 8:41:39 PM","18673960","2DYHPD2\User"
"C:\GCMSsolution\Data\Project1\Powers RMBL Data\CDF\SCH_V502_742019_09.CDF","7/21/2019 8:41:32 PM","7/21/2019 8:41:36 PM","18674020","2DYHPD2\User"
"C:\GCMSsolution\Data\Project1\Powers RMBL Data\CDF\SCH_V503_742019_10.CDF","7/21/2019 8:41:29 PM","7/21/2019 8:41:32 PM","18673852","2DYHPD2\User"
"C:\GCMSsolution\Data\Project1\Powers RMBL Data\CDF\SCH_V504_742019_12.CDF","7/21/2019 8:41:22 PM","7/21/2019 8:41:25 PM","18674044","2DYHPD2\User"
"C:\GCMSsolution\Data\Project1\Powers RMBL Data\CDF\SCH_V505_742019_13.CDF","7/21/2019 8:41:19 PM","7/21/2019 8:41:22 PM","18673732","2DYHPD2\User"
"C:\GCMSsolution\Data\Project1\Powers RMBL Data\CDF\SCH_V505_752019_03.CDF","7/21/2019 8:40:41 PM","7/21/2019 8:40:44 PM","18673972","2DYHPD2\User"
"C:\GCMSsolution\Data\Project1\Powers RMBL Data\CDF\SCH_V506_742019_14.CDF","7/21/2019 8:41:15 PM","7/21/2019 8:41:19 PM","18668416","2DYHPD2\User"
"C:\GCMSsolution\Data\Project1\Powers RMBL Data\CDF\SCH_V507_742019_15.CDF","7/21/2019 8:41:12 PM","7/21/2019 8:41:15 PM","18673888","2DYHPD2\User"
"C:\GCMSsolution\Data\Project1\Powers RMBL Data\CDF\SCH_V508_742019_16.CDF","7/21/2019 8:41:09 PM","7/21/2019 8:41:12 PM","18673756","2DYHPD2\User"
"C:\GCMSsolution\Data\Project1\Powers RMBL Data\CDF\SCH_V509_742019_17.CDF","7/21/2019 8:41:05 PM","7/21/2019 8:41:09 PM","18673756","2DYHPD2\User"
"C:\GCMSsolution\Data\Project1\Powers RMBL Data\CDF\SCH_V510_742019_18.CDF","7/21/2019 8:41:02 PM","7/21/2019 8:41:05 PM","18673528","2DYHPD2\User"
"C:\GCMSsolution\Data\Project1\Powers RMBL Data\CDF\SCH_V511_742019_19.CDF","7/21/2019 8:40:59 PM","7/21/2019 8:41:02 PM","18673828","2DYHPD2\User"
"C:\GCMSsolution\Data\Project1\Powers RMBL Data\CDF\SCH_V512_742019_20.CDF","7/21/2019 8:40:55 PM","7/21/2019 8:40:58 PM","18673876","2DYHPD2\User"
"C:\GCMSsolution\Data\Project1\Powers RMBL Data\CDF\SCH_V513_742019_21.CDF","7/21/2019 8:40:51 PM","7/21/2019 8:40:55 PM","18673840","2DYHPD2\User"
"C:\GCMSsolution\Data\Project1\Powers RMBL Data\CDF\SCH_V514_752019_04.CDF","7/21/2019 8:40:37 PM","7/21/2019 8:40:41 PM","18674092","2DYHPD2\User"
"C:\GCMSsolution\Data\Project1\Powers RMBL Data\CDF\SCH_V515_752019_05.CDF","7/21/2019 8:40:34 PM","7/21/2019 8:40:37 PM","18674152","2DYHPD2\User"
"C:\GCMSsolution\Data\Project1\Powers RMBL Data\CDF\SCH_V516_752019_06.CDF","7/21/2019 8:40:31 PM","7/21/2019 8:40:34 PM","18674020","2DYHPD2\User"
"C:\GCMSsolution\Data\Project1\Powers RMBL Data\CDF\SCH_V517_752019_07.CDF","7/21/2019 8:40:27 PM","7/21/2019 8:40:31 PM","18674080","2DYHPD2\User"
"C:\GCMSsolution\Data\Project1\Powers RMBL Data\CDF\SCH_V518_752019_08.CDF","7/21/2019 8:40:24 PM","7/21/2019 8:40:27 PM","18674044","2DYHPD2\User"
"C:\GCMSsolution\Data\Project1\Powers RMBL Data\CDF\SCH_V519_752019_09.CDF","7/21/2019 8:40:20 PM","7/21/2019 8:40:24 PM","18674224","2DYHPD2\User"
"C:\GCMSsolution\Data\Project1\Powers RMBL Data\CDF\SCH_V520_752019_10.CDF","7/21/2019 8:40:17 PM","7/21/2019 8:40:20 PM","18674044","2DYHPD2\User"
"C:\GCMSsolution\Data\Project1\Powers RMBL Data\CDF\SCH_V521_752019_02.CDF","7/21/2019 8:40:06 PM","7/21/2019 8:40:10 PM","18673984","2DYHPD2\User"
"C:\GCMSsolution\Data\Project1\Powers RMBL Data\CDF\SCH_V522_752019_03.CDF","7/21/2019 8:40:03 PM","7/21/2019 8:40:06 PM","18673564","2DYHPD2\User"
"C:\GCMSsolution\Data\Project1\Powers RMBL Data\CDF\SCH_V523_752019_04.CDF","7/21/2019 8:39:59 PM","7/21/2019 8:40:03 PM","18674008","2DYHPD2\User"
"C:\GCMSsolution\Data\Project1\Powers RMBL Data\CDF\SCH_V524_752019_05.CDF","7/21/2019 8:39:56 PM","7/21/2019 8:39:59 PM","18673984","2DYHPD2\User"
"C:\GCMSsolution\Data\Project1\Powers RMBL Data\CDF\SCH_V525_752019_06.CDF","7/21/2019 8:39:52 PM","7/21/2019 8:39:56 PM","18674164","2DYHPD2\User"
"C:\GCMSsolution\Data\Project1\Powers RMBL Data\CDF\SCH_V526_752019_07.CDF","7/21/2019 8:39:48 PM","7/21/2019 8:39:52 PM","18674032","2DYHPD2\User"
"C:\GCMSsolution\Data\Project1\Powers RMBL Data\CDF\SCH_V529_752019_08.CDF","7/21/2019 8:39:45 PM","7/21/2019 8:39:48 PM","18673960","2DYHPD2\User"
"C:\GCMSsolution\Data\Project1\Powers RMBL Data\CDF\SCH_V530_752019_09.CDF","7/21/2019 8:39:41 PM","7/21/2019 8:39:45 PM","18674308","2DYHPD2\User"
"C:\GCMSsolution\Data\Project1\Powers RMBL Data\CDF\SCH_V531_752019_10.CDF","7/21/2019 8:39:38 PM","7/21/2019 8:39:41 PM","18673732","2DYHPD2\User"
"C:\GCMSsolution\Data\Project1\Powers RMBL Data\CDF\SCH_V532_752019_12.CDF","7/21/2019 8:39:31 PM","7/21/2019 8:39:34 PM","18673732","2DYHPD2\User"
"C:\GCMSsolution\Data\Project1\Powers RMBL Data\CDF\SCH_V533_752019_13.CDF","7/21/2019 8:39:27 PM","7/21/2019 8:39:31 PM","18673792","2DYHPD2\User"
"C:\GCMSsolution\Data\Project1\Powers RMBL Data\CDF\SCH_V534_752019_14.CDF","7/21/2019 8:39:23 PM","7/21/2019 8:39:27 PM","18673936","2DYHPD2\User"
"C:\GCMSsolution\Data\Project1\Powers RMBL Data\CDF\SCH_V535_752019_15.CDF","7/21/2019 8:39:20 PM","7/21/2019 8:39:23 PM","18673792","2DYHPD2\User"
"C:\GCMSsolution\Data\Project1\Powers RMBL Data\CDF\SCH_V537_752019_16.CDF","7/21/2019 8:39:16 PM","7/21/2019 8:39:20 PM","18673744","2DYHPD2\User"
"C:\GCMSsolution\Data\Project1\Powers RMBL Data\CDF\SCH_V539_752019_23.CDF","7/21/2019 8:38:51 PM","7/21/2019 8:38:55 PM","18673480","2DYHPD2\User"
"C:\GCMSsolution\Data\Project1\Powers RMBL Data\CDF\SCH_V541_752019_17.CDF","7/21/2019 8:39:13 PM","7/21/2019 8:39:16 PM","18673660","2DYHPD2\User"
"C:\GCMSsolution\Data\Project1\Powers RMBL Data\CDF\SCH_V542_752019_18.CDF","7/21/2019 8:39:09 PM","7/21/2019 8:39:13 PM","18673744","2DYHPD2\User"
"C:\GCMSsolution\Data\Project1\Powers RMBL Data\CDF\SCH_V545_752019_19.CDF","7/21/2019 8:39:06 PM","7/21/2019 8:39:09 PM","18673480","2DYHPD2\User"
"C:\GCMSsolution\Data\Project1\Powers RMBL Data\CDF\SCH_V546_752019_20.CDF","7/21/2019 8:39:02 PM","7/21/2019 8:39:05 PM","18673840","2DYHPD2\User"
"C:\GCMSsolution\Data\Project1\Powers RMBL Data\CDF\SCH_V547_752019_21.CDF","7/21/2019 8:38:58 PM","7/21/2019 8:39:02 PM","18673936","2DYHPD2\User"
"C:\GCMSsolution\Data\Project1\Powers RMBL Data\CDF\SCH_V553_762019_02.CDF","7/21/2019 8:38:28 PM","7/21/2019 8:38:31 PM","18673900","2DYHPD2\User"
"C:\GCMSsolution\Data\Project1\Powers RMBL Data\CDF\SCH_V554_762019_03.CDF","7/21/2019 8:38:24 PM","7/21/2019 8:38:27 PM","18673756","2DYHPD2\User"
"C:\GCMSsolution\Data\Project1\Powers RMBL Data\CDF\SCH_V555_762019_04.CDF","7/21/2019 8:38:21 PM","7/21/2019 8:38:24 PM","18673876","2DYHPD2\User"
"C:\GCMSsolution\Data\Project1\Powers RMBL Data\CDF\SCH_V556_762019_05.CDF","7/21/2019 8:38:17 PM","7/21/2019 8:38:21 PM","18673636","2DYHPD2\User"
"C:\GCMSsolution\Data\Project1\Powers RMBL Data\CDF\SCH_V557_762019_06.CDF","7/21/2019 8:38:14 PM","7/21/2019 8:38:17 PM","18673864","2DYHPD2\User"
"C:\GCMSsolution\Data\Project1\Powers RMBL Data\CDF\SCH_V558_762019_07.CDF","7/21/2019 8:38:11 PM","7/21/2019 8:38:14 PM","18673684","2DYHPD2\User"
"C:\GCMSsolution\Data\Project1\Powers RMBL Data\CDF\SCH_V559_762019_08.CDF","7/21/2019 8:38:07 PM","7/21/2019 8:38:11 PM","18674080","2DYHPD2\User"
"C:\GCMSsolution\Data\Project1\Powers RMBL Data\CDF\SCH_V560_762019_09.CDF","7/21/2019 8:38:04 PM","7/21/2019 8:38:07 PM","18674056","2DYHPD2\User"
"C:\GCMSsolution\Data\Project1\Powers RMBL Data\CDF\SCH_V561_762019_10.CDF","7/21/2019 8:38:01 PM","7/21/2019 8:38:04 PM","18674080","2DYHPD2\User"
"C:\GCMSsolution\Data\Project1\Powers RMBL Data\CDF\SCH_V562_762019_12.CDF","7/21/2019 8:37:54 PM","7/21/2019 8:37:57 PM","18674128","2DYHPD2\User"
"C:\GCMSsolution\Data\Project1\Powers RMBL Data\CDF\SCH_V563_762019_13.CDF","7/21/2019 8:37:50 PM","7/21/2019 8:37:54 PM","18674032","2DYHPD2\User"
"C:\GCMSsolution\Data\Project1\Powers RMBL Data\CDF\SCH_V564_762019_14.CDF","7/21/2019 8:37:47 PM","7/21/2019 8:37:50 PM","18674128","2DYHPD2\User"
"C:\GCMSsolution\Data\Project1\Powers RMBL Data\CDF\SCH_V565_762019_15.CDF","7/21/2019 8:37:44 PM","7/21/2019 8:37:47 PM","18674032","2DYHPD2\User"
"C:\GCMSsolution\Data\Project1\Powers RMBL Data\CDF\SCH_V566_762019_16.CDF","7/21/2019 8:37:40 PM","7/21/2019 8:37:43 PM","18673756","2DYHPD2\User"
"C:\GCMSsolution\Data\Project1\Powers RMBL Data\CDF\SCH_V567_762019_17.CDF","7/21/2019 8:37:37 PM","7/21/2019 8:37:40 PM","18674164","2DYHPD2\User"
"C:\GCMSsolution\Data\Project1\Powers RMBL Data\CDF\SCH_V568_762019_18.CDF","7/21/2019 8:37:33 PM","7/21/2019 8:37:37 PM","18673648","2DYHPD2\User"
"C:\GCMSsolution\Data\Project1\Powers RMBL Data\CDF\SCH_V569_762019_19.CDF","7/21/2019 8:37:30 PM","7/21/2019 8:37:33 PM","18673948","2DYHPD2\User"
"C:\GCMSsolution\Data\Project1\Powers RMBL Data\CDF\SCH_V570_762019_20.CDF","7/21/2019 8:37:26 PM","7/21/2019 8:37:30 PM","18673900","2DYHPD2\User"
"C:\GCMSsolution\Data\Project1\Powers RMBL Data\CDF\SCH_V571_762019_21.CDF","7/21/2019 8:37:23 PM","7/21/2019 8:37:26 PM","18674092","2DYHPD2\User"
"C:\GCMSsolution\Data\Project1\Powers RMBL Data\CDF\SCH_V572_762019_23.CDF","7/21/2019 8:37:16 PM","7/21/2019 8:37:19 PM","18673876","2DYHPD2\User"
"C:\GCMSsolution\Data\Project1\Powers RMBL Data\CDF\SCH_V573_762019_24.CDF","7/21/2019 8:37:12 PM","7/21/2019 8:37:16 PM","18673636","2DYHPD2\User"
"C:\GCMSsolution\Data\Project1\Powers RMBL Data\CDF\SCH_V574_762019_25.CDF","7/21/2019 8:37:09 PM","7/21/2019 8:37:12 PM","18673972","2DYHPD2\User"
"C:\GCMSsolution\Data\Project1\Powers RMBL Data\CDF\SCH_V575_762019_26.CDF","7/21/2019 8:37:06 PM","7/21/2019 8:37:09 PM","18673840","2DYHPD2\User"
"C:\GCMSsolution\Data\Project1\Powers RMBL Data\CDF\SCH_V576_762019_27.CDF","7/21/2019 8:37:02 PM","7/21/2019 8:37:05 PM","18674080","2DYHPD2\User"
"C:\GCMSsolution\Data\Project1\Powers RMBL Data\CDF\SCH_V578_772019_02.CDF","7/21/2019 8:36:52 PM","7/21/2019 8:36:55 PM","18674224","2DYHPD2\User"
"C:\GCMSsolution\Data\Project1\Powers RMBL Data\CDF\SCH_V584_772019_03.CDF","7/21/2019 8:36:48 PM","7/21/2019 8:36:52 PM","18674068","2DYHPD2\User"
"C:\GCMSsolution\Data\Project1\Powers RMBL Data\CDF\SCH_V590_772019_04.CDF","7/21/2019 8:36:45 PM","7/21/2019 8:36:48 PM","18674224","2DYHPD2\User"
"C:\GCMSsolution\Data\Project1\Powers RMBL Data\CDF\SCH_V591_772019_05.CDF","7/21/2019 8:36:41 PM","7/21/2019 8:36:45 PM","18673936","2DYHPD2\User"
"C:\GCMSsolution\Data\Project1\Powers RMBL Data\CDF\SCH_V592_772019_06.CDF","7/21/2019 8:36:38 PM","7/21/2019 8:36:41 PM","18673888","2DYHPD2\User"
"C:\GCMSsolution\Data\Project1\Powers RMBL Data\CDF\SCH_V595_772019_07.CDF","7/21/2019 8:36:34 PM","7/21/2019 8:36:38 PM","18673972","2DYHPD2\User"
"C:\GCMSsolution\Data\Project1\Powers RMBL Data\CDF\SCH_V596_772019_08.CDF","7/21/2019 8:36:31 PM","7/21/2019 8:36:34 PM","18673684","2DYHPD2\User"
"C:\GCMSsolution\Data\Project1\Powers RMBL Data\CDF\SCH_V597_772019_09.CDF","7/21/2019 8:36:27 PM","7/21/2019 8:36:31 PM","18673720","2DYHPD2\User"
"C:\GCMSsolution\Data\Project1\Powers RMBL Data\CDF\SCH_V6_7102019_14.CDF","7/21/2019 10:29:59 PM","7/21/2019 10:30:02 PM","18673596","2DYHPD2\User"
"C:\GCMSsolution\Data\Project1\Powers RMBL Data\CDF\SCH_V601_772019_10.CDF","7/21/2019 8:36:24 PM","7/21/2019 8:36:27 PM","18673708","2DYHPD2\User"
"C:\GCMSsolution\Data\Project1\Powers RMBL Data\CDF\SCH_V602_772019_12.CDF","7/21/2019 8:36:16 PM","7/21/2019 8:36:20 PM","18673600","2DYHPD2\User"
"C:\GCMSsolution\Data\Project1\Powers RMBL Data\CDF\SCH_V603_772019_13.CDF","7/21/2019 8:36:13 PM","7/21/2019 8:36:16 PM","18673672","2DYHPD2\User"
"C:\GCMSsolution\Data\Project1\Powers RMBL Data\CDF\SCH_V604_772019_14.CDF","7/21/2019 8:36:09 PM","7/21/2019 8:36:12 PM","18673636","2DYHPD2\User"
"C:\GCMSsolution\Data\Project1\Powers RMBL Data\CDF\SCH_V605_772019_15.CDF","7/21/2019 8:36:06 PM","7/21/2019 8:36:09 PM","18673384","2DYHPD2\User"
"C:\GCMSsolution\Data\Project1\Powers RMBL Data\CDF\SCH_V611_772019_16.CDF","7/21/2019 8:36:02 PM","7/21/2019 8:36:05 PM","18673636","2DYHPD2\User"
"C:\GCMSsolution\Data\Project1\Powers RMBL Data\CDF\SCH_V615_772019_17.CDF","7/21/2019 8:35:59 PM","7/21/2019 8:36:02 PM","18673696","2DYHPD2\User"
"C:\GCMSsolution\Data\Project1\Powers RMBL Data\CDF\SCH_V616_772019_18.CDF","7/21/2019 8:35:55 PM","7/21/2019 8:35:59 PM","18673612","2DYHPD2\User"
"C:\GCMSsolution\Data\Project1\Powers RMBL Data\CDF\SCH_V618_772019_19.CDF","7/21/2019 8:35:52 PM","7/21/2019 8:35:55 PM","18674104","2DYHPD2\User"
"C:\GCMSsolution\Data\Project1\Powers RMBL Data\CDF\SCH_V619_772019_20.CDF","7/21/2019 8:35:48 PM","7/21/2019 8:35:52 PM","18673876","2DYHPD2\User"
"C:\GCMSsolution\Data\Project1\Powers RMBL Data\CDF\SCH_V620_772019_21.CDF","7/21/2019 8:35:45 PM","7/21/2019 8:35:48 PM","18674044","2DYHPD2\User"
"C:\GCMSsolution\Data\Project1\Powers RMBL Data\CDF\SCH_V621_782019_02.CDF","7/21/2019 8:35:35 PM","7/21/2019 8:35:38 PM","18674212","2DYHPD2\User"
"C:\GCMSsolution\Data\Project1\Powers RMBL Data\CDF\SCH_V622_782019_03.CDF","7/21/2019 8:35:31 PM","7/21/2019 8:35:35 PM","18673828","2DYHPD2\User"
"C:\GCMSsolution\Data\Project1\Powers RMBL Data\CDF\SCH_V623_782019_04.CDF","7/21/2019 8:35:28 PM","7/21/2019 8:35:31 PM","18673912","2DYHPD2\User"
"C:\GCMSsolution\Data\Project1\Powers RMBL Data\CDF\SCH_V624_782019_05.CDF","7/21/2019 8:35:24 PM","7/21/2019 8:35:28 PM","18674104","2DYHPD2\User"
"C:\GCMSsolution\Data\Project1\Powers RMBL Data\CDF\SCH_V624_782019_14.CDF","7/21/2019 8:33:09 PM","7/21/2019 8:33:12 PM","18673132","2DYHPD2\User"
"C:\GCMSsolution\Data\Project1\Powers RMBL Data\CDF\SCH_V625_782019_06.CDF","7/21/2019 8:35:21 PM","7/21/2019 8:35:24 PM","18674188","2DYHPD2\User"
"C:\GCMSsolution\Data\Project1\Powers RMBL Data\CDF\SCH_V626_782019_07.CDF","7/21/2019 8:35:17 PM","7/21/2019 8:35:21 PM","18673828","2DYHPD2\User"
"C:\GCMSsolution\Data\Project1\Powers RMBL Data\CDF\SCH_V627_782019_08.CDF","7/21/2019 8:35:14 PM","7/21/2019 8:35:17 PM","18674044","2DYHPD2\User"
"C:\GCMSsolution\Data\Project1\Powers RMBL Data\CDF\SCH_V628_782019_09.CDF","7/21/2019 8:35:10 PM","7/21/2019 8:35:14 PM","18674080","2DYHPD2\User"
"C:\GCMSsolution\Data\Project1\Powers RMBL Data\CDF\SCH_V629_782019_10.CDF","7/21/2019 8:35:07 PM","7/21/2019 8:35:10 PM","18674248","2DYHPD2\User"
"C:\GCMSsolution\Data\Project1\Powers RMBL Data\CDF\SCH_V630_782019_12.CDF","7/21/2019 8:34:59 PM","7/21/2019 8:35:03 PM","18673984","2DYHPD2\User"
"C:\GCMSsolution\Data\Project1\Powers RMBL Data\CDF\SCH_V631_782019_13.CDF","7/21/2019 8:34:56 PM","7/21/2019 8:34:59 PM","18673912","2DYHPD2\User"
"C:\GCMSsolution\Data\Project1\Powers RMBL Data\CDF\SCH_V632_782019_14.CDF","7/21/2019 8:34:52 PM","7/21/2019 8:34:56 PM","18673996","2DYHPD2\User"
"C:\GCMSsolution\Data\Project1\Powers RMBL Data\CDF\SCH_V633_782019_15.CDF","7/21/2019 8:34:48 PM","7/21/2019 8:34:52 PM","18674188","2DYHPD2\User"
"C:\GCMSsolution\Data\Project1\Powers RMBL Data\CDF\SCH_V634_782019_16.CDF","7/21/2019 8:34:45 PM","7/21/2019 8:34:48 PM","18674032","2DYHPD2\User"
"C:\GCMSsolution\Data\Project1\Powers RMBL Data\CDF\SCH_V635_782019_17.CDF","7/21/2019 8:34:41 PM","7/21/2019 8:34:45 PM","18674284","2DYHPD2\User"
"C:\GCMSsolution\Data\Project1\Powers RMBL Data\CDF\SCH_V636_782019_18.CDF","7/21/2019 8:34:38 PM","7/21/2019 8:34:41 PM","18674080","2DYHPD2\User"
"C:\GCMSsolution\Data\Project1\Powers RMBL Data\CDF\SCH_V637_782019_19.CDF","7/21/2019 8:34:35 PM","7/21/2019 8:34:38 PM","18674020","2DYHPD2\User"
"C:\GCMSsolution\Data\Project1\Powers RMBL Data\CDF\SCH_V638_782019_20.CDF","7/21/2019 8:34:31 PM","7/21/2019 8:34:35 PM","18673432","2DYHPD2\User"
"C:\GCMSsolution\Data\Project1\Powers RMBL Data\CDF\SCH_V642_782019_03.CDF","7/21/2019 8:34:21 PM","7/21/2019 8:34:24 PM","18673840","2DYHPD2\User"
"C:\GCMSsolution\Data\Project1\Powers RMBL Data\CDF\SCH_V644_782019_04.CDF","7/21/2019 8:34:18 PM","7/21/2019 8:34:21 PM","18673396","2DYHPD2\User"
"C:\GCMSsolution\Data\Project1\Powers RMBL Data\CDF\SCH_V645_782019_05.CDF","7/21/2019 8:34:14 PM","7/21/2019 8:34:18 PM","18673372","2DYHPD2\User"
"C:\GCMSsolution\Data\Project1\Powers RMBL Data\CDF\SCH_V647_782019_06.CDF","7/21/2019 8:34:11 PM","7/21/2019 8:34:14 PM","18673744","2DYHPD2\User"
"C:\GCMSsolution\Data\Project1\Powers RMBL Data\CDF\SCH_V648_782019_07.CDF","7/21/2019 8:34:08 PM","7/21/2019 8:34:11 PM","18673012","2DYHPD2\User"
"C:\GCMSsolution\Data\Project1\Powers RMBL Data\CDF\SCH_V649_782019_08.CDF","7/21/2019 8:34:05 PM","7/21/2019 8:34:08 PM","18673348","2DYHPD2\User"
"C:\GCMSsolution\Data\Project1\Powers RMBL Data\CDF\SCH_V650_782019_09.CDF","7/21/2019 8:34:01 PM","7/21/2019 8:34:04 PM","18673528","2DYHPD2\User"
"C:\GCMSsolution\Data\Project1\Powers RMBL Data\CDF\SCH_V651_782019_10.CDF","7/21/2019 8:33:58 PM","7/21/2019 8:34:01 PM","18673132","2DYHPD2\User"
"C:\GCMSsolution\Data\Project1\Powers RMBL Data\CDF\SCH_V652_782019_02.CDF","7/21/2019 8:33:50 PM","7/21/2019 8:33:54 PM","18673528","2DYHPD2\User"
"C:\GCMSsolution\Data\Project1\Powers RMBL Data\CDF\SCH_V653_782019_03.CDF","7/21/2019 8:33:47 PM","7/21/2019 8:33:50 PM","18673504","2DYHPD2\User"
"C:\GCMSsolution\Data\Project1\Powers RMBL Data\CDF\SCH_V656_782019_04.CDF","7/21/2019 8:33:43 PM","7/21/2019 8:33:47 PM","18673180","2DYHPD2\User"
"C:\GCMSsolution\Data\Project1\Powers RMBL Data\CDF\SCH_V657_782019_05.CDF","7/21/2019 8:33:40 PM","7/21/2019 8:33:43 PM","18673144","2DYHPD2\User"
"C:\GCMSsolution\Data\Project1\Powers RMBL Data\CDF\SCH_V658_782019_06.CDF","7/21/2019 8:33:36 PM","7/21/2019 8:33:40 PM","18673744","2DYHPD2\User"
"C:\GCMSsolution\Data\Project1\Powers RMBL Data\CDF\SCH_V659_782019_07.CDF","7/21/2019 8:33:33 PM","7/21/2019 8:33:36 PM","18673444","2DYHPD2\User"
"C:\GCMSsolution\Data\Project1\Powers RMBL Data\CDF\SCH_V660_782019_08.CDF","7/21/2019 8:33:29 PM","7/21/2019 8:33:33 PM","18673948","2DYHPD2\User"
"C:\GCMSsolution\Data\Project1\Powers RMBL Data\CDF\SCH_V661_782019_09.CDF","7/21/2019 8:33:26 PM","7/21/2019 8:33:29 PM","18673744","2DYHPD2\User"
"C:\GCMSsolution\Data\Project1\Powers RMBL Data\CDF\SCH_V662_782019_10.CDF","7/21/2019 8:33:22 PM","7/21/2019 8:33:26 PM","18673900","2DYHPD2\User"
"C:\GCMSsolution\Data\Project1\Powers RMBL Data\CDF\SCH_V670_782019_02.CDF","7/21/2019 8:34:24 PM","7/21/2019 8:34:28 PM","18673804","2DYHPD2\User"
"C:\GCMSsolution\Data\Project1\Powers RMBL Data\CDF\SCH_V678_782019_12.CDF","7/21/2019 8:33:16 PM","7/21/2019 8:33:19 PM","18673672","2DYHPD2\User"
"C:\GCMSsolution\Data\Project1\Powers RMBL Data\CDF\SCH_V683_782019_13.CDF","7/21/2019 8:33:12 PM","7/21/2019 8:33:16 PM","18673288","2DYHPD2\User"
"C:\GCMSsolution\Data\Project1\Powers RMBL Data\CDF\SCH_V7_7102019_15.CDF","7/21/2019 10:29:55 PM","7/21/2019 10:29:58 PM","18673668","2DYHPD2\User"
"C:\GCMSsolution\Data\Project1\Powers RMBL Data\CDF\SCH_V8_7102019_16.CDF","7/21/2019 10:29:51 PM","7/21/2019 10:29:54 PM","18673524","2DYHPD2\User"
"C:\GCMSsolution\Data\Project1\Powers RMBL Data\CDF\SCH_V9_7102019_17.CDF","7/21/2019 10:29:47 PM","7/21/2019 10:29:51 PM","18673776","2DYHPD2\User"
"C:\GCMSsolution\Data\Project1\Powers RMBL Data\CDF\STEL_V577_6202019_01.CDF","6/21/2019 10:57:10 AM","6/21/2019 10:57:13 AM","18674584","2DYHPD2\User"
"C:\GCMSsolution\Data\Project1\Powers RMBL Data\CDF\STEL_V577_6202019_01~01.CDF","6/22/2019 12:00:31 PM","6/22/2019 12:00:34 PM","18674584","2DYHPD2\User"
"C:\GCMSsolution\Data\Project1\Powers RMBL Data\CDF\STEL_V577_6202019_01~02.CDF","7/21/2019 9:09:17 PM","7/21/2019 9:09:20 PM","18674584","2DYHPD2\User"
"C:\GCMSsolution\Data\Project1\Powers RMBL Data\GLOB_V126_6212019_03.qgd","6/21/2019 10:30:05 PM","8/4/2019 9:45:31 PM","8003584","2DYHPD2\User"
"C:\GCMSsolution\Data\Project1\Powers RMBL Data\GLOB_V127_6212019_04.qgd","6/21/2019 11:01:42 PM","8/4/2019 9:42:22 PM","7979008","2DYHPD2\User"
"C:\GCMSsolution\Data\Project1\Powers RMBL Data\GLOB_V128_6212019_05.qgd","6/21/2019 11:33:32 PM","8/4/2019 9:39:14 PM","7897088","2DYHPD2\User"
"C:\GCMSsolution\Data\Project1\Powers RMBL Data\GLOB_V130_6212019_06.qgd","6/22/2019 12:05:00 AM","8/4/2019 9:35:53 PM","7938048","2DYHPD2\User"
"C:\GCMSsolution\Data\Project1\Powers RMBL Data\GLOB_V131_6212019_07.qgd","6/22/2019 12:36:33 AM","8/4/2019 9:32:32 PM","8036352","2DYHPD2\User"
"C:\GCMSsolution\Data\Project1\Powers RMBL Data\GLOB_V133_6212019_09.qgd","6/22/2019 1:39:25 AM","8/4/2019 9:26:17 PM","7794688","2DYHPD2\User"
"C:\GCMSsolution\Data\Project1\Powers RMBL Data\GLOB_V134_6212019_11.qgd","6/22/2019 2:42:09 AM","8/4/2019 9:20:57 PM","8540160","2DYHPD2\User"
"C:\GCMSsolution\Data\Project1\Powers RMBL Data\GLOB_V135_6212019_12.qgd","6/22/2019 3:13:25 AM","8/4/2019 9:17:52 PM","8773632","2DYHPD2\User"
"C:\GCMSsolution\Data\Project1\Powers RMBL Data\GLOB_V136_6212019_13.qgd","6/22/2019 3:44:41 AM","8/4/2019 9:14:48 PM","8273920","2DYHPD2\User"
"C:\GCMSsolution\Data\Project1\Powers RMBL Data\GLOB_V137_6212019_14.qgd","6/22/2019 4:15:57 AM","8/4/2019 9:11:40 PM","7950336","2DYHPD2\User"
"C:\GCMSsolution\Data\Project1\Powers RMBL Data\GLOB_V138_6212019_15.qgd","6/22/2019 4:47:21 AM","8/4/2019 9:08:34 PM","7938048","2DYHPD2\User"
"C:\GCMSsolution\Data\Project1\Powers RMBL Data\GLOB_V139_6212019_16.qgd","6/22/2019 5:18:54 AM","8/4/2019 9:05:27 PM","7995392","2DYHPD2\User"
"C:\GCMSsolution\Data\Project1\Powers RMBL Data\GLOB_V140_6212019_17.qgd","6/22/2019 5:50:01 AM","8/4/2019 9:02:09 PM","8081408","2DYHPD2\User"
"C:\GCMSsolution\Data\Project1\Powers RMBL Data\GLOB_V141_6212019_18.qgd","6/22/2019 6:21:21 AM","8/4/2019 8:58:56 PM","8028160","2DYHPD2\User"
"C:\GCMSsolution\Data\Project1\Powers RMBL Data\GLOB_V142_6212019_19.qgd","6/22/2019 6:52:32 AM","8/4/2019 8:55:36 PM","8142848","2DYHPD2\User"
"C:\GCMSsolution\Data\Project1\Powers RMBL Data\GLOB_V143_6212019_20.qgd","6/22/2019 7:23:44 AM","8/4/2019 8:52:20 PM","8060928","2DYHPD2\User"
"C:\GCMSsolution\Data\Project1\Powers RMBL Data\GLOB_V144_6222019_01.qgd","6/22/2019 12:31:54 PM","8/4/2019 8:46:56 PM","7958528","2DYHPD2\User"
"C:\GCMSsolution\Data\Project1\Powers RMBL Data\GLOB_V145_6222019_02.qgd","6/22/2019 1:10:02 PM","8/4/2019 8:43:36 PM","7987200","2DYHPD2\User"
"C:\GCMSsolution\Data\Project1\Powers RMBL Data\GLOB_V146_6222019_03.qgd","6/22/2019 1:41:04 PM","8/4/2019 8:40:09 PM","8097792","2DYHPD2\User"
"C:\GCMSsolution\Data\Project1\Powers RMBL Data\GLOB_V147_6222019_04.qgd","6/22/2019 2:12:16 PM","8/4/2019 8:38:11 PM","7651328","2DYHPD2\User"
"C:\GCMSsolution\Data\Project1\Powers RMBL Data\GLOB_V147_6232019_02.qgd","6/23/2019 12:38:08 AM","8/4/2019 7:44:01 PM","8089600","2DYHPD2\User"
"C:\GCMSsolution\Data\Project1\Powers RMBL Data\GLOB_V148_6222019_05.qgd","6/22/2019 2:43:03 PM","8/4/2019 8:34:56 PM","7917568","2DYHPD2\User"
"C:\GCMSsolution\Data\Project1\Powers RMBL Data\GLOB_V149_6222019_06.qgd","6/22/2019 3:14:02 PM","8/4/2019 8:31:35 PM","7970816","2DYHPD2\User"
"C:\GCMSsolution\Data\Project1\Powers RMBL Data\GLOB_V150_6222019_07.qgd","6/22/2019 3:46:00 PM","8/4/2019 8:28:16 PM","7999488","2DYHPD2\User"
"C:\GCMSsolution\Data\Project1\Powers RMBL Data\GLOB_V151_6222019_08.qgd","6/22/2019 4:18:20 PM","8/4/2019 8:24:55 PM","8110080","2DYHPD2\User"
"C:\GCMSsolution\Data\Project1\Powers RMBL Data\GLOB_V152_6222019_09.qgd","6/22/2019 4:50:44 PM","8/4/2019 8:21:32 PM","8196096","2DYHPD2\User"
"C:\GCMSsolution\Data\Project1\Powers RMBL Data\GLOB_V153_6222019_11.qgd","6/22/2019 5:55:56 PM","8/4/2019 8:15:45 PM","8048640","2DYHPD2\User"
"C:\GCMSsolution\Data\Project1\Powers RMBL Data\GLOB_V156_6222019_12.qgd","6/22/2019 6:27:50 PM","8/4/2019 8:12:17 PM","8278016","2DYHPD2\User"
"C:\GCMSsolution\Data\Project1\Powers RMBL Data\GLOB_V157_6222019_13.qgd","6/22/2019 7:00:10 PM","8/4/2019 8:08:50 PM","8249344","2DYHPD2\User"
"C:\GCMSsolution\Data\Project1\Powers RMBL Data\GLOB_V158_6222019_14.qgd","6/22/2019 7:32:39 PM","8/4/2019 8:05:23 PM","8200192","2DYHPD2\User"
"C:\GCMSsolution\Data\Project1\Powers RMBL Data\GLOB_V172_6252019_07.qgd","6/25/2019 2:00:30 PM","8/4/2019 2:45:15 PM","7884800","2DYHPD2\User"
"C:\GCMSsolution\Data\Project1\Powers RMBL Data\GLOB_V173_6252019_08.qgd","6/25/2019 2:33:32 PM","8/4/2019 2:41:24 PM","8093696","2DYHPD2\User"
"C:\GCMSsolution\Data\Project1\Powers RMBL Data\GLOB_V175_6252019_09.qgd","6/25/2019 3:05:40 PM","8/4/2019 2:37:42 PM","7987200","2DYHPD2\User"
"C:\GCMSsolution\Data\Project1\Powers RMBL Data\GLOB_V176_6252019_10.qgd","6/25/2019 3:37:59 PM","8/4/2019 2:34:00 PM","8118272","2DYHPD2\User"
"C:\GCMSsolution\Data\Project1\Powers RMBL Data\GLOB_V178_6252019_12.qgd","6/25/2019 4:42:43 PM","8/4/2019 2:27:49 PM","8056832","2DYHPD2\User"
"C:\GCMSsolution\Data\Project1\Powers RMBL Data\GLOB_V179_6252019_13.qgd","6/25/2019 5:14:38 PM","8/4/2019 2:24:13 PM","7974912","2DYHPD2\User"
"C:\GCMSsolution\Data\Project1\Powers RMBL Data\GLOB_V180_6252019_14.qgd","6/25/2019 5:47:07 PM","8/4/2019 2:20:35 PM","8052736","2DYHPD2\User"
"C:\GCMSsolution\Data\Project1\Powers RMBL Data\GLOB_V181_6252019_15.qgd","6/25/2019 6:19:26 PM","8/4/2019 2:17:09 PM","8044544","2DYHPD2\User"
"C:\GCMSsolution\Data\Project1\Powers RMBL Data\GLOB_V182_6252019_16.qgd","6/25/2019 6:51:30 PM","8/4/2019 2:13:44 PM","7933952","2DYHPD2\User"
"C:\GCMSsolution\Data\Project1\Powers RMBL Data\GLOB_V183_6252019_17.qgd","6/25/2019 7:23:15 PM","8/4/2019 2:10:03 PM","7979008","2DYHPD2\User"
"C:\GCMSsolution\Data\Project1\Powers RMBL Data\GLOB_V184_6252019_18.qgd","6/25/2019 7:54:56 PM","8/4/2019 2:06:26 PM","8003584","2DYHPD2\User"
"C:\GCMSsolution\Data\Project1\Powers RMBL Data\GLOB_V185_6252019_19.qgd","6/25/2019 8:26:34 PM","8/4/2019 2:02:47 PM","7946240","2DYHPD2\User"
"C:\GCMSsolution\Data\Project1\Powers RMBL Data\GLOB_V186_6252019_20.qgd","6/25/2019 8:57:55 PM","8/4/2019 1:59:14 PM","8032256","2DYHPD2\User"
"C:\GCMSsolution\Data\Project1\Powers RMBL Data\GLOB_V259_6222019_15.qgd","6/22/2019 8:05:49 PM","8/4/2019 8:02:33 PM","7827456","2DYHPD2\User"
"C:\GCMSsolution\Data\Project1\Powers RMBL Data\GLOB_V264_6222019_16.qgd","6/22/2019 8:37:56 PM","8/4/2019 7:59:46 PM","7766016","2DYHPD2\User"
"C:\GCMSsolution\Data\Project1\Powers RMBL Data\GLOB_V281_6222019_17.qgd","6/22/2019 9:10:03 PM","8/4/2019 7:56:21 PM","7991296","2DYHPD2\User"
"C:\GCMSsolution\Data\Project1\Powers RMBL Data\GLOB_V306_6222019_18.qgd","6/22/2019 9:42:35 PM","8/4/2019 7:53:15 PM","7827456","2DYHPD2\User"
"C:\GCMSsolution\Data\Project1\Powers RMBL Data\GLOB_V307_6222019_19.qgd","6/22/2019 10:15:23 PM","8/4/2019 7:49:53 PM","8011776","2DYHPD2\User"
"C:\GCMSsolution\Data\Project1\Powers RMBL Data\GLOB_V308_6232019_03.qgd","6/23/2019 1:09:47 AM","8/4/2019 7:40:46 PM","7843840","2DYHPD2\User"
"C:\GCMSsolution\Data\Project1\Powers RMBL Data\GLOB_V339_6232019_04.qgd","6/23/2019 1:41:33 AM","8/4/2019 7:37:37 PM","7745536","2DYHPD2\User"
"C:\GCMSsolution\Data\Project1\Powers RMBL Data\GLOB_V340_6232019_05.qgd","6/23/2019 2:13:10 AM","8/4/2019 7:34:24 PM","7766016","2DYHPD2\User"
"C:\GCMSsolution\Data\Project1\Powers RMBL Data\GLOB_V341_6232019_06.qgd","6/23/2019 2:44:43 AM","8/4/2019 7:31:19 PM","7741440","2DYHPD2\User"
"C:\GCMSsolution\Data\Project1\Powers RMBL Data\GLOB_V348_6232019_07.qgd","6/23/2019 3:16:16 AM","8/4/2019 7:27:53 PM","7962624","2DYHPD2\User"
"C:\GCMSsolution\Data\Project1\Powers RMBL Data\GLOB_V349_6232019_08.qgd","6/23/2019 3:47:45 AM","8/4/2019 7:24:53 PM","7761920","2DYHPD2\User"
"C:\GCMSsolution\Data\Project1\Powers RMBL Data\GLOB_V350_6232019_09.qgd","6/23/2019 4:19:19 AM","8/4/2019 7:21:50 PM","7811072","2DYHPD2\User"
"C:\GCMSsolution\Data\Project1\Powers RMBL Data\GLOB_V351_6232019_10.qgd","6/23/2019 4:50:52 AM","8/4/2019 7:18:54 PM","7757824","2DYHPD2\User"
"C:\GCMSsolution\Data\Project1\Powers RMBL Data\GLOB_V352_6232019_12.qgd","6/23/2019 5:53:55 AM","8/4/2019 7:13:23 PM","7700480","2DYHPD2\User"
"C:\GCMSsolution\Data\Project1\Powers RMBL Data\GLOB_V387_6232019_13.qgd","6/23/2019 6:25:02 AM","8/4/2019 7:10:09 PM","7712768","2DYHPD2\User"
"C:\GCMSsolution\Data\Project1\Powers RMBL Data\GLOB_V388_6232019_14.qgd","6/23/2019 6:56:23 AM","8/4/2019 7:06:32 PM","8060928","2DYHPD2\User"
"C:\GCMSsolution\Data\Project1\Powers RMBL Data\GLOB_V392_6232019_15.qgd","6/23/2019 7:27:35 AM","8/4/2019 7:03:28 PM","7774208","2DYHPD2\User"
"C:\GCMSsolution\Data\Project1\Powers RMBL Data\GLOB_V393_6232019_16.qgd","6/23/2019 7:59:05 AM","8/4/2019 7:00:05 PM","7954432","2DYHPD2\User"
"C:\GCMSsolution\Data\Project1\Powers RMBL Data\GLOB_V41_6212019_01.qgd","6/21/2019 9:25:09 PM","8/4/2019 9:52:12 PM","7925760","2DYHPD2\User"
"C:\GCMSsolution\Data\Project1\Powers RMBL Data\GLOB_V438_6232019_17.qgd","6/23/2019 8:30:29 AM","8/4/2019 6:56:58 PM","7749632","2DYHPD2\User"
"C:\GCMSsolution\Data\Project1\Powers RMBL Data\GLOB_V439_6232019_18.qgd","6/23/2019 9:01:58 AM","8/4/2019 6:53:52 PM","7774208","2DYHPD2\User"
"C:\GCMSsolution\Data\Project1\Powers RMBL Data\GLOB_V440_6232019_19.qgd","6/23/2019 9:33:24 AM","8/4/2019 6:50:40 PM","7749632","2DYHPD2\User"
"C:\GCMSsolution\Data\Project1\Powers RMBL Data\GLOB_V441_6232019_20.qgd","6/23/2019 10:04:37 AM","8/4/2019 6:47:36 PM","7692288","2DYHPD2\User"
"C:\GCMSsolution\Data\Project1\Powers RMBL Data\GLOB_V442_6232019_21.qgd","6/23/2019 10:36:02 AM","8/4/2019 6:44:32 PM","7725056","2DYHPD2\User"
"C:\GCMSsolution\Data\Project1\Powers RMBL Data\GLOB_V443_6232019_02.qgd","6/23/2019 5:47:37 PM","8/4/2019 6:22:49 PM","7823360","2DYHPD2\User"
"C:\GCMSsolution\Data\Project1\Powers RMBL Data\GLOB_V448_6232019_03.qgd","6/23/2019 6:18:45 PM","8/4/2019 6:19:37 PM","7790592","2DYHPD2\User"
"C:\GCMSsolution\Data\Project1\Powers RMBL Data\GLOB_V448_trytwo_6242019_02.qgd","6/24/2019 10:39:56 PM","8/4/2019 4:08:02 PM","8454144","2DYHPD2\User"
"C:\GCMSsolution\Data\Project1\Powers RMBL Data\GLOB_V449_6232019_04.qgd","6/23/2019 6:49:48 PM","8/4/2019 6:16:27 PM","7794688","2DYHPD2\User"
"C:\GCMSsolution\Data\Project1\Powers RMBL Data\GLOB_V45_6212019_02.qgd","6/21/2019 9:57:54 PM","8/4/2019 9:48:56 PM","8417280","2DYHPD2\User"
"C:\GCMSsolution\Data\Project1\Powers RMBL Data\GLOB_V527_6232019_05.qgd","6/23/2019 7:20:56 PM","8/4/2019 6:13:11 PM","7745536","2DYHPD2\User"
"C:\GCMSsolution\Data\Project1\Powers RMBL Data\GLOB_V528_6232019_06.qgd","6/23/2019 7:52:04 PM","8/4/2019 6:09:49 PM","7806976","2DYHPD2\User"
"C:\GCMSsolution\Data\Project1\Powers RMBL Data\GLOB_V536_6232019_07.qgd","6/23/2019 8:23:16 PM","8/4/2019 6:06:37 PM","7901184","2DYHPD2\User"
"C:\GCMSsolution\Data\Project1\Powers RMBL Data\GLOB_V538_6232019_08.qgd","6/23/2019 8:54:15 PM","8/4/2019 6:03:22 PM","7823360","2DYHPD2\User"
"C:\GCMSsolution\Data\Project1\Powers RMBL Data\GLOB_V540_6232019_09.qgd","6/23/2019 9:25:22 PM","8/4/2019 6:00:15 PM","7802880","2DYHPD2\User"
"C:\GCMSsolution\Data\Project1\Powers RMBL Data\GLOB_V543_6232019_10.qgd","6/23/2019 9:56:33 PM","8/4/2019 5:57:03 PM","7802880","2DYHPD2\User"
"C:\GCMSsolution\Data\Project1\Powers RMBL Data\GLOB_V544_6232019_12.qgd","6/23/2019 10:59:01 PM","8/4/2019 5:51:11 PM","7778304","2DYHPD2\User"
"C:\GCMSsolution\Data\Project1\Powers RMBL Data\GLOB_V548_6232019_13.qgd","6/23/2019 11:30:22 PM","8/4/2019 5:48:04 PM","7831552","2DYHPD2\User"
"C:\GCMSsolution\Data\Project1\Powers RMBL Data\GLOB_V580_6232019_14.qgd","6/24/2019 12:01:21 AM","8/4/2019 5:44:56 PM","7778304","2DYHPD2\User"
"C:\GCMSsolution\Data\Project1\Powers RMBL Data\GLOB_V581_6232019_15.qgd","6/24/2019 12:32:34 AM","8/4/2019 5:41:41 PM","7819264","2DYHPD2\User"
"C:\GCMSsolution\Data\Project1\Powers RMBL Data\GLOB_V582_6232019_16.qgd","6/24/2019 1:03:37 AM","8/4/2019 5:38:27 PM","7778304","2DYHPD2\User"
"C:\GCMSsolution\Data\Project1\Powers RMBL Data\GLOB_V583_6232019_17.qgd","6/24/2019 1:34:53 AM","8/4/2019 5:35:08 PM","7847936","2DYHPD2\User"
"C:\GCMSsolution\Data\Project1\Powers RMBL Data\GLOB_V585_6232019_18.qgd","6/24/2019 2:05:57 AM","8/4/2019 5:31:37 PM","7897088","2DYHPD2\User"
"C:\GCMSsolution\Data\Project1\Powers RMBL Data\GLOB_V586_6232019_19.qgd","6/24/2019 2:37:05 AM","8/4/2019 5:28:26 PM","7802880","2DYHPD2\User"
"C:\GCMSsolution\Data\Project1\Powers RMBL Data\GLOB_V587_6232019_20.qgd","6/24/2019 3:08:16 AM","8/4/2019 5:25:21 PM","7757824","2DYHPD2\User"
"C:\GCMSsolution\Data\Project1\Powers RMBL Data\GLOB_V588_6232019_21.qgd","6/24/2019 3:39:24 AM","8/4/2019 5:22:21 PM","7749632","2DYHPD2\User"
"C:\GCMSsolution\Data\Project1\Powers RMBL Data\GLOB_V589_6242019_02.qgd","6/24/2019 9:22:38 AM","8/4/2019 5:14:17 PM","7806976","2DYHPD2\User"
"C:\GCMSsolution\Data\Project1\Powers RMBL Data\GLOB_V593_6242019_03.qgd","6/24/2019 9:53:33 AM","8/4/2019 5:10:41 PM","7987200","2DYHPD2\User"
"C:\GCMSsolution\Data\Project1\Powers RMBL Data\GLOB_V594_6242019_04.qgd","6/24/2019 10:24:36 AM","8/4/2019 5:07:05 PM","8073216","2DYHPD2\User"
"C:\GCMSsolution\Data\Project1\Powers RMBL Data\GLOB_V598_6242019_05.qgd","6/24/2019 10:55:39 AM","8/4/2019 5:03:47 PM","7823360","2DYHPD2\User"
"C:\GCMSsolution\Data\Project1\Powers RMBL Data\GLOB_V599_6242019_06.qgd","6/24/2019 11:26:51 AM","8/4/2019 5:00:25 PM","7884800","2DYHPD2\User"
"C:\GCMSsolution\Data\Project1\Powers RMBL Data\GLOB_V600_6242019_07.qgd","6/24/2019 11:57:55 AM","8/4/2019 4:57:16 PM","7819264","2DYHPD2\User"
"C:\GCMSsolution\Data\Project1\Powers RMBL Data\GLOB_V606_6242019_08.qgd","6/24/2019 12:29:15 PM","8/4/2019 4:54:13 PM","7737344","2DYHPD2\User"
"C:\GCMSsolution\Data\Project1\Powers RMBL Data\GLOB_V607_6242019_09.qgd","6/24/2019 1:00:28 PM","8/4/2019 4:50:55 PM","7831552","2DYHPD2\User"
"C:\GCMSsolution\Data\Project1\Powers RMBL Data\GLOB_V608_6242019_10.qgd","6/24/2019 1:31:43 PM","8/4/2019 4:47:31 PM","7905280","2DYHPD2\User"
"C:\GCMSsolution\Data\Project1\Powers RMBL Data\GLOB_V609_6242019_12.qgd","6/24/2019 2:34:29 PM","8/4/2019 4:41:43 PM","7753728","2DYHPD2\User"
"C:\GCMSsolution\Data\Project1\Powers RMBL Data\GLOB_V610_6242019_13.qgd","6/24/2019 3:05:45 PM","8/4/2019 4:38:35 PM","8417280","2DYHPD2\User"
"C:\GCMSsolution\Data\Project1\Powers RMBL Data\GLOB_V612_6242019_14.qgd","6/24/2019 3:37:39 PM","8/4/2019 4:35:33 PM","8392704","2DYHPD2\User"
"C:\GCMSsolution\Data\Project1\Powers RMBL Data\GLOB_V613_6242019_15.qgd","6/24/2019 4:09:41 PM","8/4/2019 4:32:09 PM","8486912","2DYHPD2\User"
"C:\GCMSsolution\Data\Project1\Powers RMBL Data\GLOB_V614_6242019_16.qgd","6/24/2019 4:42:05 PM","8/4/2019 4:28:59 PM","8417280","2DYHPD2\User"
"C:\GCMSsolution\Data\Project1\Powers RMBL Data\GLOB_V617_6242019_17.qgd","6/24/2019 5:14:46 PM","8/4/2019 4:26:15 PM","8343552","2DYHPD2\User"
"C:\GCMSsolution\Data\Project1\Powers RMBL Data\GLOB_V617_6252019_02.qgd","6/25/2019 11:18:31 AM","8/4/2019 3:01:52 PM","7868416","2DYHPD2\User"
"C:\GCMSsolution\Data\Project1\Powers RMBL Data\GLOB_V643_6242019_18.qgd","6/24/2019 5:47:31 PM","8/4/2019 4:23:41 PM","8323072","2DYHPD2\User"
"C:\GCMSsolution\Data\Project1\Powers RMBL Data\GLOB_V643_6252019_03.qgd","6/25/2019 11:50:25 AM","8/4/2019 2:58:33 PM","7806976","2DYHPD2\User"
"C:\GCMSsolution\Data\Project1\Powers RMBL Data\GLOB_V646_6242019_19.qgd","6/24/2019 6:19:26 PM","8/4/2019 4:21:10 PM","8306688","2DYHPD2\User"
"C:\GCMSsolution\Data\Project1\Powers RMBL Data\GLOB_V646_6252019_04.qgd","6/25/2019 12:22:32 PM","8/4/2019 2:55:06 PM","7843840","2DYHPD2\User"
"C:\GCMSsolution\Data\Project1\Powers RMBL Data\GLOB_V654_6242019_20.qgd","6/24/2019 6:51:17 PM","8/4/2019 4:18:43 PM","8335360","2DYHPD2\User"
"C:\GCMSsolution\Data\Project1\Powers RMBL Data\GLOB_V654_6252019_05.qgd","6/25/2019 12:55:01 PM","8/4/2019 2:51:54 PM","7843840","2DYHPD2\User"
"C:\GCMSsolution\Data\Project1\Powers RMBL Data\GLOB_V655_6242019_21.qgd","6/24/2019 7:22:50 PM","8/4/2019 4:16:05 PM","8298496","2DYHPD2\User"
"C:\GCMSsolution\Data\Project1\Powers RMBL Data\GLOB_V655_6252019_06.qgd","6/25/2019 1:27:42 PM","8/4/2019 2:48:50 PM","7798784","2DYHPD2\User"
"C:\GCMSsolution\Data\Project1\Powers RMBL Data\GLOB_V663_6242019_04.qgd","6/24/2019 11:42:03 PM","8/4/2019 4:01:06 PM","8409088","2DYHPD2\User"
"C:\GCMSsolution\Data\Project1\Powers RMBL Data\GLOB_V664_6242019_05.qgd","6/25/2019 12:13:14 AM","8/4/2019 3:57:55 PM","8355840","2DYHPD2\User"
"C:\GCMSsolution\Data\Project1\Powers RMBL Data\GLOB_V665_6242019_06.qgd","6/25/2019 12:44:33 AM","8/4/2019 3:54:34 PM","8409088","2DYHPD2\User"
"C:\GCMSsolution\Data\Project1\Powers RMBL Data\GLOB_V666_6242019_07.qgd","6/25/2019 1:15:54 AM","8/4/2019 3:51:06 PM","8433664","2DYHPD2\User"
"C:\GCMSsolution\Data\Project1\Powers RMBL Data\GLOB_V667_6242019_08.qgd","6/25/2019 1:46:52 AM","8/4/2019 3:47:45 PM","8376320","2DYHPD2\User"
"C:\GCMSsolution\Data\Project1\Powers RMBL Data\GLOB_V668_6242019_09.qgd","6/25/2019 2:18:04 AM","8/4/2019 3:44:29 PM","8450048","2DYHPD2\User"
"C:\GCMSsolution\Data\Project1\Powers RMBL Data\GLOB_V669_6242019_10.qgd","6/25/2019 2:49:23 AM","8/4/2019 3:41:14 PM","8392704","2DYHPD2\User"
"C:\GCMSsolution\Data\Project1\Powers RMBL Data\GLOB_V671_6242019_12.qgd","6/25/2019 3:51:17 AM","8/4/2019 3:36:04 PM","7708672","2DYHPD2\User"
"C:\GCMSsolution\Data\Project1\Powers RMBL Data\GLOB_V672_6242019_13.qgd","6/25/2019 4:23:14 AM","8/4/2019 3:32:47 PM","7766016","2DYHPD2\User"
"C:\GCMSsolution\Data\Project1\Powers RMBL Data\GLOB_V674_6242019_14.qgd","6/25/2019 4:54:26 AM","8/4/2019 3:29:25 PM","7819264","2DYHPD2\User"
"C:\GCMSsolution\Data\Project1\Powers RMBL Data\GLOB_V675_6242019_15.qgd","6/25/2019 5:25:42 AM","8/4/2019 3:26:09 PM","7778304","2DYHPD2\User"
"C:\GCMSsolution\Data\Project1\Powers RMBL Data\GLOB_V676_6242019_16.qgd","6/25/2019 5:56:45 AM","8/4/2019 3:22:46 PM","7794688","2DYHPD2\User"
"C:\GCMSsolution\Data\Project1\Powers RMBL Data\GLOB_V677_6242019_17.qgd","6/25/2019 6:27:56 AM","8/4/2019 3:19:33 PM","7757824","2DYHPD2\User"
"C:\GCMSsolution\Data\Project1\Powers RMBL Data\GLOB_V679_6242019_18.qgd","6/25/2019 6:58:42 AM","8/4/2019 3:16:30 PM","7692288","2DYHPD2\User"
"C:\GCMSsolution\Data\Project1\Powers RMBL Data\GLOB_V680_6242019_19.qgd","6/25/2019 7:29:45 AM","8/4/2019 3:13:18 PM","7753728","2DYHPD2\User"
"C:\GCMSsolution\Data\Project1\Powers RMBL Data\GLOB_V681_6242019_20.qgd","6/25/2019 8:00:40 AM","8/4/2019 3:10:10 PM","7720960","2DYHPD2\User"
"C:\GCMSsolution\Data\Project1\Powers RMBL Data\GLOB_V682_6242019_21.qgd","6/25/2019 8:31:44 AM","8/4/2019 3:07:41 PM","7663616","2DYHPD2\User"
"C:\GCMSsolution\Data\Project1\Powers RMBL Data\GLOB_V682_6252019_21.qgd","6/25/2019 9:29:11 PM","8/4/2019 1:56:08 PM","7753728","2DYHPD2\User"
"C:\GCMSsolution\Data\Project1\Powers RMBL Data\KAHO_V27_6202019_02.qgd","6/21/2019 10:44:39 AM","8/4/2019 9:55:28 PM","7667712","2DYHPD2\User"
"C:\GCMSsolution\Data\Project1\Powers RMBL Data\Markes Ipo 1.qgm","8/1/2019 8:50:37 PM","8/1/2019 8:34:25 PM","147456","2DYHPD2\User"
"C:\GCMSsolution\Data\Project1\Powers RMBL Data\QAQCData.csv","8/1/2019 10:52:56 AM","8/1/2019 10:52:56 AM","76","2DYHPD2\User"
"C:\GCMSsolution\Data\Project1\Powers RMBL Data\QAQCData.htm","8/1/2019 10:52:56 AM","8/4/2019 10:26:35 PM","496","2DYHPD2\User"
"C:\GCMSsolution\Data\Project1\Powers RMBL Data\QAQCData.txt","8/1/2019 10:52:56 AM","8/1/2019 10:52:56 AM","76","2DYHPD2\User"
"C:\GCMSsolution\Data\Project1\Powers RMBL Data\SCH_V1_7102019_08.qgd","7/11/2019 1:12:26 AM","8/3/2019 12:58:35 PM","7823360","2DYHPD2\User"
"C:\GCMSsolution\Data\Project1\Powers RMBL Data\SCH_V100_8132019_12.qgd","8/13/2019 8:42:58 PM","8/13/2019 9:14:27 PM","7053312","2DYHPD2\User"
"C:\GCMSsolution\Data\Project1\Powers RMBL Data\SCH_V101_7222019_18.qgd","7/23/2019 6:50:39 AM","8/4/2019 10:12:18 PM","7729152","2DYHPD2\User"
"C:\GCMSsolution\Data\Project1\Powers RMBL Data\SCH_V102_8132019_13.qgd","8/13/2019 9:14:42 PM","8/13/2019 9:46:07 PM","7090176","2DYHPD2\User"
"C:\GCMSsolution\Data\Project1\Powers RMBL Data\SCH_V103_8132019_14.qgd","8/13/2019 9:46:22 PM","8/13/2019 10:17:29 PM","7081984","2DYHPD2\User"
"C:\GCMSsolution\Data\Project1\Powers RMBL Data\SCH_V104_8132019_02.qgd","8/13/2019 11:08:26 PM","8/13/2019 11:39:26 PM","7467008","2DYHPD2\User"
"C:\GCMSsolution\Data\Project1\Powers RMBL Data\SCH_V105_7222019_19.qgd","7/23/2019 7:21:46 AM","8/4/2019 10:08:47 PM","8097792","2DYHPD2\User"
"C:\GCMSsolution\Data\Project1\Powers RMBL Data\SCH_V106_7222019_20.qgd","7/23/2019 7:52:50 AM","8/4/2019 10:05:11 PM","8544256","2DYHPD2\User"
"C:\GCMSsolution\Data\Project1\Powers RMBL Data\SCH_V107_8132019_03.qgd","8/13/2019 11:39:40 PM","8/14/2019 12:10:42 AM","7159808","2DYHPD2\User"
"C:\GCMSsolution\Data\Project1\Powers RMBL Data\SCH_V108_8132019_04.qgd","8/14/2019 12:10:58 AM","8/14/2019 12:41:55 AM","7069696","2DYHPD2\User"
"C:\GCMSsolution\Data\Project1\Powers RMBL Data\SCH_V109_8132019_05.qgd","8/14/2019 12:42:12 AM","8/14/2019 1:13:09 AM","7258112","2DYHPD2\User"
"C:\GCMSsolution\Data\Project1\Powers RMBL Data\SCH_V11_8132019_06.qgd","8/14/2019 1:13:24 AM","8/14/2019 1:44:19 AM","7200768","2DYHPD2\User"
"C:\GCMSsolution\Data\Project1\Powers RMBL Data\SCH_V110_7222019_08.qgd","7/22/2019 3:05:39 PM","8/3/2019 11:59:38 AM","8482816","2DYHPD2\User"
"C:\GCMSsolution\Data\Project1\Powers RMBL Data\SCH_V111_6262019_20.qgd","6/26/2019 9:57:13 PM","8/4/2019 11:44:34 AM","8204288","2DYHPD2\User"
"C:\GCMSsolution\Data\Project1\Powers RMBL Data\SCH_V112_6262019_21.qgd","6/26/2019 10:28:37 PM","8/4/2019 11:41:04 AM","8171520","2DYHPD2\User"
"C:\GCMSsolution\Data\Project1\Powers RMBL Data\SCH_V113_7222019_09.qgd","7/22/2019 3:38:24 PM","8/3/2019 11:56:00 AM","8548352","2DYHPD2\User"
"C:\GCMSsolution\Data\Project1\Powers RMBL Data\SCH_V114_7222019_10.qgd","7/22/2019 4:17:52 PM","8/3/2019 11:52:27 AM","8462336","2DYHPD2\User"
"C:\GCMSsolution\Data\Project1\Powers RMBL Data\SCH_V115_7222019_12.qgd","7/22/2019 5:24:44 PM","8/3/2019 11:45:54 AM","7671808","2DYHPD2\User"
"C:\GCMSsolution\Data\Project1\Powers RMBL Data\SCH_V116_7222019_13.qgd","7/22/2019 5:58:23 PM","8/3/2019 11:42:44 AM","7589888","2DYHPD2\User"
"C:\GCMSsolution\Data\Project1\Powers RMBL Data\SCH_V117_7222019_14.qgd","7/22/2019 6:32:08 PM","8/3/2019 11:39:10 AM","8515584","2DYHPD2\User"
"C:\GCMSsolution\Data\Project1\Powers RMBL Data\SCH_V118_6262019_14.qgd","6/26/2019 6:44:09 PM","8/4/2019 12:06:02 PM","7909376","2DYHPD2\User"
"C:\GCMSsolution\Data\Project1\Powers RMBL Data\SCH_V119_6262019_15.qgd","6/26/2019 7:16:58 PM","8/4/2019 12:02:27 PM","8097792","2DYHPD2\User"
"C:\GCMSsolution\Data\Project1\Powers RMBL Data\SCH_V12_8132019_07.qgd","8/14/2019 1:44:34 AM","8/14/2019 2:15:26 AM","7303168","2DYHPD2\User"
"C:\GCMSsolution\Data\Project1\Powers RMBL Data\SCH_V12_8132019_16.qgd","8/13/2019 8:10:45 AM","8/13/2019 8:41:38 AM","7032832","2DYHPD2\User"
"C:\GCMSsolution\Data\Project1\Powers RMBL Data\SCH_V120_6262019_16.qgd","6/26/2019 7:49:39 PM","8/4/2019 11:58:54 AM","8138752","2DYHPD2\User"
"C:\GCMSsolution\Data\Project1\Powers RMBL Data\SCH_V121_6262019_17.qgd","6/26/2019 8:21:59 PM","8/4/2019 11:55:15 AM","8192000","2DYHPD2\User"
"C:\GCMSsolution\Data\Project1\Powers RMBL Data\SCH_V122_6262019_18.qgd","6/26/2019 8:53:57 PM","8/4/2019 11:51:40 AM","8118272","2DYHPD2\User"
"C:\GCMSsolution\Data\Project1\Powers RMBL Data\SCH_V123_6262019_19.qgd","6/26/2019 9:25:35 PM","8/4/2019 11:48:10 AM","8155136","2DYHPD2\User"
"C:\GCMSsolution\Data\Project1\Powers RMBL Data\SCH_V129_8142019_03.qgd","8/14/2019 2:39:11 PM","8/14/2019 3:11:03 PM","7458816","2DYHPD2\User"
"C:\GCMSsolution\Data\Project1\Powers RMBL Data\SCH_V14_7222019_03.qgd","7/22/2019 12:23:01 PM","8/3/2019 12:16:35 PM","8462336","2DYHPD2\User"
"C:\GCMSsolution\Data\Project1\Powers RMBL Data\SCH_V154_6252019_02.qgd","6/25/2019 11:08:33 PM","8/4/2019 1:50:42 PM","7880704","2DYHPD2\User"
"C:\GCMSsolution\Data\Project1\Powers RMBL Data\SCH_V155_6252019_03.qgd","6/25/2019 11:39:53 PM","8/4/2019 1:47:02 PM","8171520","2DYHPD2\User"
"C:\GCMSsolution\Data\Project1\Powers RMBL Data\SCH_V159_6252019_04.qgd","6/26/2019 12:11:14 AM","8/4/2019 1:43:20 PM","8216576","2DYHPD2\User"
"C:\GCMSsolution\Data\Project1\Powers RMBL Data\SCH_V16_8142019_05.qgd","8/14/2019 3:43:39 PM","8/14/2019 4:15:58 PM","7127040","2DYHPD2\User"
"C:\GCMSsolution\Data\Project1\Powers RMBL Data\SCH_V160_6252019_05.qgd","6/26/2019 12:42:42 AM","8/4/2019 1:39:52 PM","8056832","2DYHPD2\User"
"C:\GCMSsolution\Data\Project1\Powers RMBL Data\SCH_V161_6252019_06.qgd","6/26/2019 1:13:59 AM","8/4/2019 1:36:22 PM","8085504","2DYHPD2\User"
"C:\GCMSsolution\Data\Project1\Powers RMBL Data\SCH_V162_6252019_07.qgd","6/26/2019 1:45:03 AM","8/4/2019 1:32:55 PM","8056832","2DYHPD2\User"
"C:\GCMSsolution\Data\Project1\Powers RMBL Data\SCH_V163_6252019_08.qgd","6/26/2019 2:16:20 AM","8/4/2019 1:29:24 PM","8196096","2DYHPD2\User"
"C:\GCMSsolution\Data\Project1\Powers RMBL Data\SCH_V164_6252019_09.qgd","6/26/2019 2:47:32 AM","8/4/2019 1:25:49 PM","8114176","2DYHPD2\User"
"C:\GCMSsolution\Data\Project1\Powers RMBL Data\SCH_V165_6252019_10.qgd","6/26/2019 3:18:44 AM","8/4/2019 1:22:15 PM","8065024","2DYHPD2\User"
"C:\GCMSsolution\Data\Project1\Powers RMBL Data\SCH_V166_6252019_12.qgd","6/26/2019 4:21:09 AM","8/4/2019 1:16:35 PM","7704576","2DYHPD2\User"
"C:\GCMSsolution\Data\Project1\Powers RMBL Data\SCH_V167_6252019_13.qgd","6/26/2019 4:52:37 AM","8/4/2019 1:13:09 PM","7938048","2DYHPD2\User"
"C:\GCMSsolution\Data\Project1\Powers RMBL Data\SCH_V168_6252019_14.qgd","6/26/2019 5:23:53 AM","8/4/2019 1:09:39 PM","7946240","2DYHPD2\User"
"C:\GCMSsolution\Data\Project1\Powers RMBL Data\SCH_V169_6252019_15.qgd","6/26/2019 5:54:57 AM","8/4/2019 1:06:15 PM","7823360","2DYHPD2\User"
"C:\GCMSsolution\Data\Project1\Powers RMBL Data\SCH_V170_6252019_16.qgd","6/26/2019 6:26:14 AM","8/4/2019 1:02:48 PM","7852032","2DYHPD2\User"
"C:\GCMSsolution\Data\Project1\Powers RMBL Data\SCH_V171_6252019_17.qgd","6/26/2019 6:57:09 AM","8/4/2019 12:59:21 PM","7843840","2DYHPD2\User"
"C:\GCMSsolution\Data\Project1\Powers RMBL Data\SCH_V18_8142019_06.qgd","8/14/2019 4:16:12 PM","8/14/2019 4:48:45 PM","7208960","2DYHPD2\User"
"C:\GCMSsolution\Data\Project1\Powers RMBL Data\SCH_V187_6252019_18.qgd","6/26/2019 7:28:17 AM","8/4/2019 12:55:54 PM","7766016","2DYHPD2\User"
"C:\GCMSsolution\Data\Project1\Powers RMBL Data\SCH_V188_6252019_19.qgd","6/26/2019 7:59:17 AM","8/4/2019 12:52:33 PM","7684096","2DYHPD2\User"
"C:\GCMSsolution\Data\Project1\Powers RMBL Data\SCH_V189_6262019_02.qgd","6/26/2019 12:15:39 PM","8/4/2019 12:46:57 PM","7774208","2DYHPD2\User"
"C:\GCMSsolution\Data\Project1\Powers RMBL Data\SCH_V19_7222019_01.qgd","7/22/2019 9:50:21 PM","8/3/2019 11:21:05 AM","8507392","2DYHPD2\User"
"C:\GCMSsolution\Data\Project1\Powers RMBL Data\SCH_V190_6262019_03.qgd","6/26/2019 12:47:46 PM","8/4/2019 12:43:32 PM","7909376","2DYHPD2\User"
"C:\GCMSsolution\Data\Project1\Powers RMBL Data\SCH_V191_6262019_04.qgd","6/26/2019 1:20:14 PM","8/4/2019 12:40:01 PM","8052736","2DYHPD2\User"
"C:\GCMSsolution\Data\Project1\Powers RMBL Data\SCH_V192_6262019_05.qgd","6/26/2019 1:52:59 PM","8/4/2019 12:36:28 PM","8085504","2DYHPD2\User"
"C:\GCMSsolution\Data\Project1\Powers RMBL Data\SCH_V193_6262019_06.qgd","6/26/2019 2:25:41 PM","8/4/2019 12:32:54 PM","7999488","2DYHPD2\User"
"C:\GCMSsolution\Data\Project1\Powers RMBL Data\SCH_V194_6262019_07.qgd","6/26/2019 2:58:29 PM","8/4/2019 12:29:23 PM","8097792","2DYHPD2\User"
"C:\GCMSsolution\Data\Project1\Powers RMBL Data\SCH_V195_6262019_08.qgd","6/26/2019 3:31:15 PM","8/4/2019 12:25:47 PM","7942144","2DYHPD2\User"
"C:\GCMSsolution\Data\Project1\Powers RMBL Data\SCH_V196_6262019_09.qgd","6/26/2019 4:03:18 PM","8/4/2019 12:22:10 PM","8085504","2DYHPD2\User"
"C:\GCMSsolution\Data\Project1\Powers RMBL Data\SCH_V197_6262019_10.qgd","6/26/2019 4:35:25 PM","8/4/2019 12:18:35 PM","8110080","2DYHPD2\User"
"C:\GCMSsolution\Data\Project1\Powers RMBL Data\SCH_V198_6262019_12.qgd","6/26/2019 5:39:36 PM","8/4/2019 12:12:46 PM","7884800","2DYHPD2\User"
"C:\GCMSsolution\Data\Project1\Powers RMBL Data\SCH_V199_6262019_13.qgd","6/26/2019 6:12:01 PM","8/4/2019 12:09:24 PM","7876608","2DYHPD2\User"
"C:\GCMSsolution\Data\Project1\Powers RMBL Data\SCH_V2_7102019_09.qgd","7/11/2019 1:43:48 AM","8/3/2019 12:56:39 PM","7471104","2DYHPD2\User"
"C:\GCMSsolution\Data\Project1\Powers RMBL Data\SCH_V2_7222019_02.qgd","7/22/2019 11:50:36 AM","8/3/2019 12:20:24 PM","7680000","2DYHPD2\User"
"C:\GCMSsolution\Data\Project1\Powers RMBL Data\SCH_V20_7222019_02.qgd","7/22/2019 10:28:08 PM","8/3/2019 11:17:18 AM","7716864","2DYHPD2\User"
"C:\GCMSsolution\Data\Project1\Powers RMBL Data\SCH_V200_6262019_02.qgd","6/27/2019 12:03:05 AM","8/4/2019 11:35:42 AM","8269824","2DYHPD2\User"
"C:\GCMSsolution\Data\Project1\Powers RMBL Data\SCH_V201_6262019_03.qgd","6/27/2019 12:34:21 AM","8/4/2019 11:32:32 AM","8310784","2DYHPD2\User"
"C:\GCMSsolution\Data\Project1\Powers RMBL Data\SCH_V202_6262019_04.qgd","6/27/2019 1:05:37 AM","8/4/2019 11:29:12 AM","8384512","2DYHPD2\User"
"C:\GCMSsolution\Data\Project1\Powers RMBL Data\SCH_V203_6262019_05.qgd","6/27/2019 1:36:45 AM","8/4/2019 11:25:56 AM","8359936","2DYHPD2\User"
"C:\GCMSsolution\Data\Project1\Powers RMBL Data\SCH_V204_6262019_06.qgd","6/27/2019 2:08:06 AM","8/4/2019 11:22:52 AM","8310784","2DYHPD2\User"
"C:\GCMSsolution\Data\Project1\Powers RMBL Data\SCH_V205_6262019_07.qgd","6/27/2019 2:39:22 AM","8/4/2019 11:19:35 AM","8384512","2DYHPD2\User"
"C:\GCMSsolution\Data\Project1\Powers RMBL Data\SCH_V206_6262019_08.qgd","6/27/2019 3:10:51 AM","8/4/2019 11:16:12 AM","8425472","2DYHPD2\User"
"C:\GCMSsolution\Data\Project1\Powers RMBL Data\SCH_V207_6262019_09.qgd","6/27/2019 3:42:12 AM","8/4/2019 11:12:51 AM","8441856","2DYHPD2\User"
"C:\GCMSsolution\Data\Project1\Powers RMBL Data\SCH_V208_6262019_10.qgd","6/27/2019 4:13:19 AM","8/4/2019 11:09:30 AM","8425472","2DYHPD2\User"
"C:\GCMSsolution\Data\Project1\Powers RMBL Data\SCH_V209_6262019_12.qgd","6/27/2019 5:15:42 AM","8/4/2019 11:03:46 AM","8318976","2DYHPD2\User"
"C:\GCMSsolution\Data\Project1\Powers RMBL Data\SCH_V210_6262019_13.qgd","6/27/2019 5:47:11 AM","8/4/2019 11:00:24 AM","8347648","2DYHPD2\User"
"C:\GCMSsolution\Data\Project1\Powers RMBL Data\SCH_V211_6262019_14.qgd","6/27/2019 6:18:23 AM","8/4/2019 10:57:15 AM","8269824","2DYHPD2\User"
"C:\GCMSsolution\Data\Project1\Powers RMBL Data\SCH_V212_6262019_15.qgd","6/27/2019 6:49:31 AM","8/4/2019 10:53:52 AM","8392704","2DYHPD2\User"
"C:\GCMSsolution\Data\Project1\Powers RMBL Data\SCH_V213_6262019_16.qgd","6/27/2019 7:20:32 AM","8/4/2019 10:50:45 AM","8273920","2DYHPD2\User"
"C:\GCMSsolution\Data\Project1\Powers RMBL Data\SCH_V214_6262019_17.qgd","6/27/2019 7:51:35 AM","8/4/2019 10:47:52 AM","8359936","2DYHPD2\User"
"C:\GCMSsolution\Data\Project1\Powers RMBL Data\SCH_V215_6262019_18.qgd","6/27/2019 8:22:34 AM","8/4/2019 10:44:49 AM","8290304","2DYHPD2\User"
"C:\GCMSsolution\Data\Project1\Powers RMBL Data\SCH_V216_6262019_19.qgd","6/27/2019 8:53:50 AM","8/4/2019 10:41:33 AM","8302592","2DYHPD2\User"
"C:\GCMSsolution\Data\Project1\Powers RMBL Data\SCH_V217_6262019_20.qgd","6/27/2019 9:24:58 AM","8/4/2019 10:38:29 AM","8282112","2DYHPD2\User"
"C:\GCMSsolution\Data\Project1\Powers RMBL Data\SCH_V218_6262019_21.qgd","6/27/2019 9:56:14 AM","8/4/2019 10:35:18 AM","8400896","2DYHPD2\User"
"C:\GCMSsolution\Data\Project1\Powers RMBL Data\SCH_V219_6272019_02.qgd","6/27/2019 12:42:37 PM","8/4/2019 10:29:58 AM","8273920","2DYHPD2\User"
"C:\GCMSsolution\Data\Project1\Powers RMBL Data\SCH_V22_8132019_08.qgd","8/14/2019 2:15:39 AM","8/14/2019 2:46:40 AM","7266304","2DYHPD2\User"
"C:\GCMSsolution\Data\Project1\Powers RMBL Data\SCH_V220_6272019_03.qgd","6/27/2019 1:14:31 PM","8/4/2019 10:26:58 AM","8278016","2DYHPD2\User"
"C:\GCMSsolution\Data\Project1\Powers RMBL Data\SCH_V221_6272019_04.qgd","6/27/2019 1:46:59 PM","8/4/2019 10:23:50 AM","8306688","2DYHPD2\User"
"C:\GCMSsolution\Data\Project1\Powers RMBL Data\SCH_V222_6272019_05.qgd","6/27/2019 2:19:40 PM","8/4/2019 10:20:34 AM","8413184","2DYHPD2\User"
"C:\GCMSsolution\Data\Project1\Powers RMBL Data\SCH_V223_6272019_06.qgd","6/27/2019 2:52:29 PM","8/4/2019 10:17:47 AM","8298496","2DYHPD2\User"
"C:\GCMSsolution\Data\Project1\Powers RMBL Data\SCH_V224_6272019_07.qgd","6/27/2019 3:25:35 PM","8/4/2019 10:14:40 AM","8331264","2DYHPD2\User"
"C:\GCMSsolution\Data\Project1\Powers RMBL Data\SCH_V225_6272019_08.qgd","6/27/2019 3:57:51 PM","8/4/2019 10:11:26 AM","8417280","2DYHPD2\User"
"C:\GCMSsolution\Data\Project1\Powers RMBL Data\SCH_V226_6272019_09.qgd","6/27/2019 4:30:06 PM","8/4/2019 10:08:14 AM","8335360","2DYHPD2\User"
"C:\GCMSsolution\Data\Project1\Powers RMBL Data\SCH_V227_6272019_10.qgd","6/27/2019 5:02:35 PM","8/4/2019 10:04:58 AM","8380416","2DYHPD2\User"
"C:\GCMSsolution\Data\Project1\Powers RMBL Data\SCH_V228_6272019_12.qgd","6/27/2019 6:07:51 PM","8/4/2019 9:59:27 AM","8343552","2DYHPD2\User"
"C:\GCMSsolution\Data\Project1\Powers RMBL Data\SCH_V229_6272019_13.qgd","6/27/2019 6:40:33 PM","8/4/2019 9:56:08 AM","8368128","2DYHPD2\User"
"C:\GCMSsolution\Data\Project1\Powers RMBL Data\SCH_V23_8132019_09.qgd","8/14/2019 2:46:53 AM","8/14/2019 3:17:51 AM","7102464","2DYHPD2\User"
"C:\GCMSsolution\Data\Project1\Powers RMBL Data\SCH_V230_6272019_14.qgd","6/27/2019 7:12:53 PM","8/4/2019 9:52:43 AM","8540160","2DYHPD2\User"
"C:\GCMSsolution\Data\Project1\Powers RMBL Data\SCH_V231_6272019_15.qgd","6/27/2019 7:45:51 PM","8/4/2019 9:49:22 AM","8503296","2DYHPD2\User"
"C:\GCMSsolution\Data\Project1\Powers RMBL Data\SCH_V232_6272019_16.qgd","6/27/2019 8:18:24 PM","8/4/2019 9:46:22 AM","8335360","2DYHPD2\User"
"C:\GCMSsolution\Data\Project1\Powers RMBL Data\SCH_V233_6272019_17.qgd","6/27/2019 8:50:26 PM","8/4/2019 9:43:15 AM","8384512","2DYHPD2\User"
"C:\GCMSsolution\Data\Project1\Powers RMBL Data\SCH_V234_6272019_18.qgd","6/27/2019 9:22:29 PM","8/4/2019 9:40:16 AM","8404992","2DYHPD2\User"
"C:\GCMSsolution\Data\Project1\Powers RMBL Data\SCH_V235_6272019_19.qgd","6/27/2019 9:54:19 PM","8/4/2019 9:36:57 AM","8437760","2DYHPD2\User"
"C:\GCMSsolution\Data\Project1\Powers RMBL Data\SCH_V236_6272019_20.qgd","6/27/2019 10:26:02 PM","8/4/2019 9:33:57 AM","8310784","2DYHPD2\User"
"C:\GCMSsolution\Data\Project1\Powers RMBL Data\SCH_V237_6272019_21.qgd","6/28/2019 9:30:48 AM","8/4/2019 8:31:24 AM","7766016","2DYHPD2\User"
"C:\GCMSsolution\Data\Project1\Powers RMBL Data\SCH_V238_6272019_02.qgd","6/27/2019 11:36:36 PM","8/4/2019 9:28:27 AM","8376320","2DYHPD2\User"
"C:\GCMSsolution\Data\Project1\Powers RMBL Data\SCH_V239_6272019_03.qgd","6/28/2019 12:08:05 AM","8/4/2019 9:25:00 AM","8384512","2DYHPD2\User"
"C:\GCMSsolution\Data\Project1\Powers RMBL Data\SCH_V24_8132019_10.qgd","8/14/2019 3:18:06 AM","8/14/2019 3:49:03 AM","7323648","2DYHPD2\User"
"C:\GCMSsolution\Data\Project1\Powers RMBL Data\SCH_V240_6272019_04.qgd","6/28/2019 12:39:34 AM","8/4/2019 9:22:04 AM","8286208","2DYHPD2\User"
"C:\GCMSsolution\Data\Project1\Powers RMBL Data\SCH_V241_6272019_05.qgd","6/28/2019 1:10:59 AM","8/4/2019 9:19:05 AM","8294400","2DYHPD2\User"
"C:\GCMSsolution\Data\Project1\Powers RMBL Data\SCH_V242_6272019_06.qgd","6/28/2019 1:42:29 AM","8/4/2019 9:16:10 AM","8294400","2DYHPD2\User"
"C:\GCMSsolution\Data\Project1\Powers RMBL Data\SCH_V243_6272019_07.qgd","6/28/2019 2:13:48 AM","8/4/2019 9:13:23 AM","8355840","2DYHPD2\User"
"C:\GCMSsolution\Data\Project1\Powers RMBL Data\SCH_V244_6272019_08.qgd","6/28/2019 2:45:09 AM","8/4/2019 9:10:27 AM","8282112","2DYHPD2\User"
"C:\GCMSsolution\Data\Project1\Powers RMBL Data\SCH_V245_6272019_09.qgd","6/28/2019 3:16:34 AM","8/4/2019 9:07:27 AM","8327168","2DYHPD2\User"
"C:\GCMSsolution\Data\Project1\Powers RMBL Data\SCH_V246_6272019_10.qgd","6/28/2019 3:48:03 AM","8/4/2019 9:04:11 AM","7745536","2DYHPD2\User"
"C:\GCMSsolution\Data\Project1\Powers RMBL Data\SCH_V247_6272019_12.qgd","6/28/2019 4:50:48 AM","8/4/2019 8:59:52 AM","7626752","2DYHPD2\User"
"C:\GCMSsolution\Data\Project1\Powers RMBL Data\SCH_V247_6282019_12.qgd","6/28/2019 6:03:45 PM","8/4/2019 7:53:21 AM","7852032","2DYHPD2\User"
"C:\GCMSsolution\Data\Project1\Powers RMBL Data\SCH_V248_6272019_13.qgd","6/28/2019 5:21:09 AM","8/4/2019 8:56:36 AM","7741440","2DYHPD2\User"
"C:\GCMSsolution\Data\Project1\Powers RMBL Data\SCH_V249_6272019_14.qgd","6/28/2019 5:52:38 AM","8/4/2019 8:53:35 AM","7716864","2DYHPD2\User"
"C:\GCMSsolution\Data\Project1\Powers RMBL Data\SCH_V25_8132019_11.qgd","8/14/2019 3:49:16 AM","8/14/2019 4:20:23 AM","7053312","2DYHPD2\User"
"C:\GCMSsolution\Data\Project1\Powers RMBL Data\SCH_V250_6272019_15.qgd","6/28/2019 6:23:46 AM","8/4/2019 8:50:00 AM","8077312","2DYHPD2\User"
"C:\GCMSsolution\Data\Project1\Powers RMBL Data\SCH_V251_6272019_16.qgd","6/28/2019 6:54:54 AM","8/4/2019 8:47:06 AM","7688192","2DYHPD2\User"
"C:\GCMSsolution\Data\Project1\Powers RMBL Data\SCH_V252_6272019_17.qgd","6/28/2019 7:26:06 AM","8/4/2019 8:43:54 AM","7733248","2DYHPD2\User"
"C:\GCMSsolution\Data\Project1\Powers RMBL Data\SCH_V253_6272019_18.qgd","6/28/2019 7:57:14 AM","8/4/2019 8:40:51 AM","7737344","2DYHPD2\User"
"C:\GCMSsolution\Data\Project1\Powers RMBL Data\SCH_V254_6272019_19.qgd","6/28/2019 8:28:13 AM","8/4/2019 8:37:47 AM","7815168","2DYHPD2\User"
"C:\GCMSsolution\Data\Project1\Powers RMBL Data\SCH_V255_6272019_20.qgd","6/28/2019 8:59:27 AM","8/4/2019 8:34:44 AM","7761920","2DYHPD2\User"
"C:\GCMSsolution\Data\Project1\Powers RMBL Data\SCH_V256_6282019_02.qgd","6/28/2019 12:35:04 PM","8/4/2019 8:24:04 AM","7696384","2DYHPD2\User"
"C:\GCMSsolution\Data\Project1\Powers RMBL Data\SCH_V257_6282019_03.qgd","6/28/2019 1:07:45 PM","8/4/2019 8:20:50 AM","7725056","2DYHPD2\User"
"C:\GCMSsolution\Data\Project1\Powers RMBL Data\SCH_V258_6282019_04.qgd","6/28/2019 1:39:44 PM","8/4/2019 8:17:43 AM","7806976","2DYHPD2\User"
"C:\GCMSsolution\Data\Project1\Powers RMBL Data\SCH_V26_8132019_12.qgd","8/14/2019 4:20:37 AM","8/14/2019 4:51:33 AM","7172096","2DYHPD2\User"
"C:\GCMSsolution\Data\Project1\Powers RMBL Data\SCH_V260_6282019_05.qgd","6/28/2019 2:11:55 PM","8/4/2019 8:14:21 AM","7892992","2DYHPD2\User"
"C:\GCMSsolution\Data\Project1\Powers RMBL Data\SCH_V261_6282019_06.qgd","6/28/2019 2:44:32 PM","8/4/2019 8:11:23 AM","7712768","2DYHPD2\User"
"C:\GCMSsolution\Data\Project1\Powers RMBL Data\SCH_V262_6282019_07.qgd","6/28/2019 3:17:21 PM","8/4/2019 8:08:12 AM","7811072","2DYHPD2\User"
"C:\GCMSsolution\Data\Project1\Powers RMBL Data\SCH_V263_6282019_08.qgd","6/28/2019 3:50:15 PM","8/4/2019 8:05:07 AM","7745536","2DYHPD2\User"
"C:\GCMSsolution\Data\Project1\Powers RMBL Data\SCH_V265_6282019_09.qgd","6/28/2019 4:23:17 PM","8/4/2019 8:01:58 AM","7831552","2DYHPD2\User"
"C:\GCMSsolution\Data\Project1\Powers RMBL Data\SCH_V266_6282019_10.qgd","6/28/2019 4:56:45 PM","8/4/2019 7:59:02 AM","7737344","2DYHPD2\User"
"C:\GCMSsolution\Data\Project1\Powers RMBL Data\SCH_V267_6282019_13.qgd","6/28/2019 6:37:25 PM","8/4/2019 7:50:12 AM","7794688","2DYHPD2\User"
"C:\GCMSsolution\Data\Project1\Powers RMBL Data\SCH_V268_6282019_14.qgd","6/28/2019 7:10:44 PM","8/4/2019 7:47:11 AM","7802880","2DYHPD2\User"
"C:\GCMSsolution\Data\Project1\Powers RMBL Data\SCH_V269_6282019_15.qgd","6/28/2019 7:43:29 PM","8/4/2019 7:43:58 AM","7798784","2DYHPD2\User"
"C:\GCMSsolution\Data\Project1\Powers RMBL Data\SCH_V270_6282019_16.qgd","6/28/2019 8:15:41 PM","8/4/2019 7:40:49 AM","7766016","2DYHPD2\User"
"C:\GCMSsolution\Data\Project1\Powers RMBL Data\SCH_V271_6282019_17.qgd","6/28/2019 8:48:18 PM","8/4/2019 7:37:51 AM","7761920","2DYHPD2\User"
"C:\GCMSsolution\Data\Project1\Powers RMBL Data\SCH_V272_6282019_18.qgd","6/28/2019 9:20:41 PM","8/4/2019 7:34:50 AM","7741440","2DYHPD2\User"
"C:\GCMSsolution\Data\Project1\Powers RMBL Data\SCH_V273_6282019_19.qgd","6/28/2019 9:53:02 PM","8/4/2019 7:31:28 AM","7806976","2DYHPD2\User"
"C:\GCMSsolution\Data\Project1\Powers RMBL Data\SCH_V275_6282019_02.qgd","6/28/2019 11:53:25 PM","8/4/2019 7:25:47 AM","8019968","2DYHPD2\User"
"C:\GCMSsolution\Data\Project1\Powers RMBL Data\SCH_V276_6282019_03.qgd","6/29/2019 12:24:58 AM","8/4/2019 7:22:45 AM","7860224","2DYHPD2\User"
"C:\GCMSsolution\Data\Project1\Powers RMBL Data\SCH_V277_6282019_04.qgd","6/29/2019 12:56:31 AM","8/4/2019 7:19:49 AM","7806976","2DYHPD2\User"
"C:\GCMSsolution\Data\Project1\Powers RMBL Data\SCH_V278_6282019_05.qgd","6/29/2019 1:28:00 AM","8/4/2019 7:16:17 AM","8036352","2DYHPD2\User"
"C:\GCMSsolution\Data\Project1\Powers RMBL Data\SCH_V279_6282019_06.qgd","6/29/2019 1:59:20 AM","8/4/2019 7:13:21 AM","7737344","2DYHPD2\User"
"C:\GCMSsolution\Data\Project1\Powers RMBL Data\SCH_V28_8142019_07.qgd","8/14/2019 4:48:57 PM","8/14/2019 5:21:40 PM","6959104","2DYHPD2\User"
"C:\GCMSsolution\Data\Project1\Powers RMBL Data\SCH_V280_6282019_07.qgd","6/29/2019 2:30:44 AM","8/4/2019 7:10:18 AM","7733248","2DYHPD2\User"
"C:\GCMSsolution\Data\Project1\Powers RMBL Data\SCH_V282_6282019_08.qgd","6/29/2019 3:02:04 AM","8/4/2019 7:07:23 AM","7737344","2DYHPD2\User"
"C:\GCMSsolution\Data\Project1\Powers RMBL Data\SCH_V283_6282019_09.qgd","6/29/2019 3:33:25 AM","8/4/2019 7:04:18 AM","7716864","2DYHPD2\User"
"C:\GCMSsolution\Data\Project1\Powers RMBL Data\SCH_V284_6282019_10.qgd","6/29/2019 4:04:45 AM","8/4/2019 7:00:38 AM","8060928","2DYHPD2\User"
"C:\GCMSsolution\Data\Project1\Powers RMBL Data\SCH_V285_6282019_12.qgd","6/29/2019 5:07:21 AM","8/4/2019 6:54:40 AM","7737344","2DYHPD2\User"
"C:\GCMSsolution\Data\Project1\Powers RMBL Data\SCH_V286_6282019_13.qgd","6/29/2019 5:38:33 AM","8/4/2019 6:51:32 AM","7774208","2DYHPD2\User"
"C:\GCMSsolution\Data\Project1\Powers RMBL Data\SCH_V287_6282019_14.qgd","6/29/2019 6:09:40 AM","8/4/2019 6:48:23 AM","7798784","2DYHPD2\User"
"C:\GCMSsolution\Data\Project1\Powers RMBL Data\SCH_V288_6282019_15.qgd","6/29/2019 6:40:56 AM","8/4/2019 6:45:01 AM","7827456","2DYHPD2\User"
"C:\GCMSsolution\Data\Project1\Powers RMBL Data\SCH_V289_6282019_16.qgd","6/29/2019 7:11:59 AM","8/4/2019 6:41:31 AM","7925760","2DYHPD2\User"
"C:\GCMSsolution\Data\Project1\Powers RMBL Data\SCH_V29_7222019_21.qgd","7/23/2019 8:24:06 AM","8/4/2019 10:01:15 PM","8347648","2DYHPD2\User"
"C:\GCMSsolution\Data\Project1\Powers RMBL Data\SCH_V290_6292019_02.qgd","6/29/2019 12:56:03 PM","8/4/2019 6:36:07 AM","7806976","2DYHPD2\User"
"C:\GCMSsolution\Data\Project1\Powers RMBL Data\SCH_V291_6292019_03.qgd","6/29/2019 1:28:23 PM","8/4/2019 6:32:33 AM","7847936","2DYHPD2\User"
"C:\GCMSsolution\Data\Project1\Powers RMBL Data\SCH_V292_6292019_04.qgd","6/29/2019 2:00:25 PM","8/4/2019 6:29:00 AM","7905280","2DYHPD2\User"
"C:\GCMSsolution\Data\Project1\Powers RMBL Data\SCH_V293_6292019_05.qgd","6/29/2019 2:32:41 PM","8/4/2019 6:25:32 AM","7786496","2DYHPD2\User"
"C:\GCMSsolution\Data\Project1\Powers RMBL Data\SCH_V294_6292019_06.qgd","6/29/2019 3:05:09 PM","8/4/2019 6:22:50 AM","7892992","2DYHPD2\User"
"C:\GCMSsolution\Data\Project1\Powers RMBL Data\SCH_V295_6292019_07.qgd","6/29/2019 3:37:46 PM","8/4/2019 6:20:36 AM","8134656","2DYHPD2\User"
"C:\GCMSsolution\Data\Project1\Powers RMBL Data\SCH_V296_6292019_08.qgd","6/29/2019 4:10:28 PM","8/4/2019 6:18:04 AM","8331264","2DYHPD2\User"
"C:\GCMSsolution\Data\Project1\Powers RMBL Data\SCH_V297_6292019_09.qgd","6/29/2019 4:43:25 PM","8/4/2019 6:15:02 AM","8138752","2DYHPD2\User"
"C:\GCMSsolution\Data\Project1\Powers RMBL Data\SCH_V298_6292019_10.qgd","6/29/2019 5:16:07 PM","8/4/2019 6:12:22 AM","7938048","2DYHPD2\User"
"C:\GCMSsolution\Data\Project1\Powers RMBL Data\SCH_V299_6292019_12.qgd","6/29/2019 6:21:54 PM","8/4/2019 6:07:20 AM","7925760","2DYHPD2\User"
"C:\GCMSsolution\Data\Project1\Powers RMBL Data\SCH_V3_7102019_10.qgd","7/11/2019 2:14:36 AM","8/3/2019 12:53:06 PM","7778304","2DYHPD2\User"
"C:\GCMSsolution\Data\Project1\Powers RMBL Data\SCH_V30_8132019_17.qgd","8/13/2019 8:41:52 AM","8/13/2019 9:12:47 AM","6934528","2DYHPD2\User"
"C:\GCMSsolution\Data\Project1\Powers RMBL Data\SCH_V300_7222019_04.qgd","7/22/2019 12:55:07 PM","8/3/2019 12:13:12 PM","7528448","2DYHPD2\User"
"C:\GCMSsolution\Data\Project1\Powers RMBL Data\SCH_V301_7222019_06.qgd","7/22/2019 2:00:00 PM","8/3/2019 12:06:46 PM","7516160","2DYHPD2\User"
"C:\GCMSsolution\Data\Project1\Powers RMBL Data\SCH_V302_7222019_05.qgd","7/22/2019 1:27:32 PM","8/3/2019 12:09:47 PM","7561216","2DYHPD2\User"
"C:\GCMSsolution\Data\Project1\Powers RMBL Data\SCH_V303_6292019_13.qgd","6/29/2019 6:54:22 PM","8/4/2019 6:04:25 AM","7995392","2DYHPD2\User"
"C:\GCMSsolution\Data\Project1\Powers RMBL Data\SCH_V304_6292019_14.qgd","6/29/2019 7:26:51 PM","8/4/2019 6:01:29 AM","7864320","2DYHPD2\User"
"C:\GCMSsolution\Data\Project1\Powers RMBL Data\SCH_V305_6292019_15.qgd","6/29/2019 7:58:54 PM","8/4/2019 5:58:27 AM","7847936","2DYHPD2\User"
"C:\GCMSsolution\Data\Project1\Powers RMBL Data\SCH_V309_6292019_16.qgd","6/29/2019 8:30:58 PM","8/4/2019 5:55:09 AM","7872512","2DYHPD2\User"
"C:\GCMSsolution\Data\Project1\Powers RMBL Data\SCH_V31_7222019_03.qgd","7/22/2019 10:59:45 PM","8/3/2019 11:14:11 AM","7528448","2DYHPD2\User"
"C:\GCMSsolution\Data\Project1\Powers RMBL Data\SCH_V310_6292019_17.qgd","6/29/2019 9:03:48 PM","8/4/2019 5:52:04 AM","7856128","2DYHPD2\User"
"C:\GCMSsolution\Data\Project1\Powers RMBL Data\SCH_V311_6292019_18.qgd","6/30/2019 6:47:56 AM","8/4/2019 4:59:01 AM","7942144","2DYHPD2\User"
"C:\GCMSsolution\Data\Project1\Powers RMBL Data\SCH_V312_7222019_07.qgd","7/22/2019 2:32:41 PM","8/3/2019 12:03:19 PM","7708672","2DYHPD2\User"
"C:\GCMSsolution\Data\Project1\Powers RMBL Data\SCH_V313_8142019_08.qgd","8/14/2019 5:21:56 PM","8/14/2019 5:54:28 PM","7049216","2DYHPD2\User"
"C:\GCMSsolution\Data\Project1\Powers RMBL Data\SCH_V314_8142019_09.qgd","8/14/2019 5:54:42 PM","8/14/2019 6:27:03 PM","7008256","2DYHPD2\User"
"C:\GCMSsolution\Data\Project1\Powers RMBL Data\SCH_V316_8142019_10.qgd","8/14/2019 6:27:19 PM","8/14/2019 7:00:04 PM","7012352","2DYHPD2\User"
"C:\GCMSsolution\Data\Project1\Powers RMBL Data\SCH_V317_6292019_19.qgd","6/30/2019 7:19:12 AM","8/4/2019 4:55:53 AM","7917568","2DYHPD2\User"
"C:\GCMSsolution\Data\Project1\Powers RMBL Data\SCH_V318_6292019_20.qgd","6/30/2019 7:50:15 AM","8/4/2019 4:52:54 AM","7794688","2DYHPD2\User"
"C:\GCMSsolution\Data\Project1\Powers RMBL Data\SCH_V318_712019_12.qgd","7/2/2019 4:18:57 AM","8/4/2019 1:49:36 AM","7913472","2DYHPD2\User"
"C:\GCMSsolution\Data\Project1\Powers RMBL Data\SCH_V319_6292019_21.qgd","6/30/2019 8:21:23 AM","8/4/2019 4:50:48 AM","7741440","2DYHPD2\User"
"C:\GCMSsolution\Data\Project1\Powers RMBL Data\SCH_V32_7222019_04.qgd","7/22/2019 11:31:27 PM","8/3/2019 11:11:22 AM","7540736","2DYHPD2\User"
"C:\GCMSsolution\Data\Project1\Powers RMBL Data\SCH_V320_6292019_02.qgd","6/29/2019 10:27:35 PM","8/4/2019 5:46:39 AM","8286208","2DYHPD2\User"
"C:\GCMSsolution\Data\Project1\Powers RMBL Data\SCH_V321_6292019_03.qgd","6/29/2019 10:59:13 PM","8/4/2019 5:43:23 AM","8028160","2DYHPD2\User"
"C:\GCMSsolution\Data\Project1\Powers RMBL Data\SCH_V322_6292019_04.qgd","6/29/2019 11:30:55 PM","8/4/2019 5:41:32 AM","7737344","2DYHPD2\User"
"C:\GCMSsolution\Data\Project1\Powers RMBL Data\SCH_V322_712019_10.qgd","7/2/2019 3:16:25 AM","8/4/2019 1:55:05 AM","7696384","2DYHPD2\User"
"C:\GCMSsolution\Data\Project1\Powers RMBL Data\SCH_V323_6292019_05.qgd","6/30/2019 12:01:12 AM","8/4/2019 5:38:22 AM","7766016","2DYHPD2\User"
"C:\GCMSsolution\Data\Project1\Powers RMBL Data\SCH_V324_6292019_06.qgd","6/30/2019 12:32:33 AM","8/4/2019 5:35:24 AM","7753728","2DYHPD2\User"
"C:\GCMSsolution\Data\Project1\Powers RMBL Data\SCH_V325_6292019_07.qgd","6/30/2019 1:03:53 AM","8/4/2019 5:31:49 AM","8200192","2DYHPD2\User"
"C:\GCMSsolution\Data\Project1\Powers RMBL Data\SCH_V326_6292019_08.qgd","6/30/2019 1:35:18 AM","8/4/2019 5:28:32 AM","8454144","2DYHPD2\User"
"C:\GCMSsolution\Data\Project1\Powers RMBL Data\SCH_V327_6292019_09.qgd","6/30/2019 2:06:43 AM","8/4/2019 5:25:26 AM","7892992","2DYHPD2\User"
"C:\GCMSsolution\Data\Project1\Powers RMBL Data\SCH_V328_6292019_10.qgd","6/30/2019 2:38:08 AM","8/4/2019 5:22:33 AM","7852032","2DYHPD2\User"
"C:\GCMSsolution\Data\Project1\Powers RMBL Data\SCH_V329_6292019_12.qgd","6/30/2019 3:40:29 AM","8/4/2019 5:17:38 AM","7835648","2DYHPD2\User"
"C:\GCMSsolution\Data\Project1\Powers RMBL Data\SCH_V33_8132019_18.qgd","8/13/2019 9:13:03 AM","8/13/2019 9:43:56 AM","6856704","2DYHPD2\User"
"C:\GCMSsolution\Data\Project1\Powers RMBL Data\SCH_V330_6292019_13.qgd","6/30/2019 4:11:49 AM","8/4/2019 5:14:53 AM","7729152","2DYHPD2\User"
"C:\GCMSsolution\Data\Project1\Powers RMBL Data\SCH_V331_6292019_14.qgd","6/30/2019 4:43:07 AM","8/4/2019 5:11:51 AM","7811072","2DYHPD2\User"
"C:\GCMSsolution\Data\Project1\Powers RMBL Data\SCH_V332_6292019_15.qgd","6/30/2019 5:14:24 AM","8/4/2019 5:08:50 AM","7798784","2DYHPD2\User"
"C:\GCMSsolution\Data\Project1\Powers RMBL Data\SCH_V333_6292019_16.qgd","6/30/2019 5:45:28 AM","8/4/2019 5:05:46 AM","7798784","2DYHPD2\User"
"C:\GCMSsolution\Data\Project1\Powers RMBL Data\SCH_V334_6292019_17.qgd","6/30/2019 6:16:44 AM","8/4/2019 5:02:15 AM","8011776","2DYHPD2\User"
"C:\GCMSsolution\Data\Project1\Powers RMBL Data\SCH_V335_6302019_02.qgd","6/30/2019 6:48:08 PM","8/4/2019 4:45:32 AM","7737344","2DYHPD2\User"
"C:\GCMSsolution\Data\Project1\Powers RMBL Data\SCH_V336_6302019_03.qgd","6/30/2019 7:20:57 PM","8/4/2019 4:42:20 AM","7852032","2DYHPD2\User"
"C:\GCMSsolution\Data\Project1\Powers RMBL Data\SCH_V337_6302019_04.qgd","6/30/2019 7:54:17 PM","8/4/2019 4:39:21 AM","7774208","2DYHPD2\User"
"C:\GCMSsolution\Data\Project1\Powers RMBL Data\SCH_V338_6302019_05.qgd","6/30/2019 8:26:36 PM","8/4/2019 4:35:54 AM","7888896","2DYHPD2\User"
"C:\GCMSsolution\Data\Project1\Powers RMBL Data\SCH_V34_7222019_05.qgd","7/23/2019 12:03:05 AM","8/3/2019 11:08:12 AM","7540736","2DYHPD2\User"
"C:\GCMSsolution\Data\Project1\Powers RMBL Data\SCH_V342_6302019_06.qgd","6/30/2019 8:59:14 PM","8/4/2019 4:32:48 AM","7843840","2DYHPD2\User"
"C:\GCMSsolution\Data\Project1\Powers RMBL Data\SCH_V343_6302019_07.qgd","6/30/2019 9:31:25 PM","8/4/2019 4:29:55 AM","7974912","2DYHPD2\User"
"C:\GCMSsolution\Data\Project1\Powers RMBL Data\SCH_V344_6302019_08.qgd","6/30/2019 10:03:33 PM","8/4/2019 4:26:59 AM","7770112","2DYHPD2\User"
"C:\GCMSsolution\Data\Project1\Powers RMBL Data\SCH_V346_6302019_09.qgd","6/30/2019 10:35:20 PM","8/4/2019 4:23:59 AM","7843840","2DYHPD2\User"
"C:\GCMSsolution\Data\Project1\Powers RMBL Data\SCH_V347_6302019_10.qgd","6/30/2019 11:07:01 PM","8/4/2019 4:20:58 AM","7757824","2DYHPD2\User"
"C:\GCMSsolution\Data\Project1\Powers RMBL Data\SCH_V35_7222019_15.qgd","7/22/2019 7:05:27 PM","8/3/2019 11:35:36 AM","7671808","2DYHPD2\User"
"C:\GCMSsolution\Data\Project1\Powers RMBL Data\SCH_V353_6302019_12.qgd","7/1/2019 12:10:08 AM","8/4/2019 4:15:13 AM","7860224","2DYHPD2\User"
"C:\GCMSsolution\Data\Project1\Powers RMBL Data\SCH_V354_6302019_13.qgd","7/1/2019 12:41:40 AM","8/4/2019 4:12:13 AM","7737344","2DYHPD2\User"
"C:\GCMSsolution\Data\Project1\Powers RMBL Data\SCH_V355_6302019_14.qgd","7/1/2019 1:13:14 AM","8/4/2019 4:09:03 AM","7745536","2DYHPD2\User"
"C:\GCMSsolution\Data\Project1\Powers RMBL Data\SCH_V356_6302019_15.qgd","7/1/2019 1:44:26 AM","8/4/2019 4:05:51 AM","7749632","2DYHPD2\User"
"C:\GCMSsolution\Data\Project1\Powers RMBL Data\SCH_V356_712019_13.qgd","7/2/2019 4:50:22 AM","8/4/2019 1:46:03 AM","7966720","2DYHPD2\User"
"C:\GCMSsolution\Data\Project1\Powers RMBL Data\SCH_V357_6302019_16.qgd","7/1/2019 2:15:43 AM","8/4/2019 4:01:46 AM","8110080","2DYHPD2\User"
"C:\GCMSsolution\Data\Project1\Powers RMBL Data\SCH_V358_6302019_17.qgd","7/1/2019 2:47:04 AM","8/4/2019 3:58:10 AM","7892992","2DYHPD2\User"
"C:\GCMSsolution\Data\Project1\Powers RMBL Data\SCH_V359_6302019_18.qgd","7/1/2019 3:18:21 AM","8/4/2019 3:55:28 AM","7737344","2DYHPD2\User"
"C:\GCMSsolution\Data\Project1\Powers RMBL Data\SCH_V36_7222019_06.qgd","7/23/2019 12:34:38 AM","8/3/2019 11:04:57 AM","7532544","2DYHPD2\User"
"C:\GCMSsolution\Data\Project1\Powers RMBL Data\SCH_V360_6302019_19.qgd","7/1/2019 3:49:41 AM","8/4/2019 3:52:32 AM","7843840","2DYHPD2\User"
"C:\GCMSsolution\Data\Project1\Powers RMBL Data\SCH_V361_6302019_20.qgd","7/1/2019 4:21:06 AM","8/4/2019 3:49:38 AM","7811072","2DYHPD2\User"
"C:\GCMSsolution\Data\Project1\Powers RMBL Data\SCH_V362_6302019_21.qgd","7/1/2019 4:52:22 AM","8/4/2019 3:47:26 AM","7720960","2DYHPD2\User"
"C:\GCMSsolution\Data\Project1\Powers RMBL Data\SCH_V363_6302019_23.qgd","7/1/2019 5:55:28 AM","8/4/2019 3:40:53 AM","7819264","2DYHPD2\User"
"C:\GCMSsolution\Data\Project1\Powers RMBL Data\SCH_V364_6302019_24.qgd","7/1/2019 6:26:44 AM","8/4/2019 3:37:40 AM","7827456","2DYHPD2\User"
"C:\GCMSsolution\Data\Project1\Powers RMBL Data\SCH_V365_6302019_25.qgd","7/1/2019 6:58:00 AM","8/4/2019 3:34:32 AM","7815168","2DYHPD2\User"
"C:\GCMSsolution\Data\Project1\Powers RMBL Data\SCH_V366_6302019_26.qgd","7/1/2019 7:29:13 AM","8/4/2019 3:31:20 AM","7831552","2DYHPD2\User"
"C:\GCMSsolution\Data\Project1\Powers RMBL Data\SCH_V367_6302019_27.qgd","7/1/2019 8:00:29 AM","8/4/2019 3:28:58 AM","7839744","2DYHPD2\User"
"C:\GCMSsolution\Data\Project1\Powers RMBL Data\SCH_V368_712019_02.qgd","7/1/2019 9:48:27 AM","8/4/2019 3:23:50 AM","7733248","2DYHPD2\User"
"C:\GCMSsolution\Data\Project1\Powers RMBL Data\SCH_V369_712019_03.qgd","7/1/2019 10:19:47 AM","8/4/2019 3:20:17 AM","8036352","2DYHPD2\User"
"C:\GCMSsolution\Data\Project1\Powers RMBL Data\SCH_V37_7222019_07.qgd","7/23/2019 1:06:07 AM","8/3/2019 11:01:30 AM","8257536","2DYHPD2\User"
"C:\GCMSsolution\Data\Project1\Powers RMBL Data\SCH_V370_712019_04.qgd","7/1/2019 10:51:25 AM","8/4/2019 3:16:41 AM","8437760","2DYHPD2\User"
"C:\GCMSsolution\Data\Project1\Powers RMBL Data\SCH_V371_712019_05.qgd","7/1/2019 11:23:19 AM","8/4/2019 3:13:42 AM","7790592","2DYHPD2\User"
"C:\GCMSsolution\Data\Project1\Powers RMBL Data\SCH_V372_712019_06.qgd","7/1/2019 11:55:17 AM","8/4/2019 3:10:53 AM","7782400","2DYHPD2\User"
"C:\GCMSsolution\Data\Project1\Powers RMBL Data\SCH_V373_712019_07.qgd","7/1/2019 12:27:24 PM","8/4/2019 3:07:50 AM","7733248","2DYHPD2\User"
"C:\GCMSsolution\Data\Project1\Powers RMBL Data\SCH_V374_712019_08.qgd","7/1/2019 12:59:40 PM","8/4/2019 3:04:50 AM","7770112","2DYHPD2\User"
"C:\GCMSsolution\Data\Project1\Powers RMBL Data\SCH_V375_712019_09.qgd","7/1/2019 1:32:17 PM","8/4/2019 3:01:46 AM","7749632","2DYHPD2\User"
"C:\GCMSsolution\Data\Project1\Powers RMBL Data\SCH_V376_712019_10.qgd","7/1/2019 2:04:49 PM","8/4/2019 2:58:54 AM","8388608","2DYHPD2\User"
"C:\GCMSsolution\Data\Project1\Powers RMBL Data\SCH_V377_712019_12.qgd","7/1/2019 3:10:19 PM","8/4/2019 2:53:29 AM","9142272","2DYHPD2\User"
"C:\GCMSsolution\Data\Project1\Powers RMBL Data\SCH_V378_712019_13.qgd","7/1/2019 3:42:17 PM","8/4/2019 2:50:36 AM","8646656","2DYHPD2\User"
"C:\GCMSsolution\Data\Project1\Powers RMBL Data\SCH_V379_712019_14.qgd","7/1/2019 4:14:24 PM","8/4/2019 2:47:38 AM","8359936","2DYHPD2\User"
"C:\GCMSsolution\Data\Project1\Powers RMBL Data\SCH_V38_7222019_16.qgd","7/22/2019 7:38:25 PM","8/3/2019 11:32:02 AM","7667712","2DYHPD2\User"
"C:\GCMSsolution\Data\Project1\Powers RMBL Data\SCH_V380_712019_15.qgd","7/1/2019 4:46:48 PM","8/4/2019 2:44:23 AM","8417280","2DYHPD2\User"
"C:\GCMSsolution\Data\Project1\Powers RMBL Data\SCH_V381_712019_16.qgd","7/1/2019 5:19:11 PM","8/4/2019 2:40:43 AM","8691712","2DYHPD2\User"
"C:\GCMSsolution\Data\Project1\Powers RMBL Data\SCH_V382_712019_17.qgd","7/1/2019 5:51:49 PM","8/4/2019 2:37:03 AM","8712192","2DYHPD2\User"
"C:\GCMSsolution\Data\Project1\Powers RMBL Data\SCH_V383_712019_18.qgd","7/1/2019 6:24:08 PM","8/4/2019 2:33:44 AM","8515584","2DYHPD2\User"
"C:\GCMSsolution\Data\Project1\Powers RMBL Data\SCH_V384_712019_19.qgd","7/1/2019 6:56:19 PM","8/4/2019 2:30:45 AM","8376320","2DYHPD2\User"
"C:\GCMSsolution\Data\Project1\Powers RMBL Data\SCH_V385_712019_20.qgd","7/1/2019 7:29:16 PM","8/4/2019 2:27:37 AM","7811072","2DYHPD2\User"
"C:\GCMSsolution\Data\Project1\Powers RMBL Data\SCH_V386_712019_21.qgd","7/1/2019 8:01:53 PM","8/4/2019 2:24:41 AM","7753728","2DYHPD2\User"
"C:\GCMSsolution\Data\Project1\Powers RMBL Data\SCH_V389_712019_02.qgd","7/1/2019 11:06:17 PM","8/4/2019 2:16:55 AM","7954432","2DYHPD2\User"
"C:\GCMSsolution\Data\Project1\Powers RMBL Data\SCH_V39_7222019_08.qgd","7/23/2019 1:37:33 AM","8/3/2019 10:58:22 AM","8163328","2DYHPD2\User"
"C:\GCMSsolution\Data\Project1\Powers RMBL Data\SCH_V390_712019_03.qgd","7/1/2019 11:37:45 PM","8/4/2019 2:13:39 AM","7905280","2DYHPD2\User"
"C:\GCMSsolution\Data\Project1\Powers RMBL Data\SCH_V391_712019_04.qgd","7/2/2019 12:09:01 AM","8/4/2019 2:11:50 AM","7671808","2DYHPD2\User"
"C:\GCMSsolution\Data\Project1\Powers RMBL Data\SCH_V391_722019_02.qgd","7/2/2019 9:28:45 AM","8/4/2019 1:22:09 AM","7880704","2DYHPD2\User"
"C:\GCMSsolution\Data\Project1\Powers RMBL Data\SCH_V394_712019_05.qgd","7/2/2019 12:40:00 AM","8/4/2019 2:09:02 AM","7716864","2DYHPD2\User"
"C:\GCMSsolution\Data\Project1\Powers RMBL Data\SCH_V396_712019_06.qgd","7/2/2019 1:11:25 AM","8/4/2019 2:07:12 AM","7675904","2DYHPD2\User"
"C:\GCMSsolution\Data\Project1\Powers RMBL Data\SCH_V396_722019_03.qgd","7/2/2019 9:59:57 AM","8/4/2019 1:19:24 AM","7778304","2DYHPD2\User"
"C:\GCMSsolution\Data\Project1\Powers RMBL Data\SCH_V397_712019_07.qgd","7/2/2019 1:42:16 AM","8/4/2019 2:04:18 AM","7770112","2DYHPD2\User"
"C:\GCMSsolution\Data\Project1\Powers RMBL Data\SCH_V398_712019_08.qgd","7/2/2019 2:13:40 AM","8/4/2019 2:01:07 AM","7892992","2DYHPD2\User"
"C:\GCMSsolution\Data\Project1\Powers RMBL Data\SCH_V399_712019_09.qgd","7/2/2019 2:45:09 AM","8/4/2019 1:57:57 AM","7774208","2DYHPD2\User"
"C:\GCMSsolution\Data\Project1\Powers RMBL Data\SCH_V399_722019_04.qgd","7/2/2019 10:31:13 AM","8/4/2019 1:16:50 AM","7753728","2DYHPD2\User"
"C:\GCMSsolution\Data\Project1\Powers RMBL Data\SCH_V4_7102019_11.qgd","7/11/2019 2:45:54 AM","8/3/2019 12:49:13 PM","8568832","2DYHPD2\User"
"C:\GCMSsolution\Data\Project1\Powers RMBL Data\SCH_V400_712019_14.qgd","7/2/2019 5:21:37 AM","8/4/2019 1:42:58 AM","7815168","2DYHPD2\User"
"C:\GCMSsolution\Data\Project1\Powers RMBL Data\SCH_V401_712019_15.qgd","7/2/2019 5:52:58 AM","8/4/2019 1:39:53 AM","7897088","2DYHPD2\User"
"C:\GCMSsolution\Data\Project1\Powers RMBL Data\SCH_V402_712019_16.qgd","7/2/2019 6:24:06 AM","8/4/2019 1:36:48 AM","7774208","2DYHPD2\User"
"C:\GCMSsolution\Data\Project1\Powers RMBL Data\SCH_V403_712019_17.qgd","7/2/2019 6:55:13 AM","8/4/2019 1:33:44 AM","7774208","2DYHPD2\User"
"C:\GCMSsolution\Data\Project1\Powers RMBL Data\SCH_V404_712019_18.qgd","7/2/2019 7:26:34 AM","8/4/2019 1:30:42 AM","7753728","2DYHPD2\User"
"C:\GCMSsolution\Data\Project1\Powers RMBL Data\SCH_V405_712019_19.qgd","7/2/2019 7:57:46 AM","8/4/2019 1:27:33 AM","7749632","2DYHPD2\User"
"C:\GCMSsolution\Data\Project1\Powers RMBL Data\SCH_V406_722019_05.qgd","7/2/2019 11:02:34 AM","8/4/2019 1:13:42 AM","7774208","2DYHPD2\User"
"C:\GCMSsolution\Data\Project1\Powers RMBL Data\SCH_V407_722019_06.qgd","7/2/2019 11:34:11 AM","8/4/2019 1:10:18 AM","8003584","2DYHPD2\User"
"C:\GCMSsolution\Data\Project1\Powers RMBL Data\SCH_V408_722019_07.qgd","7/2/2019 12:06:06 PM","8/4/2019 1:07:11 AM","7786496","2DYHPD2\User"
"C:\GCMSsolution\Data\Project1\Powers RMBL Data\SCH_V409_722019_08.qgd","7/2/2019 12:38:09 PM","8/4/2019 1:04:07 AM","7778304","2DYHPD2\User"
"C:\GCMSsolution\Data\Project1\Powers RMBL Data\SCH_V410_722019_09.qgd","7/2/2019 1:10:16 PM","8/4/2019 1:00:57 AM","7794688","2DYHPD2\User"
"C:\GCMSsolution\Data\Project1\Powers RMBL Data\SCH_V411_722019_10.qgd","7/2/2019 1:42:49 PM","8/4/2019 12:57:46 AM","7823360","2DYHPD2\User"
"C:\GCMSsolution\Data\Project1\Powers RMBL Data\SCH_V412_722019_12.qgd","7/2/2019 2:48:29 PM","8/4/2019 12:52:21 AM","7815168","2DYHPD2\User"
"C:\GCMSsolution\Data\Project1\Powers RMBL Data\SCH_V413_722019_13.qgd","7/2/2019 3:20:31 PM","8/4/2019 12:49:13 AM","7770112","2DYHPD2\User"
"C:\GCMSsolution\Data\Project1\Powers RMBL Data\SCH_V414_722019_14.qgd","7/2/2019 3:52:38 PM","8/4/2019 12:46:14 AM","7770112","2DYHPD2\User"
"C:\GCMSsolution\Data\Project1\Powers RMBL Data\SCH_V415_722019_15.qgd","7/2/2019 4:25:02 PM","8/4/2019 12:43:11 AM","7782400","2DYHPD2\User"
"C:\GCMSsolution\Data\Project1\Powers RMBL Data\SCH_V416_722019_16.qgd","7/2/2019 4:57:26 PM","8/4/2019 12:39:59 AM","7778304","2DYHPD2\User"
"C:\GCMSsolution\Data\Project1\Powers RMBL Data\SCH_V417_722019_17.qgd","7/2/2019 5:29:46 PM","8/4/2019 12:36:40 AM","7831552","2DYHPD2\User"
"C:\GCMSsolution\Data\Project1\Powers RMBL Data\SCH_V418_722019_18.qgd","7/2/2019 6:02:10 PM","8/4/2019 12:32:59 AM","8306688","2DYHPD2\User"
"C:\GCMSsolution\Data\Project1\Powers RMBL Data\SCH_V419_722019_19.qgd","7/2/2019 6:34:42 PM","8/4/2019 12:29:44 AM","7872512","2DYHPD2\User"
"C:\GCMSsolution\Data\Project1\Powers RMBL Data\SCH_V429_722019_12.qgd","7/3/2019 3:09:29 AM","8/3/2019 11:52:41 PM","7917568","2DYHPD2\User"
"C:\GCMSsolution\Data\Project1\Powers RMBL Data\SCH_V430_722019_13.qgd","7/3/2019 3:40:53 AM","8/3/2019 11:49:44 PM","7766016","2DYHPD2\User"
"C:\GCMSsolution\Data\Project1\Powers RMBL Data\SCH_V431_722019_14.qgd","7/3/2019 4:11:56 AM","8/3/2019 11:46:45 PM","7774208","2DYHPD2\User"
"C:\GCMSsolution\Data\Project1\Powers RMBL Data\SCH_V432_722019_15.qgd","7/3/2019 4:43:29 AM","8/3/2019 11:43:48 PM","7766016","2DYHPD2\User"
"C:\GCMSsolution\Data\Project1\Powers RMBL Data\SCH_V433_722019_16.qgd","7/3/2019 5:14:54 AM","8/3/2019 11:40:42 PM","7835648","2DYHPD2\User"
"C:\GCMSsolution\Data\Project1\Powers RMBL Data\SCH_V434_722019_17.qgd","7/3/2019 5:46:14 AM","8/3/2019 11:37:46 PM","7757824","2DYHPD2\User"
"C:\GCMSsolution\Data\Project1\Powers RMBL Data\SCH_V435_722019_18.qgd","7/3/2019 6:17:14 AM","8/3/2019 11:34:44 PM","7798784","2DYHPD2\User"
"C:\GCMSsolution\Data\Project1\Powers RMBL Data\SCH_V436_722019_19.qgd","7/3/2019 6:48:38 AM","8/3/2019 11:32:53 PM","7704576","2DYHPD2\User"
"C:\GCMSsolution\Data\Project1\Powers RMBL Data\SCH_V436_732019_04.qgd","7/3/2019 11:38:47 PM","8/3/2019 10:23:06 PM","7802880","2DYHPD2\User"
"C:\GCMSsolution\Data\Project1\Powers RMBL Data\SCH_V437_722019_20.qgd","7/3/2019 7:18:59 AM","8/3/2019 11:29:55 PM","7745536","2DYHPD2\User"
"C:\GCMSsolution\Data\Project1\Powers RMBL Data\SCH_V444_722019_21.qgd","7/3/2019 7:50:07 AM","8/3/2019 11:26:42 PM","7798784","2DYHPD2\User"
"C:\GCMSsolution\Data\Project1\Powers RMBL Data\SCH_V445_732019_02.qgd","7/3/2019 9:55:46 AM","8/3/2019 11:21:16 PM","7778304","2DYHPD2\User"
"C:\GCMSsolution\Data\Project1\Powers RMBL Data\SCH_V446_732019_03.qgd","7/3/2019 10:27:02 AM","8/3/2019 11:17:58 PM","7835648","2DYHPD2\User"
"C:\GCMSsolution\Data\Project1\Powers RMBL Data\SCH_V447_732019_04.qgd","7/3/2019 10:58:48 AM","8/3/2019 11:14:45 PM","7766016","2DYHPD2\User"
"C:\GCMSsolution\Data\Project1\Powers RMBL Data\SCH_V449_752019_24.qgd","7/6/2019 7:09:25 AM","8/3/2019 5:51:19 PM","8085504","2DYHPD2\User"
"C:\GCMSsolution\Data\Project1\Powers RMBL Data\SCH_V450_732019_05.qgd","7/3/2019 11:30:55 AM","8/3/2019 11:11:36 PM","7782400","2DYHPD2\User"
"C:\GCMSsolution\Data\Project1\Powers RMBL Data\SCH_V450_752019_25.qgd","7/6/2019 7:40:37 AM","8/3/2019 5:48:03 PM","7811072","2DYHPD2\User"
"C:\GCMSsolution\Data\Project1\Powers RMBL Data\SCH_V451_732019_06.qgd","7/3/2019 12:03:14 PM","8/3/2019 11:08:32 PM","7839744","2DYHPD2\User"
"C:\GCMSsolution\Data\Project1\Powers RMBL Data\SCH_V451_752019_26.qgd","7/6/2019 8:12:05 AM","8/3/2019 5:44:50 PM","7987200","2DYHPD2\User"
"C:\GCMSsolution\Data\Project1\Powers RMBL Data\SCH_V452_732019_07.qgd","7/3/2019 12:35:46 PM","8/3/2019 11:05:32 PM","7778304","2DYHPD2\User"
"C:\GCMSsolution\Data\Project1\Powers RMBL Data\SCH_V452_752019_27.qgd","7/6/2019 8:43:44 AM","8/3/2019 5:41:42 PM","7749632","2DYHPD2\User"
"C:\GCMSsolution\Data\Project1\Powers RMBL Data\SCH_V453_732019_08.qgd","7/3/2019 1:08:36 PM","8/3/2019 11:02:29 PM","7766016","2DYHPD2\User"
"C:\GCMSsolution\Data\Project1\Powers RMBL Data\SCH_V454_732019_09.qgd","7/3/2019 1:40:39 PM","8/3/2019 10:59:25 PM","7757824","2DYHPD2\User"
"C:\GCMSsolution\Data\Project1\Powers RMBL Data\SCH_V455_732019_10.qgd","7/3/2019 2:12:50 PM","8/3/2019 10:57:17 PM","7720960","2DYHPD2\User"
"C:\GCMSsolution\Data\Project1\Powers RMBL Data\SCH_V456_732019_12.qgd","7/3/2019 3:17:39 PM","8/3/2019 10:50:57 PM","7761920","2DYHPD2\User"
"C:\GCMSsolution\Data\Project1\Powers RMBL Data\SCH_V457_732019_13.qgd","7/3/2019 3:50:20 PM","8/3/2019 10:47:52 PM","7753728","2DYHPD2\User"
"C:\GCMSsolution\Data\Project1\Powers RMBL Data\SCH_V458_732019_14.qgd","7/3/2019 4:23:02 PM","8/3/2019 10:44:39 PM","7892992","2DYHPD2\User"
"C:\GCMSsolution\Data\Project1\Powers RMBL Data\SCH_V459_732019_15.qgd","7/3/2019 4:55:47 PM","8/3/2019 10:41:27 PM","7753728","2DYHPD2\User"
"C:\GCMSsolution\Data\Project1\Powers RMBL Data\SCH_V460_732019_16.qgd","7/3/2019 5:28:41 PM","8/3/2019 10:38:07 PM","7811072","2DYHPD2\User"
"C:\GCMSsolution\Data\Project1\Powers RMBL Data\SCH_V461_732019_17.qgd","7/3/2019 6:01:39 PM","8/3/2019 10:34:49 PM","7888896","2DYHPD2\User"
"C:\GCMSsolution\Data\Project1\Powers RMBL Data\SCH_V462_732019_18.qgd","7/3/2019 6:34:41 PM","8/3/2019 10:31:38 PM","7843840","2DYHPD2\User"
"C:\GCMSsolution\Data\Project1\Powers RMBL Data\SCH_V463_732019_19.qgd","7/3/2019 7:07:35 PM","8/3/2019 10:28:32 PM","7766016","2DYHPD2\User"
"C:\GCMSsolution\Data\Project1\Powers RMBL Data\SCH_V464_732019_05.qgd","7/4/2019 12:10:16 AM","8/3/2019 10:20:00 PM","7737344","2DYHPD2\User"
"C:\GCMSsolution\Data\Project1\Powers RMBL Data\SCH_V465_732019_06.qgd","7/4/2019 12:41:36 AM","8/3/2019 10:16:48 PM","7757824","2DYHPD2\User"
"C:\GCMSsolution\Data\Project1\Powers RMBL Data\SCH_V466_732019_07.qgd","7/4/2019 1:13:05 AM","8/3/2019 10:13:41 PM","7696384","2DYHPD2\User"
"C:\GCMSsolution\Data\Project1\Powers RMBL Data\SCH_V467_732019_08.qgd","7/4/2019 1:44:20 AM","8/3/2019 10:10:39 PM","7708672","2DYHPD2\User"
"C:\GCMSsolution\Data\Project1\Powers RMBL Data\SCH_V468_732019_09.qgd","7/4/2019 2:15:40 AM","8/3/2019 10:07:29 PM","7741440","2DYHPD2\User"
"C:\GCMSsolution\Data\Project1\Powers RMBL Data\SCH_V469_732019_10.qgd","7/4/2019 2:47:04 AM","8/3/2019 10:04:12 PM","8183808","2DYHPD2\User"
"C:\GCMSsolution\Data\Project1\Powers RMBL Data\SCH_V470_732019_12.qgd","7/4/2019 3:49:55 AM","8/3/2019 9:58:47 PM","7901184","2DYHPD2\User"
"C:\GCMSsolution\Data\Project1\Powers RMBL Data\SCH_V471_732019_13.qgd","7/4/2019 4:21:15 AM","8/3/2019 9:55:50 PM","7716864","2DYHPD2\User"
"C:\GCMSsolution\Data\Project1\Powers RMBL Data\SCH_V472_732019_14.qgd","7/4/2019 4:52:22 AM","8/3/2019 9:52:57 PM","7712768","2DYHPD2\User"
"C:\GCMSsolution\Data\Project1\Powers RMBL Data\SCH_V473_732019_15.qgd","7/4/2019 5:23:46 AM","8/3/2019 9:49:55 PM","7692288","2DYHPD2\User"
"C:\GCMSsolution\Data\Project1\Powers RMBL Data\SCH_V474_732019_16.qgd","7/4/2019 5:55:14 AM","8/3/2019 9:46:55 PM","7766016","2DYHPD2\User"
"C:\GCMSsolution\Data\Project1\Powers RMBL Data\SCH_V475_732019_17.qgd","7/4/2019 6:26:26 AM","8/3/2019 9:43:53 PM","7696384","2DYHPD2\User"
"C:\GCMSsolution\Data\Project1\Powers RMBL Data\SCH_V476_732019_18.qgd","7/4/2019 6:57:37 AM","8/3/2019 9:40:45 PM","7671808","2DYHPD2\User"
"C:\GCMSsolution\Data\Project1\Powers RMBL Data\SCH_V478_732019_19.qgd","7/4/2019 7:28:48 AM","8/3/2019 9:37:41 PM","7720960","2DYHPD2\User"
"C:\GCMSsolution\Data\Project1\Powers RMBL Data\SCH_V479_732019_20.qgd","7/4/2019 8:00:25 AM","8/3/2019 9:34:05 PM","8310784","2DYHPD2\User"
"C:\GCMSsolution\Data\Project1\Powers RMBL Data\SCH_V480_722019_02.qgd","7/2/2019 9:57:03 PM","8/4/2019 12:22:21 AM","7770112","2DYHPD2\User"
"C:\GCMSsolution\Data\Project1\Powers RMBL Data\SCH_V480_732019_21.qgd","7/4/2019 8:31:45 AM","8/3/2019 9:30:51 PM","7757824","2DYHPD2\User"
"C:\GCMSsolution\Data\Project1\Powers RMBL Data\SCH_V481_722019_03.qgd","7/2/2019 10:28:23 PM","8/4/2019 12:19:21 AM","7741440","2DYHPD2\User"
"C:\GCMSsolution\Data\Project1\Powers RMBL Data\SCH_V481_732019_23.qgd","7/4/2019 9:34:50 AM","8/3/2019 9:25:21 PM","7782400","2DYHPD2\User"
"C:\GCMSsolution\Data\Project1\Powers RMBL Data\SCH_V482_722019_04.qgd","7/2/2019 10:59:40 PM","8/4/2019 12:16:18 AM","7761920","2DYHPD2\User"
"C:\GCMSsolution\Data\Project1\Powers RMBL Data\SCH_V482_732019_24.qgd","7/4/2019 10:06:15 AM","8/3/2019 9:22:09 PM","7782400","2DYHPD2\User"
"C:\GCMSsolution\Data\Project1\Powers RMBL Data\SCH_V483_722019_05.qgd","7/2/2019 11:31:05 PM","8/4/2019 12:13:06 AM","7753728","2DYHPD2\User"
"C:\GCMSsolution\Data\Project1\Powers RMBL Data\SCH_V483_732019_25.qgd","7/4/2019 10:37:43 AM","8/3/2019 9:18:59 PM","7753728","2DYHPD2\User"
"C:\GCMSsolution\Data\Project1\Powers RMBL Data\SCH_V484_722019_06.qgd","7/3/2019 12:02:26 AM","8/4/2019 12:10:08 AM","7790592","2DYHPD2\User"
"C:\GCMSsolution\Data\Project1\Powers RMBL Data\SCH_V484_732019_26.qgd","7/4/2019 11:09:37 AM","8/3/2019 9:15:57 PM","7700480","2DYHPD2\User"
"C:\GCMSsolution\Data\Project1\Powers RMBL Data\SCH_V485_722019_07.qgd","7/3/2019 12:33:46 AM","8/4/2019 12:06:57 AM","7778304","2DYHPD2\User"
"C:\GCMSsolution\Data\Project1\Powers RMBL Data\SCH_V485_732019_27.qgd","7/4/2019 11:41:23 AM","8/3/2019 9:12:48 PM","7819264","2DYHPD2\User"
"C:\GCMSsolution\Data\Project1\Powers RMBL Data\SCH_V486_722019_08.qgd","7/3/2019 1:05:07 AM","8/4/2019 12:04:07 AM","7757824","2DYHPD2\User"
"C:\GCMSsolution\Data\Project1\Powers RMBL Data\SCH_V486_742019_02.qgd","7/4/2019 3:33:52 PM","8/3/2019 9:05:15 PM","7745536","2DYHPD2\User"
"C:\GCMSsolution\Data\Project1\Powers RMBL Data\SCH_V487_722019_09.qgd","7/3/2019 1:36:10 AM","8/4/2019 12:00:59 AM","7827456","2DYHPD2\User"
"C:\GCMSsolution\Data\Project1\Powers RMBL Data\SCH_V487_742019_03.qgd","7/4/2019 4:06:45 PM","8/3/2019 9:02:06 PM","7843840","2DYHPD2\User"
"C:\GCMSsolution\Data\Project1\Powers RMBL Data\SCH_V488_722019_10.qgd","7/3/2019 2:07:13 AM","8/3/2019 11:57:54 PM","7782400","2DYHPD2\User"
"C:\GCMSsolution\Data\Project1\Powers RMBL Data\SCH_V488_742019_04.qgd","7/4/2019 4:38:57 PM","8/3/2019 8:59:04 PM","7839744","2DYHPD2\User"
"C:\GCMSsolution\Data\Project1\Powers RMBL Data\SCH_V489_742019_05.qgd","7/4/2019 5:11:21 PM","8/3/2019 8:56:00 PM","7917568","2DYHPD2\User"
"C:\GCMSsolution\Data\Project1\Powers RMBL Data\SCH_V490_742019_06.qgd","7/4/2019 5:43:49 PM","8/3/2019 8:52:51 PM","7688192","2DYHPD2\User"
"C:\GCMSsolution\Data\Project1\Powers RMBL Data\SCH_V491_742019_07.qgd","7/4/2019 6:16:18 PM","8/3/2019 8:49:30 PM","7958528","2DYHPD2\User"
"C:\GCMSsolution\Data\Project1\Powers RMBL Data\SCH_V491_752019_02.qgd","7/5/2019 12:31:04 PM","8/3/2019 7:31:40 PM","7778304","2DYHPD2\User"
"C:\GCMSsolution\Data\Project1\Powers RMBL Data\SCH_V492_742019_08.qgd","7/4/2019 6:48:51 PM","8/3/2019 8:46:10 PM","7933952","2DYHPD2\User"
"C:\GCMSsolution\Data\Project1\Powers RMBL Data\SCH_V493_742019_09.qgd","7/4/2019 7:21:07 PM","8/3/2019 8:42:57 PM","7745536","2DYHPD2\User"
"C:\GCMSsolution\Data\Project1\Powers RMBL Data\SCH_V494_742019_10.qgd","7/4/2019 7:53:56 PM","8/3/2019 8:40:49 PM","7667712","2DYHPD2\User"
"C:\GCMSsolution\Data\Project1\Powers RMBL Data\SCH_V495_742019_02.qgd","7/5/2019 12:26:03 AM","8/3/2019 8:35:25 PM","7974912","2DYHPD2\User"
"C:\GCMSsolution\Data\Project1\Powers RMBL Data\SCH_V496_742019_03.qgd","7/5/2019 12:57:02 AM","8/3/2019 8:31:59 PM","7786496","2DYHPD2\User"
"C:\GCMSsolution\Data\Project1\Powers RMBL Data\SCH_V497_742019_04.qgd","7/5/2019 1:28:15 AM","8/3/2019 8:28:50 PM","7790592","2DYHPD2\User"
"C:\GCMSsolution\Data\Project1\Powers RMBL Data\SCH_V498_742019_05.qgd","7/5/2019 1:59:35 AM","8/3/2019 8:25:32 PM","8015872","2DYHPD2\User"
"C:\GCMSsolution\Data\Project1\Powers RMBL Data\SCH_V499_742019_06.qgd","7/5/2019 2:30:47 AM","8/3/2019 8:22:28 PM","7929856","2DYHPD2\User"
"C:\GCMSsolution\Data\Project1\Powers RMBL Data\SCH_V5_7102019_13.qgd","7/11/2019 3:47:56 AM","8/3/2019 12:43:39 PM","8486912","2DYHPD2\User"
"C:\GCMSsolution\Data\Project1\Powers RMBL Data\SCH_V5_8132019_09.qgd","8/13/2019 4:32:10 AM","8/13/2019 5:03:11 AM","6889472","2DYHPD2\User"
"C:\GCMSsolution\Data\Project1\Powers RMBL Data\SCH_V50_8132019_19.qgd","8/13/2019 9:44:09 AM","8/13/2019 10:15:13 AM","6930432","2DYHPD2\User"
"C:\GCMSsolution\Data\Project1\Powers RMBL Data\SCH_V500_742019_07.qgd","7/5/2019 3:01:51 AM","8/3/2019 8:19:04 PM","7860224","2DYHPD2\User"
"C:\GCMSsolution\Data\Project1\Powers RMBL Data\SCH_V501_742019_08.qgd","7/5/2019 3:32:59 AM","8/3/2019 8:15:42 PM","8425472","2DYHPD2\User"
"C:\GCMSsolution\Data\Project1\Powers RMBL Data\SCH_V502_742019_09.qgd","7/5/2019 4:04:19 AM","8/3/2019 8:12:18 PM","8310784","2DYHPD2\User"
"C:\GCMSsolution\Data\Project1\Powers RMBL Data\SCH_V503_742019_10.qgd","7/5/2019 4:35:27 AM","8/3/2019 8:08:54 PM","7745536","2DYHPD2\User"
"C:\GCMSsolution\Data\Project1\Powers RMBL Data\SCH_V504_742019_12.qgd","7/5/2019 5:38:09 AM","8/3/2019 8:03:47 PM","7725056","2DYHPD2\User"
"C:\GCMSsolution\Data\Project1\Powers RMBL Data\SCH_V505_742019_13.qgd","7/5/2019 6:09:29 AM","8/3/2019 8:00:40 PM","7680000","2DYHPD2\User"
"C:\GCMSsolution\Data\Project1\Powers RMBL Data\SCH_V505_752019_03.qgd","7/5/2019 1:03:10 PM","8/3/2019 7:29:16 PM","7663616","2DYHPD2\User"
"C:\GCMSsolution\Data\Project1\Powers RMBL Data\SCH_V506_742019_14.qgd","7/5/2019 6:40:53 AM","8/3/2019 7:57:37 PM","7806976","2DYHPD2\User"
"C:\GCMSsolution\Data\Project1\Powers RMBL Data\SCH_V507_742019_15.qgd","7/5/2019 7:12:10 AM","8/3/2019 7:54:36 PM","7659520","2DYHPD2\User"
"C:\GCMSsolution\Data\Project1\Powers RMBL Data\SCH_V508_742019_16.qgd","7/5/2019 7:43:34 AM","8/3/2019 7:51:16 PM","8167424","2DYHPD2\User"
"C:\GCMSsolution\Data\Project1\Powers RMBL Data\SCH_V509_742019_17.qgd","7/5/2019 8:15:08 AM","8/3/2019 7:48:07 PM","7671808","2DYHPD2\User"
"C:\GCMSsolution\Data\Project1\Powers RMBL Data\SCH_V51_8132019_20.qgd","8/13/2019 10:15:29 AM","8/13/2019 10:46:41 AM","7188480","2DYHPD2\User"
"C:\GCMSsolution\Data\Project1\Powers RMBL Data\SCH_V510_742019_18.qgd","7/5/2019 8:46:28 AM","8/3/2019 7:44:59 PM","7983104","2DYHPD2\User"
"C:\GCMSsolution\Data\Project1\Powers RMBL Data\SCH_V511_742019_19.qgd","7/5/2019 9:17:54 AM","8/3/2019 7:41:55 PM","7671808","2DYHPD2\User"
"C:\GCMSsolution\Data\Project1\Powers RMBL Data\SCH_V512_742019_20.qgd","7/5/2019 9:49:14 AM","8/3/2019 7:38:53 PM","7827456","2DYHPD2\User"
"C:\GCMSsolution\Data\Project1\Powers RMBL Data\SCH_V513_742019_21.qgd","7/5/2019 10:20:48 AM","8/3/2019 7:36:49 PM","7626752","2DYHPD2\User"
"C:\GCMSsolution\Data\Project1\Powers RMBL Data\SCH_V514_752019_04.qgd","7/5/2019 1:35:39 PM","8/3/2019 7:25:56 PM","7733248","2DYHPD2\User"
"C:\GCMSsolution\Data\Project1\Powers RMBL Data\SCH_V515_752019_05.qgd","7/5/2019 2:07:34 PM","8/3/2019 7:22:35 PM","7905280","2DYHPD2\User"
"C:\GCMSsolution\Data\Project1\Powers RMBL Data\SCH_V516_752019_06.qgd","7/5/2019 2:39:45 PM","8/3/2019 7:19:12 PM","7774208","2DYHPD2\User"
"C:\GCMSsolution\Data\Project1\Powers RMBL Data\SCH_V517_752019_07.qgd","7/5/2019 3:12:09 PM","8/3/2019 7:15:58 PM","7712768","2DYHPD2\User"
"C:\GCMSsolution\Data\Project1\Powers RMBL Data\SCH_V518_752019_08.qgd","7/5/2019 3:44:47 PM","8/3/2019 7:12:59 PM","7704576","2DYHPD2\User"
"C:\GCMSsolution\Data\Project1\Powers RMBL Data\SCH_V519_752019_09.qgd","7/5/2019 4:17:36 PM","8/3/2019 7:09:45 PM","7901184","2DYHPD2\User"
"C:\GCMSsolution\Data\Project1\Powers RMBL Data\SCH_V52_8142019_02.qgd","8/14/2019 2:06:30 PM","8/14/2019 2:38:56 PM","7143424","2DYHPD2\User"
"C:\GCMSsolution\Data\Project1\Powers RMBL Data\SCH_V520_752019_10.qgd","7/5/2019 4:50:26 PM","8/3/2019 7:06:38 PM","7725056","2DYHPD2\User"
"C:\GCMSsolution\Data\Project1\Powers RMBL Data\SCH_V521_752019_02.qgd","7/5/2019 7:37:37 PM","8/3/2019 6:59:28 PM","7786496","2DYHPD2\User"
"C:\GCMSsolution\Data\Project1\Powers RMBL Data\SCH_V522_752019_03.qgd","7/5/2019 8:10:05 PM","8/3/2019 6:56:39 PM","7741440","2DYHPD2\User"
"C:\GCMSsolution\Data\Project1\Powers RMBL Data\SCH_V523_752019_04.qgd","7/5/2019 8:42:17 PM","8/3/2019 6:53:19 PM","8028160","2DYHPD2\User"
"C:\GCMSsolution\Data\Project1\Powers RMBL Data\SCH_V524_752019_05.qgd","7/5/2019 9:14:07 PM","8/3/2019 6:50:19 PM","7712768","2DYHPD2\User"
"C:\GCMSsolution\Data\Project1\Powers RMBL Data\SCH_V525_752019_06.qgd","7/5/2019 9:45:40 PM","8/3/2019 6:47:05 PM","8007680","2DYHPD2\User"
"C:\GCMSsolution\Data\Project1\Powers RMBL Data\SCH_V526_752019_07.qgd","7/5/2019 10:17:10 PM","8/3/2019 6:44:01 PM","7692288","2DYHPD2\User"
"C:\GCMSsolution\Data\Project1\Powers RMBL Data\SCH_V529_752019_08.qgd","7/5/2019 10:48:30 PM","8/3/2019 6:40:47 PM","8011776","2DYHPD2\User"
"C:\GCMSsolution\Data\Project1\Powers RMBL Data\SCH_V530_752019_09.qgd","7/5/2019 11:19:50 PM","8/3/2019 6:37:28 PM","7933952","2DYHPD2\User"
"C:\GCMSsolution\Data\Project1\Powers RMBL Data\SCH_V531_752019_10.qgd","7/5/2019 11:51:11 PM","8/3/2019 6:34:08 PM","8085504","2DYHPD2\User"
"C:\GCMSsolution\Data\Project1\Powers RMBL Data\SCH_V532_752019_12.qgd","7/6/2019 12:53:31 AM","8/3/2019 6:28:47 PM","7696384","2DYHPD2\User"
"C:\GCMSsolution\Data\Project1\Powers RMBL Data\SCH_V533_752019_13.qgd","7/6/2019 1:25:04 AM","8/3/2019 6:25:40 PM","8069120","2DYHPD2\User"
"C:\GCMSsolution\Data\Project1\Powers RMBL Data\SCH_V534_752019_14.qgd","7/6/2019 1:56:20 AM","8/3/2019 6:22:32 PM","7766016","2DYHPD2\User"
"C:\GCMSsolution\Data\Project1\Powers RMBL Data\SCH_V535_752019_15.qgd","7/6/2019 2:27:33 AM","8/3/2019 6:19:10 PM","8114176","2DYHPD2\User"
"C:\GCMSsolution\Data\Project1\Powers RMBL Data\SCH_V537_752019_16.qgd","7/6/2019 2:58:44 AM","8/3/2019 6:15:47 PM","7995392","2DYHPD2\User"
"C:\GCMSsolution\Data\Project1\Powers RMBL Data\SCH_V539_752019_23.qgd","7/6/2019 6:37:47 AM","8/3/2019 5:54:34 PM","8114176","2DYHPD2\User"
"C:\GCMSsolution\Data\Project1\Powers RMBL Data\SCH_V54_7222019_09.qgd","7/23/2019 2:08:53 AM","8/3/2019 10:54:53 AM","8630272","2DYHPD2\User"
"C:\GCMSsolution\Data\Project1\Powers RMBL Data\SCH_V541_752019_17.qgd","7/6/2019 3:30:13 AM","8/3/2019 6:12:36 PM","8040448","2DYHPD2\User"
"C:\GCMSsolution\Data\Project1\Powers RMBL Data\SCH_V542_752019_18.qgd","7/6/2019 4:01:17 AM","8/3/2019 6:09:36 PM","7880704","2DYHPD2\User"
"C:\GCMSsolution\Data\Project1\Powers RMBL Data\SCH_V545_752019_19.qgd","7/6/2019 4:32:21 AM","8/3/2019 6:06:31 PM","7991296","2DYHPD2\User"
"C:\GCMSsolution\Data\Project1\Powers RMBL Data\SCH_V546_752019_20.qgd","7/6/2019 5:03:33 AM","8/3/2019 6:03:20 PM","7794688","2DYHPD2\User"
"C:\GCMSsolution\Data\Project1\Powers RMBL Data\SCH_V547_752019_21.qgd","7/6/2019 5:35:02 AM","8/3/2019 6:00:10 PM","8097792","2DYHPD2\User"
"C:\GCMSsolution\Data\Project1\Powers RMBL Data\SCH_V55_8132019_22.qgd","8/13/2019 11:18:35 AM","8/13/2019 11:50:16 AM","7053312","2DYHPD2\User"
"C:\GCMSsolution\Data\Project1\Powers RMBL Data\SCH_V553_762019_02.qgd","7/6/2019 4:53:45 PM","8/3/2019 5:34:58 PM","7749632","2DYHPD2\User"
"C:\GCMSsolution\Data\Project1\Powers RMBL Data\SCH_V554_762019_03.qgd","7/6/2019 5:26:34 PM","8/3/2019 5:31:46 PM","7782400","2DYHPD2\User"
"C:\GCMSsolution\Data\Project1\Powers RMBL Data\SCH_V555_762019_04.qgd","7/6/2019 5:58:42 PM","8/3/2019 5:28:30 PM","7946240","2DYHPD2\User"
"C:\GCMSsolution\Data\Project1\Powers RMBL Data\SCH_V556_762019_05.qgd","7/6/2019 6:31:02 PM","8/3/2019 5:25:28 PM","7753728","2DYHPD2\User"
"C:\GCMSsolution\Data\Project1\Powers RMBL Data\SCH_V557_762019_06.qgd","7/6/2019 7:03:47 PM","8/3/2019 5:22:29 PM","7823360","2DYHPD2\User"
"C:\GCMSsolution\Data\Project1\Powers RMBL Data\SCH_V558_762019_07.qgd","7/6/2019 7:36:41 PM","8/3/2019 5:19:21 PM","7798784","2DYHPD2\User"
"C:\GCMSsolution\Data\Project1\Powers RMBL Data\SCH_V559_762019_08.qgd","7/6/2019 8:09:31 PM","8/3/2019 5:16:05 PM","7950336","2DYHPD2\User"
"C:\GCMSsolution\Data\Project1\Powers RMBL Data\SCH_V560_762019_09.qgd","7/6/2019 8:42:33 PM","8/3/2019 5:13:10 PM","7725056","2DYHPD2\User"
"C:\GCMSsolution\Data\Project1\Powers RMBL Data\SCH_V561_762019_10.qgd","7/6/2019 9:15:43 PM","8/3/2019 5:09:59 PM","7966720","2DYHPD2\User"
"C:\GCMSsolution\Data\Project1\Powers RMBL Data\SCH_V562_762019_12.qgd","7/6/2019 10:22:14 PM","8/3/2019 5:04:33 PM","7770112","2DYHPD2\User"
"C:\GCMSsolution\Data\Project1\Powers RMBL Data\SCH_V563_762019_13.qgd","7/6/2019 10:55:15 PM","8/3/2019 5:01:14 PM","7983104","2DYHPD2\User"
"C:\GCMSsolution\Data\Project1\Powers RMBL Data\SCH_V564_762019_14.qgd","7/6/2019 11:27:52 PM","8/3/2019 4:57:54 PM","7766016","2DYHPD2\User"
"C:\GCMSsolution\Data\Project1\Powers RMBL Data\SCH_V565_762019_15.qgd","7/7/2019 12:00:32 AM","8/3/2019 4:54:39 PM","8032256","2DYHPD2\User"
"C:\GCMSsolution\Data\Project1\Powers RMBL Data\SCH_V566_762019_16.qgd","7/7/2019 12:33:01 AM","8/3/2019 4:51:29 PM","8450048","2DYHPD2\User"
"C:\GCMSsolution\Data\Project1\Powers RMBL Data\SCH_V567_762019_17.qgd","7/7/2019 1:05:25 AM","8/3/2019 4:48:17 PM","7974912","2DYHPD2\User"
"C:\GCMSsolution\Data\Project1\Powers RMBL Data\SCH_V568_762019_18.qgd","7/7/2019 1:37:50 AM","8/3/2019 4:45:00 PM","7770112","2DYHPD2\User"
"C:\GCMSsolution\Data\Project1\Powers RMBL Data\SCH_V569_762019_19.qgd","7/7/2019 2:10:14 AM","8/3/2019 4:41:43 PM","8003584","2DYHPD2\User"
"C:\GCMSsolution\Data\Project1\Powers RMBL Data\SCH_V57_8132019_23.qgd","8/13/2019 11:50:29 AM","8/13/2019 12:22:26 PM","7012352","2DYHPD2\User"
"C:\GCMSsolution\Data\Project1\Powers RMBL Data\SCH_V570_762019_20.qgd","7/7/2019 2:42:30 AM","8/3/2019 4:38:34 PM","7749632","2DYHPD2\User"
"C:\GCMSsolution\Data\Project1\Powers RMBL Data\SCH_V571_762019_21.qgd","7/7/2019 3:14:54 AM","8/3/2019 4:35:32 PM","7811072","2DYHPD2\User"
"C:\GCMSsolution\Data\Project1\Powers RMBL Data\SCH_V572_762019_23.qgd","7/7/2019 4:19:38 AM","8/3/2019 4:30:10 PM","7909376","2DYHPD2\User"
"C:\GCMSsolution\Data\Project1\Powers RMBL Data\SCH_V573_762019_24.qgd","7/7/2019 4:51:55 AM","8/3/2019 4:27:06 PM","8044544","2DYHPD2\User"
"C:\GCMSsolution\Data\Project1\Powers RMBL Data\SCH_V574_762019_25.qgd","7/7/2019 5:24:19 AM","8/3/2019 4:24:11 PM","7725056","2DYHPD2\User"
"C:\GCMSsolution\Data\Project1\Powers RMBL Data\SCH_V575_762019_26.qgd","7/7/2019 5:56:35 AM","8/3/2019 4:20:53 PM","7905280","2DYHPD2\User"
"C:\GCMSsolution\Data\Project1\Powers RMBL Data\SCH_V576_762019_27.qgd","7/7/2019 6:28:55 AM","8/3/2019 4:17:40 PM","7737344","2DYHPD2\User"
"C:\GCMSsolution\Data\Project1\Powers RMBL Data\SCH_V578_772019_02.qgd","7/7/2019 10:23:21 AM","8/3/2019 4:10:30 PM","7745536","2DYHPD2\User"
"C:\GCMSsolution\Data\Project1\Powers RMBL Data\SCH_V58_8132019_13.qgd","8/14/2019 4:51:47 AM","8/14/2019 5:22:49 AM","7098368","2DYHPD2\User"
"C:\GCMSsolution\Data\Project1\Powers RMBL Data\SCH_V58_8132019_19.qgd","8/14/2019 7:58:44 AM","8/14/2019 8:29:46 AM","7233536","2DYHPD2\User"
"C:\GCMSsolution\Data\Project1\Powers RMBL Data\SCH_V584_772019_03.qgd","7/7/2019 10:55:33 AM","8/3/2019 4:07:29 PM","7737344","2DYHPD2\User"
"C:\GCMSsolution\Data\Project1\Powers RMBL Data\SCH_V59_8132019_14.qgd","8/14/2019 5:23:04 AM","8/14/2019 5:53:51 AM","7348224","2DYHPD2\User"
"C:\GCMSsolution\Data\Project1\Powers RMBL Data\SCH_V590_772019_04.qgd","7/7/2019 11:27:46 AM","8/3/2019 4:04:44 PM","7708672","2DYHPD2\User"
"C:\GCMSsolution\Data\Project1\Powers RMBL Data\SCH_V591_772019_05.qgd","7/7/2019 12:00:06 PM","8/3/2019 4:01:24 PM","8073216","2DYHPD2\User"
"C:\GCMSsolution\Data\Project1\Powers RMBL Data\SCH_V592_772019_06.qgd","7/7/2019 12:32:26 PM","8/3/2019 3:58:18 PM","7712768","2DYHPD2\User"
"C:\GCMSsolution\Data\Project1\Powers RMBL Data\SCH_V595_772019_07.qgd","7/7/2019 1:04:54 PM","8/3/2019 3:55:08 PM","7958528","2DYHPD2\User"
"C:\GCMSsolution\Data\Project1\Powers RMBL Data\SCH_V596_772019_08.qgd","7/7/2019 1:37:31 PM","8/3/2019 3:52:00 PM","7720960","2DYHPD2\User"
"C:\GCMSsolution\Data\Project1\Powers RMBL Data\SCH_V597_772019_09.qgd","7/7/2019 2:10:11 PM","8/3/2019 3:49:00 PM","7725056","2DYHPD2\User"
"C:\GCMSsolution\Data\Project1\Powers RMBL Data\SCH_V6_7102019_14.qgd","7/11/2019 4:19:56 AM","8/3/2019 12:39:53 PM","8486912","2DYHPD2\User"
"C:\GCMSsolution\Data\Project1\Powers RMBL Data\SCH_V60_8132019_15.qgd","8/14/2019 5:54:05 AM","8/14/2019 6:25:01 AM","7340032","2DYHPD2\User"
"C:\GCMSsolution\Data\Project1\Powers RMBL Data\SCH_V601_772019_10.qgd","7/7/2019 2:42:48 PM","8/3/2019 3:45:56 PM","7712768","2DYHPD2\User"
"C:\GCMSsolution\Data\Project1\Powers RMBL Data\SCH_V602_772019_12.qgd","7/7/2019 3:47:55 PM","8/3/2019 3:40:51 PM","7733248","2DYHPD2\User"
"C:\GCMSsolution\Data\Project1\Powers RMBL Data\SCH_V603_772019_13.qgd","7/7/2019 4:20:25 PM","8/3/2019 3:37:52 PM","7733248","2DYHPD2\User"
"C:\GCMSsolution\Data\Project1\Powers RMBL Data\SCH_V604_772019_14.qgd","7/7/2019 4:53:01 PM","8/3/2019 3:34:49 PM","7782400","2DYHPD2\User"
"C:\GCMSsolution\Data\Project1\Powers RMBL Data\SCH_V605_772019_15.qgd","7/7/2019 5:25:29 PM","8/3/2019 3:31:51 PM","7737344","2DYHPD2\User"
"C:\GCMSsolution\Data\Project1\Powers RMBL Data\SCH_V61_8132019_16.qgd","8/14/2019 6:25:15 AM","8/14/2019 6:56:05 AM","7094272","2DYHPD2\User"
"C:\GCMSsolution\Data\Project1\Powers RMBL Data\SCH_V611_772019_16.qgd","7/7/2019 5:58:09 PM","8/3/2019 3:28:49 PM","7901184","2DYHPD2\User"
"C:\GCMSsolution\Data\Project1\Powers RMBL Data\SCH_V615_772019_17.qgd","7/7/2019 6:30:30 PM","8/3/2019 3:25:48 PM","7725056","2DYHPD2\User"
"C:\GCMSsolution\Data\Project1\Powers RMBL Data\SCH_V616_772019_18.qgd","7/7/2019 7:02:25 PM","8/3/2019 3:22:42 PM","7741440","2DYHPD2\User"
"C:\GCMSsolution\Data\Project1\Powers RMBL Data\SCH_V618_772019_19.qgd","7/7/2019 7:34:11 PM","8/3/2019 3:19:37 PM","7733248","2DYHPD2\User"
"C:\GCMSsolution\Data\Project1\Powers RMBL Data\SCH_V619_772019_20.qgd","7/7/2019 8:05:35 PM","8/3/2019 3:16:45 PM","7835648","2DYHPD2\User"
"C:\GCMSsolution\Data\Project1\Powers RMBL Data\SCH_V62_8132019_17.qgd","8/14/2019 6:56:20 AM","8/14/2019 7:27:11 AM","7122944","2DYHPD2\User"
"C:\GCMSsolution\Data\Project1\Powers RMBL Data\SCH_V620_772019_21.qgd","7/7/2019 8:37:13 PM","8/3/2019 3:13:44 PM","7798784","2DYHPD2\User"
"C:\GCMSsolution\Data\Project1\Powers RMBL Data\SCH_V621_782019_02.qgd","7/8/2019 1:02:41 AM","8/3/2019 3:06:42 PM","7942144","2DYHPD2\User"
"C:\GCMSsolution\Data\Project1\Powers RMBL Data\SCH_V622_782019_03.qgd","7/8/2019 1:34:18 AM","8/3/2019 3:03:33 PM","7745536","2DYHPD2\User"
"C:\GCMSsolution\Data\Project1\Powers RMBL Data\SCH_V623_782019_04.qgd","7/8/2019 2:06:00 AM","8/3/2019 3:00:42 PM","7745536","2DYHPD2\User"
"C:\GCMSsolution\Data\Project1\Powers RMBL Data\SCH_V624_782019_05.qgd","7/8/2019 2:38:02 AM","8/3/2019 2:57:36 PM","7852032","2DYHPD2\User"
"C:\GCMSsolution\Data\Project1\Powers RMBL Data\SCH_V624_782019_14.qgd","7/9/2019 12:45:07 AM","8/3/2019 1:04:06 PM","7757824","2DYHPD2\User"
"C:\GCMSsolution\Data\Project1\Powers RMBL Data\SCH_V625_782019_06.qgd","7/8/2019 3:10:13 AM","8/3/2019 2:54:28 PM","7720960","2DYHPD2\User"
"C:\GCMSsolution\Data\Project1\Powers RMBL Data\SCH_V626_782019_07.qgd","7/8/2019 3:42:24 AM","8/3/2019 2:51:31 PM","7753728","2DYHPD2\User"
"C:\GCMSsolution\Data\Project1\Powers RMBL Data\SCH_V627_782019_08.qgd","7/8/2019 4:14:39 AM","8/3/2019 2:48:30 PM","7716864","2DYHPD2\User"
"C:\GCMSsolution\Data\Project1\Powers RMBL Data\SCH_V628_782019_09.qgd","7/8/2019 4:46:46 AM","8/3/2019 2:45:26 PM","7827456","2DYHPD2\User"
"C:\GCMSsolution\Data\Project1\Powers RMBL Data\SCH_V629_782019_10.qgd","7/8/2019 5:19:10 AM","8/3/2019 2:43:24 PM","7655424","2DYHPD2\User"
"C:\GCMSsolution\Data\Project1\Powers RMBL Data\SCH_V63_8132019_18.qgd","8/14/2019 7:27:25 AM","8/14/2019 7:58:28 AM","7143424","2DYHPD2\User"
"C:\GCMSsolution\Data\Project1\Powers RMBL Data\SCH_V630_782019_12.qgd","7/8/2019 6:23:45 AM","8/3/2019 2:37:26 PM","8187904","2DYHPD2\User"
"C:\GCMSsolution\Data\Project1\Powers RMBL Data\SCH_V631_782019_13.qgd","7/8/2019 6:56:17 AM","8/3/2019 2:34:21 PM","7720960","2DYHPD2\User"
"C:\GCMSsolution\Data\Project1\Powers RMBL Data\SCH_V632_782019_14.qgd","7/8/2019 7:28:41 AM","8/3/2019 2:31:23 PM","7782400","2DYHPD2\User"
"C:\GCMSsolution\Data\Project1\Powers RMBL Data\SCH_V633_782019_15.qgd","7/8/2019 8:01:14 AM","8/3/2019 2:28:36 PM","7708672","2DYHPD2\User"
"C:\GCMSsolution\Data\Project1\Powers RMBL Data\SCH_V634_782019_16.qgd","7/8/2019 8:33:46 AM","8/3/2019 2:25:34 PM","7741440","2DYHPD2\User"
"C:\GCMSsolution\Data\Project1\Powers RMBL Data\SCH_V635_782019_17.qgd","7/8/2019 9:06:18 AM","8/3/2019 2:22:34 PM","7786496","2DYHPD2\User"
"C:\GCMSsolution\Data\Project1\Powers RMBL Data\SCH_V636_782019_18.qgd","7/8/2019 9:39:07 AM","8/3/2019 2:19:27 PM","7962624","2DYHPD2\User"
"C:\GCMSsolution\Data\Project1\Powers RMBL Data\SCH_V637_782019_19.qgd","7/8/2019 10:11:28 AM","8/3/2019 2:16:23 PM","7745536","2DYHPD2\User"
"C:\GCMSsolution\Data\Project1\Powers RMBL Data\SCH_V638_782019_20.qgd","7/8/2019 10:44:43 AM","8/3/2019 2:13:29 PM","7725056","2DYHPD2\User"
"C:\GCMSsolution\Data\Project1\Powers RMBL Data\SCH_V64_8132019_24.qgd","8/13/2019 12:22:40 PM","8/13/2019 12:54:55 PM","6909952","2DYHPD2\User"
"C:\GCMSsolution\Data\Project1\Powers RMBL Data\SCH_V642_782019_03.qgd","7/8/2019 12:51:30 PM","8/3/2019 2:05:51 PM","7675904","2DYHPD2\User"
"C:\GCMSsolution\Data\Project1\Powers RMBL Data\SCH_V644_782019_04.qgd","7/8/2019 1:23:33 PM","8/3/2019 2:02:35 PM","7942144","2DYHPD2\User"
"C:\GCMSsolution\Data\Project1\Powers RMBL Data\SCH_V645_782019_05.qgd","7/8/2019 1:55:40 PM","8/3/2019 1:59:22 PM","7852032","2DYHPD2\User"
"C:\GCMSsolution\Data\Project1\Powers RMBL Data\SCH_V647_782019_06.qgd","7/8/2019 2:27:52 PM","8/3/2019 1:56:24 PM","7716864","2DYHPD2\User"
"C:\GCMSsolution\Data\Project1\Powers RMBL Data\SCH_V648_782019_07.qgd","7/8/2019 3:00:11 PM","8/3/2019 1:53:10 PM","7966720","2DYHPD2\User"
"C:\GCMSsolution\Data\Project1\Powers RMBL Data\SCH_V649_782019_08.qgd","7/8/2019 3:32:31 PM","8/3/2019 1:49:52 PM","7733248","2DYHPD2\User"
"C:\GCMSsolution\Data\Project1\Powers RMBL Data\SCH_V65_7222019_10.qgd","7/23/2019 2:40:14 AM","8/3/2019 10:51:26 AM","8228864","2DYHPD2\User"
"C:\GCMSsolution\Data\Project1\Powers RMBL Data\SCH_V650_782019_09.qgd","7/8/2019 4:04:51 PM","8/3/2019 1:46:54 PM","7880704","2DYHPD2\User"
"C:\GCMSsolution\Data\Project1\Powers RMBL Data\SCH_V651_782019_10.qgd","7/8/2019 4:37:11 PM","8/3/2019 1:43:55 PM","7725056","2DYHPD2\User"
"C:\GCMSsolution\Data\Project1\Powers RMBL Data\SCH_V652_782019_02.qgd","7/8/2019 6:25:41 PM","8/3/2019 1:38:44 PM","7700480","2DYHPD2\User"
"C:\GCMSsolution\Data\Project1\Powers RMBL Data\SCH_V653_782019_03.qgd","7/8/2019 6:58:09 PM","8/3/2019 1:35:45 PM","7745536","2DYHPD2\User"
"C:\GCMSsolution\Data\Project1\Powers RMBL Data\SCH_V656_782019_04.qgd","7/8/2019 7:30:33 PM","8/3/2019 1:32:34 PM","8089600","2DYHPD2\User"
"C:\GCMSsolution\Data\Project1\Powers RMBL Data\SCH_V657_782019_05.qgd","7/8/2019 8:02:28 PM","8/3/2019 1:29:36 PM","7741440","2DYHPD2\User"
"C:\GCMSsolution\Data\Project1\Powers RMBL Data\SCH_V658_782019_06.qgd","7/8/2019 8:34:10 PM","8/3/2019 1:26:38 PM","7741440","2DYHPD2\User"
"C:\GCMSsolution\Data\Project1\Powers RMBL Data\SCH_V659_782019_07.qgd","7/8/2019 9:05:38 PM","8/3/2019 1:23:49 PM","7733248","2DYHPD2\User"
"C:\GCMSsolution\Data\Project1\Powers RMBL Data\SCH_V66_8132019_25.qgd","8/13/2019 12:55:08 PM","8/13/2019 1:27:38 PM","6987776","2DYHPD2\User"
"C:\GCMSsolution\Data\Project1\Powers RMBL Data\SCH_V660_782019_08.qgd","7/8/2019 9:37:11 PM","8/3/2019 1:20:57 PM","7696384","2DYHPD2\User"
"C:\GCMSsolution\Data\Project1\Powers RMBL Data\SCH_V661_782019_09.qgd","7/8/2019 10:08:31 PM","8/3/2019 1:18:11 PM","7659520","2DYHPD2\User"
"C:\GCMSsolution\Data\Project1\Powers RMBL Data\SCH_V662_782019_10.qgd","7/8/2019 10:39:51 PM","8/3/2019 1:15:22 PM","7741440","2DYHPD2\User"
"C:\GCMSsolution\Data\Project1\Powers RMBL Data\SCH_V67_7222019_11.qgd","7/23/2019 3:11:22 AM","8/3/2019 10:47:59 AM","8208384","2DYHPD2\User"
"C:\GCMSsolution\Data\Project1\Powers RMBL Data\SCH_V670_782019_02.qgd","7/8/2019 12:19:30 PM","8/3/2019 2:08:32 PM","7745536","2DYHPD2\User"
"C:\GCMSsolution\Data\Project1\Powers RMBL Data\SCH_V678_782019_12.qgd","7/8/2019 11:42:27 PM","8/3/2019 1:09:52 PM","7888896","2DYHPD2\User"
"C:\GCMSsolution\Data\Project1\Powers RMBL Data\SCH_V683_782019_13.qgd","7/9/2019 12:13:51 AM","8/3/2019 1:07:06 PM","7675904","2DYHPD2\User"
"C:\GCMSsolution\Data\Project1\Powers RMBL Data\SCH_V69_7222019_12.qgd","7/23/2019 3:42:56 AM","8/3/2019 10:44:36 AM","8192000","2DYHPD2\User"
"C:\GCMSsolution\Data\Project1\Powers RMBL Data\SCH_V7_7102019_15.qgd","7/11/2019 4:51:14 AM","8/3/2019 12:36:10 PM","8712192","2DYHPD2\User"
"C:\GCMSsolution\Data\Project1\Powers RMBL Data\SCH_V7_8142019_04.qgd","8/14/2019 3:11:19 PM","8/14/2019 3:43:23 PM","7028736","2DYHPD2\User"
"C:\GCMSsolution\Data\Project1\Powers RMBL Data\SCH_V71_7222019_13.qgd","7/23/2019 4:14:12 AM","8/3/2019 10:41:15 AM","8499200","2DYHPD2\User"
"C:\GCMSsolution\Data\Project1\Powers RMBL Data\SCH_V72_8132019_21.qgd","8/13/2019 10:46:58 AM","8/13/2019 11:18:20 AM","6922240","2DYHPD2\User"
"C:\GCMSsolution\Data\Project1\Powers RMBL Data\SCH_V73_7222019_14.qgd","7/23/2019 4:45:33 AM","8/4/2019 10:26:34 PM","8040448","2DYHPD2\User"
"C:\GCMSsolution\Data\Project1\Powers RMBL Data\SCH_V74_8132019_26.qgd","8/13/2019 1:27:52 PM","8/13/2019 1:59:37 PM","7237632","2DYHPD2\User"
"C:\GCMSsolution\Data\Project1\Powers RMBL Data\SCH_V75_8132019_02.qgd","8/13/2019 3:18:21 PM","8/13/2019 3:50:15 PM","7614464","2DYHPD2\User"
"C:\GCMSsolution\Data\Project1\Powers RMBL Data\SCH_V76_7222019_15.qgd","7/23/2019 5:16:45 AM","8/4/2019 10:22:49 PM","8069120","2DYHPD2\User"
"C:\GCMSsolution\Data\Project1\Powers RMBL Data\SCH_V77_7222019_16.qgd","7/23/2019 5:48:06 AM","8/4/2019 10:19:12 PM","8495104","2DYHPD2\User"
"C:\GCMSsolution\Data\Project1\Powers RMBL Data\SCH_V78_7222019_17.qgd","7/23/2019 6:19:22 AM","8/4/2019 10:15:34 PM","7958528","2DYHPD2\User"
"C:\GCMSsolution\Data\Project1\Powers RMBL Data\SCH_V79_8132019_12.qgd","8/13/2019 6:05:53 AM","8/13/2019 6:36:59 AM","7393280","2DYHPD2\User"
"C:\GCMSsolution\Data\Project1\Powers RMBL Data\SCH_V8_7102019_16.qgd","7/11/2019 5:22:28 AM","8/3/2019 12:32:18 PM","8466432","2DYHPD2\User"
"C:\GCMSsolution\Data\Project1\Powers RMBL Data\SCH_V8_8132019_10.qgd","8/13/2019 5:03:27 AM","8/13/2019 5:34:28 AM","6852608","2DYHPD2\User"
"C:\GCMSsolution\Data\Project1\Powers RMBL Data\SCH_V80_8132019_03.qgd","8/13/2019 3:50:31 PM","8/13/2019 4:22:40 PM","7340032","2DYHPD2\User"
"C:\GCMSsolution\Data\Project1\Powers RMBL Data\SCH_V81_8132019_04.qgd","8/13/2019 4:22:53 PM","8/13/2019 4:55:11 PM","7397376","2DYHPD2\User"
"C:\GCMSsolution\Data\Project1\Powers RMBL Data\SCH_V82_8132019_05.qgd","8/13/2019 4:55:28 PM","8/13/2019 5:27:43 PM","7188480","2DYHPD2\User"
"C:\GCMSsolution\Data\Project1\Powers RMBL Data\SCH_V83_8132019_06.qgd","8/13/2019 5:27:58 PM","8/13/2019 6:00:25 PM","7254016","2DYHPD2\User"
"C:\GCMSsolution\Data\Project1\Powers RMBL Data\SCH_V84_8132019_07.qgd","8/13/2019 6:00:41 PM","8/13/2019 6:33:07 PM","7200768","2DYHPD2\User"
"C:\GCMSsolution\Data\Project1\Powers RMBL Data\SCH_V87_8132019_13.qgd","8/13/2019 6:37:13 AM","8/13/2019 7:08:19 AM","6934528","2DYHPD2\User"
"C:\GCMSsolution\Data\Project1\Powers RMBL Data\SCH_V88_8132019_08.qgd","8/13/2019 6:33:24 PM","8/13/2019 7:05:35 PM","7745536","2DYHPD2\User"
"C:\GCMSsolution\Data\Project1\Powers RMBL Data\SCH_V89_8132019_09.qgd","8/13/2019 7:05:51 PM","8/13/2019 7:37:46 PM","7868416","2DYHPD2\User"
"C:\GCMSsolution\Data\Project1\Powers RMBL Data\SCH_V9_7102019_17.qgd","7/11/2019 5:53:45 AM","8/3/2019 12:28:34 PM","8548352","2DYHPD2\User"
"C:\GCMSsolution\Data\Project1\Powers RMBL Data\SCH_V9_8132019_11.qgd","8/13/2019 5:34:42 AM","8/13/2019 6:05:40 AM","6868992","2DYHPD2\User"
"C:\GCMSsolution\Data\Project1\Powers RMBL Data\SCH_V90_7222019_17.qgd","7/22/2019 8:10:52 PM","8/3/2019 11:28:22 AM","8515584","2DYHPD2\User"
"C:\GCMSsolution\Data\Project1\Powers RMBL Data\SCH_V90_8132019_14.qgd","8/13/2019 7:08:34 AM","8/13/2019 7:39:19 AM","6901760","2DYHPD2\User"
"C:\GCMSsolution\Data\Project1\Powers RMBL Data\SCH_V91_8132019_10.qgd","8/13/2019 7:38:00 PM","8/13/2019 8:10:27 PM","7835648","2DYHPD2\User"
"C:\GCMSsolution\Data\Project1\Powers RMBL Data\SCH_V92_8132019_20.qgd","8/14/2019 8:30:00 AM","8/14/2019 9:01:14 AM","7569408","2DYHPD2\User"
"C:\GCMSsolution\Data\Project1\Powers RMBL Data\SCH_V93_8132019_21.qgd","8/14/2019 9:01:30 AM","8/14/2019 9:32:36 AM","7909376","2DYHPD2\User"
"C:\GCMSsolution\Data\Project1\Powers RMBL Data\SCH_V94_8132019_22.qgd","8/14/2019 9:32:52 AM","8/14/2019 10:03:28 AM","7028736","2DYHPD2\User"
"C:\GCMSsolution\Data\Project1\Powers RMBL Data\SCH_V94_8142019_11.qgd","8/14/2019 7:00:16 PM","8/14/2019 7:32:36 PM","7864320","2DYHPD2\User"
"C:\GCMSsolution\Data\Project1\Powers RMBL Data\SCH_V95_8132019_11.qgd","8/13/2019 8:10:43 PM","8/13/2019 8:42:42 PM","7372800","2DYHPD2\User"
"C:\GCMSsolution\Data\Project1\Powers RMBL Data\SCH_V96_8132019_23.qgd","8/14/2019 10:03:43 AM","8/14/2019 10:34:18 AM","6987776","2DYHPD2\User"
"C:\GCMSsolution\Data\Project1\Powers RMBL Data\SCH_V96_8142019_12.qgd","8/14/2019 7:32:49 PM","8/14/2019 8:04:42 PM","7835648","2DYHPD2\User"
"C:\GCMSsolution\Data\Project1\Powers RMBL Data\SCH_V97_8132019_24.qgd","8/14/2019 10:34:35 AM","8/14/2019 11:05:50 AM","7630848","2DYHPD2\User"
"C:\GCMSsolution\Data\Project1\Powers RMBL Data\SCH_V98_8132019_25.qgd","8/14/2019 11:06:03 AM","8/14/2019 11:37:33 AM","7499776","2DYHPD2\User"
"C:\GCMSsolution\Data\Project1\Powers RMBL Data\SCH_V99_7222019_18.qgd","7/22/2019 8:42:55 PM","8/3/2019 11:24:36 AM","8568832","2DYHPD2\User"
"C:\GCMSsolution\Data\Project1\Powers RMBL Data\SCH_V99_8132019_15.qgd","8/13/2019 7:39:32 AM","8/13/2019 8:10:30 AM","7102464","2DYHPD2\User"
"C:\GCMSsolution\Data\Project1\Powers RMBL Data\schiedea190801.qgb","8/1/2019 10:45:30 AM","8/1/2019 8:50:57 PM","741376","2DYHPD2\User"
"C:\GCMSsolution\Data\Project1\Powers RMBL Data\schiedea190801.txt","8/3/2019 10:41:15 AM","8/4/2019 10:29:03 PM","618842457","2DYHPD2\User"
"C:\GCMSsolution\Data\Project1\Powers RMBL Data\schiedea190801PART.txt","8/1/2019 8:52:07 PM","8/2/2019 1:13:13 AM","75380181","2DYHPD2\User"
"C:\GCMSsolution\Data\Project1\Powers RMBL Data\stds_2017-2019_indole.qgb","7/22/2019 9:07:09 AM","7/22/2019 9:07:09 AM","131072","2DYHPD2\User"
"C:\GCMSsolution\Data\Project1\Powers RMBL Data\STEL_V577_6202019_01.qgd","6/21/2019 10:44:39 AM","8/4/2019 9:58:34 PM","7741440","2DYHPD2\User"
"C:\GCMSsolution\Data\Project1\powershell_dir.bat","7/7/2019 1:41:20 PM","7/10/2019 8:09:12 AM","342","2DYHPD2\User"
"C:\GCMSsolution\Data\Project1\QAQCData.htm","8/5/2021 1:56:33 PM","8/7/2021 11:54:55 AM","496","2DYHPD2\User"
"C:\GCMSsolution\Data\Project1\QAQCData.txt","8/5/2021 1:56:33 PM","8/7/2021 11:54:55 AM","76","2DYHPD2\User"
"C:\GCMSsolution\Data\Project1\RMBL Analysis","7/29/2017 12:15:56 PM","6/20/2019 10:52:31 AM",,"2DYHPD2\User"
"C:\GCMSsolution\Data\Project1\RMBL Analysis\2017Pot529NIten.xlsx","8/26/2017 2:41:32 PM","8/26/2017 2:41:32 PM","50578","2DYHPD2\User"
"C:\GCMSsolution\Data\Project1\RMBL Analysis\2017pot770N_07062017anal.qgd","7/29/2017 12:17:32 PM","7/29/2017 12:17:32 PM","8577024","2DYHPD2\User"
"C:\GCMSsolution\Data\Project1\RMBL Analysis\AirDJul24.xlsx","8/27/2017 12:47:25 PM","8/27/2017 12:47:25 PM","34340","2DYHPD2\User"
"C:\GCMSsolution\Data\Project1\RMBL Analysis\AirDryJuly23.xlsx","8/24/2017 1:26:43 PM","8/25/2017 10:11:01 AM","32976","2DYHPD2\User"
"C:\GCMSsolution\Data\Project1\RMBL Analysis\AirDryJuly23_07223017anal.qgd","8/24/2017 1:30:25 PM","8/24/2017 1:30:25 PM","7602176","2DYHPD2\User"
"C:\GCMSsolution\Data\Project1\RMBL Analysis\AirDryJuly26.xlsx","8/24/2017 1:39:22 PM","8/25/2017 10:14:50 AM","34437","2DYHPD2\User"
"C:\GCMSsolution\Data\Project1\RMBL Analysis\AirDryJuly26_07262017anal.qgd","8/24/2017 3:13:48 PM","8/24/2017 3:13:48 PM","7651328","2DYHPD2\User"
"C:\GCMSsolution\Data\Project1\RMBL Analysis\AirDryJuly28redo2_07292017anal.qgd","8/1/2017 3:41:43 PM","8/1/2017 3:41:43 PM","7634944","2DYHPD2\User"
"C:\GCMSsolution\Data\Project1\RMBL Analysis\AirDryJuly31.xlsx","8/24/2017 1:35:20 PM","8/25/2017 10:23:59 AM","32931","2DYHPD2\User"
"C:\GCMSsolution\Data\Project1\RMBL Analysis\AirDryJuly31_08012017anal.qgd","8/24/2017 1:35:55 PM","8/24/2017 1:35:56 PM","7655424","2DYHPD2\User"
"C:\GCMSsolution\Data\Project1\RMBL Analysis\AirJuly19.xlsx","8/1/2017 2:00:26 PM","8/26/2017 2:53:00 PM","51921","2DYHPD2\User"
"C:\GCMSsolution\Data\Project1\RMBL Analysis\AirJuly19_07212017anal.qgd","8/1/2017 2:00:58 PM","8/1/2017 2:00:58 PM","7745536","2DYHPD2\User"
"C:\GCMSsolution\Data\Project1\RMBL Analysis\AirJuly28redo2.xlsx","8/25/2017 10:20:15 AM","8/25/2017 10:20:15 AM","33985","2DYHPD2\User"
"C:\GCMSsolution\Data\Project1\RMBL Analysis\BarthCampbell","8/25/2017 7:33:42 AM","8/31/2019 9:02:00 AM",,"2DYHPD2\User"
"C:\GCMSsolution\Data\Project1\RMBL Analysis\BarthCampbell\ACAug5.xlsx","8/25/2017 8:36:06 AM","8/25/2017 8:36:07 AM","38105","2DYHPD2\User"
"C:\GCMSsolution\Data\Project1\RMBL Analysis\BarthCampbell\ACAug9.xlsx","8/26/2017 2:56:12 PM","8/26/2017 2:56:12 PM","38041","2DYHPD2\User"
"C:\GCMSsolution\Data\Project1\RMBL Analysis\BarthCampbell\ACJul21.xlsx","8/25/2017 7:52:34 AM","8/25/2017 7:52:35 AM","38158","2DYHPD2\User"
"C:\GCMSsolution\Data\Project1\RMBL Analysis\BarthCampbell\ACJul26.xlsx","8/25/2017 8:09:50 AM","8/25/2017 8:09:50 AM","37289","2DYHPD2\User"
"C:\GCMSsolution\Data\Project1\RMBL Analysis\BarthCampbell\ACleafAug5l.xlsx","8/25/2017 11:13:54 AM","8/25/2017 11:13:55 AM","39182","2DYHPD2\User"
"C:\GCMSsolution\Data\Project1\RMBL Analysis\BarthCampbell\AirAug25.xlsx","8/26/2017 6:48:07 PM","8/26/2017 6:48:08 PM","37932","2DYHPD2\User"
"C:\GCMSsolution\Data\Project1\RMBL Analysis\BarthCampbell\AirAug5.xlsx","8/25/2017 8:45:24 AM","8/25/2017 8:45:24 AM","37134","2DYHPD2\User"
"C:\GCMSsolution\Data\Project1\RMBL Analysis\BarthCampbell\AirAug9.xlsx","8/26/2017 1:47:28 PM","8/26/2017 1:47:28 PM","38123","2DYHPD2\User"
"C:\GCMSsolution\Data\Project1\RMBL Analysis\BarthCampbell\AirDAug29.xlsx","9/2/2017 7:35:47 AM","9/2/2017 7:35:48 AM","37272","2DYHPD2\User"
"C:\GCMSsolution\Data\Project1\RMBL Analysis\BarthCampbell\AirJul21.xlsx","8/25/2017 8:03:10 AM","8/25/2017 8:03:11 AM","39124","2DYHPD2\User"
"C:\GCMSsolution\Data\Project1\RMBL Analysis\BarthCampbell\AirJul26.xlsx","8/25/2017 8:06:59 AM","8/25/2017 8:06:59 AM","37206","2DYHPD2\User"
"C:\GCMSsolution\Data\Project1\RMBL Analysis\BarthCampbell\AirJul28.xlsx","8/25/2017 8:25:34 AM","8/25/2017 8:25:34 AM","38013","2DYHPD2\User"
"C:\GCMSsolution\Data\Project1\RMBL Analysis\BarthCampbell\AirJul30.xlsx","8/25/2017 8:28:06 AM","8/25/2017 8:28:06 AM","36542","2DYHPD2\User"
"C:\GCMSsolution\Data\Project1\RMBL Analysis\BarthCampbell\AlkanesstdsDB510deg.xlsx","8/25/2017 8:58:44 AM","8/25/2017 8:58:45 AM","39030","2DYHPD2\User"
"C:\GCMSsolution\Data\Project1\RMBL Analysis\BarthCampbell\AMAug5.xlsx","8/25/2017 8:43:02 AM","8/25/2017 8:43:02 AM","38380","2DYHPD2\User"
"C:\GCMSsolution\Data\Project1\RMBL Analysis\BarthCampbell\AMAug9.xlsx","8/26/2017 1:50:16 PM","8/26/2017 1:50:16 PM","38671","2DYHPD2\User"
"C:\GCMSsolution\Data\Project1\RMBL Analysis\BarthCampbell\AMJul21.xlsx","8/25/2017 7:57:49 AM","8/25/2017 7:57:49 AM","38628","2DYHPD2\User"
"C:\GCMSsolution\Data\Project1\RMBL Analysis\BarthCampbell\AMJul28.xlsx","8/25/2017 8:23:37 AM","8/25/2017 8:23:38 AM","37932","2DYHPD2\User"
"C:\GCMSsolution\Data\Project1\RMBL Analysis\BarthCampbell\AMleafAug5.xlsx","8/25/2017 9:43:47 AM","8/25/2017 9:43:47 AM","38332","2DYHPD2\User"
"C:\GCMSsolution\Data\Project1\RMBL Analysis\BarthCampbell\CRAug9.xlsx","8/26/2017 2:13:13 PM","8/26/2017 2:13:14 PM","38001","2DYHPD2\User"
"C:\GCMSsolution\Data\Project1\RMBL Analysis\BarthCampbell\CRJul21.xlsx","8/25/2017 7:33:11 AM","8/25/2017 7:33:12 AM","38700","2DYHPD2\User"
"C:\GCMSsolution\Data\Project1\RMBL Analysis\BarthCampbell\CRJul26.xlsx","8/25/2017 8:15:00 AM","8/25/2017 8:15:00 AM","38558","2DYHPD2\User"
"C:\GCMSsolution\Data\Project1\RMBL Analysis\BarthCampbell\CRJul30.xlsx","8/25/2017 8:32:18 AM","8/25/2017 8:32:18 AM","37227","2DYHPD2\User"
"C:\GCMSsolution\Data\Project1\RMBL Analysis\BarthCampbell\CRleafJul30.xlsx","8/25/2017 8:48:15 AM","8/25/2017 8:48:15 AM","36418","2DYHPD2\User"
"C:\GCMSsolution\Data\Project1\RMBL Analysis\BarthCampbell\ESAug9.xlsx","8/26/2017 6:45:58 PM","8/26/2017 6:45:58 PM","38563","2DYHPD2\User"
"C:\GCMSsolution\Data\Project1\RMBL Analysis\BarthCampbell\ESJul21.xlsx","8/25/2017 7:43:47 AM","8/25/2017 7:43:47 AM","39138","2DYHPD2\User"
"C:\GCMSsolution\Data\Project1\RMBL Analysis\BarthCampbell\ESJul26.xlsx","8/25/2017 8:16:52 AM","8/25/2017 8:16:52 AM","38571","2DYHPD2\User"
"C:\GCMSsolution\Data\Project1\RMBL Analysis\BarthCampbell\ESJul30.xlsx","8/25/2017 8:38:04 AM","8/25/2017 8:38:05 AM","36772","2DYHPD2\User"
"C:\GCMSsolution\Data\Project1\RMBL Analysis\BarthCampbell\ESleafJuly30.xlsx","8/25/2017 2:39:19 PM","8/25/2017 2:39:20 PM","37210","2DYHPD2\User"
"C:\GCMSsolution\Data\Project1\RMBL Analysis\BarthCampbell\GBAug5.xlsx","8/25/2017 8:40:06 AM","8/25/2017 8:40:06 AM","39477","2DYHPD2\User"
"C:\GCMSsolution\Data\Project1\RMBL Analysis\BarthCampbell\GBAug9.xlsx","8/26/2017 1:53:02 PM","8/26/2017 2:03:20 PM","38155","2DYHPD2\User"
"C:\GCMSsolution\Data\Project1\RMBL Analysis\BarthCampbell\GBJul21.xlsx","8/25/2017 8:00:21 AM","8/25/2017 8:00:22 AM","39315","2DYHPD2\User"
"C:\GCMSsolution\Data\Project1\RMBL Analysis\BarthCampbell\GBJul26.xlsx","8/25/2017 8:21:08 AM","8/25/2017 8:21:08 AM","37313","2DYHPD2\User"
"C:\GCMSsolution\Data\Project1\RMBL Analysis\BarthCampbell\GBleafAug5.xlsx","8/25/2017 10:52:49 AM","8/25/2017 10:52:49 AM","38585","2DYHPD2\User"
"C:\GCMSsolution\Data\Project1\RMBL Analysis\BarthCampbell\HM1Aug25.xlsx","8/26/2017 6:57:43 PM","8/26/2017 6:57:43 PM","37815","2DYHPD2\User"
"C:\GCMSsolution\Data\Project1\RMBL Analysis\BarthCampbell\HM2Aug25.xlsx","8/26/2017 7:01:52 PM","9/3/2017 11:02:06 AM","36616","2DYHPD2\User"
"C:\GCMSsolution\Data\Project1\RMBL Analysis\BarthCampbell\HM2Aug29.xlsx","9/2/2017 7:42:27 AM","9/2/2017 7:42:27 AM","38964","2DYHPD2\User"
"C:\GCMSsolution\Data\Project1\RMBL Analysis\BarthCampbell\HMAug29.xlsx","9/2/2017 7:33:11 AM","9/2/2017 7:33:12 AM","39595","2DYHPD2\User"
"C:\GCMSsolution\Data\Project1\RMBL Analysis\BarthCampbell\HVAug9.xlsx","8/26/2017 1:58:30 PM","8/26/2017 1:59:45 PM","39217","2DYHPD2\User"
"C:\GCMSsolution\Data\Project1\RMBL Analysis\BarthCampbell\HVJul21.xlsx","8/25/2017 7:39:43 AM","8/25/2017 7:39:43 AM","39489","2DYHPD2\User"
"C:\GCMSsolution\Data\Project1\RMBL Analysis\BarthCampbell\HVJul26.xlsx","8/25/2017 8:12:50 AM","8/25/2017 8:12:50 AM","38851","2DYHPD2\User"
"C:\GCMSsolution\Data\Project1\RMBL Analysis\BarthCampbell\HVJul30.xlsx","8/25/2017 8:34:10 AM","8/25/2017 8:34:10 AM","38723","2DYHPD2\User"
"C:\GCMSsolution\Data\Project1\RMBL Analysis\I10NAug1.xlsx","8/27/2017 12:36:18 PM","8/27/2017 12:36:18 PM","34847","2DYHPD2\User"
"C:\GCMSsolution\Data\Project1\RMBL Analysis\I11DJul24.xlsx","8/27/2017 12:44:08 PM","8/27/2017 12:44:08 PM","36447","2DYHPD2\User"
"C:\GCMSsolution\Data\Project1\RMBL Analysis\I11NAug1_08262017.xlsx","8/27/2017 8:07:20 AM","8/27/2017 8:07:21 AM","34925","2DYHPD2\User"
"C:\GCMSsolution\Data\Project1\RMBL Analysis\I12NAug1.xlsx","8/27/2017 12:27:02 PM","8/27/2017 12:27:02 PM","33725","2DYHPD2\User"
"C:\GCMSsolution\Data\Project1\RMBL Analysis\I13DJul24.xlsx","8/28/2017 2:45:58 PM","8/28/2017 2:45:59 PM","35143","2DYHPD2\User"
"C:\GCMSsolution\Data\Project1\RMBL Analysis\I15NAug1_08262017.xlsx","8/27/2017 8:15:38 AM","8/27/2017 8:15:39 AM","34731","2DYHPD2\User"
"C:\GCMSsolution\Data\Project1\RMBL Analysis\I17NAug1.xlsx","8/27/2017 12:18:07 PM","8/27/2017 12:18:07 PM","35559","2DYHPD2\User"
"C:\GCMSsolution\Data\Project1\RMBL Analysis\I20NAug1.xlsx","9/3/2017 7:23:26 AM","9/3/2017 7:23:27 AM","35145","2DYHPD2\User"
"C:\GCMSsolution\Data\Project1\RMBL Analysis\I23NAug1.xlsx","9/1/2017 8:59:22 AM","9/1/2017 8:59:22 AM","35149","2DYHPD2\User"
"C:\GCMSsolution\Data\Project1\RMBL Analysis\I24DJul24.xlsx","8/30/2017 7:29:09 PM","8/30/2017 7:29:09 PM","35777","2DYHPD2\User"
"C:\GCMSsolution\Data\Project1\RMBL Analysis\I2NAug1.xlsx","8/27/2017 10:06:23 AM","8/27/2017 10:06:23 AM","33939","2DYHPD2\User"
"C:\GCMSsolution\Data\Project1\RMBL Analysis\I30DJul24.xlsx","8/28/2017 2:31:40 PM","8/28/2017 2:31:40 PM","35157","2DYHPD2\User"
"C:\GCMSsolution\Data\Project1\RMBL Analysis\I3DJul24_08262017.xlsx","8/26/2017 7:27:00 PM","8/26/2017 7:33:26 PM","32676","2DYHPD2\User"
"C:\GCMSsolution\Data\Project1\RMBL Analysis\I3NAug1.xlsx","8/27/2017 12:31:40 PM","8/27/2017 12:31:41 PM","34483","2DYHPD2\User"
"C:\GCMSsolution\Data\Project1\RMBL Analysis\I3NAug1_08262017.xlsx","8/26/2017 7:59:03 PM","8/26/2017 7:59:03 PM","34490","2DYHPD2\User"
"C:\GCMSsolution\Data\Project1\RMBL Analysis\I4NAug1.xlsx","8/27/2017 10:36:40 AM","8/27/2017 10:36:41 AM","34781","2DYHPD2\User"
"C:\GCMSsolution\Data\Project1\RMBL Analysis\I6NAug1.xlsx","8/27/2017 11:59:25 AM","8/27/2017 11:59:25 AM","35086","2DYHPD2\User"
"C:\GCMSsolution\Data\Project1\RMBL Analysis\L21NAug10.xlsx","9/3/2017 7:17:35 AM","9/3/2017 7:17:36 AM","33760","2DYHPD2\User"
"C:\GCMSsolution\Data\Project1\RMBL Analysis\L25NAug10.xlsx","9/1/2017 2:48:32 PM","9/1/2017 2:48:33 PM","35175","2DYHPD2\User"
"C:\GCMSsolution\Data\Project1\RMBL Analysis\L38NAug10.xlsx","9/1/2017 3:35:49 PM","9/1/2017 3:35:49 PM","35023","2DYHPD2\User"
"C:\GCMSsolution\Data\Project1\RMBL Analysis\L45NAug10.xlsx","9/2/2017 4:55:28 PM","9/2/2017 4:55:29 PM","34009","2DYHPD2\User"
"C:\GCMSsolution\Data\Project1\RMBL Analysis\Plant16DryJuly19.xlsx","8/1/2017 3:25:09 PM","8/25/2017 10:29:34 AM","34893","2DYHPD2\User"
"C:\GCMSsolution\Data\Project1\RMBL Analysis\Plant16DryJuly19_07212017anal.qgd","8/1/2017 3:25:36 PM","8/1/2017 3:25:37 PM","7962624","2DYHPD2\User"
"C:\GCMSsolution\Data\Project1\RMBL Analysis\Plant16DryJuly23.xlsx","8/1/2017 3:28:28 PM","8/25/2017 10:32:29 AM","33221","2DYHPD2\User"
"C:\GCMSsolution\Data\Project1\RMBL Analysis\Plant16DryJuly23_07232017anal.qgd","8/1/2017 3:31:45 PM","8/1/2017 3:31:45 PM","7639040","2DYHPD2\User"
"C:\GCMSsolution\Data\Project1\RMBL Analysis\Plant16DryJuly26.xlsx","8/1/2017 3:33:22 PM","8/25/2017 10:34:26 AM","34322","2DYHPD2\User"
"C:\GCMSsolution\Data\Project1\RMBL Analysis\Plant16DryJuly26_07262017anal.qgd","8/1/2017 3:34:24 PM","8/1/2017 3:34:24 PM","7647232","2DYHPD2\User"
"C:\GCMSsolution\Data\Project1\RMBL Analysis\Plant16DryJuly28.xlsx","8/1/2017 3:36:28 PM","8/25/2017 10:36:18 AM","34532","2DYHPD2\User"
"C:\GCMSsolution\Data\Project1\RMBL Analysis\Plant16DryJuly28_07282017anal.qgd","8/1/2017 3:36:49 PM","8/1/2017 3:36:49 PM","7651328","2DYHPD2\User"
"C:\GCMSsolution\Data\Project1\RMBL Analysis\Plant16DryJuly31.xlsx","8/1/2017 3:38:40 PM","8/25/2017 10:40:03 AM","34127","2DYHPD2\User"
"C:\GCMSsolution\Data\Project1\RMBL Analysis\Plant16DryJuly31_08012017anal.qgd","8/1/2017 3:38:58 PM","8/1/2017 3:38:58 PM","7606272","2DYHPD2\User"
"C:\GCMSsolution\Data\Project1\RMBL Analysis\Plant8DryJuly19.xlsx","8/1/2017 2:04:42 PM","8/25/2017 10:09:08 AM","34978","2DYHPD2\User"
"C:\GCMSsolution\Data\Project1\RMBL Analysis\Plant8DryJuly19anal_07212017.qgd","8/1/2017 2:05:41 PM","8/1/2017 2:05:41 PM","7692288","2DYHPD2\User"
"C:\GCMSsolution\Data\Project1\RMBL Analysis\Plant8DryJuly23.xlsx","8/1/2017 2:10:08 PM","8/26/2017 3:03:24 PM","51567","2DYHPD2\User"
"C:\GCMSsolution\Data\Project1\RMBL Analysis\Plant8DryJuly23_07232017anal.qgd","8/1/2017 2:10:30 PM","8/1/2017 2:10:30 PM","7692288","2DYHPD2\User"
"C:\GCMSsolution\Data\Project1\RMBL Analysis\Plant8DryJuly26.xlsx","8/1/2017 2:15:48 PM","8/25/2017 10:16:38 AM","33151","2DYHPD2\User"
"C:\GCMSsolution\Data\Project1\RMBL Analysis\Plant8DryJuly26_07262017anal.qgd","8/1/2017 2:16:21 PM","8/1/2017 2:16:21 PM","7577600","2DYHPD2\User"
"C:\GCMSsolution\Data\Project1\RMBL Analysis\Plant8DryJuly28.xlsx","8/1/2017 2:19:04 PM","8/25/2017 10:22:04 AM","34044","2DYHPD2\User"
"C:\GCMSsolution\Data\Project1\RMBL Analysis\Plant8DryJuly28_07282017anal.qgd","8/1/2017 2:19:34 PM","8/1/2017 2:19:34 PM","7589888","2DYHPD2\User"
"C:\GCMSsolution\Data\Project1\RMBL Analysis\Plant8DryJuly31.xlsx","8/1/2017 2:21:22 PM","8/25/2017 10:26:30 AM","34825","2DYHPD2\User"
"C:\GCMSsolution\Data\Project1\RMBL Analysis\Plant8July31_07312017anal.qgd","8/1/2017 2:22:04 PM","8/1/2017 2:22:04 PM","7659520","2DYHPD2\User"
"C:\GCMSsolution\Data\Project1\RMBL Analysis\STD3uL0.0001_07112017l.xlsx","8/25/2017 1:15:41 PM","8/25/2017 1:15:42 PM","32741","2DYHPD2\User"
"C:\GCMSsolution\Data\Project1\RMBL Analysis\STD3uL0.0001_07122017l.xlsx","8/25/2017 1:29:04 PM","8/25/2017 1:29:05 PM","35383","2DYHPD2\User"
"C:\GCMSsolution\Data\Project1\RMBL Analysis\STD3uL0.001_07112017l.xlsx","8/25/2017 1:19:34 PM","8/25/2017 1:19:34 PM","34541","2DYHPD2\User"
"C:\GCMSsolution\Data\Project1\RMBL Analysis\STD3uL0.001_07122017l.xlsx","8/25/2017 1:25:59 PM","8/25/2017 1:26:00 PM","32005","2DYHPD2\User"
"C:\GCMSsolution\Data\Project1\RMBL Analysis\STD3uL0.001_07242017l.xlsx","8/25/2017 10:56:31 AM","8/25/2017 10:56:31 AM","33648","2DYHPD2\User"
"C:\GCMSsolution\Data\Project1\RMBL Analysis\STD3uL0.01_07112017l.xlsx","8/25/2017 1:22:01 PM","8/25/2017 1:22:01 PM","33882","2DYHPD2\User"
"C:\GCMSsolution\Data\Project1\RMBL Analysis\STD3uL0.01_07252017anal.qgd","7/29/2017 12:16:33 PM","7/9/2019 1:33:43 PM","7319552","2DYHPD2\User"
"C:\GCMSsolution\Data\Project1\RMBL Analysis\STD3uL0.01_07252017anal.xlsx","7/29/2017 1:50:34 PM","7/29/2017 1:53:04 PM","27191","2DYHPD2\User"
"C:\GCMSsolution\Data\Project1\RMBL Analysis\VF19DJul13.xlsx","9/4/2017 3:18:54 PM","9/4/2017 3:19:44 PM","35574","2DYHPD2\User"
"C:\GCMSsolution\Data\Project1\RMBL Analysis\VF9D07142017_07140217anal.qgd","7/29/2017 12:17:04 PM","7/29/2017 1:35:51 PM","8880128","2DYHPD2\User"
"C:\GCMSsolution\Data\Project1\RMBL Batches","6/15/2017 3:04:20 PM","8/27/2021 6:05:48 PM",,"2DYHPD2\User"
"C:\GCMSsolution\Data\Project1\RMBL Batches\2 run_201919906.qgb","6/19/2019 9:58:51 AM","6/19/2019 11:10:44 AM","40960","2DYHPD2\User"
"C:\GCMSsolution\Data\Project1\RMBL Batches\2 run_201919906b.qgb","6/19/2019 2:12:20 PM","6/19/2019 10:58:17 PM","57344","2DYHPD2\User"
"C:\GCMSsolution\Data\Project1\RMBL Batches\20180615 Bake.qgb","6/15/2018 1:17:44 PM","6/15/2018 1:17:44 PM","36864","2DYHPD2\User"
"C:\GCMSsolution\Data\Project1\RMBL Batches\20180615_EI_CV_TEST.qgb","6/15/2018 10:24:14 AM","6/15/2018 12:35:32 PM","36864","2DYHPD2\User"
"C:\GCMSsolution\Data\Project1\RMBL Batches\20180616 Blank.qgb","6/16/2018 2:48:55 PM","6/16/2018 2:48:56 PM","32768","2DYHPD2\User"
"C:\GCMSsolution\Data\Project1\RMBL Batches\20180616 Chill.qgb","6/16/2018 2:07:28 PM","6/16/2018 2:32:29 PM","40960","2DYHPD2\User"
"C:\GCMSsolution\Data\Project1\RMBL Batches\20180616 Std.qgb","6/16/2018 8:40:18 AM","6/16/2018 10:41:08 AM","40960","2DYHPD2\User"
"C:\GCMSsolution\Data\Project1\RMBL Batches\20180623 Test.qgb","6/23/2018 11:20:35 AM","6/23/2018 4:55:29 PM","40960","2DYHPD2\User"
"C:\GCMSsolution\Data\Project1\RMBL Batches\20180624 Test.qgb","6/24/2018 8:14:01 AM","6/24/2018 8:14:01 AM","32768","2DYHPD2\User"
"C:\GCMSsolution\Data\Project1\RMBL Batches\20180625 Test.qgb","6/25/2018 10:30:23 AM","6/30/2018 11:35:25 AM","45056","2DYHPD2\User"
"C:\GCMSsolution\Data\Project1\RMBL Batches\20180625 Testb.qgb","6/25/2018 1:20:19 PM","6/25/2018 1:44:51 PM","32768","2DYHPD2\User"
"C:\GCMSsolution\Data\Project1\RMBL Batches\20180626 PTest.qgb","6/26/2018 12:45:56 PM","6/26/2018 12:45:56 PM","32768","2DYHPD2\User"
"C:\GCMSsolution\Data\Project1\RMBL Batches\20180626 Test.qgb","6/26/2018 9:28:36 AM","6/26/2018 2:32:39 PM","40960","2DYHPD2\User"
"C:\GCMSsolution\Data\Project1\RMBL Batches\20180627 Test.qgb","6/27/2018 12:40:22 PM","6/27/2018 1:24:22 PM","40960","2DYHPD2\User"
"C:\GCMSsolution\Data\Project1\RMBL Batches\20180628 Test.qgb","6/28/2018 6:26:51 AM","6/29/2018 3:18:40 PM","32768","2DYHPD2\User"
"C:\GCMSsolution\Data\Project1\RMBL Batches\20180630 Test.qgb","6/30/2018 11:38:55 AM","6/30/2018 11:38:55 AM","32768","2DYHPD2\User"
"C:\GCMSsolution\Data\Project1\RMBL Batches\20180705 Test.qgb","7/5/2018 9:36:26 AM","7/5/2018 12:50:18 PM","40960","2DYHPD2\User"
"C:\GCMSsolution\Data\Project1\RMBL Batches\20180706 Test.qgb","7/6/2018 2:53:22 PM","7/12/2018 4:04:09 PM","36864","2DYHPD2\User"
"C:\GCMSsolution\Data\Project1\RMBL Batches\20180712 Test.qgb","7/12/2018 4:40:23 PM","7/12/2018 4:40:23 PM","36864","2DYHPD2\User"
"C:\GCMSsolution\Data\Project1\RMBL Batches\20180712 Test2.qgb","7/12/2018 8:02:24 PM","7/15/2018 11:06:48 AM","36864","2DYHPD2\User"
"C:\GCMSsolution\Data\Project1\RMBL Batches\20180715_STD.qgb","7/15/2018 11:29:14 AM","7/15/2018 2:13:57 PM","49152","2DYHPD2\User"
"C:\GCMSsolution\Data\Project1\RMBL Batches\20180715_testsamples.qgb","7/15/2018 2:17:02 PM","7/31/2018 7:41:05 PM","53248","2DYHPD2\User"
"C:\GCMSsolution\Data\Project1\RMBL Batches\20180728_hmb5.qgb","7/28/2018 6:40:55 PM","7/28/2018 6:43:25 PM","65536","2DYHPD2\User"
"C:\GCMSsolution\Data\Project1\RMBL Batches\20180809 Test.qgb","8/9/2018 4:43:20 PM","8/11/2018 4:08:23 PM","32768","2DYHPD2\User"
"C:\GCMSsolution\Data\Project1\RMBL Batches\20180809 Testb.qgb","8/9/2018 4:44:13 PM","8/15/2018 2:43:23 PM","45056","2DYHPD2\User"
"C:\GCMSsolution\Data\Project1\RMBL Batches\20180818 Column condition.qgb","8/18/2018 11:13:02 AM","8/18/2018 11:56:44 AM","32768","2DYHPD2\User"
"C:\GCMSsolution\Data\Project1\RMBL Batches\20180830Chill.qgb","8/30/2018 7:31:16 AM","8/30/2018 7:31:16 AM","32768","2DYHPD2\User"
"C:\GCMSsolution\Data\Project1\RMBL Batches\20180907Chill.qgb","9/7/2018 2:51:11 PM","9/7/2018 2:51:11 PM","32768","2DYHPD2\User"
"C:\GCMSsolution\Data\Project1\RMBL Batches\20190717 Column condition.qgb","7/17/2019 12:36:38 PM","7/17/2019 12:37:16 PM","40960","2DYHPD2\User"
"C:\GCMSsolution\Data\Project1\RMBL Batches\Bakeout_20180721.qgb","7/21/2018 3:35:16 PM","7/21/2018 3:35:16 PM","36864","2DYHPD2\User"
"C:\GCMSsolution\Data\Project1\RMBL Batches\Bakeout_20190620.qgb","6/20/2019 9:23:47 AM","6/20/2019 9:57:49 AM","40960","2DYHPD2\User"
"C:\GCMSsolution\Data\Project1\RMBL Batches\Bakeout_20190620b.qgb","6/20/2019 8:00:16 PM","6/20/2019 8:00:56 PM","53248","2DYHPD2\User"
"C:\GCMSsolution\Data\Project1\RMBL Batches\Bakeout_20190717.qgb","7/17/2019 9:54:09 AM","7/17/2019 9:54:10 AM","36864","2DYHPD2\User"
"C:\GCMSsolution\Data\Project1\RMBL Batches\Batch results","8/13/2019 2:25:18 PM","8/13/2019 2:25:40 PM",,"2DYHPD2\User"
"C:\GCMSsolution\Data\Project1\RMBL Batches\Batch results\asciioutput.txt","6/24/2019 1:38:07 PM","6/24/2019 1:39:43 PM","737286","2DYHPD2\User"
"C:\GCMSsolution\Data\Project1\RMBL Batches\Batch results\asciioutput001.txt","6/24/2019 1:45:22 PM","6/24/2019 1:46:52 PM","774248","2DYHPD2\User"
"C:\GCMSsolution\Data\Project1\RMBL Batches\Batch results\maxfield190726.txt","7/26/2019 4:23:16 PM","7/27/2019 6:14:37 AM","26775962","2DYHPD2\User"
"C:\GCMSsolution\Data\Project1\RMBL Batches\Batch results\maxfield190727.txt","7/27/2019 10:08:23 PM","8/3/2019 3:37:55 AM","12503636","2DYHPD2\User"
"C:\GCMSsolution\Data\Project1\RMBL Batches\Batch results\maxfield2018-19.txt","7/28/2019 10:52:35 PM","7/29/2019 1:26:56 AM","47985534","2DYHPD2\User"
"C:\GCMSsolution\Data\Project1\RMBL Batches\Batch results\STDS_190724.txt","7/24/2019 11:04:18 PM","7/24/2019 11:36:50 PM","10600732","2DYHPD2\User"
"C:\GCMSsolution\Data\Project1\RMBL Batches\Batch results\stds_190726.txt","7/26/2019 7:48:55 AM","7/26/2019 8:35:36 AM","16207533","2DYHPD2\User"
"C:\GCMSsolution\Data\Project1\RMBL Batches\Batch results\STDS_new_xfer_line.txt","7/24/2019 8:19:52 AM","7/24/2019 9:05:21 AM","15013137","2DYHPD2\User"
"C:\GCMSsolution\Data\Project1\RMBL Batches\Batch results\stds_new_xfer_line_files (1).txt","7/24/2019 8:35:20 AM","7/24/2019 8:35:20 AM","17820","2DYHPD2\User"
"C:\GCMSsolution\Data\Project1\RMBL Batches\Batch results\stds_new_xfer_line_files (3).txt","6/25/2019 8:40:55 AM","6/25/2019 9:06:05 AM","602754","2DYHPD2\User"
"C:\GCMSsolution\Data\Project1\RMBL Batches\Batch results\sts_2017-2019.txt","7/9/2019 9:26:53 AM","7/9/2019 4:45:23 PM","140265288","2DYHPD2\User"
"C:\GCMSsolution\Data\Project1\RMBL Batches\Batch results\teststds07192019.txt","7/21/2019 8:24:58 PM","7/21/2019 8:41:10 PM","4784465","2DYHPD2\User"
"C:\GCMSsolution\Data\Project1\RMBL Batches\Batch results\teststds07192020.txt","7/23/2019 12:42:17 PM","7/23/2019 12:44:05 PM","822408","2DYHPD2\User"
"C:\GCMSsolution\Data\Project1\RMBL Batches\Batch results\teststds07192021.txt","7/23/2019 1:26:57 PM","7/23/2019 1:29:22 PM","1122945","2DYHPD2\User"
"C:\GCMSsolution\Data\Project1\RMBL Batches\blank run_201919906.qgb","6/19/2019 10:59:27 PM","6/19/2019 10:59:27 PM","32768","2DYHPD2\User"
"C:\GCMSsolution\Data\Project1\RMBL Batches\Blank_210827.qgb","8/27/2021 5:27:52 PM","9/3/2021 10:57:55 AM","32768","2DYHPD2\User"
"C:\GCMSsolution\Data\Project1\RMBL Batches\Blank_210827.txt","8/27/2021 6:05:48 PM","8/27/2021 6:08:10 PM","897320","2DYHPD2\User"
"C:\GCMSsolution\Data\Project1\RMBL Batches\Corydalis_210706.qgb","7/6/2021 8:03:59 AM","7/6/2021 6:21:47 PM","53248","2DYHPD2\User"
"C:\GCMSsolution\Data\Project1\RMBL Batches\corydalis210706.txt","7/6/2021 8:45:27 AM","7/6/2021 12:29:08 PM","8191113","2DYHPD2\User"
"C:\GCMSsolution\Data\Project1\RMBL Batches\CWu_20190806a.qgb","8/6/2019 2:38:45 PM","8/6/2019 2:38:45 PM","40960","2DYHPD2\User"
"C:\GCMSsolution\Data\Project1\RMBL Batches\CWu_20190806b.qgb","8/6/2019 9:27:22 PM","8/6/2019 9:32:49 PM","61440","2DYHPD2\User"
"C:\GCMSsolution\Data\Project1\RMBL Batches\CWu_20190807a.qgb","8/7/2019 9:11:10 AM","8/7/2019 9:18:37 AM","57344","2DYHPD2\User"
"C:\GCMSsolution\Data\Project1\RMBL Batches\CWu_20190807b.qgb","8/7/2019 9:12:56 PM","8/7/2019 9:25:34 PM","61440","2DYHPD2\User"
"C:\GCMSsolution\Data\Project1\RMBL Batches\CWu_20190808a.qgb","8/8/2019 8:36:11 AM","8/8/2019 8:47:59 AM","61440","2DYHPD2\User"
"C:\GCMSsolution\Data\Project1\RMBL Batches\CWu_20190808b.qgb","8/8/2019 10:36:41 PM","8/8/2019 10:44:30 PM","57344","2DYHPD2\User"
"C:\GCMSsolution\Data\Project1\RMBL Batches\CWu_20190809.qgb","8/9/2019 10:43:30 AM","8/9/2019 10:50:44 AM","57344","2DYHPD2\User"
"C:\GCMSsolution\Data\Project1\RMBL Batches\CWu_20190809b.qgb","8/9/2019 7:46:26 PM","8/9/2019 7:55:11 PM","65536","2DYHPD2\User"
"C:\GCMSsolution\Data\Project1\RMBL Batches\CWu_20190810a.qgb","8/10/2019 3:23:32 PM","8/10/2019 3:27:19 PM","61440","2DYHPD2\User"
"C:\GCMSsolution\Data\Project1\RMBL Batches\CWu_20190810b.qgb","8/10/2019 9:34:02 PM","8/10/2019 9:40:34 PM","69632","2DYHPD2\User"
"C:\GCMSsolution\Data\Project1\RMBL Batches\CWu_20190811.qgb","8/11/2019 10:08:47 PM","8/11/2019 10:08:47 PM","45056","2DYHPD2\User"
"C:\GCMSsolution\Data\Project1\RMBL Batches\dir_190620.txt","6/20/2019 10:59:28 AM","6/20/2019 10:59:58 AM","178616","2DYHPD2\User"
"C:\GCMSsolution\Data\Project1\RMBL Batches\dir_190707.txt","7/7/2019 10:34:25 AM","7/7/2019 10:34:25 AM","231742","2DYHPD2\User"
"C:\GCMSsolution\Data\Project1\RMBL Batches\dir_write_190620.txt","6/20/2019 11:01:09 AM","6/20/2019 11:04:05 AM","143761","2DYHPD2\User"
"C:\GCMSsolution\Data\Project1\RMBL Batches\dir_write_190707.txt","7/7/2019 10:33:05 AM","7/7/2019 10:33:39 AM","190724","2DYHPD2\User"
"C:\GCMSsolution\Data\Project1\RMBL Batches\dir190707.csv","7/7/2019 1:40:07 PM","7/7/2019 1:45:15 PM","443048","2DYHPD2\User"
"C:\GCMSsolution\Data\Project1\RMBL Batches\dir190710.csv","7/10/2019 8:09:15 AM","7/10/2019 8:09:18 AM","462686","2DYHPD2\User"
"C:\GCMSsolution\Data\Project1\RMBL Batches\dir190710b.csv","7/10/2019 9:50:07 PM","7/10/2019 9:50:10 PM","467163","2DYHPD2\User"
"C:\GCMSsolution\Data\Project1\RMBL Batches\dir190721.csv","7/21/2019 8:09:41 PM","7/21/2019 8:09:44 PM","477055","2DYHPD2\User"
"C:\GCMSsolution\Data\Project1\RMBL Batches\dir190801.csv","8/1/2019 9:07:39 AM","8/1/2019 9:07:43 AM","622835","2DYHPD2\User"
"C:\GCMSsolution\Data\Project1\RMBL Batches\dir190807.csv","8/7/2019 1:52:10 PM","8/7/2019 1:52:13 PM","661917","2DYHPD2\User"
"C:\GCMSsolution\Data\Project1\RMBL Batches\dir190813.csv","8/13/2019 2:25:53 PM","8/13/2019 2:25:57 PM","698033","2DYHPD2\User"
"C:\GCMSsolution\Data\Project1\RMBL Batches\dir190815.csv","8/15/2019 8:56:30 AM","8/15/2019 8:56:34 AM","706235","2DYHPD2\User"
"C:\GCMSsolution\Data\Project1\RMBL Batches\dir20190724.csv","7/24/2019 8:22:55 AM","7/24/2019 8:22:59 AM","587642","2DYHPD2\User"
"C:\GCMSsolution\Data\Project1\RMBL Batches\Erigeron_210717.qgb","7/17/2021 4:22:27 PM","7/18/2021 9:13:29 AM","57344","2DYHPD2\User"
"C:\GCMSsolution\Data\Project1\RMBL Batches\Erigeron_GNA_Corydalis_210718.qgb","7/18/2021 9:13:57 AM","7/19/2021 4:00:44 PM","69632","2DYHPD2\User"
"C:\GCMSsolution\Data\Project1\RMBL Batches\Filament1Blank_210722.qgb","7/22/2021 9:25:35 AM","7/23/2021 2:16:15 PM","36864","2DYHPD2\User"
"C:\GCMSsolution\Data\Project1\RMBL Batches\GCMScourse1.qgb","8/14/2018 9:11:52 AM","8/14/2018 9:11:52 AM","36864","2DYHPD2\User"
"C:\GCMSsolution\Data\Project1\RMBL Batches\GCMScourse2.qgb","8/15/2018 9:09:15 AM","8/15/2018 9:09:16 AM","36864","2DYHPD2\User"
"C:\GCMSsolution\Data\Project1\RMBL Batches\GCMScourse3.qgb","8/16/2018 5:10:41 PM","8/16/2018 5:10:41 PM","45056","2DYHPD2\User"
"C:\GCMSsolution\Data\Project1\RMBL Batches\GCMScourse4.qgb","8/17/2018 8:35:02 AM","8/17/2018 8:35:02 AM","40960","2DYHPD2\User"
"C:\GCMSsolution\Data\Project1\RMBL Batches\GCMScourselupinus.qgb","8/16/2018 8:25:41 AM","8/16/2018 8:25:41 AM","36864","2DYHPD2\User"
"C:\GCMSsolution\Data\Project1\RMBL Batches\GCPowerOutageStartupBlank_210805.qgb","8/5/2021 1:25:52 PM","8/7/2021 8:45:08 PM","40960","2DYHPD2\User"
"C:\GCMSsolution\Data\Project1\RMBL Batches\GLOB_20190621.qgb","6/21/2019 9:16:31 PM","6/22/2019 12:30:03 PM","45056","2DYHPD2\User"
"C:\GCMSsolution\Data\Project1\RMBL Batches\GLOB_20190622.qgb","6/22/2019 12:29:45 PM","6/22/2019 12:31:52 PM","65536","2DYHPD2\User"
"C:\GCMSsolution\Data\Project1\RMBL Batches\GLOB_20190622night.qgb","6/22/2019 11:51:45 PM","6/23/2019 12:00:13 AM","69632","2DYHPD2\User"
"C:\GCMSsolution\Data\Project1\RMBL Batches\GLOB_20190623.qgb","6/23/2019 5:08:37 PM","6/23/2019 5:08:37 PM","45056","2DYHPD2\User"
"C:\GCMSsolution\Data\Project1\RMBL Batches\GLOB_20190624a.qgb","6/24/2019 8:44:04 AM","6/24/2019 8:46:23 AM","65536","2DYHPD2\User"
"C:\GCMSsolution\Data\Project1\RMBL Batches\GLOB_20190624b.qgb","6/24/2019 9:56:57 PM","6/25/2019 10:36:50 AM","45056","2DYHPD2\User"
"C:\GCMSsolution\Data\Project1\RMBL Batches\GLOB_20190625.qgb","6/25/2019 10:37:15 AM","6/25/2019 10:39:40 AM","65536","2DYHPD2\User"
"C:\GCMSsolution\Data\Project1\RMBL Batches\GNA_210719.qgb","7/19/2021 4:01:10 PM","7/20/2021 3:17:18 PM","57344","2DYHPD2\User"
"C:\GCMSsolution\Data\Project1\RMBL Batches\GNA_210731.qgb","7/31/2021 5:54:47 PM","8/1/2021 4:55:43 PM","53248","2DYHPD2\User"
"C:\GCMSsolution\Data\Project1\RMBL Batches\GNA_210801.qgb","8/1/2021 4:56:04 PM","8/2/2021 7:21:39 AM","45056","2DYHPD2\User"
"C:\GCMSsolution\Data\Project1\RMBL Batches\GNA_SC_210720.qgb","7/20/2021 3:17:41 PM","7/22/2021 9:25:10 AM","53248","2DYHPD2\User"
"C:\GCMSsolution\Data\Project1\RMBL Batches\Ihyb_210823b.qgb","8/23/2021 9:25:29 PM","8/23/2021 9:36:15 PM","65536","2DYHPD2\User"
"C:\GCMSsolution\Data\Project1\RMBL Batches\Ihyb_210823b.txt","8/23/2021 10:13:52 PM","8/24/2021 7:28:57 AM","20800210","2DYHPD2\User"
"C:\GCMSsolution\Data\Project1\RMBL Batches\Ihyb_Corydalis_210728.qgb","7/28/2021 5:47:15 PM","7/29/2021 9:12:07 PM","73728","2DYHPD2\User"
"C:\GCMSsolution\Data\Project1\RMBL Batches\Ihyb_Corydalis_210728.txt","7/28/2021 6:50:27 PM","7/29/2021 1:07:18 PM","38659431","2DYHPD2\User"
"C:\GCMSsolution\Data\Project1\RMBL Batches\Ihyb_Corydalis_210729.txt","7/29/2021 10:26:48 PM","7/30/2021 11:35:04 AM","27579118","2DYHPD2\User"
"C:\GCMSsolution\Data\Project1\RMBL Batches\Ihyb_Corydalis_210730.txt","7/31/2021 6:43:25 PM","8/1/2021 4:39:54 AM","20803679","2DYHPD2\User"
"C:\GCMSsolution\Data\Project1\RMBL Batches\Ihyb_Corydalis_210731.txt","8/1/2021 5:42:58 PM","8/2/2021 3:32:48 AM","22686635","2DYHPD2\User"
"C:\GCMSsolution\Data\Project1\RMBL Batches\Ihyb_VF_210716.qgb","7/16/2021 3:04:14 PM","7/16/2021 3:16:26 PM","57344","2DYHPD2\User"
"C:\GCMSsolution\Data\Project1\RMBL Batches\Ihyb_VF_210716.txt","7/16/2021 5:20:46 PM","7/17/2021 9:31:37 AM","31816354","2DYHPD2\User"
"C:\GCMSsolution\Data\Project1\RMBL Batches\Ihyb_VF_210716afterT2_VF_675lost.qgb","7/16/2021 4:12:56 PM","7/17/2021 4:21:33 PM","73728","2DYHPD2\User"
"C:\GCMSsolution\Data\Project1\RMBL Batches\Ihyb_VF_210717.txt","7/17/2021 5:11:43 PM","7/18/2021 2:56:44 AM","18188846","2DYHPD2\User"
"C:\GCMSsolution\Data\Project1\RMBL Batches\Ihyb_VF_210718.txt","7/18/2021 10:32:16 AM","7/19/2021 4:32:30 AM","33349420","2DYHPD2\User"
"C:\GCMSsolution\Data\Project1\RMBL Batches\Ihyb_VF_210719.txt","7/19/2021 4:51:32 PM","7/20/2021 3:10:11 AM","19602760","2DYHPD2\User"
"C:\GCMSsolution\Data\Project1\RMBL Batches\Ihyb_VF_Corydalis_210715.qgb","7/15/2021 5:03:35 PM","7/16/2021 3:03:56 PM","73728","2DYHPD2\User"
"C:\GCMSsolution\Data\Project1\RMBL Batches\Indole_20190621.qgb","6/21/2019 11:25:21 AM","6/21/2019 11:37:28 AM","49152","2DYHPD2\User"
"C:\GCMSsolution\Data\Project1\RMBL Batches\Indole_20190621_process.qgb","6/22/2019 3:09:59 PM","6/22/2019 3:09:59 PM","36864","2DYHPD2\User"
"C:\GCMSsolution\Data\Project1\RMBL Batches\Indole_20190621_process_0.1.qgb","6/24/2019 1:33:50 PM","6/24/2019 1:49:17 PM","53248","2DYHPD2\User"
"C:\GCMSsolution\Data\Project1\RMBL Batches\Indole_20190621a.qgb","6/21/2019 9:37:45 AM","6/21/2019 9:54:00 AM","57344","2DYHPD2\User"
"C:\GCMSsolution\Data\Project1\RMBL Batches\Ipo_20180807.qgb","8/7/2018 10:40:30 AM","8/7/2018 10:40:30 AM","40960","2DYHPD2\User"
"C:\GCMSsolution\Data\Project1\RMBL Batches\Ipo_20180808.qgb","8/8/2018 7:04:54 AM","8/8/2018 7:04:54 AM","36864","2DYHPD2\User"
"C:\GCMSsolution\Data\Project1\RMBL Batches\IPO_tenu_20190721.qgb","7/21/2019 10:44:01 PM","7/22/2019 11:08:55 AM","49152","2DYHPD2\User"
"C:\GCMSsolution\Data\Project1\RMBL Batches\Ipotubes_20190805.qgb","8/5/2019 8:08:47 AM","8/5/2019 8:15:36 AM","61440","2DYHPD2\User"
"C:\GCMSsolution\Data\Project1\RMBL Batches\Ipotubes10_20180723.qgb","7/23/2018 2:00:48 PM","7/23/2018 2:00:48 PM","36864","2DYHPD2\User"
"C:\GCMSsolution\Data\Project1\RMBL Batches\Ipotubes10_20180728.qgb","7/28/2018 6:23:08 AM","7/28/2018 6:11:24 PM","57344","2DYHPD2\User"
"C:\GCMSsolution\Data\Project1\RMBL Batches\Ipotubes10_20180806.qgb","8/6/2018 7:12:31 AM","8/6/2018 7:12:31 AM","36864","2DYHPD2\User"
"C:\GCMSsolution\Data\Project1\RMBL Batches\Ipotubes12_20190806.qgb","8/6/2019 6:34:19 AM","8/6/2019 2:25:16 PM","57344","2DYHPD2\User"
"C:\GCMSsolution\Data\Project1\RMBL Batches\Ipotubes15_20190816.qgb","8/16/2019 6:15:04 AM","8/16/2019 4:54:13 PM","40960","2DYHPD2\User"
"C:\GCMSsolution\Data\Project1\RMBL Batches\Ipotubes20_20180724.qgb","7/24/2018 4:48:20 PM","7/24/2018 4:48:20 PM","45056","2DYHPD2\User"
"C:\GCMSsolution\Data\Project1\RMBL Batches\Ipotubes20_20180805.qgb","8/5/2018 3:15:03 PM","8/5/2018 3:15:03 PM","45056","2DYHPD2\User"
"C:\GCMSsolution\Data\Project1\RMBL Batches\Ipotubes20_20190731.qgb","7/31/2019 7:36:50 PM","8/1/2019 9:44:08 AM","65536","2DYHPD2\User"
"C:\GCMSsolution\Data\Project1\RMBL Batches\Ipotubes20_20190805.qgb","8/5/2019 6:03:12 PM","8/5/2019 6:03:12 PM","45056","2DYHPD2\User"
"C:\GCMSsolution\Data\Project1\RMBL Batches\Ipotubes20_20190815.qgb","8/15/2019 8:25:26 AM","8/15/2019 8:49:25 AM","45056","2DYHPD2\User"
"C:\GCMSsolution\Data\Project1\RMBL Batches\Ipotubes21_20190731.qgb","7/31/2019 7:34:22 AM","7/31/2019 7:54:18 AM","69632","2DYHPD2\User"
"C:\GCMSsolution\Data\Project1\RMBL Batches\Ipotubes24_20190729.qgb","7/29/2019 11:18:30 AM","7/29/2019 11:18:31 AM","45056","2DYHPD2\User"
"C:\GCMSsolution\Data\Project1\RMBL Batches\Lagg_210822.qgb","8/22/2021 7:54:15 AM","8/22/2021 10:30:55 PM","53248","2DYHPD2\User"
"C:\GCMSsolution\Data\Project1\RMBL Batches\Lagg_210822.txt","8/22/2021 8:34:27 AM","8/22/2021 6:41:42 PM","23229994","2DYHPD2\User"
"C:\GCMSsolution\Data\Project1\RMBL Batches\Lagg_VF_210822b.qgb","8/22/2021 10:31:22 PM","8/23/2021 9:20:56 AM","65536","2DYHPD2\User"
"C:\GCMSsolution\Data\Project1\RMBL Batches\Lagg_VF_210822b.txt","8/22/2021 11:13:41 PM","8/23/2021 8:59:41 AM","22915335","2DYHPD2\User"
"C:\GCMSsolution\Data\Project1\RMBL Batches\Lagg_VF_210823.qgb","8/23/2021 9:21:57 AM","8/23/2021 9:24:24 PM","65536","2DYHPD2\User"
"C:\GCMSsolution\Data\Project1\RMBL Batches\Lagg_VF_210823.txt","8/23/2021 10:16:07 AM","8/23/2021 8:30:10 PM","23200956","2DYHPD2\User"
"C:\GCMSsolution\Data\Project1\RMBL Batches\Lupinus.qgb","8/20/2018 8:37:07 AM","8/20/2018 8:37:07 AM","49152","2DYHPD2\User"
"C:\GCMSsolution\Data\Project1\RMBL Batches\Lupinus_210811.txt","8/11/2021 11:24:26 AM","8/11/2021 11:22:39 PM","21564456","2DYHPD2\User"
"C:\GCMSsolution\Data\Project1\RMBL Batches\Lupinus_210812.txt","8/12/2021 10:05:00 AM","8/12/2021 10:09:04 PM","21266633","2DYHPD2\User"
"C:\GCMSsolution\Data\Project1\RMBL Batches\Lupinus_210813.txt","8/13/2021 7:35:26 AM","8/13/2021 7:36:22 PM","20719471","2DYHPD2\User"
"C:\GCMSsolution\Data\Project1\RMBL Batches\Lupinus2.qgb","8/21/2018 4:09:26 PM","8/21/2018 4:09:26 PM","36864","2DYHPD2\User"
"C:\GCMSsolution\Data\Project1\RMBL Batches\Lupinus20_20190828.qgb","8/28/2019 8:33:24 AM","8/28/2019 8:33:25 AM","45056","2DYHPD2\User"
"C:\GCMSsolution\Data\Project1\RMBL Batches\Lupinus20_210811.qgb","8/11/2021 10:16:30 AM","8/12/2021 8:59:35 AM","65536","2DYHPD2\User"
"C:\GCMSsolution\Data\Project1\RMBL Batches\Lupinus20_210812.qgb","8/12/2021 8:59:48 AM","8/13/2021 6:47:08 AM","45056","2DYHPD2\User"
"C:\GCMSsolution\Data\Project1\RMBL Batches\Lupinus20_210813.qgb","8/13/2021 6:47:20 AM","8/14/2021 7:10:36 AM","45056","2DYHPD2\User"
"C:\GCMSsolution\Data\Project1\RMBL Batches\Lupinus20_SC_Lagg21_210814.qgb","8/14/2021 7:11:06 AM","8/16/2021 11:09:23 AM","69632","2DYHPD2\User"
"C:\GCMSsolution\Data\Project1\RMBL Batches\Lupinus20_SC_Lagg21_210814.txt","8/14/2021 8:18:23 AM","8/15/2021 2:41:57 AM","36528900","2DYHPD2\User"
"C:\GCMSsolution\Data\Project1\RMBL Batches\Lupinus20am_20190829.qgb","8/29/2019 10:23:03 AM","8/29/2019 10:23:03 AM","45056","2DYHPD2\User"
"C:\GCMSsolution\Data\Project1\RMBL Batches\Lupinus20am_20190830.qgb","8/30/2019 11:16:26 AM","8/30/2019 11:16:26 AM","40960","2DYHPD2\User"
"C:\GCMSsolution\Data\Project1\RMBL Batches\Lupinus20pm_20190828.qgb","8/28/2019 9:58:07 PM","8/28/2019 9:58:45 PM","45056","2DYHPD2\User"
"C:\GCMSsolution\Data\Project1\RMBL Batches\Lupinus20pm_20190829.qgb","8/29/2019 11:05:24 PM","8/29/2019 11:05:24 PM","45056","2DYHPD2\User"
"C:\GCMSsolution\Data\Project1\RMBL Batches\Lupinus20remainder_20190828.qgb","8/28/2019 3:32:20 PM","8/28/2019 3:34:01 PM","65536","2DYHPD2\User"
"C:\GCMSsolution\Data\Project1\RMBL Batches\Maxfield_190726.qgb","7/26/2019 3:05:48 PM","7/26/2019 4:58:36 PM","65536","2DYHPD2\User"
"C:\GCMSsolution\Data\Project1\RMBL Batches\Maxfield_190727.qgb","7/27/2019 9:14:15 PM","7/27/2019 9:30:18 PM","65536","2DYHPD2\User"
"C:\GCMSsolution\Data\Project1\RMBL Batches\Maxfield_190728.qgb","7/28/2019 10:49:48 PM","8/1/2019 9:52:28 AM","40960","2DYHPD2\User"
"C:\GCMSsolution\Data\Project1\RMBL Batches\Maxfield_190801.qgb","8/1/2019 9:00:12 PM","8/1/2019 9:00:12 PM","45056","2DYHPD2\User"
"C:\GCMSsolution\Data\Project1\RMBL Batches\Maxfield_190802.qgb","8/2/2019 10:29:55 AM","8/2/2019 10:39:03 AM","53248","2DYHPD2\User"
"C:\GCMSsolution\Data\Project1\RMBL Batches\Maxfield_190802b.qgb","8/2/2019 9:11:27 PM","8/2/2019 9:14:31 PM","61440","2DYHPD2\User"
"C:\GCMSsolution\Data\Project1\RMBL Batches\Maxfield_210705.qgb","7/5/2021 9:40:45 AM","7/5/2021 9:50:32 AM","49152","2DYHPD2\User"
"C:\GCMSsolution\Data\Project1\RMBL Batches\Maxfield_210705b.qgb","7/5/2021 3:07:23 PM","7/5/2021 3:12:20 PM","61440","2DYHPD2\User"
"C:\GCMSsolution\Data\Project1\RMBL Batches\Maxfield_210706b.qgb","7/6/2021 6:22:43 PM","7/7/2021 5:55:09 PM","53248","2DYHPD2\User"
"C:\GCMSsolution\Data\Project1\RMBL Batches\Maxfield_210707.qgb","7/7/2021 5:55:25 PM","7/7/2021 6:16:05 PM","73728","2DYHPD2\User"
"C:\GCMSsolution\Data\Project1\RMBL Batches\Maxfield_210708.qgb","7/8/2021 3:03:03 PM","7/9/2021 11:43:39 AM","73728","2DYHPD2\User"
"C:\GCMSsolution\Data\Project1\RMBL Batches\Maxfield_210709.qgb","7/9/2021 11:43:48 AM","7/11/2021 10:06:58 AM","57344","2DYHPD2\User"
"C:\GCMSsolution\Data\Project1\RMBL Batches\Maxfield_210711.qgb","7/11/2021 10:20:12 AM","7/12/2021 10:29:05 AM","73728","2DYHPD2\User"
"C:\GCMSsolution\Data\Project1\RMBL Batches\Maxfield_210712.qgb","7/12/2021 10:29:16 AM","7/13/2021 5:02:23 PM","49152","2DYHPD2\User"
"C:\GCMSsolution\Data\Project1\RMBL Batches\Maxfield_210713.qgb","7/13/2021 5:02:40 PM","7/14/2021 8:40:38 AM","57344","2DYHPD2\User"
"C:\GCMSsolution\Data\Project1\RMBL Batches\Maxfield_210714.qgb","7/14/2021 8:41:14 AM","7/15/2021 5:02:14 PM","57344","2DYHPD2\User"
"C:\GCMSsolution\Data\Project1\RMBL Batches\Maxfield_210802.qgb","8/2/2021 7:25:19 AM","8/2/2021 7:30:07 AM","53248","2DYHPD2\User"
"C:\GCMSsolution\Data\Project1\RMBL Batches\Maxfield_210802.txt","8/2/2021 8:18:54 AM","8/2/2021 6:17:13 PM","23004389","2DYHPD2\User"
"C:\GCMSsolution\Data\Project1\RMBL Batches\Maxfield_SC_210729.qgb","7/29/2021 9:23:58 PM","7/31/2021 5:54:27 PM","65536","2DYHPD2\User"
"C:\GCMSsolution\Data\Project1\RMBL Batches\Maxfield_SC_210802b.qgb","8/2/2021 10:33:58 PM","8/3/2021 3:19:47 PM","45056","2DYHPD2\User"
"C:\GCMSsolution\Data\Project1\RMBL Batches\Maxfield_SC_210802b.txt","8/2/2021 11:15:21 PM","8/3/2021 9:04:13 AM","20936292","2DYHPD2\User"
"C:\GCMSsolution\Data\Project1\RMBL Batches\Maxfield_SC_210803.qgb","8/3/2021 3:24:24 PM","8/4/2021 4:39:44 PM","53248","2DYHPD2\User"
"C:\GCMSsolution\Data\Project1\RMBL Batches\Maxfield_SC_210803.txt","8/3/2021 4:19:30 PM","8/4/2021 2:13:20 AM","21925760","2DYHPD2\User"
"C:\GCMSsolution\Data\Project1\RMBL Batches\Maxfield_Schiedea_20190813.qgb","8/13/2019 12:12:07 AM","8/13/2019 12:17:57 AM","69632","2DYHPD2\User"
"C:\GCMSsolution\Data\Project1\RMBL Batches\maxfield18-19.qgb","7/28/2019 10:49:22 PM","7/28/2019 10:49:22 PM","172032","2DYHPD2\User"
"C:\GCMSsolution\Data\Project1\RMBL Batches\maxfield210705.txt","7/5/2021 10:34:32 AM","7/5/2021 2:55:44 PM","9673665","2DYHPD2\User"
"C:\GCMSsolution\Data\Project1\RMBL Batches\maxfield210705b.txt","7/5/2021 3:51:43 PM","7/6/2021 4:28:15 AM","10967037","2DYHPD2\User"
"C:\GCMSsolution\Data\Project1\RMBL Batches\maxfield210706b.txt","7/6/2021 7:43:45 PM","7/7/2021 1:30:26 PM","27133540","2DYHPD2\User"
"C:\GCMSsolution\Data\Project1\RMBL Batches\maxfield210707.txt","7/7/2021 6:55:08 PM","7/8/2021 1:22:09 PM","38258651","2DYHPD2\User"
"C:\GCMSsolution\Data\Project1\RMBL Batches\maxfield210708.txt","7/8/2021 3:42:32 PM","7/9/2021 10:19:26 AM","36134070","2DYHPD2\User"
"C:\GCMSsolution\Data\Project1\RMBL Batches\maxfield210709.txt","7/9/2021 12:44:40 PM","7/10/2021 7:09:44 AM","35579510","2DYHPD2\User"
"C:\GCMSsolution\Data\Project1\RMBL Batches\maxfield210711.txt","7/11/2021 11:51:15 AM","7/12/2021 6:21:12 AM","34749339","2DYHPD2\User"
"C:\GCMSsolution\Data\Project1\RMBL Batches\maxfield210712.txt","7/12/2021 12:01:00 PM","7/13/2021 6:39:38 AM","35951868","2DYHPD2\User"
"C:\GCMSsolution\Data\Project1\RMBL Batches\maxfield210713.txt","7/13/2021 10:21:51 PM","7/14/2021 2:31:03 AM","9183116","2DYHPD2\User"
"C:\GCMSsolution\Data\Project1\RMBL Batches\maxfield210714.txt","7/14/2021 10:12:53 AM","7/14/2021 8:00:20 PM","20916408","2DYHPD2\User"
"C:\GCMSsolution\Data\Project1\RMBL Batches\maxfield210715.txt","7/15/2021 6:11:13 PM","7/16/2021 12:24:56 PM","35270756","2DYHPD2\User"
"C:\GCMSsolution\Data\Project1\RMBL Batches\Microbial_standards_210720.qgb","7/20/2021 4:48:28 PM","7/20/2021 4:53:34 PM","57344","2DYHPD2\User"
"C:\GCMSsolution\Data\Project1\RMBL Batches\Mooney_20190819.qgb","8/19/2019 9:37:59 AM","8/19/2019 10:50:02 AM","65536","2DYHPD2\User"
"C:\GCMSsolution\Data\Project1\RMBL Batches\Mooney_20190820.qgb","8/20/2019 9:39:19 AM","8/21/2019 5:24:00 PM","53248","2DYHPD2\User"
"C:\GCMSsolution\Data\Project1\RMBL Batches\Mooney_20190827.qgb","8/27/2019 11:01:51 AM","8/27/2019 11:20:14 AM","40960","2DYHPD2\User"
"C:\GCMSsolution\Data\Project1\RMBL Batches\Mooneyrest_20190827.qgb","8/27/2019 4:32:25 PM","8/27/2019 4:32:26 PM","40960","2DYHPD2\User"
"C:\GCMSsolution\Data\Project1\RMBL Batches\Mooneyrestart_20190819.qgb","8/19/2019 10:50:28 AM","8/19/2019 10:51:25 AM","65536","2DYHPD2\User"
"C:\GCMSsolution\Data\Project1\RMBL Batches\Nayeli_20190831.qgb","8/31/2019 8:01:58 AM","8/31/2019 8:29:39 AM","69632","2DYHPD2\User"
"C:\GCMSsolution\Data\Project1\RMBL Batches\Nayeli_20190901.qgb","9/1/2019 7:18:30 AM","9/1/2019 7:29:55 AM","65536","2DYHPD2\User"
"C:\GCMSsolution\Data\Project1\RMBL Batches\Nayeli_20190902.qgb","9/2/2019 6:42:47 AM","9/2/2019 7:03:54 AM","69632","2DYHPD2\User"
"C:\GCMSsolution\Data\Project1\RMBL Batches\Nayeli_20190903.qgb","9/3/2019 7:51:55 AM","9/3/2019 8:16:34 AM","65536","2DYHPD2\User"
"C:\GCMSsolution\Data\Project1\RMBL Batches\NotPaul_190816.qgb","8/16/2019 5:20:02 PM","8/16/2019 5:22:03 PM","57344","2DYHPD2\User"
"C:\GCMSsolution\Data\Project1\RMBL Batches\OQRepeat.txt","6/15/2018 11:29:02 AM","6/28/2021 6:37:23 PM","1405","2DYHPD2\User"
"C:\GCMSsolution\Data\Project1\RMBL Batches\PAUL_20190709a.qgb","7/9/2019 10:16:57 AM","7/9/2019 10:25:38 AM","73728","2DYHPD2\User"
"C:\GCMSsolution\Data\Project1\RMBL Batches\PAUL_20190709b.qgb","7/9/2019 10:50:24 PM","7/9/2019 10:56:31 PM","65536","2DYHPD2\User"
"C:\GCMSsolution\Data\Project1\RMBL Batches\PAUL_20190716a.qgb","7/16/2019 9:02:52 AM","8/3/2019 11:35:00 AM","40960","2DYHPD2\User"
"C:\GCMSsolution\Data\Project1\RMBL Batches\PAUL_20190803b.qgb","8/3/2019 11:15:43 PM","8/3/2019 11:27:06 PM","36864","2DYHPD2\User"
"C:\GCMSsolution\Data\Project1\RMBL Batches\PAUL_20190804.qgb","8/4/2019 11:03:43 AM","8/4/2019 11:55:53 AM","61440","2DYHPD2\User"
"C:\GCMSsolution\Data\Project1\RMBL Batches\PAUL_SCH_20190710a.qgb","7/10/2019 11:37:15 AM","7/10/2019 12:13:20 PM","65536","2DYHPD2\User"
"C:\GCMSsolution\Data\Project1\RMBL Batches\PAUL_SCH_20190711a.qgb","7/10/2019 6:16:43 PM","7/10/2019 9:02:51 PM","57344","2DYHPD2\User"
"C:\GCMSsolution\Data\Project1\RMBL Batches\penstrmon_20190805.qgb","8/5/2019 2:58:37 PM","8/6/2019 2:34:57 PM","57344","2DYHPD2\User"
"C:\GCMSsolution\Data\Project1\RMBL Batches\PG_VF_210824.qgb","8/24/2021 8:10:50 AM","8/25/2021 10:50:07 PM","45056","2DYHPD2\User"
"C:\GCMSsolution\Data\Project1\RMBL Batches\PG_VF_210824.txt","8/24/2021 8:48:32 AM","8/24/2021 7:04:16 PM","21800710","2DYHPD2\User"
"C:\GCMSsolution\Data\Project1\RMBL Batches\PG_VF_210825.txt","8/25/2021 11:29:11 PM","8/26/2021 7:10:37 AM","18908554","2DYHPD2\User"
"C:\GCMSsolution\Data\Project1\RMBL Batches\PG_VF_210826.txt","8/26/2021 9:36:00 AM","8/26/2021 12:47:04 PM","7723253","2DYHPD2\User"
"C:\GCMSsolution\Data\Project1\RMBL Batches\PGLagg_210816.qgb","8/16/2021 11:09:57 AM","8/17/2021 7:58:03 PM","65536","2DYHPD2\User"
"C:\GCMSsolution\Data\Project1\RMBL Batches\PGLagg_210816.txt","8/16/2021 11:49:48 AM","8/16/2021 10:39:17 PM","22895474","2DYHPD2\User"
"C:\GCMSsolution\Data\Project1\RMBL Batches\QAQCData.htm","6/15/2018 11:29:02 AM","8/27/2021 6:05:48 PM","496","2DYHPD2\User"
"C:\GCMSsolution\Data\Project1\RMBL Batches\QAQCData.txt","6/15/2018 11:29:02 AM","8/27/2021 6:05:48 PM","76","2DYHPD2\User"
"C:\GCMSsolution\Data\Project1\RMBL Batches\Samples_210720.txt","7/20/2021 5:51:16 PM","7/21/2021 4:05:05 AM","19536105","2DYHPD2\User"
"C:\GCMSsolution\Data\Project1\RMBL Batches\Samples_210721.txt","7/22/2021 10:05:31 AM","7/22/2021 10:06:55 AM","545334","2DYHPD2\User"
"C:\GCMSsolution\Data\Project1\RMBL Batches\Samples_210722.txt","7/22/2021 12:22:51 PM","7/22/2021 12:23:53 PM","444955","2DYHPD2\User"
"C:\GCMSsolution\Data\Project1\RMBL Batches\Samples_210723.txt","7/23/2021 9:05:43 AM","7/23/2021 9:07:08 AM","566862","2DYHPD2\User"
"C:\GCMSsolution\Data\Project1\RMBL Batches\SC_210817.qgb","8/17/2021 8:04:01 PM","8/18/2021 6:47:39 AM","65536","2DYHPD2\User"
"C:\GCMSsolution\Data\Project1\RMBL Batches\SC_210817.txt","8/17/2021 8:52:59 PM","8/18/2021 6:45:48 AM","24251935","2DYHPD2\User"
"C:\GCMSsolution\Data\Project1\RMBL Batches\SC_210818.qgb","8/18/2021 6:47:48 AM","8/18/2021 7:30:42 PM","45056","2DYHPD2\User"
"C:\GCMSsolution\Data\Project1\RMBL Batches\SC_210818.txt","8/18/2021 7:25:43 AM","8/18/2021 5:37:27 PM","22546348","2DYHPD2\User"
"C:\GCMSsolution\Data\Project1\RMBL Batches\SC_210818b.qgb","8/18/2021 7:30:52 PM","8/18/2021 7:42:59 PM","45056","2DYHPD2\User"
"C:\GCMSsolution\Data\Project1\RMBL Batches\SC_210818b.txt","8/18/2021 8:19:37 PM","8/19/2021 6:12:29 AM","21237725","2DYHPD2\User"
"C:\GCMSsolution\Data\Project1\RMBL Batches\SC_210818b001.txt","8/20/2021 11:26:54 AM","8/20/2021 9:23:56 PM","22203268","2DYHPD2\User"
"C:\GCMSsolution\Data\Project1\RMBL Batches\SC_210820.qgb","8/20/2021 10:49:27 AM","8/20/2021 10:11:52 PM","65536","2DYHPD2\User"
"C:\GCMSsolution\Data\Project1\RMBL Batches\SC_210820b.qgb","8/20/2021 10:12:01 PM","8/21/2021 8:50:03 AM","45056","2DYHPD2\User"
"C:\GCMSsolution\Data\Project1\RMBL Batches\SC_210820b.txt","8/20/2021 10:49:53 PM","8/21/2021 8:32:41 AM","23687038","2DYHPD2\User"
"C:\GCMSsolution\Data\Project1\RMBL Batches\SC_GNA_210804.qgb","8/4/2021 4:40:02 PM","8/5/2021 1:24:58 PM","45056","2DYHPD2\User"
"C:\GCMSsolution\Data\Project1\RMBL Batches\SC_GNA_210804.txt","8/10/2021 9:43:24 PM","8/11/2021 7:02:41 AM","19796530","2DYHPD2\User"
"C:\GCMSsolution\Data\Project1\RMBL Batches\SC_GNA_210810.qgb","8/10/2021 9:06:10 PM","8/11/2021 10:15:10 AM","65536","2DYHPD2\User"
"C:\GCMSsolution\Data\Project1\RMBL Batches\SC_Lagg_210821.qgb","8/21/2021 8:50:36 AM","8/22/2021 7:54:01 AM","53248","2DYHPD2\User"
"C:\GCMSsolution\Data\Project1\RMBL Batches\SC_Lagg_210821.txt","8/21/2021 9:37:13 AM","8/21/2021 7:41:21 PM","23257162","2DYHPD2\User"
"C:\GCMSsolution\Data\Project1\RMBL Batches\SCH_20190626a.qgb","6/26/2019 11:38:28 AM","6/26/2019 11:38:28 AM","45056","2DYHPD2\User"
"C:\GCMSsolution\Data\Project1\RMBL Batches\SCH_20190626b.qgb","6/26/2019 11:22:52 PM","6/27/2019 10:45:29 AM","45056","2DYHPD2\User"
"C:\GCMSsolution\Data\Project1\RMBL Batches\SCH_20190627a.qgb","6/27/2019 12:04:43 PM","6/27/2019 12:06:16 PM","65536","2DYHPD2\User"
"C:\GCMSsolution\Data\Project1\RMBL Batches\SCH_20190627b.qgb","6/27/2019 10:58:21 PM","6/28/2019 11:47:33 AM","53248","2DYHPD2\User"
"C:\GCMSsolution\Data\Project1\RMBL Batches\SCH_20190629a.qgb","6/29/2019 12:02:37 PM","6/29/2019 12:19:42 PM","69632","2DYHPD2\User"
"C:\GCMSsolution\Data\Project1\RMBL Batches\SCH_20190629b.qgb","6/29/2019 9:50:21 PM","6/29/2019 9:51:34 PM","65536","2DYHPD2\User"
"C:\GCMSsolution\Data\Project1\RMBL Batches\SCH_20190630.qgb","6/30/2019 6:10:38 PM","7/1/2019 8:39:24 AM","65536","2DYHPD2\User"
"C:\GCMSsolution\Data\Project1\RMBL Batches\SCH_20190701a.qgb","7/1/2019 9:09:39 AM","7/1/2019 9:12:19 AM","65536","2DYHPD2\User"
"C:\GCMSsolution\Data\Project1\RMBL Batches\SCH_20190701b.qgb","7/1/2019 10:24:36 PM","7/2/2019 8:51:32 AM","45056","2DYHPD2\User"
"C:\GCMSsolution\Data\Project1\RMBL Batches\SCH_20190702a.qgb","7/2/2019 8:51:48 AM","7/2/2019 9:19:29 PM","45056","2DYHPD2\User"
"C:\GCMSsolution\Data\Project1\RMBL Batches\SCH_20190702b.qgb","7/2/2019 9:19:38 PM","7/2/2019 9:21:11 PM","65536","2DYHPD2\User"
"C:\GCMSsolution\Data\Project1\RMBL Batches\SCH_20190703a.qgb","7/3/2019 9:07:20 AM","7/3/2019 9:39:46 PM","53248","2DYHPD2\User"
"C:\GCMSsolution\Data\Project1\RMBL Batches\SCH_20190703b.qgb","7/3/2019 9:40:23 PM","7/3/2019 9:45:18 PM","69632","2DYHPD2\User"
"C:\GCMSsolution\Data\Project1\RMBL Batches\SCH_20190704a.qgb","7/4/2019 2:55:33 PM","7/4/2019 11:47:23 PM","53248","2DYHPD2\User"
"C:\GCMSsolution\Data\Project1\RMBL Batches\SCH_20190704b.qgb","7/4/2019 11:47:49 PM","7/5/2019 11:52:51 AM","53248","2DYHPD2\User"
"C:\GCMSsolution\Data\Project1\RMBL Batches\SCH_20190705a.qgb","7/5/2019 11:53:00 AM","7/5/2019 6:49:31 PM","53248","2DYHPD2\User"
"C:\GCMSsolution\Data\Project1\RMBL Batches\SCH_20190705b.qgb","7/5/2019 6:50:51 PM","7/5/2019 6:54:47 PM","65536","2DYHPD2\User"
"C:\GCMSsolution\Data\Project1\RMBL Batches\SCH_20190706.qgb","7/6/2019 4:21:48 PM","7/6/2019 4:22:55 PM","65536","2DYHPD2\User"
"C:\GCMSsolution\Data\Project1\RMBL Batches\SCH_20190707a.qgb","7/7/2019 9:35:11 AM","7/7/2019 9:39:10 AM","69632","2DYHPD2\User"
"C:\GCMSsolution\Data\Project1\RMBL Batches\SCH_20190708a.qgb","7/8/2019 12:22:50 AM","7/8/2019 12:23:39 AM","65536","2DYHPD2\User"
"C:\GCMSsolution\Data\Project1\RMBL Batches\SCH_20190708b.qgb","7/8/2019 11:41:31 AM","7/8/2019 5:27:45 PM","53248","2DYHPD2\User"
"C:\GCMSsolution\Data\Project1\RMBL Batches\SCH_20190708c.qgb","7/8/2019 5:28:46 PM","7/9/2019 10:16:24 AM","53248","2DYHPD2\User"
"C:\GCMSsolution\Data\Project1\RMBL Batches\SCH_20190722.qgb","7/22/2019 11:09:27 AM","7/22/2019 11:14:56 AM","61440","2DYHPD2\User"
"C:\GCMSsolution\Data\Project1\RMBL Batches\SCH_20190722b.qgb","7/22/2019 9:47:28 PM","7/22/2019 9:50:17 PM","65536","2DYHPD2\User"
"C:\GCMSsolution\Data\Project1\RMBL Batches\SCH_PAUL_20190625b.qgb","6/25/2019 10:29:32 PM","6/25/2019 10:29:32 PM","45056","2DYHPD2\User"
"C:\GCMSsolution\Data\Project1\RMBL Batches\SCH_PAUL_20190628a.qgb","6/28/2019 11:48:25 AM","6/28/2019 11:51:53 AM","65536","2DYHPD2\User"
"C:\GCMSsolution\Data\Project1\RMBL Batches\SCH_PAUL_CARV_20190628b.qgb","6/28/2019 11:15:55 PM","6/28/2019 11:15:55 PM","45056","2DYHPD2\User"
"C:\GCMSsolution\Data\Project1\RMBL Batches\Schiedea_20190620c.qgb","6/20/2019 9:39:50 PM","6/20/2019 9:52:24 PM","53248","2DYHPD2\User"
"C:\GCMSsolution\Data\Project1\RMBL Batches\Schiedea_20190813b.qgb","8/13/2019 2:40:57 PM","8/13/2019 2:42:21 PM","65536","2DYHPD2\User"
"C:\GCMSsolution\Data\Project1\RMBL Batches\Schiedea_20190814a.qgb","8/14/2019 1:28:37 PM","8/14/2019 1:30:26 PM","65536","2DYHPD2\User"
"C:\GCMSsolution\Data\Project1\RMBL Batches\Schiedea_2019081c.qgb","8/13/2019 10:29:07 PM","8/13/2019 10:32:18 PM","65536","2DYHPD2\User"
"C:\GCMSsolution\Data\Project1\RMBL Batches\Schiedea_210826.qgb","8/26/2021 8:43:14 AM","8/26/2021 8:19:31 PM","36864","2DYHPD2\User"
"C:\GCMSsolution\Data\Project1\RMBL Batches\skips_2021.xlsx","7/11/2021 9:38:25 AM","8/27/2021 2:05:55 PM","7192","2DYHPD2\User"
"C:\GCMSsolution\Data\Project1\RMBL Batches\standard_analysis_2019.xlsx","6/24/2019 2:08:07 PM","6/24/2019 3:41:20 PM","604438","2DYHPD2\User"
"C:\GCMSsolution\Data\Project1\RMBL Batches\std_analysis.qgb","6/22/2019 3:20:27 PM","6/24/2019 1:33:36 PM","73728","2DYHPD2\User"
"C:\GCMSsolution\Data\Project1\RMBL Batches\Stds.qgb","8/8/2018 3:53:29 PM","8/25/2018 7:36:55 AM","57344","2DYHPD2\User"
"C:\GCMSsolution\Data\Project1\RMBL Batches\stds_12July2019.qgb","7/12/2019 7:26:20 PM","7/12/2019 7:35:24 PM","49152","2DYHPD2\User"
"C:\GCMSsolution\Data\Project1\RMBL Batches\stds_12July2019b.qgb","7/12/2019 8:28:04 PM","7/12/2019 9:31:40 PM","49152","2DYHPD2\User"
"C:\GCMSsolution\Data\Project1\RMBL Batches\stds_15July2019.qgb","7/15/2019 5:39:14 PM","7/15/2019 5:41:13 PM","49152","2DYHPD2\User"
"C:\GCMSsolution\Data\Project1\RMBL Batches\stds_16July2019.qgb","7/16/2019 7:17:47 AM","7/16/2019 9:02:09 AM","49152","2DYHPD2\User"
"C:\GCMSsolution\Data\Project1\RMBL Batches\stds_2017-2019.qgb","7/9/2019 9:09:10 AM","7/9/2019 9:22:45 AM","172032","2DYHPD2\User"
"C:\GCMSsolution\Data\Project1\RMBL Batches\stds_2017-2019.xlsx","7/9/2019 9:23:21 AM","7/9/2019 9:23:22 AM","12380","2DYHPD2\User"
"C:\GCMSsolution\Data\Project1\RMBL Batches\stds_20180806.qgb","8/6/2018 12:41:21 PM","8/6/2018 12:50:32 PM","36864","2DYHPD2\User"
"C:\GCMSsolution\Data\Project1\RMBL Batches\Stds_20210624.qgb","6/24/2021 7:26:24 PM","6/24/2021 7:30:37 PM","53248","2DYHPD2\User"
"C:\GCMSsolution\Data\Project1\RMBL Batches\Stds_20210628.qgb","6/28/2021 2:14:03 PM","6/28/2021 2:17:32 PM","53248","2DYHPD2\User"
"C:\GCMSsolution\Data\Project1\RMBL Batches\stds_20June2019.qgb","6/20/2019 5:52:35 AM","6/20/2019 9:09:54 AM","49152","2DYHPD2\User"
"C:\GCMSsolution\Data\Project1\RMBL Batches\Stds_210723.txt","7/23/2021 3:14:20 PM","7/23/2021 8:40:39 PM","11680063","2DYHPD2\User"
"C:\GCMSsolution\Data\Project1\RMBL Batches\Stds_210724.txt","8/7/2021 10:42:44 AM","8/7/2021 10:43:11 AM","173306","2DYHPD2\User"
"C:\GCMSsolution\Data\Project1\RMBL Batches\Stds_210725.txt","8/7/2021 9:16:34 PM","8/7/2021 9:16:46 PM","94010","2DYHPD2\User"
"C:\GCMSsolution\Data\Project1\RMBL Batches\Stds_210726.txt","8/10/2021 2:14:29 PM","8/10/2021 2:14:29 PM","2510","2DYHPD2\User"
"C:\GCMSsolution\Data\Project1\RMBL Batches\Stds_210727.txt","8/10/2021 2:49:09 PM","8/10/2021 2:49:09 PM","16420","2DYHPD2\User"
"C:\GCMSsolution\Data\Project1\RMBL Batches\Stds_210728.txt","8/10/2021 3:00:07 PM","8/10/2021 3:00:08 PM","10173","2DYHPD2\User"
"C:\GCMSsolution\Data\Project1\RMBL Batches\Stds_210729.txt","8/10/2021 4:17:22 PM","8/10/2021 4:19:24 PM","955436","2DYHPD2\User"
"C:\GCMSsolution\Data\Project1\RMBL Batches\Stds_210730.txt","8/10/2021 4:59:21 PM","8/10/2021 5:32:22 PM","1137817","2DYHPD2\User"
"C:\GCMSsolution\Data\Project1\RMBL Batches\Stds_210731.txt","8/10/2021 6:48:45 PM","8/10/2021 6:51:15 PM","1035916","2DYHPD2\User"
"C:\GCMSsolution\Data\Project1\RMBL Batches\Stds_alkanes_210827.qgb","8/27/2021 12:41:45 PM","8/27/2021 5:27:19 PM","36864","2DYHPD2\User"
"C:\GCMSsolution\Data\Project1\RMBL Batches\Stds_alkanes210827.txt","8/27/2021 1:19:38 PM","8/27/2021 1:21:52 PM","949009","2DYHPD2\User"
"C:\GCMSsolution\Data\Project1\RMBL Batches\Stds_alkanes210827b.txt","8/27/2021 4:23:36 PM","8/27/2021 4:26:12 PM","945497","2DYHPD2\User"
"C:\GCMSsolution\Data\Project1\RMBL Batches\STDS_FID_tank190730.qgb","7/30/2019 3:54:59 PM","7/30/2019 4:27:03 PM","45056","2DYHPD2\User"
"C:\GCMSsolution\Data\Project1\RMBL Batches\Stds_mixedandrunon210826.txt","8/26/2021 8:59:59 PM","8/27/2021 3:11:33 AM","14764329","2DYHPD2\User"
"C:\GCMSsolution\Data\Project1\RMBL Batches\STDS_new_xfer_line_20190723.qgb","7/23/2019 1:50:38 PM","7/23/2019 6:23:59 PM","57344","2DYHPD2\User"
"C:\GCMSsolution\Data\Project1\RMBL Batches\STDS_new_xfer_line_20190723_batch.qgb","7/24/2019 8:16:54 AM","7/24/2019 8:18:42 AM","57344","2DYHPD2\User"
"C:\GCMSsolution\Data\Project1\RMBL Batches\STDS_new_xfer_line_20190723b.qgb","7/23/2019 6:24:10 PM","7/24/2019 8:12:45 AM","45056","2DYHPD2\User"
"C:\GCMSsolution\Data\Project1\RMBL Batches\STDS_new_xfer_line_20190724a.qgb","7/24/2019 2:51:12 PM","7/24/2019 4:58:02 PM","45056","2DYHPD2\User"
"C:\GCMSsolution\Data\Project1\RMBL Batches\STDS_new_xfer_line_20190724b.qgb","7/24/2019 5:03:28 PM","7/24/2019 10:58:42 PM","49152","2DYHPD2\User"
"C:\GCMSsolution\Data\Project1\RMBL Batches\STDS_new_xfer_line_20190724b_int.qgb","7/24/2019 10:59:09 PM","7/24/2019 11:01:10 PM","49152","2DYHPD2\User"
"C:\GCMSsolution\Data\Project1\RMBL Batches\STDS_new_xfer_line_20190724b_intDRC.qgb","7/25/2019 12:28:27 PM","7/25/2019 12:29:53 PM","49152","2DYHPD2\User"
"C:\GCMSsolution\Data\Project1\RMBL Batches\Stds_NewFil2_20210723.qgb","7/23/2021 2:18:35 PM","7/23/2021 2:35:57 PM","57344","2DYHPD2\User"
"C:\GCMSsolution\Data\Project1\RMBL Batches\Stds_NewFil2_freshmix20210826.qgb","8/26/2021 8:22:23 PM","8/27/2021 12:41:25 PM","40960","2DYHPD2\User"
"C:\GCMSsolution\Data\Project1\RMBL Batches\STDS_newxfer_newmix_20190725.qgb","7/25/2019 4:59:29 PM","7/26/2019 7:45:34 AM","57344","2DYHPD2\User"
"C:\GCMSsolution\Data\Project1\RMBL Batches\Stds_Poweroutage_20210807.qgb","8/7/2021 10:04:39 AM","8/10/2021 9:05:39 PM","40960","2DYHPD2\User"
"C:\GCMSsolution\Data\Project1\RMBL Batches\stds2_20180806.qgb","8/6/2018 12:50:57 PM","8/7/2018 7:41:41 AM","53248","2DYHPD2\User"
"C:\GCMSsolution\Data\Project1\RMBL Batches\STDSfrom2018_20190621.qgb","6/21/2019 3:06:19 PM","6/21/2019 3:12:49 PM","45056","2DYHPD2\User"
"C:\GCMSsolution\Data\Project1\RMBL Batches\Tes3_20210624.qgb","6/24/2021 1:32:17 PM","6/24/2021 1:32:17 PM","36864","2DYHPD2\User"
"C:\GCMSsolution\Data\Project1\RMBL Batches\Testnewcolumn.qgb","8/18/2018 3:51:24 PM","8/18/2018 3:51:24 PM","36864","2DYHPD2\User"
"C:\GCMSsolution\Data\Project1\RMBL Batches\teststds07192019.qgb","7/19/2019 8:05:26 AM","7/21/2019 8:23:57 PM","49152","2DYHPD2\User"
"C:\GCMSsolution\Data\Project1\RMBL Batches\teststds07192019.txt","8/27/2019 3:55:49 PM","8/27/2019 4:30:38 PM","2195719","2DYHPD2\User"
"C:\GCMSsolution\Data\Project1\RMBL Batches\teststds07232019.qgb","7/23/2019 12:06:42 PM","7/23/2019 12:49:42 PM","45056","2DYHPD2\User"
"C:\GCMSsolution\Data\Project1\RMBL Batches\teststds08262019.qgb","8/27/2019 3:13:04 PM","8/27/2019 3:18:38 PM","49152","2DYHPD2\User"
"C:\GCMSsolution\Data\Project1\RMBL Batches\VF_210727.qgb","7/27/2021 7:26:56 AM","7/27/2021 6:07:13 PM","49152","2DYHPD2\User"
"C:\GCMSsolution\Data\Project1\RMBL Batches\VF_210727.txt","7/27/2021 8:16:16 AM","7/27/2021 6:04:53 PM","20992752","2DYHPD2\User"
"C:\GCMSsolution\Data\Project1\RMBL Batches\VF_210825.qgb","8/25/2021 10:50:18 PM","8/25/2021 10:50:43 PM","65536","2DYHPD2\User"
"C:\GCMSsolution\Data\Project1\RMBL Batches\VF_Potentilla_210727b.qgb","7/27/2021 6:07:35 PM","7/28/2021 5:46:52 PM","73728","2DYHPD2\User"
"C:\GCMSsolution\Data\Project1\RMBL Batches\VF_Potentilla_210727b.txt","7/27/2021 6:51:14 PM","7/28/2021 12:48:16 PM","36550080","2DYHPD2\User"
"C:\GCMSsolution\Data\Project1\RMBL Data","6/15/2017 3:06:05 PM","8/19/2019 9:24:00 AM",,"2DYHPD2\User"
"C:\GCMSsolution\Data\Project1\RMBL Data\1A232_June28_07262018_2C265_June19.qgd","7/27/2018 7:01:18 AM","7/27/2018 7:32:39 AM","6864896","2DYHPD2\User"
"C:\GCMSsolution\Data\Project1\RMBL Data\2017pot10D_06302017.qgd","6/30/2017 1:23:49 PM","6/30/2017 2:01:20 PM","6799360","2DYHPD2\User"
"C:\GCMSsolution\Data\Project1\RMBL Data\2017pot529N_06302017.qgd","6/30/2017 8:58:53 PM","6/30/2017 9:32:47 PM","6803456","2DYHPD2\User"
"C:\GCMSsolution\Data\Project1\RMBL Data\2017pot529N_07062017.qgd","7/6/2017 7:37:34 AM","7/6/2017 8:11:29 AM","6840320","2DYHPD2\User"
"C:\GCMSsolution\Data\Project1\RMBL Data\2017pot770N_07062017.qgd","7/6/2017 6:56:48 AM","7/6/2017 7:30:42 AM","6885376","2DYHPD2\User"
"C:\GCMSsolution\Data\Project1\RMBL Data\2017pot770N_07062017analyze.qgd","7/7/2017 3:40:36 PM","7/7/2017 3:40:36 PM","7385088","2DYHPD2\User"
"C:\GCMSsolution\Data\Project1\RMBL Data\20180716.qgb","7/16/2018 3:38:03 PM","7/16/2018 3:38:04 PM","32768","2DYHPD2\User"
"C:\GCMSsolution\Data\Project1\RMBL Data\2B87_June22_07262018_5C205_June27.qgd","7/27/2018 4:23:57 AM","7/27/2018 4:55:14 AM","6946816","2DYHPD2\User"
"C:\GCMSsolution\Data\Project1\RMBL Data\2C100_July17_07262018.qgd","7/26/2018 9:02:28 PM","7/26/2018 9:35:19 PM","6819840","2DYHPD2\User"
"C:\GCMSsolution\Data\Project1\RMBL Data\2C291_June22_07262018.qgd","7/27/2018 1:14:49 AM","7/27/2018 1:46:14 AM","7122944","2DYHPD2\User"
"C:\GCMSsolution\Data\Project1\RMBL Data\2D200_June22_07262018.qgd","7/27/2018 2:17:58 AM","7/27/2018 12:04:22 PM","6934528","2DYHPD2\User"
"C:\GCMSsolution\Data\Project1\RMBL Data\2D200_June22_07262018_3C156.qgd","7/27/2018 12:04:57 PM","7/27/2018 12:04:57 PM","6934528","2DYHPD2\User"
"C:\GCMSsolution\Data\Project1\RMBL Data\2D212_July17_07262018.qgd","7/26/2018 6:14:35 PM","7/26/2018 6:48:43 PM","6963200","2DYHPD2\User"
"C:\GCMSsolution\Data\Project1\RMBL Data\2D218_July9_07262018.qgd","7/26/2018 11:07:22 PM","7/26/2018 11:39:08 PM","7213056","2DYHPD2\User"
"C:\GCMSsolution\Data\Project1\RMBL Data\3A128_June22_07262018.qgd","7/27/2018 12:43:03 AM","7/27/2018 1:14:32 AM","6889472","2DYHPD2\User"
"C:\GCMSsolution\Data\Project1\RMBL Data\3B601_July16_07262018.qgd","7/26/2018 2:49:37 PM","7/26/2018 3:22:46 PM","6877184","2DYHPD2\User"
"C:\GCMSsolution\Data\Project1\RMBL Data\3C147_July16_07262018.qgd","7/26/2018 8:29:52 PM","7/26/2018 9:02:15 PM","6873088","2DYHPD2\User"
"C:\GCMSsolution\Data\Project1\RMBL Data\3C156_June22_07262018_3D884_June22.qgd","7/27/2018 2:49:31 AM","7/27/2018 3:20:43 AM","6983680","2DYHPD2\User"
"C:\GCMSsolution\Data\Project1\RMBL Data\3D844_June22_07262018_5D231_June27.qgd","7/27/2018 3:20:56 AM","7/27/2018 3:52:14 AM","6930432","2DYHPD2\User"
"C:\GCMSsolution\Data\Project1\RMBL Data\3D874_July16_07262018.qgd","7/26/2018 5:39:56 PM","7/26/2018 6:14:19 PM","7847936","2DYHPD2\User"
"C:\GCMSsolution\Data\Project1\RMBL Data\3D877_July19_07262018.qgd","7/26/2018 11:39:24 PM","7/27/2018 12:10:54 AM","7012352","2DYHPD2\User"
"C:\GCMSsolution\Data\Project1\RMBL Data\4A76_July17_07262018.qgd","7/26/2018 7:23:03 PM","7/26/2018 7:56:21 PM","6877184","2DYHPD2\User"
"C:\GCMSsolution\Data\Project1\RMBL Data\4C119_June28_07292018.qgd","7/29/2018 10:13:39 PM","7/29/2018 10:44:56 PM","6799360","2DYHPD2\User"
"C:\GCMSsolution\Data\Project1\RMBL Data\5A181_June25_07262018_Air_June27.qgd","7/27/2018 5:26:31 AM","7/27/2018 5:57:55 AM","6828032","2DYHPD2\User"
"C:\GCMSsolution\Data\Project1\RMBL Data\5B284_July16_07262018.qgd","7/26/2018 7:56:34 PM","7/26/2018 8:29:37 PM","6922240","2DYHPD2\User"
"C:\GCMSsolution\Data\Project1\RMBL Data\5C205_June27_07262018_5A181_June25.qgd","7/27/2018 4:55:27 AM","7/27/2018 5:26:17 AM","6815744","2DYHPD2\User"
"C:\GCMSsolution\Data\Project1\RMBL Data\5C216_July16_07262018.qgd","7/26/2018 3:23:00 PM","7/26/2018 3:56:45 PM","6864896","2DYHPD2\User"
"C:\GCMSsolution\Data\Project1\RMBL Data\5C221_July16_07262018.qgd","7/26/2018 6:48:57 PM","7/26/2018 7:22:48 PM","6909952","2DYHPD2\User"
"C:\GCMSsolution\Data\Project1\RMBL Data\5D231_June27_07262018_2B87_June22.qgd","7/27/2018 3:52:29 AM","7/27/2018 4:23:40 AM","6873088","2DYHPD2\User"
"C:\GCMSsolution\Data\Project1\RMBL Data\5D245_July27_07262018.qgd","7/27/2018 12:11:09 AM","7/27/2018 12:42:49 AM","6889472","2DYHPD2\User"
"C:\GCMSsolution\Data\Project1\RMBL Data\5D283_July16_07262018.qgd","7/26/2018 4:31:07 PM","7/26/2018 5:05:07 PM","7438336","2DYHPD2\User"
"C:\GCMSsolution\Data\Project1\RMBL Data\6D47_June25_07262018.qgd","7/27/2018 1:46:29 AM","7/27/2018 2:17:45 AM","7417856","2DYHPD2\User"
"C:\GCMSsolution\Data\Project1\RMBL Data\6D54_July16_07262018.qgd","7/26/2018 5:05:21 PM","7/26/2018 5:39:41 PM","6963200","2DYHPD2\User"
"C:\GCMSsolution\Data\Project1\RMBL Data\Achillea_08122017.qgd","8/12/2017 5:00:30 PM","8/15/2017 2:28:00 PM","6897664","2DYHPD2\User"
"C:\GCMSsolution\Data\Project1\RMBL Data\Air_June22_072620181_A232_June28.qgd","7/26/2018 10:35:19 PM","7/26/2018 11:07:07 PM","6823936","2DYHPD2\User"
"C:\GCMSsolution\Data\Project1\RMBL Data\Air_June25_07262018_1A232_June28.qgd","7/27/2018 6:29:42 AM","7/27/2018 7:01:03 AM","6819840","2DYHPD2\User"
"C:\GCMSsolution\Data\Project1\RMBL Data\Air_June27_07262018_Air_June25.qgd","7/27/2018 5:58:09 AM","7/27/2018 6:29:29 AM","6852608","2DYHPD2\User"
"C:\GCMSsolution\Data\Project1\RMBL Data\AirDryJuly23_07223017.qgd","7/23/2017 2:50:31 PM","7/23/2017 3:27:14 PM","6860800","2DYHPD2\User"
"C:\GCMSsolution\Data\Project1\RMBL Data\AirDryJuly26_07262017.qgd","7/26/2017 1:20:59 PM","7/26/2017 1:53:01 PM","6860800","2DYHPD2\User"
"C:\GCMSsolution\Data\Project1\RMBL Data\AirDryJuly28_07282017.qgd","7/28/2017 12:57:27 PM","7/28/2017 1:29:48 PM","6811648","2DYHPD2\User"
"C:\GCMSsolution\Data\Project1\RMBL Data\AirDryJuly28redo_07292017.qgd","7/29/2017 7:18:02 AM","7/29/2017 7:46:09 AM","6856704","2DYHPD2\User"
"C:\GCMSsolution\Data\Project1\RMBL Data\AirDryJuly28redo2_07292017.qgd","7/29/2017 9:41:57 AM","7/29/2017 10:12:57 AM","6868992","2DYHPD2\User"
"C:\GCMSsolution\Data\Project1\RMBL Data\AirDryJuly31_08012017.qgd","8/1/2017 1:31:47 PM","8/1/2017 2:07:49 PM","6946816","2DYHPD2\User"
"C:\GCMSsolution\Data\Project1\RMBL Data\AirJuly19_07212017.qgd","7/21/2017 10:16:50 AM","7/21/2017 10:48:22 AM","6950912","2DYHPD2\User"
"C:\GCMSsolution\Data\Project1\RMBL Data\Bake_07152017.qgd","7/15/2017 10:40:44 AM","7/15/2017 11:12:08 AM","6963200","2DYHPD2\User"
"C:\GCMSsolution\Data\Project1\RMBL Data\Bake_07282018.qgd","7/28/2018 11:44:37 AM","7/28/2018 12:16:51 PM","7053312","2DYHPD2\User"
"C:\GCMSsolution\Data\Project1\RMBL Data\Bakeout 2019","6/20/2019 9:36:42 AM","6/24/2021 8:49:16 AM",,"2DYHPD2\User"
"C:\GCMSsolution\Data\Project1\RMBL Data\Bakeout 2019\Alk_3ul_0.01_MeOH_6202019_03.qgd","6/20/2019 10:52:53 PM","7/9/2019 3:39:32 PM","7581696","2DYHPD2\User"
"C:\GCMSsolution\Data\Project1\RMBL Data\Bakeout 2019\Bake _T1_06242021.qgd","6/24/2021 8:01:06 AM","6/24/2021 8:49:00 AM","7274496","2DYHPD2\User"
"C:\GCMSsolution\Data\Project1\RMBL Data\Bakeout 2019\Bake_T2_6242021.qgd","6/24/2021 8:49:16 AM","6/24/2021 9:19:38 AM","6770688","2DYHPD2\User"
"C:\GCMSsolution\Data\Project1\RMBL Data\Bakeout 2019\bakeout_T10_6202019_08.qgd","6/20/2019 1:48:23 PM","6/20/2019 2:20:06 PM","7012352","2DYHPD2\User"
"C:\GCMSsolution\Data\Project1\RMBL Data\Bakeout 2019\bakeout_T11_6202019_09.qgd","6/20/2019 2:20:21 PM","6/20/2019 2:53:00 PM","7012352","2DYHPD2\User"
"C:\GCMSsolution\Data\Project1\RMBL Data\Bakeout 2019\bakeout_T12_6202019_10.qgd","6/20/2019 2:53:15 PM","6/20/2019 3:26:04 PM","7012352","2DYHPD2\User"
"C:\GCMSsolution\Data\Project1\RMBL Data\Bakeout 2019\bakeout_T13_6202019_11.qgd","6/20/2019 3:26:17 PM","6/20/2019 3:58:50 PM","6991872","2DYHPD2\User"
"C:\GCMSsolution\Data\Project1\RMBL Data\Bakeout 2019\bakeout_T14_6202019_12.qgd","6/20/2019 3:59:06 PM","6/20/2019 4:31:11 PM","6963200","2DYHPD2\User"
"C:\GCMSsolution\Data\Project1\RMBL Data\Bakeout 2019\bakeout_T15_6202019_13.qgd","6/20/2019 4:31:25 PM","6/20/2019 5:03:31 PM","6942720","2DYHPD2\User"
"C:\GCMSsolution\Data\Project1\RMBL Data\Bakeout 2019\bakeout_T16_6202019_14.qgd","6/20/2019 5:03:44 PM","6/20/2019 5:36:06 PM","6926336","2DYHPD2\User"
"C:\GCMSsolution\Data\Project1\RMBL Data\Bakeout 2019\bakeout_T17_6202019_15.qgd","6/20/2019 5:36:20 PM","6/20/2019 6:08:37 PM","6914048","2DYHPD2\User"
"C:\GCMSsolution\Data\Project1\RMBL Data\Bakeout 2019\bakeout_T18_6202019_16.qgd","6/20/2019 6:08:52 PM","6/20/2019 6:41:04 PM","6909952","2DYHPD2\User"
"C:\GCMSsolution\Data\Project1\RMBL Data\Bakeout 2019\bakeout_T19_6202019_17.qgd","6/20/2019 6:41:20 PM","6/20/2019 7:13:16 PM","6889472","2DYHPD2\User"
"C:\GCMSsolution\Data\Project1\RMBL Data\Bakeout 2019\bakeout_T20_6202019_18.qgd","6/20/2019 7:13:32 PM","6/20/2019 7:45:09 PM","6864896","2DYHPD2\User"
"C:\GCMSsolution\Data\Project1\RMBL Data\Bakeout 2019\bakeout_T3_6202019_01.qgd","6/20/2019 9:57:51 AM","6/20/2019 10:32:27 AM","6926336","2DYHPD2\User"
"C:\GCMSsolution\Data\Project1\RMBL Data\Bakeout 2019\bakeout_T4_6202019_02.qgd","6/20/2019 10:32:40 AM","6/20/2019 11:04:43 AM","7036928","2DYHPD2\User"
"C:\GCMSsolution\Data\Project1\RMBL Data\Bakeout 2019\bakeout_T5_6202019_03.qgd","6/20/2019 11:04:55 AM","6/20/2019 11:37:13 AM","7032832","2DYHPD2\User"
"C:\GCMSsolution\Data\Project1\RMBL Data\Bakeout 2019\bakeout_T6_6202019_04.qgd","6/20/2019 11:37:28 AM","6/20/2019 12:09:50 PM","7024640","2DYHPD2\User"
"C:\GCMSsolution\Data\Project1\RMBL Data\Bakeout 2019\bakeout_T7_6202019_05.qgd","6/20/2019 12:10:07 PM","6/20/2019 12:42:32 PM","7020544","2DYHPD2\User"
"C:\GCMSsolution\Data\Project1\RMBL Data\Bakeout 2019\bakeout_T8_6202019_06.qgd","6/20/2019 12:42:48 PM","6/20/2019 1:15:16 PM","7016448","2DYHPD2\User"
"C:\GCMSsolution\Data\Project1\RMBL Data\Bakeout 2019\bakeout_T9_6202019_07.qgd","6/20/2019 1:15:30 PM","6/20/2019 1:48:07 PM","7016448","2DYHPD2\User"
"C:\GCMSsolution\Data\Project1\RMBL Data\Bakeout 2019\Blank1_6202019_04.qgd","6/20/2019 11:24:08 PM","6/22/2019 3:55:46 PM","7168000","2DYHPD2\User"
"C:\GCMSsolution\Data\Project1\RMBL Data\Bakeout 2019\Blank1_6212019_01.qgd","6/21/2019 9:54:01 AM","6/22/2019 3:37:03 PM","7143424","2DYHPD2\User"
"C:\GCMSsolution\Data\Project1\RMBL Data\Bakeout 2019\Blank2_6202019_10.qgd","6/21/2019 2:38:39 AM","6/22/2019 3:49:03 PM","7163904","2DYHPD2\User"
"C:\GCMSsolution\Data\Project1\RMBL Data\Bakeout 2019\Blank2_6212019_07.qgd","6/21/2019 6:26:57 PM","6/22/2019 3:22:44 PM","7348224","2DYHPD2\User"
"C:\GCMSsolution\Data\Project1\RMBL Data\Bakeout 2019\Blank3_6202019_11.qgd","6/21/2019 3:10:54 AM","6/22/2019 3:47:58 PM","7151616","2DYHPD2\User"
"C:\GCMSsolution\Data\Project1\RMBL Data\Bakeout 2019\Blank4_6202019_17.qgd","6/21/2019 6:27:07 AM","6/22/2019 3:41:24 PM","7176192","2DYHPD2\User"
"C:\GCMSsolution\Data\Project1\RMBL Data\Bakeout 2019\Blank5_6202019_18.qgd","6/21/2019 7:00:22 AM","6/22/2019 3:40:20 PM","7139328","2DYHPD2\User"
"C:\GCMSsolution\Data\Project1\RMBL Data\Bakeout 2019\Blank6_6202019_19.qgd","6/21/2019 7:33:45 AM","6/22/2019 3:39:18 PM","7127040","2DYHPD2\User"
"C:\GCMSsolution\Data\Project1\RMBL Data\Bakeout 2019\Blank7_6202019_20.qgd","6/21/2019 8:07:20 AM","6/22/2019 3:38:13 PM","7147520","2DYHPD2\User"
"C:\GCMSsolution\Data\Project1\RMBL Data\Bakeout 2019\Indole_3uL_0.0001_6212019_01.qgd","6/21/2019 11:37:29 AM","7/9/2019 3:42:17 PM","7557120","2DYHPD2\User"
"C:\GCMSsolution\Data\Project1\RMBL Data\Bakeout 2019\Indole_3uL_0.001_6212019_02.qgd","6/21/2019 12:13:21 PM","7/9/2019 3:44:54 PM","7573504","2DYHPD2\User"
"C:\GCMSsolution\Data\Project1\RMBL Data\Bakeout 2019\Indole_3uL_0.01_200C_220C_6212019_03.qgd","6/21/2019 12:46:56 PM","7/9/2019 3:47:54 PM","7557120","2DYHPD2\User"
"C:\GCMSsolution\Data\Project1\RMBL Data\Bakeout 2019\Indole_3uL_0.01_250C_200C_6212019_04.qgd","6/21/2019 1:20:14 PM","7/9/2019 3:50:48 PM","7417856","2DYHPD2\User"
"C:\GCMSsolution\Data\Project1\RMBL Data\Bakeout 2019\Indole_3uL_0.1_6212019_05.qgd","6/21/2019 1:53:08 PM","7/9/2019 3:53:21 PM","7868416","2DYHPD2\User"
"C:\GCMSsolution\Data\Project1\RMBL Data\Bakeout 2019\KAHO_V27_6202019_02.qgd","6/20/2019 10:21:37 PM","6/20/2019 10:52:39 PM","6995968","2DYHPD2\User"
"C:\GCMSsolution\Data\Project1\RMBL Data\Bakeout 2019\OQRepeat.txt","6/24/2021 8:49:00 AM","6/24/2021 9:19:39 AM","298","2DYHPD2\User"
"C:\GCMSsolution\Data\Project1\RMBL Data\Bakeout 2019\QAQCData.htm","6/24/2021 8:49:00 AM","6/24/2021 9:19:39 AM","496","2DYHPD2\User"
"C:\GCMSsolution\Data\Project1\RMBL Data\Bakeout 2019\QAQCData.txt","6/24/2021 8:49:00 AM","6/24/2021 8:49:00 AM","76","2DYHPD2\User"
"C:\GCMSsolution\Data\Project1\RMBL Data\Bakeout 2019\STD3uL0.0001_2018fresh_6212019_01.qgd","6/21/2019 3:12:51 PM","7/9/2019 3:55:51 PM","7561216","2DYHPD2\User"
"C:\GCMSsolution\Data\Project1\RMBL Data\Bakeout 2019\STD3uL0.0001_2018old_6212019_02.qgd","6/21/2019 3:40:52 PM","7/9/2019 3:58:43 PM","7561216","2DYHPD2\User"
"C:\GCMSsolution\Data\Project1\RMBL Data\Bakeout 2019\STD3uL0.0001rep1_6202019_05.qgd","6/20/2019 11:56:19 PM","7/9/2019 4:01:46 PM","7573504","2DYHPD2\User"
"C:\GCMSsolution\Data\Project1\RMBL Data\Bakeout 2019\STD3uL0.0001rep2_6202019_12.qgd","6/21/2019 3:43:31 AM","7/9/2019 4:04:26 PM","7716864","2DYHPD2\User"
"C:\GCMSsolution\Data\Project1\RMBL Data\Bakeout 2019\STD3uL0.001_2018fresh_6212019_03.qgd","6/21/2019 4:13:54 PM","7/9/2019 4:07:39 PM","7561216","2DYHPD2\User"
"C:\GCMSsolution\Data\Project1\RMBL Data\Bakeout 2019\STD3uL0.001rep1_6202019_06.qgd","6/21/2019 12:28:43 AM","7/9/2019 4:10:20 PM","7557120","2DYHPD2\User"
"C:\GCMSsolution\Data\Project1\RMBL Data\Bakeout 2019\STD3uL0.001rep2_6202019_13.qgd","6/21/2019 4:16:03 AM","7/9/2019 4:12:46 PM","7778304","2DYHPD2\User"
"C:\GCMSsolution\Data\Project1\RMBL Data\Bakeout 2019\STD3uL0.01_2018fresh_6212019_04.qgd","6/21/2019 4:47:30 PM","7/9/2019 4:16:03 PM","7925760","2DYHPD2\User"
"C:\GCMSsolution\Data\Project1\RMBL Data\Bakeout 2019\STD3uL0.01_2018old_6212019_05.qgd","6/21/2019 5:21:02 PM","7/9/2019 4:19:17 PM","7684096","2DYHPD2\User"
"C:\GCMSsolution\Data\Project1\RMBL Data\Bakeout 2019\STD3uL0.01DRCrep1_6202019_07.qgd","6/21/2019 1:01:23 AM","7/9/2019 4:21:53 PM","7557120","2DYHPD2\User"
"C:\GCMSsolution\Data\Project1\RMBL Data\Bakeout 2019\STD3uL0.01DRCrep2_6202019_14.qgd","6/21/2019 4:48:52 AM","7/9/2019 4:24:29 PM","7630848","2DYHPD2\User"
"C:\GCMSsolution\Data\Project1\RMBL Data\Bakeout 2019\STD3uL0.01JPrep1_6202019_08.qgd","6/21/2019 1:34:25 AM","7/9/2019 4:27:06 PM","7782400","2DYHPD2\User"
"C:\GCMSsolution\Data\Project1\RMBL Data\Bakeout 2019\STD3uL0.01JPrep2_6202019_15.qgd","6/21/2019 5:21:37 AM","7/9/2019 4:30:19 PM","7553024","2DYHPD2\User"
"C:\GCMSsolution\Data\Project1\RMBL Data\Bakeout 2019\STD3uL0.1_2018fresh_6212019_06.qgd","6/21/2019 5:54:13 PM","7/9/2019 4:32:52 PM","7979008","2DYHPD2\User"
"C:\GCMSsolution\Data\Project1\RMBL Data\Bakeout 2019\STD3uL0.1rep1_6202019_09.qgd","6/21/2019 2:06:27 AM","7/9/2019 4:35:33 PM","7888896","2DYHPD2\User"
"C:\GCMSsolution\Data\Project1\RMBL Data\Bakeout 2019\STD3uL0.1rep2_6202019_16.qgd","6/21/2019 5:54:22 AM","7/9/2019 4:38:20 PM","7831552","2DYHPD2\User"
"C:\GCMSsolution\Data\Project1\RMBL Data\Bakeout 2019\STEL_V577_6202019_01.qgd","6/20/2019 9:52:26 PM","6/20/2019 10:21:22 PM","7081984","2DYHPD2\User"
"C:\GCMSsolution\Data\Project1\RMBL Data\Bakeout 2019\Test_20210624.qgb","6/24/2021 7:59:48 AM","6/24/2021 8:01:05 AM","49152","2DYHPD2\User"
"C:\GCMSsolution\Data\Project1\RMBL Data\Bakeout 2019\TrapBlank1_6212019_06.qgd","6/21/2019 2:25:49 PM","6/22/2019 3:30:22 PM","7155712","2DYHPD2\User"
"C:\GCMSsolution\Data\Project1\RMBL Data\Bakeouts","8/13/2019 2:24:50 PM","8/13/2019 2:24:55 PM",,"2DYHPD2\User"
"C:\GCMSsolution\Data\Project1\RMBL Data\Bakeouts\Bake_06142018.qgd","6/14/2018 5:07:45 PM","6/14/2018 5:39:53 PM","7335936","2DYHPD2\User"
"C:\GCMSsolution\Data\Project1\RMBL Data\Bakeouts\Bake_07122018.qgd","7/12/2018 4:40:29 PM","7/12/2018 5:16:43 PM","6791168","2DYHPD2\User"
"C:\GCMSsolution\Data\Project1\RMBL Data\Bakeouts\Bake_08152017_1.qgd","8/15/2017 2:42:09 PM","8/15/2017 3:25:49 PM","7086080","2DYHPD2\User"
"C:\GCMSsolution\Data\Project1\RMBL Data\Bakeouts\Bake_08152017_10.qgd","8/15/2017 7:42:35 PM","8/15/2017 8:14:12 PM","6840320","2DYHPD2\User"
"C:\GCMSsolution\Data\Project1\RMBL Data\Bakeouts\Bake_08152017_11.qgd","8/15/2017 8:14:27 PM","8/15/2017 8:45:58 PM","6832128","2DYHPD2\User"
"C:\GCMSsolution\Data\Project1\RMBL Data\Bakeouts\Bake_08152017_12.qgd","8/15/2017 8:46:15 PM","8/15/2017 9:17:33 PM","6828032","2DYHPD2\User"
"C:\GCMSsolution\Data\Project1\RMBL Data\Bakeouts\Bake_08152017_13.qgd","8/15/2017 9:17:49 PM","8/15/2017 9:49:08 PM","6828032","2DYHPD2\User"
"C:\GCMSsolution\Data\Project1\RMBL Data\Bakeouts\Bake_08152017_14.qgd","8/15/2017 9:49:23 PM","8/15/2017 10:20:39 PM","6832128","2DYHPD2\User"
"C:\GCMSsolution\Data\Project1\RMBL Data\Bakeouts\Bake_08152017_15.qgd","8/15/2017 10:20:54 PM","8/15/2017 10:52:09 PM","6832128","2DYHPD2\User"
"C:\GCMSsolution\Data\Project1\RMBL Data\Bakeouts\Bake_08152017_16.qgd","8/15/2017 10:52:24 PM","8/15/2017 11:23:38 PM","6832128","2DYHPD2\User"
"C:\GCMSsolution\Data\Project1\RMBL Data\Bakeouts\Bake_08152017_17.qgd","8/15/2017 11:23:54 PM","8/15/2017 11:55:08 PM","6828032","2DYHPD2\User"
"C:\GCMSsolution\Data\Project1\RMBL Data\Bakeouts\Bake_08152017_18.qgd","8/15/2017 11:55:21 PM","8/16/2017 12:26:34 AM","6828032","2DYHPD2\User"
"C:\GCMSsolution\Data\Project1\RMBL Data\Bakeouts\Bake_08152017_19.qgd","8/16/2017 12:26:47 AM","8/16/2017 12:58:01 AM","6823936","2DYHPD2\User"
"C:\GCMSsolution\Data\Project1\RMBL Data\Bakeouts\Bake_08152017_2.qgd","8/15/2017 3:26:05 PM","8/15/2017 3:57:37 PM","6926336","2DYHPD2\User"
"C:\GCMSsolution\Data\Project1\RMBL Data\Bakeouts\Bake_08152017_20.qgd","8/16/2017 12:58:17 AM","8/16/2017 1:29:30 AM","6819840","2DYHPD2\User"
"C:\GCMSsolution\Data\Project1\RMBL Data\Bakeouts\Bake_08152017_3.qgd","8/15/2017 3:57:52 PM","8/15/2017 4:29:48 PM","6901760","2DYHPD2\User"
"C:\GCMSsolution\Data\Project1\RMBL Data\Bakeouts\Bake_08152017_4.qgd","8/15/2017 4:30:05 PM","8/15/2017 5:02:05 PM","6877184","2DYHPD2\User"
"C:\GCMSsolution\Data\Project1\RMBL Data\Bakeouts\Bake_08152017_5.qgd","8/15/2017 5:02:22 PM","8/15/2017 5:34:19 PM","6860800","2DYHPD2\User"
"C:\GCMSsolution\Data\Project1\RMBL Data\Bakeouts\Bake_08152017_6.qgd","8/15/2017 5:34:34 PM","8/15/2017 6:06:24 PM","6852608","2DYHPD2\User"
"C:\GCMSsolution\Data\Project1\RMBL Data\Bakeouts\Bake_08152017_7.qgd","8/15/2017 6:06:39 PM","8/15/2017 6:38:26 PM","6844416","2DYHPD2\User"
"C:\GCMSsolution\Data\Project1\RMBL Data\Bakeouts\Bake_08152017_8.qgd","8/15/2017 6:38:40 PM","8/15/2017 7:10:27 PM","6844416","2DYHPD2\User"
"C:\GCMSsolution\Data\Project1\RMBL Data\Bakeouts\Bake_08152017_9.qgd","8/15/2017 7:10:44 PM","8/15/2017 7:42:22 PM","6840320","2DYHPD2\User"
"C:\GCMSsolution\Data\Project1\RMBL Data\Bakeouts\Bake_08242017.qgd","8/24/2017 10:02:59 PM","8/24/2017 10:39:44 PM","8646656","2DYHPD2\User"
"C:\GCMSsolution\Data\Project1\RMBL Data\Bakeouts\Bake1_07172019.qgd","7/17/2019 9:54:20 AM","7/17/2019 10:37:27 AM","7032832","2DYHPD2\User"
"C:\GCMSsolution\Data\Project1\RMBL Data\Bakeouts\Bake1_07182017.qgd","7/18/2017 9:17:57 AM","7/18/2017 10:00:38 AM","7065600","2DYHPD2\User"
"C:\GCMSsolution\Data\Project1\RMBL Data\Bakeouts\Bake1_07192017.qgd","7/19/2017 11:57:22 AM","7/19/2017 12:40:17 PM","6795264","2DYHPD2\User"
"C:\GCMSsolution\Data\Project1\RMBL Data\Bakeouts\Bake1_07212018.qgd","7/21/2018 3:35:19 PM","7/21/2018 4:18:29 PM","7241728","2DYHPD2\User"
"C:\GCMSsolution\Data\Project1\RMBL Data\Bakeouts\Bake10_07192026.qgd","7/19/2017 5:02:57 PM","7/19/2017 5:36:29 PM","6782976","2DYHPD2\User"
"C:\GCMSsolution\Data\Project1\RMBL Data\Bakeouts\Bake10_07212018.qgd","7/21/2018 8:50:25 PM","7/21/2018 9:22:38 PM","6811648","2DYHPD2\User"
"C:\GCMSsolution\Data\Project1\RMBL Data\Bakeouts\Bake11_07192027.qgd","7/19/2017 5:36:45 PM","7/19/2017 6:09:44 PM","6782976","2DYHPD2\User"
"C:\GCMSsolution\Data\Project1\RMBL Data\Bakeouts\Bake12_07192027.qgd","7/19/2017 6:10:00 PM","7/19/2017 6:42:09 PM","6782976","2DYHPD2\User"
"C:\GCMSsolution\Data\Project1\RMBL Data\Bakeouts\Bake2_07122018.qgd","7/12/2018 5:16:59 PM","7/12/2018 5:48:40 PM","6782976","2DYHPD2\User"
"C:\GCMSsolution\Data\Project1\RMBL Data\Bakeouts\Bake2_07172019.qgd","7/17/2019 10:37:41 AM","7/17/2019 11:09:21 AM","7024640","2DYHPD2\User"
"C:\GCMSsolution\Data\Project1\RMBL Data\Bakeouts\Bake2_07182017.qgd","7/18/2017 10:00:52 AM","7/18/2017 10:32:11 AM","6942720","2DYHPD2\User"
"C:\GCMSsolution\Data\Project1\RMBL Data\Bakeouts\Bake2_07192018.qgd","7/19/2017 12:40:31 PM","7/19/2017 1:12:04 PM","6791168","2DYHPD2\User"
"C:\GCMSsolution\Data\Project1\RMBL Data\Bakeouts\Bake2_07212018.qgd","7/21/2018 4:18:44 PM","7/21/2018 4:53:24 PM","7008256","2DYHPD2\User"
"C:\GCMSsolution\Data\Project1\RMBL Data\Bakeouts\Bake3_07122018.qgd","7/12/2018 5:48:57 PM","7/12/2018 6:21:08 PM","6787072","2DYHPD2\User"
"C:\GCMSsolution\Data\Project1\RMBL Data\Bakeouts\Bake3_07172019.qgd","7/17/2019 11:09:35 AM","7/17/2019 11:41:52 AM","7041024","2DYHPD2\User"
"C:\GCMSsolution\Data\Project1\RMBL Data\Bakeouts\Bake3_07182017.qgd","7/18/2017 10:32:25 AM","7/18/2017 11:04:16 AM","6807552","2DYHPD2\User"
"C:\GCMSsolution\Data\Project1\RMBL Data\Bakeouts\Bake3_07192019.qgd","7/19/2017 1:12:21 PM","7/19/2017 1:44:33 PM","6782976","2DYHPD2\User"
"C:\GCMSsolution\Data\Project1\RMBL Data\Bakeouts\Bake3_07212018.qgd","7/21/2018 4:53:37 PM","7/21/2018 5:28:13 PM","6995968","2DYHPD2\User"
"C:\GCMSsolution\Data\Project1\RMBL Data\Bakeouts\Bake4_07182017.qgd","7/18/2017 11:04:32 AM","7/18/2017 11:36:50 AM","6770688","2DYHPD2\User"
"C:\GCMSsolution\Data\Project1\RMBL Data\Bakeouts\Bake4_07192019.qgd","7/17/2019 11:42:07 AM","7/17/2019 12:14:35 PM","7036928","2DYHPD2\User"
"C:\GCMSsolution\Data\Project1\RMBL Data\Bakeouts\Bake4_07192020.qgd","7/19/2017 1:44:49 PM","7/19/2017 2:17:03 PM","6782976","2DYHPD2\User"
"C:\GCMSsolution\Data\Project1\RMBL Data\Bakeouts\Bake4_07212018.qgd","7/21/2018 5:28:30 PM","7/21/2018 6:02:50 PM","6967296","2DYHPD2\User"
"C:\GCMSsolution\Data\Project1\RMBL Data\Bakeouts\Bake5_07182017.qgd","7/18/2017 11:37:04 AM","7/18/2017 12:09:05 PM","6770688","2DYHPD2\User"
"C:\GCMSsolution\Data\Project1\RMBL Data\Bakeouts\Bake5_07192021.qgd","7/19/2017 2:17:18 PM","7/19/2017 2:49:39 PM","6782976","2DYHPD2\User"
"C:\GCMSsolution\Data\Project1\RMBL Data\Bakeouts\Bake5_07212018.qgd","7/21/2018 6:03:06 PM","7/21/2018 6:36:59 PM","6938624","2DYHPD2\User"
"C:\GCMSsolution\Data\Project1\RMBL Data\Bakeouts\Bake6_07182017.qgd","7/18/2017 12:09:20 PM","7/18/2017 12:41:42 PM","6774784","2DYHPD2\User"
"C:\GCMSsolution\Data\Project1\RMBL Data\Bakeouts\Bake6_07192022.qgd","7/19/2017 2:49:55 PM","7/19/2017 3:22:23 PM","6782976","2DYHPD2\User"
"C:\GCMSsolution\Data\Project1\RMBL Data\Bakeouts\Bake6_07212018.qgd","7/21/2018 6:37:12 PM","7/21/2018 7:10:46 PM","6889472","2DYHPD2\User"
"C:\GCMSsolution\Data\Project1\RMBL Data\Bakeouts\Bake7_07192023.qgd","7/19/2017 3:22:39 PM","7/19/2017 3:55:29 PM","6782976","2DYHPD2\User"
"C:\GCMSsolution\Data\Project1\RMBL Data\Bakeouts\Bake7_07212018.qgd","7/21/2018 7:11:01 PM","7/21/2018 7:44:17 PM","6864896","2DYHPD2\User"
"C:\GCMSsolution\Data\Project1\RMBL Data\Bakeouts\Bake8_07192024.qgd","7/19/2017 3:55:41 PM","7/19/2017 4:28:56 PM","6782976","2DYHPD2\User"
"C:\GCMSsolution\Data\Project1\RMBL Data\Bakeouts\Bake8_07212018.qgd","7/21/2018 7:44:33 PM","7/21/2018 8:17:26 PM","6836224","2DYHPD2\User"
"C:\GCMSsolution\Data\Project1\RMBL Data\Bakeouts\Bake9_07192025.qgd","7/19/2017 4:29:09 PM","7/19/2017 5:02:44 PM","6782976","2DYHPD2\User"
"C:\GCMSsolution\Data\Project1\RMBL Data\Bakeouts\Bake9_07212018.qgd","7/21/2018 8:17:40 PM","7/21/2018 8:50:12 PM","6819840","2DYHPD2\User"
"C:\GCMSsolution\Data\Project1\RMBL Data\Bakeouts\Blank_06142018.qgd","6/14/2018 4:28:43 PM","6/14/2018 5:07:32 PM","7954432","2DYHPD2\User"
"C:\GCMSsolution\Data\Project1\RMBL Data\Bakeouts\Blank_06242018.qgd","6/24/2018 8:14:11 AM","6/24/2018 8:50:55 AM","6942720","2DYHPD2\User"
"C:\GCMSsolution\Data\Project1\RMBL Data\Bakeouts\Blank_06252018.qgd","6/25/2018 10:30:33 AM","6/25/2018 11:07:17 AM","6836224","2DYHPD2\User"
"C:\GCMSsolution\Data\Project1\RMBL Data\Bakeouts\Blank_06252019.qgd","6/25/2018 1:44:54 PM","6/25/2018 2:10:09 PM","1507328","2DYHPD2\User"
"C:\GCMSsolution\Data\Project1\RMBL Data\Bakeouts\Blank_06262018.qgd","6/26/2018 9:28:56 AM","6/26/2018 11:56:38 AM","1638400","2DYHPD2\User"
"C:\GCMSsolution\Data\Project1\RMBL Data\Bakeouts\Blank_06272018.qgd","6/27/2018 12:40:50 PM","6/27/2018 1:20:00 PM","6815744","2DYHPD2\User"
"C:\GCMSsolution\Data\Project1\RMBL Data\Bakeouts\Blank_06282018.qgd","6/28/2018 6:29:00 AM","6/28/2018 7:05:20 AM","6787072","2DYHPD2\User"
"C:\GCMSsolution\Data\Project1\RMBL Data\Bakeouts\Blank_06292018.qgd","6/29/2018 11:59:31 AM","6/29/2018 2:43:21 PM","925696","2DYHPD2\User"
"C:\GCMSsolution\Data\Project1\RMBL Data\Bakeouts\Blank_06302018.qgd","6/30/2018 9:57:01 AM","6/30/2018 11:20:39 AM","917504","2DYHPD2\User"
"C:\GCMSsolution\Data\Project1\RMBL Data\Bakeouts\Blank_07052018.qgd","7/5/2018 9:37:19 AM","7/5/2018 10:20:10 AM","7143424","2DYHPD2\User"
"C:\GCMSsolution\Data\Project1\RMBL Data\Bakeouts\Blank_07152018.qgd","7/15/2018 11:29:24 AM","7/15/2018 12:04:54 PM","7954432","2DYHPD2\User"
"C:\GCMSsolution\Data\Project1\RMBL Data\Bakeouts\blank1.qgd","7/12/2017 2:24:09 PM","7/12/2017 3:07:28 PM","6811648","2DYHPD2\User"
"C:\GCMSsolution\Data\Project1\RMBL Data\Bakeouts\blank10.qgd","7/12/2017 7:25:21 PM","7/12/2017 7:56:49 PM","6770688","2DYHPD2\User"
"C:\GCMSsolution\Data\Project1\RMBL Data\Bakeouts\blank2.qgd","7/12/2017 3:07:43 PM","7/12/2017 3:39:50 PM","6815744","2DYHPD2\User"
"C:\GCMSsolution\Data\Project1\RMBL Data\Bakeouts\Blank2_06242018.qgd","6/24/2018 8:51:08 AM","6/24/2018 9:04:14 AM","1753088","2DYHPD2\User"
"C:\GCMSsolution\Data\Project1\RMBL Data\Bakeouts\Blank2_06302018.qgd","6/30/2018 11:38:59 AM","6/30/2018 12:14:52 PM","6782976","2DYHPD2\User"
"C:\GCMSsolution\Data\Project1\RMBL Data\Bakeouts\Blank2_07052018.qgd","7/5/2018 10:25:39 AM","7/5/2018 11:02:22 AM","6766592","2DYHPD2\User"
"C:\GCMSsolution\Data\Project1\RMBL Data\Bakeouts\Blank2_07152018.qgd","7/15/2018 2:17:09 PM","7/15/2018 2:53:16 PM","6901760","2DYHPD2\User"
"C:\GCMSsolution\Data\Project1\RMBL Data\Bakeouts\blank3.qgd","7/12/2017 3:40:03 PM","7/12/2017 4:12:36 PM","6803456","2DYHPD2\User"
"C:\GCMSsolution\Data\Project1\RMBL Data\Bakeouts\blank4.qgd","7/12/2017 4:12:52 PM","7/12/2017 4:45:23 PM","6795264","2DYHPD2\User"
"C:\GCMSsolution\Data\Project1\RMBL Data\Bakeouts\blank5.qgd","7/12/2017 4:45:36 PM","7/12/2017 5:17:47 PM","6946816","2DYHPD2\User"
"C:\GCMSsolution\Data\Project1\RMBL Data\Bakeouts\blank6.qgd","7/12/2017 5:18:03 PM","7/12/2017 5:49:50 PM","6778880","2DYHPD2\User"
"C:\GCMSsolution\Data\Project1\RMBL Data\Bakeouts\blank7.qgd","7/12/2017 5:50:06 PM","7/12/2017 6:21:39 PM","6770688","2DYHPD2\User"
"C:\GCMSsolution\Data\Project1\RMBL Data\Bakeouts\blank8.qgd","7/12/2017 6:21:54 PM","7/12/2017 6:53:26 PM","6770688","2DYHPD2\User"
"C:\GCMSsolution\Data\Project1\RMBL Data\Bakeouts\blank9.qgd","7/12/2017 6:53:39 PM","7/12/2017 7:25:07 PM","6770688","2DYHPD2\User"
"C:\GCMSsolution\Data\Project1\RMBL Data\Bakeouts\BlankPressurecon_06262018.qgd","6/26/2018 12:46:01 PM","6/26/2018 1:02:15 PM","1417216","2DYHPD2\User"
"C:\GCMSsolution\Data\Project1\RMBL Data\blank 1.qgd","7/11/2017 12:03:22 PM","7/11/2017 12:28:16 PM","6926336","2DYHPD2\User"
"C:\GCMSsolution\Data\Project1\RMBL Data\blank 2.qgd","7/11/2017 12:28:32 PM","7/11/2017 12:59:39 PM","6836224","2DYHPD2\User"
"C:\GCMSsolution\Data\Project1\RMBL Data\blank 3.qgd","7/11/2017 12:59:53 PM","7/11/2017 1:56:02 PM","7372800","2DYHPD2\User"
"C:\GCMSsolution\Data\Project1\RMBL Data\Blank_07052017.qgd","7/5/2017 1:52:25 PM","7/5/2017 2:27:52 PM","6959104","2DYHPD2\User"
"C:\GCMSsolution\Data\Project1\RMBL Data\BLANK_07132017.qgd","7/13/2017 8:59:16 AM","7/13/2017 9:36:36 AM","6799360","2DYHPD2\User"
"C:\GCMSsolution\Data\Project1\RMBL Data\Blank_07142017.qgd","7/14/2017 1:58:29 PM","7/14/2017 2:34:55 PM","6819840","2DYHPD2\User"
"C:\GCMSsolution\Data\Project1\RMBL Data\Blank_07152017.qgd","7/15/2017 7:58:59 AM","7/15/2017 8:35:22 AM","6877184","2DYHPD2\User"
"C:\GCMSsolution\Data\Project1\RMBL Data\Blank_07212017.qgd","7/21/2017 9:38:19 AM","7/21/2017 10:16:36 AM","6836224","2DYHPD2\User"
"C:\GCMSsolution\Data\Project1\RMBL Data\Blank_07222017.qgd","7/22/2017 6:21:14 AM","7/22/2017 6:57:26 AM","6975488","2DYHPD2\User"
"C:\GCMSsolution\Data\Project1\RMBL Data\Blank_07223017.qgd","7/23/2017 12:06:21 PM","7/23/2017 12:42:34 PM","7028736","2DYHPD2\User"
"C:\GCMSsolution\Data\Project1\RMBL Data\Blank_07224017.qgd","7/24/2017 6:57:21 AM","7/24/2017 7:33:27 AM","6991872","2DYHPD2\User"
"C:\GCMSsolution\Data\Project1\RMBL Data\Blank_07252017.qgd","7/25/2017 8:10:46 AM","7/25/2017 8:46:56 AM","6950912","2DYHPD2\User"
"C:\GCMSsolution\Data\Project1\RMBL Data\Blank_07262017.qgd","7/26/2017 12:43:54 PM","7/26/2017 1:20:44 PM","7086080","2DYHPD2\User"
"C:\GCMSsolution\Data\Project1\RMBL Data\Blank_07262018_2.qgd","7/26/2018 9:57:59 PM","7/26/2018 10:35:06 PM","6787072","2DYHPD2\User"
"C:\GCMSsolution\Data\Project1\RMBL Data\Blank_07282017.qgd","7/28/2017 12:19:57 PM","7/28/2017 12:57:14 PM","7086080","2DYHPD2\User"
"C:\GCMSsolution\Data\Project1\RMBL Data\Blank_07312017.qgd","7/31/2017 12:06:45 PM","7/31/2017 12:43:27 PM","7151616","2DYHPD2\User"
"C:\GCMSsolution\Data\Project1\RMBL Data\Blank_08012017.qgd","8/1/2017 11:30:49 AM","8/1/2017 12:06:49 PM","6946816","2DYHPD2\User"
"C:\GCMSsolution\Data\Project1\RMBL Data\Blank_08122017.qgd","8/12/2017 4:25:17 PM","8/12/2017 5:00:15 PM","6909952","2DYHPD2\User"
"C:\GCMSsolution\Data\Project1\RMBL Data\Blank_08132017.qgd","8/13/2017 4:03:34 PM","8/13/2017 4:43:00 PM","8097792","2DYHPD2\User"
"C:\GCMSsolution\Data\Project1\RMBL Data\Blank06302017.qgd","6/30/2017 10:45:34 AM","6/30/2017 11:33:40 AM","7364608","2DYHPD2\User"
"C:\GCMSsolution\Data\Project1\RMBL Data\Blank2_07142017.qgd","7/14/2017 6:29:33 PM","7/14/2017 7:13:40 PM","6791168","2DYHPD2\User"
"C:\GCMSsolution\Data\Project1\RMBL Data\Blank2_07222017.qgd","7/22/2017 8:00:05 AM","7/22/2017 8:31:07 AM","6856704","2DYHPD2\User"
"C:\GCMSsolution\Data\Project1\RMBL Data\Blank2_07223017.qgd","7/23/2017 1:47:23 PM","7/23/2017 2:19:32 PM","6836224","2DYHPD2\User"
"C:\GCMSsolution\Data\Project1\RMBL Data\Blank2_07252017.qgd","7/25/2017 10:19:59 AM","7/25/2017 10:51:07 AM","6811648","2DYHPD2\User"
"C:\GCMSsolution\Data\Project1\RMBL Data\Blank3_07142017.qgd","7/14/2017 9:50:49 PM","7/14/2017 10:21:56 PM","6844416","2DYHPD2\User"
"C:\GCMSsolution\Data\Project1\RMBL Data\Blank3_07242017.qgd","7/24/2017 3:54:11 PM","7/24/2017 4:30:28 PM","6930432","2DYHPD2\User"
"C:\GCMSsolution\Data\Project1\RMBL Data\Blank4_07242017.qgd","7/24/2017 7:12:44 PM","7/24/2017 7:44:29 PM","6881280","2DYHPD2\User"
"C:\GCMSsolution\Data\Project1\RMBL Data\Blanktoclean_07102017.qgd","7/10/2017 5:20:42 PM","7/10/2017 5:59:06 PM","6885376","2DYHPD2\User"
"C:\GCMSsolution\Data\Project1\RMBL Data\Blanktoclean_07262017.qgd","7/26/2017 11:15:43 PM","7/26/2017 11:48:14 PM","6832128","2DYHPD2\User"
"C:\GCMSsolution\Data\Project1\RMBL Data\Blanktoclean2_07102017.qgd","7/10/2017 6:08:17 PM","7/10/2017 6:42:20 PM","6811648","2DYHPD2\User"
"C:\GCMSsolution\Data\Project1\RMBL Data\Carvajal 2019","7/1/2019 10:42:26 AM","9/3/2019 5:47:46 PM",,"2DYHPD2\User"
"C:\GCMSsolution\Data\Project1\RMBL Data\Carvajal 2019\A1_08312019.qgd","8/31/2019 9:47:28 AM","8/31/2019 10:23:13 AM","8237056","2DYHPD2\User"
"C:\GCMSsolution\Data\Project1\RMBL Data\Carvajal 2019\A10_08312019.qgd","8/31/2019 3:53:47 PM","8/31/2019 4:30:50 PM","8339456","2DYHPD2\User"
"C:\GCMSsolution\Data\Project1\RMBL Data\Carvajal 2019\A2_08312019.qgd","8/31/2019 10:23:15 AM","8/31/2019 10:59:25 AM","8331264","2DYHPD2\User"
"C:\GCMSsolution\Data\Project1\RMBL Data\Carvajal 2019\A3_08312019.qgd","8/31/2019 10:59:29 AM","8/31/2019 11:35:59 AM","8556544","2DYHPD2\User"
"C:\GCMSsolution\Data\Project1\RMBL Data\Carvajal 2019\A4_08312019.qgd","8/31/2019 11:36:04 AM","8/31/2019 12:12:49 PM","8564736","2DYHPD2\User"
"C:\GCMSsolution\Data\Project1\RMBL Data\Carvajal 2019\A5_08312019.qgd","8/31/2019 12:12:55 PM","8/31/2019 12:49:36 PM","8265728","2DYHPD2\User"
"C:\GCMSsolution\Data\Project1\RMBL Data\Carvajal 2019\A6_08312019.qgd","8/31/2019 12:49:42 PM","8/31/2019 1:26:48 PM","8282112","2DYHPD2\User"
"C:\GCMSsolution\Data\Project1\RMBL Data\Carvajal 2019\A7_08312019.qgd","8/31/2019 1:26:54 PM","8/31/2019 2:03:16 PM","8327168","2DYHPD2\User"
"C:\GCMSsolution\Data\Project1\RMBL Data\Carvajal 2019\A9_08312019.qgd","8/31/2019 3:16:47 PM","8/31/2019 3:53:44 PM","8306688","2DYHPD2\User"
"C:\GCMSsolution\Data\Project1\RMBL Data\Carvajal 2019\amdis_carvajal_test.csv","7/8/2019 3:05:53 PM","7/8/2019 3:10:33 PM","130637","2DYHPD2\User"
"C:\GCMSsolution\Data\Project1\RMBL Data\Carvajal 2019\amdis_leaf1_6282019_17.csv","7/8/2019 2:44:56 PM","7/8/2019 2:44:56 PM","15839","2DYHPD2\User"
"C:\GCMSsolution\Data\Project1\RMBL Data\Carvajal 2019\amdis_leaf1_6282019_17_areas.csv","7/8/2019 2:53:32 PM","7/8/2019 2:53:32 PM","7646","2DYHPD2\User"
"C:\GCMSsolution\Data\Project1\RMBL Data\Carvajal 2019\B1_08312019.qgd","8/31/2019 4:30:55 PM","8/31/2019 5:08:01 PM","8392704","2DYHPD2\User"
"C:\GCMSsolution\Data\Project1\RMBL Data\Carvajal 2019\B10_08312019.qgd","8/31/2019 10:01:44 PM","8/31/2019 10:37:16 PM","8245248","2DYHPD2\User"
"C:\GCMSsolution\Data\Project1\RMBL Data\Carvajal 2019\B2_08312019.qgd","8/31/2019 5:08:08 PM","8/31/2019 5:45:22 PM","8327168","2DYHPD2\User"
"C:\GCMSsolution\Data\Project1\RMBL Data\Carvajal 2019\B3_08312019.qgd","8/31/2019 5:45:29 PM","8/31/2019 6:22:49 PM","8204288","2DYHPD2\User"
"C:\GCMSsolution\Data\Project1\RMBL Data\Carvajal 2019\B4_08312019.qgd","8/31/2019 6:22:54 PM","8/31/2019 6:59:44 PM","8282112","2DYHPD2\User"
"C:\GCMSsolution\Data\Project1\RMBL Data\Carvajal 2019\B5_08312019.qgd","8/31/2019 6:59:49 PM","8/31/2019 7:37:01 PM","8192000","2DYHPD2\User"
"C:\GCMSsolution\Data\Project1\RMBL Data\Carvajal 2019\B6_08312019.qgd","8/31/2019 7:37:07 PM","8/31/2019 8:13:41 PM","8404992","2DYHPD2\User"
"C:\GCMSsolution\Data\Project1\RMBL Data\Carvajal 2019\B7_08312019.qgd","8/31/2019 8:13:45 PM","8/31/2019 8:49:54 PM","8241152","2DYHPD2\User"
"C:\GCMSsolution\Data\Project1\RMBL Data\Carvajal 2019\B8_08312019.qgd","8/31/2019 8:49:58 PM","8/31/2019 9:25:55 PM","8212480","2DYHPD2\User"
"C:\GCMSsolution\Data\Project1\RMBL Data\Carvajal 2019\B9_08312019.qgd","8/31/2019 9:26:00 PM","8/31/2019 10:01:39 PM","8261632","2DYHPD2\User"
"C:\GCMSsolution\Data\Project1\RMBL Data\Carvajal 2019\Blank_08312019.qgd","8/31/2019 8:29:45 AM","8/31/2019 9:11:52 AM","8220672","2DYHPD2\User"
"C:\GCMSsolution\Data\Project1\RMBL Data\Carvajal 2019\Blank_09012019.qgd","9/1/2019 7:30:47 AM","9/1/2019 8:12:54 AM","8151040","2DYHPD2\User"
"C:\GCMSsolution\Data\Project1\RMBL Data\Carvajal 2019\Blank_09022019.qgd","9/2/2019 7:03:59 AM","9/2/2019 7:46:07 AM","8192000","2DYHPD2\User"
"C:\GCMSsolution\Data\Project1\RMBL Data\Carvajal 2019\Blank_09032019.qgd","9/3/2019 8:16:48 AM","9/3/2019 8:59:29 AM","8372224","2DYHPD2\User"
"C:\GCMSsolution\Data\Project1\RMBL Data\Carvajal 2019\Blank2_09032019.qgd","9/3/2019 5:47:46 PM","9/3/2019 6:26:22 PM","8114176","2DYHPD2\User"
"C:\GCMSsolution\Data\Project1\RMBL Data\Carvajal 2019\C1_08312019.qgd","8/31/2019 10:37:20 PM","8/31/2019 11:12:56 PM","8232960","2DYHPD2\User"
"C:\GCMSsolution\Data\Project1\RMBL Data\Carvajal 2019\C10_09012019.qgd","9/1/2019 1:00:58 PM","9/1/2019 1:38:06 PM","8249344","2DYHPD2\User"
"C:\GCMSsolution\Data\Project1\RMBL Data\Carvajal 2019\C2redo_09012019.qgd","9/1/2019 10:14:41 PM","9/1/2019 10:50:22 PM","8245248","2DYHPD2\User"
"C:\GCMSsolution\Data\Project1\RMBL Data\Carvajal 2019\C3_09012019.qgd","9/1/2019 8:48:20 AM","9/1/2019 9:23:41 AM","8257536","2DYHPD2\User"
"C:\GCMSsolution\Data\Project1\RMBL Data\Carvajal 2019\C4_09012019.qgd","9/1/2019 9:23:47 AM","9/1/2019 9:59:13 AM","8224768","2DYHPD2\User"
"C:\GCMSsolution\Data\Project1\RMBL Data\Carvajal 2019\C5_09012019.qgd","9/1/2019 9:59:18 AM","9/1/2019 10:34:46 AM","8306688","2DYHPD2\User"
"C:\GCMSsolution\Data\Project1\RMBL Data\Carvajal 2019\C6_09012019.qgd","9/1/2019 10:34:50 AM","9/1/2019 11:10:49 AM","8241152","2DYHPD2\User"
"C:\GCMSsolution\Data\Project1\RMBL Data\Carvajal 2019\C7_09012019.qgd","9/1/2019 11:10:56 AM","9/1/2019 11:47:18 AM","8261632","2DYHPD2\User"
"C:\GCMSsolution\Data\Project1\RMBL Data\Carvajal 2019\C8_09012019.qgd","9/1/2019 11:47:23 AM","9/1/2019 12:23:58 PM","8232960","2DYHPD2\User"
"C:\GCMSsolution\Data\Project1\RMBL Data\Carvajal 2019\C9_09012019.qgd","9/1/2019 12:24:02 PM","9/1/2019 1:00:52 PM","8269824","2DYHPD2\User"
"C:\GCMSsolution\Data\Project1\RMBL Data\Carvajal 2019\Carvajal_190628_Air3_6282019_19.CDF","7/8/2019 2:11:25 PM","7/8/2019 2:11:28 PM","22174064","2DYHPD2\User"
"C:\GCMSsolution\Data\Project1\RMBL Data\Carvajal 2019\CARVAJAL_190628_AIR3_6282019_19.ELU","7/8/2019 2:59:08 PM","7/8/2019 3:13:21 PM","419729","2DYHPD2\User"
"C:\GCMSsolution\Data\Project1\RMBL Data\Carvajal 2019\CARVAJAL_190628_AIR3_6282019_19.FIN","7/8/2019 2:59:14 PM","7/8/2019 3:13:21 PM","4256723","2DYHPD2\User"
"C:\GCMSsolution\Data\Project1\RMBL Data\Carvajal 2019\Carvajal_190628_Air3_6282019_19.qgd","6/29/2019 8:54:30 AM","6/29/2019 9:30:14 AM","8445952","2DYHPD2\User"
"C:\GCMSsolution\Data\Project1\RMBL Data\Carvajal 2019\Carvajal_190628_Flower2_6282019_18.CDF","7/8/2019 2:11:28 PM","7/8/2019 2:11:32 PM","22173672","2DYHPD2\User"
"C:\GCMSsolution\Data\Project1\RMBL Data\Carvajal 2019\CARVAJAL_190628_FLOWER2_6282019_18.ELU","7/8/2019 2:12:32 PM","7/8/2019 3:14:17 PM","706216","2DYHPD2\User"
"C:\GCMSsolution\Data\Project1\RMBL Data\Carvajal 2019\CARVAJAL_190628_FLOWER2_6282019_18.FIN","7/8/2019 2:12:38 PM","7/8/2019 3:14:17 PM","4245137","2DYHPD2\User"
"C:\GCMSsolution\Data\Project1\RMBL Data\Carvajal 2019\Carvajal_190628_Flower2_6282019_18.qgd","6/29/2019 8:18:37 AM","6/29/2019 8:54:23 AM","8568832","2DYHPD2\User"
"C:\GCMSsolution\Data\Project1\RMBL Data\Carvajal 2019\Carvajal_190628_Leaf1_6282019_17.CDF","7/8/2019 2:11:32 PM","7/8/2019 2:11:35 PM","22174004","2DYHPD2\User"
"C:\GCMSsolution\Data\Project1\RMBL Data\Carvajal 2019\CARVAJAL_190628_LEAF1_6282019_17.ELU","7/8/2019 2:15:58 PM","7/8/2019 3:15:06 PM","389244","2DYHPD2\User"
"C:\GCMSsolution\Data\Project1\RMBL Data\Carvajal 2019\CARVAJAL_190628_LEAF1_6282019_17.FIN","7/8/2019 2:16:03 PM","7/8/2019 3:15:06 PM","2663078","2DYHPD2\User"
"C:\GCMSsolution\Data\Project1\RMBL Data\Carvajal 2019\Carvajal_190628_Leaf1_6282019_17.qgd","6/29/2019 7:43:02 AM","6/29/2019 8:18:32 AM","8433664","2DYHPD2\User"
"C:\GCMSsolution\Data\Project1\RMBL Data\Carvajal 2019\D1_09012019.qgd","9/1/2019 2:14:41 PM","9/1/2019 2:51:09 PM","8335360","2DYHPD2\User"
"C:\GCMSsolution\Data\Project1\RMBL Data\Carvajal 2019\D10_09012019.qgd","9/1/2019 7:50:04 PM","9/1/2019 8:26:25 PM","8339456","2DYHPD2\User"
"C:\GCMSsolution\Data\Project1\RMBL Data\Carvajal 2019\D2_09012019.qgd","9/1/2019 2:51:16 PM","9/1/2019 3:28:12 PM","8347648","2DYHPD2\User"
"C:\GCMSsolution\Data\Project1\RMBL Data\Carvajal 2019\D3_09012019.qgd","9/1/2019 3:28:17 PM","9/1/2019 4:05:31 PM","8708096","2DYHPD2\User"
"C:\GCMSsolution\Data\Project1\RMBL Data\Carvajal 2019\D4_09012019.qgd","9/1/2019 4:05:34 PM","9/1/2019 4:42:59 PM","8380416","2DYHPD2\User"
"C:\GCMSsolution\Data\Project1\RMBL Data\Carvajal 2019\D5_09012019.qgd","9/1/2019 4:43:04 PM","9/1/2019 5:20:39 PM","8327168","2DYHPD2\User"
"C:\GCMSsolution\Data\Project1\RMBL Data\Carvajal 2019\D6_09012019.qgd","9/1/2019 5:20:43 PM","9/1/2019 5:58:37 PM","8298496","2DYHPD2\User"
"C:\GCMSsolution\Data\Project1\RMBL Data\Carvajal 2019\D7_09012019.qgd","9/1/2019 5:58:42 PM","9/1/2019 6:36:03 PM","8155136","2DYHPD2\User"
"C:\GCMSsolution\Data\Project1\RMBL Data\Carvajal 2019\D8_09012019.qgd","9/1/2019 6:36:08 PM","9/1/2019 7:12:46 PM","8245248","2DYHPD2\User"
"C:\GCMSsolution\Data\Project1\RMBL Data\Carvajal 2019\D9_09012019.qgd","9/1/2019 7:12:51 PM","9/1/2019 7:49:59 PM","8298496","2DYHPD2\User"
"C:\GCMSsolution\Data\Project1\RMBL Data\Carvajal 2019\DCTrapBlank_09032019.qgd","9/3/2019 5:08:53 PM","9/3/2019 5:47:41 PM","8142848","2DYHPD2\User"
"C:\GCMSsolution\Data\Project1\RMBL Data\Carvajal 2019\E1_09012019.qgd","9/1/2019 8:26:31 PM","9/1/2019 9:02:43 PM","8540160","2DYHPD2\User"
"C:\GCMSsolution\Data\Project1\RMBL Data\Carvajal 2019\E10_09022019.qgd","9/2/2019 11:57:53 AM","9/2/2019 12:34:34 PM","8249344","2DYHPD2\User"
"C:\GCMSsolution\Data\Project1\RMBL Data\Carvajal 2019\E2_09012019.qgd","9/1/2019 9:02:48 PM","9/1/2019 9:38:47 PM","8228864","2DYHPD2\User"
"C:\GCMSsolution\Data\Project1\RMBL Data\Carvajal 2019\E3_09012019.qgd","9/1/2019 9:38:53 PM","9/1/2019 10:14:37 PM","8294400","2DYHPD2\User"
"C:\GCMSsolution\Data\Project1\RMBL Data\Carvajal 2019\E4_09022019.qgd","9/2/2019 8:21:28 AM","9/2/2019 8:56:49 AM","8232960","2DYHPD2\User"
"C:\GCMSsolution\Data\Project1\RMBL Data\Carvajal 2019\E5_09022019.qgd","9/2/2019 8:56:56 AM","9/2/2019 9:32:16 AM","8192000","2DYHPD2\User"
"C:\GCMSsolution\Data\Project1\RMBL Data\Carvajal 2019\E6_09022019.qgd","9/2/2019 9:32:22 AM","9/2/2019 10:08:06 AM","8249344","2DYHPD2\User"
"C:\GCMSsolution\Data\Project1\RMBL Data\Carvajal 2019\E7_09022019.qgd","9/2/2019 10:08:10 AM","9/2/2019 10:44:10 AM","8241152","2DYHPD2\User"
"C:\GCMSsolution\Data\Project1\RMBL Data\Carvajal 2019\E8_09022019.qgd","9/2/2019 10:44:15 AM","9/2/2019 11:20:45 AM","8171520","2DYHPD2\User"
"C:\GCMSsolution\Data\Project1\RMBL Data\Carvajal 2019\E9_09022019.qgd","9/2/2019 11:20:50 AM","9/2/2019 11:57:50 AM","8376320","2DYHPD2\User"
"C:\GCMSsolution\Data\Project1\RMBL Data\Carvajal 2019\F1_09022019.qgd","9/2/2019 12:34:38 PM","9/2/2019 1:11:46 PM","8433664","2DYHPD2\User"
"C:\GCMSsolution\Data\Project1\RMBL Data\Carvajal 2019\F10_09022019.qgd","9/2/2019 7:00:10 PM","9/2/2019 7:37:27 PM","8347648","2DYHPD2\User"
"C:\GCMSsolution\Data\Project1\RMBL Data\Carvajal 2019\F2_09022019.qgd","9/2/2019 1:49:30 PM","9/2/2019 2:27:24 PM","9097216","2DYHPD2\User"
"C:\GCMSsolution\Data\Project1\RMBL Data\Carvajal 2019\F3_09022019.qgd","9/2/2019 2:27:29 PM","9/2/2019 3:05:41 PM","8720384","2DYHPD2\User"
"C:\GCMSsolution\Data\Project1\RMBL Data\Carvajal 2019\F4_09022019.qgd","9/2/2019 3:05:46 PM","9/2/2019 3:44:25 PM","8388608","2DYHPD2\User"
"C:\GCMSsolution\Data\Project1\RMBL Data\Carvajal 2019\F5_09022019.qgd","9/2/2019 3:44:31 PM","9/2/2019 4:23:28 PM","8445952","2DYHPD2\User"
"C:\GCMSsolution\Data\Project1\RMBL Data\Carvajal 2019\F6_09022019.qgd","9/2/2019 4:23:34 PM","9/2/2019 5:03:02 PM","8392704","2DYHPD2\User"
"C:\GCMSsolution\Data\Project1\RMBL Data\Carvajal 2019\F7_09022019.qgd","9/2/2019 5:03:06 PM","9/2/2019 5:42:39 PM","8482816","2DYHPD2\User"
"C:\GCMSsolution\Data\Project1\RMBL Data\Carvajal 2019\F8_09022019.qgd","9/2/2019 5:42:42 PM","9/2/2019 6:21:42 PM","8908800","2DYHPD2\User"
"C:\GCMSsolution\Data\Project1\RMBL Data\Carvajal 2019\F9_09022019.qgd","9/2/2019 6:21:45 PM","9/2/2019 7:00:07 PM","8392704","2DYHPD2\User"
"C:\GCMSsolution\Data\Project1\RMBL Data\Carvajal 2019\G1_09032019.qgd","9/3/2019 9:35:08 AM","9/3/2019 10:11:05 AM","8417280","2DYHPD2\User"
"C:\GCMSsolution\Data\Project1\RMBL Data\Carvajal 2019\G2_09032019.qgd","9/3/2019 10:11:09 AM","9/3/2019 10:47:21 AM","8368128","2DYHPD2\User"
"C:\GCMSsolution\Data\Project1\RMBL Data\Carvajal 2019\G3_09032019.qgd","9/3/2019 10:47:27 AM","9/3/2019 11:24:26 AM","8232960","2DYHPD2\User"
"C:\GCMSsolution\Data\Project1\RMBL Data\Carvajal 2019\G4_09032019.qgd","9/3/2019 11:24:31 AM","9/3/2019 12:01:00 PM","8257536","2DYHPD2\User"
"C:\GCMSsolution\Data\Project1\RMBL Data\Carvajal 2019\G5_09032019.qgd","9/3/2019 12:01:05 PM","9/3/2019 12:38:14 PM","8822784","2DYHPD2\User"
"C:\GCMSsolution\Data\Project1\RMBL Data\Carvajal 2019\G6_09032019.qgd","9/3/2019 12:38:18 PM","9/3/2019 1:15:59 PM","8380416","2DYHPD2\User"
"C:\GCMSsolution\Data\Project1\RMBL Data\Carvajal 2019\G7_09032019.qgd","9/3/2019 1:16:05 PM","9/3/2019 1:54:05 PM","8454144","2DYHPD2\User"
"C:\GCMSsolution\Data\Project1\RMBL Data\Carvajal 2019\G8_09032019.qgd","9/3/2019 1:54:09 PM","9/3/2019 2:32:48 PM","8409088","2DYHPD2\User"
"C:\GCMSsolution\Data\Project1\RMBL Data\Carvajal 2019\G9_09032019.qgd","9/3/2019 3:12:06 PM","9/3/2019 3:51:00 PM","8445952","2DYHPD2\User"
"C:\GCMSsolution\Data\Project1\RMBL Data\Carvajal 2019\J10Blank_09032019.qgd","9/3/2019 4:29:56 PM","9/3/2019 5:08:48 PM","8499200","2DYHPD2\User"
"C:\GCMSsolution\Data\Project1\RMBL Data\Carvajal 2019\J1Blank_08312019.qgd","8/31/2019 9:11:58 AM","8/31/2019 9:47:22 AM","8282112","2DYHPD2\User"
"C:\GCMSsolution\Data\Project1\RMBL Data\Carvajal 2019\J2Blank_09032019.qgd","9/3/2019 3:51:05 PM","9/3/2019 4:29:52 PM","8355840","2DYHPD2\User"
"C:\GCMSsolution\Data\Project1\RMBL Data\Carvajal 2019\J3Blank_08312019.qgd","8/31/2019 2:03:21 PM","8/31/2019 2:39:54 PM","8208384","2DYHPD2\User"
"C:\GCMSsolution\Data\Project1\RMBL Data\Carvajal 2019\J4Blank_09012019.qgd","9/1/2019 8:13:01 AM","9/1/2019 8:48:17 AM","8146944","2DYHPD2\User"
"C:\GCMSsolution\Data\Project1\RMBL Data\Carvajal 2019\J5Blank_09012019.qgd","9/1/2019 1:38:11 PM","9/1/2019 2:14:36 PM","8294400","2DYHPD2\User"
"C:\GCMSsolution\Data\Project1\RMBL Data\Carvajal 2019\J6Blank_09022019.qgd","9/2/2019 7:46:10 AM","9/2/2019 8:21:23 AM","8212480","2DYHPD2\User"
"C:\GCMSsolution\Data\Project1\RMBL Data\Carvajal 2019\J7Blank_09022019.qgd","9/2/2019 1:11:50 PM","9/2/2019 1:49:23 PM","9048064","2DYHPD2\User"
"C:\GCMSsolution\Data\Project1\RMBL Data\Carvajal 2019\J8Blank_09032019.qgd","9/3/2019 8:59:32 AM","9/3/2019 9:35:02 AM","8204288","2DYHPD2\User"
"C:\GCMSsolution\Data\Project1\RMBL Data\Carvajal 2019\J9Blank_09032019.qgd","9/3/2019 2:32:55 PM","9/3/2019 3:12:01 PM","8318976","2DYHPD2\User"
"C:\GCMSsolution\Data\Project1\RMBL Data\Delphinium spme trial.qgd","6/15/2017 5:46:49 PM","6/15/2017 7:44:28 PM","2551808","2DYHPD2\User"
"C:\GCMSsolution\Data\Project1\RMBL Data\DeweyscoffeeSep3_09032018.qgd","9/4/2018 2:30:32 AM","9/4/2018 3:06:45 AM","8200192","2DYHPD2\User"
"C:\GCMSsolution\Data\Project1\RMBL Data\DryvegJuly19_07212017.qgd","7/21/2017 7:31:42 PM","7/21/2017 8:03:26 PM","6918144","2DYHPD2\User"
"C:\GCMSsolution\Data\Project1\RMBL Data\DryvegJuly23_07232017.qgd","7/23/2017 11:56:46 PM","7/24/2017 12:27:58 AM","7020544","2DYHPD2\User"
"C:\GCMSsolution\Data\Project1\RMBL Data\DryvegJuly26_07262017.qgd","7/26/2017 10:43:22 PM","7/26/2017 11:15:27 PM","6823936","2DYHPD2\User"
"C:\GCMSsolution\Data\Project1\RMBL Data\DryvegJuly26redo_07292017.qgd","7/29/2017 8:17:31 AM","7/29/2017 8:48:28 AM","6926336","2DYHPD2\User"
"C:\GCMSsolution\Data\Project1\RMBL Data\DryvegJuly28_07282017.qgd","7/28/2017 9:03:09 PM","7/28/2017 9:35:03 PM","6889472","2DYHPD2\User"
"C:\GCMSsolution\Data\Project1\RMBL Data\DryvegJuly31_08012017.qgd","8/1/2017 12:39:05 PM","8/1/2017 1:11:20 PM","6832128","2DYHPD2\User"
"C:\GCMSsolution\Data\Project1\RMBL Data\Erifla3 July 23_07252018.qgd","7/25/2018 7:59:21 PM","7/25/2018 8:36:52 PM","8126464","2DYHPD2\User"
"C:\GCMSsolution\Data\Project1\RMBL Data\Erigeron_08122017.qgd","8/12/2017 6:05:12 PM","8/12/2017 6:05:12 PM","278528","2DYHPD2\User"
"C:\GCMSsolution\Data\Project1\RMBL Data\Eriumb2 July 12_07252018.qgd","7/25/2018 9:13:45 PM","7/25/2018 9:51:10 PM","8081408","2DYHPD2\User"
"C:\GCMSsolution\Data\Project1\RMBL Data\Helmul1 July 23 _07252018.qgd","7/25/2018 9:51:14 PM","7/25/2018 10:28:14 PM","8065024","2DYHPD2\User"
"C:\GCMSsolution\Data\Project1\RMBL Data\Heracleum 2_08132017.qgd","8/13/2017 4:43:03 PM","8/14/2017 8:07:51 AM","8114176","2DYHPD2\User"
"C:\GCMSsolution\Data\Project1\RMBL Data\Heracleum_08122017.qgd","8/12/2017 5:32:50 PM","8/13/2017 4:10:47 PM","6848512","2DYHPD2\User"
"C:\GCMSsolution\Data\Project1\RMBL Data\Iaggflrtest06222017.qgd","6/22/2017 4:48:30 PM","6/22/2017 5:22:58 PM","7389184","2DYHPD2\User"
"C:\GCMSsolution\Data\Project1\RMBL Data\Ipomopsis agg infl.qgd","6/15/2017 5:04:34 PM","7/24/2017 8:55:06 AM","3002368","2DYHPD2\User"
"C:\GCMSsolution\Data\Project1\RMBL Data\Markes test 1.qgd","6/22/2017 11:24:41 AM","6/22/2017 11:57:49 AM","2707456","2DYHPD2\User"
"C:\GCMSsolution\Data\Project1\RMBL Data\Markes test 10.qgd","6/27/2018 7:22:30 PM","6/28/2018 6:28:17 AM","311296","2DYHPD2\User"
"C:\GCMSsolution\Data\Project1\RMBL Data\Markes test 11.qgd","7/2/2018 11:26:46 AM","7/5/2018 9:15:23 AM","315392","2DYHPD2\User"
"C:\GCMSsolution\Data\Project1\RMBL Data\Markes test 12.qgd","6/19/2019 9:18:55 AM","6/19/2019 9:22:20 AM","1015808","2DYHPD2\User"
"C:\GCMSsolution\Data\Project1\RMBL Data\Markes test 2.qgd","6/22/2017 12:04:31 PM","6/22/2017 12:15:40 PM","3555328","2DYHPD2\User"
"C:\GCMSsolution\Data\Project1\RMBL Data\Markes test 3.qgd","6/22/2017 12:31:15 PM","6/22/2017 12:34:50 PM","757760","2DYHPD2\User"
"C:\GCMSsolution\Data\Project1\RMBL Data\Markes test 4.qgd","6/22/2017 3:53:47 PM","6/22/2017 4:03:24 PM","1437696","2DYHPD2\User"
"C:\GCMSsolution\Data\Project1\RMBL Data\Markes test 5.qgd","6/22/2017 4:04:16 PM","6/22/2017 4:22:17 PM","2899968","2DYHPD2\User"
"C:\GCMSsolution\Data\Project1\RMBL Data\Markes test 6.qgd","6/14/2018 4:11:13 PM","6/14/2018 4:20:20 PM","872448","2DYHPD2\User"
"C:\GCMSsolution\Data\Project1\RMBL Data\Markes test 7.qgd","6/17/2018 9:41:42 AM","6/17/2018 9:49:43 AM","335872","2DYHPD2\User"
"C:\GCMSsolution\Data\Project1\RMBL Data\Markes test 8.qgd","6/23/2018 5:45:26 PM","6/24/2018 7:31:10 AM","311296","2DYHPD2\User"
"C:\GCMSsolution\Data\Project1\RMBL Data\Markes test 9.qgd","6/24/2018 9:06:01 AM","6/25/2018 10:29:15 AM","311296","2DYHPD2\User"
"C:\GCMSsolution\Data\Project1\RMBL Data\Mercil1 July 6_07252018.qgd","7/25/2018 10:28:18 PM","7/25/2018 11:05:07 PM","8134656","2DYHPD2\User"
"C:\GCMSsolution\Data\Project1\RMBL Data\Mooney","8/19/2019 9:23:50 AM","8/27/2019 10:43:11 PM",,"2DYHPD2\User"
"C:\GCMSsolution\Data\Project1\RMBL Data\Mooney\3carenestd1_08202019.qgd","8/27/2019 10:07:14 PM","8/27/2019 10:43:07 PM","8536064","2DYHPD2\User"
"C:\GCMSsolution\Data\Project1\RMBL Data\Mooney\AircontolpmJuly20_08192019.qgd","8/19/2019 12:10:40 PM","8/19/2019 12:47:09 PM","9306112","2DYHPD2\User"
"C:\GCMSsolution\Data\Project1\RMBL Data\Mooney\Aircontrol1July21_08192019.qgd","8/19/2019 7:07:25 PM","8/19/2019 7:44:33 PM","9228288","2DYHPD2\User"
"C:\GCMSsolution\Data\Project1\RMBL Data\Mooney\aircontrol2Jul21_08202019.qgd","8/27/2019 5:13:23 PM","8/27/2019 5:50:47 PM","8527872","2DYHPD2\User"
"C:\GCMSsolution\Data\Project1\RMBL Data\Mooney\AircontrolJuly20_08192019.qgd","8/19/2019 11:33:32 AM","8/19/2019 12:10:34 PM","8826880","2DYHPD2\User"
"C:\GCMSsolution\Data\Project1\RMBL Data\Mooney\aircontrolJuly22_08202019.qgd","8/27/2019 5:50:53 PM","8/27/2019 6:28:02 PM","8900608","2DYHPD2\User"
"C:\GCMSsolution\Data\Project1\RMBL Data\Mooney\Blank_08192019.qgd","8/19/2019 10:12:28 AM","8/19/2019 11:33:29 AM","8556544","2DYHPD2\User"
"C:\GCMSsolution\Data\Project1\RMBL Data\Mooney\Blank_08202019.qgd","8/21/2019 8:22:48 AM","8/27/2019 10:08:57 AM","8871936","2DYHPD2\User"
"C:\GCMSsolution\Data\Project1\RMBL Data\Mooney\Blank_08202020.qgd","8/27/2019 11:02:18 AM","8/27/2019 11:19:34 AM","581632","2DYHPD2\User"
"C:\GCMSsolution\Data\Project1\RMBL Data\Mooney\Blank_08272019.qgd","8/27/2019 11:20:21 AM","8/27/2019 12:03:23 PM","8466432","2DYHPD2\User"
"C:\GCMSsolution\Data\Project1\RMBL Data\Mooney\blank2_08202019.qgd","8/27/2019 10:43:11 PM","8/27/2019 11:19:01 PM","8245248","2DYHPD2\User"
"C:\GCMSsolution\Data\Project1\RMBL Data\Mooney\Blank2_08272019.qgd","8/27/2019 4:32:29 PM","8/27/2019 5:13:17 PM","8241152","2DYHPD2\User"
"C:\GCMSsolution\Data\Project1\RMBL Data\Mooney\Mooneystd3uL0.01_08192019.qgd","8/19/2019 11:22:43 PM","8/19/2019 11:58:45 PM","9179136","2DYHPD2\User"
"C:\GCMSsolution\Data\Project1\RMBL Data\Mooney\Mooneystd3uL0.01rep2_08192019.qgd","8/19/2019 11:58:48 PM","8/20/2019 12:33:33 AM","8278016","2DYHPD2\User"
"C:\GCMSsolution\Data\Project1\RMBL Data\Mooney\Plant 21Jul20_08192019.qgd","8/19/2019 2:01:36 PM","8/19/2019 2:39:13 PM","9023488","2DYHPD2\User"
"C:\GCMSsolution\Data\Project1\RMBL Data\Mooney\plant11.2July21_08202019.qgd","8/27/2019 2:30:31 PM","8/27/2019 3:07:25 PM","8650752","2DYHPD2\User"
"C:\GCMSsolution\Data\Project1\RMBL Data\Mooney\plant11.3bJuly22_08202019.qgd","8/27/2019 7:04:57 PM","8/27/2019 7:41:28 PM","8814592","2DYHPD2\User"
"C:\GCMSsolution\Data\Project1\RMBL Data\Mooney\plant11.3July21_08202019.qgd","8/27/2019 12:40:09 PM","8/27/2019 1:17:04 PM","8617984","2DYHPD2\User"
"C:\GCMSsolution\Data\Project1\RMBL Data\Mooney\plant11July22_08202019.qgd","8/27/2019 7:41:32 PM","8/27/2019 8:18:33 PM","8691712","2DYHPD2\User"
"C:\GCMSsolution\Data\Project1\RMBL Data\Mooney\Plant14July21_08192019.qgd","8/19/2019 10:10:21 PM","8/19/2019 10:46:33 PM","9400320","2DYHPD2\User"
"C:\GCMSsolution\Data\Project1\RMBL Data\Mooney\plant17July22_08202019.qgd","8/27/2019 8:55:12 PM","8/27/2019 9:31:09 PM","8413184","2DYHPD2\User"
"C:\GCMSsolution\Data\Project1\RMBL Data\Mooney\Plant19July20_08192019.qgd","8/19/2019 2:39:18 PM","8/19/2019 3:17:15 PM","9555968","2DYHPD2\User"
"C:\GCMSsolution\Data\Project1\RMBL Data\Mooney\Plant31July20_08192019.qgd","8/19/2019 3:55:47 PM","8/19/2019 4:34:09 PM","8921088","2DYHPD2\User"
"C:\GCMSsolution\Data\Project1\RMBL Data\Mooney\Plant36July20_08192019.qgd","8/19/2019 6:29:34 PM","8/19/2019 7:07:22 PM","9211904","2DYHPD2\User"
"C:\GCMSsolution\Data\Project1\RMBL Data\Mooney\Plant37July20_08192019.qgd","8/19/2019 4:34:12 PM","8/19/2019 5:12:46 PM","8982528","2DYHPD2\User"
"C:\GCMSsolution\Data\Project1\RMBL Data\Mooney\Plant39July20_08192019.qgd","8/19/2019 1:24:15 PM","8/19/2019 2:01:31 PM","8830976","2DYHPD2\User"
"C:\GCMSsolution\Data\Project1\RMBL Data\Mooney\plant4.2July22_08202019.qgd","8/27/2019 8:18:37 PM","8/27/2019 8:55:06 PM","9220096","2DYHPD2\User"
"C:\GCMSsolution\Data\Project1\RMBL Data\Mooney\Plant4July21_08192019.qgd","8/19/2019 8:57:38 PM","8/19/2019 9:33:57 PM","9142272","2DYHPD2\User"
"C:\GCMSsolution\Data\Project1\RMBL Data\Mooney\Plant7July21_08192019.qgd","8/19/2019 10:46:39 PM","8/19/2019 11:22:39 PM","9326592","2DYHPD2\User"
"C:\GCMSsolution\Data\Project1\RMBL Data\Mooney\Plant80July20_08192019.qgd","8/19/2019 5:51:26 PM","8/19/2019 6:29:31 PM","9228288","2DYHPD2\User"
"C:\GCMSsolution\Data\Project1\RMBL Data\Mooney\Plant82July20_08192019.qgd","8/19/2019 5:12:53 PM","8/19/2019 5:51:20 PM","9216000","2DYHPD2\User"
"C:\GCMSsolution\Data\Project1\RMBL Data\Mooney\Plant83July21_08192019.qgd","8/19/2019 8:20:46 PM","8/19/2019 8:57:31 PM","9306112","2DYHPD2\User"
"C:\GCMSsolution\Data\Project1\RMBL Data\Mooney\plant84July21_08202019.qgd","8/27/2019 1:17:09 PM","8/27/2019 1:53:38 PM","9478144","2DYHPD2\User"
"C:\GCMSsolution\Data\Project1\RMBL Data\Mooney\Plant86July21_08192019.qgd","8/19/2019 7:44:37 PM","8/19/2019 8:20:40 PM","8343552","2DYHPD2\User"
"C:\GCMSsolution\Data\Project1\RMBL Data\Mooney\plant8July21_08202019.qgd","8/27/2019 1:53:43 PM","8/27/2019 2:30:27 PM","8417280","2DYHPD2\User"
"C:\GCMSsolution\Data\Project1\RMBL Data\Mooney\Plant92.3July21_08192019.qgd","8/19/2019 9:34:00 PM","8/19/2019 10:10:16 PM","9375744","2DYHPD2\User"
"C:\GCMSsolution\Data\Project1\RMBL Data\Mooney\Plant93July20_08192019.qgd","8/19/2019 3:17:18 PM","8/19/2019 3:55:41 PM","9322496","2DYHPD2\User"
"C:\GCMSsolution\Data\Project1\RMBL Data\Mooney\plant9July22_08202019.qgd","8/27/2019 9:31:13 PM","8/27/2019 10:07:09 PM","8769536","2DYHPD2\User"
"C:\GCMSsolution\Data\Project1\RMBL Data\Mooney\rerunplant83_08202019.qgd","8/27/2019 12:03:30 PM","8/27/2019 12:40:04 PM","8957952","2DYHPD2\User"
"C:\GCMSsolution\Data\Project1\RMBL Data\Mooney\rerunplant93_08202019.qgd","8/27/2019 10:09:02 AM","8/27/2019 10:44:35 AM","8945664","2DYHPD2\User"
"C:\GCMSsolution\Data\Project1\RMBL Data\Mooney\STDs3uL0.01EMooney_08262019.qgd","8/27/2019 3:54:57 PM","8/27/2019 4:28:28 PM","7270400","2DYHPD2\User"
"C:\GCMSsolution\Data\Project1\RMBL Data\Mooney\VegcontrolJuly20_08192019.qgd","8/19/2019 12:47:15 PM","8/19/2019 1:24:10 PM","9175040","2DYHPD2\User"
"C:\GCMSsolution\Data\Project1\RMBL Data\Mooney\vegcontrolJuly22_08202019.qgd","8/27/2019 6:28:06 PM","8/27/2019 7:04:53 PM","8781824","2DYHPD2\User"
"C:\GCMSsolution\Data\Project1\RMBL Data\Mullins Ligusticum","9/4/2018 8:12:18 AM","9/6/2018 7:03:19 PM",,"2DYHPD2\User"
"C:\GCMSsolution\Data\Project1\RMBL Data\Mullins Ligusticum\10run_20180905.qgb","9/5/2018 9:37:01 AM","9/5/2018 9:37:01 AM","36864","2DYHPD2\User"
"C:\GCMSsolution\Data\Project1\RMBL Data\Mullins Ligusticum\10run_20180906.qgb","9/6/2018 6:06:59 AM","9/6/2018 6:06:59 AM","36864","2DYHPD2\User"
"C:\GCMSsolution\Data\Project1\RMBL Data\Mullins Ligusticum\10run2_20180905.qgb","9/5/2018 4:07:57 PM","9/5/2018 4:11:50 PM","49152","2DYHPD2\User"
"C:\GCMSsolution\Data\Project1\RMBL Data\Mullins Ligusticum\10run3_20180905.qgb","9/5/2018 10:28:49 PM","9/5/2018 10:28:49 PM","36864","2DYHPD2\User"
"C:\GCMSsolution\Data\Project1\RMBL Data\Mullins Ligusticum\1run_20180906.qgb","9/6/2018 6:22:27 PM","9/6/2018 6:22:27 PM","32768","2DYHPD2\User"
"C:\GCMSsolution\Data\Project1\RMBL Data\Mullins Ligusticum\20run_20180905.qgb","9/4/2018 8:40:13 AM","9/4/2018 8:41:55 AM","65536","2DYHPD2\User"
"C:\GCMSsolution\Data\Project1\RMBL Data\Mullins Ligusticum\20run2_20180904.qgb","9/4/2018 9:09:17 PM","9/4/2018 9:09:17 PM","45056","2DYHPD2\User"
"C:\GCMSsolution\Data\Project1\RMBL Data\Mullins Ligusticum\9run_20180906.qgb","9/6/2018 12:33:14 PM","9/6/2018 12:33:14 PM","36864","2DYHPD2\User"
"C:\GCMSsolution\Data\Project1\RMBL Data\Mullins Ligusticum\AirAug2_09062018.qgd","9/6/2018 5:34:03 PM","9/6/2018 6:10:38 PM","8409088","2DYHPD2\User"
"C:\GCMSsolution\Data\Project1\RMBL Data\Mullins Ligusticum\AirIn-1July23_09052018.qgd","9/5/2018 11:46:54 PM","9/6/2018 12:23:09 AM","8462336","2DYHPD2\User"
"C:\GCMSsolution\Data\Project1\RMBL Data\Mullins Ligusticum\AirIn-2July23_09052018.qgd","9/5/2018 11:10:45 PM","9/5/2018 11:46:48 PM","8065024","2DYHPD2\User"
"C:\GCMSsolution\Data\Project1\RMBL Data\Mullins Ligusticum\AirIn-3July23_09062018.qgd","9/6/2018 8:05:22 AM","9/6/2018 8:41:36 AM","8491008","2DYHPD2\User"
"C:\GCMSsolution\Data\Project1\RMBL Data\Mullins Ligusticum\AirIn-4July23_09062018.qgd","9/6/2018 8:41:40 AM","9/6/2018 9:17:56 AM","8413184","2DYHPD2\User"
"C:\GCMSsolution\Data\Project1\RMBL Data\Mullins Ligusticum\AirJuly10_09052018.qgd","9/5/2018 10:53:20 AM","9/5/2018 11:29:23 AM","8335360","2DYHPD2\User"
"C:\GCMSsolution\Data\Project1\RMBL Data\Mullins Ligusticum\AirJuly11_09052018.qgd","9/5/2018 11:29:30 AM","9/5/2018 12:05:39 PM","8171520","2DYHPD2\User"
"C:\GCMSsolution\Data\Project1\RMBL Data\Mullins Ligusticum\AirJuly11real_09052018.qgd","9/5/2018 6:05:11 PM","9/5/2018 6:41:02 PM","8429568","2DYHPD2\User"
"C:\GCMSsolution\Data\Project1\RMBL Data\Mullins Ligusticum\AirJuly17_09052018.qgd","9/5/2018 9:05:32 PM","9/5/2018 9:41:36 PM","8032256","2DYHPD2\User"
"C:\GCMSsolution\Data\Project1\RMBL Data\Mullins Ligusticum\AirJuly20_09062018.qgd","9/6/2018 6:52:59 AM","9/6/2018 7:29:02 AM","8011776","2DYHPD2\User"
"C:\GCMSsolution\Data\Project1\RMBL Data\Mullins Ligusticum\AirJuly4_09052018.qgd","9/5/2018 2:05:19 AM","9/5/2018 2:41:30 AM","8429568","2DYHPD2\User"
"C:\GCMSsolution\Data\Project1\RMBL Data\Mullins Ligusticum\AirJuly5_09052018.qgd","9/4/2018 2:15:28 PM","9/4/2018 2:52:08 PM","8601600","2DYHPD2\User"
"C:\GCMSsolution\Data\Project1\RMBL Data\Mullins Ligusticum\AirJuly9_09052018.qgd","9/4/2018 6:31:31 PM","9/4/2018 7:07:49 PM","8171520","2DYHPD2\User"
"C:\GCMSsolution\Data\Project1\RMBL Data\Mullins Ligusticum\AirOut-1July23_09062018.qgd","9/6/2018 10:30:27 AM","9/6/2018 11:06:28 AM","8183808","2DYHPD2\User"
"C:\GCMSsolution\Data\Project1\RMBL Data\Mullins Ligusticum\AirOut-2July23_09062018.qgd","9/6/2018 7:29:08 AM","9/6/2018 8:05:17 AM","8499200","2DYHPD2\User"
"C:\GCMSsolution\Data\Project1\RMBL Data\Mullins Ligusticum\AirOut-3July23_09062018.qgd","9/6/2018 9:18:02 AM","9/6/2018 9:54:07 AM","8482816","2DYHPD2\User"
"C:\GCMSsolution\Data\Project1\RMBL Data\Mullins Ligusticum\AirOut-4July23_09062018.qgd","9/6/2018 9:54:13 AM","9/6/2018 10:30:21 AM","8101888","2DYHPD2\User"
"C:\GCMSsolution\Data\Project1\RMBL Data\Mullins Ligusticum\AirOutAug16_09062018.qgd","9/6/2018 4:57:11 PM","9/6/2018 5:33:59 PM","8183808","2DYHPD2\User"
"C:\GCMSsolution\Data\Project1\RMBL Data\Mullins Ligusticum\Blank_09052018.qgd","9/4/2018 8:42:02 AM","9/4/2018 9:23:49 AM","8052736","2DYHPD2\User"
"C:\GCMSsolution\Data\Project1\RMBL Data\Mullins Ligusticum\Blank_09062018.qgd","9/6/2018 6:11:27 AM","9/6/2018 6:52:52 AM","8060928","2DYHPD2\User"
"C:\GCMSsolution\Data\Project1\RMBL Data\Mullins Ligusticum\Blank1_09052018.qgd","9/4/2018 9:10:04 PM","9/4/2018 9:51:59 PM","8011776","2DYHPD2\User"
"C:\GCMSsolution\Data\Project1\RMBL Data\Mullins Ligusticum\Blank2_09052018.qgd","9/5/2018 4:11:58 PM","9/5/2018 4:53:18 PM","8011776","2DYHPD2\User"
"C:\GCMSsolution\Data\Project1\RMBL Data\Mullins Ligusticum\Blank2_09062018.qgd","9/6/2018 12:37:21 PM","9/6/2018 1:18:16 PM","8028160","2DYHPD2\User"
"C:\GCMSsolution\Data\Project1\RMBL Data\Mullins Ligusticum\Blank3_09052018.qgd","9/5/2018 10:29:00 PM","9/5/2018 11:10:42 PM","8052736","2DYHPD2\User"
"C:\GCMSsolution\Data\Project1\RMBL Data\Mullins Ligusticum\E+1Aug2_09062018.qgd","9/6/2018 4:20:10 PM","9/6/2018 4:57:05 PM","8101888","2DYHPD2\User"
"C:\GCMSsolution\Data\Project1\RMBL Data\Mullins Ligusticum\E+1July9_09052018.qgd","9/4/2018 9:52:05 PM","9/4/2018 10:28:03 PM","8413184","2DYHPD2\User"
"C:\GCMSsolution\Data\Project1\RMBL Data\Mullins Ligusticum\E+1stemAug16_09062018.qgd","9/6/2018 3:43:56 PM","9/6/2018 7:03:19 PM","8556544","2DYHPD2\User"
"C:\GCMSsolution\Data\Project1\RMBL Data\Mullins Ligusticum\E+2July9_09052018.qgd","9/4/2018 2:52:12 PM","9/4/2018 3:28:50 PM","9408512","2DYHPD2\User"
"C:\GCMSsolution\Data\Project1\RMBL Data\Mullins Ligusticum\E+3Aug2_09052018.qgd","9/6/2018 2:48:24 AM","9/6/2018 3:24:43 AM","8298496","2DYHPD2\User"
"C:\GCMSsolution\Data\Project1\RMBL Data\Mullins Ligusticum\E+3July9_09052018.qgd","9/4/2018 7:44:12 PM","9/4/2018 8:20:17 PM","8540160","2DYHPD2\User"
"C:\GCMSsolution\Data\Project1\RMBL Data\Mullins Ligusticum\E+4Aug2_09052018.qgd","9/6/2018 3:24:46 AM","9/6/2018 4:00:51 AM","8400896","2DYHPD2\User"
"C:\GCMSsolution\Data\Project1\RMBL Data\Mullins Ligusticum\E+4July9_09052018.qgd","9/4/2018 5:18:29 PM","9/4/2018 5:54:58 PM","8626176","2DYHPD2\User"
"C:\GCMSsolution\Data\Project1\RMBL Data\Mullins Ligusticum\E+5July9_09052018.qgd","9/4/2018 5:55:04 PM","9/4/2018 6:31:26 PM","8556544","2DYHPD2\User"
"C:\GCMSsolution\Data\Project1\RMBL Data\Mullins Ligusticum\E+6July9_09052018.qgd","9/5/2018 4:53:21 PM","9/5/2018 5:29:11 PM","8355840","2DYHPD2\User"
"C:\GCMSsolution\Data\Project1\RMBL Data\Mullins Ligusticum\E+7July9_09052018.qgd","9/4/2018 7:07:53 PM","9/4/2018 7:44:07 PM","8593408","2DYHPD2\User"
"C:\GCMSsolution\Data\Project1\RMBL Data\Mullins Ligusticum\E-1July4_09052018.qgd","9/4/2018 11:49:04 AM","9/4/2018 12:25:46 PM","8601600","2DYHPD2\User"
"C:\GCMSsolution\Data\Project1\RMBL Data\Mullins Ligusticum\E-2Aug2_09062018.qgd","9/6/2018 11:06:32 AM","9/6/2018 11:42:39 AM","8089600","2DYHPD2\User"
"C:\GCMSsolution\Data\Project1\RMBL Data\Mullins Ligusticum\E-2July4_09052018.qgd","9/4/2018 11:12:20 AM","9/4/2018 11:48:58 AM","8323072","2DYHPD2\User"
"C:\GCMSsolution\Data\Project1\RMBL Data\Mullins Ligusticum\E-3July4_09052018.qgd","9/4/2018 9:59:52 AM","9/4/2018 10:35:55 AM","8556544","2DYHPD2\User"
"C:\GCMSsolution\Data\Project1\RMBL Data\Mullins Ligusticum\E-4July4_09052018.qgd","9/4/2018 10:36:01 AM","9/4/2018 11:12:17 AM","8568832","2DYHPD2\User"
"C:\GCMSsolution\Data\Project1\RMBL Data\Mullins Ligusticum\E-5July4_09052018.qgd","9/4/2018 9:23:55 AM","9/4/2018 9:59:48 AM","8491008","2DYHPD2\User"
"C:\GCMSsolution\Data\Project1\RMBL Data\Mullins Ligusticum\E-6Aug2_09052018.qgd","9/6/2018 4:00:55 AM","9/6/2018 4:37:02 AM","8486912","2DYHPD2\User"
"C:\GCMSsolution\Data\Project1\RMBL Data\Mullins Ligusticum\E-6July4_09052018.qgd","9/4/2018 12:25:51 PM","9/4/2018 1:02:45 PM","8617984","2DYHPD2\User"
"C:\GCMSsolution\Data\Project1\RMBL Data\Mullins Ligusticum\E-7Aug2_09062018.qgd","9/6/2018 11:42:42 AM","9/6/2018 12:18:53 PM","8204288","2DYHPD2\User"
"C:\GCMSsolution\Data\Project1\RMBL Data\Mullins Ligusticum\E-7July4_09052018.qgd","9/4/2018 1:02:52 PM","9/4/2018 1:39:48 PM","8798208","2DYHPD2\User"
"C:\GCMSsolution\Data\Project1\RMBL Data\Mullins Ligusticum\E-7leafAug16_09062018.qgd","9/6/2018 3:07:30 PM","9/6/2018 3:43:51 PM","8540160","2DYHPD2\User"
"C:\GCMSsolution\Data\Project1\RMBL Data\Mullins Ligusticum\IS-2July11_09052018.qgd","9/4/2018 11:40:22 PM","9/5/2018 12:16:31 AM","8552448","2DYHPD2\User"
"C:\GCMSsolution\Data\Project1\RMBL Data\Mullins Ligusticum\IS-3July11_09052018.qgd","9/4/2018 10:28:06 PM","9/4/2018 11:04:09 PM","8642560","2DYHPD2\User"
"C:\GCMSsolution\Data\Project1\RMBL Data\Mullins Ligusticum\IS-4July20_09052018.qgd","9/6/2018 1:35:53 AM","9/6/2018 2:12:02 AM","8445952","2DYHPD2\User"
"C:\GCMSsolution\Data\Project1\RMBL Data\Mullins Ligusticum\IS-5July20_09052018.qgd","9/6/2018 12:59:35 AM","9/6/2018 1:35:47 AM","8560640","2DYHPD2\User"
"C:\GCMSsolution\Data\Project1\RMBL Data\Mullins Ligusticum\IS-6July20_09052018.qgd","9/6/2018 12:23:12 AM","9/6/2018 12:59:31 AM","8536064","2DYHPD2\User"
"C:\GCMSsolution\Data\Project1\RMBL Data\Mullins Ligusticum\IS-7July11_09052018.qgd","9/4/2018 11:04:16 PM","9/4/2018 11:40:18 PM","8560640","2DYHPD2\User"
"C:\GCMSsolution\Data\Project1\RMBL Data\Mullins Ligusticum\IS-AphidJuly11_09052018.qgd","9/5/2018 12:05:44 PM","9/5/2018 12:41:46 PM","8196096","2DYHPD2\User"
"C:\GCMSsolution\Data\Project1\RMBL Data\Mullins Ligusticum\L+10July17_09052018.qgd","9/5/2018 12:41:50 PM","9/5/2018 1:17:42 PM","8486912","2DYHPD2\User"
"C:\GCMSsolution\Data\Project1\RMBL Data\Mullins Ligusticum\L+11July17_09052018.qgd","9/5/2018 2:30:02 PM","9/5/2018 3:05:32 PM","8003584","2DYHPD2\User"
"C:\GCMSsolution\Data\Project1\RMBL Data\Mullins Ligusticum\L+1July17_09052018.qgd","9/5/2018 5:29:14 PM","9/5/2018 6:05:06 PM","8359936","2DYHPD2\User"
"C:\GCMSsolution\Data\Project1\RMBL Data\Mullins Ligusticum\L+2July17_09052018.qgd","9/5/2018 7:17:09 PM","9/5/2018 7:53:11 PM","8450048","2DYHPD2\User"
"C:\GCMSsolution\Data\Project1\RMBL Data\Mullins Ligusticum\L+3July17_09052018.qgd","9/5/2018 9:41:42 PM","9/5/2018 10:17:52 PM","8445952","2DYHPD2\User"
"C:\GCMSsolution\Data\Project1\RMBL Data\Mullins Ligusticum\L+4July17_09052018.qgd","9/5/2018 6:41:08 PM","9/5/2018 7:17:03 PM","8216576","2DYHPD2\User"
"C:\GCMSsolution\Data\Project1\RMBL Data\Mullins Ligusticum\L+5July17_09052018.qgd","9/5/2018 8:29:26 PM","9/5/2018 9:05:29 PM","8179712","2DYHPD2\User"
"C:\GCMSsolution\Data\Project1\RMBL Data\Mullins Ligusticum\L+6July17_09052018.qgd","9/6/2018 2:12:06 AM","9/6/2018 2:48:21 AM","8159232","2DYHPD2\User"
"C:\GCMSsolution\Data\Project1\RMBL Data\Mullins Ligusticum\L+7July17_09052018.qgd","9/5/2018 1:17:48 PM","9/5/2018 1:53:50 PM","8556544","2DYHPD2\User"
"C:\GCMSsolution\Data\Project1\RMBL Data\Mullins Ligusticum\L+8July17_09052018.qgd","9/5/2018 7:53:16 PM","9/5/2018 8:29:21 PM","8491008","2DYHPD2\User"
"C:\GCMSsolution\Data\Project1\RMBL Data\Mullins Ligusticum\L+9July17_09052018.qgd","9/5/2018 1:53:57 PM","9/5/2018 2:29:57 PM","8105984","2DYHPD2\User"
"C:\GCMSsolution\Data\Project1\RMBL Data\Mullins Ligusticum\L-10July10_09052018.qgd","9/5/2018 10:17:15 AM","9/5/2018 10:53:14 AM","8486912","2DYHPD2\User"
"C:\GCMSsolution\Data\Project1\RMBL Data\Mullins Ligusticum\L-1July10_09052018.qgd","9/5/2018 2:41:37 AM","9/5/2018 3:17:44 AM","8433664","2DYHPD2\User"
"C:\GCMSsolution\Data\Project1\RMBL Data\Mullins Ligusticum\L-2July10_09052018.qgd","9/5/2018 1:29:00 AM","9/5/2018 2:05:15 AM","8142848","2DYHPD2\User"
"C:\GCMSsolution\Data\Project1\RMBL Data\Mullins Ligusticum\L-3July10_09052018.qgd","9/4/2018 3:28:56 PM","9/4/2018 4:05:24 PM","8921088","2DYHPD2\User"
"C:\GCMSsolution\Data\Project1\RMBL Data\Mullins Ligusticum\L-3leafAug16_09062018.qgd","9/6/2018 2:31:03 PM","9/6/2018 3:07:24 PM","8503296","2DYHPD2\User"
"C:\GCMSsolution\Data\Project1\RMBL Data\Mullins Ligusticum\L-4July9_09052018.qgd","9/4/2018 4:41:54 PM","9/4/2018 5:18:24 PM","8671232","2DYHPD2\User"
"C:\GCMSsolution\Data\Project1\RMBL Data\Mullins Ligusticum\L-5July10_09052018.qgd","9/5/2018 3:17:51 AM","9/5/2018 10:17:10 AM","8314880","2DYHPD2\User"
"C:\GCMSsolution\Data\Project1\RMBL Data\Mullins Ligusticum\L-6July10_09052018.qgd","9/4/2018 4:05:27 PM","9/4/2018 4:41:48 PM","9388032","2DYHPD2\User"
"C:\GCMSsolution\Data\Project1\RMBL Data\Mullins Ligusticum\L-7July10_09052018.qgd","9/5/2018 12:52:46 AM","9/5/2018 1:28:54 AM","8200192","2DYHPD2\User"
"C:\GCMSsolution\Data\Project1\RMBL Data\Mullins Ligusticum\L-8July10_09052018.qgd","9/5/2018 12:16:36 AM","9/5/2018 12:52:39 AM","8101888","2DYHPD2\User"
"C:\GCMSsolution\Data\Project1\RMBL Data\Mullins Ligusticum\OQRepeat.txt","9/4/2018 9:23:49 AM","9/6/2018 7:03:19 PM","159","2DYHPD2\User"
"C:\GCMSsolution\Data\Project1\RMBL Data\Mullins Ligusticum\QAQCData.htm","9/4/2018 9:23:49 AM","9/6/2018 7:03:19 PM","495","2DYHPD2\User"
"C:\GCMSsolution\Data\Project1\RMBL Data\Mullins Ligusticum\QAQCData.txt","9/4/2018 9:23:49 AM","9/6/2018 7:03:19 PM","75","2DYHPD2\User"
"C:\GCMSsolution\Data\Project1\RMBL Data\Mullins Ligusticum\wport1Aug17_09062018.qgd","9/6/2018 1:18:19 PM","9/6/2018 1:54:36 PM","8470528","2DYHPD2\User"
"C:\GCMSsolution\Data\Project1\RMBL Data\Mullins Ligusticum\wport2Aug17_09062018.qgd","9/6/2018 1:54:41 PM","9/6/2018 2:30:56 PM","8572928","2DYHPD2\User"
"C:\GCMSsolution\Data\Project1\RMBL Data\OQRepeat.txt","7/16/2018 4:14:33 PM","7/16/2018 4:47:27 PM","323","2DYHPD2\User"
"C:\GCMSsolution\Data\Project1\RMBL Data\Penstemon r_08132017.qgd","8/13/2017 5:56:43 PM","8/14/2017 8:12:22 AM","8110080","2DYHPD2\User"
"C:\GCMSsolution\Data\Project1\RMBL Data\Plant10DryJuly19_07212017.qgd","7/21/2017 3:40:35 PM","7/21/2017 4:13:35 PM","7081984","2DYHPD2\User"
"C:\GCMSsolution\Data\Project1\RMBL Data\Plant10DryJuly23_07232017.qgd","7/23/2017 8:15:56 PM","7/23/2017 8:47:23 PM","6975488","2DYHPD2\User"
"C:\GCMSsolution\Data\Project1\RMBL Data\Plant10DryJuly26_07262017.qgd","7/26/2017 6:52:49 PM","7/26/2017 7:25:33 PM","6897664","2DYHPD2\User"
"C:\GCMSsolution\Data\Project1\RMBL Data\Plant10DryJuly28_07282017.qgd","7/28/2017 5:16:55 PM","7/28/2017 5:48:53 PM","6852608","2DYHPD2\User"
"C:\GCMSsolution\Data\Project1\RMBL Data\Plant10DryJuly28redo_07292017.qgd","7/29/2017 9:05:45 AM","7/29/2017 9:41:41 AM","6868992","2DYHPD2\User"
"C:\GCMSsolution\Data\Project1\RMBL Data\Plant10July31_07312017.qgd","7/31/2017 3:27:51 PM","7/31/2017 4:01:09 PM","6832128","2DYHPD2\User"
"C:\GCMSsolution\Data\Project1\RMBL Data\Plant11DryJuly19_07212017.qgd","7/21/2017 4:13:50 PM","7/21/2017 4:46:56 PM","7028736","2DYHPD2\User"
"C:\GCMSsolution\Data\Project1\RMBL Data\Plant11DryJuly23_07232017.qgd","7/23/2017 8:47:39 PM","7/23/2017 9:19:02 PM","7004160","2DYHPD2\User"
"C:\GCMSsolution\Data\Project1\RMBL Data\Plant11DryJuly26_07262017.qgd","7/26/2017 7:25:48 PM","7/26/2017 7:58:17 PM","6889472","2DYHPD2\User"
"C:\GCMSsolution\Data\Project1\RMBL Data\Plant11DryJuly28_07282017.qgd","7/28/2017 5:49:07 PM","7/28/2017 6:20:57 PM","6848512","2DYHPD2\User"
"C:\GCMSsolution\Data\Project1\RMBL Data\Plant11July31_07312017.qgd","7/31/2017 4:01:23 PM","7/31/2017 4:34:52 PM","6873088","2DYHPD2\User"
"C:\GCMSsolution\Data\Project1\RMBL Data\Plant12DryJuly19_07212017.qgd","7/21/2017 4:47:13 PM","7/21/2017 5:20:22 PM","6926336","2DYHPD2\User"
"C:\GCMSsolution\Data\Project1\RMBL Data\Plant12DryJuly23_07232017.qgd","7/23/2017 9:19:18 PM","7/23/2017 9:50:36 PM","6909952","2DYHPD2\User"
"C:\GCMSsolution\Data\Project1\RMBL Data\Plant12DryJuly26_07262017.qgd","7/26/2017 7:58:30 PM","7/26/2017 8:30:49 PM","7098368","2DYHPD2\User"
"C:\GCMSsolution\Data\Project1\RMBL Data\Plant12DryJuly28_07282017.qgd","7/28/2017 6:21:12 PM","7/28/2017 6:54:01 PM","6856704","2DYHPD2\User"
"C:\GCMSsolution\Data\Project1\RMBL Data\Plant12July31_07312017.qgd","7/31/2017 4:35:08 PM","7/31/2017 5:08:45 PM","6864896","2DYHPD2\User"
"C:\GCMSsolution\Data\Project1\RMBL Data\Plant13DryAug1_08012017.qgd","8/1/2017 2:40:50 PM","8/1/2017 3:13:41 PM","6901760","2DYHPD2\User"
"C:\GCMSsolution\Data\Project1\RMBL Data\Plant13DryJuly19_07212017.qgd","7/21/2017 5:20:37 PM","7/21/2017 5:53:52 PM","6914048","2DYHPD2\User"
"C:\GCMSsolution\Data\Project1\RMBL Data\Plant13DryJuly23_07232017.qgd","7/23/2017 9:50:53 PM","7/23/2017 10:22:10 PM","6893568","2DYHPD2\User"
"C:\GCMSsolution\Data\Project1\RMBL Data\Plant13DryJuly26_07262017.qgd","7/26/2017 8:31:04 PM","7/26/2017 9:03:52 PM","6905856","2DYHPD2\User"
"C:\GCMSsolution\Data\Project1\RMBL Data\Plant13DryJuly28_07282017.qgd","7/28/2017 6:54:15 PM","7/28/2017 7:26:52 PM","6881280","2DYHPD2\User"
"C:\GCMSsolution\Data\Project1\RMBL Data\Plant13DryJuly31_07312017.qgd","7/31/2017 5:09:01 PM","7/31/2017 5:35:32 PM","5013504","2DYHPD2\User"
"C:\GCMSsolution\Data\Project1\RMBL Data\Plant14DryAug1_08012017.qgd","8/1/2017 3:13:58 PM","8/1/2017 3:46:52 PM","6897664","2DYHPD2\User"
"C:\GCMSsolution\Data\Project1\RMBL Data\Plant14DryJuly19_07212017.qgd","7/21/2017 5:54:08 PM","7/21/2017 6:26:47 PM","7032832","2DYHPD2\User"
"C:\GCMSsolution\Data\Project1\RMBL Data\Plant14DryJuly23_07232017.qgd","7/23/2017 10:22:23 PM","7/23/2017 10:53:45 PM","6873088","2DYHPD2\User"
"C:\GCMSsolution\Data\Project1\RMBL Data\Plant14DryJuly26_07262017.qgd","7/26/2017 9:04:08 PM","7/26/2017 9:37:05 PM","6901760","2DYHPD2\User"
"C:\GCMSsolution\Data\Project1\RMBL Data\Plant14DryJuly28_07282017.qgd","7/28/2017 7:27:05 PM","7/28/2017 7:59:25 PM","6889472","2DYHPD2\User"
"C:\GCMSsolution\Data\Project1\RMBL Data\Plant15DryAug1_08012017.qgd","8/1/2017 3:47:09 PM","8/1/2017 4:20:20 PM","6971392","2DYHPD2\User"
"C:\GCMSsolution\Data\Project1\RMBL Data\Plant15DryJuly19_07212017.qgd","7/21/2017 6:27:01 PM","7/21/2017 6:59:13 PM","7139328","2DYHPD2\User"
"C:\GCMSsolution\Data\Project1\RMBL Data\Plant15DryJuly23_07232017.qgd","7/23/2017 10:54:01 PM","7/23/2017 11:25:16 PM","6967296","2DYHPD2\User"
"C:\GCMSsolution\Data\Project1\RMBL Data\Plant15DryJuly26_07262017.qgd","7/26/2017 9:37:19 PM","7/26/2017 10:10:09 PM","6971392","2DYHPD2\User"
"C:\GCMSsolution\Data\Project1\RMBL Data\Plant15DryJuly28_07282017.qgd","7/28/2017 7:59:39 PM","7/28/2017 8:30:34 PM","6799360","2DYHPD2\User"
"C:\GCMSsolution\Data\Project1\RMBL Data\Plant15DryJuly28redo_07292017.qgd","7/29/2017 7:46:22 AM","7/29/2017 8:17:15 AM","6877184","2DYHPD2\User"
"C:\GCMSsolution\Data\Project1\RMBL Data\Plant16DryJuly19_07212017.qgd","7/21/2017 6:59:30 PM","7/21/2017 7:31:26 PM","7188480","2DYHPD2\User"
"C:\GCMSsolution\Data\Project1\RMBL Data\Plant16DryJuly23_07232017.qgd","7/23/2017 11:25:32 PM","7/23/2017 11:56:31 PM","6897664","2DYHPD2\User"
"C:\GCMSsolution\Data\Project1\RMBL Data\Plant16DryJuly26_07262017.qgd","7/26/2017 10:10:22 PM","7/26/2017 10:43:07 PM","6873088","2DYHPD2\User"
"C:\GCMSsolution\Data\Project1\RMBL Data\Plant16DryJuly26redo_07282017.qgd","7/28/2017 9:35:17 PM","7/28/2017 10:05:51 PM","6807552","2DYHPD2\User"
"C:\GCMSsolution\Data\Project1\RMBL Data\Plant16DryJuly28_07282017.qgd","7/28/2017 8:30:48 PM","7/28/2017 9:02:52 PM","6877184","2DYHPD2\User"
"C:\GCMSsolution\Data\Project1\RMBL Data\Plant16DryJuly31_08012017.qgd","8/1/2017 12:07:05 PM","8/1/2017 12:38:50 PM","6852608","2DYHPD2\User"
"C:\GCMSsolution\Data\Project1\RMBL Data\Plant1DryJuly19_07212017.qgd","7/21/2017 10:48:37 AM","7/21/2017 11:19:18 AM","6782976","2DYHPD2\User"
"C:\GCMSsolution\Data\Project1\RMBL Data\Plant1DryJuly19_07222017.qgd","7/22/2017 6:57:40 AM","7/22/2017 7:28:34 AM","6852608","2DYHPD2\User"
"C:\GCMSsolution\Data\Project1\RMBL Data\Plant1DryJuly23_07232017.qgd","7/23/2017 3:27:28 PM","7/23/2017 3:59:55 PM","6848512","2DYHPD2\User"
"C:\GCMSsolution\Data\Project1\RMBL Data\Plant1DryJuly26_07262017.qgd","7/26/2017 1:53:16 PM","7/26/2017 2:25:49 PM","6873088","2DYHPD2\User"
"C:\GCMSsolution\Data\Project1\RMBL Data\Plant1DryJuly28_07282017.qgd","7/28/2017 1:30:00 PM","7/28/2017 2:02:52 PM","6848512","2DYHPD2\User"
"C:\GCMSsolution\Data\Project1\RMBL Data\Plant1DryJuly31_07312017.qgd","7/31/2017 12:43:40 PM","7/31/2017 1:16:19 PM","6914048","2DYHPD2\User"
"C:\GCMSsolution\Data\Project1\RMBL Data\Plant2DryJuly19_07212017.qgd","7/21/2017 11:19:32 AM","7/21/2017 11:51:53 AM","6922240","2DYHPD2\User"
"C:\GCMSsolution\Data\Project1\RMBL Data\Plant2DryJuly23_07232017.qgd","7/23/2017 4:00:08 PM","7/23/2017 4:32:47 PM","6856704","2DYHPD2\User"
"C:\GCMSsolution\Data\Project1\RMBL Data\Plant2DryJuly26_07262017.qgd","7/26/2017 2:26:02 PM","7/26/2017 2:58:52 PM","6840320","2DYHPD2\User"
"C:\GCMSsolution\Data\Project1\RMBL Data\Plant2DryJuly28_07282017.qgd","7/28/2017 2:03:04 PM","7/28/2017 2:35:29 PM","6852608","2DYHPD2\User"
"C:\GCMSsolution\Data\Project1\RMBL Data\Plant2DryJuly31_07312017.qgd","7/31/2017 1:16:34 PM","7/31/2017 1:48:35 PM","6856704","2DYHPD2\User"
"C:\GCMSsolution\Data\Project1\RMBL Data\Plant3DryJuly19_07212017.qgd","7/21/2017 11:52:09 AM","7/21/2017 12:24:51 PM","6909952","2DYHPD2\User"
"C:\GCMSsolution\Data\Project1\RMBL Data\Plant3DryJuly23_07223017.qgd","7/23/2017 4:33:03 PM","7/23/2017 5:04:52 PM","7032832","2DYHPD2\User"
"C:\GCMSsolution\Data\Project1\RMBL Data\Plant3DryJuly26_07262017.qgd","7/26/2017 2:59:06 PM","7/26/2017 3:31:55 PM","6860800","2DYHPD2\User"
"C:\GCMSsolution\Data\Project1\RMBL Data\Plant4DryJuly19_07212017.qgd","7/21/2017 12:25:06 PM","7/21/2017 12:57:08 PM","6885376","2DYHPD2\User"
"C:\GCMSsolution\Data\Project1\RMBL Data\Plant4DryJuly23_07232017.qgd","7/23/2017 5:05:07 PM","7/23/2017 5:37:42 PM","6922240","2DYHPD2\User"
"C:\GCMSsolution\Data\Project1\RMBL Data\Plant4DryJuly26_07262017.qgd","7/26/2017 3:32:10 PM","7/26/2017 4:04:55 PM","6873088","2DYHPD2\User"
"C:\GCMSsolution\Data\Project1\RMBL Data\Plant4DryJuly28_07282017.qgd","7/28/2017 2:35:42 PM","7/28/2017 3:07:45 PM","6868992","2DYHPD2\User"
"C:\GCMSsolution\Data\Project1\RMBL Data\Plant4July31_07312017.qgd","7/31/2017 1:48:51 PM","7/31/2017 2:21:20 PM","6844416","2DYHPD2\User"
"C:\GCMSsolution\Data\Project1\RMBL Data\Plant5DryJuly19_07212017.qgd","7/21/2017 12:57:23 PM","7/21/2017 1:29:28 PM","7135232","2DYHPD2\User"
"C:\GCMSsolution\Data\Project1\RMBL Data\Plant5DryJuly23_07232017.qgd","7/23/2017 5:37:58 PM","7/23/2017 6:08:55 PM","6819840","2DYHPD2\User"
"C:\GCMSsolution\Data\Project1\RMBL Data\Plant5DryJuly23_07242017.qgd","7/24/2017 7:33:41 AM","7/24/2017 8:04:29 AM","6914048","2DYHPD2\User"
"C:\GCMSsolution\Data\Project1\RMBL Data\Plant5DryJuly26_07262017.qgd","7/26/2017 4:05:10 PM","7/26/2017 4:37:53 PM","6860800","2DYHPD2\User"
"C:\GCMSsolution\Data\Project1\RMBL Data\Plant6DryJuly19_07212017.qgd","7/21/2017 1:29:42 PM","7/21/2017 2:01:58 PM","7122944","2DYHPD2\User"
"C:\GCMSsolution\Data\Project1\RMBL Data\Plant6DryJuly23_07232017.qgd","7/23/2017 6:09:11 PM","7/23/2017 6:41:11 PM","6959104","2DYHPD2\User"
"C:\GCMSsolution\Data\Project1\RMBL Data\Plant6DryJuly26_07262017.qgd","7/26/2017 4:38:09 PM","7/26/2017 5:11:32 PM","6873088","2DYHPD2\User"
"C:\GCMSsolution\Data\Project1\RMBL Data\Plant6DryJuly28_07282017.qgd","7/28/2017 3:07:59 PM","7/28/2017 3:39:57 PM","6864896","2DYHPD2\User"
"C:\GCMSsolution\Data\Project1\RMBL Data\Plant6July31_07312017.qgd","7/31/2017 2:21:33 PM","7/31/2017 2:54:29 PM","6856704","2DYHPD2\User"
"C:\GCMSsolution\Data\Project1\RMBL Data\Plant7DryJuly19_07212017.qgd","7/21/2017 2:02:11 PM","7/21/2017 2:34:20 PM","6832128","2DYHPD2\User"
"C:\GCMSsolution\Data\Project1\RMBL Data\Plant7DryJuly19_07222017.qgd","7/22/2017 7:28:48 AM","7/22/2017 7:59:49 AM","6901760","2DYHPD2\User"
"C:\GCMSsolution\Data\Project1\RMBL Data\Plant7DryJuly23_07232017.qgd","7/23/2017 6:41:24 PM","7/23/2017 7:12:00 PM","6832128","2DYHPD2\User"
"C:\GCMSsolution\Data\Project1\RMBL Data\Plant7DryJuly23_07242017.qgd","7/24/2017 8:04:42 AM","7/24/2017 8:35:08 AM","6811648","2DYHPD2\User"
"C:\GCMSsolution\Data\Project1\RMBL Data\Plant7DryJuly26_07262017.qgd","7/26/2017 5:11:46 PM","7/26/2017 5:45:19 PM","6864896","2DYHPD2\User"
"C:\GCMSsolution\Data\Project1\RMBL Data\Plant7DryJuly28_07282017.qgd","7/28/2017 3:40:12 PM","7/28/2017 4:12:10 PM","6856704","2DYHPD2\User"
"C:\GCMSsolution\Data\Project1\RMBL Data\Plant7DryredoJuly23_07242017.qgd","7/24/2017 8:40:38 AM","7/24/2017 9:12:58 AM","6864896","2DYHPD2\User"
"C:\GCMSsolution\Data\Project1\RMBL Data\Plant8DryJuly19_07212017.qgd","7/21/2017 2:34:35 PM","7/21/2017 3:07:20 PM","6942720","2DYHPD2\User"
"C:\GCMSsolution\Data\Project1\RMBL Data\Plant8DryJuly23_07232017.qgd","7/23/2017 7:12:13 PM","7/23/2017 7:43:53 PM","6946816","2DYHPD2\User"
"C:\GCMSsolution\Data\Project1\RMBL Data\Plant8DryJuly26_07262017.qgd","7/26/2017 5:45:33 PM","7/26/2017 6:19:08 PM","6885376","2DYHPD2\User"
"C:\GCMSsolution\Data\Project1\RMBL Data\Plant8DryJuly28_07282017.qgd","7/28/2017 4:12:24 PM","7/28/2017 4:44:22 PM","6864896","2DYHPD2\User"
"C:\GCMSsolution\Data\Project1\RMBL Data\Plant8July31_07312017.qgd","7/31/2017 2:54:44 PM","7/31/2017 3:27:35 PM","6877184","2DYHPD2\User"
"C:\GCMSsolution\Data\Project1\RMBL Data\Plant9DryAug1_08012017.qgd","8/1/2017 2:08:04 PM","8/1/2017 2:40:36 PM","6930432","2DYHPD2\User"
"C:\GCMSsolution\Data\Project1\RMBL Data\Plant9DryJuly19_07212017.qgd","7/21/2017 3:07:33 PM","7/21/2017 3:40:23 PM","7192576","2DYHPD2\User"
"C:\GCMSsolution\Data\Project1\RMBL Data\Plant9DryJuly23_07232017.qgd","7/23/2017 7:44:09 PM","7/23/2017 8:15:41 PM","6885376","2DYHPD2\User"
"C:\GCMSsolution\Data\Project1\RMBL Data\Plant9DryJuly26_07262017.qgd","7/26/2017 6:19:23 PM","7/26/2017 6:52:33 PM","6905856","2DYHPD2\User"
"C:\GCMSsolution\Data\Project1\RMBL Data\Plant9DryJuly28_07282017.qgd","7/28/2017 4:44:37 PM","7/28/2017 5:16:38 PM","6877184","2DYHPD2\User"
"C:\GCMSsolution\Data\Project1\RMBL Data\Polemonium f_08132017.qgd","8/13/2017 5:19:38 PM","8/14/2017 8:03:54 AM","8159232","2DYHPD2\User"
"C:\GCMSsolution\Data\Project1\RMBL Data\Pot10N_07132017.qgd","7/13/2017 9:04:13 PM","7/13/2017 9:40:19 PM","6803456","2DYHPD2\User"
"C:\GCMSsolution\Data\Project1\RMBL Data\PotaggN_07132017.qgd","7/13/2017 9:40:35 PM","7/13/2017 10:11:24 PM","6848512","2DYHPD2\User"
"C:\GCMSsolution\Data\Project1\RMBL Data\Pstrictus685_07072017.qgd","7/7/2017 11:55:17 AM","7/7/2017 12:29:48 PM","6823936","2DYHPD2\User"
"C:\GCMSsolution\Data\Project1\RMBL Data\Pump2test_07232017.qgd","7/23/2017 1:15:16 PM","7/23/2017 1:47:08 PM","7139328","2DYHPD2\User"
"C:\GCMSsolution\Data\Project1\RMBL Data\Pump4test_07232017.qgd","7/23/2017 12:42:47 PM","7/23/2017 1:15:00 PM","6828032","2DYHPD2\User"
"C:\GCMSsolution\Data\Project1\RMBL Data\QAQCData.htm","7/16/2018 4:14:33 PM","7/16/2018 4:47:27 PM","496","2DYHPD2\User"
"C:\GCMSsolution\Data\Project1\RMBL Data\QAQCData.txt","7/16/2018 4:14:33 PM","7/16/2018 4:14:33 PM","76","2DYHPD2\User"
"C:\GCMSsolution\Data\Project1\RMBL Data\Senwoo4 July 23_07252018.qgd","7/25/2018 8:36:59 PM","7/25/2018 9:13:40 PM","8081408","2DYHPD2\User"
"C:\GCMSsolution\Data\Project1\RMBL Data\STD3uL0.0001_07112017.qgd","7/11/2017 2:27:30 PM","7/9/2019 2:47:55 PM","7487488","2DYHPD2\User"
"C:\GCMSsolution\Data\Project1\RMBL Data\STD3uL0.0001_07122017.qgd","7/12/2017 10:14:58 AM","7/9/2019 2:51:04 PM","7335936","2DYHPD2\User"
"C:\GCMSsolution\Data\Project1\RMBL Data\STD3uL0.0001_07242017.qgd","7/24/2017 4:30:42 PM","7/9/2019 2:54:28 PM","7286784","2DYHPD2\User"
"C:\GCMSsolution\Data\Project1\RMBL Data\STD3uL0.0001_07252017.qgd","7/25/2017 8:47:12 AM","7/9/2019 2:57:36 PM","7307264","2DYHPD2\User"
"C:\GCMSsolution\Data\Project1\RMBL Data\STD3uL0.001_07112017.qgd","7/11/2017 3:13:10 PM","7/9/2019 3:00:52 PM","7434240","2DYHPD2\User"
"C:\GCMSsolution\Data\Project1\RMBL Data\STD3uL0.001_07122017.qgd","7/12/2017 9:37:17 AM","7/9/2019 3:04:13 PM","7491584","2DYHPD2\User"
"C:\GCMSsolution\Data\Project1\RMBL Data\STD3uL0.001_07132017.qgd","7/13/2017 1:37:41 PM","7/9/2019 3:07:17 PM","7254016","2DYHPD2\User"
"C:\GCMSsolution\Data\Project1\RMBL Data\STD3uL0.001_07242017.qgd","7/24/2017 5:03:07 PM","7/9/2019 3:10:00 PM","7430144","2DYHPD2\User"
"C:\GCMSsolution\Data\Project1\RMBL Data\STD3uL0.01_06302017.qgd","6/30/2017 12:38:50 PM","7/9/2019 3:13:22 PM","7241728","2DYHPD2\User"
"C:\GCMSsolution\Data\Project1\RMBL Data\STD3uL0.01_07102017.qgd","7/10/2017 7:35:45 PM","7/9/2019 3:16:28 PM","7233536","2DYHPD2\User"
"C:\GCMSsolution\Data\Project1\RMBL Data\STD3uL0.01_07112017.qgd","7/11/2017 3:46:24 PM","7/9/2019 3:19:35 PM","7553024","2DYHPD2\User"
"C:\GCMSsolution\Data\Project1\RMBL Data\STD3uL0.01_07242017.qgd","7/24/2017 5:36:03 PM","7/9/2019 3:23:01 PM","7372800","2DYHPD2\User"
"C:\GCMSsolution\Data\Project1\RMBL Data\STD3uL0.01_07252017.qgd","7/25/2017 9:18:13 AM","7/9/2019 3:24:49 PM","7307264","2DYHPD2\User"
"C:\GCMSsolution\Data\Project1\RMBL Data\STD3uL0.01rep_07252017.qgd","7/25/2017 9:49:18 AM","7/9/2019 3:27:52 PM","7225344","2DYHPD2\User"
"C:\GCMSsolution\Data\Project1\RMBL Data\STD3uL0.1_06302017.qgd","6/30/2017 11:56:03 AM","7/9/2019 3:29:45 PM","7274496","2DYHPD2\User"
"C:\GCMSsolution\Data\Project1\RMBL Data\STD3uL0.1_07102017.qgd","7/10/2017 6:50:57 PM","7/9/2019 3:32:53 PM","7258112","2DYHPD2\User"
"C:\GCMSsolution\Data\Project1\RMBL Data\STD3uL0.1_07242017.qgd","7/24/2017 6:08:03 PM","7/9/2019 3:35:58 PM","7458816","2DYHPD2\User"
"C:\GCMSsolution\Data\Project1\RMBL Data\STD3uL0.1rep_07242017.qgd","7/24/2017 6:40:37 PM","7/9/2019 2:44:42 PM","7495680","2DYHPD2\User"
"C:\GCMSsolution\Data\Project1\RMBL Data\testOutput.txt","7/23/2017 3:41:12 PM","7/23/2017 3:42:51 PM","145","2DYHPD2\User"
"C:\GCMSsolution\Data\Project1\RMBL Data\Valerian floral.qgd","6/15/2017 4:30:04 PM","6/15/2017 5:20:40 PM","3325952","2DYHPD2\User"
"C:\GCMSsolution\Data\Project1\RMBL Data\Valerian veg.qgd","6/15/2017 7:35:29 PM","6/15/2017 8:04:37 PM","2973696","2DYHPD2\User"
"C:\GCMSsolution\Data\Project1\RMBL Data\VF1D07102017_07122017.qgd","7/12/2017 10:46:32 AM","7/12/2017 11:18:08 AM","7008256","2DYHPD2\User"
"C:\GCMSsolution\Data\Project1\RMBL Data\VF1D07142017_07152017.qgd","7/15/2017 8:35:38 AM","7/15/2017 9:06:28 AM","7204864","2DYHPD2\User"
"C:\GCMSsolution\Data\Project1\RMBL Data\VF207102017_07122017.qgd","7/12/2017 11:18:22 AM","7/12/2017 11:50:06 AM","6942720","2DYHPD2\User"
"C:\GCMSsolution\Data\Project1\RMBL Data\VF2D07142017_07152017.qgd","7/15/2017 9:06:43 AM","7/15/2017 9:37:38 AM","7147520","2DYHPD2\User"
"C:\GCMSsolution\Data\Project1\RMBL Data\VF307102017_07122017.qgd","7/12/2017 11:50:21 AM","7/12/2017 12:27:30 PM","6791168","2DYHPD2\User"
"C:\GCMSsolution\Data\Project1\RMBL Data\VF4D07102017_07132017.qgd","7/13/2017 9:36:49 AM","7/13/2017 10:07:57 AM","6770688","2DYHPD2\User"
"C:\GCMSsolution\Data\Project1\RMBL Data\VF4D07142017_07142017.qgd","7/14/2017 2:35:11 PM","7/14/2017 2:58:06 PM","4456448","2DYHPD2\User"
"C:\GCMSsolution\Data\Project1\RMBL Data\VF5D07102017_07132017.qgd","7/13/2017 10:08:10 AM","7/13/2017 10:39:35 AM","6774784","2DYHPD2\User"
"C:\GCMSsolution\Data\Project1\RMBL Data\VF6D07102017_07132017.qgd","7/13/2017 10:39:48 AM","7/13/2017 11:11:31 AM","6770688","2DYHPD2\User"
"C:\GCMSsolution\Data\Project1\RMBL Data\VF6D07142017_07142017.qgd","7/14/2017 7:13:55 PM","7/14/2017 7:44:55 PM","6848512","2DYHPD2\User"
"C:\GCMSsolution\Data\Project1\RMBL Data\VF7D07102017_07142017.qgd","7/14/2017 7:45:07 PM","7/14/2017 8:16:17 PM","7122944","2DYHPD2\User"
"C:\GCMSsolution\Data\Project1\RMBL Data\VF7D07142017_07142017.qgd","7/14/2017 8:16:34 PM","7/14/2017 8:47:35 PM","7151616","2DYHPD2\User"
"C:\GCMSsolution\Data\Project1\RMBL Data\VF8D07102017_07152017.qgd","7/15/2017 9:37:55 AM","7/15/2017 10:08:56 AM","6901760","2DYHPD2\User"
"C:\GCMSsolution\Data\Project1\RMBL Data\VF8D07142017_07152017.qgd","7/15/2017 10:09:11 AM","7/15/2017 10:40:28 AM","7065600","2DYHPD2\User"
"C:\GCMSsolution\Data\Project1\RMBL Data\VF9D07102017_07142017.qgd","7/14/2017 8:47:51 PM","7/14/2017 9:19:07 PM","6955008","2DYHPD2\User"
"C:\GCMSsolution\Data\Project1\RMBL Data\VF9D07142017_07140217.qgd","7/14/2017 9:19:20 PM","7/14/2017 9:50:35 PM","7131136","2DYHPD2\User"
"C:\GCMSsolution\Data\Project1\RMBL Data\VFAIR07102017_07132017.qgd","7/13/2017 11:11:47 AM","7/13/2017 11:43:48 AM","6946816","2DYHPD2\User"
"C:\GCMSsolution\Data\Project1\RMBL Data\volarium.qgd","6/15/2017 1:47:21 PM","6/15/2017 4:57:53 PM","8105984","2DYHPD2\User"
"C:\GCMSsolution\Data\Project1\RMBL Methods","6/15/2017 3:06:27 PM","7/16/2021 4:26:56 PM",,"2DYHPD2\User"
"C:\GCMSsolution\Data\Project1\RMBL Methods\ADAMS DB5 method.qgm","8/10/2018 5:48:50 PM","7/9/2019 1:44:30 PM","126976","2DYHPD2\User"
"C:\GCMSsolution\Data\Project1\RMBL Methods\Chill Method 6-15-2017.qgm","6/15/2017 6:02:39 PM","6/15/2018 1:20:17 PM","184320","2DYHPD2\User"
"C:\GCMSsolution\Data\Project1\RMBL Methods\Chill Method 6-16-2017.qgm","6/16/2017 11:48:05 AM","6/16/2017 11:48:05 AM","135168","2DYHPD2\User"
"C:\GCMSsolution\Data\Project1\RMBL Methods\Chill Method 6-16b-2017.qgm","6/16/2017 5:42:57 PM","6/16/2017 5:50:52 PM","163840","2DYHPD2\User"
"C:\GCMSsolution\Data\Project1\RMBL Methods\Chill Method 6-17-2018.qgm","6/17/2018 9:51:04 AM","6/17/2018 9:51:04 AM","135168","2DYHPD2\User"
"C:\GCMSsolution\Data\Project1\RMBL Methods\Chill Method 6-26-2018.qgm","6/26/2018 2:32:25 PM","6/23/2021 4:48:24 PM","184320","2DYHPD2\User"
"C:\GCMSsolution\Data\Project1\RMBL Methods\Column conditioning DB5.qgm","8/18/2018 11:05:26 AM","7/17/2019 3:55:37 PM","147456","2DYHPD2\User"
"C:\GCMSsolution\Data\Project1\RMBL Methods\Corydalis.qgm","7/16/2021 4:26:38 PM","8/16/2021 10:36:47 PM","110592","2DYHPD2\User"
"C:\GCMSsolution\Data\Project1\RMBL Methods\DB5 10deg method.qgm","8/12/2017 2:56:56 PM","8/14/2021 11:18:37 AM","147456","2DYHPD2\User"
"C:\GCMSsolution\Data\Project1\RMBL Methods\DB5 5deg method.qgm","8/12/2017 2:59:13 PM","8/12/2017 2:59:51 PM","131072","2DYHPD2\User"
"C:\GCMSsolution\Data\Project1\RMBL Methods\IpoGC106222017.qgm","6/22/2017 4:23:55 PM","6/22/2017 4:48:30 PM","106496","2DYHPD2\User"
"C:\GCMSsolution\Data\Project1\RMBL Methods\IpoGC206302017 b.qgm","6/30/2017 11:53:55 AM","6/30/2017 11:53:55 AM","106496","2DYHPD2\User"
"C:\GCMSsolution\Data\Project1\RMBL Methods\IpoGC206302017.qgm","7/29/2017 12:23:09 PM","6/30/2017 11:53:55 AM","106496","2DYHPD2\User"
"C:\GCMSsolution\Data\Project1\RMBL Methods\Markes Ipo 1.5.qgm","7/16/2019 7:04:20 AM","7/16/2019 8:58:23 AM","110592","2DYHPD2\User"
"C:\GCMSsolution\Data\Project1\RMBL Methods\Markes Ipo 1.qgm","8/27/2017 8:34:13 AM","8/27/2021 6:05:48 PM","147456","2DYHPD2\User"
"C:\GCMSsolution\Data\Project1\RMBL Methods\Markes Ipo 275.qgm","7/16/2019 7:01:00 AM","7/16/2019 7:54:18 AM","110592","2DYHPD2\User"
"C:\GCMSsolution\Data\Project1\RMBL Methods\Markes Ipo 35.qgm","7/16/2019 7:03:16 AM","7/16/2019 8:27:09 AM","110592","2DYHPD2\User"
"C:\GCMSsolution\Data\Project1\RMBL Methods\Markes Ipo 5purge.qgm","6/25/2018 1:44:09 PM","6/25/2018 2:10:09 PM","110592","2DYHPD2\User"
"C:\GCMSsolution\Data\Project1\RMBL Methods\Markes Ipo pressure.qgm","6/26/2018 12:45:02 PM","6/26/2018 1:02:15 PM","110592","2DYHPD2\User"
"C:\GCMSsolution\Data\Project1\RMBL Methods\Markes test 1 b.qgm","7/11/2017 12:00:30 PM","8/12/2017 6:04:59 PM","110592","2DYHPD2\User"
"C:\GCMSsolution\Data\Project1\RMBL Methods\Markes test 1.qgm","7/29/2017 12:22:52 PM","7/9/2019 9:29:39 AM","110592","2DYHPD2\User"
"C:\GCMSsolution\Data\Project1\RMBL Methods\Markes test.qgm","6/22/2017 11:03:01 AM","6/22/2017 4:23:09 PM","114688","2DYHPD2\User"
"C:\GCMSsolution\Data\Project1\RMBL Methods\Paul_190803a.qgb","8/3/2019 10:59:42 AM","8/3/2019 10:59:42 AM","40960","2DYHPD2\User"
"C:\GCMSsolution\Data\Project1\RMBL Methods\Rmbl 06152017 spme.qgm","6/15/2017 4:18:22 PM","6/15/2017 4:30:04 PM","172032","2DYHPD2\User"
"C:\GCMSsolution\Data\Project1\RMBL Methods\Rmbl 06152017.qgm","6/15/2017 4:58:50 PM","6/15/2017 4:58:50 PM","151552","2DYHPD2\User"
"C:\GCMSsolution\Data\Project1\RMBL Reports","6/15/2017 3:06:41 PM","6/15/2017 3:06:41 PM",,"2DYHPD2\User"
"C:\GCMSsolution\Data\Project1\Samples_210720.txt","8/5/2021 1:56:33 PM","8/5/2021 1:57:06 PM","204621","2DYHPD2\User"
"C:\GCMSsolution\Data\Project1\Samples_210721.txt","8/7/2021 11:54:55 AM","8/7/2021 11:55:11 AM","111054","2DYHPD2\User"
"C:\GCMSsolution\Data\Project1\SIT","1/31/2017 9:08:32 AM","6/14/2018 5:07:32 PM",,"2DYHPD2\User"
"C:\GCMSsolution\Data\Project1\SIT\Blank_000.qgd","2/1/2017 12:23:04 PM","2/1/2017 12:34:19 PM","700416","2DYHPD2\User"
"C:\GCMSsolution\Data\Project1\SIT\Blank_001.qgd","2/1/2017 12:35:28 PM","2/1/2017 12:51:55 PM","700416","2DYHPD2\User"
"C:\GCMSsolution\Data\Project1\SIT\Blank_002.qgd","2/1/2017 12:53:03 PM","2/1/2017 1:09:27 PM","700416","2DYHPD2\User"
"C:\GCMSsolution\Data\Project1\SIT\Blank_003.qgd","6/15/2017 9:12:52 AM","6/15/2017 9:24:25 AM","700416","2DYHPD2\User"
"C:\GCMSsolution\Data\Project1\SIT\Blank_004.qgd","6/15/2017 9:25:33 AM","6/15/2017 9:43:35 AM","700416","2DYHPD2\User"
"C:\GCMSsolution\Data\Project1\SIT\Blank_005.qgd","6/15/2017 9:44:46 AM","6/15/2017 10:02:41 AM","700416","2DYHPD2\User"
"C:\GCMSsolution\Data\Project1\SIT\EI_CV_TEST_2020.qgb","1/31/2017 9:08:46 AM","6/15/2018 10:12:00 AM","12288","2DYHPD2\User"
"C:\GCMSsolution\Data\Project1\SIT\EI_IDL_TEST_2020.qgb","1/31/2017 9:08:46 AM","6/15/2017 6:08:54 PM","45056","2DYHPD2\User"
"C:\GCMSsolution\Data\Project1\SIT\EI_IDL_TEST_2020.qgm","1/31/2017 9:08:46 AM","6/15/2017 1:30:02 PM","184320","2DYHPD2\User"
"C:\GCMSsolution\Data\Project1\SIT\EI_IDL_TEST_2020_000.qgd","2/1/2017 1:10:35 PM","2/1/2017 1:27:10 PM","700416","2DYHPD2\User"
"C:\GCMSsolution\Data\Project1\SIT\EI_IDL_TEST_2020_001.qgd","2/1/2017 1:28:21 PM","2/1/2017 1:44:45 PM","700416","2DYHPD2\User"
"C:\GCMSsolution\Data\Project1\SIT\EI_IDL_TEST_2020_002.qgd","2/1/2017 1:45:57 PM","2/1/2017 2:02:28 PM","700416","2DYHPD2\User"
"C:\GCMSsolution\Data\Project1\SIT\EI_IDL_TEST_2020_003.qgd","2/1/2017 2:03:39 PM","2/1/2017 2:20:03 PM","700416","2DYHPD2\User"
"C:\GCMSsolution\Data\Project1\SIT\EI_IDL_TEST_2020_004.qgd","2/1/2017 2:21:11 PM","2/1/2017 2:37:49 PM","700416","2DYHPD2\User"
"C:\GCMSsolution\Data\Project1\SIT\EI_IDL_TEST_2020_005.qgd","2/1/2017 2:39:00 PM","2/1/2017 2:55:24 PM","700416","2DYHPD2\User"
"C:\GCMSsolution\Data\Project1\SIT\EI_IDL_TEST_2020_006.qgd","2/1/2017 2:56:33 PM","2/1/2017 3:13:07 PM","700416","2DYHPD2\User"
"C:\GCMSsolution\Data\Project1\SIT\EI_IDL_TEST_2020_007.qgd","2/1/2017 3:14:18 PM","2/1/2017 3:30:42 PM","700416","2DYHPD2\User"
"C:\GCMSsolution\Data\Project1\SIT\EI_IDL_TEST_2020_008.qgd","2/1/2017 3:31:50 PM","2/1/2017 3:48:24 PM","700416","2DYHPD2\User"
"C:\GCMSsolution\Data\Project1\SIT\EI_IDL_TEST_2020_009.qgd","2/1/2017 3:49:36 PM","2/1/2017 4:06:00 PM","700416","2DYHPD2\User"
"C:\GCMSsolution\Data\Project1\SIT\EI_IDL_TEST_2020_010.qgd","6/15/2017 10:03:50 AM","6/15/2017 10:21:54 AM","700416","2DYHPD2\User"
"C:\GCMSsolution\Data\Project1\SIT\EI_IDL_TEST_2020_011.qgd","6/15/2017 10:23:02 AM","6/15/2017 10:41:01 AM","700416","2DYHPD2\User"
"C:\GCMSsolution\Data\Project1\SIT\EI_IDL_TEST_2020_012.qgd","6/15/2017 10:42:09 AM","6/15/2017 11:00:20 AM","700416","2DYHPD2\User"
"C:\GCMSsolution\Data\Project1\SIT\EI_IDL_TEST_2020_013.qgd","6/15/2017 11:01:31 AM","6/15/2017 11:19:34 AM","700416","2DYHPD2\User"
"C:\GCMSsolution\Data\Project1\SIT\EI_IDL_TEST_2020_014.qgd","6/15/2017 11:20:45 AM","6/15/2017 11:45:25 AM","696320","2DYHPD2\User"
"C:\GCMSsolution\Data\Project1\SIT\EI_IDL_TEST_2020_015.qgd","6/15/2017 11:39:59 AM","6/15/2017 11:57:57 AM","700416","2DYHPD2\User"
"C:\GCMSsolution\Data\Project1\SIT\EI_IDL_TEST_2020_016.qgd","6/15/2017 11:59:09 AM","6/15/2017 12:17:14 PM","700416","2DYHPD2\User"
"C:\GCMSsolution\Data\Project1\SIT\EI_IDL_TEST_2020_017.qgd","6/15/2017 12:18:26 PM","6/15/2017 12:36:20 PM","700416","2DYHPD2\User"
"C:\GCMSsolution\Data\Project1\SIT\EI_IDL_TEST_2020_018.qgd","6/15/2017 12:37:29 PM","6/15/2017 12:55:30 PM","700416","2DYHPD2\User"
"C:\GCMSsolution\Data\Project1\SIT\EI_IDL_TEST_2020_019.qgd","6/15/2017 12:56:40 PM","6/15/2017 1:14:32 PM","700416","2DYHPD2\User"
"C:\GCMSsolution\Data\Project1\SIT\EI_IDL_TEST_2020_020.qgd","6/15/2017 1:20:59 PM","6/15/2017 1:30:02 PM","516096","2DYHPD2\User"
"C:\GCMSsolution\Data\Project1\SIT\EI_SN_report_2020.qgr","1/31/2017 9:08:46 AM","5/11/2016 9:15:32 AM","30208","2DYHPD2\User"
"C:\GCMSsolution\Data\Project1\SIT\EI_SN_TEST_2020.qgb","1/31/2017 9:08:46 AM","2/1/2017 12:12:30 PM","14848","2DYHPD2\User"
"C:\GCMSsolution\Data\Project1\SIT\EI_SN_TEST_2020.qgm","1/31/2017 9:08:46 AM","6/14/2017 5:32:01 PM","139776","2DYHPD2\User"
"C:\GCMSsolution\Data\Project1\SIT\EI_TEST_2020.qgm","1/31/2017 9:08:46 AM","6/14/2017 10:09:19 PM","137728","2DYHPD2\User"
"C:\GCMSsolution\Data\Project1\SIT\IDL_Calculation_Tool_20151214.xlsx","2/2/2017 7:37:41 AM","2/2/2017 7:37:42 AM","11371","2DYHPD2\User"
"C:\GCMSsolution\Data\Project1\SIT\MS Quantitative Browser Report.qgr","2/2/2017 9:52:59 AM","2/2/2017 9:53:01 AM","28672","2DYHPD2\User"
"C:\GCMSsolution\Data\Project1\SIT\OQRepeat.txt","2/1/2017 8:49:05 AM","6/14/2018 5:39:53 PM","273","2DYHPD2\User"
"C:\GCMSsolution\Data\Project1\SIT\QAQCData.htm","2/2/2017 7:52:37 AM","6/14/2018 5:39:53 PM","496","2DYHPD2\User"
"C:\GCMSsolution\Data\Project1\SIT\QAQCData.txt","2/2/2017 7:52:37 AM","6/14/2018 5:07:32 PM","76","2DYHPD2\User"
"C:\GCMSsolution\Data\Project1\SIT\Repeat_000.qgd","2/2/2017 7:43:55 AM","2/2/2017 7:52:37 AM","1949696","2DYHPD2\User"
"C:\GCMSsolution\Data\Project1\SIT\Repeat_001.qgd","2/2/2017 7:56:49 AM","2/2/2017 9:50:25 AM","1937408","2DYHPD2\User"
"C:\GCMSsolution\Data\Project1\SIT\Repeat_002.qgd","2/2/2017 8:14:49 AM","2/2/2017 9:50:25 AM","1937408","2DYHPD2\User"
"C:\GCMSsolution\Data\Project1\SIT\Repeat_003.qgd","2/2/2017 8:33:01 AM","2/2/2017 9:50:26 AM","1937408","2DYHPD2\User"
"C:\GCMSsolution\Data\Project1\SIT\Repeat_004.qgd","2/2/2017 8:51:02 AM","2/2/2017 9:50:26 AM","1941504","2DYHPD2\User"
"C:\GCMSsolution\Data\Project1\SIT\Repeat_005.qgd","2/2/2017 9:09:09 AM","2/2/2017 9:50:26 AM","1941504","2DYHPD2\User"
"C:\GCMSsolution\Data\Project1\SIT\SN_TEST_001.qgd","2/1/2017 8:13:59 AM","2/1/2017 12:06:07 PM","1454080","2DYHPD2\User"
"C:\GCMSsolution\Data\Project1\STDs10degmin","8/8/2018 2:53:10 PM","8/24/2018 9:52:22 AM",,"2DYHPD2\User"
"C:\GCMSsolution\Data\Project1\STDs10degmin\3uL0.0001Tendeg_08092018.qgd","8/9/2018 5:36:04 AM","7/9/2019 1:36:58 PM","8474624","2DYHPD2\User"
"C:\GCMSsolution\Data\Project1\STDs10degmin\Alkanes3uL0.01_08122018.qgd","8/12/2018 2:40:24 PM","7/9/2019 1:39:15 PM","8548352","2DYHPD2\User"
"C:\GCMSsolution\Data\Project1\STDs10degmin\Alkanes3uL0.01Adams_08112018.qgd","8/11/2018 1:26:25 PM","7/9/2019 1:41:18 PM","7270400","2DYHPD2\User"
"C:\GCMSsolution\Data\Project1\STDs10degmin\Alkanes3uL0.01Adams08122018.qgd","8/12/2018 8:52:55 AM","7/9/2019 1:41:45 PM","651264","2DYHPD2\User"
"C:\GCMSsolution\Data\Project1\STDs10degmin\Alkanes3uL0.01Adamsrep_08122018.qgd","8/12/2018 10:44:55 AM","7/9/2019 1:44:30 PM","18038784","2DYHPD2\User"
"C:\GCMSsolution\Data\Project1\STDs10degmin\Alkanes3uL0.01Tendeg_08112018.qgd","8/11/2018 12:11:50 PM","7/9/2019 1:46:29 PM","8654848","2DYHPD2\User"
"C:\GCMSsolution\Data\Project1\STDs10degmin\Bake_08082018.qgd","8/8/2018 3:53:32 PM","8/8/2018 4:36:43 PM","6815744","2DYHPD2\User"
"C:\GCMSsolution\Data\Project1\STDs10degmin\Bake_08092018.qgd","8/9/2018 4:52:47 AM","8/9/2018 5:35:51 AM","6893568","2DYHPD2\User"
"C:\GCMSsolution\Data\Project1\STDs10degmin\Blank_08112018.qgd","8/11/2018 11:30:57 AM","8/11/2018 12:11:47 PM","8105984","2DYHPD2\User"
"C:\GCMSsolution\Data\Project1\STDs10degmin\Blank_08122018.qgd","8/12/2018 7:32:37 AM","8/12/2018 8:13:37 AM","8159232","2DYHPD2\User"
"C:\GCMSsolution\Data\Project1\STDs10degmin\Blank2_08112018.qgd","8/11/2018 12:49:12 PM","8/11/2018 1:26:20 PM","8015872","2DYHPD2\User"
"C:\GCMSsolution\Data\Project1\STDs10degmin\Blank3_08112018.qgd","8/11/2018 4:09:12 PM","8/11/2018 4:27:41 PM","348160","2DYHPD2\User"
"C:\GCMSsolution\Data\Project1\STDs10degmin\Blank4_08242018.qgd","8/24/2018 9:45:02 AM","8/24/2018 1:00:48 AM","8007680","2DYHPD2\User"
"C:\GCMSsolution\Data\Project1\STDs10degmin\STD3mix3uL0.01_08122018.qgd","8/12/2018 12:00:12 PM","7/9/2019 1:49:24 PM","8531968","2DYHPD2\User"
"C:\GCMSsolution\Data\Project1\STDs10degmin\STD3mix3uL0.01rep_08122018.qgd","8/12/2018 1:59:43 PM","7/9/2019 1:51:56 PM","8503296","2DYHPD2\User"
"C:\GCMSsolution\Data\Project1\STDs10degmin\Std3uL0.0001Aug24_0.0001A_08242018.qgd","8/24/2018 9:45:02 AM","7/9/2019 1:55:12 PM","8544256","2DYHPD2\User"
"C:\GCMSsolution\Data\Project1\STDs10degmin\Std3uL0.0001Aug24_0.0001B_08242018.qgd","8/24/2018 9:45:02 AM","7/9/2019 1:58:26 PM","8548352","2DYHPD2\User"
"C:\GCMSsolution\Data\Project1\STDs10degmin\Std3uL0.0001Aug24_0.0001C_08242018.qgd","8/24/2018 9:45:02 AM","7/9/2019 2:01:50 PM","8486912","2DYHPD2\User"
"C:\GCMSsolution\Data\Project1\STDs10degmin\STD3uL0.001_08182018.qgd","8/18/2018 4:33:28 PM","7/9/2019 2:04:50 PM","9007104","2DYHPD2\User"
"C:\GCMSsolution\Data\Project1\STDs10degmin\Std3uL0.001Aug24_0.001A_08242018.qgd","8/24/2018 9:45:02 AM","7/9/2019 2:07:35 PM","8486912","2DYHPD2\User"
"C:\GCMSsolution\Data\Project1\STDs10degmin\Std3uL0.001Aug24_0.001B_08242018.qgd","8/24/2018 9:45:02 AM","7/9/2019 2:10:40 PM","8499200","2DYHPD2\User"
"C:\GCMSsolution\Data\Project1\STDs10degmin\Std3uL0.001Aug24_0.001C_08242018.qgd","8/24/2018 9:45:02 AM","7/9/2019 2:13:52 PM","8486912","2DYHPD2\User"
"C:\GCMSsolution\Data\Project1\STDs10degmin\STD3uL0.001Tendeg_08092018.qgd","8/9/2018 6:11:51 AM","7/9/2019 2:16:44 PM","8462336","2DYHPD2\User"
"C:\GCMSsolution\Data\Project1\STDs10degmin\STD3uL0.01_08182018.qgd","8/18/2018 5:10:37 PM","7/9/2019 2:19:21 PM","8970240","2DYHPD2\User"
"C:\GCMSsolution\Data\Project1\STDs10degmin\Std3uL0.01Aug24_0.01A_08242018.qgd","8/24/2018 9:45:02 AM","7/9/2019 2:21:58 PM","8495104","2DYHPD2\User"
"C:\GCMSsolution\Data\Project1\STDs10degmin\Std3uL0.01Aug24_0.01B_08242018.qgd","8/24/2018 9:45:02 AM","7/9/2019 2:24:44 PM","8511488","2DYHPD2\User"
"C:\GCMSsolution\Data\Project1\STDs10degmin\Std3uL0.01Aug24_0.01C_08242018.qgd","8/24/2018 9:45:02 AM","7/9/2019 2:27:40 PM","8499200","2DYHPD2\User"
"C:\GCMSsolution\Data\Project1\STDs10degmin\STD3uL0.01Tendeg_08092018.qgd","8/9/2018 6:47:59 AM","7/9/2019 2:30:32 PM","8470528","2DYHPD2\User"
"C:\GCMSsolution\Data\Project1\STDs10degmin\Std3uL0.1Aug24_0.1A_08242018.qgd","8/24/2018 9:45:02 AM","7/9/2019 2:33:19 PM","8863744","2DYHPD2\User"
"C:\GCMSsolution\Data\Project1\STDs10degmin\Std3uL0.1Aug24_0.1B_08242018.qgd","8/24/2018 9:45:02 AM","7/9/2019 2:36:11 PM","8855552","2DYHPD2\User"
"C:\GCMSsolution\Data\Project1\STDs10degmin\Std3uL0.1Aug24_0.1C_08242018.qgd","8/24/2018 9:45:02 AM","7/9/2019 2:39:08 PM","8839168","2DYHPD2\User"
"C:\GCMSsolution\Data\Project1\STDs10degmin\STD3uL0.1Tendeg_08092018.qgd","8/9/2018 7:24:23 AM","7/9/2019 2:42:07 PM","8785920","2DYHPD2\User"
